date,open,high,low,close,volume
2015-01-05,4.57,4.66,4.36,4.54,2849420
2015-01-06,4.54,4.54,4.26,4.36,2944603
2015-01-07,4.38,4.53,4.37,4.46,1969432
2015-01-08,4.45,4.45,4.16,4.21,1924707
2015-01-09,4.18,4.32,4.11,4.12,1907004
2015-01-12,4.04,4.04,3.74,3.8,1888082
2015-01-13,3.81,3.88,3.79,3.83,891527
2015-01-14,3.83,3.87,3.66,3.73,963579
2015-01-15,3.74,3.96,3.71,3.95,1283040
2015-01-16,3.97,4.08,3.91,3.98,1211336
2015-01-19,3.59,3.77,3.32,3.37,2259174
2015-01-20,3.35,3.49,3.3,3.42,1533244
2015-01-21,3.43,3.65,3.36,3.63,1732855
2015-01-22,3.61,3.73,3.56,3.68,1526841
2015-01-23,3.66,3.74,3.53,3.58,1328867
2015-01-26,3.6,3.69,3.59,3.68,997413
2015-01-27,3.69,3.8,3.63,3.76,1594186
2015-01-28,3.74,3.76,3.61,3.63,960028
2015-01-29,3.58,3.64,3.52,3.54,948556
2015-01-30,3.57,3.62,3.51,3.53,980843
2015-02-02,3.47,3.53,3.42,3.44,672145
2015-02-03,3.47,3.54,3.43,3.53,601744
2015-02-04,3.54,3.58,3.49,3.49,633101
2015-02-05,3.59,3.61,3.43,3.43,869551
2015-02-06,3.4,3.43,3.19,3.24,968721
2015-02-09,3.24,3.27,3.17,3.21,506586
2015-02-10,3.21,3.36,3.2,3.31,554084
2015-02-11,3.33,3.44,3.31,3.38,609602
2015-02-12,3.39,3.48,3.32,3.41,639727
2015-02-13,3.44,3.52,3.42,3.46,711574
2015-02-16,3.46,3.53,3.46,3.48,485400
2015-02-17,3.5,3.52,3.48,3.49,470434
2015-02-25,3.51,3.53,3.42,3.44,596155
2015-02-26,3.44,3.74,3.43,3.74,1874200
2015-02-27,3.7,3.72,3.64,3.67,1070753
2015-03-02,3.71,3.87,3.67,3.76,1367334
2015-03-03,3.73,3.73,3.57,3.58,1203535
2015-03-04,3.6,3.74,3.57,3.68,991054
2015-03-05,3.64,3.68,3.58,3.66,883122
2015-03-06,3.66,3.69,3.61,3.63,666859
2015-03-09,3.6,3.69,3.52,3.69,966718
2015-03-10,3.67,3.73,3.65,3.67,850398
2015-03-11,3.67,3.72,3.61,3.63,815557
2015-03-12,3.63,3.69,3.59,3.66,796850
2015-03-13,3.69,3.76,3.67,3.71,1118813
2015-03-16,3.73,3.81,3.72,3.81,1422701
2015-03-17,3.83,4.14,3.83,4.0,2690852
2015-03-18,4.01,4.12,3.97,4.09,2073723
2015-03-19,4.1,4.31,4.03,4.17,2373144
2015-03-20,4.18,4.21,4.06,4.11,1752915
2015-03-23,4.16,4.25,4.12,4.21,2110953
2015-03-24,4.23,4.25,3.96,4.11,2509134
2015-03-25,4.1,4.29,4.03,4.21,2369494
2015-03-26,4.21,4.47,4.16,4.31,2883817
2015-03-27,4.34,4.39,4.23,4.28,1870661
2015-03-30,4.39,4.97,4.35,4.97,4976443
2015-03-31,5.21,5.21,4.71,4.73,5722010
2015-04-01,4.73,4.96,4.71,4.87,2702357
2015-04-02,4.88,4.9,4.7,4.81,2243650
2015-04-03,4.81,4.98,4.79,4.88,2408113
2015-04-07,5.02,5.37,5.02,5.14,3322640
2015-04-08,5.16,5.26,5.02,5.16,2969183
2015-04-09,5.18,5.21,4.76,4.88,2841948
2015-04-10,4.86,4.96,4.79,4.94,1929425
2015-04-13,4.96,5.17,4.89,5.11,3155859
2015-04-14,5.12,5.45,5.02,5.27,3716042
2015-04-15,5.15,5.15,4.82,4.89,3173733
2015-04-16,4.78,5.09,4.66,4.98,2389854
2015-04-17,5.02,5.65,4.99,5.4,5776143
2015-04-20,5.23,6.01,5.12,5.52,6498947
2015-04-21,5.5,5.58,5.27,5.57,3160893
2015-04-22,5.61,5.85,5.55,5.72,3398946
2015-04-23,5.74,5.8,5.56,5.68,3154514
2015-04-24,5.55,5.59,5.35,5.47,2791052
2015-04-27,5.79,5.79,5.51,5.74,3930241
2015-04-28,5.66,5.75,5.31,5.4,2967132
2015-04-29,5.36,5.53,5.21,5.41,2208795
2015-04-30,5.4,5.47,5.27,5.27,1901620
2015-05-04,5.29,5.49,5.28,5.39,1894720
2015-05-05,5.39,5.41,4.77,4.84,2839153
2015-05-06,4.86,5.06,4.54,4.59,2093138
2015-05-07,4.58,4.69,4.48,4.49,1493662
2015-05-08,4.6,4.67,4.49,4.67,1351254
2015-05-11,4.76,5.07,4.63,5.01,2421560
2015-05-12,4.96,5.05,4.92,4.99,1695336
2015-05-13,5.03,5.37,4.99,5.08,2570258
2015-05-14,5.08,5.08,4.84,4.94,1589206
2015-05-15,5.0,5.11,4.75,4.93,2125106
2015-05-18,4.94,5.04,4.82,4.83,1574038
2015-05-19,4.87,5.3,4.87,5.12,2612502
2015-05-20,5.13,5.24,5.06,5.1,2593430
2015-05-21,5.1,5.6,4.97,5.51,4133613
2015-05-22,5.58,5.63,5.36,5.52,3978732
2015-05-25,5.48,5.87,5.43,5.74,4013949
2015-05-26,5.84,5.97,5.61,5.88,4707614
2015-05-27,5.89,6.26,5.63,6.13,5673516
2015-05-28,6.21,7.0,5.91,6.06,8597858
2015-05-29,6.21,6.53,5.56,6.34,6700627
2015-06-02,7.23,7.23,7.23,7.23,295433
2015-06-03,8.21,8.21,7.28,7.79,8285642
2015-06-04,7.5,7.64,6.8,7.54,4562836
2015-06-05,7.61,7.75,7.31,7.52,4527814
2015-06-08,7.6,7.76,7.51,7.63,4160435
2015-06-09,7.68,7.72,7.33,7.42,3228036
2015-06-10,7.38,7.53,7.14,7.37,2445954
2015-06-11,7.37,7.58,7.3,7.5,2790796
2015-06-12,7.52,8.19,7.31,7.73,4903298
2015-06-15,7.61,7.66,7.37,7.39,2998406
2015-06-16,7.32,7.37,6.71,6.84,2518018
2015-06-17,6.77,6.97,6.41,6.91,2354732
2015-06-18,6.84,7.0,6.51,6.55,1787494
2015-06-19,6.42,6.53,5.71,5.74,2048981
2015-06-23,5.77,6.01,5.26,6.0,2197959
2015-06-24,6.09,6.28,6.0,6.25,2197917
2015-06-25,6.28,6.65,5.92,6.13,2526360
2015-06-26,5.91,6.13,5.26,5.37,2689279
2015-06-29,5.66,5.76,4.58,4.99,2831721
2015-06-30,5.01,5.56,4.57,5.52,2784957
2015-07-01,5.49,5.62,4.88,5.0,2199501
2015-07-02,5.09,5.2,4.38,4.48,2208133
2015-07-03,4.39,4.55,3.77,3.77,2508041
2015-07-06,4.36,4.36,3.42,3.85,2517471
2015-07-07,3.63,3.85,3.21,3.4,3073332
2015-07-08,2.82,3.0,2.8,2.8,3384475
2015-07-09,2.8,3.34,2.41,3.34,3217081
2015-07-10,3.46,3.93,3.4,3.93,3093601
2015-07-13,4.09,4.58,3.91,4.58,4330760
2015-07-14,4.32,4.71,4.02,4.12,3535559
2015-07-15,3.92,4.01,3.45,3.45,2375732
2015-07-16,3.45,3.76,3.18,3.57,1858686
2015-07-17,3.59,3.99,3.57,3.9,1857843
2015-07-20,3.89,4.06,3.77,3.9,1943455
2015-07-21,3.8,4.03,3.74,3.95,1537240
2015-07-22,3.95,4.02,3.77,3.95,1560137
2015-07-23,3.93,4.18,3.87,4.14,2212097
2015-07-24,4.11,4.32,3.91,3.96,2404434
2015-07-27,3.75,3.85,3.31,3.31,2163594
2015-07-28,3.16,3.34,2.79,3.26,1915267
2015-07-29,3.31,3.54,3.21,3.52,1305770
2015-07-30,3.48,3.63,3.26,3.28,1306709
2015-07-31,3.16,3.44,3.16,3.4,1008253
2015-08-03,3.31,3.8,3.29,3.8,1843018
2015-08-04,3.76,4.0,3.76,3.95,1610255
2015-08-05,3.91,4.51,3.85,4.02,2330646
2015-08-06,3.86,4.01,3.79,3.82,942203
2015-08-07,3.91,4.01,3.87,3.93,838003
2015-08-10,3.99,4.31,3.96,4.23,1665875
2015-08-11,4.72,4.91,4.54,4.91,6132198
2015-08-12,4.85,4.92,4.61,4.66,4313957
2015-08-13,4.57,5.06,4.49,4.97,3721953
2015-08-14,4.97,5.04,4.76,4.82,2907873
2015-08-17,4.85,5.1,4.78,4.92,2554809
2015-08-18,4.95,5.01,4.17,4.17,2928492
2015-08-19,3.95,4.45,3.67,4.37,2063105
2015-08-20,4.25,4.35,4.04,4.08,1344339
2015-08-21,3.96,4.07,3.64,3.71,1230777
2015-08-24,3.51,3.54,3.09,3.09,1350883
2015-08-25,2.55,2.82,2.53,2.53,1243136
2015-08-26,2.66,2.81,2.36,2.46,1628662
2015-08-27,2.49,2.71,2.46,2.71,1180800
2015-08-28,2.81,3.13,2.75,3.1,1529249
2015-08-31,2.96,3.21,2.76,3.21,1500652
2015-09-01,3.06,3.31,2.77,3.21,1670891
2015-09-02,2.96,3.22,2.81,2.81,843382
2015-09-07,2.91,3.1,2.81,2.85,703535
2015-09-08,2.82,3.05,2.73,3.03,632084
2015-09-09,3.07,3.24,3.03,3.15,1053885
2015-09-10,3.06,3.1,2.96,2.97,623109
2015-09-11,2.97,3.04,2.9,2.98,474323
2015-09-14,3.12,3.19,2.56,2.68,1080027
2015-09-15,2.54,2.65,2.28,2.34,1040457
2015-09-16,2.37,2.82,2.33,2.74,961379
2015-09-17,2.72,2.94,2.58,2.59,1101728
2015-09-18,2.61,2.69,2.57,2.64,550444
2015-09-21,2.59,2.78,2.56,2.75,677449
2015-09-22,2.75,2.83,2.71,2.76,732976
2015-09-23,2.67,2.73,2.59,2.61,608469
2015-09-24,2.62,2.71,2.61,2.65,393166
2015-09-25,2.63,2.68,2.47,2.5,577522
2015-09-28,2.51,2.54,2.47,2.53,360464
2015-09-29,2.47,2.48,2.37,2.41,417389
2015-09-30,2.44,2.49,2.42,2.45,278707
2015-10-08,2.61,2.67,2.56,2.6,561176
2015-10-09,2.6,2.75,2.59,2.68,688554
2015-10-12,2.68,2.95,2.66,2.88,1213904
2015-10-13,2.83,2.88,2.8,2.85,691815
2015-10-14,2.78,2.84,2.71,2.73,866809
2015-10-15,2.71,2.85,2.69,2.85,901819
2015-10-16,2.86,2.95,2.83,2.9,1281897
2015-10-19,2.92,2.94,2.79,2.84,997618
2015-10-20,2.84,2.94,2.82,2.94,1007024
2015-10-21,2.94,3.04,2.59,2.7,1511332
2015-10-22,2.66,2.77,2.62,2.76,995977
2015-10-23,2.77,2.81,2.7,2.79,955829
2015-10-26,2.87,3.01,2.8,2.88,1370722
2015-10-27,2.83,2.86,2.67,2.81,881203
2015-10-28,2.77,2.85,2.71,2.74,748060
2015-10-29,2.76,2.8,2.7,2.73,602526
2015-10-30,2.73,2.74,2.65,2.69,545279
2015-11-02,2.63,2.84,2.59,2.65,692097
2015-11-03,2.67,2.71,2.63,2.66,453372
2015-11-04,2.66,2.86,2.66,2.84,978753
2015-11-05,2.85,3.1,2.84,2.95,2177845
2015-11-06,2.94,3.03,2.91,2.99,1365667
2015-11-09,3.1,3.18,3.0,3.07,1682889
2015-11-10,3.06,3.12,2.99,3.07,1134593
2015-11-11,3.08,3.15,3.03,3.14,1097280
2015-11-12,3.16,3.18,3.01,3.05,976806
2015-11-13,2.99,3.02,2.91,2.91,813179
2015-11-16,2.85,2.95,2.81,2.95,552075
2015-11-17,2.98,3.09,2.96,2.98,970487
2015-11-18,2.98,3.09,2.92,2.99,904559
2015-11-19,3.0,3.06,2.97,3.05,703631
2015-11-20,3.04,3.18,3.02,3.11,1254983
2015-11-23,3.09,3.12,3.01,3.02,913467
2015-11-24,2.99,3.02,2.91,2.98,579852
2015-11-25,2.96,3.0,2.94,2.98,641602
2015-11-26,3.0,3.02,2.92,2.92,749078
2015-11-27,2.9,2.92,2.49,2.55,1085304
2015-11-30,2.57,2.62,2.4,2.56,774841
2015-12-01,2.56,2.65,2.5,2.64,550367
2015-12-02,2.62,3.16,2.59,3.16,3461362
2015-12-03,3.29,3.33,3.03,3.19,2565071
2015-12-04,3.13,3.15,3.03,3.09,1236741
2015-12-07,3.06,3.21,3.05,3.08,1122002
2015-12-08,3.05,3.06,2.77,2.81,1091037
2015-12-09,2.82,2.92,2.78,2.84,503867
2015-12-10,2.82,2.86,2.72,2.75,602278
2015-12-11,2.72,2.81,2.7,2.74,426715
2015-12-14,2.71,2.88,2.66,2.88,627305
2015-12-15,2.89,2.95,2.82,2.84,583787
2015-12-16,2.85,2.87,2.78,2.79,544367
2015-12-17,2.81,2.95,2.81,2.91,771261
2015-12-18,2.89,2.92,2.83,2.87,676244
2015-12-21,2.85,2.98,2.82,2.98,900037
2015-12-22,2.98,3.04,2.93,2.96,570981
2015-12-23,2.97,3.14,2.94,3.01,1286902
2015-12-24,3.03,3.11,2.94,3.04,1003090
2015-12-25,3.04,3.12,3.01,3.07,767300
2015-12-28,3.09,3.1,2.86,2.86,876118
2015-12-29,2.83,2.88,2.8,2.86,617024
2015-12-30,2.87,2.94,2.82,2.87,423375
2015-12-31,2.85,2.87,2.81,2.81,357407
2016-01-04,2.81,2.83,2.41,2.42,604672
2016-01-05,2.35,2.54,2.3,2.52,876025
2016-01-06,2.51,2.72,2.49,2.67,724045
2016-01-07,2.62,2.62,2.26,2.3,228043
2016-01-08,2.46,2.6,2.29,2.5,896717
2016-01-11,2.45,2.6,2.36,2.38,737036
2016-01-12,2.41,2.45,2.28,2.39,521575
2016-01-13,2.4,2.46,2.29,2.31,429509
2016-01-14,2.19,2.38,2.14,2.35,514591
2016-01-15,2.34,2.34,2.06,2.07,588313
2016-01-18,2.04,2.12,1.99,2.07,375630
2016-01-19,2.07,2.24,2.05,2.21,441346
2016-01-20,2.18,2.22,2.1,2.13,390490
2016-01-21,2.11,2.18,2.02,2.03,338669
2016-01-22,2.06,2.1,1.97,2.04,303675
2016-01-25,2.06,2.1,2.03,2.08,246941
2016-01-26,2.05,2.06,1.68,1.7,444944
2016-01-27,1.75,1.75,1.75,1.75,2770
2016-01-28,1.86,2.13,1.72,1.76,890260
2016-01-29,1.68,1.85,1.5,1.8,665822
2016-02-01,1.76,1.78,1.6,1.64,390965
2016-02-02,1.66,1.75,1.65,1.72,337478
2016-02-03,1.67,1.71,1.62,1.7,254505
2016-02-04,1.69,1.81,1.69,1.74,375307
2016-02-05,1.75,1.83,1.73,1.76,304333
2016-02-15,1.65,1.7,1.6,1.67,368549
2016-02-16,1.69,1.85,1.68,1.82,477660
2016-02-17,1.85,1.89,1.81,1.87,480368
2016-02-18,1.96,2.24,1.96,2.0,893463
2016-02-19,1.96,1.98,1.91,1.95,395051
2016-02-22,1.99,2.1,1.97,2.04,472262
2016-02-23,2.03,2.07,1.92,1.96,411691
2016-02-24,1.95,2.01,1.92,1.99,352193
2016-02-25,1.99,2.0,1.58,1.66,618653
2016-02-26,1.7,1.72,1.61,1.68,390212
2016-02-29,1.67,1.67,1.48,1.55,464048
2016-03-01,1.59,1.65,1.54,1.62,374985
2016-03-02,1.62,1.88,1.61,1.85,857361
2016-03-03,1.83,1.97,1.83,1.86,665919
2016-03-04,1.85,2.15,1.82,1.94,1271251
2016-03-07,1.98,2.09,1.94,1.98,625925
2016-03-08,1.98,2.01,1.82,1.94,579340
2016-03-09,1.87,1.88,1.83,1.85,259134
2016-03-10,1.88,1.9,1.82,1.83,254640
2016-03-11,1.81,1.84,1.76,1.83,266102
2016-03-14,1.9,2.01,1.89,1.94,452201
2016-03-15,1.95,2.0,1.91,1.95,346466
2016-03-16,1.99,1.99,1.85,1.89,295222
2016-03-17,1.89,2.01,1.88,1.97,385215
2016-03-18,1.98,2.06,1.96,2.03,736152
2016-03-21,2.08,2.2,2.03,2.14,920394
2016-03-22,2.1,2.14,2.04,2.05,608972
2016-03-23,2.04,2.12,2.03,2.07,439136
2016-03-24,2.04,2.05,1.93,1.94,475271
2016-03-25,1.94,1.98,1.94,1.98,224187
2016-03-28,2.0,2.02,1.92,1.96,330866
2016-03-29,1.96,1.97,1.87,1.89,245236
2016-03-30,1.92,2.06,1.92,2.06,573264
2016-03-31,2.06,2.09,2.03,2.05,428356
2016-04-01,2.03,2.08,1.98,2.08,367214
2016-04-05,2.07,2.14,1.99,2.13,758686
2016-04-06,2.11,2.13,2.07,2.1,463976
2016-04-07,2.12,2.13,2.02,2.02,369207
2016-04-08,2.01,2.02,1.94,1.99,328490
2016-04-11,2.02,2.2,2.02,2.14,824523
2016-04-12,2.14,2.18,2.08,2.11,380509
2016-04-13,2.13,2.38,2.13,2.23,1184535
2016-04-14,2.24,2.27,2.19,2.26,426196
2016-04-15,2.23,2.26,2.15,2.18,716643
2016-04-18,2.13,2.14,2.01,2.04,708050
2016-04-19,2.06,2.07,2.0,2.05,377297
2016-04-20,2.06,2.07,1.79,1.89,801319
2016-04-21,1.86,1.93,1.83,1.86,388429
2016-04-22,1.85,1.88,1.83,1.87,260276
2016-04-25,1.86,1.87,1.8,1.84,191328
2016-04-26,1.84,1.88,1.82,1.86,200042
2016-04-27,1.86,1.88,1.82,1.83,214382
2016-04-28,1.83,1.85,1.73,1.79,341715
2016-04-29,1.78,1.8,1.72,1.74,456221
2016-05-03,1.74,1.83,1.72,1.82,360353
2016-05-04,1.8,1.84,1.78,1.82,268885
2016-05-05,1.81,1.83,1.78,1.81,253739
2016-05-06,1.81,1.82,1.71,1.72,334684
2016-05-09,1.71,1.71,1.56,1.58,449577
2016-05-10,1.58,1.61,1.53,1.58,302303
2016-05-11,1.59,1.62,1.56,1.58,239828
2016-05-12,1.53,1.58,1.5,1.57,283544
2016-05-13,1.56,1.64,1.54,1.58,240383
2016-05-16,1.57,1.6,1.52,1.59,215260
2016-05-17,1.6,1.61,1.54,1.57,210736
2016-05-18,1.56,1.56,1.49,1.52,352426
2016-05-19,1.52,1.55,1.5,1.51,219219
2016-05-20,1.5,1.53,1.47,1.52,184538
2016-05-23,1.53,1.55,1.52,1.54,176619
2016-05-24,1.54,1.55,1.51,1.52,186597
2016-05-25,1.52,1.58,1.52,1.53,212999
2016-05-26,1.53,1.55,1.49,1.55,200678
2016-05-27,1.54,1.55,1.5,1.52,278720
2016-05-30,1.5,1.52,1.48,1.49,289550
2016-05-31,1.5,1.62,1.48,1.62,554783
2016-06-01,1.61,1.62,1.59,1.6,320676
2016-06-02,1.59,1.61,1.58,1.59,230097
2016-06-03,1.6,1.61,1.57,1.6,259887
2016-06-06,1.6,1.61,1.57,1.59,229136
2016-06-07,1.59,1.6,1.57,1.58,168108
2016-06-08,1.58,1.58,1.53,1.55,222286
2016-06-13,1.53,1.53,1.47,1.47,324781
2016-06-14,1.59,1.66,1.58,1.63,822974
2016-06-15,1.56,1.66,1.54,1.65,659334
2016-06-16,1.63,1.64,1.58,1.59,395594
2016-06-17,1.59,1.62,1.58,1.59,299196
2016-06-20,1.6,1.6,1.53,1.55,246343
2016-06-21,1.57,1.58,1.53,1.53,267302
2016-06-22,1.54,1.56,1.53,1.56,176248
2016-06-23,1.55,1.56,1.53,1.54,192337
2016-06-24,1.55,1.56,1.48,1.51,309338
2016-06-27,1.5,1.55,1.49,1.55,219121
2016-06-28,1.54,1.56,1.52,1.56,249315
2016-06-29,1.56,1.64,1.56,1.6,386743
2016-06-30,1.6,1.6,1.57,1.59,246188
2016-07-01,1.58,1.61,1.57,1.58,213108
2016-07-04,1.57,1.64,1.57,1.63,477112
2016-07-05,1.63,1.78,1.62,1.69,858698
2016-07-06,1.67,1.68,1.63,1.66,391273
2016-07-07,1.65,1.67,1.64,1.67,285900
2016-07-08,1.68,1.68,1.64,1.66,215414
2016-07-11,1.66,1.7,1.65,1.66,350657
2016-07-12,1.66,1.73,1.65,1.72,527153
2016-07-13,1.71,1.77,1.71,1.75,646363
2016-07-14,1.75,1.76,1.71,1.74,279114
2016-07-15,1.72,1.75,1.71,1.72,365173
2016-07-18,1.71,1.71,1.66,1.67,319186
2016-07-19,1.67,1.7,1.66,1.67,222082
2016-07-20,1.69,1.71,1.68,1.68,242449
2016-07-21,1.69,1.72,1.68,1.69,229995
2016-07-22,1.68,1.7,1.66,1.67,199150
2016-07-25,1.67,1.7,1.65,1.7,211911
2016-07-26,1.69,1.72,1.68,1.72,259654
2016-07-27,1.71,1.75,1.61,1.63,566832
2016-07-28,1.62,1.66,1.61,1.65,284356
2016-07-29,1.64,1.65,1.62,1.64,193007
2016-08-01,1.64,1.64,1.59,1.62,278196
2016-08-02,1.61,1.63,1.6,1.63,143684
2016-08-03,1.62,1.63,1.61,1.62,174690
2016-08-04,1.63,1.64,1.61,1.63,145342
2016-08-05,1.62,1.64,1.61,1.63,148099
2016-08-08,1.63,1.66,1.61,1.66,182954
2016-08-09,1.65,1.69,1.65,1.68,221888
2016-08-10,1.67,1.71,1.67,1.68,319488
2016-08-11,1.68,1.72,1.65,1.66,334125
2016-08-12,1.67,1.7,1.65,1.7,296785
2016-08-15,1.7,1.81,1.69,1.8,911077
2016-08-16,1.8,1.9,1.79,1.82,954038
2016-08-17,1.83,1.87,1.79,1.81,484154
2016-08-18,1.79,1.85,1.79,1.82,364590
2016-08-19,1.82,1.87,1.77,1.87,560713
2016-08-22,1.87,1.97,1.82,1.94,976333
2016-08-23,1.92,1.94,1.89,1.93,551390
2016-08-24,1.92,1.93,1.85,1.87,351435
2016-08-25,1.84,1.87,1.82,1.86,382426
2016-08-26,1.88,1.89,1.84,1.87,384996
2016-08-29,1.86,1.9,1.84,1.86,226667
2016-08-30,1.85,1.88,1.84,1.85,203004
2016-08-31,1.85,1.86,1.8,1.83,311037
2016-09-01,1.82,1.83,1.8,1.8,188716
2016-09-02,1.8,1.82,1.79,1.8,188453
2016-09-05,1.81,1.9,1.81,1.86,372767
2016-09-06,1.89,2.06,1.87,2.0,1273428
2016-09-07,1.98,2.3,1.98,2.18,2176482
2016-09-08,2.15,2.22,2.1,2.15,753629
2016-09-09,2.15,2.28,2.13,2.16,852332
2016-09-12,2.08,2.21,2.03,2.11,864437
2016-09-13,2.14,2.22,2.03,2.11,535881
2016-09-14,2.09,2.1,2.03,2.07,349589
2016-09-19,2.06,2.19,2.06,2.16,511177
2016-09-20,2.14,2.18,2.07,2.09,327068
2016-09-21,2.1,2.23,2.09,2.16,564716
2016-09-22,2.16,2.22,2.15,2.17,324483
2016-09-23,2.16,2.27,2.15,2.26,706689
2016-09-26,2.23,2.4,2.22,2.24,859877
2016-09-27,2.21,2.37,2.2,2.36,807295
2016-09-28,2.31,2.35,2.27,2.28,320344
2016-09-29,2.29,2.32,2.21,2.23,331890
2016-09-30,2.26,2.29,2.22,2.24,278691
2016-10-10,2.25,2.29,2.14,2.2,670485
2016-10-11,2.19,2.23,2.17,2.2,345781
2016-10-12,2.2,2.2,2.12,2.13,345498
2016-10-13,2.16,2.19,2.1,2.15,485650
2016-10-14,2.14,2.17,2.08,2.13,385114
2016-10-17,2.13,2.14,2.08,2.1,411097
2016-10-18,2.09,2.23,2.09,2.22,662313
2016-10-19,2.21,2.22,2.13,2.14,438217
2016-10-20,2.15,2.16,2.09,2.1,405371
2016-10-21,2.1,2.27,2.08,2.16,979329
2016-10-24,2.16,2.26,2.14,2.2,585114
2016-10-25,2.2,2.24,2.15,2.18,405898
2016-10-26,2.18,2.19,2.11,2.14,365108
2016-10-27,2.13,2.14,2.09,2.12,240281
2016-10-28,2.12,2.16,2.07,2.09,307694
2016-10-31,2.09,2.19,2.05,2.18,577662
2016-11-01,2.17,2.17,2.13,2.14,238165
2016-11-02,2.13,2.17,2.09,2.11,254152
2016-11-03,2.08,2.15,2.07,2.11,354543
2016-11-04,2.1,2.16,2.1,2.13,395492
2016-11-07,2.12,2.17,2.12,2.13,242686
2016-11-08,2.15,2.17,2.12,2.15,308678
2016-11-09,2.15,2.21,2.12,2.16,640566
2016-11-10,2.22,2.47,2.22,2.37,1402501
2016-11-11,2.37,2.53,2.33,2.44,1133105
2016-11-14,2.42,2.67,2.39,2.54,1315824
2016-11-15,2.55,2.56,2.4,2.45,857467
2016-11-16,2.43,2.45,2.36,2.42,470038
2016-11-17,2.4,2.48,2.36,2.45,418168
2016-11-18,2.49,2.54,2.37,2.39,525167
2016-11-21,2.38,2.46,2.36,2.42,400229
2016-11-22,2.42,2.47,2.39,2.46,469783
2016-11-23,2.46,2.48,2.41,2.42,348922
2016-11-24,2.41,2.48,2.38,2.4,316104
2016-11-25,2.41,2.46,2.37,2.41,506522
2016-11-28,2.43,2.52,2.42,2.5,873407
2016-11-29,2.48,2.59,2.45,2.53,1049202
2016-11-30,2.5,2.5,2.33,2.37,854370
2016-12-01,2.36,2.38,2.33,2.38,528639
2016-12-02,2.37,2.37,2.26,2.27,695339
2016-12-05,2.21,2.25,2.15,2.17,514359
2016-12-06,2.18,2.23,2.16,2.17,411208
2016-12-07,2.18,2.25,2.16,2.24,419271
2016-12-08,2.28,2.33,2.24,2.27,472524
2016-12-09,2.26,2.29,2.23,2.27,241938
2016-12-12,2.26,2.31,2.08,2.1,491235
2016-12-13,2.09,2.12,2.01,2.1,344203
2016-12-14,2.1,2.16,2.07,2.13,329264
2016-12-15,2.11,2.18,2.09,2.16,288228
2016-12-16,2.14,2.19,2.13,2.18,180478
2016-12-19,2.17,2.18,2.12,2.14,224341
2016-12-20,2.14,2.15,2.07,2.09,194283
2016-12-21,2.1,2.13,2.09,2.12,195842
2016-12-22,2.12,2.14,2.09,2.13,250909
2016-12-23,2.13,2.13,2.06,2.09,195271
2016-12-26,2.09,2.11,2.05,2.1,172550
2016-12-27,2.13,2.17,2.12,2.13,257749
2016-12-28,2.12,2.14,2.1,2.13,145504
2016-12-29,2.13,2.22,2.11,2.2,339475
2016-12-30,2.18,2.2,2.14,2.15,187623
2017-01-03,2.16,2.19,2.13,2.15,392802
2017-01-04,2.16,2.19,2.14,2.19,242943
2017-01-05,2.19,2.32,2.17,2.26,653567
2017-01-06,2.24,2.26,2.21,2.23,240788
2017-01-09,2.23,2.3,2.23,2.27,307445
2017-01-10,2.3,2.31,2.25,2.26,175447
2017-01-11,2.26,2.29,2.21,2.21,192443
2017-01-12,2.22,2.24,2.17,2.17,179620
2017-01-13,2.18,2.2,2.12,2.13,198321
2017-01-16,2.13,2.14,1.96,2.05,351102
2017-01-17,2.05,2.09,2.03,2.09,171675
2017-01-18,2.08,2.12,2.05,2.09,198767
2017-01-19,2.08,2.12,2.06,2.08,161178
2017-01-20,2.07,2.13,2.06,2.13,146515
2017-01-23,2.12,2.22,2.11,2.18,319344
2017-01-24,2.18,2.22,2.15,2.21,274767
2017-01-25,2.18,2.22,2.14,2.16,220564
2017-01-26,2.16,2.19,2.14,2.16,174612
2017-02-03,2.16,2.17,2.1,2.12,169814
2017-02-06,2.13,2.21,2.12,2.19,262424
2017-02-07,2.19,2.29,2.18,2.24,623391
2017-02-08,2.23,2.25,2.17,2.25,341225
2017-02-09,2.25,2.32,2.23,2.27,566744
2017-02-10,2.27,2.61,2.26,2.44,1406553
2017-02-13,2.43,2.48,2.38,2.41,791871
2017-02-14,2.42,2.43,2.34,2.4,619061
2017-02-15,2.4,2.42,2.31,2.33,493978
2017-02-16,2.32,2.42,2.32,2.39,451285
2017-02-17,2.37,2.42,2.31,2.33,324817
2017-02-20,2.34,2.49,2.33,2.47,812545
2017-02-21,2.47,2.49,2.4,2.45,417688
2017-02-22,2.45,2.55,2.42,2.52,895158
2017-02-23,2.53,2.68,2.49,2.52,1189015
2017-02-24,2.51,2.57,2.46,2.56,599087
2017-02-27,2.54,2.61,2.43,2.44,602959
2017-02-28,2.45,2.47,2.42,2.45,250101
2017-03-01,2.46,2.5,2.42,2.44,337381
2017-03-02,2.45,2.61,2.42,2.45,620172
2017-03-03,2.45,2.47,2.38,2.41,600472
2017-03-06,2.41,2.46,2.4,2.43,476352
2017-03-07,2.43,2.48,2.41,2.48,518241
2017-03-08,2.5,2.52,2.43,2.44,497722
2017-03-09,2.43,2.44,2.33,2.37,429741
2017-03-10,2.37,2.45,2.37,2.39,482208
2017-03-13,2.41,2.47,2.38,2.46,528493
2017-03-14,2.45,2.48,2.4,2.41,358690
2017-03-15,2.41,2.51,2.38,2.5,596864
2017-03-16,2.54,2.54,2.46,2.51,447517
2017-03-17,2.52,2.54,2.42,2.43,375108
2017-03-20,2.43,2.46,2.39,2.45,280654
2017-03-21,2.43,2.45,2.38,2.41,343755
2017-03-22,2.37,2.51,2.36,2.44,605243
2017-03-23,2.41,2.45,2.37,2.43,397389
2017-03-24,2.42,2.52,2.38,2.5,677603
2017-03-27,2.51,2.53,2.43,2.44,477246
2017-03-28,2.42,2.48,2.42,2.44,333305
2017-03-29,2.44,2.54,2.37,2.47,923173
2017-03-30,2.45,2.58,2.42,2.46,960720
2017-03-31,2.41,2.42,2.37,2.39,640623
2017-04-05,2.61,2.66,2.43,2.45,1089063
2017-04-06,2.45,2.53,2.42,2.5,795973
2017-04-07,2.51,2.53,2.46,2.49,594112
2017-04-10,2.47,2.54,2.46,2.48,600878
2017-04-11,2.49,2.68,2.48,2.65,1731021
2017-04-12,2.63,2.63,2.53,2.54,981863
2017-04-13,2.54,2.56,2.51,2.54,474531
2017-04-14,2.54,2.56,2.39,2.4,812010
2017-04-17,2.41,2.41,2.29,2.34,591553
2017-04-18,2.34,2.36,2.28,2.28,421368
2017-04-19,2.27,2.29,2.15,2.19,601036
2017-04-20,2.2,2.22,2.14,2.19,491567
2017-04-21,2.2,2.21,2.16,2.18,281906
2017-04-24,2.18,2.19,2.06,2.06,490893
2017-04-25,2.07,2.13,2.06,2.08,273199
2017-04-26,2.1,2.13,2.08,2.11,233650
2017-04-27,2.11,2.15,2.02,2.13,410090
2017-04-28,2.11,2.13,2.07,2.1,405172
2017-05-02,2.09,2.13,2.07,2.12,268110
2017-05-03,2.11,2.15,2.1,2.11,282985
2017-05-04,2.11,2.15,2.07,2.1,353864
2017-05-05,2.09,2.09,1.99,2.0,474504
2017-05-08,1.96,2.01,1.93,1.95,311543
2017-05-09,1.94,2.0,1.94,1.99,246123
2017-05-10,1.99,2.02,1.86,1.86,420318
2017-05-11,1.84,1.88,1.73,1.86,436839
2017-05-12,1.84,1.89,1.83,1.88,224065
2017-05-15,1.91,1.92,1.85,1.86,221317
2017-05-16,1.85,1.9,1.81,1.9,329624
2017-05-17,1.9,1.96,1.88,1.95,395228
2017-05-18,1.92,1.94,1.86,1.89,276706
2017-05-19,1.87,1.9,1.86,1.88,185612
2017-05-22,2.13,2.13,1.87,1.91,1067681
2017-05-23,1.91,1.92,1.83,1.84,429112
2017-05-24,1.82,1.93,1.78,1.93,399522
2017-05-25,1.96,2.02,1.93,2.0,545988
2017-05-26,2.0,2.07,1.98,2.0,410608
2017-05-31,2.01,2.04,1.99,2.0,309301
2017-06-01,2.0,2.01,1.96,1.97,263848
2017-06-02,1.97,2.01,1.93,2.0,230844
2017-06-05,2.0,2.02,1.98,2.0,213905
2017-06-06,2.0,2.01,1.99,2.01,127869
2017-06-07,2.0,2.06,2.0,2.06,319090
2017-06-08,2.05,2.06,2.03,2.03,235200
2017-06-09,2.03,2.08,2.02,2.07,397908
2017-06-12,2.04,2.05,2.0,2.0,309003
2017-06-13,2.0,2.04,2.0,2.02,204241
2017-06-14,2.02,2.03,2.0,2.01,201670
2017-06-15,2.0,2.03,1.99,2.02,192170
2017-06-16,2.01,2.02,2.0,2.0,130650
2017-06-19,2.01,2.03,2.0,2.03,186205
2017-06-20,2.03,2.03,2.01,2.01,159027
2017-06-21,2.03,2.04,2.01,2.03,225551
2017-06-22,2.02,2.09,2.02,2.03,439778
2017-06-23,2.02,2.05,2.0,2.03,313645
2017-06-26,2.03,2.19,2.03,2.14,723552
2017-06-27,2.11,2.14,2.1,2.12,355499
2017-06-28,2.12,2.16,2.11,2.13,273189
2017-06-29,2.13,2.15,2.12,2.14,254653
2017-06-30,2.12,2.12,2.07,2.1,314557
2017-07-03,2.1,2.13,2.09,2.13,211668
2017-07-04,2.13,2.13,2.09,2.11,240995
2017-07-05,2.1,2.12,2.07,2.12,298075
2017-07-06,2.12,2.12,2.09,2.11,230291
2017-07-07,2.1,2.13,2.1,2.12,270585
2017-07-10,2.11,2.19,2.11,2.17,563941
2017-07-11,2.16,2.18,2.13,2.13,308884
2017-07-12,2.13,2.14,2.08,2.11,389035
2017-07-13,2.11,2.19,2.11,2.18,508719
2017-07-14,2.18,2.21,2.15,2.21,452291
2017-07-17,2.3,2.3,2.09,2.18,1101400
2017-07-18,2.16,2.28,2.15,2.28,765192
2017-07-19,2.28,2.38,2.27,2.37,1010228
2017-07-20,2.37,2.39,2.33,2.35,538137
2017-07-21,2.34,2.52,2.33,2.4,738214
2017-07-24,2.41,2.47,2.38,2.43,579679
2017-07-25,2.43,2.43,2.3,2.35,622173
2017-07-26,2.34,2.38,2.3,2.33,412703
2017-07-27,2.34,2.36,2.29,2.33,405589
2017-07-28,2.32,2.33,2.28,2.29,308205
2017-07-31,2.31,2.41,2.29,2.4,558555
2017-08-01,2.41,2.46,2.38,2.42,577442
2017-08-02,2.41,2.45,2.37,2.4,395028
2017-08-03,2.4,2.51,2.39,2.51,768817
2017-08-04,2.5,2.57,2.48,2.49,749908
2017-08-07,2.5,2.59,2.44,2.56,579342
2017-08-08,2.56,2.58,2.47,2.5,464745
2017-08-09,2.51,2.58,2.47,2.54,654043
2017-08-10,2.51,2.54,2.41,2.45,516869
2017-08-11,2.42,2.44,2.26,2.27,677907
2017-08-14,2.27,2.36,2.27,2.35,340725
2017-08-15,2.34,2.35,2.3,2.32,269772
2017-08-16,2.32,2.33,2.29,2.32,196286
2017-08-17,2.33,2.36,2.31,2.35,290389
2017-08-18,2.33,2.34,2.29,2.31,302851
2017-08-21,2.33,2.39,2.33,2.38,337484
2017-08-22,2.39,2.4,2.36,2.38,203154
2017-08-23,2.38,2.39,2.34,2.36,186595
2017-08-24,2.36,2.38,2.34,2.37,228627
2017-08-25,2.37,2.42,2.33,2.41,367851
2017-08-28,2.4,2.46,2.4,2.44,375786
2017-08-29,2.44,2.46,2.41,2.43,293621
2017-08-30,2.4,2.4,2.32,2.4,535625
2017-08-31,2.36,2.39,2.31,2.35,666925
2017-09-01,2.33,2.37,2.33,2.37,479749
2017-09-04,2.35,2.37,2.33,2.35,329350
2017-09-05,2.35,2.36,2.32,2.33,316532
2017-09-06,2.33,2.37,2.32,2.36,322406
2017-09-07,2.36,2.37,2.33,2.34,288261
2017-09-08,2.34,2.36,2.32,2.33,215652
2017-09-11,2.33,2.36,2.31,2.35,318796
2017-09-12,2.35,2.38,2.33,2.36,522493
2017-09-13,2.35,2.37,2.34,2.35,248472
2017-09-14,2.35,2.38,2.34,2.36,329895
2017-09-15,2.36,2.39,2.35,2.37,343842
2017-09-18,2.37,2.39,2.36,2.38,302961
2017-09-19,2.38,2.38,2.33,2.34,369368
2017-09-20,2.34,2.35,2.31,2.32,252135
2017-09-21,2.32,2.33,2.29,2.29,261078
2017-09-22,2.29,2.29,2.24,2.25,291010
2017-09-25,2.25,2.25,2.18,2.19,246391
2017-09-26,2.19,2.23,2.19,2.21,232074
2017-09-27,2.21,2.26,2.2,2.24,189411
2017-09-28,2.24,2.25,2.22,2.23,172525
2017-09-29,2.24,2.26,2.22,2.24,199126
2017-10-09,2.3,2.39,2.3,2.37,665785
2017-10-10,2.38,2.48,2.36,2.44,799675
2017-10-11,2.43,2.46,2.39,2.45,464303
2017-10-12,2.44,2.45,2.41,2.45,302115
2017-10-13,2.44,2.51,2.42,2.48,459492
2017-10-16,2.48,2.5,2.43,2.44,406190
2017-10-17,2.43,2.48,2.42,2.44,253894
2017-10-18,2.44,2.45,2.37,2.38,328131
2017-10-19,2.38,2.39,2.28,2.29,329266
2017-10-20,2.29,2.34,2.27,2.32,199911
2017-10-23,2.34,2.4,2.3,2.39,351440
2017-10-24,2.41,2.42,2.35,2.39,222842
2017-10-25,2.39,2.45,2.36,2.44,410525
2017-10-26,2.43,2.49,2.41,2.47,528959
2017-10-27,2.45,2.47,2.41,2.42,327092
2017-10-30,2.42,2.44,2.31,2.36,415511
2017-10-31,2.36,2.41,2.35,2.4,322133
2017-11-01,2.4,2.42,2.36,2.37,394857
2017-11-02,2.37,2.37,2.26,2.26,465280
2017-11-03,2.27,2.29,2.2,2.23,359583
2017-11-06,2.24,2.3,2.2,2.29,307666
2017-11-07,2.29,2.32,2.27,2.31,278948
2017-11-08,2.31,2.33,2.29,2.32,330223
2017-11-09,2.31,2.34,2.29,2.32,210005
2017-11-10,2.31,2.38,2.29,2.36,473278
2017-11-13,2.35,2.39,2.31,2.34,356125
2017-11-14,2.33,2.34,2.26,2.27,369878
2017-11-15,2.27,2.3,2.24,2.25,222053
2017-11-16,2.25,2.27,2.23,2.25,214791
2017-11-17,2.24,2.31,2.2,2.21,515352
2017-11-20,2.2,2.2,2.12,2.19,386438
2017-11-21,2.18,2.25,2.17,2.25,308088
2017-11-22,2.24,2.25,2.21,2.23,262638
2017-11-23,2.22,2.27,2.17,2.17,297475
2017-11-24,2.16,2.2,2.14,2.17,200212
2017-11-27,2.16,2.18,2.14,2.15,169876
2017-11-28,2.15,2.18,2.14,2.17,180291
2017-11-29,2.18,2.25,2.14,2.23,335127
2017-11-30,2.21,2.22,2.15,2.16,271252
2017-12-01,2.16,2.19,2.15,2.17,167410
2017-12-04,2.16,2.17,2.13,2.14,226102
2017-12-05,2.14,2.14,1.98,2.0,510178
2017-12-06,1.99,2.01,1.96,2.01,310791
2017-12-07,2.01,2.03,1.99,2.01,215516
2017-12-08,2.0,2.03,1.98,2.01,202942
2017-12-11,2.0,2.05,1.99,2.04,285329
2017-12-12,2.04,2.07,1.99,2.0,219722
2017-12-13,2.0,2.02,1.99,2.02,151217
2017-12-14,2.01,2.1,2.0,2.05,335847
2017-12-15,2.03,2.04,2.0,2.02,202533
2017-12-18,2.01,2.05,2.0,2.03,154921
2017-12-19,2.03,2.06,2.02,2.05,173610
2017-12-20,2.05,2.06,2.0,2.01,161105
2017-12-21,2.02,2.05,1.98,2.03,239790
2017-12-22,2.04,2.04,2.0,2.01,174083
2017-12-25,2.02,2.07,2.01,2.03,260596
2017-12-26,2.04,2.3,2.01,2.25,985285
2017-12-27,2.21,2.26,2.16,2.17,656081
2017-12-28,2.18,2.29,2.14,2.22,541223
2017-12-29,2.21,2.25,2.19,2.23,262245
2018-01-02,2.21,2.35,2.21,2.31,663219
2018-01-03,2.3,2.31,2.27,2.29,427467
2018-01-04,2.28,2.28,2.22,2.27,412948
2018-01-05,2.26,2.4,2.23,2.33,896498
2018-01-08,2.32,2.48,2.3,2.42,1043006
2018-01-09,2.42,2.45,2.36,2.39,415452
2018-01-10,2.4,2.42,2.33,2.38,383301
2018-01-11,2.37,2.37,2.3,2.34,352732
2018-01-12,2.33,2.36,2.31,2.31,269220
2018-01-15,2.31,2.33,2.23,2.25,481723
2018-01-16,2.27,2.34,2.24,2.34,506533
2018-01-17,2.34,2.35,2.25,2.32,564422
2018-01-18,2.31,2.37,2.28,2.37,433836
2018-01-19,2.43,2.46,2.37,2.37,708817
2018-01-22,2.37,2.42,2.31,2.42,553113
2018-01-23,2.41,2.44,2.37,2.41,508148
2018-01-24,2.41,2.43,2.35,2.39,452136
2018-01-25,2.38,2.47,2.36,2.43,780557
2018-01-26,2.41,2.44,2.38,2.39,494831
2018-01-29,2.39,2.43,2.29,2.31,592245
2018-01-30,2.27,2.31,2.24,2.26,388855
2018-01-31,2.26,2.28,2.23,2.25,345407
2018-02-01,2.25,2.26,2.08,2.11,663756
2018-02-02,2.11,2.15,2.02,2.13,390344
2018-02-05,2.07,2.18,2.06,2.17,317487
2018-02-06,2.11,2.16,2.03,2.03,477450
2018-02-07,2.08,2.14,1.96,2.05,411596
2018-02-08,2.03,2.11,2.01,2.09,357823
2018-02-09,2.0,2.03,1.86,1.91,554807
2018-02-12,1.93,1.98,1.92,1.97,217888
2018-02-13,2.0,2.04,1.98,2.0,197164
2018-02-14,1.99,2.01,1.97,2.0,165958
2018-02-22,2.02,2.06,2.02,2.04,249280
2018-02-23,2.04,2.06,2.02,2.04,152463
2018-02-26,2.05,2.12,2.05,2.09,308989
2018-02-27,2.09,2.1,2.04,2.05,227826
2018-02-28,2.04,2.05,1.99,2.04,180663
2018-03-01,2.01,2.05,2.0,2.04,240587
2018-03-02,2.02,2.04,2.01,2.01,183374
2018-03-05,2.01,2.03,2.0,2.02,141456
2018-03-06,2.02,2.08,2.01,2.07,299394
2018-03-07,2.06,2.12,2.05,2.07,298512
2018-03-08,2.06,2.09,2.05,2.08,176708
2018-03-09,2.09,2.09,2.06,2.09,212735
2018-03-12,2.1,2.11,2.08,2.11,262385
2018-03-13,2.11,2.12,2.06,2.07,221499
2018-03-14,2.07,2.07,2.04,2.05,152996
2018-03-15,2.04,2.06,2.01,2.03,163347
2018-03-16,2.03,2.05,2.02,2.03,133700
2018-03-19,2.03,2.04,2.01,2.02,106393
2018-03-20,2.01,2.02,1.98,2.01,157341
2018-03-21,2.01,2.04,2.0,2.01,151901
2018-03-22,2.0,2.02,1.98,1.99,160957
2018-03-23,1.91,1.98,1.79,1.98,682775
2018-03-26,1.9,1.95,1.86,1.94,214420
2018-03-27,1.97,1.98,1.94,1.96,202199
2018-03-28,1.93,1.95,1.91,1.95,171881
2018-03-29,1.94,2.0,1.94,1.97,238312
2018-03-30,2.0,2.01,1.96,1.97,152066
2018-04-02,2.01,2.01,1.97,1.99,237520
2018-04-03,1.94,1.97,1.93,1.97,209694
2018-04-04,1.98,2.0,1.94,1.96,197136
2018-04-09,1.95,1.96,1.89,1.91,272221
2018-04-10,1.92,1.96,1.91,1.95,197952
2018-04-11,1.96,1.97,1.94,1.96,206452
2018-04-12,1.95,1.96,1.92,1.93,143837
2018-04-13,1.95,1.96,1.92,1.93,115948
2018-04-16,1.95,1.98,1.92,1.93,244262
2018-04-17,1.94,1.95,1.9,1.91,161704
2018-04-18,1.94,1.94,1.88,1.92,185622
2018-04-19,1.92,1.94,1.91,1.93,156356
2018-04-20,1.93,1.93,1.87,1.9,239849
2018-04-23,1.89,1.91,1.87,1.9,161436
2018-04-24,1.89,1.95,1.88,1.94,241139
2018-04-25,1.93,1.94,1.91,1.94,141089
2018-04-26,1.93,1.95,1.9,1.92,165229
2018-04-27,1.92,1.96,1.9,1.96,229645
2018-05-02,1.95,1.98,1.93,1.97,265053
2018-05-03,1.95,2.0,1.94,1.99,275983
2018-05-04,1.98,2.0,1.97,1.99,162777
2018-05-07,1.99,2.03,1.99,2.02,260222
2018-05-08,2.01,2.02,1.99,2.0,210199
2018-05-09,2.01,2.02,1.99,2.01,181828
2018-05-10,2.01,2.03,2.01,2.03,197181
2018-05-11,2.04,2.04,2.0,2.0,183956
2018-05-14,2.0,2.02,1.99,2.0,172364
2018-05-15,2.01,2.09,2.0,2.08,460118
2018-05-16,2.07,2.07,2.03,2.04,232502
2018-05-17,2.04,2.05,2.01,2.02,162916
2018-05-18,2.03,2.06,2.01,2.05,157422
2018-05-21,2.07,2.09,2.05,2.07,221383
2018-05-22,2.07,2.08,2.04,2.07,154302
2018-05-23,2.06,2.07,2.03,2.03,147223
2018-05-24,2.02,2.04,2.01,2.01,121747
2018-05-25,2.01,2.02,1.99,2.0,123897
2018-05-28,2.0,2.0,1.96,1.97,145436
2018-05-29,1.97,1.98,1.94,1.94,134472
2018-05-30,1.91,1.91,1.83,1.85,320144
2018-05-31,1.86,1.93,1.83,1.93,322592
2018-06-01,1.92,1.99,1.88,1.97,348797
2018-06-04,1.96,1.99,1.92,1.97,203390
2018-06-05,1.97,1.97,1.91,1.96,160828
2018-06-06,1.95,1.98,1.91,1.96,134253
2018-06-07,1.97,1.99,1.96,1.97,132520
2018-06-08,1.96,1.96,1.88,1.9,165817
2018-06-11,1.89,1.91,1.86,1.87,143111
2018-06-12,1.88,1.98,1.87,1.97,274791
2018-06-13,1.96,1.96,1.92,1.93,136602
2018-06-14,1.92,1.96,1.89,1.93,145991
2018-06-15,1.93,1.93,1.88,1.92,160055
2018-06-19,1.87,1.89,1.73,1.78,497084
2018-06-20,1.76,1.83,1.75,1.8,191137
2018-06-21,1.8,1.87,1.78,1.79,183756
2018-06-22,1.77,1.86,1.75,1.85,193308
2018-06-25,1.87,1.88,1.84,1.85,168485
2018-06-26,1.82,1.85,1.79,1.84,138127
2018-06-27,1.83,1.88,1.82,1.83,142840
2018-06-28,1.82,1.85,1.79,1.8,133443
2018-06-29,1.81,1.88,1.8,1.87,142310
2018-07-02,1.86,1.91,1.79,1.82,183829
2018-07-03,1.8,1.85,1.8,1.85,160205
2018-07-04,1.84,1.85,1.8,1.81,130460
2018-07-05,1.8,1.82,1.76,1.8,180971
2018-07-06,1.79,1.81,1.68,1.74,257689
2018-07-09,1.74,1.8,1.73,1.8,154659
2018-07-10,1.8,1.8,1.77,1.79,112999
2018-07-11,1.76,1.76,1.69,1.74,157594
2018-07-12,1.72,1.8,1.71,1.79,171348
2018-07-13,1.79,1.8,1.77,1.78,119618
2018-07-16,1.78,1.81,1.77,1.79,127878
2018-07-17,1.79,1.79,1.74,1.77,126286
2018-07-18,1.78,1.8,1.77,1.77,108807
2018-07-19,1.76,1.79,1.75,1.77,86580
2018-07-20,1.76,1.8,1.73,1.78,172037
2018-07-23,1.77,1.84,1.77,1.83,254243
2018-07-24,1.83,1.98,1.82,1.91,597295
2018-07-25,1.88,2.01,1.87,1.95,439330
2018-07-26,1.93,1.98,1.91,1.92,224548
2018-07-27,1.92,1.95,1.91,1.93,151729
2018-07-30,1.94,1.97,1.9,1.91,215761
2018-07-31,1.93,1.95,1.91,1.94,192656
2018-08-01,1.94,1.99,1.88,1.89,301839
2018-08-02,1.86,1.88,1.74,1.84,335974
2018-08-03,1.83,1.85,1.8,1.8,153666
2018-08-06,1.8,1.84,1.76,1.77,187204
2018-08-07,1.78,1.93,1.77,1.92,353199
2018-08-08,1.91,1.93,1.87,1.89,261776
2018-08-09,1.9,1.96,1.87,1.93,288361
2018-08-10,1.92,1.94,1.91,1.93,162617
2018-08-13,1.91,1.94,1.86,1.94,202085
2018-08-14,1.93,1.94,1.91,1.93,121110
2018-08-15,1.93,1.94,1.88,1.88,141369
2018-08-16,1.84,1.89,1.83,1.86,122013
2018-08-17,1.88,1.89,1.82,1.82,147624
2018-08-20,1.84,1.89,1.82,1.87,180655
2018-08-21,1.87,1.91,1.86,1.89,146506
2018-08-22,1.89,1.9,1.87,1.88,146023
2018-08-23,1.88,1.92,1.87,1.9,203945
2018-08-24,1.91,1.92,1.89,1.91,219000
2018-08-27,1.92,1.95,1.91,1.95,269136
2018-08-28,1.95,1.95,1.92,1.93,162237
2018-08-29,1.94,1.94,1.9,1.92,120208
2018-08-30,1.92,1.92,1.85,1.87,200495
2018-08-31,1.83,1.84,1.79,1.83,249471
2018-09-03,1.81,1.81,1.75,1.79,169006
2018-09-04,1.78,1.81,1.77,1.8,162573
2018-09-05,1.79,1.79,1.71,1.73,229769
2018-09-06,1.72,1.75,1.68,1.69,191827
2018-09-07,1.7,1.73,1.66,1.68,170899
2018-09-10,1.68,1.69,1.64,1.65,127882
2018-09-11,1.65,1.68,1.63,1.68,121495
2018-09-12,1.67,1.68,1.65,1.67,72710
2018-09-13,1.68,1.7,1.66,1.68,93795
2018-09-14,1.69,1.69,1.64,1.66,129472
2018-09-17,1.65,1.66,1.59,1.6,130068
2018-09-18,1.6,1.64,1.56,1.64,180787
2018-09-19,1.63,1.69,1.62,1.68,156319
2018-09-20,1.67,1.69,1.66,1.67,97764
2018-09-21,1.68,1.72,1.67,1.72,149447
2018-09-25,1.7,1.71,1.68,1.7,99967
2018-09-26,1.7,1.74,1.69,1.7,157589
2018-09-27,1.71,1.72,1.68,1.69,124669
2018-09-28,1.7,1.72,1.69,1.7,137450
2018-10-08,1.67,1.68,1.58,1.59,204947
2018-10-09,1.59,1.61,1.57,1.59,144737
2018-10-10,1.58,1.62,1.58,1.6,112860
2018-10-11,1.54,1.54,1.26,1.3,329840
2018-10-12,1.28,1.3,1.17,1.26,262835
2018-10-15,1.28,1.29,1.21,1.21,146981
2018-10-16,1.22,1.27,1.17,1.21,128555
2018-10-17,1.23,1.25,1.2,1.22,125229
2018-10-18,1.21,1.22,1.15,1.16,147451
2018-10-19,1.14,1.22,1.11,1.21,191144
2018-10-22,1.22,1.36,1.2,1.32,281529
2018-10-23,1.32,1.33,1.25,1.27,156022
2018-10-24,1.25,1.32,1.23,1.28,126617
2018-10-25,1.22,1.27,1.17,1.27,136306
2018-10-26,1.28,1.32,1.27,1.28,127746
2018-10-29,1.24,1.25,1.21,1.22,137485
2018-10-30,1.2,1.27,1.19,1.26,131311
2018-10-31,1.26,1.33,1.26,1.3,161047
2018-11-01,1.33,1.39,1.32,1.35,248832
2018-11-02,1.39,1.42,1.37,1.41,221976
2018-11-05,1.41,1.43,1.38,1.42,163293
2018-11-06,1.41,1.43,1.37,1.42,139727
2018-11-07,1.42,1.43,1.39,1.4,143442
2018-11-08,1.41,1.44,1.4,1.4,120002
2018-11-09,1.4,1.4,1.35,1.36,149853
2018-11-12,1.36,1.54,1.35,1.52,332561
2018-11-13,1.49,1.6,1.48,1.57,315248
2018-11-14,1.58,1.66,1.57,1.59,279684
2018-11-15,1.61,1.7,1.6,1.67,295283
2018-11-16,1.68,1.71,1.64,1.69,254029
2018-11-19,1.7,1.72,1.67,1.7,235739
2018-11-20,1.7,1.7,1.61,1.63,237572
2018-11-21,1.62,1.64,1.59,1.62,199729
2018-11-22,1.64,1.69,1.63,1.66,166406
2018-11-23,1.69,1.69,1.51,1.52,214616
2018-11-26,1.48,1.57,1.47,1.53,136774
2018-11-27,1.55,1.58,1.54,1.55,133733
2018-11-28,1.58,1.61,1.56,1.57,112053
2018-11-29,1.59,1.61,1.51,1.52,125002
2018-11-30,1.52,1.53,1.47,1.51,168633
2018-12-03,1.57,1.66,1.57,1.64,284406
2018-12-04,1.67,1.71,1.63,1.71,260980
2018-12-05,1.67,1.71,1.65,1.69,188185
2018-12-06,1.69,1.69,1.61,1.61,206127
2018-12-07,1.59,1.7,1.58,1.68,195253
2018-12-10,1.65,1.67,1.59,1.59,145953
2018-12-11,1.6,1.62,1.57,1.58,104835
2018-12-12,1.59,1.61,1.58,1.6,95224
2018-12-13,1.61,1.67,1.58,1.67,190338
2018-12-14,1.65,1.69,1.62,1.63,160397
2018-12-17,1.62,1.66,1.58,1.66,154461
2018-12-18,1.64,1.65,1.57,1.6,166707
2018-12-19,1.6,1.65,1.59,1.61,124928
2018-12-20,1.59,1.63,1.56,1.57,168588
2018-12-21,1.56,1.62,1.53,1.61,169619
2018-12-24,1.61,1.63,1.59,1.63,108207
2018-12-25,1.61,1.61,1.49,1.57,149285
2018-12-26,1.56,1.58,1.51,1.54,92915
2018-12-27,1.58,1.6,1.52,1.54,97793
2018-12-28,1.54,1.54,1.5,1.52,110640
2019-01-02,1.53,1.54,1.43,1.43,157443
2019-01-03,1.42,1.51,1.41,1.48,175761
2019-01-04,1.46,1.54,1.44,1.52,129801
2019-01-07,1.54,1.58,1.53,1.57,188334
2019-01-08,1.58,1.62,1.56,1.59,173362
2019-01-09,1.6,1.64,1.58,1.6,149265
2019-01-10,1.62,1.62,1.57,1.58,111417
2019-01-11,1.58,1.6,1.54,1.59,114253
2019-01-14,1.6,1.64,1.58,1.61,182716
2019-01-15,1.61,1.64,1.59,1.62,162667
2019-01-16,1.63,1.66,1.61,1.62,156767
2019-01-17,1.63,1.65,1.6,1.63,152512
2019-01-18,1.63,1.67,1.62,1.66,201302
2019-01-21,1.68,1.69,1.64,1.65,149798
2019-01-22,1.66,1.68,1.65,1.66,168449
2019-01-23,1.66,1.67,1.62,1.64,128289
2019-01-24,1.65,1.69,1.62,1.68,159988
2019-01-25,1.68,1.71,1.67,1.7,170478
2019-01-28,1.71,1.74,1.64,1.65,158285
2019-01-29,1.68,1.7,1.63,1.69,179624
2019-01-30,1.67,1.7,1.63,1.66,163987
2019-01-31,1.66,1.71,1.65,1.68,194445
2019-02-01,1.69,1.71,1.63,1.71,202626
2019-02-11,1.71,1.82,1.71,1.81,287801
2019-02-12,1.82,1.87,1.8,1.83,250692
2019-02-13,1.85,1.91,1.84,1.89,299202
2019-02-14,1.89,1.95,1.88,1.93,289200
2019-02-15,1.93,1.95,1.91,1.91,234749
2019-02-18,1.91,2.04,1.9,2.03,372808
2019-02-19,2.03,2.05,1.97,2.0,239934
2019-02-20,2.01,2.03,1.96,2.0,208514
2019-02-21,2.0,2.02,1.94,2.0,257119
2019-02-22,1.98,2.07,1.96,2.06,328183
2019-02-25,2.06,2.21,2.06,2.21,660068
2019-02-26,2.2,2.26,2.14,2.18,639032
2019-02-27,2.2,2.24,2.12,2.15,394703
2019-02-28,2.17,2.18,2.12,2.16,342121
2019-03-01,2.18,2.2,2.14,2.19,357839
2019-03-04,2.2,2.37,2.19,2.27,809602
2019-03-05,2.26,2.35,2.25,2.34,482751
2019-03-06,2.38,2.38,2.32,2.37,536710
2019-03-07,2.38,2.39,2.32,2.35,569992
2019-03-08,2.31,2.31,2.09,2.13,791386
2019-03-11,2.12,2.26,2.12,2.25,503823
2019-03-12,2.28,2.38,2.28,2.32,562099
2019-03-13,2.33,2.34,2.23,2.25,368968
2019-03-14,2.26,2.31,2.19,2.21,390359
2019-03-15,2.22,2.46,2.22,2.44,1088641
2019-03-18,2.49,2.64,2.46,2.59,921422
2019-03-19,2.53,2.57,2.45,2.49,485917
2019-03-20,2.5,2.6,2.45,2.53,517675
2019-03-21,2.56,2.59,2.47,2.52,415091
2019-03-22,2.53,2.54,2.48,2.53,340983
2019-03-25,2.48,2.58,2.44,2.49,450022
2019-03-26,2.5,2.53,2.36,2.4,551845
2019-03-27,2.41,2.47,2.29,2.44,423217
2019-03-28,2.42,2.43,2.32,2.34,273174
2019-03-29,2.33,2.44,2.3,2.44,349292
2019-04-01,2.49,2.63,2.49,2.59,697876
2019-04-02,2.65,2.69,2.61,2.63,591553
2019-04-03,2.64,3.02,2.64,2.96,1426040
2019-04-04,2.98,3.05,2.92,3.01,1010713
2019-04-08,3.25,3.51,3.23,3.43,2084268
2019-04-09,3.44,3.53,3.3,3.41,1216669
2019-04-10,3.36,3.63,3.31,3.48,1146697
2019-04-11,3.48,3.53,3.36,3.37,879405
2019-04-12,3.34,3.43,3.24,3.31,820524
2019-04-15,3.46,3.52,3.18,3.2,890392
2019-04-16,3.18,3.32,3.17,3.3,723338
2019-04-17,3.35,3.38,3.27,3.34,612479
2019-04-18,3.33,3.46,3.24,3.29,571273
2019-04-19,3.28,3.36,3.24,3.28,410346
2019-04-22,3.31,3.32,3.08,3.12,678696
2019-04-23,3.15,3.16,3.09,3.1,491109
2019-04-24,3.15,3.16,3.06,3.1,384590
2019-04-25,3.11,3.11,2.88,2.9,637755
2019-04-26,2.87,2.92,2.79,2.82,493110
2019-04-29,2.82,2.98,2.82,2.9,589078
2019-04-30,2.92,2.97,2.87,2.91,440777
2019-05-06,2.76,2.84,2.54,2.65,730773
2019-05-07,2.66,2.8,2.66,2.76,788589
2019-05-08,2.66,2.77,2.62,2.69,507309
2019-05-09,2.66,2.68,2.56,2.56,371873
2019-05-10,2.61,2.74,2.51,2.73,509299
2019-05-13,2.66,2.74,2.65,2.72,350408
2019-05-14,2.95,3.1,2.9,3.02,1156345
2019-05-15,3.06,3.12,3.03,3.08,702572
2019-05-16,3.11,3.3,3.07,3.27,931242
2019-05-17,3.27,3.3,3.08,3.08,902638
2019-05-20,3.11,3.14,3.03,3.07,651004
2019-05-21,3.05,3.23,3.05,3.14,684452
2019-05-22,3.15,3.22,3.15,3.19,502422
2019-05-23,3.16,3.22,3.1,3.12,612520
2019-05-24,3.14,3.31,3.14,3.3,888001
2019-05-27,3.32,3.43,3.22,3.35,846220
2019-05-28,3.34,3.39,3.22,3.31,808707
2019-05-29,3.26,3.3,3.22,3.23,444789
2019-05-30,3.21,3.28,3.17,3.23,415532
2019-05-31,3.21,3.35,3.2,3.33,613692
2019-06-03,3.34,3.37,3.2,3.26,470258
2019-06-04,3.21,3.28,3.18,3.24,446804
2019-06-05,3.27,3.32,3.24,3.24,416861
2019-06-06,3.27,3.28,3.15,3.18,448563
2019-06-10,3.19,3.23,3.17,3.19,378471
2019-06-11,3.2,3.43,3.2,3.4,761206
2019-06-12,3.4,3.46,3.39,3.41,508364
2019-06-13,3.39,3.62,3.37,3.59,824425
2019-06-14,3.6,3.64,3.49,3.51,606704
2019-06-17,3.54,3.65,3.5,3.61,546515
2019-06-18,3.61,3.68,3.56,3.65,508515
2019-06-19,3.72,3.79,3.68,3.7,540561
2019-06-20,3.66,3.9,3.66,3.85,687878
2019-06-21,3.86,3.92,3.82,3.9,607898
2019-06-24,3.91,3.94,3.83,3.92,522621
2019-06-25,3.93,3.95,3.83,3.94,554720
2019-06-26,3.9,3.98,3.87,3.95,474455
2019-06-27,3.95,4.03,3.95,4.03,513966
2019-06-28,4.03,4.29,3.96,3.97,779018
2019-07-01,4.03,4.06,3.71,3.78,1545926
2019-07-02,3.78,3.8,3.68,3.73,759644
2019-07-03,3.76,3.77,3.69,3.73,500292
2019-07-04,3.71,3.75,3.56,3.6,512059
2019-07-05,3.65,3.67,3.58,3.61,307177
2019-07-08,3.62,3.63,3.39,3.45,521714
2019-07-09,3.45,3.53,3.43,3.5,337812
2019-07-10,3.53,3.54,3.38,3.41,338626
2019-07-11,3.43,3.49,3.41,3.42,326885
2019-07-12,3.45,3.57,3.41,3.56,410150
2019-07-15,3.73,3.88,3.6,3.88,908967
2019-07-16,3.88,4.1,3.86,4.08,863833
2019-07-17,4.05,4.18,4.02,4.07,734599
2019-07-18,4.08,4.18,4.07,4.09,681351
2019-07-19,4.14,4.2,4.09,4.15,469354
2019-07-22,4.19,4.21,3.99,4.1,604232
2019-07-23,4.19,4.23,4.08,4.12,483509
2019-07-24,4.14,4.29,4.13,4.29,704202
2019-07-25,4.29,4.31,4.2,4.23,422833
2019-07-26,4.24,4.41,4.19,4.41,761342
2019-07-29,4.43,4.43,4.02,4.08,1021557
2019-07-30,4.08,4.21,4.06,4.12,578753
2019-07-31,4.13,4.18,4.09,4.13,427990
2019-08-01,4.12,4.14,4.06,4.09,402049
2019-08-02,3.96,4.01,3.84,3.91,692367
2019-08-05,3.95,3.95,3.76,3.77,538387
2019-08-06,3.66,3.69,3.48,3.67,612720
2019-08-07,3.73,3.76,3.62,3.65,364522
2019-08-08,3.67,3.73,3.63,3.69,298300
2019-08-09,3.71,3.74,3.55,3.58,383677
2019-08-12,3.57,3.75,3.49,3.75,428971
2019-08-13,3.69,3.69,3.59,3.63,284721
2019-08-14,3.73,3.75,3.6,3.62,394287
2019-08-15,3.46,3.58,3.42,3.56,425414
2019-08-16,3.56,3.66,3.52,3.56,341050
2019-08-19,3.63,3.71,3.57,3.7,428528
2019-08-20,3.7,3.77,3.67,3.73,363951
2019-08-21,3.7,3.73,3.64,3.65,259903
2019-08-22,3.67,3.68,3.57,3.64,226551
2019-08-23,3.64,3.8,3.61,3.76,407754
2019-08-26,3.63,3.64,3.52,3.57,502605
2019-08-27,3.61,3.71,3.59,3.63,425410
2019-08-28,3.65,3.67,3.59,3.61,291780
2019-08-29,3.64,3.65,3.54,3.57,328509
2019-08-30,3.6,3.65,3.5,3.51,343570
2019-09-02,3.56,3.93,3.51,3.88,926568
2019-09-03,3.91,4.04,3.85,4.0,688210
2019-09-04,4.0,4.08,3.95,4.05,563752
2019-09-05,4.09,4.23,4.01,4.13,730474
2019-09-06,4.2,4.22,4.13,4.2,462744
2019-09-09,4.27,4.27,4.11,4.14,507880
2019-09-10,4.16,4.19,4.07,4.18,453446
2019-09-11,4.2,4.2,4.09,4.18,387766
2019-09-12,4.2,4.2,4.09,4.16,328321
2019-09-16,4.2,4.2,4.05,4.07,341813
2019-09-17,4.04,4.09,3.92,3.97,413038
2019-09-18,4.01,4.06,3.98,4.06,296908
2019-09-19,4.06,4.06,3.97,4.03,252547
2019-09-20,4.05,4.18,4.01,4.12,419480
2019-09-23,4.09,4.1,3.87,3.95,457380
2019-09-24,3.93,4.03,3.9,3.97,256635
2019-09-25,3.96,4.05,3.89,3.99,311427
2019-09-26,3.99,4.05,3.89,3.91,279346
2019-09-27,3.93,3.96,3.87,3.9,166641
2019-09-30,3.87,4.02,3.87,3.91,219020
2019-10-08,3.98,4.25,3.93,4.23,820894
2019-10-09,4.22,4.24,4.14,4.23,423191
2019-10-10,4.23,4.3,4.15,4.27,424592
2019-10-11,4.27,4.32,4.2,4.3,366335
2019-10-14,4.32,4.36,4.24,4.29,435681
2019-10-15,4.23,4.27,4.12,4.24,606734
2019-10-16,4.26,4.33,4.17,4.23,318263
2019-10-17,4.26,4.27,4.16,4.19,240393
2019-10-18,4.2,4.24,4.07,4.15,269318
2019-10-21,4.09,4.13,4.05,4.1,249900
2019-10-22,4.11,4.15,4.08,4.15,209624
2019-10-23,4.12,4.22,4.11,4.17,270871
2019-10-24,4.18,4.21,4.06,4.07,204777
2019-10-25,4.1,4.22,4.1,4.22,303386
2019-10-28,4.22,4.31,4.19,4.23,278013
2019-10-29,4.23,4.25,4.11,4.15,223551
2019-10-30,4.12,4.13,3.97,4.05,330378
2019-10-31,4.11,4.11,3.97,4.06,312411
2019-11-01,4.06,4.19,3.97,4.14,336654
2019-11-04,4.14,4.19,4.08,4.14,271840
2019-11-05,4.14,4.18,4.08,4.14,268471
2019-11-06,4.11,4.35,4.11,4.26,698935
2019-11-07,4.28,4.31,4.24,4.29,288838
2019-11-08,4.33,4.34,4.18,4.18,308581
2019-11-11,4.21,4.22,3.99,4.0,428850
2019-11-12,4.02,4.12,4.0,4.09,255727
2019-11-13,4.14,4.16,4.07,4.14,246975
2019-11-14,4.18,4.37,4.17,4.27,693185
2019-11-15,4.32,4.34,4.18,4.2,347107
2019-11-18,4.18,4.33,4.16,4.33,481939
2019-11-19,4.37,4.38,4.3,4.36,415966
2019-11-20,4.37,4.37,4.25,4.27,312545
2019-11-21,4.25,4.26,4.17,4.2,253455
2019-11-22,4.23,4.3,4.09,4.14,336786
2019-11-25,4.13,4.31,4.12,4.31,365028
2019-11-26,4.29,4.32,4.21,4.32,441021
2019-11-27,4.27,4.35,4.22,4.27,355284
2019-11-28,4.31,4.33,4.18,4.19,291740
2019-11-29,4.19,4.27,4.13,4.16,219642
2019-12-02,4.17,4.23,4.12,4.17,270567
2019-12-03,4.14,4.2,4.09,4.2,239969
2019-12-04,4.18,4.18,4.13,4.16,177670
2019-12-05,4.19,4.31,4.14,4.25,364609
2019-12-06,4.22,4.28,4.2,4.23,317027
2019-12-09,4.26,4.28,4.19,4.24,237964
2019-12-10,4.23,4.24,4.19,4.23,257486
2019-12-11,4.25,4.63,4.24,4.59,1478904
2019-12-12,4.61,4.62,4.49,4.5,630099
2019-12-13,4.53,4.58,4.44,4.53,632286
2019-12-16,4.57,4.59,4.44,4.51,466769
2019-12-17,4.54,4.61,4.48,4.57,531682
2019-12-18,4.62,4.7,4.55,4.66,530480
2019-12-19,4.66,4.74,4.62,4.7,418760
2019-12-20,4.65,4.71,4.61,4.62,367700
2019-12-23,4.62,4.81,4.56,4.6,520469
2019-12-24,4.6,4.66,4.59,4.64,258921
2019-12-25,4.64,4.76,4.61,4.74,329037
2019-12-26,4.75,4.8,4.67,4.73,323119
2019-12-27,4.73,4.79,4.72,4.75,378225
2019-12-30,4.75,4.83,4.7,4.79,497448
2019-12-31,4.81,4.89,4.79,4.89,408968
2020-01-02,4.96,5.15,4.93,5.08,720292
2020-01-03,5.11,5.13,5.02,5.05,315395
2020-01-06,5.0,5.07,4.78,4.86,603320
2020-01-07,4.86,4.94,4.85,4.89,342503
2020-01-08,4.87,4.87,4.73,4.76,355294
2020-01-09,4.82,4.88,4.79,4.86,344164
2020-01-10,4.87,4.9,4.79,4.88,349044
2020-01-13,4.9,4.92,4.77,4.86,397199
2020-01-14,4.87,4.92,4.83,4.86,278579
2020-01-15,4.85,4.85,4.73,4.79,315933
2020-01-16,4.8,4.93,4.79,4.87,597451
2020-01-17,4.89,5.08,4.87,5.08,590021
2020-01-20,5.08,5.1,4.98,5.07,391647
2020-01-21,5.07,5.08,4.76,4.76,543433
2020-01-22,4.73,4.9,4.49,4.87,542025
2020-01-23,4.74,4.8,4.44,4.51,462999
2020-02-03,3.88,3.88,3.88,3.88,163957
2020-02-04,3.57,4.1,3.57,4.05,805256
2020-02-05,4.02,4.25,4.02,4.05,479140
2020-02-06,4.07,4.26,3.96,4.19,450033
2020-02-07,4.16,4.23,4.12,4.18,366646
2020-02-10,4.17,4.49,4.12,4.43,470706
2020-02-11,4.41,4.57,4.39,4.46,354340
2020-02-12,4.41,4.5,4.38,4.42,314385
2020-02-13,4.39,4.61,4.37,4.49,503285
2020-02-14,4.44,4.52,4.42,4.49,251982
2020-02-17,4.51,4.63,4.48,4.61,315246
2020-02-18,4.61,4.63,4.52,4.58,254449
2020-02-19,4.55,4.65,4.54,4.56,251927
2020-02-20,4.56,4.66,4.52,4.64,385677
2020-02-21,4.64,4.77,4.61,4.71,333256
2020-02-24,4.7,4.77,4.58,4.62,368072
2020-02-25,4.41,4.61,4.35,4.48,454858
2020-02-26,4.42,4.65,4.41,4.53,486247
2020-02-27,4.58,4.84,4.58,4.79,711048
2020-02-28,4.72,4.79,4.47,4.49,692496
2020-03-02,4.55,5.06,4.52,4.96,999231
2020-03-03,5.1,5.16,4.73,4.86,908443
2020-03-04,4.81,4.92,4.71,4.89,670186
2020-03-05,4.91,4.95,4.81,4.9,503624
2020-03-06,4.84,4.84,4.7,4.74,524841
2020-03-09,4.63,4.64,4.39,4.39,712969
2020-03-10,4.29,4.51,4.26,4.45,555650
2020-03-11,4.47,4.49,4.34,4.34,384832
2020-03-12,4.28,4.28,4.11,4.16,459906
2020-03-13,3.73,4.18,3.73,4.01,525116
2020-03-16,4.06,4.09,3.63,3.65,692173
2020-03-17,3.63,3.8,3.61,3.76,522613
2020-03-18,3.79,3.94,3.66,3.66,517365
2020-03-19,3.64,3.86,3.49,3.65,819987
2020-03-20,3.73,3.83,3.64,3.8,550032
2020-03-23,3.71,3.88,3.64,3.84,516196
2020-03-24,3.88,3.98,3.77,3.89,614263
2020-03-25,4.02,4.07,3.88,3.95,544888
2020-03-26,3.94,4.03,3.88,4.01,434318
2020-03-27,4.06,4.22,4.01,4.17,586374
2020-03-30,4.09,4.2,4.07,4.17,379370
2020-03-31,4.06,4.09,3.87,3.9,757426
2020-04-01,3.81,3.93,3.79,3.8,484175
2020-04-02,3.76,3.89,3.73,3.87,364460
2020-04-03,3.88,4.0,3.87,3.96,408669
2020-04-07,4.11,4.29,4.06,4.25,719595
2020-04-08,4.25,4.33,4.21,4.31,459620
2020-04-09,4.32,4.35,4.27,4.31,304501
2020-04-10,4.37,4.63,4.36,4.44,779089
2020-04-13,4.54,4.81,4.54,4.71,924217
2020-04-14,4.77,4.85,4.68,4.75,729811
2020-04-15,4.76,4.78,4.54,4.61,615841
2020-04-16,4.51,4.61,4.51,4.58,347180
2020-04-17,4.6,4.78,4.6,4.64,581983
2020-04-20,4.7,4.77,4.64,4.67,397837
2020-04-21,4.64,4.67,4.47,4.55,491530
2020-04-22,4.56,4.57,4.46,4.53,287096
2020-04-23,4.57,4.6,4.39,4.39,579806
2020-04-24,4.43,4.55,4.36,4.4,437814
2020-04-27,4.41,4.46,4.27,4.37,417690
2020-04-28,4.4,4.46,4.27,4.4,379116
2020-04-29,4.4,4.47,4.31,4.43,312030
2020-04-30,4.53,4.65,4.51,4.61,521439
2020-05-06,4.56,4.8,4.56,4.78,807599
2020-05-07,4.79,4.93,4.72,4.9,848814
2020-05-08,4.89,5.16,4.88,5.11,975284
2020-05-11,5.14,5.26,5.12,5.16,935524
2020-05-12,5.21,5.35,5.12,5.18,803636
2020-05-13,5.15,5.24,5.07,5.22,539435
2020-05-14,5.16,5.2,5.07,5.08,549688
2020-05-15,5.13,5.18,5.01,5.05,423034
2020-05-18,5.12,5.16,5.01,5.08,385128
2020-05-19,5.13,5.26,5.1,5.16,509788
2020-05-20,5.18,5.19,5.02,5.04,394249
2020-05-21,5.08,5.1,4.82,4.85,469117
2020-05-22,4.85,4.87,4.58,4.65,528270
2020-05-25,4.67,4.76,4.61,4.7,353923
2020-05-26,4.71,4.77,4.66,4.71,480764
2020-05-27,4.72,4.75,4.56,4.63,398556
2020-05-28,4.64,4.77,4.54,4.61,403654
2020-05-29,4.6,4.65,4.51,4.58,508828
2020-06-01,4.65,4.79,4.64,4.76,585700
2020-06-02,4.77,4.81,4.66,4.72,412501
2020-06-03,4.74,4.85,4.65,4.68,493048
2020-06-04,4.66,4.7,4.6,4.62,315791
2020-06-05,4.63,4.66,4.52,4.56,259793
2020-06-08,4.64,4.66,4.52,4.55,409384
2020-06-09,4.58,4.67,4.56,4.63,498452
2020-06-10,4.62,4.65,4.53,4.6,450892
2020-06-11,4.6,4.72,4.54,4.61,610446
2020-06-12,4.49,4.5,4.39,4.46,699556
2020-06-15,4.45,4.47,4.34,4.35,407671
2020-06-16,4.41,4.65,4.38,4.63,700925
2020-06-17,4.61,4.66,4.53,4.61,332912
2020-06-18,4.62,4.64,4.56,4.62,270674
2020-06-19,4.63,4.68,4.58,4.64,390358
2020-06-22,4.64,4.65,4.51,4.53,387679
2020-06-23,4.51,4.59,4.44,4.48,597000
2020-06-24,4.48,4.54,4.43,4.46,350184
2020-06-29,4.41,4.46,4.39,4.42,319309
2020-06-30,4.46,4.67,4.46,4.64,516545
2020-07-01,4.71,5.19,4.69,5.11,1331981
2020-07-02,5.2,5.44,5.11,5.38,1450317
2020-07-03,5.39,5.68,5.35,5.43,1346682
2020-07-06,5.71,5.73,5.43,5.58,1640774
2020-07-07,5.72,6.01,5.72,5.89,1796840
2020-07-08,5.77,5.86,5.62,5.84,1074190
2020-07-09,5.84,5.97,5.8,5.91,826962
2020-07-10,5.89,6.14,5.81,5.93,871431
2020-07-13,5.91,6.31,5.91,6.23,1028454
2020-07-14,6.19,6.19,5.91,6.03,902838
2020-07-15,6.41,6.74,6.31,6.46,1673590
2020-07-16,6.61,6.77,6.19,6.24,1238597
2020-07-17,6.31,6.52,6.13,6.36,1038729
2020-07-20,6.51,7.18,6.51,7.12,1774119
2020-07-21,7.17,7.17,6.89,7.13,1073403
2020-07-22,7.11,7.13,6.93,6.99,771256
2020-07-23,6.91,7.01,6.59,6.9,1008740
2020-07-24,6.82,6.95,6.39,6.45,1068481
2020-07-27,6.51,6.7,6.36,6.43,657522
2020-07-28,6.55,6.68,6.39,6.53,721157
2020-07-29,6.41,6.65,6.31,6.61,844270
2020-07-30,6.64,6.74,6.43,6.45,733308
2020-07-31,6.49,6.67,6.31,6.47,730993
2020-08-03,6.5,6.76,6.49,6.68,752876
2020-08-04,6.74,6.75,6.53,6.65,695333
2020-08-05,6.58,6.6,6.42,6.51,500103
2020-08-06,6.55,6.55,6.32,6.4,497533
2020-08-07,6.33,6.51,6.24,6.41,498963
2020-08-10,6.37,6.55,6.33,6.53,525680
2020-08-11,6.51,6.59,6.38,6.4,523367
2020-08-12,6.34,6.41,6.02,6.22,713077
2020-08-13,6.25,6.36,6.19,6.25,351167
2020-08-14,6.26,6.31,6.1,6.3,315594
2020-08-17,6.3,6.63,6.3,6.58,753490
2020-08-18,6.62,6.77,6.55,6.73,633540
2020-08-19,6.67,6.75,6.57,6.69,526417
2020-08-20,6.65,6.76,6.51,6.55,417748
2020-08-21,6.7,6.71,6.43,6.55,450845
2020-08-24,6.69,7.11,6.65,6.8,1132264
2020-08-25,6.85,7.14,6.78,6.98,977870
2020-08-26,6.99,7.05,6.69,6.74,673733
2020-08-27,6.74,6.8,6.64,6.75,372084
2020-08-28,6.71,6.91,6.58,6.88,521075
2020-08-31,6.98,7.17,6.73,6.73,692442
2020-09-01,6.73,6.88,6.72,6.82,461873
2020-09-02,6.82,6.85,6.56,6.73,553214
2020-09-03,6.74,7.11,6.69,6.81,813333
2020-09-04,6.63,6.76,6.55,6.69,463773
2020-09-07,6.67,6.74,6.37,6.41,468851
2020-09-08,6.41,6.55,6.34,6.52,377104
2020-09-09,6.41,6.43,6.18,6.22,549548
2020-09-10,6.3,6.35,6.19,6.2,408413
2020-09-11,6.19,6.29,6.15,6.21,339284
2020-09-14,6.26,6.3,6.17,6.28,372609
2020-09-15,6.25,6.53,6.18,6.51,593701
2020-09-16,6.46,6.58,6.38,6.5,365968
2020-09-17,6.51,6.79,6.46,6.72,755693
2020-09-18,6.7,6.81,6.63,6.79,588588
2020-09-21,6.81,6.95,6.71,6.79,510227
2020-09-22,6.69,6.77,6.57,6.59,440979
2020-09-23,6.65,6.72,6.5,6.53,328445
2020-09-24,6.5,6.53,6.28,6.31,390489
2020-09-25,6.35,6.37,6.25,6.33,275334
2020-09-28,6.35,6.41,6.23,6.26,284685
2020-09-29,6.33,6.33,6.18,6.22,403108
2020-09-30,6.17,6.51,6.16,6.32,494793
2020-10-09,6.53,6.77,6.51,6.53,567033
2020-10-12,6.53,6.9,6.49,6.84,794202
2020-10-13,6.77,6.86,6.67,6.8,440525
2020-10-14,6.74,6.95,6.71,6.95,629290
2020-10-15,7.01,7.09,6.81,6.84,792283
2020-10-16,6.85,7.13,6.84,7.08,879377
2020-10-19,7.09,7.13,6.81,6.85,718431
2020-10-20,6.9,6.94,6.67,6.8,633663
2020-10-21,6.83,6.88,6.7,6.84,410218
2020-10-22,6.81,6.81,6.54,6.6,451579
2020-10-23,6.59,6.62,6.19,6.22,946895
2020-10-26,6.18,6.28,6.01,6.22,401992
2020-10-27,6.24,6.27,6.05,6.13,503147
2020-10-28,6.14,6.15,5.89,6.04,561200
2020-10-29,5.92,6.07,5.87,6.01,540792
2020-10-30,6.02,6.05,5.71,5.82,719762
2020-11-02,5.87,5.9,5.61,5.66,907429
2020-11-03,5.72,5.82,5.63,5.69,864443
2020-11-04,5.68,5.78,5.61,5.76,539983
2020-11-05,5.79,5.89,5.74,5.84,715644
2020-11-06,5.82,5.91,5.76,5.91,679096
2020-11-09,5.98,6.09,5.92,6.02,818479
2020-11-10,6.05,6.05,5.9,5.94,514527
2020-11-11,5.94,6.28,5.91,6.17,959626
2020-11-12,6.17,6.19,6.0,6.1,633497
2020-11-13,6.07,6.07,5.81,5.88,652294
2020-11-16,5.89,6.18,5.88,6.16,900180
2020-11-17,6.16,6.33,6.09,6.16,647615
2020-11-18,6.22,6.26,6.12,6.16,426912
2020-11-19,6.1,6.16,5.97,6.13,426996
2020-11-20,6.13,6.27,6.1,6.24,573308
2020-11-23,6.3,6.57,6.27,6.46,794975
2020-11-24,6.52,6.65,6.44,6.53,740512
2020-11-25,6.59,6.63,6.44,6.48,534287
2020-11-26,6.5,6.52,6.34,6.49,391947
2020-11-27,6.52,6.72,6.49,6.7,676298
2020-11-30,6.82,7.26,6.79,6.98,1748185
2020-12-01,7.03,7.84,7.03,7.84,2906864
2020-12-02,8.17,8.78,8.04,8.78,4913832
2020-12-03,8.72,8.85,8.47,8.53,3163636
2020-12-04,8.73,8.8,8.46,8.64,2145224
2020-12-07,8.74,9.51,8.62,9.24,2915339
2020-12-08,9.03,9.1,8.4,8.53,2612247
2020-12-09,8.62,8.72,8.29,8.32,1664923
2020-12-10,8.31,8.38,8.15,8.25,1320340
2020-12-11,8.26,8.39,7.89,8.11,1479545
2020-12-14,8.09,8.1,7.81,7.96,1020170
2020-12-15,8.06,8.39,7.71,7.92,1489977
2020-12-16,7.92,8.0,7.73,7.85,1201426
2020-12-17,7.82,8.03,7.69,8.01,1298824
2020-12-18,7.93,7.95,7.62,7.81,1474364
2020-12-21,7.64,7.99,7.58,7.92,1040863
2020-12-22,7.84,8.25,7.75,7.87,1420335
2020-12-23,7.87,8.05,7.73,7.83,1041571
2020-12-24,7.81,7.88,7.49,7.52,981624
2020-12-25,7.53,7.79,7.48,7.69,831189
2020-12-28,7.68,8.04,7.65,7.92,1229624
2020-12-29,7.83,7.91,7.68,7.7,805446
2020-12-30,7.7,8.62,7.69,8.49,1886569
2020-12-31,8.42,8.47,8.18,8.32,1277562
2021-01-04,8.42,8.77,8.37,8.64,1668366
2021-01-05,8.62,9.21,8.45,9.17,1941317
2021-01-06,9.12,9.42,8.99,9.15,1487826
2021-01-07,9.13,10.0,9.13,9.94,2253942
2021-01-08,9.97,10.32,9.48,10.28,2100616
2021-01-11,10.27,10.86,9.75,9.85,2599320
2021-01-12,9.7,10.39,9.62,10.24,1748477
2021-01-13,10.44,11.42,10.44,11.07,3239127
2021-01-14,10.72,10.92,9.81,9.86,2696945
2021-01-15,9.82,10.52,9.8,10.21,2111335
2021-01-18,10.15,10.32,9.58,10.15,1739868
2021-01-19,10.21,10.55,9.77,9.78,1322824
2021-01-20,9.76,9.99,9.68,9.74,1079074
2021-01-21,10.17,10.48,9.88,10.04,2029952
2021-01-22,9.92,10.34,9.7,10.11,1599111
2021-01-25,10.2,10.66,9.83,10.61,2121030
2021-01-26,10.34,10.37,9.86,9.98,1605048
2021-01-27,9.9,10.64,9.8,10.56,1868212
2021-01-28,10.22,10.55,10.06,10.28,1252092
2021-01-29,10.43,11.02,10.34,10.86,2466098
2021-02-01,10.88,12.08,10.68,12.0,2185961
2021-02-02,11.8,12.55,11.75,12.22,2275719
2021-02-03,12.28,12.52,11.86,12.22,1827597
2021-02-04,12.01,12.1,11.02,11.38,2101071
2021-02-05,11.57,11.89,10.7,10.72,2115001
2021-02-08,11.18,11.95,11.18,11.95,1611509
2021-02-09,12.42,13.3,12.3,13.13,3373375
2021-02-10,13.15,13.59,12.84,13.32,2254354
2021-02-18,13.92,14.01,12.63,12.72,2401480
2021-02-19,12.77,13.26,12.37,13.01,2156364
2021-02-22,12.78,12.8,12.31,12.33,1951596
2021-02-23,12.02,12.73,11.95,12.39,1382698
2021-02-24,12.49,12.62,12.1,12.14,1406679
2021-02-25,12.36,12.87,11.83,12.82,1815581
2021-02-26,12.4,12.82,12.15,12.8,1495995
2021-03-01,12.93,14.12,12.6,14.12,2158448
2021-03-02,14.02,14.27,13.63,13.82,1694572
2021-03-03,13.62,14.07,13.45,13.97,1233165
2021-03-04,13.72,13.72,12.42,12.6,2522937
2021-03-05,11.92,12.25,11.45,11.94,1839532
2021-03-08,11.96,12.34,10.78,10.85,2175475
2021-03-09,10.66,11.08,9.95,10.84,1769537
2021-03-10,11.0,11.13,10.57,10.79,1046635
2021-03-11,10.93,11.65,10.91,11.45,1370686
2021-03-12,11.49,11.53,11.1,11.33,899557
2021-03-15,11.17,11.3,10.89,11.02,811331
2021-03-16,11.13,11.32,10.82,10.9,837099
2021-03-17,10.72,11.12,10.65,11.03,692114
2021-03-18,11.11,11.35,10.92,11.18,807245
2021-03-19,10.88,11.06,10.6,10.71,937903
2021-03-22,10.67,11.64,10.63,11.4,1277029
2021-03-23,11.45,11.48,10.91,11.06,805456
2021-03-24,10.95,11.09,10.12,10.27,1479487
2021-03-25,10.17,10.38,10.12,10.25,666470
2021-03-26,10.37,10.77,10.33,10.63,834144
2021-03-29,10.63,10.83,10.37,10.7,646986
2021-03-30,10.74,11.18,10.74,11.07,896069
2021-03-31,11.42,11.42,10.65,11.13,1359833
2021-04-01,11.1,11.81,11.05,11.49,1378642
2021-04-02,11.5,11.64,11.26,11.49,818387
2021-04-06,11.5,11.6,11.24,11.41,626918
2021-04-07,11.52,11.72,11.22,11.72,926498
2021-04-08,11.63,11.76,11.52,11.6,593974
2021-04-09,11.62,11.71,10.97,11.28,1005912
2021-04-12,11.13,11.19,10.3,10.4,1424152
2021-04-13,10.32,10.66,10.25,10.61,692575
2021-04-14,10.53,10.91,10.52,10.75,675459
2021-04-15,10.72,10.77,10.43,10.74,442275
2021-04-16,10.84,10.88,10.52,10.74,505888
2021-04-19,10.62,10.9,10.48,10.87,892102
2021-04-20,10.78,10.97,10.59,10.82,752880
2021-04-21,10.71,10.76,10.55,10.61,466170
2021-04-22,10.62,10.69,10.47,10.57,484887
2021-04-23,10.52,10.85,10.47,10.71,598202
2021-04-26,10.68,10.81,10.3,10.32,979884
2021-04-27,10.25,10.32,9.93,10.25,720574
2021-04-28,10.21,10.4,10.15,10.32,391595
2021-04-29,10.36,10.45,10.22,10.3,444347
2021-04-30,10.41,10.45,10.04,10.23,571512
2021-05-06,10.2,10.2,9.71,9.98,828409
2021-05-07,10.0,10.28,9.79,9.8,677166
2021-05-10,9.7,9.7,9.24,9.5,992193
2021-05-11,9.33,9.57,9.18,9.55,704745
2021-05-12,9.41,9.51,9.25,9.42,558066
2021-05-13,9.29,9.36,9.15,9.19,482474
2021-05-14,9.24,9.51,9.15,9.48,620941
2021-05-17,9.47,9.87,9.43,9.6,735262
2021-05-18,9.6,9.63,9.36,9.41,418053
2021-05-19,9.34,9.51,9.23,9.3,402413
2021-05-20,9.38,9.62,9.17,9.23,710527
2021-05-21,9.24,9.29,8.81,8.87,901573
2021-05-24,8.9,9.05,8.73,9.04,684629
2021-05-25,9.05,9.14,8.8,9.12,728717
2021-05-26,9.12,9.57,9.12,9.51,1125315
2021-05-27,9.46,9.64,9.27,9.53,710482
2021-05-28,9.53,9.54,9.23,9.35,599030
2021-05-31,9.37,9.42,9.04,9.17,703223
2021-06-01,9.17,9.39,9.09,9.34,667060
2021-06-02,9.42,9.54,9.07,9.09,675819
2021-06-03,9.09,9.11,8.87,8.87,634906
2021-06-04,8.82,8.84,8.64,8.67,783940
2021-06-07,8.67,8.75,8.6,8.73,410324
2021-06-08,8.69,8.71,8.52,8.55,593510
2021-06-09,8.49,8.59,8.28,8.45,786367
2021-06-10,8.42,8.54,8.32,8.32,668878
2021-06-11,8.45,8.46,7.99,8.1,1276857
2021-06-15,8.04,8.07,7.82,7.83,714404
2021-06-16,7.81,7.91,7.62,7.65,575491
2021-06-17,7.58,7.68,7.52,7.55,760562
2021-06-18,7.59,7.63,7.39,7.62,880627
2021-06-21,7.6,7.6,7.44,7.46,697769
2021-06-22,7.48,7.81,7.47,7.66,1153709
2021-06-23,7.66,7.68,7.49,7.55,706103
2021-06-24,7.55,7.59,7.42,7.48,601301
2021-06-25,7.52,7.95,7.46,7.85,1373938
2021-06-28,7.85,7.85,7.55,7.57,1144179
2021-06-29,7.57,7.65,7.45,7.6,766580
2021-06-30,7.72,7.77,7.5,7.66,708416
2021-07-01,7.67,7.7,7.48,7.52,603480
2021-07-02,7.5,7.51,7.23,7.29,853730
2021-07-05,7.27,7.28,6.93,7.07,1002168
2021-07-06,7.07,7.31,7.04,7.26,731198
2021-07-07,7.3,7.41,7.17,7.27,641269
2021-07-08,7.26,7.3,7.06,7.09,677064
2021-07-09,7.04,7.36,6.99,7.31,749745
2021-07-12,7.41,7.46,7.14,7.14,873845
2021-07-13,7.1,7.25,6.99,7.19,687360
2021-07-14,7.17,7.17,6.82,6.84,1203156
2021-07-15,6.84,7.03,6.73,7.01,980101
2021-07-16,6.96,6.96,6.82,6.86,683450
2021-07-19,6.82,6.83,6.53,6.71,1104903
2021-07-20,6.61,6.86,6.56,6.79,663616
2021-07-21,6.79,6.94,6.63,6.65,930925
2021-07-22,6.61,7.1,6.59,6.92,1946268
2021-07-23,6.92,7.09,6.86,6.91,1162075
2021-07-26,6.85,6.88,6.34,6.51,1196337
2021-07-27,6.48,6.57,6.16,6.17,1037721
2021-07-28,6.16,6.2,5.97,6.15,742042
2021-07-29,6.23,6.28,6.12,6.19,610071
2021-07-30,6.18,6.39,6.06,6.35,696500
2021-08-02,6.35,7.11,6.17,7.11,1975755
2021-08-03,7.13,7.44,7.03,7.21,2589198
2021-08-04,7.2,7.74,7.12,7.44,2252700
2021-08-05,7.42,7.59,7.27,7.4,1518131
2021-08-06,7.27,7.43,7.14,7.29,1013747
2021-08-09,7.29,7.93,7.25,7.81,2118964
2021-08-10,7.79,7.96,7.55,7.89,2301313
2021-08-11,7.96,8.14,7.74,7.75,1861537
2021-08-12,7.74,7.74,7.46,7.54,1373658
2021-08-13,7.54,7.69,7.42,7.54,1013457
2021-08-16,7.54,7.58,7.3,7.32,999238
2021-08-17,7.3,7.44,7.11,7.14,974118
2021-08-18,7.14,7.3,7.05,7.29,946325
2021-08-19,7.23,7.24,6.81,6.83,1738332
2021-08-20,6.75,6.9,6.69,6.83,836350
2021-08-23,6.83,7.0,6.83,6.94,923778
2021-08-24,6.98,6.98,6.79,6.86,863492
2021-08-25,6.89,6.89,6.74,6.77,825205
2021-08-26,6.79,6.82,6.61,6.64,1062802
2021-08-27,6.61,6.8,6.46,6.7,833491
2021-08-30,6.64,6.64,6.19,6.28,2457686
2021-08-31,6.42,6.77,6.36,6.62,1914841
2021-09-01,6.67,7.41,6.55,7.41,2987346
2021-09-02,7.78,7.79,7.43,7.63,3825253
2021-09-03,7.51,7.65,7.31,7.37,2288593
2021-09-06,7.43,7.87,7.42,7.73,2836296
2021-09-07,7.74,7.81,7.54,7.78,2035564
2021-09-08,7.72,7.72,7.49,7.54,2015083
2021-09-09,7.51,7.91,7.48,7.7,2170730
2021-09-10,7.7,8.03,7.57,7.97,2661234
2021-09-13,8.04,8.04,7.75,7.85,1814858
2021-09-14,7.8,7.85,7.4,7.46,2024129
2021-09-15,7.4,7.55,7.32,7.43,1041878
2021-09-16,7.39,7.59,7.34,7.54,1314076
2021-09-17,7.52,7.54,7.34,7.44,829561
2021-09-22,7.23,7.28,7.07,7.1,1214543
2021-09-23,7.17,7.46,7.17,7.33,1033452
2021-09-24,7.28,7.28,6.99,7.0,880540
2021-09-27,6.94,6.95,6.66,6.72,982056
2021-09-28,6.77,6.89,6.75,6.83,584265
2021-09-29,6.74,6.88,6.68,6.79,608307
2021-09-30,6.86,7.07,6.86,6.99,808919
2021-10-08,7.03,7.13,6.89,7.07,838558
2021-10-11,7.04,7.09,6.93,6.95,662677
2021-10-12,6.91,6.91,6.6,6.68,927890
2021-10-13,6.64,6.74,6.61,6.71,452328
2021-10-14,6.7,6.77,6.63,6.69,412926
2021-10-15,6.7,6.71,6.55,6.57,470623
2021-10-18,6.57,6.63,6.46,6.62,430651
2021-10-19,6.62,6.77,6.56,6.76,605511
2021-10-20,6.76,6.77,6.56,6.61,573728
2021-10-21,6.62,6.66,6.54,6.61,383917
2021-10-22,6.6,6.82,6.56,6.79,825796
2021-10-25,6.74,6.75,6.63,6.68,540014
2021-10-26,6.68,6.76,6.62,6.65,442231
2021-10-27,6.62,6.63,6.39,6.42,685707
2021-10-28,6.41,6.41,6.1,6.15,814629
2021-10-29,5.99,6.12,5.79,6.03,822927
2021-11-01,6.03,6.1,5.88,6.0,590256
2021-11-02,6.02,6.07,5.69,5.75,1037464
2021-11-03,5.74,5.81,5.68,5.74,521077
2021-11-04,5.77,5.79,5.7,5.78,492011
2021-11-05,5.76,5.9,5.7,5.82,607663
2021-11-08,5.84,5.93,5.83,5.87,442436
2021-11-09,5.88,5.91,5.74,5.77,463905
2021-11-10,5.75,5.75,5.57,5.65,740787
2021-11-11,5.62,5.8,5.6,5.78,702883
2021-11-12,5.78,5.79,5.61,5.65,664113
2021-11-15,5.62,5.69,5.61,5.66,436910
2021-11-16,5.66,5.71,5.6,5.62,427770
2021-11-17,5.61,5.66,5.55,5.64,408632
2021-11-18,5.65,5.65,5.58,5.62,375391
2021-11-19,5.61,5.64,5.54,5.63,669021
2021-11-22,5.63,5.78,5.62,5.72,750715
2021-11-23,5.72,5.92,5.68,5.92,1054641
2021-11-24,5.91,5.91,5.8,5.84,587179
2021-11-25,5.84,5.88,5.77,5.83,424256
2021-11-26,5.81,5.83,5.76,5.77,365868
2021-11-29,5.69,5.72,5.64,5.67,417063
2021-11-30,5.68,5.76,5.67,5.72,394963
2021-12-01,5.76,5.88,5.73,5.83,600437
2021-12-02,5.82,6.3,5.79,6.18,1709269
2021-12-03,6.11,6.2,6.01,6.14,950439
2021-12-06,6.16,6.3,6.04,6.06,795441
2021-12-07,6.16,6.39,6.14,6.36,1561835
2021-12-08,6.31,6.32,6.19,6.32,866944
2021-12-09,6.29,6.36,6.26,6.29,752444
2021-12-10,6.25,6.27,6.12,6.13,744852
2021-12-13,6.21,6.45,6.18,6.28,1091936
2021-12-14,6.21,6.21,6.11,6.14,651912
2021-12-15,6.14,6.22,6.11,6.12,442017
2021-12-16,6.11,6.19,6.1,6.16,450463
2021-12-17,6.18,6.23,6.13,6.13,425905
2021-12-20,6.1,6.19,6.0,6.06,593237
2021-12-21,6.06,6.14,6.04,6.1,452907
2021-12-22,6.07,6.07,5.94,5.97,625231
2021-12-23,5.97,5.97,5.87,5.96,485964
2021-12-24,5.94,5.96,5.87,5.87,357596
2021-12-27,5.9,5.98,5.9,5.92,328573
2021-12-28,5.94,6.02,5.92,6.01,424205
2021-12-29,6.0,6.0,5.89,5.92,391568
2021-12-30,5.9,5.93,5.87,5.88,366828
2021-12-31,5.89,5.94,5.89,5.91,263420
2022-01-04,5.91,5.96,5.88,5.95,442458
2022-01-05,5.96,6.04,5.93,6.0,726192
2022-01-06,5.96,6.18,5.95,6.16,1216266
2022-01-07,6.14,6.48,6.11,6.41,1994929
2022-01-10,6.47,6.56,6.34,6.41,1022666
2022-01-11,6.41,6.47,6.28,6.34,812107
2022-01-12,6.33,6.34,6.19,6.28,627905
2022-01-13,6.25,6.35,6.2,6.21,652205
2022-01-14,6.2,6.25,6.12,6.22,579596
2022-01-17,6.22,6.25,6.15,6.21,401395
2022-01-18,6.21,6.39,6.13,6.38,950772
2022-01-19,6.34,6.51,6.32,6.4,855706
2022-01-20,6.36,6.45,6.24,6.36,732773
2022-01-21,6.32,6.38,6.21,6.25,472058
2022-01-24,6.28,6.29,6.14,6.18,325063
2022-01-25,6.15,6.18,5.85,5.85,561108
2022-01-26,5.85,5.97,5.85,5.94,287286
2022-01-27,5.92,5.93,5.78,5.8,346845
2022-01-28,5.82,5.88,5.72,5.79,310300
2022-02-07,5.88,6.03,5.85,5.99,408793
2022-02-08,6.14,6.32,6.08,6.25,790189
2022-02-09,6.24,6.32,6.19,6.28,632665
2022-02-10,6.27,6.3,6.19,6.25,399031
2022-02-11,6.21,6.38,6.19,6.33,797264
2022-02-14,6.29,6.29,6.1,6.13,500001
2022-02-15,6.12,6.21,6.11,6.19,271136
2022-02-16,6.22,6.31,6.2,6.23,364665
2022-02-17,6.23,6.24,6.14,6.17,273372
2022-02-18,6.1,6.2,6.08,6.2,277091
2022-02-21,6.19,6.19,6.12,6.16,264131
2022-02-22,6.11,6.11,5.95,5.96,467200
2022-02-23,6.05,6.11,5.99,6.05,368271
2022-02-24,6.02,6.05,5.79,5.86,599705
2022-02-25,5.88,5.94,5.85,5.88,358287
2022-02-28,5.84,5.86,5.74,5.78,470098
2022-03-01,5.79,5.85,5.79,5.83,243523
2022-03-02,5.8,5.86,5.77,5.86,228704
2022-03-03,5.88,5.92,5.84,5.9,299889
2022-03-04,5.88,5.88,5.79,5.83,271160
2022-03-07,5.77,5.8,5.74,5.76,354266
2022-03-08,5.75,5.79,5.46,5.51,578569
2022-03-09,5.55,5.57,4.98,5.3,568101
2022-03-10,5.43,5.5,5.38,5.44,390444
2022-03-11,5.42,5.59,5.28,5.58,424122
2022-03-14,5.52,5.63,5.49,5.53,352823
2022-03-15,5.52,5.52,5.19,5.22,483062
2022-03-16,5.34,5.46,5.12,5.42,516215
2022-03-17,5.5,5.58,5.46,5.48,460749
2022-03-18,5.43,5.52,5.35,5.47,349171
2022-03-21,5.45,5.49,5.35,5.43,312021
2022-03-22,5.36,5.48,5.35,5.47,314431
2022-03-23,5.48,5.51,5.44,5.5,230711
2022-03-24,5.47,5.47,5.38,5.39,236007
2022-03-25,5.42,5.42,5.3,5.33,226990
2022-03-28,5.31,5.35,5.17,5.31,208959
2022-03-29,5.31,5.33,5.22,5.27,179255
2022-03-30,5.29,5.47,5.28,5.46,334532
2022-03-31,5.41,5.47,5.36,5.38,302779
2022-04-01,5.34,5.4,5.28,5.39,265387
2022-04-06,5.36,5.64,5.32,5.59,550135
2022-04-07,5.55,5.59,5.44,5.44,432984
2022-04-08,5.49,5.97,5.46,5.88,1538924
2022-04-11,5.84,5.84,5.64,5.7,768469
2022-04-12,5.66,5.78,5.59,5.72,612798
2022-04-13,5.64,5.66,5.5,5.53,491364
2022-04-14,5.53,5.68,5.52,5.6,410217
2022-04-15,5.55,5.63,5.39,5.42,450111
2022-04-18,5.35,5.38,5.24,5.3,306181
2022-04-19,5.29,5.36,5.27,5.31,248898
2022-04-20,5.31,5.34,5.19,5.21,320118
2022-04-21,5.22,5.22,5.01,5.03,374598
2022-04-22,4.99,5.08,4.91,5.03,251050
2022-04-25,4.89,4.94,4.61,4.61,469124
2022-04-26,4.65,4.68,4.43,4.46,349772
2022-04-27,4.23,4.56,4.2,4.54,652437
2022-04-28,4.49,4.53,4.24,4.35,518792
2022-04-29,4.38,4.57,4.31,4.54,554779
2022-05-05,4.54,4.7,4.51,4.66,457385
2022-05-06,4.54,4.62,4.52,4.53,266871
2022-05-09,4.53,4.59,4.47,4.49,202061
2022-05-10,4.47,4.55,4.35,4.52,358318
2022-05-11,4.53,4.67,4.5,4.55,456865
2022-05-12,4.52,4.58,4.47,4.54,290439
2022-05-13,4.55,4.69,4.55,4.6,421915
2022-05-16,4.65,4.71,4.58,4.6,340277
2022-05-17,4.6,4.6,4.49,4.57,269484
2022-05-18,4.58,4.58,4.51,4.52,261868
2022-05-19,4.44,4.49,4.41,4.48,290699
2022-05-20,4.49,4.63,4.48,4.61,469873
2022-05-23,4.61,4.63,4.57,4.62,296110
2022-05-24,4.63,4.67,4.42,4.44,429940
2022-05-25,4.42,4.49,4.42,4.49,234164
2022-05-26,4.51,4.76,4.5,4.69,741597
2022-05-27,4.72,4.74,4.62,4.68,440304
2022-05-30,4.7,4.72,4.59,4.62,293549
2022-05-31,4.63,4.68,4.6,4.67,298475
2022-06-01,4.68,4.69,4.63,4.68,293574
2022-06-02,4.68,4.79,4.66,4.78,384329
2022-06-06,4.78,4.83,4.75,4.82,418293
2022-06-07,4.82,4.87,4.75,4.79,348893
2022-06-08,4.79,4.81,4.67,4.76,415945
2022-06-09,4.76,4.79,4.66,4.7,283508
2022-06-10,4.67,4.73,4.64,4.72,345368
2022-06-13,4.65,4.88,4.64,4.78,604735
2022-06-14,4.73,4.85,4.65,4.84,499403
2022-06-15,4.88,4.99,4.85,4.89,742504
2022-06-16,4.91,4.94,4.81,4.82,490003
2022-06-17,4.76,4.82,4.72,4.78,422184
2022-06-20,4.78,4.85,4.75,4.85,403448
2022-06-21,4.82,4.86,4.76,4.82,305654
2022-06-22,4.82,4.82,4.69,4.69,393534
2022-06-23,4.68,4.74,4.66,4.74,296500
2022-06-24,4.77,4.77,4.67,4.71,396368
2022-06-27,4.69,4.89,4.69,4.83,776715
2022-06-28,4.84,4.9,4.82,4.9,477225
2022-06-29,4.89,4.98,4.83,4.83,598872
2022-06-30,4.84,4.93,4.83,4.9,432831
2022-07-01,4.93,5.44,4.93,5.2,1665330
2022-07-04,5.26,5.28,5.14,5.19,871490
2022-07-05,5.15,5.19,4.98,5.08,735353
2022-07-06,5.04,5.05,4.95,5.01,472226
2022-07-07,4.99,5.06,4.99,5.05,464202
2022-07-08,5.08,5.14,5.05,5.08,485181
2022-07-11,5.08,5.09,4.98,5.02,333249
2022-07-12,5.0,5.04,4.95,4.96,309911
2022-07-13,5.01,5.11,4.95,5.04,367121
2022-07-14,5.01,5.01,4.96,4.97,264555
2022-07-15,4.92,4.92,4.74,4.75,598310
2022-07-18,4.75,4.88,4.72,4.86,296006
2022-07-19,4.85,4.88,4.8,4.87,210587
2022-07-20,4.91,5.13,4.88,5.11,703952
2022-07-21,5.37,5.51,5.24,5.24,1359122
2022-07-22,5.23,5.33,5.19,5.27,694352
2022-07-25,5.31,5.42,5.31,5.34,590520
2022-07-26,5.36,5.38,5.29,5.32,379196
2022-07-27,5.3,5.31,5.25,5.27,296998
2022-07-28,5.28,5.34,5.27,5.29,303279
2022-07-29,5.27,5.32,5.19,5.2,451312
2022-08-01,5.2,5.27,5.16,5.24,254561
2022-08-02,5.2,5.21,5.06,5.13,523749
2022-08-03,5.12,5.19,4.96,4.99,349547
2022-08-04,5.0,5.05,4.96,5.03,223360
2022-08-05,5.03,5.11,5.01,5.11,210905
2022-08-08,5.11,5.14,5.07,5.1,150442
2022-08-09,5.1,5.1,5.03,5.04,201577
2022-08-10,5.04,5.07,5.02,5.03,157371
2022-08-11,5.04,5.19,5.04,5.18,302922
2022-08-12,5.17,5.23,5.15,5.22,232830
2022-08-15,5.2,5.25,5.17,5.21,212439
2022-08-16,5.21,5.25,5.2,5.21,190802
2022-08-17,5.22,5.24,5.12,5.2,185823
2022-08-18,5.19,5.19,5.09,5.12,234204
2022-08-19,5.11,5.15,5.06,5.08,248368
2022-08-22,5.06,5.09,5.03,5.09,246051
2022-08-23,5.07,5.07,5.03,5.04,230400
2022-08-24,5.06,5.07,4.92,4.94,287001
2022-08-25,4.94,4.97,4.86,4.93,206213
2022-08-26,4.93,4.95,4.9,4.9,147384
2022-08-29,4.83,4.91,4.8,4.89,153505
2022-08-30,4.9,4.96,4.88,4.9,130163
2022-08-31,4.9,4.91,4.82,4.83,216344
2022-09-01,4.83,4.93,4.83,4.88,182976
2022-09-02,4.88,4.91,4.87,4.88,135860
2022-09-05,4.88,4.9,4.85,4.88,164078
2022-09-06,4.89,4.98,4.89,4.95,154763
2022-09-07,4.94,4.95,4.91,4.92,109302
2022-09-08,4.92,4.95,4.9,4.94,129762
2022-09-09,4.93,5.09,4.93,5.07,382214
2022-09-13,5.07,5.13,5.04,5.06,175042
2022-09-14,5.01,5.09,4.98,5.03,182131
2022-09-15,5.06,5.08,4.96,5.01,239674
2022-09-16,5.01,5.03,4.83,4.84,272474
2022-09-19,4.84,4.91,4.79,4.87,219261
2022-09-20,4.87,4.92,4.85,4.85,104833
2022-09-21,4.85,4.95,4.82,4.91,189975
2022-09-22,4.9,4.94,4.87,4.91,167164
2022-09-23,4.89,4.97,4.87,4.89,145649
2022-09-26,4.88,4.89,4.72,4.74,214730
2022-09-27,4.74,4.82,4.72,4.82,131153
2022-09-28,4.82,4.83,4.64,4.65,181362
2022-09-29,4.69,4.72,4.56,4.6,160003
2022-09-30,4.59,4.66,4.57,4.6,134634
2022-10-10,4.6,4.7,4.58,4.6,127342
2022-10-11,4.61,4.65,4.58,4.63,110436
2022-10-12,4.64,4.88,4.62,4.88,314996
2022-10-13,4.88,4.97,4.84,4.93,224838
2022-10-14,4.94,4.99,4.92,4.93,195161
2022-10-17,4.94,4.95,4.89,4.89,231537
2022-10-18,4.92,4.93,4.8,4.81,244681
2022-10-19,4.8,4.83,4.72,4.72,167576
2022-10-20,4.73,4.77,4.68,4.69,152740
2022-10-21,4.69,4.76,4.64,4.66,164171
2022-10-24,4.66,4.72,4.53,4.56,293114
2022-10-25,4.58,4.64,4.46,4.6,176053
2022-10-26,4.61,4.7,4.61,4.64,159550
2022-10-27,4.68,4.7,4.64,4.65,130076
2022-10-28,4.65,4.67,4.51,4.55,161206
2022-10-31,4.53,4.53,4.37,4.41,227715
2022-11-01,4.42,4.56,4.4,4.56,315747
2022-11-02,4.54,4.6,4.49,4.57,255908
2022-11-03,4.56,4.57,4.51,4.55,162374
2022-11-04,4.55,4.66,4.54,4.64,266616
2022-11-07,4.64,4.68,4.61,4.66,204743
2022-11-08,4.67,4.68,4.61,4.64,148132
2022-11-09,4.65,4.66,4.62,4.63,117844
2022-11-10,4.62,4.63,4.55,4.6,193348
2022-11-11,4.69,4.82,4.65,4.77,498138
2022-11-14,4.77,4.91,4.77,4.82,670430
2022-11-15,4.8,4.88,4.78,4.86,281193
2022-11-16,4.88,4.9,4.79,4.81,194817
2022-11-17,4.81,4.82,4.74,4.79,187935
2022-11-18,4.8,4.81,4.72,4.73,186882
2022-11-21,4.73,4.73,4.66,4.68,188662
2022-11-22,4.69,4.79,4.66,4.72,260383
2022-11-23,4.72,4.84,4.69,4.78,278099
2022-11-24,4.79,4.84,4.77,4.81,180754
2022-11-25,4.79,4.88,4.76,4.85,308363
2022-11-28,4.81,4.82,4.71,4.75,209755
2022-11-29,4.79,4.97,4.78,4.97,548942
2022-11-30,4.95,4.97,4.87,4.9,292291
2022-12-01,4.95,4.96,4.86,4.87,268323
2022-12-02,4.86,4.89,4.82,4.85,211864
2022-12-05,4.86,5.04,4.86,5.02,471596
2022-12-06,5.02,5.03,4.95,4.99,224893
2022-12-07,4.96,5.0,4.91,4.94,253772
2022-12-08,4.98,4.99,4.92,4.95,206360
2022-12-09,4.94,5.08,4.91,5.03,556978
2022-12-12,5.01,5.02,4.87,4.88,354329
2022-12-13,4.88,4.91,4.84,4.89,180027
2022-12-14,4.88,4.92,4.86,4.88,148732
2022-12-15,4.86,4.89,4.79,4.8,180452
2022-12-16,4.78,4.88,4.77,4.84,177683
2022-12-19,4.81,4.85,4.66,4.68,212523
2022-12-20,4.68,4.7,4.61,4.63,185845
2022-12-21,4.63,4.68,4.6,4.62,142707
2022-12-22,4.64,4.67,4.54,4.55,197554
2022-12-23,4.55,4.59,4.5,4.53,136632
2022-12-26,4.54,4.59,4.54,4.58,104116
2022-12-27,4.6,4.62,4.58,4.61,92290
2022-12-28,4.63,4.63,4.52,4.53,179081
2022-12-29,4.51,4.52,4.47,4.48,138012
2022-12-30,4.46,4.53,4.46,4.5,130103
2023-01-03,4.5,4.55,4.46,4.54,187334
2023-01-04,4.55,4.62,4.52,4.59,165811
2023-01-05,4.61,4.62,4.59,4.61,140215
2023-01-06,4.62,4.62,4.59,4.6,113939
2023-01-09,4.6,4.68,4.6,4.67,197773
2023-01-10,4.67,4.67,4.62,4.64,130986
2023-01-11,4.65,4.69,4.62,4.67,183419
2023-01-12,4.67,4.68,4.61,4.63,135240
2023-01-13,4.63,4.77,4.62,4.76,293283
2023-01-16,4.79,4.88,4.76,4.85,323892
2023-01-17,4.83,4.88,4.81,4.86,220658
2023-01-18,4.87,4.93,4.84,4.85,191333
2023-01-19,4.86,4.87,4.82,4.85,154768
2023-01-20,4.86,4.9,4.85,4.9,205148
2023-01-30,4.94,4.99,4.91,4.93,303400
2023-01-31,4.92,4.95,4.87,4.88,258860
2023-02-01,4.91,4.92,4.85,4.92,243332
2023-02-02,4.93,4.94,4.85,4.86,243404
2023-02-03,4.86,4.86,4.76,4.81,241905
2023-02-06,4.86,4.89,4.78,4.8,285295
2023-02-07,4.81,4.82,4.78,4.81,204390
2023-02-08,4.82,4.85,4.78,4.79,164620
2023-02-09,4.81,4.9,4.78,4.89,313720
2023-02-10,4.89,5.16,4.88,5.12,1410597
2023-02-13,5.14,5.64,5.14,5.51,1947621
2023-02-14,5.52,5.58,5.4,5.56,919660
2023-02-15,5.54,5.63,5.51,5.57,774118
2023-02-16,5.54,5.57,5.33,5.38,694992
2023-02-17,5.39,5.58,5.39,5.48,661236
2023-02-20,5.5,5.98,5.49,5.94,1793766
2023-02-21,5.94,6.06,5.81,5.93,1003372
2023-02-22,5.88,5.96,5.83,5.9,586556
2023-02-23,5.9,5.93,5.83,5.88,418843
2023-02-24,5.88,5.89,5.74,5.79,489891
2023-02-27,5.74,5.85,5.72,5.77,417920
2023-02-28,5.77,5.81,5.69,5.77,367029
2023-03-01,5.77,5.89,5.74,5.86,495092
2023-03-02,5.83,5.94,5.82,5.91,426137
2023-03-03,5.87,5.93,5.86,5.92,343434
2023-03-06,5.92,5.92,5.76,5.8,816544
2023-03-07,5.77,5.86,5.7,5.71,425756
2023-03-08,5.68,5.74,5.64,5.72,290553
2023-03-09,5.73,5.74,5.56,5.59,365918
2023-03-10,5.58,5.61,5.47,5.49,368540
2023-03-13,5.49,5.63,5.48,5.54,314243
2023-03-14,5.6,5.6,5.4,5.43,304813
2023-03-15,5.48,5.61,5.44,5.54,290307
2023-03-16,5.54,5.58,5.36,5.39,378110
2023-03-17,5.45,5.54,5.43,5.46,289169
2023-03-20,5.49,5.68,5.43,5.45,541907
2023-03-21,5.46,5.51,5.39,5.42,290344
2023-03-22,5.45,5.48,5.39,5.41,229713
2023-03-23,5.4,5.41,5.31,5.38,318572
2023-03-24,5.39,5.4,5.21,5.29,413645
2023-03-27,5.29,5.3,5.19,5.23,286701
2023-03-28,5.24,5.3,5.2,5.21,220330
2023-03-29,5.25,5.25,5.17,5.22,224639
2023-03-30,5.26,5.3,5.14,5.23,307314
2023-03-31,5.26,5.35,5.23,5.27,342905
2023-04-03,5.3,5.54,5.26,5.49,554551
2023-04-04,5.49,5.52,5.43,5.5,336748
2023-04-06,5.49,5.54,5.44,5.51,249001
2023-04-07,5.54,5.54,5.44,5.45,190051
2023-04-10,5.46,5.48,5.39,5.41,186018
2023-04-11,5.43,5.46,5.36,5.46,202407
2023-04-12,5.5,5.51,5.39,5.41,249140
2023-04-13,5.4,5.43,5.35,5.37,194212
2023-04-14,5.37,5.39,5.3,5.33,305628
2023-04-17,5.35,5.49,5.32,5.47,331783
2023-04-18,5.48,5.6,5.45,5.51,420281
2023-04-19,5.53,5.54,5.46,5.47,235728
2023-04-20,5.45,5.5,5.41,5.47,193082
2023-04-21,5.48,5.6,5.34,5.36,452560
2023-04-24,5.36,5.37,5.08,5.11,496713
2023-04-25,5.14,5.23,5.07,5.16,314519
2023-04-26,5.15,5.21,5.11,5.17,172239
2023-04-27,5.18,5.26,5.13,5.25,216925
2023-04-28,5.25,5.55,5.24,5.54,491708
2023-05-04,5.53,5.67,5.48,5.64,475203
2023-05-05,5.68,5.68,5.57,5.64,383254
2023-05-08,5.65,5.7,5.6,5.66,406003
2023-05-09,5.68,5.77,5.62,5.63,450755
2023-05-10,5.64,5.68,5.56,5.59,272453
2023-05-11,5.62,5.64,5.56,5.57,176342
2023-05-12,5.57,5.61,5.49,5.49,179029
2023-05-15,5.49,5.54,5.37,5.5,266315
2023-05-16,5.51,5.51,5.43,5.45,191917
2023-05-17,5.46,5.56,5.42,5.48,206107
2023-05-18,5.5,5.56,5.47,5.52,182751
2023-05-19,5.51,5.52,5.36,5.37,252050
2023-05-22,5.32,5.38,5.28,5.36,253512
2023-05-23,5.36,5.39,5.31,5.31,170731
2023-05-24,5.3,5.3,5.14,5.15,316972
2023-05-25,5.15,5.21,5.13,5.19,175652
2023-05-26,5.19,5.25,5.14,5.24,148974
2023-05-29,5.31,5.36,5.21,5.26,255144
2023-05-30,5.31,5.49,5.21,5.3,553379
2023-05-31,5.33,5.41,5.25,5.39,454217
2023-06-01,5.41,5.48,5.34,5.41,488122
2023-06-02,5.44,5.55,5.41,5.52,502066
2023-06-05,5.56,5.56,5.48,5.53,357699
2023-06-06,5.52,5.56,5.42,5.43,306631
2023-06-07,5.44,5.47,5.39,5.4,187836
2023-06-08,5.42,5.51,5.36,5.51,310883
2023-06-09,5.5,5.53,5.46,5.53,226377
2023-06-12,5.52,5.56,5.47,5.5,224857
2023-06-13,5.49,5.52,5.46,5.51,166747
2023-06-14,5.53,5.7,5.51,5.65,520253
2023-06-15,5.65,5.72,5.61,5.7,410917
2023-06-16,5.7,5.79,5.67,5.73,394161
2023-06-19,5.75,5.77,5.69,5.72,257254
2023-06-20,5.72,5.79,5.7,5.76,270725
2023-06-21,5.75,5.76,5.68,5.68,246962
2023-06-26,5.68,5.76,5.62,5.64,311681
2023-06-27,5.66,5.71,5.62,5.7,247588
2023-06-28,5.71,5.75,5.67,5.74,214273
2023-06-29,5.8,5.85,5.73,5.81,376897
2023-06-30,5.76,5.82,5.68,5.81,429678
2023-07-03,5.81,5.85,5.74,5.8,319659
2023-07-04,5.79,5.85,5.74,5.77,261899
2023-07-05,5.77,5.79,5.72,5.74,189882
2023-07-06,5.72,5.75,5.67,5.72,210984
2023-07-07,5.73,5.85,5.68,5.77,242749
2023-07-10,5.8,5.8,5.69,5.71,198216
2023-07-11,5.71,5.8,5.67,5.8,226597
2023-07-12,5.8,5.84,5.68,5.7,204038
2023-07-13,5.73,5.76,5.7,5.75,147720
2023-07-14,5.75,6.04,5.74,5.98,681251
2023-07-17,5.96,6.11,5.93,6.06,437966
2023-07-18,6.06,6.16,5.98,6.12,422372
2023-07-19,6.1,6.17,6.09,6.13,337214
2023-07-20,6.13,6.18,6.02,6.04,523225
2023-07-21,6.1,6.1,5.96,6.0,400959
2023-07-24,6.06,6.06,5.92,5.99,329423
2023-07-25,6.02,6.27,6.01,6.25,768802
2023-07-26,6.25,6.26,6.09,6.14,425217
2023-07-27,6.16,6.19,6.09,6.11,346086
2023-07-28,6.1,6.26,6.08,6.25,443061
2023-07-31,6.27,6.36,6.22,6.27,425845
2023-08-01,6.28,6.32,6.2,6.24,341896
2023-08-02,6.25,6.36,6.22,6.32,493553
2023-08-03,6.29,6.35,6.22,6.33,319974
2023-08-04,6.33,6.43,6.23,6.24,324428
2023-08-07,6.22,6.24,6.11,6.2,291693
2023-08-08,6.2,6.21,6.11,6.16,235533
2023-08-09,6.12,6.15,6.03,6.09,355179
2023-08-10,6.07,6.14,6.06,6.13,170771
2023-08-11,6.13,6.14,5.89,5.91,338528
2023-08-14,5.84,5.87,5.75,5.86,275197
2023-08-15,5.88,5.98,5.82,5.94,262317
2023-08-16,5.93,5.94,5.84,5.88,170599
2023-08-17,5.84,5.88,5.78,5.86,273507
2023-08-18,5.85,5.87,5.75,5.75,196618
2023-08-21,5.73,5.79,5.64,5.66,218683
2023-08-22,5.68,5.74,5.6,5.69,232153
2023-08-23,5.69,5.71,5.6,5.61,220593
2023-08-24,5.61,5.66,5.54,5.55,237188
2023-08-25,5.54,5.61,5.47,5.55,220101
2023-08-28,5.86,5.88,5.71,5.74,423798
2023-08-29,5.73,5.77,5.66,5.67,355243
2023-08-30,5.68,5.75,5.67,5.69,212890
2023-08-31,5.83,6.03,5.77,5.84,651664
2023-09-01,5.84,6.13,5.82,6.11,697169
2023-09-04,6.11,6.41,6.11,6.34,1083120
2023-09-05,6.37,6.45,6.29,6.42,1035038
2023-09-06,6.4,6.4,6.25,6.36,612025
2023-09-07,6.38,6.48,6.28,6.3,431650
2023-09-08,6.3,6.3,6.19,6.26,296037
2023-09-11,6.29,6.37,6.26,6.34,373530
2023-09-12,6.36,6.36,6.26,6.28,269658
2023-09-13,6.28,6.32,6.2,6.24,220368
2023-09-14,6.27,6.31,6.2,6.28,324851
2023-09-15,6.27,6.32,6.2,6.23,371571
2023-09-18,6.23,6.26,6.18,6.21,239999
2023-09-19,6.22,6.27,6.18,6.25,263068
2023-09-20,6.24,6.3,6.17,6.26,332086
2023-09-21,6.25,6.31,6.22,6.24,275266
2023-09-22,6.23,6.3,6.19,6.28,290968
2023-09-25,6.27,6.3,6.22,6.25,284046
2023-09-26,6.28,6.35,6.26,6.3,253459
2023-09-27,6.29,6.35,6.26,6.27,240807
2023-09-28,6.26,6.29,6.2,6.23,253617
2023-10-09,6.19,6.34,6.17,6.28,328353
2023-10-10,6.33,6.33,6.07,6.09,454474
2023-10-11,6.1,6.21,6.07,6.08,306546
2023-10-12,6.1,6.15,6.08,6.1,194455
2023-10-13,6.09,6.11,5.99,6.04,254315
2023-10-16,6.06,6.07,5.95,5.98,227975
2023-10-17,6.0,6.02,5.93,5.98,182540
2023-10-18,5.98,6.01,5.88,5.89,186292
2023-10-19,5.85,5.92,5.76,5.77,224811
2023-10-20,5.77,5.8,5.7,5.72,190425
2023-10-23,5.72,5.75,5.63,5.66,220138
2023-10-24,5.7,5.76,5.57,5.61,307759
2023-10-25,5.83,5.94,5.76,5.85,608812
2023-10-26,5.83,5.91,5.76,5.89,279430
2023-10-27,5.89,6.05,5.86,6.04,283456
2023-10-30,6.01,6.02,5.84,5.94,389307
2023-10-31,5.99,6.04,5.78,5.8,498763
2023-11-01,5.83,5.83,5.64,5.66,458815
2023-11-02,5.65,5.75,5.63,5.68,313769
2023-11-03,5.73,5.88,5.68,5.81,353000
2023-11-06,5.86,5.87,5.71,5.83,385415
2023-11-07,5.83,5.87,5.8,5.85,240588
2023-11-08,5.85,5.88,5.78,5.79,211392
2023-11-09,5.8,5.87,5.78,5.84,206620
2023-11-10,5.82,5.86,5.78,5.81,146552
2023-11-13,5.82,5.83,5.76,5.81,152194
2023-11-14,5.79,5.87,5.78,5.86,184922
2023-11-15,5.89,5.95,5.86,5.94,216562
2023-11-16,5.93,5.98,5.9,5.94,224216
2023-11-17,5.93,5.93,5.84,5.87,175142
2023-11-20,5.88,5.9,5.78,5.88,196597
2023-11-21,5.9,5.97,5.83,5.83,259253
2023-11-22,5.82,5.85,5.73,5.73,221795
2023-11-23,5.73,5.87,5.73,5.84,180817
2023-11-24,5.84,5.86,5.79,5.84,144219
2023-11-27,5.82,5.88,5.73,5.85,224528
2023-11-28,5.85,5.85,5.77,5.79,233959
2023-11-29,5.82,5.84,5.73,5.73,210240
2023-11-30,5.75,5.86,5.72,5.83,260197
2023-12-01,5.83,5.85,5.77,5.78,218063
2023-12-04,5.8,5.85,5.77,5.83,201593
2023-12-05,5.81,5.81,5.71,5.72,241743
2023-12-06,5.71,5.77,5.65,5.72,177153
2023-12-07,5.73,5.83,5.71,5.8,238157
2023-12-08,5.8,5.93,5.71,5.72,281616
2023-12-11,5.7,5.76,5.61,5.74,282659
2023-12-12,5.75,5.79,5.7,5.75,131151
2023-12-13,5.76,5.76,5.64,5.64,193015
2023-12-14,5.65,5.7,5.58,5.6,212350
2023-12-15,5.63,5.71,5.59,5.59,185030
2023-12-18,5.6,5.65,5.48,5.61,195497
2023-12-19,5.61,5.7,5.55,5.69,198853
2023-12-20,5.71,5.83,5.68,5.76,357719
2023-12-21,5.77,5.84,5.68,5.83,356389
2023-12-22,5.84,5.87,5.8,5.84,283439
2023-12-25,5.82,5.91,5.81,5.9,248767
2023-12-26,5.9,5.92,5.79,5.84,180363
2023-12-27,5.84,5.93,5.8,5.92,228873
2023-12-28,5.94,5.96,5.9,5.95,283769
2023-12-29,5.93,5.98,5.9,5.91,231132
2024-01-02,5.93,6.05,5.87,6.01,369054
2024-01-03,6.0,6.06,5.98,6.05,224629
2024-01-04,6.05,6.06,5.98,6.04,216022
2024-01-05,6.03,6.09,5.97,6.0,227565
2024-01-08,5.98,6.02,5.94,5.95,229329
2024-01-09,5.94,6.0,5.88,5.98,296244
2024-01-10,5.95,6.03,5.93,5.97,257981
2024-01-11,5.98,6.03,5.88,5.98,255440
2024-01-12,5.94,6.05,5.93,5.97,245693
2024-01-15,5.95,6.06,5.92,6.04,264687
2024-01-16,6.03,6.26,6.01,6.26,640807
2024-01-17,6.26,6.58,6.25,6.42,1070318
2024-01-18,6.37,6.49,6.31,6.47,830609
2024-01-19,6.47,6.6,6.39,6.47,645970
2024-01-22,6.46,6.51,6.26,6.31,600054
2024-01-23,6.29,6.48,6.21,6.42,616542
2024-01-24,6.41,6.67,6.4,6.59,675271
2024-01-25,6.57,6.65,6.51,6.63,650721
2024-01-26,6.63,6.73,6.6,6.67,568564
2024-01-29,6.68,6.83,6.67,6.75,692287
2024-01-30,6.72,6.86,6.67,6.75,674612
2024-01-31,6.72,6.75,6.54,6.58,578036
2024-02-01,6.54,6.65,6.49,6.58,542089
2024-02-02,6.6,6.83,6.55,6.73,802017
2024-02-05,6.73,6.91,6.68,6.82,850882
2024-02-06,6.77,7.17,6.72,7.17,1042615
2024-02-07,7.18,7.21,6.98,7.1,950106
2024-02-08,7.07,7.22,7.0,7.12,737737
2024-02-19,7.14,7.3,7.03,7.3,758363
2024-02-20,7.29,7.56,7.21,7.53,658197
2024-02-21,7.48,7.63,7.41,7.42,651990
2024-02-22,7.39,7.52,7.36,7.52,478341
2024-02-23,7.51,7.58,7.24,7.35,729432
2024-02-26,7.39,7.48,7.33,7.39,522281
2024-02-27,7.38,7.47,7.31,7.39,487974
2024-02-28,7.37,7.38,7.13,7.17,751205
2024-02-29,7.14,7.41,7.13,7.38,571480
2024-03-01,7.4,7.53,7.33,7.38,500584
2024-03-04,7.34,7.47,7.33,7.38,407297
2024-03-05,7.37,7.43,7.31,7.41,353730
2024-03-06,7.42,7.72,7.39,7.64,799733
2024-03-07,7.65,7.77,7.6,7.61,475415
2024-03-08,7.61,7.66,7.43,7.49,600498
2024-03-11,7.48,7.56,7.23,7.33,611986
2024-03-12,7.3,7.31,7.08,7.17,558497
2024-03-13,7.16,7.22,7.01,7.02,633909
2024-03-14,7.04,7.32,7.03,7.26,785649
2024-03-15,7.25,7.32,7.13,7.17,451633
2024-03-18,7.18,7.42,7.16,7.36,590540
2024-03-19,7.32,7.39,7.23,7.23,341600
2024-03-20,7.21,7.27,7.1,7.15,365178
2024-03-21,7.17,7.19,7.07,7.1,329295
2024-03-22,7.07,7.21,7.06,7.1,502054
2024-03-25,7.13,7.48,7.11,7.33,757728
2024-03-26,7.3,7.47,7.28,7.44,567728
2024-03-27,7.44,7.51,7.3,7.3,380848
2024-03-28,7.3,7.47,7.22,7.41,367443
2024-03-29,7.46,7.59,7.36,7.59,625411
2024-04-01,7.63,7.96,7.63,7.89,825115
2024-04-02,7.9,7.99,7.78,7.87,421682
2024-04-03,7.87,7.88,7.78,7.86,328990
2024-04-08,7.74,8.12,7.74,8.04,651206
2024-04-09,8.01,8.16,7.88,7.91,405832
2024-04-10,7.92,8.3,7.92,8.17,756662
2024-04-11,8.12,8.66,8.07,8.5,1065546
2024-04-12,8.5,8.56,8.37,8.43,478095
2024-04-15,8.42,8.68,8.37,8.63,841671
2024-04-16,8.56,8.61,8.33,8.45,623199
2024-04-17,8.43,8.75,8.29,8.73,850275
2024-04-18,8.68,8.91,8.54,8.6,663958
2024-04-19,8.5,8.67,8.48,8.59,407727
2024-04-22,8.56,8.63,8.14,8.2,913477
2024-04-23,8.2,8.23,7.89,7.95,675013
2024-04-24,7.98,8.02,7.83,7.97,604778
2024-04-25,7.92,8.04,7.88,7.92,398201
2024-04-26,7.89,8.02,7.79,8.0,636906
2024-04-29,8.0,8.11,7.87,7.88,591425
2024-04-30,7.9,7.93,7.66,7.89,808212
2024-05-06,7.9,8.22,7.67,8.16,1128195
2024-05-07,8.08,8.2,7.96,8.08,663791
2024-05-08,8.07,8.07,7.95,7.98,342242
2024-05-09,7.97,8.58,7.96,8.46,974695
2024-05-10,8.44,8.46,8.24,8.37,496338
2024-05-13,8.3,8.43,8.19,8.32,509226
2024-05-14,8.3,8.41,8.08,8.1,556910
2024-05-15,8.04,8.2,8.03,8.06,360965
2024-05-16,8.05,8.12,7.96,7.99,345170
2024-05-17,7.97,8.02,7.65,7.76,665424
2024-05-20,7.76,7.88,7.63,7.82,571830
2024-05-21,7.78,7.89,7.7,7.83,316676
2024-05-22,7.82,7.84,7.66,7.69,371285
2024-05-23,7.65,7.71,7.47,7.52,542277
2024-05-24,7.53,7.73,7.49,7.63,462252
2024-05-27,7.58,7.71,7.56,7.68,341352
2024-05-28,7.69,7.74,7.51,7.54,336643
2024-05-29,7.51,7.54,7.39,7.41,371109
2024-05-30,7.4,7.42,7.23,7.25,568128
2024-05-31,7.28,7.43,7.27,7.41,499631
2024-06-03,7.38,7.53,7.36,7.46,470984
2024-06-04,7.43,7.62,7.36,7.6,423996
2024-06-05,7.59,7.62,7.29,7.31,487934
2024-06-06,7.29,7.43,7.23,7.37,510578
2024-06-07,7.35,7.58,7.33,7.49,466559
2024-06-11,7.47,7.52,7.22,7.35,477264
2024-06-12,7.31,7.51,7.26,7.45,336480
2024-06-13,7.44,7.47,7.26,7.29,288119
2024-06-14,7.26,7.45,7.26,7.36,329326
2024-06-17,7.37,7.42,7.14,7.17,430785
2024-06-18,7.17,7.37,7.01,7.31,588671
2024-06-19,7.31,7.33,7.16,7.22,283707
2024-06-20,7.19,7.3,7.12,7.16,276298
2024-06-21,7.16,7.32,7.15,7.27,412750
2024-06-24,7.28,7.38,7.14,7.17,436402
2024-06-25,7.16,7.33,7.14,7.21,430504
2024-06-26,7.17,7.22,7.07,7.18,317469
2024-06-27,7.17,7.17,6.91,6.92,631085
2024-06-28,6.9,7.15,6.9,7.06,553547
2024-07-01,7.09,7.2,7.02,7.18,404476
2024-07-02,7.22,7.26,6.81,7.01,710826
2024-07-03,6.95,6.98,6.72,6.74,539335
2024-07-04,6.76,6.8,6.66,6.72,392175
2024-07-05,6.72,6.79,6.65,6.77,274560
2024-07-08,6.75,6.76,6.63,6.65,336941
2024-07-09,6.63,6.84,6.56,6.8,489955
2024-07-10,6.76,6.79,6.67,6.7,379024
2024-07-11,6.75,7.08,6.75,6.99,521251
2024-07-12,6.93,6.98,6.81,6.82,316455
2024-07-15,6.78,6.86,6.72,6.76,263849
2024-07-16,6.76,6.77,6.62,6.64,306014
2024-07-17,6.65,6.67,6.46,6.54,405304
2024-07-18,6.52,6.61,6.47,6.55,293687
2024-07-19,6.55,6.69,6.49,6.68,369073
2024-07-22,6.67,6.69,6.5,6.54,347108
2024-07-23,6.53,6.59,6.39,6.39,292298
2024-07-24,6.38,6.45,6.33,6.36,418843
2024-07-25,6.33,6.35,6.12,6.19,633781
2024-07-26,6.21,6.48,6.2,6.45,538183
2024-07-29,6.43,6.45,6.35,6.37,285160
2024-07-30,6.33,6.35,6.18,6.28,293566
2024-07-31,6.3,6.48,6.22,6.43,399460
2024-08-01,6.45,6.52,6.39,6.41,353542
2024-08-02,6.37,6.39,6.26,6.28,266829
2024-08-05,6.26,6.35,6.17,6.18,360507
2024-08-06,6.21,6.27,6.15,6.22,300170
2024-08-07,6.19,6.32,6.19,6.24,274356
2024-08-08,6.22,6.27,6.15,6.19,255693
2024-08-09,6.21,6.38,6.15,6.17,448922
2024-08-12,6.17,6.22,6.11,6.17,260801
2024-08-13,6.16,6.22,6.01,6.14,405962
2024-08-14,6.14,6.15,6.0,6.01,255225
2024-08-15,5.99,6.2,5.96,6.19,465357
2024-08-16,6.19,6.29,6.16,6.18,386743
2024-08-19,6.18,6.43,6.16,6.43,506952
2024-08-20,6.46,6.48,6.3,6.35,349166
2024-08-21,6.3,6.37,6.13,6.17,374405
2024-08-22,6.15,6.21,6.06,6.08,264382
2024-08-23,6.09,6.25,6.06,6.2,300637
2024-08-26,6.2,6.26,6.07,6.16,306453
2024-08-27,6.16,6.19,6.03,6.06,253959
2024-08-28,6.03,6.11,6.0,6.05,320126
2024-08-29,6.01,6.06,5.96,5.96,375433
2024-08-30,5.98,6.12,5.78,6.02,790477
2024-09-02,6.01,6.04,5.84,5.84,581622
2024-09-03,5.84,5.87,5.74,5.82,523899
2024-09-04,5.78,5.79,5.69,5.73,462219
2024-09-05,5.74,5.8,5.69,5.72,372393
2024-09-06,5.71,5.75,5.64,5.65,292715
2024-09-09,5.63,5.64,5.48,5.53,434900
2024-09-10,5.55,5.62,5.46,5.6,391040
2024-09-11,5.56,5.7,5.53,5.69,392992
2024-09-12,5.7,5.8,5.56,5.57,373004
2024-09-13,5.55,5.58,5.45,5.45,349447
2024-09-18,5.46,5.65,5.42,5.62,390328
2024-09-19,5.67,5.8,5.6,5.73,601999
2024-09-20,5.71,5.71,5.56,5.67,484642
2024-09-23,5.69,5.82,5.67,5.8,514630
2024-09-24,5.82,6.1,5.79,6.09,837213
2024-09-25,6.22,6.46,6.18,6.21,952172
2024-09-26,6.21,6.53,6.17,6.53,726261
2024-09-27,6.6,7.0,6.6,6.83,1160428
2024-09-30,7.07,7.34,6.8,7.28,1881813
2024-10-08,8.03,8.03,7.06,7.36,2157995
2024-10-09,7.15,7.17,6.59,6.59,1732009
2024-10-10,6.61,7.03,6.59,6.83,1282371
2024-10-11,6.83,6.83,6.57,6.63,704305
2024-10-14,6.67,6.83,6.64,6.8,774720
2024-10-15,6.81,6.82,6.58,6.59,706818
2024-10-16,6.54,6.63,6.47,6.52,500853
2024-10-17,6.52,6.6,6.41,6.42,524342
2024-10-18,6.45,6.73,6.43,6.63,944510
2024-10-21,6.65,6.69,6.5,6.54,750684
2024-10-22,6.54,6.61,6.5,6.55,561398
2024-10-23,6.56,6.67,6.51,6.63,756873
2024-10-24,6.6,6.72,6.56,6.59,726459
2024-10-25,6.59,6.63,6.54,6.56,670416
2024-10-28,6.57,6.63,6.49,6.63,612053
2024-10-29,6.64,6.66,6.42,6.44,851617
2024-10-30,6.42,6.62,6.41,6.51,642847
2024-10-31,6.54,6.78,6.5,6.65,1196548
2024-11-01,6.66,6.93,6.61,6.83,1221863
2024-11-04,6.92,6.95,6.74,6.91,969992
2024-11-05,6.91,7.1,6.84,7.09,1165146
2024-11-06,7.1,7.2,7.02,7.08,1037639
2024-11-07,7.03,7.25,7.0,7.25,805525
2024-11-08,7.29,7.32,7.1,7.13,844777
2024-11-11,7.14,7.18,6.97,7.09,841947
2024-11-12,7.1,7.19,6.95,6.98,673758
2024-11-13,6.94,7.03,6.92,7.0,468476
2024-11-14,7.01,7.03,6.85,6.87,461512
2024-11-15,6.84,6.89,6.7,6.71,594455
2024-11-18,6.73,6.83,6.65,6.68,611691
2024-11-19,6.68,6.76,6.63,6.75,430244
2024-11-20,6.76,6.85,6.7,6.78,534514
2024-11-21,6.76,6.82,6.73,6.79,340015
2024-11-22,6.76,6.8,6.62,6.62,482887
2024-11-25,6.61,6.8,6.6,6.65,586231
2024-11-26,6.63,6.66,6.55,6.58,347113
2024-11-27,6.55,6.78,6.54,6.78,494628
2024-11-28,6.75,6.78,6.66,6.67,407976
2024-11-29,6.66,6.73,6.64,6.68,424747
2024-12-02,6.66,6.72,6.64,6.69,541224
2024-12-03,6.69,6.75,6.63,6.7,439588
2024-12-04,6.69,6.71,6.64,6.67,371205
2024-12-05,6.63,6.77,6.55,6.76,767564
2024-12-06,6.74,6.8,6.7,6.73,640639
2024-12-09,6.74,6.78,6.65,6.69,514345
2024-12-10,6.83,6.99,6.79,6.86,1295262
2024-12-11,6.86,6.94,6.82,6.88,521143
2024-12-12,6.89,6.94,6.83,6.94,483450
2024-12-13,6.92,6.92,6.78,6.79,611693
2024-12-16,6.79,6.82,6.66,6.69,549014
2024-12-17,6.69,6.79,6.66,6.71,385036
2024-12-18,6.71,6.77,6.68,6.69,324705
2024-12-19,6.66,6.71,6.61,6.71,330082
2024-12-20,6.7,6.74,6.61,6.61,465481
2024-12-23,6.62,6.8,6.59,6.78,844596
2024-12-24,6.76,6.95,6.74,6.94,888574
2024-12-25,6.95,6.95,6.84,6.89,383138
2024-12-26,6.91,6.93,6.83,6.91,378102
2024-12-27,6.92,6.96,6.75,6.77,703563
2024-12-30,6.75,6.88,6.74,6.87,566919
2024-12-31,6.86,7.08,6.84,6.93,977067
2025-01-02,6.91,7.0,6.63,6.7,736927
2025-01-03,6.71,6.85,6.67,6.72,654320
2025-01-06,6.71,6.79,6.66,6.77,504089
2025-01-07,6.73,6.88,6.58,6.66,672949
2025-01-08,6.65,6.7,6.51,6.64,527994
2025-01-09,6.62,6.64,6.48,6.56,477344
2025-01-10,6.55,6.6,6.43,6.43,300731
2025-01-13,6.4,6.46,6.28,6.31,416227
2025-01-14,6.32,6.79,6.29,6.78,881717
2025-01-15,6.75,6.94,6.75,6.84,746984
2025-01-16,6.87,7.16,6.87,7.04,1038249
2025-01-17,7.03,7.08,6.91,7.04,515769
2025-01-20,7.07,7.18,6.97,6.98,379167
2025-01-21,7.02,7.03,6.86,6.95,493845
2025-01-22,6.94,6.94,6.77,6.83,367978
2025-01-23,6.89,6.91,6.78,6.8,459189
2025-01-24,6.79,6.96,6.77,6.93,458042
2025-01-27,7.04,7.12,6.98,7.02,531747
2025-02-05,6.95,7.0,6.67,6.68,754507
2025-02-06,6.68,6.7,6.58,6.67,615166
2025-02-07,6.65,6.76,6.54,6.75,820514
2025-02-10,6.78,6.94,6.76,6.79,714555
2025-02-11,6.81,6.87,6.75,6.79,421336
2025-02-12,6.79,6.85,6.71,6.76,516846
2025-02-13,6.76,6.79,6.66,6.67,513700
2025-02-14,6.67,6.93,6.65,6.92,1084426
2025-02-17,6.95,7.07,6.82,6.97,843027
2025-02-18,6.97,7.03,6.82,6.84,652747
2025-02-19,6.83,7.06,6.81,7.05,749102
2025-02-20,7.04,7.11,6.99,7.1,717708
2025-02-21,7.12,7.2,7.0,7.05,831299
2025-02-24,7.22,7.42,7.16,7.32,1577064
2025-02-25,7.22,7.38,7.16,7.2,963298
2025-02-26,7.2,7.36,7.18,7.32,984447
2025-02-27,7.37,8.05,7.37,7.82,2163307
2025-02-28,7.83,7.95,7.67,7.7,1330093
2025-03-03,7.7,8.0,7.7,7.82,1361907
2025-03-04,7.72,7.82,7.59,7.6,1025968
2025-03-05,7.64,8.2,7.64,7.95,1986396
2025-03-06,7.91,7.99,7.78,7.93,1147017
2025-03-07,7.84,7.99,7.83,7.98,917730
2025-03-10,8.02,8.3,7.98,8.09,1037168
2025-03-11,7.95,8.11,7.9,8.02,661847
2025-03-12,8.03,8.03,7.88,7.92,548829
2025-03-13,7.89,7.95,7.71,7.82,864650
2025-03-14,7.81,7.85,7.68,7.81,622263
2025-03-17,7.85,7.86,7.76,7.78,420155
2025-03-18,7.79,7.85,7.71,7.83,518385
2025-03-19,7.81,7.88,7.75,7.78,329825
2025-03-20,7.8,7.82,7.68,7.72,436746
2025-03-21,7.7,7.85,7.65,7.72,503751
2025-03-24,7.7,7.85,7.66,7.72,609007
2025-03-25,7.53,7.66,7.33,7.52,1195578
2025-03-26,7.49,7.54,7.38,7.41,494986
2025-03-27,7.4,7.42,7.28,7.31,476623
2025-03-28,7.32,7.34,7.17,7.21,493237
2025-03-31,7.25,7.37,7.2,7.22,578298
2025-04-01,7.25,7.29,7.12,7.2,405231
2025-04-02,7.2,7.41,7.18,7.32,554972
2025-04-03,7.27,7.37,7.22,7.25,418669
2025-04-07,6.9,6.9,6.5,6.5,818364
2025-04-08,6.61,6.65,6.5,6.64,747049
2025-04-09,6.59,6.94,6.45,6.87,795338
2025-04-10,6.9,7.14,6.85,7.1,626325
2025-04-11,7.0,7.27,6.94,7.22,556747
2025-04-14,7.31,7.43,7.16,7.18,472484
2025-04-15,7.18,7.2,7.07,7.14,270541
2025-04-16,7.07,7.12,6.96,7.05,356556
2025-04-17,7.04,7.13,7.01,7.05,206361
2025-04-18,7.02,7.1,7.01,7.06,230075
2025-04-21,7.02,7.25,6.99,7.22,392131
2025-04-22,7.23,7.26,7.15,7.15,241812
2025-04-23,7.16,7.25,7.13,7.2,262446
2025-04-24,7.19,7.22,7.11,7.13,216918
2025-04-25,7.15,7.15,7.05,7.1,189387
2025-04-28,7.13,7.14,7.01,7.02,157318
2025-04-29,6.99,7.02,6.94,6.98,183539
2025-04-30,7.17,7.27,7.01,7.03,615131
2025-05-06,7.11,7.42,7.1,7.34,657844
2025-05-07,7.4,7.44,7.2,7.24,521632
2025-05-08,7.25,7.35,7.2,7.3,337790
2025-05-09,7.31,7.34,7.22,7.33,361203
2025-05-12,7.37,7.41,7.32,7.4,349201
2025-05-13,7.46,7.48,7.31,7.34,498474
2025-05-14,7.33,7.35,7.23,7.3,469300
2025-05-15,7.29,7.32,7.1,7.11,474473
2025-05-16,7.09,7.14,7.06,7.1,250193
2025-05-19,7.11,7.14,7.04,7.09,336427
2025-05-20,7.09,7.11,7.04,7.06,320299
2025-05-21,7.08,7.11,7.05,7.06,283709
2025-05-22,7.05,7.05,6.95,6.96,407341
2025-05-23,6.96,7.0,6.88,6.88,343334
2025-05-26,6.85,6.9,6.82,6.88,358148
2025-05-27,6.89,6.91,6.81,6.84,207144
2025-05-28,6.85,6.88,6.79,6.81,326665
2025-05-29,6.8,6.89,6.8,6.85,400436
2025-05-30,6.85,6.87,6.77,6.83,363845
2025-06-03,6.81,6.83,6.72,6.74,505959
2025-06-04,6.75,6.77,6.73,6.75,272904
2025-06-05,6.75,6.77,6.7,6.71,359861
2025-06-06,6.71,6.8,6.7,6.75,419880
2025-06-09,6.76,6.79,6.74,6.76,344359
2025-06-10,6.76,6.81,6.71,6.77,470463
2025-06-11,6.78,6.9,6.76,6.87,578908
2025-06-12,6.87,6.9,6.82,6.85,272131
2025-06-13,6.84,6.87,6.81,6.82,338825
2025-06-16,6.82,6.84,6.78,6.81,285631
2025-06-17,6.82,6.89,6.81,6.87,318425
2025-06-18,6.86,6.89,6.83,6.85,194573
2025-06-19,6.85,6.86,6.72,6.79,372730
2025-06-20,6.77,6.8,6.75,6.75,213222
2025-06-23,6.72,6.79,6.71,6.77,246480
2025-06-24,6.79,6.89,6.78,6.89,385150
2025-06-25,6.88,6.95,6.87,6.95,386821
2025-06-26,6.95,6.97,6.89,6.91,367012
2025-06-27,6.95,6.95,6.9,6.92,320577
2025-06-30,6.92,6.99,6.91,6.93,294605
2025-07-01,6.93,6.98,6.92,6.93,310612
2025-07-02,6.95,7.1,6.93,7.02,644693
2025-07-03,7.03,7.04,6.96,6.99,355565
2025-07-04,6.97,7.0,6.92,6.93,408865
2025-07-07,6.94,6.95,6.88,6.94,221971
2025-07-08,6.95,7.14,6.94,7.06,608808
2025-07-09,7.04,7.07,6.99,7.01,324463
2025-07-10,7.01,7.05,6.99,7.05,262647
2025-07-11,7.06,7.11,7.03,7.07,405442
2025-07-14,7.07,7.15,7.07,7.12,372454
2025-07-15,7.11,7.15,7.02,7.08,318986
2025-07-16,7.08,7.11,7.06,7.1,242255
2025-07-17,7.11,7.16,7.11,7.12,347433
2025-07-18,7.13,7.15,7.07,7.12,381415
2025-07-21,7.3,7.5,7.21,7.48,1466684
2025-07-22,7.55,8.22,7.45,8.09,2947560
2025-07-23,8.09,8.09,7.61,7.63,2742689
2025-07-24,7.63,7.72,7.59,7.72,1406299
2025-07-25,7.73,7.73,7.56,7.58,1102433
2025-07-28,7.58,7.58,7.46,7.54,978322
2025-07-29,7.61,7.62,7.5,7.57,680525
2025-07-30,7.53,7.56,7.47,7.5,625410
2025-07-31,7.51,7.52,7.33,7.35,804307
2025-08-01,7.37,7.39,7.23,7.28,719768
2025-08-04,7.25,7.3,7.22,7.28,433827
2025-08-05,7.3,7.32,7.27,7.32,456935
2025-08-06,7.32,7.45,7.3,7.44,622942
2025-08-07,7.46,7.49,7.36,7.41,614501
2025-08-08,7.39,7.57,7.38,7.53,954083
2025-08-11,7.58,7.6,7.49,7.54,587332
2025-08-12,7.54,7.55,7.47,7.49,481737
2025-08-13,7.49,7.51,7.47,7.49,475854
2025-08-14,7.5,7.54,7.4,7.42,589915
2025-08-15,7.41,7.5,7.39,7.5,483062
2025-08-18,7.52,7.56,7.48,7.5,764837
2025-08-19,7.49,7.51,7.41,7.43,602541
2025-08-20,7.44,7.5,7.41,7.5,462766
2025-08-21,7.52,7.57,7.48,7.51,660438
2025-08-22,7.5,7.54,7.48,7.54,564384
2025-08-25,7.56,7.66,7.56,7.66,1055284
2025-08-26,7.66,7.67,7.58,7.66,631816
2025-08-27,7.64,7.68,7.47,7.47,1054483
2025-08-28,7.47,7.53,7.32,7.49,736947
2025-08-29,7.49,7.56,7.34,7.35,1258386
2025-09-01,7.48,7.66,7.38,7.4,2308737
2025-09-02,7.47,7.48,7.31,7.41,1104388
2025-09-03,7.42,7.55,7.29,7.33,1041427
2025-09-04,7.33,7.35,7.17,7.25,913463
2025-09-05,7.25,7.32,7.22,7.28,734070
2025-09-08,7.31,7.41,7.27,7.37,1149041
2025-09-09,7.37,7.45,7.34,7.39,938255
2025-09-10,7.38,7.39,7.28,7.3,672969
2025-09-11,7.28,7.35,7.24,7.35,619450
2025-09-12,7.36,7.38,7.23,7.26,1279535
2025-09-15,7.26,7.29,7.22,7.28,630027
2025-09-16,7.27,7.38,7.25,7.36,1028144
2025-09-17,7.39,7.72,7.37,7.71,2696657
2025-09-18,7.74,7.79,7.51,7.61,2131656
2025-09-19,7.55,7.76,7.52,7.74,1618237
2025-09-22,7.74,7.76,7.62,7.72,1023075
2025-09-23,7.72,7.83,7.62,7.8,1635889
2025-09-24,7.81,7.98,7.76,7.96,1482244
2025-09-25,7.94,7.95,7.74,7.74,1124485
2025-09-26,7.74,7.92,7.74,7.79,1002421
2025-09-29,7.76,7.98,7.68,7.95,1155173
2025-09-30,7.95,8.08,7.9,8.01,933748
2025-10-09,8.05,8.06,7.88,8.04,1086969
2025-10-10,8.0,8.16,7.96,8.0,917405
2025-10-13,7.8,8.03,7.72,8.03,1088080
2025-10-14,8.06,8.44,8.05,8.1,1878383
2025-10-15,8.12,8.36,8.08,8.34,1642562
2025-10-16,8.3,8.38,8.23,8.26,946448
2025-10-17,8.23,8.25,7.89,7.94,1194210
2025-10-20,8.06,8.13,7.94,8.01,806356
2025-10-21,8.04,8.17,7.99,8.13,761481
2025-10-22,8.11,8.25,8.09,8.16,664735
2025-10-23,8.09,8.12,7.97,8.11,633874
2025-10-24,8.11,8.22,8.1,8.13,510835
2025-10-27,8.15,8.3,8.03,8.09,1083741
2025-10-28,8.06,8.06,7.91,7.93,783763
2025-10-29,7.93,8.01,7.87,7.99,572333
2025-10-30,8.02,8.15,8.0,8.03,717009
2025-10-31,8.03,8.29,8.03,8.17,1212353
2025-11-03,8.22,8.29,8.14,8.28,893589
2025-11-04,8.27,8.38,8.16,8.21,667897
2025-11-05,8.29,8.41,8.18,8.38,966676
2025-11-06,8.4,8.65,8.37,8.63,1471870
2025-11-07,8.58,8.7,8.52,8.63,780529
2025-11-10,8.66,8.7,8.39,8.51,1045490
2025-11-11,8.5,8.54,8.41,8.44,510309
2025-11-12,8.44,8.44,8.27,8.32,659727
2025-11-13,8.3,8.39,8.29,8.35,484731
2025-11-14,8.32,8.35,8.24,8.25,476576
2025-11-17,8.25,8.28,8.08,8.09,659858
2025-11-18,8.1,8.11,7.97,8.0,514608
2025-11-19,8.0,8.09,7.99,8.05,411622
2025-11-20,8.06,8.08,7.98,7.99,338425
2025-11-21,7.91,7.94,7.77,7.82,826162
2025-11-24,7.85,7.95,7.8,7.89,670939
2025-11-25,7.92,7.98,7.87,7.95,516377
2025-11-26,7.96,8.17,7.95,8.15,716022
2025-11-27,8.12,8.13,7.98,8.01,522855
2025-11-28,8.0,8.11,8.0,8.08,335217
2025-12-01,8.1,8.12,8.01,8.08,362706
2025-12-02,8.07,8.19,8.04,8.18,444475
2025-12-03,8.19,8.34,8.18,8.25,486714
2025-12-04,8.24,8.43,8.22,8.41,662590
2025-12-05,8.4,8.67,8.38,8.64,989596
2025-12-08,8.65,8.66,8.49,8.58,704511
2025-12-09,8.55,8.64,8.44,8.49,726416
2025-12-10,8.48,8.67,8.45,8.66,666457
2025-12-11,8.67,8.73,8.53,8.55,488169
2025-12-12,8.53,8.7,8.52,8.67,708008
2025-12-15,8.64,8.65,8.53,8.57,458131
2025-12-16,8.55,8.55,8.3,8.37,649100
2025-12-17,8.38,8.49,8.32,8.45,430894
2025-12-18,8.42,8.48,8.35,8.39,320220
2025-12-19,8.4,8.5,8.39,8.41,362778
2025-12-22,8.45,8.47,8.3,8.39,471245
2025-12-23,8.4,8.48,8.29,8.44,511626
2025-12-24,8.43,8.53,8.39,8.45,370684
2025-12-25,8.45,8.51,8.42,8.43,306798
2025-12-26,8.41,8.58,8.4,8.57,479770
2025-12-29,8.57,8.58,8.42,8.48,551666
2025-12-30,8.44,8.66,8.4,8.55,568628
2025-12-31,8.6,8.65,8.53,8.63,517760
