date,open,high,low,close,volume
2015-01-05,-8.29,-6.23,-8.37,-6.23,1673428
2015-01-06,-6.23,-5.9,-6.6,-6.12,1280985
2015-01-07,-6.1,-5.36,-6.65,-6.4,930954
2015-01-08,-6.33,-5.49,-6.67,-5.95,886985
2015-01-09,-6.16,-4.93,-6.17,-6.16,972304
2015-01-12,-6.39,-6.3,-7.17,-6.84,707087
2015-01-13,-6.96,-6.5,-7.12,-6.91,368959
2015-01-14,-6.9,-6.68,-7.7,-7.55,561031
2015-01-15,-7.53,-7.01,-7.79,-7.02,424339
2015-01-16,-6.86,-6.48,-7.0,-6.51,476743
2015-01-19,-7.58,-6.9,-8.78,-8.33,756779
2015-01-20,-8.1,-7.5,-8.23,-7.77,527851
2015-01-21,-7.41,-7.03,-7.83,-7.11,489564
2015-01-22,-7.03,-6.6,-7.25,-6.94,460676
2015-01-23,-6.92,-6.81,-7.63,-7.47,521083
2015-01-26,-7.45,-7.12,-7.67,-7.19,403985
2015-01-27,-7.17,-6.72,-7.33,-6.85,655775
2015-01-28,-7.03,-6.76,-7.23,-7.18,365014
2015-01-29,-7.39,-7.24,-7.68,-7.65,330538
2015-01-30,-7.58,-7.26,-7.68,-7.68,304848
2015-02-02,-8.04,-7.88,-8.48,-8.42,363010
2015-02-03,-8.23,-8.12,-8.58,-8.18,305807
2015-02-04,-8.17,-7.9,-8.35,-8.32,274985
2015-02-05,-8.06,-7.93,-8.78,-8.73,322856
2015-02-06,-8.8,-8.67,-9.67,-9.55,427791
2015-02-09,-9.54,-9.05,-9.58,-9.11,307058
2015-02-10,-9.11,-8.39,-9.11,-8.73,278327
2015-02-11,-8.7,-8.56,-8.86,-8.75,172477
2015-02-12,-8.67,-8.24,-8.71,-8.35,269650
2015-02-13,-8.18,-8.1,-8.44,-8.4,329247
2015-02-16,-8.33,-8.33,-8.73,-8.49,288477
2015-02-17,-8.43,-8.34,-8.69,-8.61,299423
2015-02-25,-8.6,-8.54,-9.27,-9.16,434506
2015-02-26,-9.19,-8.64,-9.27,-8.66,293709
2015-02-27,-8.58,-8.24,-8.62,-8.5,471028
2015-03-02,-8.43,-8.43,-8.8,-8.64,460759
2015-03-03,-8.68,-8.68,-9.1,-9.05,384563
2015-03-04,-8.95,-8.8,-9.1,-8.84,282399
2015-03-05,-8.87,-8.82,-9.37,-9.15,331191
2015-03-06,-9.09,-8.82,-9.2,-8.96,326828
2015-03-09,-9.02,-8.6,-9.22,-8.61,400692
2015-03-10,-8.59,-8.4,-8.7,-8.57,404489
2015-03-11,-8.58,-8.28,-8.64,-8.58,364304
2015-03-12,-8.43,-8.14,-8.64,-8.18,540556
2015-03-13,-8.13,-8.08,-8.38,-8.24,377907
2015-03-16,-8.11,-7.69,-8.18,-7.7,510505
2015-03-17,-7.59,-7.02,-7.73,-7.4,734385
2015-03-18,-7.39,-7.02,-7.55,-7.04,612525
2015-03-19,-7.13,-7.12,-7.64,-7.46,575195
2015-03-20,-7.41,-7.01,-7.47,-7.25,516933
2015-03-23,-7.16,-6.9,-7.22,-7.04,648065
2015-03-24,-6.88,-6.7,-7.48,-7.12,862353
2015-03-25,-7.12,-7.12,-7.47,-7.4,571971
2015-03-26,-7.39,-6.46,-7.47,-6.54,1025306
2015-03-27,-6.5,-6.43,-6.93,-6.75,579686
2015-03-30,-6.69,-6.26,-6.82,-6.35,710540
2015-03-31,-6.39,-5.88,-6.78,-6.7,829190
2015-04-01,-6.75,-6.62,-6.88,-6.67,764228
2015-04-02,-6.63,-6.3,-6.79,-6.52,650736
2015-04-03,-6.7,-6.41,-6.74,-6.47,627566
2015-04-07,-6.36,-5.58,-6.43,-5.7,1025502
2015-04-08,-5.68,-5.12,-6.07,-5.71,1028817
2015-04-09,-5.67,-5.52,-6.57,-6.27,774140
2015-04-10,-6.27,-5.6,-6.35,-5.71,792328
2015-04-13,-5.6,-5.0,-5.84,-5.21,836058
2015-04-14,-5.23,-3.99,-5.36,-4.82,967709
2015-04-15,-4.81,-4.41,-5.38,-5.1,715962
2015-04-16,-5.1,-2.62,-5.2,-2.83,1815557
2015-04-17,-2.84,-2.49,-3.4,-3.13,1609853
2015-04-20,-3.28,-2.62,-3.82,-3.71,1210759
2015-04-21,-3.61,-1.43,-3.62,-1.82,1546097
2015-04-22,-1.78,-1.6,-2.27,-1.7,1013954
2015-04-23,-1.77,-1.58,-2.47,-2.07,780430
2015-04-24,-2.51,-2.18,-3.89,-2.99,889222
2015-04-27,-3.07,-2.38,-3.11,-2.87,691690
2015-04-28,-3.03,-2.9,-3.96,-3.72,708933
2015-04-29,-4.3,-3.52,-4.3,-3.72,545643
2015-04-30,-3.63,-3.49,-3.78,-3.77,394893
2015-05-04,-3.7,-2.78,-3.74,-3.3,529810
2015-05-05,-3.3,-3.3,-4.66,-4.65,595615
2015-05-06,-4.29,-4.11,-5.22,-5.09,585909
2015-05-07,-5.08,-4.6,-5.1,-5.03,426473
2015-05-08,-4.71,-4.23,-4.9,-4.33,579847
2015-05-11,-4.33,-3.72,-4.64,-3.75,601196
2015-05-12,-3.7,-3.43,-4.03,-3.74,536796
2015-05-13,-3.76,-3.2,-3.89,-3.63,651338
2015-05-14,-3.65,-3.65,-4.28,-4.2,496238
2015-05-15,-4.19,-3.93,-4.73,-4.63,458084
2015-05-18,-4.83,-4.66,-4.95,-4.88,353048
2015-05-19,-4.88,-4.15,-5.03,-4.19,472794
2015-05-20,-4.27,-3.73,-4.3,-4.19,545839
2015-05-21,-4.19,-3.21,-4.19,-3.29,676515
2015-05-22,-3.1,-2.63,-3.47,-2.79,766130
2015-05-25,-2.78,-2.2,-2.79,-2.28,876303
2015-05-26,-2.17,-1.93,-2.75,-1.98,963555
2015-05-27,-1.98,-1.94,-2.57,-2.29,796251
2015-05-28,-2.0,-0.7,-3.38,-2.88,1283585
2015-05-29,-2.87,-2.39,-3.58,-3.05,742869
2015-06-01,-2.94,-1.65,-3.09,-1.66,739649
2015-06-02,-1.56,-1.33,-2.22,-1.33,759759
2015-06-03,-1.3,-1.2,-2.44,-1.9,644649
2015-06-04,-1.92,-1.8,-3.73,-2.35,747795
2015-06-05,-2.28,-1.56,-2.71,-1.79,897413
2015-06-08,-1.83,-0.54,-2.27,-0.72,1200351
2015-06-09,-0.7,-0.4,-1.38,-1.13,860597
2015-06-10,-1.38,0.18,-1.62,-0.38,1055795
2015-06-11,-0.58,-0.38,-0.92,-0.54,593764
2015-06-12,-0.46,2.2,-0.46,0.93,1184595
2015-06-15,1.42,3.32,0.96,2.5,1267629
2015-06-16,2.36,2.36,0.8,1.41,863545
2015-06-17,0.97,2.72,-0.08,2.5,762471
2015-06-18,2.3,2.75,0.42,0.45,820489
2015-06-19,-0.2,0.68,-1.52,-1.07,697433
2015-06-23,-0.93,1.6,-1.38,1.55,886511
2015-06-24,1.72,4.57,1.72,3.58,1283583
2015-06-25,3.72,4.13,2.08,2.62,945386
2015-06-26,1.62,2.63,-0.57,0.28,1136369
2015-06-29,1.47,2.56,-1.18,1.18,1450779
2015-06-30,1.12,2.81,-0.78,2.42,1417819
2015-07-01,1.72,4.3,0.89,1.38,1257700
2015-07-02,1.47,1.59,-1.69,-1.69,1274095
2015-07-03,-2.79,-1.13,-4.45,-4.23,1207677
2015-07-06,-1.72,-1.72,-5.9,-3.68,1284685
2015-07-07,-4.45,-4.25,-6.1,-4.92,1244468
2015-07-08,-7.36,-6.4,-7.36,-7.36,1708464
2015-07-09,-7.36,-5.17,-7.36,-5.17,1107965
2015-07-10,-4.1,-2.76,-4.48,-2.76,1337829
2015-07-13,-2.73,-0.58,-3.27,-0.92,1354506
2015-07-14,-1.83,-1.33,-3.32,-2.96,1002344
2015-07-15,-3.38,-3.13,-4.83,-4.56,642998
2015-07-16,-4.56,-2.78,-4.56,-3.64,582965
2015-07-17,-3.38,-2.08,-3.58,-2.38,581995
2015-07-20,-2.33,-1.85,-3.1,-2.88,531532
2015-07-21,-3.03,-2.17,-3.37,-2.57,414811
2015-07-22,-2.28,-1.29,-2.56,-1.66,750848
2015-07-23,-1.56,-1.29,-1.98,-1.38,608365
2015-07-24,-1.29,-0.13,-1.74,-1.58,937348
2015-07-27,-2.01,-1.32,-4.35,-4.35,738843
2015-07-28,-4.98,-3.57,-5.28,-3.68,761920
2015-07-29,-3.75,-3.11,-3.95,-3.55,208285
2015-11-02,-4.35,-3.32,-5.88,-5.08,1124814
2015-11-03,-5.07,-4.5,-5.38,-5.21,393837
2015-11-04,-5.16,-3.72,-5.16,-3.8,680990
2015-11-05,-3.91,-2.91,-4.18,-3.46,614866
2015-11-06,-3.61,-3.03,-3.68,-3.36,430996
2015-11-09,-3.46,-2.19,-3.65,-2.49,541619
2015-11-10,-2.68,-2.54,-3.05,-2.83,394846
2015-11-11,-2.88,-2.63,-3.38,-3.12,375440
2015-11-12,-3.13,-3.02,-3.73,-3.51,317316
2015-11-13,-3.75,-3.24,-3.87,-3.53,330002
2015-11-16,-3.98,-3.53,-4.07,-3.64,225654
2015-11-17,-3.52,-3.13,-3.68,-3.37,379806
2015-11-18,-3.37,-2.94,-3.56,-3.26,325412
2015-11-19,-3.22,-2.86,-3.3,-3.0,252285
2015-11-20,-2.99,-2.82,-3.47,-3.28,266434
2015-11-23,-3.38,-3.29,-3.92,-3.83,270043
2015-11-24,-3.89,-3.79,-4.26,-4.0,211856
2015-11-25,-4.02,-3.87,-4.28,-3.95,261099
2015-11-26,-3.87,-3.8,-4.27,-4.11,241186
2015-11-27,-4.23,-4.11,-5.18,-5.02,306775
2015-11-30,-4.98,-4.79,-5.73,-5.25,236460
2015-12-01,-5.28,-4.36,-5.48,-4.49,242176
2015-12-02,-4.58,-3.28,-4.68,-3.6,441824
2015-12-03,-3.68,-3.43,-3.79,-3.67,259702
2015-12-04,-3.75,-3.73,-4.08,-3.98,167256
2015-12-07,-3.83,-3.48,-4.04,-3.73,209287
2015-12-08,-3.83,-3.83,-4.53,-4.43,165298
2015-12-09,-4.43,-4.25,-4.68,-4.41,142968
2015-12-10,-4.38,-4.33,-4.82,-4.76,176012
2015-12-11,-4.82,-4.53,-5.11,-4.68,145538
2015-12-14,-4.93,-4.32,-4.97,-4.36,166549
2015-12-15,-4.29,-4.09,-4.41,-4.15,186227
2015-12-16,-4.11,-4.05,-4.4,-4.35,153757
2015-12-17,-4.21,-3.73,-4.21,-3.74,259728
2015-12-18,-3.7,-3.18,-3.95,-3.33,376084
2015-12-21,-3.4,-1.13,-3.45,-1.59,948096
2015-12-22,-1.56,-0.93,-2.18,-1.59,508416
2015-12-23,-1.57,-1.29,-1.95,-1.8,306658
2015-12-24,-1.78,-1.3,-1.97,-1.63,303086
2015-12-25,-1.43,-1.38,-2.36,-2.16,258789
2015-12-28,-1.96,-1.7,-2.97,-2.88,303856
2015-12-29,-2.76,-2.02,-2.83,-2.05,280762
2015-12-30,-1.89,-1.33,-1.96,-1.72,330110
2015-12-31,-1.6,-1.45,-2.18,-2.0,228613
2016-01-04,-1.9,-1.83,-3.78,-3.61,227002
2016-01-05,-3.78,-2.7,-4.16,-3.28,373337
2016-01-06,-3.37,-2.4,-3.54,-2.7,318305
2016-01-07,-3.01,-3.01,-4.15,-4.0,66286
2016-01-08,-3.6,-2.82,-4.77,-3.37,322627
2016-01-11,-3.83,-3.43,-5.35,-5.21,369229
2016-01-12,-4.78,-4.74,-5.45,-5.2,207407
2016-01-13,-5.04,-4.36,-5.26,-5.17,290893
2016-01-14,-5.68,-4.72,-5.87,-4.98,212790
2016-01-15,-5.07,-4.68,-5.83,-5.68,197834
2016-01-18,-5.87,-5.07,-6.03,-5.34,185358
2016-01-19,-5.35,-4.37,-5.4,-4.37,223709
2016-01-20,-4.52,-4.34,-5.28,-4.67,217816
2016-01-21,-5.0,-4.34,-5.27,-5.24,191792
2016-01-22,-4.95,-4.88,-5.58,-5.2,117545
2016-01-25,-4.98,-4.75,-5.18,-4.84,122936
2016-01-26,-4.91,-4.59,-5.98,-5.73,176764
2016-01-27,-5.7,-5.58,-6.77,-6.33,186773
2016-01-28,-6.33,-6.0,-6.68,-6.6,105102
2016-01-29,-6.6,-5.39,-6.6,-5.62,165343
2016-02-01,-5.62,-4.83,-5.73,-5.26,178735
2016-02-02,-5.23,-4.71,-5.23,-5.08,129970
2016-02-03,-5.27,-4.99,-5.42,-4.99,72085
2016-02-04,-4.93,-4.65,-5.01,-4.96,125693
2016-02-05,-4.92,-4.81,-5.61,-5.6,136756
2016-02-15,-5.98,-5.84,-6.48,-6.01,128214
2016-02-16,-5.89,-5.15,-5.94,-5.24,130932
2016-02-17,-5.28,-5.13,-5.57,-5.34,101952
2016-02-18,-5.22,-5.18,-5.91,-5.83,209381
2016-02-19,-5.9,-5.81,-6.28,-5.98,178498
2016-02-22,-5.78,-5.32,-5.95,-5.43,230166
2016-02-23,-5.38,-4.92,-5.64,-5.28,263639
2016-02-24,-5.48,-5.07,-5.58,-5.09,192975
2016-02-25,-5.09,-5.08,-6.47,-6.2,219720
2016-02-26,-6.1,-5.46,-6.35,-5.84,108124
2016-02-29,-5.88,-5.69,-6.97,-6.82,174954
2016-03-01,-6.73,-6.24,-6.86,-6.45,113281
2016-03-02,-6.47,-5.33,-6.47,-5.41,247730
2016-03-03,-5.36,-4.09,-5.41,-4.78,367725
2016-03-04,-4.84,-3.79,-4.97,-4.11,528677
2016-03-07,-3.97,-3.45,-4.23,-3.92,372254
2016-03-08,-3.97,-3.97,-4.76,-4.22,181504
2016-03-09,-4.66,-4.38,-5.08,-4.49,164370
2016-03-10,-4.58,-3.73,-4.67,-4.14,266821
2016-03-11,-4.13,-3.48,-4.42,-3.88,193970
2016-03-14,-3.67,-2.82,-3.9,-3.83,320752
2016-03-15,-3.97,-3.43,-4.36,-3.76,205520
2016-03-16,-3.87,-3.58,-4.37,-4.0,128872
2016-03-17,-3.8,-3.55,-4.21,-3.78,177359
2016-03-18,-3.71,-2.93,-4.1,-3.18,421319
2016-03-21,-3.17,-2.44,-3.35,-2.88,576544
2016-03-22,-3.03,-2.41,-3.2,-2.81,340192
2016-03-23,-2.97,-2.75,-3.28,-2.94,182321
2016-03-24,-3.02,-2.02,-3.1,-2.58,395439
2016-03-25,-2.44,-1.87,-2.58,-2.03,339628
2016-03-28,-1.9,-0.6,-1.9,-1.2,555269
2016-03-29,-1.18,-1.0,-1.68,-1.28,272298
2016-03-30,-1.28,-0.96,-1.5,-1.16,279087
2016-03-31,-1.03,-0.79,-1.32,-1.17,262276
2016-04-01,-1.28,-1.11,-1.59,-1.29,200879
2016-04-05,-1.4,-1.08,-1.5,-1.2,272367
2016-04-06,-1.27,-0.57,-1.28,-0.69,285660
2016-04-07,-0.79,-0.58,-1.49,-1.49,197754
2016-04-08,-1.69,-1.23,-2.27,-2.03,229961
2016-04-11,-1.8,-1.43,-2.21,-2.04,399964
2016-04-12,-2.08,-2.04,-2.31,-2.08,163692
2016-04-13,-2.05,-1.53,-2.08,-1.91,256801
2016-04-14,-1.87,-1.49,-1.96,-1.67,131783
2016-04-15,-1.63,-1.38,-1.76,-1.58,145476
2016-04-18,-1.8,-1.7,-2.36,-2.29,149608
2016-04-19,-2.13,-2.06,-2.91,-2.6,256540
2016-04-20,-2.6,-2.46,-3.57,-3.08,223862
2016-04-21,-3.15,-2.64,-3.15,-3.0,133210
2016-04-22,-3.19,-2.36,-3.23,-2.48,155910
2016-04-25,-2.57,-1.9,-2.57,-2.14,186567
2016-04-26,-2.18,-1.85,-2.18,-1.98,120559
2016-04-27,-1.98,-1.44,-1.98,-1.57,174316
2016-04-28,-1.52,-1.39,-1.99,-1.75,116854
2016-04-29,-0.68,-0.14,-1.0,-0.88,675726
2016-05-03,-0.6,1.87,-0.78,1.72,922719
2016-05-04,1.62,1.97,1.22,1.38,507361
2016-05-05,1.29,1.77,0.84,1.12,374411
2016-05-06,1.17,1.17,0.03,0.03,435316
2016-05-09,-0.06,0.41,-0.18,-0.01,369687
2016-05-10,-0.13,1.09,-0.43,0.44,481449
2016-05-11,0.5,1.68,0.34,1.04,505178
2016-05-12,0.72,1.02,-0.05,0.82,298453
2016-05-13,0.7,1.82,0.28,0.6,290379
2016-05-16,0.32,0.55,-0.23,0.54,292643
2016-05-17,0.62,0.62,0.05,0.07,216584
2016-05-18,-0.18,0.27,-0.8,-0.08,245180
2016-05-19,-0.13,0.24,-0.33,-0.23,159403
2016-05-20,-0.23,0.17,-0.4,0.16,152626
2016-05-23,0.12,0.72,0.02,0.71,196619
2016-05-24,0.72,0.72,0.02,0.22,128474
2016-05-25,0.36,0.53,-0.4,-0.36,174311
2016-05-26,-0.34,-0.15,-0.87,-0.4,168722
2016-05-27,-0.4,-0.23,-0.61,-0.42,148195
2016-05-30,-0.52,-0.31,-0.95,-0.48,149459
2016-05-31,-0.48,0.91,-0.5,0.75,310685
2016-06-01,0.72,0.92,0.55,0.64,155525
2016-06-02,0.62,1.08,0.54,1.0,203924
2016-06-03,0.99,2.59,0.91,2.05,477214
2016-06-06,2.05,2.21,1.47,1.84,265430
2016-06-07,1.87,2.16,1.67,2.04,199128
2016-06-08,1.94,1.94,1.19,1.42,194063
2016-06-13,1.03,1.57,0.68,0.71,197725
2016-06-14,0.68,1.29,0.68,1.12,198369
2016-06-15,0.88,2.3,0.73,2.07,328191
2016-06-16,2.01,2.18,1.62,1.88,241061
2016-06-17,2.05,3.51,2.02,3.43,521434
2016-06-20,3.17,3.27,2.48,2.87,264290
2016-06-21,3.0,3.4,2.32,2.5,144719
2016-06-22,2.42,2.87,2.35,2.7,131526
2016-06-23,2.62,3.06,2.25,2.68,153894
2016-06-24,2.56,2.85,1.62,1.93,211475
2016-06-27,1.92,3.15,1.92,2.96,242517
2016-06-28,2.76,3.2,2.69,2.99,162984
2016-06-29,3.07,3.17,2.53,2.91,129332
2016-06-30,2.92,3.83,2.92,3.25,260393
2016-07-01,3.12,3.88,3.04,3.09,150289
2016-07-04,3.05,3.52,2.78,3.19,261326
2016-07-05,3.34,4.37,3.02,3.71,424532
2016-07-06,3.66,6.38,3.54,6.13,748717
2016-07-07,5.97,6.66,5.2,5.54,474668
2016-07-08,5.65,6.95,5.22,6.42,487445
2016-07-11,6.27,9.52,6.27,8.06,783622
2016-07-12,7.97,9.25,7.52,8.79,579406
2016-07-13,8.64,8.64,7.52,8.14,405334
2016-07-14,8.14,8.8,7.46,7.84,354259
2016-07-15,7.72,8.11,7.28,7.86,278031
2016-07-18,7.72,8.08,7.34,7.74,250118
2016-07-19,7.82,7.95,5.62,6.19,596669
2016-07-20,6.12,6.31,5.77,5.98,309032
2016-07-21,6.03,6.71,5.93,6.35,383297
2016-07-22,6.32,6.37,5.38,5.63,323806
2016-07-25,5.63,6.63,5.6,6.16,319307
2016-07-26,6.08,7.19,5.7,7.13,356589
2016-07-27,7.05,7.35,5.79,6.6,388129
2016-07-28,6.31,7.78,6.21,7.31,404640
2016-07-29,7.32,8.66,7.21,7.69,387880
2016-08-01,7.72,7.8,6.21,6.35,326111
2016-08-02,6.21,6.68,5.71,6.16,270152
2016-08-03,6.01,6.66,5.82,6.45,191610
2016-08-04,6.34,6.81,6.06,6.42,156823
2016-08-05,6.42,6.62,5.82,5.94,185504
2016-08-08,5.77,6.04,5.05,5.98,355548
2016-08-09,5.85,7.08,5.7,6.88,354136
2016-08-10,6.65,6.95,6.37,6.48,193891
2016-08-11,6.53,7.6,6.53,7.04,399420
2016-08-12,6.99,7.32,6.52,7.18,276885
2016-08-15,7.22,8.37,7.03,8.12,520939
2016-08-16,8.19,8.81,7.54,7.72,446005
2016-08-17,7.82,8.65,7.62,8.07,381762
2016-08-18,7.87,8.05,7.36,7.47,288076
2016-08-19,7.37,7.67,6.95,7.14,196066
2016-08-22,7.11,7.9,7.07,7.33,219210
2016-08-23,7.22,7.59,6.54,6.87,252477
2016-08-24,6.52,6.86,6.23,6.55,339771
2016-08-25,6.33,6.41,6.07,6.31,225542
2016-08-26,6.25,6.58,6.0,6.09,186239
2016-08-29,6.22,6.45,5.98,6.03,179250
2016-08-30,6.22,6.59,6.1,6.25,196634
2016-08-31,6.69,6.71,6.08,6.43,350200
2016-09-01,6.43,6.49,5.8,5.83,313067
2016-09-02,5.72,5.87,5.14,5.37,283527
2016-09-05,5.42,5.67,5.18,5.53,186285
2016-09-06,5.39,5.96,5.12,5.86,173358
2016-09-07,5.86,5.86,5.14,5.33,287075
2016-09-08,5.1,5.34,5.02,5.1,226066
2016-09-09,5.17,5.38,4.85,4.92,173742
2016-09-12,4.59,4.75,3.54,3.64,366860
2016-09-13,3.84,4.02,3.56,3.97,163210
2016-09-14,3.8,4.0,3.57,3.64,130544
2016-09-19,3.77,4.15,3.77,4.06,167569
2016-09-20,4.04,4.48,3.98,4.05,144652
2016-09-21,4.05,4.29,4.05,4.2,99071
2016-09-22,4.35,5.07,4.27,5.0,296862
2016-09-23,4.92,5.0,4.54,4.8,151517
2016-09-26,4.72,4.72,3.8,3.8,185836
2016-09-27,3.77,4.05,3.77,4.04,98324
2016-09-28,4.17,4.17,3.82,3.84,67046
2016-09-29,3.83,4.5,3.82,4.2,132444
2016-09-30,4.14,5.01,4.14,4.88,231752
2016-10-10,4.99,5.44,4.88,5.19,220543
2016-10-11,5.29,5.39,4.73,4.99,226117
2016-10-12,4.9,5.25,4.82,5.01,130252
2016-10-13,4.95,5.16,4.52,4.57,186646
2016-10-14,4.57,4.79,4.52,4.65,118357
2016-10-17,4.65,5.27,4.55,4.82,200238
2016-10-18,4.82,5.46,4.82,5.41,287741
2016-10-19,5.52,5.54,5.12,5.32,166383
2016-10-20,5.27,5.54,5.12,5.16,119545
2016-10-21,5.18,5.32,4.77,5.09,152041
2016-10-24,4.92,5.35,4.87,5.23,152827
2016-10-25,5.2,5.89,5.18,5.85,332492
2016-10-26,5.87,7.4,5.82,6.45,572903
2016-10-27,6.4,6.4,5.85,6.17,268782
2016-10-28,6.02,7.07,6.02,6.85,424401
2016-10-31,6.67,7.12,6.26,6.5,242284
2016-11-01,6.48,6.78,6.11,6.71,193762
2016-11-02,6.62,6.62,6.14,6.16,145576
2016-11-03,6.12,6.61,6.07,6.3,160159
2016-11-04,6.26,6.42,5.72,5.8,198377
2016-11-07,5.98,6.34,5.71,6.06,156353
2016-11-08,6.14,6.67,6.14,6.44,201958
2016-11-09,6.49,6.61,5.83,6.22,188301
2016-11-10,6.51,6.6,6.37,6.52,171663
2016-11-11,6.56,6.56,6.1,6.31,220862
2016-11-14,6.31,6.4,5.7,5.87,286390
2016-11-15,5.86,6.38,5.73,6.33,214493
2016-11-16,6.32,6.33,5.95,6.05,117769
2016-11-17,5.92,6.3,5.86,6.13,122579
2016-11-18,6.16,6.19,5.82,5.98,113026
2016-11-21,5.97,6.12,5.86,5.97,118206
2016-11-22,5.97,6.07,5.82,5.94,154708
2016-11-23,6.09,6.6,6.01,6.57,364966
2016-11-24,6.47,6.97,6.15,6.67,349101
2016-11-25,6.67,6.95,6.27,6.69,166295
2016-11-28,7.12,7.69,6.97,6.99,341218
2016-11-29,7.0,9.09,6.96,8.24,733031
2016-11-30,7.97,8.59,7.37,7.45,394029
2016-12-01,7.65,8.17,7.19,7.69,342029
2016-12-02,7.54,7.77,7.02,7.27,243823
2016-12-05,6.63,8.0,6.63,7.06,333510
2016-12-06,7.18,7.77,7.06,7.69,287030
2016-12-07,7.87,7.93,7.42,7.72,207262
2016-12-08,7.81,9.2,7.5,8.32,485754
2016-12-09,8.22,8.61,8.04,8.18,243537
2016-12-12,8.32,8.91,6.86,7.09,360069
2016-12-13,6.92,7.96,6.76,7.78,335022
2016-12-14,7.7,7.72,6.92,6.99,270938
2016-12-15,7.22,7.66,6.53,6.86,316411
2016-12-16,6.92,7.1,6.5,6.97,152519
2016-12-19,7.05,8.0,7.05,7.53,322381
2016-12-20,7.42,7.51,6.82,6.92,243360
2016-12-21,7.07,7.37,7.02,7.15,128155
2016-12-22,7.15,7.3,6.82,6.93,101598
2016-12-23,6.96,6.96,5.94,5.94,232620
2016-12-26,5.67,5.87,5.17,5.87,196861
2016-12-27,5.92,6.19,5.82,5.86,118354
2016-12-28,5.83,5.98,5.38,5.43,124080
2016-12-29,5.43,5.6,5.29,5.37,110297
2016-12-30,5.55,6.16,5.41,6.0,232019
2017-01-03,6.0,6.4,5.82,6.18,155347
2017-01-04,6.18,7.47,6.07,7.42,460537
2017-01-05,7.55,7.76,7.22,7.45,258159
2017-01-06,7.45,8.12,7.28,7.62,336520
2017-01-09,7.52,8.32,7.45,7.97,266922
2017-01-10,7.92,8.49,7.92,8.02,228859
2017-01-11,8.12,8.31,7.17,7.38,222943
2017-01-12,7.51,7.52,6.93,7.12,158259
2017-01-13,7.2,7.41,6.84,7.21,156315
2017-01-16,6.99,7.49,6.4,6.97,191981
2017-01-17,6.92,7.68,6.84,7.28,177560
2017-01-18,7.29,8.56,6.92,8.47,447418
2017-01-19,8.57,8.58,8.15,8.37,190152
2017-01-20,8.42,8.52,8.2,8.43,165359
2017-01-23,8.67,9.62,8.6,8.9,393907
2017-01-24,9.07,9.36,8.52,8.94,190213
2017-01-25,8.6,9.1,8.33,8.79,186763
2017-01-26,8.92,9.01,8.5,8.52,142438
2017-02-03,8.62,8.7,7.84,7.93,145520
2017-02-06,7.94,8.37,7.91,7.97,139315
2017-02-07,8.1,8.37,7.91,7.97,121082
2017-02-08,8.03,8.86,7.78,8.61,199831
2017-02-09,8.68,9.37,8.62,8.86,225210
2017-02-10,8.92,9.62,8.89,9.35,282842
2017-02-13,9.35,10.78,9.23,10.1,393567
2017-02-14,10.22,10.42,9.82,10.18,168321
2017-02-15,10.39,10.67,9.82,9.92,147120
2017-02-16,9.96,10.29,9.74,9.98,121401
2017-02-17,10.04,11.21,10.02,10.47,241537
2017-02-20,10.54,12.92,10.54,12.92,476910
2017-02-21,12.82,12.85,11.94,12.38,242450
2017-02-22,12.42,13.11,12.12,12.8,291548
2017-02-23,12.62,13.38,11.72,12.0,211836
2017-02-24,11.92,12.0,11.34,11.81,164247
2017-02-27,11.78,11.8,10.81,10.91,218245
2017-02-28,11.02,11.37,10.82,11.08,121199
2017-03-01,11.04,11.84,11.02,11.5,174623
2017-03-02,11.42,11.71,11.23,11.48,117940
2017-03-03,11.24,11.69,11.02,11.51,144430
2017-03-06,11.52,12.2,11.13,12.07,254141
2017-03-07,11.92,13.24,11.85,13.17,295483
2017-03-08,13.12,13.13,12.52,12.64,141422
2017-03-09,12.63,12.63,11.83,12.19,150503
2017-03-10,12.02,13.04,12.0,12.18,197006
2017-03-13,12.27,13.27,12.27,13.17,287983
2017-03-14,13.15,13.46,12.53,12.9,144744
2017-03-15,12.91,13.37,12.9,13.06,125087
2017-03-16,13.49,13.8,12.12,12.56,384110
2017-03-17,12.37,13.02,12.18,12.28,201122
2017-03-20,12.28,12.66,12.12,12.61,174756
2017-03-21,12.89,15.2,12.82,14.9,696075
2017-03-22,14.53,15.72,14.32,15.48,381447
2017-03-23,15.22,15.4,14.47,15.08,225655
2017-03-24,15.49,16.1,14.53,14.76,271927
2017-03-27,14.53,14.99,13.52,14.07,268580
2017-03-28,14.15,14.29,13.62,14.29,165347
2017-03-29,14.24,15.08,14.1,14.62,221938
2017-03-30,14.59,15.02,13.69,14.25,201909
2017-03-31,14.04,14.54,13.57,14.52,216770
2017-04-05,14.31,15.36,14.2,14.64,241512
2017-04-06,14.75,14.81,14.02,14.47,168094
2017-04-07,14.39,14.63,14.12,14.21,138130
2017-04-10,14.17,14.18,12.94,13.18,260676
2017-04-11,13.01,13.18,11.37,12.47,326710
2017-04-12,12.25,13.9,12.08,13.57,310264
2017-04-13,13.53,14.52,13.35,14.33,207728
2017-04-14,14.52,14.7,13.44,13.87,157509
2017-04-17,13.57,14.85,13.37,14.48,203975
2017-04-18,14.47,16.02,14.35,15.4,304941
2017-04-19,15.62,16.37,14.92,15.52,214117
2017-04-20,15.53,17.41,15.32,17.17,354906
2017-04-21,17.18,17.62,16.55,17.17,246637
2017-04-24,16.52,16.67,15.55,15.83,207664
2017-04-25,16.27,18.23,16.27,18.12,340541
2017-04-26,18.09,19.27,17.03,17.22,370617
2017-04-27,17.01,17.72,16.52,17.52,187626
2017-04-28,18.18,18.32,15.84,17.02,346783
2017-05-02,16.78,16.78,15.6,16.12,208826
2017-05-03,16.18,16.97,15.96,16.44,151168
2017-05-04,16.42,16.44,15.74,15.9,139341
2017-05-05,15.9,16.27,15.29,15.68,204944
2017-05-08,15.75,15.75,14.14,14.14,243119
2017-05-09,14.05,15.27,13.33,15.19,247815
2017-05-10,15.11,15.85,14.89,15.01,175607
2017-05-11,15.0,15.99,14.8,15.85,182031
2017-05-12,15.97,16.69,15.43,16.67,196095
2017-05-15,16.68,17.92,16.53,17.6,191952
2017-05-16,17.57,20.02,17.25,20.02,411332
2017-05-17,19.84,20.07,18.73,18.78,231397
2017-05-18,18.59,19.87,18.53,18.92,160151
2017-05-19,18.93,19.82,18.92,19.5,157864
2017-05-22,19.63,19.98,18.94,19.55,143878
2017-05-23,19.55,21.17,19.26,20.68,271142
2017-05-24,20.67,21.03,19.32,20.37,238054
2017-05-25,20.26,20.6,19.52,20.15,156370
2017-05-26,20.22,20.68,19.32,19.98,192594
2017-05-31,19.56,20.3,18.78,20.3,211495
2017-06-01,19.92,20.96,19.69,20.76,195661
2017-06-02,20.58,21.16,19.82,20.38,167310
2017-06-05,20.43,20.92,19.47,19.51,171618
2017-06-06,19.51,21.02,19.42,20.93,187037
2017-06-07,21.02,23.62,20.97,23.32,360787
2017-06-08,23.38,24.97,23.03,23.82,300198
2017-06-09,23.82,25.29,23.82,24.59,224211
2017-06-12,25.11,28.41,24.94,27.25,390419
2017-06-13,27.25,27.25,25.94,27.11,254828
2017-06-14,26.62,27.59,25.53,26.12,306788
2017-06-15,25.92,26.13,24.22,24.63,394711
2017-06-16,24.49,25.58,24.1,24.44,240334
2017-06-19,24.75,25.5,24.39,24.99,370369
2017-06-20,25.07,25.38,24.32,24.62,348932
2017-06-21,24.92,27.03,24.17,27.03,452635
2017-06-22,26.99,27.68,26.3,26.57,468085
2017-06-23,26.15,27.54,25.87,27.42,350855
2017-06-26,27.5,29.6,27.5,29.16,370385
2017-06-27,29.05,29.62,28.42,29.58,313074
2017-06-28,29.21,29.3,28.02,28.06,275823
2017-06-29,28.03,28.37,27.32,27.84,255713
2017-06-30,27.74,28.42,27.42,28.08,200753
2017-07-03,28.02,28.31,26.2,26.45,331662
2017-07-04,26.22,26.22,24.39,24.97,390020
2017-07-05,24.94,26.0,24.92,25.84,303273
2017-07-06,25.92,25.92,24.61,25.41,313707
2017-07-07,25.2,25.2,24.02,24.22,308906
2017-07-10,24.01,25.35,23.18,25.21,407340
2017-07-11,25.07,26.7,24.87,26.11,342262
2017-07-12,26.09,26.09,24.47,24.6,277230
2017-07-13,24.43,25.54,24.28,24.6,238433
2017-07-14,24.37,25.19,24.02,24.96,202028
2017-07-17,25.11,25.11,23.12,23.93,294680
2017-07-18,24.12,25.12,23.31,25.01,239132
2017-07-19,25.08,26.72,25.05,26.13,299492
2017-07-20,26.13,27.29,26.13,27.23,283709
2017-07-21,27.22,28.01,26.75,27.13,246186
2017-07-24,27.27,29.17,27.27,28.33,274270
2017-07-25,28.8,28.86,27.73,27.78,167959
2017-07-26,27.82,28.43,25.92,26.43,235267
2017-07-27,26.42,26.72,25.47,26.17,208622
2017-07-28,26.15,28.21,25.84,28.15,336786
2017-07-31,28.36,29.8,28.02,28.18,423000
2017-08-01,28.3,29.0,27.43,29.0,229209
2017-08-02,28.52,29.1,27.8,28.13,184803
2017-08-03,27.82,28.28,26.54,26.92,263133
2017-08-04,26.92,27.47,26.37,26.51,194898
2017-08-07,26.32,28.57,25.84,28.42,270721
2017-08-08,28.21,28.8,27.82,28.23,166234
2017-08-09,28.03,30.22,27.44,29.06,414404
2017-08-10,29.2,31.3,29.06,30.02,416247
2017-08-11,29.42,30.0,28.37,28.42,285917
2017-08-14,28.57,30.22,28.57,29.8,305782
2017-08-15,29.8,30.39,29.34,29.92,170831
2017-08-16,29.92,29.92,28.8,29.27,172478
2017-08-17,29.2,29.2,27.9,28.23,234421
2017-08-18,27.87,28.63,27.69,28.23,129384
2017-08-21,28.23,28.52,27.5,27.93,178542
2017-08-22,27.43,27.53,25.22,26.5,396439
2017-08-23,26.14,27.42,26.02,27.21,210139
2017-08-24,27.16,27.42,26.32,26.48,153141
2017-08-25,26.5,26.9,25.95,26.52,231029
2017-08-28,27.39,28.92,27.39,27.85,438887
2017-08-29,27.79,28.27,27.3,27.61,231258
2017-08-30,27.73,28.89,27.52,28.67,260564
2017-08-31,28.67,28.96,27.47,27.91,190221
2017-09-01,27.77,28.35,27.48,27.92,177449
2017-09-04,27.87,27.87,26.5,26.63,298621
2017-09-05,26.65,27.19,26.45,26.69,151025
2017-09-06,26.62,26.91,26.12,26.25,188345
2017-09-07,26.32,26.46,25.22,25.57,225734
2017-09-08,25.38,25.38,24.04,24.27,344010
2017-09-11,24.0,25.42,23.07,25.29,406715
2017-09-12,24.94,26.07,24.65,26.02,248612
2017-09-13,26.05,27.92,26.0,27.38,364458
2017-09-14,27.28,27.81,26.92,27.22,215132
2017-09-15,27.23,28.0,27.11,27.35,197119
2017-09-18,27.57,29.22,27.52,28.84,287200
2017-09-19,28.92,29.92,28.54,28.89,221880
2017-09-20,29.29,29.92,28.53,28.94,185300
2017-09-21,28.96,28.96,27.85,28.14,164267
2017-09-22,27.85,28.85,27.82,28.5,143850
2017-09-25,28.7,29.92,28.7,29.84,246144
2017-09-26,29.77,29.77,28.93,29.31,142995
2017-09-27,29.09,29.64,28.57,29.12,158626
2017-09-28,29.03,30.53,28.95,29.87,290437
2017-09-29,29.82,30.87,29.05,29.7,217162
2017-10-09,30.42,31.52,29.43,30.96,216849
2017-10-10,30.96,31.63,30.36,31.6,215355
2017-10-11,31.6,34.25,31.22,33.6,313210
2017-10-12,33.78,34.37,32.88,33.23,176005
2017-10-13,33.28,34.37,33.27,34.04,162024
2017-10-16,33.56,34.57,32.02,32.07,270033
2017-10-17,32.02,32.72,31.34,32.52,146293
2017-10-18,32.54,33.77,31.59,33.77,176536
2017-10-19,33.43,36.22,33.23,35.42,278719
2017-10-20,34.92,35.26,34.13,34.93,151820
2017-10-23,34.91,35.6,34.24,35.02,136498
2017-10-24,34.87,36.28,34.27,36.01,248626
2017-10-25,36.01,36.25,34.92,35.44,157410
2017-10-26,38.33,39.6,36.66,37.48,414032
2017-10-27,37.42,41.41,36.73,40.41,423710
2017-10-30,39.92,40.43,38.42,39.42,336667
2017-10-31,38.92,39.37,37.92,39.04,205536
2017-11-01,39.07,40.86,39.05,39.44,215304
2017-11-02,39.47,40.82,39.12,40.04,268062
2017-11-03,39.87,41.7,39.62,40.75,240526
2017-11-06,41.27,42.8,40.83,42.57,248856
2017-11-07,42.87,45.22,42.3,43.42,300551
2017-11-08,43.42,44.55,42.42,42.89,246314
2017-11-09,42.8,43.64,41.42,43.57,244106
2017-11-10,43.32,47.15,43.09,47.02,316063
2017-11-13,47.04,47.43,45.45,46.86,255873
2017-11-14,46.74,46.82,44.52,44.61,294816
2017-11-15,44.37,47.29,44.12,47.22,330506
2017-11-16,47.02,49.18,46.6,48.62,344457
2017-11-17,46.42,48.02,44.62,47.28,470336
2017-11-20,45.72,45.72,42.49,45.35,323102
2017-11-21,45.11,46.86,43.62,46.37,308198
2017-11-22,46.37,48.32,43.96,44.32,395240
2017-11-23,43.67,43.67,39.42,39.99,485862
2017-11-24,39.99,40.9,37.29,40.88,467337
2017-11-27,40.19,41.1,38.43,40.01,280978
2017-11-28,39.8,41.8,39.42,41.1,246913
2017-11-29,41.42,41.62,37.96,38.64,258542
2017-11-30,38.64,39.92,36.95,38.02,217441
2017-12-01,38.63,39.07,37.33,37.72,211730
2017-12-04,37.62,41.13,36.45,40.37,406862
2017-12-05,40.07,42.01,39.78,40.74,342026
2017-12-06,40.82,41.92,39.92,40.74,239023
2017-12-07,40.42,41.22,38.22,38.38,231990
2017-12-08,38.13,40.47,38.11,40.32,256992
2017-12-11,41.12,44.66,41.1,44.32,479978
2017-12-12,44.68,45.42,43.72,44.28,278245
2017-12-13,44.42,46.77,43.82,46.57,299515
2017-12-14,46.62,47.3,45.83,47.11,209673
2017-12-15,46.73,47.87,45.31,45.37,230981
2017-12-18,47.42,49.5,47.02,49.5,505533
2017-12-19,48.92,52.23,48.92,50.84,379557
2017-12-20,51.28,54.11,50.45,54.02,341030
2017-12-21,53.89,56.0,52.92,54.57,379395
2017-12-22,54.4,54.92,52.42,53.0,351802
2017-12-25,53.02,53.91,51.03,52.98,357631
2017-12-26,52.81,53.11,50.92,51.89,238166
2017-12-27,51.67,52.36,50.28,50.32,263330
2017-12-28,52.41,54.4,50.86,53.28,526706
2017-12-29,53.42,54.38,50.42,52.3,427447
2018-01-02,52.62,53.42,50.75,53.0,315252
2018-01-03,52.92,54.18,52.27,53.32,284614
2018-01-04,53.21,56.03,53.02,55.41,360577
2018-01-05,55.19,55.87,53.82,55.1,231958
2018-01-08,55.01,56.03,54.02,54.62,286818
2018-01-09,54.82,58.52,54.78,58.52,388365
2018-01-10,58.91,61.58,57.43,61.32,342459
2018-01-11,61.16,62.2,59.75,60.38,254779
2018-01-12,60.38,64.17,60.04,63.79,320924
2018-01-15,63.62,65.6,63.1,64.17,379644
2018-01-16,63.03,64.92,62.29,63.24,366155
2018-01-17,62.72,63.54,58.07,58.43,496109
2018-01-18,58.73,60.77,56.72,58.82,429701
2018-01-19,58.82,59.3,56.73,57.59,382004
2018-01-22,58.09,62.92,58.09,62.84,445824
2018-01-23,62.84,63.22,60.83,62.13,384682
2018-01-24,62.0,62.0,59.08,59.77,349696
2018-01-25,59.02,59.51,56.6,58.42,421129
2018-01-26,57.92,60.19,57.54,59.26,312054
2018-01-29,59.02,59.02,54.12,54.5,591383
2018-01-30,53.52,55.5,52.54,53.82,374622
2018-01-31,53.74,57.51,53.74,56.8,417881
2018-02-01,56.02,56.27,53.6,55.4,445690
2018-02-02,54.57,56.3,53.15,54.7,348582
2018-02-05,51.73,52.12,47.59,50.29,713302
2018-02-06,48.42,50.17,47.32,48.86,541969
2018-02-07,50.01,50.52,42.54,43.44,703815
2018-02-08,43.27,46.3,43.27,44.44,544907
2018-02-09,41.64,43.82,39.35,43.62,588921
2018-02-12,44.42,47.42,44.42,46.82,446022
2018-02-13,47.51,49.37,47.42,47.52,283840
2018-02-14,48.52,49.08,46.94,49.02,208043
2018-02-22,50.22,52.65,50.02,52.52,290978
2018-02-23,52.43,53.4,50.94,52.06,189117
2018-02-26,52.02,52.37,49.42,50.94,320270
2018-02-27,51.41,51.52,48.32,48.52,290749
2018-02-28,46.42,48.2,45.42,46.7,330102
2018-03-01,46.22,47.88,45.95,46.74,254649
2018-03-02,46.22,47.22,44.92,45.84,246607
2018-03-05,46.23,46.9,44.43,44.51,211151
2018-03-06,45.18,45.73,42.44,45.66,406942
2018-03-07,45.66,47.5,45.42,45.7,283761
2018-03-08,46.21,49.38,45.72,49.32,395204
2018-03-09,49.72,50.81,48.6,49.52,245529
2018-03-12,50.02,50.22,47.88,48.57,242334
2018-03-13,48.66,49.41,46.92,47.03,231138
2018-03-14,46.42,48.09,45.52,47.97,240225
2018-03-15,48.1,50.7,48.09,50.42,373404
2018-03-16,50.62,51.16,49.24,49.29,205189
2018-03-19,48.76,50.57,48.42,50.13,210196
2018-03-20,48.98,49.37,47.05,48.07,239324
2018-03-21,48.74,49.0,46.6,46.94,243101
2018-03-22,46.5,47.03,44.42,44.55,328495
2018-03-23,42.42,43.9,41.22,43.79,321383
2018-03-26,42.95,43.42,41.52,42.41,278668
2018-03-27,43.42,43.97,39.72,40.89,541148
2018-03-28,39.52,40.58,37.08,37.16,662489
2018-03-29,37.92,40.27,36.3,39.92,522912
2018-03-30,39.67,40.07,38.33,38.78,314311
2018-04-02,38.32,40.23,37.44,38.85,331057
2018-04-03,38.32,40.06,38.25,39.54,396232
2018-04-04,39.9,43.08,39.83,42.32,500769
2018-04-09,42.31,43.01,41.27,42.17,241021
2018-04-10,42.17,42.8,41.67,42.8,207431
2018-04-11,43.18,43.82,42.43,42.73,240839
2018-04-12,42.71,43.12,41.57,41.62,207164
2018-04-13,42.31,42.67,39.95,40.4,236600
2018-04-16,40.12,41.4,39.43,40.39,223978
2018-04-17,40.82,41.17,39.02,39.42,200557
2018-04-18,40.02,40.36,37.57,38.75,239505
2018-04-19,39.72,42.92,38.84,42.79,370868
2018-04-20,42.42,43.77,41.3,42.05,307060
2018-04-23,41.72,42.92,41.1,42.11,214697
2018-04-24,42.42,45.02,42.42,44.85,369737
2018-04-25,44.33,45.07,44.12,44.76,174748
2018-04-26,44.32,44.33,41.22,41.52,283517
2018-04-27,42.39,42.39,39.22,40.4,236216
2018-05-02,41.62,43.67,40.43,43.64,348306
2018-05-03,43.71,46.4,42.92,46.22,319841
2018-05-04,45.97,46.36,45.22,45.32,198830
2018-05-07,45.7,48.6,45.4,48.42,344449
2018-05-08,48.22,49.27,47.75,48.46,285320
2018-05-09,48.22,48.79,47.27,48.67,209262
2018-05-10,48.79,50.61,48.77,50.4,283044
2018-05-11,50.97,51.77,49.42,49.48,222390
2018-05-14,50.08,51.4,49.72,50.74,228929
2018-05-15,50.73,51.92,49.9,51.8,233696
2018-05-16,51.85,52.53,51.37,51.59,261351
2018-05-17,51.82,52.06,49.02,49.49,268732
2018-05-18,49.33,50.4,47.92,50.01,216571
2018-05-21,50.52,51.48,49.04,49.6,186791
2018-05-22,49.32,50.5,48.57,50.07,172876
2018-05-23,49.92,50.56,48.75,48.86,194626
2018-05-24,48.82,49.4,46.42,46.44,288809
2018-05-25,46.44,48.08,46.43,46.72,247337
2018-05-28,47.3,49.87,46.68,49.87,349509
2018-05-29,49.92,51.58,48.55,48.76,329253
2018-05-30,48.07,50.5,46.52,49.22,267656
2018-05-31,50.21,52.01,49.27,51.4,415294
2018-06-01,51.06,52.32,50.16,51.04,276379
2018-06-04,51.3,54.55,50.32,54.22,457021
2018-06-05,54.42,56.15,53.04,55.22,395106
2018-06-06,55.17,56.02,54.22,54.53,281190
2018-06-07,54.82,55.2,52.86,53.27,240229
2018-06-08,52.75,53.91,51.55,52.81,256877
2018-06-11,52.77,56.0,52.5,54.9,417894
2018-06-12,55.25,58.89,54.58,58.42,460432
2018-06-13,58.21,59.08,57.45,57.89,286973
2018-06-14,57.8,58.53,55.07,56.83,265874
2018-06-15,56.42,56.93,55.03,55.67,240696
2018-06-19,54.42,55.15,51.71,52.3,380422
2018-06-20,52.42,54.62,52.01,54.48,263426
2018-06-21,54.12,55.78,53.22,53.3,265824
2018-06-22,52.82,53.12,51.45,52.6,248934
2018-06-25,53.44,56.09,53.44,54.53,366610
2018-06-26,54.32,55.35,52.47,53.9,289825
2018-06-27,53.42,54.02,48.71,48.97,422712
2018-06-28,47.64,48.16,45.49,46.07,332434
2018-06-29,46.42,49.1,45.72,48.42,229574
2018-07-02,48.43,50.18,45.95,46.7,262214
2018-07-03,46.02,47.32,42.0,44.8,417058
2018-07-04,44.5,45.39,42.97,43.12,248264
2018-07-05,44.11,45.13,42.12,43.24,328583
2018-07-06,43.62,45.7,42.6,44.34,331769
2018-07-09,45.3,47.27,44.12,47.26,321101
2018-07-10,47.29,47.85,45.8,47.09,220144
2018-07-11,44.92,46.36,44.65,45.8,191725
2018-07-12,45.72,48.49,45.7,47.62,283136
2018-07-13,47.97,49.62,47.23,49.47,275657
2018-07-16,49.35,50.41,48.62,49.14,204077
2018-07-17,49.22,49.39,46.87,47.76,189546
2018-07-18,48.1,48.52,46.9,47.03,166594
2018-07-19,47.7,47.83,46.67,47.1,144567
2018-07-20,46.9,47.55,45.22,47.15,250618
2018-07-23,46.72,47.62,44.53,45.84,298995
2018-07-24,45.97,48.86,45.3,48.75,379244
2018-07-25,48.86,49.22,48.24,48.72,235532
2018-07-26,48.83,49.0,47.72,47.91,203077
2018-07-27,47.72,48.69,47.1,47.91,163949
2018-07-30,47.96,48.12,45.65,46.32,198721
2018-07-31,46.12,46.68,45.45,45.87,149532
2018-08-01,46.52,46.52,43.7,43.74,260917
2018-08-02,43.72,43.74,40.34,41.64,335334
2018-08-03,41.72,41.72,39.38,39.39,264072
2018-08-06,38.81,39.72,37.6,38.06,257041
2018-08-07,38.72,40.39,37.72,40.2,277344
2018-08-08,40.32,40.32,37.96,38.16,236818
2018-08-09,37.82,40.22,37.54,40.08,263990
2018-08-10,39.98,40.91,39.06,39.77,212834
2018-08-13,38.97,38.97,36.82,38.13,365521
2018-08-14,38.71,39.64,37.83,38.82,294337
2018-08-15,38.83,38.83,37.0,37.05,207113
2018-08-16,36.05,37.13,34.86,34.87,308056
2018-08-17,35.57,36.02,34.02,34.33,259935
2018-08-20,34.71,35.87,33.3,35.75,291250
2018-08-21,35.77,38.38,35.62,38.05,355392
2018-08-22,37.71,38.09,37.0,37.41,147733
2018-08-23,37.7,38.55,36.9,37.87,178918
2018-08-24,37.62,37.62,36.22,36.68,184769
2018-08-27,36.82,39.03,36.82,39.03,340401
2018-08-28,39.75,39.9,37.69,38.02,390977
2018-08-29,38.01,38.23,37.06,37.4,242286
2018-08-30,37.42,38.22,36.84,37.12,189692
2018-08-31,36.71,36.71,35.35,35.62,244561
2018-09-03,34.82,35.89,34.81,35.69,208325
2018-09-04,35.99,36.68,35.32,36.49,194839
2018-09-05,36.47,36.47,34.52,34.62,217130
2018-09-06,34.22,35.36,32.9,33.43,319222
2018-09-07,34.02,34.87,33.52,34.49,222726
2018-09-10,34.64,34.68,33.0,34.1,195919
2018-09-11,34.1,35.07,33.92,34.72,202919
2018-09-12,34.72,34.72,33.31,33.37,191608
2018-09-13,34.11,34.37,32.3,33.7,206865
2018-09-14,34.17,35.88,33.42,35.25,294960
2018-09-17,35.12,36.28,34.75,35.58,235509
2018-09-18,35.34,37.32,34.73,36.93,263861
2018-09-19,36.71,39.25,36.62,38.16,411364
2018-09-20,38.12,38.57,37.75,38.11,164166
2018-09-21,38.32,40.52,38.29,40.14,331030
2018-09-25,39.54,40.11,38.6,39.02,195150
2018-09-26,39.42,42.02,39.3,40.92,438041
2018-09-27,40.71,41.32,40.15,41.09,216316
2018-09-28,41.19,42.02,40.52,41.67,233828
2018-10-08,39.6,40.0,37.2,37.2,370570
2018-10-09,37.28,38.14,36.52,37.08,214205
2018-10-10,37.22,37.42,34.22,34.53,419606
2018-10-11,32.19,33.89,31.74,32.44,457450
2018-10-12,32.52,34.23,32.32,33.93,371527
2018-10-15,33.94,34.17,32.3,32.48,256200
2018-10-16,32.52,33.67,32.02,32.69,152528
2018-10-17,33.62,33.7,31.42,33.12,262417
2018-10-18,32.53,32.89,31.48,31.72,177303
2018-10-19,31.52,33.46,30.29,33.21,368965
2018-10-22,33.94,36.72,33.93,36.2,445532
2018-10-23,35.87,35.87,30.9,31.72,542433
2018-10-24,30.32,31.22,28.53,30.01,440495
2018-10-25,28.67,29.1,27.74,28.52,290302
2018-10-26,28.62,29.18,27.72,28.02,231604
2018-10-29,24.67,24.72,22.59,22.59,379559
2018-10-30,20.52,22.56,19.78,21.21,550242
2018-10-31,21.72,22.47,21.21,21.87,461995
2018-11-01,22.82,24.67,22.43,23.37,639046
2018-11-02,25.5,27.41,24.57,27.41,593916
2018-11-05,26.38,26.62,24.82,25.47,457641
2018-11-06,25.45,25.45,23.74,24.52,283324
2018-11-07,24.63,25.22,23.94,24.22,240857
2018-11-08,24.86,25.21,24.22,24.41,182010
2018-11-09,23.73,24.16,23.61,23.73,146378
2018-11-12,23.56,23.91,22.72,23.77,261822
2018-11-13,23.12,25.41,22.99,24.97,326151
2018-11-14,24.97,24.98,23.78,23.89,206290
2018-11-15,24.08,24.56,23.93,24.31,151935
2018-11-16,24.52,24.9,24.13,24.41,196549
2018-11-19,24.56,25.7,24.32,25.41,247184
2018-11-20,25.2,25.22,24.32,24.33,180986
2018-11-21,23.73,25.16,23.62,24.85,182848
2018-11-22,25.02,25.2,24.08,24.71,124116
2018-11-23,24.7,24.92,23.72,23.74,137979
2018-11-26,24.12,24.36,23.72,23.81,95099
2018-11-27,24.09,24.09,23.26,23.5,100746
2018-11-28,23.69,24.35,23.38,23.96,137338
2018-11-29,24.85,25.2,24.12,24.15,243415
2018-11-30,24.42,26.11,24.22,26.11,398866
2018-12-03,27.79,28.92,27.12,28.81,460208
2018-12-04,28.72,29.13,28.13,28.67,215035
2018-12-05,27.91,29.33,27.67,28.63,280715
2018-12-06,27.77,28.18,26.45,26.72,299608
2018-12-07,27.23,27.39,26.52,26.92,146894
2018-12-10,26.21,26.87,25.61,26.05,158761
2018-12-11,26.07,26.71,25.84,26.54,110120
2018-12-12,27.21,27.21,26.41,26.89,121634
2018-12-13,26.87,28.17,26.62,27.73,230114
2018-12-14,27.55,27.62,26.64,26.71,173186
2018-12-17,26.46,26.72,25.93,26.54,103844
2018-12-18,26.13,26.76,26.02,26.66,106706
2018-12-19,26.52,27.77,26.23,26.28,190965
2018-12-20,26.27,26.46,24.63,25.58,182040
2018-12-21,25.12,25.22,23.77,24.32,194939
2018-12-24,23.92,24.97,23.78,24.68,104929
2018-12-25,23.99,24.82,23.57,24.58,120800
2018-12-26,24.56,24.9,23.92,24.13,91197
2018-12-27,24.92,25.2,23.87,23.87,134354
2018-12-28,24.04,24.97,23.54,24.6,190685
2019-01-02,25.32,25.52,23.55,23.66,232267
2019-01-03,23.76,23.76,21.99,22.68,278030
2019-01-04,21.95,23.5,21.72,23.26,241498
2019-01-07,23.62,23.87,22.75,23.03,233797
2019-01-08,23.2,23.32,22.6,22.74,167844
2019-01-09,23.13,24.39,22.87,23.75,330785
2019-01-10,23.6,23.87,22.95,23.58,186374
2019-01-11,23.77,24.49,23.44,24.41,247668
2019-01-14,24.22,24.31,23.2,23.31,217801
2019-01-15,23.47,26.82,23.23,26.69,500413
2019-01-16,26.52,26.52,25.75,25.92,330078
2019-01-17,26.12,26.51,25.28,25.64,233910
2019-01-18,25.92,28.22,25.92,27.6,521235
2019-01-21,28.37,30.09,28.34,29.72,549112
2019-01-22,29.72,29.72,28.37,28.93,335692
2019-01-23,28.6,29.27,28.32,28.79,202242
2019-01-24,29.02,29.47,28.22,28.92,193598
2019-01-25,29.27,29.57,28.44,28.97,241740
2019-01-28,29.72,32.27,29.22,31.19,592375
2019-01-29,31.32,32.3,30.42,32.3,317132
2019-01-30,32.11,32.89,30.92,31.0,286802
2019-01-31,31.43,34.38,30.33,34.02,527324
2019-02-01,34.52,35.08,33.94,34.9,390354
2019-02-11,35.59,38.95,34.32,38.42,433982
2019-02-12,38.57,40.49,38.02,38.47,437642
2019-02-13,39.2,39.96,38.2,39.79,374356
2019-02-14,39.67,42.02,39.31,41.68,446146
2019-02-15,41.72,41.92,39.79,40.12,311272
2019-02-18,40.82,43.62,40.82,43.59,439770
2019-02-19,43.4,44.19,42.33,43.39,339649
2019-02-20,43.22,44.2,41.52,42.73,296281
2019-02-21,42.68,42.96,41.28,41.77,283498
2019-02-22,41.11,42.22,40.52,42.22,238045
2019-02-25,42.38,45.57,41.21,44.98,593506
2019-02-26,44.68,44.72,42.52,42.64,450654
2019-02-27,43.27,46.2,42.87,43.78,488307
2019-02-28,43.52,46.32,42.23,45.22,394478
2019-03-01,45.82,49.84,45.42,49.62,493190
2019-03-04,50.31,53.22,49.23,50.97,612471
2019-03-05,50.96,52.28,50.49,51.49,332859
2019-03-06,50.97,51.12,49.72,50.71,341851
2019-03-07,49.8,49.8,46.92,47.69,464177
2019-03-08,45.46,48.1,44.73,45.16,421401
2019-03-11,45.32,50.23,45.32,49.72,453330
2019-03-12,49.6,50.87,48.49,49.02,345975
2019-03-13,48.72,50.88,48.37,50.22,320983
2019-03-14,50.62,52.71,49.44,50.87,438313
2019-03-15,50.59,53.31,48.73,52.5,407667
2019-03-18,52.4,60.38,52.22,60.38,785029
2019-03-19,58.65,62.33,58.02,59.72,614713
2019-03-20,58.72,61.9,58.12,59.42,404123
2019-03-21,59.44,59.72,58.25,58.62,218635
2019-03-22,58.27,60.34,57.73,59.77,287228
2019-03-25,58.22,59.22,56.02,56.53,333485
2019-03-26,56.92,59.39,56.89,58.19,323213
2019-03-27,59.1,63.67,58.27,61.7,494443
2019-03-28,63.52,65.61,61.73,64.02,607346
2019-03-29,65.22,71.8,64.86,68.72,574996
2019-04-01,68.72,71.18,67.72,70.29,548711
2019-04-02,69.72,70.2,68.0,69.78,356990
2019-04-03,68.33,70.73,68.33,69.12,247438
2019-04-04,68.38,75.25,67.91,73.95,516298
2019-04-08,78.37,79.11,73.73,75.72,535741
2019-04-09,73.88,83.85,73.83,83.74,473137
2019-04-10,79.72,83.75,76.72,80.72,673144
2019-04-11,79.62,80.62,71.29,73.52,676208
2019-04-12,71.62,74.02,70.72,73.34,410825
2019-04-15,75.72,78.66,73.72,74.32,464503
2019-04-16,72.32,75.95,70.78,75.93,474714
2019-04-17,74.7,79.2,74.02,77.34,423137
2019-04-18,77.04,78.22,75.52,76.06,278663
2019-04-19,76.06,76.14,73.58,75.38,302351
2019-04-22,74.72,77.62,74.22,74.85,350744
2019-04-23,74.32,80.22,74.22,78.03,521794
2019-04-24,78.72,80.22,74.72,77.22,362607
2019-04-25,76.52,77.72,74.32,74.32,324523
2019-04-26,73.62,77.22,73.62,75.99,410707
2019-04-29,74.72,78.83,72.52,76.01,578443
2019-04-30,75.72,78.22,74.72,76.08,299197
2019-05-06,72.06,72.35,65.84,65.84,716993
2019-05-07,67.02,70.69,67.02,69.68,517243
2019-05-08,66.89,71.38,66.74,69.6,333316
2019-05-09,68.62,69.6,63.74,65.53,525058
2019-05-10,68.31,73.2,67.33,72.92,597127
2019-05-13,72.72,78.02,70.72,77.32,521618
2019-05-14,74.72,78.71,74.72,76.2,431034
2019-05-15,77.92,84.22,76.88,83.62,647521
2019-05-16,82.48,85.71,81.52,83.7,426503
2019-05-17,82.74,84.7,78.71,80.18,501195
2019-05-20,79.52,79.65,75.32,77.72,398480
2019-05-21,77.73,79.9,75.62,77.92,418030
2019-05-22,77.02,78.85,74.72,77.03,281542
2019-05-23,75.94,76.72,73.05,73.55,428035
2019-05-24,73.83,76.6,73.52,74.74,324838
2019-05-27,75.22,76.37,72.22,75.72,351185
2019-05-28,75.32,77.92,75.02,76.82,427841
2019-05-29,75.7,78.94,75.32,78.27,431698
2019-05-30,77.52,78.92,75.71,76.85,249276
2019-05-31,77.12,77.12,74.75,74.97,288484
2019-06-03,75.02,77.27,73.78,75.18,261336
2019-06-04,76.1,76.22,72.35,72.91,320981
2019-06-05,74.27,74.33,72.6,72.77,235420
2019-06-06,73.4,74.19,72.08,72.71,217204
2019-06-10,72.72,76.55,71.42,75.86,345857
2019-06-11,76.58,84.94,76.1,84.37,641527
2019-06-12,84.53,85.22,81.83,83.03,384593
2019-06-13,83.44,83.57,80.57,82.22,274693
2019-06-14,82.2,84.12,80.11,80.38,348243
2019-06-17,80.38,81.66,77.53,79.12,300609
2019-06-18,78.88,80.55,77.62,79.5,232709
2019-06-19,83.2,83.62,81.28,81.32,378260
2019-06-20,80.88,88.52,80.75,88.39,631133
2019-06-21,87.48,89.3,86.62,88.4,428986
2019-06-24,88.4,92.82,87.43,90.48,428014
2019-06-25,90.48,91.99,87.42,90.32,387597
2019-06-26,89.66,90.26,88.61,89.24,203149
2019-06-27,89.93,93.89,89.93,92.72,446929
2019-06-28,93.0,93.76,91.3,93.37,270361
2019-07-01,96.6,101.42,96.47,101.42,479809
2019-07-02,100.13,103.42,100.03,103.42,382939
2019-07-03,102.42,105.71,97.56,99.33,714434
2019-07-04,99.31,100.28,95.7,98.51,483135
2019-07-05,98.92,105.6,98.42,105.23,562843
2019-07-08,105.2,105.22,99.92,102.45,466162
2019-07-09,102.14,104.22,99.92,101.42,367636
2019-07-10,102.3,102.86,100.82,101.85,246400
2019-07-11,102.87,103.34,98.25,98.92,421004
2019-07-12,99.15,101.95,98.32,101.0,334533
2019-07-15,99.44,100.88,96.92,100.51,294387
2019-07-16,100.52,101.42,98.61,99.0,229800
2019-07-17,98.92,100.16,97.92,99.02,198449
2019-07-18,98.93,99.67,96.42,96.42,279618
2019-07-19,97.42,99.3,96.52,97.56,238433
2019-07-22,97.72,99.2,96.75,98.87,229290
2019-07-23,99.12,99.2,94.1,95.47,426761
2019-07-24,95.64,96.55,94.42,94.92,282786
2019-07-25,94.72,97.19,91.62,97.1,439753
2019-07-26,96.23,97.92,95.92,96.67,235231
2019-07-29,96.92,99.6,96.35,99.17,356041
2019-07-30,99.52,100.1,97.92,98.32,238945
2019-07-31,97.62,98.52,95.7,96.13,242683
2019-08-01,95.45,96.74,93.55,94.45,260736
2019-08-02,91.73,94.07,91.44,93.54,270011
2019-08-05,91.95,94.81,91.64,92.37,269946
2019-08-06,92.22,97.22,89.72,96.7,533102
2019-08-07,97.22,97.27,94.28,94.3,256858
2019-08-08,94.91,97.03,94.68,95.94,252180
2019-08-09,96.92,97.4,92.92,93.44,278185
2019-08-12,96.41,98.62,94.43,98.26,395370
2019-08-13,97.42,98.42,96.8,97.72,191874
2019-08-14,99.62,102.42,98.93,101.27,416269
2019-08-15,99.32,101.86,98.93,101.4,246999
2019-08-16,101.92,104.42,100.82,101.72,312170
2019-08-19,102.72,104.23,101.15,103.32,312747
2019-08-20,103.42,105.64,103.12,105.01,306617
2019-08-21,104.91,105.3,103.02,103.27,232900
2019-08-22,103.76,106.42,103.28,105.92,302087
2019-08-23,105.96,107.1,104.6,105.52,320667
2019-08-26,103.32,104.42,102.02,102.84,283220
2019-08-27,104.19,108.7,103.87,107.8,379671
2019-08-28,108.62,111.97,107.12,109.34,343764
2019-08-29,109.82,113.16,109.14,112.42,316290
2019-08-30,113.47,118.52,113.45,116.92,440798
2019-09-02,116.92,117.97,113.52,117.31,329901
2019-09-03,117.42,118.21,114.82,116.92,274754
2019-09-04,115.48,116.42,112.92,113.73,380556
2019-09-05,113.7,115.66,113.22,114.32,300247
2019-09-06,115.07,115.52,112.64,115.43,279328
2019-09-09,115.48,116.15,114.02,114.62,224903
2019-09-10,113.62,113.92,111.63,112.67,247836
2019-09-11,110.42,111.02,104.1,104.68,702310
2019-09-12,102.92,107.56,102.92,106.97,412754
2019-09-16,105.89,107.22,104.52,106.34,238108
2019-09-17,105.52,109.16,105.0,106.96,257861
2019-09-18,107.52,111.34,107.43,110.98,363936
2019-09-19,111.42,111.67,109.13,110.34,182045
2019-09-20,110.92,112.94,110.92,112.26,257905
2019-09-23,112.14,112.14,107.42,110.27,209573
2019-09-24,109.67,113.14,109.67,111.93,268694
2019-09-25,111.42,113.3,110.08,111.96,189634
2019-09-26,112.39,113.04,108.77,109.52,219393
2019-09-27,108.53,110.72,107.62,109.22,166711
2019-09-30,108.42,109.37,104.92,105.22,265434
2019-10-08,105.22,109.99,105.22,108.18,226896
2019-10-09,108.42,108.51,106.12,107.23,168829
2019-10-10,104.03,107.07,101.5,106.41,293459
2019-10-11,106.92,108.07,104.42,106.67,226707
2019-10-14,108.42,108.92,105.72,106.28,210411
2019-10-15,106.42,108.95,105.42,108.11,274877
2019-10-16,105.32,106.67,104.16,105.55,274371
2019-10-17,106.42,106.55,105.17,105.72,147556
2019-10-18,105.4,105.4,102.09,102.72,325369
2019-10-21,102.72,103.92,101.55,103.54,165637
2019-10-22,104.42,104.8,103.42,104.42,144421
2019-10-23,104.42,105.5,102.44,102.74,191812
2019-10-24,102.97,103.62,99.67,99.95,270606
2019-10-25,100.57,103.92,99.84,103.62,257853
2019-10-28,103.64,106.22,102.7,105.47,236364
2019-10-29,106.42,108.07,105.68,106.92,214686
2019-10-30,106.92,107.29,105.0,106.37,132816
2019-10-31,111.08,111.42,107.13,107.5,333272
2019-11-01,108.12,109.6,107.27,109.12,223768
2019-11-04,109.32,111.27,109.26,109.41,220473
2019-11-05,109.92,110.7,108.97,109.7,163965
2019-11-06,110.4,110.4,107.93,108.05,190923
2019-11-07,108.06,108.91,107.54,108.59,103993
2019-11-08,109.72,112.05,109.42,110.01,289220
2019-11-11,109.42,110.3,107.42,108.14,217727
2019-11-12,108.52,109.27,107.61,108.79,160139
2019-11-13,109.22,110.7,108.1,110.04,181589
2019-11-14,110.07,110.92,109.1,109.97,187239
2019-11-15,110.4,110.4,108.42,108.75,130653
2019-11-18,108.84,109.51,107.92,108.42,134642
2019-11-19,108.42,109.12,107.99,108.92,155717
2019-11-20,108.42,110.98,108.22,109.42,210089
2019-11-21,109.07,109.67,108.33,109.08,128165
2019-11-22,108.79,109.49,103.47,104.39,283119
2019-11-25,103.72,105.0,101.14,104.12,234313
2019-11-26,104.13,106.14,104.13,106.14,172909
2019-11-27,105.91,107.72,105.15,106.91,154691
2019-11-28,107.43,108.22,105.32,106.23,113864
2019-11-29,106.02,106.02,101.42,102.97,258759
2019-12-02,102.87,104.36,100.62,102.42,141218
2019-12-03,101.78,102.21,100.3,101.46,139509
2019-12-04,103.38,103.99,102.3,103.87,192212
2019-12-05,103.92,104.12,102.92,103.58,112779
2019-12-06,103.57,106.62,103.43,106.4,202983
2019-12-09,107.19,108.4,105.62,105.91,131495
2019-12-10,105.3,106.5,104.92,106.28,97116
2019-12-11,105.82,106.27,103.42,104.24,147185
2019-12-12,104.42,104.64,102.72,103.2,129776
2019-12-13,104.0,105.64,103.62,104.94,164666
2019-12-16,105.64,105.72,103.02,104.25,202121
2019-12-17,104.41,105.75,104.27,105.67,252661
2019-12-18,105.92,108.34,105.67,106.36,235574
2019-12-19,106.42,107.07,104.6,105.28,130363
2019-12-20,105.42,105.7,104.32,104.52,130459
2019-12-23,102.92,104.92,102.41,103.56,156765
2019-12-24,103.86,105.04,103.82,104.12,83081
2019-12-25,104.58,104.61,103.11,103.52,109822
2019-12-26,103.52,103.74,102.7,103.57,101144
2019-12-27,104.4,105.67,104.24,104.42,196530
2019-12-30,104.62,108.67,104.0,108.24,340117
2019-12-31,108.42,109.54,107.62,108.43,195074
2020-01-02,107.42,108.92,105.01,107.5,306674
2020-01-03,107.02,107.49,105.03,105.97,204692
2020-01-06,105.42,105.67,103.94,104.62,259370
2020-01-07,104.92,106.49,104.42,104.79,223278
2020-01-08,104.41,105.18,103.47,104.31,161802
2020-01-09,104.42,106.62,103.67,106.19,255491
2020-01-10,105.92,109.47,105.92,109.04,429695
2020-01-13,109.68,115.42,109.67,115.08,496042
2020-01-14,115.52,116.1,113.62,113.98,199073
2020-01-15,113.98,118.23,113.97,116.22,234789
2020-01-16,116.22,117.42,114.72,116.08,145360
2020-01-17,116.68,117.22,113.72,113.97,148478
2020-01-20,115.97,116.08,112.22,112.98,167538
2020-01-21,111.92,111.92,107.43,108.04,293073
2020-01-22,106.41,108.09,105.18,107.12,257531
2020-01-23,107.19,107.19,100.42,101.58,415937
2020-02-03,88.96,88.96,88.96,88.96,167639
2020-02-04,84.42,95.42,84.42,89.92,710214
2020-02-05,91.32,95.22,89.52,92.93,388783
2020-02-06,94.42,95.36,92.02,94.57,306551
2020-02-07,94.67,96.35,93.03,96.0,280117
2020-02-10,94.92,97.75,94.0,96.55,221877
2020-02-11,96.57,100.92,96.57,100.21,245774
2020-02-12,99.92,100.67,98.19,99.91,175114
2020-02-13,100.3,102.08,98.79,99.56,178629
2020-02-14,99.62,101.3,97.87,98.85,169720
2020-02-17,98.6,99.72,98.0,99.72,238169
2020-02-18,99.22,99.72,98.43,98.81,128728
2020-02-19,99.2,102.6,98.1,101.42,316628
2020-02-20,102.42,106.0,102.31,105.57,334662
2020-02-21,105.42,106.62,104.44,105.42,207438
2020-02-24,104.82,104.82,102.12,102.52,235601
2020-02-25,100.22,102.42,99.28,100.72,240633
2020-02-26,99.25,101.84,98.42,99.52,214179
2020-02-27,100.22,103.17,99.92,101.72,235732
2020-02-28,99.42,99.45,94.42,96.02,366012
2020-03-02,95.52,99.02,95.02,98.07,269822
2020-03-03,99.12,101.3,99.12,99.79,230923
2020-03-04,99.42,101.35,99.42,100.69,197575
2020-03-05,101.97,110.3,101.42,108.62,565620
2020-03-06,107.42,110.3,105.42,105.49,291658
2020-03-09,103.42,103.67,101.46,101.72,244542
2020-03-10,101.72,107.05,101.62,106.14,310772
2020-03-11,107.92,108.22,104.92,105.32,187635
2020-03-12,102.3,103.53,101.28,101.46,252660
2020-03-13,95.42,100.64,94.3,98.02,350887
2020-03-16,96.82,97.82,89.83,90.92,370242
2020-03-17,89.92,93.0,84.0,87.78,352980
2020-03-18,88.62,91.39,82.11,83.01,404423
2020-03-19,81.22,82.42,74.05,77.53,601698
2020-03-20,79.74,85.08,79.63,83.93,422064
2020-03-23,79.42,81.92,78.46,79.93,328265
2020-03-24,82.5,85.31,81.46,84.47,356363
2020-03-25,88.52,90.38,87.26,89.42,309473
2020-03-26,88.4,91.72,87.32,89.31,208801
2020-03-27,91.02,93.22,91.02,91.23,235435
2020-03-30,88.24,89.44,87.12,88.65,205806
2020-03-31,90.42,92.01,89.48,90.62,188496
2020-04-01,91.42,92.41,89.86,90.42,175969
2020-04-02,89.42,92.61,88.94,92.61,191537
2020-04-03,93.12,94.89,92.22,92.94,175806
2020-04-07,96.02,100.0,96.02,99.56,294512
2020-04-08,99.56,101.41,98.85,100.7,201134
2020-04-09,102.07,103.02,98.43,100.4,158796
2020-04-10,100.4,104.22,99.62,101.94,198961
2020-04-13,100.57,102.44,99.62,100.42,146060
2020-04-14,102.03,104.3,100.62,103.87,194619
2020-04-15,103.89,105.7,102.63,103.33,162967
2020-04-16,102.43,103.22,100.94,101.52,188254
2020-04-17,102.59,105.12,102.16,104.24,234711
2020-04-20,105.34,105.9,104.3,104.73,132188
2020-04-21,103.5,104.37,100.5,101.89,205524
2020-04-22,101.96,106.41,100.84,105.72,265985
2020-04-23,106.62,109.72,106.22,106.51,213319
2020-04-24,106.66,108.71,104.79,106.82,167733
2020-04-27,107.93,109.04,105.8,108.12,159342
2020-04-28,111.42,116.64,109.93,114.42,420773
2020-04-29,114.42,115.57,109.42,110.92,291832
2020-04-30,110.92,114.62,109.44,111.19,228641
2020-05-06,109.92,114.47,109.4,113.63,251045
2020-05-07,113.8,117.42,112.79,117.33,277962
2020-05-08,118.07,120.92,116.35,118.32,243267
2020-05-11,118.64,120.52,116.42,117.27,236820
2020-05-12,116.42,119.21,116.31,118.32,151845
2020-05-13,118.32,121.63,117.72,121.42,196350
2020-05-14,121.32,122.42,119.82,121.72,153613
2020-05-15,122.92,123.41,119.5,120.64,160644
2020-05-18,120.42,127.88,120.02,126.61,248810
2020-05-19,128.75,128.91,125.79,126.84,176506
2020-05-20,127.92,128.4,125.93,126.27,170412
2020-05-21,127.28,128.95,126.45,127.1,170922
2020-05-22,126.18,126.2,119.07,119.67,383526
2020-05-25,119.43,122.82,116.52,122.45,243560
2020-05-26,122.45,124.54,121.57,123.23,165119
2020-05-27,123.24,123.82,121.1,121.58,145963
2020-05-28,121.57,123.44,119.92,121.58,148184
2020-05-29,120.42,124.01,120.25,123.62,163217
2020-06-01,125.48,135.6,125.48,134.01,357844
2020-06-02,133.81,139.07,133.44,134.19,291586
2020-06-03,136.28,137.18,132.1,133.66,252759
2020-06-04,133.45,135.4,132.42,134.27,136318
2020-06-05,134.53,136.1,133.02,135.51,159859
2020-06-08,134.92,140.37,134.72,136.03,222551
2020-06-09,136.0,138.42,134.43,138.03,161119
2020-06-10,138.07,139.2,136.5,137.96,149481
2020-06-11,137.22,138.16,133.37,135.49,199461
2020-06-12,132.42,137.3,131.52,136.92,176476
2020-06-15,134.42,136.3,131.92,132.42,266220
2020-06-16,132.52,134.68,131.82,133.1,259847
2020-06-17,132.68,132.92,129.32,131.3,232423
2020-06-18,132.02,134.0,131.38,133.78,199490
2020-06-19,133.92,141.92,133.85,140.99,387028
2020-06-22,141.62,141.62,138.62,140.62,216312
2020-06-23,140.62,146.02,139.7,145.6,265325
2020-06-24,146.03,148.92,144.62,146.23,187986
2020-06-29,144.23,146.12,143.42,145.12,199936
2020-06-30,146.16,149.29,146.12,148.74,189898
2020-07-01,148.74,162.72,148.74,159.6,271818
2020-07-02,157.62,169.96,157.5,167.11,348870
2020-07-03,167.61,168.12,160.12,166.34,308159
2020-07-06,166.33,173.62,163.18,170.44,328431
2020-07-07,170.4,184.0,167.94,179.51,384111
2020-07-08,179.12,183.42,176.62,180.98,292323
2020-07-09,181.01,182.98,179.12,181.34,295243
2020-07-10,180.62,189.42,178.42,184.62,335476
2020-07-13,184.62,202.62,184.62,195.82,488807
2020-07-14,195.92,202.95,189.65,198.52,438733
2020-07-15,196.62,203.62,195.22,201.57,371700
2020-07-16,198.62,198.67,179.18,179.18,705737
2020-07-17,172.62,187.32,172.62,183.01,529767
2020-07-20,183.12,186.12,168.63,179.3,442907
2020-07-21,178.62,186.52,176.42,183.2,317859
2020-07-22,181.87,190.49,180.37,186.52,280663
2020-07-23,184.92,189.52,183.22,187.69,265413
2020-07-24,185.62,186.57,175.62,179.01,405386
2020-07-27,181.01,184.42,179.03,181.72,246347
2020-07-28,183.51,194.56,182.29,191.62,384497
2020-07-29,191.97,193.1,186.63,192.6,301364
2020-07-30,191.62,195.67,190.62,193.94,253226
2020-07-31,194.13,198.63,191.9,195.12,262318
2020-08-03,195.8,197.55,192.82,195.34,201454
2020-08-04,195.12,197.42,191.62,193.42,206769
2020-08-05,193.22,195.38,190.62,195.1,186712
2020-08-06,195.1,196.16,187.28,188.64,323044
2020-08-07,187.62,190.62,180.8,184.88,287236
2020-08-10,184.88,186.5,180.56,183.56,191521
2020-08-11,184.62,190.97,184.62,186.62,250091
2020-08-12,185.54,187.5,180.66,184.09,180250
2020-08-13,185.62,187.62,183.12,184.52,123210
2020-08-14,183.92,190.92,183.84,190.52,244315
2020-08-17,192.12,199.62,192.12,197.61,315156
2020-08-18,197.61,200.62,195.74,198.19,190382
2020-08-19,198.09,203.58,194.89,199.82,238473
2020-08-20,197.62,198.54,193.62,194.06,184907
2020-08-21,197.62,198.6,194.06,196.02,157319
2020-08-24,197.6,203.92,196.81,202.62,231522
2020-08-25,203.62,214.37,203.61,213.22,285479
2020-08-26,213.02,217.49,209.82,214.27,262100
2020-08-27,216.6,216.6,208.76,215.7,213489
2020-08-28,213.6,222.48,210.82,218.12,327242
2020-08-31,219.62,224.32,217.62,217.62,315715
2020-09-01,215.1,217.42,210.72,213.86,300870
2020-09-02,212.82,217.4,211.42,212.62,196331
2020-09-03,213.02,220.62,212.81,216.26,275696
2020-09-04,211.62,211.62,203.89,207.84,370921
2020-09-07,206.97,211.07,202.72,204.51,236227
2020-09-08,204.76,206.97,195.22,199.55,357085
2020-09-09,196.43,198.28,193.62,194.62,227061
2020-09-10,197.62,203.38,197.58,200.82,231541
2020-09-11,199.07,205.5,197.8,205.5,204701
2020-09-14,206.7,209.06,201.8,207.7,207492
2020-09-15,207.62,209.02,205.62,207.95,120365
2020-09-16,208.36,209.81,202.62,203.64,184537
2020-09-17,199.68,203.62,196.52,200.27,228016
2020-09-18,200.27,207.14,198.44,207.14,190157
2020-09-21,205.62,207.17,202.09,202.52,130285
2020-09-22,200.08,204.39,199.62,200.52,120914
2020-09-23,194.22,199.11,190.08,196.94,251795
2020-09-24,195.7,198.99,193.5,193.92,163652
2020-09-25,194.63,197.06,193.99,194.82,112517
2020-09-28,195.96,200.47,195.62,197.75,152644
2020-09-29,199.62,200.42,196.39,197.35,99721
2020-09-30,198.62,202.62,197.72,198.62,162342
2020-10-09,202.62,207.17,200.91,205.19,208934
2020-10-12,206.62,219.63,206.62,219.37,324557
2020-10-13,219.37,222.22,216.46,219.89,171911
2020-10-14,219.41,221.95,215.8,217.02,183194
2020-10-15,217.13,218.12,215.96,216.53,111761
2020-10-16,216.52,218.44,212.86,214.5,118358
2020-10-19,217.62,219.22,212.22,213.8,122901
2020-10-20,213.62,218.62,212.62,218.6,179963
2020-10-21,218.6,221.32,217.31,219.39,137077
2020-10-22,219.62,220.61,214.3,219.36,150416
2020-10-23,218.41,219.86,213.92,214.25,134523
2020-10-26,207.62,212.21,200.62,210.23,160000
2020-10-27,210.63,212.97,208.32,211.12,143027
2020-10-28,212.62,219.62,211.04,217.6,170762
2020-10-29,216.42,231.39,216.11,227.62,349627
2020-10-30,224.57,227.62,220.89,221.97,239490
2020-11-02,224.69,228.67,222.12,223.32,157337
2020-11-03,225.72,228.02,223.12,228.02,165351
2020-11-04,227.87,230.62,225.92,230.62,129928
2020-11-05,233.61,237.47,231.67,237.03,189690
2020-11-06,237.67,238.82,232.67,236.92,151165
2020-11-09,238.62,247.62,238.22,247.62,206284
2020-11-10,248.36,256.27,244.87,250.42,223081
2020-11-11,248.32,256.62,245.97,246.52,227873
2020-11-12,246.52,249.11,242.62,245.27,176232
2020-11-13,242.62,244.99,235.62,242.62,188431
2020-11-16,245.62,250.77,241.13,250.62,195778
2020-11-17,250.61,252.17,243.62,246.72,179477
2020-11-18,245.61,247.14,236.62,241.34,194563
2020-11-19,239.96,243.92,237.62,242.32,124482
2020-11-20,244.16,248.12,242.42,246.09,111226
2020-11-23,249.12,255.39,249.12,250.2,156342
2020-11-24,250.2,250.22,244.62,249.41,125035
2020-11-25,249.42,250.01,240.43,240.59,165594
2020-11-26,239.79,242.8,230.32,238.2,199052
2020-11-27,238.2,239.93,235.72,239.92,112593
2020-11-30,238.27,239.61,231.27,231.62,211741
2020-12-01,232.62,236.5,232.62,235.61,136481
2020-12-02,237.62,239.61,234.72,238.17,116378
2020-12-03,237.68,239.62,236.59,239.25,92087
2020-12-04,238.12,245.62,237.77,244.81,170511
2020-12-07,244.83,252.82,244.83,247.86,196216
2020-12-08,249.17,251.67,246.17,249.62,147776
2020-12-09,250.62,251.62,247.12,247.34,116776
2020-12-10,246.62,249.62,244.92,245.29,134102
2020-12-11,246.47,247.61,241.02,245.14,150053
2020-12-14,246.12,251.12,243.7,250.77,181744
2020-12-15,250.77,250.92,244.93,248.42,146118
2020-12-16,250.62,252.62,249.62,251.95,160255
2020-12-17,252.16,257.62,251.83,255.43,199761
2020-12-18,254.52,257.3,251.7,254.48,150825
2020-12-21,252.93,259.6,252.93,259.53,161890
2020-12-22,260.6,265.62,259.59,260.0,187064
2020-12-23,260.62,266.12,252.62,255.91,252216
2020-12-24,253.62,256.52,249.98,252.94,156161
2020-12-25,250.22,255.05,249.12,253.54,111114
2020-12-28,253.62,263.78,253.6,263.57,193812
2020-12-29,263.7,264.28,256.8,258.62,146589
2020-12-30,260.51,265.22,258.88,264.5,168825
2020-12-31,265.63,272.09,265.62,269.47,160038
2021-01-04,269.62,277.62,269.61,275.67,234278
2021-01-05,274.82,297.6,272.12,297.6,314606
2021-01-06,297.77,313.28,295.41,305.92,313430
2021-01-07,305.93,308.3,294.7,307.62,242559
2021-01-08,307.68,309.22,286.56,294.62,378702
2021-01-11,294.05,294.12,277.12,278.82,381953
2021-01-12,276.57,288.92,275.62,287.62,230255
2021-01-13,289.15,291.1,279.74,282.95,233653
2021-01-14,281.62,282.5,266.62,267.02,354896
2021-01-15,265.62,269.91,255.69,265.32,417133
2021-01-18,262.62,264.76,256.95,262.17,272559
2021-01-19,264.62,267.62,257.62,259.12,293889
2021-01-20,257.62,263.23,252.56,262.47,264040
2021-01-21,263.42,276.61,263.12,274.57,294024
2021-01-22,272.7,277.53,270.2,273.18,249467
2021-01-25,273.19,293.95,270.82,293.31,412909
2021-01-26,293.31,293.33,282.72,283.4,241435
2021-01-27,280.52,280.52,264.62,270.2,307938
2021-01-28,265.85,269.62,260.62,263.62,276078
2021-01-29,267.62,272.76,266.4,268.76,220109
2021-02-01,270.63,277.49,269.91,269.91,195760
2021-02-02,269.62,281.95,269.52,281.74,297492
2021-02-03,281.42,286.62,278.74,286.37,224547
2021-02-04,283.62,294.42,282.63,291.22,280575
2021-02-05,291.63,307.62,291.62,297.38,328913
2021-02-08,301.62,308.12,291.42,297.62,266530
2021-02-09,299.62,307.62,295.48,307.12,224780
2021-02-10,310.62,323.3,310.12,320.27,331932
2021-02-18,332.11,334.81,308.51,311.12,343815
2021-02-19,311.22,323.82,303.57,322.02,274750
2021-02-22,319.62,319.92,288.6,290.68,414582
2021-02-23,283.62,300.48,281.79,292.62,278668
2021-02-24,292.62,292.63,266.27,270.7,417248
2021-02-25,274.12,277.6,263.2,266.52,249046
2021-02-26,258.18,264.99,248.62,257.62,288971
2021-03-01,263.62,271.62,258.63,266.64,255063
2021-03-02,270.82,273.5,252.92,258.32,244125
2021-03-03,253.62,264.42,249.23,262.92,211717
2021-03-04,257.62,257.62,242.62,243.93,329359
2021-03-05,235.62,249.81,231.62,244.12,291650
2021-03-08,245.62,247.65,222.06,222.12,383654
2021-03-09,219.62,226.82,207.62,220.12,438746
2021-03-10,225.62,232.62,224.72,230.22,309582
2021-03-11,232.63,247.12,227.7,242.66,301531
2021-03-12,246.72,247.11,233.39,242.07,251438
2021-03-15,240.07,244.12,223.62,228.63,248997
2021-03-16,229.22,240.17,228.17,240.03,231656
2021-03-17,239.12,245.65,232.62,241.93,198878
2021-03-18,242.62,252.62,242.62,248.01,201303
2021-03-19,240.62,242.62,235.29,238.41,197850
2021-03-22,238.57,241.21,232.33,237.12,142782
2021-03-23,237.12,241.6,234.6,239.87,126952
2021-03-24,236.71,246.62,236.24,238.42,179422
2021-03-25,234.56,235.51,229.62,233.6,186259
2021-03-26,235.62,244.8,233.44,243.57,230203
2021-03-29,244.62,257.57,243.61,249.71,281995
2021-03-30,248.12,256.14,248.12,251.08,168708
2021-03-31,248.32,248.32,242.63,245.6,134111
2021-04-01,247.62,251.51,244.63,250.7,121142
2021-04-02,254.63,262.62,252.62,262.18,229626
2021-04-06,263.57,265.62,259.62,262.38,155508
2021-04-07,260.63,261.27,246.42,248.47,244936
2021-04-08,242.62,252.47,241.68,250.7,162114
2021-04-09,248.62,250.12,242.62,242.92,146116
2021-04-12,242.82,244.98,237.62,238.61,133233
2021-04-13,238.88,245.84,238.88,240.52,138757
2021-04-14,240.53,245.23,238.87,241.4,148178
2021-04-15,238.93,240.61,226.94,233.42,285959
2021-04-16,233.42,241.25,233.42,239.42,187543
2021-04-19,237.62,245.83,231.12,243.29,188156
2021-04-20,242.62,251.41,240.63,245.37,199147
2021-04-21,242.62,250.59,241.2,248.47,159232
2021-04-22,248.52,251.62,246.62,248.81,116274
2021-04-23,249.87,258.62,249.87,257.62,207833
2021-04-26,260.62,263.51,252.48,252.62,203904
2021-04-27,254.62,259.44,249.96,259.44,142315
2021-04-28,252.62,263.22,251.42,263.22,220279
2021-04-29,264.68,268.62,258.93,267.12,206936
2021-04-30,264.62,266.92,261.3,262.62,158031
2021-05-06,259.62,263.42,253.42,254.06,168661
2021-05-07,257.63,257.85,248.9,249.72,125008
2021-05-10,248.2,251.62,239.02,241.62,195248
2021-05-11,239.84,253.08,239.61,253.07,192326
2021-05-12,251.82,257.2,251.62,255.13,121063
2021-05-13,251.81,256.17,250.12,253.62,97079
2021-05-14,255.58,266.02,252.8,264.62,218085
2021-05-17,265.84,282.29,265.84,274.81,280615
2021-05-18,275.63,277.62,271.92,277.12,147287
2021-05-19,275.62,286.72,273.65,280.41,167001
2021-05-20,282.32,285.6,279.18,281.13,140240
2021-05-21,282.62,283.31,272.68,274.22,172621
2021-05-24,277.62,282.82,272.97,282.63,157089
2021-05-25,283.62,300.68,282.54,300.65,323059
2021-05-26,298.12,301.63,293.62,296.62,190751
2021-05-27,295.79,303.85,291.84,295.8,164363
2021-05-28,297.74,298.7,292.01,294.52,130245
2021-05-31,292.92,293.24,286.94,292.74,177684
2021-06-01,293.92,294.92,288.0,293.32,163876
2021-06-02,293.32,295.99,286.12,289.46,156532
2021-06-03,289.46,297.62,287.8,291.23,179177
2021-06-04,289.62,296.12,287.13,292.92,175288
2021-06-07,293.98,295.05,286.49,290.53,187370
2021-06-08,290.62,291.12,269.61,275.57,311653
2021-06-09,274.62,277.62,269.17,274.12,171577
2021-06-10,274.63,283.12,273.12,280.67,150773
2021-06-11,280.68,281.62,273.62,279.19,159128
2021-06-15,279.14,281.67,270.39,276.88,145161
2021-06-16,276.88,276.88,266.84,269.94,140630
2021-06-17,268.73,275.62,268.73,271.84,109046
2021-06-18,272.93,274.62,263.62,268.62,190716
2021-06-21,270.62,274.92,268.62,274.49,206028
2021-06-22,275.62,280.12,274.92,277.51,161664
2021-06-23,276.92,277.12,267.62,268.56,230564
2021-06-24,266.12,272.62,261.8,270.32,165518
2021-06-25,268.67,279.0,268.5,277.54,205223
2021-06-28,277.63,284.15,277.63,283.93,161254
2021-06-29,284.1,284.26,274.3,276.17,156720
2021-06-30,273.62,280.02,273.11,275.51,103395
2021-07-01,274.37,276.62,269.62,275.82,136310
2021-07-02,271.62,272.31,262.82,263.65,211692
2021-07-05,261.79,266.12,257.64,258.72,180543
2021-07-06,257.47,258.65,247.84,254.87,238955
2021-07-07,257.62,262.62,256.5,262.21,174544
2021-07-08,262.62,263.41,245.24,247.46,439576
2021-07-09,249.65,250.78,242.2,247.48,213674
2021-07-12,250.2,253.16,242.89,251.15,264247
2021-07-13,251.17,259.54,251.17,256.2,218997
2021-07-14,254.1,257.2,248.2,255.5,209218
2021-07-15,255.2,261.4,252.91,261.03,195495
2021-07-16,261.05,263.56,257.2,257.72,151514
2021-07-19,256.0,262.7,254.69,261.09,143320
2021-07-20,259.2,264.41,257.97,262.5,130092
2021-07-21,262.49,266.17,260.21,261.42,149605
2021-07-22,262.71,264.86,258.85,260.3,143104
2021-07-23,259.06,259.2,248.32,251.41,212304
2021-07-26,248.86,248.86,224.29,229.74,462131
2021-07-27,227.2,229.0,211.2,211.35,423313
2021-07-28,211.38,218.1,205.09,216.88,361143
2021-07-29,225.64,225.99,213.88,215.25,313222
2021-07-30,215.26,215.26,197.04,200.95,427979
2021-08-02,195.57,215.1,192.35,214.65,468444
2021-08-03,209.3,220.86,207.9,220.25,341719
2021-08-04,217.2,219.09,213.2,214.7,230290
2021-08-05,209.2,216.2,205.7,207.37,285511
2021-08-06,205.2,208.1,201.45,206.2,191529
2021-08-09,204.2,216.88,202.2,210.21,264929
2021-08-10,211.46,230.2,207.58,229.1,460837
2021-08-11,226.17,231.32,222.17,226.4,253075
2021-08-12,225.2,228.8,217.35,218.12,237149
2021-08-13,217.2,223.2,216.2,221.0,160031
2021-08-16,220.2,224.57,218.6,220.9,133173
2021-08-17,219.61,222.2,209.98,210.15,218730
2021-08-18,208.2,212.7,204.1,209.2,212645
2021-08-19,209.1,211.49,202.2,202.85,289689
2021-08-20,191.72,196.88,185.59,186.58,534004
2021-08-23,186.59,191.97,185.1,186.24,418364
2021-08-24,188.2,192.85,184.2,190.2,411904
2021-08-25,191.08,199.13,190.86,197.7,381799
2021-08-26,197.57,197.57,186.2,187.37,332283
2021-08-27,187.36,190.2,184.7,185.88,271910
2021-08-30,188.7,190.19,179.66,187.2,347329
2021-08-31,186.7,188.2,179.6,181.89,318552
2021-09-01,181.9,191.26,177.2,187.91,503643
2021-09-02,188.14,188.3,180.4,181.43,374602
2021-09-03,180.0,186.75,176.97,186.09,344795
2021-09-06,184.7,195.5,182.75,191.66,440710
2021-09-07,190.7,194.32,189.26,192.17,259374
2021-09-08,192.2,192.91,186.2,187.92,215537
2021-09-09,187.93,189.41,185.2,187.53,177575
2021-09-10,187.53,194.6,186.7,193.9,318835
2021-09-13,192.2,194.9,187.19,187.99,263428
2021-09-14,187.92,190.01,185.44,185.93,235967
2021-09-15,183.2,184.75,176.9,178.7,382036
2021-09-16,176.2,179.78,172.63,177.2,335387
2021-09-17,176.2,185.2,174.27,182.15,294397
2021-09-22,177.2,178.7,173.65,174.13,249090
2021-09-23,175.02,177.08,172.84,174.62,188113
2021-09-24,174.1,184.2,173.26,180.72,350540
2021-09-27,187.82,200.77,187.82,200.77,760066
2021-09-28,200.52,202.8,194.2,197.14,411459
2021-09-29,197.09,201.43,192.9,198.88,311367
2021-09-30,197.2,203.49,197.2,199.59,331906
2021-10-08,200.8,216.18,197.8,208.42,416279
2021-10-11,209.64,215.43,205.69,208.0,261466
2021-10-12,207.2,210.2,203.21,209.54,203424
2021-10-13,208.57,224.8,207.4,219.69,347774
2021-10-14,218.2,224.88,216.36,220.2,240590
2021-10-15,216.0,218.08,210.21,214.52,302158
2021-10-18,205.15,205.15,192.7,195.52,522287
2021-10-19,193.2,201.08,193.2,199.17,271520
2021-10-20,200.7,202.4,197.08,200.14,171712
2021-10-21,201.2,203.15,199.2,201.19,157814
2021-10-22,202.9,209.12,201.21,205.23,226149
2021-10-25,203.2,205.09,198.2,200.56,248160
2021-10-26,200.56,203.2,198.2,200.86,171975
2021-10-27,199.21,200.86,194.2,196.2,200485
2021-10-28,197.2,200.18,193.98,195.49,219253
2021-10-29,195.47,201.73,195.28,196.71,236335
2021-11-01,180.2,189.72,177.1,185.14,580037
2021-11-02,184.18,186.1,179.85,181.52,349334
2021-11-03,181.72,182.7,178.88,179.33,218920
2021-11-04,181.29,188.06,180.5,187.02,298642
2021-11-05,187.02,194.9,187.01,190.51,301430
2021-11-08,190.2,192.61,187.96,191.19,156374
2021-11-09,189.88,192.88,187.75,188.97,155039
2021-11-10,188.97,190.08,183.4,185.9,172003
2021-11-11,185.86,187.2,183.78,186.71,166521
2021-11-12,187.57,187.87,183.31,184.05,157885
2021-11-15,185.19,187.7,183.31,184.9,207245
2021-11-16,186.09,193.65,185.31,192.2,314357
2021-11-17,191.25,193.2,189.2,191.71,174215
2021-11-18,190.19,191.18,187.75,188.82,132203
2021-11-19,188.08,196.7,187.6,192.8,242930
2021-11-22,194.2,202.2,193.2,196.17,319783
2021-11-23,195.19,198.7,193.56,195.0,193866
2021-11-24,198.2,208.18,198.2,204.62,476278
2021-11-25,208.2,209.35,202.37,203.15,284628
2021-11-26,203.06,203.78,199.28,203.06,162473
2021-11-29,200.7,205.2,200.45,204.93,192364
2021-11-30,205.18,205.7,198.2,198.2,230146
2021-12-01,203.22,205.04,198.31,200.76,192486
2021-12-02,200.8,204.1,199.51,202.95,175310
2021-12-03,203.7,213.0,203.5,209.65,340300
2021-12-06,211.2,215.2,209.2,212.5,288787
2021-12-07,215.2,219.85,213.35,214.2,308904
2021-12-08,214.21,224.71,211.48,224.2,397869
2021-12-09,225.2,235.16,222.88,231.2,472970
2021-12-10,228.92,231.1,224.7,227.2,332275
2021-12-13,232.2,237.41,229.2,230.18,355350
2021-12-14,229.2,233.2,226.41,230.2,225574
2021-12-15,228.3,229.11,223.2,224.0,263568
2021-12-16,224.5,225.3,217.25,223.7,289712
2021-12-17,222.2,222.2,215.06,215.36,254835
2021-12-20,215.36,219.67,215.36,216.2,188827
2021-12-21,216.2,217.7,209.2,211.85,234542
2021-12-22,212.7,213.7,210.69,212.32,151998
2021-12-23,213.53,219.66,209.2,217.21,282051
2021-12-24,217.31,225.51,217.31,222.14,289429
2021-12-27,219.1,219.7,213.2,216.41,184054
2021-12-28,216.5,219.78,215.7,217.78,143682
2021-12-29,217.78,217.78,204.3,205.9,349759
2021-12-30,205.27,207.7,203.71,205.7,264769
2021-12-31,205.71,206.0,200.81,202.86,240437
2022-01-04,202.86,204.08,198.28,203.76,201787
2022-01-05,203.02,207.48,201.23,203.95,205622
2022-01-06,203.52,206.2,198.34,199.68,197643
2022-01-07,199.67,200.7,196.72,197.86,168682
2022-01-10,195.94,197.83,190.32,195.16,208423
2022-01-11,194.7,196.55,193.25,193.56,131623
2022-01-12,195.21,198.29,194.42,198.12,178943
2022-01-13,199.2,199.24,188.2,189.1,267623
2022-01-14,187.21,190.54,186.7,187.4,136468
2022-01-17,186.98,189.2,183.7,189.04,169362
2022-01-18,189.0,194.18,186.51,191.69,184749
2022-01-19,194.53,194.53,188.48,191.0,144019
2022-01-20,191.0,194.2,188.55,193.42,194686
2022-01-21,193.2,198.92,191.42,197.46,239747
2022-01-24,196.2,198.13,193.4,195.27,138009
2022-01-25,193.75,195.2,188.2,188.56,155582
2022-01-26,188.3,191.96,182.43,186.25,215095
2022-01-27,187.2,191.46,183.37,183.6,209923
2022-01-28,184.19,185.5,178.2,178.58,257815
2022-02-07,180.2,183.06,174.88,175.82,248080
2022-02-08,175.85,176.53,165.1,170.2,304517
2022-02-09,169.2,176.5,169.2,176.18,237421
2022-02-10,176.18,176.7,171.31,173.24,168743
2022-02-11,172.7,178.83,171.55,174.47,273749
2022-02-14,172.2,179.4,171.7,178.21,190316
2022-02-15,179.0,180.56,177.0,180.0,177390
2022-02-16,180.02,180.83,178.16,179.61,119085
2022-02-17,180.08,180.36,177.02,177.64,130546
2022-02-18,177.2,179.58,175.65,179.2,116144
2022-02-21,179.91,184.16,178.0,179.4,151926
2022-02-22,178.01,178.13,172.05,173.6,193677
2022-02-23,173.47,176.78,172.23,176.4,147973
2022-02-24,174.2,175.2,167.5,168.89,259610
2022-02-25,170.19,173.17,170.19,170.68,136664
2022-02-28,171.2,171.7,167.2,170.2,143093
2022-03-01,170.3,174.09,170.26,173.39,200285
2022-03-02,171.5,171.61,168.6,169.4,150165
2022-03-03,169.97,170.4,162.2,162.27,312889
2022-03-04,160.18,161.59,156.08,156.57,312930
2022-03-07,154.45,154.45,145.45,146.2,477389
2022-03-08,150.19,151.7,145.47,146.45,333507
2022-03-09,147.2,147.93,137.0,143.08,399219
2022-03-10,148.19,152.44,146.19,152.35,417740
2022-03-11,149.2,152.75,147.43,151.97,257971
2022-03-14,149.19,149.79,146.47,146.47,181403
2022-03-15,143.2,144.98,136.9,137.35,312945
2022-03-16,143.2,145.75,135.34,145.0,349000
2022-03-17,148.7,152.06,146.2,148.44,348292
2022-03-18,147.2,149.28,145.2,148.1,185857
2022-03-21,149.95,149.98,145.21,145.91,171054
2022-03-22,145.9,147.5,144.2,144.5,122905
2022-03-23,144.52,147.49,142.94,146.14,184639
2022-03-24,144.6,144.6,140.88,141.56,198086
2022-03-25,143.75,143.78,136.88,137.39,213641
2022-03-28,134.5,134.5,130.7,131.4,274466
2022-03-29,131.19,133.97,129.31,129.38,235211
2022-03-30,133.17,137.15,131.36,137.15,323673
2022-03-31,136.2,136.8,134.7,135.26,201366
2022-04-01,135.2,142.43,134.65,140.1,287495
2022-04-06,138.2,142.46,137.7,140.21,179443
2022-04-07,139.2,144.09,138.73,140.65,185572
2022-04-08,141.2,142.97,139.7,140.79,165446
2022-04-11,138.21,138.88,133.05,133.86,242577
2022-04-12,134.46,144.89,134.46,144.08,334164
2022-04-13,143.0,145.2,140.83,142.52,238855
2022-04-14,144.1,153.2,143.13,151.77,431191
2022-04-15,150.2,154.2,148.8,150.1,226440
2022-04-18,149.1,149.1,144.41,147.38,184111
2022-04-19,148.2,150.2,144.24,145.2,164993
2022-04-20,145.69,149.2,141.84,146.1,206341
2022-04-21,144.2,146.73,141.88,142.78,171229
2022-04-22,142.77,146.38,139.18,145.63,200144
2022-04-25,142.2,142.82,134.7,135.2,286351
2022-04-26,135.2,142.01,134.74,138.7,254539
2022-04-27,138.7,143.61,138.7,141.59,239278
2022-04-28,141.6,146.86,140.75,146.05,257120
2022-04-29,146.5,147.5,139.06,142.33,448743
2022-05-05,140.2,144.66,139.35,141.74,244802
2022-05-06,138.23,139.86,136.71,137.26,190861
2022-05-09,135.21,136.7,132.53,134.98,186236
2022-05-10,131.2,136.7,129.8,135.53,201080
2022-05-11,135.53,139.85,135.2,137.71,243902
2022-05-12,136.4,139.88,136.3,138.28,170686
2022-05-13,139.8,140.07,136.25,137.14,152556
2022-05-16,139.17,139.18,134.4,135.38,177651
2022-05-17,135.37,136.69,134.84,136.35,133412
2022-05-18,136.55,136.69,133.65,134.78,165605
2022-05-19,133.07,133.8,132.42,133.72,148783
2022-05-20,134.5,143.18,133.89,142.67,452297
2022-05-23,141.81,142.38,138.2,139.63,276453
2022-05-24,140.63,141.2,136.48,136.77,188552
2022-05-25,136.65,138.76,135.2,137.65,163957
2022-05-26,137.2,139.9,135.2,137.42,194318
2022-05-27,139.85,141.7,137.49,138.15,210683
2022-05-30,140.21,147.95,140.2,146.38,510932
2022-05-31,146.2,153.02,145.22,151.6,486545
2022-06-01,153.19,153.5,149.23,150.61,219302
2022-06-02,149.23,151.2,148.88,149.95,165224
2022-06-06,150.7,153.69,146.78,153.14,278142
2022-06-07,153.3,158.6,152.2,154.32,295077
2022-06-08,154.5,160.19,153.22,158.33,325279
2022-06-09,158.56,160.1,155.99,156.21,207839
2022-06-10,155.23,158.7,153.7,157.62,215630
2022-06-13,155.39,156.6,151.3,152.71,264346
2022-06-14,150.4,154.2,149.85,154.0,197333
2022-06-15,154.02,160.1,151.99,157.48,325441
2022-06-16,158.2,161.2,157.2,157.8,205006
2022-06-17,156.7,161.38,156.7,161.38,286204
2022-06-20,162.96,167.2,159.2,163.69,311954
2022-06-21,162.86,165.7,160.65,161.86,218116
2022-06-22,162.2,163.08,157.95,158.27,223528
2022-06-23,158.3,161.1,157.99,160.6,159725
2022-06-24,161.7,165.71,160.11,165.2,245187
2022-06-27,167.2,175.88,167.2,173.2,366375
2022-06-28,173.2,180.07,171.4,179.85,316786
2022-06-29,180.22,180.37,173.73,175.23,289971
2022-06-30,175.41,188.23,175.41,185.16,425215
2022-07-01,185.31,188.23,181.23,186.23,219366
2022-07-04,184.22,186.03,181.43,184.27,225876
2022-07-05,184.88,185.89,179.49,181.84,262965
2022-07-06,181.35,182.85,176.58,177.97,227633
2022-07-07,177.97,177.97,171.7,174.82,266771
2022-07-08,176.58,178.03,174.19,175.93,164097
2022-07-11,173.25,174.03,169.23,172.61,192575
2022-07-12,172.01,175.97,170.77,173.23,169935
2022-07-13,172.8,178.01,170.84,176.33,189919
2022-07-14,174.4,176.79,172.28,173.36,151079
2022-07-15,173.38,178.74,171.23,173.13,207209
2022-07-18,172.86,173.03,167.43,170.56,178034
2022-07-19,170.23,172.88,169.73,172.13,120214
2022-07-20,174.03,174.73,171.23,172.34,112498
2022-07-21,172.22,173.13,169.81,169.93,110728
2022-07-22,170.73,171.73,168.23,169.14,116986
2022-07-25,170.08,171.73,167.98,171.31,124799
2022-07-26,172.09,175.23,171.91,174.22,137474
2022-07-27,173.28,174.24,170.79,171.33,97491
2022-07-28,171.68,173.73,170.08,170.35,92609
2022-07-29,169.72,169.72,161.03,161.63,340311
2022-08-01,161.73,163.22,160.05,161.81,156082
2022-08-02,160.13,161.89,156.31,158.89,176738
2022-08-03,159.11,162.73,157.53,157.82,154031
2022-08-04,157.83,160.72,157.68,160.01,133686
2022-08-05,160.68,162.73,159.44,162.41,127017
2022-08-08,161.53,164.76,160.73,161.14,130251
2022-08-09,160.28,161.23,159.45,160.21,85386
2022-08-10,158.81,160.73,156.23,157.23,143549
2022-08-11,158.22,161.14,157.78,161.14,139671
2022-08-12,161.53,162.89,159.94,161.93,108619
2022-08-15,160.86,162.83,158.93,159.23,138440
2022-08-16,159.2,160.53,157.93,158.46,109975
2022-08-17,158.54,160.2,157.25,159.43,122116
2022-08-18,158.23,158.43,155.24,156.66,179552
2022-08-19,155.73,158.38,155.23,156.89,126038
2022-08-22,155.53,156.68,153.49,154.73,155130
2022-08-23,154.93,155.52,150.73,151.23,229248
2022-08-24,151.19,152.73,149.23,150.47,180255
2022-08-25,151.12,153.21,150.46,152.64,174854
2022-08-26,155.11,157.03,152.79,153.33,243787
2022-08-29,150.67,152.78,148.23,148.58,254306
2022-08-30,147.23,147.99,145.42,147.26,186433
2022-08-31,146.13,151.21,145.73,150.42,267333
2022-09-01,149.23,149.23,146.53,146.79,158442
2022-09-02,147.72,147.72,144.24,145.07,155924
2022-09-05,143.23,143.58,140.3,142.25,224320
2022-09-06,142.25,144.58,141.5,143.76,146938
2022-09-07,143.23,143.24,141.23,142.17,141508
2022-09-08,143.24,144.58,142.11,142.3,148672
2022-09-09,142.34,144.88,141.59,144.69,203188
2022-09-13,147.11,148.2,144.93,146.86,224554
2022-09-14,145.23,146.46,144.21,145.63,143438
2022-09-15,145.9,149.73,145.33,147.63,244932
2022-09-16,147.23,148.02,144.01,144.31,178052
2022-09-19,143.98,148.36,142.75,146.25,172371
2022-09-20,147.23,149.19,145.4,149.02,184881
2022-09-21,148.42,149.0,146.53,146.68,127648
2022-09-22,145.23,145.52,141.78,142.13,182114
2022-09-23,141.23,143.85,141.13,142.36,120259
2022-09-26,141.23,147.22,141.0,145.34,210416
2022-09-27,147.16,154.63,145.22,154.06,354440
2022-09-28,153.78,155.77,152.73,152.83,244311
2022-09-29,155.72,155.75,150.78,151.74,175647
2022-09-30,153.12,155.23,152.09,152.46,167010
2022-10-10,152.73,153.33,141.92,142.13,256509
2022-10-11,142.14,143.24,138.13,141.82,163898
2022-10-12,141.53,141.53,135.23,139.83,242385
2022-10-13,138.22,138.91,135.74,136.8,191401
2022-10-14,137.81,143.53,137.8,142.35,228723
2022-10-17,140.91,141.73,138.52,140.88,146701
2022-10-18,141.91,144.21,141.25,141.93,139689
2022-10-19,141.74,141.74,137.23,137.73,173929
2022-10-20,135.73,140.03,135.23,137.38,161200
2022-10-21,137.23,137.36,134.73,135.38,163210
2022-10-24,133.24,133.64,125.48,126.46,344039
2022-10-25,123.98,128.5,123.74,125.35,209630
2022-10-26,126.13,129.13,125.23,126.63,179593
2022-10-27,128.21,128.3,119.81,120.33,369655
2022-10-28,120.79,123.2,119.4,120.73,255862
2022-10-31,118.43,119.63,115.56,116.73,225917
2022-11-01,118.78,125.81,116.64,125.81,391551
2022-11-02,125.23,129.61,123.29,126.85,318674
2022-11-03,124.24,124.73,122.94,124.15,192819
2022-11-04,123.73,135.23,123.58,133.23,478983
2022-11-07,132.23,135.93,130.91,134.37,228691
2022-11-08,134.24,135.5,129.34,130.72,235678
2022-11-09,130.43,132.28,128.31,128.63,151242
2022-11-10,127.72,129.79,126.94,128.99,176748
2022-11-11,134.72,134.73,129.77,133.25,368534
2022-11-14,134.23,138.64,133.13,133.53,281953
2022-11-15,133.53,138.23,131.65,137.38,276567
2022-11-16,137.38,139.73,136.31,137.44,182594
2022-11-17,136.73,139.02,134.23,135.83,165581
2022-11-18,136.23,138.53,135.94,136.84,145856
2022-11-21,133.73,134.2,131.23,132.16,217625
2022-11-22,132.15,136.13,132.04,133.46,143770
2022-11-23,133.46,134.73,132.13,133.0,113462
2022-11-24,134.23,134.72,130.23,131.04,150858
2022-11-25,131.16,132.16,129.63,130.61,106766
2022-11-28,128.06,131.24,125.28,130.88,190131
2022-11-29,133.15,138.38,133.13,138.28,410407
2022-11-30,138.03,143.2,137.23,140.09,252286
2022-12-01,148.23,153.22,147.09,147.82,440921
2022-12-02,148.03,150.11,145.49,146.29,210478
2022-12-05,152.11,153.21,148.91,151.74,297958
2022-12-06,151.2,161.45,150.33,158.63,433695
2022-12-07,158.64,161.03,156.24,156.91,311288
2022-12-08,156.23,158.78,155.24,157.99,156448
2022-12-09,157.86,166.7,157.35,166.5,419578
2022-12-12,165.23,166.61,161.14,161.58,299060
2022-12-13,161.23,164.13,159.25,162.7,192762
2022-12-14,162.68,168.5,161.59,167.31,286989
2022-12-15,167.43,169.03,164.0,165.19,199344
2022-12-16,163.45,166.31,161.89,165.75,186426
2022-12-19,166.73,167.94,162.23,163.18,194184
2022-12-20,163.17,163.73,153.11,155.74,343458
2022-12-21,158.23,158.9,156.78,157.72,153853
2022-12-22,159.26,164.78,157.9,162.73,244424
2022-12-23,160.23,166.23,159.63,163.52,198620
2022-12-26,163.52,164.43,160.79,161.83,178298
2022-12-27,163.23,165.73,162.38,164.28,152275
2022-12-28,164.22,164.22,161.11,163.41,139378
2022-12-29,162.23,163.23,159.97,161.98,168505
2022-12-30,163.01,164.42,162.23,163.92,149765
2023-01-03,164.23,165.04,159.74,161.43,182062
2023-01-04,161.23,163.73,159.53,161.85,128836
2023-01-05,164.73,172.74,163.63,172.23,402791
2023-01-06,174.34,174.34,171.01,173.69,233383
2023-01-09,175.68,180.12,173.39,179.11,275573
2023-01-10,179.03,179.94,177.84,178.47,202752
2023-01-11,178.27,179.22,175.83,177.33,169995
2023-01-12,178.23,179.0,175.24,176.62,138227
2023-01-13,176.62,182.64,176.57,181.81,245064
2023-01-16,183.23,192.5,183.23,189.75,363525
2023-01-17,190.23,191.01,184.84,186.09,215079
2023-01-18,188.16,195.02,187.55,189.03,272412
2023-01-19,189.68,189.73,185.58,188.53,181199
2023-01-20,191.12,195.23,190.33,191.95,273480
2023-01-30,201.82,203.12,197.51,200.83,321809
2023-01-31,200.22,201.0,192.13,192.23,257247
2023-02-01,191.73,193.83,186.99,193.29,256552
2023-02-02,194.92,197.73,193.38,195.74,183272
2023-02-03,193.23,195.23,189.23,193.23,199352
2023-02-06,182.76,187.76,180.51,184.93,334075
2023-02-07,184.93,188.53,184.73,186.4,158116
2023-02-08,186.4,187.23,181.45,182.78,169057
2023-02-09,182.89,190.97,182.78,190.62,244940
2023-02-10,190.62,190.71,186.35,187.93,140321
2023-02-13,186.23,198.13,186.22,195.63,289088
2023-02-14,195.63,196.98,191.83,192.47,184902
2023-02-15,194.82,197.12,192.73,194.23,169258
2023-02-16,192.58,197.91,191.03,194.02,213380
2023-02-17,192.68,197.68,191.23,191.38,184468
2023-02-20,191.43,197.03,188.73,196.18,191668
2023-02-21,195.73,195.85,191.73,193.31,139396
2023-02-22,191.68,193.77,189.73,190.73,141005
2023-02-23,189.73,191.45,186.93,188.33,145808
2023-02-24,188.3,188.3,183.05,184.33,203957
2023-02-27,182.29,189.46,182.07,188.04,172996
2023-02-28,190.23,191.29,185.31,187.65,114801
2023-03-01,187.4,192.08,186.13,190.61,154466
2023-03-02,189.33,190.84,188.59,189.47,74477
2023-03-03,191.23,192.69,186.73,188.99,92837
2023-03-06,188.24,189.73,185.81,187.81,111402
2023-03-07,187.58,187.58,183.34,183.68,125272
2023-03-08,182.23,184.73,181.23,182.53,102191
2023-03-09,182.23,182.93,177.13,181.23,168505
2023-03-10,179.44,182.81,178.4,178.47,110957
2023-03-13,178.23,183.51,178.23,181.83,126472
2023-03-14,181.93,181.95,176.93,178.51,102843
2023-03-15,181.23,182.56,175.53,175.55,129880
2023-03-16,174.23,177.43,172.56,174.43,120544
2023-03-17,177.08,177.47,171.23,171.73,156070
2023-03-20,173.23,173.82,168.23,169.13,154643
2023-03-21,170.63,176.34,168.45,175.47,187893
2023-03-22,175.48,179.31,174.65,175.0,108532
2023-03-23,174.13,179.22,173.29,177.81,132842
2023-03-24,177.23,179.18,174.73,176.25,102530
2023-03-27,176.04,176.07,172.23,173.64,118799
2023-03-28,173.62,177.14,173.44,175.73,109186
2023-03-29,177.23,179.23,174.83,178.51,159539
2023-03-30,178.51,182.19,177.41,181.62,151487
2023-03-31,184.23,185.23,180.23,180.23,127590
2023-04-03,180.21,180.23,176.31,178.42,133660
2023-04-04,178.73,179.89,176.18,179.38,142473
2023-04-06,178.23,178.23,172.3,173.77,151075
2023-04-07,173.03,175.06,170.77,172.29,113038
2023-04-10,168.23,168.25,161.43,167.88,339732
2023-04-11,167.2,167.38,163.24,163.76,191194
2023-04-12,164.23,164.34,158.78,159.05,272834
2023-04-13,159.23,163.13,158.78,161.11,210802
2023-04-14,161.45,161.73,158.26,158.82,144653
2023-04-17,160.02,163.15,159.72,161.41,185553
2023-04-18,162.23,163.4,160.81,161.55,144067
2023-04-19,161.9,162.19,158.73,159.52,126172
2023-04-20,159.57,160.21,155.73,156.73,148009
2023-04-21,157.23,158.53,155.03,155.23,120920
2023-04-24,155.33,156.13,150.73,151.23,176091
2023-04-25,151.23,153.11,148.88,153.03,154897
2023-04-26,152.33,154.41,150.81,151.84,148127
2023-04-27,151.83,153.53,149.63,152.4,150393
2023-04-28,154.49,155.18,151.11,152.23,179386
2023-05-04,155.73,156.18,150.68,152.18,265878
2023-05-05,152.18,157.33,151.48,156.94,251727
2023-05-08,157.73,158.73,154.02,154.63,177534
2023-05-09,154.06,160.73,153.23,158.0,222923
2023-05-10,156.03,157.73,154.82,156.55,118910
2023-05-11,157.21,159.72,155.44,155.8,122896
2023-05-12,155.43,157.73,152.59,152.6,129592
2023-05-15,151.48,155.72,151.26,155.67,130800
2023-05-16,155.53,155.59,153.03,153.72,99365
2023-05-17,153.23,154.13,151.98,152.57,86022
2023-05-18,152.72,153.94,151.23,151.89,87804
2023-05-19,151.32,154.49,149.98,154.03,120746
2023-05-22,154.12,162.29,152.31,160.84,302445
2023-05-23,161.03,161.73,157.23,157.23,136724
2023-05-24,156.75,157.21,153.58,153.58,133551
2023-05-25,152.65,152.91,150.68,151.43,143925
2023-05-26,151.43,155.12,151.23,153.33,122875
2023-05-29,154.17,155.08,150.81,151.49,129769
2023-05-30,151.23,152.68,146.73,148.4,183603
2023-05-31,148.23,148.36,143.25,144.41,213448
2023-06-01,145.72,149.83,144.43,146.55,169016
2023-06-02,148.23,151.63,146.56,151.13,192084
2023-06-05,150.51,150.91,147.86,148.43,113447
2023-06-06,149.53,151.66,147.76,148.85,135368
2023-06-07,149.38,150.28,147.23,147.23,95326
2023-06-08,147.44,149.3,146.25,148.05,91573
2023-06-09,148.17,149.21,147.03,147.82,119635
2023-06-12,147.25,155.23,146.17,153.64,241838
2023-06-13,153.23,157.13,152.64,156.31,182936
2023-06-14,158.03,162.58,155.89,160.91,241015
2023-06-15,162.44,166.05,161.23,165.23,240450
2023-06-16,165.83,168.83,164.73,167.31,216314
2023-06-19,166.23,166.94,159.73,160.77,242342
2023-06-20,160.23,161.63,156.83,157.24,178689
2023-06-21,157.22,158.12,154.43,154.63,139485
2023-06-26,152.73,153.12,148.23,149.89,219340
2023-06-27,151.18,153.51,149.21,153.13,200679
2023-06-28,152.24,155.61,151.39,153.68,119426
2023-06-29,153.01,153.51,150.28,150.82,117724
2023-06-30,151.71,152.11,149.81,150.58,103371
2023-07-03,150.28,154.5,149.86,154.37,173373
2023-07-04,154.01,155.51,152.56,155.23,125957
2023-07-05,154.53,154.61,152.01,152.39,115416
2023-07-06,152.31,153.82,150.86,151.31,101450
2023-07-07,151.2,152.01,150.33,150.67,78970
2023-07-10,151.99,153.51,151.22,151.61,96715
2023-07-11,152.46,152.77,150.89,152.15,70206
2023-07-12,152.21,153.67,152.01,152.47,118840
2023-07-13,154.89,160.01,153.66,159.66,323514
2023-07-14,160.61,161.34,157.8,159.0,150723
2023-07-17,157.51,157.99,155.17,156.67,93257
2023-07-18,156.71,157.24,155.01,155.41,81959
2023-07-19,154.83,155.77,153.82,155.33,76856
2023-07-20,156.01,158.29,155.09,155.57,127502
2023-07-21,156.89,161.01,154.89,158.28,195387
2023-07-24,156.14,157.01,154.91,156.37,131716
2023-07-25,163.01,167.68,162.18,166.51,440632
2023-07-26,166.51,167.69,163.86,164.81,174025
2023-07-27,165.98,167.86,163.86,165.47,187987
2023-07-28,164.31,169.17,163.64,168.19,319693
2023-07-31,173.61,175.58,167.99,168.01,315594
2023-08-01,168.7,171.16,165.51,166.89,195718
2023-08-02,166.01,168.0,164.21,164.99,155080
2023-08-03,164.05,166.97,162.14,165.61,152646
2023-08-04,168.4,169.51,165.71,166.29,143478
2023-08-07,165.31,166.29,163.41,164.32,156930
2023-08-08,163.19,165.07,162.19,163.89,116143
2023-08-09,164.47,164.89,163.11,164.19,86796
2023-08-10,163.89,164.01,161.67,163.32,104238
2023-08-11,164.47,164.56,159.28,159.37,148886
2023-08-14,157.01,157.34,153.01,155.63,210945
2023-08-15,155.62,155.91,152.7,153.51,168145
2023-08-16,153.29,154.41,152.21,153.71,116277
2023-08-17,152.91,155.62,151.51,155.45,166932
2023-08-18,155.43,155.69,150.51,150.54,279480
2023-08-21,149.19,151.37,148.39,148.98,164507
2023-08-22,149.63,150.51,147.49,149.16,156921
2023-08-23,149.06,149.15,147.01,147.02,146839
2023-08-24,147.09,150.51,146.22,149.27,175895
2023-08-25,148.03,149.78,147.56,148.56,116302
2023-08-28,155.02,156.0,144.02,144.5,545771
2023-08-29,143.01,147.11,142.34,146.41,238732
2023-08-30,146.41,147.13,144.61,144.83,225987
2023-08-31,144.83,144.84,142.84,142.92,220018
2023-09-01,144.01,146.97,144.01,146.75,232387
2023-09-04,148.61,155.01,148.61,154.94,464965
2023-09-05,154.81,155.24,152.25,152.73,190550
2023-09-06,152.07,153.46,151.01,152.7,130493
2023-09-07,152.01,152.18,149.91,150.11,118861
2023-09-08,149.27,149.71,147.51,148.93,104972
2023-09-11,148.01,152.32,147.16,151.36,160683
2023-09-12,150.41,151.07,149.62,149.99,89428
2023-09-13,151.01,152.4,149.46,150.66,131147
2023-09-14,150.66,151.24,148.04,149.01,130473
2023-09-15,149.08,150.05,146.31,146.72,177555
2023-09-18,146.01,150.02,145.02,149.81,162983
2023-09-19,149.02,149.21,146.51,147.92,113674
2023-09-20,147.21,148.01,146.71,146.85,87124
2023-09-21,146.01,146.51,144.53,144.67,129455
2023-09-22,144.01,147.32,143.71,146.93,154320
2023-09-25,146.77,146.89,145.61,145.91,105365
2023-09-26,145.89,146.48,143.66,143.66,125016
2023-09-27,143.67,145.66,143.01,143.6,132812
2023-09-28,143.6,144.39,142.69,143.11,123857
2023-10-09,143.1,143.1,138.81,141.28,153573
2023-10-10,142.5,143.59,140.07,140.42,127175
2023-10-11,141.58,142.24,140.37,140.71,99122
2023-10-12,142.26,143.01,141.22,142.74,137972
2023-10-13,141.51,141.51,139.02,140.64,142934
2023-10-16,140.09,140.41,136.72,137.15,152366
2023-10-17,137.15,138.25,135.57,137.42,107202
2023-10-18,136.99,138.33,136.19,136.25,101105
2023-10-19,135.01,135.01,130.97,131.26,217385
2023-10-20,130.01,132.94,129.58,130.71,133164
2023-10-23,130.65,132.82,129.41,130.76,120292
2023-10-24,130.77,132.0,128.71,131.06,167074
2023-10-25,133.96,138.01,133.96,136.35,254422
2023-10-26,135.01,138.21,134.81,138.06,146177
2023-10-27,137.58,140.56,137.17,140.0,170654
2023-10-30,142.96,145.37,142.01,143.61,274030
2023-10-31,144.51,144.66,142.03,143.01,144979
2023-11-01,153.01,154.29,147.01,147.01,469346
2023-11-02,147.09,147.97,144.74,144.91,165132
2023-11-03,144.91,147.01,144.67,146.68,138144
2023-11-06,147.68,147.88,145.51,146.85,137512
2023-11-07,146.31,146.91,145.01,146.32,107304
2023-11-08,145.51,146.79,144.58,145.64,126463
2023-11-09,145.01,146.51,145.01,145.56,91989
2023-11-10,144.51,145.29,143.51,143.91,89631
2023-11-13,143.9,144.18,141.07,141.89,125575
2023-11-14,142.89,144.9,142.01,142.91,112992
2023-11-15,144.82,145.15,143.71,144.26,101757
2023-11-16,144.01,144.71,143.14,143.38,70364
2023-11-17,142.51,143.49,141.37,142.01,84521
2023-11-20,142.0,142.95,140.61,141.41,114859
2023-11-21,142.01,143.65,140.26,142.31,166977
2023-11-22,141.21,141.93,140.52,140.52,86913
2023-11-23,140.01,140.46,138.86,140.08,94576
2023-11-24,139.91,140.89,139.32,140.24,93095
2023-11-27,139.8,139.81,135.9,136.26,185270
2023-11-28,136.3,137.09,134.66,135.76,139103
2023-11-29,135.59,135.61,133.91,135.31,86485
2023-11-30,135.18,136.4,135.02,136.16,106833
2023-12-01,136.01,136.01,133.02,134.22,134304
2023-12-04,133.5,134.68,132.6,132.86,106956
2023-12-05,132.51,132.84,129.25,129.68,150411
2023-12-06,129.61,132.21,128.67,131.11,144742
2023-12-07,131.11,131.28,128.51,129.53,151071
2023-12-08,129.53,131.31,129.23,129.94,144759
2023-12-11,126.61,127.01,123.57,126.21,323121
2023-12-12,125.01,126.69,124.74,126.31,144023
2023-12-13,125.61,125.69,120.59,120.79,318646
2023-12-14,122.01,122.99,119.66,119.66,214418
2023-12-15,120.68,122.81,119.81,120.71,200133
2023-12-18,119.06,121.81,118.88,121.01,129300
2023-12-19,121.0,121.0,119.57,120.34,130160
2023-12-20,120.86,120.94,119.11,119.14,106300
2023-12-21,118.89,121.46,118.49,121.11,176648
2023-12-22,121.07,121.81,119.58,120.43,164023
2023-12-25,120.33,121.58,119.96,121.56,98621
2023-12-26,121.56,121.56,120.62,121.33,73678
2023-12-27,121.33,121.79,120.04,120.84,104309
2023-12-28,120.84,128.15,120.56,127.11,336109
2023-12-29,127.01,128.65,126.3,127.32,194541
2024-01-02,127.31,127.31,122.81,123.01,215270
2024-01-03,122.99,123.68,120.76,121.89,164171
2024-01-04,121.89,121.91,119.02,119.33,178763
2024-01-05,119.01,120.31,117.79,118.25,156304
2024-01-08,118.02,118.15,115.01,115.11,210200
2024-01-09,115.11,116.39,114.42,114.82,174838
2024-01-10,114.82,116.59,113.02,115.81,165304
2024-01-11,115.71,117.51,114.23,116.63,156464
2024-01-12,115.89,117.13,115.11,115.76,119208
2024-01-15,115.01,116.4,114.09,115.69,115826
2024-01-16,114.93,116.29,113.94,115.42,125287
2024-01-17,114.61,114.81,112.15,112.15,176757
2024-01-18,111.81,115.14,110.2,114.91,235948
2024-01-19,114.01,116.52,113.13,115.9,225020
2024-01-22,115.41,116.16,112.81,114.01,213410
2024-01-23,113.81,115.13,112.49,114.39,161987
2024-01-24,115.19,115.49,112.27,115.06,166824
2024-01-25,115.01,118.12,114.57,118.12,273421
2024-01-26,117.12,119.0,116.51,118.01,193174
2024-01-29,118.1,120.68,118.1,118.79,216150
2024-01-30,117.81,117.91,114.59,114.72,170720
2024-01-31,114.51,115.69,113.3,113.31,135218
2024-02-01,112.75,114.73,112.15,113.51,137875
2024-02-02,113.51,115.66,109.57,110.83,210862
2024-02-05,110.83,114.89,109.92,113.58,308042
2024-02-06,113.01,120.01,112.71,120.0,323842
2024-02-07,120.12,121.71,119.11,120.88,290673
2024-02-08,121.81,123.13,119.71,120.6,243748
2024-02-19,125.91,125.96,121.79,123.16,288579
2024-02-20,123.01,124.01,120.01,121.39,211819
2024-02-21,120.41,129.69,119.85,128.03,466563
2024-02-22,127.12,128.67,126.44,128.11,188401
2024-02-23,128.05,130.39,127.06,128.72,184393
2024-02-26,128.51,129.29,126.06,126.77,139947
2024-02-27,126.02,126.81,125.06,126.77,150617
2024-02-28,126.77,128.41,125.78,126.54,196194
2024-02-29,126.01,129.34,125.71,129.26,176604
2024-03-01,129.06,130.79,127.89,129.6,158813
2024-03-04,128.52,129.21,127.05,127.34,154307
2024-03-05,126.99,128.89,126.34,128.6,160016
2024-03-06,128.01,128.31,125.52,126.07,176528
2024-03-07,126.07,126.99,125.26,125.26,112198
2024-03-08,125.07,126.14,123.67,125.43,122452
2024-03-11,125.36,128.3,125.03,128.17,193569
2024-03-12,128.18,136.31,128.18,135.32,450791
2024-03-13,134.51,136.19,134.15,134.77,179130
2024-03-14,134.21,138.01,134.07,136.57,222274
2024-03-15,136.01,141.79,135.81,139.5,238874
2024-03-18,139.41,141.67,137.72,140.51,189874
2024-03-19,140.89,145.98,140.55,144.38,338826
2024-03-20,143.89,145.27,142.5,143.96,161600
2024-03-21,143.91,145.55,142.66,143.62,136430
2024-03-22,143.41,143.77,139.37,140.44,201564
2024-03-25,139.52,139.91,137.01,138.73,161675
2024-03-26,138.78,142.39,138.78,142.23,180890
2024-03-27,142.01,142.31,139.61,139.67,123630
2024-03-28,139.67,142.35,139.06,140.11,144192
2024-03-29,140.11,142.03,139.57,140.52,88348
2024-04-01,141.51,145.57,141.51,144.29,177262
2024-04-02,144.01,144.19,141.87,142.51,114101
2024-04-03,142.91,143.98,140.31,141.61,98261
2024-04-08,139.01,139.01,134.06,134.3,270007
2024-04-09,133.51,135.22,132.69,133.49,130397
2024-04-10,133.21,133.51,129.15,130.13,171676
2024-04-11,129.61,129.67,127.61,129.35,159943
2024-04-12,129.01,130.46,127.11,127.5,134073
2024-04-15,127.61,134.99,127.07,134.33,254292
2024-04-16,133.61,134.17,131.32,131.98,135678
2024-04-17,131.54,132.55,130.81,132.31,137023
2024-04-18,131.08,133.79,130.31,131.99,152453
2024-04-19,130.99,131.51,129.0,129.91,127262
2024-04-22,129.91,133.49,129.91,131.57,140366
2024-04-23,131.01,134.5,130.98,134.04,171712
2024-04-24,134.94,136.21,133.01,135.99,142251
2024-04-25,135.51,136.36,134.03,135.99,100776
2024-04-26,136.21,139.71,136.21,139.26,179462
2024-04-29,138.01,143.57,137.02,138.76,275385
2024-04-30,139.31,140.5,137.44,137.44,155296
2024-05-06,140.45,145.34,140.41,142.02,316796
2024-05-07,142.01,143.43,140.56,142.95,145500
2024-05-08,142.99,143.33,141.36,142.01,101074
2024-05-09,141.34,142.7,140.74,141.85,113275
2024-05-10,142.01,142.9,139.81,141.44,102514
2024-05-13,139.81,139.99,137.28,138.11,172628
2024-05-14,138.11,138.86,137.04,138.35,113455
2024-05-15,138.34,138.84,137.51,138.38,78428
2024-05-16,138.71,142.09,137.72,141.06,149376
2024-05-17,141.01,143.44,140.22,143.42,161843
2024-05-20,143.41,146.81,143.41,144.31,193736
2024-05-21,143.81,144.19,142.1,143.55,88037
2024-05-22,143.02,143.42,141.28,142.13,108478
2024-05-23,142.01,142.98,140.33,140.61,89889
2024-05-24,139.87,140.14,138.01,138.16,112039
2024-05-27,138.15,139.31,137.59,138.59,101567
2024-05-28,138.61,138.95,137.01,137.04,103874
2024-05-29,137.06,138.0,135.87,136.22,91024
2024-05-30,135.96,135.96,132.92,133.27,161111
2024-05-31,133.91,135.0,133.61,133.71,131412
2024-06-03,133.9,134.26,131.66,132.99,140930
2024-06-04,132.99,135.11,132.51,134.79,103021
2024-06-05,134.73,135.01,132.66,132.77,111148
2024-06-06,133.02,133.63,131.07,131.91,127309
2024-06-07,132.51,132.56,128.91,129.35,158693
2024-06-11,128.41,128.41,125.01,125.49,206655
2024-06-12,125.11,126.84,124.56,124.91,154524
2024-06-13,124.9,125.11,121.45,121.57,243623
2024-06-14,121.21,122.71,119.1,122.69,287219
2024-06-17,121.41,123.17,118.31,122.74,246272
2024-06-18,122.01,124.35,120.43,120.9,202981
2024-06-19,121.19,122.31,119.84,121.23,137045
2024-06-20,121.11,122.08,119.19,119.21,126192
2024-06-21,119.02,119.87,115.81,117.21,213886
2024-06-24,113.03,119.68,112.61,118.04,239235
2024-06-25,118.81,120.3,117.61,118.52,177152
2024-06-26,117.41,119.19,117.36,118.31,102212
2024-06-27,118.34,118.38,115.73,116.66,122646
2024-06-28,116.0,117.5,114.57,115.05,156899
2024-07-01,115.21,116.17,113.01,115.31,154335
2024-07-02,114.71,119.69,114.51,118.57,247479
2024-07-03,118.57,119.71,117.11,118.01,124277
2024-07-04,118.01,119.41,117.04,117.6,100495
2024-07-05,117.6,118.98,115.15,115.96,139413
2024-07-08,115.99,116.21,112.23,112.92,207455
2024-07-09,112.92,115.21,112.19,114.08,195404
2024-07-10,113.51,115.47,113.19,113.55,154572
2024-07-11,114.51,118.51,114.18,117.49,257796
2024-07-12,118.36,119.47,117.33,119.08,189387
2024-07-15,118.68,121.04,118.26,119.18,119738
2024-07-16,118.41,119.78,117.48,119.16,154689
2024-07-17,118.68,122.67,118.05,122.44,228842
2024-07-18,121.72,124.68,121.71,122.78,185917
2024-07-19,122.36,125.17,121.46,125.1,190244
2024-07-22,125.08,125.63,122.68,122.9,156429
2024-07-23,122.69,123.19,118.48,118.48,197564
2024-07-24,118.26,119.38,117.18,117.74,143650
2024-07-25,116.78,118.34,116.78,117.46,118141
2024-07-26,117.68,119.06,116.78,117.88,114215
2024-07-29,117.68,118.38,115.78,115.78,139364
2024-07-30,114.68,115.98,113.16,114.97,207253
2024-07-31,114.36,119.86,114.34,118.54,260579
2024-08-01,118.55,118.63,115.56,115.68,174739
2024-08-02,114.68,116.2,114.56,115.38,99502
2024-08-05,115.38,119.68,115.28,117.68,241892
2024-08-06,118.2,119.68,117.06,117.58,153473
2024-08-07,117.68,119.26,116.98,118.68,132591
2024-08-08,118.16,121.35,117.63,120.03,200131
2024-08-09,121.18,121.68,119.42,119.76,158468
2024-08-12,119.18,120.17,118.8,119.39,73108
2024-08-13,119.27,119.64,116.8,117.28,124517
2024-08-14,117.18,117.27,115.57,116.01,94947
2024-08-15,115.7,117.83,115.54,116.63,111623
2024-08-16,116.18,117.05,115.26,116.69,97267
2024-08-19,116.68,118.68,115.58,115.63,138759
2024-08-20,115.63,115.68,114.34,114.83,109852
2024-08-21,114.48,114.82,113.78,113.88,97108
2024-08-22,113.89,114.07,111.64,112.67,185285
2024-08-23,112.28,113.78,112.2,112.79,88988
2024-08-26,112.66,113.55,109.72,109.8,204010
2024-08-27,109.38,109.88,107.23,109.38,156609
2024-08-28,108.68,108.68,104.6,105.68,247292
2024-08-29,107.18,111.97,106.81,110.46,300256
2024-08-30,109.68,116.34,108.46,114.71,337798
2024-09-02,113.68,113.99,110.68,110.68,177555
2024-09-03,110.76,113.15,110.68,112.0,127984
2024-09-04,111.01,112.48,110.71,110.79,84692
2024-09-05,110.78,111.56,110.18,111.23,82795
2024-09-06,111.18,111.18,109.18,109.21,77722
2024-09-09,108.58,109.17,107.2,107.9,111587
2024-09-10,107.9,109.94,107.58,108.11,106050
2024-09-11,107.48,108.75,106.68,107.69,76591
2024-09-12,107.68,108.06,105.04,105.04,169848
2024-09-13,104.98,104.98,100.88,100.88,311531
2024-09-18,99.93,101.25,98.89,99.37,177639
2024-09-19,99.41,104.54,98.01,102.58,318181
2024-09-20,101.81,102.53,100.28,101.96,196681
2024-09-23,102.59,105.47,102.08,103.97,203712
2024-09-24,106.58,112.08,105.19,112.04,473469
2024-09-25,115.28,117.3,113.56,113.78,417189
2024-09-26,113.78,125.99,113.59,125.99,664534
2024-09-27,133.48,139.42,130.21,139.42,864577
2024-09-30,147.7,154.19,144.38,154.19,986201
2024-10-08,170.44,170.44,147.23,155.73,1306806
2024-10-09,151.68,151.68,139.34,139.36,815469
2024-10-10,139.35,147.21,139.35,143.66,600601
2024-10-11,141.68,145.0,139.68,141.33,285158
2024-10-14,142.68,142.68,137.69,141.44,334966
2024-10-15,141.68,141.78,135.68,135.68,329702
2024-10-16,133.68,135.97,131.76,133.33,312272
2024-10-17,134.18,134.6,129.57,129.63,282508
2024-10-18,128.69,137.24,128.04,134.68,441443
2024-10-21,135.67,137.18,132.78,134.69,295765
2024-10-22,134.48,138.13,133.89,137.12,304663
2024-10-23,137.15,141.21,135.68,140.21,358138
2024-10-24,138.48,140.18,137.79,138.14,186420
2024-10-25,137.14,141.55,137.14,139.79,198055
2024-10-28,140.69,145.68,138.35,145.65,438110
2024-10-29,145.65,148.56,142.08,142.48,303158
2024-10-30,140.68,142.99,138.98,140.48,211870
2024-10-31,138.68,140.88,137.09,138.51,269441
2024-11-01,137.4,142.48,137.4,139.6,227192
2024-11-04,140.18,140.89,137.76,140.28,205052
2024-11-05,139.68,144.67,138.48,144.48,320318
2024-11-06,144.44,144.68,140.83,142.93,302066
2024-11-07,141.72,154.7,141.51,153.92,671872
2024-11-08,155.68,156.28,147.68,148.15,567474
2024-11-11,145.03,146.53,142.88,146.5,366012
2024-11-12,146.5,150.68,145.33,145.98,351347
2024-11-13,144.68,147.01,144.34,145.62,194334
2024-11-14,144.79,147.56,143.83,145.17,217928
2024-11-15,145.16,145.81,142.23,142.97,255443
2024-11-18,142.96,145.04,140.68,141.01,209861
2024-11-19,141.24,142.32,136.98,140.13,233413
2024-11-20,140.13,142.07,138.88,141.28,149815
2024-11-21,140.68,141.78,139.84,141.18,114461
2024-11-22,141.08,141.69,136.33,136.57,189425
2024-11-25,137.57,138.86,134.38,135.48,191690
2024-11-26,135.18,138.28,134.18,136.48,175358
2024-11-27,136.45,139.57,135.26,138.73,200250
2024-11-28,136.68,138.63,135.48,135.68,190454
2024-11-29,136.7,141.37,136.08,138.45,287278
2024-12-02,138.81,140.11,137.24,139.08,179764
2024-12-03,139.38,139.45,137.88,138.67,140143
2024-12-04,138.58,138.62,136.45,137.41,148434
2024-12-05,136.68,137.34,136.19,136.71,103210
2024-12-06,136.34,139.68,136.34,138.12,187546
2024-12-09,138.13,139.09,136.83,137.44,145424
2024-12-10,144.68,146.56,140.58,140.78,463263
2024-12-11,139.7,143.18,139.7,141.08,199993
2024-12-12,141.12,143.68,140.15,143.5,253653
2024-12-13,142.03,142.36,139.68,139.72,284227
2024-12-16,139.71,139.72,135.7,136.27,264773
2024-12-17,136.26,138.43,135.28,136.57,159493
2024-12-18,136.68,137.96,136.24,136.88,120676
2024-12-19,135.78,136.09,134.99,135.23,151982
2024-12-20,135.38,136.15,134.4,134.89,172836
2024-12-23,134.0,135.62,133.93,134.13,142601
2024-12-24,134.03,135.18,133.39,135.16,143330
2024-12-25,135.16,135.56,134.26,134.76,96140
2024-12-26,134.8,134.91,133.53,134.17,104768
2024-12-27,134.28,134.63,133.25,134.2,134451
2024-12-30,133.7,134.85,132.68,132.89,163672
2024-12-31,132.9,135.28,131.69,131.72,245219
2025-01-02,131.68,131.68,127.98,128.67,255647
2025-01-03,128.76,129.64,126.43,127.08,168230
2025-01-06,123.58,125.64,122.06,122.51,279430
2025-01-07,122.88,123.34,121.28,122.53,190187
2025-01-08,122.54,123.42,119.7,121.38,192876
2025-01-09,121.59,124.03,119.83,122.26,159183
2025-01-10,122.18,122.51,120.28,120.28,135378
2025-01-13,119.0,121.18,118.64,120.88,121491
2025-01-14,120.98,124.98,120.58,124.7,228625
2025-01-15,124.98,125.36,123.9,124.45,128123
2025-01-16,125.08,125.98,122.74,123.16,163096
2025-01-17,123.68,125.56,123.23,123.98,152450
2025-01-20,124.56,127.17,124.41,125.98,194174
2025-01-21,126.53,126.68,124.48,125.07,132797
2025-01-22,124.63,124.68,121.81,122.03,174182
2025-01-23,123.25,125.24,122.72,122.9,184489
2025-01-24,122.05,122.83,120.74,121.97,189436
2025-01-27,122.25,122.8,121.35,121.45,126535
2025-02-05,121.8,122.13,118.76,119.26,186916
2025-02-06,119.05,120.64,118.94,120.15,138191
2025-02-07,120.25,123.13,119.37,121.88,232473
2025-02-10,121.93,122.45,121.15,121.78,136546
2025-02-11,121.85,122.32,119.97,120.51,176002
2025-02-12,120.51,121.96,119.85,121.95,177353
2025-02-13,121.97,126.25,121.5,125.76,467626
2025-02-14,124.8,126.45,124.35,125.48,218107
2025-02-17,126.14,127.78,125.34,125.8,205078
2025-02-18,125.73,126.64,123.61,124.45,185961
2025-02-19,124.45,125.75,123.59,125.36,153642
2025-02-20,124.64,127.04,124.55,124.75,132530
2025-02-21,124.85,126.91,124.18,125.37,210017
2025-02-24,125.15,127.74,124.61,126.15,244392
2025-02-25,125.13,125.17,122.83,123.0,221901
2025-02-26,122.96,124.05,122.35,124.05,179243
2025-02-27,124.24,127.34,124.05,127.0,370795
2025-02-28,126.85,129.95,125.75,125.83,337202
2025-03-03,125.83,129.85,124.6,125.09,210355
2025-03-04,124.31,124.61,122.96,124.0,149348
2025-03-05,124.0,124.25,121.87,122.86,199366
2025-03-06,123.58,126.05,122.9,125.93,235857
2025-03-07,125.45,129.05,125.16,129.05,340073
2025-03-10,128.75,128.75,125.91,126.94,206353
2025-03-11,125.76,129.46,125.71,129.45,321036
2025-03-12,129.55,130.46,126.87,127.22,288018
2025-03-13,127.22,128.57,126.5,126.64,167923
2025-03-14,127.25,136.23,127.25,135.05,765516
2025-03-17,136.65,137.21,133.63,134.09,387730
2025-03-18,134.47,134.8,132.97,133.8,186735
2025-03-19,133.8,135.04,132.61,133.17,168157
2025-03-20,133.13,133.25,130.11,130.24,228722
2025-03-21,129.95,131.75,128.44,128.85,197130
2025-03-24,128.31,129.18,127.28,128.56,180489
2025-03-25,128.85,128.95,126.85,127.81,175671
2025-03-26,127.79,128.13,127.14,127.6,108826
2025-03-27,127.33,129.02,126.75,128.15,140866
2025-03-28,128.33,128.5,126.65,127.48,120996
2025-03-31,127.46,127.63,125.6,125.6,144855
2025-04-01,125.68,126.5,125.39,126.04,121705
2025-04-02,126.12,126.8,125.31,125.4,101025
2025-04-03,123.8,127.73,123.64,126.25,165623
2025-04-07,122.75,124.7,118.05,121.03,463093
2025-04-08,121.03,125.49,121.03,125.01,331857
2025-04-09,123.75,127.09,123.6,126.5,296999
2025-04-10,126.55,127.74,124.75,127.4,233106
2025-04-11,126.45,127.72,124.83,125.85,174293
2025-04-14,125.75,126.92,125.26,125.29,125781
2025-04-15,125.25,125.7,124.33,125.6,114825
2025-04-16,125.05,126.8,123.93,126.55,166680
2025-04-17,125.58,127.24,125.25,126.78,152923
2025-04-18,126.26,126.82,125.46,126.0,89478
2025-04-21,125.84,126.25,124.39,124.59,144364
2025-04-22,124.45,124.99,123.75,124.35,115855
2025-04-23,124.73,124.95,123.8,124.22,95944
2025-04-24,124.05,124.45,123.26,123.31,131524
2025-04-25,123.45,124.47,123.21,123.3,107183
2025-04-28,124.36,125.91,124.15,125.1,185045
2025-04-29,124.4,124.85,123.54,123.8,124796
2025-04-30,123.86,124.55,122.92,122.95,146627
2025-05-06,123.25,123.8,122.32,123.74,146349
2025-05-07,125.15,126.06,124.05,124.24,152470
2025-05-08,123.96,127.25,123.53,126.05,208023
2025-05-09,126.05,126.35,125.26,125.83,110548
2025-05-12,126.25,127.5,125.75,127.22,164560
2025-05-13,127.91,127.91,126.68,127.24,120395
2025-05-14,126.96,131.43,126.42,129.51,291490
2025-05-15,129.26,129.84,127.86,127.92,144944
2025-05-16,127.63,127.84,125.3,125.33,173543
2025-05-19,123.45,124.35,123.13,123.55,237008
2025-05-20,123.25,123.88,123.12,123.38,159369
2025-05-21,123.38,124.13,123.25,123.51,141693
2025-05-22,123.52,123.72,123.09,123.34,96055
2025-05-23,123.3,123.91,122.4,122.4,150380
2025-05-26,122.22,122.4,120.14,120.66,273615
2025-05-27,120.53,121.2,120.14,120.41,151268
2025-05-28,120.55,121.38,119.75,121.17,181385
2025-05-29,120.85,121.75,120.15,121.57,160347
2025-05-30,121.25,121.8,120.25,120.69,146828
2025-06-03,119.43,119.8,118.82,118.93,237483
2025-06-04,118.93,119.47,118.35,118.8,193503
2025-06-05,118.8,119.75,118.44,119.28,202312
2025-06-06,119.22,120.1,118.95,119.34,118885
2025-06-09,119.34,119.45,118.86,119.21,198429
2025-06-10,119.05,119.35,118.53,118.64,171053
2025-06-11,118.65,119.45,118.45,118.95,145473
2025-06-12,118.75,118.8,116.63,116.75,380660
2025-06-13,116.14,116.15,113.27,113.37,366962
2025-06-16,112.08,112.69,111.25,112.52,271489
2025-06-17,112.46,113.09,111.68,111.96,196502
2025-06-18,112.94,113.69,112.12,112.58,200491
2025-06-19,111.8,112.7,111.35,111.53,163572
2025-06-20,111.75,114.25,111.63,113.81,296814
2025-06-23,113.15,113.34,112.04,112.53,173387
2025-06-24,112.82,114.24,112.65,114.0,178958
2025-06-25,114.25,114.47,113.13,114.43,178647
2025-06-26,114.36,114.89,113.88,113.98,166373
2025-06-27,113.96,114.18,113.29,113.43,160216
2025-06-30,113.43,113.83,112.53,113.15,223680
2025-07-01,113.24,113.24,112.53,112.88,122183
2025-07-02,112.88,114.15,112.76,113.43,154477
2025-07-03,113.43,114.08,113.15,113.87,122430
2025-07-04,113.54,115.0,113.44,114.64,170679
2025-07-07,114.46,114.77,114.06,114.16,85811
2025-07-08,114.1,115.12,114.08,115.03,116631
2025-07-09,115.08,117.1,114.74,115.85,203496
2025-07-10,115.28,117.13,115.15,116.83,162716
2025-07-11,116.82,119.23,116.47,118.55,287189
2025-07-14,118.61,119.79,117.65,119.66,219140
2025-07-15,119.07,119.77,118.57,119.25,193328
2025-07-16,118.85,120.13,118.85,119.53,178699
2025-07-17,119.53,120.36,119.12,120.07,172999
2025-07-18,120.3,122.07,119.28,121.2,210209
2025-07-21,121.2,121.21,119.67,119.98,187784
2025-07-22,119.98,123.31,119.98,122.95,303772
2025-07-23,123.12,124.3,122.55,122.62,229067
2025-07-24,122.57,123.18,121.92,122.97,156012
2025-07-25,122.97,123.02,120.89,120.96,184007
2025-07-28,120.94,121.59,119.42,121.48,178511
2025-07-29,120.92,121.41,119.62,120.94,185151
2025-07-30,120.98,122.57,120.7,121.94,224124
2025-07-31,121.44,121.52,118.27,118.57,304687
2025-08-01,118.56,119.04,117.81,118.42,123226
2025-08-04,118.05,118.65,117.87,118.34,85933
2025-08-05,118.37,119.64,118.37,119.37,139446
2025-08-06,119.39,119.92,118.91,119.58,119684
2025-08-07,119.55,120.56,119.37,119.97,115703
2025-08-08,119.97,120.3,119.38,119.64,82426
2025-08-11,119.57,121.77,119.53,121.36,182660
2025-08-12,121.32,122.75,120.43,120.61,211374
2025-08-13,120.43,120.89,119.94,120.61,155823
2025-08-14,120.6,122.27,120.19,120.26,199063
2025-08-15,119.96,120.72,119.32,120.52,193943
2025-08-18,120.52,122.08,120.23,121.17,255301
2025-08-19,121.19,123.17,121.19,121.83,327242
2025-08-20,121.84,123.92,120.77,123.2,404310
2025-08-21,123.22,123.55,122.28,122.87,231895
2025-08-22,122.87,123.24,122.37,123.21,204850
2025-08-25,123.6,127.51,123.6,127.35,479800
2025-08-26,127.35,129.27,126.07,127.16,349794
2025-08-27,126.92,126.92,124.02,124.04,346847
2025-08-28,124.03,124.62,121.42,122.89,345835
2025-08-29,123.6,127.22,123.54,126.95,435251
2025-09-01,127.42,127.52,124.94,126.29,316942
2025-09-02,125.83,128.54,125.53,125.98,349162
2025-09-03,126.42,128.92,123.81,124.04,302863
2025-09-04,123.72,123.92,122.15,122.93,261873
2025-09-05,122.82,124.44,122.22,124.23,201734
2025-09-08,124.12,126.57,123.68,126.51,305364
2025-09-09,126.5,126.8,125.0,126.22,184406
2025-09-10,126.22,126.9,125.08,125.48,199645
2025-09-11,124.84,125.96,124.22,125.94,229973
2025-09-12,125.92,127.09,124.54,124.61,262704
2025-09-15,124.02,124.52,123.47,124.07,166569
2025-09-16,124.07,124.27,122.82,123.22,191087
2025-09-17,123.23,123.75,122.24,123.38,181336
2025-09-18,123.37,123.38,120.95,121.36,275478
2025-09-19,121.35,122.02,120.22,121.5,196688
2025-09-22,121.02,121.12,119.6,119.92,196433
2025-09-23,119.43,120.68,118.98,119.61,172079
2025-09-24,119.61,120.27,119.22,119.79,130564
2025-09-25,119.82,120.08,118.93,118.94,194555
2025-09-26,118.94,119.09,117.44,117.59,261925
2025-09-29,117.68,119.99,117.21,119.34,256358
2025-09-30,118.86,119.25,118.29,118.9,154571
2025-10-09,118.86,118.86,117.31,118.58,203757
2025-10-10,118.56,119.54,118.07,118.15,175360
2025-10-13,117.07,117.82,116.66,117.27,195835
2025-10-14,117.99,119.99,117.44,119.49,291656
2025-10-15,118.76,120.07,118.48,119.49,194596
2025-10-16,119.17,120.17,118.92,120.16,198478
2025-10-17,119.42,120.38,118.48,118.49,180408
2025-10-20,118.77,118.97,117.52,117.88,131645
2025-10-21,118.2,118.92,117.77,117.94,147294
2025-10-22,117.42,118.19,117.32,117.52,127827
2025-10-23,117.42,118.87,117.38,118.75,155718
2025-10-24,118.39,118.7,117.52,117.71,174322
2025-10-27,117.47,117.97,117.3,117.71,143943
2025-10-28,117.71,118.11,117.43,117.52,140195
2025-10-29,117.28,117.37,115.63,116.25,245083
2025-10-30,115.43,116.97,115.42,115.89,204330
2025-10-31,112.82,117.06,112.82,116.41,421077
2025-11-03,115.92,117.02,114.92,116.4,223270
2025-11-04,116.2,116.41,114.43,114.58,172734
2025-11-05,113.77,114.42,113.42,113.6,164630
2025-11-06,113.93,114.72,113.48,113.59,154673
2025-11-07,113.59,114.41,113.37,114.17,145436
2025-11-10,114.17,119.0,113.96,118.22,429065
2025-11-11,117.67,118.39,116.62,118.2,229268
2025-11-12,118.21,119.92,117.77,117.8,222544
2025-11-13,117.42,118.69,117.05,118.62,160023
2025-11-14,118.1,119.41,117.61,117.63,139244
2025-11-17,117.44,117.95,116.43,117.57,117388
2025-11-18,117.42,119.17,117.18,117.78,147669
2025-11-19,117.74,117.91,117.12,117.31,95150
2025-11-20,117.3,119.06,117.02,117.67,158258
2025-11-21,117.53,118.83,116.83,117.1,205072
2025-11-24,117.17,117.88,115.92,115.94,173011
2025-11-25,115.94,116.33,115.25,115.93,146609
2025-11-26,115.94,116.71,115.42,115.68,91698
2025-11-27,115.72,115.91,115.12,115.36,92157
2025-11-28,115.32,115.36,114.77,115.27,80296
2025-12-01,115.22,116.04,114.52,115.07,120912
2025-12-02,115.02,115.19,113.92,113.99,124928
2025-12-03,114.14,114.47,112.92,113.02,165871
2025-12-04,113.03,113.17,111.54,111.87,169292
2025-12-05,111.89,112.79,111.63,112.38,117682
2025-12-08,112.27,112.55,110.52,110.69,276979
2025-12-09,110.42,110.5,107.92,108.3,304310
2025-12-10,107.92,109.17,106.93,109.04,178696
2025-12-11,109.42,110.15,109.2,109.32,157884
2025-12-12,109.72,111.12,109.02,109.02,257022
2025-12-15,109.72,110.68,109.47,109.87,215686
2025-12-16,109.42,110.51,109.08,110.42,145068
2025-12-17,110.42,111.17,109.52,110.82,153140
2025-12-18,110.82,111.16,110.33,110.43,124629
2025-12-19,110.65,110.88,110.04,110.53,138187
2025-12-22,110.51,110.8,110.12,110.33,108465
2025-12-23,110.13,110.43,109.33,109.72,113540
2025-12-24,109.5,109.59,108.78,109.28,117905
2025-12-25,109.28,110.7,109.2,110.6,125708
2025-12-26,110.1,110.49,109.44,109.78,114759
2025-12-29,109.44,109.6,108.0,108.06,195453
2025-12-30,107.9,107.99,107.02,107.36,158470
2025-12-31,107.19,107.25,105.61,105.94,208677
