date,open,high,low,close,volume
2015-05-26,10.92,10.92,10.92,10.92,542
2015-05-27,12.09,12.09,12.09,12.09,374
2015-05-28,13.37,13.37,13.37,13.37,1313
2015-05-29,14.79,14.79,14.79,14.79,783
2015-06-01,16.34,16.34,16.34,16.34,343
2015-06-02,18.05,18.05,18.05,18.05,179
2015-06-03,19.93,19.93,19.93,19.93,438
2015-06-04,22.0,22.0,22.0,22.0,876
2015-06-05,24.27,24.27,24.27,24.27,1074
2015-06-08,26.78,26.78,26.78,26.78,1211
2015-06-09,29.53,29.53,29.53,29.53,4103
2015-06-10,32.56,32.56,32.56,32.56,2427
2015-06-11,35.89,35.89,35.89,35.89,2352
2015-06-12,39.55,39.55,39.55,39.55,1376
2015-06-15,43.58,43.58,43.58,43.58,16771
2015-06-16,48.02,48.02,46.95,48.02,357883
2015-06-17,48.08,50.09,45.2,46.62,343011
2015-06-18,47.97,49.86,46.44,46.84,242261
2015-06-19,44.8,44.8,42.08,42.08,159841
2015-06-23,39.34,40.24,37.8,37.8,185438
2015-06-24,38.24,39.88,36.83,38.24,154905
2015-06-25,37.95,39.15,36.22,36.26,129099
2015-06-26,34.23,34.89,32.56,32.56,118730
2015-06-29,30.59,31.31,29.23,29.23,188370
2015-06-30,29.68,32.23,27.31,32.23,167636
2015-07-01,32.82,33.87,28.93,28.93,223080
2015-07-02,27.33,28.18,25.96,25.96,162513
2015-07-03,25.49,27.16,23.3,23.92,192626
2015-07-06,26.39,26.39,22.5,24.75,307874
2015-07-07,23.3,23.98,22.2,22.2,90837
2015-07-08,19.91,19.91,19.91,19.91,30885
2015-07-09,18.24,21.97,18.24,21.97,199618
2015-07-10,24.07,24.24,23.14,24.24,45909
2015-07-13,26.25,26.74,25.71,26.74,144281
2015-07-14,29.16,29.48,28.26,29.48,258255
2015-07-15,28.51,29.17,26.46,26.62,207136
2015-07-16,25.56,29.35,25.2,28.6,200656
2015-07-17,28.8,31.1,27.67,30.12,199629
2015-07-20,29.54,30.99,29.17,30.0,161804
2015-07-21,29.17,30.63,28.69,29.56,89946
2015-07-22,29.27,30.75,28.88,30.44,100216
2015-07-23,31.35,31.92,30.42,31.39,123467
2015-07-24,31.35,31.65,29.84,29.97,117479
2015-07-27,29.17,29.23,26.9,26.9,122766
2015-07-28,24.28,26.61,24.14,24.14,170297
2015-07-29,24.98,25.03,22.17,24.79,127162
2015-07-30,24.8,25.63,23.7,23.74,135488
2015-07-31,22.63,23.52,21.88,22.48,97538
2015-08-03,21.98,22.42,20.43,22.09,81167
2015-08-04,22.65,24.37,22.62,24.37,87874
2015-08-05,24.79,25.62,24.14,24.76,119228
2015-08-06,24.39,26.99,24.13,25.67,109763
2015-08-07,25.82,26.91,25.34,26.8,116119
2015-08-10,26.95,28.68,26.63,28.07,123319
2015-08-11,27.72,28.21,27.35,27.5,88687
2015-08-12,27.09,27.32,26.12,26.18,73905
2015-08-13,26.24,26.8,24.84,26.8,78796
2015-08-14,26.8,28.69,26.66,27.78,107740
2015-08-17,27.63,27.64,26.84,27.57,73796
2015-08-18,27.64,28.03,24.74,24.74,115516
2015-08-19,23.52,25.59,22.8,25.28,100881
2015-08-20,24.85,27.46,24.36,24.64,110409
2015-08-21,23.65,24.01,22.87,23.01,88379
2015-08-24,21.37,22.06,20.64,20.64,57904
2015-08-25,18.6,19.58,18.5,18.5,97183
2015-08-26,18.91,20.06,17.63,17.86,116804
2015-08-27,18.82,19.72,18.42,19.72,130372
2015-08-28,19.88,21.41,19.36,21.19,145720
2015-08-31,20.48,20.81,19.62,19.7,82171
2015-09-01,19.82,19.82,17.83,17.92,78392
2015-09-02,16.78,19.1,16.41,17.11,103283
2015-09-07,17.73,18.89,17.58,18.34,110755
2015-09-08,18.18,19.77,17.88,19.55,92701
2015-09-09,19.82,20.98,19.26,20.4,122734
2015-09-10,19.95,20.26,19.66,19.78,65906
2015-09-11,19.73,21.26,19.73,20.42,93484
2015-09-14,20.9,21.47,18.38,18.53,110476
2015-09-15,17.87,18.93,17.46,17.71,76912
2015-09-16,18.2,19.55,17.85,19.55,76222
2015-09-17,19.95,21.58,19.93,20.67,155083
2015-09-18,20.99,21.87,20.52,21.51,102920
2015-09-21,21.1,22.42,20.78,22.31,95612
2015-09-22,22.36,22.36,21.49,21.86,87493
2015-09-23,21.66,22.93,21.34,22.5,116858
2015-09-24,22.94,24.82,22.19,24.82,159662
2015-09-25,24.36,24.98,22.35,22.59,128606
2015-09-28,22.72,24.9,22.15,24.71,110424
2015-10-26,27.25,27.25,27.25,27.25,582
2015-10-27,30.05,30.05,30.05,30.05,850
2015-10-28,33.13,33.13,33.13,33.13,6226
2015-10-29,36.42,36.42,33.1,34.56,303447
2015-10-30,33.64,33.94,32.08,32.92,150604
2015-11-02,32.08,35.4,31.36,32.81,147582
2015-11-03,33.03,35.73,32.88,35.33,164754
2015-11-04,35.73,36.58,34.55,35.95,153180
2015-11-05,35.36,39.61,35.18,39.61,220150
2015-11-06,40.83,43.64,39.62,43.02,183523
2015-11-09,42.13,44.11,40.8,42.09,137037
2015-11-10,42.09,44.84,41.61,42.57,127364
2015-11-11,42.94,42.94,40.65,41.01,123795
2015-11-12,41.09,42.79,40.35,40.64,119862
2015-11-13,40.06,40.06,36.66,37.57,146286
2015-11-16,36.64,39.57,36.44,39.37,100556
2015-11-17,40.32,40.32,36.99,37.03,113088
2015-11-18,37.15,37.73,36.27,36.6,69245
2015-11-19,36.82,37.87,36.64,37.71,76976
2015-11-20,37.86,41.56,37.37,41.56,118563
2015-11-23,43.02,43.38,39.37,40.32,109727
2015-11-24,40.1,40.28,38.32,39.41,74002
2015-11-25,39.48,41.21,39.41,39.7,68101
2015-11-26,39.47,39.96,37.73,38.64,98678
2015-11-27,37.91,39.78,35.73,36.05,87292
2015-11-30,35.91,36.64,32.81,35.45,80332
2015-12-01,35.17,36.09,33.98,34.29,70216
2015-12-02,34.31,35.0,32.45,35.0,61159
2015-12-03,34.78,37.36,34.59,37.0,98258
2015-12-04,36.89,38.17,35.84,36.74,74373
2015-12-07,36.77,37.37,36.35,36.74,41711
2015-12-08,36.82,37.54,35.95,36.99,59291
2015-12-09,36.82,36.98,34.37,34.73,74014
2015-12-10,34.63,35.24,34.11,34.27,46986
2015-12-11,34.27,35.31,34.11,34.31,38316
2015-12-14,34.37,35.35,33.68,35.08,54292
2015-12-15,35.0,35.47,34.73,34.8,62208
2015-12-16,35.14,35.29,34.0,34.45,64118
2015-12-17,34.67,36.85,34.49,36.75,103250
2015-12-18,36.42,36.46,34.88,35.25,71547
2015-12-21,35.0,35.4,34.65,35.03,39861
2015-12-22,35.07,36.44,34.82,35.73,64281
2015-12-23,35.72,35.8,34.29,34.45,66441
2015-12-24,34.6,35.2,34.23,34.69,35950
2015-12-25,34.82,35.33,34.36,34.99,33316
2015-12-28,35.12,37.43,34.78,36.38,128288
2015-12-29,36.15,37.8,36.15,37.2,96646
2015-12-30,37.28,37.76,36.24,37.15,62616
2015-12-31,37.25,37.48,35.04,35.14,69065
2016-01-04,35.18,35.18,31.55,31.55,81743
2016-01-05,29.49,32.88,29.35,31.32,78454
2016-01-06,31.35,31.54,30.09,31.24,53291
2016-01-07,30.63,30.63,28.04,28.04,15883
2016-01-08,28.26,29.1,25.17,27.09,82903
2016-01-11,26.45,26.54,24.31,24.31,97615
2016-01-12,24.39,25.15,23.34,24.87,65544
2016-01-13,25.08,25.15,22.31,22.31,73355
2016-01-14,21.15,24.02,20.9,23.81,77702
2016-01-15,23.41,24.76,23.18,23.88,86902
2016-01-18,22.97,25.12,22.97,24.82,77375
2016-01-19,24.61,26.38,24.35,25.89,73760
2016-01-20,25.52,26.2,25.05,25.29,48974
2016-01-21,24.79,25.67,23.52,23.52,48925
2016-01-22,24.17,24.73,23.45,24.66,60078
2016-01-25,25.16,27.2,24.9,27.2,65901
2016-01-26,27.46,27.66,24.42,24.58,106543
2016-01-27,24.61,24.98,22.79,24.98,79006
2016-01-28,24.16,24.62,22.49,22.88,60844
2016-01-29,22.93,24.38,22.79,23.91,46339
2016-02-01,23.7,23.7,21.65,22.06,80254
2016-02-02,21.97,23.29,21.95,22.97,65907
2016-02-03,22.61,22.89,22.01,22.77,50027
2016-02-04,22.97,24.38,22.97,23.95,67598
2016-02-05,23.95,24.03,23.36,23.63,42114
2016-02-15,22.62,23.66,22.54,23.39,35853
2016-02-16,23.83,25.49,23.8,25.11,67307
2016-02-17,24.79,25.22,24.28,25.08,57925
2016-02-18,25.88,26.2,25.05,25.06,67967
2016-02-19,24.96,25.12,24.44,24.79,44843
2016-02-22,25.08,25.7,25.04,25.25,47382
2016-02-23,25.33,26.06,24.76,25.01,54939
2016-02-24,23.82,24.12,22.97,23.53,110740
2016-02-25,23.62,23.85,21.33,21.62,79654
2016-02-26,21.81,22.2,20.91,21.61,52001
2016-02-29,21.52,21.7,19.38,19.4,70343
2016-03-01,19.52,19.58,17.47,18.78,106248
2016-03-02,18.74,20.71,18.19,20.24,107520
2016-03-03,19.96,21.14,19.69,19.96,92855
2016-03-04,19.69,19.89,18.26,18.75,67188
2016-03-07,19.05,19.73,18.92,19.15,62309
2016-03-08,18.96,19.55,17.83,19.54,68709
2016-03-09,18.96,19.5,18.52,18.96,38074
2016-03-10,19.14,19.41,18.64,18.87,42632
2016-03-11,18.42,18.95,18.24,18.6,32220
2016-03-14,18.93,20.27,18.93,20.04,77100
2016-03-15,19.82,20.02,19.39,19.63,51362
2016-03-16,19.95,20.05,19.04,19.24,50099
2016-03-17,19.43,20.4,19.28,20.26,80178
2016-03-18,20.6,22.36,20.28,22.36,117844
2016-03-21,22.97,23.65,22.77,23.2,119367
2016-03-22,22.97,24.15,22.61,23.34,92366
2016-03-23,23.36,23.62,22.94,23.59,65162
2016-03-24,24.85,25.7,23.34,23.36,125730
2016-03-25,22.83,23.37,22.41,22.75,75326
2016-03-28,22.91,23.4,22.04,22.2,61998
2016-03-29,22.26,22.41,21.19,21.52,58576
2016-03-30,22.17,22.69,21.76,22.68,60671
2016-03-31,22.76,22.82,22.35,22.54,68783
2016-04-01,22.56,22.56,21.54,21.87,60363
2016-04-05,21.99,22.84,21.83,22.74,73076
2016-04-06,22.61,23.33,22.54,23.06,79711
2016-04-07,23.05,23.15,22.21,22.25,67581
2016-04-08,22.03,22.04,21.48,21.88,48754
2016-04-11,22.1,22.83,22.05,22.43,72941
2016-04-12,22.25,22.74,21.92,22.42,49085
2016-04-13,22.61,23.29,22.61,22.9,104254
2016-04-14,23.05,23.29,22.98,23.26,67688
2016-04-15,23.3,23.44,22.75,22.95,56179
2016-04-18,22.68,22.68,21.99,22.13,55062
2016-04-19,22.37,22.59,22.01,22.34,40432
2016-04-20,22.34,22.42,20.28,20.8,76193
2016-04-21,20.79,21.0,20.25,20.33,49662
2016-04-22,20.17,20.67,20.09,20.5,32999
2016-04-25,20.51,20.86,20.0,20.71,30583
2016-04-26,20.57,20.85,20.33,20.78,30216
2016-04-27,20.73,20.91,20.57,20.66,27070
2016-04-28,20.84,21.95,20.66,21.83,65122
2016-04-29,21.62,21.75,21.15,21.38,36626
2016-05-03,21.0,21.68,20.42,21.61,57522
2016-05-04,21.51,21.61,21.28,21.33,41238
2016-05-05,21.44,22.08,21.44,21.64,47646
2016-05-06,21.56,21.61,20.35,20.4,63005
2016-05-09,20.06,20.13,19.15,19.32,44981
2016-05-10,19.18,19.61,19.04,19.21,32808
2016-05-11,19.36,19.51,18.8,18.96,23370
2016-05-12,18.67,19.25,18.36,19.23,38593
2016-05-13,19.22,19.43,18.85,18.92,20761
2016-05-16,18.78,19.18,18.66,19.18,26991
2016-05-17,19.15,20.2,19.11,19.73,41901
2016-05-18,19.66,19.66,19.0,19.26,26160
2016-05-19,19.26,19.98,19.19,19.44,29646
2016-05-20,19.19,20.3,19.08,20.02,44895
2016-05-23,20.11,21.04,20.11,20.9,54409
2016-05-24,20.79,20.8,20.29,20.49,29431
2016-05-25,20.6,20.91,19.95,20.09,29626
2016-05-26,20.11,20.28,19.61,20.24,27735
2016-05-27,20.2,20.6,20.12,20.23,22079
2016-05-30,19.88,21.15,19.8,20.72,62244
2016-05-31,20.6,21.74,20.43,21.68,76057
2016-06-01,21.68,21.69,21.35,21.43,54288
2016-06-02,21.37,21.62,21.28,21.49,37263
2016-06-03,21.45,22.06,21.28,21.46,57374
2016-06-06,21.57,21.64,21.04,21.14,42361
2016-06-07,21.15,21.33,20.98,21.18,38058
2016-06-08,21.18,21.93,21.16,21.73,58660
2016-06-13,21.41,21.53,20.24,20.24,47819
2016-06-14,20.17,20.35,19.62,19.84,29777
2016-06-15,19.63,20.88,19.58,20.58,37805
2016-06-16,20.51,20.74,20.13,20.22,32257
2016-06-17,20.35,20.96,20.35,20.46,29855
2016-06-20,20.51,21.0,19.95,20.68,30341
2016-06-21,21.07,21.37,20.24,20.45,41338
2016-06-22,20.42,21.03,20.17,21.0,27201
2016-06-23,20.92,21.22,20.68,20.96,31950
2016-06-24,20.83,21.15,19.73,20.37,42977
2016-06-27,20.27,21.33,20.19,21.19,52960
2016-06-28,21.04,21.38,20.97,21.3,44956
2016-06-29,21.4,21.86,21.35,21.83,73267
2016-06-30,21.89,21.96,21.38,21.47,41647
2016-07-01,21.48,21.69,21.12,21.28,31520
2016-07-04,21.15,21.7,21.15,21.61,39707
2016-07-05,21.64,21.7,21.25,21.37,38376
2016-07-06,21.37,21.69,21.18,21.3,28598
2016-07-07,21.34,21.42,20.9,21.09,32787
2016-07-08,21.09,21.32,21.01,21.12,25781
2016-07-11,21.23,21.51,20.94,21.17,44543
2016-07-12,21.19,21.53,20.84,21.52,42519
2016-07-13,21.49,21.84,21.37,21.81,59418
2016-07-14,21.81,21.88,21.56,21.85,44452
2016-07-15,21.88,22.0,21.43,21.44,49314
2016-07-18,21.45,21.46,21.1,21.22,28489
2016-07-19,21.25,21.49,21.17,21.45,25173
2016-07-20,21.45,22.54,21.39,22.17,109701
2016-07-21,22.17,24.46,22.17,24.46,252609
2016-07-22,24.44,25.33,24.19,24.37,148679
2016-07-25,24.36,24.66,23.71,24.66,100229
2016-07-26,24.51,25.12,24.29,24.55,85101
2016-07-27,24.6,25.49,23.53,23.91,125903
2016-07-28,23.93,23.99,22.8,23.23,78552
2016-07-29,23.53,23.7,22.8,23.58,56606
2016-08-01,23.37,23.38,21.86,22.35,65453
2016-08-02,22.28,22.57,22.07,22.43,38327
2016-08-03,22.38,23.09,22.06,22.85,52018
2016-08-04,22.77,23.12,22.54,22.92,44426
2016-08-05,22.8,22.9,22.21,22.21,40054
2016-08-08,22.08,22.59,22.04,22.57,31805
2016-08-09,22.6,23.24,22.57,23.21,46743
2016-08-10,23.2,23.33,22.7,22.71,39561
2016-08-11,22.63,22.75,22.26,22.28,32242
2016-08-12,22.29,22.72,22.11,22.72,33019
2016-08-15,22.68,23.82,22.47,23.61,67740
2016-08-16,23.56,24.07,23.31,23.42,49482
2016-08-17,23.37,23.7,23.31,23.67,37362
2016-08-18,23.68,23.86,23.21,23.24,35734
2016-08-19,23.2,23.3,22.9,23.01,25467
2016-08-22,22.99,23.27,22.79,22.79,20603
2016-08-23,22.77,23.02,22.7,22.8,17247
2016-08-24,22.98,23.07,22.61,22.66,22997
2016-08-25,22.51,22.51,22.11,22.28,29288
2016-08-26,22.36,22.59,22.29,22.35,16327
2016-08-29,22.36,22.82,22.31,22.78,20850
2016-08-30,22.78,22.97,22.62,22.79,18086
2016-08-31,22.8,22.87,22.21,22.34,31791
2016-09-01,22.34,22.59,22.26,22.29,18419
2016-09-02,22.25,22.49,21.98,22.08,22093
2016-09-05,22.13,22.25,21.92,21.95,19741
2016-09-06,22.07,22.32,21.74,22.32,25124
2016-09-07,22.23,22.57,22.23,22.34,21764
2016-09-08,22.36,22.58,22.3,22.43,18997
2016-09-09,22.56,23.08,22.49,22.67,46006
2016-09-12,22.28,22.37,21.44,21.45,45054
2016-09-13,21.66,21.68,21.48,21.61,17711
2016-09-14,21.53,21.7,21.34,21.41,19056
2016-09-19,21.46,21.7,21.46,21.5,16100
2016-09-20,21.54,21.67,21.47,21.58,12341
2016-09-21,21.53,21.7,21.53,21.6,10166
2016-09-22,21.64,21.81,21.5,21.56,16641
2016-09-23,21.57,22.32,21.56,21.89,24297
2016-09-26,21.85,22.05,21.41,21.46,16631
2016-09-27,21.48,22.05,21.45,21.92,19642
2016-09-28,22.0,22.27,21.82,21.9,19481
2016-09-29,21.96,22.42,21.82,22.32,33932
2016-09-30,22.21,22.36,22.11,22.14,19722
2016-10-10,22.39,23.09,22.38,22.77,40142
2016-10-11,22.76,22.76,22.48,22.58,22828
2016-10-12,22.51,22.68,22.39,22.6,19974
2016-10-13,22.58,22.71,22.25,22.29,21024
2016-10-14,22.32,22.42,22.21,22.36,13885
2016-10-17,22.47,22.98,22.33,22.52,40871
2016-10-18,22.56,22.71,22.38,22.7,25043
2016-10-19,22.71,22.78,22.3,22.4,31301
2016-10-20,22.32,22.46,22.25,22.34,20081
2016-10-21,22.34,22.4,22.03,22.16,22751
2016-10-24,22.14,22.41,22.07,22.33,19884
2016-10-25,22.34,22.42,22.29,22.32,15030
2016-10-26,22.32,22.42,21.96,22.04,19726
2016-10-27,22.1,22.1,21.81,21.89,15728
2016-10-28,21.92,22.07,21.67,21.72,22498
2016-10-31,21.67,21.84,21.62,21.74,17363
2016-11-01,21.76,22.13,21.71,22.04,23836
2016-11-02,21.53,22.03,21.53,21.7,19731
2016-11-03,21.63,21.95,21.57,21.71,21119
2016-11-04,21.81,22.06,21.74,21.81,21949
2016-11-07,21.89,21.97,21.75,21.81,17456
2016-11-08,21.85,21.99,21.76,21.87,21013
2016-11-09,21.88,21.88,21.1,21.39,39843
2016-11-10,21.52,21.69,21.52,21.62,23361
2016-11-11,21.57,21.63,21.28,21.45,29167
2016-11-14,21.46,21.83,21.45,21.63,25335
2016-11-15,21.62,21.79,21.6,21.77,22129
2016-11-16,21.84,22.14,21.68,22.06,43460
2016-11-17,21.93,22.06,21.7,21.85,30465
2016-11-18,21.88,21.89,21.51,21.66,23352
2016-11-21,21.53,21.89,21.53,21.63,20427
2016-11-22,21.61,22.52,21.61,22.34,59973
2016-11-23,22.32,22.35,21.89,21.99,34025
2016-11-24,21.92,22.0,21.7,21.74,21346
2016-11-25,21.76,22.06,21.49,21.93,31176
2016-11-28,22.07,22.41,21.94,22.23,38098
2016-11-29,22.25,22.56,22.13,22.23,50353
2016-11-30,22.14,22.43,21.92,22.43,35425
2016-12-01,22.47,22.55,22.22,22.31,30868
2016-12-02,22.25,22.34,21.65,21.85,33808
2016-12-05,21.66,21.95,21.6,21.81,17863
2016-12-06,21.92,22.0,21.56,21.67,20612
2016-12-07,21.72,21.8,21.52,21.77,15485
2016-12-08,21.81,21.92,21.72,21.77,12697
2016-12-09,21.73,21.73,21.52,21.67,22258
2016-12-12,21.7,21.7,20.47,20.47,34846
2016-12-13,20.48,20.6,19.7,20.04,22616
2016-12-14,20.04,20.24,19.92,20.03,14097
2016-12-15,19.85,20.37,19.85,20.15,15154
2016-12-16,20.13,20.43,20.02,20.34,13008
2016-12-19,20.32,20.32,19.91,19.97,15994
2016-12-20,19.97,20.24,19.97,20.06,12040
2016-12-21,20.36,21.12,20.28,20.79,31009
2016-12-22,20.72,20.9,20.48,20.62,15022
2016-12-23,20.53,20.74,20.3,20.3,10315
2016-12-26,20.25,20.49,20.1,20.42,11197
2016-12-27,20.36,20.55,20.23,20.25,11163
2016-12-28,20.39,20.39,19.98,20.02,10040
2016-12-29,19.95,20.19,19.88,19.91,10933
2016-12-30,19.92,20.47,19.88,20.21,16918
2017-01-03,20.3,20.31,20.05,20.26,12865
2017-01-04,20.26,20.51,20.21,20.45,14807
2017-01-05,20.5,20.51,20.34,20.39,8040
2017-01-06,20.44,20.56,20.07,20.17,13472
2017-01-09,20.09,20.33,20.09,20.18,9683
2017-01-10,20.25,20.25,20.01,20.04,9884
2017-01-11,20.04,20.19,19.98,20.01,10429
2017-01-12,20.13,20.24,20.0,20.1,8600
2017-01-13,20.1,20.19,19.71,19.78,13783
2017-01-16,19.77,19.81,17.83,18.51,29551
2017-01-17,18.27,18.62,18.02,18.52,13756
2017-01-18,18.52,18.59,18.28,18.45,10296
2017-01-19,18.52,18.53,18.22,18.39,6867
2017-01-20,18.34,18.92,18.34,18.83,14823
2017-01-23,18.87,19.08,18.84,18.93,15092
2017-01-24,18.93,19.17,18.84,19.06,11849
2017-01-25,19.02,19.28,19.02,19.16,7041
2017-01-26,19.17,19.32,19.13,19.18,6400
2017-02-03,19.21,19.31,18.97,19.05,6013
2017-02-06,19.06,19.15,18.87,19.06,10643
2017-02-07,19.07,19.08,18.82,18.86,8324
2017-02-08,18.91,19.02,18.69,18.98,9423
2017-02-09,19.0,19.7,18.93,19.48,17818
2017-02-10,19.46,20.76,19.27,19.86,29079
2017-02-13,19.88,20.13,19.71,19.89,15400
2017-02-14,20.0,20.14,19.81,19.9,8408
2017-02-15,19.85,20.03,19.56,19.57,14130
2017-02-16,19.56,19.7,19.4,19.59,9294
2017-02-17,19.51,19.73,19.22,19.25,11691
2017-02-20,19.27,20.54,19.27,19.7,13950
2017-02-21,19.7,19.88,19.59,19.84,11117
2017-02-22,19.87,19.97,19.68,19.79,10058
2017-02-23,19.82,19.88,19.58,19.74,9282
2017-02-24,19.73,19.86,19.66,19.84,9463
2017-02-27,19.83,19.83,19.55,19.55,10649
2017-02-28,19.59,19.92,19.56,19.79,10182
2017-03-01,19.77,19.94,19.69,19.79,14058
2017-03-02,19.88,19.88,19.63,19.65,9455
2017-03-03,19.59,19.66,19.34,19.63,11777
2017-03-06,19.77,20.05,19.65,20.02,19319
2017-04-20,18.68,19.23,18.12,18.25,48555
2017-04-21,18.15,18.49,17.76,17.81,36864
2017-04-24,17.83,18.34,17.55,18.25,29253
2017-04-25,18.25,18.36,17.91,18.0,22067
2017-04-26,17.82,18.59,17.82,18.07,26781
2017-04-27,18.1,18.49,18.06,18.46,24009
2017-04-28,18.26,18.42,18.15,18.3,21305
2017-05-02,18.28,18.57,18.17,18.3,24098
2017-05-03,18.27,18.49,18.19,18.4,15180
2017-05-04,18.39,18.75,18.26,18.52,26645
2017-05-05,18.39,18.97,18.39,18.41,12704
2017-05-08,18.44,18.6,18.1,18.19,14487
2017-05-09,18.19,18.28,17.94,18.16,14889
2017-05-10,18.16,18.31,17.83,17.92,13248
2017-05-11,17.88,17.98,17.11,17.34,24749
2017-05-12,17.26,17.66,17.25,17.51,12342
2017-05-15,17.88,18.17,17.88,17.98,14236
2017-05-16,17.9,18.24,17.89,18.21,16803
2017-05-17,18.32,18.94,18.24,18.65,30887
2017-05-18,18.52,18.82,18.26,18.32,22997
2017-05-19,18.36,18.71,18.25,18.61,15556
2017-05-22,18.52,18.58,18.17,18.26,14009
2017-05-23,18.17,18.41,17.66,17.67,16953
2017-05-24,17.67,18.07,17.41,18.07,17521
2017-05-25,18.09,18.37,17.88,18.21,14133
2017-05-26,18.28,18.55,18.2,18.41,15042
2017-05-31,18.53,18.64,18.35,18.36,17691
2017-06-01,18.42,18.42,18.16,18.17,18398
2017-06-02,18.15,18.56,17.7,18.52,19268
2017-06-05,18.54,18.67,18.39,18.52,16286
2017-06-06,18.43,18.58,18.18,18.32,15927
2017-06-07,18.39,18.85,18.32,18.79,29075
2017-06-08,18.83,18.85,18.64,18.74,16859
2017-06-09,18.77,18.8,18.56,18.75,15062
2017-06-12,18.64,18.66,18.34,18.39,16600
2017-06-13,18.35,18.6,18.35,18.5,14617
2017-06-14,18.53,18.66,18.45,18.52,11265
2017-06-15,18.52,18.96,18.46,18.81,23753
2017-06-16,18.81,19.19,18.76,19.14,25562
2017-06-19,19.05,19.26,19.01,19.08,21255
2017-06-20,19.19,19.28,19.03,19.07,13674
2017-06-21,19.33,19.4,18.98,19.18,19399
2017-06-22,19.12,20.21,19.05,19.54,56419
2017-06-23,19.41,19.9,19.38,19.85,35835
2017-06-26,19.9,21.14,19.89,21.01,73382
2017-06-27,21.15,21.21,20.72,20.84,38147
2017-06-28,20.8,21.11,20.47,20.61,37800
2017-06-29,20.65,22.19,20.65,21.52,84950
2017-06-30,21.27,21.69,21.17,21.57,49779
2017-07-03,21.58,21.77,21.23,21.37,45446
2017-07-04,21.52,21.7,20.73,20.92,62112
2017-07-05,20.95,20.96,20.37,20.94,49206
2017-07-06,20.94,21.34,20.72,20.79,48455
2017-07-07,20.69,20.95,20.51,20.81,30802
2017-07-10,20.76,20.81,20.21,20.49,53675
2017-07-11,20.43,20.65,20.31,20.32,29913
2017-07-12,20.25,20.39,19.82,20.13,36223
2017-07-13,20.13,20.6,19.94,20.6,47033
2017-07-14,20.53,20.7,20.41,20.47,26817
2017-07-17,20.54,20.54,18.64,19.1,57610
2017-07-18,19.02,19.51,19.02,19.29,22646
2017-07-19,19.12,19.72,19.12,19.67,28759
2017-07-20,19.59,19.93,18.87,18.98,63720
2017-07-21,19.26,19.52,19.02,19.32,44643
2017-07-24,19.32,19.32,18.93,19.12,33985
2017-07-25,19.08,19.22,18.86,18.87,27594
2017-07-26,18.88,18.97,18.59,18.64,25601
2017-07-27,18.59,19.45,18.39,19.34,39436
2017-07-28,19.29,19.3,18.97,19.01,23669
2017-07-31,19.03,19.52,18.95,19.39,32826
2017-08-01,19.37,19.48,19.24,19.37,23711
2017-08-02,19.37,19.53,19.08,19.1,27178
2017-08-03,19.02,19.24,18.85,18.99,18933
2017-08-04,18.99,19.29,18.94,19.0,19244
2017-08-07,18.99,19.3,18.9,19.03,18613
2017-08-08,18.99,19.01,18.81,18.87,23782
2017-08-09,18.86,18.98,18.83,18.93,12416
2017-08-10,18.97,19.47,18.87,19.39,41659
2017-08-11,19.37,19.37,18.64,18.73,33444
2017-08-14,18.73,19.34,18.7,19.28,28936
2017-08-15,19.28,19.47,19.16,19.33,26306
2017-08-16,19.34,19.9,19.16,19.77,47650
2017-08-17,19.67,21.25,19.61,20.47,92703
2017-08-18,20.31,20.57,20.1,20.2,45948
2017-08-21,20.2,21.05,20.2,20.52,49404
2017-08-22,20.47,20.83,19.93,20.07,49187
2017-08-23,20.09,20.26,19.81,19.92,31437
2017-08-24,19.88,20.08,19.82,20.01,19289
2017-08-25,20.1,20.15,19.74,19.98,28563
2017-08-28,20.09,20.68,19.98,20.51,45079
2017-08-29,20.48,20.56,20.24,20.31,27167
2017-08-30,20.38,20.56,20.2,20.36,28551
2017-08-31,20.36,20.59,20.32,20.52,27725
2017-09-01,20.55,20.64,20.22,20.49,33125
2017-09-04,20.49,21.37,20.36,21.19,82257
2017-09-05,21.09,21.74,20.96,20.99,60295
2017-09-06,20.94,21.28,20.79,21.17,47118
2017-09-07,21.16,21.3,20.58,20.58,55010
2017-09-08,20.51,20.81,20.36,20.61,31171
2017-09-11,20.57,20.71,20.48,20.67,18627
2017-09-12,20.68,21.18,20.43,20.9,38648
2017-09-13,20.88,20.88,20.53,20.59,22305
2017-09-14,20.53,20.97,20.52,20.69,28100
2017-09-15,20.67,20.67,20.07,20.16,40589
2017-09-18,20.17,20.54,20.12,20.31,28158
2017-09-19,20.43,20.43,20.06,20.07,27955
2017-09-20,20.06,21.5,20.06,21.19,99323
2017-09-21,21.19,21.27,20.68,20.76,60701
2017-09-22,20.82,21.13,20.72,20.91,42892
2017-09-25,21.01,21.38,20.43,20.52,49577
2017-09-26,20.42,20.45,20.07,20.22,30285
2017-09-27,20.23,21.04,20.11,20.9,46013
2017-09-28,20.81,21.36,20.73,20.99,64853
2017-09-29,21.18,21.99,21.0,21.74,94223
2017-10-09,22.14,23.34,22.14,22.43,101196
2017-10-10,22.52,22.83,22.21,22.57,60677
2017-10-11,22.59,22.93,22.11,22.18,66680
2017-10-12,22.26,22.51,22.0,22.34,49988
2017-10-13,22.33,22.34,21.99,22.12,32454
2017-10-16,22.11,22.58,21.85,21.85,55352
2017-10-17,21.69,21.97,21.38,21.84,35912
2017-10-18,21.81,22.15,21.46,21.56,36079
2017-10-19,21.53,21.74,21.12,21.21,34065
2017-10-20,21.19,21.42,20.84,21.41,32962
2017-10-23,21.31,21.51,21.27,21.46,25475
2017-10-24,21.45,21.45,20.86,21.17,30692
2017-10-25,21.23,21.41,21.15,21.36,24611
2017-10-26,21.37,22.03,21.23,21.98,51305
2017-10-27,21.92,21.92,21.59,21.67,33171
2017-10-30,21.62,22.28,21.33,22.16,69060
2017-10-31,22.18,22.42,21.96,22.35,50149
2017-11-01,22.34,22.71,22.07,22.1,65977
2017-11-02,22.04,22.32,21.8,21.98,40831
2017-11-03,22.01,22.74,21.92,22.65,73026
2017-11-06,22.68,23.02,22.43,22.99,71137
2017-11-07,22.98,23.33,22.81,23.06,76781
2017-11-08,23.12,23.53,22.63,22.67,74664
2017-11-09,22.59,23.71,22.43,23.71,89684
2017-11-10,23.63,24.47,23.57,23.82,96057
2017-11-13,23.85,25.13,23.75,25.09,110909
2017-11-14,25.02,25.13,24.16,24.31,85114
2017-11-15,24.29,25.42,24.23,24.77,100760
2017-11-16,25.17,25.33,24.11,24.73,92185
2017-11-17,24.5,25.05,23.56,23.6,94391
2017-11-20,23.64,26.03,23.56,26.03,160647
2017-11-21,26.11,27.24,25.64,26.38,155606
2017-11-22,26.28,27.79,25.95,27.06,153092
2017-11-23,26.74,26.98,25.46,25.48,110656
2017-11-24,25.53,26.17,24.46,24.66,95671
2017-11-27,24.85,25.56,23.83,24.12,98664
2017-11-28,24.06,25.63,23.89,25.46,107160
2017-11-29,25.2,25.2,23.67,24.4,99300
2017-11-30,23.85,24.25,23.56,23.68,68866
2017-12-01,23.75,24.43,23.62,24.02,74645
2017-12-04,23.96,23.96,22.87,22.91,86286
2017-12-05,23.01,23.12,22.02,22.27,78292
2017-12-06,22.38,22.93,22.16,22.84,67563
2017-12-07,22.66,22.76,22.22,22.27,44580
2017-12-08,22.21,23.09,22.18,22.86,66746
2017-12-11,23.67,24.11,23.54,23.69,106375
2017-12-12,23.71,23.92,23.41,23.42,58426
2017-12-13,23.25,23.76,23.2,23.69,40745
2017-12-14,23.64,24.41,23.62,24.22,77991
2017-12-15,24.16,24.45,23.38,23.53,63606
2017-12-18,23.49,23.49,22.29,22.62,57590
2017-12-19,22.62,23.09,22.61,22.94,28140
2017-12-20,23.01,23.03,22.36,22.61,34023
2017-12-21,22.61,23.3,22.42,23.2,45145
2017-12-22,23.12,23.62,23.03,23.49,41613
2017-12-25,23.42,23.8,23.31,23.53,40275
2017-12-26,23.53,23.74,23.05,23.64,38345
2017-12-27,23.63,26.06,23.53,24.4,88445
2017-12-28,24.73,26.87,24.3,26.77,160154
2017-12-29,26.08,26.26,25.31,25.58,123544
2018-01-02,25.71,25.96,25.23,25.67,58873
2018-01-03,25.64,26.29,25.63,25.72,67148
2018-01-04,25.75,26.21,25.29,25.56,65394
2018-01-05,25.46,25.68,24.96,25.1,63502
2018-01-08,25.15,25.39,24.43,24.76,57330
2018-01-09,24.77,25.0,24.54,24.95,46284
2018-01-10,24.86,25.19,24.47,24.84,44499
2018-01-11,24.82,25.9,24.59,25.64,81583
2018-01-12,25.49,25.93,25.12,25.14,52533
2018-01-15,25.1,25.1,23.16,23.3,90899
2018-01-16,23.23,23.59,22.95,23.18,50990
2018-01-17,23.16,23.27,22.27,23.08,54370
2018-01-18,23.07,23.23,22.8,23.08,24808
2018-01-19,22.76,23.47,22.76,23.21,32643
2018-01-22,23.28,23.7,22.89,23.42,36180
2018-01-23,23.56,23.6,23.24,23.28,23626
2018-01-24,23.3,24.18,22.77,23.81,54007
2018-01-25,23.78,23.97,23.33,23.35,32043
2018-01-26,23.52,23.89,23.29,23.29,32144
2018-01-29,23.02,23.08,22.14,22.35,54033
2018-01-30,22.36,22.45,22.17,22.35,16320
2018-01-31,22.28,22.43,21.32,21.4,40059
2018-02-01,21.4,21.7,20.9,21.03,34257
2018-02-02,20.94,21.5,20.53,21.2,22880
2018-02-05,20.81,21.25,20.57,20.84,21007
2018-02-06,20.1,20.4,18.97,19.01,51775
2018-02-07,19.58,19.8,18.76,19.51,43298
2018-02-08,19.53,20.28,19.53,19.94,29789
2018-02-09,19.45,19.92,19.01,19.53,32742
2018-02-12,19.74,20.52,19.74,20.32,29140
2018-02-13,20.35,20.68,20.17,20.23,25102
2018-02-14,20.22,20.37,19.91,20.05,21493
2018-02-22,20.45,21.27,20.23,20.97,31301
2018-02-23,21.14,21.16,20.72,21.0,29921
2018-02-26,21.13,21.8,20.87,21.49,42981
2018-02-27,21.52,22.01,21.41,21.49,37302
2018-02-28,21.19,21.8,21.05,21.38,27701
2018-03-01,21.3,23.58,21.27,23.58,150414
2018-03-02,23.89,24.06,23.28,23.77,116845
2018-03-05,23.77,24.58,23.62,24.47,107998
2018-03-06,24.26,24.42,23.69,23.94,73962
2018-03-07,23.77,24.15,23.46,23.63,49846
2018-03-08,23.57,23.91,23.43,23.7,38505
2018-03-09,23.64,24.51,23.56,24.15,65684
2018-03-12,24.48,25.35,24.34,24.44,89333
2018-03-13,24.18,25.38,24.12,24.69,84973
2018-03-14,24.49,25.2,23.93,23.95,60657
2018-03-15,23.87,24.25,23.56,24.24,46077
2018-03-16,24.18,24.45,23.68,23.7,36974
2018-03-19,23.49,24.65,23.49,24.19,56578
2018-03-20,24.11,24.22,23.72,24.12,34498
2018-03-21,24.3,24.98,23.89,24.06,55986
2018-03-22,23.96,24.65,23.68,23.73,49683
2018-03-23,22.63,22.89,21.31,21.57,94814
2018-03-26,21.19,22.62,21.19,22.55,59520
2018-03-27,22.91,23.99,22.72,23.82,74636
2018-03-28,23.38,24.55,23.31,24.1,63435
2018-03-29,24.04,24.81,23.72,24.36,68600
2018-03-30,24.61,26.44,24.57,25.88,139882
2018-04-02,26.41,28.53,26.39,28.53,182017
2018-04-03,28.42,29.12,27.54,28.77,176897
2018-04-04,28.63,28.63,27.38,27.52,102016
2018-04-09,27.14,27.39,26.41,26.82,126383
2018-04-10,26.96,26.96,26.13,26.72,96915
2018-04-11,26.72,27.15,26.39,26.49,91697
2018-04-12,26.41,26.74,25.78,25.95,71509
2018-04-13,26.29,26.4,25.92,25.99,61710
2018-04-16,25.82,27.13,25.79,26.93,121749
2018-04-17,27.12,27.71,25.57,25.97,123290
2018-04-18,26.35,28.64,25.76,28.27,160610
2018-04-19,28.13,28.3,27.18,27.38,129902
2018-04-20,27.1,28.29,26.9,27.24,110786
2018-04-23,27.4,27.71,25.53,25.86,102937
2018-04-24,25.71,26.53,24.11,26.41,88423
2018-04-25,26.04,27.7,25.94,27.53,95778
2018-04-26,27.03,27.03,26.18,26.31,65880
2018-04-27,26.7,26.8,25.2,25.57,50892
2018-05-02,25.6,26.3,25.41,25.66,36931
2018-05-03,25.55,25.68,24.32,25.51,62727
2018-05-04,25.48,26.44,25.2,25.5,48875
2018-05-07,25.53,26.29,25.52,26.18,39284
2018-05-08,26.18,26.3,25.71,25.94,37606
2018-05-09,25.94,26.27,25.72,25.81,29051
2018-05-10,25.9,25.92,24.91,25.19,45209
2018-05-11,25.2,25.4,24.58,24.67,40341
2018-05-14,24.87,25.31,24.44,24.81,37896
2018-05-15,24.82,25.78,24.69,25.69,45700
2018-05-16,25.56,25.66,25.2,25.38,35158
2018-05-17,25.33,25.79,25.13,25.29,28500
2018-05-18,25.16,25.5,24.77,25.19,28362
2018-05-21,25.02,26.21,25.0,26.14,61466
2018-05-22,26.19,26.29,25.78,26.14,36269
2018-05-23,26.06,26.81,25.93,26.1,59344
2018-05-24,26.07,26.62,25.98,26.3,43076
2018-05-25,26.32,26.39,24.97,25.0,53873
2018-05-28,25.06,25.13,24.19,24.24,53109
2018-05-29,24.28,24.76,24.09,24.12,31741
2018-05-30,23.96,24.54,23.6,23.97,31654
2018-05-31,24.22,24.36,23.2,23.85,40482
2018-06-01,23.81,23.99,23.21,23.31,24594
2018-06-04,23.52,23.69,22.84,23.38,30971
2018-06-05,23.56,24.04,23.46,24.02,30951
2018-06-06,24.01,24.2,23.77,23.91,24660
2018-06-07,24.11,24.27,23.75,23.78,19721
2018-06-08,23.81,24.07,23.38,23.54,23355
2018-06-11,23.53,23.53,22.98,23.07,23120
2018-06-12,23.07,23.36,22.73,23.27,22122
2018-06-13,23.02,23.9,22.98,23.2,26562
2018-06-14,23.17,23.62,22.91,23.23,29113
2018-06-15,23.2,23.39,22.51,22.55,32631
2018-06-19,22.29,22.72,20.22,20.65,54101
2018-06-20,20.67,21.29,20.56,21.11,35717
2018-06-21,21.1,21.27,20.17,20.2,32519
2018-06-22,20.01,20.83,19.85,20.54,24893
2018-06-25,20.83,20.92,20.28,20.31,23089
2018-06-26,19.86,21.23,19.85,21.04,36265
2018-06-27,21.09,21.34,20.7,20.78,32497
2018-06-28,20.87,21.24,20.78,20.88,30144
2018-06-29,21.01,22.26,20.95,22.14,68651
2018-07-02,22.14,22.31,21.68,21.92,39677
2018-07-03,21.98,23.11,21.76,22.88,55143
2018-07-04,22.65,22.81,21.67,21.88,42175
2018-07-05,22.0,22.0,20.57,20.84,52993
2018-07-06,20.84,21.5,20.32,21.04,61864
2018-07-09,20.97,21.44,20.74,21.42,40674
2018-07-10,21.31,21.49,21.01,21.41,35652
2018-07-11,20.95,21.0,19.68,20.24,61977
2018-07-12,20.22,21.65,20.12,21.29,74649
2018-07-13,21.3,21.71,21.29,21.57,45946
2018-07-16,21.67,22.62,21.67,22.21,68360
2018-07-17,22.17,22.53,21.86,22.31,52226
2018-07-18,22.41,22.84,21.88,21.93,43512
2018-07-19,22.0,22.07,21.44,21.63,41685
2018-07-20,21.45,22.35,21.44,22.26,58708
2018-07-23,22.26,23.48,21.99,23.29,107741
2018-07-24,23.33,24.15,22.92,23.33,79727
2018-07-25,23.43,25.72,23.35,25.01,149597
2018-07-26,23.89,24.45,23.42,23.8,111612
2018-07-27,23.74,23.79,23.08,23.33,45263
2018-07-30,23.29,23.72,22.93,23.2,38543
2018-07-31,23.2,24.5,23.2,23.92,62596
2018-08-01,24.15,24.28,23.39,23.43,53968
2018-08-02,23.11,23.64,22.48,23.47,52370
2018-08-03,23.28,23.48,22.57,22.59,37334
2018-08-06,22.37,22.54,20.63,20.74,77648
2018-08-07,20.88,21.41,20.34,21.41,67390
2018-08-08,21.21,21.47,20.22,20.27,76196
2018-08-09,20.41,22.3,20.29,21.75,98242
2018-08-10,21.82,22.54,21.6,22.45,88445
2018-08-13,22.82,23.98,22.61,23.81,111682
2018-08-14,23.38,23.88,23.17,23.7,68199
2018-08-15,23.74,24.3,23.24,23.27,84751
2018-08-16,22.79,23.81,22.52,23.07,65214
2018-08-17,23.53,23.77,22.23,22.23,72424
2018-08-20,22.49,23.43,22.26,23.24,79803
2018-08-21,23.33,23.88,22.88,23.56,73739
2018-08-22,23.37,23.72,22.95,23.05,49082
2018-08-23,22.93,23.81,22.93,23.53,73854
2018-08-24,23.49,23.53,22.67,22.9,73618
2018-08-27,23.01,24.03,22.98,23.84,90315
2018-08-28,23.88,24.2,23.54,23.74,71482
2018-08-29,23.68,23.79,23.03,23.44,63754
2018-08-30,23.39,23.46,22.37,22.48,87638
2018-08-31,22.36,22.69,22.11,22.36,44769
2018-09-03,22.37,22.44,21.39,22.31,56724
2018-09-04,22.23,22.91,22.01,22.66,54151
2018-09-05,22.56,22.56,21.34,21.42,91496
2018-09-06,21.14,21.84,21.14,21.42,44934
2018-09-07,21.49,21.81,20.46,20.73,65553
2018-09-10,20.89,20.98,20.35,20.48,35730
2018-09-11,20.64,20.97,20.45,20.68,33485
2018-09-12,20.77,21.15,20.68,20.79,40506
2018-09-13,21.14,21.33,20.64,21.01,39081
2018-09-14,21.01,21.08,20.42,20.5,33385
2018-09-17,20.47,20.47,19.96,19.99,27224
2018-09-18,19.87,20.46,19.87,20.45,30336
2018-09-19,20.41,21.26,20.29,20.93,48034
2018-09-20,20.88,21.04,20.73,20.76,20064
2018-09-21,20.86,21.21,20.63,21.05,31266
2018-09-25,20.97,21.44,20.84,21.16,28070
2018-09-26,21.31,21.39,21.01,21.29,28850
2018-09-27,21.18,21.39,20.81,20.86,28004
2018-09-28,20.83,21.06,20.67,20.9,23828
2018-10-08,20.25,20.31,19.39,19.46,51845
2018-10-09,19.47,19.78,19.31,19.43,26110
2018-10-10,19.53,20.32,18.8,19.66,42738
2018-10-11,18.78,19.43,17.63,17.76,66375
2018-10-12,17.76,17.92,16.65,17.51,54694
2018-10-15,17.64,17.93,16.93,16.96,37343
2018-10-16,16.96,17.39,15.72,15.83,71196
2018-10-17,16.33,16.65,15.98,16.56,73474
2018-10-18,16.43,16.9,16.28,16.47,52414
2018-10-26,16.69,18.02,16.54,16.96,83501
2018-10-29,17.14,17.22,16.42,16.73,53590
2018-10-30,16.65,16.73,15.16,16.06,71406
2018-10-31,16.1,16.57,16.1,16.34,45990
2018-11-01,16.85,17.61,16.83,17.09,91999
2018-11-02,17.46,17.71,17.29,17.68,78560
2018-11-05,17.76,17.76,17.29,17.68,51335
2018-11-06,17.71,18.67,17.68,18.16,102232
2018-11-07,17.77,18.26,17.54,17.78,67632
2018-11-08,17.97,18.06,17.56,17.77,52348
2018-11-09,17.71,17.74,17.34,17.51,42759
2018-11-12,17.38,18.11,17.38,18.11,53333
2018-11-13,17.85,18.36,17.73,18.12,60616
2018-11-14,17.97,18.47,17.83,18.28,61275
2018-11-15,18.02,18.78,18.02,18.78,73139
2018-11-16,18.79,19.23,18.51,18.96,75081
2018-11-19,18.82,18.89,18.54,18.68,46505
2018-11-20,18.53,18.95,18.22,18.29,61115
2018-11-21,17.89,18.19,17.82,18.12,37251
2018-11-22,18.23,18.35,18.05,18.17,25109
2018-11-23,18.16,18.17,17.17,17.17,50551
2018-11-26,17.18,17.39,16.91,17.04,29932
2018-11-27,17.16,17.5,17.11,17.23,26190
2018-11-28,17.32,17.64,17.16,17.59,35462
2018-11-29,17.79,17.88,17.26,17.26,31204
2018-11-30,17.26,17.31,16.61,17.24,28602
2018-12-03,17.77,18.06,17.56,18.06,57764
2018-12-04,17.85,18.07,17.79,17.97,36158
2018-12-05,17.62,17.76,17.53,17.59,29095
2018-12-06,17.51,17.61,17.05,17.07,34832
2018-12-07,17.21,17.47,17.12,17.32,23885
2018-12-10,16.9,17.23,16.8,16.93,22407
2018-12-11,16.94,17.2,16.94,17.12,14283
2018-12-12,17.25,17.25,16.9,16.93,15818
2018-12-13,17.0,17.24,16.82,17.13,21615
2018-12-14,16.94,17.07,16.4,16.48,29364
2018-12-17,16.41,16.61,16.26,16.4,21922
2018-12-18,16.4,16.51,16.05,16.15,24966
2018-12-19,16.24,16.31,15.89,15.95,20029
2018-12-20,15.9,16.11,15.8,16.04,18493
2018-12-21,16.02,16.02,15.36,15.5,37077
2018-12-24,15.47,15.88,15.38,15.87,31610
2018-12-25,15.77,15.94,15.23,15.93,37800
2018-12-26,15.73,15.89,15.65,15.65,27246
2018-12-27,15.94,15.98,15.37,15.37,30133
2018-12-28,15.4,15.63,15.2,15.35,23836
2019-01-02,15.45,15.57,15.31,15.42,19259
2019-01-03,15.33,15.62,15.25,15.28,19363
2019-01-04,15.17,15.75,14.97,15.67,38002
2019-01-07,15.75,16.13,15.68,16.08,50112
2019-01-08,16.02,16.18,15.83,15.89,30324
2019-01-09,15.98,16.34,15.87,15.94,46930
2019-01-10,15.87,15.96,15.56,15.63,45479
2019-01-11,15.79,15.97,15.73,15.95,41910
2019-01-14,15.96,16.06,15.75,15.85,26484
2019-01-15,15.84,16.13,15.77,16.13,37605
2019-01-16,16.14,16.43,16.04,16.18,49630
2019-01-17,16.14,16.17,15.66,15.67,38956
2019-01-18,15.65,15.86,15.56,15.78,36679
2019-01-21,15.78,16.12,15.76,16.0,38582
2019-01-22,16.0,16.05,15.77,15.83,26878
2019-01-23,15.8,15.8,15.43,15.59,27324
2019-01-24,15.58,16.39,15.49,16.18,77154
2019-01-25,16.14,16.32,15.92,15.99,42168
2019-01-28,16.04,16.29,15.98,16.03,31899
2019-01-29,15.85,15.98,15.43,15.74,33941
2019-01-30,15.71,15.82,15.07,15.13,46628
2019-01-31,15.13,15.42,14.93,15.03,32779
2019-02-01,15.04,15.37,15.04,15.34,31990
2019-02-11,15.41,16.39,15.41,16.28,82044
2019-02-12,16.28,16.44,16.14,16.34,55924
2019-02-13,16.41,17.95,16.34,17.32,109177
2019-02-14,17.33,17.33,16.9,17.22,62152
2019-02-15,17.37,17.78,17.22,17.31,76646
2019-02-18,17.47,18.32,17.46,18.12,115765
2019-02-19,18.18,18.47,17.87,18.3,97806
2019-02-20,18.25,18.25,17.78,18.04,61388
2019-02-21,17.93,18.55,17.8,17.92,91695
2019-02-22,17.95,18.43,17.79,18.42,80259
2019-02-25,18.89,20.02,18.89,19.72,146153
2019-02-26,19.81,20.77,19.15,19.86,143399
2019-02-27,19.75,20.5,19.17,19.4,108688
2019-02-28,19.46,19.79,19.25,19.54,55446
2019-03-01,19.71,19.75,18.85,19.27,82324
2019-03-04,19.69,20.33,19.55,19.74,142723
2019-03-05,19.74,21.46,19.59,21.31,193699
2019-03-06,21.42,23.11,21.42,22.05,207761
2019-03-07,22.05,22.51,21.41,21.98,149707
2019-03-08,21.34,24.24,21.09,22.98,309586
2019-03-11,23.74,23.84,22.26,23.49,207516
2019-03-12,23.82,24.09,23.42,24.02,169749
2019-03-13,23.91,23.91,22.23,22.4,144515
2019-03-14,22.3,22.61,21.31,21.65,99634
2019-03-15,21.85,22.3,21.6,21.86,68850
2019-03-18,21.88,22.05,21.42,22.03,88047
2019-03-19,21.95,22.77,21.65,22.15,94814
2019-03-20,22.26,22.26,21.29,21.62,96425
2019-03-21,21.75,22.34,21.49,22.1,107263
2019-03-22,22.07,22.26,21.42,21.81,91504
2019-03-25,21.34,22.07,21.18,21.53,84469
2019-03-26,21.59,21.72,20.26,20.51,99500
2019-03-27,20.74,20.83,20.02,20.47,74941
2019-03-28,20.37,21.49,20.18,20.6,95832
2019-03-29,20.6,21.79,20.38,21.64,134352
2019-04-01,21.8,22.46,21.65,22.21,124374
2019-04-02,22.36,24.15,21.98,23.13,187103
2019-04-03,22.78,22.89,22.36,22.68,96451
2019-04-04,22.91,23.09,22.36,22.51,89141
2019-04-08,22.76,22.77,21.52,21.8,97980
2019-04-09,21.67,22.3,21.67,21.98,57562
2019-04-10,21.82,22.08,21.24,21.8,63750
2019-04-11,21.71,21.94,21.14,21.15,63022
2019-04-12,21.33,21.82,21.27,21.41,65178
2019-04-15,22.21,22.66,21.45,21.54,103791
2019-04-16,21.56,22.62,21.1,22.61,127994
2019-04-17,22.56,22.71,22.15,22.28,90541
2019-04-18,22.28,22.39,21.92,22.0,51561
2019-04-19,22.2,22.61,22.14,22.33,93867
2019-04-22,22.3,22.75,21.9,22.35,104299
2019-04-23,22.27,22.41,21.27,21.4,84603
2019-04-24,21.61,22.03,20.89,21.9,85145
2019-04-25,21.65,22.0,20.77,20.82,72071
2019-04-26,20.77,21.34,20.18,20.18,94015
2019-04-29,20.13,20.14,19.15,19.2,90723
2019-04-30,19.49,19.73,19.16,19.31,50242
2019-05-06,18.63,18.92,17.32,17.32,108603
2019-05-07,17.36,18.51,17.36,18.18,94449
2019-05-08,17.81,19.15,17.71,18.78,108959
2019-05-09,18.59,19.37,18.32,18.48,77916
2019-05-10,18.78,19.3,17.92,19.19,115045
2019-05-13,18.92,19.18,18.71,18.81,61554
2019-05-14,18.67,19.07,18.53,18.72,61627
2019-05-15,18.97,19.11,18.74,18.91,59780
2019-05-16,18.92,18.97,18.59,18.7,58703
2019-05-17,18.99,19.8,18.71,18.95,151105
2019-05-20,19.09,19.5,18.59,19.25,126872
2019-05-21,19.28,19.6,18.84,19.35,95381
2019-05-22,19.39,19.8,19.26,19.73,119439
2019-05-23,20.17,20.17,19.13,19.21,129995
2019-05-24,18.94,19.07,18.39,18.49,84070
2019-05-27,18.49,19.73,18.49,19.5,141701
2019-05-28,19.54,19.83,19.16,19.49,130537
2019-05-29,19.34,19.73,19.19,19.46,115600
2019-05-30,19.28,19.44,18.81,19.39,99067
2019-05-31,19.46,19.84,19.23,19.7,146758
2019-06-03,20.19,20.75,19.59,19.74,205275
2019-06-04,19.66,19.66,17.71,18.69,166115
2019-06-05,18.85,18.91,18.37,18.41,93180
2019-06-06,18.54,18.54,17.54,17.73,101055
2019-06-10,17.51,18.14,17.51,17.89,63015
2019-06-11,17.98,18.61,17.63,18.53,103255
2019-06-12,18.53,18.64,18.29,18.39,73213
2019-06-13,18.3,18.51,18.24,18.38,56269
2019-06-14,18.41,18.52,17.8,17.87,71383
2019-06-17,17.74,18.02,17.7,17.82,38924
2019-06-18,17.85,18.01,17.74,17.91,42640
2019-06-19,18.39,18.46,18.15,18.19,68588
2019-06-20,18.2,18.61,17.95,18.47,82659
2019-06-21,18.5,20.37,18.49,19.63,204103
2019-06-24,19.25,19.56,19.06,19.26,101640
2019-06-25,19.14,19.21,18.6,18.81,80867
2019-06-26,18.82,19.22,18.69,18.98,69536
2019-06-27,19.11,19.37,19.01,19.18,74279
2019-06-28,19.24,19.4,18.77,18.94,57488
2019-07-01,19.56,20.19,19.3,20.19,205996
2019-07-02,20.17,20.4,19.91,20.21,146184
2019-07-03,20.24,20.24,19.68,19.77,95313
2019-07-04,19.84,19.96,19.49,19.62,71475
2019-07-05,19.64,19.76,19.49,19.76,60894
2019-07-08,19.76,19.76,18.84,18.91,87226
2019-07-09,18.84,19.05,18.49,18.69,62045
2019-07-10,18.79,18.97,18.66,18.76,47896
2019-07-11,18.91,19.16,18.71,18.81,53775
2019-07-12,18.81,19.09,18.7,18.99,39052
2019-07-15,18.98,19.56,18.59,19.41,85981
2019-07-16,19.33,19.61,19.23,19.48,55148
2019-07-17,19.57,20.54,19.49,20.16,218618
2019-07-18,20.01,20.41,19.94,20.21,142093
2019-07-19,20.4,20.74,20.29,20.53,154038
2019-07-22,20.7,20.89,20.06,20.17,142155
2019-07-23,20.3,21.46,20.26,21.29,217987
2019-07-24,21.33,21.51,20.98,21.09,222751
2019-07-25,20.93,23.25,20.91,22.66,453963
2019-07-26,22.5,23.7,22.44,23.26,311747
2019-07-29,22.81,23.12,22.34,22.84,265573
2019-07-30,22.86,23.21,22.12,22.32,259906
2019-07-31,22.31,23.21,22.31,22.59,265776
2019-08-01,22.66,23.39,22.39,23.24,223117
2019-08-02,22.84,24.31,22.49,24.08,287957
2019-08-05,23.89,24.42,22.96,23.48,251134
2019-08-06,22.57,23.3,21.88,22.91,222693
2019-08-07,23.04,23.72,22.78,22.81,189252
2019-08-08,23.05,23.62,22.43,23.62,154575
2019-08-09,23.64,23.69,22.25,22.62,176460
2019-08-12,22.69,24.69,22.41,24.55,239476
2019-08-13,24.12,24.78,23.99,24.78,186953
2019-08-14,25.31,25.67,24.34,24.36,213111
2019-08-15,23.54,25.28,23.54,24.92,191384
2019-08-16,24.76,24.91,24.24,24.4,190163
2019-08-19,24.54,25.77,24.47,25.34,241446
2019-08-20,25.39,25.59,24.91,24.99,176537
2019-08-21,25.0,25.3,24.55,25.02,108326
2019-08-22,24.95,25.01,23.99,24.27,190119
2019-08-23,24.26,24.43,23.69,23.99,134639
2019-08-26,23.01,23.26,21.62,21.99,356936
2019-08-27,22.22,23.02,22.09,22.78,254424
2019-08-28,22.81,22.82,22.36,22.49,127347
2019-08-29,22.68,23.07,22.52,22.69,147089
2019-08-30,22.89,23.71,22.77,23.14,206267
2019-09-02,23.26,24.32,22.76,23.95,224639
2019-09-03,23.95,24.84,23.87,24.54,178833
2019-09-04,24.21,24.97,24.2,24.47,176370
2019-09-05,24.61,25.25,24.16,24.41,229508
2019-09-06,24.48,24.78,23.83,24.28,183843
2019-09-09,24.38,25.66,24.38,25.64,278411
2019-09-10,25.6,25.6,24.5,24.76,239781
2019-09-11,24.87,24.99,24.29,24.41,136118
2019-09-12,24.48,24.58,24.2,24.34,93923
2019-09-16,24.41,24.76,24.09,24.34,122134
2019-09-17,24.26,24.26,23.0,23.3,204368
2019-09-18,23.3,23.53,22.85,23.05,130289
2019-09-19,23.37,23.84,23.18,23.83,146547
2019-09-20,24.41,25.09,24.34,24.54,336823
2019-09-23,24.07,24.81,23.88,24.67,227796
2019-09-24,24.55,24.6,23.83,24.2,207522
2019-09-25,24.1,24.1,23.05,23.16,176906
2019-09-26,23.19,23.28,22.26,22.41,133843
2019-09-27,22.42,22.61,22.19,22.32,113720
2019-09-30,22.26,22.44,21.81,21.96,79190
2019-10-08,21.99,22.25,21.56,21.73,77742
2019-10-09,21.74,22.01,21.36,21.99,58754
2019-10-10,22.02,22.39,21.85,22.26,76629
2019-10-11,22.25,22.45,21.94,22.21,66217
2019-10-14,22.39,22.68,22.24,22.44,166977
2019-10-15,22.41,22.41,21.45,21.53,113784
2019-10-16,21.55,21.69,21.05,21.45,84050
2019-10-17,21.51,21.55,20.92,21.12,103441
2019-10-18,21.29,21.49,20.84,20.92,91559
2019-10-21,20.98,21.16,20.23,21.08,84153
2019-10-22,21.05,21.46,21.05,21.44,72507
2019-10-23,21.46,21.54,21.09,21.21,57421
2019-10-24,21.25,21.43,20.77,20.84,93905
2019-10-25,20.96,21.11,20.49,20.94,93380
2019-10-28,22.16,22.34,21.57,21.95,226038
2019-10-29,21.82,21.82,20.82,20.83,176779
2019-10-30,20.82,20.97,20.34,20.43,110748
2019-10-31,20.43,20.95,20.43,20.49,99699
2019-11-01,20.55,20.74,20.32,20.66,78158
2019-11-04,20.67,21.38,20.66,21.1,139101
2019-11-05,21.11,21.3,20.91,20.97,95607
2019-11-06,20.98,21.11,19.99,20.12,180548
2019-11-07,20.07,20.38,20.01,20.28,82254
2019-11-08,20.44,20.69,20.26,20.28,86158
2019-11-11,20.06,20.06,19.46,19.61,132146
2019-11-12,19.61,19.75,18.76,19.36,104833
2019-11-13,19.31,19.54,19.17,19.41,61689
2019-11-14,19.44,19.78,18.76,19.66,97598
2019-11-15,19.69,20.18,19.49,19.88,111212
2019-11-18,19.79,20.41,19.71,20.24,107965
2019-11-19,20.44,20.51,20.06,20.43,91239
2019-11-20,20.46,20.73,20.18,20.21,102964
2019-11-21,20.12,20.24,19.79,19.93,107136
2019-11-22,18.77,19.58,18.56,19.41,254849
2019-11-25,19.12,19.12,17.92,18.28,196080
2019-11-26,18.39,19.58,18.34,19.58,170991
2019-11-27,19.44,19.44,18.66,19.06,130982
2019-11-28,18.84,19.17,18.77,19.08,63120
2019-11-29,19.04,19.1,18.69,18.8,64754
2019-12-02,18.91,19.07,18.64,18.88,51922
2019-12-03,18.76,18.96,18.54,18.96,68084
2019-12-04,18.78,19.45,18.78,19.19,109610
2019-12-05,19.18,19.71,19.06,19.44,161525
2019-12-06,19.55,20.6,19.55,20.51,280416
2019-12-09,20.55,21.02,20.32,20.69,176621
2019-12-10,20.66,20.95,20.36,20.9,116734
2019-12-11,20.91,20.91,20.34,20.44,143833
2019-12-12,20.43,21.11,20.41,20.95,276793
2019-12-13,21.24,21.3,20.84,20.94,226131
2019-12-16,20.96,21.37,20.92,21.3,170415
2019-12-17,21.31,22.51,21.31,22.05,291227
2019-12-18,22.05,22.23,21.65,21.69,211294
2019-12-19,21.69,21.94,21.49,21.6,144302
2019-12-20,21.68,21.69,21.09,21.14,147220
2019-12-23,21.01,21.1,20.63,20.8,136937
2019-12-24,20.79,21.14,20.7,21.07,129328
2019-12-25,21.09,22.05,20.91,21.83,216830
2019-12-26,21.87,21.98,21.55,21.84,109011
2019-12-27,21.84,22.07,21.48,21.56,123152
2019-12-30,21.48,21.89,20.98,21.79,105912
2019-12-31,21.8,22.21,21.52,22.05,100401
2020-01-02,22.11,22.75,21.99,22.68,194633
2020-01-03,22.76,22.96,22.28,22.45,171639
2020-01-06,22.29,22.68,22.04,22.2,153462
2020-01-07,22.22,22.56,22.09,22.49,124469
2020-01-08,22.27,22.43,22.05,22.26,117442
2020-01-09,22.48,22.81,22.38,22.56,134087
2020-01-10,22.54,22.87,22.26,22.54,101313
2020-01-13,22.14,23.84,22.14,23.71,291768
2020-01-14,23.76,24.03,23.55,23.89,172885
2020-01-15,23.74,23.81,23.12,23.55,120274
2020-01-16,23.58,24.02,23.46,23.59,128569
2020-01-17,23.59,24.32,23.59,24.1,184792
2020-01-20,24.1,24.62,23.62,24.37,159847
2020-01-21,24.12,24.3,23.68,23.76,120081
2020-01-22,23.69,24.48,23.3,24.24,158130
2020-01-23,23.91,24.16,22.34,23.09,174846
2020-02-03,20.73,21.06,20.73,20.73,150067
2020-02-04,20.01,21.8,20.01,21.49,199828
2020-02-05,21.47,22.34,21.47,21.87,182995
2020-02-06,22.04,24.11,21.84,23.81,272684
2020-02-07,24.16,26.12,24.12,25.69,361536
2020-02-10,25.69,27.21,25.37,26.42,328838
2020-02-11,26.15,26.21,25.16,25.9,267216
2020-02-12,25.66,28.06,25.36,27.97,391130
2020-02-13,27.97,30.19,27.57,28.64,413457
2020-02-14,28.55,30.82,28.41,29.48,337810
2020-02-17,30.91,30.91,29.85,30.14,293517
2020-02-18,29.84,31.7,29.76,30.68,282086
2020-02-19,30.36,31.07,29.94,30.19,243072
2020-02-20,30.19,30.74,28.91,30.12,339919
2020-02-21,30.12,31.28,29.95,30.71,293867
2020-02-24,30.67,32.49,30.48,32.44,319519
2020-02-25,31.62,35.34,30.46,34.84,406979
2020-02-26,35.26,36.54,33.6,34.82,483094
2020-02-27,35.5,36.76,32.92,35.53,438152
2020-02-28,33.06,34.38,31.92,31.92,389053
2020-03-02,32.2,34.0,30.94,32.99,319343
2020-03-03,33.76,35.59,32.76,32.76,314413
2020-03-04,32.41,32.96,31.24,32.0,263543
2020-03-05,33.56,34.38,32.24,32.94,310560
2020-03-06,32.52,33.76,32.26,32.48,212794
2020-03-09,31.84,32.54,30.74,30.74,223250
2020-03-10,30.68,32.51,29.84,32.46,303723
2020-03-11,32.48,32.99,30.91,30.91,249961
2020-03-12,30.06,30.76,29.39,29.9,215453
2020-03-13,28.68,30.68,28.55,30.21,319342
2020-03-16,30.2,30.59,27.69,27.91,262263
2020-03-17,28.41,28.89,26.84,28.04,301862
2020-03-18,28.78,28.95,27.19,27.45,389474
2020-03-19,27.34,27.77,26.07,27.23,370221
2020-03-20,27.59,27.94,26.53,26.81,337612
2020-03-23,25.69,26.19,24.66,24.76,344695
2020-03-24,25.34,25.86,24.21,25.21,313551
2020-03-25,25.98,26.61,25.48,25.79,435616
2020-03-26,25.69,26.47,25.49,25.83,303342
2020-03-27,26.26,26.46,25.59,25.69,263451
2020-03-30,25.2,25.62,24.14,25.22,268654
2020-03-31,25.62,25.74,24.68,24.71,161062
2020-04-01,24.48,25.47,24.48,24.82,223987
2020-04-02,24.96,26.45,24.93,26.36,310449
2020-04-03,26.43,26.56,25.48,25.61,278131
2020-04-07,26.37,26.75,26.06,26.39,287094
2020-04-08,26.19,26.53,25.38,25.89,344207
2020-04-09,25.98,26.12,24.81,25.41,403159
2020-04-10,25.19,25.19,24.36,24.56,213242
2020-04-13,24.77,24.79,23.82,24.07,192141
2020-04-14,24.42,25.37,24.14,25.25,292190
2020-04-15,25.25,25.98,25.05,25.46,266026
2020-04-16,25.12,25.81,24.79,25.59,182008
2020-04-17,25.88,26.51,25.7,26.34,385559
2020-04-20,26.47,27.25,25.84,27.19,264874
2020-04-21,26.75,27.65,26.56,27.02,243793
2020-04-22,26.69,26.95,26.48,26.89,137398
2020-04-23,26.93,27.0,26.56,26.66,114413
2020-04-24,26.68,27.04,25.69,26.06,189390
2020-04-27,26.41,27.52,26.2,27.01,242982
2020-04-28,27.01,29.4,26.34,28.53,372863
2020-04-29,28.23,28.48,27.82,28.26,194574
2020-04-30,27.55,29.39,27.51,29.24,371759
2020-05-06,28.91,29.69,28.8,29.66,279624
2020-05-07,29.84,30.34,29.21,29.3,208521
2020-05-08,29.48,30.19,29.27,29.33,204919
2020-05-11,29.58,29.98,29.13,29.54,178983
2020-05-12,29.54,30.76,29.26,30.76,302606
2020-05-13,30.41,30.55,30.08,30.32,171322
2020-05-14,30.19,30.66,30.01,30.25,149389
2020-05-15,30.34,30.49,29.99,30.05,184082
2020-05-18,30.35,30.66,28.82,29.09,249358
2020-05-19,29.43,30.31,29.16,30.09,213514
2020-05-20,30.09,30.34,29.05,29.29,169423
2020-05-21,29.48,29.69,28.24,28.41,180585
2020-05-22,28.36,28.68,27.26,27.55,213798
2020-05-25,27.48,27.69,26.81,26.96,122246
2020-05-26,26.96,27.46,26.84,27.21,165029
2020-05-27,27.36,27.45,26.32,26.7,148630
2020-05-28,26.83,26.94,26.2,26.66,110823
2020-05-29,26.69,26.97,26.41,26.81,124298
2020-06-01,27.05,28.16,27.05,27.81,226339
2020-06-02,27.98,28.24,27.54,28.19,166353
2020-06-03,28.11,28.46,27.76,28.04,147721
2020-06-04,28.41,28.51,27.59,28.07,115350
2020-06-05,27.94,27.96,27.63,27.82,109461
2020-06-08,27.82,28.23,27.63,27.8,135576
2020-06-09,27.84,27.9,26.49,26.82,211694
2020-06-10,26.76,27.06,26.49,27.03,109586
2020-06-11,26.99,27.74,26.84,27.27,138845
2020-06-12,26.68,27.48,26.52,27.06,140309
2020-06-15,27.31,27.68,26.36,26.36,184222
2020-06-16,26.85,26.94,26.44,26.81,154122
2020-06-17,28.2,29.24,27.84,28.15,466558
2020-06-18,28.05,30.55,27.25,29.41,597722
2020-06-19,29.46,29.83,29.13,29.56,246182
2020-06-22,29.91,31.03,29.91,30.04,302609
2020-06-23,30.01,30.37,29.94,30.3,186186
2020-06-24,30.34,30.45,29.59,29.89,219464
2020-06-29,29.71,30.1,29.18,29.51,161807
2020-06-30,29.82,30.98,29.78,30.18,216758
2020-07-01,30.33,31.4,30.06,30.67,283551
2020-07-02,31.04,32.06,30.74,31.73,334497
2020-07-03,31.69,31.69,30.76,31.48,266972
2020-07-06,31.84,33.44,31.62,32.78,395409
2020-07-07,33.69,36.11,33.63,34.62,523062
2020-07-08,34.68,35.41,33.76,34.96,396670
2020-07-09,34.84,37.41,34.62,36.45,455297
2020-07-10,35.91,36.86,35.19,35.38,397721
2020-07-13,35.38,35.86,35.12,35.62,387529
2020-07-14,35.82,35.82,33.47,34.19,487028
2020-07-15,34.3,34.66,32.91,33.12,393117
2020-07-16,33.27,33.68,30.34,30.42,470873
2020-07-17,30.7,31.16,29.74,30.38,384463
2020-07-20,30.92,31.62,30.01,31.6,325610
2020-07-21,31.46,31.74,30.89,31.44,250691
2020-07-22,31.41,32.3,31.13,31.69,267652
2020-07-23,31.33,31.53,30.08,31.07,271374
2020-07-24,31.07,31.86,29.74,29.91,309603
2020-07-27,30.11,30.79,29.84,30.34,186058
2020-07-28,30.69,30.73,29.32,29.65,257881
2020-07-29,29.75,30.72,29.54,30.69,236010
2020-07-30,30.66,30.98,30.29,30.35,157987
2020-07-31,30.35,31.17,30.31,30.76,210337
2020-08-03,30.93,32.19,30.78,32.19,314732
2020-08-04,32.57,32.57,31.74,31.93,225945
2020-08-05,32.69,32.9,31.46,31.75,281773
2020-08-06,31.61,31.75,30.77,31.41,253723
2020-08-07,31.38,31.38,29.7,30.25,281467
2020-08-10,30.19,30.7,30.03,30.41,173490
2020-08-11,30.39,30.54,29.49,29.59,173925
2020-08-12,29.55,29.77,28.45,28.98,216554
2020-08-13,29.19,29.45,28.79,28.81,132942
2020-08-14,28.76,30.29,28.71,30.16,234088
2020-08-17,29.98,30.57,29.69,30.36,210896
2020-08-18,30.59,31.34,30.24,30.41,240586
2020-08-19,30.69,31.72,30.47,31.01,338261
2020-08-20,30.68,31.24,29.88,29.91,223554
2020-08-21,30.2,32.35,29.94,32.04,390758
2020-08-24,32.09,32.1,31.41,31.94,227609
2020-08-25,32.14,32.48,30.84,30.87,411381
2020-08-26,30.9,31.79,30.57,30.92,336634
2020-08-27,31.09,31.28,30.64,31.08,219496
2020-08-28,30.96,31.15,30.31,31.0,261353
2020-08-31,31.29,32.49,31.29,32.39,458599
2020-09-01,32.45,34.47,31.87,34.36,639783
2020-09-02,34.09,34.27,33.47,33.6,365094
2020-09-03,32.39,32.56,31.16,31.63,699749
2020-09-04,30.67,32.07,30.64,31.65,377884
2020-09-07,31.54,31.79,30.02,30.26,408767
2020-09-08,30.35,30.53,29.29,29.79,273254
2020-09-09,29.77,30.39,29.28,29.34,283229
2020-09-10,28.82,29.2,26.59,26.83,582119
2020-09-11,26.66,27.39,25.93,27.35,352140
2020-09-14,27.35,27.51,26.46,26.76,332535
2020-09-15,26.88,27.54,26.69,27.18,278371
2020-09-16,27.16,27.83,26.86,27.51,282100
2020-09-17,27.49,27.69,27.03,27.38,211788
2020-09-18,27.36,28.23,27.3,28.07,331523
2020-09-21,28.02,28.56,27.78,27.89,232838
2020-09-22,27.54,27.83,27.25,27.34,164713
2020-09-23,27.39,27.64,26.79,27.19,192671
2020-09-24,27.04,27.09,25.45,25.47,577173
2020-09-25,25.8,25.98,25.09,25.42,366822
2020-09-28,25.54,25.72,25.24,25.3,193858
2020-09-29,25.42,25.7,25.29,25.35,223827
2020-09-30,25.39,25.49,24.84,25.02,202334
2020-10-09,25.58,25.84,25.25,25.48,338634
2020-10-12,25.65,26.51,25.59,26.51,422612
2020-10-13,26.48,26.6,26.0,26.53,346844
2020-10-14,26.53,26.54,25.72,25.83,326195
2020-10-15,25.85,26.09,25.31,25.4,296875
2020-10-16,25.41,25.56,25.02,25.17,205711
2020-10-19,25.44,25.67,24.43,24.51,421654
2020-10-20,24.43,24.96,24.16,24.87,377303
2020-10-21,25.02,25.06,23.89,24.03,367161
2020-10-22,23.74,23.89,23.39,23.55,387674
2020-10-23,23.58,23.76,23.09,23.17,237620
2020-10-26,23.17,23.57,22.8,23.37,178413
2020-10-27,23.09,23.54,23.09,23.49,159906
2020-10-28,23.49,23.78,22.93,23.59,295982
2020-10-29,23.28,23.28,22.79,22.8,296915
2020-10-30,22.45,22.74,21.45,21.59,703855
2020-11-02,21.74,21.81,20.79,21.45,479190
2020-11-03,21.6,22.35,21.6,21.92,529296
2020-11-04,22.11,22.15,21.7,21.82,235157
2020-11-05,22.14,23.24,21.93,22.94,581449
2020-11-06,22.99,23.53,22.67,23.26,505593
2020-11-09,23.55,24.57,23.55,24.08,601447
2020-11-10,24.04,24.04,23.08,23.21,487298
2020-11-11,22.89,22.91,22.24,22.25,388623
2020-11-12,22.49,22.65,22.14,22.44,256706
2020-11-13,21.96,22.33,20.49,22.05,621377
2020-11-16,21.92,22.91,21.49,22.45,392057
2020-11-17,22.3,22.39,21.82,22.15,224675
2020-11-18,22.15,22.3,21.81,21.82,213485
2020-11-19,21.55,22.02,21.39,21.87,232744
2020-11-20,21.95,22.42,21.8,21.92,250305
2020-11-23,21.99,22.34,21.6,22.15,261797
2020-11-24,22.07,22.49,21.99,22.17,253689
2020-11-25,22.22,22.37,21.76,21.81,264948
2020-11-26,21.81,21.94,21.44,21.52,203407
2020-11-27,21.55,21.74,21.26,21.49,164546
2020-11-30,21.61,21.96,21.45,21.95,239499
2020-12-01,21.84,22.37,21.78,22.27,319329
2020-12-02,22.3,22.94,22.17,22.77,382854
2020-12-03,22.78,22.88,22.41,22.55,239492
2020-12-04,22.49,22.67,22.33,22.66,180219
2020-12-07,22.72,22.78,22.11,22.12,233617
2020-12-08,22.03,22.03,21.59,21.63,257732
2020-12-09,21.62,21.84,21.09,21.09,275833
2020-12-10,20.95,21.21,20.84,20.99,191613
2020-12-11,20.91,20.95,20.0,20.2,415363
2020-12-14,19.94,20.18,19.77,19.97,281205
2020-12-15,19.94,20.65,19.82,20.6,249222
2020-12-16,20.72,20.83,20.32,20.43,173241
2020-12-17,20.33,20.64,20.03,20.57,180597
2020-12-18,20.67,20.79,20.21,20.32,172862
2020-12-21,20.29,20.77,20.1,20.54,193264
2020-12-22,20.45,20.54,19.85,19.9,232135
2020-12-23,19.9,20.07,19.49,19.99,260267
2020-12-24,19.96,20.04,19.49,19.51,192890
2020-12-25,19.58,19.58,19.15,19.19,203736
2020-12-28,19.06,19.06,18.51,18.74,243798
2020-12-29,18.69,20.13,18.69,19.88,440008
2020-12-30,19.59,19.96,19.52,19.7,241613
2020-12-31,19.67,20.15,19.62,20.04,272780
2021-01-04,20.06,20.45,19.89,20.24,290339
2021-01-05,20.06,20.8,19.99,20.74,356073
2021-01-06,20.89,20.93,20.25,20.33,268117
2021-01-07,20.19,20.29,19.44,19.81,308341
2021-01-08,19.77,21.83,19.69,21.83,841496
2021-01-11,22.26,23.42,21.91,23.0,1083234
2021-01-12,22.67,23.44,22.42,23.14,733088
2021-01-13,23.03,23.98,22.79,23.97,812209
2021-01-14,23.92,24.55,23.21,23.61,857667
2021-01-15,23.39,23.46,22.39,22.6,602094
2021-01-18,22.54,24.69,22.4,24.26,767154
2021-01-19,24.28,24.66,23.9,24.34,522416
2021-01-20,24.28,24.28,23.51,23.8,370431
2021-01-21,23.81,24.54,23.29,24.54,521998
2021-01-22,24.24,24.36,22.97,23.26,528136
2021-01-25,22.87,23.35,22.44,22.79,378918
2021-01-26,22.79,23.37,22.26,22.4,335485
2021-01-27,22.42,22.69,21.77,21.87,333367
2021-01-28,21.5,21.74,20.55,20.59,470914
2021-01-29,20.74,20.87,19.76,20.17,365363
2021-02-01,20.47,21.17,20.38,20.83,317231
2021-02-02,20.82,21.33,20.49,21.05,330336
2021-02-03,21.03,21.03,19.9,19.96,395468
2021-02-04,19.98,20.62,19.27,20.57,466694
2021-02-05,20.32,20.61,19.5,19.56,312900
2021-02-08,19.59,20.31,19.35,19.96,242318
2021-02-09,20.02,20.35,19.76,20.24,235533
2021-02-10,20.21,20.67,20.09,20.52,260693
2021-02-18,20.83,21.45,20.69,21.03,352758
2021-02-19,20.99,21.57,20.68,21.51,321368
2021-02-22,21.59,22.04,21.19,21.21,370293
2021-02-23,20.99,21.62,20.71,21.14,289756
2021-02-24,21.16,21.65,20.9,21.5,311098
2021-02-25,21.57,21.63,20.99,21.04,240824
2021-02-26,20.77,21.31,20.71,21.08,233860
2021-03-01,21.1,21.94,21.04,21.92,337769
2021-03-02,21.88,22.02,21.29,21.5,288952
2021-03-03,21.34,21.53,21.1,21.49,197718
2021-03-04,21.28,21.43,20.89,20.97,221571
2021-03-05,20.82,21.15,20.52,20.6,329827
2021-03-08,20.74,20.94,20.11,20.11,261236
2021-03-09,19.94,20.31,19.44,19.79,249819
2021-03-10,19.97,20.05,19.49,19.55,213868
2021-03-11,19.63,20.21,19.54,20.07,206984
2021-03-12,19.9,20.07,19.68,19.79,146426
2021-03-15,19.75,19.75,19.3,19.43,182898
2021-03-16,19.5,19.76,19.5,19.72,139772
2021-03-17,19.65,19.8,19.51,19.7,135757
2021-03-18,19.68,19.74,19.16,19.21,285970
2021-03-19,18.89,19.17,18.79,18.99,167388
2021-03-22,19.01,19.38,18.99,19.27,125581
2021-03-23,19.34,19.42,19.1,19.21,103341
2021-03-24,19.22,19.28,19.01,19.1,116910
2021-03-25,19.19,19.53,19.17,19.33,149844
2021-03-26,19.37,19.54,19.26,19.48,126197
2021-03-29,19.42,19.64,19.36,19.44,130213
2021-03-30,19.49,19.49,19.32,19.4,88401
2021-03-31,19.37,19.53,19.28,19.43,85936
2021-04-01,19.44,19.66,19.35,19.5,107757
2021-04-02,19.49,19.81,19.37,19.8,168461
2021-04-06,19.81,19.88,19.62,19.71,112298
2021-04-07,19.71,19.71,19.37,19.41,142417
2021-04-08,19.3,19.47,19.29,19.3,95352
2021-04-09,19.29,19.35,19.03,19.08,120673
2021-04-12,19.04,19.53,19.0,19.26,163192
2021-04-13,19.29,19.31,19.01,19.06,92424
2021-04-14,19.04,19.18,18.94,19.12,85996
2021-04-15,19.04,19.09,18.56,18.73,162002
2021-04-16,18.74,18.99,18.68,18.94,97686
2021-04-19,18.97,19.45,18.91,19.42,179273
2021-04-20,19.29,19.38,19.07,19.08,148915
2021-04-21,19.06,19.06,18.76,18.78,150334
2021-04-22,18.59,18.59,17.66,17.75,553955
2021-04-23,17.75,17.9,17.59,17.89,154292
2021-04-26,17.89,17.91,17.64,17.69,187541
2021-04-27,17.6,17.68,17.11,17.21,229726
2021-04-28,17.19,17.34,16.97,17.33,130716
2021-04-29,17.31,18.49,17.26,18.24,322043
2021-04-30,17.97,18.05,17.75,17.86,169499
2021-05-06,17.78,18.01,17.67,17.7,117620
2021-05-07,17.7,17.86,17.4,17.42,126463
2021-05-10,17.42,17.78,17.2,17.76,117146
2021-05-11,17.59,17.94,17.59,17.69,116802
2021-05-12,17.63,17.82,17.6,17.81,110696
2021-05-13,17.74,17.94,17.65,17.84,126627
2021-05-14,17.86,18.11,17.79,18.08,159894
2021-05-17,18.21,18.55,18.12,18.17,197684
2021-05-18,18.12,18.37,18.0,18.22,122917
2021-05-19,18.1,18.41,18.04,18.29,112075
2021-05-20,18.2,18.28,17.88,17.94,153037
2021-05-21,17.94,18.09,17.59,17.59,143973
2021-05-24,17.59,18.27,17.47,18.21,272453
2021-05-25,18.09,18.37,18.05,18.27,263377
2021-05-26,18.34,18.73,18.22,18.27,262680
2021-05-27,18.22,18.74,18.2,18.74,280288
2021-05-28,18.67,18.68,18.29,18.44,206678
2021-05-31,18.46,19.84,18.46,19.75,625189
2021-06-01,19.79,21.72,19.72,21.46,915448
2021-06-02,21.39,21.72,20.92,21.11,488465
2021-06-03,21.08,22.67,20.99,22.2,833127
2021-06-04,21.99,23.14,21.91,22.35,532700
2021-06-07,22.19,22.8,22.01,22.07,365614
2021-06-08,22.28,23.09,22.2,22.61,509199
2021-06-09,22.54,23.03,21.75,21.92,459517
2021-06-10,22.12,22.21,21.64,22.05,374174
2021-06-11,22.06,22.17,21.31,21.35,410624
2021-06-15,21.78,22.06,21.29,21.65,343621
2021-06-16,21.7,21.88,20.97,21.28,272584
2021-06-17,21.43,22.57,21.2,22.24,426260
2021-06-18,22.38,22.41,21.47,21.74,294396
2021-06-21,21.74,21.79,21.33,21.63,304333
2021-06-22,21.69,21.85,21.33,21.55,241197
2021-06-23,21.45,22.11,21.24,21.99,317837
2021-06-24,21.98,21.98,20.59,20.7,434665
2021-06-25,20.74,21.49,20.72,21.06,261664
2021-06-28,21.08,21.74,20.91,21.61,306410
2021-06-29,21.61,21.61,20.28,20.43,528963
2021-06-30,20.44,21.62,20.39,21.57,521900
2021-07-01,21.68,22.69,21.6,21.86,561754
2021-07-02,21.89,21.95,21.03,21.44,282908
2021-07-05,21.45,22.6,21.45,22.5,499496
2021-07-06,22.68,22.94,22.2,22.69,428592
2021-07-07,22.39,23.01,22.04,22.85,421932
2021-07-08,22.92,23.27,22.49,23.09,455647
2021-07-09,23.0,23.06,22.36,22.7,440920
2021-07-12,21.59,25.0,21.22,25.0,1243114
2021-07-13,25.19,25.39,24.14,25.02,940710
2021-07-14,25.66,26.63,24.06,24.19,1067742
2021-07-15,23.6,24.5,23.21,24.18,527486
2021-07-16,23.99,26.54,23.99,25.49,764822
2021-07-19,26.09,28.07,25.87,27.36,1188292
2021-07-20,27.25,27.95,26.54,27.43,822393
2021-07-21,27.21,28.21,26.62,27.73,767242
2021-07-22,27.73,28.94,27.19,27.77,716184
2021-07-23,27.56,27.82,26.71,26.77,596909
2021-07-26,26.83,27.68,26.29,27.01,503745
2021-07-27,26.83,28.74,26.79,27.69,845670
2021-07-28,27.25,28.1,25.15,26.31,744061
2021-07-29,26.94,27.56,26.17,26.39,605894
2021-07-30,26.4,26.83,25.76,26.05,491739
2021-08-02,26.29,28.24,26.29,27.97,823084
2021-08-03,28.17,28.66,27.39,27.84,569963
2021-08-04,27.59,28.14,27.58,27.87,421924
2021-08-05,28.0,28.0,26.69,26.81,445807
2021-08-06,27.04,29.52,27.04,29.52,1031412
2021-08-09,30.08,30.84,29.27,29.99,903358
2021-08-10,29.58,29.99,29.27,29.69,449307
2021-08-11,29.69,29.69,28.32,28.57,561456
2021-08-12,28.44,28.98,27.91,28.09,414717
2021-08-13,27.99,28.13,25.25,25.25,1272929
2021-08-16,25.18,26.07,24.29,25.64,568047
2021-08-17,25.71,25.84,24.94,25.02,336945
2021-08-18,25.28,25.39,23.98,24.57,430681
2021-08-19,24.76,25.06,24.39,24.71,286648
2021-08-20,24.71,25.76,24.31,25.3,316112
2021-08-23,25.32,25.91,24.95,25.65,301104
2021-08-24,25.42,25.64,24.73,25.4,361371
2021-08-25,25.4,25.63,24.61,24.81,290658
2021-08-26,24.59,24.77,23.65,23.71,444402
2021-08-27,23.64,24.06,23.41,23.89,261955
2021-08-30,24.69,25.08,23.79,24.0,491644
2021-08-31,24.26,24.26,22.89,23.44,376579
2021-09-01,23.5,23.67,22.69,23.42,275079
2021-09-02,23.29,23.63,22.86,23.24,259905
2021-09-03,23.47,24.19,23.35,23.57,319780
2021-09-06,23.47,23.9,22.91,23.83,224004
2021-09-07,24.0,24.52,23.84,24.08,230236
2021-09-08,24.0,25.24,23.89,25.15,355654
2021-09-09,25.19,25.39,24.93,25.1,280229
2021-09-10,25.1,25.45,24.99,25.35,216749
2021-09-13,25.38,25.38,23.49,24.47,425950
2021-09-14,24.34,24.71,23.75,23.83,270081
2021-09-15,23.74,23.92,23.44,23.7,269016
2021-09-16,23.69,24.65,23.57,24.36,343126
2021-09-17,24.04,24.58,23.59,24.48,197562
2021-09-22,24.15,24.92,24.11,24.48,155677
2021-09-23,24.59,25.26,24.31,25.15,358243
2021-09-24,25.14,25.32,24.89,25.09,188102
2021-09-27,25.18,25.59,23.87,24.71,296013
2021-09-28,24.51,24.94,24.19,24.23,150525
2021-09-29,23.99,24.14,23.2,23.23,207147
2021-09-30,23.34,25.08,23.34,24.63,346506
2021-10-08,25.18,25.32,24.3,24.55,168855
2021-10-11,24.55,24.77,24.31,24.5,146864
2021-10-12,24.41,24.41,23.74,23.99,131967
2021-10-13,24.04,24.96,23.97,24.81,202991
2021-10-14,24.7,26.67,24.64,26.5,497244
2021-10-15,26.5,26.68,25.94,26.3,262285
2021-10-18,26.15,26.64,25.77,26.63,250592
2021-10-19,26.64,26.79,26.14,26.47,237190
2021-10-20,26.47,27.67,26.25,26.77,307530
2021-10-21,26.51,27.48,26.48,27.3,278836
2021-10-22,27.3,27.6,26.9,27.36,218330
2021-10-25,27.33,27.63,26.6,27.32,226550
2021-10-26,27.44,27.5,26.79,26.89,236080
2021-10-27,26.89,27.11,26.07,26.36,266107
2021-10-28,26.47,26.83,25.77,25.97,179976
2021-10-29,26.29,28.18,26.29,27.41,432662
2021-11-01,27.56,29.61,27.56,27.94,613730
2021-11-02,27.79,28.26,27.11,27.44,329604
2021-11-03,27.69,28.06,26.89,27.19,210973
2021-11-04,27.19,27.53,27.07,27.39,193005
2021-11-05,27.32,28.51,27.13,27.68,331400
2021-11-08,27.81,27.81,26.89,27.06,210100
2021-11-09,27.07,27.36,26.49,27.06,235968
2021-11-10,27.06,27.21,26.34,26.47,247588
2021-11-11,26.33,26.84,26.06,26.58,223852
2021-11-12,26.54,26.78,25.89,26.12,242336
2021-11-15,26.27,27.47,26.01,26.27,301983
2021-11-16,26.24,27.25,25.71,25.82,345247
2021-11-17,25.69,27.8,25.53,27.22,519544
2021-11-18,26.89,27.86,26.61,26.88,418504
2021-11-19,26.79,26.82,25.95,26.65,406499
2021-11-22,26.51,27.07,26.32,26.92,304986
2021-11-23,26.88,27.35,26.61,27.06,261430
2021-11-24,26.9,27.79,26.79,27.31,302887
2021-11-25,26.19,26.19,24.55,24.82,1010098
2021-11-26,24.74,25.34,24.7,25.08,419652
2021-11-29,25.07,25.98,24.82,25.17,352384
2021-11-30,25.17,25.98,25.01,25.55,308502
2021-12-01,25.39,26.1,25.34,25.8,272620
2021-12-02,25.93,26.25,25.59,25.64,176441
2021-12-03,25.54,25.87,25.24,25.36,195773
2021-12-06,25.41,25.62,25.19,25.31,193878
2021-12-07,25.34,26.12,24.94,25.35,278161
2021-12-08,25.27,25.51,25.16,25.47,175304
2021-12-09,25.33,25.87,25.26,25.64,267424
2021-12-10,25.59,25.69,25.01,25.24,254438
2021-12-13,25.61,25.83,23.69,24.1,790562
2021-12-14,24.03,24.29,23.33,23.54,512111
2021-12-15,23.51,23.82,23.41,23.52,257747
2021-12-16,22.69,22.69,21.19,21.9,1194486
2021-12-17,21.68,21.91,21.25,21.37,473727
2021-12-20,21.39,21.44,20.35,20.49,448146
2021-12-21,20.42,21.24,20.39,21.08,327007
2021-12-22,21.12,21.47,21.02,21.27,310889
2021-12-23,21.32,21.4,21.04,21.19,209537
2021-12-24,21.19,21.45,21.12,21.29,224259
2021-12-27,21.26,21.71,21.19,21.58,280115
2021-12-28,21.63,21.84,21.53,21.65,223167
2021-12-29,21.72,22.09,21.4,21.97,284128
2021-12-30,22.09,23.34,21.87,22.64,628502
2021-12-31,22.49,22.95,22.33,22.54,298097
2022-01-04,22.54,22.67,22.24,22.53,295765
2022-01-05,22.47,22.72,22.09,22.5,231092
2022-01-06,22.39,22.59,21.99,22.14,302758
2022-01-07,22.17,22.51,21.79,21.92,187724
2022-01-10,21.8,22.69,21.55,22.54,361808
2022-01-11,22.42,23.03,22.35,22.78,344865
2022-01-12,22.49,22.87,22.44,22.66,240403
2022-01-13,22.79,22.99,22.37,22.38,164700
2022-01-14,22.29,22.55,22.09,22.25,167614
2022-01-17,22.65,24.17,22.52,24.06,653714
2022-01-18,24.67,26.02,24.19,24.39,784512
2022-01-19,24.24,25.04,24.01,24.25,381216
2022-01-20,24.18,24.64,23.95,24.39,352351
2022-01-21,24.34,24.49,23.64,23.75,287670
2022-01-24,23.75,24.03,23.34,23.57,219859
2022-01-25,23.54,23.61,22.18,22.21,308420
2022-01-26,22.19,22.76,21.62,22.08,251490
2022-01-27,22.11,22.2,20.87,20.96,273092
2022-01-28,21.19,21.47,20.65,20.76,234490
2022-02-07,21.37,21.45,20.42,20.53,271155
2022-02-08,20.49,21.01,20.17,20.99,205808
2022-02-09,20.99,21.8,20.87,21.72,238897
2022-02-10,21.62,21.69,21.29,21.43,176300
2022-02-11,21.29,21.56,20.65,20.77,240221
2022-02-14,20.59,20.62,19.79,20.1,215101
2022-02-15,20.1,20.52,20.05,20.34,228297
2022-02-16,20.69,20.77,20.31,20.41,203197
2022-02-17,20.27,20.37,19.95,20.04,174990
2022-02-18,20.71,21.42,20.59,21.22,571158
2022-02-21,22.1,22.67,21.93,22.19,748570
2022-02-22,21.9,22.19,21.47,21.54,403881
2022-02-23,21.72,21.94,21.41,21.92,318837
2022-02-24,21.69,21.88,20.7,21.05,409776
2022-02-25,21.19,21.38,20.97,21.04,208089
2022-02-28,20.86,21.73,20.62,21.68,307805
2022-03-01,21.69,21.87,21.41,21.72,239375
2022-03-02,21.52,22.19,21.46,21.91,231571
2022-03-03,21.91,21.97,21.47,21.58,188805
2022-03-04,21.43,21.82,21.26,21.37,184457
2022-03-07,21.24,21.24,20.39,20.63,266906
2022-03-08,20.67,20.81,19.88,20.2,224508
2022-03-09,20.33,20.45,18.69,19.75,297972
2022-03-10,20.27,20.34,19.88,19.89,151188
2022-03-11,19.59,20.14,19.28,20.07,159985
2022-03-14,19.81,20.29,19.59,19.6,163088
2022-03-15,19.5,19.58,18.34,18.36,270297
2022-03-16,18.84,19.38,18.25,19.27,256104
2022-03-17,19.59,20.04,19.45,19.54,234187
2022-03-18,19.53,19.63,19.39,19.55,152205
2022-03-21,19.51,19.65,19.14,19.36,171557
2022-03-22,19.35,19.79,19.09,19.47,163105
2022-03-23,19.49,20.25,19.29,19.84,240998
2022-03-24,19.71,19.84,19.32,19.43,162414
2022-03-25,19.47,19.62,19.13,19.15,110699
2022-03-28,18.99,19.01,18.34,18.59,221474
2022-03-29,18.66,18.94,18.34,18.4,163827
2022-03-30,18.52,18.83,18.45,18.8,143810
2022-03-31,18.74,19.28,18.52,19.24,169251
2022-04-01,18.86,19.27,18.62,19.09,187941
2022-04-06,19.09,19.11,18.75,18.81,162504
2022-04-07,18.74,18.74,18.19,18.2,190239
2022-04-08,18.19,18.26,17.67,18.14,161846
2022-04-11,18.06,18.07,17.11,17.35,219583
2022-04-12,17.12,17.73,17.12,17.67,121288
2022-04-13,17.58,17.67,17.28,17.4,90636
2022-04-14,17.51,17.67,17.17,17.38,173103
2022-04-15,17.19,17.35,16.85,17.19,158916
2022-04-18,17.09,17.22,16.74,17.19,103885
2022-04-19,17.28,17.69,17.2,17.3,133252
2022-04-20,16.89,17.41,16.77,17.09,135971
2022-04-21,16.85,17.12,16.25,16.49,164270
2022-04-22,16.29,16.76,15.97,16.58,133352
2022-04-25,16.29,16.32,14.99,15.02,251137
2022-04-26,15.05,15.22,14.09,14.19,296348
2022-04-27,14.08,15.46,13.91,15.28,294620
2022-04-28,15.14,15.65,15.08,15.45,195745
2022-04-29,16.29,16.89,15.79,16.69,370248
2022-05-05,16.59,17.82,16.47,17.46,293822
2022-05-06,16.99,18.09,16.74,17.19,233291
2022-05-09,17.04,17.75,17.0,17.51,150716
2022-05-10,17.2,17.81,17.1,17.78,179734
2022-05-11,17.76,18.31,17.7,17.88,236995
2022-05-12,17.63,18.15,17.62,17.82,165947
2022-05-13,17.83,18.13,17.5,17.62,160288
2022-05-16,17.97,17.97,17.33,17.38,142866
2022-05-17,17.39,17.57,17.26,17.54,112941
2022-05-18,17.8,18.14,17.39,17.45,205317
2022-05-19,17.09,17.38,17.01,17.35,134451
2022-05-20,17.36,17.62,17.32,17.46,116710
2022-05-23,17.57,17.58,17.24,17.41,118785
2022-05-24,17.41,17.47,16.43,16.44,195930
2022-05-25,16.65,16.78,16.51,16.67,124310
2022-05-26,16.71,17.19,16.38,16.97,165782
2022-05-27,17.17,17.37,16.93,17.07,141341
2022-05-30,17.07,17.14,16.79,16.92,118032
2022-05-31,16.94,17.6,16.63,17.49,237314
2022-06-01,17.42,17.62,17.08,17.19,181604
2022-06-02,17.03,17.55,16.99,17.5,181814
2022-06-06,17.5,17.93,17.47,17.9,196696
2022-06-07,17.8,17.9,17.49,17.79,156846
2022-06-08,17.74,18.12,17.55,17.88,241415
2022-06-09,17.79,17.8,17.26,17.38,158854
2022-06-10,17.34,17.67,17.21,17.62,160337
2022-06-13,17.58,17.68,17.41,17.64,146430
2022-06-14,17.44,17.46,16.73,17.37,221197
2022-06-15,17.49,19.14,17.47,19.14,664006
2022-06-16,19.69,19.69,18.64,18.74,694192
2022-06-17,18.44,18.8,18.18,18.64,350164
2022-06-20,18.68,18.99,18.57,18.86,316700
2022-06-21,18.84,18.84,18.22,18.43,251118
2022-06-22,18.5,18.56,17.94,18.22,233487
2022-06-23,18.19,18.71,18.04,18.63,273477
2022-06-24,18.69,18.91,18.4,18.54,252974
2022-06-27,18.51,18.74,18.4,18.59,224264
2022-06-28,18.57,18.96,18.44,18.93,301848
2022-06-29,18.84,20.19,18.79,19.83,605615
2022-06-30,18.48,19.35,18.48,19.09,522630
2022-07-01,19.07,20.52,18.99,19.83,540165
2022-07-04,19.92,20.2,19.59,19.81,315872
2022-07-05,19.81,19.89,19.08,19.39,281138
2022-07-06,19.22,19.64,19.1,19.39,224270
2022-07-07,19.39,19.56,19.27,19.35,175787
2022-07-08,19.36,19.6,19.07,19.21,191801
2022-07-11,19.1,19.17,18.5,18.59,197992
2022-07-12,18.76,19.56,18.58,19.37,320997
2022-07-13,19.26,19.35,19.02,19.34,171228
2022-07-14,19.54,19.99,19.4,19.62,282744
2022-07-15,19.61,19.78,19.21,19.3,181829
2022-07-18,19.21,19.65,19.09,19.63,144605
2022-07-19,19.69,20.13,19.54,19.89,219743
2022-07-20,19.99,20.1,19.72,19.85,129227
2022-07-21,19.69,20.04,19.58,19.58,158814
2022-07-22,19.59,19.74,19.17,19.29,150023
2022-07-25,19.29,19.44,18.84,19.03,117534
2022-07-26,19.02,19.19,18.94,19.1,98450
2022-07-27,19.1,19.17,18.7,18.77,125405
2022-07-28,18.83,19.34,18.82,18.91,144047
2022-07-29,18.84,19.09,18.17,18.26,220004
2022-08-01,18.13,18.49,17.71,18.39,154667
2022-08-02,18.17,18.17,17.17,17.69,289462
2022-08-03,17.59,18.25,17.57,17.84,211381
2022-08-04,17.91,18.26,17.91,18.11,109909
2022-08-05,18.15,18.93,18.13,18.85,232509
2022-08-08,18.88,19.07,18.63,18.91,191273
2022-08-09,18.86,18.98,18.56,18.73,117662
2022-08-10,18.82,18.88,18.5,18.59,115257
2022-08-11,18.78,18.97,18.68,18.92,130021
2022-08-12,18.91,18.93,18.69,18.74,112412
2022-08-15,18.64,18.69,18.39,18.59,108571
2022-08-16,18.64,18.68,18.22,18.29,147882
2022-08-17,18.26,18.42,17.94,18.35,160475
2022-08-18,18.29,18.37,17.91,18.08,150643
2022-08-19,18.17,18.72,18.02,18.17,213340
2022-08-22,18.18,18.58,17.8,18.08,227267
2022-08-23,18.01,18.1,17.8,17.85,155746
2022-08-24,17.86,17.94,17.27,17.3,207147
2022-08-25,17.4,17.43,16.99,17.33,146117
2022-08-26,17.43,17.5,17.14,17.28,112049
2022-08-29,16.99,17.29,16.89,17.25,97138
2022-08-30,17.24,17.39,17.03,17.2,91449
2022-08-31,17.09,17.26,16.96,17.09,113931
2022-09-01,17.07,17.38,16.98,17.04,103544
2022-09-02,17.0,17.18,16.95,17.1,76486
2022-09-05,17.05,17.12,16.67,16.83,128687
2022-09-06,16.89,16.96,16.77,16.89,113559
2022-09-07,16.86,16.97,16.75,16.92,105445
2022-09-08,16.97,17.06,16.77,16.78,105189
2022-09-09,16.77,16.98,16.67,16.91,92555
2022-09-13,16.96,17.19,16.94,17.08,123703
2022-09-14,16.81,16.94,16.76,16.87,87884
2022-09-15,16.92,16.99,16.39,16.67,129282
2022-09-16,16.61,16.81,16.4,16.49,100784
2022-09-19,16.5,16.5,15.79,15.98,128064
2022-09-20,16.05,16.51,16.05,16.12,88253
2022-09-21,16.11,16.61,15.79,16.5,108798
2022-09-22,16.39,16.67,16.32,16.4,77951
2022-09-23,16.4,16.54,15.99,16.34,80911
2022-09-26,16.17,16.27,15.9,15.94,73515
2022-09-27,15.95,16.2,15.92,16.2,64109
2022-09-28,16.13,16.21,15.68,15.72,75091
2022-09-29,15.9,16.04,15.5,15.66,85087
2022-09-30,15.67,15.87,15.62,15.65,63972
2022-10-10,15.58,15.58,14.93,14.96,118263
2022-10-11,14.96,15.25,14.91,15.18,69000
2022-10-12,15.22,15.78,15.07,15.77,100453
2022-10-13,15.77,16.17,15.63,15.97,97628
2022-10-14,16.03,16.22,16.02,16.07,95895
2022-10-17,16.08,16.62,16.0,16.55,139318
2022-10-18,16.51,16.56,16.3,16.37,84453
2022-10-19,16.31,16.43,16.1,16.24,95013
2022-10-20,16.24,16.61,16.1,16.38,109396
2022-10-21,16.42,16.47,16.17,16.21,75148
2022-10-24,16.36,16.65,15.88,15.93,110435
2022-10-25,15.89,16.09,15.56,15.72,92751
2022-10-26,15.79,16.62,15.77,16.56,205920
2022-10-27,16.58,16.98,16.46,16.64,172027
2022-10-28,16.47,16.75,16.12,16.19,148421
2022-10-31,16.31,17.22,16.22,16.94,344151
2022-11-01,16.89,17.19,16.74,17.09,270042
2022-11-02,17.07,17.13,16.86,17.02,197592
2022-11-03,16.87,16.97,16.52,16.75,211185
2022-11-04,16.69,17.07,16.59,17.03,207925
2022-11-07,17.04,17.28,16.83,16.99,198496
2022-11-08,16.97,17.15,16.83,17.09,163170
2022-11-09,17.08,17.17,16.91,16.99,106851
2022-11-10,16.92,17.11,16.86,17.04,136645
2022-11-11,17.32,17.46,17.01,17.42,296189
2022-11-14,17.33,17.98,17.29,17.97,315465
2022-11-15,17.79,18.27,17.7,18.18,261859
2022-11-16,18.09,18.29,17.98,18.09,143811
2022-11-17,18.1,18.47,18.05,18.39,182884
2022-11-18,18.43,19.31,18.29,19.16,488980
2022-11-21,18.77,19.23,18.65,19.23,272250
2022-11-22,19.02,19.49,18.85,19.04,188456
2022-11-23,18.94,19.09,18.48,18.69,264340
2022-11-24,18.67,18.82,18.38,18.65,140936
2022-11-25,18.5,18.67,18.41,18.6,84914
2022-11-28,18.24,18.92,18.2,18.73,109418
2022-11-29,18.74,18.9,18.49,18.78,135013
2022-11-30,18.81,18.84,18.53,18.67,89713
2022-12-01,18.84,19.43,18.74,19.26,210637
2022-12-02,19.23,19.63,19.1,19.26,167163
2022-12-05,19.27,19.74,19.24,19.65,193010
2022-12-06,19.5,19.75,19.41,19.44,127063
2022-12-07,19.39,19.56,19.09,19.56,121009
2022-12-08,19.49,19.56,19.17,19.22,115316
2022-12-09,19.21,19.54,19.04,19.49,197064
2022-12-12,19.48,20.1,19.32,19.87,248845
2022-12-13,19.79,20.01,19.64,19.67,107602
2022-12-14,19.73,19.92,19.63,19.72,93883
2022-12-15,19.69,20.06,19.56,19.63,88785
2022-12-16,19.42,19.49,19.15,19.49,109405
2022-12-19,19.31,19.53,18.93,19.03,96466
2022-12-20,19.21,19.25,18.56,18.72,110367
2022-12-21,18.82,18.91,18.39,18.61,86353
2022-12-22,18.89,18.9,18.58,18.65,63324
2022-12-23,18.68,19.07,18.49,18.76,70966
2022-12-26,18.97,18.97,18.69,18.89,63624
2022-12-27,18.9,18.94,18.54,18.9,79372
2022-12-28,18.84,18.93,18.67,18.77,48702
2022-12-29,18.7,19.27,18.61,19.11,132905
2022-12-30,19.2,19.42,19.06,19.3,104702
2023-01-03,19.31,20.27,19.23,20.16,231063
2023-01-04,22.2,22.2,22.2,22.2,226052
2023-01-05,22.89,24.44,22.68,24.44,1895564
2023-01-06,23.77,23.95,22.97,23.25,1027391
2023-01-09,23.4,23.72,22.79,23.19,467712
2023-01-10,23.09,23.36,22.37,22.66,502979
2023-01-11,22.66,23.57,22.63,22.95,436768
2023-01-12,22.95,23.56,22.51,23.08,393232
2023-01-13,23.15,23.47,23.02,23.39,247612
2023-01-16,23.09,24.14,23.09,23.52,332208
2023-01-17,23.39,24.17,23.29,23.85,243645
2023-01-18,23.59,23.99,23.4,23.66,212114
2023-01-19,23.56,23.77,23.38,23.64,246756
2023-01-20,23.58,24.1,23.24,23.55,343130
2023-01-30,23.61,23.92,22.84,23.16,453792
2023-01-31,23.16,23.33,22.67,22.79,220644
2023-02-01,22.87,23.18,22.71,23.09,245850
2023-02-02,23.11,23.36,22.54,22.64,296787
2023-02-03,22.63,22.95,22.41,22.91,250052
2023-02-06,23.18,23.27,22.45,22.59,303011
2023-02-07,22.54,23.34,22.39,23.14,354559
2023-02-08,23.17,23.87,22.56,22.73,415604
2023-02-09,22.49,24.26,22.44,23.79,557746
2023-02-10,23.86,24.69,22.99,23.2,732827
2023-02-13,23.2,25.39,22.88,24.99,912905
2023-02-14,25.3,25.36,23.73,24.2,617608
2023-02-15,24.24,25.57,23.94,25.21,725738
2023-02-16,24.9,26.05,24.18,24.39,919704
2023-02-17,24.41,24.54,22.67,22.67,737822
2023-02-20,22.58,24.03,22.58,23.91,510611
2023-02-21,24.2,25.06,23.86,24.3,657535
2023-02-22,24.1,24.41,23.63,24.09,318437
2023-02-23,23.94,24.09,22.87,22.99,603174
2023-02-24,23.02,23.84,22.91,23.44,516061
2023-02-27,23.34,24.86,23.21,24.27,747765
2023-02-28,25.31,25.89,24.7,25.19,875269
2023-03-01,25.24,26.97,25.09,26.78,1131699
2023-03-02,26.3,26.85,26.24,26.36,533332
2023-03-03,25.39,25.88,24.81,25.62,579766
2023-03-06,25.64,26.26,25.4,25.79,424465
2023-03-07,25.76,25.76,24.62,24.65,504700
2023-03-08,24.77,25.02,24.45,24.89,329210
2023-03-09,24.79,27.4,24.61,27.4,858338
2023-03-10,26.97,27.85,26.68,27.2,918714
2023-03-13,26.73,28.02,26.34,27.77,849166
2023-03-14,27.29,27.49,26.34,27.07,667436
2023-03-15,27.17,27.31,26.5,26.58,348698
2023-03-16,26.58,26.98,26.17,26.43,356864
2023-03-17,26.58,27.77,26.49,27.23,671298
2023-03-20,27.29,28.88,27.24,27.84,962881
2023-03-21,27.6,28.59,27.15,27.74,527123
2023-03-22,27.59,29.29,27.59,29.17,839255
2023-03-23,29.06,31.39,28.89,31.05,1063825
2023-03-24,30.77,31.76,30.49,31.42,663816
2023-03-27,31.09,31.41,29.63,30.35,720057
2023-03-28,30.14,30.59,29.21,29.9,488985
2023-03-29,29.72,31.13,29.39,30.23,535315
2023-03-30,29.79,30.05,28.39,28.77,689219
2023-03-31,28.69,29.25,27.99,29.08,459714
2023-04-03,30.99,32.01,30.99,32.01,1164954
2023-04-04,32.29,35.07,32.23,34.22,1416763
2023-04-06,33.89,35.34,32.89,33.59,775842
2023-04-07,34.19,34.86,33.8,33.95,618995
2023-04-10,34.22,34.62,30.8,30.99,840457
2023-04-11,31.0,31.44,30.1,31.31,798267
2023-04-12,31.59,33.85,30.81,33.19,995997
2023-04-13,32.49,32.56,29.99,30.43,1064014
2023-04-14,30.56,30.94,29.82,30.53,708730
2023-04-17,30.81,31.79,29.93,31.35,871855
2023-04-18,31.05,32.89,30.12,32.5,1175428
2023-04-19,32.29,33.79,31.7,31.74,1331132
2023-04-20,32.09,34.05,32.08,34.05,1217337
2023-04-21,33.79,33.89,31.75,32.29,947462
2023-04-24,32.49,33.79,31.78,33.07,787709
2023-04-25,32.7,33.2,31.15,32.19,772499
2023-04-26,32.04,32.14,28.95,28.95,1102881
2023-04-27,28.26,28.98,27.29,27.6,1107285
2023-04-28,27.8,29.69,27.8,29.42,726037
2023-05-04,28.96,29.47,28.23,28.71,436386
2023-05-05,28.27,28.88,27.49,27.7,648166
2023-05-08,28.04,29.19,27.06,28.89,582073
2023-05-09,29.83,30.35,28.43,28.46,665478
2023-05-10,28.29,28.88,27.17,27.62,533445
2023-05-11,27.6,27.68,26.77,26.87,430730
2023-05-12,26.87,27.13,26.36,26.41,426634
2023-05-15,26.49,26.95,25.45,26.95,579265
2023-05-16,26.95,27.27,26.5,26.71,338195
2023-05-17,26.44,27.53,26.37,27.24,445694
2023-05-18,27.2,28.81,27.17,28.32,658209
2023-05-19,28.19,28.83,27.8,28.07,375035
2023-05-22,27.99,28.44,27.29,27.86,276080
2023-05-23,27.86,27.86,27.09,27.21,269414
2023-05-24,27.21,27.59,26.61,27.1,289466
2023-05-25,28.13,29.44,28.0,28.81,726516
2023-05-26,28.77,29.4,28.37,29.17,518175
2023-05-29,30.64,31.59,30.07,30.26,1093273
2023-05-30,30.09,31.69,29.58,31.35,859074
2023-05-31,31.1,32.72,30.96,32.41,896395
2023-06-01,32.28,33.54,31.94,32.24,708182
2023-06-02,32.6,32.79,31.64,31.74,489864
2023-06-05,31.7,32.43,31.59,31.95,381318
2023-06-06,31.94,32.09,30.7,30.87,409473
2023-06-07,31.0,31.45,30.6,30.92,290567
2023-06-08,30.77,31.03,30.06,30.79,314027
2023-06-09,31.45,32.83,30.49,32.78,859444
2023-06-12,32.62,33.51,32.37,32.5,574712
2023-06-13,32.29,33.74,31.46,33.19,755306
2023-06-14,33.57,34.47,32.91,34.19,845833
2023-06-15,34.2,34.97,33.59,33.85,632037
2023-06-16,33.45,35.28,33.37,35.06,736321
2023-06-19,35.29,36.78,34.26,36.53,952015
2023-06-20,35.81,36.99,34.75,36.59,905167
2023-06-21,35.99,38.57,35.19,36.56,1168293
2023-06-26,36.19,37.4,34.69,34.81,961850
2023-06-27,35.09,35.29,34.04,34.73,562535
2023-06-28,33.72,33.72,31.24,31.24,812438
2023-06-29,30.69,31.69,29.98,31.16,803530
2023-06-30,30.87,31.99,30.56,31.64,632805
2023-07-03,31.64,31.78,29.7,31.59,701403
2023-07-04,31.2,31.73,30.75,31.37,389651
2023-07-05,31.29,31.48,30.67,30.79,307754
2023-07-06,30.69,32.07,30.57,31.29,456969
2023-07-07,31.07,31.23,29.49,30.4,537232
2023-07-10,30.44,30.59,29.53,29.93,363079
2023-07-11,29.86,30.78,29.78,30.34,309037
2023-07-12,29.79,30.25,28.35,28.54,732419
2023-07-13,28.8,29.3,28.27,28.48,613024
2023-07-14,28.62,30.29,28.44,29.67,699315
2023-07-17,29.45,30.34,29.15,29.6,499020
2023-07-18,29.71,29.84,28.86,28.93,398018
2023-07-19,29.07,29.29,28.32,28.48,391653
2023-07-20,28.49,28.56,27.15,27.36,544463
2023-07-21,27.25,27.49,26.91,27.12,289816
2023-07-24,27.11,28.79,27.08,28.04,518009
2023-07-25,28.36,28.69,27.59,28.25,491643
2023-07-26,28.17,28.17,27.25,27.51,306486
2023-07-27,27.48,27.56,26.94,27.12,282874
2023-07-28,27.14,27.28,26.7,26.73,435957
2023-07-31,26.69,27.65,26.31,27.07,425119
2023-08-01,26.99,27.77,26.68,27.47,362014
2023-08-02,27.33,27.6,27.17,27.47,217023
2023-08-03,27.2,27.64,27.0,27.29,249976
2023-08-04,27.18,28.88,27.17,28.63,639473
2023-08-07,28.77,29.47,28.19,28.21,563118
2023-08-08,28.52,28.61,28.04,28.04,229931
2023-08-09,27.98,28.34,26.9,27.05,384071
2023-08-10,26.98,27.15,26.74,27.06,243378
2023-08-11,27.19,27.39,26.17,26.23,281982
2023-08-14,25.72,26.91,25.66,26.83,240925
2023-08-15,26.89,27.15,25.96,26.25,240742
2023-08-16,26.2,26.44,25.59,25.65,253411
2023-08-17,25.47,26.06,25.3,25.79,241486
2023-08-18,25.7,26.11,25.02,25.03,258063
2023-08-21,25.18,25.8,24.91,25.38,243121
2023-08-22,25.79,26.16,25.23,26.05,345898
2023-08-23,25.79,25.79,25.0,25.09,281071
2023-08-24,25.59,25.78,25.13,25.38,288331
2023-08-25,24.87,24.95,24.04,24.21,486904
2023-08-28,25.51,25.94,25.1,25.28,537171
2023-08-29,25.27,26.58,24.87,26.42,596533
2023-08-30,26.34,27.49,26.29,26.9,495708
2023-08-31,26.79,27.08,26.5,26.72,239175
2023-09-01,26.75,26.89,25.94,26.18,232814
2023-09-04,26.48,26.76,26.07,26.66,328274
2023-09-05,26.59,26.69,25.97,26.04,236343
2023-09-06,25.99,26.1,25.38,25.89,216980
2023-09-07,25.86,25.86,25.0,25.0,252946
2023-09-08,24.85,25.13,24.58,24.74,182006
2023-09-11,24.69,26.6,24.62,25.76,382600
2023-09-12,25.66,26.35,25.54,25.99,237208
2023-09-13,25.81,25.86,24.64,24.92,301127
2023-09-14,24.85,25.32,24.59,24.79,194092
2023-09-15,24.81,24.93,24.29,24.41,198934
2023-09-18,24.2,24.6,24.08,24.23,237570
2023-09-19,24.12,24.38,23.72,23.83,218241
2023-09-20,23.87,24.46,23.79,23.8,251968
2023-09-21,23.74,24.59,23.67,24.01,326755
2023-09-22,23.98,25.12,23.69,24.99,502439
2023-09-25,24.33,24.33,22.77,23.3,835099
2023-09-26,23.28,24.03,23.18,23.26,476817
2023-09-27,23.09,23.54,23.09,23.18,295061
2023-09-28,23.18,23.54,22.99,23.36,283804
2023-10-09,23.26,23.58,22.99,23.37,240479
2023-10-10,23.45,23.54,23.05,23.06,239024
2023-10-11,23.08,24.03,23.04,23.48,417140
2023-10-12,23.63,23.74,22.8,22.91,379934
2023-10-13,22.8,22.83,22.29,22.35,319255
2023-10-16,22.25,22.41,21.77,21.96,314959
2023-10-17,22.12,22.16,21.58,21.68,263742
2023-10-18,21.14,21.39,19.52,20.31,892788
2023-10-19,20.39,20.89,20.09,20.3,458401
2023-10-20,20.18,20.45,19.74,19.81,301508
2023-10-23,19.82,19.87,19.09,19.22,310551
2023-10-24,19.48,19.74,19.09,19.39,305904
2023-10-25,19.62,19.82,19.33,19.43,336686
2023-10-26,19.22,19.67,19.14,19.66,282612
2023-10-27,19.49,19.69,19.19,19.48,477083
2023-10-30,19.46,19.86,19.29,19.76,464848
2023-10-31,19.79,20.01,19.23,19.4,430181
2023-11-01,19.44,19.75,19.29,19.34,355336
2023-11-02,19.55,19.55,19.05,19.11,380212
2023-11-03,19.11,19.69,19.09,19.6,491614
2023-11-06,19.77,20.17,19.67,20.09,535543
2023-11-07,20.04,20.76,19.88,20.58,636363
2023-11-08,20.57,20.98,20.36,20.61,663989
2023-11-09,20.56,21.44,20.49,21.24,936043
2023-11-10,20.9,21.19,20.67,20.77,624353
2023-11-13,20.86,21.47,20.86,21.18,697623
2023-11-14,21.21,21.54,21.02,21.24,488236
2023-11-15,21.46,21.72,21.24,21.31,548657
2023-11-16,21.17,21.54,21.08,21.08,439281
2023-11-17,20.94,21.51,20.91,21.32,458244
2023-11-20,21.3,21.97,21.03,21.67,704581
2023-11-21,21.79,21.79,21.04,21.12,517692
2023-11-22,21.09,21.31,20.8,20.82,413291
2023-11-23,20.81,21.04,20.5,21.02,391275
2023-11-24,20.98,21.07,20.43,20.57,327749
2023-11-27,20.47,20.68,20.27,20.36,288454
2023-11-28,20.38,20.97,20.24,20.53,323602
2023-11-29,20.49,20.53,20.09,20.19,309702
2023-11-30,20.14,20.26,19.82,20.0,289547
2023-12-01,20.0,20.91,19.8,20.77,573766
2023-12-04,20.75,21.19,20.55,20.64,513796
2023-12-05,20.51,20.51,19.44,19.44,567056
2023-12-06,19.35,19.63,19.2,19.41,327011
2023-12-07,19.39,19.98,19.27,19.74,393706
2023-12-08,19.69,21.11,19.69,20.73,938647
2023-12-11,20.63,20.83,20.27,20.79,518044
2023-12-12,20.94,21.34,20.61,20.89,635748
2023-12-13,20.85,20.93,20.41,20.42,323002
2023-12-14,20.54,21.06,20.32,20.35,433857
2023-12-15,20.39,20.54,19.92,20.07,322035
2023-12-18,19.97,20.17,19.65,19.7,278501
2023-12-19,19.67,19.89,19.52,19.75,227009
2023-12-20,19.76,19.77,18.79,18.83,481534
2023-12-21,18.67,19.19,18.54,19.02,367763
2023-12-22,18.97,19.13,18.47,18.54,337004
2023-12-25,18.49,18.86,18.47,18.65,237308
2023-12-26,18.61,18.61,17.87,17.96,306757
2023-12-27,17.97,18.27,17.97,18.09,279893
2023-12-28,18.07,19.12,17.8,19.01,524781
2023-12-29,18.95,19.33,18.94,19.14,365396
2024-01-02,19.11,19.14,18.63,18.63,308312
2024-01-03,18.55,18.65,18.13,18.32,282552
2024-01-04,18.32,18.32,17.89,18.01,300473
2024-01-05,18.0,18.03,17.35,17.48,377647
2024-01-08,17.43,17.44,16.86,16.87,324207
2024-01-09,17.01,17.21,16.84,16.97,286965
2024-01-10,16.92,17.12,16.59,16.83,319131
2024-01-11,16.86,17.68,16.83,17.52,523726
2024-01-12,17.4,17.56,17.12,17.19,285335
2024-01-15,17.19,17.39,16.94,17.19,195505
2024-01-16,17.18,17.18,16.71,17.11,279684
2024-01-17,17.06,17.23,16.72,16.72,277143
2024-01-18,16.59,17.08,16.44,17.05,477953
2024-01-19,16.97,17.35,16.9,17.08,355736
2024-01-22,17.29,17.3,16.17,16.36,410549
2024-01-23,16.27,17.16,16.2,16.98,460146
2024-01-24,17.09,17.16,16.26,17.03,514575
2024-01-25,16.87,17.63,16.77,17.58,596689
2024-01-26,17.53,17.64,17.29,17.31,396275
2024-01-29,17.29,17.36,16.59,16.68,356239
2024-01-30,16.57,16.81,15.99,16.02,362570
2024-01-31,15.91,16.04,15.33,15.35,356434
2024-02-01,15.32,16.09,15.11,15.58,359206
2024-02-02,15.57,15.85,14.35,14.99,507555
2024-02-05,14.97,15.28,14.01,14.5,537675
2024-02-06,14.29,15.62,14.22,15.57,533805
2024-02-07,15.57,16.09,15.44,15.89,570761
2024-02-08,16.01,16.67,15.99,16.52,561404
2024-02-19,17.27,17.54,16.87,17.54,775935
2024-02-20,17.33,17.33,16.97,17.18,496347
2024-02-21,16.98,17.66,16.89,17.23,537786
2024-02-22,17.64,18.38,17.64,17.98,858425
2024-02-23,18.38,18.38,17.86,18.07,650189
2024-02-26,18.04,18.74,17.82,18.48,805954
2024-02-27,18.33,20.35,18.15,20.35,1334769
2024-02-28,21.04,21.92,19.88,19.88,2157462
2024-02-29,19.89,21.89,19.89,21.89,2243646
2024-03-01,22.09,24.1,21.97,24.1,2799324
2024-03-04,24.63,26.31,23.58,25.29,3306234
2024-03-05,24.68,25.42,23.89,24.56,2522499
2024-03-06,24.1,24.83,23.79,24.38,1691805
2024-03-07,24.39,25.11,23.7,24.79,2098670
2024-03-08,25.29,25.44,23.87,24.72,1913942
2024-03-11,23.79,24.55,23.6,24.54,1652302
2024-03-12,24.55,24.89,23.8,24.01,1355062
2024-03-13,24.39,24.48,23.16,23.26,1608682
2024-03-14,22.8,23.42,22.41,22.85,1211919
2024-03-15,22.79,23.03,22.27,22.96,1065063
2024-03-18,23.02,23.92,22.87,23.66,1525772
2024-03-19,23.39,23.76,23.11,23.26,921539
2024-03-20,23.12,23.65,22.99,23.35,825227
2024-03-21,23.24,23.45,22.8,22.9,790609
2024-03-22,22.94,23.01,22.31,22.62,904318
2024-03-25,22.6,22.97,21.95,21.98,764758
2024-03-26,21.91,22.34,21.19,21.37,1023211
2024-03-27,21.38,21.47,20.4,20.42,824158
2024-03-28,20.49,22.14,20.49,21.74,1286566
2024-03-29,21.39,21.74,20.99,21.5,744191
2024-04-01,21.51,21.93,21.33,21.87,791205
2024-04-02,21.8,21.81,21.09,21.33,667359
2024-04-03,21.23,21.3,20.62,20.79,498692
2024-04-08,20.64,20.95,20.34,20.37,476878
2024-04-09,20.34,20.47,19.8,20.13,550786
2024-04-10,20.0,20.04,19.23,19.47,566153
2024-04-11,19.47,20.32,19.45,19.89,705259
2024-04-12,20.04,20.33,19.77,19.81,550999
2024-04-15,19.74,20.54,19.46,20.12,757470
2024-04-16,19.86,20.33,19.39,19.44,683765
2024-04-17,19.78,20.43,19.66,20.35,795563
2024-04-18,20.12,20.6,19.72,20.07,742366
2024-04-19,19.89,20.02,19.33,19.46,634404
2024-04-22,18.67,19.32,18.3,19.07,577730
2024-04-23,19.16,19.36,18.68,18.81,368505
2024-04-24,18.94,19.64,18.77,19.5,617886
2024-04-25,19.29,19.48,19.12,19.23,352895
2024-04-26,19.44,20.2,19.3,20.01,778140
2024-04-29,20.18,20.97,20.17,20.85,850125
2024-04-30,20.99,21.09,20.26,20.74,830968
2024-05-06,21.2,21.5,20.88,21.0,663244
2024-05-07,20.93,21.18,20.59,20.73,521190
2024-05-08,20.59,20.6,20.11,20.12,439608
2024-05-09,20.19,20.9,20.1,20.69,617452
2024-05-10,20.62,20.72,20.02,20.19,484806
2024-05-13,19.92,20.09,19.59,19.85,412947
2024-05-14,19.85,20.37,19.85,20.13,373444
2024-05-15,20.16,20.49,19.97,20.1,468075
2024-05-16,20.44,22.13,20.43,21.98,1910906
2024-05-17,21.59,21.94,21.2,21.75,1210191
2024-05-20,21.75,22.19,21.61,22.07,913355
2024-05-21,21.91,22.41,21.56,22.34,997599
2024-05-22,22.34,23.57,21.83,23.19,1405949
2024-05-23,23.19,23.67,22.68,23.48,1270125
2024-05-24,23.56,23.89,22.15,22.22,1283242
2024-05-27,22.73,23.34,22.19,22.77,1133327
2024-05-28,22.3,22.48,21.59,21.66,840358
2024-05-29,21.84,22.04,21.46,21.56,475968
2024-05-30,21.39,21.84,21.05,21.6,541541
2024-05-31,21.43,22.25,21.3,21.81,620928
2024-06-03,21.83,22.24,21.67,21.92,511045
2024-06-04,21.95,21.98,21.37,21.69,425587
2024-06-05,21.74,22.07,21.64,21.71,422590
2024-06-06,22.0,23.08,21.95,22.47,979134
2024-06-07,22.29,22.98,22.16,22.71,745627
2024-06-11,22.71,23.07,22.41,23.05,625365
2024-06-12,22.8,23.06,22.59,22.78,485679
2024-06-13,22.78,23.32,22.51,23.23,704194
2024-06-14,22.99,23.79,22.79,22.86,938679
2024-06-17,22.59,22.86,22.35,22.42,623837
2024-06-18,22.3,24.47,22.29,23.94,1204591
2024-06-19,24.04,24.19,23.67,23.72,617562
2024-06-20,23.72,23.74,22.91,22.98,648158
2024-06-21,22.75,23.5,22.7,23.19,492814
2024-06-24,22.83,23.05,22.0,22.04,614543
2024-06-25,21.92,22.01,21.17,21.38,569043
2024-06-26,21.62,22.54,21.36,22.4,546243
2024-06-27,22.28,22.41,21.79,21.79,373282
2024-06-28,21.75,22.85,21.75,22.28,564544
2024-07-01,22.32,22.7,22.0,22.57,427173
2024-07-02,22.49,22.57,21.86,22.01,407452
2024-07-03,21.96,22.0,21.49,21.75,289247
2024-07-04,21.93,22.01,21.38,21.38,267946
2024-07-05,21.31,21.95,21.3,21.7,366525
2024-07-08,21.55,21.56,21.03,21.06,340284
2024-07-09,20.93,22.21,20.72,22.13,599569
2024-07-10,22.03,22.28,21.94,22.06,312446
2024-07-11,22.48,22.51,21.99,22.37,474757
2024-07-12,22.05,22.08,21.7,21.83,333287
2024-07-15,21.73,22.03,21.64,21.92,241054
2024-07-16,21.78,24.12,21.76,24.12,1229668
2024-07-17,24.68,25.32,24.49,24.58,1865454
2024-07-18,24.53,24.86,23.6,24.31,1232065
2024-07-19,24.18,25.22,24.04,24.53,1381169
2024-07-22,24.43,24.86,24.25,24.3,914014
2024-07-23,24.3,24.44,23.13,23.15,918521
2024-07-24,23.18,23.6,22.59,22.67,662239
2024-07-25,22.35,22.97,22.24,22.59,599932
2024-07-26,22.53,23.11,21.96,22.67,733073
2024-07-29,22.63,22.89,22.38,22.38,480311
2024-07-30,22.09,22.3,21.66,22.2,511113
2024-07-31,22.0,23.24,21.98,23.08,836541
2024-08-01,23.43,23.48,22.85,22.87,513874
2024-08-02,22.42,22.63,21.93,22.02,603259
2024-08-05,21.51,21.96,20.73,20.73,675115
2024-08-06,21.13,21.26,20.38,20.86,515037
2024-08-07,20.73,20.76,19.96,20.25,516692
2024-08-08,20.01,20.36,19.73,20.13,401076
2024-08-09,20.38,20.47,19.88,19.88,364111
2024-08-12,19.79,19.89,19.58,19.66,266410
2024-08-13,19.71,20.1,19.68,20.09,302264
2024-08-14,20.13,20.16,19.82,19.82,292409
2024-08-15,19.71,20.18,19.68,19.98,354485
2024-08-16,19.99,20.07,19.83,19.86,255197
2024-08-19,19.85,20.17,19.77,19.96,235796
2024-08-20,19.98,20.04,19.41,19.44,314454
2024-08-21,19.41,19.76,19.34,19.44,203012
2024-08-22,19.44,19.47,18.91,19.01,323363
2024-08-23,19.01,19.27,18.95,19.18,228537
2024-08-26,19.18,19.29,19.0,19.21,196368
2024-08-27,19.08,19.28,18.76,18.84,249178
2024-08-28,18.81,19.01,18.59,18.99,291392
2024-08-29,18.8,19.38,18.73,19.16,326572
2024-08-30,19.16,19.86,19.13,19.67,579092
2024-09-02,19.63,19.76,18.99,19.0,394931
2024-09-03,19.01,19.35,18.95,19.23,218727
2024-09-04,18.98,19.16,18.91,18.99,202862
2024-09-05,19.4,19.68,19.24,19.31,450942
2024-09-06,19.33,19.36,18.73,18.75,314451
2024-09-09,18.65,18.81,18.44,18.56,242412
2024-09-10,18.64,19.02,18.19,18.77,382520
2024-09-11,18.63,18.77,18.49,18.66,211921
2024-09-12,18.83,18.97,18.46,18.48,242479
2024-09-13,18.4,18.6,18.35,18.35,213967
2024-09-18,18.36,18.48,17.93,18.31,250163
2024-09-19,18.46,18.86,18.28,18.63,328869
2024-09-20,18.63,18.82,18.52,18.72,289938
2024-09-23,18.7,19.11,18.59,18.8,304944
2024-09-24,18.96,19.45,18.47,19.45,681483
2024-09-25,19.59,20.13,19.46,19.54,794154
2024-09-26,19.54,20.28,19.42,20.28,733690
2024-09-27,20.79,22.28,20.57,21.92,1154075
2024-09-30,23.02,24.09,22.18,24.07,1642275
2024-10-08,26.48,26.48,24.93,26.48,1900015
2024-10-09,25.93,27.33,24.38,24.98,2033178
2024-10-10,25.06,25.52,23.83,24.33,1183007
2024-10-11,23.95,24.22,22.62,22.95,1017399
2024-10-14,22.94,23.76,22.63,23.66,849103
2024-10-15,23.58,24.59,23.37,23.42,1032700
2024-10-16,22.73,23.32,22.71,22.84,734215
2024-10-17,23.43,23.73,22.97,23.02,818967
2024-10-18,22.93,25.08,22.83,24.45,1376017
2024-10-21,24.92,25.48,24.48,24.73,1343026
2024-10-22,24.59,24.88,24.24,24.61,855446
2024-10-23,24.65,25.11,24.38,24.57,847012
2024-10-24,24.3,25.27,24.14,24.66,786525
2024-10-25,24.81,25.12,24.41,24.92,724434
2024-10-28,24.93,25.08,24.65,24.8,703033
2024-10-29,24.81,26.43,24.46,25.31,1569082
2024-10-30,24.98,25.78,24.72,25.13,1025699
2024-10-31,25.12,26.62,24.58,26.18,1836132
2024-11-01,25.63,26.19,24.54,24.61,1323979
2024-11-04,24.44,25.93,24.44,25.85,1125266
2024-11-05,25.83,27.23,25.58,26.85,1662797
2024-11-06,26.96,28.06,26.34,27.15,1769256
2024-11-07,26.72,27.12,26.03,27.02,1389824
2024-11-08,27.43,29.63,27.13,28.14,1939594
2024-11-11,27.63,30.96,27.51,30.52,2731562
2024-11-12,29.81,29.85,28.26,28.8,1946915
2024-11-13,28.39,29.18,28.15,28.86,1067045
2024-11-14,28.64,28.67,27.33,27.34,959731
2024-11-15,27.21,27.67,26.33,26.35,917615
2024-11-18,26.48,26.59,25.13,25.39,899608
2024-11-19,25.43,26.24,24.88,25.99,851893
2024-11-20,25.78,26.29,25.64,25.9,730383
2024-11-21,25.81,26.28,25.62,25.91,623061
2024-11-22,25.98,26.35,24.74,24.76,889863
2024-11-25,24.65,24.89,23.85,24.38,720374
2024-11-26,24.36,24.86,24.03,24.2,421295
2024-11-27,24.13,24.85,23.81,24.84,582828
2024-11-28,24.83,25.6,24.71,24.87,710718
2024-11-29,24.74,25.57,24.63,25.28,644365
2024-12-02,25.28,25.62,25.16,25.41,574670
2024-12-03,25.44,25.45,24.6,24.93,623953
2024-12-04,25.0,25.17,24.43,24.52,493908
2024-12-05,24.52,24.86,24.41,24.76,399456
2024-12-06,24.77,25.26,24.56,25.17,684219
2024-12-09,25.08,25.13,24.51,24.79,496127
2024-12-10,25.53,25.71,24.89,24.91,657362
2024-12-11,24.89,25.13,24.81,25.07,411758
2024-12-12,25.07,25.34,24.82,25.19,462062
2024-12-13,24.98,24.99,24.49,24.49,500627
2024-12-16,24.54,25.58,24.51,24.91,745304
2024-12-17,24.83,26.08,24.78,25.53,1214184
2024-12-18,25.53,26.37,24.66,25.95,1250117
2024-12-19,25.46,27.93,25.41,27.52,2360199
2024-12-20,27.11,27.53,26.78,27.0,1516783
2024-12-23,27.26,28.08,26.67,27.13,1332919
2024-12-24,27.13,27.32,26.45,27.2,979461
2024-12-25,26.93,28.03,26.87,27.56,1421246
2024-12-26,27.3,28.9,26.95,28.69,1832304
2024-12-27,28.93,30.81,28.78,28.89,2731249
2024-12-30,29.47,29.78,28.74,29.12,1600500
2024-12-31,29.12,29.24,27.76,27.76,1461887
2025-01-02,27.43,27.75,25.6,25.94,1402043
2025-01-03,25.97,26.03,24.53,24.57,936901
2025-01-06,24.58,25.7,24.28,24.54,965461
2025-01-07,24.64,25.48,24.35,25.34,940480
2025-01-08,25.03,25.03,23.84,24.71,1032104
2025-01-09,24.54,26.07,24.48,25.67,1376324
2025-01-10,25.35,25.46,24.61,24.61,1142941
2025-01-13,24.12,24.44,23.74,23.94,797837
2025-01-14,24.29,25.38,23.73,25.36,1186703
2025-01-15,25.23,25.58,25.0,25.13,749724
2025-01-16,25.33,25.72,24.73,25.12,812281
2025-01-17,25.04,25.71,24.89,25.35,866800
2025-01-20,25.49,25.88,25.24,25.54,771988
2025-01-21,25.73,26.47,25.56,26.37,1167972
2025-01-22,26.15,26.83,26.1,26.57,1094941
2025-01-23,26.99,27.13,25.97,25.97,1058217
2025-01-24,25.93,26.79,25.87,26.75,881527
2025-01-27,26.92,27.04,25.08,25.11,1066378
2025-02-05,25.63,26.36,25.41,26.12,1053230
2025-02-06,26.11,27.45,25.93,27.33,1202998
2025-02-07,27.35,28.81,27.08,28.17,1852408
2025-02-10,28.88,29.43,28.3,28.43,1785180
2025-02-11,28.16,29.23,28.09,28.43,1357225
2025-02-12,28.54,29.41,28.49,29.14,1406496
2025-02-13,29.15,29.62,28.01,28.51,1689327
2025-02-14,28.52,31.07,28.23,30.32,2521543
2025-02-17,30.94,32.43,30.43,30.92,2528382
2025-02-18,30.45,30.79,28.94,29.12,1868450
2025-02-19,29.12,30.57,28.97,29.82,1377409
2025-02-20,29.58,29.91,28.84,29.4,1113742
2025-02-21,30.53,32.35,30.43,32.35,2416161
2025-02-24,32.96,33.93,32.48,32.93,2453060
2025-02-25,32.03,34.28,31.81,33.05,1892168
2025-02-26,33.08,33.2,32.11,32.9,1389112
2025-02-27,33.07,33.07,31.05,31.6,1503849
2025-02-28,30.91,31.3,29.41,29.49,1362237
2025-03-03,29.72,29.83,28.43,29.13,980942
2025-03-04,28.6,29.56,28.6,29.32,911972
2025-03-05,29.43,29.77,28.86,29.43,990590
2025-03-06,30.03,31.08,29.74,30.65,1295918
2025-03-07,30.35,30.48,29.49,29.76,952956
2025-03-10,29.43,29.73,28.88,29.29,723085
2025-03-11,28.73,29.2,28.62,29.08,596213
2025-03-12,29.31,30.29,29.09,29.56,920164
2025-03-13,29.39,29.46,28.21,28.42,844915
2025-03-14,28.44,29.53,28.33,29.47,807327
2025-03-17,29.47,29.56,29.1,29.26,532943
2025-03-18,29.47,30.03,29.32,29.43,638914
2025-03-19,29.23,29.32,28.78,28.92,471522
2025-03-20,28.83,29.2,28.55,28.62,480551
2025-03-21,28.32,28.48,27.31,27.46,855241
2025-03-24,27.5,27.87,26.94,27.7,525321
2025-03-25,27.63,27.73,26.99,27.1,404760
2025-03-26,27.1,27.38,27.03,27.07,350452
2025-03-27,26.98,27.53,26.93,27.17,398146
2025-03-28,27.01,27.76,27.01,27.41,418514
2025-03-31,27.14,27.49,26.61,27.35,491116
2025-04-01,27.41,27.84,27.23,27.27,373244
2025-04-02,27.45,28.4,27.34,27.83,633911
2025-04-03,27.42,27.92,26.94,27.12,520709
2025-04-07,25.16,25.58,24.4,24.4,713040
2025-04-08,24.34,24.79,23.04,23.9,935373
2025-04-09,23.23,24.87,22.64,24.71,859408
2025-04-10,25.23,26.59,25.23,25.59,916580
2025-04-11,24.98,25.93,24.98,25.62,676609
2025-04-14,26.05,26.19,25.52,25.63,472813
2025-04-15,25.53,25.81,25.27,25.64,324333
2025-04-16,25.31,25.33,24.71,25.02,504271
2025-04-17,24.79,25.38,24.76,24.87,361144
2025-04-18,24.84,25.09,24.7,24.98,274479
2025-04-21,24.84,25.51,24.78,25.5,394763
2025-04-22,25.38,25.39,24.83,25.01,394111
2025-04-23,25.21,25.58,25.08,25.32,438811
2025-04-24,25.39,25.39,24.79,24.9,318235
2025-04-25,24.92,25.38,24.83,25.13,320127
2025-04-28,25.21,25.49,24.8,24.86,312565
2025-04-29,23.93,24.43,23.55,24.36,602882
2025-04-30,24.45,25.27,24.34,25.07,511658
2025-05-06,25.3,25.73,25.23,25.69,462700
2025-05-07,26.04,26.11,25.33,25.57,437355
2025-05-08,25.53,25.85,25.44,25.65,346933
2025-05-09,25.63,25.64,25.09,25.13,307336
2025-05-12,25.38,25.63,25.33,25.63,341663
2025-05-13,25.93,25.95,25.32,25.38,350496
2025-05-14,25.46,25.71,25.21,25.47,368924
2025-05-15,25.47,25.47,24.53,24.53,529323
2025-05-16,24.43,24.66,24.26,24.45,299118
2025-05-19,24.38,24.45,24.06,24.3,248170
2025-05-20,24.3,24.5,24.14,24.44,245162
2025-05-21,24.52,24.62,24.24,24.28,265045
2025-05-22,24.16,24.43,24.03,24.04,231391
2025-05-23,24.01,24.16,23.6,23.63,346771
2025-05-26,23.74,24.34,23.74,24.21,356064
2025-05-27,24.17,24.36,23.86,23.91,250099
2025-05-28,23.93,24.03,23.62,23.69,217070
2025-05-29,23.82,24.36,23.8,24.33,404689
2025-05-30,24.23,24.26,23.88,23.96,260098
2025-06-03,23.86,24.08,23.74,23.8,288822
2025-06-04,23.86,24.21,23.85,24.1,289066
2025-06-05,24.13,24.7,24.12,24.67,584709
2025-06-06,24.67,24.73,24.44,24.67,302453
2025-06-09,24.71,24.85,24.54,24.77,331931
2025-06-10,24.78,24.91,23.88,24.04,513393
2025-06-11,24.01,24.3,23.93,24.04,316724
2025-06-12,23.93,24.12,23.8,23.85,335460
2025-06-13,23.81,23.85,23.13,23.22,651541
2025-06-16,23.09,23.53,23.0,23.29,303070
2025-06-17,23.36,23.41,23.0,23.09,297580
2025-06-18,23.01,23.21,22.85,23.1,281518
2025-06-19,23.0,23.2,22.72,22.81,290200
2025-06-20,22.82,22.93,22.46,22.71,341356
2025-06-23,22.51,22.88,22.35,22.8,245342
2025-06-24,22.89,23.38,22.87,23.32,402230
2025-06-25,23.38,23.72,23.27,23.71,486696
2025-06-26,23.76,23.94,23.56,23.57,413972
2025-06-27,23.6,23.87,23.49,23.66,407375
2025-06-30,23.68,24.05,23.67,23.99,387920
2025-07-01,23.98,23.99,23.62,23.85,318750
2025-07-02,23.76,23.85,23.37,23.5,298317
2025-07-03,23.5,23.95,23.44,23.89,376987
2025-07-04,23.82,23.99,23.63,23.65,317387
2025-07-07,23.6,23.62,23.34,23.38,237869
2025-07-08,23.41,24.25,23.41,24.16,721388
2025-07-09,24.18,24.27,23.91,23.98,365596
2025-07-10,24.0,24.14,23.9,24.03,289147
2025-07-11,24.08,24.4,23.88,24.24,466764
2025-07-14,24.33,24.65,24.15,24.15,522431
2025-07-15,24.15,25.11,24.08,24.85,981065
2025-07-16,24.96,25.14,24.6,24.67,613889
2025-07-17,24.61,25.1,24.52,25.02,541523
2025-07-18,25.03,25.17,24.75,24.85,457207
2025-07-21,24.77,24.78,24.49,24.72,469687
2025-07-22,24.68,24.82,24.52,24.59,389311
2025-07-23,24.56,24.75,24.41,24.45,395370
2025-07-24,24.49,24.88,24.46,24.88,439228
2025-07-25,24.93,25.1,24.74,25.04,509112
2025-07-28,25.19,25.19,24.72,24.84,385021
2025-07-29,24.77,25.15,24.43,25.1,582116
2025-07-30,24.96,25.1,24.58,24.75,498726
2025-07-31,24.67,25.44,24.62,24.73,923294
2025-08-01,24.9,24.95,24.2,24.5,632372
2025-08-04,24.23,24.55,24.21,24.54,293629
2025-08-05,24.55,24.69,24.31,24.51,467546
2025-08-06,24.42,24.91,24.35,24.9,559035
2025-08-07,24.9,25.15,24.56,24.75,444300
2025-08-08,24.75,24.75,24.29,24.31,456516
2025-08-11,24.3,24.83,24.28,24.8,547297
2025-08-12,24.76,25.08,24.57,24.98,587923
2025-08-13,24.99,25.58,24.88,25.33,947539
2025-08-14,25.3,25.76,25.0,25.12,849184
2025-08-15,25.0,25.49,24.94,25.4,654505
2025-08-18,25.6,26.82,25.56,26.46,1338248
2025-08-19,26.61,26.62,26.12,26.2,824460
2025-08-20,26.1,28.17,25.85,27.71,1834995
2025-08-21,27.76,28.5,27.06,27.25,1566466
2025-08-22,27.49,28.73,27.2,28.5,1836191
2025-08-25,29.05,29.21,28.06,28.62,1729718
2025-08-26,28.41,28.96,28.2,28.25,1081210
2025-08-27,28.41,28.77,27.4,27.47,1523543
2025-08-28,27.25,28.39,27.25,28.39,1335775
2025-08-29,28.2,28.24,27.63,27.9,877478
2025-09-01,29.81,30.0,28.46,29.09,2414751
2025-09-02,28.99,29.0,27.21,27.41,1517845
2025-09-03,27.6,30.15,27.38,28.66,3155332
2025-09-04,28.91,29.0,27.08,27.66,2303857
2025-09-05,27.8,28.37,26.9,28.13,1613644
2025-09-08,28.13,28.38,27.32,27.8,1172306
2025-09-09,27.51,27.51,26.28,26.35,1343130
2025-09-10,26.46,27.03,26.35,26.51,803454
2025-09-11,26.65,28.78,26.36,28.67,2192342
2025-09-12,28.35,30.21,28.19,29.28,2162828
2025-09-15,29.27,29.32,28.66,28.76,1217832
2025-09-16,28.77,29.86,28.62,29.64,1657705
2025-09-17,29.25,29.73,28.92,29.41,1166185
2025-09-18,29.48,31.88,29.42,30.94,3108051
2025-09-19,31.29,31.49,30.01,30.15,1575584
2025-09-22,30.64,30.77,29.88,30.47,1444182
2025-09-23,30.79,30.95,28.68,29.44,1691841
2025-09-24,29.34,31.21,29.16,30.5,1673244
2025-09-25,30.5,32.16,30.3,31.51,1958326
2025-09-26,31.11,31.31,29.93,29.93,1633955
2025-09-29,30.27,30.7,29.91,30.12,1016826
2025-09-30,30.2,30.76,29.98,30.18,1102131
2025-10-09,30.51,32.06,30.4,31.05,1834322
2025-10-10,30.53,30.63,29.1,29.29,1497665
2025-10-13,28.5,29.29,28.22,29.01,1025543
2025-10-14,29.2,29.99,27.72,27.87,1282665
2025-10-15,27.95,28.46,27.55,28.43,726422
2025-10-16,28.08,28.9,27.98,28.24,783592
2025-10-17,28.62,28.84,27.05,27.09,889013
2025-10-20,27.55,27.85,27.19,27.37,654741
2025-10-21,27.47,28.13,27.37,28.05,809367
2025-10-22,27.72,28.0,27.42,27.69,525094
2025-10-23,28.0,28.18,26.88,27.37,676276
2025-10-24,27.51,28.12,27.51,28.11,726821
2025-10-27,28.35,28.64,27.84,28.56,898765
2025-10-28,28.23,28.85,28.11,28.33,746205
2025-10-29,28.28,28.63,28.1,28.51,673529
2025-10-30,28.46,28.88,28.0,28.1,778362
2025-10-31,27.4,27.5,27.0,27.08,978405
2025-11-03,27.0,27.3,26.4,27.21,737058
2025-11-04,27.07,27.07,26.5,26.66,506352
2025-11-05,26.23,26.63,26.12,26.44,461545
2025-11-06,26.5,26.86,26.42,26.68,479039
2025-11-07,26.42,26.58,26.18,26.29,412869
2025-11-10,26.37,26.56,26.2,26.45,366123
2025-11-11,26.55,26.6,26.06,26.12,421262
2025-11-12,26.28,26.3,25.53,25.83,436524
2025-11-13,25.7,26.03,25.63,25.9,335603
2025-11-14,25.65,25.79,25.33,25.35,372122
2025-11-17,25.29,25.57,25.25,25.41,264561
2025-11-18,25.55,25.96,25.41,25.75,469087
2025-11-19,25.75,25.85,25.12,25.34,355825
2025-11-20,25.3,25.54,24.58,24.61,568888
2025-11-21,24.3,24.5,24.06,24.08,473518
2025-11-24,24.26,24.57,24.01,24.45,361353
2025-11-25,24.76,25.03,24.58,24.7,465118
2025-11-26,24.64,25.35,24.61,24.98,497228
2025-11-27,24.89,25.33,24.77,24.8,374428
2025-11-28,24.75,24.93,24.66,24.92,268021
2025-12-01,25.06,25.47,24.95,25.46,499204
2025-12-02,25.32,25.4,25.06,25.11,303820
2025-12-03,25.1,25.28,24.76,24.81,251680
2025-12-04,24.81,25.02,24.59,24.97,234300
2025-12-05,24.97,25.15,24.66,24.99,328622
2025-12-08,25.06,25.58,25.03,25.43,486662
2025-12-09,25.8,26.15,25.39,25.48,585138
2025-12-10,25.28,25.57,25.03,25.5,345290
2025-12-11,25.49,25.49,24.65,24.66,456147
2025-12-12,24.63,25.18,24.5,25.05,487921
2025-12-15,24.86,24.89,24.41,24.42,413931
2025-12-16,24.36,24.45,23.92,23.98,366039
2025-12-17,24.0,24.53,23.9,24.5,382085
2025-12-18,24.25,24.57,24.15,24.32,267788
2025-12-19,24.45,24.72,24.43,24.43,284562
2025-12-22,24.56,24.97,24.51,24.83,379870
2025-12-23,24.8,24.94,24.55,24.69,292374
2025-12-24,24.3,24.66,24.11,24.64,442650
2025-12-25,24.65,24.77,24.43,24.63,303616
2025-12-26,24.58,24.99,24.53,24.76,414596
2025-12-29,24.77,25.13,24.68,24.75,384659
2025-12-30,24.69,24.92,24.58,24.73,354926
2025-12-31,24.73,24.79,24.47,24.6,347874
