date,open,high,low,close,volume
2015-01-05,5.92,6.65,5.74,6.55,397788
2015-01-06,6.49,7.01,6.38,6.77,468172
2015-01-07,6.81,7.05,6.61,6.69,255094
2015-01-08,6.67,6.97,6.64,6.82,266044
2015-01-09,6.81,7.59,6.77,7.14,550874
2015-01-12,7.26,7.59,7.19,7.36,328532
2015-01-13,7.43,8.04,7.2,7.77,541472
2015-01-14,7.77,7.94,7.37,7.5,329213
2015-01-15,7.5,7.6,7.22,7.41,207107
2015-01-16,7.34,7.69,7.34,7.53,258846
2015-01-19,7.24,7.85,7.11,7.33,354486
2015-01-20,7.4,8.23,7.4,8.17,574219
2015-01-21,8.46,8.56,8.08,8.24,455773
2015-01-22,8.24,8.74,8.13,8.59,427559
2015-01-23,8.46,8.61,8.07,8.09,350788
2015-01-26,8.09,8.3,7.95,8.21,222410
2015-01-27,8.26,8.33,7.82,8.02,260250
2015-01-28,7.9,8.06,7.67,7.71,204716
2015-01-29,7.62,7.86,7.53,7.8,168532
2015-01-30,7.78,7.85,7.34,7.34,239476
2015-02-02,7.26,7.57,7.22,7.41,163734
2015-02-03,7.42,7.9,7.42,7.8,249647
2015-02-04,7.8,7.97,7.58,7.64,210709
2015-02-05,7.64,7.74,7.46,7.49,174815
2015-02-06,7.46,7.59,7.24,7.33,156286
2015-02-09,7.38,7.44,7.07,7.11,155214
2015-02-10,7.06,7.73,7.06,7.73,242014
2015-02-11,7.73,8.12,7.66,7.87,267904
2015-02-12,7.9,8.08,7.79,7.94,177941
2015-02-13,7.96,8.12,7.85,7.86,220690
2015-02-16,7.9,8.45,7.83,8.39,309065
2015-02-17,8.43,8.45,8.16,8.23,173635
2015-02-25,8.23,8.46,7.96,8.01,191236
2015-02-26,8.01,8.21,7.88,8.18,171080
2015-02-27,8.16,8.33,7.99,8.15,200899
2015-03-02,8.02,8.04,7.47,7.83,638704
2015-03-03,7.74,8.01,7.63,7.68,347248
2015-03-04,7.69,7.9,7.62,7.82,233334
2015-03-05,7.82,8.21,7.64,8.18,350542
2015-03-06,8.2,8.35,7.9,7.92,267074
2015-03-09,7.81,8.25,7.76,8.21,248106
2015-03-10,8.21,9.33,8.17,9.33,930463
2015-03-11,9.38,9.68,9.16,9.52,675569
2015-03-12,9.45,9.77,9.07,9.28,398977
2015-03-13,9.34,9.83,9.18,9.72,408841
2015-03-16,9.81,10.32,9.66,9.9,432002
2015-03-17,9.98,9.98,9.62,9.69,401114
2015-03-18,9.69,9.86,9.34,9.8,373561
2015-03-19,9.74,10.68,9.61,10.21,465974
2015-03-20,9.86,10.56,9.68,10.41,547582
2015-03-23,10.38,11.66,10.26,11.32,478392
2015-03-24,11.22,11.78,10.73,11.43,434306
2015-03-25,11.3,11.53,10.93,11.22,291621
2015-03-26,11.22,11.22,10.26,10.4,342218
2015-03-27,10.39,10.77,10.3,10.62,235631
2015-03-30,10.62,10.93,10.54,10.9,230153
2015-03-31,10.86,12.1,10.79,11.68,452663
2015-04-01,11.57,12.17,11.55,11.95,325601
2015-04-02,12.04,13.27,12.04,13.05,444402
2015-04-03,12.86,13.81,12.62,13.24,292977
2015-04-07,13.28,14.61,13.06,13.39,384244
2015-04-08,13.5,13.58,12.26,13.01,390640
2015-04-09,12.88,13.25,11.46,13.04,396581
2015-04-10,12.66,13.45,12.54,13.24,301953
2015-04-13,13.26,13.45,12.78,12.96,330573
2015-04-14,12.98,12.98,12.3,12.35,310061
2015-04-15,12.34,12.66,11.86,12.14,250745
2015-04-16,11.82,12.46,11.46,12.28,289996
2015-04-17,12.3,12.33,11.88,11.98,343593
2015-04-20,11.82,11.82,10.93,10.96,375121
2015-04-21,10.92,11.52,10.85,11.41,259915
2015-04-22,11.56,12.39,11.52,12.27,363632
2015-04-23,12.28,12.57,12.01,12.23,302347
2015-04-24,12.06,12.2,11.42,11.74,289210
2015-04-27,11.85,12.46,11.66,11.86,331488
2015-04-28,11.86,11.97,10.95,11.06,293469
2015-04-29,11.05,11.78,10.98,11.78,258323
2015-04-30,11.86,12.09,11.67,11.83,206861
2015-05-04,11.82,11.82,11.36,11.49,136656
2015-05-05,11.51,11.68,10.59,10.75,287781
2015-05-06,10.86,11.1,10.62,10.86,195519
2015-05-07,10.77,12.18,10.66,11.95,478815
2015-05-08,12.4,13.0,12.14,12.76,497639
2015-05-11,12.84,14.16,12.59,13.82,521264
2015-05-12,13.82,13.85,13.18,13.51,319570
2015-05-13,13.18,13.5,13.02,13.25,279818
2015-05-14,13.42,13.7,12.78,13.01,235087
2015-05-15,13.18,14.23,12.85,14.16,490553
2015-05-18,14.18,15.42,13.86,14.89,394115
2015-05-19,14.92,15.16,14.27,14.88,290889
2015-05-20,14.94,16.02,14.41,14.55,282953
2015-05-21,14.74,15.83,14.53,15.69,302142
2015-05-22,15.77,15.98,14.69,15.16,361590
2015-05-25,15.06,15.94,14.5,15.55,431008
2015-05-26,15.54,16.3,15.32,16.0,381577
2015-05-27,16.02,16.34,15.1,15.83,321633
2015-05-28,15.74,15.74,13.97,14.02,301976
2015-05-29,13.9,14.59,13.22,13.92,349504
2015-06-01,13.96,14.85,13.96,14.62,298117
2015-06-02,14.64,15.46,14.55,15.39,320668
2015-06-03,15.37,15.39,13.95,14.66,343682
2015-06-04,14.57,14.57,12.9,13.97,362893
2015-06-05,13.98,14.34,13.5,13.89,345681
2015-06-08,13.7,14.28,13.3,13.83,289576
2015-06-09,14.1,14.12,13.38,13.53,241156
2015-06-10,13.43,14.24,13.1,13.95,319448
2015-06-11,14.06,14.6,13.98,14.33,296532
2015-06-12,14.34,14.83,14.14,14.36,275191
2015-06-15,14.37,14.6,13.37,13.39,282595
2015-06-16,13.44,13.44,12.38,12.49,261603
2015-06-17,12.51,13.3,12.26,13.29,221346
2015-06-18,13.1,13.35,12.5,12.52,215212
2015-06-19,12.49,12.49,11.4,11.66,224848
2015-06-23,11.78,12.1,10.78,12.05,237998
2015-06-24,12.05,12.34,11.65,12.02,196254
2015-06-25,12.04,12.13,11.11,11.26,163585
2015-06-26,10.9,10.97,9.84,9.84,252371
2015-06-29,10.1,10.18,8.57,8.71,320387
2015-06-30,8.7,9.87,8.7,9.87,403112
2015-07-01,10.3,11.14,10.0,10.26,490555
2015-07-02,10.3,11.28,9.1,10.7,513945
2015-07-03,10.68,11.78,9.35,10.42,433773
2015-07-06,11.72,11.72,10.44,11.44,693912
2015-07-07,10.89,11.37,10.01,10.01,454827
2015-07-13,11.3,11.3,11.3,11.3,27000
2015-07-14,12.72,12.72,12.72,12.72,37879
2015-07-15,12.7,12.86,11.16,11.35,375774
2015-07-16,11.35,12.3,10.33,11.95,248158
2015-07-17,12.08,13.01,12.06,12.7,268109
2015-07-20,12.72,13.34,12.35,12.68,256227
2015-07-21,12.65,13.94,12.31,13.35,233704
2015-07-22,12.96,13.96,12.96,13.62,178246
2015-07-23,13.62,13.85,12.98,13.59,199232
2015-07-24,13.62,13.79,12.25,12.46,204849
2015-07-27,12.3,12.9,11.02,11.28,227546
2015-07-28,10.99,12.23,10.77,12.22,281227
2015-07-29,12.26,12.93,11.98,12.88,187274
2015-07-30,12.88,13.41,12.3,12.34,132451
2015-07-31,12.33,13.3,12.3,13.29,219010
2015-08-03,13.1,13.77,12.28,13.32,343732
2015-08-04,13.29,13.88,13.06,13.82,210817
2015-08-05,13.85,13.85,12.9,12.94,172604
2015-08-06,12.7,13.35,12.3,12.77,98111
2015-08-07,12.93,13.39,12.9,13.13,107675
2015-08-10,13.17,13.73,13.13,13.6,178913
2015-08-11,13.58,13.58,12.77,12.86,189874
2015-08-12,12.91,13.07,12.34,12.37,154435
2015-08-13,12.04,12.89,12.04,12.69,96004
2015-08-14,12.73,12.9,12.38,12.6,103191
2015-08-17,12.98,13.98,12.97,13.51,264006
2015-08-18,13.68,13.73,12.18,12.49,159795
2015-08-19,12.3,13.3,11.88,13.2,156871
2015-08-20,13.04,13.37,12.7,12.7,113672
2015-08-21,12.62,12.88,11.77,11.86,126629
2015-08-24,11.2,11.26,10.38,10.38,168290
2015-08-25,9.1,10.66,9.1,9.5,206860
2015-08-26,9.62,10.74,9.25,9.9,200524
2015-08-27,10.3,11.14,10.3,11.13,205754
2015-08-28,11.32,12.05,11.3,11.83,150786
2015-08-31,11.47,11.73,11.05,11.39,113796
2015-09-01,11.34,11.34,10.32,11.07,145474
2015-09-02,10.42,11.43,9.94,11.43,173898
2015-09-07,11.2,11.89,10.77,10.83,103344
2015-09-08,10.66,11.39,10.58,11.23,57894
2015-09-09,11.37,11.78,11.21,11.38,97503
2015-09-10,11.26,11.39,10.87,10.88,58212
2015-09-11,10.69,10.97,10.1,10.42,102197
2015-09-14,10.7,10.77,9.97,10.1,110688
2015-09-15,10.0,10.18,9.05,9.29,100032
2015-09-16,9.33,10.43,9.05,10.34,82761
2015-09-17,10.07,10.43,9.9,9.9,106035
2015-09-18,9.85,10.08,9.46,9.66,96621
2015-09-21,9.46,10.07,9.4,10.03,80469
2015-09-22,10.09,10.85,9.96,10.37,93924
2015-09-23,10.11,10.28,9.97,9.99,47967
2015-09-24,10.1,10.5,10.0,10.09,51312
2015-09-25,10.08,10.23,9.72,9.74,37010
2015-09-28,9.76,10.09,9.64,10.07,47613
2015-09-29,9.91,10.45,9.79,10.26,60379
2015-09-30,10.24,10.75,10.15,10.62,64556
2015-10-08,11.44,11.44,10.93,11.06,120453
2015-10-09,11.06,11.19,10.82,10.96,57287
2015-10-12,10.97,11.56,10.89,11.23,142137
2015-10-13,11.1,11.26,10.95,11.05,117182
2015-10-14,11.1,11.24,10.75,10.93,85631
2015-10-15,10.78,11.28,10.78,11.24,98928
2015-10-16,11.36,11.58,10.9,11.1,98786
2015-10-19,11.13,11.21,10.46,10.7,131242
2015-10-20,10.64,10.88,10.58,10.79,98136
2015-10-21,10.79,10.9,9.82,10.0,141573
2015-10-22,10.01,10.39,9.76,10.29,100077
2015-10-23,10.34,10.68,10.08,10.56,155506
2015-10-26,10.57,10.73,10.07,10.26,178193
2015-10-27,10.17,10.62,9.9,10.58,136279
2015-10-28,10.57,11.17,10.45,10.85,200894
2015-10-29,10.93,11.1,10.77,10.96,134323
2015-10-30,10.93,11.25,10.77,11.07,108194
2015-11-02,10.99,11.97,10.9,11.54,157348
2015-11-03,11.54,11.74,11.25,11.27,95454
2015-11-04,11.31,11.85,11.31,11.79,125914
2015-11-05,11.74,11.94,11.5,11.65,125183
2015-11-06,11.8,11.83,11.54,11.74,166923
2015-11-09,11.58,11.82,11.29,11.65,149941
2015-11-10,11.56,11.78,11.42,11.63,126472
2015-11-11,11.66,11.69,11.34,11.53,114600
2015-11-12,11.63,12.17,11.6,11.82,184833
2015-11-13,11.67,11.67,11.23,11.25,104709
2015-11-16,11.5,12.29,11.5,11.82,340500
2015-11-17,11.89,11.89,11.5,11.55,228793
2015-11-18,11.49,11.5,11.05,11.08,152150
2015-11-19,11.08,11.28,11.04,11.25,126263
2015-11-20,11.29,11.38,10.93,11.06,184156
2015-11-23,11.25,11.89,11.16,11.42,255744
2015-11-24,11.42,11.7,11.18,11.64,154868
2015-11-25,11.5,11.95,11.49,11.72,153630
2015-11-26,11.77,12.12,11.69,11.73,158385
2015-11-27,11.73,12.05,11.33,11.56,239982
2015-11-30,11.55,12.8,11.51,12.58,344654
2015-12-01,12.38,12.45,12.02,12.18,195351
2015-12-02,12.22,12.48,11.54,12.13,164216
2015-12-03,12.14,12.37,11.9,12.25,129027
2015-12-04,12.16,12.58,12.1,12.17,145052
2015-12-07,12.3,12.53,11.9,12.35,96510
2015-12-08,12.26,12.49,11.93,11.97,138248
2015-12-09,11.9,12.19,11.83,12.06,72259
2015-12-10,12.1,12.46,11.83,12.3,129562
2015-12-11,12.33,12.65,12.11,12.19,112254
2015-12-14,11.97,12.23,11.82,12.21,100874
2015-12-15,12.24,12.42,12.11,12.17,94644
2015-12-16,12.29,12.82,12.1,12.62,159964
2015-12-17,12.62,12.82,12.51,12.7,170390
2015-12-18,12.62,12.74,12.37,12.42,97541
2015-12-21,12.4,13.1,12.34,12.94,155096
2015-12-22,12.92,13.14,12.72,12.98,95452
2015-12-23,12.97,13.59,12.58,12.68,120137
2015-12-24,12.7,13.09,12.49,12.87,78871
2015-12-25,12.87,13.13,12.63,12.78,65095
2015-12-28,12.8,13.09,12.15,12.19,126066
2015-12-29,12.29,12.29,11.9,12.08,78431
2015-12-30,12.14,12.48,12.1,12.25,96021
2015-12-31,12.27,12.34,11.84,11.86,90614
2016-01-04,11.99,11.99,10.38,10.75,127928
2016-01-05,10.42,11.09,10.25,10.75,191526
2016-01-06,11.01,11.13,10.63,11.02,126113
2016-01-07,10.82,10.82,9.95,10.03,28339
2016-01-08,10.51,10.65,9.95,10.54,139432
2016-01-11,10.7,11.16,10.3,10.69,174185
2016-01-12,10.42,11.3,10.42,10.82,118623
2016-01-13,10.9,11.18,10.58,10.7,95901
2016-01-14,10.36,10.96,10.1,10.91,106420
2016-01-15,10.88,10.88,10.02,10.15,119120
2016-01-18,10.14,10.51,10.03,10.23,122679
2016-01-19,10.22,10.85,10.22,10.73,122945
2016-01-20,10.62,11.13,10.58,10.99,101738
2016-01-21,10.72,11.21,10.66,10.7,75642
2016-01-22,10.78,11.01,10.38,10.69,57811
2016-01-25,10.76,10.85,10.54,10.69,63195
2016-01-26,10.66,10.66,9.33,9.33,123418
2016-01-27,9.2,9.35,8.11,8.45,188546
2016-01-28,8.26,9.09,8.12,8.43,120040
2016-01-29,8.52,9.08,8.5,8.95,58990
2016-02-01,8.86,9.2,8.42,8.68,55156
2016-02-02,8.7,9.52,8.7,9.44,68078
2016-02-03,9.22,9.64,9.19,9.56,33674
2016-02-04,9.56,9.9,9.51,9.59,45715
2016-02-05,9.59,9.79,9.25,9.42,39003
2016-02-15,9.05,9.43,9.03,9.36,33356
2016-02-16,9.4,9.8,9.33,9.78,75305
2016-02-17,9.7,9.87,9.54,9.82,65641
2016-02-18,10.26,10.89,10.0,10.44,130808
2016-02-19,10.36,11.01,10.36,10.94,160500
2016-02-22,10.94,11.25,10.7,10.9,127404
2016-02-23,11.1,11.21,10.83,11.09,102112
2016-02-24,11.04,11.23,10.38,10.74,105234
2016-02-25,10.71,10.72,9.77,9.93,96833
2016-02-26,9.96,10.81,9.96,10.69,142306
2016-02-29,10.13,10.13,9.33,9.46,244089
2016-03-01,9.46,9.77,8.91,9.64,106551
2016-03-02,9.65,10.08,9.4,10.06,114023
2016-03-03,9.91,10.15,9.82,9.88,82429
2016-03-04,9.9,10.11,9.79,10.0,144060
2016-03-07,10.08,10.5,10.07,10.24,78299
2016-03-08,10.22,10.52,9.7,10.31,61213
2016-03-09,10.06,10.3,9.75,9.84,56313
2016-03-10,9.89,10.0,9.39,9.39,48260
2016-03-11,9.37,9.49,9.26,9.38,64152
2016-03-14,9.6,9.92,9.56,9.7,84831
2016-03-15,9.72,9.89,9.6,9.67,46127
2016-03-16,9.78,9.82,9.38,9.41,51340
2016-03-17,9.49,9.91,9.42,9.79,82348
2016-03-18,10.08,10.41,9.86,10.32,118565
2016-03-21,10.54,10.73,10.3,10.64,135917
2016-03-22,10.63,10.91,10.5,10.75,119952
2016-03-23,11.06,11.1,10.49,10.88,148632
2016-03-24,10.72,11.48,10.62,11.14,201585
2016-03-25,11.1,11.19,10.55,10.9,150051
2016-03-28,11.01,11.1,10.68,10.86,112838
2016-03-29,10.86,10.89,10.38,10.48,88370
2016-03-30,10.61,11.48,10.61,11.43,227392
2016-03-31,11.34,11.71,11.24,11.51,231930
2016-04-01,11.38,11.43,11.1,11.38,154301
2016-04-05,11.33,11.82,11.29,11.66,189360
2016-04-06,11.58,12.14,11.47,12.02,259024
2016-04-07,11.97,11.98,11.51,11.65,177774
2016-04-08,11.54,11.57,11.18,11.52,128464
2016-04-11,11.66,11.92,11.5,11.77,147018
2016-04-12,11.66,11.69,11.01,11.24,173454
2016-04-13,11.28,11.53,11.15,11.29,156115
2016-04-14,11.39,11.44,11.26,11.44,92047
2016-04-15,11.48,11.48,11.21,11.28,77028
2016-04-18,11.2,11.2,10.73,10.78,127672
2016-04-19,10.9,11.18,10.72,11.09,118887
2016-04-20,11.24,11.24,10.3,10.54,191795
2016-04-21,10.5,10.73,10.42,10.43,84141
2016-04-22,10.46,10.73,10.32,10.72,68218
2016-04-25,10.71,10.74,10.34,10.53,80435
2016-04-26,10.6,10.61,10.17,10.41,117415
2016-04-27,10.42,10.53,10.28,10.38,169247
2016-04-28,10.34,11.0,10.34,10.77,313326
2016-04-29,10.91,11.44,10.83,11.05,462122
2016-05-03,11.04,11.72,11.01,11.69,458539
2016-05-04,11.68,11.82,11.49,11.57,304648
2016-05-05,11.57,11.76,11.44,11.58,175451
2016-05-06,11.65,11.84,11.03,11.11,334111
2016-05-09,10.96,11.01,10.6,10.73,192140
2016-05-10,10.73,11.04,10.67,10.86,170265
2016-05-11,10.96,11.16,10.38,10.46,260359
2016-05-12,10.28,10.7,9.99,10.63,172343
2016-05-13,10.67,10.84,10.43,10.54,102024
2016-05-16,10.43,10.77,10.38,10.77,114962
2016-05-17,10.81,10.83,10.49,10.63,133942
2016-05-18,10.5,10.59,10.09,10.38,145419
2016-05-19,10.38,10.58,10.27,10.29,105388
2016-05-20,10.19,10.29,9.98,10.26,119136
2016-05-23,10.29,10.47,10.24,10.34,143737
2016-05-24,10.3,10.46,10.24,10.28,100622
2016-05-25,10.37,10.42,10.09,10.12,115740
2016-05-26,10.16,10.18,9.69,9.99,150289
2016-05-27,9.97,10.16,9.88,9.93,132138
2016-05-30,9.83,10.08,9.73,9.95,105422
2016-05-31,9.93,10.52,9.93,10.47,232890
2016-06-01,10.48,10.52,10.33,10.38,178174
2016-06-02,10.34,10.44,10.28,10.37,156495
2016-06-03,10.41,10.78,10.3,10.66,250363
2016-06-06,10.61,10.82,10.48,10.52,139912
2016-06-07,10.48,10.6,10.28,10.37,142263
2016-06-08,10.37,10.43,10.19,10.33,132826
2016-06-13,10.33,10.53,9.89,9.89,164679
2016-06-14,9.89,9.96,9.71,9.87,122642
2016-06-15,9.72,10.33,9.67,10.23,185393
2016-06-16,10.18,10.18,9.87,9.89,178724
2016-06-17,9.89,10.12,9.89,9.94,107543
2016-06-20,9.93,10.24,9.9,10.15,132308
2016-06-21,10.25,10.25,9.92,9.96,160008
2016-06-22,9.98,10.1,9.87,10.08,93699
2016-06-23,10.08,10.41,9.94,10.27,193396
2016-06-24,10.18,10.21,9.78,10.0,219840
2016-06-27,9.9,10.19,9.88,10.13,124017
2016-06-28,10.1,10.22,9.95,10.16,149984
2016-06-29,10.2,10.54,10.2,10.29,211115
2016-06-30,10.29,10.34,10.19,10.28,112196
2016-07-01,10.32,10.54,10.27,10.4,153952
2016-07-04,10.29,11.46,10.29,11.36,515210
2016-07-05,11.34,11.55,11.07,11.13,329004
2016-07-06,11.07,11.47,11.06,11.11,290996
2016-07-07,11.02,11.18,10.69,11.11,259060
2016-07-08,11.03,11.26,10.86,11.03,149327
2016-07-11,11.12,11.59,11.05,11.28,306440
2016-07-12,11.28,11.39,10.94,11.18,217623
2016-07-13,11.31,11.63,11.25,11.37,212505
2016-07-14,11.28,11.56,11.28,11.41,144382
2016-07-15,11.55,12.27,11.34,12.05,532182
2016-07-18,11.94,12.27,11.85,11.92,226114
2016-07-19,11.88,11.92,11.49,11.67,242671
2016-07-20,11.64,11.86,11.5,11.78,158614
2016-07-21,11.86,12.22,11.8,11.88,240958
2016-07-22,11.87,11.97,11.73,11.83,98521
2016-07-25,11.73,11.85,11.53,11.61,157408
2016-07-26,11.72,12.13,11.64,11.91,291357
2016-07-27,11.88,12.0,10.98,11.19,416616
2016-07-28,11.2,11.92,11.17,11.79,386541
2016-07-29,11.8,12.25,11.8,12.06,681277
2016-08-01,12.06,12.44,11.6,12.16,460288
2016-08-02,11.99,12.44,11.9,12.05,267387
2016-08-03,12.12,12.92,12.12,12.86,644587
2016-08-04,12.68,12.97,12.6,12.89,326631
2016-08-05,12.87,13.06,12.54,12.68,240113
2016-08-08,12.62,12.76,12.33,12.66,205367
2016-08-09,12.66,13.16,12.65,12.73,361646
2016-08-10,12.74,13.0,12.5,12.97,247435
2016-08-11,12.84,12.92,12.52,12.53,196289
2016-08-12,12.51,12.67,12.37,12.54,149368
2016-08-15,12.61,13.14,12.46,13.14,349404
2016-08-16,13.28,13.46,12.88,13.1,294780
2016-08-17,13.07,13.34,12.89,13.25,220150
2016-08-18,13.25,13.3,12.91,12.98,160030
2016-08-19,13.08,13.23,12.92,13.0,208738
2016-08-22,13.01,13.14,12.74,12.77,144664
2016-08-23,12.81,12.9,12.64,12.74,119476
2016-08-24,12.78,13.21,12.74,13.12,234659
2016-08-25,13.08,13.08,12.49,12.75,197484
2016-08-26,12.76,12.88,12.54,12.57,143809
2016-08-29,12.6,12.76,12.41,12.55,151818
2016-08-30,12.56,12.69,12.47,12.63,164087
2016-08-31,12.54,12.61,12.21,12.32,197815
2016-09-01,12.32,12.42,12.24,12.34,87048
2016-09-02,12.36,12.41,12.08,12.11,111763
2016-09-05,12.12,12.55,12.09,12.49,149270
2016-09-06,12.53,12.98,12.53,12.83,250538
2016-09-07,12.83,12.84,12.33,12.44,374297
2016-09-08,12.38,12.6,12.2,12.28,245304
2016-09-09,12.35,12.4,12.08,12.12,227785
2016-09-12,11.96,12.08,11.88,11.96,206578
2016-09-13,12.03,12.22,12.0,12.07,159350
2016-09-14,12.06,12.14,11.88,11.93,102683
2016-09-19,11.99,12.32,11.98,12.1,180107
2016-09-20,12.13,12.32,12.1,12.27,142596
2016-09-21,12.29,12.42,12.19,12.24,93571
2016-09-22,12.33,12.53,12.21,12.21,134198
2016-09-23,12.25,12.32,11.98,12.11,118057
2016-09-26,12.09,12.13,11.79,11.84,110966
2016-09-27,11.79,12.06,11.78,12.06,107511
2016-09-28,12.04,12.38,11.99,12.18,142436
2016-09-29,12.19,12.84,12.19,12.76,391377
2016-09-30,12.73,12.86,12.59,12.69,129892
2016-10-10,12.84,13.02,12.76,12.94,219374
2016-10-11,12.91,13.03,12.79,13.02,170748
2016-10-12,12.96,13.16,12.83,12.99,140700
2016-10-13,13.11,13.43,12.92,12.97,216840
2016-10-14,12.98,13.0,12.64,12.82,138951
2016-10-17,12.81,12.86,12.26,12.4,305665
2016-10-18,12.01,12.07,11.19,11.63,1044622
2016-10-19,11.58,11.71,11.41,11.5,446934
2016-10-20,11.5,11.84,11.49,11.68,482395
2016-10-21,11.69,11.79,11.46,11.65,230231
2016-10-24,11.66,11.78,11.55,11.65,322420
2016-10-25,11.73,12.23,11.7,12.11,555207
2016-10-26,12.12,12.22,11.86,11.88,218072
2016-10-27,11.93,12.12,11.8,11.98,177834
2016-10-28,11.97,12.21,11.89,11.95,167737
2016-10-31,11.91,11.93,11.63,11.8,132472
2016-11-01,11.8,11.99,11.77,11.89,121599
2016-11-02,11.83,11.91,11.54,11.58,190693
2016-11-03,11.59,11.64,11.33,11.39,247839
2016-11-04,11.38,11.54,11.38,11.44,147449
2016-11-07,11.43,11.46,11.28,11.34,116651
2016-11-08,11.39,11.65,11.39,11.48,137188
2016-11-09,11.57,11.57,11.18,11.4,133900
2016-11-10,11.43,11.56,11.38,11.47,184620
2016-11-11,11.44,11.49,11.21,11.48,250158
2016-11-14,11.44,11.49,11.31,11.4,227988
2016-11-15,11.41,11.45,11.26,11.4,156337
2016-11-16,11.43,11.56,11.39,11.46,220758
2016-11-17,11.47,11.48,11.38,11.46,113108
2016-11-18,11.45,11.47,11.36,11.37,77571
2016-11-21,11.39,11.39,11.27,11.33,132898
2016-11-22,11.3,11.33,11.19,11.28,183705
2016-11-23,11.29,11.32,11.16,11.18,261350
2016-11-24,11.13,11.28,11.06,11.21,179321
2016-11-25,11.2,11.36,11.05,11.33,188510
2016-11-28,11.38,11.39,11.25,11.32,133734
2016-11-29,11.31,11.75,11.16,11.61,461072
2016-11-30,11.54,11.78,11.43,11.49,202310
2016-12-01,11.56,11.56,11.38,11.41,120529
2016-12-02,11.42,11.45,11.21,11.23,117895
2016-12-05,11.23,11.56,11.18,11.46,215259
2016-12-06,11.46,11.63,11.38,11.42,132711
2016-12-07,11.47,11.47,11.24,11.46,108550
2016-12-08,11.45,11.46,11.29,11.3,101808
2016-12-09,11.3,11.35,11.21,11.24,97099
2016-12-12,11.26,11.31,10.57,10.6,188085
2016-12-13,10.62,10.83,10.48,10.55,122938
2016-12-14,10.58,10.62,10.33,10.4,110579
2016-12-15,10.39,10.52,10.23,10.34,122481
2016-12-16,10.38,10.41,10.26,10.37,96925
2016-12-19,10.39,10.48,10.35,10.38,85931
2016-12-20,10.45,10.46,10.32,10.38,54676
2016-12-21,10.39,10.58,10.39,10.55,84036
2016-12-22,10.56,10.58,10.27,10.37,99657
2016-12-23,10.38,10.49,10.31,10.39,80953
2016-12-26,10.39,10.4,10.17,10.38,80809
2016-12-27,10.39,10.46,10.28,10.45,76462
2016-12-28,10.41,10.51,10.39,10.51,79424
2016-12-29,10.49,10.61,10.42,10.58,121368
2016-12-30,10.58,10.95,10.54,10.86,163735
2017-01-03,10.88,11.01,10.81,10.87,82088
2017-01-04,10.86,10.97,10.78,10.95,76069
2017-01-05,10.83,10.94,10.73,10.76,100419
2017-01-06,10.75,10.8,10.33,10.5,240082
2017-01-09,10.53,10.54,10.36,10.45,90496
2017-01-10,10.44,10.54,10.4,10.44,120028
2017-01-11,10.44,10.46,10.3,10.35,95002
2017-01-12,10.36,10.48,10.32,10.34,71325
2017-01-13,10.37,10.59,10.36,10.43,133553
2017-01-16,10.5,10.81,10.18,10.54,208463
2017-01-17,10.53,10.8,10.46,10.72,133760
2017-01-18,10.79,11.01,10.65,10.81,136084
2017-01-19,10.82,10.82,10.6,10.72,106179
2017-01-20,10.76,11.03,10.7,10.99,135404
2017-01-23,10.88,11.06,10.61,10.74,341448
2017-01-24,10.68,10.86,10.64,10.78,146834
2017-01-25,10.75,11.07,10.67,10.89,177963
2017-01-26,10.97,11.03,10.78,10.88,111507
2017-02-03,10.86,11.14,10.69,11.08,161421
2017-02-06,11.01,11.33,11.0,11.23,180617
2017-02-07,11.18,11.26,11.0,11.14,92735
2017-02-08,11.14,11.5,10.95,11.44,215170
2017-02-09,11.37,11.56,11.34,11.45,163209
2017-02-10,11.46,11.5,11.22,11.3,127267
2017-02-13,11.29,11.46,11.25,11.41,128964
2017-02-14,11.38,11.46,11.24,11.3,96476
2017-02-15,11.28,11.33,11.07,11.08,112808
2017-02-16,11.06,11.34,11.05,11.26,121593
2017-02-17,11.3,11.98,11.3,11.62,464905
2017-02-20,11.73,12.26,11.68,12.22,453483
2017-02-21,12.21,12.38,12.03,12.21,280401
2017-02-22,12.17,12.23,11.97,12.08,168808
2017-02-23,12.08,12.48,12.01,12.15,200980
2017-02-24,12.08,12.16,11.91,12.02,112906
2017-02-27,12.06,12.29,11.98,12.0,142993
2017-02-28,12.04,12.54,11.99,12.5,276431
2017-03-01,12.45,12.6,12.31,12.39,188479
2017-03-02,12.46,12.7,12.24,12.46,202037
2017-03-03,12.45,12.76,12.4,12.54,170598
2017-03-06,12.52,12.93,12.46,12.69,186610
2017-03-07,12.72,13.16,12.53,12.68,339717
2017-03-08,12.61,12.63,12.04,12.06,385117
2017-03-09,12.07,12.22,11.96,12.09,221414
2017-03-10,12.04,12.29,12.04,12.23,140663
2017-03-13,12.28,13.6,12.28,13.58,777384
2017-03-14,13.49,13.51,13.14,13.43,441218
2017-03-15,13.26,13.28,13.04,13.17,251940
2017-03-16,13.26,13.61,13.14,13.19,346320
2017-03-17,13.19,13.51,13.01,13.01,180168
2017-03-20,12.97,13.36,12.81,13.33,220240
2017-03-21,13.24,14.04,13.2,13.8,486692
2017-03-22,13.68,14.14,13.6,14.02,311809
2017-03-23,13.99,14.39,13.87,14.18,338412
2017-03-24,14.14,14.93,14.13,14.56,306518
2017-03-27,14.48,14.48,13.16,13.66,772584
2017-03-28,13.53,13.92,13.2,13.38,367182
2017-03-29,13.48,13.83,13.31,13.73,272420
2017-03-30,13.71,13.73,12.99,13.05,349143
2017-03-31,13.05,13.37,13.04,13.15,191678
2017-04-05,13.21,13.65,13.21,13.52,165617
2017-04-06,13.48,13.84,13.43,13.84,212094
2017-04-07,13.8,14.14,13.66,13.69,194537
2017-04-10,13.68,13.68,13.28,13.38,235926
2017-04-11,13.28,13.46,12.55,12.93,328874
2017-04-12,12.98,13.3,12.73,13.03,208482
2017-04-13,13.03,13.42,13.03,13.39,164593
2017-04-14,13.43,13.56,13.26,13.31,176011
2017-04-17,13.32,13.34,12.94,13.07,156077
2017-04-18,13.04,13.85,13.04,13.82,309389
2017-04-19,13.78,14.23,13.59,13.92,261061
2017-04-20,13.93,14.63,13.89,14.24,357991
2017-04-21,14.21,14.48,14.02,14.31,171519
2017-04-24,14.19,14.43,13.22,14.09,268286
2017-04-25,14.02,14.83,13.96,14.72,280096
2017-04-26,14.92,16.05,14.9,15.69,497458
2017-04-27,15.68,15.84,15.29,15.68,234285
2017-04-28,15.68,15.88,15.05,15.58,231554
2017-05-02,15.34,15.34,14.92,15.12,200492
2017-05-03,15.24,16.08,15.22,15.33,279494
2017-05-04,15.18,15.56,14.99,15.32,168173
2017-05-05,15.24,15.24,14.78,14.94,195742
2017-05-08,14.86,15.15,14.71,14.78,166513
2017-05-09,14.51,14.8,14.38,14.68,179829
2017-05-10,14.86,15.4,14.86,15.08,244213
2017-05-11,15.0,15.31,14.81,15.18,181909
2017-05-12,15.06,15.21,13.94,14.17,733440
2017-05-15,14.09,14.92,14.09,14.88,415508
2017-05-16,14.92,15.24,14.54,15.18,419427
2017-05-17,15.33,15.8,15.01,15.16,307440
2017-05-18,14.91,15.23,14.65,14.72,190597
2017-05-19,14.64,14.81,14.46,14.48,145188
2017-05-22,14.53,15.61,14.4,15.58,420844
2017-05-23,15.28,16.46,15.27,16.07,599064
2017-05-24,16.07,16.52,15.4,16.28,248960
2017-05-25,15.99,16.23,15.73,15.98,209315
2017-05-26,15.98,15.98,15.19,15.44,358859
2017-05-31,15.47,15.91,15.4,15.88,233566
2017-06-01,15.81,16.89,15.73,16.47,318050
2017-06-02,16.33,17.25,16.33,16.87,346410
2017-06-05,16.86,17.28,16.54,16.87,168445
2017-06-06,16.93,17.77,16.73,17.76,257624
2017-06-07,17.72,19.56,17.49,19.19,410493
2017-06-08,18.98,19.46,18.85,19.23,175714
2017-06-09,19.31,20.14,19.24,19.88,341282
2017-06-12,19.57,19.72,18.76,18.88,364984
2017-06-13,18.99,19.44,18.78,19.16,183073
2017-06-14,19.01,19.16,18.11,18.23,415320
2017-06-15,18.23,18.48,17.94,18.27,253077
2017-06-16,18.27,18.35,17.94,18.07,152876
2017-06-19,18.08,18.53,17.74,18.26,207853
2017-06-20,18.28,18.48,17.98,18.07,179947
2017-06-21,18.29,20.15,18.29,20.14,547852
2017-06-22,19.92,20.39,19.31,19.52,371097
2017-06-23,19.57,20.34,19.52,20.16,305481
2017-06-26,20.16,21.22,19.95,20.4,358841
2017-06-27,20.44,20.78,20.02,20.73,244567
2017-06-28,20.47,20.86,19.8,19.98,249822
2017-06-29,20.23,20.85,19.95,20.24,280458
2017-06-30,19.95,20.36,19.88,20.09,176192
2017-07-03,20.1,20.4,19.4,19.55,268349
2017-07-04,19.58,19.78,18.61,18.94,385629
2017-07-05,18.95,20.28,18.76,20.08,330638
2017-07-06,19.94,21.04,19.94,20.4,292089
2017-07-07,20.2,20.54,20.06,20.47,146930
2017-07-10,20.48,21.17,19.71,20.58,284458
2017-07-11,20.47,21.58,20.26,21.58,354560
2017-07-12,21.54,22.2,21.1,21.18,260709
2017-07-13,21.29,21.81,20.81,21.25,174175
2017-07-14,21.22,22.58,20.86,22.19,262812
2017-07-17,22.15,22.82,21.18,21.97,345038
2017-07-18,21.91,22.08,19.93,21.13,418353
2017-07-19,20.97,22.08,20.78,22.04,315720
2017-07-20,21.88,22.23,21.49,21.63,260654
2017-07-21,21.81,22.24,21.13,21.31,268405
2017-07-24,21.31,22.42,21.2,22.22,387265
2017-07-25,22.43,22.72,21.25,21.38,389111
2017-07-26,21.38,21.72,20.4,21.42,281304
2017-07-27,21.25,21.56,20.88,20.97,279703
2017-07-28,20.98,21.85,20.98,21.68,252791
2017-07-31,21.6,21.92,21.03,21.36,321547
2017-08-01,21.23,21.46,20.85,21.23,154928
2017-08-02,21.08,21.37,20.95,21.17,123727
2017-08-03,21.12,21.22,19.93,20.12,314487
2017-08-04,20.13,20.25,19.38,19.64,238351
2017-08-07,19.61,20.49,19.53,20.35,197818
2017-08-08,20.23,20.71,20.23,20.32,119380
2017-08-09,20.31,20.81,20.04,20.5,173711
2017-08-10,20.46,21.89,20.43,21.45,243704
2017-08-11,21.5,22.18,21.21,21.23,199289
2017-08-14,21.21,22.77,21.02,21.22,572254
2017-08-15,21.41,23.36,21.41,23.36,578419
2017-08-16,23.13,23.51,22.4,22.98,445511
2017-08-17,22.78,23.88,22.59,22.89,272995
2017-08-18,21.78,23.48,21.31,23.27,610807
2017-08-21,22.91,23.18,22.31,22.5,245137
2017-08-22,22.43,22.71,21.95,22.02,236267
2017-08-23,21.89,21.93,21.28,21.69,194021
2017-08-24,21.67,22.17,21.58,21.72,168850
2017-08-25,21.6,22.27,21.6,21.75,179762
2017-08-28,21.76,22.83,21.64,22.17,275019
2017-08-29,22.17,22.32,21.74,22.13,151081
2017-08-30,22.09,22.83,22.0,22.4,211149
2017-08-31,22.28,22.71,21.46,21.91,262388
2017-09-01,21.94,22.62,21.85,22.3,273724
2017-09-04,22.38,24.14,22.37,23.98,464989
2017-09-05,23.86,24.16,23.44,24.07,220866
2017-09-06,23.87,23.94,23.26,23.57,200250
2017-09-07,23.54,23.61,22.7,22.91,273603
2017-09-08,22.93,23.07,22.58,22.86,127019
2017-09-11,22.87,23.45,22.31,22.55,240384
2017-09-12,22.58,22.86,22.03,22.41,272167
2017-09-13,22.41,22.57,22.07,22.43,142973
2017-09-14,22.49,22.72,21.64,22.08,269857
2017-09-15,22.05,22.55,21.94,22.36,138156
2017-09-18,22.47,22.68,21.38,21.38,332319
2017-09-19,21.38,21.55,20.32,20.94,422648
2017-09-20,20.89,21.15,20.48,21.03,152311
2017-09-21,21.18,21.56,20.68,21.24,156602
2017-09-22,21.17,21.56,20.93,21.16,147317
2017-09-25,21.16,21.67,21.03,21.43,162865
2017-09-26,21.48,21.53,21.0,21.43,115812
2017-09-27,21.43,21.51,21.16,21.18,157023
2017-09-28,21.12,21.31,20.34,20.49,256348
2017-09-29,20.38,21.66,20.36,21.35,264344
2017-10-09,21.59,22.54,21.48,21.88,426559
2017-10-10,21.88,22.06,21.25,21.75,299040
2017-10-11,21.63,22.88,21.36,22.72,426963
2017-10-12,22.63,23.28,22.42,22.75,289536
2017-10-13,22.78,23.01,22.48,22.86,175260
2017-10-16,22.66,23.79,22.61,23.17,346901
2017-10-17,23.17,23.7,22.89,23.23,231888
2017-10-18,23.23,24.14,23.09,24.13,275382
2017-10-19,23.91,24.21,22.98,23.18,197558
2017-10-20,22.92,23.19,22.51,22.93,112914
2017-10-23,23.09,23.63,22.78,23.2,127890
2017-10-24,23.0,23.8,22.59,23.77,208083
2017-10-25,23.74,24.1,23.58,24.05,167830
2017-10-26,24.08,25.3,23.81,24.29,281881
2017-10-27,24.38,24.43,23.4,23.51,243275
2017-10-30,23.53,24.49,23.53,24.3,321732
2017-10-31,24.26,25.11,24.13,25.03,293710
2017-11-01,25.04,25.73,24.78,25.28,333734
2017-11-02,25.09,25.58,24.53,25.54,258541
2017-11-03,25.59,26.03,25.15,25.28,200458
2017-11-06,25.26,26.49,24.93,26.4,323392
2017-11-07,26.4,26.66,25.63,25.84,287172
2017-11-08,25.85,26.13,24.73,24.98,335108
2017-11-09,24.8,25.79,24.52,25.79,284899
2017-11-10,25.75,26.58,25.56,26.21,308264
2017-11-13,26.28,27.27,25.84,26.94,273185
2017-11-14,26.86,27.97,26.37,26.55,296135
2017-11-15,26.29,26.87,24.98,26.04,294318
2017-11-16,25.78,26.22,25.12,26.09,253325
2017-11-17,26.07,26.07,24.8,25.53,278500
2017-11-20,25.23,26.05,24.78,26.05,192639
2017-11-21,25.96,26.41,25.53,26.3,288697
2017-11-22,26.25,26.6,25.12,25.26,306592
2017-11-23,24.91,25.18,22.98,23.22,389519
2017-11-24,22.83,23.67,22.26,23.52,257003
2017-11-27,23.4,23.4,22.53,22.93,198509
2017-11-28,22.72,23.22,22.23,22.75,241391
2017-11-29,22.73,22.76,21.49,22.23,278375
2017-11-30,22.04,22.35,21.28,21.62,172810
2017-12-01,21.43,22.39,21.42,21.78,214108
2017-12-04,21.91,22.96,21.91,22.72,188590
2017-12-05,22.73,23.53,22.56,23.06,242984
2017-12-06,23.08,23.1,21.9,22.43,177646
2017-12-07,22.44,22.44,21.46,21.95,198355
2017-12-08,21.88,22.72,21.73,22.48,174185
2017-12-11,22.27,23.22,22.2,22.84,254044
2017-12-12,22.69,23.22,22.2,22.32,199489
2017-12-13,22.21,22.56,21.9,22.44,145520
2017-12-14,22.48,22.52,20.7,21.43,518675
2017-12-15,21.18,21.36,20.38,20.72,375567
2017-12-18,20.72,21.01,20.49,20.95,226551
2017-12-19,21.03,21.32,20.72,20.88,223281
2017-12-20,20.88,21.08,20.41,20.56,293255
2017-12-21,20.53,21.64,19.95,21.3,567718
2017-12-22,21.27,21.68,20.64,20.74,397350
2017-12-25,20.84,21.03,19.98,20.16,417230
2017-12-26,20.25,20.32,19.38,19.8,442310
2017-12-27,19.94,20.0,18.37,18.48,479713
2017-12-28,18.63,19.07,18.59,18.85,430208
2017-12-29,19.1,20.47,19.1,20.37,510634
2018-01-02,20.53,20.77,19.99,20.46,364273
2018-01-03,20.58,22.17,20.55,21.57,498015
2018-01-04,21.63,22.01,21.18,21.72,324525
2018-01-05,21.75,21.78,21.08,21.28,264152
2018-01-08,21.22,21.23,20.17,20.84,382427
2018-01-09,20.8,21.38,20.43,21.27,240953
2018-01-10,21.23,21.23,20.8,21.08,194979
2018-01-11,20.87,21.73,20.51,21.67,311502
2018-01-12,21.48,21.88,21.31,21.48,212896
2018-01-15,21.28,21.37,20.41,20.7,280365
2018-01-16,20.69,21.24,20.38,20.68,249009
2018-01-17,20.71,20.8,19.6,20.25,314459
2018-01-18,20.24,21.08,20.09,20.57,198097
2018-01-19,20.35,22.48,20.35,22.43,482689
2018-01-22,22.23,23.99,21.98,23.46,550540
2018-01-23,23.45,24.06,23.14,23.87,356024
2018-01-24,23.78,23.82,23.18,23.58,283599
2018-01-25,23.68,23.8,22.6,23.02,312608
2018-01-26,23.18,23.73,22.8,23.68,259200
2018-01-29,23.88,24.16,21.49,22.48,476106
2018-01-30,22.18,23.87,22.03,23.87,446149
2018-01-31,23.78,24.53,23.23,23.55,284210
2018-02-01,23.43,24.25,22.93,23.49,315412
2018-02-02,23.49,24.97,22.58,24.81,336304
2018-02-05,24.28,25.48,24.09,24.35,252311
2018-02-06,23.28,24.05,22.35,23.77,430383
2018-02-07,24.11,24.28,21.48,21.61,342993
2018-02-08,21.08,23.05,20.89,22.58,337020
2018-02-09,21.33,22.23,20.88,21.7,276959
2018-02-12,21.88,23.38,21.88,23.36,382160
2018-02-13,23.58,23.86,23.14,23.46,277320
2018-02-14,23.56,23.67,23.2,23.4,120946
2018-02-22,23.76,24.41,23.31,24.18,384867
2018-02-23,23.93,24.16,23.46,23.79,268977
2018-02-26,23.8,26.44,23.8,26.43,1110402
2018-02-27,26.44,26.68,26.05,26.68,510105
2018-02-28,26.41,27.08,25.94,26.18,474013
2018-03-01,25.89,27.73,25.85,27.65,592069
2018-03-02,27.28,27.55,25.59,25.62,624801
2018-03-05,25.65,26.17,25.18,25.91,345577
2018-03-06,25.92,26.62,25.81,26.03,292748
2018-03-07,25.88,25.93,25.22,25.48,239946
2018-03-08,25.44,25.72,25.0,25.68,243164
2018-03-09,25.78,26.99,25.78,26.58,397703
2018-03-12,26.96,27.83,26.73,27.18,347076
2018-03-13,27.08,27.08,26.07,26.23,298384
2018-03-14,25.88,26.4,25.62,25.71,195607
2018-03-15,25.53,26.23,25.32,25.94,240756
2018-03-16,25.89,25.94,24.31,24.46,544019
2018-03-19,24.44,24.78,23.89,24.4,301839
2018-03-20,24.26,24.47,23.62,24.44,248679
2018-03-21,24.53,25.41,24.51,24.57,382130
2018-03-22,24.6,24.9,23.68,23.86,278144
2018-03-23,22.31,22.94,21.78,22.49,484876
2018-03-26,21.94,23.49,21.93,23.42,366695
2018-03-27,24.03,24.3,23.68,23.96,355597
2018-03-28,23.43,24.33,23.18,23.51,248610
2018-03-29,23.76,23.76,22.22,22.75,328263
2018-03-30,22.93,23.33,22.76,22.9,288792
2018-04-02,22.25,22.26,21.21,21.68,756621
2018-04-03,21.29,21.94,21.28,21.78,265422
2018-04-04,21.84,22.02,20.98,21.14,459732
2018-04-09,21.06,21.83,21.0,21.68,292657
2018-04-10,21.83,22.69,21.78,22.54,333797
2018-04-11,22.78,22.97,22.15,22.44,289560
2018-04-12,22.46,22.91,22.28,22.54,176393
2018-04-13,22.65,22.85,22.34,22.48,145443
2018-04-16,22.46,22.49,21.73,22.21,213537
2018-04-17,21.96,22.21,19.73,20.48,528841
2018-04-18,20.57,20.57,19.46,20.0,590192
2018-04-19,20.05,20.58,19.78,20.27,321197
2018-04-20,20.33,20.96,20.03,20.08,308853
2018-04-23,20.33,20.96,20.13,20.41,244154
2018-04-24,20.57,21.09,20.29,21.01,242349
2018-04-25,20.78,21.08,20.55,20.77,190388
2018-04-26,20.77,20.9,19.55,19.59,336265
2018-04-27,19.46,20.07,19.11,19.78,347146
2018-05-02,19.94,20.58,19.64,20.12,213953
2018-05-03,20.11,21.28,20.04,21.2,287423
2018-05-04,21.3,21.45,20.99,21.08,196469
2018-05-07,21.18,21.39,20.8,21.25,210233
2018-05-08,21.31,21.9,21.23,21.6,244410
2018-05-09,21.6,21.7,21.09,21.3,148804
2018-05-10,21.28,21.71,21.05,21.4,183730
2018-05-11,21.65,22.03,21.43,21.48,259692
2018-05-14,21.88,22.58,21.78,22.0,281297
2018-05-15,22.3,22.38,21.69,22.18,173858
2018-05-16,22.02,23.12,21.86,22.56,293586
2018-05-17,22.58,22.81,22.25,22.56,133326
2018-05-18,22.48,22.54,22.08,22.4,115950
2018-05-21,22.67,23.53,22.67,23.35,268544
2018-05-22,23.47,23.53,23.06,23.35,134437
2018-05-23,23.31,23.86,23.1,23.42,218540
2018-05-24,23.4,23.4,21.88,22.2,286784
2018-05-25,21.98,22.18,21.51,21.73,269615
2018-05-28,20.49,22.32,19.66,21.78,299478
2018-05-29,21.48,22.48,21.38,22.14,230870
2018-05-30,21.65,21.91,21.21,21.3,198009
2018-05-31,21.4,21.97,21.26,21.73,185605
2018-06-01,21.63,21.84,20.98,21.18,165396
2018-06-04,21.35,21.59,20.68,20.7,163327
2018-06-05,20.74,21.91,20.73,21.9,281325
2018-06-06,21.9,22.33,21.39,21.68,201258
2018-06-07,21.78,21.97,21.32,21.48,122887
2018-06-08,21.52,22.08,21.28,21.48,191117
2018-06-11,21.43,22.25,21.43,21.78,226291
2018-06-12,21.68,21.95,21.59,21.86,240578
2018-06-13,21.86,21.86,20.86,20.9,199085
2018-06-14,20.78,21.09,20.33,20.58,126876
2018-06-15,20.61,20.71,19.98,20.05,154210
2018-06-19,19.58,19.81,18.96,19.1,206901
2018-06-20,19.07,19.54,18.62,19.28,182347
2018-06-21,19.38,19.5,18.89,18.96,126913
2018-06-22,18.93,19.56,17.98,19.44,124682
2018-06-25,19.7,20.23,19.63,19.72,186855
2018-06-26,19.36,20.26,19.13,20.06,117727
2018-06-27,20.22,20.38,18.98,19.08,201160
2018-06-28,19.06,19.39,18.68,18.71,129362
2018-06-29,18.94,20.23,18.91,20.03,200463
2018-07-02,20.13,20.61,19.58,19.58,194797
2018-07-03,19.97,20.12,18.36,19.51,252784
2018-07-04,19.48,19.48,18.23,18.45,203640
2018-07-05,18.44,18.62,16.84,17.03,354861
2018-07-06,16.98,17.11,15.08,15.23,883590
2018-07-09,15.48,16.2,15.38,16.12,539337
2018-07-10,16.41,17.98,16.23,17.89,566096
2018-07-11,17.18,17.43,16.58,17.01,324017
2018-07-12,17.35,18.08,17.23,17.62,395042
2018-07-13,17.79,17.87,17.28,17.37,310119
2018-07-16,17.57,17.73,16.76,17.08,245660
2018-07-17,17.24,17.28,16.33,16.76,257603
2018-07-18,16.91,16.94,16.59,16.67,209539
2018-07-19,16.85,17.74,16.73,17.3,416267
2018-07-20,17.29,17.69,16.73,17.52,256112
2018-07-23,17.38,18.41,17.3,17.78,362829
2018-07-24,17.83,18.76,17.83,18.45,354444
2018-07-25,18.37,18.44,17.57,18.15,285601
2018-07-26,18.01,18.31,17.63,17.76,263579
2018-07-27,17.63,17.68,16.68,17.1,313394
2018-07-30,16.98,17.18,15.81,16.15,424683
2018-07-31,16.2,16.83,15.96,16.27,287293
2018-08-01,16.38,16.58,15.47,15.61,371116
2018-08-02,15.18,15.4,14.17,14.47,520071
2018-08-03,14.18,14.37,12.9,13.47,918660
2018-08-06,13.46,13.74,12.88,13.07,386746
2018-08-07,13.23,13.37,12.61,13.32,407473
2018-08-08,13.35,13.52,12.78,12.81,301695
2018-08-09,12.83,14.34,12.82,14.21,754590
2018-08-10,14.16,14.35,13.9,14.17,307232
2018-08-13,13.98,14.28,13.84,14.19,215553
2018-08-14,14.18,14.18,13.71,13.86,182971
2018-08-15,13.86,13.91,13.07,13.21,264831
2018-08-16,13.06,13.79,12.92,13.49,303450
2018-08-17,13.7,13.87,13.3,13.38,279152
2018-08-20,13.6,13.85,12.86,13.26,350484
2018-08-21,13.14,13.18,11.78,12.43,1074090
2018-08-22,12.43,12.68,12.29,12.36,443422
2018-08-23,12.41,12.57,12.31,12.51,311827
2018-08-24,12.58,12.58,12.34,12.43,254904
2018-08-27,12.62,13.93,12.49,13.51,609831
2018-08-28,13.79,14.13,13.36,13.84,504471
2018-08-29,13.85,13.95,13.01,13.35,586663
2018-08-30,13.36,13.71,13.16,13.28,273054
2018-08-31,13.12,13.38,12.76,13.03,263242
2018-09-03,13.07,13.33,12.91,13.12,292672
2018-09-04,13.09,14.08,13.09,13.99,488937
2018-09-05,13.81,14.63,13.71,14.12,432082
2018-09-06,14.12,14.32,13.75,13.89,240222
2018-09-07,13.95,14.49,12.96,13.62,391506
2018-09-10,13.63,13.87,12.88,13.02,263063
2018-09-11,13.12,13.36,12.89,13.06,283091
2018-09-12,13.1,13.15,11.5,11.5,1130117
2018-09-13,11.68,11.84,10.77,11.66,1035135
2018-09-14,11.47,11.55,11.22,11.39,462314
2018-09-17,11.27,11.32,11.03,11.09,235712
2018-09-18,11.13,11.31,10.42,11.28,579470
2018-09-19,11.17,11.59,11.01,11.45,488280
2018-09-20,11.34,11.61,11.31,11.33,278021
2018-09-21,11.37,12.2,11.24,12.02,425935
2018-09-25,11.83,11.98,11.7,11.76,242434
2018-09-26,11.79,12.99,11.72,12.48,641177
2018-09-27,12.48,12.64,12.13,12.33,292513
2018-09-28,12.43,12.46,12.13,12.25,288046
2018-10-08,11.63,11.67,10.78,10.78,698126
2018-10-09,10.76,10.98,10.49,10.83,294808
2018-10-10,10.88,11.02,10.73,10.9,240178
2018-10-11,10.27,10.66,10.06,10.28,401646
2018-10-12,10.18,10.81,10.15,10.66,365874
2018-10-15,10.68,10.77,10.23,10.29,237622
2018-10-16,10.42,10.49,9.94,10.06,193362
2018-10-17,10.28,10.39,9.7,10.14,262963
2018-10-18,10.03,10.03,9.56,9.64,266465
2018-10-19,9.46,9.82,8.91,9.8,466957
2018-10-22,9.82,10.7,9.64,10.36,622605
2018-10-23,10.33,10.33,9.08,9.49,937794
2018-10-24,9.18,9.46,9.03,9.16,574629
2018-10-25,8.48,8.95,8.43,8.81,409265
2018-10-26,9.03,9.32,8.67,8.86,491261
2018-10-29,8.95,8.99,8.61,8.68,330786
2018-10-30,8.59,8.79,8.32,8.66,487699
2018-10-31,8.72,9.1,8.63,8.99,516657
2018-11-01,9.38,9.8,9.28,9.33,809111
2018-11-02,10.35,10.52,10.19,10.52,1295215
2018-11-05,10.56,11.19,10.48,10.98,1024842
2018-11-06,10.86,10.87,10.32,10.5,557845
2018-11-07,10.5,10.72,10.33,10.39,450118
2018-11-08,10.58,10.62,10.16,10.22,308738
2018-11-09,10.22,10.32,9.97,10.06,327571
2018-11-12,10.08,11.08,9.98,10.97,836069
2018-11-13,10.64,11.48,10.59,11.23,652032
2018-11-14,11.26,11.32,10.76,10.79,444115
2018-11-15,10.8,11.33,10.73,11.3,523815
2018-11-16,11.36,12.37,11.2,11.75,744815
2018-11-19,11.82,12.11,11.56,11.78,524490
2018-11-20,11.38,11.38,10.38,10.47,1318091
2018-11-21,10.33,10.57,10.19,10.48,643875
2018-11-22,10.57,10.64,10.39,10.57,315664
2018-11-23,10.46,10.53,9.93,10.05,506351
2018-11-26,10.05,10.38,10.01,10.28,294195
2018-11-27,10.31,10.31,9.93,10.06,315720
2018-11-28,10.06,10.65,9.95,10.56,521589
2018-11-29,10.69,10.83,10.22,10.24,496108
2018-11-30,10.21,10.83,10.08,10.82,526730
2018-12-03,11.78,11.94,11.33,11.37,1145139
2018-12-04,11.37,11.6,11.13,11.3,425881
2018-12-05,11.01,11.26,10.87,11.14,333167
2018-12-06,10.6,10.63,10.0,10.15,940542
2018-12-07,10.17,10.42,10.17,10.22,307760
2018-12-10,10.03,10.33,9.96,10.19,305286
2018-12-11,10.19,10.42,10.16,10.42,282704
2018-12-12,10.51,10.53,10.29,10.42,283901
2018-12-13,10.48,10.81,10.3,10.61,458874
2018-12-14,10.57,10.57,10.26,10.26,284860
2018-12-17,10.16,10.26,10.06,10.16,256338
2018-12-18,10.04,10.23,9.98,9.99,192787
2018-12-19,10.04,10.1,9.83,9.85,184858
2018-12-20,9.81,9.93,9.7,9.81,191201
2018-12-21,9.76,9.76,9.3,9.45,399074
2018-12-24,9.37,9.61,9.29,9.44,250262
2018-12-25,9.19,9.52,8.81,9.44,387349
2018-12-26,9.38,9.45,9.13,9.14,231907
2018-12-27,9.46,9.5,8.94,8.97,342802
2018-12-28,9.02,9.14,8.86,8.94,269184
2019-01-02,9.03,9.03,8.65,8.69,306933
2019-01-03,8.69,8.88,8.55,8.59,320349
2019-01-04,8.54,9.21,8.48,9.07,511264
2019-01-07,9.17,9.51,9.08,9.51,658453
2019-01-08,9.38,9.58,9.32,9.37,318698
2019-01-09,9.53,9.8,9.37,9.47,573656
2019-01-10,9.46,9.73,9.42,9.48,384514
2019-01-11,9.55,9.8,9.5,9.68,429272
2019-01-14,9.48,9.63,9.33,9.38,329370
2019-01-15,9.43,10.05,9.32,9.99,677763
2019-01-16,9.99,10.15,9.77,10.08,520421
2019-01-17,9.99,10.03,9.66,9.71,504634
2019-01-18,9.77,9.85,9.38,9.73,414024
2019-01-21,9.73,9.97,9.49,9.95,409808
2019-01-22,9.86,9.92,9.57,9.62,281475
2019-01-23,9.55,9.68,9.44,9.5,327014
2019-01-24,9.58,9.71,9.39,9.59,384659
2019-01-25,9.56,9.88,9.53,9.88,608736
2019-01-28,9.88,10.21,9.77,10.14,858628
2019-01-29,10.02,10.04,9.6,9.69,640443
2019-01-30,9.58,9.78,9.55,9.6,302293
2019-01-31,9.66,10.09,9.62,9.84,567081
2019-02-01,9.89,11.08,9.89,11.08,1470053
2019-02-11,11.03,11.82,10.86,11.48,1412506
2019-02-12,11.54,11.84,11.3,11.58,1003948
2019-02-13,11.57,12.74,11.48,12.49,1311228
2019-02-14,12.38,12.7,12.21,12.58,668990
2019-02-15,12.53,12.55,12.06,12.09,741013
2019-02-18,12.31,12.72,12.0,12.64,856180
2019-02-19,12.73,13.64,12.63,13.03,1240490
2019-02-20,13.06,13.18,12.52,12.84,511976
2019-02-21,12.71,13.57,12.61,13.29,962252
2019-02-22,13.27,13.92,12.91,13.83,803544
2019-02-25,14.43,14.9,14.03,14.73,1271140
2019-02-26,14.52,14.6,14.13,14.2,766760
2019-02-27,13.98,14.12,12.98,13.47,1077651
2019-02-28,13.33,13.53,13.1,13.31,585610
2019-03-01,13.48,13.57,12.79,13.15,725317
2019-03-04,13.86,14.71,13.63,13.97,1552241
2019-03-05,13.93,14.56,13.73,14.44,953752
2019-03-06,14.68,15.24,14.17,14.6,1053689
2019-03-07,14.48,14.63,13.94,14.33,812433
2019-03-08,13.75,14.82,13.54,14.13,1009713
2019-03-11,14.47,15.8,14.04,15.8,1228738
2019-03-12,15.66,15.98,15.17,15.58,1176428
2019-03-13,15.67,15.87,14.59,14.74,708073
2019-03-14,14.49,14.73,14.06,14.28,572415
2019-03-15,14.42,15.03,14.31,14.59,564754
2019-03-18,14.48,15.01,14.17,14.91,545104
2019-03-19,14.98,15.22,14.69,14.92,501648
2019-03-20,14.99,15.02,14.22,14.48,482924
2019-03-21,14.59,14.8,14.38,14.57,433565
2019-03-22,14.66,14.73,14.14,14.41,395292
2019-03-25,13.98,14.26,13.88,13.98,412358
2019-03-26,14.11,14.25,13.47,13.53,409591
2019-03-27,13.66,13.73,13.2,13.69,409302
2019-03-28,13.48,13.91,13.33,13.38,417523
2019-03-29,13.48,14.06,13.03,13.9,652213
2019-04-01,14.0,14.78,13.98,14.75,744197
2019-04-02,14.99,15.08,14.52,14.57,574051
2019-04-03,14.48,14.81,14.39,14.78,480370
2019-04-04,14.79,14.96,14.57,14.7,507148
2019-04-08,14.75,14.97,14.07,14.23,567653
2019-04-09,14.23,14.48,14.11,14.31,354963
2019-04-10,14.21,14.3,13.78,14.11,415604
2019-04-11,14.07,14.26,13.52,13.56,428017
2019-04-12,13.64,13.96,13.56,13.85,282320
2019-04-15,14.27,14.96,14.13,14.33,713378
2019-04-16,14.13,14.7,13.7,14.63,582960
2019-04-17,14.63,14.91,14.49,14.58,478779
2019-04-18,14.49,15.08,14.28,14.87,589775
2019-04-19,14.76,14.98,14.56,14.92,377659
2019-04-22,14.75,15.26,14.56,14.63,559331
2019-04-23,14.69,14.77,14.05,14.09,489147
2019-04-24,14.18,14.46,13.87,14.46,395429
2019-04-25,14.29,14.41,13.79,13.82,352277
2019-04-26,14.18,14.64,14.06,14.36,616174
2019-04-29,14.27,14.86,13.98,14.41,582154
2019-04-30,14.28,14.49,13.88,14.1,514318
2019-05-06,12.53,13.18,12.45,12.45,742813
2019-05-07,12.5,12.67,11.79,12.23,511092
2019-05-08,11.86,12.33,11.43,11.78,407889
2019-05-09,11.54,11.9,11.46,11.49,308177
2019-05-10,11.79,12.26,11.23,12.21,600427
2019-05-13,11.88,11.92,11.29,11.29,565043
2019-05-14,11.27,11.78,11.22,11.57,417200
2019-05-15,11.73,11.86,11.48,11.78,356707
2019-05-16,11.83,11.83,11.58,11.72,234052
2019-05-17,11.75,11.85,10.84,10.95,679494
2019-05-20,10.96,11.03,10.26,10.6,484347
2019-05-21,10.62,11.25,10.62,11.12,425391
2019-05-22,9.98,10.63,9.88,10.32,1073988
2019-05-23,10.09,10.14,9.71,9.74,701169
2019-05-24,9.88,10.08,9.68,9.9,640402
2019-05-27,9.9,10.4,9.72,10.34,651358
2019-05-28,10.31,10.5,10.17,10.32,459593
2019-05-29,10.18,10.4,10.11,10.24,325530
2019-05-30,10.18,10.42,9.91,10.3,405820
2019-05-31,10.19,10.34,10.07,10.1,330654
2019-06-03,10.12,10.33,10.05,10.25,388845
2019-06-04,10.24,10.24,9.89,9.96,323674
2019-06-05,10.09,10.22,9.9,10.0,297794
2019-06-06,10.07,10.07,9.71,9.73,296232
2019-06-10,9.8,10.84,9.74,10.56,723051
2019-06-11,10.56,10.98,10.38,10.95,676635
2019-06-12,10.82,10.94,10.66,10.72,387840
2019-06-13,10.72,10.86,10.56,10.79,336407
2019-06-14,10.85,11.04,10.58,10.63,387299
2019-06-17,10.58,10.73,10.48,10.56,224373
2019-06-18,10.54,10.67,10.47,10.59,186277
2019-06-19,11.58,11.7,11.24,11.36,933574
2019-06-20,11.38,11.87,11.29,11.74,550002
2019-06-21,11.88,12.03,11.58,11.74,487369
2019-06-24,11.59,11.73,11.48,11.61,263527
2019-06-25,11.55,11.66,11.33,11.44,282554
2019-06-26,11.36,11.82,11.3,11.68,268072
2019-06-27,11.83,12.3,11.83,12.17,473779
2019-06-28,12.08,12.2,11.8,12.1,314977
2019-07-01,12.85,13.18,12.77,12.96,799192
2019-07-02,12.96,12.96,12.61,12.67,369178
2019-07-03,12.59,12.66,12.21,12.34,304700
2019-07-04,12.33,12.54,12.2,12.32,212578
2019-07-05,12.35,12.5,12.26,12.26,220027
2019-07-08,12.13,12.13,11.49,11.67,431132
2019-07-09,11.65,11.82,11.41,11.74,264852
2019-07-10,11.82,12.12,11.8,12.02,339826
2019-07-11,12.04,12.24,11.83,11.95,266601
2019-07-12,12.0,12.14,11.85,11.99,148088
2019-07-15,11.99,12.12,11.48,11.97,303414
2019-07-16,11.88,11.96,11.66,11.72,179275
2019-07-17,11.66,12.15,11.58,12.0,290330
2019-07-18,11.82,11.94,11.65,11.7,232297
2019-07-19,11.78,12.25,11.78,12.02,274116
2019-07-22,12.47,13.05,12.13,12.66,826516
2019-07-23,12.65,12.95,12.59,12.86,367800
2019-07-24,12.78,13.23,12.76,12.97,402398
2019-07-25,12.94,13.96,12.9,13.81,623992
2019-07-26,13.73,14.12,13.67,13.96,467133
2019-07-29,13.86,14.16,13.75,13.95,339992
2019-07-30,14.36,14.57,13.64,13.7,633559
2019-07-31,13.83,13.94,13.62,13.73,327683
2019-08-01,13.61,13.93,13.54,13.73,304951
2019-08-02,13.16,13.16,12.6,12.95,707679
2019-08-05,12.92,13.15,12.68,12.69,419298
2019-08-06,12.35,12.64,11.98,12.46,465548
2019-08-07,12.54,12.61,12.12,12.12,321890
2019-08-08,12.28,12.41,11.97,12.38,368009
2019-08-09,12.29,12.38,11.59,11.76,500928
2019-08-12,11.83,12.69,11.8,12.63,531592
2019-08-13,12.4,12.63,12.25,12.37,304401
2019-08-14,12.88,13.22,12.68,12.71,531636
2019-08-15,12.42,13.63,12.09,13.47,580174
2019-08-16,13.48,14.5,13.4,14.27,848755
2019-08-19,14.49,14.75,13.91,14.48,989295
2019-08-20,14.5,15.23,14.5,14.98,739670
2019-08-21,14.93,15.18,14.79,15.02,376252
2019-08-22,15.14,15.2,14.51,14.72,518195
2019-08-23,14.88,14.92,14.46,14.58,338376
2019-08-26,14.1,14.68,14.04,14.22,472396
2019-08-27,14.48,14.74,14.31,14.48,475057
2019-08-28,14.43,14.43,14.06,14.12,267750
2019-08-29,14.19,14.34,13.99,14.1,225045
2019-08-30,14.31,14.43,13.58,13.64,600460
2019-09-02,13.69,14.26,13.68,14.11,483150
2019-09-03,14.18,14.82,14.03,14.77,716097
2019-09-04,14.73,14.78,14.38,14.75,422518
2019-09-05,14.78,15.21,14.62,14.72,587157
2019-09-06,14.83,15.38,14.79,15.38,610013
2019-09-09,15.64,16.13,15.35,15.93,735367
2019-09-10,15.93,15.95,15.48,15.57,436232
2019-09-11,15.68,15.76,15.13,15.21,399241
2019-09-12,15.34,15.52,15.19,15.5,283961
2019-09-16,15.53,15.88,15.46,15.56,294032
2019-09-17,15.39,15.43,14.83,15.08,392461
2019-09-18,15.07,15.12,14.75,14.92,311775
2019-09-19,15.03,15.63,14.96,15.6,407965
2019-09-20,15.64,15.76,15.38,15.67,333933
2019-09-23,15.68,15.69,15.08,15.42,329661
2019-09-24,15.38,15.86,15.14,15.55,449132
2019-09-25,15.33,15.46,14.86,14.89,359837
2019-09-26,15.05,15.52,14.92,14.99,444523
2019-09-27,14.94,15.48,14.7,15.43,332437
2019-09-30,15.28,15.43,14.79,14.85,258302
2019-10-10,14.13,14.38,13.13,13.85,1550806
2019-10-11,13.48,13.73,13.32,13.5,810318
2019-10-14,13.76,14.12,13.59,13.65,977610
2019-10-15,13.58,13.58,13.23,13.29,540141
2019-10-16,13.39,13.58,13.18,13.38,478768
2019-10-17,13.39,13.57,13.19,13.54,435661
2019-10-18,13.51,13.54,13.09,13.1,413194
2019-10-21,13.17,13.58,13.11,13.49,475483
2019-10-22,13.43,13.56,13.37,13.54,291600
2019-10-23,13.59,13.64,13.41,13.46,251390
2019-10-24,13.46,13.48,13.23,13.31,211416
2019-10-25,13.31,13.64,13.2,13.58,277065
2019-10-28,13.78,14.03,13.62,14.03,465994
2019-10-29,14.4,14.47,13.77,13.82,571113
2019-10-30,13.85,14.01,13.64,13.98,349937
2019-10-31,14.05,14.05,13.64,13.7,300067
2019-11-01,13.7,14.05,13.63,13.96,322860
2019-11-04,13.96,14.28,13.85,14.21,427556
2019-11-05,14.41,14.73,14.28,14.38,587372
2019-11-06,14.45,15.11,14.45,14.94,689520
2019-11-07,14.83,15.02,14.76,14.97,371914
2019-11-08,15.36,15.54,15.08,15.14,603666
2019-11-11,14.97,15.21,14.71,14.85,374767
2019-11-12,14.89,14.95,14.48,14.78,351780
2019-11-13,14.68,15.03,14.49,15.02,333480
2019-11-14,14.88,15.3,14.77,15.16,380001
2019-11-15,15.15,15.66,15.05,15.11,503396
2019-11-18,15.13,15.75,15.05,15.69,508974
2019-11-19,15.67,15.93,15.44,15.82,497150
2019-11-20,15.72,16.01,15.38,15.52,399509
2019-11-21,15.34,16.05,15.32,15.96,548223
2019-11-22,15.96,16.35,15.44,15.56,639821
2019-11-25,15.38,15.46,14.58,14.75,665199
2019-11-26,14.81,14.99,14.6,14.96,353327
2019-11-27,14.79,14.99,14.54,14.73,341553
2019-11-28,14.68,14.9,14.58,14.77,260822
2019-11-29,14.68,14.71,14.27,14.52,435928
2019-12-02,14.62,14.82,14.44,14.57,256217
2019-12-03,14.39,14.63,14.26,14.57,252552
2019-12-04,14.42,14.59,14.25,14.44,224001
2019-12-05,14.52,14.85,14.47,14.8,387731
2019-12-06,14.8,14.9,14.62,14.87,307438
2019-12-09,14.93,15.08,14.79,14.86,332469
2019-12-10,14.79,15.0,14.61,14.96,367732
2019-12-11,14.93,15.32,14.89,15.09,422573
2019-12-12,15.09,15.16,14.8,14.84,282621
2019-12-13,15.24,15.74,15.06,15.72,633318
2019-12-16,15.91,16.23,15.75,16.04,644225
2019-12-17,16.0,17.0,15.93,16.73,693528
2019-12-18,16.63,17.4,16.58,17.14,718202
2019-12-19,17.07,17.18,16.77,16.9,421921
2019-12-20,17.0,17.22,16.8,16.9,326036
2019-12-23,16.65,16.75,16.33,16.37,459131
2019-12-24,16.53,16.71,16.41,16.65,314485
2019-12-25,16.48,17.53,16.47,17.32,547110
2019-12-26,17.38,17.45,17.1,17.37,331055
2019-12-27,17.38,17.63,16.88,16.91,455545
2019-12-30,16.68,17.63,16.42,17.51,496690
2019-12-31,17.56,17.76,17.29,17.46,346604
2020-01-02,17.69,19.45,17.69,18.96,1079775
2020-01-03,19.05,19.37,18.73,19.07,569009
2020-01-06,18.85,19.78,18.75,19.62,737305
2020-01-07,19.93,20.36,19.09,19.31,617880
2020-01-08,18.48,19.13,18.3,18.53,854536
2020-01-09,18.83,19.06,18.53,18.94,566574
2020-01-10,18.95,19.34,18.58,18.75,445177
2020-01-13,18.75,19.34,18.61,19.24,547007
2020-01-14,19.43,19.67,19.08,19.26,504846
2020-01-15,19.14,19.34,18.69,19.21,451053
2020-01-16,19.27,19.28,18.61,18.7,473353
2020-01-17,18.69,18.93,18.28,18.36,563416
2020-01-20,18.46,19.24,18.3,19.2,654609
2020-01-21,19.21,19.22,18.59,18.73,371831
2020-01-22,18.38,19.23,17.87,18.99,564995
2020-01-23,18.7,18.95,17.36,17.7,728294
2020-02-03,15.69,16.25,15.69,15.69,760548
2020-02-04,15.7,16.96,15.7,16.84,729660
2020-02-05,16.83,17.72,16.74,17.19,608077
2020-02-06,17.19,17.72,16.92,17.55,571347
2020-02-07,17.48,18.2,17.24,17.87,676176
2020-02-10,17.84,18.1,17.64,17.86,509718
2020-02-11,17.9,17.98,17.38,17.51,516599
2020-02-12,17.57,18.04,17.42,17.96,621044
2020-02-13,17.98,18.11,17.43,17.54,632589
2020-02-14,17.4,17.88,17.25,17.43,622227
2020-02-17,17.43,18.35,17.42,18.34,959290
2020-02-18,18.34,18.47,17.92,18.32,767875
2020-02-19,18.28,19.05,18.21,18.77,1050911
2020-02-20,18.79,19.07,18.27,18.89,851159
2020-02-21,18.94,20.09,18.78,19.67,1070045
2020-02-24,19.48,20.07,19.33,19.97,979057
2020-02-25,19.41,19.74,18.63,19.58,1080218
2020-02-26,19.13,19.34,18.4,18.54,892880
2020-02-27,18.7,18.85,18.09,18.56,655122
2020-02-28,17.91,18.3,16.79,16.96,1402810
2020-03-02,17.22,17.93,17.04,17.66,764620
2020-03-03,18.03,18.28,17.14,17.36,1102053
2020-03-04,17.17,17.27,16.66,17.13,677686
2020-03-05,17.4,17.63,16.94,17.62,775327
2020-03-06,17.28,17.43,17.13,17.28,406769
2020-03-09,16.71,16.89,16.21,16.39,701147
2020-03-10,16.3,17.14,16.16,17.08,577854
2020-03-11,17.11,17.33,16.69,16.7,462687
2020-03-12,16.39,16.55,15.88,16.18,547830
2020-03-13,15.17,16.18,14.95,15.78,644258
2020-03-16,15.88,15.91,14.5,14.58,747496
2020-03-17,14.8,15.04,14.23,14.79,506919
2020-03-18,14.92,15.49,14.58,14.67,591491
2020-03-19,14.75,15.02,14.24,14.93,506553
2020-03-20,15.05,15.13,14.51,14.86,510391
2020-03-23,14.14,14.36,13.63,13.76,462140
2020-03-24,14.19,14.23,13.24,14.14,534842
2020-03-25,14.48,14.78,14.31,14.5,559142
2020-03-26,14.38,14.48,14.02,14.1,305117
2020-03-27,14.35,14.42,13.99,14.11,311185
2020-03-30,13.76,14.02,13.29,13.78,386273
2020-03-31,13.96,14.06,13.64,13.75,240696
2020-04-01,13.68,14.28,13.68,13.93,383325
2020-04-02,13.9,14.57,13.83,14.57,452425
2020-04-03,14.43,14.52,14.22,14.33,384762
2020-04-07,14.73,14.82,14.54,14.66,456715
2020-04-08,14.56,14.56,14.29,14.53,450031
2020-04-09,14.58,14.67,14.44,14.57,305705
2020-04-10,14.52,14.53,14.02,14.08,272505
2020-04-13,13.93,14.06,13.59,13.7,294992
2020-04-14,13.73,14.19,13.73,14.19,359703
2020-04-15,14.19,14.46,14.03,14.16,370262
2020-04-16,13.99,14.4,13.88,14.38,279922
2020-04-17,14.54,14.71,14.36,14.4,384645
2020-04-20,14.48,14.61,14.26,14.61,313956
2020-04-21,14.46,14.46,13.86,14.03,555092
2020-04-22,13.78,14.13,13.74,14.09,232883
2020-04-23,14.13,14.18,13.88,13.91,203392
2020-04-24,13.92,14.02,13.63,13.74,221647
2020-04-27,13.83,14.68,13.83,14.63,839598
2020-04-28,14.43,14.45,13.68,13.98,806128
2020-04-29,13.88,14.01,13.74,13.85,297911
2020-04-30,14.02,14.61,13.98,14.45,574130
2020-05-06,14.23,15.0,14.09,14.96,704263
2020-05-07,15.0,15.22,14.69,14.78,466440
2020-05-08,14.83,15.15,14.83,14.94,413612
2020-05-11,14.98,15.23,14.73,14.9,421716
2020-05-12,14.9,14.9,14.59,14.83,281108
2020-05-13,14.68,14.75,14.52,14.65,352610
2020-05-14,14.57,14.58,14.4,14.45,275534
2020-05-15,14.55,14.69,14.38,14.56,286457
2020-05-18,14.54,14.54,13.99,14.01,467596
2020-05-19,14.19,14.26,14.02,14.26,294108
2020-05-20,14.21,14.21,14.0,14.06,233728
2020-05-21,14.13,14.16,13.73,13.79,260144
2020-05-22,13.99,14.23,13.75,13.86,373996
2020-05-25,13.51,13.51,13.05,13.1,433024
2020-05-26,13.14,13.35,13.14,13.27,295590
2020-05-27,13.21,13.22,12.72,12.82,416627
2020-05-28,12.82,12.87,12.32,12.57,421340
2020-05-29,12.45,12.69,12.41,12.59,255264
2020-06-01,12.69,14.08,12.69,14.08,787723
2020-06-02,14.06,14.95,14.01,14.73,1197070
2020-06-03,14.76,14.84,14.44,14.56,612024
2020-06-04,14.56,14.71,14.23,14.45,433611
2020-06-05,14.42,14.84,14.36,14.56,436171
2020-06-08,14.7,15.86,14.68,15.28,1008381
2020-06-09,15.38,15.56,15.02,15.45,525860
2020-06-10,15.38,15.41,15.07,15.29,394776
2020-06-11,15.29,15.45,14.79,14.85,463122
2020-06-12,14.51,15.82,14.46,15.64,951763
2020-06-15,15.51,15.69,15.16,15.16,509529
2020-06-16,15.49,16.17,15.4,16.01,886801
2020-06-17,16.26,16.59,15.99,16.12,632887
2020-06-18,16.21,16.96,16.21,16.69,855677
2020-06-19,16.61,16.93,16.34,16.65,560572
2020-06-22,16.68,17.06,16.51,17.01,636714
2020-06-23,17.02,17.07,16.49,16.73,532337
2020-06-24,16.66,16.92,16.56,16.8,477811
2020-06-29,16.51,16.85,16.19,16.76,471709
2020-06-30,16.77,17.04,16.57,16.92,485484
2020-07-01,16.94,18.29,16.94,17.79,991967
2020-07-02,17.81,17.91,17.44,17.59,590390
2020-07-03,17.51,17.93,17.39,17.71,484402
2020-07-06,17.71,18.51,17.61,18.13,821332
2020-07-07,18.51,18.88,17.93,17.93,833447
2020-07-08,17.78,18.3,17.48,18.09,682840
2020-07-09,18.54,20.13,18.17,20.13,1494528
2020-07-10,20.21,20.81,19.2,19.21,1381536
2020-07-13,19.31,19.97,19.04,19.96,966809
2020-07-14,20.16,20.36,18.85,19.34,848602
2020-07-15,19.41,19.54,18.09,18.31,789133
2020-07-16,18.16,18.76,17.47,17.48,721127
2020-07-17,17.81,18.12,17.21,17.74,521042
2020-07-20,18.01,18.03,16.55,17.77,815411
2020-07-21,17.3,18.27,17.27,18.23,537568
2020-07-22,18.22,19.27,18.1,18.63,839136
2020-07-23,18.31,18.76,17.63,18.43,625169
2020-07-24,18.24,18.65,17.06,17.3,517229
2020-07-27,17.54,18.76,17.54,18.43,879697
2020-07-28,18.78,18.78,18.29,18.57,440385
2020-07-29,18.81,19.01,18.17,18.97,653106
2020-07-30,19.01,19.2,18.46,18.87,589807
2020-07-31,18.87,19.37,18.64,19.0,487110
2020-08-03,19.17,19.67,19.01,19.29,622492
2020-08-04,19.26,19.26,18.7,18.75,472600
2020-08-05,18.71,18.99,18.28,18.52,560697
2020-08-06,18.41,18.49,17.78,17.92,683912
2020-08-07,18.03,19.94,18.03,19.94,1764249
2020-08-10,20.01,20.81,19.82,20.66,1518115
2020-08-11,20.66,21.25,19.98,20.13,991627
2020-08-12,20.23,20.47,19.29,20.06,762573
2020-08-13,20.28,20.51,19.64,20.05,558517
2020-08-14,20.01,22.06,19.82,21.66,961168
2020-08-17,21.61,21.61,20.87,21.17,837045
2020-08-18,21.02,21.38,20.33,21.36,723118
2020-08-19,21.12,21.87,20.86,21.44,625040
2020-08-20,21.02,21.58,20.41,20.61,480104
2020-08-21,20.91,21.85,20.35,20.57,597312
2020-08-24,20.6,22.03,20.47,21.79,840289
2020-08-25,21.71,22.02,21.13,21.27,557023
2020-08-26,21.22,21.73,20.99,21.14,441804
2020-08-27,21.17,21.28,20.31,20.53,468070
2020-08-28,20.53,20.68,19.97,20.64,480107
2020-08-31,20.56,21.28,20.55,20.57,541941
2020-09-01,20.57,21.02,20.3,20.92,342867
2020-09-02,20.93,21.68,20.81,21.55,522541
2020-09-03,21.51,21.51,20.39,20.5,491616
2020-09-04,20.18,20.39,19.77,20.21,375774
2020-09-07,20.11,20.45,19.49,19.5,369491
2020-09-08,19.58,20.03,19.26,19.81,253351
2020-09-09,19.61,19.61,18.51,18.92,409247
2020-09-10,19.03,19.19,18.36,18.41,260640
2020-09-11,18.32,18.79,18.08,18.71,213378
2020-09-14,18.78,18.99,18.46,18.98,296790
2020-09-15,19.11,21.11,19.11,21.11,850083
2020-09-16,21.12,22.06,18.92,19.62,1491104
2020-09-17,19.07,19.25,18.47,18.79,844571
2020-09-18,18.79,19.03,18.58,18.92,377876
2020-09-21,18.94,18.99,18.47,18.51,340356
2020-09-22,18.41,18.48,18.11,18.21,256527
2020-09-23,18.23,18.6,18.23,18.5,203277
2020-09-24,18.27,18.42,17.95,18.13,223615
2020-09-25,18.16,18.31,17.86,17.94,193571
2020-09-28,18.03,18.46,17.87,17.92,209770
2020-09-29,18.13,18.38,17.94,18.14,197651
2020-09-30,18.14,18.46,18.05,18.21,164609
2020-10-09,18.66,18.72,18.41,18.5,220847
2020-10-12,18.5,19.19,18.5,19.16,381170
2020-10-13,19.14,19.68,18.91,19.56,542002
2020-10-14,19.46,19.5,18.83,19.05,421130
2020-10-15,18.99,19.19,18.77,18.82,251031
2020-10-16,18.8,18.95,18.51,18.69,238164
2020-10-19,18.81,18.86,18.38,18.48,260350
2020-10-20,18.48,18.66,18.31,18.55,230804
2020-10-21,18.56,18.59,17.9,18.07,314932
2020-10-22,18.0,18.37,17.87,18.06,254547
2020-10-23,18.21,18.84,18.18,18.33,345193
2020-10-26,18.36,19.97,18.31,19.56,903501
2020-10-27,19.35,19.8,19.21,19.58,502023
2020-10-28,19.52,20.69,19.46,20.11,777021
2020-10-29,19.85,20.47,19.81,20.24,465061
2020-10-30,20.31,21.18,20.26,20.32,658498
2020-11-02,20.52,20.79,20.31,20.45,500322
2020-11-03,20.41,20.51,20.01,20.37,367994
2020-11-04,20.56,21.05,20.42,20.74,424717
2020-11-05,21.08,21.3,20.76,21.1,522206
2020-11-06,21.01,21.81,20.91,21.64,543806
2020-11-09,21.64,22.22,21.24,21.56,642021
2020-11-10,21.62,21.62,20.95,21.06,394429
2020-11-11,21.01,21.24,20.56,20.63,375883
2020-11-12,20.91,21.16,20.71,20.81,232663
2020-11-13,20.51,20.83,20.23,20.66,240631
2020-11-16,20.74,20.89,20.36,20.61,264119
2020-11-17,20.5,20.52,18.68,19.17,795040
2020-11-18,19.11,19.38,18.68,19.27,415834
2020-11-19,19.21,19.75,19.06,19.55,298307
2020-11-20,19.46,19.53,19.16,19.37,206150
2020-11-23,19.37,19.39,19.07,19.13,295308
2020-11-24,19.13,19.23,18.93,18.95,229539
2020-11-25,19.01,19.23,18.81,18.9,252778
2020-11-26,18.75,18.95,18.51,18.79,247410
2020-11-27,18.87,18.91,18.44,18.83,213280
2020-11-30,18.84,19.02,18.44,18.6,302075
2020-12-01,18.57,19.29,18.56,19.18,340895
2020-12-02,19.11,19.39,18.96,19.13,288412
2020-12-03,19.06,19.13,18.81,18.94,215102
2020-12-04,18.82,19.26,18.79,19.17,215774
2020-12-07,19.18,19.24,18.63,18.67,342901
2020-12-08,18.61,18.76,18.45,18.57,246052
2020-12-09,18.59,18.68,18.11,18.12,301563
2020-12-10,18.16,18.89,18.16,18.72,398282
2020-12-11,18.64,18.77,18.06,18.28,278888
2020-12-14,18.28,18.51,18.06,18.44,167317
2020-12-15,18.35,18.64,18.15,18.52,177878
2020-12-16,18.4,18.49,18.04,18.06,212149
2020-12-17,17.96,18.03,17.51,17.92,293893
2020-12-18,17.99,18.48,17.94,17.97,187253
2020-12-21,17.97,18.28,17.67,18.15,204780
2020-12-22,18.29,18.64,17.57,17.65,358989
2020-12-23,17.62,17.71,16.59,16.81,714414
2020-12-24,16.73,16.85,15.86,16.0,515493
2020-12-25,16.01,16.58,15.79,16.51,346567
2020-12-28,16.37,16.64,16.2,16.25,251177
2020-12-29,16.36,17.35,16.32,17.2,462524
2020-12-30,17.16,17.44,16.95,17.23,338315
2020-12-31,17.23,17.76,17.23,17.6,372839
2021-01-04,17.66,18.6,17.35,18.08,509850
2021-01-05,17.96,20.12,17.84,20.12,1332411
2021-01-06,20.68,21.03,20.12,20.31,1058373
2021-01-07,20.24,20.91,20.13,20.83,786892
2021-01-08,20.86,21.69,20.52,21.43,778238
2021-01-11,21.43,22.04,20.59,20.71,1060841
2021-01-12,20.7,21.69,20.59,21.24,712253
2021-01-13,21.44,22.55,21.41,21.71,693480
2021-01-14,21.51,22.18,20.71,21.38,592171
2021-01-15,21.4,21.7,20.99,21.38,425470
2021-01-18,21.32,21.85,20.99,21.48,531673
2021-01-19,21.66,22.88,20.88,21.19,753306
2021-01-20,20.8,21.99,20.74,21.87,586294
2021-01-21,21.81,22.44,21.52,21.99,753027
2021-01-22,22.29,23.54,22.19,22.49,1037661
2021-01-25,22.54,24.97,21.71,24.41,1454475
2021-01-26,23.91,24.59,23.59,24.08,960389
2021-01-27,23.99,24.24,22.36,23.6,857091
2021-01-28,23.22,24.01,21.56,21.65,937856
2021-01-29,21.91,22.6,21.58,22.09,657697
2021-02-01,21.81,23.29,21.81,22.68,607507
2021-02-02,22.61,23.23,22.09,22.56,540794
2021-02-03,22.66,22.95,20.46,20.64,1154559
2021-02-04,20.8,22.39,20.8,21.3,810645
2021-02-05,21.51,21.51,20.02,20.11,735355
2021-02-08,20.21,20.39,19.59,19.74,486592
2021-02-09,19.97,21.07,19.86,20.81,524208
2021-02-10,20.71,21.33,20.34,20.99,485833
2021-02-18,21.54,21.81,20.51,20.64,535790
2021-02-19,20.51,21.7,20.41,21.61,534142
2021-02-22,21.68,21.72,20.31,20.31,770126
2021-02-23,20.2,20.47,19.89,20.02,442177
2021-02-24,20.2,20.22,19.13,19.45,507572
2021-02-25,19.61,19.69,18.92,19.02,358022
2021-02-26,18.56,18.95,18.38,18.66,312875
2021-03-01,19.14,20.46,18.99,20.31,634327
2021-03-02,20.59,20.79,20.14,20.51,569902
2021-03-03,20.41,20.98,20.09,20.88,405798
2021-03-04,20.72,20.84,20.17,20.26,307296
2021-03-05,20.03,21.48,19.73,21.21,552286
2021-03-08,21.27,21.57,20.25,20.27,599108
2021-03-09,20.21,20.97,19.08,19.96,487028
2021-03-10,20.41,20.56,19.82,19.9,315434
2021-03-11,19.94,20.22,19.53,20.05,325214
2021-03-12,20.01,20.01,18.97,19.15,518524
2021-03-15,18.74,19.12,18.51,19.06,326870
2021-03-16,18.97,19.14,18.16,18.73,374069
2021-03-17,18.73,19.26,18.48,18.92,226599
2021-03-18,18.87,19.0,18.67,18.84,218826
2021-03-19,18.61,19.75,18.54,19.15,431352
2021-03-22,19.16,20.33,19.06,20.02,472162
2021-03-23,20.02,20.39,19.63,19.87,310993
2021-03-24,19.71,20.92,19.56,20.65,637684
2021-03-25,20.68,20.84,20.23,20.69,374167
2021-03-26,20.93,22.28,20.76,21.89,704005
2021-03-29,21.89,22.39,21.52,21.91,729182
2021-03-30,21.71,22.95,21.68,22.18,618688
2021-03-31,21.95,22.65,21.94,22.38,409484
2021-04-01,22.21,22.96,22.03,22.82,434482
2021-04-02,22.82,22.82,22.35,22.55,310993
2021-04-06,22.53,23.65,21.91,23.4,527915
2021-04-07,23.04,23.76,22.96,23.46,426379
2021-04-08,23.3,23.6,22.87,23.18,316629
2021-04-09,23.11,23.34,22.69,22.97,350534
2021-04-12,23.09,23.22,21.91,22.14,503928
2021-04-13,22.23,22.55,21.98,22.21,266416
2021-04-14,22.21,22.45,21.67,22.22,277302
2021-04-15,22.03,22.1,21.2,21.62,460315
2021-04-16,21.76,22.04,21.31,21.81,298355
2021-04-19,22.14,24.22,22.11,23.6,1055783
2021-04-20,23.32,23.59,23.16,23.3,485465
2021-04-21,23.24,23.59,23.01,23.18,324216
2021-04-22,23.17,23.71,23.06,23.38,428336
2021-04-23,22.42,22.52,21.46,21.69,1110681
2021-04-26,21.8,22.07,21.08,21.88,665132
2021-04-27,21.7,21.74,20.61,21.1,417380
2021-04-28,21.11,21.76,20.72,21.61,351335
2021-04-29,21.58,21.99,21.38,21.51,297707
2021-04-30,21.51,21.66,21.09,21.17,209257
2021-05-06,21.05,21.25,20.74,20.83,211149
2021-05-07,20.86,21.0,20.16,20.2,271975
2021-05-10,20.17,20.6,19.93,20.46,192521
2021-05-11,20.3,21.1,20.15,20.96,230891
2021-05-12,20.88,21.34,20.63,21.27,243550
2021-05-13,20.98,21.11,20.3,20.45,229890
2021-05-14,20.48,21.16,20.31,21.13,213244
2021-05-17,21.23,21.34,20.99,21.08,227641
2021-05-18,21.13,21.18,20.6,20.75,222523
2021-05-19,20.71,20.93,20.59,20.6,151774
2021-05-20,20.66,21.05,20.6,20.82,201242
2021-05-21,20.89,21.13,20.28,20.38,228722
2021-05-24,20.34,20.64,19.83,20.62,221404
2021-05-25,20.58,21.27,20.44,21.19,317290
2021-05-26,21.38,22.08,21.2,21.64,347152
2021-05-27,21.54,21.85,21.46,21.53,211896
2021-05-28,21.55,21.98,21.23,21.47,218973
2021-05-31,21.66,21.79,20.99,21.11,292115
2021-06-01,21.14,21.21,20.48,20.57,403436
2021-06-02,20.57,20.71,20.18,20.27,247878
2021-06-03,20.36,20.42,20.1,20.16,228145
2021-06-04,19.95,20.38,19.92,20.17,179343
2021-06-07,20.23,20.4,20.04,20.4,203253
2021-06-08,20.28,20.33,19.38,19.48,483446
2021-06-09,19.48,19.62,19.23,19.29,240772
2021-06-10,19.29,19.61,19.24,19.38,201836
2021-06-11,19.56,19.71,19.08,19.22,240803
2021-06-15,19.24,19.53,18.68,19.46,295569
2021-06-16,19.46,19.67,19.02,19.11,202325
2021-06-17,19.12,19.31,18.87,19.29,190204
2021-06-18,19.29,20.12,18.94,19.86,301356
2021-06-21,19.88,19.88,19.44,19.58,229062
2021-06-22,19.7,20.34,19.35,20.26,388002
2021-06-23,20.25,20.25,19.93,20.04,241601
2021-06-24,20.05,20.23,19.68,20.16,254913
2021-06-25,20.16,20.16,19.68,19.72,318674
2021-06-28,19.54,19.65,18.99,19.13,359171
2021-06-29,19.14,19.35,18.77,18.88,285660
2021-06-30,18.88,19.18,18.82,19.08,196386
2021-07-01,19.08,19.17,18.72,18.76,186469
2021-07-02,18.97,18.97,18.29,18.31,194252
2021-07-05,18.26,18.59,17.98,18.06,256517
2021-07-06,18.15,18.26,17.86,18.22,182590
2021-07-07,18.14,18.91,18.08,18.73,293152
2021-07-08,18.73,18.73,18.35,18.53,221154
2021-07-09,18.47,18.62,18.19,18.5,199192
2021-07-12,18.64,18.83,18.51,18.63,241503
2021-07-13,18.68,18.68,18.29,18.44,232726
2021-07-14,18.4,18.73,18.13,18.51,224502
2021-07-15,18.43,18.9,18.23,18.84,294092
2021-07-16,18.89,20.87,18.78,20.29,907623
2021-07-19,19.98,20.38,19.77,19.98,359463
2021-07-20,19.82,20.76,19.61,20.63,464847
2021-07-21,20.63,21.12,20.44,20.99,468342
2021-07-22,20.95,21.01,20.43,20.43,335129
2021-07-23,20.42,20.81,20.13,20.44,303099
2021-07-26,20.66,20.9,19.2,19.58,468346
2021-07-27,19.6,19.66,18.64,18.72,343075
2021-07-28,18.49,19.16,18.23,18.64,321371
2021-07-29,18.95,19.18,18.76,18.95,229508
2021-07-30,18.75,19.23,18.36,19.11,267551
2021-08-02,18.92,19.56,18.69,19.49,257984
2021-08-03,19.33,19.8,19.21,19.39,261538
2021-08-04,19.22,19.51,19.08,19.33,222795
2021-08-05,19.28,19.28,18.78,18.78,247531
2021-08-06,18.78,19.12,18.72,19.03,145023
2021-08-09,18.91,19.48,18.7,19.23,224874
2021-08-10,19.03,19.2,18.95,19.12,179358
2021-08-11,19.08,19.24,18.94,18.98,173760
2021-08-12,18.98,19.1,18.58,18.59,231742
2021-08-13,18.6,18.69,18.3,18.44,191877
2021-08-16,18.41,19.02,18.39,18.71,196956
2021-08-17,18.62,18.83,18.32,18.38,170625
2021-08-18,18.38,18.44,18.1,18.26,190445
2021-08-19,18.28,18.58,18.06,18.47,151747
2021-08-20,18.5,19.3,18.5,19.05,392471
2021-08-23,18.98,20.46,18.78,20.11,661146
2021-08-24,20.34,20.46,19.95,20.15,290343
2021-08-25,20.06,20.94,20.06,20.38,345909
2021-08-26,20.53,20.61,19.98,20.1,319074
2021-08-27,20.0,20.26,19.49,19.71,295187
2021-08-30,20.23,20.73,19.68,20.23,406111
2021-08-31,20.15,21.53,20.08,21.0,620665
2021-09-01,21.18,21.53,20.58,20.98,573661
2021-09-02,20.97,21.16,19.88,20.01,622900
2021-09-03,20.1,20.1,19.45,19.56,413885
2021-09-06,19.62,19.87,19.5,19.68,384987
2021-09-07,19.93,20.62,19.72,20.08,539726
2021-09-08,19.99,22.13,19.95,21.52,1114809
2021-09-09,21.94,22.23,21.08,21.7,664582
2021-09-10,21.88,23.14,21.66,22.73,819218
2021-09-13,22.66,23.53,22.48,23.26,798734
2021-09-14,22.99,23.31,22.12,22.24,563776
2021-09-15,22.36,22.47,21.95,22.26,330764
2021-09-16,22.59,22.59,21.62,21.75,382978
2021-09-17,21.75,22.22,21.55,21.92,271508
2021-09-22,21.48,21.91,21.16,21.65,225390
2021-09-23,21.91,22.45,21.57,22.13,338645
2021-09-24,21.99,22.25,21.56,22.05,305178
2021-09-27,22.04,22.61,21.64,21.81,345644
2021-09-28,21.72,21.74,20.86,21.29,290840
2021-09-29,21.37,21.63,20.79,21.2,277806
2021-09-30,21.37,22.18,21.34,21.7,248804
2021-10-08,21.98,22.56,21.92,22.08,202674
2021-10-11,21.98,22.49,21.77,22.02,207165
2021-10-12,21.87,22.01,21.04,21.54,252887
2021-10-13,21.54,21.62,20.98,21.34,174180
2021-10-14,21.58,22.36,21.28,22.08,269617
2021-10-15,22.08,22.2,21.69,21.81,228836
2021-10-18,21.75,21.84,20.83,21.18,298319
2021-10-19,21.18,21.4,20.89,21.27,200104
2021-10-20,21.32,21.49,20.68,20.8,270376
2021-10-21,20.78,20.88,20.3,20.49,275040
2021-10-22,20.43,20.9,20.38,20.59,206036
2021-10-25,20.54,20.78,20.09,20.58,192046
2021-10-26,20.55,21.05,20.46,20.62,172139
2021-10-27,20.73,20.74,19.93,19.97,240518
2021-10-28,20.17,20.44,19.95,20.07,267394
2021-10-29,19.97,20.43,19.68,19.76,310651
2021-11-01,19.73,21.42,19.64,20.93,523332
2021-11-02,20.93,21.19,20.7,20.91,270039
2021-11-03,21.03,21.09,20.46,20.76,212058
2021-11-04,20.75,21.03,20.63,20.96,206529
2021-11-05,21.01,22.83,20.97,22.45,673597
2021-11-08,22.14,22.31,21.37,21.73,422487
2021-11-09,21.83,22.7,21.59,22.52,373400
2021-11-10,22.3,22.58,21.98,22.22,256192
2021-11-11,22.16,22.33,21.75,22.16,275285
2021-11-12,22.13,22.66,21.88,22.34,276581
2021-11-15,22.48,22.76,22.16,22.52,279128
2021-11-16,22.39,22.76,21.93,22.08,254205
2021-11-17,22.08,23.04,22.08,22.47,352325
2021-11-18,22.3,23.07,21.98,22.56,360404
2021-11-19,22.56,24.13,22.31,23.74,725439
2021-11-22,23.82,24.14,23.48,23.87,397036
2021-11-23,23.78,24.06,23.27,23.46,341006
2021-11-24,23.4,23.42,22.78,23.21,336213
2021-11-25,23.08,23.26,22.61,22.89,230551
2021-11-26,22.91,23.24,22.48,22.68,239060
2021-11-29,22.44,22.74,21.86,22.38,341516
2021-11-30,22.5,23.05,22.22,22.53,299402
2021-12-01,22.69,23.26,22.64,22.79,318444
2021-12-02,22.79,22.85,21.94,22.38,298886
2021-12-03,22.35,23.23,22.28,22.8,316055
2021-12-06,22.83,22.94,22.2,22.26,232873
2021-12-07,22.39,23.13,22.26,22.54,353559
2021-12-08,22.51,23.72,22.1,23.56,519394
2021-12-09,23.53,24.12,23.38,23.96,389860
2021-12-10,23.81,24.0,23.4,23.6,302715
2021-12-13,23.63,24.33,23.47,23.59,249675
2021-12-14,23.43,24.63,23.08,24.63,562149
2021-12-15,24.42,24.43,23.94,24.14,363638
2021-12-16,24.09,24.36,23.89,24.2,171648
2021-12-17,24.17,24.17,22.66,22.9,520967
2021-12-20,22.63,22.93,21.8,22.08,397832
2021-12-21,22.07,22.36,21.94,22.23,182529
2021-12-22,22.18,22.37,21.88,21.89,182135
2021-12-23,21.76,22.05,21.68,21.97,150556
2021-12-24,21.96,21.98,21.23,21.57,246884
2021-12-27,21.61,21.8,21.33,21.48,171911
2021-12-28,21.53,21.93,21.38,21.86,209458
2021-12-29,21.75,21.86,21.38,21.45,183068
2021-12-30,21.46,21.62,21.11,21.31,269222
2021-12-31,21.3,21.49,20.99,21.46,260892
2022-01-04,21.81,21.96,21.47,21.54,290480
2022-01-05,21.51,21.77,20.92,21.1,331797
2022-01-06,20.89,21.1,20.61,20.9,221467
2022-01-07,20.89,21.13,20.89,20.9,150983
2022-01-10,21.02,21.02,20.52,20.61,296110
2022-01-11,20.6,20.72,19.87,20.07,365646
2022-01-12,20.16,20.16,19.66,19.92,399228
2022-01-13,19.97,20.03,19.16,19.24,415698
2022-01-14,19.19,19.24,18.53,18.68,638467
2022-01-17,18.7,19.02,18.38,18.59,662236
2022-01-18,18.68,19.22,18.49,18.98,653706
2022-01-19,18.84,19.11,18.53,18.72,396529
2022-01-20,18.73,18.89,18.59,18.8,252379
2022-01-21,18.79,18.79,18.17,18.28,380629
2022-01-24,18.21,18.36,17.89,18.08,363745
2022-01-25,18.03,18.18,17.3,17.3,483675
2022-01-26,17.46,17.81,17.36,17.77,257552
2022-01-27,17.68,17.81,17.18,17.24,205755
2022-01-28,17.34,17.39,17.04,17.06,246063
2022-02-07,17.46,17.47,17.02,17.18,228997
2022-02-08,17.18,17.33,16.92,17.33,214106
2022-02-09,17.33,17.68,17.2,17.64,331018
2022-02-10,17.66,17.69,17.43,17.55,201496
2022-02-11,17.46,17.55,17.0,17.12,264889
2022-02-14,17.0,17.24,16.76,16.99,200301
2022-02-15,17.05,17.28,16.94,17.12,185674
2022-02-16,17.18,17.26,16.99,17.08,172046
2022-02-17,17.0,17.08,16.9,16.94,166132
2022-02-18,16.79,17.15,16.58,17.14,211005
2022-02-21,17.14,17.53,17.07,17.37,275185
2022-02-22,17.12,17.16,16.71,16.94,280074
2022-02-23,17.07,17.41,17.05,17.39,393152
2022-02-24,17.28,17.28,16.58,16.87,376433
2022-02-25,17.05,17.13,16.7,16.76,274202
2022-02-28,16.76,16.83,16.33,16.68,202704
2022-03-01,16.87,17.31,16.79,17.27,358958
2022-03-02,16.99,17.2,16.96,17.08,166588
2022-03-03,17.17,17.21,16.81,16.84,203027
2022-03-04,16.68,16.91,16.53,16.66,171988
2022-03-07,16.48,16.48,15.5,15.71,448585
2022-03-08,15.71,15.83,15.08,15.13,308320
2022-03-09,15.25,15.38,14.06,14.79,458038
2022-03-10,15.17,15.38,14.98,15.29,291274
2022-03-11,15.05,15.35,14.74,15.32,248537
2022-03-14,15.15,15.44,14.88,14.9,192706
2022-03-15,14.82,14.82,13.99,13.99,312553
2022-03-16,14.28,14.53,13.42,14.48,374615
2022-03-17,14.78,15.01,14.63,14.76,346941
2022-03-18,14.84,14.85,14.42,14.69,189847
2022-03-21,14.73,14.8,14.52,14.61,186937
2022-03-22,14.65,14.8,14.54,14.61,133044
2022-03-23,14.63,15.21,14.57,15.14,367771
2022-03-24,14.99,15.07,14.66,14.69,191034
2022-03-25,14.7,14.76,14.48,14.5,116366
2022-03-28,14.46,14.61,14.04,14.53,165745
2022-03-29,14.54,14.61,14.08,14.1,157973
2022-03-30,14.24,14.75,14.24,14.63,221355
2022-03-31,14.55,14.73,14.42,14.53,135544
2022-04-01,14.36,14.66,14.29,14.49,158904
2022-04-06,14.84,15.17,14.5,14.86,385626
2022-04-07,14.81,14.92,14.34,14.34,173912
2022-04-08,14.34,14.34,13.91,14.2,180866
2022-04-11,13.98,14.04,13.44,13.51,186530
2022-04-12,13.48,14.02,13.11,13.96,189901
2022-04-13,13.76,13.93,13.58,13.66,113297
2022-04-14,13.84,13.98,13.68,13.77,110237
2022-04-15,13.62,13.87,13.51,13.7,93706
2022-04-18,13.74,14.38,13.55,14.33,289558
2022-04-19,14.95,15.03,14.21,14.51,278917
2022-04-20,14.51,15.22,14.0,14.96,398490
2022-04-21,14.87,15.03,14.55,14.6,215215
2022-04-22,14.51,15.01,14.23,14.97,289117
2022-04-25,14.59,15.0,14.29,14.3,311452
2022-04-26,14.35,14.48,13.38,13.5,267937
2022-04-27,13.28,14.89,13.11,14.55,291239
2022-04-28,14.37,14.52,13.91,14.1,200699
2022-04-29,14.21,14.87,14.13,14.7,240808
2022-05-05,14.3,14.43,13.03,13.45,986240
2022-05-06,12.98,13.2,12.52,13.02,436269
2022-05-09,12.89,13.16,12.87,13.04,182871
2022-05-10,12.79,13.17,12.65,13.08,199373
2022-05-11,13.18,14.13,13.09,13.54,463877
2022-05-12,13.38,13.62,13.2,13.25,297912
2022-05-13,13.36,13.57,12.73,13.09,471817
2022-05-16,13.23,13.48,13.03,13.13,252334
2022-05-17,13.18,13.22,12.78,13.16,290719
2022-05-18,13.19,13.78,13.09,13.47,387172
2022-05-19,13.18,13.39,13.08,13.37,250212
2022-05-20,13.45,13.81,13.39,13.66,323095
2022-05-23,13.73,14.07,13.61,14.0,271667
2022-05-24,14.01,14.05,13.4,13.4,242886
2022-05-25,13.38,13.54,13.32,13.51,135082
2022-05-26,13.49,13.86,13.14,13.8,269969
2022-05-27,14.08,14.32,13.65,13.85,256560
2022-05-30,13.8,14.0,13.75,13.9,143600
2022-05-31,13.86,14.23,13.75,14.15,207746
2022-06-01,14.19,14.29,13.93,13.99,189152
2022-06-02,13.9,14.1,13.8,14.03,210515
2022-06-06,14.0,14.73,13.96,14.72,522689
2022-06-07,14.75,14.85,14.23,14.41,442937
2022-06-08,14.37,15.0,14.27,14.52,495647
2022-06-09,14.41,14.57,13.82,13.97,377102
2022-06-10,13.81,14.1,13.8,14.04,271135
2022-06-13,14.04,14.17,13.6,13.8,299249
2022-06-14,13.6,13.87,13.31,13.87,255335
2022-06-15,13.83,14.62,13.83,14.4,591734
2022-06-16,14.4,14.6,14.23,14.31,283295
2022-06-17,14.18,14.31,13.9,14.25,283232
2022-06-20,14.3,14.55,14.25,14.35,286113
2022-06-21,14.39,14.64,14.24,14.45,315654
2022-06-22,14.47,14.53,13.91,13.93,316152
2022-06-23,13.97,14.09,13.84,14.09,231556
2022-06-24,14.12,14.75,13.99,14.53,444985
2022-06-27,14.55,14.95,14.35,14.82,469495
2022-06-28,14.8,14.92,14.54,14.89,419890
2022-06-29,14.85,15.24,14.57,14.61,505474
2022-06-30,14.63,14.89,14.63,14.67,265512
2022-07-01,14.63,14.76,14.4,14.49,241683
2022-07-04,14.54,14.55,14.27,14.46,225207
2022-07-05,14.43,14.59,14.1,14.4,335170
2022-07-06,14.33,14.38,13.88,14.02,299748
2022-07-07,14.0,14.07,13.86,13.93,227430
2022-07-08,13.99,14.25,13.95,14.08,193094
2022-07-11,14.05,14.05,13.65,13.76,205946
2022-07-12,13.74,13.76,13.46,13.47,198967
2022-07-13,13.49,13.59,13.42,13.48,147739
2022-07-14,13.45,13.52,13.3,13.32,229620
2022-07-15,13.33,13.35,12.94,12.97,274046
2022-07-18,12.99,13.21,12.81,13.15,210197
2022-07-19,13.1,13.32,13.06,13.32,210887
2022-07-20,13.39,13.45,13.31,13.42,167414
2022-07-21,13.38,13.5,13.27,13.27,149927
2022-07-22,13.33,13.4,13.05,13.18,156405
2022-07-25,13.25,13.28,13.0,13.13,143433
2022-07-26,13.09,13.2,13.07,13.16,108073
2022-07-27,13.13,13.25,13.04,13.15,122438
2022-07-28,13.23,13.52,13.22,13.4,262591
2022-07-29,13.4,13.4,13.0,13.06,226753
2022-08-01,13.05,13.22,12.88,13.14,157589
2022-08-02,13.01,13.02,12.46,12.59,267845
2022-08-03,12.59,12.93,12.58,12.61,181489
2022-08-04,12.77,12.86,12.63,12.82,128069
2022-08-05,12.87,13.3,12.79,13.28,233434
2022-08-08,13.28,13.36,13.21,13.32,161842
2022-08-09,13.3,13.4,13.13,13.37,162208
2022-08-10,13.34,13.37,13.19,13.23,122593
2022-08-11,13.41,13.67,13.31,13.62,294107
2022-08-12,13.59,13.7,13.49,13.5,201174
2022-08-15,13.42,13.44,12.97,13.09,381277
2022-08-16,13.1,13.14,12.97,13.0,188592
2022-08-17,13.01,13.12,12.87,13.11,186967
2022-08-18,13.06,13.08,12.85,12.97,186772
2022-08-19,12.97,13.13,12.63,12.66,326297
2022-08-22,12.88,14.03,12.83,13.47,815719
2022-08-23,13.47,13.58,13.17,13.27,347849
2022-08-24,13.24,13.26,12.9,12.96,297732
2022-08-25,13.02,13.07,12.75,12.94,185883
2022-08-26,12.94,13.09,12.88,12.96,167904
2022-08-29,12.81,12.87,12.71,12.84,152531
2022-08-30,12.85,12.98,12.81,12.95,106166
2022-08-31,12.86,13.04,12.78,12.99,166156
2022-09-01,12.98,13.15,12.85,12.87,181017
2022-09-02,12.86,12.94,12.81,12.88,111155
2022-09-05,12.88,12.88,12.65,12.72,170720
2022-09-06,12.72,12.84,12.68,12.83,140107
2022-09-07,12.75,12.85,12.71,12.74,125762
2022-09-08,12.77,12.79,12.61,12.61,148255
2022-09-09,12.61,12.73,12.58,12.71,101296
2022-09-13,12.74,12.85,12.72,12.74,117927
2022-09-14,12.61,12.66,12.54,12.61,119478
2022-09-15,12.65,12.71,12.26,12.4,197897
2022-09-16,12.45,12.62,12.22,12.26,180564
2022-09-19,12.13,12.15,11.75,11.82,174210
2022-09-20,11.9,11.96,11.85,11.91,117403
2022-09-21,11.93,11.94,11.6,11.8,131638
2022-09-22,11.69,11.97,11.67,11.87,90826
2022-09-23,11.87,11.95,11.65,11.7,105917
2022-09-26,11.68,11.79,11.31,11.32,155776
2022-09-27,11.34,11.61,11.16,11.55,144295
2022-09-28,11.54,11.7,11.43,11.45,148623
2022-09-29,11.58,11.63,11.16,11.23,146879
2022-09-30,11.19,11.34,11.1,11.1,100821
2022-10-10,10.85,11.0,9.82,9.82,721067
2022-10-11,9.79,9.82,9.38,9.55,422558
2022-10-12,9.54,10.02,9.36,9.95,425105
2022-10-13,9.9,10.33,9.83,10.1,326330
2022-10-14,10.2,10.59,10.19,10.55,347400
2022-10-17,10.46,10.73,10.43,10.69,199782
2022-10-18,10.74,10.78,10.52,10.66,186877
2022-10-19,10.64,10.75,10.52,10.54,150692
2022-10-20,10.5,10.76,10.36,10.62,230544
2022-10-21,10.63,10.82,10.52,10.61,168449
2022-10-24,10.61,10.74,10.26,10.32,239992
2022-10-25,10.27,10.46,10.06,10.19,194647
2022-10-26,10.2,10.64,10.19,10.53,247641
2022-10-27,10.55,10.78,10.53,10.65,226907
2022-10-28,10.59,10.65,10.09,10.14,239857
2022-10-31,9.45,9.98,9.21,9.83,480753
2022-11-01,9.95,10.29,9.84,10.29,248665
2022-11-02,10.25,10.47,10.21,10.3,210631
2022-11-03,10.2,10.33,10.03,10.2,180325
2022-11-04,10.16,10.52,10.15,10.5,265066
2022-11-07,10.45,10.56,10.37,10.41,256046
2022-11-08,10.41,10.42,10.19,10.25,222453
2022-11-09,10.21,10.3,10.08,10.09,165485
2022-11-10,10.0,10.07,9.85,9.91,230004
2022-11-11,10.15,10.42,10.06,10.21,366663
2022-11-14,10.25,10.53,10.21,10.44,310674
2022-11-15,10.36,10.89,10.36,10.87,419875
2022-11-16,10.85,11.0,10.74,10.78,269496
2022-11-17,10.79,10.86,10.63,10.85,174610
2022-11-18,10.85,11.29,10.75,10.78,419262
2022-11-21,10.69,10.69,10.48,10.65,175868
2022-11-22,10.55,10.67,10.43,10.52,165768
2022-11-23,10.49,10.54,10.21,10.33,199369
2022-11-24,10.4,10.43,10.15,10.18,204400
2022-11-25,10.24,10.26,10.11,10.13,158523
2022-11-28,9.66,9.9,9.66,9.84,218142
2022-11-29,9.83,10.32,9.81,10.21,242888
2022-11-30,10.19,10.33,10.08,10.13,169898
2022-12-01,10.33,10.42,10.19,10.22,215868
2022-12-02,10.22,10.43,10.2,10.33,186365
2022-12-05,10.47,10.62,10.34,10.61,299960
2022-12-06,10.6,10.98,10.52,10.78,395907
2022-12-07,10.75,10.78,10.61,10.65,201338
2022-12-08,10.61,10.71,10.51,10.6,154034
2022-12-09,10.58,10.87,10.55,10.79,237639
2022-12-12,10.74,10.82,10.6,10.62,164380
2022-12-13,10.64,10.69,10.53,10.56,126044
2022-12-14,10.62,10.83,10.58,10.64,202283
2022-12-15,10.63,10.78,10.51,10.56,190815
2022-12-16,10.5,10.58,10.29,10.38,198353
2022-12-19,10.37,10.49,10.05,10.09,195925
2022-12-20,10.18,10.18,9.86,9.89,191733
2022-12-21,9.92,9.97,9.73,9.8,149054
2022-12-22,9.87,10.25,9.86,9.97,277370
2022-12-23,9.94,10.02,9.83,9.9,136896
2022-12-26,9.92,10.05,9.91,9.98,142349
2022-12-27,10.01,10.03,9.91,10.01,122921
2022-12-28,9.99,9.99,9.66,9.67,266937
2022-12-29,9.63,9.73,9.53,9.58,158660
2022-12-30,9.66,9.71,9.53,9.56,197129
2023-01-03,9.56,9.83,9.45,9.82,256682
2023-01-04,9.8,9.86,9.69,9.82,166222
2023-01-05,9.85,9.96,9.79,9.94,217327
2023-01-06,9.92,9.98,9.81,9.85,190748
2023-01-09,9.87,9.99,9.85,9.94,180440
2023-01-10,9.95,9.95,9.8,9.87,168345
2023-01-11,9.87,9.9,9.71,9.71,182873
2023-01-12,9.71,9.78,9.66,9.72,109149
2023-01-13,9.73,9.86,9.72,9.85,136867
2023-01-16,9.89,10.62,9.87,10.51,705446
2023-01-17,10.46,10.64,10.42,10.54,273964
2023-01-18,10.53,10.71,10.47,10.59,177668
2023-01-19,10.55,10.93,10.5,10.84,419275
2023-01-20,10.93,11.07,10.83,10.93,360662
2023-01-30,11.18,11.3,11.05,11.09,442855
2023-01-31,11.09,11.12,10.82,10.9,295614
2023-02-01,10.9,11.19,10.9,11.18,252985
2023-02-02,11.26,11.41,11.13,11.15,397044
2023-02-03,11.16,11.33,11.08,11.3,335735
2023-02-06,11.3,11.62,11.16,11.19,476021
2023-02-07,11.24,11.67,11.18,11.63,534406
2023-02-08,11.69,11.96,11.43,11.43,478585
2023-02-09,11.29,11.87,11.29,11.84,457680
2023-02-10,11.77,11.94,11.62,11.7,342128
2023-02-13,11.7,11.83,11.57,11.75,288996
2023-02-14,11.75,11.87,11.6,11.7,240059
2023-02-15,11.65,11.84,11.55,11.77,357090
2023-02-16,11.65,12.43,11.65,11.87,842822
2023-02-17,11.8,12.0,11.46,11.46,499900
2023-02-20,11.46,12.07,11.45,12.07,597038
2023-02-21,12.0,12.18,11.83,11.94,408818
2023-02-22,11.81,11.96,11.75,11.82,237298
2023-02-23,11.87,11.92,11.45,11.62,339434
2023-02-24,11.61,11.74,11.46,11.59,228631
2023-02-27,11.79,12.35,11.7,12.25,886818
2023-02-28,12.53,13.03,12.44,12.75,1007879
2023-03-01,13.2,14.2,13.05,14.12,1871547
2023-03-02,14.24,14.83,14.07,14.15,2056052
2023-03-03,14.0,14.27,13.67,13.9,1097347
2023-03-06,13.76,14.42,13.67,14.14,979756
2023-03-07,14.0,14.24,13.27,13.42,900064
2023-03-08,13.37,13.8,13.25,13.68,554079
2023-03-09,13.62,14.13,13.55,13.94,615003
2023-03-10,13.76,14.7,13.7,14.34,960964
2023-03-13,15.04,15.69,14.72,15.5,1472904
2023-03-14,15.5,16.28,15.15,15.95,1425013
2023-03-15,16.1,16.8,15.69,15.94,1123509
2023-03-16,15.96,16.15,15.43,15.64,781933
2023-03-17,15.65,17.38,15.65,17.38,1534016
2023-03-20,17.98,18.66,17.13,17.36,1843694
2023-03-21,17.36,17.61,16.89,17.32,840138
2023-03-22,17.53,18.91,17.5,18.75,1307263
2023-03-23,18.21,20.18,18.13,19.86,1506598
2023-03-24,19.55,20.77,19.45,20.73,1327936
2023-03-27,20.58,21.94,20.15,20.72,1362993
2023-03-28,20.25,20.48,19.4,19.49,1201530
2023-03-29,19.5,20.39,18.77,19.61,1220858
2023-03-30,19.31,19.53,18.05,18.8,1214626
2023-03-31,19.26,20.86,17.96,20.86,1451765
2023-04-03,21.07,22.97,20.3,22.7,2003865
2023-04-04,22.36,24.47,22.26,23.92,1366008
2023-04-06,23.95,25.07,23.13,23.48,1089215
2023-04-07,23.48,25.68,23.36,25.25,1018850
2023-04-10,27.17,27.55,24.27,24.63,1341511
2023-04-11,24.99,25.05,22.68,23.35,1688862
2023-04-12,23.01,25.33,22.78,24.8,1322716
2023-04-13,24.36,24.53,22.59,22.78,1129729
2023-04-14,22.99,23.22,21.75,22.77,1008318
2023-04-17,22.81,22.82,21.77,22.25,867773
2023-04-18,22.25,23.41,22.07,23.04,1082974
2023-04-19,22.85,24.9,22.85,23.44,1282126
2023-04-20,23.28,25.23,22.95,25.01,1284951
2023-04-21,25.12,25.72,23.15,23.2,1077501
2023-04-24,23.27,24.0,21.9,22.15,1078514
2023-04-25,21.97,22.91,21.5,21.75,864422
2023-04-26,21.65,21.7,19.4,19.88,1554185
2023-04-27,19.66,20.63,19.2,19.82,803868
2023-04-28,20.25,21.91,19.98,21.72,1030532
2023-05-04,21.72,22.51,20.29,21.79,1035214
2023-05-05,21.79,21.85,20.44,20.6,719109
2023-05-08,20.95,22.39,20.05,21.51,797933
2023-05-09,21.3,22.33,20.94,21.01,638270
2023-05-10,20.95,21.51,20.11,20.5,480538
2023-05-11,20.42,20.84,19.97,20.1,370996
2023-05-12,20.03,20.85,19.83,20.19,379512
2023-05-15,20.21,20.52,18.89,19.61,840402
2023-05-16,19.59,20.04,18.94,19.36,526252
2023-05-17,19.27,20.03,19.15,19.65,356384
2023-05-18,19.79,21.27,19.48,20.61,1040917
2023-05-19,20.35,21.15,19.88,20.09,553451
2023-05-22,19.91,20.28,19.55,19.81,351636
2023-05-23,19.75,20.32,19.46,19.75,404019
2023-05-24,19.47,19.53,18.67,18.94,746728
2023-05-25,19.25,19.43,18.5,18.96,513668
2023-05-26,18.9,19.79,18.76,19.54,431060
2023-05-29,19.7,20.01,17.41,17.93,1812976
2023-05-30,17.94,18.64,17.5,18.61,982410
2023-05-31,18.55,18.8,17.85,18.09,794796
2023-06-01,18.05,19.6,17.85,19.15,962314
2023-06-02,19.14,19.35,18.84,18.91,473210
2023-06-05,18.89,19.6,18.62,19.2,616233
2023-06-06,19.13,19.19,18.19,18.31,497317
2023-06-07,18.31,18.51,17.97,18.15,490908
2023-06-08,18.09,18.11,17.47,17.77,543445
2023-06-09,17.93,18.04,16.81,17.24,1527628
2023-06-12,17.48,17.54,17.01,17.33,746576
2023-06-13,17.34,18.73,17.12,18.57,1166531
2023-06-14,18.61,19.48,18.38,18.94,1254119
2023-06-15,18.65,18.82,17.78,17.93,1279124
2023-06-16,17.84,19.87,17.59,19.87,1742537
2023-06-19,20.54,21.9,19.89,21.64,2931803
2023-06-20,21.1,22.62,20.95,22.26,1846634
2023-06-21,21.89,21.89,20.59,20.59,1427882
2023-06-26,20.29,21.0,19.4,19.62,1299122
2023-06-27,19.52,19.77,19.2,19.54,771543
2023-06-28,19.34,19.35,17.44,17.69,1673303
2023-06-29,18.06,18.64,17.99,18.22,958047
2023-06-30,17.95,18.53,17.63,18.24,848377
2023-07-03,18.29,18.69,18.06,18.44,774794
2023-07-04,18.24,20.34,18.21,20.02,1332730
2023-07-05,20.47,20.82,19.79,19.93,1125363
2023-07-06,19.81,20.92,19.72,20.18,903247
2023-07-07,20.0,20.04,18.74,19.33,799985
2023-07-10,19.6,19.67,18.96,19.2,470021
2023-07-11,19.11,20.5,19.06,20.16,1003709
2023-07-12,20.69,20.97,20.11,20.17,1135387
2023-07-13,20.01,21.27,19.85,20.99,1058184
2023-07-14,20.89,21.03,20.41,20.48,758850
2023-07-17,20.35,21.29,20.11,20.87,813878
2023-07-18,20.69,20.72,20.19,20.39,548146
2023-07-19,20.39,20.68,20.18,20.51,449837
2023-07-20,20.55,20.58,19.34,19.34,713060
2023-07-21,19.37,19.47,18.84,19.05,533638
2023-07-24,19.07,19.94,19.07,19.34,459646
2023-07-25,19.57,19.99,19.18,19.64,509726
2023-07-26,19.61,19.61,18.7,18.86,521617
2023-07-27,18.8,18.97,18.48,18.54,311856
2023-07-28,18.45,19.05,18.39,18.95,469248
2023-07-31,18.94,20.99,18.64,20.44,1105873
2023-08-01,20.24,20.43,20.02,20.22,459987
2023-08-02,20.09,20.22,19.81,20.08,341489
2023-08-03,19.89,20.14,19.14,19.47,578404
2023-08-04,19.47,21.04,19.47,20.78,1032031
2023-08-07,20.78,21.25,20.46,20.82,708689
2023-08-08,20.67,20.84,20.33,20.39,314233
2023-08-09,20.39,20.61,19.51,19.62,458014
2023-08-10,19.6,19.77,19.37,19.62,318616
2023-08-11,19.55,19.72,18.93,18.93,394262
2023-08-14,18.92,19.29,18.58,19.26,344011
2023-08-15,19.2,19.54,18.64,18.91,319316
2023-08-16,18.77,18.83,17.76,17.92,673219
2023-08-17,17.85,18.37,17.7,18.29,382851
2023-08-18,18.2,18.74,18.08,18.11,367051
2023-08-21,18.05,18.83,17.94,18.38,399807
2023-08-22,18.54,19.2,18.14,19.19,510131
2023-08-23,18.94,19.09,18.31,18.39,417637
2023-08-24,18.64,19.05,18.44,18.57,358206
2023-08-25,18.29,18.29,17.17,17.89,774986
2023-08-28,19.29,19.31,18.54,18.7,664774
2023-08-29,18.68,20.11,18.56,19.9,846338
2023-08-30,19.99,20.11,19.69,19.92,601535
2023-08-31,19.94,20.59,19.72,20.07,647389
2023-09-01,20.04,20.24,19.85,20.01,321447
2023-09-04,20.14,20.37,19.89,20.21,390655
2023-09-05,20.07,20.43,19.79,19.82,404743
2023-09-06,19.68,19.98,19.26,19.72,362617
2023-09-07,19.55,19.86,19.11,19.14,276700
2023-09-08,19.09,19.64,18.77,19.24,273578
2023-09-11,19.13,20.01,18.99,19.66,386603
2023-09-12,19.54,19.9,19.39,19.75,305600
2023-09-13,19.5,19.69,18.91,19.02,309105
2023-09-14,19.0,19.13,18.71,18.89,191191
2023-09-15,18.99,19.05,18.45,19.05,277159
2023-09-18,18.69,18.93,18.46,18.61,247110
2023-09-19,18.54,18.66,18.24,18.29,224742
2023-09-20,18.33,18.7,18.3,18.45,165928
2023-09-21,18.38,18.74,18.19,18.29,221451
2023-09-22,18.21,19.53,18.07,19.42,547312
2023-09-25,19.35,19.54,19.07,19.09,292543
2023-09-26,20.2,21.15,19.79,21.15,1010342
2023-09-27,21.16,21.66,20.85,21.38,1271974
2023-09-28,21.2,21.34,20.62,20.76,624745
2023-10-09,20.77,21.26,20.65,21.1,609308
2023-10-10,21.07,21.64,21.04,21.27,494393
2023-10-11,21.36,21.82,21.14,21.26,482490
2023-10-12,21.48,21.71,20.87,21.06,469635
2023-10-13,20.87,20.97,20.43,20.63,350148
2023-10-16,20.5,20.93,20.35,20.5,339558
2023-10-17,20.5,21.04,20.48,20.62,287091
2023-10-18,20.36,20.51,19.88,20.36,327781
2023-10-19,20.37,20.6,20.04,20.05,265710
2023-10-20,19.94,20.15,19.37,19.43,369597
2023-10-23,19.67,19.86,19.16,19.59,434092
2023-10-24,19.51,19.69,18.11,18.28,863516
2023-10-25,18.49,19.04,17.74,18.05,695015
2023-10-26,18.06,18.57,17.2,18.56,851584
2023-10-27,18.39,19.02,18.15,18.71,560328
2023-10-30,18.67,19.21,18.29,19.1,465340
2023-10-31,19.0,19.11,18.66,18.89,278399
2023-11-01,18.87,19.05,18.39,18.48,291465
2023-11-02,18.41,18.74,18.24,18.27,213339
2023-11-03,18.45,19.11,18.4,18.8,383782
2023-11-06,18.9,19.95,18.8,19.94,570704
2023-11-07,19.75,20.21,19.62,20.04,402272
2023-11-08,19.99,20.21,19.73,19.94,316142
2023-11-09,19.88,20.33,19.69,19.87,265596
2023-11-10,19.79,19.98,19.5,19.63,207339
2023-11-13,19.68,20.39,19.64,19.76,375430
2023-11-14,19.8,19.94,19.51,19.6,294487
2023-11-15,19.79,20.19,19.7,19.9,398039
2023-11-16,19.98,20.04,19.69,19.69,257966
2023-11-17,19.65,19.98,19.36,19.59,298356
2023-11-20,19.6,19.67,19.15,19.22,365715
2023-11-21,19.3,19.35,18.76,18.8,393323
2023-11-22,18.75,18.77,18.45,18.45,275913
2023-11-23,18.49,18.89,18.3,18.86,315974
2023-11-24,18.82,18.82,18.35,18.42,260946
2023-11-27,18.4,18.6,18.24,18.54,213042
2023-11-28,18.55,18.7,18.36,18.67,193042
2023-11-29,18.64,18.64,18.3,18.3,205059
2023-11-30,18.27,18.4,18.0,18.13,216947
2023-12-01,18.1,18.78,18.02,18.67,306022
2023-12-04,18.66,18.7,18.25,18.32,276525
2023-12-05,18.23,18.23,17.88,17.9,220138
2023-12-06,17.9,18.03,17.68,17.7,272391
2023-12-07,17.73,18.39,17.73,18.11,347032
2023-12-08,18.32,18.95,18.26,18.65,537735
2023-12-11,18.5,18.72,18.13,18.69,344001
2023-12-12,18.69,18.89,18.47,18.53,236986
2023-12-13,18.46,18.54,17.89,17.95,341604
2023-12-14,18.07,18.34,17.77,17.86,239707
2023-12-15,17.91,17.93,17.5,17.51,334860
2023-12-18,17.42,17.58,17.26,17.34,183304
2023-12-19,17.38,17.6,17.21,17.57,171202
2023-12-20,17.6,17.6,16.71,16.72,382562
2023-12-21,16.78,17.13,16.63,17.06,255018
2023-12-22,17.01,17.05,16.5,16.61,277224
2023-12-25,16.58,16.99,16.58,16.81,171211
2023-12-26,16.81,16.81,16.35,16.45,215967
2023-12-27,16.44,16.65,16.4,16.49,201453
2023-12-28,16.49,17.12,16.37,17.01,328337
2023-12-29,16.98,17.4,16.88,17.25,250123
2024-01-02,17.22,17.28,16.75,16.79,293894
2024-01-03,16.77,17.0,16.5,16.6,227048
2024-01-04,16.56,16.58,16.14,16.31,251219
2024-01-05,16.22,16.39,15.69,15.81,311399
2024-01-08,15.85,15.9,15.63,15.67,220326
2024-01-09,15.68,15.86,15.17,15.35,393957
2024-01-10,15.3,15.45,14.85,15.19,299616
2024-01-11,15.2,15.73,15.15,15.63,265356
2024-01-12,16.56,16.6,15.75,15.79,598711
2024-01-15,15.66,15.97,15.51,15.8,336010
2024-01-16,15.79,15.9,15.59,15.82,279448
2024-01-17,15.82,15.88,15.54,15.54,227627
2024-01-18,15.48,15.88,15.26,15.86,345356
2024-01-19,15.8,15.98,15.71,15.92,298681
2024-01-22,15.93,15.99,15.16,15.35,303225
2024-01-23,15.3,15.75,15.05,15.64,348409
2024-01-24,15.66,15.75,15.01,15.64,316814
2024-01-25,15.6,16.1,15.51,16.08,381260
2024-01-26,16.0,16.33,15.95,16.03,343507
2024-01-29,16.03,16.09,15.28,15.3,323356
2024-01-30,15.2,15.64,15.0,15.1,234201
2024-01-31,15.05,15.1,14.34,14.34,352209
2024-02-01,14.36,15.4,14.22,15.2,453375
2024-02-02,15.1,15.35,14.32,14.69,386335
2024-02-05,14.58,15.07,13.83,14.55,434898
2024-02-06,14.3,15.45,14.21,15.32,455880
2024-02-07,15.3,15.86,15.11,15.72,475811
2024-02-08,15.73,16.3,15.73,16.3,527575
2024-02-19,17.29,17.29,16.51,16.92,757668
2024-02-20,16.7,16.7,16.42,16.62,363822
2024-02-21,16.6,17.0,16.45,16.64,424435
2024-02-22,16.79,17.08,16.7,16.99,449583
2024-02-23,17.0,17.03,16.6,16.81,503890
2024-02-26,16.83,17.05,16.73,16.86,487456
2024-02-27,16.75,17.84,16.61,17.73,844901
2024-02-28,17.72,17.85,16.68,16.68,773662
2024-02-29,16.59,17.36,16.5,17.31,555262
2024-03-01,17.25,17.97,17.2,17.85,753872
2024-03-04,18.04,18.29,17.58,17.87,696701
2024-03-05,17.67,19.78,17.57,19.78,1418014
2024-03-06,19.58,19.58,18.64,18.89,1704205
2024-03-07,18.79,19.07,18.1,18.25,1107637
2024-03-08,18.32,18.9,18.09,18.89,902739
2024-03-11,18.28,18.66,18.19,18.64,772086
2024-03-12,18.64,19.24,18.4,19.06,1046245
2024-03-13,19.0,19.07,18.54,18.62,725758
2024-03-14,18.6,18.6,17.86,18.11,677776
2024-03-15,18.05,18.37,17.88,18.3,468279
2024-03-18,18.34,18.55,18.13,18.52,643677
2024-03-19,18.39,18.48,18.1,18.11,564638
2024-03-20,18.14,18.48,18.09,18.29,460141
2024-03-21,18.4,18.83,18.25,18.44,799862
2024-03-22,18.34,18.41,17.74,17.87,634000
2024-03-25,17.9,19.28,17.87,18.37,1222924
2024-03-26,18.4,18.49,17.66,17.76,721047
2024-03-27,17.77,17.8,16.88,16.93,528367
2024-03-28,16.88,17.68,16.88,17.42,518755
2024-03-29,17.33,17.75,17.15,17.7,379863
2024-04-01,17.78,18.02,17.71,17.9,416842
2024-04-02,17.78,17.91,17.36,17.48,399166
2024-04-03,17.46,17.47,17.04,17.08,326233
2024-04-08,17.08,17.2,16.91,16.94,329279
2024-04-09,16.94,17.14,16.66,17.1,368314
2024-04-10,17.08,17.08,16.4,16.48,381357
2024-04-11,16.37,16.81,16.33,16.54,273400
2024-04-12,16.57,17.09,16.46,16.89,404593
2024-04-15,16.88,17.57,16.71,17.41,636700
2024-04-16,17.01,17.05,16.35,16.38,657360
2024-04-17,16.42,17.09,16.42,16.93,536340
2024-04-18,16.8,17.28,16.38,16.77,619286
2024-04-19,16.54,16.58,16.07,16.1,539346
2024-04-22,15.9,16.06,15.45,15.68,494801
2024-04-23,15.73,15.85,15.5,15.59,292760
2024-04-24,15.68,15.96,15.61,15.87,346992
2024-04-25,15.77,15.84,15.58,15.64,293476
2024-04-26,15.66,16.28,15.66,16.16,510420
2024-04-29,16.18,17.25,16.16,16.99,810629
2024-04-30,16.98,16.99,16.67,16.79,392517
2024-05-06,17.07,17.15,16.77,16.88,445309
2024-05-07,16.89,17.12,16.71,16.84,400006
2024-05-08,16.75,16.76,16.3,16.33,363823
2024-05-09,16.33,16.63,16.31,16.51,288397
2024-05-10,16.51,16.56,16.06,16.28,352914
2024-05-13,16.18,16.75,16.05,16.47,415869
2024-05-14,16.49,16.84,16.33,16.4,325474
2024-05-15,16.38,16.54,16.17,16.2,236532
2024-05-16,16.29,16.42,16.16,16.19,282287
2024-05-17,16.18,16.31,15.95,16.31,269818
2024-05-20,16.31,16.78,16.24,16.7,460544
2024-05-21,16.74,16.87,16.55,16.6,250271
2024-05-22,16.68,16.75,16.43,16.72,252670
2024-05-23,16.76,16.82,16.28,16.33,297938
2024-05-24,16.34,16.36,15.92,15.94,296845
2024-05-27,16.08,16.08,15.58,15.9,289497
2024-05-28,15.9,16.0,15.6,15.64,228228
2024-05-29,15.64,15.78,15.47,15.56,200749
2024-05-30,15.48,15.55,15.33,15.45,209992
2024-05-31,15.47,15.72,15.47,15.57,228614
2024-06-03,15.58,15.93,15.39,15.7,300437
2024-06-04,15.58,15.72,15.53,15.68,212244
2024-06-05,15.71,16.01,15.66,15.78,345106
2024-06-06,15.83,15.93,15.47,15.55,291276
2024-06-07,15.61,15.67,15.19,15.33,270969
2024-06-11,15.24,15.46,15.05,15.45,272641
2024-06-12,15.35,15.65,15.31,15.48,206808
2024-06-13,15.55,15.58,15.36,15.4,177830
2024-06-14,15.35,15.76,15.31,15.72,321222
2024-06-17,15.68,15.8,15.59,15.61,270870
2024-06-18,15.62,15.89,15.57,15.78,272346
2024-06-19,15.88,15.95,15.58,15.61,240109
2024-06-20,15.49,15.52,14.98,14.98,465017
2024-06-21,14.98,15.22,14.9,15.06,217692
2024-06-24,14.88,15.02,14.58,14.6,300150
2024-06-25,14.67,14.84,14.16,14.26,307400
2024-06-26,14.26,14.83,14.16,14.77,245600
2024-06-27,14.71,14.75,14.44,14.46,193325
2024-06-28,14.46,14.74,14.42,14.64,261414
2024-07-01,14.53,14.66,14.28,14.58,204134
2024-07-02,14.6,14.7,14.39,14.43,161341
2024-07-03,14.37,14.43,14.09,14.23,209408
2024-07-04,14.24,14.4,14.0,14.03,196918
2024-07-05,14.08,14.1,13.74,13.97,219389
2024-07-08,13.86,13.9,13.39,13.45,246214
2024-07-09,13.45,13.88,13.4,13.87,315926
2024-07-10,13.78,14.23,13.76,13.98,251911
2024-07-11,14.26,14.48,14.09,14.42,359081
2024-07-12,14.36,14.36,14.15,14.22,209304
2024-07-15,14.16,14.22,14.01,14.12,143696
2024-07-16,14.06,14.35,14.04,14.33,213732
2024-07-17,14.32,14.34,14.16,14.17,159693
2024-07-18,14.08,14.13,13.82,14.1,228303
2024-07-19,14.01,14.38,13.99,14.3,229431
2024-07-22,14.33,14.37,14.19,14.28,165157
2024-07-23,14.27,14.28,13.68,13.69,276003
2024-07-24,13.62,13.73,13.44,13.49,196512
2024-07-25,13.4,13.69,13.33,13.57,144084
2024-07-26,13.57,13.83,13.56,13.71,142720
2024-07-29,13.7,13.77,13.58,13.58,120330
2024-07-30,13.55,13.57,13.34,13.54,153918
2024-07-31,13.53,14.18,13.52,14.18,316015
2024-08-01,14.18,14.32,14.07,14.1,183974
2024-08-02,13.97,14.2,13.87,13.89,194178
2024-08-05,13.81,13.98,13.33,13.33,304898
2024-08-06,13.53,13.57,13.34,13.46,184272
2024-08-07,13.47,13.53,13.11,13.17,328096
2024-08-08,13.11,13.21,12.91,13.12,229866
2024-08-09,13.21,13.35,12.88,12.9,220257
2024-08-12,12.88,12.93,12.8,12.85,143362
2024-08-13,12.88,12.93,12.74,12.87,129939
2024-08-14,12.87,12.97,12.82,12.92,141558
2024-08-15,12.86,13.22,12.8,13.08,193173
2024-08-16,13.05,13.23,13.03,13.11,146427
2024-08-19,13.08,13.2,12.9,12.91,242319
2024-08-20,12.92,12.94,12.62,12.68,197591
2024-08-21,12.63,12.73,12.43,12.45,203580
2024-08-22,12.45,12.51,12.13,12.21,263880
2024-08-23,12.21,12.37,12.13,12.29,213017
2024-08-26,12.47,12.77,12.4,12.56,301502
2024-08-27,12.44,12.49,12.19,12.24,187017
2024-08-28,12.19,12.39,12.14,12.36,167725
2024-08-29,12.31,12.63,12.28,12.53,200306
2024-08-30,12.5,13.08,12.49,12.9,340445
2024-09-02,12.89,12.98,12.7,12.7,227745
2024-09-03,12.7,13.0,12.69,12.91,195316
2024-09-04,12.79,12.98,12.78,12.87,185502
2024-09-05,12.86,13.07,12.85,12.92,163864
2024-09-06,12.92,12.97,12.7,12.7,144875
2024-09-09,12.61,12.73,12.45,12.55,162995
2024-09-10,12.59,12.85,12.46,12.78,173401
2024-09-11,12.78,12.9,12.68,12.79,153336
2024-09-12,12.86,12.98,12.7,12.7,121518
2024-09-13,12.7,12.83,12.63,12.7,136578
2024-09-18,12.69,12.81,12.53,12.76,153749
2024-09-19,12.82,13.12,12.69,13.05,231950
2024-09-20,13.07,13.43,13.01,13.33,329455
2024-09-23,13.34,13.67,13.27,13.44,295342
2024-09-24,13.49,13.86,13.31,13.75,493358
2024-09-25,13.89,14.18,13.89,13.97,506577
2024-09-26,13.91,14.41,13.87,14.4,452145
2024-09-27,14.55,15.45,14.52,15.35,881752
2024-09-30,16.01,16.7,15.66,16.58,1389451
2024-10-08,18.3,18.3,16.59,17.85,1543289
2024-10-09,17.31,17.31,16.07,16.11,1053120
2024-10-10,16.26,16.58,15.78,16.09,626579
2024-10-11,15.96,16.07,15.11,15.27,539504
2024-10-14,15.26,15.93,15.23,15.8,642390
2024-10-15,15.71,15.97,15.48,15.48,439009
2024-10-16,15.26,15.5,15.12,15.27,402979
2024-10-17,15.38,15.69,15.25,15.27,395435
2024-10-18,15.17,16.08,15.13,15.78,672901
2024-10-21,16.11,16.52,16.0,16.25,756528
2024-10-22,16.16,16.19,15.9,16.07,458688
2024-10-23,16.07,16.19,15.92,16.0,395291
2024-10-24,15.94,15.99,15.66,15.71,350390
2024-10-25,15.74,15.94,15.58,15.81,353505
2024-10-28,15.83,16.26,15.83,16.04,498163
2024-10-29,16.15,16.21,15.77,15.79,488668
2024-10-30,15.66,15.77,15.43,15.59,386288
2024-10-31,15.59,15.88,15.45,15.8,443743
2024-11-01,15.76,15.76,15.27,15.39,461278
2024-11-04,15.43,15.71,15.42,15.65,289788
2024-11-05,15.64,16.85,15.61,16.65,1085927
2024-11-06,16.68,16.75,16.26,16.5,729353
2024-11-07,16.28,16.71,16.24,16.71,628854
2024-11-08,16.81,17.08,16.62,16.65,737220
2024-11-11,16.61,17.66,16.39,17.55,1154204
2024-11-12,17.74,17.74,17.04,17.19,810983
2024-11-13,17.16,17.62,17.06,17.43,610050
2024-11-14,17.41,17.48,16.83,16.84,543197
2024-11-15,16.75,17.78,16.75,17.06,1101657
2024-11-18,17.14,17.16,16.04,16.2,849476
2024-11-19,16.21,16.4,15.86,16.4,498602
2024-11-20,16.27,16.77,16.25,16.52,464173
2024-11-21,16.43,16.54,16.18,16.35,333675
2024-11-22,16.33,16.71,15.78,15.79,563865
2024-11-25,15.77,15.83,15.17,15.4,523168
2024-11-26,15.34,15.51,15.26,15.27,249514
2024-11-27,15.2,15.6,14.94,15.6,378283
2024-11-28,15.59,15.68,15.29,15.33,337289
2024-11-29,15.26,15.85,15.25,15.69,420349
2024-12-02,15.72,15.9,15.57,15.82,378268
2024-12-03,15.82,15.82,15.45,15.62,389546
2024-12-04,15.64,15.7,15.39,15.44,285189
2024-12-05,15.39,15.58,15.39,15.49,277320
2024-12-06,15.79,16.5,15.71,16.23,938622
2024-12-09,16.17,16.61,16.06,16.19,562306
2024-12-10,16.61,16.77,16.34,16.39,773270
2024-12-11,16.34,16.41,16.22,16.3,378835
2024-12-12,16.33,16.39,16.07,16.28,406796
2024-12-13,16.16,16.29,15.92,16.03,475655
2024-12-16,16.04,16.14,15.77,15.85,328689
2024-12-17,15.86,15.99,15.7,15.71,306463
2024-12-18,15.83,16.12,15.68,15.98,347728
2024-12-19,15.82,16.18,15.75,16.18,416518
2024-12-20,16.06,16.34,16.04,16.14,357728
2024-12-23,16.11,16.22,15.84,15.87,311959
2024-12-24,15.85,16.03,15.72,15.92,283069
2024-12-25,15.9,16.02,15.72,15.78,273487
2024-12-26,15.72,16.45,15.66,16.38,762504
2024-12-27,16.36,16.38,16.0,16.06,478079
2024-12-30,15.99,16.3,15.89,16.11,338841
2024-12-31,16.15,16.2,15.34,15.36,728143
2025-01-02,15.28,15.36,14.62,14.76,497376
2025-01-03,14.77,14.87,14.29,14.29,378904
2025-01-06,14.31,14.45,14.1,14.22,271118
2025-01-07,14.22,14.34,14.14,14.34,272896
2025-01-08,14.25,14.28,13.72,14.01,437614
2025-01-09,13.97,14.11,13.87,13.97,247636
2025-01-10,13.94,14.19,13.72,13.72,292204
2025-01-13,13.6,14.08,13.56,13.91,253990
2025-01-14,13.97,14.46,13.88,14.45,401030
2025-01-15,14.36,14.44,14.22,14.24,245015
2025-01-16,14.3,14.51,14.2,14.34,263779
2025-01-17,14.27,14.54,14.24,14.42,253111
2025-01-20,14.56,14.61,14.4,14.47,218296
2025-01-21,14.56,14.58,14.33,14.51,222706
2025-01-22,14.4,14.64,14.4,14.53,235961
2025-01-23,14.66,14.87,14.54,14.54,302469
2025-01-24,14.54,14.88,14.5,14.85,303520
2025-01-27,14.72,14.79,14.51,14.51,302325
2025-02-05,14.87,15.15,14.75,15.06,530450
2025-02-06,14.98,15.46,14.87,15.43,517761
2025-02-07,15.46,15.86,15.42,15.66,718150
2025-02-10,15.7,15.8,15.6,15.76,468322
2025-02-11,15.66,16.31,15.58,16.14,780557
2025-02-12,16.15,16.56,16.08,16.44,649991
2025-02-13,16.48,16.5,16.02,16.12,586728
2025-02-14,16.0,17.02,15.92,16.63,889905
2025-02-17,16.92,17.01,16.65,16.89,897789
2025-02-18,16.76,17.41,16.55,16.69,895923
2025-02-19,16.77,17.0,16.61,16.85,628812
2025-02-20,16.86,16.99,16.44,16.6,643182
2025-02-21,16.62,17.15,16.62,17.06,866345
2025-02-24,17.2,17.54,16.79,17.28,955975
2025-02-25,16.86,17.5,16.72,17.1,788648
2025-02-26,17.06,17.35,16.82,16.95,523250
2025-02-27,16.93,17.04,16.31,16.52,731923
2025-02-28,16.41,16.51,15.71,15.8,602306
2025-03-03,15.89,16.12,15.64,15.74,454240
2025-03-04,15.64,16.03,15.57,15.97,375172
2025-03-05,15.93,16.08,15.81,15.89,297146
2025-03-06,16.19,17.54,16.19,17.54,1187040
2025-03-07,18.16,19.36,18.04,18.73,4657140
2025-03-10,18.59,18.91,17.61,18.27,2980565
2025-03-11,18.11,18.24,17.66,18.01,1612795
2025-03-12,18.26,18.85,18.02,18.17,2146775
2025-03-13,18.56,19.86,18.55,18.58,2748414
2025-03-14,18.85,19.15,18.29,18.38,2098321
2025-03-17,18.4,19.13,18.25,18.5,1873042
2025-03-18,18.49,19.8,18.39,19.22,2508001
2025-03-19,18.88,18.96,18.15,18.26,1855301
2025-03-20,18.16,18.26,17.73,17.74,1194042
2025-03-21,17.8,17.84,17.14,17.21,1062577
2025-03-24,17.18,17.29,16.6,16.94,878438
2025-03-25,16.88,16.93,16.58,16.66,568650
2025-03-26,16.69,16.84,16.54,16.55,552505
2025-03-27,16.52,16.78,16.36,16.57,593862
2025-03-28,16.46,16.58,16.39,16.42,382155
2025-03-31,16.32,16.43,16.04,16.38,577420
2025-04-01,16.45,16.52,16.2,16.23,445416
2025-04-02,16.24,16.49,16.17,16.28,383881
2025-04-03,16.03,16.16,15.78,15.83,540696
2025-04-07,14.96,15.16,14.18,14.18,899770
2025-04-08,14.34,14.47,13.9,14.2,729212
2025-04-09,14.15,14.55,13.73,14.47,716504
2025-04-10,14.81,15.01,14.7,14.75,635730
2025-04-11,14.56,14.95,14.51,14.8,443650
2025-04-14,15.05,15.1,14.86,14.9,399202
2025-04-15,14.84,14.93,14.61,14.8,305152
2025-04-16,14.74,14.9,14.63,14.83,344690
2025-04-17,14.68,14.89,14.67,14.84,248715
2025-04-18,14.76,14.98,14.73,14.95,219390
2025-04-21,14.97,15.16,14.88,15.15,310158
2025-04-22,15.11,15.19,15.02,15.11,285724
2025-04-23,15.2,15.6,15.2,15.37,563693
2025-04-24,15.38,15.5,15.27,15.34,315401
2025-04-25,15.32,15.48,15.28,15.45,261171
2025-04-28,15.47,15.56,15.31,15.33,268668
2025-04-29,15.27,15.46,15.18,15.43,231005
2025-04-30,15.47,15.64,15.38,15.54,299944
2025-05-06,15.7,15.91,15.65,15.91,377660
2025-05-07,16.08,16.12,15.69,15.8,419382
2025-05-08,15.75,15.89,15.73,15.86,311491
2025-05-09,15.82,15.82,15.48,15.62,364016
2025-05-12,15.77,15.81,15.69,15.81,301380
2025-05-13,15.92,15.97,15.66,15.67,386338
2025-05-14,15.68,15.8,15.54,15.72,268849
2025-05-15,15.69,15.71,15.38,15.4,282305
2025-05-16,15.34,15.47,15.32,15.4,169507
2025-05-19,15.4,15.43,15.24,15.41,189327
2025-05-20,15.41,15.52,15.33,15.51,206848
2025-05-21,15.48,15.54,15.37,15.49,183299
2025-05-22,15.43,15.52,15.38,15.4,170168
2025-05-23,15.38,15.47,15.15,15.16,257041
2025-05-26,15.14,15.26,15.12,15.23,153132
2025-05-27,15.2,15.21,15.03,15.07,151236
2025-05-28,15.09,15.15,14.97,15.0,129337
2025-05-29,15.07,15.32,15.04,15.31,241902
2025-05-30,15.27,15.27,15.06,15.06,180841
2025-06-03,15.04,15.14,14.97,14.98,214002
2025-06-04,15.02,15.18,14.99,15.14,187414
2025-06-05,15.17,15.42,15.09,15.38,286945
2025-06-06,15.37,15.42,15.28,15.35,186186
2025-06-09,15.37,15.47,15.32,15.42,186429
2025-06-10,15.42,15.45,15.07,15.16,249843
2025-06-11,15.15,15.32,15.15,15.23,175454
2025-06-12,15.19,15.38,15.15,15.24,197653
2025-06-13,15.2,15.3,15.05,15.06,247268
2025-06-16,15.03,15.24,15.0,15.21,180627
2025-06-17,15.22,15.29,15.17,15.24,164504
2025-06-18,15.18,15.3,15.17,15.29,177863
2025-06-19,15.25,15.35,15.06,15.09,205307
2025-06-20,15.05,15.15,15.01,15.02,173331
2025-06-23,14.95,15.42,14.9,15.21,260150
2025-06-24,15.22,15.47,15.21,15.45,330266
2025-06-25,15.45,15.62,15.39,15.61,387332
2025-06-26,15.59,15.74,15.54,15.64,339471
2025-06-27,15.69,15.81,15.58,15.67,299851
2025-06-30,15.67,15.78,15.63,15.7,257690
2025-07-01,15.71,15.8,15.59,15.65,224989
2025-07-02,15.65,15.7,15.43,15.49,248508
2025-07-03,15.51,15.74,15.49,15.71,237490
2025-07-04,15.73,15.74,15.59,15.61,205848
2025-07-07,15.58,15.61,15.44,15.47,177748
2025-07-08,15.45,15.74,15.45,15.72,288686
2025-07-09,15.74,15.78,15.58,15.65,212107
2025-07-10,15.67,15.78,15.59,15.71,229961
2025-07-11,15.7,15.89,15.63,15.81,367272
2025-07-14,15.84,15.84,15.74,15.74,220359
2025-07-15,15.73,16.12,15.72,16.07,549576
2025-07-16,16.02,16.1,15.86,15.91,386357
2025-07-17,15.89,16.02,15.8,15.97,348322
2025-07-18,15.97,16.2,15.95,16.03,333692
2025-07-21,16.02,16.21,15.99,16.16,307672
2025-07-22,16.16,16.17,15.93,16.14,338443
2025-07-23,16.11,16.26,16.03,16.06,332357
2025-07-24,16.09,16.29,16.07,16.29,365679
2025-07-25,16.29,16.5,16.25,16.44,398739
2025-07-28,16.6,16.66,16.28,16.42,386758
2025-07-29,16.36,16.49,16.24,16.43,307621
2025-07-30,16.44,16.47,16.16,16.27,321093
2025-07-31,16.19,16.39,16.0,16.08,509141
2025-08-01,16.18,16.45,16.08,16.26,472626
2025-08-04,16.14,16.21,16.1,16.19,268091
2025-08-05,16.19,16.32,16.17,16.32,303455
2025-08-06,16.27,16.47,16.26,16.44,355907
2025-08-07,16.45,16.52,16.28,16.35,270832
2025-08-08,16.3,16.34,16.2,16.2,256667
2025-08-11,16.2,16.39,16.2,16.36,260837
2025-08-12,16.4,16.48,16.36,16.42,348608
2025-08-13,16.48,16.6,16.4,16.57,433407
2025-08-14,16.58,16.65,16.37,16.42,457843
2025-08-15,16.38,16.63,16.38,16.63,443683
2025-08-18,16.99,18.31,16.98,18.01,2143896
2025-08-19,18.07,18.25,17.9,18.02,1504945
2025-08-20,18.07,18.22,17.82,18.14,1017762
2025-08-21,18.3,18.48,17.95,18.06,856221
2025-08-22,18.17,18.51,18.07,18.48,1242623
2025-08-25,18.85,18.95,18.35,18.57,1367334
2025-08-26,18.47,18.82,18.37,18.68,975059
2025-08-27,18.81,19.64,18.67,18.69,1933534
2025-08-28,18.68,19.38,18.65,19.3,1415247
2025-08-29,19.47,19.52,19.02,19.24,1016839
2025-09-01,19.31,19.57,19.07,19.22,890163
2025-09-02,19.13,19.16,18.45,18.7,1213746
2025-09-03,18.77,18.92,18.45,18.5,746137
2025-09-04,18.59,18.64,17.42,17.82,987330
2025-09-05,17.83,18.22,17.63,18.19,665953
2025-09-08,18.14,18.45,18.05,18.37,563204
2025-09-09,18.29,18.3,17.88,17.97,467947
2025-09-10,18.02,18.22,17.79,17.96,415326
2025-09-11,17.97,18.41,17.91,18.41,609249
2025-09-12,18.35,18.71,18.33,18.38,629942
2025-09-15,18.4,18.45,18.14,18.2,454363
2025-09-16,18.2,18.7,18.0,18.6,662591
2025-09-17,18.52,18.61,18.33,18.52,506610
2025-09-18,18.54,20.39,18.45,19.66,2706293
2025-09-19,19.65,19.65,19.15,19.2,1280154
2025-09-22,19.41,19.65,19.21,19.65,1023387
2025-09-23,20.0,20.09,19.09,19.48,1130903
2025-09-24,19.38,20.3,19.28,20.27,1468536
2025-09-25,20.7,21.15,20.27,20.79,1530472
2025-09-26,20.76,20.76,19.97,19.98,1064063
2025-09-29,20.02,20.17,19.73,19.87,888714
2025-09-30,19.97,20.37,19.87,19.97,820170
2025-10-09,20.02,21.48,19.99,21.02,1513111
2025-10-10,20.82,20.94,20.29,20.4,1013061
2025-10-13,19.33,19.97,19.32,19.9,940299
2025-10-14,19.99,20.3,19.04,19.15,975734
2025-10-15,19.17,19.67,19.03,19.65,672709
2025-10-16,19.5,19.91,19.27,19.34,543706
2025-10-17,19.28,19.35,18.44,18.47,774851
2025-10-20,18.72,18.87,18.47,18.59,438863
2025-10-21,18.7,19.25,18.63,19.19,650082
2025-10-22,19.03,19.28,18.74,19.1,483416
2025-10-23,18.97,19.27,18.78,19.22,397565
2025-10-24,19.45,19.94,19.43,19.78,786083
2025-10-27,20.22,21.78,20.17,21.32,2344622
2025-10-28,21.37,21.37,20.78,20.97,1264407
2025-10-29,20.97,21.05,20.7,20.99,803871
2025-10-30,20.98,21.16,20.63,20.65,722610
2025-10-31,20.5,20.72,20.22,20.27,661179
2025-11-03,20.4,20.49,20.07,20.42,575535
2025-11-04,20.36,20.38,19.85,20.04,537766
2025-11-05,19.71,20.03,19.52,19.96,486479
2025-11-06,20.02,20.55,19.94,20.42,672734
2025-11-07,20.27,20.37,20.13,20.13,409155
2025-11-10,20.18,20.31,19.79,19.88,503928
2025-11-11,19.97,20.05,19.55,19.61,441132
2025-11-12,19.67,19.75,19.29,19.4,449295
2025-11-13,19.47,20.05,19.47,19.83,545205
2025-11-14,19.62,19.67,19.38,19.38,380230
2025-11-17,19.34,19.36,18.94,19.04,407611
2025-11-18,19.17,19.3,18.94,19.02,306556
2025-11-19,19.02,19.18,18.81,18.95,284058
2025-11-20,19.07,19.12,18.79,18.8,226672
2025-11-21,18.52,18.7,18.21,18.22,439023
2025-11-24,18.35,18.65,18.12,18.56,322901
2025-11-25,18.64,18.92,18.61,18.64,369452
2025-11-26,18.57,18.84,18.53,18.68,242853
2025-11-27,18.66,18.86,18.66,18.66,234977
2025-11-28,18.66,18.76,18.5,18.76,204005
2025-12-01,18.75,19.24,18.73,19.2,403680
2025-12-02,19.18,19.3,19.12,19.25,256071
2025-12-03,19.25,19.26,18.97,19.08,221585
2025-12-04,19.09,19.13,18.89,19.02,182031
2025-12-05,19.01,19.14,18.91,19.06,218122
2025-12-08,19.13,19.34,19.13,19.17,304719
2025-12-09,19.13,19.33,19.0,19.04,262026
2025-12-10,18.94,19.0,18.65,18.94,294243
2025-12-11,19.0,19.02,18.57,18.58,281923
2025-12-12,18.62,18.88,18.47,18.85,337900
2025-12-15,18.66,18.7,18.36,18.37,292963
2025-12-16,18.35,18.39,18.1,18.17,232577
2025-12-17,18.13,18.59,18.1,18.53,240355
2025-12-18,18.38,18.63,18.35,18.5,185035
2025-12-19,18.59,18.93,18.57,18.68,274067
2025-12-22,18.72,18.92,18.72,18.84,219563
2025-12-23,18.77,18.93,18.71,18.78,236008
2025-12-24,18.78,19.11,18.75,19.1,330766
2025-12-25,19.11,19.14,18.96,19.08,242125
2025-12-26,19.03,19.23,18.94,19.06,255902
2025-12-29,19.08,19.11,18.87,18.94,278485
2025-12-30,18.83,19.04,18.81,18.96,272175
2025-12-31,19.0,19.08,18.86,18.94,258709
