date,open,high,low,close,volume
2015-01-05,5.46,5.78,5.37,5.7,11466
2015-01-06,5.6,5.91,5.6,5.85,10470
2015-01-07,5.79,5.97,5.76,5.84,5949
2015-01-08,5.87,5.87,5.72,5.78,4860
2015-01-09,5.77,5.99,5.77,5.82,10227
2015-01-12,5.78,6.57,5.72,6.31,21201
2015-01-13,6.47,7.01,6.46,7.0,32531
2015-01-14,6.76,7.34,6.76,6.81,28189
2015-01-15,6.79,7.06,6.69,6.75,12642
2015-01-16,6.75,6.78,6.52,6.74,11453
2015-01-19,6.55,7.0,6.42,6.6,12574
2015-01-20,6.6,6.85,6.55,6.75,12130
2015-01-21,6.76,6.92,6.68,6.85,13871
2015-01-22,6.91,7.0,6.79,6.96,15799
2015-02-17,7.82,7.82,7.82,7.82,1071
2015-02-25,8.7,8.7,8.0,8.29,38737
2015-02-26,8.17,9.16,7.93,8.82,42273
2015-02-27,8.82,8.82,8.35,8.5,29879
2015-03-02,8.5,9.12,8.5,8.7,42770
2015-03-03,8.66,8.86,8.44,8.51,19444
2015-03-04,8.46,8.59,8.23,8.28,21677
2015-03-05,8.29,8.8,7.98,8.68,37486
2015-03-06,8.54,8.62,8.1,8.24,25764
2015-03-09,8.11,8.13,7.93,8.01,16756
2015-03-10,8.0,8.0,7.81,7.93,15736
2015-03-11,7.93,8.0,7.56,7.63,20684
2015-03-12,7.66,7.73,7.57,7.69,14154
2015-03-13,7.7,7.75,7.12,7.29,83465
2015-03-16,7.28,7.47,7.2,7.46,72019
2015-03-17,7.56,7.66,7.37,7.41,98051
2015-03-18,7.48,7.73,7.43,7.72,111273
2015-03-19,7.72,8.09,7.58,7.99,121215
2015-03-20,8.05,8.22,7.81,7.84,106450
2015-03-23,7.87,7.98,7.74,7.8,108987
2015-03-24,7.77,8.35,7.77,8.35,171089
2015-03-25,8.35,8.61,8.17,8.53,148609
2015-03-26,8.4,8.91,8.36,8.59,107047
2015-03-27,8.54,8.54,8.26,8.44,51859
2015-03-30,8.44,8.44,8.18,8.25,63730
2015-03-31,8.31,8.57,8.2,8.32,51221
2015-04-01,8.32,9.32,8.32,9.32,55518
2015-04-02,10.24,10.42,9.7,10.27,117986
2015-04-03,10.47,11.02,10.24,10.57,112318
2015-04-07,10.41,11.16,10.11,10.77,66168
2015-04-08,10.52,10.67,9.93,10.02,67111
2015-04-09,9.93,10.45,9.44,10.42,69239
2015-04-10,10.28,11.64,10.11,11.64,65033
2015-04-13,10.99,11.69,10.97,11.31,85148
2015-04-14,11.19,11.58,10.58,10.69,62468
2015-04-15,10.64,10.98,9.72,9.76,52646
2015-04-16,9.74,10.32,9.58,9.83,53120
2015-04-17,10.06,10.26,9.73,9.77,47671
2015-04-20,9.84,10.09,9.4,9.44,55002
2015-04-21,9.45,9.93,9.39,9.92,44196
2015-04-22,10.2,10.46,10.09,10.28,59305
2015-04-23,10.33,10.79,10.33,10.46,69834
2015-04-24,10.32,10.32,9.72,9.96,58358
2015-04-27,9.99,10.27,9.76,10.02,45972
2015-04-28,10.12,10.24,9.36,9.48,60421
2015-04-29,9.41,9.77,9.41,9.65,38255
2015-04-30,9.65,9.88,9.58,9.69,41209
2015-05-04,9.83,10.78,9.81,10.46,90505
2015-05-05,10.26,10.44,9.33,9.56,61096
2015-05-06,9.68,9.8,9.14,9.21,45372
2015-05-07,9.19,9.37,8.7,8.85,40373
2015-05-08,9.03,9.17,8.86,9.17,51448
2015-05-11,9.33,9.67,9.17,9.59,61925
2015-05-12,9.58,9.84,9.52,9.75,62461
2015-05-13,9.77,10.11,9.67,9.82,63152
2015-05-14,9.9,10.0,9.4,9.64,68002
2015-05-15,9.7,10.2,9.63,9.92,76259
2015-05-18,9.98,10.42,9.78,10.28,108214
2015-05-19,10.34,10.73,10.11,10.27,94722
2015-05-20,10.48,10.68,10.23,10.4,117927
2015-05-21,10.44,10.79,10.21,10.74,111951
2015-05-22,10.68,10.99,10.46,10.6,101097
2015-05-25,10.42,10.6,10.11,10.6,100021
2015-05-26,10.62,11.16,10.62,10.96,97371
2015-05-27,10.94,10.94,10.4,10.74,106455
2015-05-28,10.81,11.96,10.37,10.41,139939
2015-05-29,10.46,11.62,9.58,11.57,191509
2015-06-01,11.77,12.32,11.64,12.11,130252
2015-06-02,12.31,12.89,11.84,12.22,108702
2015-06-03,12.08,12.64,11.57,12.13,104307
2015-06-04,12.13,13.36,11.25,13.27,122624
2015-06-05,13.46,14.7,13.01,13.93,157034
2015-06-08,14.17,14.17,12.79,13.26,92978
2015-06-09,13.27,13.6,12.93,13.42,61251
2015-06-10,13.25,13.8,12.99,13.7,70220
2015-06-11,13.92,14.33,13.63,13.79,66406
2015-06-12,13.82,15.18,13.65,14.57,96413
2015-06-15,14.68,14.72,13.8,14.15,60350
2015-06-16,14.06,14.06,12.75,12.86,62702
2015-06-17,13.01,13.26,12.2,13.19,56388
2015-06-18,13.28,13.8,12.86,12.88,63812
2015-06-19,12.62,13.1,11.49,11.49,46339
2015-06-23,11.52,11.87,10.31,11.59,63419
2015-06-24,11.81,11.87,11.08,11.52,57949
2015-06-25,11.69,11.69,10.78,10.99,52115
2015-06-26,10.46,10.64,9.72,9.72,49336
2015-06-29,9.93,10.11,8.58,8.58,81944
2015-06-30,7.57,9.19,7.56,9.19,96138
2015-07-01,9.03,9.7,8.49,8.51,76967
2015-07-02,8.26,8.82,7.49,7.49,67476
2015-07-03,6.9,7.91,6.57,6.57,80140
2015-07-06,7.39,7.39,5.74,5.97,123349
2015-07-07,5.63,5.63,5.21,5.21,53905
2015-07-08,4.52,5.21,4.52,4.97,324783
2015-07-09,4.67,5.63,4.67,5.63,76792
2015-07-10,6.23,6.37,5.97,6.37,26659
2015-07-13,7.17,7.17,7.09,7.17,65520
2015-07-14,8.0,8.06,7.38,8.04,155041
2015-07-15,7.82,7.92,7.07,7.07,107459
2015-07-16,7.07,7.84,6.4,7.6,76059
2015-07-17,7.63,8.52,7.6,8.35,75422
2015-07-20,8.39,9.02,8.15,8.47,86579
2015-07-21,8.17,8.57,8.03,8.31,49957
2015-07-22,8.31,8.52,8.0,8.35,52427
2015-07-23,8.42,9.35,8.36,9.35,94718
2015-07-24,9.39,9.87,9.0,9.01,77868
2015-07-27,8.84,9.58,8.0,8.0,103570
2015-07-28,8.01,8.63,7.27,8.23,111767
2015-07-29,8.42,9.05,7.91,9.03,79348
2015-07-30,8.88,9.75,8.7,9.05,102475
2015-07-31,8.88,9.58,8.7,9.19,66975
2015-08-03,8.88,9.32,8.26,8.54,68513
2015-08-04,8.59,9.56,8.58,9.56,87348
2015-08-05,9.66,10.69,9.65,10.69,130758
2015-08-06,10.46,11.92,10.29,11.92,95544
2015-08-07,12.4,12.79,11.55,11.9,134297
2015-08-10,11.7,12.75,11.69,12.24,97455
2015-08-11,12.04,13.28,11.99,12.89,94592
2015-08-12,12.48,12.97,11.87,12.22,77328
2015-08-13,11.97,12.75,11.76,12.29,57858
2015-08-14,12.4,12.55,12.03,12.11,39079
2015-08-17,12.04,12.75,11.94,12.31,42962
2015-08-18,12.26,12.38,10.91,10.91,75303
2015-08-19,10.23,11.24,9.67,10.92,73241
2015-08-20,10.65,10.95,9.86,10.0,37757
2015-08-21,9.69,9.95,8.87,9.03,59078
2015-08-24,8.17,8.5,7.96,7.96,39341
2015-08-25,7.0,7.69,7.0,7.0,70857
2015-08-26,6.94,7.85,6.55,7.12,104177
2015-08-27,7.51,8.0,7.39,8.0,106037
2015-08-28,8.96,8.96,8.31,8.7,116612
2015-08-31,8.43,9.32,8.35,9.0,94092
2015-09-01,8.65,8.88,7.93,7.93,80684
2015-09-02,7.29,8.61,7.12,8.3,85168
2015-09-07,8.35,9.3,7.3,7.52,174560
2015-09-08,7.29,8.44,7.0,8.44,107708
2015-09-09,8.81,9.45,8.57,9.45,216996
2015-09-10,9.05,9.47,8.79,8.86,125233
2015-09-11,8.79,9.13,8.54,8.89,75142
2015-09-14,8.91,9.02,7.83,7.83,71786
2015-09-15,7.17,7.54,6.88,6.88,94032
2015-09-16,7.2,7.73,7.14,7.73,86767
2015-09-17,8.17,8.68,8.03,8.24,123003
2015-09-18,8.52,8.89,8.31,8.73,120050
2015-09-21,8.49,9.42,8.37,9.25,82349
2015-09-22,8.95,9.4,8.7,8.88,67645
2015-09-23,8.88,9.94,8.72,9.58,159584
2015-09-24,9.61,9.88,9.12,9.45,102727
2015-09-25,9.4,9.69,8.66,9.05,80635
2015-09-28,9.05,9.75,8.47,9.49,75732
2015-09-29,9.24,10.08,9.17,9.58,90699
2015-09-30,10.11,10.7,9.2,9.48,64624
2015-10-08,9.97,10.6,9.81,10.6,90134
2015-10-09,10.46,11.16,10.44,10.78,75994
2015-10-12,10.85,11.67,10.72,10.77,90867
2015-10-13,10.54,11.36,10.46,11.16,63811
2015-10-14,11.14,11.44,10.85,10.86,76804
2015-10-15,10.64,11.06,10.6,10.97,61253
2015-10-16,11.26,11.62,10.81,10.99,72220
2015-10-19,10.94,11.62,10.64,11.44,122388
2015-10-20,11.16,11.27,10.89,11.27,72237
2015-10-21,11.19,11.43,9.97,9.97,122840
2015-10-22,9.93,10.37,9.27,10.28,131069
2015-10-23,10.51,10.9,10.16,10.56,107651
2015-10-26,10.81,11.79,10.57,11.62,162577
2015-10-27,10.92,11.28,10.29,11.05,132214
2015-10-28,10.99,11.43,10.73,11.04,82601
2015-10-29,11.27,11.81,10.85,11.34,87166
2015-10-30,11.36,12.64,11.34,12.64,108622
2015-11-02,12.57,14.07,12.18,13.54,159631
2015-11-03,13.54,15.05,13.21,13.84,131029
2015-11-04,13.84,15.4,13.67,15.4,105791
2015-11-05,16.25,17.1,15.71,16.23,188255
2015-11-06,15.94,17.96,15.92,17.46,153453
2015-11-09,16.97,19.37,16.94,19.37,129959
2015-11-10,19.97,21.48,19.44,21.48,108244
2015-11-11,22.96,23.54,21.58,22.78,151020
2015-11-12,22.48,23.84,21.44,22.25,155940
2015-11-13,21.81,24.62,21.21,21.55,180885
2015-11-16,21.55,22.43,20.85,22.36,132487
2015-11-17,22.97,24.03,21.9,22.31,165114
2015-11-18,22.45,24.19,21.58,23.48,156097
2015-11-19,23.84,26.0,23.13,26.0,104996
2015-11-20,28.07,28.77,27.18,27.8,153827
2015-11-23,27.81,29.03,24.85,25.7,221350
2015-11-24,26.13,26.35,24.54,25.57,144646
2015-11-25,25.92,26.46,25.3,26.35,113690
2015-11-26,26.14,26.27,24.0,24.52,139129
2015-11-27,23.98,25.16,23.19,23.83,108137
2015-11-30,24.72,25.77,23.49,25.72,144989
2015-12-01,25.33,25.45,22.98,22.98,119411
2015-12-02,22.61,24.15,21.22,22.92,136545
2015-12-03,23.4,24.59,22.96,24.17,150605
2015-12-04,23.66,25.16,23.25,24.15,118380
2015-12-07,24.68,26.44,24.1,25.27,133971
2015-12-08,25.07,26.46,24.86,26.0,127163
2015-12-09,26.11,28.77,25.95,28.77,178133
2015-12-10,28.94,29.29,26.48,26.81,158693
2015-12-11,26.28,27.18,25.6,25.88,88421
2015-12-14,25.42,25.52,23.49,24.63,93504
2015-12-15,24.72,26.02,24.02,25.16,98442
2015-12-16,24.72,25.35,24.13,24.34,97201
2015-12-17,24.88,25.95,24.34,24.88,104822
2015-12-18,24.98,26.81,24.98,25.58,135963
2015-12-21,25.22,25.22,23.51,23.87,121891
2015-12-22,23.96,24.05,22.96,23.33,98587
2015-12-23,23.27,24.36,22.88,23.78,121551
2015-12-24,23.84,23.96,22.69,22.98,77788
2015-12-25,23.05,23.66,22.69,23.06,73933
2015-12-28,22.94,23.85,22.8,22.87,68711
2015-12-29,22.75,23.82,22.43,23.59,96894
2015-12-30,24.02,24.31,23.1,23.38,69258
2015-12-31,23.79,24.07,22.96,23.09,77602
2016-01-04,22.78,22.85,20.61,20.61,85323
2016-01-05,18.91,19.43,18.38,18.38,114827
2016-01-06,18.56,19.06,17.38,19.0,122540
2016-01-07,18.24,18.4,16.93,16.93,28469
2016-01-08,16.88,17.48,15.56,16.45,133526
2016-01-11,15.74,17.5,15.66,16.59,145592
2016-01-12,17.11,18.38,16.74,17.85,144321
2016-01-13,17.5,18.28,16.89,17.78,123718
2016-01-14,16.8,19.73,16.71,19.73,120442
2016-01-15,19.95,20.84,19.63,20.16,148525
2016-01-18,19.61,20.35,19.1,19.87,129945
2016-01-19,20.05,21.16,20.05,21.07,121563
2016-01-20,20.76,22.67,20.51,21.69,129290
2016-01-21,21.16,22.55,19.35,19.35,172966
2016-01-22,19.44,20.14,18.38,19.44,143203
2016-01-25,19.95,20.85,19.77,20.09,117890
2016-01-26,19.84,20.49,18.73,19.4,125990
2016-01-27,19.6,19.93,17.29,18.91,142981
2016-01-28,18.33,19.0,17.34,17.38,114042
2016-01-29,17.38,19.28,16.99,18.91,133569
2016-02-01,20.14,20.95,19.45,19.96,202506
2016-02-02,19.79,21.55,19.44,20.93,139795
2016-02-03,20.78,23.2,20.7,23.13,150185
2016-02-04,23.13,25.61,22.96,25.61,152391
2016-02-05,25.96,26.3,22.88,22.96,199452
2016-02-15,22.48,25.07,22.46,24.33,134423
2016-02-16,24.4,25.42,23.75,25.03,140224
2016-02-17,24.89,25.1,24.01,24.77,120048
2016-02-18,25.16,26.46,24.72,24.98,126221
2016-02-19,25.07,25.77,24.31,24.84,110912
2016-02-22,25.25,25.42,24.26,25.21,131619
2016-02-23,25.03,25.16,23.15,23.58,164453
2016-02-24,23.31,24.12,22.86,23.57,118207
2016-02-25,24.01,24.08,21.05,21.05,165305
2016-02-26,21.05,21.43,19.92,20.4,122143
2016-02-29,20.14,20.14,18.19,19.33,132740
2016-03-01,19.26,20.49,18.98,20.38,131983
2016-03-02,20.3,22.17,19.81,21.65,150640
2016-03-03,21.37,22.17,20.79,20.83,126631
2016-03-04,20.49,21.02,18.72,18.92,127648
2016-03-07,19.35,19.96,18.92,19.17,80219
2016-03-08,19.18,20.44,17.84,20.1,134690
2016-03-09,19.37,20.05,19.1,19.17,86290
2016-03-10,19.27,19.68,18.91,19.05,76369
2016-03-11,18.73,19.22,18.56,18.8,67024
2016-03-14,19.43,20.85,19.42,20.65,147520
2016-03-15,20.65,22.43,20.49,21.3,169549
2016-03-16,21.73,21.95,20.43,21.03,137378
2016-03-17,21.29,23.3,21.0,23.3,189604
2016-03-18,23.56,24.72,23.14,24.35,173118
2016-03-21,24.65,24.88,23.75,24.54,126092
2016-03-22,24.19,25.57,24.01,24.66,117363
2016-03-23,24.3,24.37,23.01,23.93,165088
2016-03-24,23.31,25.21,22.97,24.01,176156
2016-03-25,23.85,24.28,23.01,23.49,128471
2016-03-28,24.36,26.0,23.83,25.27,231586
2016-03-29,25.09,25.81,24.01,24.37,153415
2016-03-30,24.68,26.97,24.38,26.97,179667
2016-03-31,28.24,28.94,27.67,27.85,214229
2016-04-01,27.71,28.22,26.68,27.85,177853
2016-04-05,28.29,28.92,27.45,28.03,165494
2016-04-06,27.62,30.0,27.45,29.41,164374
2016-04-07,29.16,30.37,28.68,28.68,195128
2016-04-08,28.06,28.41,27.04,27.71,131924
2016-04-11,28.1,29.2,27.5,28.05,123536
2016-04-12,27.53,27.67,25.84,26.62,161167
2016-04-13,26.57,27.46,26.48,26.71,114399
2016-04-14,26.69,27.52,26.57,27.22,94153
2016-04-15,27.01,27.18,26.35,27.07,91369
2016-04-18,27.01,29.66,26.84,28.89,172049
2016-04-19,29.0,29.47,28.51,29.12,117659
2016-04-20,29.29,30.33,27.62,28.89,217261
2016-04-21,28.59,28.82,25.89,25.91,177773
2016-04-22,25.82,28.55,25.42,28.49,157046
2016-04-25,28.15,28.68,26.1,27.34,165933
2016-04-26,26.83,27.85,26.48,27.15,98635
2016-04-27,27.18,28.08,26.92,27.0,113732
2016-04-28,27.17,27.27,25.77,26.92,137256
2016-04-29,26.31,26.99,25.95,26.19,115938
2016-05-03,26.09,28.5,26.04,27.92,183034
2016-05-04,28.04,29.78,27.93,29.29,186160
2016-05-05,29.12,30.86,28.96,30.45,172248
2016-05-06,30.35,32.02,29.21,29.24,260987
2016-05-09,29.22,29.78,27.53,29.04,179495
2016-05-10,28.59,29.01,27.53,28.0,132135
2016-05-11,28.5,28.87,27.18,27.31,122838
2016-05-12,27.55,30.21,26.88,30.21,237810
2016-05-13,29.94,32.02,29.56,31.17,249226
2016-05-16,31.05,32.74,30.81,32.06,196628
2016-05-17,31.93,33.48,31.43,31.58,214496
2016-05-18,30.97,31.18,29.75,30.7,175907
2016-05-19,30.7,33.52,30.33,32.99,229555
2016-05-20,32.47,33.34,30.79,31.6,197026
2016-05-23,32.64,33.25,31.14,32.64,201078
2016-05-24,32.31,33.5,31.52,32.4,194051
2016-05-25,32.55,32.59,29.82,30.35,220874
2016-05-26,30.35,30.53,28.77,30.28,198718
2016-05-27,29.82,30.83,27.14,27.67,879822
2016-05-30,26.81,27.72,26.47,26.93,494372
2016-05-31,27.16,28.2,26.94,28.13,649108
2016-06-01,28.07,30.04,27.63,28.89,824981
2016-06-02,28.48,29.12,27.88,28.4,599181
2016-06-03,28.13,29.28,27.99,28.27,578654
2016-06-06,28.45,28.79,27.73,28.51,492134
2016-06-07,28.39,28.51,27.73,27.88,425090
2016-06-08,27.64,30.63,27.4,29.6,990949
2016-06-13,28.75,29.06,27.5,27.5,708064
2016-06-14,27.14,27.76,26.33,26.57,516658
2016-06-15,26.13,29.06,26.03,28.1,735413
2016-06-16,28.13,30.14,27.86,29.0,951737
2016-06-17,28.8,28.99,27.74,28.45,712467
2016-06-20,28.46,29.46,28.22,28.74,492231
2016-06-21,28.83,29.33,28.26,28.43,608801
2016-06-22,28.2,28.37,27.46,28.17,391575
2016-06-23,28.13,28.13,27.33,27.56,311714
2016-06-24,27.5,27.89,25.81,26.88,480043
2016-06-27,26.66,27.25,26.51,27.22,354599
2016-06-28,26.98,27.05,26.43,26.83,337336
2016-06-29,27.05,28.11,26.9,27.72,596400
2016-06-30,27.53,27.57,26.65,26.92,391839
2016-07-01,26.93,27.24,26.71,26.9,222898
2016-07-04,26.5,27.29,26.5,27.02,298937
2016-07-05,27.14,27.99,26.76,27.49,502841
2016-07-06,27.26,27.99,27.06,27.35,369929
2016-07-07,27.35,29.78,27.26,29.14,944331
2016-07-08,28.8,29.0,28.07,28.08,569488
2016-07-11,28.02,28.65,27.8,27.88,345287
2016-07-12,27.81,27.96,26.37,27.34,476311
2016-07-13,28.46,28.79,27.66,28.02,550323
2016-07-14,28.03,28.53,27.46,28.21,412273
2016-07-15,28.21,29.43,27.95,28.85,646074
2016-07-18,28.56,29.11,28.2,28.47,412949
2016-07-19,28.23,28.77,27.8,28.13,311391
2016-07-20,28.17,28.2,27.86,27.99,209842
2016-07-21,27.93,28.13,27.46,27.73,318759
2016-07-22,27.66,27.66,26.8,26.9,325951
2016-07-25,26.46,26.49,25.66,25.72,392116
2016-07-26,25.74,26.11,25.74,25.97,208988
2016-07-27,26.11,26.33,23.72,24.55,374027
2016-07-28,24.15,24.68,23.78,24.44,235741
2016-07-29,24.32,24.7,23.94,24.44,164918
2016-08-01,24.36,24.45,23.64,24.23,183481
2016-08-02,24.25,24.49,23.97,24.21,115273
2016-08-03,24.36,24.65,24.21,24.33,145724
2016-08-04,24.33,25.3,23.86,25.0,274782
2016-08-05,24.82,24.85,24.37,24.37,171137
2016-08-08,24.29,24.31,23.85,24.28,123523
2016-08-09,24.36,24.63,24.28,24.45,137591
2016-08-10,24.46,25.1,24.46,24.6,184113
2016-08-11,24.45,24.49,23.85,23.87,166531
2016-08-12,23.8,24.22,23.8,24.11,119015
2016-08-15,24.08,25.04,23.82,24.75,260490
2016-08-16,24.79,25.63,24.75,25.08,289523
2016-08-17,25.08,25.1,24.66,24.77,168012
2016-08-18,24.72,25.18,24.63,24.75,142040
2016-08-19,24.85,25.11,24.65,25.11,166256
2016-08-22,25.12,25.71,25.12,25.29,243009
2016-08-23,25.19,25.28,24.52,24.77,225031
2016-08-24,24.89,24.95,24.59,24.66,126514
2016-08-25,24.46,24.5,23.99,24.23,151905
2016-08-26,24.19,24.34,23.99,23.99,179635
2016-08-29,23.82,23.95,23.65,23.76,147942
2016-08-30,23.82,24.11,23.82,23.86,120679
2016-08-31,23.87,24.63,23.86,24.25,161368
2016-09-01,24.17,24.22,23.91,23.91,108791
2016-09-02,23.77,24.03,23.65,23.73,109495
2016-09-05,23.8,23.92,23.66,23.69,85360
2016-09-06,23.78,25.86,23.77,25.24,419056
2016-09-07,24.99,25.22,24.47,24.51,272212
2016-09-09,25.12,25.56,24.63,24.69,286900
2016-09-12,23.78,24.14,23.65,23.7,217037
2016-09-13,23.96,24.04,23.12,23.44,181661
2016-09-14,23.31,23.31,22.98,23.26,115809
2016-09-19,23.26,23.75,23.26,23.54,104028
2016-09-20,23.65,24.65,23.28,24.23,218388
2016-09-21,24.04,24.68,23.96,24.18,158196
2016-09-22,24.35,24.51,23.96,24.09,119936
2016-09-23,23.95,24.11,23.68,23.69,106915
2016-09-26,23.58,23.99,23.46,23.5,130807
2016-09-27,23.58,23.81,23.33,23.66,101860
2016-09-28,23.71,24.1,23.58,23.78,122696
2016-09-29,23.89,23.99,23.55,23.56,99503
2016-09-30,23.57,23.95,23.52,23.82,97372
2016-10-10,23.79,24.42,23.79,24.27,146232
2016-10-11,24.39,24.64,24.12,24.2,133965
2016-10-12,24.25,24.41,23.99,24.22,107920
2016-10-13,24.32,24.43,24.05,24.07,92345
2016-10-14,24.22,24.29,24.02,24.24,103066
2016-10-17,24.46,25.43,24.46,24.98,435934
2016-10-18,24.79,26.39,24.67,26.05,523105
2016-10-19,26.01,26.02,25.46,25.65,274420
2016-10-20,25.8,26.39,25.63,25.72,274246
2016-10-21,25.85,25.85,24.85,25.24,204356
2016-10-24,25.68,25.74,25.21,25.36,199501
2016-10-25,25.37,25.58,25.18,25.31,165306
2016-10-26,25.29,25.29,24.83,25.08,178373
2016-10-27,25.08,25.45,25.0,25.1,160736
2016-10-28,25.09,25.09,24.59,24.61,176195
2016-10-31,24.64,25.08,24.51,24.94,180087
2016-11-01,24.98,24.98,24.67,24.83,151786
2016-11-02,24.79,24.79,24.19,24.31,228988
2016-11-03,24.32,24.54,24.16,24.26,177553
2016-11-04,24.25,24.41,24.13,24.2,112719
2016-11-07,24.2,24.51,24.15,24.35,120303
2016-11-08,24.45,24.53,24.25,24.33,102771
2016-11-09,24.37,24.37,23.52,23.78,202077
2016-11-10,23.99,24.15,23.85,23.92,129617
2016-11-11,23.92,24.39,23.72,24.25,222750
2016-11-14,24.09,24.15,23.91,24.02,161807
2016-11-15,24.05,24.11,23.78,23.93,132578
2016-11-16,24.05,24.32,23.99,24.15,170951
2016-11-17,24.12,24.15,23.79,23.86,129087
2016-11-18,23.91,23.93,23.69,23.72,123957
2016-11-21,23.67,23.84,23.67,23.78,121323
2016-11-22,23.85,24.23,23.75,24.13,173855
2016-11-23,24.32,24.43,24.01,24.06,167958
2016-11-24,24.01,24.02,23.8,23.83,127100
2016-11-25,23.91,24.0,23.25,23.95,149876
2016-11-28,23.95,24.03,23.75,23.84,109567
2016-11-29,23.89,23.89,23.51,23.52,134475
2016-11-30,23.72,23.97,23.52,23.62,116974
2016-12-01,23.72,23.78,23.59,23.66,81773
2016-12-02,23.67,23.89,23.57,23.64,127230
2016-12-05,23.38,24.0,23.33,23.79,126366
2016-12-06,23.89,24.44,23.64,24.16,216595
2016-12-07,23.99,24.16,23.91,24.05,112160
2016-12-08,24.12,24.38,24.02,24.13,139519
2016-12-09,24.13,24.32,23.95,23.96,140915
2016-12-12,23.92,23.92,22.45,22.45,238504
2016-12-13,22.44,22.61,21.78,22.13,132640
2016-12-14,22.1,22.24,21.44,21.77,130192
2016-12-15,21.51,22.11,21.51,21.86,90605
2016-12-16,21.84,22.09,21.72,21.9,78809
2016-12-19,21.9,22.03,21.48,21.48,82492
2016-12-20,21.58,21.84,21.51,21.56,93990
2016-12-21,21.6,21.68,21.52,21.61,79098
2016-12-22,21.62,21.64,21.19,21.33,89703
2016-12-23,21.44,21.46,20.63,20.64,125065
2016-12-26,20.63,20.96,19.79,20.77,122801
2016-12-27,20.77,20.77,20.34,20.39,79823
2016-12-28,20.49,20.75,20.23,20.36,73140
2016-12-29,20.27,20.49,20.19,20.2,60793
2016-12-30,20.25,20.41,20.01,20.07,60542
2017-01-03,20.19,20.24,19.94,20.03,85141
2017-01-04,20.07,22.11,20.06,21.74,386153
2017-01-05,21.58,21.95,21.44,21.62,238537
2017-01-06,21.52,21.52,21.12,21.26,152403
2017-01-09,21.26,22.57,21.24,21.99,246250
2017-01-10,21.89,22.11,21.68,21.7,126193
2017-01-11,21.7,22.04,21.46,21.65,105246
2017-01-12,21.72,21.84,21.46,21.48,88005
2017-01-13,21.5,21.58,20.63,20.79,100105
2017-01-16,20.78,20.8,19.24,20.25,143822
2017-01-17,20.11,20.64,19.96,20.54,84545
2017-01-18,20.52,20.89,20.35,20.48,71416
2017-01-19,20.44,20.83,20.36,20.57,72527
2017-01-20,20.58,21.24,20.58,21.06,120092
2017-01-23,21.1,21.43,21.06,21.12,81278
2017-01-24,21.04,21.24,20.96,21.17,57861
2017-01-25,21.2,21.41,21.11,21.21,51202
2017-01-26,21.29,21.56,21.22,21.53,73805
2017-02-03,21.63,21.69,21.17,21.21,64085
2017-02-06,21.12,21.43,21.11,21.32,73557
2017-02-07,21.32,21.32,20.64,20.76,129408
2017-02-08,20.65,20.88,20.61,20.86,76056
2017-02-09,20.9,21.83,20.77,21.36,172983
2017-02-10,21.33,21.66,21.12,21.48,147606
2017-02-13,21.22,21.69,21.22,21.48,98782
2017-02-14,21.48,21.67,21.36,21.66,96962
2017-02-15,21.6,21.65,21.16,21.3,103436
2017-02-16,21.3,21.63,21.12,21.56,132299
2017-02-17,21.58,21.58,21.16,21.17,101108
2017-02-20,21.11,21.37,20.93,21.33,102975
2017-02-21,21.32,21.78,21.26,21.62,166408
2017-02-22,21.63,23.47,21.51,22.57,387929
2017-02-23,22.42,24.04,22.37,23.54,506226
2017-02-24,23.5,23.54,22.88,23.07,285860
2017-02-27,23.08,23.56,22.7,22.74,223549
2017-02-28,22.74,23.04,22.53,22.82,136484
2017-03-01,22.87,23.06,22.45,22.99,211021
2017-03-02,23.04,23.65,22.81,23.25,284373
2017-03-03,23.02,24.77,23.02,24.29,604158
2017-03-06,24.28,24.94,23.96,24.22,434120
2017-03-07,24.22,24.84,23.8,23.85,329080
2017-03-08,23.91,24.32,23.86,23.93,249125
2017-03-09,23.91,23.91,23.26,23.47,239626
2017-03-10,23.42,25.58,23.38,24.76,696669
2017-03-13,24.57,25.45,24.19,24.88,447518
2017-03-14,24.92,25.46,24.41,24.65,305873
2017-03-15,24.57,24.92,24.25,24.63,251726
2017-03-16,25.39,25.66,24.94,25.25,359920
2017-03-17,25.3,25.38,24.65,24.67,257852
2017-03-20,24.65,25.04,24.26,24.71,180610
2017-03-21,24.71,24.75,24.12,24.28,188209
2017-03-22,24.19,24.56,24.04,24.51,168617
2017-03-23,24.46,25.24,24.35,24.84,261803
2017-03-24,24.71,25.1,24.37,24.56,170769
2017-03-27,24.52,24.91,24.25,24.63,153781
2017-03-28,24.71,25.79,24.51,25.36,460760
2017-03-29,25.36,26.35,25.06,25.81,520721
2017-03-30,25.59,25.79,24.83,25.22,296896
2017-03-31,25.18,27.59,25.18,27.26,587823
2017-04-05,27.66,30.15,27.66,30.15,810399
2017-04-06,30.81,30.86,29.78,30.66,663368
2017-04-07,30.66,31.47,30.18,30.33,434166
2017-04-10,30.07,31.54,29.6,30.34,477469
2017-04-11,30.34,31.77,27.81,29.62,672187
2017-04-12,28.84,30.44,28.5,29.44,394617
2017-04-13,29.2,32.35,29.2,32.35,543813
2017-04-14,31.95,32.91,30.94,31.2,412672
2017-04-17,30.91,33.02,30.8,32.45,458565
2017-04-18,32.48,32.85,31.68,31.99,300238
2017-04-19,31.48,32.03,30.18,31.75,396262
2017-04-20,31.74,31.82,30.07,30.1,312726
2017-04-21,29.85,31.37,29.74,30.43,296401
2017-04-24,29.6,29.6,27.8,28.17,426669
2017-04-25,28.19,28.98,27.6,27.94,285041
2017-04-26,28.13,29.8,28.13,29.76,441097
2017-04-27,29.67,31.28,28.83,30.47,398732
2017-04-28,30.24,31.46,30.01,30.61,247734
2017-05-02,30.34,31.94,30.18,31.11,280667
2017-05-03,31.14,31.95,30.81,31.28,263962
2017-05-04,30.94,30.94,29.46,29.54,334403
2017-05-05,29.15,29.71,28.47,28.49,242161
2017-05-08,28.23,29.27,28.23,28.46,216928
2017-05-09,28.27,29.0,27.0,29.0,238498
2017-05-10,29.26,29.38,27.38,27.42,252062
2017-05-11,27.14,28.29,26.92,28.16,197555
2017-05-12,28.05,28.56,27.48,27.96,164126
2017-05-15,27.64,28.51,27.18,27.97,203523
2017-05-16,27.99,30.65,27.72,30.45,412451
2017-05-17,30.29,30.53,29.46,29.62,291326
2017-05-18,29.19,29.6,28.59,28.85,204827
2017-05-19,29.37,29.89,27.63,28.38,277992
2017-05-22,27.92,28.67,27.52,28.4,172145
2017-05-23,28.31,29.35,28.12,28.55,229262
2017-05-24,28.19,29.15,27.84,29.01,178975
2017-05-25,29.02,29.16,27.93,28.73,201797
2017-05-26,28.72,29.12,28.21,28.55,142610
2017-05-31,29.08,29.26,27.98,28.22,154694
2017-06-01,28.07,28.49,26.19,26.31,304008
2017-06-02,26.11,26.7,25.52,26.49,182531
2017-06-05,26.59,27.65,26.59,27.23,197854
2017-06-06,27.18,27.18,26.42,26.74,174605
2017-06-07,26.98,28.27,26.78,27.93,280831
2017-06-08,27.99,29.32,27.99,28.76,318865
2017-06-09,28.79,29.18,28.43,28.93,187076
2017-06-12,28.62,29.24,28.45,28.85,159925
2017-06-13,28.68,31.89,28.65,31.44,572702
2017-06-14,31.6,33.23,31.37,31.93,544789
2017-06-15,31.76,32.25,31.32,31.89,315542
2017-06-16,31.85,32.67,31.26,31.69,329319
2017-06-19,31.8,31.9,30.83,31.2,254668
2017-06-20,32.59,34.27,31.96,33.83,537806
2017-06-21,33.27,34.04,33.14,33.87,279121
2017-06-22,33.84,35.79,33.4,33.8,464569
2017-06-23,33.8,35.52,32.98,35.4,437177
2017-06-26,35.47,36.29,34.64,35.81,430289
2017-06-27,35.28,35.71,34.98,35.02,247543
2017-06-28,34.88,35.29,34.24,34.71,236970
2017-06-29,34.78,35.38,34.47,34.51,224681
2017-06-30,34.31,35.02,33.49,34.84,306399
2017-07-03,34.81,35.1,34.18,34.91,218535
2017-07-04,34.67,36.28,34.51,34.56,338667
2017-07-05,34.11,36.52,34.02,36.09,431394
2017-07-06,35.88,38.53,35.81,36.97,474034
2017-07-07,37.0,38.33,36.38,37.78,296034
2017-07-10,37.68,38.36,36.95,37.6,246218
2017-07-11,37.39,38.17,36.61,36.95,235609
2017-07-12,37.38,39.86,37.38,39.84,414208
2017-07-13,39.96,40.21,38.63,39.32,311604
2017-07-14,39.07,41.14,38.65,40.56,306442
2017-07-17,40.48,41.69,37.95,39.87,381751
2017-07-18,39.29,39.86,38.53,39.86,282836
2017-07-19,39.46,41.84,39.46,41.13,286227
2017-07-20,41.05,44.31,40.86,42.67,325839
2017-07-21,42.47,44.59,42.36,44.27,361270
2017-07-24,44.37,45.22,41.84,42.63,410123
2017-07-25,41.71,43.17,40.73,42.07,377993
2017-07-26,42.14,42.36,40.44,41.44,322000
2017-07-27,40.94,40.94,39.02,39.96,410456
2017-07-28,39.62,43.06,39.62,42.4,450473
2017-07-31,41.97,43.4,41.32,42.63,359827
2017-08-01,42.01,44.39,41.7,42.66,359041
2017-08-02,44.31,45.98,43.5,45.93,554588
2017-08-03,44.98,45.67,44.44,44.82,285141
2017-08-04,44.47,45.3,42.25,42.3,325311
2017-08-07,41.68,43.6,41.68,43.14,245388
2017-08-08,42.63,43.7,41.7,41.93,232663
2017-08-09,41.3,42.6,40.56,42.09,185381
2017-08-10,42.21,42.23,40.78,40.89,246027
2017-08-11,40.46,41.36,38.54,39.16,319586
2017-08-14,39.28,42.63,39.28,42.43,367990
2017-08-15,42.43,44.25,42.07,43.02,299116
2017-08-16,42.92,42.92,40.31,41.3,269206
2017-08-17,41.62,42.85,40.51,41.76,260078
2017-08-18,40.61,40.87,39.89,40.11,253190
2017-08-21,40.27,40.99,39.68,40.11,168592
2017-08-22,40.12,42.37,39.81,41.54,342759
2017-08-23,41.3,42.81,41.03,41.56,236446
2017-08-24,42.3,42.37,40.51,40.85,176763
2017-08-25,40.77,42.6,40.41,41.63,269343
2017-08-28,41.61,44.83,41.59,44.53,454675
2017-08-29,43.68,44.47,43.17,44.1,271632
2017-08-30,44.11,44.88,43.17,44.13,253524
2017-08-31,44.32,46.18,44.31,45.19,354779
2017-09-01,45.04,46.65,44.79,46.02,319191
2017-09-04,45.93,47.18,44.48,45.22,320530
2017-09-05,45.02,47.91,44.39,47.89,409756
2017-09-06,47.32,51.66,47.12,48.92,487707
2017-09-07,49.12,50.14,48.31,48.76,274525
2017-09-08,48.59,50.66,48.53,49.29,304863
2017-09-11,50.67,53.98,49.6,53.32,466340
2017-09-12,53.56,56.95,48.12,49.58,710895
2017-09-13,49.58,50.33,47.05,49.93,506176
2017-09-14,49.66,49.66,47.22,47.38,386472
2017-09-15,47.25,47.96,45.98,47.48,319341
2017-09-18,47.37,48.58,46.83,47.98,236350
2017-09-19,47.85,48.44,46.81,47.31,240278
2017-09-20,47.53,48.43,46.98,47.98,279094
2017-09-21,47.74,47.78,45.68,46.22,346986
2017-09-22,45.98,46.23,44.57,44.77,228582
2017-09-25,44.43,45.48,44.07,44.77,190592
2017-09-26,44.56,45.64,44.36,45.18,166294
2017-09-27,45.18,47.72,45.11,47.65,356280
2017-09-28,47.32,48.49,46.9,47.02,191769
2017-09-29,47.29,47.95,44.76,45.5,256778
2017-10-09,46.22,46.61,44.57,45.79,196640
2017-10-10,45.78,45.78,44.1,44.53,196950
2017-10-11,44.31,45.58,41.98,44.86,363024
2017-10-12,44.31,44.51,43.17,43.37,185451
2017-10-13,43.64,44.8,43.64,44.09,174465
2017-10-16,43.97,45.18,43.66,44.78,184690
2017-10-17,44.63,45.08,43.64,43.79,143634
2017-10-18,43.79,44.07,42.63,43.03,138504
2017-10-19,43.04,44.29,43.01,43.47,140328
2017-10-20,43.3,45.58,43.17,45.41,258639
2017-10-23,45.1,45.37,44.64,45.24,125058
2017-10-24,45.24,46.58,44.85,46.56,234369
2017-10-25,45.97,46.47,45.12,45.54,199288
2017-10-26,45.3,45.78,44.05,45.2,201184
2017-10-27,45.98,47.17,45.41,45.68,281598
2017-10-30,45.31,46.87,44.16,46.6,268352
2017-10-31,46.31,49.97,46.31,49.31,407681
2017-11-01,49.33,49.99,48.73,49.4,283109
2017-11-02,49.19,51.25,48.69,50.15,322835
2017-11-03,49.66,50.98,48.85,48.98,295112
2017-11-06,49.09,49.56,47.12,48.09,277450
2017-11-07,48.26,49.3,47.02,48.49,195504
2017-11-08,48.25,50.74,47.7,50.66,397783
2017-11-09,51.25,51.75,49.12,49.75,302152
2017-11-10,49.46,50.31,48.98,49.86,227691
2017-11-13,50.07,50.25,47.42,47.43,405575
2017-11-14,47.16,47.25,44.45,44.55,418258
2017-11-15,43.97,43.97,40.9,41.53,546217
2017-11-16,41.16,42.33,41.15,41.88,275733
2017-11-17,41.79,43.29,41.71,42.05,296488
2017-11-20,41.56,44.29,41.37,44.07,278802
2017-11-21,43.97,44.41,43.16,43.85,215351
2017-11-22,43.8,44.49,43.55,44.09,188578
2017-11-23,44.03,45.04,42.47,42.74,232453
2017-11-24,42.5,43.62,41.83,43.32,164133
2017-11-27,43.47,43.76,38.83,39.25,334294
2017-11-28,39.12,39.95,38.15,39.7,252545
2017-11-29,39.42,39.83,38.27,39.29,193917
2017-11-30,39.22,40.16,39.04,39.4,152406
2017-12-01,39.03,39.52,38.38,39.12,124232
2017-12-04,38.89,39.52,38.51,38.88,158013
2017-12-05,38.99,39.08,36.62,37.84,269009
2017-12-06,37.87,38.32,37.04,38.14,151151
2017-12-07,38.02,38.12,37.14,37.15,111230
2017-12-08,37.27,38.57,36.65,38.16,192651
2017-12-11,38.35,39.72,37.89,39.55,222174
2017-12-12,39.63,41.97,39.37,40.34,270483
2017-12-13,40.43,40.62,39.4,39.98,173838
2017-12-14,39.8,40.04,38.89,39.14,195764
2017-12-15,38.74,39.08,37.13,37.37,284160
2017-12-26,36.61,38.45,35.92,37.3,172628
2017-12-27,37.37,38.53,36.99,38.08,203632
2017-12-28,37.92,38.61,37.79,38.07,141835
2017-12-29,38.1,38.52,37.77,38.31,85143
2018-01-02,38.34,38.69,37.92,38.32,112335
2018-01-03,38.55,41.62,38.34,41.12,328588
2018-01-04,40.84,42.82,40.68,41.85,275605
2018-01-05,41.8,42.67,40.92,41.35,193928
2018-01-08,41.35,42.28,40.94,42.07,204634
2018-01-09,42.07,42.76,41.39,41.79,172578
2018-01-10,41.6,41.83,39.77,40.23,243812
2018-01-11,40.26,40.52,39.58,40.04,159931
2018-01-12,39.99,40.15,39.22,39.38,139690
2018-01-15,39.07,39.07,35.6,36.28,378910
2018-01-16,35.92,36.81,35.62,36.49,201293
2018-01-17,36.29,36.29,34.22,36.04,247276
2018-01-18,35.62,36.84,35.61,36.55,147629
2018-01-19,36.38,37.2,35.98,36.54,135922
2018-01-22,36.52,36.83,35.53,36.55,164182
2018-01-23,36.75,37.25,36.61,37.15,174452
2018-01-24,37.22,37.22,36.5,37.19,130910
2018-01-25,37.19,37.65,36.99,37.12,148830
2018-01-26,36.96,36.96,35.99,36.0,169658
2018-01-29,35.72,36.53,35.22,35.93,142366
2018-01-30,35.81,38.43,35.75,38.16,316636
2018-01-31,37.84,38.07,37.0,37.7,175649
2018-02-01,37.76,38.83,37.35,37.59,193833
2018-02-02,36.91,37.98,34.3,37.5,178354
2018-02-05,36.22,37.05,35.84,35.92,151357
2018-02-06,34.85,36.92,34.45,35.41,205979
2018-02-07,36.53,36.92,33.92,36.14,223489
2018-02-08,36.15,37.66,35.77,37.37,205334
2018-02-09,36.45,39.29,36.22,38.06,402059
2018-02-12,38.95,42.13,38.95,42.13,406417
2018-02-13,43.25,43.95,41.67,41.96,434302
2018-02-14,41.94,43.44,40.45,42.51,311297
2018-02-22,42.76,45.05,42.59,42.63,378292
2018-02-23,42.03,44.3,41.47,44.29,361271
2018-02-26,44.55,45.29,43.59,44.3,318732
2018-02-27,42.76,43.89,42.01,42.76,283953
2018-02-28,42.38,45.21,42.19,44.69,384346
2018-03-01,44.15,47.3,43.99,46.14,396192
2018-03-02,45.8,46.84,44.15,44.39,339769
2018-03-05,44.78,45.32,43.89,44.79,210861
2018-03-06,44.76,45.52,43.92,44.48,201172
2018-03-07,44.59,45.07,43.57,44.15,259492
2018-03-08,43.92,44.35,42.53,42.95,240666
2018-03-09,43.13,43.9,42.96,43.67,189685
2018-03-12,43.67,46.7,43.54,46.17,446245
2018-03-13,45.84,46.26,45.29,45.85,223530
2018-03-14,45.89,47.8,45.5,45.52,358743
2018-03-15,45.55,46.12,44.3,46.09,216173
2018-03-16,46.02,46.27,44.92,44.92,170538
2018-03-19,44.52,45.3,44.29,44.72,115410
2018-03-20,44.31,45.41,43.79,43.95,143129
2018-03-21,44.15,44.37,42.33,42.52,176627
2018-03-22,42.76,43.2,41.98,42.25,148531
2018-03-23,40.35,41.32,37.84,38.52,287259
2018-03-26,38.25,41.4,38.25,41.08,240269
2018-03-27,42.14,43.95,41.61,43.65,257134
2018-03-28,42.76,43.68,42.31,42.69,189412
2018-03-29,43.15,43.69,41.69,42.04,148689
2018-03-30,42.75,43.52,42.22,42.69,165953
2018-04-02,43.5,43.65,41.75,41.99,191449
2018-04-03,40.53,41.84,39.96,40.45,154699
2018-04-04,40.53,41.18,39.44,39.55,144885
2018-04-09,39.69,40.15,38.92,39.35,119222
2018-04-10,39.69,40.53,39.32,40.45,152001
2018-04-11,40.75,40.91,39.92,40.15,126337
2018-04-12,40.3,40.49,38.77,38.95,161983
2018-04-13,39.24,39.75,37.81,39.3,201653
2018-04-16,38.91,39.12,38.16,38.26,138959
2018-04-17,38.46,38.82,36.32,36.82,197165
2018-04-18,37.07,38.12,35.45,37.45,212920
2018-04-19,37.32,37.99,37.09,37.57,114421
2018-04-20,37.6,38.08,37.03,37.14,102835
2018-04-23,36.92,37.99,36.77,37.99,133625
2018-04-24,38.21,39.08,37.53,39.05,175263
2018-04-25,38.92,39.99,38.75,39.27,147026
2018-04-26,39.29,39.45,37.45,37.45,113461
2018-04-27,37.78,38.22,37.45,37.84,102332
2018-05-02,37.91,38.44,37.7,38.05,70815
2018-05-03,38.09,38.26,36.65,38.13,123971
2018-05-04,38.03,39.36,37.9,38.87,159645
2018-05-07,38.95,41.61,38.82,41.59,278482
2018-05-08,41.52,41.84,40.92,41.23,186869
2018-05-09,41.17,42.46,41.0,41.92,183206
2018-05-10,41.98,42.91,41.79,42.15,177042
2018-05-11,42.22,44.8,42.22,43.75,369416
2018-05-14,43.9,45.95,43.84,44.27,288148
2018-05-15,44.87,45.07,43.3,44.12,200204
2018-05-16,44.34,46.17,44.15,45.53,297239
2018-05-17,45.22,45.22,43.42,44.45,198834
2018-05-18,44.91,45.59,44.07,44.59,168608
2018-05-21,44.92,45.3,43.53,43.7,248473
2018-05-22,43.27,43.82,42.13,43.52,248676
2018-05-23,43.11,43.12,42.05,42.07,197595
2018-05-24,42.25,43.04,42.09,42.64,162469
2018-05-25,42.25,42.43,40.92,41.3,169805
2018-05-28,41.5,42.22,41.07,41.42,123934
2018-05-29,41.68,42.22,40.78,41.51,149019
2018-05-30,40.84,41.28,39.59,39.83,159550
2018-06-20,35.6,37.5,35.6,35.72,320392
2018-06-21,35.65,35.97,32.89,32.91,287201
2018-06-22,32.51,35.72,32.36,34.48,196600
2018-06-25,35.07,37.53,34.71,35.75,227976
2018-06-26,34.87,36.48,34.61,35.98,139205
2018-06-27,35.75,36.39,35.05,35.11,115406
2018-06-28,35.09,36.26,34.82,34.99,134899
2018-06-29,35.15,35.84,33.5,35.68,172624
2018-07-02,35.53,35.88,34.5,34.9,118913
2018-07-03,35.15,35.15,32.7,34.25,184489
2018-07-04,33.99,33.99,32.96,33.0,103882
2018-07-05,33.07,34.01,32.84,33.1,128529
2018-07-06,33.17,34.99,33.07,34.09,193823
2018-07-09,33.55,34.84,33.45,34.82,136117
2018-07-10,35.13,35.81,34.45,35.03,165429
2018-07-11,34.45,36.44,33.99,35.68,227357
2018-07-12,35.58,36.69,35.22,36.41,203588
2018-07-13,36.34,36.9,35.7,36.26,182363
2018-07-16,36.11,36.34,35.35,35.53,125399
2018-07-17,35.66,37.4,35.29,37.07,202590
2018-07-18,36.77,37.42,36.22,36.27,156619
2018-07-19,35.99,36.65,35.45,35.53,120077
2018-07-20,35.3,36.37,35.3,36.22,142689
2018-07-23,36.3,36.54,35.76,36.45,113240
2018-07-24,36.25,37.21,36.15,36.64,153682
2018-07-25,36.74,37.24,35.11,35.25,235696
2018-07-26,34.84,35.12,33.3,33.95,290796
2018-07-27,33.77,33.86,33.19,33.65,89667
2018-07-30,33.45,33.99,33.3,33.89,140934
2018-07-31,33.88,33.89,32.8,33.22,147637
2018-08-01,33.42,33.89,32.93,32.99,121536
2018-08-02,32.92,32.92,30.89,31.73,190688
2018-08-03,31.59,32.15,30.85,30.85,90384
2018-08-06,30.65,30.69,27.52,27.84,252112
2018-08-07,28.07,28.38,26.62,28.26,197695
2018-08-08,28.17,28.98,27.53,27.95,162421
2018-08-09,28.0,28.93,28.0,28.54,147817
2018-08-10,28.63,29.03,28.31,28.72,113509
2018-08-13,28.3,28.99,28.01,28.94,97268
2018-08-14,28.83,29.12,28.1,28.34,107770
2018-08-15,28.53,28.89,27.53,27.55,123203
2018-08-16,26.84,27.42,26.21,26.82,136816
2018-08-17,27.43,27.59,26.39,26.51,98842
2018-08-20,26.51,27.59,26.45,27.59,125345
2018-08-21,27.75,28.49,27.39,28.17,149855
2018-08-22,27.99,28.0,26.99,27.07,118753
2018-08-23,27.21,27.8,27.15,27.45,107073
2018-08-24,27.39,27.49,26.9,27.05,80392
2018-08-27,27.16,27.38,26.53,27.38,180186
2018-08-28,27.42,27.73,27.04,27.55,153006
2018-08-29,27.48,27.51,26.87,26.93,109351
2018-08-30,26.57,27.2,26.49,26.53,126936
2018-08-31,26.53,26.57,25.61,25.65,135311
2018-09-03,25.61,26.05,25.51,25.76,94638
2018-09-04,25.71,25.8,24.22,24.89,242778
2018-09-05,24.84,25.15,24.08,24.2,142331
2018-09-06,23.85,24.36,23.17,23.32,197008
2018-09-07,23.59,23.77,23.03,23.25,138680
2018-09-10,23.26,24.43,23.09,24.01,229859
2018-09-11,24.02,24.24,23.42,24.19,137483
2018-09-12,24.07,25.11,23.85,24.67,218501
2018-09-13,25.0,25.15,24.2,24.55,166296
2018-09-14,24.66,25.35,24.34,24.41,215692
2018-09-17,23.99,24.03,23.45,23.58,105957
2018-09-18,23.53,24.8,23.45,24.8,164922
2018-09-19,24.8,25.31,24.45,24.95,168468
2018-09-20,25.12,26.12,25.0,25.55,237263
2018-09-21,25.53,28.22,25.15,27.74,350702
2018-09-25,27.32,27.59,26.93,27.33,180238
2018-09-26,27.22,27.51,26.96,27.45,166681
2018-09-27,27.41,28.12,26.93,26.99,225554
2018-09-28,26.73,26.91,26.03,26.79,160162
2018-10-08,26.19,26.75,25.19,25.36,151824
2018-10-09,25.61,26.02,25.09,25.3,133220
2018-10-10,25.59,25.59,22.73,23.19,333079
2018-10-11,21.45,21.89,20.62,20.62,288723
2018-10-12,19.84,20.53,19.23,20.38,220153
2018-10-15,20.46,21.35,20.42,20.45,154814
2018-10-16,20.61,20.79,19.22,19.79,150387
2018-10-17,20.38,20.49,18.11,19.71,246877
2018-10-18,19.12,19.82,18.71,19.15,140028
2018-10-19,18.92,19.99,18.76,19.71,204705
2018-10-22,19.97,21.76,19.81,21.31,271245
2018-10-23,21.3,21.3,20.09,20.31,201247
2018-10-24,19.38,20.76,19.09,20.25,212702
2018-10-25,19.45,19.81,19.11,19.66,180896
2018-10-26,19.98,20.2,19.33,19.63,157254
2018-10-29,19.38,19.46,18.71,18.71,140387
2018-10-30,18.54,19.49,18.53,19.26,182260
2018-10-31,19.45,20.17,19.35,19.95,227412
2018-11-01,20.15,20.52,19.8,19.95,242804
2018-11-02,20.6,22.14,20.34,21.7,413206
2018-11-05,21.55,22.35,21.39,21.92,305410
2018-11-06,21.92,21.92,20.82,20.99,237200
2018-11-07,21.89,22.3,21.4,21.45,334109
2018-11-08,21.68,21.69,20.75,20.82,192510
2018-11-09,20.72,21.05,20.45,20.47,146496
2018-11-12,20.29,20.59,19.49,20.59,255711
2018-11-13,20.13,21.05,19.92,20.94,246306
2018-11-14,20.94,21.62,20.79,20.95,247501
2018-11-15,20.88,21.37,20.58,21.37,198974
2018-11-16,21.47,22.11,21.32,21.83,307307
2018-11-19,21.79,21.79,21.11,21.58,214956
2018-11-20,21.32,22.53,21.15,21.27,234731
2018-11-21,20.89,21.13,20.53,21.07,174639
2018-11-22,21.09,21.49,20.85,20.99,129360
2018-11-23,21.1,21.21,19.71,19.76,195857
2018-11-26,19.84,19.84,19.27,19.35,117137
2018-11-27,19.58,20.22,19.52,19.85,149364
2018-11-28,19.85,20.52,19.59,20.52,168403
2018-11-29,20.61,20.97,19.95,19.96,194473
2018-11-30,19.98,22.02,19.87,21.98,484923
2018-12-03,22.85,23.59,22.01,23.22,560030
2018-12-04,22.89,23.21,22.64,23.08,306616
2018-12-05,22.5,24.36,22.42,23.88,431048
2018-12-06,23.53,24.29,23.38,23.84,335929
2018-12-07,23.92,23.96,22.92,23.39,286341
2018-12-10,23.11,23.45,22.69,23.25,238088
2018-12-11,23.49,23.52,22.84,23.22,219658
2018-12-12,23.28,23.89,23.09,23.23,284447
2018-12-13,23.29,23.65,22.75,23.3,273130
2018-12-14,23.3,23.88,22.44,22.6,318565
2018-12-17,22.57,23.6,22.52,23.07,278315
2018-12-18,22.92,24.42,22.76,24.29,392701
2018-12-19,24.11,24.27,23.54,23.68,274937
2018-12-20,23.53,24.19,23.39,23.84,270980
2018-12-21,23.61,23.61,21.59,22.05,404045
2018-12-24,21.74,22.12,21.15,21.47,290014
2018-12-25,20.88,21.13,20.19,20.99,234137
2018-12-26,20.99,21.28,20.4,20.45,180713
2018-12-27,21.02,21.02,20.22,20.22,172176
2018-12-28,20.38,20.49,19.86,20.09,179047
2019-01-02,20.15,20.32,19.79,19.85,140251
2019-01-03,19.61,20.26,19.61,19.98,129811
2019-01-04,19.69,20.75,19.61,20.75,214609
2019-01-07,20.89,21.12,20.54,21.09,223126
2019-01-08,20.92,21.29,20.69,20.79,206098
2019-01-09,20.76,20.81,19.67,20.18,348558
2019-01-10,20.12,20.42,19.91,19.99,191245
2019-01-11,20.04,20.17,19.76,20.0,169197
2019-01-14,19.98,20.28,19.93,19.99,110946
2019-01-15,19.96,20.46,19.7,20.42,215303
2019-01-16,20.37,20.38,19.95,20.09,172866
2019-01-17,20.09,20.15,19.78,19.8,120987
2019-01-18,19.82,20.24,19.78,20.19,197913
2019-01-21,20.31,20.71,20.15,20.5,225900
2019-01-22,20.39,20.84,20.15,20.27,198637
2019-01-23,20.08,20.67,19.95,20.55,205799
2019-01-24,20.45,20.49,19.99,20.21,195440
2019-01-25,20.18,20.6,19.99,20.16,228427
2019-01-28,20.25,20.41,19.76,19.77,195473
2019-01-29,19.45,19.75,18.55,18.85,244217
2019-01-30,18.76,19.24,18.69,18.82,112102
2019-01-31,18.81,19.12,18.11,18.22,190190
2019-02-01,18.3,18.98,18.3,18.97,147097
2019-02-11,19.07,20.59,19.07,20.57,299566
2019-02-12,20.53,20.74,20.16,20.5,293468
2019-02-13,20.45,22.11,20.35,21.84,570544
2019-02-14,21.88,22.03,21.34,21.99,354663
2019-02-15,21.89,22.65,21.49,21.59,317650
2019-02-18,21.62,22.45,21.52,22.38,353971
2019-02-19,22.53,22.59,21.63,21.92,333315
2019-02-20,21.84,23.92,21.79,22.65,464708
2019-02-21,22.73,23.6,22.45,22.99,403373
2019-02-22,22.83,23.66,22.66,23.62,345515
2019-02-25,23.99,26.18,23.99,26.09,572451
2019-02-26,26.09,28.21,25.15,26.67,664868
2019-02-27,26.15,27.13,25.13,25.69,495058
2019-02-28,25.69,26.5,25.65,26.08,294817
2019-03-01,26.12,26.35,25.45,26.15,236720
2019-03-04,26.22,27.69,25.86,26.29,501545
2019-03-05,25.99,26.42,25.61,26.42,358728
2019-03-06,26.41,27.59,26.41,27.22,515169
2019-03-07,26.99,27.96,26.58,27.07,425221
2019-03-08,26.3,26.38,24.61,24.73,479326
2019-03-11,24.52,25.76,24.52,25.68,309332
2019-03-12,25.98,26.35,25.35,25.79,329236
2019-03-13,25.72,27.35,25.45,27.0,599839
2019-03-14,26.72,28.28,26.45,27.41,717102
2019-03-15,27.84,27.85,26.67,27.2,420358
2019-03-18,27.29,28.09,27.19,27.52,365955
2019-03-19,27.61,27.79,26.78,27.3,288418
2019-03-20,26.97,26.97,26.18,26.53,264959
2019-03-21,26.61,27.05,26.46,26.62,210800
2019-03-22,26.62,26.8,25.63,25.98,264163
2019-03-25,25.49,25.98,25.29,25.43,183025
2019-03-26,25.57,25.95,25.28,25.31,183948
2019-03-27,25.24,25.89,23.74,24.36,370076
2019-03-28,24.17,24.58,23.76,24.03,193712
2019-03-29,23.53,24.67,23.07,24.58,383028
2019-04-01,24.69,25.92,24.69,25.68,358083
2019-04-02,25.93,26.84,25.23,26.25,404965
2019-04-03,25.97,26.42,25.57,26.19,252886
2019-04-04,26.22,26.95,26.22,26.33,324714
2019-04-08,27.22,27.47,26.31,26.65,382795
2019-04-09,26.65,26.72,25.72,26.0,223095
2019-04-10,25.92,25.95,25.45,25.75,190629
2019-04-11,25.75,26.63,25.69,25.85,279895
2019-04-12,24.99,24.99,23.77,24.32,328832
2019-04-15,24.62,24.8,23.88,23.9,243407
2019-04-16,23.69,24.59,23.57,24.54,201392
2019-04-17,24.54,25.49,24.54,25.22,301162
2019-04-18,25.35,25.35,24.67,24.79,146384
2019-04-19,24.72,24.86,24.09,24.52,157127
2019-04-22,24.68,24.72,24.15,24.22,122256
2019-04-23,24.13,24.38,23.84,24.18,130576
2019-04-24,23.92,24.13,23.34,23.7,207054
2019-04-25,23.57,23.84,23.09,23.12,139265
2019-04-26,23.08,23.22,22.38,22.39,170405
2019-04-29,22.34,22.49,20.65,21.18,222538
2019-04-30,19.45,20.46,19.17,20.32,241529
2019-05-06,19.45,20.61,19.07,19.32,237300
2019-05-07,19.57,20.06,19.32,19.63,159673
2019-05-08,19.36,19.61,19.13,19.33,124688
2019-05-09,19.23,19.45,18.76,18.85,157782
2019-05-10,19.07,19.47,18.45,19.45,180350
2019-05-13,19.26,19.75,19.06,19.32,126041
2019-05-14,19.06,19.35,18.98,19.11,95341
2019-05-15,19.35,19.42,19.12,19.32,102672
2019-05-16,19.29,20.08,19.22,19.84,200349
2019-05-17,19.92,19.96,18.87,18.96,161797
2019-05-20,18.83,19.18,18.3,19.01,110100
2019-05-21,18.99,19.65,18.77,19.38,120803
2019-05-22,19.38,19.49,18.99,19.03,88178
2019-05-23,19.05,19.06,18.3,18.4,120838
2019-05-24,18.3,18.53,18.22,18.29,78636
2019-05-27,18.35,18.84,18.31,18.74,95550
2019-05-28,18.74,19.15,18.56,18.69,116268
2019-05-29,18.61,19.02,18.55,18.7,93526
2019-05-30,18.67,19.34,18.48,19.23,200840
2019-05-31,18.99,19.21,18.84,18.88,112308
2019-06-03,18.89,18.95,18.34,18.37,104604
2019-06-04,18.37,18.49,17.92,18.02,106449
2019-06-05,18.16,18.39,17.95,17.98,78893
2019-06-06,18.01,18.04,16.92,17.09,139030
2019-06-10,17.29,17.59,17.15,17.53,92787
2019-06-11,17.52,18.07,17.42,17.99,135561
2019-06-12,17.95,18.45,17.8,17.89,124875
2019-06-13,17.91,18.07,17.64,17.9,92334
2019-06-14,17.98,18.05,17.42,17.46,104283
2019-06-17,17.38,17.66,17.27,17.4,49626
2019-06-18,17.45,17.48,17.15,17.22,67578
2019-06-19,17.69,17.82,17.31,17.33,90688
2019-06-20,17.37,17.58,16.94,17.45,165266
2019-06-21,17.44,17.92,17.44,17.65,153401
2019-06-24,17.66,17.84,17.56,17.69,97645
2019-06-25,17.81,17.81,17.07,17.31,107405
2019-06-26,17.12,17.74,17.12,17.47,98748
2019-06-27,17.38,17.63,17.29,17.32,116034
2019-06-28,17.36,17.4,17.02,17.12,84689
2019-07-01,17.45,17.85,17.34,17.82,207187
2019-07-02,17.87,19.17,17.74,19.04,433028
2019-07-03,18.87,19.04,18.55,18.69,231641
2019-07-04,18.61,18.79,18.35,18.53,136283
2019-07-05,18.53,18.73,18.44,18.47,86236
2019-07-08,18.5,18.53,17.54,17.65,134490
2019-07-09,17.52,18.13,17.46,17.99,104603
2019-07-10,18.02,18.09,17.68,17.73,64435
2019-07-11,17.82,18.12,17.65,17.71,78520
2019-07-12,17.71,18.09,17.71,17.8,65842
2019-07-15,17.67,17.79,17.15,17.63,99943
2019-07-16,17.45,17.68,17.4,17.42,71981
2019-07-17,17.42,17.55,17.22,17.42,52616
2019-07-18,17.39,17.56,17.24,17.24,66951
2019-07-19,17.23,17.58,17.19,17.21,75659
2019-07-22,17.41,17.41,15.99,16.07,200383
2019-07-23,16.13,16.21,15.94,16.09,76558
2019-07-24,16.13,16.43,16.05,16.19,90873
2019-07-25,16.19,16.19,15.22,15.49,225459
2019-07-26,15.29,15.89,15.29,15.84,140247
2019-07-29,15.82,15.83,15.56,15.64,80048
2019-07-30,15.64,15.9,15.64,15.68,105141
2019-07-31,15.68,15.72,15.31,15.59,104691
2019-08-01,15.36,17.21,15.35,16.99,500384
2019-08-02,16.57,17.4,16.57,16.99,420246
2019-08-05,16.78,16.89,16.1,16.25,247755
2019-08-06,15.7,16.09,15.29,15.36,261946
2019-08-07,16.35,16.64,15.85,16.42,368040
2019-08-08,16.6,16.69,15.77,16.01,217325
2019-08-09,16.03,16.31,15.65,15.76,143531
2019-08-12,15.79,15.84,15.38,15.77,118963
2019-08-13,15.59,15.72,15.45,15.54,89922
2019-08-14,15.75,16.0,15.54,15.73,149017
2019-08-15,15.35,15.61,15.25,15.57,124633
2019-08-16,15.52,16.02,15.48,15.7,135139
2019-08-19,15.85,16.12,15.55,16.07,213207
2019-08-20,16.02,16.49,15.95,16.02,195588
2019-08-21,15.98,15.98,15.56,15.59,172490
2019-08-22,15.6,16.19,15.57,16.15,241410
2019-08-23,15.96,16.02,15.54,15.59,244093
2019-08-26,15.22,15.69,15.17,15.42,130977
2019-08-27,15.53,15.69,15.42,15.55,130926
2019-08-28,15.66,15.69,15.42,15.49,91709
2019-08-29,15.55,15.59,15.43,15.47,87212
2019-08-30,15.55,15.58,15.29,15.32,120908
2019-09-02,15.48,16.04,15.38,15.82,214467
2019-09-03,15.76,15.88,15.57,15.7,150065
2019-09-04,15.65,16.02,15.52,15.98,276779
2019-09-05,15.95,16.39,15.9,16.08,311049
2019-09-06,16.19,16.19,15.82,15.92,177577
2019-09-09,16.0,16.43,15.9,16.39,293284
2019-09-10,16.34,17.08,16.22,17.0,421982
2019-09-11,17.15,17.49,16.71,16.74,312980
2019-09-12,16.9,16.94,16.53,16.75,160240
2019-09-16,16.9,17.35,16.9,17.05,233296
2019-09-17,16.92,16.92,16.23,16.4,183308
2019-09-18,16.4,16.55,16.28,16.47,114609
2019-09-19,16.55,17.81,16.55,17.71,494392
2019-09-20,17.77,18.02,17.46,17.98,362370
2019-09-23,17.82,18.58,17.59,18.06,410965
2019-09-24,18.05,18.28,17.72,17.88,267902
2019-09-25,18.12,19.9,17.67,19.89,671248
2019-09-26,19.58,20.05,18.95,19.27,644931
2019-09-27,19.32,19.53,18.38,18.59,450331
2019-09-30,18.44,19.35,18.37,18.59,351808
2019-10-08,18.5,19.15,18.06,18.75,248783
2019-10-09,18.59,18.59,17.68,18.06,257279
2019-10-10,18.43,18.58,17.94,18.39,244115
2019-10-11,18.38,18.38,17.69,17.71,240157
2019-10-14,17.82,18.24,17.78,18.09,188613
2019-10-15,17.42,17.63,16.82,16.92,346280
2019-10-16,16.85,17.15,16.76,16.89,133094
2019-10-17,17.01,17.5,16.95,17.3,160621
2019-10-18,17.22,18.1,17.01,17.73,244196
2019-10-21,17.59,18.01,17.46,17.69,149487
2019-10-22,17.78,17.82,17.41,17.58,123528
2019-10-23,17.32,17.46,16.91,16.92,143962
2019-10-24,16.93,17.67,16.93,17.48,167144
2019-10-25,17.43,17.83,17.09,17.65,147377
2019-10-28,17.65,18.15,17.18,17.84,221458
2019-10-29,17.81,17.98,17.37,17.51,161386
2019-10-30,17.39,17.67,17.17,17.19,104770
2019-10-31,17.29,17.29,16.9,17.02,113496
2019-11-01,17.02,17.49,16.81,17.35,118190
2019-11-04,17.58,18.95,17.45,18.66,419791
2019-11-05,18.7,20.05,18.52,19.23,443126
2019-11-06,19.55,20.49,19.55,19.99,554451
2019-11-07,19.7,19.75,19.02,19.24,364086
2019-11-08,19.67,19.81,19.03,19.49,311746
2019-11-11,19.21,19.55,18.7,18.76,208956
2019-11-12,18.82,19.17,18.65,18.92,172604
2019-11-13,18.67,18.67,18.21,18.48,169143
2019-11-14,18.48,18.55,18.16,18.42,123049
2019-11-15,18.44,18.8,17.94,17.99,167508
2019-11-18,17.68,18.55,17.59,18.55,161803
2019-11-19,18.29,19.98,18.25,19.89,381736
2019-11-20,20.05,20.25,19.63,19.78,285964
2019-11-21,19.98,20.12,19.44,19.49,152302
2019-11-22,20.07,20.64,19.15,19.33,333659
2019-11-25,19.44,19.75,19.05,19.15,213204
2019-11-26,19.13,20.21,18.75,20.21,391346
2019-11-27,20.01,21.22,19.76,20.75,463847
2019-11-28,20.49,21.0,20.2,20.42,287415
2019-11-29,20.42,20.86,20.02,20.65,231071
2019-12-02,20.56,20.75,20.04,20.28,175199
2019-12-03,20.13,20.55,19.85,20.47,202715
2019-12-04,20.19,21.0,20.15,20.71,282046
2019-12-05,20.62,21.15,20.25,20.89,370486
2019-12-06,20.72,21.08,20.28,20.35,247843
2019-12-09,20.22,20.22,18.82,18.99,529040
2019-12-10,18.82,19.27,18.69,19.12,248016
2019-12-11,19.12,19.12,18.72,18.99,174453
2019-12-12,19.13,19.4,18.82,18.89,183677
2019-12-13,18.82,19.24,18.52,18.99,470772
2019-12-16,18.99,19.09,18.67,18.92,324164
2019-12-17,18.79,20.7,18.75,20.02,668244
2019-12-26,22.55,22.55,22.13,22.55,149294
2019-12-27,23.65,25.17,23.15,24.12,850312
2019-12-30,23.55,24.7,23.44,24.05,407722
2019-12-31,23.9,26.18,23.9,25.83,576782
2020-01-02,25.65,26.7,25.05,26.34,563820
2020-01-03,25.45,27.49,25.29,26.6,816079
2020-01-06,26.79,29.63,26.78,28.33,917110
2020-01-07,27.83,28.25,27.37,27.86,595271
2020-01-08,27.87,29.24,27.05,27.59,720381
2020-01-09,27.89,28.09,26.84,27.18,497980
2020-01-10,27.06,28.09,26.73,27.65,421068
2020-01-13,27.65,28.24,27.03,27.66,440911
2020-01-14,28.45,30.86,28.45,30.43,1043619
2020-01-15,29.75,30.15,28.3,28.72,749073
2020-01-16,28.71,29.3,28.04,28.41,426795
2020-01-17,28.5,28.82,27.42,27.88,365419
2020-01-20,27.85,28.78,27.34,28.23,325047
2020-01-21,27.6,28.04,27.26,27.4,300143
2020-01-22,27.15,28.7,27.13,28.21,506229
2020-01-23,27.8,28.6,25.6,26.47,517992
2020-02-03,23.39,23.39,23.39,23.39,47242
2020-02-04,20.62,25.25,20.62,24.65,1625523
2020-02-05,24.4,26.06,23.65,23.71,1086142
2020-02-06,22.0,24.2,22.0,23.8,855350
2020-02-07,23.35,23.81,22.43,23.12,538923
2020-02-10,22.97,24.94,22.73,24.17,953548
2020-02-11,24.36,24.42,23.31,23.58,614381
2020-02-12,23.54,26.37,23.33,26.37,717883
2020-02-13,29.35,29.44,28.15,29.44,1822495
2020-02-14,29.59,32.65,29.23,32.03,1657862
2020-02-17,31.51,33.33,31.15,33.06,1058283
2020-02-18,32.55,32.95,30.92,31.75,898393
2020-02-19,32.95,33.51,30.08,30.25,1068225
2020-02-20,30.83,32.49,30.45,31.87,978580
2020-02-21,31.88,32.65,31.3,32.01,799641
2020-02-24,30.7,31.25,29.07,30.54,947251
2020-02-25,29.6,34.03,29.42,33.8,1265404
2020-02-26,32.66,33.59,31.0,31.53,912080
2020-02-27,31.97,31.97,30.01,30.45,458834
2020-02-28,27.65,29.64,26.97,27.37,785663
2020-03-02,27.85,28.66,26.37,28.41,560306
2020-03-03,29.03,30.45,28.87,29.25,515017
2020-03-04,28.75,30.45,28.75,30.02,464221
2020-03-05,30.17,30.44,28.96,29.8,335626
2020-03-06,29.33,31.91,29.21,30.54,512513
2020-03-09,29.48,29.95,27.05,27.44,695254
2020-03-10,26.87,28.16,25.94,28.09,454763
2020-03-11,28.09,28.7,27.4,27.65,363697
2020-03-12,26.65,27.1,25.66,26.38,299191
2020-03-13,24.45,25.42,23.85,25.1,372045
2020-03-16,25.15,25.36,22.26,22.78,454880
2020-03-17,22.76,23.25,20.75,21.45,685243
2020-03-18,21.79,22.33,20.44,20.44,560498
2020-03-19,20.4,20.66,18.25,19.11,748553
2020-03-20,19.64,19.79,18.33,18.87,506251
2020-03-23,17.75,17.85,16.55,16.55,628729
2020-03-24,17.06,17.41,15.88,16.83,838035
2020-03-25,17.34,18.36,17.15,17.88,804240
2020-03-26,17.77,17.77,16.5,16.65,646765
2020-03-27,17.1,17.14,15.93,15.98,537649
2020-03-30,15.55,15.55,13.95,14.06,884529
2020-03-31,14.31,14.83,13.71,14.1,741333
2020-04-01,14.42,15.95,13.96,15.69,1255833
2020-04-02,15.45,16.21,15.25,16.08,918104
2020-04-03,16.14,16.75,15.55,15.73,734133
2020-04-07,16.26,16.72,15.86,16.55,763110
2020-04-08,16.27,16.65,15.93,16.3,623852
2020-04-09,16.55,16.63,16.06,16.34,411833
2020-04-10,16.52,16.52,15.45,15.64,414390
2020-04-13,15.47,15.48,14.95,15.1,265042
2020-04-14,15.54,16.52,15.34,16.48,688929
2020-04-15,16.25,16.59,15.63,15.64,746821
2020-04-16,15.44,15.45,14.4,15.2,613306
2020-04-17,15.36,15.97,15.15,15.24,642911
2020-04-20,15.21,15.45,14.71,15.4,401646
2020-04-21,15.19,15.34,14.68,14.88,372109
2020-04-22,14.61,14.99,14.45,14.94,292455
2020-04-23,15.12,15.15,14.51,14.54,352307
2020-04-24,14.53,15.0,14.18,14.35,417932
2020-04-27,14.28,14.28,13.76,13.8,358804
2020-04-28,13.26,13.26,11.99,12.42,887327
2020-04-29,12.05,12.36,10.83,11.2,1001857
2020-04-30,11.15,12.41,11.15,12.21,757653
2020-05-06,11.95,12.95,11.84,12.82,657003
2020-05-07,12.95,13.25,12.66,12.7,547518
2020-05-08,12.98,14.41,12.4,14.41,748267
2020-05-11,14.19,14.19,12.97,13.25,1119951
2020-05-12,12.88,12.94,12.34,12.77,595252
2020-05-13,12.45,14.48,12.36,14.1,1203333
2020-05-14,13.88,14.45,13.68,13.73,772167
2020-05-15,13.85,14.24,13.29,13.7,710145
2020-05-18,13.52,13.54,12.83,12.93,555210
2020-05-19,12.55,13.61,12.48,13.1,548609
2020-05-20,13.1,13.83,13.1,13.38,694528
2020-05-21,13.21,13.25,12.26,12.38,664728
2020-05-22,12.33,12.34,11.66,11.99,369536
2020-05-25,11.95,12.25,11.71,11.91,217428
2020-05-26,12.09,13.01,12.05,12.91,580249
2020-05-27,12.98,13.43,12.66,12.72,528007
2020-05-28,12.89,14.0,12.64,13.73,1009827
2020-05-29,14.27,15.54,14.15,15.54,1600562
2020-06-01,16.45,17.53,15.65,17.53,1270069
2020-06-02,18.51,19.63,17.55,18.65,1701618
2020-06-03,18.77,19.28,17.42,17.93,1359238
2020-06-04,18.31,20.16,18.14,19.65,1711921
2020-06-05,19.35,19.7,18.48,18.65,1034798
2020-06-08,18.75,19.7,18.21,18.75,831376
2020-06-09,19.13,19.21,17.96,18.3,682312
2020-06-10,18.31,18.63,17.84,18.0,661584
2020-06-11,18.4,19.8,18.0,19.23,1232231
2020-06-12,18.25,19.85,17.85,19.06,951895
2020-06-15,18.83,21.4,18.38,21.28,1274771
2020-06-16,20.86,22.6,20.54,21.54,1062701
2020-06-17,21.42,22.63,20.51,21.0,995109
2020-06-18,20.63,21.15,20.13,20.59,621708
2020-06-19,20.55,20.96,20.14,20.74,605810
2020-06-22,20.47,20.9,20.15,20.27,584422
2020-06-23,20.43,22.09,20.27,21.83,906452
2020-06-24,21.5,22.03,20.86,21.45,576186
2020-06-29,21.1,21.35,18.87,18.87,811853
2020-06-30,18.4,19.45,16.65,18.6,892609
2020-07-01,18.45,19.55,16.83,17.71,1289989
2020-07-02,17.68,18.09,16.76,17.72,801580
2020-07-03,17.93,18.95,17.92,18.17,743194
2020-07-06,18.04,19.57,17.77,19.45,1101647
2020-07-07,20.17,21.83,20.17,21.46,1551111
2020-07-08,21.29,22.37,20.3,22.31,1289724
2020-07-09,22.08,23.49,21.65,22.45,1094466
2020-07-10,22.35,25.13,21.75,24.37,1461243
2020-07-13,24.56,27.24,23.4,27.24,1293037
2020-07-14,25.85,26.81,25.05,25.33,1071379
2020-07-15,25.13,25.82,22.93,24.15,825856
2020-07-16,24.14,25.3,23.01,23.32,865798
2020-07-17,23.35,24.55,23.03,24.35,662763
2020-07-20,24.56,25.1,23.65,24.79,654591
2020-07-21,24.91,25.3,21.88,22.39,1176442
2020-07-22,21.9,22.9,21.83,22.44,646454
2020-07-23,22.08,22.45,20.63,21.91,644465
2020-07-24,21.74,22.11,19.82,20.4,678380
2020-07-27,20.63,21.03,19.75,20.54,412112
2020-07-28,20.94,22.0,20.94,21.41,542120
2020-07-29,21.35,21.88,20.4,21.76,558567
2020-07-30,21.84,21.93,20.66,20.79,526461
2020-07-31,20.7,21.37,20.53,20.95,421161
2020-08-03,21.11,21.63,20.9,21.39,481258
2020-08-04,21.29,22.13,20.85,20.97,756930
2020-08-05,20.63,21.03,19.77,20.88,572404
2020-08-06,20.85,21.26,20.25,20.73,420709
2020-08-07,20.4,20.78,19.61,20.08,418909
2020-08-10,19.84,20.69,19.45,20.16,389160
2020-08-11,20.16,21.73,19.96,21.15,892621
2020-08-12,22.11,23.7,21.45,23.7,1306750
2020-08-13,23.55,24.1,22.42,22.52,922900
2020-08-14,22.17,22.77,20.53,21.24,823080
2020-08-17,20.27,21.08,19.33,20.97,746616
2020-08-18,20.65,21.09,20.38,20.58,477369
2020-08-19,20.45,22.1,19.75,21.36,818550
2020-08-20,21.03,21.28,20.15,20.25,435458
2020-08-21,20.53,20.62,19.95,20.03,295125
2020-08-24,20.03,20.41,19.5,20.16,293056
2020-08-25,20.2,20.35,19.43,19.45,365384
2020-08-26,19.3,19.3,17.38,17.7,660094
2020-08-27,17.85,18.11,17.66,17.93,234494
2020-08-28,18.0,18.7,17.75,18.55,301214
2020-08-31,18.25,19.06,18.0,18.35,351577
2020-09-01,18.2,18.91,17.79,18.62,366417
2020-09-02,18.64,18.73,18.0,18.09,254848
2020-09-03,18.0,18.02,16.95,17.04,454163
2020-09-04,16.63,17.12,15.95,16.89,267205
2020-09-07,16.71,17.23,15.98,16.15,311066
2020-09-08,16.16,16.4,15.61,16.03,278382
2020-09-09,15.77,16.21,15.37,15.56,282518
2020-09-10,15.72,15.82,14.61,14.82,327545
2020-09-11,14.8,15.24,14.3,15.21,251016
2020-09-14,15.31,16.18,15.23,15.72,371390
2020-09-15,15.85,16.5,15.75,16.39,391806
2020-09-16,16.17,18.46,15.9,17.95,735601
2020-09-17,17.65,18.93,17.56,18.49,747956
2020-09-18,18.27,18.5,17.55,18.16,504747
2020-09-21,18.63,18.93,17.65,17.9,404841
2020-09-22,17.53,17.53,16.9,16.97,420363
2020-09-23,17.26,17.33,16.52,16.97,248623
2020-09-24,16.25,16.6,15.98,16.03,286768
2020-09-25,16.3,16.38,15.93,15.96,170942
2020-09-28,16.13,16.14,15.55,15.56,154431
2020-09-29,16.01,16.74,15.98,16.0,326884
2020-09-30,15.65,16.09,14.66,15.53,367422
2020-10-09,16.18,17.52,15.86,16.41,577308
2020-10-12,16.58,17.38,16.32,17.3,536321
2020-10-13,17.25,17.43,16.8,17.25,303721
2020-10-14,17.23,17.23,16.28,16.41,338424
2020-10-15,16.45,18.43,16.45,18.05,897707
2020-10-16,17.93,17.93,16.55,16.97,583337
2020-10-19,16.83,16.99,16.15,16.15,365335
2020-10-20,15.74,16.43,14.98,16.38,559713
2020-10-21,15.94,16.07,15.55,15.64,282482
2020-10-22,15.92,17.39,15.68,16.86,615991
2020-10-23,16.82,17.44,16.65,16.82,440554
2020-10-26,16.82,17.39,16.41,16.92,368268
2020-10-27,16.88,18.13,16.7,17.3,631518
2020-10-28,17.46,17.47,16.09,16.28,640862
2020-10-29,15.6,16.2,15.49,15.9,348568
2020-10-30,15.91,15.99,15.1,15.45,458565
2020-11-02,15.07,15.76,14.82,15.64,324204
2020-11-03,16.15,17.2,16.05,16.62,666596
2020-11-04,16.29,17.44,16.22,17.25,748748
2020-11-05,17.53,18.38,16.93,18.12,897081
2020-11-06,19.95,20.37,19.24,19.59,1677231
2020-11-09,19.78,21.98,19.57,21.98,1596464
2020-11-10,22.15,22.76,21.03,21.53,1197448
2020-11-11,21.65,22.33,19.29,19.63,1302162
2020-11-12,19.95,20.3,19.13,19.72,748206
2020-11-13,20.38,20.95,19.66,20.23,805465
2020-11-16,17.77,19.49,17.77,18.34,1563430
2020-11-17,19.13,20.23,18.66,19.49,1092681
2020-11-18,19.62,19.8,17.87,18.2,847488
2020-11-19,18.14,18.14,15.95,16.81,967815
2020-11-20,16.54,18.93,16.43,18.93,988587
2020-11-23,19.45,21.26,19.45,20.51,1589841
2020-11-24,20.96,23.0,20.95,23.0,1685823
2020-11-25,22.95,24.05,22.04,22.59,1246877
2020-11-26,22.96,23.13,21.23,22.25,846256
2020-11-27,22.45,22.75,20.61,21.62,759822
2020-11-30,21.63,24.22,21.05,23.48,1246388
2020-12-01,22.25,22.85,21.53,22.09,974796
2020-12-02,21.77,22.27,20.64,21.17,718281
2020-12-03,20.73,21.77,20.23,21.05,653825
2020-12-04,20.97,23.4,20.94,22.86,988842
2020-12-07,22.85,25.29,22.25,24.21,1216516
2020-12-08,24.79,25.85,23.74,25.2,1127442
2020-12-09,26.64,28.16,26.13,26.95,2149425
2020-12-10,25.7,26.22,23.82,23.82,1711175
2020-12-11,23.96,24.55,22.65,23.04,1270879
2020-12-14,23.29,23.79,22.25,23.75,911048
2020-12-15,25.2,26.3,24.27,25.01,1545161
2020-12-16,24.86,27.94,24.65,27.03,1281243
2020-12-17,26.81,30.13,26.53,29.83,1376422
2020-12-18,29.64,31.0,28.68,29.65,1321658
2020-12-21,29.66,31.89,29.04,30.65,1216715
2020-12-22,30.3,34.15,30.25,31.75,1659784
2020-12-23,32.55,34.31,31.67,33.46,1609582
2020-12-24,33.15,33.25,31.06,31.54,1344368
2020-12-25,30.65,34.51,30.65,33.95,1221099
2020-12-28,33.95,36.31,32.95,36.13,1400996
2020-12-29,36.36,37.2,33.06,33.99,1468923
2020-12-30,34.96,36.05,34.21,34.95,1107306
2020-12-31,34.54,35.84,33.75,34.92,994463
2021-01-04,35.6,38.15,35.11,37.65,1190507
2021-01-05,37.66,39.08,36.02,37.45,1220395
2021-01-06,40.65,41.63,38.96,40.56,1290777
2021-01-07,40.16,45.05,40.16,45.05,1441905
2021-01-08,46.94,49.99,43.69,49.99,1674825
2021-01-11,52.15,55.15,47.65,48.21,1904621
2021-01-12,48.65,53.47,46.86,53.47,1400717
2021-01-13,55.95,59.14,52.76,55.15,1683915
2021-01-14,52.95,54.79,49.2,49.98,1547149
2021-01-15,49.67,55.41,49.39,55.41,1517602
2021-01-18,51.65,58.25,50.75,56.54,1641936
2021-01-19,55.35,61.25,54.59,56.71,1526146
2021-01-20,58.54,59.09,54.65,56.57,1136213
2021-01-21,55.65,60.85,53.73,58.35,1183290
2021-01-22,57.23,61.0,56.15,59.35,1181264
2021-01-25,58.93,65.72,58.67,64.53,1488661
2021-01-26,63.66,65.55,61.04,63.25,1007977
2021-01-27,63.65,64.45,58.14,62.86,942975
2021-01-28,60.35,65.78,60.35,62.25,929858
2021-01-29,62.07,62.65,55.59,55.6,1434823
2021-02-01,57.65,57.65,49.66,50.75,1589124
2021-02-02,50.65,53.43,49.08,52.84,1326195
2021-02-03,52.21,55.25,51.75,51.95,1254736
2021-02-04,51.04,51.04,46.32,46.32,1639850
2021-02-05,46.65,47.21,43.41,44.74,1392863
2021-02-08,45.35,47.44,43.88,46.76,1174414
2021-02-09,47.36,49.94,46.32,48.71,1112709
2021-02-10,48.53,48.55,45.05,47.36,1067916
2021-02-18,49.63,52.53,47.58,52.52,1438635
2021-02-19,50.65,50.65,46.83,48.35,1209803
2021-02-22,49.85,51.53,48.25,48.25,1076002
2021-02-23,46.55,47.87,44.84,46.06,742441
2021-02-24,45.96,47.05,41.59,42.54,982160
2021-02-25,43.75,44.33,42.06,43.61,688914
2021-02-26,40.66,42.13,39.94,40.57,793592
2021-03-01,41.71,42.66,40.7,41.9,577756
2021-03-02,42.44,42.63,37.53,38.9,996299
2021-03-03,38.98,41.42,38.19,40.15,923941
2021-03-04,38.51,38.75,36.14,36.55,829798
2021-03-05,35.89,38.15,35.76,36.81,663035
2021-03-08,36.95,37.15,34.71,34.77,729452
2021-03-09,35.4,36.72,34.03,34.98,836286
2021-03-10,36.35,36.62,34.53,34.83,756093
2021-03-11,34.26,36.41,33.56,35.71,847549
2021-03-12,36.0,36.37,33.47,34.35,838899
2021-03-15,34.65,37.45,34.18,35.42,944134
2021-03-16,35.86,36.06,33.65,35.55,619537
2021-03-17,35.63,39.33,35.36,38.35,1292436
2021-03-18,37.95,39.12,37.85,39.12,870306
2021-03-19,38.13,38.83,36.36,37.65,817571
2021-03-22,37.15,38.39,36.33,37.14,541296
2021-03-23,37.23,37.31,33.65,34.25,872667
2021-03-24,33.38,34.04,31.55,31.82,748040
2021-03-25,31.46,32.75,31.23,32.07,580284
2021-03-26,32.07,34.53,31.88,33.85,816209
2021-03-29,33.65,34.65,33.25,33.48,554717
2021-03-30,33.19,34.74,32.53,34.3,560206
2021-03-31,34.48,34.85,32.55,33.43,488814
2021-04-01,33.87,34.31,32.71,33.69,471274
2021-04-02,29.89,33.25,29.89,32.37,735847
2021-04-06,32.94,33.34,31.95,32.35,441489
2021-04-07,32.72,32.93,31.35,31.66,481039
2021-04-08,31.26,31.63,30.14,31.37,506934
2021-04-09,31.47,33.42,30.86,31.88,621125
2021-04-12,31.66,32.14,28.64,29.17,691873
2021-04-13,29.16,29.8,28.68,29.55,354665
2021-04-14,29.89,32.94,29.89,32.94,918737
2021-04-15,33.95,35.42,33.25,34.79,1227521
2021-04-16,34.54,34.64,33.25,34.0,710901
2021-04-19,33.85,37.84,33.75,37.84,974762
2021-04-20,37.24,39.0,36.65,37.23,1038215
2021-04-21,36.45,37.07,35.42,36.66,762331
2021-04-22,36.67,37.28,35.26,36.06,697646
2021-04-23,35.55,38.95,35.55,37.97,981708
2021-04-26,37.84,38.63,36.45,36.6,762511
2021-04-27,36.45,36.91,34.76,36.4,557368
2021-04-28,36.65,40.48,35.55,39.25,1298829
2021-04-29,39.27,43.61,39.27,43.0,1424223
2021-04-30,42.35,45.09,41.33,44.03,1223734
2021-05-06,44.03,46.93,42.65,45.85,1081500
2021-05-07,45.2,45.65,42.11,42.55,1038986
2021-05-10,42.56,46.15,42.56,46.13,951182
2021-05-11,45.13,45.91,42.46,45.02,869399
2021-05-12,44.26,47.98,43.7,46.68,912380
2021-05-13,45.15,48.95,44.3,47.68,980753
2021-05-14,48.12,50.09,45.7,47.62,993064
2021-05-17,46.81,50.03,46.81,48.82,871170
2021-05-18,47.53,48.81,45.15,46.54,1289028
2021-05-19,45.25,48.96,43.87,47.23,1135377
2021-05-20,45.42,46.34,44.03,44.36,1025604
2021-05-21,44.41,47.23,44.41,45.84,854322
2021-05-24,47.16,50.03,47.15,49.76,1124582
2021-05-25,49.7,51.69,48.76,50.63,981967
2021-05-26,50.05,51.61,49.45,50.73,629741
2021-05-27,51.04,51.42,49.42,49.92,582150
2021-05-28,50.15,52.53,49.95,50.65,857672
2021-05-31,49.98,53.15,49.98,52.65,974988
2021-06-01,51.95,52.92,50.25,52.15,668213
2021-06-02,52.45,53.92,49.79,51.38,761146
2021-06-03,50.96,52.61,48.95,51.39,634243
2021-06-04,50.65,53.75,50.23,52.58,796157
2021-06-07,52.7,54.58,52.1,54.02,667712
2021-06-08,53.45,54.35,49.87,50.15,896235
2021-06-09,50.54,51.65,48.21,49.51,623200
2021-06-10,49.15,52.01,49.15,51.56,648353
2021-06-11,51.32,52.04,49.15,49.53,629596
2021-06-15,49.25,50.05,44.14,44.64,1274821
2021-06-16,44.1,45.05,41.99,42.51,834881
2021-06-17,42.25,44.06,42.05,43.51,586100
2021-06-18,42.8,48.3,42.21,47.39,1005782
2021-06-21,46.9,52.45,46.86,50.86,1079679
2021-06-22,52.65,54.14,51.15,52.42,1006689
2021-06-23,53.65,58.1,52.65,58.1,1308316
2021-06-24,58.16,60.14,57.2,58.49,991696
2021-06-25,58.65,58.91,56.55,58.49,794688
2021-06-28,57.98,60.19,57.54,58.35,654702
2021-06-29,59.18,59.95,56.14,57.65,631230
2021-06-30,57.68,58.55,56.23,57.67,726582
2021-07-01,58.75,62.53,57.05,59.25,1157070
2021-07-02,59.15,64.22,58.69,62.04,1235053
2021-07-05,64.29,68.62,63.95,67.97,1277952
2021-07-06,67.75,69.15,61.15,65.13,1390559
2021-07-07,62.7,67.65,61.35,65.84,1032441
2021-07-08,65.35,68.85,64.25,64.8,972017
2021-07-09,64.8,71.65,64.03,70.62,1251992
2021-07-12,72.06,75.13,70.55,73.25,1370753
2021-07-13,71.65,73.36,69.85,72.83,783038
2021-07-14,71.56,71.57,65.55,65.87,1177918
2021-07-15,67.65,72.81,67.45,72.55,1374519
2021-07-16,71.65,75.25,69.33,69.92,980854
2021-07-19,69.83,72.83,66.31,67.48,969967
2021-07-20,65.65,69.21,65.65,68.73,666942
2021-07-21,70.62,76.04,70.45,76.04,1309961
2021-07-22,77.95,83.25,77.15,82.0,1215773
2021-07-23,81.66,85.63,78.47,82.35,1010357
2021-07-26,81.83,90.65,80.45,90.65,1235549
2021-07-27,86.55,93.83,83.51,85.65,1241945
2021-07-28,83.06,86.95,76.76,81.79,936684
2021-07-29,86.08,90.4,84.72,90.4,810310
2021-07-30,96.15,99.88,93.73,99.88,1197732
2021-08-02,105.15,110.13,95.64,103.14,1323578
2021-08-03,100.91,104.65,92.45,95.65,980627
2021-08-04,97.75,105.65,94.65,105.65,736169
2021-08-05,104.65,107.63,99.75,106.65,841245
2021-08-06,110.15,111.65,102.65,104.35,850653
2021-08-09,100.67,103.85,93.96,102.65,849819
2021-08-10,99.1,103.74,92.59,97.3,953170
2021-08-11,99.36,103.15,97.37,100.19,793038
2021-08-12,96.65,99.99,92.71,97.68,945019
2021-08-13,95.65,104.17,94.65,98.42,818271
2021-08-16,96.87,100.65,93.65,95.81,576219
2021-08-17,94.35,97.14,90.75,91.6,706765
2021-08-18,93.57,97.64,91.29,96.53,669984
2021-08-19,95.63,106.62,94.7,106.62,846240
2021-08-20,106.65,115.32,104.17,113.35,1079766
2021-08-23,115.65,122.65,110.44,114.85,918119
2021-08-24,112.75,120.15,112.75,116.97,722380
2021-08-25,115.65,119.72,111.23,118.5,639316
2021-08-26,118.5,120.51,115.41,116.76,474138
2021-08-27,115.57,128.87,114.42,127.15,738385
2021-08-30,124.65,138.82,124.16,130.65,907341
2021-08-31,128.98,133.53,124.65,131.9,569377
2021-09-01,132.66,135.37,118.28,118.29,986685
2021-09-02,115.54,122.06,114.65,118.68,638163
2021-09-03,115.55,119.85,106.38,108.78,978258
2021-09-06,110.65,113.25,101.64,112.53,930999
2021-09-07,111.65,117.65,109.05,113.28,724897
2021-09-08,110.85,118.67,110.09,115.68,645011
2021-09-09,119.15,124.45,116.5,118.81,667264
2021-09-10,119.75,125.15,116.65,124.61,684352
2021-09-13,125.16,128.2,120.55,127.36,623846
2021-09-14,125.65,126.12,116.65,119.85,646114
2021-09-15,122.48,126.88,117.75,122.7,758132
2021-09-16,119.65,122.07,110.0,110.0,844366
2021-09-17,106.4,109.09,98.65,104.15,1058027
2021-09-22,101.65,104.4,100.25,101.06,564021
2021-09-23,103.89,105.63,100.81,101.38,527539
2021-09-24,100.93,104.45,97.15,99.83,629266
2021-09-27,100.65,101.05,89.45,91.83,862248
2021-09-28,92.68,93.6,89.95,90.6,560126
2021-09-29,90.65,94.15,86.35,91.65,833161
2021-09-30,93.65,100.23,92.75,97.23,813425
2021-10-08,99.45,99.63,90.27,92.3,615947
2021-10-11,92.25,92.25,86.37,91.56,574429
2021-10-12,89.65,91.25,84.95,87.04,648975
2021-10-13,87.69,90.8,87.15,90.37,596490
2021-10-14,89.15,92.02,87.88,90.73,456522
2021-10-15,90.66,95.2,86.96,93.95,667813
2021-10-18,93.64,99.56,93.01,98.5,696919
2021-10-19,97.67,100.03,96.73,99.15,459553
2021-10-20,98.13,103.5,97.15,99.15,658372
2021-10-21,97.65,99.63,95.6,96.45,490388
2021-10-22,97.16,97.73,91.45,92.01,633174
2021-10-25,89.42,93.55,88.86,93.07,625848
2021-10-26,96.65,100.15,94.28,95.45,745112
2021-10-27,94.36,96.42,91.53,93.45,531763
2021-10-28,92.97,95.64,86.5,87.48,925541
2021-10-29,88.35,90.37,87.55,89.91,510455
2021-11-01,88.94,91.53,84.6,84.84,784509
2021-11-02,86.43,88.76,85.46,86.71,699446
2021-11-03,88.64,88.7,84.3,87.64,519655
2021-11-04,88.16,91.05,86.21,87.34,716855
2021-11-05,88.66,93.03,88.34,90.63,961450
2021-11-08,90.85,100.13,90.85,100.13,998401
2021-11-09,103.77,105.1,101.2,104.09,899273
2021-11-10,103.21,103.21,95.66,97.82,901668
2021-11-11,96.63,97.65,94.44,96.85,556353
2021-11-12,97.65,99.85,95.95,96.84,414729
2021-11-15,93.65,95.25,88.65,91.35,699814
2021-11-16,91.29,91.46,87.69,88.63,424306
2021-11-17,91.63,97.93,91.25,97.93,891633
2021-11-18,97.95,107.36,96.53,104.41,1290959
2021-11-19,103.65,106.25,101.14,104.65,714410
2021-11-22,105.15,111.66,104.78,109.55,622050
2021-11-23,110.05,111.03,107.6,108.68,460443
2021-11-24,107.48,112.04,106.65,108.65,380867
2021-11-25,109.65,113.15,107.53,110.6,430049
2021-11-26,110.55,119.14,110.16,115.02,684163
2021-11-29,112.15,119.01,112.15,117.71,513572
2021-11-30,118.75,120.55,113.38,113.71,534678
2021-12-01,113.25,115.0,109.45,113.26,464047
2021-12-02,113.15,113.15,110.15,111.75,295099
2021-12-03,111.74,113.25,107.25,111.75,380138
2021-12-06,109.98,111.55,107.95,109.21,348309
2021-12-07,110.45,110.45,98.45,101.81,759611
2021-12-08,101.81,106.7,101.79,105.67,473873
2021-12-09,104.55,109.63,103.8,106.24,365675
2021-12-10,104.35,115.64,103.15,112.47,813091
2021-12-13,113.45,116.15,111.55,115.45,429481
2021-12-14,114.15,116.57,112.33,114.13,359501
2021-12-15,113.69,115.34,105.65,106.64,637966
2021-12-16,105.71,106.64,101.66,104.55,415744
2021-12-17,102.8,104.22,101.65,102.51,299055
2021-12-20,99.55,103.15,94.08,95.0,641905
2021-12-21,93.16,96.15,90.68,94.16,539925
2021-12-22,94.94,96.09,93.0,93.34,364826
2021-12-23,94.55,95.55,90.96,91.75,340360
2021-12-24,93.05,93.12,86.54,86.89,517340
2021-12-27,88.42,91.24,85.91,89.69,499217
2021-12-28,90.51,98.64,90.45,97.84,740798
2021-12-29,98.65,103.92,97.95,98.98,708461
2021-12-30,100.26,100.79,96.17,98.66,429489
2021-12-31,100.44,103.25,98.66,102.65,562120
2022-01-04,104.65,105.54,94.57,96.31,690605
2022-01-05,94.64,95.57,90.26,91.62,477154
2022-01-06,90.57,95.65,89.25,94.88,565562
2022-01-07,93.19,93.65,87.45,87.82,632415
2022-01-10,87.65,92.52,86.93,91.13,444893
2022-01-11,91.05,93.13,88.15,90.64,368413
2022-01-12,93.18,94.87,90.15,92.68,544932
2022-01-13,92.03,92.45,85.65,86.43,711903
2022-01-14,85.65,87.11,83.75,86.05,464999
2022-01-17,85.63,85.64,82.05,84.01,497914
2022-01-18,82.65,86.05,81.64,84.34,459183
2022-01-19,83.75,84.25,77.45,79.11,701381
2022-01-20,78.94,79.35,76.79,76.97,393198
2022-01-21,76.8,79.98,76.07,77.68,457100
2022-01-24,76.68,85.15,76.68,83.73,743389
2022-01-25,83.74,85.08,82.35,82.41,517816
2022-01-26,84.53,85.11,79.65,81.32,446423
2022-01-27,86.15,87.15,84.0,84.29,768292
2022-01-28,85.66,86.34,81.35,84.05,522739
2022-02-07,86.12,86.12,77.15,78.73,726059
2022-02-08,79.19,79.65,73.75,76.8,596139
2022-02-09,76.45,78.5,74.44,77.32,487767
2022-02-10,77.17,77.52,74.77,76.37,433071
2022-02-11,77.12,81.94,75.87,79.0,687903
2022-02-14,78.65,84.15,78.26,82.63,631259
2022-02-15,83.22,83.85,80.65,83.67,470546
2022-02-16,84.6,86.15,82.3,82.85,524477
2022-02-17,81.66,91.57,81.66,91.57,1127711
2022-02-18,89.66,92.14,89.65,91.33,589592
2022-02-21,91.65,93.27,90.25,92.85,614371
2022-02-22,96.57,97.63,93.65,96.5,755390
2022-02-23,95.65,98.13,94.87,96.65,501704
2022-02-24,94.65,95.64,89.45,92.05,777254
2022-02-25,95.59,96.03,92.75,94.0,442375
2022-02-28,95.4,97.03,94.2,96.03,451164
2022-03-01,95.65,95.65,90.15,91.65,669927
2022-03-02,91.46,92.34,89.63,91.25,401316
2022-03-03,91.65,91.95,89.13,89.29,349268
2022-03-04,90.75,92.65,87.46,88.35,576640
2022-03-07,87.66,89.63,85.02,86.15,474841
2022-03-08,86.17,86.83,77.1,77.11,933328
2022-03-09,77.65,77.94,71.88,77.55,744569
2022-03-10,80.65,81.93,78.23,80.74,655730
2022-03-11,78.15,80.55,76.05,79.67,515268
2022-03-14,77.65,81.05,77.0,78.1,425804
2022-03-15,76.65,82.15,76.33,79.14,633060
2022-03-16,81.65,83.45,77.65,83.13,868098
2022-03-17,83.65,85.06,80.17,80.84,855010
2022-03-18,79.62,79.95,77.46,79.16,508650
2022-03-21,78.33,82.95,77.53,80.71,644441
2022-03-22,80.71,83.45,79.69,81.44,554461
2022-03-23,82.16,82.53,78.79,80.03,445200
2022-03-24,79.55,81.85,77.15,80.49,509132
2022-03-25,81.65,83.24,79.2,82.12,713444
2022-03-28,80.66,80.9,75.7,77.2,622291
2022-03-29,77.45,79.45,75.65,77.96,502829
2022-03-30,78.0,80.95,77.03,80.64,569346
2022-03-31,80.75,81.29,76.35,77.04,617134
2022-04-01,76.4,79.65,76.05,78.11,413733
2022-04-06,77.95,78.73,76.15,77.27,317340
2022-04-07,76.65,78.43,75.0,76.45,383631
2022-04-08,76.47,76.98,73.42,73.76,415832
2022-04-11,71.65,71.87,65.95,65.95,683398
2022-04-12,64.66,67.82,64.66,67.69,399165
2022-04-13,67.16,72.11,66.87,69.61,502612
2022-04-14,70.28,71.05,68.85,69.95,300203
2022-04-15,68.85,69.83,66.65,68.58,349259
2022-04-18,68.73,69.79,65.95,69.7,292123
2022-04-19,69.65,70.19,68.57,69.15,253195
2022-04-20,69.93,69.93,66.65,66.72,225258
2022-04-21,65.95,67.63,63.64,64.31,322204
2022-04-22,63.09,64.15,61.42,62.15,314421
2022-04-25,60.65,61.4,55.5,55.55,563541
2022-04-26,55.69,57.13,54.71,55.06,410982
2022-04-27,54.57,61.0,53.7,61.0,569897
2022-04-28,62.1,67.4,61.74,65.13,855891
2022-04-29,65.95,72.08,65.0,72.08,753654
2022-05-05,73.95,76.04,71.85,73.88,890356
2022-05-06,72.19,74.75,71.66,74.11,609672
2022-05-09,73.65,74.67,72.66,73.99,398470
2022-05-10,72.68,77.12,72.65,76.07,640293
2022-05-11,75.35,81.28,74.75,77.65,846666
2022-05-12,76.25,77.43,74.83,75.68,496860
2022-05-13,76.79,77.35,74.77,75.79,345701
2022-05-16,76.65,78.82,76.65,76.75,396622
2022-05-17,75.35,82.93,75.35,80.81,799342
2022-05-18,81.11,84.57,80.33,82.56,564890
2022-05-19,80.73,87.95,80.4,87.15,723934
2022-05-20,89.05,90.65,84.61,86.95,693941
2022-05-23,88.64,95.68,88.35,94.69,855880
2022-05-24,94.68,98.2,91.91,92.05,857232
2022-05-25,92.15,94.15,89.2,93.17,647229
2022-05-26,93.18,94.23,90.21,92.65,482140
2022-05-27,94.77,96.15,90.95,92.24,508684
2022-05-30,92.66,95.5,91.91,94.27,509498
2022-05-31,93.65,94.21,90.95,93.98,477188
2022-06-01,92.05,92.86,87.66,91.22,640838
2022-06-02,88.65,91.3,87.85,90.04,414375
2022-06-06,90.16,99.48,90.16,99.48,970105
2022-06-07,100.65,102.16,98.65,100.6,642268
2022-06-08,101.65,107.41,101.65,105.5,750468
2022-06-09,104.63,106.25,103.73,105.64,439804
2022-06-10,104.54,108.59,103.13,107.17,518544
2022-06-13,107.53,117.31,107.42,113.51,735255
2022-06-14,110.6,113.73,107.48,111.46,605615
2022-06-15,112.45,116.5,109.98,113.33,635294
2022-06-16,113.33,114.25,108.45,110.4,560914
2022-06-17,108.65,115.81,108.45,114.67,594893
2022-06-20,116.95,117.15,111.55,113.47,484252
2022-06-21,112.65,113.03,108.23,110.04,522903
2022-06-22,110.65,113.11,110.15,110.61,393390
2022-06-23,112.1,114.86,106.93,114.68,620408
2022-06-24,115.02,115.27,110.11,113.51,486365
2022-06-27,112.68,125.27,112.68,121.31,746899
2022-06-28,123.45,126.33,121.36,124.05,504257
2022-06-29,122.85,123.55,118.35,118.45,461342
2022-06-30,117.65,121.95,117.65,120.45,427029
2022-07-01,119.45,130.65,118.33,128.65,692409
2022-07-04,129.65,138.65,129.65,137.35,626915
2022-07-05,137.35,142.86,136.74,142.82,573405
2022-07-06,140.65,144.22,137.17,139.48,494351
2022-07-07,139.65,141.15,137.25,140.51,358382
2022-07-08,141.21,143.65,138.67,143.65,554851
2022-07-11,138.65,139.65,128.85,130.1,712617
2022-07-12,128.16,130.08,118.75,123.45,950829
2022-07-13,119.66,127.65,116.65,124.25,897920
2022-07-14,124.15,125.98,117.69,121.2,715188
2022-07-15,121.65,127.15,119.65,119.65,622776
2022-07-18,120.19,122.15,111.09,115.62,755794
2022-07-19,115.63,119.92,114.51,116.3,529196
2022-07-20,119.65,123.15,117.24,119.35,557727
2022-07-21,118.15,118.15,110.65,110.65,677728
2022-07-22,112.77,113.53,110.15,112.5,483035
2022-07-25,111.65,116.54,111.0,113.35,485753
2022-07-26,114.56,121.33,114.53,117.21,714938
2022-07-27,116.25,116.54,112.29,114.4,411820
2022-07-28,115.59,115.66,111.02,111.4,425766
2022-07-29,112.42,113.1,110.66,111.15,314975
2022-08-01,109.15,113.9,105.87,113.3,622281
2022-08-02,110.54,111.24,107.15,107.5,490025
2022-08-03,111.65,112.03,104.6,105.45,478672
2022-08-04,106.62,110.85,105.75,109.05,449878
2022-08-05,107.66,113.5,106.15,112.53,581334
2022-08-08,112.25,116.83,111.34,113.84,593023
2022-08-09,113.65,117.65,112.25,115.1,441539
2022-08-10,116.5,117.55,112.28,113.43,429227
2022-08-11,114.7,115.15,109.48,113.15,488642
2022-08-12,112.05,115.34,110.62,110.76,383081
2022-08-15,110.77,117.54,110.76,115.74,626777
2022-08-16,116.62,116.65,111.65,112.33,577109
2022-08-17,111.64,111.65,108.03,110.62,455306
2022-08-18,109.67,111.53,108.81,109.57,310542
2022-08-19,107.15,108.65,104.73,104.85,485928
2022-08-22,104.46,115.77,101.45,115.77,981776
2022-08-23,116.15,117.81,113.05,116.72,680834
2022-08-24,118.35,120.15,114.18,114.78,615703
2022-08-25,115.77,116.2,104.09,108.12,752298
2022-08-26,108.65,115.65,106.83,111.16,626843
2022-08-29,109.2,112.63,108.54,111.7,332538
2022-08-30,112.3,113.15,108.31,111.28,331691
2022-08-31,110.9,115.52,105.25,109.89,756884
2022-09-01,108.85,109.0,103.15,103.57,512827
2022-09-02,104.22,105.09,99.55,100.87,479766
2022-09-05,99.62,101.79,99.15,101.15,283180
2022-09-06,102.16,107.05,100.94,106.42,588595
2022-09-07,104.65,106.53,103.91,105.16,390896
2022-09-08,106.15,106.39,103.17,103.24,309609
2022-09-09,104.63,107.04,103.4,106.0,490167
2022-09-13,106.16,109.15,104.31,107.65,439859
2022-09-14,106.65,110.31,105.7,108.66,445150
2022-09-15,110.65,111.85,104.43,105.57,589020
2022-09-16,103.11,103.11,96.45,99.67,474495
2022-09-19,99.64,102.54,99.25,101.19,277431
2022-09-20,102.65,111.45,102.14,109.95,692830
2022-09-21,108.65,111.15,108.07,110.44,391318
2022-09-22,110.18,113.05,108.88,110.69,348678
2022-09-23,109.88,110.2,104.98,107.32,400236
2022-09-26,105.85,108.15,104.84,105.55,290176
2022-09-27,105.53,105.95,100.81,104.63,395760
2022-09-28,103.23,103.65,97.64,97.94,440908
2022-09-29,99.2,101.05,98.29,99.76,318170
2022-09-30,98.65,99.85,95.66,96.05,338988
2022-10-10,94.66,96.45,92.37,92.67,267755
2022-10-11,94.25,97.25,93.63,96.25,313608
2022-10-12,96.96,97.65,91.01,97.65,471156
2022-10-13,93.65,95.31,93.31,93.53,388722
2022-10-14,95.55,99.01,94.65,97.57,443020
2022-10-17,94.63,95.67,92.35,95.25,571709
2022-10-18,96.45,97.36,93.92,94.16,362604
2022-10-19,94.13,96.64,93.67,94.43,302250
2022-10-20,92.65,92.65,90.16,90.83,375874
2022-10-21,90.8,91.65,87.66,88.24,345402
2022-10-24,89.64,92.11,88.15,88.85,400705
2022-10-25,88.87,91.43,85.65,90.94,375789
2022-10-26,91.63,93.15,90.9,91.25,348363
2022-10-27,92.47,93.45,91.3,91.3,268778
2022-10-28,90.79,90.85,87.68,88.09,281437
2022-10-31,87.65,91.55,87.22,91.2,382047
2022-11-01,90.68,96.8,90.6,95.83,527594
2022-11-02,94.55,95.87,93.45,95.0,334063
2022-11-03,92.65,94.74,91.61,92.36,387226
2022-11-04,92.53,101.95,90.87,100.55,795137
2022-11-07,101.1,103.15,100.01,100.64,446308
2022-11-08,100.64,101.87,99.35,101.51,296266
2022-11-09,104.64,105.44,101.02,101.04,352806
2022-11-10,99.01,99.65,94.85,96.0,392614
2022-11-11,99.63,100.05,96.67,97.75,354771
2022-11-14,97.75,98.95,93.18,94.02,370528
2022-11-15,93.02,94.91,91.65,94.64,318528
2022-11-16,93.65,94.06,91.28,91.34,340227
2022-11-17,91.34,92.2,89.15,90.56,291135
2022-11-18,89.2,90.04,87.27,87.67,387895
2022-11-21,86.65,88.97,85.97,88.89,284123
2022-11-22,88.95,89.14,86.44,86.83,246570
2022-11-23,86.45,88.01,85.75,87.48,210530
2022-11-24,87.79,89.53,86.68,88.03,244764
2022-11-25,87.65,87.65,85.22,85.22,287831
2022-11-28,82.15,83.33,81.25,82.75,301926
2022-11-29,83.25,83.89,81.86,83.45,266152
2022-11-30,83.45,86.92,83.27,85.78,417038
2022-12-01,87.31,87.65,85.39,85.41,327156
2022-12-02,84.66,85.15,83.72,84.08,230712
2022-12-05,84.77,85.05,83.22,83.95,249869
2022-12-06,83.16,86.02,81.93,84.87,335737
2022-12-07,84.16,87.15,84.08,85.32,358371
2022-12-08,85.45,86.92,84.25,84.65,239027
2022-12-09,85.11,86.15,83.75,84.55,238404
2022-12-12,83.88,83.9,82.17,82.5,267958
2022-12-13,82.26,83.35,81.3,81.33,211107
2022-12-14,81.31,81.95,80.76,81.23,176169
2022-12-15,80.85,83.11,79.79,82.83,288991
2022-12-16,81.65,81.94,78.37,79.12,313037
2022-12-19,79.01,85.07,78.76,83.0,563795
2022-12-20,82.02,82.6,79.11,79.63,326495
2022-12-21,79.75,80.15,77.42,78.15,254195
2022-12-22,79.04,79.14,75.68,75.78,274028
2022-12-23,74.75,76.69,74.75,75.89,172940
2022-12-26,75.67,77.9,75.41,77.46,205687
2022-12-27,77.47,78.29,76.32,77.58,192651
2022-12-28,76.07,76.93,74.35,76.32,247764
2022-12-29,75.68,77.75,75.68,76.48,186690
2022-12-30,77.31,77.76,74.45,74.64,264990
2023-01-03,74.23,77.41,73.21,77.01,307293
2023-01-04,76.45,76.95,74.45,74.7,249582
2023-01-05,75.36,78.96,74.95,77.44,443354
2023-01-06,76.65,80.68,76.63,79.9,475229
2023-01-09,81.11,82.17,80.33,80.67,355074
2023-01-10,80.51,82.24,79.45,81.58,347356
2023-01-11,81.4,81.9,79.82,79.94,213268
2023-01-12,81.05,83.05,80.65,80.91,342727
2023-01-13,81.61,83.03,80.25,81.29,268413
2023-01-16,81.37,83.37,80.35,82.87,319000
2023-01-17,83.61,83.64,81.55,82.29,213347
2023-01-18,82.63,85.13,82.25,83.64,297693
2023-01-19,85.6,86.53,83.9,84.68,424175
2023-01-20,84.55,91.53,84.43,89.63,583417
2023-01-30,92.85,95.55,92.25,92.62,580098
2023-01-31,91.65,93.4,91.36,91.63,250504
2023-02-01,92.65,93.26,91.24,92.74,289180
2023-02-02,92.75,92.78,90.0,90.49,321128
2023-02-03,89.81,90.23,87.35,88.81,303345
2023-02-06,88.15,88.4,86.38,87.24,217809
2023-02-07,86.95,88.01,86.95,87.39,167196
2023-02-08,87.66,90.85,87.15,88.89,401228
2023-02-09,87.65,87.99,86.3,87.88,246119
2023-02-10,87.5,87.5,85.21,85.5,273855
2023-02-13,85.15,86.1,84.76,85.35,168529
2023-02-14,85.38,85.82,84.15,84.83,170444
2023-02-15,85.07,85.63,83.68,83.87,170427
2023-02-16,83.87,84.15,80.68,81.41,349351
2023-02-17,81.41,81.63,79.18,79.2,303252
2023-02-20,77.46,78.63,75.81,78.63,396077
2023-02-21,78.23,79.27,77.2,78.76,317414
2023-02-22,77.67,78.53,77.2,77.68,187439
2023-02-23,77.63,78.73,77.57,78.36,181182
2023-02-24,79.13,79.95,77.34,77.9,213865
2023-02-27,77.64,79.52,77.64,78.15,229792
2023-02-28,78.13,78.14,76.65,77.64,199173
2023-03-01,77.56,78.03,76.87,77.75,163383
2023-03-02,77.95,78.02,76.18,76.2,209407
2023-03-03,75.95,76.85,75.45,75.88,204700
2023-03-06,75.95,77.48,74.47,76.83,279732
2023-03-07,76.62,76.65,75.3,75.36,175670
2023-03-08,74.75,75.22,74.25,75.01,132724
2023-03-09,75.01,76.77,74.83,75.76,191897
2023-03-10,74.85,74.89,73.65,73.98,188312
2023-03-13,73.16,73.85,70.94,72.67,254879
2023-03-14,72.43,73.84,70.33,72.65,300913
2023-03-15,72.66,73.66,71.75,71.75,171118
2023-03-16,70.15,71.33,69.51,69.54,219340
2023-03-17,70.35,71.55,69.93,70.33,217680
2023-03-20,70.29,71.34,69.11,70.68,199773
2023-03-21,70.99,72.64,70.43,72.64,282113
2023-03-22,72.83,73.87,71.94,72.64,251039
2023-03-23,71.75,72.62,71.65,72.33,158066
2023-03-24,72.41,72.84,71.53,71.79,167214
2023-03-27,71.56,72.15,70.7,72.03,187901
2023-03-28,72.2,72.24,70.12,70.2,169149
2023-03-29,70.23,72.38,70.22,70.95,285744
2023-03-30,70.95,72.2,69.76,72.17,210680
2023-03-31,73.02,73.33,71.05,71.17,329496
2023-04-03,70.77,77.12,70.07,75.74,616228
2023-04-04,74.39,74.73,72.55,73.0,388492
2023-04-06,72.25,72.26,70.76,71.89,249061
2023-04-07,71.44,72.33,71.17,71.57,165602
2023-04-10,71.75,74.3,71.18,73.8,338396
2023-04-11,73.45,75.94,72.98,75.62,426906
2023-04-12,75.35,75.85,73.65,74.14,270712
2023-04-13,73.65,74.01,72.45,72.56,200527
2023-04-14,72.85,78.29,72.81,77.04,766365
2023-04-17,77.15,79.22,76.83,77.93,459956
2023-04-18,77.94,81.8,77.94,78.9,501436
2023-04-19,79.17,80.15,77.26,79.17,362877
2023-04-20,78.54,78.54,75.23,75.67,422414
2023-04-21,74.71,77.15,74.29,74.84,283220
2023-04-24,71.65,73.95,67.8,71.67,418097
2023-04-25,71.55,71.95,65.65,65.72,534537
2023-04-26,64.8,69.74,63.11,66.95,440003
2023-04-27,66.75,67.98,65.93,66.51,251450
2023-04-28,66.67,68.95,66.01,66.91,280641
2023-05-04,69.15,70.5,68.26,68.81,366147
2023-05-05,68.65,68.95,67.35,67.81,196476
2023-05-08,68.15,68.98,66.94,67.86,227937
2023-05-09,67.83,68.5,66.81,66.82,209169
2023-05-10,67.27,71.23,66.66,70.56,511335
2023-05-11,70.66,72.41,69.89,71.53,375018
2023-05-12,72.66,74.15,70.25,70.36,290218
2023-05-15,71.48,77.83,71.35,77.83,808799
2023-05-16,79.35,79.35,77.43,78.26,603343
2023-05-17,77.52,78.04,75.94,76.49,342269
2023-05-18,76.42,77.38,74.94,76.65,385252
2023-05-19,76.15,76.15,74.65,75.14,243036
2023-05-22,74.91,76.05,74.46,75.13,192897
2023-05-23,75.35,76.94,74.25,74.27,268154
2023-05-24,73.92,75.15,73.31,73.83,251247
2023-05-25,73.05,73.53,71.68,72.5,250937
2023-05-26,71.99,72.16,68.79,69.57,333141
2023-05-29,69.63,70.1,68.37,68.93,230540
2023-05-30,68.73,69.06,67.45,69.05,253210
2023-05-31,68.75,68.85,66.26,67.59,271731
2023-06-01,67.24,69.93,66.45,67.98,312242
2023-06-02,68.47,72.45,68.47,71.95,549281
2023-06-05,71.95,71.96,70.45,71.62,302007
2023-06-06,71.57,71.94,69.95,70.13,227941
2023-06-07,71.05,71.53,68.68,69.06,217677
2023-06-08,69.63,71.85,69.5,70.2,321002
2023-06-09,69.99,71.84,69.69,70.63,309317
2023-06-12,70.15,70.26,68.85,69.54,214410
2023-06-13,69.47,70.04,68.98,69.52,170610
2023-06-14,69.95,70.2,68.65,68.66,238191
2023-06-15,68.65,71.87,67.42,71.51,477733
2023-06-16,71.52,71.94,70.4,71.67,323348
2023-06-19,71.44,71.81,69.4,69.62,308237
2023-06-20,69.64,70.15,68.76,68.86,212844
2023-06-21,68.65,69.42,67.64,67.84,262347
2023-06-26,67.15,67.94,66.53,67.3,207398
2023-06-27,67.5,67.98,66.8,67.98,181966
2023-06-28,67.95,68.2,66.95,67.7,140851
2023-06-29,67.44,67.59,66.9,66.96,156306
2023-06-30,67.64,69.1,66.77,68.56,277538
2023-07-03,68.76,69.58,68.45,69.09,207310
2023-07-04,69.42,69.91,68.68,69.28,201740
2023-07-05,69.28,69.63,68.69,69.41,183180
2023-07-06,69.15,69.27,67.66,67.86,207762
2023-07-07,67.25,67.64,66.89,67.16,133153
2023-07-10,67.65,70.47,67.65,69.48,312546
2023-07-11,69.35,69.82,68.59,69.35,156074
2023-07-12,69.35,70.33,68.86,69.01,200381
2023-07-13,69.45,70.21,69.16,69.46,164673
2023-07-14,69.86,69.89,68.51,68.85,191720
2023-07-17,68.55,68.55,67.68,67.82,121776
2023-07-18,67.81,67.84,66.15,66.64,244161
2023-07-19,66.53,66.84,65.97,66.49,111587
2023-07-20,66.67,67.86,66.67,66.92,183850
2023-07-21,65.98,65.98,64.35,64.88,235864
2023-07-24,64.24,64.24,61.48,61.69,383422
2023-07-25,62.64,64.4,62.4,64.29,355315
2023-07-26,64.4,64.84,63.54,63.73,187200
2023-07-27,63.8,64.23,62.76,62.83,152005
2023-07-28,62.33,64.2,61.92,63.81,176993
2023-07-31,63.82,66.32,63.82,65.2,266563
2023-08-01,64.82,65.31,64.46,64.93,135080
2023-08-02,64.75,64.91,63.98,64.06,126467
2023-08-03,63.85,64.6,63.76,64.42,112014
2023-08-04,64.72,65.9,64.5,64.99,204275
2023-08-07,64.73,65.02,64.16,64.3,116872
2023-08-08,64.19,64.72,63.53,64.38,111802
2023-08-09,64.18,64.18,63.53,63.56,95836
2023-08-10,63.93,64.8,63.69,63.93,118752
2023-08-11,63.93,63.93,62.38,62.42,145696
2023-08-14,61.74,61.9,60.55,60.82,202053
2023-08-15,60.82,61.15,59.94,60.31,131346
2023-08-16,60.31,61.25,59.44,59.46,170341
2023-08-17,59.19,59.65,58.52,59.51,137317
2023-08-18,59.54,59.74,57.76,57.77,165844
2023-08-21,57.84,58.77,57.25,57.33,136635
2023-08-22,57.65,58.45,56.23,57.81,169426
2023-08-23,57.31,57.45,56.03,56.05,130172
2023-08-24,56.45,57.42,56.18,56.85,157790
2023-08-25,56.25,56.64,55.47,55.65,141373
2023-08-28,59.65,59.65,55.84,56.03,248759
2023-08-29,55.62,57.73,55.23,57.34,217628
2023-08-30,57.64,58.59,57.22,58.04,194747
2023-08-31,56.42,56.6,55.55,56.22,266523
2023-09-01,55.94,56.37,55.68,56.12,113996
2023-09-04,56.28,58.98,55.83,58.05,340375
2023-09-05,57.62,58.65,57.35,58.31,206595
2023-09-06,57.9,57.98,57.16,57.65,147734
2023-09-07,57.28,57.4,55.91,55.95,182511
2023-09-08,55.65,55.84,54.54,54.68,168431
2023-09-11,54.48,56.96,53.88,55.93,222784
2023-09-12,56.23,59.15,56.03,57.28,395755
2023-09-13,56.95,57.66,56.1,56.4,169303
2023-09-14,56.45,56.68,55.35,55.5,149015
2023-09-15,55.74,55.9,54.47,54.75,179492
2023-09-18,54.57,57.23,54.21,56.31,267246
2023-09-19,55.75,56.0,54.77,54.98,155600
2023-09-20,54.65,54.91,53.43,53.96,160833
2023-09-21,53.66,54.23,52.85,53.15,172527
2023-09-22,53.4,54.79,53.15,54.5,232334
2023-09-25,54.12,54.3,53.38,53.8,142519
2023-09-26,53.72,53.93,52.65,52.66,170246
2023-09-27,52.31,54.31,52.03,53.26,234347
2023-09-28,53.27,54.88,53.27,53.58,223654
2023-10-09,52.95,53.13,51.96,52.81,225834
2023-10-10,52.9,55.41,52.89,54.53,390620
2023-10-11,54.56,54.93,53.9,54.06,210224
2023-10-12,55.05,58.28,54.72,57.93,703401
2023-10-13,57.5,57.67,56.21,56.7,358797
2023-10-16,56.94,56.94,54.25,54.47,269762
2023-10-17,54.47,55.09,54.03,54.55,226765
2023-10-18,54.2,54.2,52.76,52.91,205272
2023-10-19,52.15,53.17,51.34,51.35,259934
2023-10-20,50.81,54.65,50.65,53.38,437569
2023-10-23,52.86,53.05,50.85,51.23,243326
2023-10-24,51.35,53.25,51.23,52.04,267121
2023-10-25,52.56,52.98,51.47,51.55,211829
2023-10-26,50.9,51.1,49.96,51.05,258370
2023-10-27,50.64,54.74,49.99,54.25,595647
2023-10-30,53.45,54.92,53.33,54.55,288621
2023-10-31,53.85,54.18,53.09,53.65,281586
2023-11-01,53.54,53.54,51.86,52.26,228442
2023-11-02,52.26,52.53,51.06,51.1,206944
2023-11-03,51.46,51.98,51.06,51.69,190072
2023-11-06,51.95,54.15,51.86,53.61,378671
2023-11-07,53.07,53.49,52.49,53.35,217633
2023-11-08,53.15,53.97,52.89,53.45,237356
2023-11-09,53.25,54.53,53.15,53.74,263407
2023-11-10,53.25,54.15,52.86,53.31,220815
2023-11-13,53.25,53.72,52.65,52.81,168451
2023-11-14,52.75,53.03,52.01,52.27,184766
2023-11-15,53.36,55.01,53.15,54.19,547707
2023-11-16,53.68,54.08,52.8,52.8,277721
2023-11-17,52.28,52.77,52.16,52.76,151946
2023-11-20,53.15,53.31,52.25,52.71,152283
2023-11-21,52.95,53.5,52.19,52.26,217174
2023-11-22,51.86,52.1,50.67,50.74,291824
2023-11-23,50.83,51.02,50.18,51.02,171473
2023-11-24,50.98,51.13,50.35,50.53,155772
2023-11-27,50.19,50.21,48.65,49.04,265570
2023-11-28,48.85,49.15,48.33,49.07,198163
2023-11-29,49.06,49.34,48.43,48.97,161427
2023-11-30,48.65,48.9,47.99,48.73,154332
2023-12-01,48.35,49.54,47.66,48.77,241669
2023-12-04,48.53,49.78,48.18,49.29,230201
2023-12-05,48.55,51.13,48.46,49.78,461841
2023-12-06,49.46,54.89,49.27,54.63,1196390
2023-12-07,53.35,55.75,53.08,54.88,770172
2023-12-08,55.67,56.0,53.84,54.25,460704
2023-12-11,53.66,53.66,50.68,52.09,557239
2023-12-12,51.67,52.57,51.2,51.37,260666
2023-12-13,51.39,51.39,50.13,50.59,246006
2023-12-14,51.75,52.09,50.57,50.63,301665
2023-12-15,51.59,53.61,51.45,52.2,521315
2023-12-18,51.65,53.45,51.29,51.45,296970
2023-12-19,51.13,51.94,50.6,51.14,207592
2023-12-20,51.33,51.5,50.15,50.15,177859
2023-12-21,49.69,51.4,49.65,50.77,241253
2023-12-22,50.65,54.35,49.76,52.74,540267
2023-12-25,52.53,53.65,52.3,52.99,253231
2023-12-26,53.27,53.54,52.47,53.13,228565
2023-12-27,52.85,53.01,51.45,52.15,219146
2023-12-28,52.07,56.19,51.97,55.32,688960
2023-12-29,54.95,55.6,54.42,54.44,369557
2024-01-02,54.42,54.9,53.83,54.07,232892
2024-01-03,53.68,54.52,53.5,53.97,179008
2024-01-04,53.77,53.77,52.0,52.31,236066
2024-01-05,51.9,54.5,51.9,52.65,352908
2024-01-08,52.3,53.95,51.98,52.3,259698
2024-01-09,52.48,54.46,50.81,53.86,357163
2024-01-10,53.64,55.15,52.97,54.09,373065
2024-01-11,53.64,59.63,53.41,58.47,779974
2024-01-12,57.64,58.3,56.79,56.8,430038
2024-01-15,56.53,57.44,55.96,56.23,235591
2024-01-16,56.26,57.29,56.03,56.72,291728
2024-01-17,56.73,56.8,55.15,55.15,222122
2024-01-18,54.64,57.27,54.62,57.03,388627
2024-01-19,56.65,58.33,55.73,56.1,324113
2024-01-22,55.27,55.75,52.97,53.65,387179
2024-01-23,53.35,55.14,52.74,54.23,240861
2024-01-24,54.57,54.85,52.26,53.95,272455
2024-01-25,53.62,55.0,52.88,54.66,265456
2024-01-26,54.21,55.43,53.43,53.45,243731
2024-01-29,53.43,53.43,49.65,49.66,404104
2024-01-30,49.18,50.51,48.77,49.04,203775
2024-01-31,47.7,48.28,44.85,45.15,444960
2024-02-01,44.9,46.3,44.21,45.18,232921
2024-02-02,45.18,45.73,41.59,42.83,360926
2024-02-05,42.37,42.95,39.71,40.54,354924
2024-02-06,40.46,43.8,40.45,43.48,327523
2024-02-07,43.6,44.67,42.83,43.35,342986
2024-02-08,43.81,45.22,43.49,44.51,310024
2024-02-19,44.51,45.01,43.91,44.43,261019
2024-02-20,43.95,44.3,42.82,44.24,288052
2024-02-21,43.6,47.23,43.41,45.81,472232
2024-02-22,44.9,45.87,44.76,45.85,263854
2024-02-23,45.85,46.85,45.24,46.61,340138
2024-02-26,46.92,47.65,46.43,46.86,340881
2024-02-27,46.45,48.07,46.3,48.04,292821
2024-02-28,48.65,51.58,48.65,48.81,633910
2024-02-29,48.95,52.94,48.93,52.28,664209
2024-03-01,52.65,53.11,51.47,52.45,401905
2024-03-04,53.52,53.8,51.18,51.61,394024
2024-03-05,50.61,50.63,49.5,49.86,365044
2024-03-06,49.1,50.28,48.51,49.47,301505
2024-03-07,49.93,50.45,48.73,48.73,241548
2024-03-08,48.64,49.48,48.33,48.75,179671
2024-03-11,49.65,52.93,49.65,52.4,568765
2024-03-12,52.9,53.13,51.55,52.25,327719
2024-03-13,52.24,53.14,51.56,51.89,218514
2024-03-14,51.55,52.38,50.65,51.08,246249
2024-03-15,50.85,51.46,49.65,51.15,281171
2024-03-18,51.55,51.8,50.85,51.48,249510
2024-03-19,51.15,51.81,50.79,50.84,213084
2024-03-20,50.66,51.45,50.44,50.89,159851
2024-03-21,51.11,51.33,50.27,50.41,154798
2024-03-22,50.15,50.41,48.35,48.45,284011
2024-03-25,48.32,48.42,47.15,47.15,200049
2024-03-26,47.16,48.41,46.73,48.07,216910
2024-03-27,47.65,47.73,46.15,46.15,165022
2024-03-28,46.15,47.05,46.04,46.31,183663
2024-03-29,46.31,47.31,46.24,46.62,168485
2024-04-01,46.62,49.85,46.62,48.96,384586
2024-04-02,48.94,49.58,48.35,49.27,287818
2024-04-03,49.17,50.6,48.65,49.66,325858
2024-04-08,48.25,50.59,48.08,48.87,301800
2024-04-09,49.15,51.15,48.92,50.85,432733
2024-04-10,50.84,50.84,49.32,49.5,243049
2024-04-11,48.7,49.4,48.27,48.71,184170
2024-04-12,48.61,49.21,47.57,47.57,177116
2024-04-15,47.57,48.98,47.18,47.86,169181
2024-04-16,47.34,47.58,45.45,45.48,227538
2024-04-17,45.63,46.85,45.63,46.53,159172
2024-04-18,46.43,47.55,45.76,46.93,202540
2024-04-19,46.43,46.73,45.46,45.69,179508
2024-04-22,45.32,46.25,44.45,44.64,183522
2024-04-23,44.67,44.83,43.65,43.79,171808
2024-04-24,39.28,39.28,39.28,39.28,104532
2024-04-25,36.44,39.22,36.1,37.84,813046
2024-04-26,36.94,37.97,36.9,37.52,457205
2024-04-29,37.48,39.9,37.36,39.44,529426
2024-04-30,39.45,40.25,38.11,38.16,335066
2024-05-06,39.35,40.11,38.85,38.93,422921
2024-05-07,39.04,39.5,38.75,39.11,229507
2024-05-08,39.01,39.01,38.34,38.35,166582
2024-05-09,38.64,39.77,38.61,39.36,359511
2024-05-10,39.36,39.53,38.35,38.59,226014
2024-05-13,38.05,38.05,36.91,37.34,232704
2024-05-14,37.65,37.81,37.12,37.28,168349
2024-05-15,37.29,37.54,36.85,36.88,152171
2024-05-16,36.95,37.11,36.47,36.52,186436
2024-05-17,36.65,36.9,35.95,36.9,238623
2024-05-20,36.4,37.13,36.4,36.94,225014
2024-05-21,37.0,37.01,36.16,36.37,192080
2024-05-22,36.37,37.32,36.25,37.22,262430
2024-05-23,36.85,36.95,35.98,36.08,231342
2024-05-24,35.98,36.22,35.2,35.24,202836
2024-05-27,35.15,35.38,34.37,35.04,198209
2024-05-28,35.0,35.53,34.52,34.65,158777
2024-05-29,34.65,36.01,34.65,35.53,256564
2024-05-30,35.62,35.92,35.19,35.34,141433
2024-05-31,35.36,35.44,34.73,34.73,174370
2024-06-03,34.53,34.95,34.13,34.88,166656
2024-06-04,34.61,35.19,34.45,34.95,156094
2024-06-05,34.66,35.12,34.4,34.42,139371
2024-06-06,34.72,35.82,34.39,34.45,291267
2024-06-07,34.51,35.07,33.81,34.0,248862
2024-06-11,33.6,34.05,33.36,33.54,160619
2024-06-12,33.4,33.65,32.83,33.41,218700
2024-06-13,33.43,33.95,32.71,32.72,243136
2024-06-14,32.7,32.72,31.91,32.56,303641
2024-06-17,32.3,32.95,32.03,32.6,204437
2024-06-18,32.6,33.21,32.41,33.0,198543
2024-06-19,33.0,33.1,32.31,32.32,140310
2024-06-20,32.33,32.4,31.25,31.25,182659
2024-06-21,31.0,31.4,30.44,30.49,221610
2024-06-24,30.0,30.6,29.73,30.1,200836
2024-06-25,30.0,30.25,29.34,29.53,171292
2024-06-26,29.5,31.7,29.15,31.55,380735
2024-06-27,31.3,31.65,30.56,30.57,218553
2024-06-28,30.49,30.81,29.85,29.91,202907
2024-07-01,29.4,30.12,29.27,29.99,172979
2024-07-02,30.11,30.33,29.4,29.45,155679
2024-07-03,29.5,30.19,29.2,29.82,192094
2024-07-04,29.81,30.01,28.88,28.88,174656
2024-07-05,28.68,29.05,28.38,28.73,131282
2024-07-08,28.59,28.65,27.6,27.75,172493
2024-07-09,27.63,27.87,27.22,27.59,166114
2024-07-10,27.0,29.16,26.9,27.92,338180
2024-07-11,28.28,30.3,28.28,29.6,504302
2024-07-12,29.47,29.85,29.14,29.28,237170
2024-07-15,29.09,29.35,28.72,28.74,159831
2024-07-16,28.64,29.35,28.64,29.06,160001
2024-07-17,29.05,29.45,28.83,28.96,183772
2024-07-18,28.75,29.15,28.48,29.01,141437
2024-07-19,29.01,29.6,28.44,29.23,215419
2024-07-22,29.04,29.46,28.73,28.99,177725
2024-07-23,29.0,29.06,27.79,27.8,175209
2024-07-24,27.74,27.98,27.15,27.22,140171
2024-07-25,27.01,28.85,26.96,28.18,296987
2024-07-26,28.18,29.55,28.15,29.12,236747
2024-07-29,29.2,29.4,28.1,28.17,197839
2024-07-30,28.06,28.13,27.67,28.09,131916
2024-07-31,28.21,29.3,28.03,29.26,253356
2024-08-01,29.25,29.37,28.56,28.65,199785
2024-08-02,28.61,29.05,28.36,28.53,154172
2024-08-05,28.4,29.66,28.05,28.06,261858
2024-08-06,28.42,29.2,28.35,28.76,214862
2024-08-07,28.65,28.66,28.21,28.26,134957
2024-08-08,28.15,28.35,27.81,27.9,133854
2024-08-09,28.04,28.38,27.38,27.39,141794
2024-08-12,27.62,27.65,27.03,27.1,124140
2024-08-13,27.12,28.07,26.7,27.67,215554
2024-08-14,27.57,28.13,26.96,26.97,184607
2024-08-15,26.78,27.31,26.48,27.0,166714
2024-08-16,27.09,27.29,26.62,26.7,154963
2024-08-19,26.54,26.89,26.31,26.32,152322
2024-08-20,26.36,27.2,26.05,26.14,332487
2024-08-21,26.16,27.06,25.73,26.81,331479
2024-08-22,26.93,26.98,25.8,25.8,217611
2024-08-23,25.6,25.79,25.05,25.11,181677
2024-08-26,25.13,26.19,25.13,25.68,275336
2024-08-27,25.66,25.96,24.97,25.54,205107
2024-08-28,25.37,25.54,24.94,25.32,164475
2024-08-29,25.15,25.88,24.89,25.57,237997
2024-08-30,25.47,26.77,25.42,26.28,349709
2024-09-02,26.1,26.46,24.95,24.95,302948
2024-09-03,24.95,26.9,24.63,26.15,447285
2024-09-04,25.88,26.7,25.88,26.16,260302
2024-09-05,26.1,27.54,26.1,26.7,362276
2024-09-06,26.6,26.9,26.03,26.05,179290
2024-09-09,25.72,26.17,25.37,25.61,198841
2024-09-10,25.79,25.85,24.44,24.93,283725
2024-09-11,25.55,27.42,25.45,27.42,626486
2024-09-12,28.0,28.63,27.58,27.7,912803
2024-09-13,27.43,28.0,25.82,25.82,658605
2024-09-18,25.7,25.89,24.85,25.32,390050
2024-09-19,25.36,25.88,24.75,25.43,492705
2024-09-20,25.43,25.43,24.7,24.94,376711
2024-09-23,24.77,25.2,24.6,24.93,258648
2024-09-24,25.22,27.42,25.18,27.42,953140
2024-09-25,27.9,29.04,27.9,28.09,1012138
2024-09-26,28.21,29.11,27.66,29.09,596081
2024-09-27,29.99,32.0,29.93,32.0,681215
2024-09-30,34.8,35.2,33.5,35.2,1139401
2024-10-08,38.72,38.72,36.25,38.72,1277276
2024-10-09,38.0,39.95,35.22,35.4,1169500
2024-10-10,35.42,37.47,34.73,36.28,789051
2024-10-11,35.25,35.25,33.03,33.41,615972
2024-10-14,33.33,33.94,32.58,33.87,480064
2024-10-15,33.76,34.19,32.82,32.85,403567
2024-10-16,32.09,32.9,32.0,32.2,338418
2024-10-17,32.65,32.84,31.73,31.78,335999
2024-10-18,31.42,34.3,31.28,33.35,610545
2024-10-21,33.4,34.6,33.06,33.92,579932
2024-10-22,33.75,35.44,33.33,35.24,518898
2024-10-23,35.6,37.05,34.46,36.09,823008
2024-10-24,35.5,35.6,34.31,34.72,450214
2024-10-25,35.47,37.7,35.41,36.89,952539
2024-10-28,36.67,37.21,35.85,37.05,592004
2024-10-29,37.35,37.92,35.86,35.91,497520
2024-10-30,35.5,35.86,34.48,34.87,436863
2024-10-31,34.92,36.25,34.6,35.95,499689
2024-11-01,35.63,37.74,35.11,36.09,760998
2024-11-04,36.18,36.58,35.38,36.17,402190
2024-11-05,36.0,37.48,35.8,37.15,589635
2024-11-06,36.89,39.6,36.8,37.4,741536
2024-11-07,36.8,37.78,36.3,37.69,497826
2024-11-08,38.71,40.3,37.71,37.98,734496
2024-11-11,37.64,41.44,37.59,40.83,963265
2024-11-12,41.99,43.87,41.36,41.8,1156047
2024-11-13,42.53,44.58,40.44,42.83,963316
2024-11-14,42.23,42.42,39.7,39.96,736967
2024-11-15,39.19,39.9,37.78,37.81,504573
2024-11-18,37.81,38.59,37.1,37.45,361349
2024-11-19,37.8,41.2,37.57,41.2,552593
2024-11-20,41.0,43.07,40.6,41.4,993346
2024-11-21,40.8,42.38,40.42,41.5,571710
2024-11-22,40.9,42.39,39.61,39.81,604659
2024-11-25,39.8,41.5,39.8,40.35,472450
2024-11-26,40.15,40.17,38.15,38.17,421563
2024-11-27,37.89,38.78,36.86,38.68,404584
2024-11-28,38.65,38.67,37.8,37.84,279290
2024-11-29,37.85,38.83,37.39,38.18,362411
2024-12-02,37.8,38.31,37.4,38.19,321175
2024-12-03,38.36,38.5,37.36,37.67,250128
2024-12-04,37.67,37.87,36.87,37.0,240085
2024-12-05,36.88,37.13,36.62,37.12,182071
2024-12-06,36.97,38.62,36.5,37.94,356985
2024-12-09,37.51,37.88,37.06,37.3,204085
2024-12-10,38.51,38.68,37.05,37.19,291481
2024-12-11,37.0,37.34,36.88,37.16,151845
2024-12-12,36.96,37.75,36.81,37.6,228800
2024-12-13,37.25,37.26,36.37,36.4,277726
2024-12-16,36.3,36.48,35.0,35.21,266878
2024-12-17,35.25,35.4,34.63,34.71,194888
2024-12-18,34.77,35.03,34.61,34.66,130530
2024-12-19,34.3,34.66,34.0,34.48,181274
2024-12-20,34.7,35.15,34.48,34.84,168837
2024-12-23,34.74,35.13,34.2,34.28,150268
2024-12-24,34.35,35.14,34.35,34.7,181841
2024-12-25,34.7,34.7,33.77,33.92,150547
2024-12-26,33.88,34.36,33.8,34.0,120637
2024-12-27,34.11,34.52,33.86,34.13,159815
2024-12-30,34.0,34.45,33.73,34.38,168864
2024-12-31,34.2,34.36,33.0,33.0,196127
2025-01-02,33.01,33.33,32.19,32.39,195961
2025-01-03,32.41,32.8,31.5,31.63,179587
2025-01-06,32.42,33.2,31.93,32.33,256407
2025-01-07,32.1,33.11,31.89,33.04,187292
2025-01-08,32.71,32.98,31.7,32.13,188706
2025-01-09,31.91,32.3,31.85,32.07,105600
2025-01-10,32.07,32.24,31.0,31.0,155194
2025-01-13,30.96,33.0,30.73,32.29,328918
2025-01-14,32.3,33.11,31.93,32.99,254330
2025-01-15,32.69,33.56,32.32,33.03,249515
2025-01-16,33.01,33.58,32.69,33.05,178385
2025-01-17,33.47,34.36,33.04,33.39,237196
2025-01-20,33.27,33.56,33.0,33.06,172962
2025-01-21,33.23,33.25,32.01,32.15,194567
2025-01-22,32.0,32.01,31.37,31.55,145239
2025-01-23,31.89,32.38,31.18,31.18,166018
2025-01-24,30.59,30.99,29.85,30.99,298490
2025-01-27,30.85,31.47,30.57,30.58,167561
2025-02-05,30.91,30.95,30.35,30.69,130379
2025-02-06,30.5,31.69,30.01,31.53,253723
2025-02-07,31.4,32.53,31.38,32.1,290944
2025-02-10,32.01,32.58,31.8,32.58,213528
2025-02-11,32.58,32.58,31.39,31.44,236185
2025-02-12,31.44,34.58,31.29,33.86,565854
2025-02-13,33.41,34.17,33.0,33.09,404162
2025-02-14,33.52,34.2,33.18,33.29,277140
2025-02-17,33.1,33.4,32.33,32.7,295679
2025-02-18,33.09,33.53,32.4,32.68,365556
2025-02-19,32.3,32.76,31.86,32.69,257864
2025-02-20,32.5,32.81,32.11,32.33,200949
2025-02-21,32.36,32.89,32.23,32.64,255408
2025-02-24,32.64,32.95,32.25,32.53,225080
2025-02-25,32.2,33.5,32.11,32.6,297421
2025-02-26,32.46,33.12,32.35,33.02,299081
2025-02-27,33.02,34.2,32.71,33.43,451497
2025-02-28,33.12,33.65,32.28,32.42,349847
2025-03-03,32.52,34.39,32.5,34.12,638332
2025-03-04,33.75,33.75,32.7,33.19,361118
2025-03-05,33.2,33.24,32.5,32.82,220251
2025-03-06,32.88,33.33,32.8,33.26,248601
2025-03-07,33.25,33.87,32.95,33.11,322324
2025-03-10,33.18,33.85,32.75,33.07,210663
2025-03-11,32.73,32.78,32.21,32.78,231461
2025-03-12,32.72,32.95,32.4,32.49,158288
2025-03-13,32.49,32.62,31.9,32.09,198905
2025-03-14,32.2,32.63,32.16,32.62,229151
2025-03-17,32.72,33.2,32.51,32.91,230925
2025-03-18,33.18,33.29,32.7,32.81,166787
2025-03-19,32.67,32.7,32.26,32.41,164276
2025-03-20,32.16,32.4,32.1,32.17,118709
2025-03-21,32.06,32.23,31.4,31.47,176544
2025-03-24,31.38,31.5,30.75,31.17,162747
2025-03-25,31.2,31.4,31.0,31.22,100394
2025-03-26,31.24,31.45,31.13,31.25,99079
2025-03-27,31.0,31.24,30.55,30.99,126952
2025-03-28,31.08,31.12,30.52,30.56,109710
2025-03-31,30.45,30.6,29.92,30.32,124417
2025-04-01,30.32,30.71,30.15,30.55,108802
2025-04-02,30.55,30.85,30.33,30.63,90632
2025-04-03,30.2,30.61,30.18,30.26,85491
2025-04-07,28.0,28.77,27.23,27.23,240405
2025-04-08,26.85,27.7,26.57,27.07,216870
2025-04-09,26.35,27.25,25.57,27.07,268806
2025-04-10,27.88,27.98,27.44,27.56,213071
2025-04-11,27.25,27.95,27.23,27.75,153472
2025-04-14,28.15,28.4,28.02,28.06,140652
2025-04-15,28.18,28.31,27.86,27.95,95226
2025-04-16,27.95,27.95,27.24,27.55,116786
2025-04-17,27.45,27.68,27.32,27.46,77807
2025-04-18,27.46,27.64,27.2,27.53,66061
2025-04-21,27.45,27.77,27.28,27.71,82825
2025-04-22,27.64,27.85,27.38,27.48,95435
2025-04-23,27.64,27.83,27.36,27.59,95922
2025-04-24,28.8,29.77,28.58,28.76,457804
2025-04-25,28.69,29.16,28.5,28.79,215322
2025-04-28,28.5,28.6,28.08,28.12,147095
2025-04-29,28.0,28.65,27.98,28.6,140632
2025-04-30,28.6,29.25,28.56,28.81,177464
2025-05-06,28.78,29.25,28.78,29.13,168519
2025-05-07,29.45,29.5,28.82,28.98,156263
2025-05-08,28.85,29.6,28.77,29.4,185436
2025-05-09,29.34,29.4,29.05,29.15,111677
2025-05-12,29.31,29.75,29.16,29.73,183554
2025-05-13,29.76,30.2,29.6,29.81,206662
2025-05-14,29.71,30.35,29.62,30.23,256260
2025-05-15,30.03,30.08,29.33,29.39,172984
2025-05-16,29.2,29.59,29.15,29.15,110883
2025-05-19,29.0,29.34,28.84,29.29,101274
2025-05-20,29.3,29.45,29.0,29.29,97597
2025-05-21,29.23,29.92,29.15,29.53,205532
2025-05-22,29.5,30.11,29.37,29.6,233161
2025-05-23,29.59,31.2,29.54,30.17,419645
2025-05-26,30.02,30.03,29.29,29.59,210504
2025-05-27,29.57,30.33,29.43,29.88,181124
2025-05-28,29.67,29.77,28.79,28.87,231160
2025-05-29,28.84,29.3,28.57,29.3,174615
2025-05-30,29.18,29.3,28.91,28.94,104539
2025-06-03,28.8,29.68,28.7,29.32,132828
2025-06-04,29.35,30.57,29.32,30.37,356259
2025-06-05,30.37,30.54,30.1,30.26,167899
2025-06-06,30.37,30.69,30.16,30.34,148853
2025-06-09,30.33,30.59,30.17,30.37,140104
2025-06-10,30.38,30.97,29.9,30.15,164439
2025-06-11,30.11,31.02,30.11,30.75,240120
2025-06-12,30.61,30.81,30.47,30.62,134886
2025-06-13,30.96,30.96,30.1,30.2,175839
2025-06-16,30.0,30.14,29.81,30.03,127568
2025-06-17,30.12,30.6,30.04,30.15,154412
2025-06-18,30.21,30.28,29.7,29.9,121132
2025-06-19,29.79,30.57,29.5,29.78,226385
2025-06-20,29.65,30.45,29.32,29.33,179680
2025-06-23,29.21,30.36,29.21,30.24,252732
2025-06-24,30.23,31.42,30.05,31.22,400053
2025-06-25,31.15,31.64,31.01,31.52,309232
2025-06-26,31.5,32.71,31.43,31.44,385353
2025-06-27,31.75,33.16,31.75,32.27,533878
2025-06-30,32.25,32.35,31.78,32.04,267705
2025-07-01,31.82,31.89,31.22,31.78,215908
2025-07-02,31.9,32.71,31.62,32.45,336681
2025-07-03,32.66,33.5,32.35,33.33,457756
2025-07-04,33.03,33.2,32.3,32.37,305768
2025-07-07,32.38,32.38,32.08,32.2,130745
2025-07-08,32.22,33.75,32.22,33.4,458778
2025-07-09,33.5,33.67,33.09,33.18,258702
2025-07-10,33.03,33.62,32.97,33.42,228814
2025-07-11,33.65,34.1,33.15,33.26,412079
2025-07-14,34.43,35.75,34.11,34.23,608521
2025-07-15,34.03,34.23,33.21,33.88,480851
2025-07-16,33.62,33.86,32.91,33.04,337194
2025-07-17,33.2,34.5,32.87,34.25,550771
2025-07-18,34.67,36.17,34.66,36.0,817624
2025-07-21,36.18,36.35,35.61,35.9,444576
2025-07-22,35.99,37.16,35.66,36.86,674529
2025-07-23,37.4,38.04,36.5,36.63,770840
2025-07-24,36.12,40.29,36.06,40.29,1167721
2025-07-25,41.05,42.94,40.91,41.89,1385851
2025-07-28,40.81,41.84,40.04,40.74,896288
2025-07-29,40.04,41.23,40.04,40.4,623873
2025-07-30,40.83,41.14,39.43,39.88,661252
2025-07-31,39.36,39.58,38.0,38.23,712289
2025-08-01,38.28,38.75,38.0,38.25,381599
2025-08-04,38.25,38.35,37.58,38.09,303691
2025-08-05,38.1,38.3,37.79,38.07,299827
2025-08-06,37.9,38.17,37.71,38.16,347556
2025-08-07,38.51,40.03,37.6,39.54,803978
2025-08-08,39.48,41.34,39.11,40.83,822206
2025-08-11,44.85,44.91,42.88,44.91,840142
2025-08-12,44.9,47.1,43.37,45.88,1540966
2025-08-13,44.92,45.47,44.1,44.74,994337
2025-08-14,44.76,45.2,42.96,43.03,787528
2025-08-15,43.05,43.99,43.01,43.77,537976
2025-08-18,44.9,45.37,44.0,44.46,698101
2025-08-19,43.9,44.9,43.6,43.88,553554
2025-08-20,42.88,43.42,42.01,43.04,699701
2025-08-21,42.86,43.41,42.5,42.64,393509
2025-08-22,42.19,43.28,42.04,43.1,471424
2025-08-25,43.2,44.46,43.18,43.84,698864
2025-08-26,43.84,44.56,43.2,43.91,527900
2025-08-27,44.46,44.88,42.75,42.77,676367
2025-08-28,41.88,42.8,41.3,42.8,584270
2025-08-29,42.8,44.6,42.8,43.96,699052
2025-09-01,43.99,44.19,43.08,43.86,513272
2025-09-02,44.02,44.59,42.53,42.58,586778
2025-09-03,42.53,44.4,41.8,42.12,525624
2025-09-04,41.92,43.94,41.82,42.66,638971
2025-09-05,42.24,46.78,41.92,46.35,1297055
2025-09-08,46.42,49.67,44.9,47.34,1331836
2025-09-09,46.5,48.09,45.86,46.24,866183
2025-09-10,43.74,44.72,43.16,43.93,884445
2025-09-11,43.8,44.12,43.1,43.93,569931
2025-09-12,43.94,44.91,43.36,44.03,583564
2025-09-15,44.04,45.95,44.04,45.31,664219
2025-09-16,45.42,45.8,43.81,44.49,469096
2025-09-17,44.37,45.45,43.75,44.79,438790
2025-09-18,44.5,44.5,42.55,43.15,508170
2025-09-19,43.18,46.0,43.18,45.01,933554
2025-09-22,45.21,45.22,43.3,43.87,571298
2025-09-23,43.4,44.43,42.01,42.82,483426
2025-09-24,42.71,44.0,42.01,43.34,458350
2025-09-25,43.47,45.4,43.47,44.69,738342
2025-09-26,44.1,46.76,43.79,44.77,782166
2025-09-29,45.15,46.65,45.0,46.44,874289
2025-09-30,46.38,48.0,45.89,47.57,854583
2025-10-09,49.68,52.2,48.6,51.33,1084994
2025-10-10,51.08,51.39,47.14,47.65,939766
2025-10-13,45.0,49.89,45.0,49.77,799661
2025-10-14,50.41,50.48,46.69,46.98,738811
2025-10-15,47.34,48.68,46.27,47.3,529931
2025-10-16,47.2,48.3,46.53,47.5,395056
2025-10-17,47.99,49.15,46.3,46.55,531112
2025-10-20,46.75,47.14,44.83,45.49,477440
2025-10-21,45.65,45.99,44.96,45.61,316722
2025-10-22,45.41,45.98,43.96,45.97,388166
2025-10-23,45.64,48.32,45.15,48.01,655917
2025-10-24,48.4,50.51,48.17,48.61,771994
2025-10-27,49.1,49.5,48.21,49.21,617117
2025-10-28,49.1,50.16,48.3,48.51,589166
2025-10-29,48.9,51.0,48.73,50.77,871984
2025-10-30,50.4,55.85,50.08,55.68,1814998
2025-10-31,55.63,56.92,53.4,53.4,1554427
2025-11-03,54.41,54.41,52.1,53.83,900881
2025-11-04,53.8,55.45,51.78,52.25,746826
2025-11-05,51.62,55.4,51.0,54.27,897653
2025-11-06,54.0,55.81,53.86,55.14,765851
2025-11-07,55.74,57.92,54.98,56.99,1021421
2025-11-10,58.2,60.0,56.44,57.51,1210066
2025-11-11,57.0,57.74,54.88,55.32,852649
2025-11-12,54.3,55.54,52.68,54.1,649748
2025-11-13,53.99,59.51,53.62,59.5,1429315
2025-11-14,58.0,58.86,56.0,56.61,975048
2025-11-17,58.29,62.27,58.28,62.2,1564950
2025-11-18,62.0,63.67,59.18,59.94,1267301
2025-11-19,61.0,64.71,60.12,63.59,1341788
2025-11-20,63.36,66.65,61.85,62.31,1360877
2025-11-21,58.32,58.99,56.08,56.08,943926
2025-11-24,54.79,55.0,50.48,51.59,1211399
2025-11-25,52.45,54.45,51.12,53.7,903484
2025-11-26,54.5,55.9,53.39,54.16,795488
2025-11-27,53.54,55.15,53.34,53.75,542839
2025-11-28,53.82,55.78,53.58,55.03,630001
2025-12-01,55.45,56.21,54.19,54.62,532226
2025-12-02,53.81,53.86,52.51,52.61,504030
2025-12-03,53.05,53.2,50.9,51.2,495970
2025-12-04,51.04,52.0,50.81,51.39,401564
2025-12-05,50.91,51.39,50.2,51.05,376888
2025-12-08,51.2,53.45,51.19,53.1,639978
2025-12-09,52.74,53.1,51.59,52.25,407933
2025-12-10,52.95,53.61,51.5,52.89,446508
2025-12-11,53.89,54.43,52.83,53.1,518393
2025-12-12,54.3,54.46,51.13,51.64,585150
2025-12-15,51.23,51.72,49.15,50.41,591182
2025-12-16,50.49,50.88,49.08,50.13,417546
2025-12-17,51.99,53.36,51.23,53.14,828461
2025-12-18,52.96,53.95,52.05,52.1,565806
2025-12-19,52.15,53.49,51.01,52.9,679511
2025-12-22,53.21,54.9,53.2,53.92,694686
2025-12-23,54.18,56.32,53.68,55.78,782465
2025-12-24,56.29,57.2,55.16,56.26,733359
2025-12-25,54.81,56.18,53.81,55.53,730350
2025-12-26,57.5,58.88,57.0,57.93,944968
2025-12-29,58.1,58.13,55.11,55.3,745494
2025-12-30,54.0,57.0,53.81,56.38,568600
2025-12-31,56.3,57.54,55.01,55.38,453809
