date,open,high,low,close,volume
2015-01-05,2.46,2.58,2.42,2.54,171359
2015-01-06,2.54,2.75,2.46,2.75,254579
2015-01-07,2.75,2.83,2.63,2.69,163541
2015-01-08,2.7,2.72,2.61,2.64,102657
2015-01-09,2.63,2.66,2.53,2.55,120125
2015-01-12,2.54,2.54,2.4,2.41,115175
2015-01-13,2.4,2.46,2.39,2.44,74907
2015-01-14,2.44,2.45,2.39,2.41,68807
2015-01-15,2.41,2.45,2.39,2.45,84505
2015-01-16,2.43,2.48,2.37,2.38,168907
2015-01-19,2.33,2.36,2.06,2.23,317591
2015-01-20,2.21,2.34,2.18,2.33,190542
2015-01-21,2.31,2.43,2.29,2.43,152935
2015-01-22,2.45,2.53,2.41,2.49,227622
2015-01-23,2.47,2.5,2.38,2.41,190729
2015-01-26,2.41,2.5,2.36,2.48,205447
2015-01-27,2.51,2.78,2.48,2.69,499024
2015-01-28,2.7,2.71,2.58,2.64,194637
2015-01-29,2.6,2.69,2.56,2.65,178588
2015-01-30,2.66,2.68,2.54,2.55,145010
2015-02-02,2.51,2.59,2.45,2.55,128578
2015-02-03,2.57,2.62,2.55,2.58,119312
2015-02-04,2.58,2.59,2.45,2.45,132394
2015-02-05,2.52,2.53,2.31,2.34,163503
2015-02-06,2.34,2.47,2.29,2.3,133252
2015-02-09,2.3,2.37,2.25,2.31,59086
2015-02-10,2.31,2.33,2.24,2.33,93133
2015-02-11,2.34,2.36,2.29,2.35,71663
2015-02-12,2.35,2.58,2.32,2.53,191954
2015-02-13,2.54,2.61,2.5,2.54,145062
2015-02-16,2.53,2.63,2.53,2.58,126059
2015-02-17,2.56,2.63,2.55,2.57,103144
2015-02-25,2.58,2.73,2.58,2.63,253375
2015-02-26,2.64,2.69,2.58,2.65,179565
2015-02-27,2.65,2.69,2.62,2.65,197517
2015-03-02,2.67,2.73,2.62,2.73,320122
2015-03-03,2.73,3.18,2.67,3.06,874434
2015-03-04,3.01,3.14,2.95,3.09,441111
2015-03-05,3.06,3.25,3.03,3.15,316193
2015-03-06,3.17,3.25,3.0,3.0,237909
2015-03-09,2.95,3.07,2.85,3.03,189659
2015-03-10,3.02,3.23,2.99,3.11,263848
2015-03-11,3.08,3.25,3.08,3.19,201092
2015-03-12,3.19,3.21,3.02,3.13,185034
2015-03-13,3.13,3.33,3.07,3.32,359493
2015-03-16,3.32,3.72,3.32,3.55,494548
2015-03-17,3.55,3.69,3.42,3.58,399788
2015-03-18,3.59,3.67,3.52,3.62,312407
2015-03-19,3.62,3.79,3.5,3.75,399184
2015-03-20,3.74,3.8,3.64,3.69,339704
2015-03-23,3.71,3.75,3.6,3.68,422871
2015-03-24,3.68,3.7,3.43,3.59,417426
2015-03-25,3.59,4.13,3.55,4.03,686141
2015-03-26,3.9,3.99,3.73,3.8,552052
2015-03-27,3.78,3.86,3.73,3.8,463701
2015-03-30,3.79,3.85,3.69,3.79,537621
2015-03-31,3.77,3.93,3.75,3.8,502868
2015-04-01,3.79,3.8,3.74,3.8,393873
2015-04-02,3.79,4.0,3.79,3.85,466584
2015-04-03,3.85,4.19,3.81,4.03,592077
2015-04-07,4.04,4.2,3.95,4.13,424428
2015-04-08,4.12,4.18,3.89,3.95,410536
2015-04-09,3.95,3.98,3.52,3.74,569766
2015-04-10,3.69,3.79,3.65,3.78,473027
2015-04-13,3.77,4.07,3.74,3.97,743523
2015-04-14,3.97,4.19,3.91,3.95,723314
2015-04-15,3.95,4.02,3.68,3.7,436741
2015-04-16,3.61,3.84,3.54,3.75,373758
2015-04-17,3.71,3.85,3.71,3.77,505819
2015-04-20,3.77,3.79,3.59,3.6,538933
2015-04-21,3.6,3.84,3.6,3.84,471116
2015-04-22,3.88,4.41,3.88,4.41,840130
2015-04-23,4.79,5.04,4.68,5.04,328851
2015-04-24,5.61,5.61,5.06,5.25,1824140
2015-04-27,5.53,5.77,4.97,5.2,1177041
2015-04-28,5.02,5.15,4.59,4.65,971294
2015-04-29,4.54,4.96,4.53,4.89,623110
2015-04-30,4.9,5.42,4.9,5.18,829717
2015-05-04,5.2,5.31,4.95,5.12,527882
2015-05-05,5.12,5.15,4.64,4.75,451604
2015-05-06,4.75,4.86,4.41,4.51,437084
2015-05-07,4.51,4.51,4.06,4.12,425108
2015-05-08,4.2,4.34,4.14,4.34,346486
2015-05-11,4.44,4.85,4.34,4.79,437910
2015-05-12,4.8,4.85,4.58,4.7,551971
2015-05-13,4.71,5.09,4.61,4.87,683632
2015-05-14,4.83,5.01,4.68,4.75,535612
2015-05-15,4.77,5.01,4.72,4.9,741195
2015-05-18,4.94,5.57,4.94,5.57,1104139
2015-05-19,5.74,6.32,5.73,6.32,921808
2015-05-20,6.9,7.14,6.36,6.48,2467171
2015-05-21,6.38,6.77,6.04,6.59,1724591
2015-05-22,6.53,6.7,6.29,6.54,1222631
2015-05-25,6.55,7.19,6.55,6.82,1087052
2015-05-26,6.89,7.07,6.62,6.9,1056942
2015-05-27,6.91,7.75,6.56,7.55,1301360
2015-05-28,7.55,8.09,6.97,7.17,1302292
2015-05-29,7.15,7.56,6.4,7.43,1132523
2015-06-01,7.49,8.06,7.48,7.88,914032
2015-06-02,7.8,8.85,7.8,8.85,985429
2015-06-03,9.2,9.65,8.5,9.25,1194200
2015-06-04,9.25,9.39,8.16,8.99,932888
2015-06-05,9.06,9.39,8.61,9.15,921015
2015-06-08,9.09,9.38,8.62,8.64,920207
2015-06-09,8.65,9.09,8.34,8.91,719908
2015-06-10,8.77,9.86,8.64,9.56,1000159
2015-06-11,9.56,9.86,9.32,9.6,686268
2015-06-12,9.64,9.86,9.34,9.75,715526
2015-06-15,9.69,10.43,9.69,9.95,710744
2015-06-16,9.88,9.88,8.84,9.05,709344
2015-06-17,8.97,9.38,8.16,9.21,674639
2015-06-18,9.18,9.18,8.52,8.64,433390
2015-06-19,8.43,8.43,7.59,7.59,551651
2015-06-23,7.59,7.77,6.65,7.17,614599
2015-06-24,7.34,7.78,7.25,7.54,643093
2015-06-25,7.64,7.69,6.79,7.12,538874
2015-06-26,6.79,6.79,6.22,6.22,554535
2015-06-29,6.47,6.61,5.41,5.41,713145
2015-06-30,5.2,5.88,4.68,5.75,906125
2015-07-01,5.74,6.13,4.99,5.14,651628
2015-07-02,5.2,5.44,4.44,4.44,684411
2015-07-03,3.95,4.36,3.81,3.81,720416
2015-07-06,4.37,4.37,3.25,3.31,1124023
2015-07-07,3.15,3.15,2.79,2.79,411455
2015-07-08,2.33,3.25,2.33,3.21,2792606
2015-07-09,2.93,3.72,2.93,3.72,622651
2015-07-10,4.06,4.27,3.79,4.27,478461
2015-07-13,4.58,4.88,4.32,4.88,1054542
2015-07-14,4.84,5.22,4.53,4.7,1167482
2015-07-15,4.52,4.52,4.05,4.05,657210
2015-07-16,4.05,4.43,3.52,4.29,575186
2015-07-17,4.3,4.8,4.29,4.68,461133
2015-07-20,4.68,4.95,4.52,4.68,504765
2015-07-21,4.55,4.76,4.41,4.65,371950
2015-07-22,4.63,4.81,4.47,4.75,679075
2015-07-23,4.75,5.14,4.62,5.06,817477
2015-07-24,5.07,5.25,4.61,4.73,735823
2015-07-27,4.53,4.7,4.07,4.07,611043
2015-07-28,3.84,4.06,3.48,3.75,621502
2015-07-29,3.88,4.12,3.6,4.1,424761
2015-07-30,4.12,4.29,3.8,3.84,418060
2015-07-31,3.83,3.94,3.73,3.86,301305
2015-08-03,3.76,4.13,3.71,4.12,379807
2015-08-04,4.1,4.42,3.9,4.38,387335
2015-08-05,4.43,4.45,4.14,4.2,307743
2015-08-06,4.11,4.19,3.95,4.02,189661
2015-08-07,4.06,4.28,4.06,4.19,283987
2015-08-10,4.24,4.78,4.18,4.6,446398
2015-08-11,4.61,4.74,4.52,4.6,535152
2015-08-12,4.52,4.73,4.47,4.6,406900
2015-08-13,4.57,5.12,4.53,4.97,700830
2015-08-14,4.97,5.65,4.89,5.65,1226425
2015-08-17,5.86,6.23,5.58,5.75,1512726
2015-08-18,5.75,5.75,4.99,4.99,988471
2015-08-19,4.51,5.21,4.33,5.16,712789
2015-08-20,4.96,5.14,4.69,4.69,499451
2015-08-21,4.55,4.75,4.09,4.21,429794
2015-08-24,3.78,3.96,3.6,3.6,312283
2015-08-25,3.05,3.18,3.05,3.05,316916
2015-08-26,3.05,3.22,2.56,2.56,653455
2015-08-27,2.66,2.79,2.32,2.74,405894
2015-08-28,2.88,3.13,2.72,3.08,479582
2015-08-31,3.08,3.08,2.76,2.76,306044
2015-09-01,2.78,2.78,2.35,2.42,281012
2015-09-02,2.2,2.56,2.11,2.15,310318
2015-09-07,2.29,2.47,2.23,2.31,264091
2015-09-08,2.25,2.67,2.25,2.6,226463
2015-09-09,2.67,2.85,2.67,2.83,345974
2015-09-10,2.65,2.8,2.65,2.69,215011
2015-09-11,2.7,2.81,2.62,2.72,201763
2015-09-14,2.77,2.84,2.26,2.26,284357
2015-09-15,2.14,2.24,1.85,1.89,264228
2015-09-16,1.95,2.26,1.91,2.26,265069
2015-09-17,2.26,2.61,2.15,2.22,359648
2015-09-18,2.26,2.32,2.15,2.25,197994
2015-09-21,2.24,2.46,2.18,2.42,237268
2015-09-22,2.44,2.54,2.37,2.46,249693
2015-09-23,2.38,2.46,2.31,2.33,193555
2015-09-24,2.35,2.45,2.33,2.4,167026
2015-09-25,2.36,2.68,2.35,2.42,350383
2015-09-28,2.35,2.45,2.29,2.44,197955
2015-09-29,2.35,2.39,2.25,2.29,126622
2015-09-30,2.35,2.39,2.28,2.32,90719
2015-10-08,2.45,2.55,2.45,2.5,194880
2015-10-09,2.5,2.57,2.45,2.55,209413
2015-10-12,2.59,2.85,2.55,2.79,357820
2015-10-13,2.74,2.85,2.71,2.84,289595
2015-10-14,2.8,2.87,2.74,2.74,280627
2015-10-15,2.72,2.99,2.7,2.95,399465
2015-10-16,2.94,3.05,2.85,3.01,450987
2015-10-19,2.99,3.08,2.87,2.95,354420
2015-10-20,2.93,3.13,2.88,3.05,357829
2015-10-21,3.06,3.23,2.66,2.69,564329
2015-10-22,2.72,2.92,2.69,2.87,336781
2015-10-23,2.91,3.12,2.85,3.04,427230
2015-10-26,3.08,3.1,2.95,3.06,412602
2015-10-27,3.01,3.04,2.73,3.03,379461
2015-10-28,3.08,3.24,2.99,3.12,671113
2015-10-29,3.24,3.3,3.08,3.15,455330
2015-10-30,3.15,3.15,2.97,3.03,319057
2015-11-02,2.97,3.12,2.91,2.95,279230
2015-11-03,2.98,3.04,2.9,2.93,216963
2015-11-04,3.01,3.41,2.99,3.41,364829
2015-11-05,3.94,3.94,3.45,3.5,1174471
2015-11-06,3.57,4.04,3.53,4.04,1472348
2015-11-09,4.05,4.2,3.77,3.93,1776286
2015-11-10,3.79,3.89,3.76,3.87,716557
2015-11-11,3.81,3.99,3.77,3.86,555799
2015-11-12,3.88,3.91,3.66,3.73,680607
2015-11-13,3.66,3.84,3.59,3.7,508114
2015-11-16,3.62,3.82,3.59,3.79,376817
2015-11-17,3.81,3.89,3.64,3.68,851017
2015-11-18,3.68,3.73,3.61,3.63,336788
2015-11-19,3.64,3.71,3.59,3.69,339431
2015-11-20,3.7,3.83,3.66,3.75,754565
2015-11-23,3.77,4.19,3.75,4.11,1632663
2015-11-24,4.07,4.18,3.9,4.12,674671
2015-11-25,4.15,4.53,4.15,4.52,992100
2015-11-26,4.61,4.73,4.37,4.43,941925
2015-11-27,4.43,4.62,3.86,4.08,778301
2015-11-30,4.06,4.24,3.62,4.15,508181
2015-12-01,4.06,4.22,3.88,3.97,385991
2015-12-02,3.97,4.05,3.71,3.97,313489
2015-12-03,4.03,4.45,3.95,4.33,583220
2015-12-04,4.25,4.45,4.15,4.25,659950
2015-12-07,4.27,4.42,4.15,4.36,490443
2015-12-08,4.32,4.52,4.25,4.43,814317
2015-12-09,4.42,4.43,4.23,4.26,390852
2015-12-10,4.28,4.46,4.14,4.18,426153
2015-12-11,4.15,4.18,3.99,4.06,272551
2015-12-14,4.02,4.21,4.0,4.2,278032
2015-12-15,4.18,4.36,4.15,4.23,270783
2015-12-16,4.25,4.4,4.18,4.23,295117
2015-12-17,4.24,4.45,4.24,4.38,585855
2015-12-18,4.35,4.41,4.11,4.13,713050
2015-12-21,4.1,4.21,4.02,4.15,394958
2015-12-22,4.15,4.15,4.03,4.14,305310
2015-12-23,4.13,4.14,3.97,3.97,329079
2015-12-24,3.96,4.0,3.84,3.91,236561
2015-12-25,3.94,4.04,3.94,3.99,207235
2015-12-28,4.05,4.15,3.95,3.95,379138
2015-12-29,3.89,4.1,3.87,4.1,287183
2015-12-30,4.13,4.29,4.08,4.18,404172
2015-12-31,4.25,4.25,4.02,4.03,256525
2016-01-04,3.96,4.02,3.44,3.45,268177
2016-01-05,3.4,3.56,2.95,3.25,417181
2016-01-06,3.26,3.46,3.2,3.46,294410
2016-01-07,3.35,3.35,2.94,2.95,75580
2016-01-08,3.08,3.21,2.7,3.02,307473
2016-01-11,2.95,2.95,2.54,2.55,294166
2016-01-12,2.56,2.65,2.5,2.59,179904
2016-01-13,2.62,2.66,2.33,2.35,196170
2016-01-14,2.22,2.55,2.15,2.52,220328
2016-01-15,2.49,2.56,2.23,2.26,221486
2016-01-18,2.21,2.41,2.15,2.32,164605
2016-01-19,2.33,2.51,2.32,2.51,214303
2016-01-20,2.53,2.56,2.41,2.47,211322
2016-01-21,2.4,2.52,2.25,2.27,180632
2016-01-22,2.34,2.37,2.22,2.35,172322
2016-01-25,2.38,2.42,2.31,2.35,149569
2016-01-26,2.28,2.33,1.94,1.95,218674
2016-01-27,2.01,2.02,1.61,1.94,241417
2016-01-28,1.87,1.94,1.64,1.7,210358
2016-01-29,1.74,1.85,1.65,1.81,274593
2016-02-01,1.81,1.84,1.65,1.71,238161
2016-02-02,1.73,1.84,1.71,1.83,243967
2016-02-03,1.79,1.89,1.74,1.87,222243
2016-02-04,1.88,1.97,1.87,1.96,228322
2016-02-05,1.97,2.0,1.91,1.91,162973
2016-02-15,1.78,1.9,1.75,1.85,148738
2016-02-16,1.89,2.05,1.86,2.05,219163
2016-02-17,2.02,2.13,2.0,2.11,218709
2016-02-18,2.13,2.36,2.11,2.17,284893
2016-02-19,2.15,2.22,2.1,2.16,159020
2016-02-22,2.2,2.25,2.18,2.24,263607
2016-02-23,2.26,2.28,2.1,2.17,243285
2016-02-24,2.15,2.21,2.09,2.2,219678
2016-02-25,2.19,2.22,1.8,1.81,435550
2016-02-26,1.85,1.9,1.76,1.85,192258
2016-02-29,1.83,1.85,1.6,1.69,219658
2016-03-01,1.71,1.8,1.64,1.8,201601
2016-03-02,1.78,2.0,1.75,1.97,291652
2016-03-03,1.95,2.04,1.95,1.99,270767
2016-03-04,1.97,2.0,1.8,1.85,269238
2016-03-07,1.86,1.96,1.86,1.93,181207
2016-03-08,1.92,1.95,1.75,1.94,220062
2016-03-09,1.85,1.9,1.83,1.85,134169
2016-03-10,1.85,1.88,1.79,1.81,134835
2016-03-11,1.79,1.82,1.75,1.79,105788
2016-03-14,1.82,1.94,1.82,1.94,567861
2016-03-15,1.9,1.91,1.82,1.85,279492
2016-03-16,1.86,1.89,1.8,1.85,228614
2016-03-17,1.85,1.95,1.83,1.93,339922
2016-03-18,1.94,2.31,1.9,2.31,1048616
2016-03-21,2.43,2.55,2.32,2.45,1004385
2016-03-22,2.34,2.43,2.26,2.36,490598
2016-03-23,2.32,2.78,2.3,2.76,960033
2016-03-24,2.62,2.88,2.47,2.48,860142
2016-03-25,2.79,2.91,2.43,2.56,613161
2016-03-28,2.62,2.65,2.37,2.43,586772
2016-03-29,2.41,2.44,2.22,2.31,439345
2016-03-30,2.35,2.46,2.33,2.46,412781
2016-03-31,2.48,2.53,2.42,2.45,389493
2016-04-01,2.44,2.48,2.34,2.42,300197
2016-04-05,2.42,2.55,2.38,2.55,406938
2016-04-06,2.55,2.67,2.48,2.59,495454
2016-04-07,2.6,2.64,2.45,2.45,350707
2016-04-08,2.42,2.54,2.36,2.49,309729
2016-04-11,2.56,2.61,2.52,2.57,349252
2016-04-12,2.54,2.56,2.46,2.51,239822
2016-04-13,2.53,2.63,2.52,2.55,506170
2016-04-14,2.58,2.6,2.54,2.59,262211
2016-04-15,2.57,2.66,2.54,2.64,339495
2016-04-18,2.62,2.62,2.46,2.53,253426
2016-04-19,2.54,2.56,2.45,2.53,200251
2016-04-20,2.54,2.56,2.16,2.29,382830
2016-04-21,2.26,2.34,2.22,2.24,202175
2016-04-22,2.22,2.27,2.18,2.26,131004
2016-04-25,2.25,2.25,2.16,2.22,125196
2016-04-26,2.22,2.32,2.2,2.32,145660
2016-04-27,2.3,2.36,2.25,2.27,140489
2016-04-28,2.27,2.3,2.15,2.23,193774
2016-04-29,2.2,2.26,2.17,2.21,102999
2016-05-03,2.24,2.35,2.19,2.34,168339
2016-05-04,2.32,2.41,2.3,2.36,221985
2016-05-05,2.36,2.78,2.35,2.78,916655
2016-05-06,2.87,3.08,2.64,2.68,1477511
2016-05-09,2.57,2.71,2.46,2.65,565125
2016-05-10,2.6,2.93,2.48,2.67,586937
2016-05-11,2.72,2.79,2.59,2.66,405921
2016-05-12,2.52,2.67,2.34,2.66,366324
2016-05-13,2.63,2.75,2.59,2.73,312652
2016-05-16,2.73,3.18,2.73,3.18,1348369
2016-05-17,3.17,3.41,3.11,3.25,1287411
2016-05-18,3.16,3.24,2.98,3.14,580559
2016-05-19,3.1,3.22,3.07,3.15,437890
2016-05-20,3.07,3.19,2.97,3.15,372809
2016-05-23,3.56,3.65,3.56,3.65,223635
2016-05-24,3.91,3.92,3.33,3.36,913499
2016-05-25,3.39,3.55,3.34,3.36,567408
2016-05-26,3.26,3.53,3.09,3.44,583407
2016-05-27,3.41,3.68,3.3,3.58,590859
2016-05-30,3.5,3.59,3.35,3.44,315065
2016-05-31,3.41,3.75,3.41,3.64,514539
2016-06-01,3.61,3.88,3.58,3.66,649988
2016-06-02,3.52,3.61,3.35,3.51,857654
2016-06-03,3.5,3.5,3.31,3.32,663092
2016-06-06,3.34,3.37,3.21,3.24,460401
2016-06-07,3.25,3.41,3.15,3.4,604306
2016-06-08,3.38,3.38,3.17,3.25,444983
2016-06-13,3.15,3.22,2.94,2.95,333776
2016-06-14,2.93,3.05,2.9,2.95,238448
2016-06-15,2.91,3.2,2.88,3.15,348546
2016-06-16,3.15,3.29,3.12,3.15,377967
2016-06-17,3.14,3.23,3.0,3.06,305461
2016-06-20,3.07,3.27,3.0,3.25,466228
2016-06-21,3.28,3.29,3.06,3.11,322699
2016-06-22,3.08,3.14,3.03,3.11,250804
2016-06-23,3.1,3.12,3.0,3.01,248564
2016-06-24,3.03,3.05,2.61,2.84,467659
2016-06-27,2.75,2.96,2.73,2.94,343942
2016-06-28,2.89,3.04,2.89,2.95,317471
2016-06-29,2.97,3.01,2.89,2.9,255418
2016-06-30,2.88,3.02,2.85,2.95,377198
2016-07-01,2.97,3.05,2.92,2.94,354058
2016-07-04,2.89,3.08,2.88,3.04,434632
2016-07-05,3.05,3.17,3.03,3.15,413212
2016-07-06,3.14,3.47,3.05,3.35,614586
2016-07-07,3.34,3.52,3.29,3.42,690360
2016-07-08,3.38,3.6,3.34,3.4,455282
2016-07-11,3.41,3.51,3.34,3.37,387963
2016-07-12,3.38,3.4,3.06,3.29,458958
2016-07-13,3.25,3.37,3.23,3.27,282202
2016-07-14,3.27,3.57,3.2,3.52,571981
2016-07-15,3.47,3.6,3.41,3.44,357778
2016-07-18,3.44,3.49,3.29,3.45,329888
2016-07-19,3.49,3.59,3.39,3.47,342011
2016-07-20,3.42,3.51,3.39,3.43,256337
2016-07-21,3.44,3.46,3.32,3.35,314437
2016-07-22,3.34,3.36,3.23,3.25,274564
2016-07-25,3.25,3.35,3.23,3.29,200815
2016-07-26,3.29,3.41,3.25,3.39,204593
2016-07-27,3.43,3.44,3.02,3.05,393275
2016-07-28,3.05,3.1,2.97,3.05,203323
2016-07-29,3.05,3.09,2.94,2.99,138024
2016-08-01,3.01,3.14,2.9,3.03,277286
2016-08-02,3.0,3.14,2.99,3.11,169036
2016-08-03,3.1,3.15,3.07,3.11,127318
2016-08-04,3.11,3.15,3.06,3.12,131372
2016-08-05,3.13,3.13,3.05,3.06,117445
2016-08-08,3.03,3.09,2.89,3.08,173910
2016-08-09,3.07,3.15,3.05,3.09,204339
2016-08-10,3.07,3.11,3.03,3.05,148344
2016-08-11,3.05,3.07,2.92,2.92,208354
2016-08-12,2.92,2.98,2.89,2.98,195019
2016-08-15,2.99,3.07,2.91,3.05,363710
2016-08-16,3.05,3.09,2.96,3.06,268060
2016-08-17,3.05,3.06,2.98,3.01,216329
2016-08-18,3.04,3.05,2.99,3.03,186263
2016-08-19,3.03,3.08,2.99,3.01,237824
2016-08-22,3.01,3.23,3.01,3.12,517209
2016-08-23,3.12,3.18,3.07,3.1,262687
2016-08-24,3.1,3.13,3.06,3.11,172193
2016-08-25,3.11,3.13,2.97,3.05,269761
2016-08-26,3.05,3.12,3.02,3.02,253061
2016-08-29,3.03,3.05,3.0,3.03,185936
2016-08-30,3.03,3.08,3.02,3.05,143903
2016-08-31,3.05,3.05,2.95,2.99,223660
2016-09-01,2.99,3.03,2.96,2.97,139357
2016-09-02,2.96,3.0,2.87,2.95,206771
2016-09-05,2.95,3.05,2.94,3.0,203312
2016-09-06,3.01,3.2,2.96,3.19,621758
2016-09-07,3.24,3.29,3.13,3.14,443633
2016-09-08,3.11,3.17,3.08,3.14,236138
2016-09-09,3.13,3.18,3.08,3.09,199487
2016-09-12,3.01,3.05,2.88,2.92,296716
2016-09-13,2.95,2.97,2.88,2.92,172794
2016-09-14,2.87,2.9,2.85,2.87,142937
2016-09-19,2.87,2.94,2.87,2.94,129173
2016-09-20,2.93,2.95,2.89,2.9,109435
2016-09-21,2.9,2.96,2.88,2.94,117401
2016-09-22,2.96,3.08,2.95,3.03,257215
2016-09-23,3.08,3.08,2.97,2.98,140458
2016-09-26,2.98,2.98,2.86,2.86,118639
2016-09-27,2.87,2.92,2.85,2.91,98136
2016-09-28,2.93,2.95,2.88,2.9,80431
2016-09-29,2.91,2.95,2.88,2.89,93111
2016-09-30,2.89,2.92,2.88,2.91,66485
2016-10-10,2.92,2.99,2.9,2.99,243353
2016-10-11,2.97,3.04,2.95,3.0,218231
2016-10-12,2.98,2.99,2.94,2.97,130318
2016-10-13,2.97,2.98,2.92,2.92,187181
2016-10-14,2.92,2.95,2.85,2.87,231379
2016-10-17,2.87,2.91,2.79,2.81,229471
2016-10-18,2.8,2.89,2.79,2.88,159834
2016-10-19,2.88,2.92,2.86,2.89,151791
2016-10-20,2.92,3.02,2.9,2.96,390594
2016-10-21,2.94,2.96,2.87,2.93,203051
2016-10-24,2.91,2.95,2.88,2.95,180828
2016-10-25,2.95,2.97,2.92,2.94,191597
2016-10-26,2.95,2.95,2.88,2.9,157597
2016-10-27,2.9,2.93,2.88,2.93,144818
2016-10-28,2.92,2.94,2.87,2.87,146636
2016-10-31,2.87,2.88,2.84,2.86,95168
2016-11-01,2.87,2.89,2.85,2.89,152769
2016-11-02,2.87,2.87,2.82,2.82,164239
2016-11-03,2.82,2.87,2.8,2.85,163378
2016-11-04,2.85,2.86,2.82,2.84,109450
2016-11-07,2.85,2.87,2.84,2.85,104437
2016-11-08,2.86,2.95,2.84,2.91,236684
2016-11-09,2.9,2.9,2.81,2.85,184195
2016-11-10,2.87,2.93,2.87,2.87,205238
2016-11-11,2.88,2.92,2.86,2.91,256364
2016-11-14,2.91,2.97,2.9,2.96,320902
2016-11-15,2.96,2.96,2.92,2.95,176475
2016-11-16,2.95,3.02,2.94,2.95,222104
2016-11-17,2.95,2.96,2.91,2.94,160911
2016-11-18,2.94,2.95,2.89,2.9,168608
2016-11-21,2.89,2.93,2.87,2.92,207045
2016-11-22,2.91,2.94,2.89,2.94,185275
2016-11-23,2.93,2.96,2.91,2.93,166673
2016-11-24,2.92,2.94,2.87,2.89,162455
2016-11-25,2.88,2.9,2.82,2.9,169590
2016-11-28,2.94,2.96,2.92,2.95,301011
2016-11-29,2.93,2.94,2.87,2.88,224034
2016-11-30,2.86,2.9,2.85,2.86,150659
2016-12-01,2.86,2.88,2.85,2.88,144017
2016-12-02,2.88,2.88,2.76,2.77,264784
2016-12-05,2.75,2.82,2.75,2.75,153309
2016-12-06,2.75,2.78,2.75,2.76,73833
2016-12-07,2.77,2.8,2.75,2.79,104605
2016-12-08,2.79,2.81,2.76,2.77,72904
2016-12-09,2.76,2.78,2.75,2.76,76898
2016-12-12,2.76,2.77,2.5,2.5,236709
2016-12-13,2.49,2.49,2.4,2.46,135419
2016-12-14,2.48,2.48,2.39,2.42,99787
2016-12-15,2.39,2.69,2.35,2.53,270568
2016-12-16,2.55,2.55,2.49,2.52,116676
2016-12-19,2.51,2.52,2.47,2.49,80271
2016-12-20,2.5,2.55,2.48,2.53,116752
2016-12-21,2.56,2.68,2.56,2.61,185335
2016-12-22,2.61,2.61,2.55,2.57,82786
2016-12-23,2.57,2.63,2.54,2.55,86066
2016-12-26,2.53,2.55,2.45,2.55,95708
2016-12-27,2.54,2.55,2.51,2.54,66227
2016-12-28,2.53,2.54,2.47,2.48,69368
2016-12-29,2.48,2.53,2.46,2.49,61230
2016-12-30,2.5,2.52,2.48,2.5,54419
2017-01-03,2.5,2.57,2.49,2.55,96433
2017-01-04,2.56,2.59,2.55,2.59,100171
2017-01-05,2.58,2.61,2.56,2.6,91801
2017-01-06,2.58,2.62,2.56,2.57,76669
2017-01-09,2.57,2.6,2.55,2.58,106446
2017-01-10,2.58,2.63,2.56,2.6,101526
2017-01-11,2.59,2.6,2.53,2.54,89105
2017-01-12,2.55,2.57,2.53,2.53,81481
2017-01-13,2.52,2.63,2.49,2.62,367719
2017-01-16,2.56,2.59,2.24,2.37,305045
2017-01-17,2.32,2.4,2.3,2.37,100501
2017-01-18,2.35,2.37,2.33,2.34,105977
2017-01-19,2.34,2.34,2.29,2.31,71521
2017-01-20,2.3,2.4,2.28,2.39,93647
2017-01-23,2.37,2.48,2.35,2.45,176094
2017-01-24,2.5,2.55,2.45,2.45,200436
2017-01-25,2.43,2.49,2.43,2.46,71457
2017-01-26,2.47,2.5,2.46,2.49,63796
2017-02-03,2.5,2.52,2.46,2.48,55606
2017-02-06,2.47,2.52,2.47,2.51,116151
2017-02-07,2.54,2.65,2.52,2.55,258712
2017-02-08,2.54,2.59,2.54,2.57,142690
2017-02-09,2.57,2.58,2.55,2.57,169200
2017-02-10,2.57,2.58,2.55,2.56,119303
2017-02-13,2.56,2.59,2.55,2.57,98871
2017-02-14,2.56,2.58,2.55,2.56,83237
2017-02-15,2.55,2.58,2.54,2.55,115198
2017-02-16,2.54,2.6,2.53,2.58,119211
2017-02-17,2.57,2.59,2.53,2.53,105745
2017-02-20,2.54,2.61,2.54,2.61,167659
2017-02-21,2.61,2.64,2.59,2.61,122237
2017-02-22,2.6,2.65,2.6,2.64,144589
2017-02-23,2.64,2.64,2.58,2.62,107591
2017-02-24,2.62,2.62,2.57,2.61,71723
2017-02-27,2.6,2.64,2.58,2.59,100779
2017-02-28,2.61,2.63,2.59,2.63,105914
2017-03-01,2.62,2.64,2.59,2.6,117211
2017-03-02,2.6,2.62,2.56,2.57,94238
2017-03-03,2.57,2.57,2.53,2.55,100093
2017-03-06,2.55,2.63,2.55,2.62,159947
2017-03-07,2.63,2.69,2.61,2.67,228150
2017-03-08,2.67,2.72,2.62,2.64,137973
2017-03-09,2.62,2.65,2.57,2.59,118696
2017-03-10,2.57,2.6,2.5,2.55,166052
2017-03-13,2.53,2.59,2.5,2.58,146172
2017-03-14,2.57,2.61,2.55,2.56,99882
2017-03-15,2.55,2.57,2.53,2.55,76714
2017-03-16,2.55,2.59,2.55,2.58,117006
2017-03-17,2.57,2.6,2.55,2.56,146069
2017-03-20,2.57,2.59,2.55,2.57,84058
2017-03-21,2.57,2.58,2.55,2.57,86608
2017-03-22,2.55,2.55,2.48,2.49,116549
2017-03-23,2.49,2.52,2.45,2.48,96648
2017-03-24,2.47,2.53,2.45,2.51,98571
2017-03-27,2.52,2.57,2.52,2.56,112292
2017-03-28,2.56,2.58,2.53,2.55,93487
2017-03-29,2.61,2.76,2.61,2.62,407753
2017-03-30,2.57,2.62,2.47,2.62,285040
2017-03-31,2.61,2.74,2.58,2.7,362268
2017-04-05,2.69,2.96,2.65,2.93,858819
2017-04-06,2.88,2.99,2.86,2.93,429272
2017-04-07,2.9,2.93,2.85,2.92,270698
2017-04-10,2.9,2.9,2.82,2.83,269416
2017-04-11,2.82,2.91,2.8,2.91,267411
2017-04-12,2.91,2.91,2.85,2.88,149189
2017-04-13,2.87,2.88,2.81,2.83,170580
2017-04-14,2.84,2.87,2.71,2.73,201589
2017-04-17,2.72,2.8,2.7,2.74,197098
2017-04-18,2.76,2.8,2.71,2.71,130888
2017-04-19,2.68,2.7,2.54,2.6,208520
2017-04-20,2.6,2.62,2.48,2.54,193507
2017-04-21,2.54,2.57,2.48,2.52,179533
2017-04-24,2.55,2.56,2.45,2.5,154760
2017-04-25,2.46,2.55,2.45,2.45,161295
2017-04-26,2.47,2.48,2.34,2.35,280463
2017-04-27,2.36,2.4,2.31,2.4,198030
2017-04-28,2.38,2.45,2.35,2.44,192241
2017-05-02,2.45,2.46,2.38,2.39,155161
2017-05-03,2.39,2.44,2.35,2.37,163156
2017-05-04,2.36,2.44,2.34,2.39,132045
2017-05-05,2.35,2.37,2.3,2.31,172758
2017-05-08,2.33,2.34,2.27,2.28,109267
2017-05-09,2.31,2.31,2.25,2.29,147099
2017-05-10,2.29,2.31,2.13,2.16,257119
2017-05-11,2.15,2.15,2.0,2.08,215193
2017-05-12,2.07,2.17,2.05,2.14,154752
2017-05-15,2.13,2.19,2.12,2.14,89526
2017-05-16,2.14,2.22,2.08,2.21,143308
2017-05-17,2.2,2.25,2.17,2.21,153050
2017-05-18,2.17,2.24,2.15,2.18,97195
2017-05-19,2.19,2.25,2.18,2.24,107441
2017-05-22,2.25,2.25,2.11,2.15,150827
2017-05-23,2.13,2.18,2.07,2.08,119483
2017-05-24,2.05,2.12,2.03,2.1,97693
2017-05-25,2.11,2.15,2.07,2.15,92343
2017-05-26,2.15,2.16,2.11,2.12,104550
2017-05-31,2.15,2.16,2.11,2.11,77777
2017-06-01,2.11,2.13,2.04,2.05,95266
2017-06-02,2.02,2.15,1.97,2.1,142938
2017-06-05,2.1,2.13,2.07,2.1,85461
2017-06-06,2.08,2.15,2.08,2.14,104572
2017-06-07,2.12,2.23,2.12,2.22,157095
2017-06-08,2.22,2.22,2.17,2.19,84109
2017-06-09,2.18,2.22,2.15,2.21,81633
2017-06-12,2.17,2.29,2.17,2.24,155496
2017-06-13,2.23,2.3,2.22,2.29,131103
2017-06-14,2.27,2.3,2.23,2.25,78487
2017-06-15,2.25,2.32,2.23,2.3,103414
2017-06-16,2.3,2.3,2.25,2.25,76589
2017-06-19,2.25,2.3,2.25,2.29,65786
2017-06-20,2.29,2.36,2.29,2.32,155460
2017-06-21,2.35,2.38,2.28,2.37,203742
2017-06-22,2.36,2.45,2.35,2.35,225901
2017-06-23,2.37,2.37,2.25,2.35,132850
2017-06-26,2.35,2.39,2.32,2.39,104602
2017-06-27,2.37,2.44,2.36,2.37,85473
2017-06-28,2.36,2.36,2.32,2.32,65834
2017-06-29,2.32,2.35,2.31,2.32,83396
2017-06-30,2.32,2.34,2.29,2.34,64267
2017-07-03,2.34,2.37,2.31,2.36,90318
2017-07-04,2.36,2.36,2.29,2.34,85322
2017-07-05,2.32,2.36,2.31,2.36,82409
2017-07-06,2.35,2.38,2.33,2.35,88110
2017-07-07,2.35,2.36,2.32,2.35,62610
2017-07-10,2.34,2.42,2.33,2.39,129432
2017-07-11,2.38,2.39,2.33,2.33,97338
2017-07-12,2.33,2.34,2.21,2.26,115330
2017-07-13,2.25,2.29,2.24,2.27,79317
2017-07-14,2.27,2.29,2.24,2.28,67204
2017-07-17,2.28,2.28,2.09,2.1,144447
2017-07-18,2.09,2.14,2.05,2.13,127766
2017-07-19,2.11,2.17,2.09,2.16,109244
2017-07-20,2.16,2.18,2.14,2.17,99503
2017-07-21,2.17,2.19,2.15,2.16,76543
2017-07-24,2.16,2.22,2.14,2.2,101437
2017-07-25,2.19,2.23,2.17,2.2,90581
2017-07-26,2.2,2.21,2.15,2.16,73162
2017-07-27,2.16,2.35,2.15,2.28,227307
2017-07-28,2.27,2.28,2.22,2.24,127877
2017-07-31,2.24,2.28,2.23,2.26,114949
2017-08-01,2.26,2.34,2.26,2.31,160571
2017-08-02,2.31,2.31,2.24,2.25,104302
2017-08-03,2.25,2.33,2.22,2.29,111842
2017-08-04,2.29,2.31,2.25,2.25,86537
2017-08-07,2.26,2.3,2.23,2.29,103227
2017-08-08,2.29,2.3,2.25,2.28,104118
2017-08-09,2.27,2.28,2.25,2.27,79370
2017-08-10,2.26,2.28,2.2,2.21,115217
2017-08-11,2.19,2.23,2.16,2.17,84302
2017-08-14,2.16,2.24,2.16,2.24,143180
2017-08-15,2.25,2.25,2.2,2.23,74479
2017-08-16,2.23,2.3,2.21,2.28,167616
2017-08-17,2.28,2.32,2.25,2.3,169337
2017-08-18,2.29,2.34,2.28,2.32,117401
2017-08-21,2.31,2.36,2.3,2.35,143343
2017-08-22,2.4,2.4,2.31,2.37,219064
2017-08-23,2.36,2.37,2.31,2.31,125028
2017-08-24,2.3,2.33,2.29,2.31,106256
2017-08-25,2.31,2.35,2.31,2.35,103357
2017-08-28,2.35,2.42,2.34,2.39,144893
2017-08-29,2.39,2.45,2.36,2.37,152924
2017-08-30,2.36,2.41,2.36,2.36,106750
2017-08-31,2.37,2.4,2.35,2.4,102480
2017-09-01,2.39,2.43,2.36,2.41,143304
2017-09-04,2.4,2.44,2.39,2.44,126623
2017-09-05,2.44,2.5,2.43,2.49,162330
2017-09-06,2.47,2.51,2.45,2.5,109669
2017-09-07,2.49,2.52,2.47,2.49,129029
2017-09-08,2.47,2.54,2.47,2.53,126061
2017-09-11,2.53,2.56,2.49,2.55,165710
2017-09-12,2.55,2.56,2.5,2.53,140842
2017-09-13,2.52,2.53,2.49,2.52,116195
2017-09-14,2.52,2.52,2.45,2.49,183597
2017-09-15,2.49,2.51,2.45,2.5,128883
2017-09-18,2.48,2.54,2.48,2.49,126099
2017-09-19,2.5,2.58,2.49,2.57,188304
2017-09-20,2.56,2.69,2.55,2.64,266588
2017-09-21,2.62,2.68,2.56,2.57,183083
2017-09-22,2.55,2.56,2.49,2.52,145885
2017-09-25,2.51,2.54,2.37,2.41,142280
2017-09-26,2.38,2.5,2.38,2.49,136630
2017-09-27,2.47,2.68,2.45,2.65,301655
2017-09-28,2.66,2.67,2.6,2.65,144343
2017-09-29,2.65,2.7,2.63,2.69,158792
2017-10-09,2.73,2.87,2.71,2.77,357300
2017-10-10,2.77,3.05,2.76,2.95,659803
2017-10-11,2.95,3.04,2.84,2.94,470606
2017-10-12,2.93,3.04,2.87,2.97,305026
2017-10-13,2.95,3.03,2.88,2.92,338972
2017-10-16,2.93,3.01,2.8,2.85,445004
2017-10-17,2.85,2.88,2.73,2.84,307927
2017-10-18,2.85,2.87,2.75,2.76,156157
2017-10-19,2.75,2.75,2.64,2.7,215104
2017-10-20,2.73,2.75,2.67,2.68,175405
2017-10-23,2.71,2.82,2.68,2.75,201124
2017-10-24,2.74,2.78,2.7,2.73,140980
2017-10-25,2.74,2.96,2.72,2.92,398039
2017-10-26,2.92,2.97,2.87,2.96,234530
2017-10-27,3.07,3.28,3.02,3.04,745883
2017-10-30,3.05,3.23,2.99,3.14,737822
2017-10-31,3.1,3.27,3.06,3.23,534233
2017-11-01,3.21,3.29,3.11,3.12,420470
2017-11-02,3.1,3.13,2.98,3.05,316259
2017-11-03,3.04,3.19,3.02,3.11,357375
2017-11-06,3.13,3.33,3.08,3.33,572519
2017-11-07,3.34,3.4,3.24,3.32,391073
2017-11-08,3.29,3.35,3.22,3.24,327124
2017-11-09,3.23,3.45,3.18,3.43,513227
2017-11-10,3.4,3.55,3.35,3.5,572194
2017-11-13,3.47,3.73,3.43,3.59,591017
2017-11-14,3.55,3.62,3.41,3.46,404797
2017-11-15,3.44,3.55,3.35,3.46,365533
2017-11-16,3.39,3.53,3.39,3.49,228646
2017-11-17,3.49,3.52,3.16,3.19,404860
2017-11-20,3.12,3.36,3.1,3.35,277804
2017-11-21,3.36,3.6,3.36,3.56,476854
2017-11-22,3.55,3.61,3.38,3.46,365128
2017-11-23,3.5,3.5,3.14,3.16,371398
2017-11-24,3.18,3.32,3.14,3.18,262046
2017-11-27,3.14,3.15,2.88,2.93,290523
2017-11-28,2.97,3.07,2.94,3.06,199043
2017-11-29,3.07,3.07,2.95,3.0,209327
2017-11-30,3.01,3.16,2.97,3.02,254101
2017-12-01,3.03,3.19,3.01,3.13,225466
2017-12-04,3.15,3.36,3.13,3.23,309242
2017-12-05,3.21,3.26,3.02,3.07,274664
2017-12-06,2.97,3.27,2.96,3.26,330753
2017-12-07,3.25,3.25,3.12,3.12,271430
2017-12-08,3.06,3.34,3.06,3.25,379885
2017-12-11,3.27,3.45,3.22,3.41,416254
2017-12-12,3.41,3.45,3.35,3.35,264322
2017-12-13,3.35,3.48,3.32,3.46,291639
2017-12-14,3.44,3.48,3.35,3.38,359724
2017-12-15,3.34,3.36,3.18,3.24,336372
2017-12-18,3.23,3.26,3.14,3.25,202682
2017-12-19,3.25,3.31,3.17,3.24,167758
2017-12-20,3.21,3.41,3.13,3.38,476743
2017-12-21,3.37,3.52,3.32,3.47,493913
2017-12-22,3.46,3.53,3.42,3.45,308069
2017-12-25,3.48,3.51,3.38,3.46,326658
2017-12-26,3.43,3.44,3.16,3.25,515593
2017-12-27,3.27,3.27,2.98,3.04,539512
2017-12-28,2.99,3.09,2.95,3.0,254888
2017-12-29,3.0,3.09,2.99,3.05,204009
2018-01-02,3.02,3.07,3.01,3.04,193063
2018-01-03,3.04,3.05,2.94,3.05,329591
2018-01-04,3.03,3.12,2.99,3.06,290231
2018-01-05,3.07,3.12,3.0,3.0,267533
2018-01-08,3.02,3.02,2.81,2.87,364598
2018-01-09,2.85,2.93,2.84,2.88,229267
2018-01-10,2.86,2.92,2.8,2.9,248682
2018-01-11,2.88,2.91,2.82,2.87,154268
2018-01-12,2.88,2.9,2.82,2.82,133840
2018-01-15,2.8,2.81,2.65,2.65,282214
2018-01-16,2.63,2.7,2.47,2.52,324428
2018-01-17,2.51,2.58,2.36,2.52,264007
2018-01-18,2.52,2.58,2.49,2.52,156970
2018-01-19,2.52,2.56,2.43,2.5,239100
2018-01-22,2.48,2.63,2.45,2.62,227443
2018-01-23,2.58,2.64,2.55,2.59,123046
2018-01-24,2.61,2.61,2.52,2.59,181389
2018-01-25,2.58,2.64,2.55,2.56,172197
2018-01-26,2.53,2.58,2.52,2.54,139855
2018-01-29,2.54,2.55,2.4,2.43,198076
2018-01-30,2.42,2.45,2.41,2.44,76180
2018-01-31,2.44,2.44,2.19,2.21,259023
2018-02-01,2.21,2.25,2.03,2.08,446645
2018-02-02,2.05,2.15,2.0,2.12,133690
2018-02-05,2.05,2.12,2.03,2.07,110040
2018-02-06,2.01,2.05,1.9,1.91,209089
2018-02-07,1.98,2.01,1.76,1.94,270320
2018-02-08,1.93,2.04,1.89,2.0,141203
2018-02-09,1.89,2.11,1.87,2.02,256760
2018-02-12,2.03,2.27,2.02,2.25,271798
2018-02-13,2.25,2.25,2.1,2.17,192364
2018-02-14,2.15,2.19,2.07,2.09,102279
2018-02-22,2.13,2.22,2.11,2.18,126947
2018-02-23,2.16,2.23,2.13,2.18,125813
2018-02-26,2.19,2.39,2.17,2.36,269941
2018-02-27,2.35,2.43,2.34,2.36,182469
2018-02-28,2.34,2.46,2.29,2.39,161405
2018-03-01,2.37,2.49,2.35,2.46,134786
2018-03-02,2.43,2.55,2.43,2.45,213054
2018-03-05,2.43,2.48,2.37,2.44,145131
2018-03-06,2.45,2.54,2.45,2.52,165518
2018-03-07,2.55,2.55,2.44,2.45,137807
2018-03-08,2.44,2.46,2.41,2.45,89439
2018-03-09,2.47,2.66,2.47,2.61,261314
2018-03-12,2.61,2.76,2.61,2.62,229674
2018-03-13,2.63,2.66,2.58,2.63,126781
2018-03-14,2.58,2.64,2.45,2.48,182842
2018-03-15,2.47,2.49,2.36,2.43,196957
2018-03-16,2.43,2.48,2.38,2.4,110105
2018-03-19,2.4,2.48,2.34,2.38,178345
2018-03-20,2.35,2.44,2.35,2.44,108028
2018-03-21,2.46,2.48,2.37,2.39,124716
2018-03-22,2.35,2.38,2.13,2.15,368388
2018-03-23,1.99,2.05,1.88,1.91,299917
2018-03-26,1.88,1.99,1.82,1.98,184169
2018-03-27,2.05,2.12,2.02,2.07,191813
2018-03-28,2.02,2.08,2.0,2.04,108198
2018-03-29,2.05,2.1,2.05,2.08,96580
2018-03-30,2.1,2.18,2.09,2.16,136914
2018-04-02,2.18,2.26,2.14,2.22,169626
2018-04-03,2.15,2.16,2.09,2.14,141836
2018-04-04,2.14,2.16,2.05,2.05,105083
2018-04-09,2.04,2.06,1.94,1.97,147669
2018-04-10,1.99,2.01,1.9,1.98,196354
2018-04-11,1.99,2.05,1.97,2.01,135675
2018-04-12,2.01,2.05,1.96,2.03,131802
2018-04-13,2.04,2.05,2.0,2.02,84726
2018-04-16,2.0,2.05,1.93,1.95,124402
2018-04-17,1.98,2.01,1.95,1.98,134674
2018-04-18,2.04,2.36,1.98,2.2,391667
2018-04-19,2.2,2.2,2.07,2.11,297303
2018-04-20,2.07,2.16,2.05,2.13,215124
2018-04-23,2.1,2.15,2.04,2.09,196295
2018-04-24,2.12,2.25,2.07,2.23,288436
2018-04-25,2.18,2.27,2.18,2.25,207218
2018-04-26,2.26,2.34,2.21,2.23,228078
2018-04-27,2.23,2.28,2.15,2.17,180687
2018-05-02,2.2,2.21,2.05,2.19,190035
2018-05-03,2.15,2.26,2.08,2.25,190524
2018-05-04,2.23,2.25,2.16,2.16,131389
2018-05-07,2.16,2.24,2.15,2.24,142062
2018-05-08,2.25,2.34,2.22,2.34,201863
2018-05-09,2.31,2.35,2.27,2.29,120008
2018-05-10,2.3,2.31,2.21,2.25,117852
2018-05-11,2.26,2.28,2.21,2.22,90517
2018-05-14,2.24,2.28,2.22,2.25,120566
2018-05-15,2.26,2.32,2.18,2.31,129683
2018-05-16,2.34,2.36,2.29,2.32,183874
2018-05-17,2.34,2.35,2.27,2.31,96542
2018-05-18,2.31,2.31,2.24,2.29,86042
2018-05-21,2.31,2.39,2.3,2.35,125385
2018-05-22,2.35,2.38,2.29,2.32,102228
2018-05-23,2.31,2.34,2.25,2.29,104668
2018-05-24,2.27,2.29,2.2,2.22,129225
2018-05-25,2.21,2.23,2.15,2.18,62986
2018-05-28,2.18,2.21,2.14,2.15,73623
2018-05-29,2.14,2.17,2.1,2.12,88753
2018-05-30,2.06,2.1,1.95,1.95,118269
2018-05-31,1.97,2.05,1.97,2.0,85937
2018-06-01,1.99,2.03,1.94,1.96,81225
2018-06-04,1.99,2.03,1.95,2.0,84100
2018-06-05,1.99,2.06,1.98,2.06,63717
2018-06-06,2.05,2.06,2.02,2.05,45337
2018-06-07,2.05,2.07,2.0,2.03,54125
2018-06-08,2.01,2.05,1.96,2.0,73858
2018-06-11,1.97,2.08,1.95,2.07,164952
2018-06-12,2.05,2.08,2.02,2.06,102065
2018-06-13,2.04,2.09,2.01,2.02,82116
2018-06-14,2.0,2.03,1.95,2.03,98313
2018-06-15,2.01,2.04,1.96,1.98,78610
2018-06-19,1.95,1.95,1.62,1.65,195083
2018-06-20,1.63,1.77,1.63,1.74,82552
2018-06-21,1.73,1.77,1.58,1.6,117318
2018-06-22,1.59,1.67,1.55,1.65,64382
2018-06-25,1.69,1.7,1.59,1.61,79357
2018-06-26,1.57,1.61,1.3,1.56,88376
2018-06-27,1.58,1.6,1.52,1.55,81458
2018-06-28,1.55,1.58,1.52,1.52,72972
2018-06-29,1.53,1.65,1.53,1.65,86710
2018-07-02,1.65,1.75,1.61,1.64,78993
2018-07-03,1.64,1.73,1.64,1.72,81755
2018-07-04,1.74,1.75,1.67,1.7,79764
2018-07-05,1.7,1.76,1.67,1.67,81706
2018-07-06,1.68,1.76,1.62,1.72,103118
2018-07-09,1.72,1.8,1.71,1.79,75477
2018-07-10,1.97,2.08,1.95,2.04,334844
2018-07-11,1.96,2.01,1.87,1.94,159637
2018-07-12,1.93,2.05,1.88,2.03,160542
2018-07-13,2.05,2.07,1.97,2.05,130139
2018-07-16,2.08,2.25,2.06,2.19,201441
2018-07-17,2.15,2.34,2.15,2.25,268115
2018-07-18,2.35,2.57,2.25,2.25,347347
2018-07-19,2.32,2.41,2.26,2.35,242095
2018-07-20,2.32,2.37,2.2,2.3,278761
2018-07-23,2.3,2.4,2.3,2.35,181851
2018-07-24,2.32,2.35,2.27,2.3,189928
2018-07-25,2.29,2.43,2.28,2.42,233089
2018-07-26,2.44,2.49,2.32,2.34,266324
2018-07-27,2.33,2.54,2.3,2.49,331955
2018-07-30,2.49,2.54,2.39,2.41,222759
2018-07-31,2.36,2.41,2.24,2.34,228041
2018-08-01,2.34,2.52,2.34,2.42,338675
2018-08-02,2.42,2.45,2.12,2.39,340492
2018-08-03,2.35,2.38,2.18,2.21,257916
2018-08-06,2.16,2.35,2.14,2.21,215582
2018-08-07,2.22,2.31,2.21,2.31,125606
2018-08-08,2.34,2.39,2.29,2.31,141302
2018-08-09,2.29,2.59,2.27,2.57,330689
2018-08-10,2.59,2.66,2.53,2.62,240239
2018-08-13,2.67,2.84,2.63,2.75,423932
2018-08-14,2.79,2.81,2.68,2.7,268997
2018-08-15,2.75,2.8,2.64,2.68,248194
2018-08-16,2.65,2.82,2.62,2.68,259899
2018-08-17,2.7,2.93,2.7,2.75,371541
2018-08-20,2.67,3.01,2.66,3.0,456257
2018-08-21,2.99,3.08,2.93,2.99,280343
2018-08-22,3.01,3.01,2.77,2.86,279620
2018-08-23,2.86,3.13,2.82,3.09,480141
2018-08-24,3.35,3.57,3.34,3.57,628004
2018-08-27,3.83,4.11,3.64,4.11,1190194
2018-08-28,4.26,4.26,3.99,4.05,1224875
2018-08-29,4.12,4.13,3.95,4.01,658648
2018-08-30,4.06,4.24,4.02,4.13,809954
2018-08-31,4.04,4.23,3.79,3.99,639601
2018-09-03,4.08,4.56,3.84,4.56,1049073
2018-09-04,4.52,4.74,4.22,4.31,1268271
2018-09-05,4.23,4.37,4.2,4.23,672011
2018-09-06,4.17,4.33,4.05,4.19,511437
2018-09-07,4.23,4.37,3.93,4.0,783042
2018-09-10,3.96,4.13,3.85,3.93,622435
2018-09-11,4.0,4.29,3.94,4.09,657394
2018-09-12,4.11,4.25,3.99,4.1,496902
2018-09-13,4.19,4.28,3.88,4.2,642366
2018-09-14,4.18,4.24,3.86,3.87,527371
2018-09-17,3.84,3.95,3.79,3.8,310231
2018-09-18,3.77,4.2,3.77,4.15,599532
2018-09-19,4.12,4.73,4.06,4.44,710376
2018-09-20,4.44,4.49,4.33,4.38,376987
2018-09-21,4.41,4.47,4.26,4.44,338892
2018-09-25,4.33,4.56,4.29,4.47,287511
2018-09-26,4.55,4.7,4.35,4.45,392349
2018-09-27,4.47,4.47,4.24,4.25,416422
2018-09-28,4.25,4.31,3.87,4.11,725305
2018-10-08,3.88,4.06,3.81,3.87,405923
2018-10-09,3.93,3.98,3.62,3.77,461703
2018-10-10,3.76,3.87,3.56,3.75,395613
2018-10-11,3.52,3.75,3.33,3.43,495083
2018-10-12,3.47,3.9,3.39,3.82,577261
2018-10-15,3.82,4.11,3.78,3.91,527133
2018-10-16,3.9,4.05,3.71,3.83,327186
2018-10-17,3.93,4.28,3.88,4.15,682875
2018-10-18,4.07,4.27,3.91,4.01,452100
2018-10-19,3.78,4.42,3.55,4.36,696902
2018-10-22,4.75,4.97,4.7,4.97,472867
2018-10-23,5.47,5.52,4.9,4.97,1208467
2018-10-24,4.91,5.15,4.74,4.86,634550
2018-10-25,4.71,5.34,4.56,5.23,707156
2018-10-26,5.16,5.32,4.91,5.05,514936
2018-10-29,5.05,5.14,4.81,5.05,332886
2018-10-30,5.02,5.1,4.58,4.83,561071
2018-10-31,4.75,4.95,4.63,4.89,443892
2018-11-01,4.88,5.28,4.88,4.94,564353
2018-11-02,5.13,5.28,5.01,5.22,578761
2018-11-05,5.21,5.5,4.83,5.26,647668
2018-11-06,5.15,5.88,5.1,5.61,851822
2018-11-07,5.52,5.76,5.44,5.5,605952
2018-11-08,5.56,5.6,5.22,5.28,438507
2018-11-09,5.21,5.56,5.18,5.41,414821
2018-11-12,5.43,5.56,5.26,5.51,408760
2018-11-13,5.38,5.73,5.35,5.39,593055
2018-11-14,5.25,5.36,5.18,5.25,394718
2018-11-15,5.25,5.45,5.09,5.38,533510
2018-11-16,5.31,5.65,5.25,5.61,590704
2018-11-19,5.54,5.61,5.26,5.37,482916
2018-11-20,5.21,5.31,4.87,4.91,502773
2018-11-21,4.81,5.08,4.75,5.01,344327
2018-11-22,5.0,5.04,4.72,4.72,438550
2018-11-23,4.72,4.83,4.62,4.79,365359
2018-11-26,4.77,4.91,4.67,4.85,324556
2018-11-27,4.88,5.26,4.8,5.23,626413
2018-11-28,5.23,5.23,4.95,5.11,388126
2018-11-29,5.14,5.3,4.73,4.78,498363
2018-11-30,4.72,4.95,4.7,4.91,352697
2018-12-03,5.3,5.45,5.12,5.39,697092
2018-12-04,5.34,5.44,5.21,5.31,419240
2018-12-05,5.16,5.43,5.13,5.21,431388
2018-12-06,4.88,4.88,4.51,4.51,1168717
2018-12-07,4.56,4.75,4.56,4.65,551475
2018-12-10,4.56,4.87,4.53,4.75,504350
2018-12-11,4.87,5.01,4.75,4.86,355957
2018-12-12,5.0,5.02,4.84,4.85,281862
2018-12-13,4.89,5.02,4.85,4.91,356366
2018-12-14,4.87,4.88,4.52,4.61,541124
2018-12-17,4.52,4.64,4.35,4.47,337332
2018-12-18,4.41,4.51,4.15,4.27,516174
2018-12-19,4.32,4.41,4.27,4.28,321224
2018-12-20,4.27,4.36,4.19,4.35,295405
2018-12-21,4.31,4.41,4.25,4.35,322660
2018-12-24,4.33,4.84,4.3,4.79,715873
2018-12-25,4.68,5.0,4.57,4.85,687207
2018-12-26,4.82,4.92,4.7,4.83,426020
2018-12-27,4.92,4.92,4.67,4.71,390964
2018-12-28,4.71,4.84,4.57,4.76,362078
2019-01-02,4.79,4.88,4.73,4.78,323214
2019-01-03,4.71,4.82,4.43,4.43,490152
2019-01-04,4.34,5.05,4.32,5.0,745678
2019-01-07,4.98,5.5,4.98,5.31,870437
2019-01-08,5.35,5.59,5.23,5.37,680165
2019-01-09,5.37,5.55,5.23,5.31,626008
2019-01-10,5.31,5.45,5.13,5.25,551623
2019-01-11,5.31,5.55,5.22,5.29,559124
2019-01-14,5.24,5.41,5.11,5.37,464031
2019-01-15,5.3,5.42,5.15,5.36,497602
2019-01-16,5.35,5.96,5.27,5.74,1032229
2019-01-17,5.66,5.85,5.55,5.61,563291
2019-01-18,5.52,5.69,5.42,5.64,541388
2019-01-21,5.61,5.87,5.56,5.79,624301
2019-01-22,5.72,5.75,5.52,5.58,454957
2019-01-23,5.48,5.62,5.41,5.48,317329
2019-01-24,5.47,5.75,5.38,5.65,426576
2019-01-25,5.63,5.81,5.54,5.55,387250
2019-01-28,5.58,6.02,5.51,5.84,634301
2019-01-29,5.8,5.95,5.62,5.75,509593
2019-01-30,5.76,5.76,5.52,5.53,354740
2019-01-31,5.53,5.8,5.52,5.63,371670
2019-02-01,5.6,6.05,5.6,6.04,522042
2019-02-11,6.1,6.5,6.05,6.47,627712
2019-02-12,6.44,6.53,6.29,6.42,532578
2019-02-13,6.43,6.69,6.35,6.45,651899
2019-02-14,6.43,6.65,6.26,6.54,483289
2019-02-15,6.48,6.63,6.33,6.36,457357
2019-02-18,6.41,7.17,6.4,7.17,866079
2019-02-19,7.38,7.65,7.25,7.43,989581
2019-02-20,7.34,7.93,7.31,7.85,770600
2019-02-21,7.84,8.41,7.44,7.57,1148463
2019-02-22,7.64,8.13,7.54,7.95,994833
2019-02-25,8.3,8.93,7.99,8.93,1277812
2019-02-26,8.94,8.97,8.33,8.34,1265233
2019-02-27,8.28,8.65,7.86,8.06,928065
2019-02-28,7.95,8.2,7.8,8.12,594751
2019-03-01,8.2,8.27,7.82,8.15,570446
2019-03-04,8.22,8.77,8.07,8.27,1132564
2019-03-05,8.14,8.58,8.02,8.56,817766
2019-03-06,8.53,8.66,8.25,8.43,837839
2019-03-07,8.28,8.29,7.81,8.01,1045075
2019-03-08,7.67,8.64,7.54,8.09,1144706
2019-03-11,8.18,9.05,8.04,9.05,1289812
2019-03-12,9.06,9.25,8.58,8.89,1088668
2019-03-13,8.7,8.77,8.22,8.32,772836
2019-03-14,8.25,8.84,8.02,8.51,852927
2019-03-15,8.61,8.68,8.25,8.34,507538
2019-03-18,8.34,8.41,7.88,8.36,688175
2019-03-19,8.33,8.65,8.2,8.42,562221
2019-03-20,8.35,8.49,8.05,8.35,393326
2019-03-21,8.39,8.58,8.26,8.29,532646
2019-03-22,8.27,8.33,7.97,8.14,508196
2019-03-25,7.87,8.22,7.8,8.14,369904
2019-03-26,8.3,8.5,7.85,7.87,631189
2019-03-27,8.02,8.77,7.9,8.59,1014300
2019-03-28,8.45,8.93,8.29,8.35,820847
2019-03-29,8.43,8.75,8.11,8.73,848391
2019-04-01,9.02,9.77,8.79,9.77,1284991
2019-04-02,9.8,10.05,9.43,9.5,1015769
2019-04-03,9.38,9.77,9.23,9.72,655215
2019-04-04,9.68,9.95,9.5,9.64,559101
2019-04-08,9.67,9.84,9.06,9.23,694651
2019-04-09,9.2,9.65,9.07,9.36,489379
2019-04-10,9.25,9.49,9.06,9.29,465600
2019-04-11,9.2,9.29,8.79,8.85,476816
2019-04-12,8.82,9.02,8.75,8.85,301858
2019-04-15,9.12,9.4,8.87,8.93,551835
2019-04-16,8.84,9.85,8.75,9.78,933295
2019-04-17,9.82,9.91,9.5,9.55,675184
2019-04-18,9.48,9.9,9.38,9.57,574641
2019-04-19,9.58,9.7,9.27,9.63,459748
2019-04-22,9.65,10.37,9.55,9.92,803543
2019-04-23,9.79,9.87,9.42,9.49,578334
2019-04-24,9.57,9.75,9.31,9.65,470738
2019-04-25,9.6,9.61,8.98,9.06,518460
2019-04-26,8.98,9.32,8.9,9.02,397386
2019-04-29,9.0,9.21,8.75,8.87,418444
2019-04-30,8.77,9.04,8.35,8.6,509473
2019-05-06,7.97,8.16,7.56,7.56,511314
2019-05-07,7.45,7.59,7.06,7.4,617932
2019-05-08,7.04,7.56,6.94,7.26,468225
2019-05-09,7.16,7.42,7.08,7.24,284509
2019-05-10,7.44,8.12,7.25,7.95,754886
2019-05-13,7.79,7.94,7.49,7.63,454707
2019-05-14,7.52,7.84,7.52,7.7,409436
2019-05-15,7.8,8.11,7.8,8.03,458415
2019-05-16,7.97,7.97,7.55,7.69,698758
2019-05-17,7.62,7.85,7.25,7.33,586163
2019-05-20,7.32,7.38,6.43,6.49,1214658
2019-05-21,6.52,6.86,6.35,6.68,876837
2019-05-22,6.77,7.05,6.7,6.8,709066
2019-05-23,6.67,6.87,6.43,6.61,568315
2019-05-24,6.63,6.84,6.56,6.65,391500
2019-05-27,6.67,7.02,6.61,6.97,563542
2019-05-28,6.93,7.02,6.8,6.84,474426
2019-05-29,6.78,6.95,6.75,6.85,398086
2019-05-30,6.76,6.77,6.47,6.61,480187
2019-05-31,6.62,6.87,6.61,6.7,403570
2019-06-03,6.75,7.54,6.75,7.38,1244968
2019-06-04,7.57,8.05,7.32,7.76,1357446
2019-06-05,8.05,8.11,7.62,7.88,942455
2019-06-06,7.81,7.85,7.25,7.32,784855
2019-06-10,7.33,8.01,7.33,7.89,863936
2019-06-11,7.88,8.1,7.61,8.02,954128
2019-06-12,7.88,8.19,7.84,7.88,777939
2019-06-13,7.88,8.14,7.65,7.85,512236
2019-06-14,7.84,7.91,7.53,7.56,405958
2019-06-17,7.56,7.65,7.45,7.6,287334
2019-06-18,7.58,7.67,7.37,7.54,296693
2019-06-19,8.05,8.15,7.81,7.82,833581
2019-06-20,7.82,8.16,7.76,8.01,555577
2019-06-21,8.11,8.56,8.11,8.46,735959
2019-06-24,8.43,8.43,8.16,8.23,492951
2019-06-25,8.2,8.22,7.95,8.15,385438
2019-06-26,8.02,8.74,8.02,8.56,708484
2019-06-27,9.59,9.59,9.59,9.59,133185
2019-06-28,10.72,10.72,10.6,10.72,1187783
2019-07-01,11.51,11.95,11.22,11.95,3028934
2019-07-02,11.64,11.65,10.75,10.87,2323882
2019-07-03,11.09,11.38,10.84,11.15,1540548
2019-07-04,10.87,11.04,10.36,10.71,1365426
2019-07-05,10.72,10.92,10.48,10.79,923583
2019-07-08,10.84,11.02,10.47,11.02,1045577
2019-07-09,10.94,11.22,10.67,10.95,912966
2019-07-10,11.06,11.15,10.56,10.58,768224
2019-07-11,10.61,11.65,10.44,11.29,1260478
2019-07-12,11.15,11.33,10.85,10.95,667471
2019-07-15,10.89,11.64,10.7,11.32,864964
2019-07-16,11.24,12.43,11.21,12.21,1236651
2019-07-17,12.06,12.4,11.84,11.99,913450
2019-07-18,11.87,11.94,11.43,11.44,750481
2019-07-19,11.51,11.73,11.35,11.42,500916
2019-07-22,11.45,11.59,10.95,11.31,510853
2019-07-23,11.4,11.88,11.26,11.85,673374
2019-07-24,11.86,12.4,11.75,12.13,884741
2019-07-25,12.14,13.42,11.99,12.92,1227812
2019-07-26,12.75,13.1,12.67,12.87,675125
2019-07-29,12.95,13.74,12.95,13.5,877492
2019-07-30,13.4,13.55,12.89,13.03,902113
2019-07-31,13.06,13.34,12.92,13.23,656906
2019-08-01,13.06,13.18,12.89,13.15,454982
2019-08-02,12.67,13.1,12.25,12.94,694026
2019-08-05,12.87,13.64,12.78,13.04,799938
2019-08-06,12.53,14.34,12.53,14.01,1257957
2019-08-07,14.02,14.41,13.73,14.01,858458
2019-08-08,13.86,15.49,13.82,15.25,1048337
2019-08-09,15.2,16.23,14.31,15.15,1278339
2019-08-12,15.1,16.74,14.88,16.61,1102961
2019-08-13,16.25,16.6,15.61,16.09,1198236
2019-08-14,16.43,16.7,15.06,15.19,1533448
2019-08-15,14.38,15.75,13.87,15.33,1329884
2019-08-16,14.89,15.37,14.87,14.94,886042
2019-08-19,15.15,16.15,14.88,15.61,1345057
2019-08-20,15.52,16.51,15.52,15.95,1240300
2019-08-21,15.79,16.68,15.54,16.45,1171355
2019-08-22,16.45,16.69,15.8,15.98,918584
2019-08-23,15.83,16.41,15.29,15.96,918316
2019-08-26,15.48,16.26,15.48,15.86,692746
2019-08-27,16.02,16.68,15.86,16.33,1031752
2019-08-28,16.28,16.48,15.98,16.04,610465
2019-08-29,16.93,17.81,16.57,17.81,1397201
2019-08-30,18.84,19.31,17.95,17.96,1646969
2019-09-02,18.13,19.93,18.13,19.65,1417513
2019-09-03,19.77,21.79,19.75,21.79,1492165
2019-09-04,22.17,22.51,21.23,22.35,1391027
2019-09-05,21.97,24.32,21.85,23.15,1421219
2019-09-06,23.3,23.97,22.06,22.77,1298612
2019-09-09,23.03,23.48,22.15,23.38,1224999
2019-09-10,23.36,23.36,21.67,21.87,1507087
2019-09-11,22.06,23.34,21.57,22.99,1640955
2019-09-12,22.72,22.93,21.56,22.06,1176488
2019-09-16,21.97,22.42,21.07,22.08,910126
2019-09-17,21.76,22.84,21.65,22.61,1205494
2019-09-18,22.61,23.11,21.7,22.45,986580
2019-09-19,22.21,23.06,22.15,22.85,932357
2019-09-20,23.11,25.13,22.79,24.45,1638879
2019-09-23,23.86,25.11,23.58,24.84,1287628
2019-09-24,24.65,25.25,24.09,24.22,1036518
2019-09-25,23.81,24.11,21.96,22.86,1077773
2019-09-26,22.7,23.04,21.08,21.15,1097703
2019-09-27,21.2,21.92,21.2,21.48,726367
2019-09-30,21.61,21.74,20.05,20.61,778369
2019-10-08,21.03,21.45,20.05,20.25,767384
2019-10-09,20.15,20.66,19.76,20.57,704699
2019-10-10,20.49,21.43,20.35,21.38,901040
2019-10-11,22.06,22.4,21.41,21.8,1000077
2019-10-14,22.06,23.11,21.75,23.0,969597
2019-10-15,22.53,22.86,21.89,21.91,756356
2019-10-16,21.7,22.25,21.35,21.55,515822
2019-10-17,21.74,21.79,20.92,21.44,541099
2019-10-18,21.56,21.62,20.52,20.61,548032
2019-10-21,20.57,20.61,19.61,20.03,619037
2019-10-22,20.29,20.75,20.09,20.64,554965
2019-10-23,20.65,21.14,20.25,20.56,596536
2019-10-24,20.52,20.67,19.98,20.22,415757
2019-10-25,20.25,20.77,19.87,20.76,582578
2019-10-28,20.7,21.78,20.59,21.76,851899
2019-10-29,21.7,21.7,19.7,20.17,1114628
2019-10-30,19.71,19.85,18.99,19.16,863287
2019-10-31,19.09,19.38,17.93,18.05,1063229
2019-11-01,17.9,18.34,17.84,18.2,617894
2019-11-04,18.28,18.81,18.28,18.54,689831
2019-11-05,18.54,18.74,18.07,18.63,677379
2019-11-06,18.7,19.04,18.09,18.34,637021
2019-11-07,18.14,18.62,17.89,18.62,502735
2019-11-08,18.79,18.9,18.25,18.26,637858
2019-11-11,17.86,17.99,17.45,17.48,587989
2019-11-12,17.47,19.35,17.11,18.82,1184423
2019-11-13,18.55,19.15,18.45,18.85,866257
2019-11-14,18.88,19.86,18.59,19.47,989929
2019-11-15,19.17,19.77,19.08,19.09,756482
2019-11-18,19.01,19.18,18.45,18.75,528457
2019-11-19,18.8,19.44,18.48,19.25,642949
2019-11-20,19.25,19.65,18.95,18.95,606544
2019-11-21,18.61,18.91,18.44,18.7,376609
2019-11-22,18.75,19.15,17.99,18.23,614842
2019-11-25,18.18,18.18,17.14,17.2,619308
2019-11-26,17.2,17.57,17.05,17.57,462165
2019-11-27,17.27,17.86,17.15,17.53,451051
2019-11-28,17.53,17.83,17.3,17.74,466987
2019-11-29,17.65,19.24,17.65,18.78,1095892
2019-12-02,18.78,19.29,18.63,18.92,718757
2019-12-03,18.84,19.38,18.54,19.37,714276
2019-12-04,19.1,19.29,18.9,19.0,544303
2019-12-05,18.97,19.7,18.86,19.25,864757
2019-12-06,19.26,19.43,18.84,19.41,645250
2019-12-09,19.44,19.6,19.25,19.35,526355
2019-12-10,19.27,19.68,18.99,19.68,701680
2019-12-11,19.64,20.6,19.55,20.01,1010758
2019-12-12,20.07,20.15,19.65,19.81,594178
2019-12-13,20.04,20.11,19.43,19.91,657541
2019-12-16,19.93,20.47,19.63,20.47,822729
2019-12-17,21.08,21.59,20.6,20.64,1270880
2019-12-18,20.55,20.84,20.15,20.19,858370
2019-12-19,20.08,20.09,19.52,19.63,626883
2019-12-20,19.63,19.85,19.36,19.39,432417
2019-12-23,19.15,19.15,18.15,18.18,735392
2019-12-24,18.35,18.64,18.18,18.53,377302
2019-12-25,18.51,19.05,18.34,18.7,454655
2019-12-26,18.61,18.83,18.53,18.74,309792
2019-12-27,18.74,18.89,18.35,18.37,396455
2019-12-30,18.34,18.58,17.78,18.52,395152
2019-12-31,18.46,18.73,18.34,18.53,375085
2020-01-02,18.78,20.15,18.57,19.95,1007176
2020-01-03,19.89,20.01,19.45,19.63,681897
2020-01-06,19.34,20.02,19.25,19.75,666427
2020-01-07,19.87,19.95,19.53,19.72,388505
2020-01-08,19.52,19.53,18.88,18.89,595742
2020-01-09,19.12,19.5,19.04,19.42,478484
2020-01-10,19.6,19.86,19.42,19.65,541432
2020-01-13,19.82,20.95,19.68,20.85,1225620
2020-01-14,20.9,20.97,20.3,20.33,736881
2020-01-15,20.25,20.94,20.1,20.72,708607
2020-01-16,20.73,20.78,20.37,20.44,473824
2020-01-17,20.46,20.64,20.0,20.09,434511
2020-01-20,20.01,20.83,19.97,20.64,618160
2020-01-21,20.56,20.94,20.17,20.23,555113
2020-01-22,19.95,21.23,19.7,20.95,951080
2020-01-23,20.61,21.39,19.7,20.13,887135
2020-02-03,17.95,17.95,17.95,17.95,71297
2020-02-04,15.98,17.83,15.98,17.23,1049232
2020-02-05,17.23,17.77,16.94,17.03,930282
2020-02-06,17.04,17.72,16.58,17.29,836576
2020-02-07,17.39,18.6,17.39,18.47,1055451
2020-02-10,18.59,18.59,17.95,18.25,708802
2020-02-11,18.34,19.02,18.12,18.55,804088
2020-02-12,18.34,18.66,18.08,18.63,736231
2020-02-13,18.45,19.1,18.34,18.69,765796
2020-02-14,18.61,19.56,18.54,19.23,879242
2020-02-17,19.51,21.01,19.23,20.8,1236328
2020-02-18,20.84,21.17,20.32,20.84,1028075
2020-02-19,20.63,21.32,20.4,20.41,1028751
2020-02-20,20.38,20.78,19.85,20.66,920186
2020-02-21,20.78,22.05,20.7,21.47,1210309
2020-02-24,21.61,23.79,21.61,23.79,1081429
2020-02-25,24.97,26.34,23.8,26.34,2528610
2020-02-26,26.35,26.95,24.09,24.52,1995057
2020-02-27,24.45,25.04,23.38,23.61,1450995
2020-02-28,22.43,23.28,21.41,22.06,1338945
2020-03-02,22.98,24.44,22.61,24.36,1456103
2020-03-03,25.15,26.01,23.68,24.15,1657645
2020-03-04,23.61,24.06,22.52,23.32,905039
2020-03-05,24.32,24.58,22.88,23.51,909065
2020-03-06,22.7,23.67,22.57,23.11,488826
2020-03-09,22.5,23.97,22.43,22.75,771462
2020-03-10,22.48,25.19,22.25,25.19,1362414
2020-03-11,25.35,26.48,24.15,24.22,1362169
2020-03-12,23.4,24.24,23.23,23.93,690640
2020-03-13,22.67,24.97,22.47,24.34,941397
2020-03-16,24.69,24.85,21.74,21.94,1080885
2020-03-17,22.42,22.77,19.88,21.33,810729
2020-03-18,21.7,22.16,20.41,20.53,649062
2020-03-19,20.5,22.29,20.45,21.98,983515
2020-03-20,22.47,22.47,21.43,21.88,675867
2020-03-23,21.06,22.2,20.97,21.25,537746
2020-03-24,21.85,22.1,20.55,21.65,573028
2020-03-25,22.34,22.85,22.05,22.34,672966
2020-03-26,22.06,22.37,21.61,21.67,433889
2020-03-27,22.08,22.15,21.06,21.15,410336
2020-03-30,20.44,20.6,19.55,19.92,528945
2020-03-31,20.35,20.45,19.76,19.86,336052
2020-04-01,19.87,20.34,19.43,19.68,415872
2020-04-02,19.45,20.46,19.34,20.46,482442
2020-04-03,20.34,20.34,19.65,19.77,391957
2020-04-07,20.34,21.6,20.11,21.53,790692
2020-04-08,21.34,21.85,21.05,21.53,508817
2020-04-09,21.69,22.33,21.56,21.63,401368
2020-04-10,21.63,21.75,20.75,20.98,336426
2020-04-13,20.59,20.99,20.15,20.69,285391
2020-04-14,20.98,21.35,20.79,21.3,302733
2020-04-15,21.45,21.65,20.9,20.95,351624
2020-04-16,20.65,21.04,20.35,20.91,258975
2020-04-17,21.16,22.05,21.16,21.77,658461
2020-04-20,21.84,22.2,21.54,22.11,423802
2020-04-21,21.86,22.85,21.66,22.8,580784
2020-04-22,22.7,23.14,22.15,22.56,484660
2020-04-23,22.71,22.75,21.83,22.05,417151
2020-04-24,22.03,22.23,21.47,21.57,266693
2020-04-27,21.65,22.02,21.32,21.66,224185
2020-04-28,21.61,22.21,21.11,22.05,389612
2020-04-29,21.84,22.32,21.7,21.75,267325
2020-04-30,22.02,23.11,22.01,22.75,613952
2020-05-06,22.54,23.72,22.45,23.6,564045
2020-05-07,24.15,24.59,23.23,23.23,567177
2020-05-08,23.42,23.79,23.22,23.25,389721
2020-05-11,23.47,23.5,22.65,22.95,438819
2020-05-12,22.84,23.34,22.62,23.34,378125
2020-05-13,23.11,23.27,22.78,23.15,268981
2020-05-14,22.97,23.32,22.8,23.02,290210
2020-05-15,23.11,23.2,22.44,22.72,508007
2020-05-18,22.47,22.47,21.02,21.25,850777
2020-05-19,21.36,21.6,21.23,21.48,441878
2020-05-20,21.35,21.35,20.79,20.91,536366
2020-05-21,21.02,21.05,20.32,20.42,389830
2020-05-22,20.34,20.65,19.97,20.49,309177
2020-05-25,20.53,20.65,19.75,19.97,326236
2020-05-26,20.15,20.41,20.12,20.35,296088
2020-05-27,20.35,20.35,19.92,20.02,202398
2020-05-28,20.02,20.14,19.34,19.82,363105
2020-05-29,19.51,19.9,19.47,19.82,202743
2020-06-01,20.02,20.88,20.02,20.69,483646
2020-06-02,20.88,20.88,20.43,20.63,346883
2020-06-03,20.74,20.93,20.35,20.65,422942
2020-06-04,20.65,20.86,20.35,20.45,269809
2020-06-05,20.45,20.63,20.28,20.47,206960
2020-06-08,20.7,21.21,20.7,20.74,379772
2020-06-09,20.81,20.9,20.52,20.57,240948
2020-06-10,20.62,20.65,20.21,20.25,275155
2020-06-11,20.27,20.55,20.1,20.14,333373
2020-06-12,19.43,19.95,19.43,19.82,410622
2020-06-15,19.68,19.85,19.51,19.82,362408
2020-06-16,20.07,20.45,19.97,20.39,503105
2020-06-17,20.52,20.62,20.19,20.51,356550
2020-06-18,20.52,21.05,20.37,20.89,469814
2020-06-19,20.96,20.96,20.61,20.75,346050
2020-06-22,20.79,21.22,20.73,20.87,411493
2020-06-23,20.87,20.87,20.35,20.45,353168
2020-06-24,20.47,21.44,20.47,21.21,688785
2020-06-29,21.1,21.27,20.59,20.81,451681
2020-06-30,20.98,21.4,20.8,21.23,498621
2020-07-01,21.36,21.59,20.89,21.13,517523
2020-07-02,21.17,21.51,20.92,21.5,614247
2020-07-03,21.56,22.15,21.27,21.98,794059
2020-07-06,22.15,23.05,22.15,22.7,835580
2020-07-07,22.88,23.7,22.52,22.57,1003376
2020-07-08,22.57,22.95,22.15,22.74,947684
2020-07-09,22.83,24.38,22.75,24.02,1145647
2020-07-10,23.73,23.75,23.08,23.28,835618
2020-07-13,23.27,24.13,23.18,23.95,806935
2020-07-14,23.95,23.95,22.6,22.96,860289
2020-07-15,22.96,23.09,21.61,21.75,824649
2020-07-16,21.74,21.97,20.35,20.44,729284
2020-07-17,20.56,20.77,20.2,20.55,377342
2020-07-20,20.7,21.17,20.49,21.07,394766
2020-07-21,21.11,21.42,20.86,21.15,341403
2020-07-22,21.15,21.33,20.88,21.03,348910
2020-07-23,20.83,20.83,19.98,20.44,492529
2020-07-24,20.34,20.75,19.48,19.87,450769
2020-07-27,19.88,20.05,19.49,19.93,260708
2020-07-28,20.06,20.23,19.77,19.96,250747
2020-07-29,20.0,20.74,19.97,20.63,372620
2020-07-30,20.75,20.75,20.25,20.29,274713
2020-07-31,20.25,20.68,20.25,20.39,303345
2020-08-03,20.44,20.78,20.43,20.78,404905
2020-08-04,20.79,20.84,20.34,20.42,366820
2020-08-05,20.88,20.88,20.43,20.47,314107
2020-08-06,20.47,20.48,19.91,20.11,345128
2020-08-07,20.1,20.11,19.52,19.83,344504
2020-08-10,19.79,20.02,19.58,19.96,222398
2020-08-11,20.05,20.05,19.61,19.82,267052
2020-08-12,19.79,19.83,19.45,19.81,266543
2020-08-13,19.94,19.96,19.69,19.82,166325
2020-08-14,19.77,19.93,19.62,19.76,217044
2020-08-17,19.78,20.2,19.66,20.05,312821
2020-08-18,20.06,20.15,19.84,19.94,216934
2020-08-19,19.94,19.94,19.52,19.71,261087
2020-08-20,19.53,19.72,19.45,19.45,172231
2020-08-21,19.44,19.57,18.07,18.45,748538
2020-08-24,18.45,18.45,17.45,18.09,421472
2020-08-25,18.05,18.48,17.97,18.22,276230
2020-08-26,17.77,18.12,17.53,17.62,346935
2020-08-27,17.78,17.78,16.89,17.33,365807
2020-08-28,17.29,17.56,17.05,17.53,263520
2020-08-31,17.59,18.02,17.59,17.65,311317
2020-09-01,17.65,17.8,17.36,17.69,189204
2020-09-02,17.78,17.92,17.69,17.84,224044
2020-09-03,17.86,17.88,17.47,17.5,198124
2020-09-04,17.11,17.7,17.0,17.56,199017
2020-09-07,17.47,17.74,17.06,17.09,236718
2020-09-08,16.97,17.04,16.35,16.45,350786
2020-09-09,16.16,16.16,15.43,15.45,411559
2020-09-10,15.7,15.76,15.17,15.18,263761
2020-09-11,15.03,15.42,14.85,15.34,293893
2020-09-14,15.38,15.6,15.18,15.37,218034
2020-09-15,15.38,15.41,15.04,15.31,212124
2020-09-16,15.29,15.43,14.97,15.02,197266
2020-09-17,15.02,16.67,14.68,16.67,518747
2020-09-18,16.86,17.21,16.21,17.02,820441
2020-09-21,16.79,17.56,16.71,17.03,438152
2020-09-22,16.77,17.38,16.73,17.13,350557
2020-09-23,17.14,17.29,16.79,16.9,253500
2020-09-24,16.69,16.69,16.25,16.39,323322
2020-09-25,16.56,16.61,16.05,16.15,196266
2020-09-28,16.45,16.47,15.87,15.97,158809
2020-09-29,16.2,16.25,15.91,15.91,196731
2020-09-30,15.97,16.03,15.46,15.6,241317
2020-10-09,15.98,16.28,15.89,16.09,261191
2020-10-12,16.36,16.66,16.28,16.65,323310
2020-10-13,16.69,16.75,16.35,16.58,228814
2020-10-14,16.44,16.5,16.07,16.14,222559
2020-10-15,16.17,16.28,15.98,16.0,142690
2020-10-16,16.01,16.02,15.71,15.75,146170
2020-10-19,15.9,16.02,15.63,15.67,124177
2020-10-20,15.67,15.97,15.5,15.97,143110
2020-10-21,15.94,15.94,15.52,15.62,151757
2020-10-22,15.61,16.1,15.35,15.85,182002
2020-10-23,15.82,16.02,15.42,15.46,150296
2020-10-26,15.42,15.46,15.11,15.21,109605
2020-10-27,15.23,15.3,15.02,15.25,108984
2020-10-28,15.05,15.15,14.59,15.15,282443
2020-10-29,14.79,15.56,14.75,15.18,207933
2020-10-30,15.27,15.82,15.09,15.26,262028
2020-11-02,15.3,15.35,14.7,14.87,211524
2020-11-03,14.86,15.52,14.85,15.39,241660
2020-11-04,15.39,15.6,15.23,15.26,177808
2020-11-05,15.52,16.52,15.42,16.42,598434
2020-11-06,16.38,16.75,16.14,16.49,483739
2020-11-09,16.88,17.52,16.85,17.43,685370
2020-11-10,17.5,17.5,16.88,17.04,366879
2020-11-11,17.05,17.25,16.17,16.3,364842
2020-11-12,16.4,16.78,16.3,16.52,249533
2020-11-13,16.37,16.78,16.26,16.58,221978
2020-11-16,16.7,16.79,16.21,16.25,271628
2020-11-17,16.24,16.24,15.69,15.96,286255
2020-11-18,15.93,16.15,15.83,15.96,173759
2020-11-19,15.88,16.33,15.79,16.17,189209
2020-11-20,16.19,16.32,15.87,16.01,165615
2020-11-23,16.05,16.18,15.8,16.03,173500
2020-11-24,16.0,16.18,15.9,16.04,155579
2020-11-25,16.06,16.68,16.02,16.42,369141
2020-11-26,16.45,17.09,16.35,17.05,514311
2020-11-27,17.04,17.04,16.64,16.81,306938
2020-11-30,16.77,16.96,16.55,16.59,304117
2020-12-01,16.7,16.85,16.43,16.82,255202
2020-12-02,16.87,17.09,16.7,17.01,331315
2020-12-03,17.01,17.39,16.88,17.07,393259
2020-12-04,17.05,17.66,16.79,16.85,425876
2020-12-07,16.89,17.38,16.66,16.68,297615
2020-12-08,16.55,16.84,16.44,16.81,228515
2020-12-09,16.78,16.93,16.35,16.35,194224
2020-12-10,16.25,16.56,16.14,16.26,146340
2020-12-11,16.28,16.35,15.51,15.72,312005
2020-12-14,15.64,15.84,15.55,15.77,136864
2020-12-15,15.75,15.8,15.56,15.65,108000
2020-12-16,15.73,15.73,15.23,15.26,181135
2020-12-17,15.27,15.53,15.23,15.53,115934
2020-12-18,15.72,15.84,15.45,15.58,129950
2020-12-21,15.63,15.88,15.52,15.75,172030
2020-12-22,15.61,15.67,15.03,15.04,311363
2020-12-23,15.07,15.19,14.78,15.15,213518
2020-12-24,15.1,15.33,14.92,14.94,139849
2020-12-25,14.88,15.24,14.79,15.15,146529
2020-12-28,15.06,15.09,14.83,14.96,130034
2020-12-29,14.98,15.67,14.93,15.54,300760
2020-12-30,15.36,15.52,15.16,15.44,188028
2020-12-31,15.51,15.69,15.35,15.6,191486
2021-01-04,15.59,15.77,15.4,15.77,220906
2021-01-05,15.76,16.86,15.66,16.56,440183
2021-01-06,16.55,16.55,15.97,16.14,287180
2021-01-07,16.06,16.41,15.7,15.89,299201
2021-01-08,15.82,16.29,15.81,16.07,235644
2021-01-11,16.15,16.65,16.06,16.29,325680
2021-01-12,16.28,16.28,15.72,16.06,255787
2021-01-13,16.06,16.65,15.93,16.65,495411
2021-01-14,16.65,17.02,16.41,16.72,437596
2021-01-15,16.55,16.7,16.02,16.15,309926
2021-01-18,16.02,16.65,15.92,16.45,302770
2021-01-19,16.38,16.45,15.85,15.93,293726
2021-01-20,15.93,15.95,15.54,15.57,253089
2021-01-21,15.52,15.7,15.23,15.46,251062
2021-01-22,15.26,15.97,15.26,15.81,363461
2021-01-25,15.79,15.79,15.26,15.3,234843
2021-01-26,15.31,15.52,15.04,15.15,199915
2021-01-27,15.06,15.29,14.97,15.25,171430
2021-01-28,15.09,15.15,14.74,14.75,202383
2021-01-29,14.86,14.96,13.84,14.12,301357
2021-02-01,14.05,14.05,12.95,13.18,386420
2021-02-02,13.45,14.14,13.45,13.87,279965
2021-02-03,14.03,15.2,13.98,14.51,370660
2021-02-04,14.43,14.43,13.74,14.16,228671
2021-02-05,14.29,14.38,13.7,13.7,156970
2021-02-08,13.77,13.88,13.32,13.43,158610
2021-02-09,13.31,13.7,13.09,13.67,170764
2021-02-10,13.68,14.07,13.55,13.95,164855
2021-02-18,14.29,14.36,14.02,14.21,169492
2021-02-19,14.24,14.66,14.03,14.65,188208
2021-02-22,14.75,14.98,14.56,14.56,215940
2021-02-23,14.45,14.58,14.25,14.27,166761
2021-02-24,14.34,14.65,14.14,14.32,165409
2021-02-25,14.34,14.38,14.0,14.05,138183
2021-02-26,13.7,14.29,13.64,14.26,159984
2021-03-01,14.33,15.11,14.31,15.1,364177
2021-03-02,15.21,15.37,14.83,14.97,219888
2021-03-03,14.95,15.11,14.84,15.04,151465
2021-03-04,14.97,15.17,14.75,14.77,174834
2021-03-05,14.66,15.31,14.61,15.09,209684
2021-03-08,15.16,15.65,14.78,14.87,342262
2021-03-09,15.01,15.19,14.39,14.65,257681
2021-03-10,14.86,14.92,14.1,14.19,195874
2021-03-11,14.2,14.57,14.04,14.5,177190
2021-03-12,14.49,14.49,14.09,14.13,165173
2021-03-15,14.08,14.08,13.53,13.72,185316
2021-03-16,13.7,13.83,13.45,13.65,129636
2021-03-17,13.64,13.88,13.5,13.79,108602
2021-03-18,13.79,13.86,13.62,13.68,96425
2021-03-19,13.45,13.63,13.35,13.36,113503
2021-03-22,13.36,13.76,13.36,13.75,96319
2021-03-23,13.76,13.91,13.44,13.5,106915
2021-03-24,13.51,13.61,13.35,13.55,92545
2021-03-25,13.59,13.75,13.49,13.7,98422
2021-03-26,13.79,13.92,13.63,13.85,120002
2021-03-29,13.88,13.96,13.72,13.74,96419
2021-03-30,13.74,13.78,13.45,13.61,110359
2021-03-31,13.58,13.79,13.45,13.74,101453
2021-04-01,13.74,13.88,13.66,13.83,103221
2021-04-02,13.88,14.32,13.87,14.03,185110
2021-04-06,14.04,14.14,13.76,13.81,130091
2021-04-07,13.81,13.85,13.54,13.65,137211
2021-04-08,13.61,13.85,13.54,13.58,106629
2021-04-09,13.59,13.81,13.55,13.59,104160
2021-04-12,13.57,13.59,13.17,13.23,121840
2021-04-13,13.23,13.3,13.06,13.13,108985
2021-04-14,13.12,13.22,13.06,13.11,101245
2021-04-15,13.11,13.14,12.95,13.03,91206
2021-04-16,13.05,13.19,13.02,13.18,95602
2021-04-19,13.2,13.62,13.2,13.52,170234
2021-04-20,13.45,13.55,13.25,13.28,143399
2021-04-21,13.16,13.23,13.09,13.13,96237
2021-04-22,13.16,13.33,13.13,13.26,96159
2021-04-23,13.25,13.25,12.56,12.6,392732
2021-04-26,12.6,12.73,12.45,12.46,150331
2021-04-27,12.45,12.45,11.85,11.93,228987
2021-04-28,11.96,12.19,11.71,12.12,159681
2021-04-29,12.06,12.18,11.95,11.98,99649
2021-04-30,11.97,11.97,11.61,11.68,149651
2021-05-06,11.65,11.65,11.44,11.49,117686
2021-05-07,11.49,11.65,11.45,11.5,96007
2021-05-10,11.5,11.64,11.35,11.56,113352
2021-05-11,11.48,11.65,11.46,11.63,86475
2021-05-12,11.61,11.65,11.49,11.61,101421
2021-05-13,11.55,11.71,11.48,11.65,113553
2021-05-14,11.69,11.85,11.48,11.82,176407
2021-05-17,11.83,12.15,11.8,11.99,171894
2021-05-18,11.97,11.99,11.79,11.87,80272
2021-05-19,11.85,11.91,11.75,11.8,81071
2021-05-20,11.78,11.91,11.67,11.83,94646
2021-05-21,11.84,11.93,11.59,11.59,98726
2021-05-24,11.59,11.92,11.45,11.84,133377
2021-05-25,11.88,12.1,11.73,12.06,192434
2021-05-26,12.06,12.29,12.01,12.1,166443
2021-05-27,12.06,12.58,12.03,12.56,276911
2021-05-28,12.51,12.53,12.35,12.42,148680
2021-05-31,12.46,12.53,12.35,12.46,114211
2021-06-01,12.42,12.54,12.3,12.45,115890
2021-06-02,12.41,12.45,12.06,12.07,159771
2021-06-03,12.15,12.52,12.06,12.17,171811
2021-06-04,12.27,12.43,12.17,12.39,147024
2021-06-07,12.56,12.8,12.45,12.77,264571
2021-06-08,12.77,12.78,12.54,12.57,174188
2021-06-09,12.52,12.65,12.27,12.33,137798
2021-06-10,12.34,12.6,12.25,12.51,148353
2021-06-11,12.43,12.49,12.21,12.27,153559
2021-06-15,12.25,12.36,11.7,11.74,199545
2021-06-16,11.74,11.88,11.67,11.72,110552
2021-06-17,11.68,12.2,11.62,12.15,182386
2021-06-18,12.09,12.19,11.86,12.01,141762
2021-06-21,11.89,12.05,11.73,11.82,142117
2021-06-22,11.79,11.99,11.71,11.87,132866
2021-06-23,11.79,12.7,11.7,12.55,417026
2021-06-24,12.55,13.2,12.53,12.94,522194
2021-06-25,12.87,13.03,12.68,12.82,300502
2021-06-28,12.77,12.97,12.7,12.89,210126
2021-06-29,12.87,12.87,12.39,12.41,220738
2021-06-30,12.5,12.72,12.42,12.58,164904
2021-07-01,12.61,12.67,12.16,12.17,165929
2021-07-02,12.16,12.28,11.88,11.88,147402
2021-07-05,11.86,12.04,11.79,12.0,133897
2021-07-06,11.95,12.33,11.8,12.19,206566
2021-07-07,12.08,12.09,11.88,12.06,169047
2021-07-08,12.13,12.67,12.0,12.63,363292
2021-07-09,12.61,12.92,12.48,12.81,367057
2021-07-12,12.94,12.96,12.51,12.61,317324
2021-07-13,12.68,12.75,12.55,12.71,262280
2021-07-14,12.75,12.93,12.33,12.35,336103
2021-07-15,12.23,12.4,11.85,12.04,326483
2021-07-16,12.19,12.19,11.93,11.97,241640
2021-07-19,11.86,11.88,11.44,11.59,299240
2021-07-20,11.46,11.55,11.2,11.35,307908
2021-07-21,11.4,11.63,11.31,11.43,272291
2021-07-22,11.44,11.64,11.28,11.57,256531
2021-07-23,11.5,11.53,11.05,11.06,323222
2021-07-26,11.03,11.14,10.51,10.63,307453
2021-07-27,10.7,11.82,10.69,11.82,853600
2021-07-28,11.7,11.82,11.03,11.58,610310
2021-07-29,11.7,12.45,11.57,11.86,726713
2021-07-30,11.72,12.16,11.6,11.91,484700
2021-08-02,11.8,12.68,11.77,12.48,634051
2021-08-03,12.55,12.8,12.17,12.22,507203
2021-08-04,12.22,12.63,12.2,12.37,329890
2021-08-05,12.35,12.53,12.08,12.19,325556
2021-08-06,12.25,12.4,12.08,12.22,250409
2021-08-09,12.1,12.35,11.89,12.34,304358
2021-08-10,12.2,12.3,12.0,12.12,237958
2021-08-11,12.01,12.07,11.86,11.96,260603
2021-08-12,12.0,12.29,11.9,11.92,276727
2021-08-13,11.89,11.89,11.21,11.33,473842
2021-08-16,11.26,11.43,11.12,11.31,165349
2021-08-17,11.23,11.36,10.94,10.97,211478
2021-08-18,10.94,11.02,10.83,11.0,159722
2021-08-19,10.96,11.18,10.91,11.05,152446
2021-08-20,10.95,11.05,10.84,10.94,126773
2021-08-23,10.92,11.18,10.92,11.13,131288
2021-08-24,11.1,11.23,11.01,11.14,138074
2021-08-25,11.14,11.15,11.0,11.03,116203
2021-08-26,11.04,11.09,10.73,10.74,185114
2021-08-27,10.58,10.58,9.87,10.08,479824
2021-08-30,10.03,10.06,9.81,9.85,227302
2021-08-31,9.87,9.94,9.64,9.89,194207
2021-09-01,9.87,10.29,9.78,10.28,269030
2021-09-02,10.2,10.25,10.05,10.18,144070
2021-09-03,10.09,10.4,10.09,10.26,157734
2021-09-06,10.25,10.85,10.14,10.74,307178
2021-09-07,10.72,11.13,10.6,10.89,266466
2021-09-08,10.89,11.03,10.75,10.79,253485
2021-09-09,10.84,11.03,10.73,10.95,204686
2021-09-10,10.98,11.21,10.95,11.06,251259
2021-09-13,11.0,11.15,10.83,11.01,184347
2021-09-14,11.0,11.15,10.76,10.76,180100
2021-09-15,10.74,11.01,10.68,10.85,137385
2021-09-16,10.85,11.0,10.7,10.7,147194
2021-09-17,10.68,10.82,10.42,10.52,141310
2021-09-22,10.43,10.43,10.25,10.26,115901
2021-09-23,10.36,11.02,10.31,10.72,214575
2021-09-24,10.67,10.81,10.42,10.44,122249
2021-09-27,10.46,10.75,10.23,10.35,117605
2021-09-28,10.28,10.44,10.23,10.31,70140
2021-09-29,10.25,10.28,9.92,9.92,156140
2021-09-30,10.01,10.05,9.9,9.91,94495
2021-10-08,10.08,10.24,10.02,10.17,136539
2021-10-11,10.2,10.34,10.13,10.18,98603
2021-10-12,10.14,10.2,9.77,9.88,135867
2021-10-13,9.84,9.95,9.81,9.9,68818
2021-10-14,9.87,9.95,9.84,9.89,57708
2021-10-15,9.92,10.0,9.76,9.79,131667
2021-10-18,9.74,9.78,9.39,9.41,245674
2021-10-19,9.44,9.5,9.25,9.31,199042
2021-10-20,9.28,9.3,8.91,8.93,344474
2021-10-21,8.87,9.01,8.78,8.98,257203
2021-10-22,8.89,8.99,8.81,8.81,206109
2021-10-25,8.9,8.92,8.78,8.85,118561
2021-10-26,8.83,9.24,8.82,9.17,304864
2021-10-27,9.06,9.08,8.85,8.88,197555
2021-10-28,8.87,8.87,8.56,8.56,277084
2021-10-29,8.57,9.02,8.57,8.94,280409
2021-11-01,8.96,9.96,8.96,9.96,703237
2021-11-02,10.2,10.91,10.15,10.45,1191334
2021-11-03,10.45,10.64,10.23,10.38,565857
2021-11-04,10.38,10.75,10.38,10.54,576482
2021-11-05,10.53,11.0,10.52,10.58,655226
2021-11-08,10.47,10.47,10.12,10.3,465802
2021-11-09,10.29,10.48,10.05,10.43,518299
2021-11-10,10.37,10.65,10.15,10.54,474196
2021-11-11,10.47,11.2,10.39,10.94,718688
2021-11-12,11.18,12.16,11.18,11.63,1407594
2021-11-15,11.52,12.25,11.51,11.77,1119445
2021-11-16,11.86,12.2,11.63,11.85,753828
2021-11-17,11.76,12.77,11.73,12.72,1039416
2021-11-18,12.7,12.75,12.14,12.37,692685
2021-11-19,12.39,12.8,12.25,12.57,598539
2021-11-22,12.47,13.96,12.44,13.87,1314045
2021-11-23,13.77,14.68,13.58,14.28,1064897
2021-11-24,14.28,14.72,14.13,14.39,693597
2021-11-25,14.34,14.43,13.85,14.0,571209
2021-11-26,13.92,13.95,13.36,13.62,604132
2021-11-29,13.3,13.6,13.16,13.53,605453
2021-11-30,13.45,14.09,13.2,13.86,560743
2021-12-01,13.6,13.71,13.22,13.34,420846
2021-12-02,13.25,13.63,13.24,13.37,311094
2021-12-03,13.36,13.58,13.22,13.55,266847
2021-12-06,13.56,14.0,13.25,14.0,493246
2021-12-07,14.0,14.01,13.32,13.91,446103
2021-12-08,13.66,14.87,13.64,14.57,694371
2021-12-09,14.4,14.8,14.22,14.47,393437
2021-12-10,14.28,14.37,13.61,13.75,523285
2021-12-13,13.6,14.75,13.6,14.4,449888
2021-12-14,14.47,14.5,13.98,14.09,277300
2021-12-15,14.1,14.59,13.92,13.99,274850
2021-12-16,13.9,14.18,13.5,13.65,313009
2021-12-17,13.5,13.6,12.96,13.3,384709
2021-12-20,13.18,13.64,12.77,12.8,312334
2021-12-21,12.9,13.39,12.84,13.23,272979
2021-12-22,13.22,14.68,13.21,14.68,776861
2021-12-23,14.73,16.15,14.73,15.66,1318663
2021-12-24,16.1,16.19,15.47,15.9,611978
2021-12-27,15.89,16.12,15.55,15.6,319561
2021-12-28,15.75,15.85,15.19,15.32,417996
2021-12-29,15.33,15.38,14.75,14.83,410461
2021-12-30,15.0,15.44,14.95,15.08,362555
2021-12-31,14.97,15.45,14.7,15.28,316782
2022-01-04,15.35,15.6,14.96,15.17,320836
2022-01-05,15.09,15.23,14.1,14.51,519055
2022-01-06,14.38,14.49,13.85,14.39,346350
2022-01-07,14.3,14.84,13.88,13.9,316215
2022-01-10,13.78,14.97,13.53,14.69,440336
2022-01-11,14.59,15.05,14.11,14.3,305505
2022-01-12,14.32,15.15,14.32,14.99,406074
2022-01-13,14.99,15.04,14.41,15.03,366997
2022-01-14,14.76,15.94,14.65,15.83,573151
2022-01-17,15.75,17.5,15.66,16.76,659147
2022-01-18,16.76,17.54,16.28,16.97,662764
2022-01-19,16.79,17.55,16.41,16.59,496258
2022-01-20,16.48,17.36,16.45,16.79,312279
2022-01-21,16.51,16.74,16.3,16.39,301541
2022-01-24,16.34,16.77,16.19,16.51,176109
2022-01-25,16.48,16.62,16.05,16.05,232200
2022-01-26,16.01,17.2,15.7,17.1,371432
2022-01-27,16.97,17.17,16.16,16.2,320542
2022-01-28,16.28,16.56,15.82,15.97,184612
2022-02-07,16.31,16.55,15.71,16.51,218982
2022-02-08,16.37,16.46,14.73,14.99,401125
2022-02-09,14.99,16.12,14.75,15.9,311906
2022-02-10,16.08,16.96,15.98,16.07,365502
2022-02-11,15.87,15.89,14.42,14.68,466591
2022-02-14,14.42,15.1,13.91,14.59,197766
2022-02-15,14.61,15.64,14.61,15.16,283819
2022-02-16,15.37,16.22,15.26,15.82,333550
2022-02-17,15.83,16.29,15.36,16.09,270187
2022-02-18,16.03,16.3,15.78,15.89,162989
2022-02-21,15.96,16.6,15.89,16.55,282053
2022-02-22,16.32,16.7,15.93,16.61,236351
2022-02-23,16.48,16.88,16.26,16.58,226277
2022-02-24,16.3,16.48,15.62,16.0,328283
2022-02-25,16.2,16.44,15.8,15.84,159884
2022-02-28,15.56,15.79,15.31,15.51,268844
2022-03-01,15.6,16.57,15.56,16.3,257779
2022-03-02,16.19,16.43,15.74,15.91,166778
2022-03-03,15.91,16.07,14.53,14.7,417563
2022-03-04,14.48,15.06,14.41,14.85,159904
2022-03-07,14.79,14.79,13.7,14.0,326056
2022-03-08,14.04,14.38,13.52,13.91,248907
2022-03-09,13.85,14.3,13.08,14.1,298238
2022-03-10,14.4,14.88,14.14,14.15,312309
2022-03-11,14.0,14.0,13.3,13.83,243789
2022-03-14,13.6,13.6,12.65,12.73,404913
2022-03-15,12.86,12.86,11.88,11.96,358849
2022-03-16,12.23,12.26,10.96,11.75,663123
2022-03-17,12.03,12.34,11.76,12.09,383694
2022-03-18,11.94,11.95,11.25,11.79,472407
2022-03-21,12.09,12.8,11.9,12.67,465406
2022-03-22,12.59,12.9,12.3,12.81,308853
2022-03-23,12.81,13.28,12.63,12.78,250341
2022-03-24,12.7,12.7,12.29,12.39,211517
2022-03-25,12.5,12.59,12.26,12.27,134319
2022-03-28,12.14,12.27,11.72,12.12,142332
2022-03-29,12.06,12.3,11.78,11.88,151141
2022-03-30,11.9,12.28,11.84,12.13,197706
2022-03-31,12.02,12.07,11.85,11.94,130658
2022-04-01,11.81,12.22,11.8,11.98,119183
2022-04-06,11.9,11.93,11.35,11.48,224573
2022-04-07,11.48,11.48,10.87,10.96,281600
2022-04-08,11.12,11.15,10.77,10.93,237914
2022-04-11,10.91,10.92,9.99,10.11,264973
2022-04-12,10.1,10.27,9.79,10.0,250883
2022-04-13,9.96,9.96,9.47,9.53,302157
2022-04-14,9.62,10.03,9.61,9.93,261946
2022-04-15,9.91,10.62,9.67,10.38,382536
2022-04-18,10.31,11.55,10.23,11.55,402920
2022-04-19,11.5,11.79,10.87,10.95,538231
2022-04-20,11.1,11.45,10.95,11.19,472005
2022-04-21,11.0,11.45,10.65,10.71,369107
2022-04-22,10.74,11.27,10.45,10.98,375294
2022-04-25,10.7,10.7,9.75,9.85,382489
2022-04-26,9.98,10.5,9.79,10.08,407696
2022-04-27,9.95,11.18,9.94,11.08,493187
2022-04-28,10.94,11.02,10.53,10.79,361648
2022-04-29,10.9,11.9,10.61,11.7,511540
2022-05-05,11.67,12.29,11.5,12.19,448275
2022-05-06,11.7,12.05,11.6,11.87,280734
2022-05-09,11.81,12.53,11.81,12.26,315522
2022-05-10,11.95,12.84,11.9,12.65,262961
2022-05-11,12.57,13.44,12.49,12.81,336184
2022-05-12,12.7,13.06,12.45,12.58,208406
2022-05-13,12.8,13.6,12.44,13.45,313909
2022-05-16,13.5,13.9,13.32,13.37,235696
2022-05-17,13.36,13.73,12.95,13.65,254859
2022-05-18,13.6,13.65,13.11,13.3,202076
2022-05-19,13.04,13.47,12.85,13.4,127046
2022-05-20,13.38,13.41,12.67,13.04,343012
2022-05-23,13.01,13.5,12.78,13.28,192059
2022-05-24,13.28,13.75,13.04,13.06,267652
2022-05-25,12.9,13.52,12.89,13.28,163187
2022-05-26,13.29,13.81,12.94,13.81,255189
2022-05-27,13.79,13.99,13.16,13.46,335177
2022-05-30,13.49,14.85,13.46,14.65,405791
2022-05-31,14.54,14.84,14.37,14.58,264338
2022-06-01,14.5,15.18,14.36,14.83,270680
2022-06-02,14.91,15.05,14.65,14.75,163760
2022-06-06,14.55,15.74,14.55,15.03,407374
2022-06-07,15.03,15.63,14.91,15.12,295616
2022-06-08,15.26,15.58,14.55,14.89,297441
2022-06-09,14.91,15.09,14.55,15.03,266254
2022-06-10,14.72,16.12,14.65,15.76,367433
2022-06-13,15.65,15.84,15.43,15.8,227742
2022-06-14,15.65,15.99,15.48,15.85,226159
2022-06-15,15.85,16.16,15.13,15.16,270748
2022-06-16,15.16,15.48,15.01,15.11,166938
2022-06-17,14.94,15.37,14.82,15.3,161970
2022-06-20,15.35,15.45,14.14,14.26,528828
2022-06-21,14.17,14.8,13.91,14.48,383173
2022-06-22,14.55,14.74,13.86,13.96,350978
2022-06-23,14.06,15.0,13.99,14.98,357019
2022-06-24,15.01,15.52,14.66,14.74,298529
2022-06-27,14.8,15.01,13.95,14.08,601557
2022-06-28,14.0,14.06,13.05,14.04,633330
2022-06-29,13.85,14.1,13.43,13.6,339610
2022-06-30,13.61,13.97,13.53,13.61,270664
2022-07-01,13.61,13.76,13.4,13.52,183803
2022-07-04,13.54,13.58,13.05,13.16,326561
2022-07-05,13.13,13.2,11.8,12.09,950243
2022-07-06,12.11,12.63,12.1,12.36,472604
2022-07-07,12.37,12.42,12.08,12.19,259239
2022-07-08,12.24,12.37,11.96,12.08,254604
2022-07-11,11.96,12.28,11.61,11.76,281333
2022-07-12,11.69,11.76,11.46,11.56,201111
2022-07-13,11.6,11.67,11.27,11.37,266236
2022-07-14,11.3,11.74,11.28,11.51,324403
2022-07-15,11.52,11.84,11.36,11.58,345116
2022-07-18,11.6,11.82,10.97,11.74,420803
2022-07-19,11.81,12.41,11.63,12.34,694990
2022-07-20,12.44,12.64,12.18,12.29,467836
2022-07-21,12.32,12.55,12.1,12.26,321218
2022-07-22,12.31,12.38,11.91,12.03,255690
2022-07-25,11.9,12.01,10.76,10.84,1026753
2022-07-26,10.86,11.22,10.63,10.75,583292
2022-07-27,10.65,10.75,10.45,10.53,567049
2022-07-28,10.64,11.7,10.6,11.58,1177699
2022-07-29,11.43,11.55,10.9,10.95,949998
2022-08-01,10.93,11.82,10.56,11.8,993927
2022-08-02,11.5,12.01,11.1,11.81,1098083
2022-08-03,11.88,12.14,11.35,11.54,987345
2022-08-04,11.6,11.71,11.35,11.55,623267
2022-08-05,11.55,12.29,11.5,12.22,983553
2022-08-08,12.27,12.36,11.91,12.3,713161
2022-08-09,12.15,12.32,11.88,12.15,600553
2022-08-10,11.98,12.12,11.8,11.82,486353
2022-08-11,11.85,12.26,11.85,12.19,738461
2022-08-12,12.35,12.5,11.95,11.97,557577
2022-08-15,11.85,12.06,11.69,12.01,420833
2022-08-16,12.01,12.06,11.84,11.92,318611
2022-08-17,11.86,12.14,11.69,12.05,452674
2022-08-18,11.99,12.09,11.87,11.93,296711
2022-08-19,11.94,12.66,11.88,12.15,859791
2022-08-22,12.05,12.4,11.9,12.2,557322
2022-08-23,12.14,12.34,11.8,11.85,685954
2022-08-24,11.95,12.01,11.16,11.19,636379
2022-08-25,11.2,11.31,10.85,11.15,365117
2022-08-26,11.2,11.66,11.15,11.28,408586
2022-08-29,11.03,11.23,10.94,11.12,272573
2022-08-30,11.07,11.27,10.81,10.93,359334
2022-08-31,10.85,10.97,10.59,10.81,278078
2022-09-01,10.78,10.88,10.61,10.64,233657
2022-09-02,10.62,10.87,10.62,10.82,199409
2022-09-05,10.79,10.81,10.65,10.76,164630
2022-09-06,10.81,11.23,10.7,11.15,353756
2022-09-07,11.14,11.24,11.05,11.17,278677
2022-09-08,11.2,11.22,10.82,10.89,263888
2022-09-09,10.87,10.91,10.71,10.86,181559
2022-09-13,10.88,11.04,10.88,10.89,168690
2022-09-14,10.65,10.78,10.61,10.74,178944
2022-09-15,10.78,10.81,9.96,10.15,448662
2022-09-16,10.11,10.17,9.74,9.8,254321
2022-09-19,9.79,9.84,9.5,9.56,244322
2022-09-20,9.62,9.73,9.52,9.55,243363
2022-09-21,9.46,9.72,9.32,9.67,217683
2022-09-22,9.6,9.76,9.55,9.62,201047
2022-09-23,9.62,9.67,9.22,9.38,207986
2022-09-26,9.27,9.4,9.11,9.14,166117
2022-09-27,9.15,9.32,9.06,9.29,211684
2022-09-28,9.25,9.25,8.92,8.93,265791
2022-09-29,9.05,9.15,8.87,8.94,167384
2022-09-30,8.87,8.99,8.8,8.81,163830
2022-10-10,8.8,8.82,8.38,8.42,228525
2022-10-11,8.45,8.51,8.35,8.4,156073
2022-10-12,8.42,8.98,8.36,8.94,305445
2022-10-13,8.93,9.11,8.85,9.0,216872
2022-10-14,9.08,9.28,9.08,9.22,201467
2022-10-17,9.18,9.62,9.13,9.54,255931
2022-10-18,9.54,9.62,9.4,9.52,171586
2022-10-19,9.53,9.67,9.46,9.47,161536
2022-10-20,9.44,9.75,9.28,9.58,267447
2022-10-21,9.59,9.64,9.39,9.49,149792
2022-10-24,9.56,9.73,9.18,9.33,225386
2022-10-25,9.62,9.95,9.57,9.79,570161
2022-10-26,9.7,10.11,9.64,10.09,458225
2022-10-27,10.03,10.14,9.81,9.86,344142
2022-10-28,9.78,9.85,9.39,9.46,230495
2022-10-31,9.37,9.8,9.3,9.74,221607
2022-11-01,9.75,9.92,9.59,9.91,229019
2022-11-02,9.87,10.02,9.84,9.94,232257
2022-11-03,9.85,11.05,9.83,11.05,892144
2022-11-04,11.6,12.09,11.45,11.68,1594179
2022-11-07,11.86,12.0,11.58,11.7,650626
2022-11-08,11.63,11.75,11.2,11.48,532212
2022-11-09,11.39,11.44,11.16,11.36,291760
2022-11-10,11.2,11.35,11.0,11.04,358727
2022-11-11,11.35,11.5,11.18,11.28,449872
2022-11-14,11.15,11.5,11.06,11.18,319873
2022-11-15,11.17,12.15,11.1,11.95,858901
2022-11-16,11.8,12.15,11.57,11.7,467493
2022-11-17,11.7,11.85,11.44,11.82,359533
2022-11-18,11.75,12.45,11.75,12.17,742294
2022-11-21,12.1,12.17,11.63,11.94,369241
2022-11-22,11.87,12.14,11.6,11.69,337117
2022-11-23,11.63,11.84,11.35,11.69,262067
2022-11-24,11.72,11.77,11.41,11.55,188393
2022-11-25,11.46,11.83,11.33,11.44,239801
2022-11-28,11.16,11.49,11.06,11.44,172153
2022-11-29,11.4,11.63,11.35,11.58,181680
2022-11-30,11.5,11.63,11.4,11.53,174254
2022-12-01,11.73,11.83,11.57,11.59,212317
2022-12-02,11.58,11.72,11.31,11.33,215226
2022-12-05,11.33,11.45,11.1,11.23,314897
2022-12-06,11.13,11.45,11.11,11.4,236672
2022-12-07,11.38,11.41,11.17,11.26,194381
2022-12-08,11.25,11.26,10.82,11.03,218278
2022-12-09,11.05,11.21,11.05,11.1,153343
2022-12-12,11.05,11.95,11.0,11.75,491928
2022-12-13,11.75,11.79,11.47,11.55,214136
2022-12-14,11.74,11.88,11.01,11.06,400555
2022-12-15,10.93,11.58,10.93,11.46,323566
2022-12-16,11.35,11.44,11.03,11.09,219827
2022-12-19,11.11,11.15,10.66,10.73,191953
2022-12-20,10.68,11.0,10.68,10.77,123287
2022-12-21,10.7,10.85,10.55,10.7,130425
2022-12-22,10.75,10.9,10.59,10.63,140141
2022-12-23,10.57,10.65,10.32,10.45,115038
2022-12-26,10.4,10.85,10.38,10.79,122738
2022-12-27,10.84,10.87,10.53,10.71,118427
2022-12-28,10.65,10.9,10.61,10.67,160936
2022-12-29,10.65,10.77,10.54,10.6,115664
2022-12-30,10.71,10.84,10.6,10.75,176979
2023-01-03,10.73,11.6,10.66,11.46,437824
2023-01-04,11.47,11.69,11.11,11.15,266939
2023-01-05,11.16,11.43,11.11,11.33,211014
2023-01-06,11.32,11.45,11.21,11.28,159062
2023-01-09,11.25,11.42,11.16,11.26,138865
2023-01-10,11.27,11.46,11.22,11.38,154531
2023-01-11,11.33,11.51,11.19,11.22,179114
2023-01-12,11.24,11.37,11.04,11.34,153016
2023-01-13,11.33,11.37,11.0,11.12,217390
2023-01-16,11.11,11.32,11.04,11.25,195482
2023-01-17,11.3,11.53,11.25,11.5,252435
2023-01-18,11.41,11.5,11.33,11.38,132985
2023-01-19,11.38,11.51,11.33,11.5,141010
2023-01-20,11.49,11.67,11.47,11.58,143046
2023-01-30,11.74,11.81,11.55,11.57,188885
2023-01-31,11.55,11.64,11.45,11.57,149260
2023-02-01,12.44,12.84,12.23,12.84,551818
2023-02-02,12.95,13.4,12.68,12.93,1157349
2023-02-03,12.85,13.1,12.76,12.95,508776
2023-02-06,12.85,12.85,12.53,12.61,396612
2023-02-07,12.61,12.88,12.58,12.7,300015
2023-02-08,12.7,13.0,12.61,12.66,316054
2023-02-09,12.82,14.04,12.55,13.83,1017173
2023-02-10,13.74,15.1,13.66,14.35,1487337
2023-02-13,14.3,14.66,13.98,14.48,743627
2023-02-14,14.37,14.76,14.2,14.4,445276
2023-02-15,14.4,15.69,14.23,15.33,864260
2023-02-16,15.16,15.51,14.62,14.65,826650
2023-02-17,14.78,14.85,14.1,14.11,628498
2023-02-20,14.11,14.65,14.08,14.59,449442
2023-02-21,14.45,15.02,14.35,14.47,425055
2023-02-22,14.45,14.84,14.35,14.77,373601
2023-02-23,14.77,14.83,14.25,14.34,349264
2023-02-24,14.32,14.8,14.32,14.46,360027
2023-02-27,14.46,14.73,14.25,14.65,397583
2023-02-28,14.74,16.03,14.74,15.25,767511
2023-03-01,15.26,15.67,14.97,15.43,460840
2023-03-02,15.35,15.59,15.19,15.26,238024
2023-03-03,15.25,15.38,14.66,14.94,337317
2023-03-06,14.92,15.1,14.75,14.93,245342
2023-03-07,14.8,14.89,13.86,13.96,664154
2023-03-08,13.92,14.54,13.91,14.52,419587
2023-03-09,14.47,14.57,14.25,14.46,203909
2023-03-10,14.33,14.6,14.15,14.35,205015
2023-03-13,14.23,14.61,14.2,14.54,178816
2023-03-14,14.44,14.45,13.82,14.21,314195
2023-03-15,14.36,14.53,14.12,14.14,185525
2023-03-16,14.08,14.21,13.81,13.88,183588
2023-03-17,13.99,14.55,13.98,14.34,297545
2023-03-20,14.26,15.89,14.26,15.8,1103720
2023-03-21,15.77,16.55,15.73,16.16,831135
2023-03-22,16.47,17.89,16.4,17.89,1090452
2023-03-23,18.4,19.79,18.35,19.79,1532903
2023-03-24,20.08,20.6,19.23,20.45,1607217
2023-03-27,20.08,21.8,20.07,21.42,1619789
2023-03-28,20.52,20.93,19.69,19.85,1217694
2023-03-29,19.66,20.81,19.66,20.0,1196319
2023-03-30,19.66,20.44,19.49,19.99,808687
2023-03-31,19.65,20.53,19.15,20.34,890437
2023-04-03,20.22,21.73,19.91,21.34,1999508
2023-04-04,21.05,23.21,20.05,22.26,1837074
2023-04-06,22.21,24.6,21.85,24.6,1053142
2023-04-07,24.65,24.85,22.69,23.96,1191591
2023-04-10,23.18,25.18,22.67,22.98,1187334
2023-04-11,22.14,23.66,22.05,22.48,853893
2023-04-12,22.35,23.56,21.87,22.75,904005
2023-04-13,22.25,22.32,21.07,21.3,1154719
2023-04-14,21.35,21.54,20.4,21.14,716839
2023-04-17,21.08,21.45,20.7,21.18,653334
2023-04-18,20.8,22.72,20.35,21.92,1163601
2023-04-19,21.72,23.03,21.56,22.55,1101365
2023-04-20,22.65,24.92,22.55,24.92,1397088
2023-04-21,25.33,25.35,22.95,23.36,1083490
2023-04-24,23.4,24.35,23.28,23.82,786944
2023-04-25,23.31,24.26,22.58,23.2,677507
2023-04-26,23.21,23.89,20.86,21.16,1222675
2023-04-27,20.82,21.66,20.45,20.78,668509
2023-04-28,20.58,22.2,20.53,20.93,702565
2023-05-04,20.75,21.22,19.17,19.45,980354
2023-05-05,19.46,19.77,18.62,19.25,606628
2023-05-08,19.16,20.6,18.87,19.97,748415
2023-05-09,20.36,22.07,20.36,21.5,951451
2023-05-10,21.02,21.65,19.3,19.88,911451
2023-05-11,20.0,20.29,19.25,19.43,495671
2023-05-12,19.39,19.69,18.8,18.96,479383
2023-05-15,19.02,19.46,17.85,18.53,788173
2023-05-16,18.44,18.54,17.09,17.5,1209873
2023-05-17,17.48,17.97,17.19,17.4,645339
2023-05-18,17.75,19.24,17.63,18.74,1494890
2023-05-19,18.56,19.95,18.04,18.22,1099295
2023-05-22,18.0,18.22,17.4,17.68,592432
2023-05-23,17.74,17.85,16.86,16.94,618497
2023-05-24,16.94,17.53,16.34,17.16,751227
2023-05-25,18.38,18.85,17.5,18.1,1221303
2023-05-26,18.05,19.33,17.9,18.92,1026968
2023-05-29,19.36,19.93,17.35,17.38,1785554
2023-05-30,16.86,18.07,15.93,17.99,1545635
2023-05-31,18.2,19.89,18.2,19.89,1735290
2023-06-01,19.94,21.2,19.54,20.1,1816882
2023-06-02,19.99,20.3,19.2,19.42,1145863
2023-06-05,19.47,20.54,19.45,20.44,1151182
2023-06-06,20.1,20.4,19.25,19.4,854317
2023-06-07,19.53,19.99,19.01,19.43,564223
2023-06-08,19.54,19.55,18.44,18.83,638950
2023-06-09,18.7,20.81,18.5,20.81,1249978
2023-06-12,21.6,22.01,21.05,21.31,1481166
2023-06-13,21.36,21.75,20.91,21.56,1039087
2023-06-14,21.4,22.82,21.07,22.24,1141946
2023-06-15,21.91,22.28,20.88,21.0,1125160
2023-06-16,20.8,21.59,20.4,21.5,841062
2023-06-19,21.3,22.44,20.91,22.36,1063966
2023-06-20,22.17,22.45,21.1,21.5,1055753
2023-06-21,21.41,21.7,20.58,20.59,744314
2023-06-26,20.06,20.28,18.52,18.55,1060311
2023-06-27,18.69,18.95,18.4,18.8,484322
2023-06-28,18.66,18.66,17.45,18.2,680569
2023-06-29,18.2,18.53,17.85,18.04,490455
2023-06-30,18.4,19.94,18.27,19.94,1039166
2023-07-03,20.85,21.31,20.24,20.36,1107756
2023-07-04,20.4,22.18,20.28,21.37,1282219
2023-07-05,22.46,23.45,21.75,21.81,1622074
2023-07-06,21.99,23.96,21.55,22.9,1474848
2023-07-07,22.6,22.88,21.12,21.9,1041043
2023-07-10,22.09,22.21,21.1,21.13,699282
2023-07-11,21.26,21.66,20.89,21.16,656199
2023-07-12,20.86,21.28,20.17,20.18,663174
2023-07-13,20.58,22.3,20.11,22.3,882860
2023-07-14,23.28,24.6,22.87,24.21,1740771
2023-07-17,24.57,24.96,23.66,24.25,906435
2023-07-18,23.88,24.73,23.4,23.52,679806
2023-07-19,23.52,24.4,23.24,23.42,597502
2023-07-20,23.43,23.43,21.54,21.61,807666
2023-07-21,21.55,22.21,21.09,21.64,566055
2023-07-24,21.65,23.9,21.48,23.19,1182420
2023-07-25,23.19,24.22,22.55,23.38,1153791
2023-07-26,23.15,23.29,21.78,22.18,856515
2023-07-27,22.01,22.25,21.22,21.39,579318
2023-07-28,21.39,21.6,20.78,21.0,577917
2023-07-31,21.0,21.2,20.1,20.93,657713
2023-08-01,21.19,22.0,20.35,21.71,991213
2023-08-02,21.37,21.84,20.88,21.49,609648
2023-08-03,21.16,21.61,20.71,20.81,588429
2023-08-04,20.82,22.26,20.62,21.98,831875
2023-08-07,21.95,23.01,21.87,22.24,759347
2023-08-08,22.07,22.43,21.43,21.44,470548
2023-08-09,21.32,21.48,20.38,20.4,559489
2023-08-10,20.2,20.75,19.59,20.74,545478
2023-08-11,20.53,21.12,20.18,20.27,405050
2023-08-14,19.54,20.52,18.9,20.44,658880
2023-08-15,20.6,21.35,20.1,20.45,518838
2023-08-16,20.13,21.08,19.97,20.4,494196
2023-08-17,20.1,20.69,19.8,20.58,421140
2023-08-18,20.49,20.72,19.4,19.42,505929
2023-08-21,19.33,19.98,19.27,19.61,362054
2023-08-22,20.01,21.66,19.78,21.09,859697
2023-08-23,20.69,20.78,19.65,19.7,523666
2023-08-24,20.6,20.97,19.98,20.23,631265
2023-08-25,19.7,19.77,18.4,18.57,775820
2023-08-28,19.68,19.98,18.82,19.24,573453
2023-08-29,19.1,20.21,18.81,19.93,564769
2023-08-30,19.92,20.85,19.9,20.27,548572
2023-08-31,19.98,20.48,19.86,20.13,311071
2023-09-01,20.0,20.39,19.79,19.81,268927
2023-09-04,19.9,20.48,19.69,20.46,435809
2023-09-05,20.3,20.33,19.21,19.48,560735
2023-09-06,19.3,19.44,18.87,19.18,343379
2023-09-07,19.01,19.15,18.57,18.58,372742
2023-09-08,18.5,18.86,18.35,18.6,267510
2023-09-11,18.6,19.46,18.2,19.09,409202
2023-09-12,18.93,19.65,18.88,19.17,415954
2023-09-13,18.92,18.97,18.06,18.22,442301
2023-09-14,18.34,18.53,18.14,18.25,238060
2023-09-15,18.36,18.5,17.72,17.87,337822
2023-09-18,17.77,18.13,17.61,17.7,312228
2023-09-19,17.69,18.54,17.42,18.51,669323
2023-09-20,18.48,19.58,18.3,18.88,803188
2023-09-21,18.6,19.38,18.53,18.91,549868
2023-09-22,18.91,20.9,18.75,20.9,1073802
2023-09-25,21.0,22.0,20.89,21.38,1180549
2023-09-26,21.66,22.47,21.59,21.66,784331
2023-09-27,21.67,21.8,21.25,21.28,473299
2023-09-28,21.7,22.0,21.32,21.51,547509
2023-10-09,21.52,21.8,21.02,21.33,339957
2023-10-10,21.5,21.5,20.93,21.26,368867
2023-10-11,21.25,21.8,20.96,21.42,549750
2023-10-12,21.51,21.77,21.08,21.38,299479
2023-10-13,21.1,21.25,20.7,20.88,340034
2023-10-16,20.74,20.93,20.1,20.3,327424
2023-10-17,20.3,20.39,19.7,20.03,253821
2023-10-18,19.69,19.7,18.0,19.08,802280
2023-10-19,18.85,19.5,18.68,19.01,412740
2023-10-20,18.95,19.33,18.51,18.59,292465
2023-10-23,18.58,18.94,18.3,18.4,263790
2023-10-24,18.7,19.83,18.7,19.13,473430
2023-10-25,19.11,19.48,18.1,18.19,618250
2023-10-26,18.3,18.58,17.8,18.45,381921
2023-10-27,18.2,18.67,18.12,18.52,338884
2023-10-30,18.52,19.03,18.23,18.95,533526
2023-10-31,18.81,19.03,18.2,18.54,358926
2023-11-01,18.65,18.65,18.14,18.19,274401
2023-11-02,18.38,19.21,18.38,18.7,507564
2023-11-03,18.52,19.14,18.37,18.93,398846
2023-11-06,19.1,19.65,18.95,19.62,481670
2023-11-07,19.5,20.66,19.1,20.05,548435
2023-11-08,19.81,20.2,19.6,20.0,335838
2023-11-09,19.91,21.5,19.91,20.5,507980
2023-11-10,20.57,21.08,20.2,20.52,336402
2023-11-13,20.71,21.5,20.58,20.76,429468
2023-11-14,20.76,21.1,20.4,20.64,297369
2023-11-15,20.87,21.02,20.4,20.66,279192
2023-11-16,20.32,20.4,19.95,19.96,266399
2023-11-17,19.78,20.42,19.77,20.26,277247
2023-11-20,20.0,20.3,19.75,20.03,250853
2023-11-21,20.1,20.44,19.87,19.89,253738
2023-11-22,19.74,19.88,19.53,19.55,183469
2023-11-23,19.54,19.76,19.33,19.69,147205
2023-11-24,19.54,19.62,19.0,19.09,212658
2023-11-27,19.09,19.42,19.04,19.36,169166
2023-11-28,19.36,19.61,19.17,19.56,167580
2023-11-29,19.47,19.69,19.39,19.52,134443
2023-11-30,19.52,19.87,19.25,19.67,181580
2023-12-01,19.62,20.21,19.4,20.02,234767
2023-12-04,20.15,20.3,19.81,19.82,185734
2023-12-05,19.7,19.7,19.13,19.16,161027
2023-12-06,19.16,19.22,18.91,18.95,153290
2023-12-07,19.0,20.0,18.99,19.91,319970
2023-12-08,19.92,22.0,19.91,21.42,669184
2023-12-11,20.9,21.3,20.4,21.3,410539
2023-12-12,21.22,21.8,21.2,21.44,288803
2023-12-13,21.36,21.49,21.2,21.2,146397
2023-12-14,21.26,21.48,20.77,20.82,168527
2023-12-15,20.84,21.0,20.38,20.54,148813
2023-12-18,20.4,20.78,20.25,20.54,170188
2023-12-19,20.53,21.08,20.43,20.66,158032
2023-12-20,20.66,20.78,20.16,20.47,180303
2023-12-21,20.37,20.95,20.16,20.64,175343
2023-12-22,20.55,20.85,20.08,20.31,173873
2023-12-25,20.19,21.02,20.18,20.98,211179
2023-12-26,21.02,21.42,20.8,21.38,407253
2023-12-27,21.39,21.39,20.56,20.86,292696
2023-12-28,20.78,21.56,20.66,21.22,281432
2023-12-29,21.22,21.6,20.95,21.12,327595
2024-01-02,21.1,21.36,20.91,21.02,159730
2024-01-03,20.9,21.09,20.3,20.6,230690
2024-01-04,20.55,20.59,20.1,20.47,143920
2024-01-05,20.5,20.5,19.43,19.55,252434
2024-01-08,19.5,19.55,18.95,18.96,187162
2024-01-09,19.4,20.39,19.3,19.96,344782
2024-01-10,19.75,19.82,19.18,19.43,169445
2024-01-11,19.37,20.04,19.15,19.45,225399
2024-01-12,19.3,19.38,19.01,19.15,174983
2024-01-15,19.02,19.44,19.0,19.39,145267
2024-01-16,19.28,19.88,19.2,19.73,225603
2024-01-17,19.59,20.45,19.58,19.72,272661
2024-01-18,19.6,20.94,19.31,20.88,374504
2024-01-19,20.89,22.41,20.82,21.62,524395
2024-01-22,22.05,22.64,20.93,21.06,409302
2024-01-23,20.97,22.2,20.82,21.69,356378
2024-01-24,21.67,21.7,20.88,21.55,259222
2024-01-25,21.31,22.38,21.25,22.26,347788
2024-01-26,21.81,22.0,20.57,20.71,414955
2024-01-29,20.6,20.6,18.73,18.82,578123
2024-01-30,18.53,19.46,18.45,18.82,313916
2024-01-31,18.63,19.32,18.43,18.71,293491
2024-02-01,18.55,20.3,18.24,19.53,467225
2024-02-02,19.72,20.42,19.08,19.59,334892
2024-02-05,19.4,20.5,18.98,19.82,393986
2024-02-06,19.4,21.9,19.3,21.9,593296
2024-02-07,21.99,22.75,21.78,22.39,597213
2024-02-08,22.26,24.73,22.13,23.99,736090
2024-02-19,24.59,26.49,24.22,26.49,1048127
2024-02-20,25.39,25.73,24.83,25.05,930455
2024-02-21,24.15,24.49,23.43,23.54,893349
2024-02-22,24.2,24.45,23.53,23.92,731335
2024-02-23,24.69,25.35,24.18,24.32,793282
2024-02-26,23.82,24.98,23.6,24.55,542762
2024-02-27,24.08,26.49,23.86,26.09,733396
2024-02-28,25.8,26.0,24.29,24.3,681591
2024-02-29,24.3,25.48,24.21,25.4,469650
2024-03-01,25.41,26.49,25.39,26.25,532346
2024-03-04,26.6,27.88,26.3,27.34,631784
2024-03-05,26.75,29.17,26.61,27.32,671539
2024-03-06,26.88,27.88,26.55,27.38,493239
2024-03-07,27.52,28.94,27.5,27.85,619294
2024-03-08,28.6,30.74,28.05,30.74,883071
2024-03-11,29.6,30.74,28.88,30.4,909378
2024-03-12,29.7,29.74,28.0,28.54,921288
2024-03-13,29.17,29.9,28.69,28.85,813329
2024-03-14,27.9,29.68,27.77,29.1,640082
2024-03-15,28.66,30.84,28.41,30.4,738549
2024-03-18,30.42,33.32,30.27,32.01,786774
2024-03-19,31.6,31.95,30.88,31.28,471585
2024-03-20,31.3,32.43,30.78,31.51,519888
2024-03-21,31.29,31.74,30.6,30.73,385699
2024-03-22,30.96,31.3,30.4,30.84,399252
2024-03-25,30.5,30.66,29.03,29.22,763241
2024-03-26,31.2,31.61,29.61,30.1,1076270
2024-03-27,29.92,30.35,28.39,29.08,679616
2024-03-28,29.1,30.44,28.95,29.46,806807
2024-03-29,29.0,29.4,28.4,29.18,451374
2024-04-01,29.2,30.8,28.77,30.8,662484
2024-04-02,30.7,31.1,29.44,29.74,517790
2024-04-03,29.38,29.6,28.4,28.62,552486
2024-04-08,28.3,29.68,28.02,29.02,463775
2024-04-09,28.88,29.16,28.26,28.74,305674
2024-04-10,28.7,28.7,27.7,28.12,388660
2024-04-11,28.31,28.98,27.76,27.79,336453
2024-04-12,28.16,30.3,28.16,29.24,706592
2024-04-15,28.91,29.93,28.75,29.52,470052
2024-04-16,29.0,30.0,28.4,28.78,467935
2024-04-17,29.0,30.22,28.69,30.21,558445
2024-04-18,29.7,30.46,29.29,29.92,451666
2024-04-19,29.65,29.85,28.36,28.97,444502
2024-04-22,26.8,27.93,25.97,27.71,638006
2024-04-23,28.35,29.4,28.22,28.55,515572
2024-04-24,29.06,30.58,28.14,30.44,690643
2024-04-25,30.0,30.37,29.76,30.11,383835
2024-04-26,30.98,32.89,30.9,32.16,730319
2024-04-29,32.43,33.22,32.0,32.53,488124
2024-04-30,32.52,33.66,32.23,32.5,503461
2024-05-06,33.2,33.39,32.02,32.1,464630
2024-05-07,32.42,32.95,31.15,31.58,473251
2024-05-08,31.28,32.02,31.0,31.39,322384
2024-05-09,31.16,31.34,30.51,31.14,364142
2024-05-10,30.9,30.9,29.91,30.39,364231
2024-05-13,30.51,31.27,30.31,30.86,349472
2024-05-14,31.12,31.77,30.29,30.38,379253
2024-05-15,30.11,31.66,30.1,30.86,384510
2024-05-16,31.6,32.48,31.35,31.88,543667
2024-05-17,31.53,31.71,30.63,31.41,399720
2024-05-20,31.3,32.3,30.86,32.05,356994
2024-05-21,32.05,32.37,31.74,32.07,297300
2024-05-22,31.83,32.2,31.43,31.58,267292
2024-05-23,32.1,32.38,31.15,31.65,341916
2024-05-24,31.65,32.83,30.61,30.74,480469
2024-05-27,30.99,31.74,30.62,31.65,402132
2024-05-28,31.39,31.78,30.52,30.6,336132
2024-05-29,30.95,31.23,30.55,30.59,248545
2024-05-30,30.42,30.9,29.96,30.65,205400
2024-05-31,30.38,31.14,29.98,30.75,223674
2024-06-03,30.8,33.78,30.8,32.95,725785
2024-06-04,32.75,33.39,32.6,33.11,373815
2024-06-05,33.12,33.42,32.42,32.49,307518
2024-06-06,33.3,34.6,33.1,33.63,585137
2024-06-07,33.29,33.66,31.71,32.25,431377
2024-06-11,32.18,32.78,31.81,32.41,275361
2024-06-12,32.38,32.99,32.05,32.39,291605
2024-06-13,32.85,34.6,32.84,33.92,561278
2024-06-14,33.78,37.36,33.78,36.56,880332
2024-06-17,37.0,37.79,36.18,37.25,564061
2024-06-18,36.9,38.78,36.9,38.0,528908
2024-06-19,38.1,38.29,37.1,37.25,323193
2024-06-20,37.08,37.58,36.56,36.65,271323
2024-06-21,36.1,36.99,35.9,36.6,241654
2024-06-24,36.4,37.59,36.17,36.41,334429
2024-06-25,35.77,35.95,34.83,35.07,413824
2024-06-26,35.8,36.49,35.2,36.3,335757
2024-06-27,35.98,36.67,35.4,35.55,275743
2024-06-28,35.41,36.75,35.28,36.0,355627
2024-07-01,35.62,37.48,35.53,36.95,354654
2024-07-02,36.65,37.3,36.03,36.37,277318
2024-07-03,36.2,36.64,35.79,36.34,206085
2024-07-04,36.7,37.48,36.36,36.81,317953
2024-07-05,36.68,37.74,35.23,37.6,351881
2024-07-08,37.19,38.02,36.9,37.39,256303
2024-07-09,37.49,40.04,37.04,39.94,442993
2024-07-10,39.86,41.46,39.0,40.75,517259
2024-07-11,40.75,41.0,38.9,40.69,462284
2024-07-12,38.9,40.22,38.11,39.75,345108
2024-07-15,38.5,39.03,37.5,38.63,486086
2024-07-16,38.5,39.5,37.65,39.21,443591
2024-07-17,38.81,38.81,35.42,35.46,765756
2024-07-18,34.93,35.8,33.93,35.74,606245
2024-07-19,35.31,35.73,34.41,34.8,391208
2024-07-22,34.52,35.68,34.1,35.23,353049
2024-07-23,35.94,36.3,34.88,34.91,382397
2024-07-24,34.5,35.95,34.34,34.45,348586
2024-07-25,33.38,33.91,32.5,32.9,483085
2024-07-26,32.74,33.38,32.0,33.02,417576
2024-07-29,32.95,34.01,32.34,33.57,354249
2024-07-30,33.3,33.37,32.06,32.17,363995
2024-07-31,31.74,33.23,31.51,32.98,506917
2024-08-01,34.5,34.82,33.48,33.59,467965
2024-08-02,32.3,32.55,31.23,31.41,604236
2024-08-05,30.07,30.92,29.51,29.51,596002
2024-08-06,30.79,31.11,30.09,30.69,473012
2024-08-07,30.5,31.6,30.19,31.01,349901
2024-08-08,30.5,30.93,30.01,30.35,252377
2024-08-09,30.98,32.5,30.69,31.91,474953
2024-08-12,31.61,32.78,31.53,32.34,333133
2024-08-13,32.53,33.89,32.15,32.54,438224
2024-08-14,33.0,33.6,32.3,32.31,331844
2024-08-15,32.15,32.7,31.84,32.01,217350
2024-08-16,32.36,33.6,32.36,33.24,390442
2024-08-19,33.1,33.6,32.71,33.05,242081
2024-08-20,33.47,33.7,32.68,32.96,188966
2024-08-21,32.51,33.58,32.42,32.98,229499
2024-08-22,32.98,33.84,32.12,33.67,343035
2024-08-23,33.46,33.49,32.34,32.92,359536
2024-08-26,33.09,33.25,32.0,32.33,232365
2024-08-27,31.76,32.21,31.43,31.6,247970
2024-08-28,31.49,32.63,31.3,31.76,206268
2024-08-29,30.5,30.69,29.36,30.3,474999
2024-08-30,30.1,32.3,30.07,32.01,555754
2024-09-02,33.6,33.88,32.1,32.32,585157
2024-09-03,32.1,33.66,32.1,33.5,479397
2024-09-04,32.0,32.61,31.01,32.15,498268
2024-09-05,32.05,33.5,31.82,32.77,385463
2024-09-06,32.5,32.77,30.11,30.2,603799
2024-09-09,29.59,30.03,29.16,29.5,333020
2024-09-10,29.6,30.66,29.4,30.39,324354
2024-09-11,30.39,31.1,30.3,30.53,233301
2024-09-12,31.53,32.5,31.29,31.35,450622
2024-09-13,31.16,33.65,31.16,33.47,712510
2024-09-18,32.95,33.53,32.53,32.92,275024
2024-09-19,33.0,33.09,31.51,31.68,430495
2024-09-20,31.9,32.16,31.5,31.65,243296
2024-09-23,31.57,32.6,31.21,31.67,307709
2024-09-24,31.79,34.65,31.44,34.5,600016
2024-09-25,34.78,35.2,33.33,33.5,626838
2024-09-26,33.9,34.38,33.21,34.38,454682
2024-09-27,34.4,36.6,34.05,36.02,721940
2024-09-30,36.75,39.67,35.82,39.66,929710
2024-10-08,43.68,43.68,38.8,43.68,941619
2024-10-09,43.5,46.36,40.51,43.6,917426
2024-10-10,43.6,43.88,40.18,41.29,681747
2024-10-11,40.38,43.0,39.93,41.34,519745
2024-10-14,41.34,42.36,39.78,42.21,534209
2024-10-15,41.9,42.7,41.03,41.04,416429
2024-10-16,39.3,40.08,38.76,39.0,457599
2024-10-17,39.5,40.54,39.41,39.81,392251
2024-10-18,39.79,43.83,39.79,42.63,694978
2024-10-21,43.48,43.59,41.75,42.27,597352
2024-10-22,42.55,43.7,42.2,42.78,409990
2024-10-23,42.0,42.65,40.81,41.26,451963
2024-10-24,40.98,42.72,40.65,41.83,367379
2024-10-25,42.86,45.08,42.51,43.78,712304
2024-10-28,43.47,43.53,41.3,41.49,831578
2024-10-29,41.5,41.59,39.6,40.8,668232
2024-10-30,40.46,41.02,40.15,40.51,366100
2024-10-31,40.38,40.8,39.3,40.37,481692
2024-11-01,39.8,40.23,38.92,38.92,433506
2024-11-04,38.91,40.78,38.85,40.28,409776
2024-11-05,40.22,41.42,40.01,41.01,453330
2024-11-06,41.01,41.21,39.62,39.88,530896
2024-11-07,39.51,40.43,39.0,40.17,448234
2024-11-08,40.36,41.28,39.73,39.81,509352
2024-11-11,39.61,40.91,38.27,40.68,688318
2024-11-12,40.75,41.46,39.7,40.37,517691
2024-11-13,40.0,42.0,39.69,41.99,810436
2024-11-14,41.7,41.7,40.39,40.5,423742
2024-11-15,40.22,40.9,38.4,38.49,427613
2024-11-18,38.49,39.18,36.81,37.25,375156
2024-11-19,37.48,38.64,37.25,38.46,279633
2024-11-20,38.65,39.12,38.19,38.41,287255
2024-11-21,38.12,38.38,37.5,37.94,326117
2024-11-22,37.88,38.08,36.14,36.14,360770
2024-11-25,36.14,36.3,34.75,35.1,431871
2024-11-26,35.08,36.65,35.0,36.14,342187
2024-11-27,35.99,37.47,35.31,37.25,376779
2024-11-28,37.25,37.28,36.15,36.3,309286
2024-11-29,36.3,37.5,36.13,36.82,348137
2024-12-02,37.49,38.29,37.36,37.6,345353
2024-12-03,37.5,37.9,37.11,37.61,234103
2024-12-04,37.53,37.67,36.72,37.0,201389
2024-12-05,37.06,38.5,37.06,37.91,362530
2024-12-06,37.9,38.7,37.9,38.03,264780
2024-12-09,38.07,38.07,37.12,37.47,223003
2024-12-10,38.19,38.38,36.02,36.15,624645
2024-12-11,35.85,36.58,35.53,36.29,356908
2024-12-12,36.3,37.06,36.05,36.67,429788
2024-12-13,36.31,38.05,36.28,37.4,1007502
2024-12-16,37.48,38.0,36.43,37.3,532795
2024-12-17,37.3,39.09,37.13,38.61,811739
2024-12-18,38.62,38.69,37.63,38.42,475287
2024-12-19,37.84,39.06,37.65,38.9,412595
2024-12-20,38.8,39.2,38.4,38.57,332905
2024-12-23,38.58,39.13,37.52,37.67,326162
2024-12-24,38.02,38.78,37.58,38.78,324823
2024-12-25,38.8,38.96,37.85,38.1,277901
2024-12-26,37.91,40.8,37.78,40.62,706535
2024-12-27,40.62,41.47,40.17,40.52,474530
2024-12-30,40.3,41.35,39.83,40.28,406482
2024-12-31,40.45,40.46,38.3,39.15,545722
2025-01-02,38.63,39.66,37.6,38.15,332668
2025-01-03,38.09,39.3,37.63,38.5,376441
2025-01-06,38.89,40.35,38.38,39.39,312104
2025-01-07,39.41,41.79,39.1,41.79,590902
2025-01-08,41.21,41.9,40.39,41.61,412981
2025-01-09,42.87,43.69,42.39,42.41,588658
2025-01-10,41.6,42.76,41.33,41.5,430616
2025-01-13,40.4,41.7,39.68,40.13,374649
2025-01-14,40.13,41.65,39.12,41.24,526972
2025-01-15,40.99,40.99,38.14,38.18,692650
2025-01-16,38.44,39.25,38.04,38.71,472322
2025-01-17,38.25,39.77,38.06,39.22,383053
2025-01-20,39.51,41.08,39.5,40.6,461035
2025-01-21,40.8,41.74,40.55,41.46,358626
2025-01-22,41.8,45.65,41.6,45.08,866419
2025-01-23,45.23,45.6,43.77,44.49,535627
2025-01-24,44.08,44.99,43.43,44.17,378779
2025-01-27,42.2,42.35,41.0,41.09,522001
2025-02-05,40.25,40.48,36.93,36.94,632253
2025-02-06,37.02,37.57,36.31,37.52,1042594
2025-02-07,37.57,39.47,37.57,38.6,961696
2025-02-10,38.7,38.8,37.88,38.69,516054
2025-02-11,38.57,39.5,38.5,39.09,489118
2025-02-12,38.88,39.3,38.68,39.19,461370
2025-02-13,39.05,39.05,37.51,37.65,696249
2025-02-14,37.86,39.11,37.84,38.28,655885
2025-02-17,38.2,40.79,38.17,40.03,825498
2025-02-18,39.9,42.0,39.61,41.19,749306
2025-02-19,41.16,41.38,40.41,41.24,444825
2025-02-20,41.24,41.94,40.55,41.84,465085
2025-02-21,41.82,42.87,41.48,41.99,553543
2025-02-24,41.5,41.5,39.38,39.49,800288
2025-02-25,38.95,39.05,38.17,38.38,686489
2025-02-26,38.45,39.37,37.81,39.0,622894
2025-02-27,39.08,39.18,37.0,37.48,966648
2025-02-28,36.4,36.4,33.79,34.57,1338578
2025-03-03,34.3,34.38,31.61,32.4,1258919
2025-03-04,30.88,33.2,30.88,33.11,797309
2025-03-05,33.1,33.94,32.99,33.38,568010
2025-03-06,33.51,34.35,33.29,34.07,557623
2025-03-07,33.5,33.85,32.57,32.86,659621
2025-03-10,32.97,33.47,32.84,33.29,417348
2025-03-11,32.72,34.3,32.4,34.0,663119
2025-03-12,34.06,35.5,33.61,34.88,928620
2025-03-13,35.05,35.24,34.11,34.2,577860
2025-03-14,34.21,35.5,34.16,35.27,803748
2025-03-17,35.76,35.9,34.82,35.39,667065
2025-03-18,35.42,36.69,35.0,36.2,868516
2025-03-19,35.7,35.7,34.5,34.61,899703
2025-03-20,34.6,34.63,33.9,34.1,429027
2025-03-21,33.86,34.42,33.5,33.62,396491
2025-03-24,33.51,34.29,33.15,33.98,393686
2025-03-25,34.12,34.54,33.38,33.48,367526
2025-03-26,33.32,33.5,32.84,32.9,394675
2025-03-27,32.61,32.82,31.82,32.5,515138
2025-03-28,32.5,32.87,32.02,32.02,422894
2025-03-31,31.69,32.8,31.65,32.3,390418
2025-04-01,32.47,32.6,32.1,32.17,303219
2025-04-02,32.28,32.97,32.18,32.78,405826
2025-04-03,31.79,32.08,30.22,30.29,871438
2025-04-07,27.21,27.34,27.21,27.21,213969
2025-04-08,25.47,26.6,24.44,24.44,768423
2025-04-09,23.1,25.28,23.08,24.91,1105088
2025-04-10,27.4,27.45,26.52,26.75,1054550
2025-04-11,26.2,27.71,26.18,27.18,814560
2025-04-14,28.21,28.41,27.35,27.46,666421
2025-04-15,27.3,27.39,26.84,27.04,418612
2025-04-16,26.81,26.85,25.54,25.94,651893
2025-04-17,25.84,26.35,25.84,25.92,381959
2025-04-18,26.05,27.38,25.8,27.23,740082
2025-04-21,27.22,27.62,26.79,27.61,510741
2025-04-22,27.33,27.44,26.85,26.86,469476
2025-04-23,27.4,28.05,27.23,27.59,746640
2025-04-24,27.64,27.64,27.0,27.12,375357
2025-04-25,27.37,29.72,27.37,28.7,1081626
2025-04-28,28.6,28.64,27.95,27.99,528354
2025-04-29,27.24,27.4,26.8,27.14,573923
2025-04-30,27.1,27.63,26.9,27.4,422285
2025-05-06,27.86,29.89,27.85,29.53,1026014
2025-05-07,29.76,30.3,29.17,29.44,533971
2025-05-08,29.96,31.27,29.73,30.9,960625
2025-05-09,30.6,31.07,30.39,30.57,492179
2025-05-12,31.1,31.68,30.5,31.18,758303
2025-05-13,31.78,31.8,30.58,30.78,536286
2025-05-14,31.2,32.45,31.19,31.64,892809
2025-05-15,31.51,31.54,30.9,30.9,420164
2025-05-16,30.6,31.3,30.53,30.84,304919
2025-05-19,30.7,30.85,30.01,30.5,360693
2025-05-20,30.5,30.8,30.07,30.73,288837
2025-05-21,30.53,31.08,30.36,30.9,286271
2025-05-22,30.7,31.77,30.6,31.19,462692
2025-05-23,31.08,31.52,30.47,30.47,383426
2025-05-26,30.35,30.98,30.25,30.54,329617
2025-05-27,30.3,30.39,29.04,29.2,508126
2025-05-28,29.35,30.1,29.35,30.06,501649
2025-05-29,30.3,31.6,30.3,31.23,660377
2025-05-30,31.0,31.09,30.43,30.98,446352
2025-06-03,30.65,31.59,30.56,31.07,358331
2025-06-04,31.63,33.33,31.61,33.19,1174620
2025-06-05,33.2,35.25,33.1,35.14,1307816
2025-06-06,34.98,35.83,34.81,35.43,802798
2025-06-09,36.01,37.12,35.95,36.41,1006739
2025-06-10,36.1,37.53,35.81,36.87,928106
2025-06-11,36.88,37.49,36.54,36.73,593140
2025-06-12,36.52,38.8,36.49,38.05,833474
2025-06-13,37.9,39.35,37.59,38.62,587761
2025-06-16,38.99,40.76,38.7,40.28,787388
2025-06-17,40.68,40.95,39.45,40.58,729090
2025-06-18,40.68,44.64,40.68,44.64,1136845
2025-06-19,45.49,45.9,43.98,44.27,1147129
2025-06-20,44.06,44.44,42.39,43.21,914316
2025-06-23,42.44,43.21,41.0,42.45,818691
2025-06-24,42.68,43.09,41.71,42.0,633377
2025-06-25,42.88,43.81,41.8,42.33,716900
2025-06-26,43.35,43.48,41.52,41.95,791349
2025-06-27,41.66,43.5,41.51,42.8,710909
2025-06-30,43.08,43.3,41.93,42.58,690953
2025-07-01,42.0,44.69,41.98,44.11,730792
2025-07-02,43.39,43.4,42.06,42.51,566937
2025-07-03,42.91,44.68,42.9,44.41,773346
2025-07-04,46.7,48.51,46.59,47.3,1011468
2025-07-07,47.2,48.11,45.23,45.8,639771
2025-07-08,45.45,49.37,45.37,49.07,889991
2025-07-09,48.87,49.29,47.48,47.81,669887
2025-07-10,48.4,48.55,45.92,47.25,680527
2025-07-11,47.1,49.2,46.78,47.26,660824
2025-07-14,47.3,48.55,47.21,48.01,437255
2025-07-15,48.99,51.55,48.25,51.44,980748
2025-07-16,51.9,51.95,48.86,48.91,702764
2025-07-17,48.8,53.66,48.65,53.11,884652
2025-07-18,53.51,55.09,51.97,52.1,664821
2025-07-21,51.89,52.44,50.4,51.49,621631
2025-07-22,51.26,53.46,50.59,51.45,636862
2025-07-23,50.5,50.72,49.3,49.66,689649
2025-07-24,50.66,51.16,48.9,49.69,571444
2025-07-25,49.39,50.36,49.12,49.54,311958
2025-07-28,49.91,53.32,49.13,52.74,841264
2025-07-29,53.1,55.54,52.56,55.18,795814
2025-07-30,54.68,54.78,53.22,54.48,511114
2025-07-31,56.2,58.59,55.67,56.27,836063
2025-08-01,55.31,56.78,53.21,53.85,672200
2025-08-04,52.93,54.21,52.2,53.94,453269
2025-08-05,54.69,55.26,51.7,52.58,567905
2025-08-06,52.09,54.13,51.8,52.58,471140
2025-08-07,52.58,53.44,50.1,51.22,744866
2025-08-08,51.01,51.86,50.24,51.08,417591
2025-08-11,51.0,52.69,50.83,52.03,522156
2025-08-12,52.07,53.18,51.5,52.98,600141
2025-08-13,53.86,58.28,53.0,58.28,1102026
2025-08-14,57.98,57.98,54.94,55.07,756850
2025-08-15,54.88,57.05,54.4,55.35,667918
2025-08-18,55.33,57.5,53.58,55.96,771211
2025-08-19,55.83,57.62,54.26,54.95,732527
2025-08-20,53.63,55.25,51.4,54.65,543146
2025-08-21,54.68,55.0,51.7,53.57,796534
2025-08-22,53.55,56.9,53.02,55.63,957338
2025-08-25,56.32,58.48,54.69,57.95,1045457
2025-08-26,57.75,59.5,57.01,57.65,696686
2025-08-27,57.41,61.67,57.41,58.89,971258
2025-08-28,59.18,64.24,58.42,64.12,1009704
2025-08-29,64.5,70.0,63.2,68.79,979239
2025-09-01,69.18,71.5,66.33,69.8,916326
2025-09-02,69.2,72.21,65.42,67.22,971940
2025-09-03,66.56,67.58,64.65,65.98,674717
2025-09-04,66.43,67.49,59.38,59.38,868580
2025-09-05,58.69,64.56,58.69,64.14,994750
2025-09-08,63.97,63.97,59.08,60.37,832911
2025-09-09,59.1,60.3,58.14,59.39,545615
2025-09-10,61.01,64.45,61.01,63.48,929521
2025-09-11,65.9,69.83,65.9,69.83,835870
2025-09-12,69.6,73.0,69.1,71.9,901397
2025-09-15,70.9,70.9,68.37,68.94,601322
2025-09-16,68.86,74.2,68.86,72.0,648366
2025-09-17,72.0,72.81,69.2,70.9,478404
2025-09-18,70.14,77.98,70.01,75.42,874856
2025-09-19,76.1,77.58,74.6,75.9,523296
2025-09-22,76.28,81.2,74.0,80.06,612339
2025-09-23,82.98,84.45,75.05,77.9,805348
2025-09-24,76.02,76.68,73.43,74.45,597087
2025-09-25,74.7,76.29,72.69,74.71,522537
2025-09-26,74.64,74.92,71.88,72.02,492167
2025-09-29,71.8,74.42,71.5,74.31,433007
2025-09-30,74.67,75.39,72.69,73.47,364536
2025-10-09,74.71,77.25,73.8,73.95,528217
2025-10-10,73.06,76.69,71.31,72.76,460838
2025-10-13,67.0,71.2,66.99,70.5,522841
2025-10-14,71.9,72.6,65.38,65.8,638678
2025-10-15,65.8,68.45,65.06,68.19,415782
2025-10-16,67.8,68.71,66.88,67.25,299100
2025-10-17,66.8,66.91,64.0,64.17,465957
2025-10-20,65.31,68.75,65.31,66.95,478374
2025-10-21,66.93,70.35,65.85,70.05,606025
2025-10-22,69.15,71.49,69.0,69.95,353781
2025-10-23,69.33,69.6,67.2,68.09,285454
2025-10-24,70.04,73.18,69.78,73.11,603589
2025-10-27,75.6,78.2,74.3,77.51,665757
2025-10-28,76.2,81.12,76.1,80.0,710203
2025-10-29,82.46,83.12,78.3,79.38,727189
2025-10-30,79.3,80.3,75.67,75.7,621184
2025-10-31,75.27,76.22,70.65,70.96,639764
2025-11-03,70.07,71.66,68.9,71.63,541924
2025-11-04,71.5,73.52,70.38,71.0,454190
2025-11-05,68.02,70.97,67.44,70.39,469480
2025-11-06,70.81,72.95,70.09,72.51,485588
2025-11-07,71.22,71.25,68.6,69.44,460990
2025-11-10,68.78,69.66,66.0,67.59,501011
2025-11-11,68.9,69.04,65.15,65.48,450637
2025-11-12,64.31,65.29,63.07,64.12,547662
2025-11-13,63.98,64.97,63.02,64.46,363476
2025-11-14,62.6,62.8,61.61,61.61,434686
2025-11-17,62.1,64.29,61.81,62.4,414379
2025-11-18,61.89,64.68,61.72,63.02,421166
2025-11-19,63.5,64.95,63.02,63.58,424297
2025-11-20,65.8,66.75,63.86,64.94,544469
2025-11-21,62.6,64.0,61.4,61.5,478256
2025-11-24,62.5,63.45,59.56,60.86,522416
2025-11-25,62.54,66.95,62.44,66.95,622408
2025-11-26,68.0,73.65,67.1,72.83,1511731
2025-11-27,71.36,74.0,69.93,70.13,1160970
2025-11-28,69.88,70.36,68.01,69.45,599522
2025-12-01,69.65,72.8,69.12,72.09,797537
2025-12-02,71.95,72.7,70.51,70.93,477305
2025-12-03,70.85,73.75,70.78,71.54,603878
2025-12-04,70.85,72.14,69.3,70.77,426309
2025-12-05,71.0,71.0,68.01,68.53,641343
2025-12-08,68.6,72.0,67.72,71.26,743113
2025-12-09,70.81,75.48,70.3,73.85,1059359
2025-12-10,73.3,73.99,69.96,72.59,710156
2025-12-11,72.21,73.16,70.4,70.42,470259
2025-12-12,70.29,72.24,68.18,70.77,564894
2025-12-15,69.53,71.44,68.23,68.63,469940
2025-12-16,68.0,69.98,67.59,68.39,519179
2025-12-17,68.45,72.0,68.22,72.0,692376
2025-12-18,70.33,70.4,68.05,68.11,657980
2025-12-19,69.0,69.28,67.5,67.52,384221
2025-12-22,68.35,71.97,68.29,71.39,814326
2025-12-23,71.39,73.71,70.9,71.42,601092
2025-12-24,72.52,73.95,71.0,73.21,658731
2025-12-25,73.14,73.91,71.62,72.44,421199
2025-12-26,72.3,73.33,70.59,71.78,414560
2025-12-29,71.65,77.74,71.2,76.74,1025432
2025-12-30,76.5,77.58,74.33,74.59,699229
2025-12-31,75.43,76.23,72.58,73.07,561059
