date,open,high,low,close,volume
2015-01-05,8.09,8.09,8.09,8.09,1018
2015-01-06,9.21,9.21,9.21,9.21,13334
2015-01-07,10.44,10.44,10.44,10.44,2293
2015-01-08,11.79,11.79,11.79,11.79,4286
2015-01-09,13.28,13.28,13.28,13.28,10589
2015-01-12,14.92,14.92,14.92,14.92,27964
2015-01-13,16.72,16.72,16.72,16.72,48791
2015-01-14,18.7,18.7,18.7,18.7,1887530
2015-01-15,18.58,20.88,18.02,20.88,7469779
2015-01-16,20.65,21.83,20.14,20.59,4967086
2015-01-19,18.51,19.47,18.22,18.22,3825089
2015-01-20,18.91,20.2,18.57,20.09,4458665
2015-01-21,20.11,22.11,19.41,21.02,4075936
2015-01-22,20.62,21.01,20.13,20.76,2338870
2015-01-23,21.05,21.76,20.12,20.51,2554175
2015-01-26,20.05,20.2,19.04,19.84,2117007
2015-01-27,19.71,19.91,18.87,19.12,1606414
2015-01-28,18.93,19.84,18.81,19.21,1418588
2015-01-29,18.81,19.36,18.32,18.76,1299864
2015-01-30,18.93,19.14,17.92,18.0,1099745
2015-02-02,17.01,17.76,16.99,17.31,927862
2015-02-03,17.66,18.47,17.33,18.3,1198594
2015-02-04,18.26,18.41,17.38,17.41,1180967
2015-02-05,18.2,18.21,17.19,17.2,1047161
2015-02-06,16.93,17.49,16.81,17.05,689312
2015-02-09,16.91,18.07,16.87,17.69,1067787
2015-02-10,17.51,17.85,17.21,17.51,868595
2015-02-11,17.51,17.84,17.22,17.75,699712
2015-02-12,17.71,18.36,17.42,18.17,825231
2015-02-13,18.31,18.48,18.0,18.07,888998
2015-02-16,18.0,18.11,17.75,17.95,601272
2015-02-17,18.03,18.37,17.95,18.05,550283
2015-02-25,17.98,17.98,17.37,17.38,525693
2015-02-26,17.38,18.36,17.22,18.12,921573
2015-02-27,18.0,18.26,17.91,17.98,669583
2015-03-02,18.31,18.76,18.09,18.3,973371
2015-03-03,18.14,18.15,17.42,17.45,856211
2015-03-04,17.4,17.65,17.28,17.47,461863
2015-03-05,17.37,17.66,17.26,17.6,533162
2015-03-06,17.56,17.83,17.27,17.3,485072
2015-03-09,16.9,16.9,16.25,16.7,748724
2015-03-10,16.61,16.95,16.41,16.64,507858
2015-03-11,16.62,16.91,16.37,16.4,428176
2015-03-12,16.48,16.91,16.38,16.76,565720
2015-03-13,16.99,17.26,16.74,16.84,471607
2015-03-16,17.03,17.87,16.81,17.62,987002
2015-03-17,18.01,18.35,17.68,18.15,1348996
2015-03-18,18.26,18.56,18.26,18.56,1133253
2015-03-19,18.68,18.68,18.26,18.41,892376
2015-03-20,18.46,20.43,18.24,19.52,1751454
2015-03-23,19.72,19.88,19.33,19.65,1159719
2015-03-24,19.67,19.67,18.51,19.0,1090518
2015-03-25,19.0,19.45,18.71,19.05,801632
2015-03-26,18.9,19.69,18.71,18.99,869131
2015-03-27,18.92,19.3,18.81,18.99,490478
2015-03-30,19.11,19.55,18.83,19.32,922451
2015-03-31,19.62,20.36,19.01,19.09,1224592
2015-04-01,19.27,19.66,19.06,19.49,932394
2015-04-02,19.79,19.84,19.16,19.47,858628
2015-04-03,19.32,21.66,19.27,21.44,2415351
2015-04-07,21.51,22.64,21.07,22.31,2057669
2015-04-08,22.36,24.85,22.36,24.85,2173699
2015-04-09,25.9,27.64,25.41,25.91,2841587
2015-04-10,26.12,28.81,25.91,28.41,2439332
2015-04-13,27.91,28.09,26.67,27.44,1973860
2015-04-14,26.92,27.1,25.82,26.74,1442974
2015-04-15,26.21,27.06,25.78,25.79,891317
2015-04-16,25.01,26.39,24.99,25.79,749883
2015-04-17,26.3,27.9,26.08,26.46,1116526
2015-04-29,26.31,26.38,24.79,25.61,1023712
2015-04-30,25.73,27.97,25.73,26.11,1032916
2015-05-04,25.91,27.6,25.69,27.01,1018203
2015-05-05,26.91,27.91,24.93,25.32,1183322
2015-05-06,25.47,26.16,24.21,24.56,894809
2015-05-07,24.28,25.26,24.26,24.86,695787
2015-05-08,25.59,25.68,24.16,25.03,787547
2015-05-11,25.21,26.4,24.79,26.28,1011132
2015-05-12,26.19,27.86,25.62,26.83,1187237
2015-05-13,26.42,26.8,25.66,25.91,784954
2015-05-14,25.96,26.37,25.53,25.79,598675
2015-05-15,25.57,25.58,24.47,24.7,732608
2015-05-18,24.38,25.15,24.11,24.5,533318
2015-05-19,24.45,27.26,24.41,26.95,1681602
2015-05-20,26.61,26.87,25.7,26.0,1343502
2015-05-21,25.99,26.6,25.63,26.33,803791
2015-05-22,26.76,28.77,26.41,28.39,1760438
2015-05-25,28.81,31.54,28.81,31.52,2463180
2015-05-26,30.71,31.85,29.71,31.62,2071905
2015-05-27,31.21,31.59,30.42,30.7,1189503
2015-05-28,30.6,31.41,27.35,27.37,1454692
2015-05-29,27.36,28.28,25.92,26.85,1112205
2015-06-01,26.9,29.17,26.47,28.51,1033350
2015-06-02,28.16,28.65,27.42,28.12,833684
2015-06-03,28.14,28.73,27.59,27.89,801896
2015-06-04,27.91,29.38,26.73,29.11,1180486
2015-06-05,29.96,30.5,28.02,29.01,1211032
2015-06-08,29.03,31.01,28.42,30.62,1453167
2015-06-09,30.73,31.11,29.2,29.58,966194
2015-06-10,28.91,29.46,28.6,28.87,737543
2015-06-11,28.68,28.87,27.91,28.3,644483
2015-06-12,28.33,29.28,28.33,28.59,684985
2015-06-15,29.21,29.6,28.64,28.91,988757
2015-06-16,28.51,29.49,27.36,27.6,733435
2015-06-17,27.6,27.81,26.03,27.26,658800
2015-06-18,26.87,27.09,25.49,25.61,488018
2015-06-19,25.23,26.15,24.22,24.24,616872
2015-06-23,24.42,25.46,22.92,25.4,554473
2015-06-24,25.61,25.7,24.71,25.51,545268
2015-06-25,25.44,26.08,24.51,24.75,543860
2015-06-26,24.05,25.29,21.99,22.06,809570
2015-06-29,22.86,22.91,19.57,19.92,1004989
2015-06-30,19.93,22.2,18.71,22.2,942167
2015-07-01,22.04,23.39,21.2,21.41,968623
2015-07-02,22.41,22.96,20.14,21.47,852867
2015-07-03,21.51,22.32,19.42,20.16,715505
2015-07-06,22.47,22.47,20.11,21.54,987876
2015-07-07,20.81,21.66,19.1,20.81,1390289
2015-07-08,18.44,18.91,18.44,18.44,529980
2015-07-09,18.11,20.57,16.31,20.57,1669059
2015-07-10,20.03,22.89,19.31,22.53,1842993
2015-07-13,21.81,23.71,21.31,22.43,1599294
2015-07-14,21.59,22.07,20.12,20.51,1052343
2015-07-15,20.01,20.69,18.17,18.17,848928
2015-07-16,18.17,18.9,17.16,18.22,574933
2015-07-17,18.51,19.67,18.22,19.29,608353
2015-07-20,19.29,19.59,18.52,18.7,591432
2015-07-21,18.41,19.51,18.07,18.94,680764
2015-07-22,18.7,19.2,18.34,18.65,471266
2015-07-23,18.76,19.52,18.73,19.4,724049
2015-07-24,19.92,20.1,18.95,19.06,815623
2015-07-27,18.51,18.88,16.87,16.87,730695
2015-07-28,16.28,18.85,15.32,18.85,1480807
2015-07-29,19.61,19.89,18.62,19.69,1374491
2015-07-30,19.21,19.62,18.11,18.17,926475
2015-07-31,17.91,19.3,17.74,18.92,926731
2015-08-03,18.13,19.89,18.01,19.88,1020389
2015-08-04,19.7,20.38,19.0,20.15,947992
2015-08-05,19.82,20.01,19.22,19.25,548609
2015-08-06,18.81,19.1,18.31,18.36,410098
2015-08-07,18.63,19.04,18.46,18.67,402274
2015-08-10,18.71,20.51,18.51,20.09,821366
2015-08-11,19.81,20.14,19.5,19.55,542170
2015-08-12,19.21,20.46,19.12,19.57,564800
2015-08-13,19.63,20.36,19.39,20.01,473160
2015-08-14,20.21,20.43,19.88,20.1,586089
2015-08-17,20.03,20.12,19.19,19.58,417139
2015-08-18,19.67,20.51,17.35,17.56,850310
2015-08-19,17.06,17.85,16.43,17.77,501975
2015-08-20,17.43,17.61,16.91,16.91,362904
2015-08-21,16.48,17.01,15.21,15.42,374127
2015-08-24,14.79,14.79,13.59,13.59,422795
2015-08-25,11.99,12.72,11.94,11.99,594175
2015-08-26,12.36,12.72,10.99,11.41,636173
2015-08-27,11.86,12.31,10.87,12.23,505563
2015-08-28,12.41,13.09,12.19,12.85,652235
2015-08-31,12.96,12.96,11.53,12.48,568017
2015-09-01,12.11,13.33,11.41,13.31,840891
2015-09-02,12.61,14.14,12.41,14.04,1185435
2015-09-07,13.69,14.48,13.29,13.35,397425
2015-09-08,13.01,13.71,12.33,13.63,365529
2015-09-09,13.56,14.46,13.22,13.9,466214
2015-09-10,13.43,13.61,13.11,13.17,249359
2015-09-11,13.17,13.4,12.82,13.01,171619
2015-09-14,13.01,13.1,11.42,11.61,296307
2015-09-15,11.37,11.84,10.88,10.94,237899
2015-09-16,11.06,12.31,10.92,12.02,245531
2015-09-17,11.86,12.26,11.57,11.57,229863
2015-09-18,11.69,11.8,11.47,11.59,124111
2015-09-21,11.43,12.04,11.31,11.97,166891
2015-09-22,12.05,13.25,11.94,12.66,377944
2015-09-23,12.26,12.53,12.05,12.11,214728
2015-09-24,12.21,12.39,12.02,12.24,135766
2015-09-25,12.11,12.26,11.43,11.55,130868
2015-09-28,11.61,11.91,11.44,11.83,91884
2015-09-29,11.61,12.35,11.4,11.86,176982
2015-09-30,11.78,12.31,11.72,11.9,169730
2015-10-08,12.71,12.86,12.28,12.29,295547
2015-10-09,12.31,12.96,12.29,12.83,323524
2015-10-12,12.76,14.04,12.62,13.62,500014
2015-10-13,13.31,13.46,13.15,13.41,279573
2015-10-14,13.25,13.76,13.12,13.12,311912
2015-10-15,13.06,13.58,13.01,13.53,283936
2015-10-16,13.69,14.06,13.52,13.83,434271
2015-10-19,13.89,15.22,13.89,14.4,644049
2015-10-20,14.36,14.59,14.12,14.55,301725
2015-10-21,14.56,14.78,13.11,13.29,426061
2015-10-22,13.31,13.67,12.93,13.6,284423
2015-10-23,13.74,14.06,13.27,13.91,336772
2015-10-26,14.1,14.69,13.75,13.86,653374
2015-10-27,13.56,13.62,12.82,13.57,422215
2015-10-28,13.51,13.72,13.11,13.21,261685
2015-10-29,13.3,13.41,13.12,13.3,177451
2015-10-30,13.33,14.07,13.03,13.59,458732
2015-11-02,13.21,13.66,13.11,13.23,257571
2015-11-03,13.31,13.56,13.22,13.39,210242
2015-11-04,13.46,15.02,13.46,15.02,916471
2015-11-05,15.86,16.81,15.63,16.26,1455344
2015-11-06,16.08,18.18,15.67,18.18,1439282
2015-11-09,18.49,19.4,17.81,18.02,1452866
2015-11-10,17.51,20.1,17.41,18.73,1145478
2015-11-11,18.31,20.21,18.11,19.86,908680
2015-11-12,20.11,20.11,18.83,19.17,751708
2015-11-13,18.88,19.76,18.67,19.03,769483
2015-11-16,18.31,18.66,17.96,18.39,566723
2015-11-17,18.76,20.52,18.68,19.38,1319609
2015-11-18,19.21,19.49,17.41,17.71,811436
2015-11-19,17.81,18.23,17.41,18.2,404698
2015-11-20,18.11,18.18,17.69,17.91,320990
2015-11-23,18.16,19.73,18.02,18.26,595354
2015-11-24,17.88,19.11,17.61,18.96,498219
2015-11-25,18.59,19.09,18.42,18.95,412688
2015-11-26,19.3,19.93,18.61,18.73,490870
2015-11-27,17.76,18.1,16.57,16.57,839205
2015-11-30,16.41,16.59,15.02,16.03,564337
2015-12-01,15.91,16.07,15.31,15.86,412847
2015-12-02,15.8,17.08,15.64,16.91,515004
2015-12-03,16.71,17.29,16.5,16.91,357361
2015-12-04,16.8,16.8,16.09,16.2,319607
2015-12-07,16.21,16.29,15.81,16.05,206388
2015-12-08,15.91,16.26,15.73,15.79,238080
2015-12-09,15.68,16.04,15.61,15.76,158319
2015-12-10,15.9,16.8,15.72,15.84,360215
2015-12-11,15.56,16.31,15.37,15.91,262742
2015-12-14,15.7,17.61,15.61,17.41,551551
2015-12-15,17.4,17.4,16.71,16.85,440740
2015-12-16,16.97,17.31,16.75,16.87,253809
2015-12-17,17.11,17.5,16.92,17.19,441974
2015-12-18,17.17,17.27,16.91,17.01,242844
2015-12-21,16.86,17.67,16.86,17.27,339023
2015-12-22,17.29,17.5,17.04,17.42,285721
2015-12-23,17.54,18.97,17.41,17.98,833868
2015-12-24,17.7,17.79,17.0,17.3,361495
2015-12-25,17.22,17.47,17.01,17.21,211800
2015-12-28,17.33,17.43,16.59,16.59,275293
2015-12-29,16.52,16.95,16.52,16.88,201818
2015-12-30,16.88,16.98,16.51,16.81,183804
2015-12-31,16.82,17.32,16.82,16.86,214354
2016-01-04,17.08,17.15,14.89,14.99,224529
2016-01-05,14.19,15.4,14.11,15.13,282207
2016-01-06,15.13,15.53,14.91,15.36,204438
2016-01-07,14.95,15.04,13.62,13.7,51562
2016-01-08,14.21,14.99,13.42,14.07,411327
2016-01-11,13.51,13.85,12.67,12.69,267473
2016-01-12,13.1,13.45,12.69,12.96,220185
2016-01-13,13.26,13.39,12.91,13.13,250964
2016-01-14,12.8,14.2,12.61,14.01,380623
2016-01-15,13.67,13.88,13.07,13.35,316461
2016-01-18,12.99,13.57,12.91,13.33,202996
2016-01-19,13.29,13.96,13.14,13.94,313683
2016-01-20,13.81,14.17,13.68,13.95,303604
2016-01-21,13.63,14.08,12.96,13.01,216984
2016-01-22,13.26,13.41,12.76,13.26,159459
2016-01-25,13.42,13.79,13.24,13.42,159299
2016-01-26,13.19,13.32,11.8,11.8,297697
2016-01-27,11.85,12.09,10.87,11.36,266258
2016-01-28,11.28,11.79,10.88,10.95,226990
2016-01-29,11.03,11.81,10.99,11.7,311228
2016-02-01,11.68,11.86,11.39,11.64,224404
2016-02-02,11.76,12.18,11.67,12.1,200961
2016-02-03,11.86,12.1,11.66,11.97,158380
2016-02-04,12.04,12.31,12.0,12.16,144500
2016-02-05,11.91,12.02,11.64,11.66,150529
2016-02-15,11.09,11.45,11.09,11.35,103442
2016-02-16,11.43,12.01,11.43,11.92,173193
2016-02-17,11.86,12.25,11.8,12.05,174426
2016-02-18,12.21,12.5,12.01,12.02,173666
2016-02-19,12.01,12.18,11.94,12.05,123186
2016-02-22,12.31,12.78,12.17,12.56,248583
2016-02-23,12.6,12.6,12.21,12.39,154263
2016-02-24,12.39,12.58,12.09,12.46,146637
2016-02-25,12.41,12.44,11.07,11.21,224088
2016-02-26,11.42,11.5,11.07,11.31,136640
2016-02-29,11.21,11.28,10.39,10.61,194612
2016-03-01,10.76,11.46,10.56,11.12,196252
2016-03-02,11.02,11.99,11.02,11.92,254826
2016-03-03,11.86,12.21,11.71,11.75,234184
2016-03-04,11.67,12.06,11.52,11.78,347961
2016-03-07,12.06,12.4,11.82,11.98,200998
2016-03-08,11.96,11.97,11.36,11.87,152569
2016-03-09,11.59,11.91,11.39,11.49,138797
2016-03-10,11.51,11.64,11.17,11.21,113819
2016-03-11,11.19,11.54,11.03,11.31,108848
2016-03-14,11.52,12.0,11.46,11.81,215428
2016-03-15,11.81,11.82,11.52,11.62,112328
2016-03-16,11.7,11.86,11.44,11.5,117148
2016-03-17,11.61,12.18,11.54,11.96,257702
2016-03-18,12.07,12.83,12.03,12.64,406001
2016-03-21,13.16,14.19,13.15,14.19,859047
2016-03-22,13.92,14.19,13.48,13.56,490482
2016-03-23,13.43,13.99,13.37,13.88,328526
2016-03-24,13.51,13.64,13.1,13.1,301907
2016-03-25,13.06,13.42,13.03,13.33,205125
2016-03-28,13.39,13.77,13.02,13.12,260011
2016-03-29,13.2,13.29,12.81,12.92,210479
2016-03-30,13.11,13.5,13.11,13.45,217096
2016-03-31,13.5,13.89,13.42,13.53,267852
2016-04-01,13.43,13.68,13.11,13.38,167664
2016-04-05,13.29,13.86,13.29,13.69,262470
2016-04-06,13.63,13.78,13.45,13.62,181497
2016-04-07,13.68,13.76,13.25,13.28,185642
2016-04-08,13.17,13.21,12.83,13.0,172904
2016-04-11,13.61,13.81,13.37,13.47,284760
2016-04-12,13.42,13.42,13.09,13.25,145032
2016-04-13,13.42,14.04,13.42,13.69,407359
2016-04-14,13.79,13.88,13.53,13.72,193598
2016-04-15,13.72,13.75,13.53,13.59,127500
2016-04-18,13.51,13.51,13.1,13.29,194999
2016-04-19,13.34,13.4,13.09,13.23,166880
2016-04-20,13.27,13.31,12.31,12.61,257694
2016-04-21,12.56,12.81,12.42,12.46,132593
2016-04-22,12.39,12.59,12.33,12.55,83242
2016-04-25,12.51,12.79,12.33,12.61,136020
2016-04-26,12.63,12.85,12.49,12.76,101502
2016-04-27,12.76,12.79,12.54,12.62,86339
2016-04-28,12.62,12.7,12.29,12.49,118976
2016-04-29,12.44,12.5,12.35,12.44,71847
2016-05-03,12.45,12.92,12.4,12.85,166172
2016-05-04,12.76,12.85,12.68,12.72,94686
2016-05-05,12.73,12.82,12.62,12.77,85456
2016-05-06,12.83,12.87,12.21,12.21,144023
2016-05-09,12.12,12.12,11.48,11.58,154149
2016-05-10,11.53,11.71,11.39,11.51,98494
2016-05-11,11.61,11.66,11.41,11.43,87250
2016-05-12,11.3,11.77,11.14,11.72,157776
2016-05-13,11.61,11.93,11.57,11.62,132381
2016-05-16,11.53,11.85,11.43,11.72,76349
2016-05-17,11.74,11.99,11.53,11.73,98076
2016-05-18,11.6,11.79,11.39,11.66,162417
2016-05-19,11.62,11.79,11.54,11.61,73852
2016-05-20,11.59,11.77,11.47,11.77,73055
2016-05-23,11.78,11.86,11.71,11.79,83035
2016-05-24,11.79,11.79,11.46,11.5,63597
2016-05-25,11.61,11.78,11.53,11.55,68281
2016-05-26,11.54,11.63,11.31,11.53,64292
2016-05-27,11.53,11.86,11.46,11.73,86690
2016-05-30,11.57,11.84,11.47,11.71,86506
2016-05-31,11.75,12.76,11.67,12.75,374892
2016-06-01,12.73,12.83,12.35,12.39,260427
2016-06-02,12.4,12.58,12.32,12.53,156308
2016-06-03,12.55,12.78,12.39,12.59,209949
2016-06-06,12.51,12.6,12.4,12.43,125533
2016-06-07,12.37,12.59,12.37,12.5,97085
2016-06-08,12.5,12.76,12.43,12.68,180552
2016-06-13,12.41,13.17,12.36,12.42,328629
2016-06-14,12.4,13.46,12.29,13.3,500666
2016-06-15,12.93,14.06,12.93,13.52,566887
2016-06-16,13.35,13.57,13.18,13.19,271780
2016-06-17,13.41,13.81,13.22,13.42,267970
2016-06-20,13.38,13.98,13.3,13.91,321436
2016-06-21,14.12,15.39,14.12,14.21,527431
2016-06-22,14.09,15.14,13.99,15.1,456048
2016-06-23,15.01,15.04,14.43,14.85,323736
2016-06-24,14.85,14.94,13.71,14.37,403331
2016-06-27,14.27,15.01,14.21,14.91,288010
2016-06-28,14.83,15.41,14.55,15.24,365997
2016-06-29,15.21,15.59,15.04,15.19,291848
2016-06-30,15.31,15.4,14.86,14.96,199431
2016-07-01,15.12,15.29,14.74,14.84,171613
2016-07-04,14.61,15.41,14.51,15.09,282035
2016-07-05,15.08,15.27,14.89,14.99,156432
2016-07-06,14.99,14.99,14.59,14.74,179631
2016-07-07,14.77,14.91,14.6,14.76,160273
2016-07-08,14.76,15.11,14.69,14.95,214221
2016-07-11,14.95,15.2,14.68,14.72,186612
2016-07-12,14.7,14.91,14.07,14.83,396489
2016-07-13,14.79,15.1,14.72,14.79,247986
2016-07-14,14.72,14.81,14.52,14.58,163462
2016-07-15,14.55,14.69,14.46,14.48,96332
2016-07-18,14.33,14.35,14.06,14.07,172327
2016-07-19,14.11,14.57,14.11,14.39,171224
2016-07-20,14.36,14.49,14.26,14.26,85139
2016-07-21,14.25,14.63,14.25,14.37,142416
2016-07-22,14.37,14.41,14.04,14.13,122177
2016-07-25,14.09,14.35,14.07,14.21,82445
2016-07-26,14.13,14.48,14.13,14.45,123526
2016-07-27,14.47,14.56,13.71,13.87,192109
2016-07-28,13.88,13.97,13.44,13.62,131931
2016-07-29,13.54,13.98,13.52,13.71,95891
2016-08-01,13.69,13.96,13.62,13.86,120304
2016-08-02,13.86,13.9,13.56,13.73,83791
2016-08-03,13.7,13.82,13.57,13.65,71173
2016-08-04,13.65,13.76,13.5,13.76,91633
2016-08-05,13.72,13.96,13.62,13.68,109125
2016-08-08,13.63,14.07,13.53,14.04,142691
2016-08-09,14.01,14.13,13.87,14.07,116559
2016-08-10,14.09,14.31,13.87,13.96,150946
2016-08-11,13.94,14.27,13.91,14.02,171012
2016-08-12,13.91,14.77,13.9,14.75,324140
2016-08-15,14.79,16.21,14.7,15.6,689903
2016-08-16,15.4,15.96,15.33,15.81,535493
2016-08-17,15.96,16.65,15.65,15.71,446676
2016-08-18,15.55,15.78,15.39,15.6,237633
2016-08-19,15.44,15.67,15.42,15.51,129796
2016-08-22,15.43,15.66,15.14,15.2,136875
2016-08-23,15.16,15.5,15.16,15.29,120622
2016-08-24,15.33,15.66,15.26,15.41,145793
2016-08-25,15.18,15.56,15.01,15.27,147410
2016-08-26,15.22,15.33,15.07,15.17,110095
2016-08-29,15.1,15.24,14.93,15.1,77733
2016-08-30,15.06,15.35,15.03,15.25,117764
2016-08-31,15.29,15.57,15.09,15.46,128294
2016-09-01,15.49,15.56,15.04,15.05,122063
2016-09-02,15.01,15.49,14.99,15.11,90135
2016-09-05,15.25,15.51,15.13,15.18,114426
2016-09-06,15.06,15.2,14.79,15.18,125168
2016-09-07,15.19,15.35,15.08,15.1,87709
2016-09-08,15.08,15.25,15.02,15.14,57329
2016-09-09,15.11,15.24,14.96,14.97,78809
2016-09-12,14.71,14.72,14.21,14.33,163435
2016-09-13,14.42,14.47,14.18,14.25,65925
2016-09-14,14.19,14.2,13.99,14.06,93359
2016-09-19,14.09,14.19,14.07,14.14,45934
2016-09-20,14.15,14.18,14.06,14.16,43893
2016-09-21,14.18,14.41,14.14,14.21,105656
2016-09-22,14.38,14.43,14.19,14.22,74169
2016-09-23,14.23,14.29,14.11,14.11,51394
2016-09-26,14.07,14.11,13.73,13.76,78958
2016-09-27,13.71,13.97,13.67,13.92,54391
2016-09-28,13.84,13.93,13.79,13.8,39212
2016-09-29,13.92,14.34,13.86,14.14,105615
2016-09-30,14.11,14.23,14.04,14.19,52223
2016-10-10,14.3,14.51,14.2,14.41,93561
2016-10-11,14.42,14.47,14.26,14.35,65923
2016-10-12,14.36,14.69,14.36,14.52,89892
2016-10-13,14.45,14.66,14.34,14.49,80752
2016-10-14,14.49,14.54,14.26,14.35,77107
2016-10-17,14.33,14.42,14.06,14.06,83958
2016-10-18,14.07,14.57,14.03,14.56,130088
2016-10-19,14.55,14.59,14.31,14.38,72774
2016-10-20,14.41,14.45,14.19,14.22,75464
2016-10-21,14.23,14.56,14.19,14.31,113186
2016-10-24,14.28,15.08,14.27,14.8,251353
2016-10-25,14.73,14.91,14.64,14.76,99410
2016-10-26,14.77,14.86,14.62,14.67,86999
2016-10-27,14.71,14.75,14.56,14.7,64887
2016-10-28,14.87,15.35,14.63,14.66,185361
2016-10-31,14.57,14.91,14.21,14.84,128934
2016-11-01,14.77,15.07,14.74,14.96,133396
2016-11-02,14.86,15.21,14.83,14.86,135772
2016-11-03,14.81,15.64,14.77,15.31,334557
2016-11-04,15.47,16.06,15.38,15.75,359575
2016-11-07,15.68,15.89,15.47,15.64,240228
2016-11-08,15.88,16.0,15.55,15.62,147478
2016-11-09,15.52,15.68,15.14,15.3,227808
2016-11-10,15.56,15.86,15.48,15.55,156117
2016-11-11,15.57,16.21,15.46,16.08,310866
2016-11-14,15.86,16.51,15.84,15.99,322909
2016-11-15,15.96,16.06,15.65,15.79,159774
2016-11-16,15.88,15.97,15.61,15.79,146191
2016-11-17,15.68,15.76,15.5,15.67,121571
2016-11-18,15.56,15.64,15.31,15.38,138900
2016-11-21,15.33,15.54,15.21,15.33,135425
2016-11-22,15.41,15.77,15.37,15.7,185996
2016-11-23,15.73,15.77,15.38,15.42,132465
2016-11-24,15.43,15.86,15.36,15.53,143109
2016-11-25,15.53,15.59,15.08,15.58,131725
2016-11-28,15.81,15.91,15.52,15.56,186992
2016-11-29,15.27,15.65,15.27,15.48,136589
2016-11-30,15.39,15.65,15.31,15.39,112087
2016-12-01,15.41,15.69,15.32,15.68,147018
2016-12-02,15.79,15.81,15.26,15.4,180976
2016-12-05,15.21,15.39,14.88,14.89,132089
2016-12-06,14.93,15.06,14.73,14.81,92662
2016-12-07,14.81,14.87,14.59,14.79,108381
2016-12-08,14.84,14.85,14.49,14.51,107038
2016-12-09,14.48,14.69,14.46,14.54,79596
2016-12-12,14.54,14.62,13.82,13.91,163871
2016-12-13,13.99,13.99,13.74,13.86,81581
2016-12-14,13.87,13.94,13.66,13.88,119863
2016-12-15,13.76,13.99,13.7,13.79,96350
2016-12-16,13.78,13.89,13.72,13.76,76859
2016-12-19,13.77,13.8,13.51,13.55,67532
2016-12-20,13.53,13.61,13.41,13.45,80476
2016-12-21,13.51,13.68,13.48,13.57,77734
2016-12-22,13.59,13.6,13.43,13.49,55173
2016-12-23,13.52,13.54,13.31,13.36,53723
2016-12-26,13.19,13.59,13.11,13.51,78645
2016-12-27,13.56,13.58,13.41,13.44,42655
2016-12-28,13.45,13.48,13.24,13.29,51798
2016-12-29,13.3,13.39,13.17,13.28,65622
2016-12-30,13.27,13.38,13.11,13.26,56339
2017-01-03,13.31,13.52,13.31,13.45,71479
2017-01-04,13.46,13.57,13.41,13.54,60389
2017-01-05,13.55,13.58,13.42,13.43,51702
2017-01-06,13.42,13.49,13.34,13.36,60439
2017-01-09,13.35,13.45,13.32,13.34,48660
2017-01-10,13.4,13.43,13.32,13.32,43870
2017-01-11,13.33,13.47,13.31,13.33,46187
2017-01-12,13.4,13.56,13.38,13.45,75408
2017-01-13,13.46,13.65,13.43,13.54,96690
2017-01-16,13.47,13.47,12.38,12.89,118654
2017-01-17,12.86,13.04,12.59,12.8,61062
2017-01-18,12.81,12.91,12.62,12.63,88525
2017-01-19,12.61,12.76,12.53,12.55,81765
2017-01-20,12.58,12.82,12.55,12.76,67085
2017-01-23,12.78,12.88,12.72,12.77,72445
2017-01-24,12.78,12.78,12.53,12.54,92604
2017-01-25,12.54,12.73,12.54,12.62,76910
2017-01-26,12.66,12.9,12.66,12.85,65485
2017-02-03,12.87,12.9,12.65,12.65,53533
2017-02-06,12.78,12.78,12.62,12.68,68339
2017-02-07,12.68,12.69,12.5,12.54,76465
2017-02-08,12.53,12.89,12.5,12.86,118836
2017-02-09,12.8,12.99,12.78,12.8,93006
2017-02-10,12.86,13.03,12.82,12.9,104159
2017-02-13,12.94,13.25,12.87,13.09,137610
2017-02-14,13.2,13.2,13.0,13.06,73490
2017-02-15,13.03,13.15,12.92,12.92,90134
2017-02-16,12.92,13.16,12.88,13.03,89141
2017-02-17,13.1,13.64,13.09,13.11,245394
2017-02-20,13.14,13.33,13.05,13.32,126405
2017-02-21,13.34,13.47,13.21,13.31,110875
2017-02-22,13.27,13.29,13.09,13.23,76753
2017-02-23,13.21,13.25,13.0,13.04,89557
2017-02-24,13.01,13.14,12.97,13.11,111199
2017-02-27,13.06,13.06,12.9,12.92,77945
2017-02-28,12.92,13.07,12.89,12.96,76381
2017-03-01,12.95,13.06,12.93,12.95,85098
2017-03-02,13.0,13.19,12.92,12.93,129497
2017-03-03,12.89,12.91,12.78,12.81,79219
2017-03-06,12.83,13.01,12.81,12.96,77758
2017-03-07,12.96,13.01,12.9,12.96,59760
2017-03-08,12.96,13.0,12.82,12.86,59071
2017-03-09,12.89,12.93,12.69,12.74,75292
2017-03-10,12.73,12.81,12.69,12.71,52037
2017-03-13,12.71,12.79,12.61,12.78,54888
2017-03-14,12.78,12.87,12.72,12.74,51404
2017-03-15,12.74,12.78,12.65,12.72,53667
2017-03-16,12.76,13.06,12.76,13.06,181110
2017-03-17,13.06,13.11,12.8,12.8,106042
2017-03-20,12.73,12.81,12.63,12.72,119224
2017-03-21,12.73,12.76,12.57,12.61,98146
2017-03-22,12.57,12.64,12.51,12.52,85311
2017-03-23,12.56,12.69,12.5,12.56,90288
2017-03-24,12.55,12.8,12.54,12.8,134755
2017-03-27,12.78,12.85,12.69,12.7,80329
2017-03-28,12.7,12.79,12.62,12.63,63646
2017-03-29,12.56,12.7,12.52,12.53,89503
2017-03-30,12.51,12.59,12.24,12.32,108921
2017-03-31,12.36,12.37,12.24,12.29,72400
2017-04-05,12.36,12.57,12.31,12.56,86118
2017-04-06,12.56,12.6,12.43,12.49,64493
2017-04-07,12.41,12.56,12.41,12.52,67695
2017-04-10,12.47,12.63,12.46,12.52,75768
2017-04-11,12.49,12.61,12.33,12.59,93204
2017-04-12,12.64,12.75,12.45,12.52,118699
2017-04-13,12.52,12.56,12.45,12.51,47214
2017-04-14,12.5,12.52,12.26,12.28,67787
2017-04-17,12.29,12.38,12.16,12.25,55025
2017-04-18,12.3,12.31,11.93,11.97,90577
2017-04-19,11.97,12.0,11.76,11.81,78990
2017-04-20,11.81,11.88,11.77,11.82,47532
2017-04-21,11.81,11.93,11.78,11.91,35225
2017-04-24,11.91,11.91,11.61,11.62,67936
2017-04-25,11.63,11.73,11.54,11.54,72816
2017-04-26,11.56,11.69,11.49,11.54,78617
2017-04-27,11.53,11.53,11.24,11.46,85099
2017-04-28,11.46,11.51,11.37,11.49,48456
2017-05-02,11.51,11.53,11.36,11.38,57684
2017-05-03,11.46,11.51,11.3,11.32,67263
2017-05-04,11.32,11.38,11.21,11.22,66463
2017-05-05,11.21,11.21,10.84,10.87,101241
2017-05-08,10.87,11.04,10.83,10.95,87030
2017-05-09,10.92,11.01,10.89,10.94,56241
2017-05-10,10.97,11.0,10.66,10.76,109390
2017-05-11,10.68,10.8,10.44,10.77,127112
2017-05-12,10.71,11.05,10.65,10.95,99858
2017-05-15,11.01,11.01,10.84,10.87,67540
2017-05-16,10.86,10.9,10.57,10.9,91914
2017-05-17,10.86,11.08,10.84,10.84,99524
2017-05-18,10.72,10.81,10.66,10.69,62486
2017-05-19,10.66,10.74,10.65,10.67,31659
2017-05-22,10.57,10.61,10.11,10.27,118167
2017-05-23,10.2,10.4,10.1,10.34,123121
2017-05-24,10.29,10.46,10.13,10.34,57657
2017-05-25,10.16,10.86,10.14,10.82,170435
2017-05-26,10.79,10.93,10.7,10.88,113348
2017-05-31,11.16,11.16,10.85,11.06,141668
2017-06-01,10.99,10.99,10.71,10.75,94054
2017-06-02,10.67,10.8,10.51,10.71,85644
2017-06-05,10.73,10.86,10.61,10.66,63005
2017-06-06,10.68,10.83,10.62,10.82,50672
2017-06-07,10.81,11.07,10.75,11.04,127155
2017-06-08,11.04,11.1,10.9,11.02,62377
2017-06-09,11.08,11.08,10.93,11.0,69032
2017-06-12,10.95,10.96,10.64,10.68,100257
2017-06-13,10.68,10.9,10.64,10.81,49570
2017-06-14,10.82,10.88,10.74,10.8,55562
2017-06-15,10.8,11.06,10.75,10.96,76260
2017-06-16,10.99,11.01,10.76,10.76,165391
2017-06-19,10.76,11.04,10.72,11.01,130888
2017-06-20,11.01,11.2,10.99,11.12,154297
2017-06-21,11.27,11.34,11.01,11.11,136920
2017-06-22,11.09,11.29,10.98,11.11,149535
2017-06-23,11.09,11.1,10.92,11.09,86956
2017-06-26,11.1,11.33,11.04,11.31,120390
2017-06-27,11.29,11.33,11.18,11.22,74862
2017-06-28,11.21,11.24,11.11,11.11,69361
2017-06-29,11.11,11.19,11.1,11.13,42069
2017-06-30,11.15,11.2,11.01,11.16,68823
2017-07-03,11.16,11.19,11.07,11.17,52722
2017-07-04,11.17,11.27,11.06,11.21,89823
2017-07-05,11.22,11.26,11.17,11.26,62953
2017-07-06,11.26,11.43,11.22,11.43,133985
2017-07-07,11.41,11.62,11.29,11.58,155520
2017-07-10,11.56,11.81,11.46,11.72,207356
2017-07-11,11.76,11.86,11.52,11.54,137162
2017-07-12,11.54,11.59,11.27,11.42,116098
2017-07-13,11.4,11.84,11.33,11.82,182043
2017-07-14,11.83,11.99,11.68,11.72,125103
2017-07-17,11.76,11.79,11.19,11.28,175179
2017-07-18,11.21,11.35,11.1,11.17,106633
2017-07-19,11.19,12.5,11.15,12.5,590780
2017-07-20,12.43,12.56,12.12,12.31,432743
2017-07-21,12.19,12.42,12.06,12.16,224688
2017-07-24,12.11,12.34,12.05,12.16,209437
2017-07-25,12.11,12.17,11.92,11.97,141435
2017-07-26,12.04,12.12,11.9,12.08,145422
2017-07-27,12.07,12.28,11.71,12.16,262927
2017-07-28,12.06,12.21,11.94,12.15,157169
2017-07-31,12.0,12.29,11.83,12.15,248984
2017-08-01,12.15,12.57,12.07,12.39,326403
2017-08-02,12.3,12.61,12.23,12.37,300134
2017-08-03,12.26,12.41,12.07,12.1,214577
2017-08-04,12.09,12.34,11.99,12.0,288025
2017-08-07,11.99,12.06,11.78,11.89,156222
2017-08-08,11.87,12.16,11.81,12.06,155115
2017-08-09,11.97,12.0,11.83,11.83,94685
2017-08-10,11.83,12.09,11.73,11.79,139411
2017-08-11,11.71,11.71,11.39,11.4,159239
2017-08-14,11.46,11.68,11.4,11.61,155213
2017-08-15,11.62,11.65,11.48,11.53,68793
2017-08-16,11.56,11.66,11.51,11.6,80518
2017-08-17,11.54,11.76,11.54,11.75,121306
2017-08-18,11.66,11.78,11.57,11.63,87902
2017-08-21,11.63,11.7,11.58,11.7,67549
2017-08-22,11.71,11.77,11.58,11.66,76226
2017-08-23,11.62,11.85,11.57,11.74,142121
2017-08-24,11.71,11.73,11.59,11.6,72745
2017-08-25,11.57,11.97,11.56,11.85,200396
2017-08-28,11.9,12.58,11.9,12.38,560255
2017-08-29,12.37,12.37,12.09,12.14,269146
2017-08-30,12.14,12.44,12.11,12.14,279077
2017-08-31,12.12,12.32,12.1,12.21,185727
2017-09-01,12.23,12.39,12.18,12.29,225296
2017-09-04,12.26,12.49,12.19,12.33,224163
2017-09-05,12.3,12.4,12.17,12.19,170172
2017-09-06,12.14,12.22,11.96,12.11,137670
2017-09-07,12.11,12.19,11.99,11.99,127666
2017-09-08,12.0,12.06,11.97,12.0,99808
2017-09-11,11.98,12.15,11.97,12.05,87366
2017-09-12,12.09,12.26,12.04,12.11,216350
2017-09-13,12.12,12.14,12.04,12.07,77680
2017-09-14,12.1,12.15,11.95,12.0,129106
2017-09-15,11.99,12.11,11.94,12.01,111408
2017-09-18,12.02,12.18,12.01,12.13,135039
2017-09-19,12.21,12.21,11.86,11.89,133501
2017-09-20,11.9,12.02,11.86,11.96,111284
2017-09-21,12.0,12.06,11.86,11.86,109567
2017-09-22,11.86,11.95,11.68,11.75,100584
2017-09-25,11.76,11.79,11.46,11.54,134295
2017-09-26,11.52,11.6,11.42,11.51,70741
2017-09-27,11.55,11.58,11.46,11.5,53872
2017-09-28,11.5,11.6,11.49,11.51,56215
2017-09-29,11.53,11.74,11.53,11.6,74788
2017-10-09,11.81,11.88,11.65,11.67,93656
2017-10-10,11.67,11.76,11.62,11.76,62051
2017-10-11,11.73,11.8,11.7,11.72,59083
2017-10-12,11.71,11.78,11.63,11.71,39307
2017-10-13,11.75,11.81,11.7,11.78,49805
2017-10-16,11.81,11.85,11.61,11.61,76150
2017-10-17,11.59,11.62,11.5,11.52,46427
2017-10-18,11.54,11.65,11.5,11.65,61233
2017-10-19,11.59,11.59,11.18,11.29,97381
2017-10-20,11.29,11.33,11.23,11.33,34649
2017-10-23,11.32,11.36,11.25,11.32,35352
2017-10-24,11.33,11.56,11.29,11.51,100114
2017-10-25,11.49,11.54,11.43,11.5,36116
2017-10-26,11.46,11.64,11.43,11.53,52222
2017-10-27,11.51,11.55,11.26,11.29,67869
2017-10-30,11.26,11.33,10.89,10.91,96191
2017-10-31,10.91,11.02,10.86,10.96,40477
2017-11-01,10.97,11.08,10.84,10.86,55784
2017-11-02,10.85,11.0,10.73,10.97,76553
2017-11-03,10.93,11.0,10.81,10.88,43089
2017-11-06,10.86,10.91,10.77,10.89,37882
2017-11-07,10.88,11.1,10.81,10.99,71698
2017-11-08,10.97,11.4,10.92,11.15,135916
2017-11-09,11.07,11.24,11.07,11.12,42779
2017-11-10,11.11,11.16,10.97,11.06,78574
2017-11-13,11.06,11.17,10.98,10.99,62216
2017-11-14,11.01,11.07,10.88,10.91,60660
2017-11-15,10.91,10.99,10.81,10.88,61385
2017-11-16,10.83,10.91,10.73,10.76,59331
2017-11-17,10.71,10.72,9.93,10.42,222143
2017-11-20,10.22,10.27,10.06,10.24,73939
2017-11-21,10.28,10.79,10.22,10.61,183853
2017-11-22,10.61,10.76,10.52,10.54,89647
2017-11-23,10.54,10.72,10.21,10.27,85502
2017-11-24,10.21,10.46,10.04,10.41,150602
2017-11-27,10.21,10.54,10.16,10.45,70257
2017-11-28,10.36,10.41,10.21,10.32,53748
2017-11-29,10.34,10.35,10.15,10.29,42434
2017-11-30,10.27,10.39,10.17,10.29,50571
2017-12-01,10.27,10.28,10.07,10.07,72467
2017-12-04,10.01,10.09,9.87,9.88,70508
2017-12-05,9.82,10.1,9.81,10.02,132456
2017-12-06,9.96,9.97,9.82,9.94,69937
2017-12-07,9.91,9.92,9.7,9.7,60164
2017-12-08,9.76,9.8,9.69,9.77,39042
2017-12-11,9.75,9.88,9.72,9.79,51456
2017-12-12,9.84,9.84,9.7,9.71,31755
2017-12-13,9.71,9.77,9.53,9.64,45458
2017-12-14,9.59,9.61,9.4,9.41,63467
2017-12-15,9.41,9.43,9.23,9.24,58978
2017-12-18,9.26,9.33,9.13,9.13,46249
2017-12-19,9.16,9.24,9.14,9.2,44658
2017-12-20,9.17,9.24,8.99,8.99,47692
2017-12-21,8.99,9.1,8.75,8.98,78140
2017-12-22,8.98,9.01,8.79,8.81,48792
2017-12-25,8.76,8.8,8.34,8.42,104284
2017-12-26,8.41,8.62,8.34,8.61,64378
2017-12-27,8.51,8.59,8.42,8.51,49999
2017-12-28,8.47,8.73,8.36,8.53,94169
2017-12-29,8.56,8.85,8.56,8.76,97648
2018-01-02,8.78,8.9,8.66,8.84,74753
2018-01-03,8.85,9.0,8.78,8.93,84008
2018-01-04,8.92,8.93,8.79,8.88,72551
2018-01-05,8.86,9.0,8.79,8.95,73531
2018-01-08,8.95,9.26,8.84,9.11,111676
2018-01-09,9.09,9.2,9.04,9.08,54136
2018-01-10,9.16,9.18,8.99,9.06,60133
2018-01-11,9.06,9.11,8.99,9.09,44489
2018-01-12,9.08,9.2,9.04,9.05,46261
2018-01-15,9.05,9.13,8.86,8.86,69720
2018-01-16,8.85,9.07,8.68,9.07,71034
2018-01-17,9.11,10.19,9.11,10.19,531969
2018-01-18,10.05,11.05,10.05,10.88,801536
2018-01-19,10.66,11.87,10.61,11.62,935362
2018-01-22,11.41,11.49,11.07,11.31,550736
2018-01-23,11.24,11.44,11.08,11.37,426433
2018-01-24,11.46,11.64,11.02,11.46,677272
2018-01-25,11.41,12.04,11.1,11.47,678255
2018-01-26,11.29,11.62,11.23,11.35,329012
2018-01-29,11.35,11.54,11.11,11.21,292272
2018-01-30,11.26,11.37,10.76,10.94,337176
2018-01-31,9.89,10.14,9.64,9.64,606628
2018-02-01,9.65,9.78,9.2,9.39,306178
2018-02-02,9.4,9.66,9.16,9.5,226088
2018-02-05,9.24,9.61,9.22,9.55,150900
2018-02-06,9.26,9.39,8.61,8.71,241787
2018-02-07,8.96,9.15,8.78,8.87,204387
2018-02-08,8.9,9.08,8.82,8.97,127014
2018-02-09,8.61,8.79,8.07,8.17,227651
2018-02-12,8.3,8.42,8.11,8.18,119204
2018-02-13,8.34,8.54,8.31,8.35,136994
2018-02-14,8.36,8.43,8.19,8.36,70168
2018-02-22,8.48,8.59,8.36,8.5,159734
2018-02-23,8.48,8.61,8.38,8.53,117258
2018-02-26,8.54,8.97,8.48,8.92,179679
2018-02-27,8.92,8.92,8.71,8.77,129279
2018-02-28,8.62,9.01,8.53,8.77,172426
2018-03-01,8.64,8.87,8.61,8.83,110852
2018-03-02,8.7,8.89,8.68,8.68,114590
2018-03-05,8.65,8.74,8.58,8.64,84648
2018-03-06,8.66,9.01,8.65,9.01,228323
2018-03-07,9.01,9.07,8.78,8.83,129907
2018-03-08,8.79,8.92,8.79,8.88,74755
2018-03-09,8.94,9.19,8.82,9.12,176909
2018-03-12,9.16,9.32,9.05,9.3,212801
2018-03-13,9.23,9.23,8.99,8.99,126890
2018-03-14,8.95,9.1,8.91,8.93,93470
2018-03-15,8.92,8.92,8.72,8.89,101253
2018-03-16,8.88,8.99,8.7,8.7,84323
2018-03-19,8.76,8.8,8.61,8.7,75764
2018-03-20,8.62,8.72,8.53,8.71,76630
2018-03-21,8.74,9.04,8.72,8.74,137075
2018-03-22,8.77,8.86,8.65,8.68,78475
2018-03-23,8.41,8.46,7.82,8.39,214684
2018-03-26,8.16,8.41,7.95,8.36,65272
2018-03-27,8.47,8.57,8.39,8.5,92402
2018-03-28,8.45,8.57,8.36,8.47,70705
2018-03-29,8.49,8.79,8.42,8.71,115896
2018-03-30,8.71,8.79,8.62,8.78,83367
2018-04-02,8.79,9.06,8.69,8.78,128891
2018-04-03,8.69,8.86,8.62,8.72,72268
2018-04-04,8.8,8.93,8.73,8.74,83536
2018-04-09,8.68,8.76,8.57,8.64,69783
2018-04-10,8.68,8.96,8.67,8.86,103864
2018-04-11,8.86,9.16,8.81,8.97,157276
2018-04-12,8.93,9.05,8.79,8.84,106247
2018-04-13,8.87,8.92,8.69,8.7,67598
2018-04-16,8.64,8.71,8.48,8.51,87002
2018-04-17,8.52,8.7,8.42,8.43,75049
2018-04-18,8.52,8.62,8.43,8.58,58051
2018-04-19,8.61,8.71,8.52,8.59,65707
2018-04-20,8.57,8.6,8.21,8.21,76539
2018-04-23,8.22,8.36,8.22,8.32,44060
2018-04-24,8.36,8.65,8.34,8.57,60398
2018-04-25,8.53,8.71,8.5,8.61,64372
2018-04-26,8.55,8.74,8.47,8.47,81200
2018-04-27,8.58,8.79,8.52,8.66,68155
2018-05-02,8.75,8.88,8.56,8.56,65799
2018-05-03,8.53,8.75,8.53,8.75,121640
2018-05-04,8.68,8.74,8.57,8.59,72939
2018-05-07,8.61,8.7,8.6,8.68,80958
2018-05-08,8.67,8.79,8.6,8.78,90954
2018-05-09,8.76,8.76,8.62,8.63,90890
2018-05-10,8.64,8.81,8.63,8.81,83802
2018-05-11,8.76,8.83,8.67,8.69,63106
2018-05-14,8.69,8.79,8.67,8.7,46286
2018-05-15,8.74,8.74,8.59,8.68,47057
2018-05-16,8.67,8.74,8.6,8.6,60643
2018-05-17,8.56,8.71,8.56,8.58,54380
2018-05-18,8.61,8.69,8.55,8.64,50359
2018-05-21,8.75,8.76,8.67,8.71,60480
2018-05-22,8.69,8.69,8.57,8.62,53351
2018-05-23,8.63,8.63,8.52,8.54,55275
2018-05-24,8.54,8.6,8.5,8.54,39919
2018-05-25,8.56,8.56,8.34,8.35,49230
2018-05-28,8.34,8.45,8.3,8.37,28994
2018-05-29,8.36,8.39,8.13,8.15,56159
2018-05-30,8.04,8.07,7.8,7.81,76205
2018-05-31,7.89,7.98,7.85,7.92,62052
2018-06-01,7.9,8.2,7.86,8.07,64968
2018-06-04,8.13,8.13,7.94,7.98,28459
2018-06-05,8.01,8.08,7.95,8.02,31091
2018-06-06,8.02,8.13,8.0,8.06,42234
2018-06-07,8.06,8.21,8.04,8.06,46549
2018-06-08,8.06,8.06,7.81,7.91,56718
2018-06-11,7.9,7.97,7.82,7.85,30386
2018-06-12,7.83,7.91,7.78,7.86,31521
2018-06-13,7.86,7.86,7.76,7.77,26832
2018-06-14,7.75,7.9,7.74,7.89,32879
2018-06-15,7.93,7.96,7.74,7.78,37636
2018-06-19,7.7,7.75,6.81,7.04,108636
2018-06-20,7.03,7.16,6.88,7.0,53898
2018-06-21,7.04,7.06,6.64,6.65,50964
2018-06-22,6.47,6.77,6.47,6.77,39017
2018-06-25,6.79,6.88,6.64,6.73,30272
2018-06-26,6.58,6.81,6.57,6.77,33158
2018-06-27,6.74,6.84,6.59,6.64,26824
2018-06-28,6.63,7.11,6.61,6.77,62188
2018-06-29,6.77,7.56,6.67,7.16,82371
2018-07-02,7.16,7.22,6.91,6.95,51012
2018-07-03,6.98,7.11,6.96,7.1,54172
2018-07-04,7.07,7.14,6.96,7.0,27378
2018-07-05,6.99,7.12,6.87,6.88,32535
2018-07-06,6.91,7.14,6.81,6.97,38268
2018-07-09,6.98,7.12,6.97,7.1,29576
2018-07-10,7.1,7.12,7.02,7.06,20582
2018-07-11,6.96,6.96,6.75,6.8,35726
2018-07-12,6.72,7.12,6.72,7.04,36105
2018-07-13,7.05,7.11,7.01,7.06,25996
2018-07-16,7.06,7.09,7.01,7.06,18846
2018-07-17,7.06,7.06,6.97,7.01,16813
2018-07-18,7.0,7.09,6.94,6.96,20757
2018-07-19,6.96,7.03,6.89,6.92,26232
2018-07-20,6.95,7.14,6.86,7.11,57026
2018-07-23,7.04,7.18,6.96,7.16,55125
2018-07-24,7.15,7.41,7.11,7.27,87745
2018-07-25,7.26,7.33,7.16,7.18,39279
2018-07-26,7.23,7.25,7.12,7.13,38453
2018-07-27,7.13,7.15,7.08,7.11,25642
2018-07-30,7.09,7.18,6.98,7.0,30750
2018-07-31,6.96,7.11,6.94,7.11,32552
2018-08-01,7.11,7.16,6.84,6.86,46009
2018-08-02,6.87,6.88,6.43,6.65,54352
2018-08-03,6.56,6.72,6.54,6.54,22395
2018-08-06,6.54,6.6,6.43,6.43,34748
2018-08-07,6.45,6.63,6.42,6.62,26838
2018-08-08,6.64,6.81,6.56,6.66,43191
2018-08-09,6.65,6.93,6.62,6.75,68610
2018-08-10,6.72,6.77,6.61,6.76,36904
2018-08-13,6.71,6.71,6.56,6.65,26322
2018-08-14,6.64,6.66,6.52,6.55,31834
2018-08-15,6.58,6.58,6.37,6.38,35062
2018-08-16,6.36,6.54,6.29,6.37,46519
2018-08-17,6.44,6.45,6.24,6.26,28599
2018-08-20,6.27,6.44,6.22,6.36,31232
2018-08-21,6.34,6.44,6.27,6.4,27194
2018-08-22,6.43,6.43,6.31,6.35,18548
2018-08-23,6.34,6.43,6.28,6.37,28549
2018-08-24,6.36,6.46,6.3,6.38,26477
2018-08-27,6.42,6.6,6.42,6.57,49145
2018-08-28,6.56,6.58,6.49,6.51,21935
2018-08-29,6.45,6.56,6.45,6.51,20723
2018-08-30,6.51,6.55,6.39,6.4,18960
2018-08-31,6.42,6.49,6.34,6.46,28141
2018-09-03,6.42,6.45,6.27,6.32,26022
2018-09-04,6.35,6.4,6.28,6.38,29405
2018-09-05,6.36,6.38,6.24,6.28,22223
2018-09-06,6.26,6.33,6.24,6.26,19828
2018-09-07,6.26,6.36,6.25,6.27,19217
2018-09-10,6.31,6.31,6.13,6.14,37149
2018-09-11,6.15,6.21,6.08,6.11,28267
2018-09-12,6.15,6.17,6.08,6.1,24071
2018-09-13,6.15,6.18,6.1,6.14,32123
2018-09-14,6.15,6.17,6.11,6.12,21386
2018-09-17,6.15,6.15,6.0,6.02,28782
2018-09-18,6.05,6.22,6.03,6.21,41930
2018-09-19,6.2,6.32,6.16,6.26,37095
2018-09-20,6.23,6.31,6.23,6.25,31881
2018-09-21,6.26,6.43,6.23,6.42,53642
2018-09-25,6.35,6.43,6.27,6.33,34436
2018-09-26,6.38,6.51,6.37,6.42,49347
2018-09-27,6.42,6.48,6.35,6.39,33451
2018-09-28,6.37,6.57,6.37,6.5,44451
2018-10-08,6.41,6.41,6.18,6.19,43660
2018-10-09,6.19,6.24,6.05,6.06,41238
2018-10-10,6.07,6.15,6.0,6.08,26327
2018-10-11,5.85,5.89,5.28,5.35,85700
2018-10-12,5.06,5.36,5.06,5.15,63837
2018-10-15,5.23,5.32,5.08,5.09,35005
2018-10-16,5.11,5.23,5.01,5.08,34482
2018-10-17,5.17,5.23,4.97,5.1,45758
2018-10-18,5.13,5.13,4.78,4.84,52161
2018-10-19,4.8,5.04,4.77,5.01,72687
2018-10-22,5.21,5.71,5.16,5.71,128768
2018-10-23,6.04,6.24,5.77,5.92,286892
2018-10-24,5.66,6.25,5.6,6.05,210589
2018-10-25,5.76,6.37,5.76,6.37,197747
2018-10-26,6.28,6.35,6.06,6.1,147053
2018-10-29,6.02,6.18,6.02,6.03,89649
2018-10-30,6.06,6.58,6.02,6.49,232794
2018-10-31,6.39,6.62,6.25,6.44,148501
2018-11-01,6.64,7.28,6.62,7.03,455591
2018-11-02,7.1,7.16,6.86,7.13,300303
2018-11-05,7.05,7.11,6.87,7.03,170074
2018-11-06,7.06,7.41,6.99,7.17,290724
2018-11-07,7.08,7.11,6.87,6.88,156053
2018-11-08,6.96,7.61,6.78,7.14,331097
2018-11-09,7.08,7.36,6.99,7.17,197535
2018-11-12,7.26,7.3,7.05,7.25,151901
2018-11-13,7.07,7.61,6.96,7.36,310615
2018-11-14,7.21,7.35,7.08,7.11,163781
2018-11-15,7.18,7.31,7.12,7.26,157825
2018-11-16,7.2,7.67,7.19,7.42,260456
2018-11-19,7.34,7.91,7.31,7.78,293673
2018-11-20,7.62,7.77,7.29,7.4,194996
2018-11-21,7.25,7.46,7.23,7.41,106473
2018-11-22,7.36,7.46,7.17,7.33,91756
2018-11-23,7.34,7.45,6.87,6.94,112077
2018-11-26,6.95,7.06,6.81,6.86,74544
2018-11-27,6.98,7.04,6.82,6.86,76287
2018-11-28,6.77,7.31,6.77,7.21,151106
2018-11-29,7.22,7.3,6.84,6.86,89967
2018-11-30,6.84,7.12,6.74,7.03,90882
2018-12-03,7.46,7.6,7.2,7.29,157168
2018-12-04,7.26,7.36,7.2,7.35,69287
2018-12-05,7.24,7.27,7.11,7.18,72528
2018-12-06,7.15,7.15,6.83,6.88,99519
2018-12-07,6.9,7.05,6.9,6.99,52613
2018-12-10,6.91,7.12,6.86,7.07,67568
2018-12-11,7.16,7.18,6.94,7.05,56934
2018-12-12,7.11,7.16,7.02,7.07,58621
2018-12-13,7.07,7.21,6.93,7.1,83779
2018-12-14,7.06,7.1,6.83,6.83,69372
2018-12-17,6.86,6.9,6.69,6.83,52870
2018-12-18,6.76,6.89,6.66,6.73,51681
2018-12-19,6.76,6.8,6.64,6.65,37630
2018-12-20,6.63,6.85,6.62,6.75,64637
2018-12-21,6.74,6.79,6.63,6.66,55106
2018-12-24,6.67,6.75,6.63,6.69,43016
2018-12-25,6.59,6.61,6.12,6.39,93812
2018-12-26,6.39,6.46,6.28,6.38,42083
2018-12-27,6.58,6.62,6.22,6.24,55005
2018-12-28,6.32,6.6,6.3,6.43,74198
2019-01-02,6.43,6.48,6.31,6.36,48738
2019-01-03,6.37,6.78,6.36,6.54,76635
2019-01-04,6.47,7.37,6.45,7.2,205935
2019-01-07,7.36,7.36,6.97,7.11,152052
2019-01-08,7.05,7.25,6.97,7.06,105139
2019-01-09,7.06,7.23,6.96,6.99,171303
2019-01-10,7.04,7.04,6.72,6.77,164194
2019-01-11,6.75,6.86,6.73,6.78,78880
2019-01-14,6.8,6.86,6.66,6.73,101293
2019-01-15,6.72,6.99,6.69,6.94,144800
2019-01-16,6.89,6.96,6.76,6.8,110999
2019-01-17,6.81,6.84,6.71,6.74,64738
2019-01-18,6.75,6.83,6.7,6.78,93649
2019-01-21,6.77,6.81,6.63,6.69,111840
2019-01-22,6.69,6.75,6.47,6.51,98785
2019-01-23,6.52,6.56,6.36,6.44,70624
2019-01-24,6.47,6.62,6.44,6.54,75010
2019-01-25,6.56,6.61,6.51,6.53,55112
2019-01-28,6.57,6.69,6.5,6.53,73978
2019-01-29,6.51,6.54,6.32,6.44,69365
2019-01-30,6.42,6.49,6.34,6.37,47891
2019-01-31,6.42,6.56,6.34,6.42,75207
2019-02-01,6.51,6.6,6.49,6.6,96436
2019-02-11,6.62,6.7,6.56,6.7,123031
2019-02-12,6.7,6.86,6.63,6.79,114823
2019-02-13,6.79,7.14,6.71,7.06,255532
2019-02-14,7.07,7.18,7.01,7.05,202125
2019-02-15,7.09,7.23,6.93,6.96,192235
2019-02-18,7.05,7.54,7.05,7.51,320819
2019-02-19,7.46,7.93,7.4,7.65,395087
2019-02-20,7.67,7.91,7.56,7.73,211075
2019-02-21,7.69,8.24,7.65,7.79,351252
2019-02-22,7.92,8.76,7.71,8.76,574682
2019-02-25,9.27,9.83,8.94,9.83,702260
2019-02-26,9.74,10.72,9.74,10.14,853748
2019-02-27,9.95,10.45,9.54,9.91,582419
2019-02-28,9.76,9.76,9.21,9.44,310470
2019-03-01,9.67,10.0,9.44,9.92,432763
2019-03-04,10.05,10.7,9.76,10.06,609522
2019-03-05,9.91,10.08,9.86,10.06,308493
2019-03-06,10.0,10.87,9.96,10.65,572625
2019-03-07,11.03,11.91,10.76,11.91,879009
2019-03-08,11.76,13.05,11.51,11.66,1333096
2019-03-11,12.16,13.02,11.78,13.0,1235093
2019-03-12,12.96,13.19,12.26,12.76,1101555
2019-03-13,12.36,12.71,11.73,11.93,718896
2019-03-14,11.66,12.22,11.01,11.2,578513
2019-03-15,11.35,11.7,11.14,11.24,433285
2019-03-18,11.25,11.54,10.7,11.54,417664
2019-03-19,11.48,11.66,11.26,11.41,327413
2019-03-20,11.3,11.73,11.17,11.45,369596
2019-03-21,11.41,12.0,11.3,11.67,501630
2019-03-22,11.64,11.72,11.2,11.51,294004
2019-03-25,11.16,11.35,10.76,10.79,376349
2019-03-26,10.87,11.09,10.56,10.67,300972
2019-03-27,10.84,11.01,10.68,10.8,238006
2019-03-28,10.76,10.93,10.38,10.51,292884
2019-03-29,10.61,11.64,10.6,11.6,617695
2019-04-01,11.51,12.03,11.48,11.74,601632
2019-04-02,11.74,11.95,11.48,11.56,395574
2019-04-03,11.28,12.14,11.23,12.12,521405
2019-04-04,12.26,12.39,11.91,12.12,417304
2019-04-08,12.24,12.26,11.5,11.67,397418
2019-04-09,11.59,11.96,11.49,11.91,257952
2019-04-10,11.74,11.76,11.26,11.52,357446
2019-04-11,11.51,11.63,11.14,11.15,230937
2019-04-12,11.28,11.41,11.1,11.24,171970
2019-04-15,11.46,11.58,10.92,10.96,218959
2019-04-16,10.86,11.3,10.7,11.29,208538
2019-04-17,11.54,11.78,11.36,11.4,333415
2019-04-18,11.31,11.4,11.06,11.2,184607
2019-04-19,11.23,11.43,11.16,11.3,140012
2019-04-22,11.43,11.47,10.96,11.02,184251
2019-04-23,10.96,11.35,10.89,11.0,189542
2019-04-24,11.08,11.7,11.07,11.58,480733
2019-04-25,11.41,11.59,11.04,11.04,351621
2019-04-26,10.86,11.22,10.76,10.82,269056
2019-04-29,10.83,10.9,10.21,10.23,283771
2019-04-30,10.25,10.57,10.21,10.4,148087
2019-05-06,9.91,10.02,9.44,9.46,368451
2019-05-07,9.51,9.82,9.48,9.75,240389
2019-05-08,9.56,10.56,9.48,10.17,374575
2019-05-09,9.89,10.25,9.71,9.73,254571
2019-05-10,10.02,10.32,9.76,10.21,213835
2019-05-13,10.05,10.31,10.01,10.24,151301
2019-05-14,10.02,10.33,9.89,9.92,160442
2019-05-15,9.88,10.36,9.88,10.27,166319
2019-05-16,10.26,10.33,10.11,10.2,126823
2019-05-17,10.25,10.27,9.66,9.73,140260
2019-05-20,9.72,10.06,9.67,9.88,133109
2019-05-21,9.88,10.2,9.76,10.01,130295
2019-05-22,10.04,10.12,9.83,9.91,87879
2019-05-23,9.88,10.09,9.72,9.9,125145
2019-05-24,9.9,10.05,9.69,9.72,95274
2019-05-27,9.82,10.3,9.69,10.19,181309
2019-05-28,10.16,10.38,10.07,10.38,151292
2019-05-29,10.28,10.36,10.11,10.2,127217
2019-05-30,10.13,10.15,9.9,10.06,105510
2019-05-31,10.09,10.21,9.95,9.99,82920
2019-06-03,10.12,10.21,9.79,9.82,159915
2019-06-04,9.82,9.96,9.7,9.85,131565
2019-06-05,9.98,10.2,9.93,10.0,139035
2019-06-06,9.96,10.13,9.85,9.86,115556
2019-06-10,9.96,10.03,9.15,9.83,152268
2019-06-11,9.88,10.51,9.86,10.45,225557
2019-06-12,10.34,10.44,10.21,10.22,136532
2019-06-13,10.26,10.4,10.1,10.19,148491
2019-06-14,10.23,10.33,9.95,9.98,119029
2019-06-17,9.99,10.08,9.88,10.03,84004
2019-06-18,10.05,10.14,9.87,10.02,87577
2019-06-19,10.57,10.83,10.23,10.25,213884
2019-06-20,10.24,11.15,10.19,10.86,367299
2019-06-21,10.9,11.84,10.88,11.56,465451
2019-06-24,11.63,11.7,11.29,11.51,246146
2019-06-25,11.51,11.57,11.02,11.38,260554
2019-06-26,11.08,11.47,11.04,11.28,136786
2019-06-27,11.3,11.68,11.29,11.49,229357
2019-06-28,11.46,11.49,11.24,11.34,115320
2019-07-01,11.77,11.8,11.49,11.62,234622
2019-07-02,11.59,11.59,11.39,11.42,135455
2019-07-03,11.42,11.42,11.11,11.41,148689
2019-07-04,11.42,11.57,11.24,11.33,135501
2019-07-05,11.46,11.58,11.33,11.48,109183
2019-07-08,11.45,11.47,10.98,11.1,153984
2019-07-09,11.22,11.53,11.16,11.49,147408
2019-07-10,11.43,11.49,11.13,11.16,137594
2019-07-11,11.36,11.67,11.33,11.43,211304
2019-07-12,11.4,11.92,11.4,11.83,301613
2019-07-15,11.75,12.27,11.52,11.95,320638
2019-07-16,11.93,11.95,11.68,11.77,140129
2019-07-17,11.69,11.84,11.63,11.73,118651
2019-07-18,11.61,11.71,11.44,11.44,120657
2019-07-19,11.56,11.92,11.53,11.9,203225
2019-07-22,11.94,11.99,11.41,11.42,167102
2019-07-23,11.43,11.75,11.41,11.7,112770
2019-07-24,11.74,12.02,11.74,11.88,174860
2019-07-25,11.84,12.03,11.78,11.89,118465
2019-07-26,11.81,11.88,11.6,11.71,104900
2019-07-29,11.78,11.86,11.68,11.74,114485
2019-07-30,11.78,12.11,11.74,11.93,183054
2019-07-31,11.88,11.95,11.76,11.81,104000
2019-08-01,11.81,11.85,11.1,11.24,281904
2019-08-02,10.86,10.97,10.58,10.82,235446
2019-08-05,10.8,10.89,10.48,10.5,135000
2019-08-06,10.25,10.62,9.95,10.42,211571
2019-08-07,10.49,10.53,10.25,10.27,102149
2019-08-08,10.58,10.69,10.31,10.36,108012
2019-08-09,10.42,10.45,10.17,10.3,111190
2019-08-12,10.36,10.58,10.36,10.57,103503
2019-08-13,10.46,10.54,10.28,10.38,78364
2019-08-14,10.56,10.61,10.41,10.44,69835
2019-08-15,10.19,10.62,10.1,10.49,87782
2019-08-16,10.82,10.82,10.43,10.49,93861
2019-08-19,10.86,11.72,10.78,11.72,481481
2019-08-20,11.93,12.46,11.78,11.97,635212
2019-08-21,11.84,12.28,11.74,12.16,375120
2019-08-22,12.26,12.36,11.83,12.1,266499
2019-08-23,12.1,12.31,11.96,12.07,205568
2019-08-26,11.77,11.98,11.68,11.89,198800
2019-08-27,11.68,12.23,11.66,11.9,381583
2019-08-28,11.76,11.81,11.29,11.42,260084
2019-08-29,11.48,11.51,11.22,11.3,127051
2019-08-30,11.34,11.56,11.02,11.1,183596
2019-09-02,11.14,11.38,11.11,11.28,188274
2019-09-03,11.23,11.3,11.11,11.24,169115
2019-09-04,11.22,11.46,11.13,11.36,311618
2019-09-05,11.55,12.09,11.55,11.65,500591
2019-09-06,11.66,11.78,11.41,11.54,264136
2019-09-09,11.86,11.91,11.59,11.67,392618
2019-09-10,11.69,11.85,11.56,11.78,398436
2019-09-11,11.87,12.01,11.68,11.78,388909
2019-09-12,11.81,11.83,11.61,11.72,294689
2019-09-16,11.76,11.76,11.44,11.49,245831
2019-09-17,11.49,11.49,10.89,11.0,281720
2019-09-18,10.98,11.02,10.8,10.81,195031
2019-09-19,10.88,10.92,10.79,10.88,155333
2019-09-20,10.91,10.92,10.74,10.85,191859
2019-09-23,10.85,10.85,10.5,10.53,173296
2019-09-24,10.63,10.8,10.53,10.65,160490
2019-09-25,10.58,10.7,10.49,10.52,117504
2019-09-26,10.56,10.68,10.26,10.34,150623
2019-09-27,10.36,10.55,10.36,10.46,95553
2019-09-30,10.49,10.61,10.42,10.46,97433
2019-10-08,10.37,10.57,10.37,10.38,85448
2019-10-09,10.28,10.39,10.2,10.37,90053
2019-10-10,10.4,10.52,10.38,10.47,81909
2019-10-11,10.55,10.78,10.47,10.65,159009
2019-10-14,10.81,11.03,10.75,10.82,208510
2019-10-15,10.8,10.88,10.64,10.67,115784
2019-10-16,10.76,10.94,10.66,10.69,125655
2019-10-17,10.64,10.76,10.59,10.64,76431
2019-10-18,10.69,10.88,10.49,10.49,127596
2019-10-21,10.28,10.44,10.17,10.38,110726
2019-10-22,10.43,10.49,10.31,10.47,69424
2019-10-23,10.47,10.52,10.28,10.32,59330
2019-10-24,10.33,10.46,10.27,10.35,56369
2019-10-25,10.4,10.89,10.35,10.73,182497
2019-10-28,10.67,10.85,10.62,10.77,142798
2019-10-29,10.74,10.77,10.58,10.58,89232
2019-10-30,10.58,10.58,10.29,10.32,106760
2019-10-31,10.41,10.43,10.3,10.41,76506
2019-11-01,10.3,10.54,10.26,10.48,92617
2019-11-04,10.46,10.56,10.39,10.42,99153
2019-11-05,10.42,10.67,10.39,10.57,148326
2019-11-06,10.59,10.62,10.4,10.44,82094
2019-11-07,10.39,10.53,10.37,10.45,82844
2019-11-08,10.54,10.63,10.25,10.27,136327
2019-11-11,10.18,10.28,10.08,10.11,119565
2019-11-12,10.11,10.17,9.96,10.07,83173
2019-11-13,10.07,10.07,9.88,9.92,84379
2019-11-14,9.91,10.03,9.82,9.91,83276
2019-11-15,9.94,9.98,9.85,9.88,59177
2019-11-18,9.82,10.02,9.79,9.91,91670
2019-11-19,9.91,10.0,9.84,9.92,105246
2019-11-20,9.94,9.96,9.67,9.69,101397
2019-11-21,9.62,9.73,9.59,9.71,57824
2019-11-22,9.68,9.86,9.57,9.62,85530
2019-11-25,9.61,9.68,9.5,9.58,95607
2019-11-26,9.59,9.67,9.49,9.67,120396
2019-11-27,9.58,9.6,9.46,9.51,74481
2019-11-28,9.48,9.55,9.43,9.46,46197
2019-11-29,9.44,9.61,9.43,9.54,57876
2019-12-02,9.66,9.73,9.52,9.58,87289
2019-12-03,9.55,9.65,9.47,9.64,59960
2019-12-04,9.57,9.63,9.54,9.57,51143
2019-12-05,9.63,9.73,9.6,9.73,96527
2019-12-06,9.77,9.9,9.77,9.85,107832
2019-12-09,9.96,9.98,9.75,9.81,82997
2019-12-10,9.71,9.8,9.59,9.64,101606
2019-12-11,9.63,9.73,9.55,9.61,93700
2019-12-12,9.64,9.64,9.52,9.53,79196
2019-12-13,9.64,10.04,9.62,9.97,327768
2019-12-16,9.98,10.22,9.84,10.12,269830
2019-12-17,10.17,10.8,10.09,10.46,421609
2019-12-18,10.38,10.76,10.35,10.45,286801
2019-12-19,10.53,10.62,10.36,10.46,153056
2019-12-20,10.45,10.74,10.44,10.46,257472
2019-12-23,10.4,10.52,9.93,10.03,258202
2019-12-24,10.03,10.14,9.95,10.13,116697
2019-12-25,10.05,10.25,10.03,10.12,134125
2019-12-26,10.15,10.34,10.11,10.34,171737
2019-12-27,10.34,10.57,10.24,10.24,268747
2019-12-30,10.14,10.85,10.1,10.81,469270
2019-12-31,10.7,10.83,10.59,10.73,252159
2020-01-02,10.91,11.35,10.69,11.1,477471
2020-01-03,11.03,11.23,10.98,11.05,273304
2020-01-06,10.88,11.25,10.79,11.01,310830
2020-01-07,11.11,11.33,11.01,11.24,317466
2020-01-08,11.04,11.12,10.74,10.79,276973
2020-01-09,10.99,11.08,10.87,10.96,175973
2020-01-10,11.17,11.18,10.83,10.89,181975
2020-01-13,10.81,11.42,10.68,11.42,372472
2020-01-14,11.48,11.48,11.16,11.19,279593
2020-01-15,11.09,11.26,10.99,11.06,145794
2020-01-16,11.07,11.14,11.02,11.08,130505
2020-01-17,11.11,11.22,11.0,11.07,141209
2020-01-20,11.03,11.27,10.98,11.22,159399
2020-01-21,11.21,11.21,10.93,10.96,148368
2020-01-22,10.87,11.13,10.62,10.99,198252
2020-01-23,10.78,11.01,10.38,10.48,224664
2020-02-03,9.25,9.25,9.25,9.25,68287
2020-02-04,8.56,9.91,8.56,9.52,406339
2020-02-05,9.28,9.91,9.28,9.54,278761
2020-02-06,9.48,9.84,9.42,9.73,261105
2020-02-07,9.64,9.77,9.57,9.7,167230
2020-02-10,9.67,9.82,9.59,9.74,154301
2020-02-11,9.78,9.92,9.66,9.71,174615
2020-02-12,9.65,9.88,9.62,9.81,184912
2020-02-13,9.8,9.83,9.61,9.7,166045
2020-02-14,9.67,9.97,9.65,9.81,205076
2020-02-17,10.06,10.34,9.95,10.27,306079
2020-02-18,10.26,10.37,10.11,10.19,233359
2020-02-19,10.2,10.48,10.14,10.26,265047
2020-02-20,10.34,11.01,10.26,10.92,444041
2020-02-21,10.89,11.26,10.71,10.88,443534
2020-02-24,10.89,11.11,10.77,10.91,281337
2020-02-25,10.65,10.94,10.38,10.88,351759
2020-02-26,10.7,11.01,10.62,10.78,326850
2020-02-27,10.85,11.0,10.68,10.73,259721
2020-02-28,10.36,10.55,9.88,9.95,314835
2020-03-02,10.1,10.67,10.09,10.37,341384
2020-03-03,10.63,10.82,10.45,10.52,278261
2020-03-04,10.63,10.78,10.42,10.78,318601
2020-03-05,11.03,11.26,10.72,11.09,515249
2020-03-06,10.9,10.97,10.73,10.81,258860
2020-03-09,10.58,10.77,10.37,10.47,266543
2020-03-10,10.43,10.82,10.28,10.75,311406
2020-03-11,10.71,10.72,10.46,10.47,189446
2020-03-12,10.33,10.46,10.12,10.2,209495
2020-03-13,9.64,10.12,9.38,9.94,357255
2020-03-16,9.95,10.02,9.32,9.35,259122
2020-03-17,9.48,9.67,9.13,9.35,205012
2020-03-18,9.46,9.52,9.13,9.13,152949
2020-03-19,9.13,9.51,9.04,9.36,246535
2020-03-20,9.46,9.57,9.33,9.51,154189
2020-03-23,9.28,9.38,9.13,9.19,117535
2020-03-24,9.4,9.52,9.21,9.42,152797
2020-03-25,9.68,9.72,9.5,9.58,129935
2020-03-26,9.52,9.59,9.46,9.49,93914
2020-03-27,9.62,9.7,9.48,9.49,122237
2020-03-30,9.35,9.45,9.23,9.37,88908
2020-03-31,9.46,9.52,9.26,9.28,99617
2020-04-01,9.27,9.39,9.07,9.11,130809
2020-04-02,9.06,9.24,9.03,9.23,103674
2020-04-03,9.2,9.25,9.03,9.1,75082
2020-04-07,9.31,9.33,9.19,9.28,189492
2020-04-08,9.23,9.24,9.14,9.18,126871
2020-04-09,9.26,9.36,9.23,9.27,142949
2020-04-10,9.31,9.31,9.12,9.15,84505
2020-04-13,9.13,9.17,8.99,9.03,78007
2020-04-14,9.07,9.29,9.03,9.19,143582
2020-04-15,9.19,9.26,9.08,9.08,119491
2020-04-16,9.07,9.22,9.01,9.11,124635
2020-04-17,9.16,9.22,9.06,9.09,120551
2020-04-20,9.11,9.16,9.04,9.09,107961
2020-04-21,9.03,9.08,8.84,8.9,120072
2020-04-22,8.83,8.88,8.76,8.83,105618
2020-04-23,8.92,9.02,8.86,8.96,126506
2020-04-24,8.9,8.93,8.74,8.83,96701
2020-04-27,8.81,8.9,8.74,8.78,88046
2020-04-28,8.92,8.99,8.68,8.86,129300
2020-04-29,8.89,8.93,8.77,8.92,73584
2020-04-30,8.92,9.12,8.92,9.07,130355
2020-05-06,8.86,9.09,8.85,9.08,129845
2020-05-07,9.05,9.17,9.01,9.05,110455
2020-05-08,9.16,9.35,9.06,9.22,199805
2020-05-11,9.24,9.36,9.19,9.28,125486
2020-05-12,9.33,9.33,9.1,9.17,98348
2020-05-13,9.14,9.21,9.08,9.19,69032
2020-05-14,9.15,9.18,9.04,9.09,66415
2020-05-15,9.24,9.3,9.15,9.15,103232
2020-05-18,9.11,9.24,9.04,9.17,87728
2020-05-19,9.28,9.28,9.17,9.2,64981
2020-05-20,9.19,9.26,9.16,9.17,58062
2020-05-21,9.2,9.22,9.06,9.13,60970
2020-05-22,9.07,9.13,8.82,8.88,112118
2020-05-25,8.91,8.98,8.84,8.91,58629
2020-05-26,8.92,8.98,8.9,8.95,62289
2020-05-27,8.91,8.94,8.83,8.91,55881
2020-05-28,8.91,9.11,8.88,9.04,107356
2020-05-29,8.89,9.06,8.89,9.06,86104
2020-06-01,9.22,9.46,9.22,9.36,259048
2020-06-02,9.35,9.42,9.25,9.33,108891
2020-06-03,9.35,9.39,9.16,9.19,110214
2020-06-04,9.2,9.24,9.13,9.13,72364
2020-06-05,9.23,9.25,9.11,9.22,81182
2020-06-08,9.24,9.27,9.16,9.21,71049
2020-06-09,9.22,9.32,9.18,9.24,97060
2020-06-10,9.24,9.25,9.08,9.13,71756
2020-06-11,9.18,9.29,9.09,9.11,113863
2020-06-12,9.03,9.03,8.88,9.02,142214
2020-06-15,9.02,9.18,8.94,8.94,136244
2020-06-16,9.03,9.06,8.97,9.05,81988
2020-06-17,9.03,9.09,8.98,9.07,80695
2020-06-18,9.07,9.23,9.02,9.14,101095
2020-06-19,9.23,9.68,9.18,9.6,470860
2020-06-22,9.45,10.16,9.4,9.65,519636
2020-06-23,9.63,9.77,9.49,9.72,265540
2020-06-24,9.74,9.97,9.7,9.73,224706
2020-06-29,9.63,9.64,9.39,9.47,232882
2020-06-30,9.51,9.85,9.45,9.68,198562
2020-07-01,9.74,9.83,9.6,9.8,208133
2020-07-02,9.85,10.61,9.81,10.43,568267
2020-07-03,10.77,11.36,10.43,11.23,815580
2020-07-06,11.51,12.52,11.51,12.52,1112517
2020-07-07,12.89,12.98,11.98,12.21,918606
2020-07-08,12.13,13.23,12.08,12.88,945747
2020-07-09,12.98,13.5,12.58,13.19,877583
2020-07-10,12.88,13.31,12.7,12.83,581229
2020-07-13,12.89,13.97,12.71,13.57,826816
2020-07-14,13.36,13.43,12.78,13.13,669287
2020-07-15,13.2,13.3,12.48,12.56,477515
2020-07-16,12.55,12.85,11.82,11.85,555709
2020-07-17,12.09,12.16,11.43,11.71,421288
2020-07-20,12.03,12.46,11.83,12.25,452101
2020-07-21,12.26,12.34,11.88,12.05,281580
2020-07-22,12.08,12.62,11.98,12.14,384376
2020-07-23,11.93,12.21,11.64,12.03,342020
2020-07-24,11.96,12.07,11.19,11.28,390859
2020-07-27,11.32,11.44,11.0,11.19,245111
2020-07-28,11.34,11.46,11.19,11.25,174337
2020-07-29,11.2,11.72,11.19,11.65,275146
2020-07-30,11.76,11.76,11.4,11.54,207049
2020-07-31,11.48,11.93,11.45,11.58,269948
2020-08-03,11.84,12.04,11.67,11.98,353074
2020-08-04,12.09,12.57,11.96,12.26,428135
2020-08-05,12.14,12.21,11.87,12.1,263139
2020-08-06,12.1,12.49,11.77,12.36,343816
2020-08-07,12.26,12.94,12.17,12.64,765781
2020-08-10,12.34,12.98,12.14,12.7,574370
2020-08-11,12.7,12.97,12.09,12.18,408738
2020-08-12,11.99,12.13,11.66,11.93,333480
2020-08-13,12.1,12.18,11.89,11.98,255462
2020-08-14,11.7,12.21,11.7,12.19,261808
2020-08-17,12.38,13.57,12.36,13.48,964668
2020-08-18,13.38,13.81,13.26,13.54,942383
2020-08-19,13.48,14.52,13.35,13.9,932903
2020-08-20,13.79,14.15,13.08,13.23,640695
2020-08-21,13.46,13.66,13.09,13.38,457694
2020-08-24,13.45,13.46,12.99,13.05,331075
2020-08-25,13.14,13.25,12.68,12.82,359117
2020-08-26,12.86,13.02,12.28,12.42,415045
2020-08-27,12.42,12.56,12.29,12.46,216386
2020-08-28,12.46,12.86,12.34,12.75,326021
2020-08-31,12.8,13.03,12.39,12.39,509654
2020-09-01,12.33,12.47,12.19,12.37,253194
2020-09-02,12.38,12.48,12.2,12.39,238916
2020-09-03,12.39,12.54,12.2,12.21,210011
2020-09-04,11.93,12.19,11.87,12.1,176443
2020-09-07,12.12,12.31,11.84,11.86,220305
2020-09-08,11.86,12.15,11.8,12.06,223021
2020-09-09,11.94,12.12,11.74,11.9,201825
2020-09-10,12.12,12.12,11.6,11.6,199605
2020-09-11,11.57,11.71,11.5,11.65,125921
2020-09-14,11.7,11.77,11.45,11.57,139515
2020-09-15,11.54,11.66,11.53,11.59,93636
2020-09-16,11.61,11.81,11.59,11.68,130153
2020-09-17,11.7,11.75,11.49,11.59,111850
2020-09-18,11.58,12.25,11.57,12.1,315430
2020-09-21,12.46,12.56,12.03,12.05,342438
2020-09-22,11.93,12.52,11.89,12.04,388631
2020-09-23,12.05,12.12,11.68,11.76,296717
2020-09-24,11.67,11.82,11.6,11.61,204228
2020-09-25,11.71,11.92,11.58,11.82,215190
2020-09-28,11.88,12.31,11.83,12.08,244966
2020-09-29,11.98,12.2,11.98,12.03,165523
2020-09-30,12.03,12.09,11.73,11.83,142937
2020-10-09,12.11,12.13,11.96,12.03,139940
2020-10-12,12.38,13.38,12.26,13.14,634892
2020-10-13,12.73,12.85,12.56,12.8,348437
2020-10-14,12.79,12.79,12.54,12.59,222692
2020-10-15,12.61,12.82,12.38,12.49,186900
2020-10-16,12.49,12.69,12.45,12.56,187910
2020-10-19,12.7,12.82,12.35,12.37,206316
2020-10-20,12.37,12.38,12.16,12.37,134453
2020-10-21,12.37,12.42,12.2,12.32,113516
2020-10-22,12.29,12.55,12.22,12.5,154885
2020-10-23,12.53,12.53,12.09,12.09,157212
2020-10-26,12.0,12.01,11.63,11.69,183287
2020-10-27,11.67,11.83,11.63,11.73,86833
2020-10-28,11.73,11.95,11.68,11.86,108069
2020-10-29,11.7,12.02,11.67,11.93,124199
2020-10-30,11.94,12.12,11.71,11.73,164636
2020-11-02,11.73,11.97,11.59,11.92,193263
2020-11-03,11.83,12.53,11.83,12.35,344556
2020-11-04,12.33,12.38,12.1,12.24,155504
2020-11-05,12.39,12.53,12.23,12.45,230197
2020-11-06,12.49,12.87,12.43,12.55,403908
2020-11-09,12.64,13.05,12.55,12.84,422256
2020-11-10,12.39,12.54,11.96,11.99,485323
2020-11-11,11.92,12.05,11.78,11.83,171289
2020-11-12,11.81,11.93,11.78,11.83,109379
2020-11-13,11.76,11.8,11.67,11.74,144026
2020-11-16,11.88,11.91,11.72,11.83,105622
2020-11-17,11.86,11.88,11.74,11.84,110705
2020-11-18,11.84,12.04,11.84,11.9,150618
2020-11-19,11.82,11.97,11.73,11.95,139991
2020-11-20,11.91,12.02,11.87,11.96,108621
2020-11-23,11.84,12.33,11.84,12.13,265992
2020-11-24,12.05,12.17,11.95,11.99,133979
2020-11-25,12.04,12.14,11.78,11.78,130795
2020-11-26,11.76,11.92,11.73,11.86,98790
2020-11-27,11.85,12.08,11.82,12.08,156697
2020-11-30,12.14,12.44,12.08,12.12,401135
2020-12-01,12.05,12.54,11.93,12.43,340761
2020-12-02,12.48,12.67,12.28,12.42,290251
2020-12-03,12.42,12.6,12.29,12.52,273957
2020-12-04,12.57,12.95,12.49,12.53,512190
2020-12-07,12.2,12.26,11.98,12.01,367959
2020-12-08,11.98,12.11,11.92,12.01,169724
2020-12-09,12.04,12.08,11.58,11.58,217221
2020-12-10,11.59,11.7,11.54,11.66,187892
2020-12-11,11.66,11.66,11.27,11.47,220136
2020-12-14,11.46,11.53,11.34,11.49,104610
2020-12-15,11.52,11.59,11.37,11.51,97589
2020-12-16,11.56,11.59,11.34,11.35,125254
2020-12-17,11.34,11.74,11.29,11.73,183802
2020-12-18,11.68,11.72,11.56,11.57,134180
2020-12-21,11.56,11.72,11.46,11.69,123715
2020-12-22,11.64,11.72,11.14,11.15,185588
2020-12-23,11.19,11.33,11.12,11.21,121539
2020-12-24,11.32,11.51,11.23,11.32,149051
2020-12-25,11.36,12.44,11.33,11.98,439775
2020-12-28,11.8,11.84,11.44,11.63,305771
2020-12-29,11.59,11.83,11.51,11.58,187295
2020-12-30,11.51,11.69,11.42,11.63,217854
2020-12-31,11.67,12.14,11.61,12.02,436537
2021-01-04,12.02,12.12,11.77,12.0,330691
2021-01-05,11.91,12.09,11.74,12.02,291234
2021-01-06,12.01,12.15,11.78,12.15,314723
2021-01-07,12.08,12.23,11.83,12.14,274778
2021-01-08,12.06,12.25,11.89,12.21,281451
2021-01-11,12.19,12.33,11.77,11.78,276056
2021-01-12,11.73,12.38,11.61,12.25,505065
2021-01-13,12.19,12.25,11.68,11.68,343240
2021-01-14,11.61,11.75,11.45,11.52,242822
2021-01-15,11.56,11.77,11.48,11.65,216444
2021-01-18,11.55,11.81,11.51,11.68,192275
2021-01-19,11.64,11.81,11.56,11.72,183448
2021-01-20,11.68,11.78,11.55,11.62,125787
2021-01-21,11.6,11.83,11.51,11.59,242330
2021-01-22,11.56,11.64,11.28,11.28,219357
2021-01-25,11.35,11.44,11.21,11.29,160145
2021-01-26,11.22,11.33,10.86,10.92,225259
2021-01-27,10.89,11.09,10.88,10.97,118444
2021-01-28,10.88,11.05,10.84,10.97,139411
2021-01-29,10.96,11.21,10.93,11.14,200745
2021-02-01,11.07,11.2,10.28,10.3,337203
2021-02-02,10.54,10.75,10.18,10.71,218073
2021-02-03,10.54,10.83,10.54,10.71,161858
2021-02-04,10.57,10.82,10.51,10.58,155356
2021-02-05,10.63,10.67,10.38,10.42,112575
2021-02-08,10.42,10.63,10.3,10.35,114410
2021-02-09,10.34,10.42,10.0,10.41,184370
2021-02-10,10.31,10.45,10.26,10.36,146469
2021-02-18,10.52,10.6,10.34,10.38,227132
2021-02-19,10.34,10.68,10.25,10.63,357597
2021-02-22,10.67,10.94,10.53,10.54,292647
2021-02-23,10.6,11.19,10.6,10.81,308642
2021-02-24,10.54,10.76,10.3,10.6,274312
2021-02-25,10.65,10.72,10.51,10.58,185714
2021-02-26,10.39,10.74,10.36,10.57,218504
2021-03-01,10.58,10.71,10.5,10.55,196912
2021-03-02,10.55,10.59,10.27,10.28,204265
2021-03-03,10.28,10.44,10.25,10.4,184770
2021-03-04,10.36,10.4,10.24,10.28,130755
2021-03-05,10.27,10.55,10.23,10.46,179188
2021-03-08,10.53,10.55,10.29,10.3,172133
2021-03-09,10.3,10.41,10.03,10.08,184511
2021-03-10,10.14,10.21,9.88,10.0,139068
2021-03-11,9.96,10.18,9.96,10.11,146746
2021-03-12,10.11,10.22,9.98,10.11,145462
2021-03-15,10.08,10.31,10.02,10.2,161951
2021-03-16,10.11,10.31,10.04,10.3,137290
2021-03-17,10.23,10.29,10.08,10.16,148447
2021-03-18,10.21,10.21,10.07,10.08,127571
2021-03-19,10.01,10.12,9.96,9.98,119045
2021-03-22,10.02,10.16,9.95,10.14,126749
2021-03-23,10.17,10.3,10.12,10.23,151739
2021-03-24,10.19,10.49,10.17,10.43,234474
2021-03-25,10.37,10.45,10.28,10.32,106122
2021-03-26,10.29,10.45,10.28,10.39,137961
2021-03-29,10.41,10.42,10.24,10.28,114741
2021-03-30,10.25,10.37,10.25,10.3,85633
2021-03-31,10.28,10.47,10.27,10.34,118680
2021-04-01,10.38,10.53,10.35,10.49,123402
2021-04-02,10.49,10.52,10.18,10.27,201675
2021-04-06,10.27,10.29,10.01,10.07,172699
2021-04-07,10.07,10.1,9.95,10.01,171701
2021-04-08,9.98,10.1,9.97,10.02,228629
2021-04-09,9.99,9.99,9.62,9.69,286546
2021-04-12,9.64,9.75,9.61,9.67,131582
2021-04-13,9.63,9.66,9.47,9.55,135801
2021-04-14,9.48,9.59,9.48,9.55,130123
2021-04-15,9.48,9.52,9.39,9.44,137969
2021-04-16,9.46,9.49,9.4,9.47,120092
2021-04-19,9.47,9.66,9.41,9.62,200675
2021-04-20,9.59,9.63,9.49,9.5,136463
2021-04-21,9.46,9.48,9.41,9.44,74761
2021-04-22,9.47,9.52,9.42,9.44,98752
2021-04-23,9.41,9.43,9.13,9.19,166570
2021-04-26,9.19,9.26,9.02,9.04,154282
2021-04-27,9.04,9.07,8.89,8.92,144098
2021-04-28,8.91,8.96,8.8,8.84,126234
2021-04-29,8.83,9.14,8.81,9.1,198097
2021-04-30,9.1,9.12,8.88,8.88,139182
2021-05-06,8.93,9.04,8.83,8.86,133258
2021-05-07,8.83,8.93,8.82,8.86,118801
2021-05-10,8.87,9.16,8.86,9.11,208609
2021-05-11,9.03,9.21,8.95,9.14,176620
2021-05-12,9.07,9.15,9.03,9.11,103125
2021-05-13,9.05,9.11,8.92,8.94,131738
2021-05-14,8.98,9.58,8.95,9.53,485347
2021-05-17,9.38,9.51,9.2,9.28,276754
2021-05-18,9.29,9.42,9.26,9.31,135064
2021-05-19,9.26,9.32,9.19,9.22,112033
2021-05-20,9.18,9.42,9.18,9.32,156911
2021-05-21,9.32,9.4,9.18,9.21,138740
2021-05-24,9.2,9.43,9.19,9.37,178929
2021-05-25,9.37,9.71,9.34,9.66,399636
2021-05-26,9.66,9.83,9.53,9.57,303919
2021-05-27,9.6,9.72,9.51,9.71,274202
2021-05-28,9.66,9.91,9.58,9.77,312455
2021-05-31,9.62,9.62,9.46,9.58,225777
2021-06-01,9.52,9.58,9.35,9.43,205282
2021-06-02,9.43,9.47,9.28,9.32,152904
2021-06-03,9.3,9.42,9.24,9.24,163273
2021-06-04,9.23,9.55,9.19,9.42,216038
2021-06-07,9.39,9.51,9.3,9.39,135853
2021-06-08,9.38,9.49,9.31,9.4,153206
2021-06-09,9.42,9.47,9.29,9.32,115962
2021-06-10,9.33,9.45,9.31,9.36,140644
2021-06-11,9.31,9.38,9.19,9.22,156011
2021-06-15,9.22,9.22,8.99,9.0,136334
2021-06-16,9.0,9.09,8.99,9.02,107329
2021-06-17,9.07,9.13,9.02,9.08,95725
2021-06-18,9.06,9.18,9.01,9.15,118191
2021-06-21,9.19,9.23,9.14,9.2,91042
2021-06-22,9.24,9.29,9.16,9.18,96429
2021-06-23,9.18,9.26,9.13,9.18,113087
2021-06-24,9.2,9.31,9.18,9.2,107468
2021-06-25,9.23,9.45,9.18,9.38,226036
2021-06-28,9.41,9.41,9.23,9.27,124521
2021-06-29,9.29,9.38,9.25,9.27,114160
2021-06-30,9.26,9.36,9.23,9.36,112445
2021-07-01,10.38,10.44,9.75,9.84,1012396
2021-07-02,9.48,9.59,9.27,9.28,611900
2021-07-05,9.24,9.34,9.08,9.19,267339
2021-07-06,9.17,9.27,9.1,9.26,198599
2021-07-07,9.18,9.25,9.16,9.19,146243
2021-07-08,9.29,9.3,9.08,9.1,181569
2021-07-09,9.05,9.22,9.02,9.15,157469
2021-07-12,9.3,9.43,9.22,9.29,252373
2021-07-13,9.27,9.55,9.23,9.53,300940
2021-07-14,9.49,9.57,9.34,9.49,224186
2021-07-15,9.46,9.57,9.33,9.55,227335
2021-07-16,9.6,9.7,9.47,9.56,201678
2021-07-19,9.5,9.66,9.37,9.62,212649
2021-07-20,9.56,9.7,9.49,9.69,191251
2021-07-21,9.7,9.84,9.59,9.71,214283
2021-07-22,9.68,9.85,9.61,9.72,274565
2021-07-23,9.71,9.95,9.53,9.76,370370
2021-07-26,9.74,9.89,9.49,9.51,314510
2021-07-27,9.53,9.59,9.2,9.28,227088
2021-07-28,9.26,9.36,9.07,9.17,197662
2021-07-29,9.27,9.43,9.22,9.3,211188
2021-07-30,9.26,9.31,9.17,9.19,145816
2021-08-02,9.15,9.65,8.93,9.45,286839
2021-08-03,9.33,9.71,9.31,9.54,263280
2021-08-04,9.53,9.55,9.34,9.48,201685
2021-08-05,9.43,9.56,9.3,9.32,159461
2021-08-06,9.31,9.37,9.24,9.33,133493
2021-08-09,9.31,9.86,9.25,9.76,433553
2021-08-10,9.74,9.84,9.65,9.83,277427
2021-08-11,9.83,9.95,9.7,9.71,200663
2021-08-12,9.68,9.77,9.64,9.71,163400
2021-08-13,9.7,9.78,9.56,9.66,195428
2021-08-16,9.67,9.91,9.66,9.8,289946
2021-08-17,9.79,10.26,9.74,9.87,583535
2021-08-18,9.85,10.56,9.82,10.45,763985
2021-08-19,10.35,10.52,10.11,10.17,520011
2021-08-20,10.16,10.38,10.1,10.38,375142
2021-08-23,10.41,10.5,10.18,10.28,353959
2021-08-24,10.28,10.56,10.06,10.42,742950
2021-08-25,10.42,11.09,10.36,10.68,955071
2021-08-26,10.62,10.66,10.33,10.33,498978
2021-08-27,10.39,10.46,10.17,10.22,294547
2021-08-30,10.31,10.77,10.22,10.53,569120
2021-08-31,10.43,10.94,10.33,10.81,557939
2021-09-01,10.71,11.7,10.61,11.26,806669
2021-09-02,11.21,11.47,11.04,11.4,560585
2021-09-03,11.81,11.9,10.93,10.99,640417
2021-09-06,11.02,11.34,10.97,11.23,460124
2021-09-07,10.64,11.14,10.56,11.0,744500
2021-09-08,10.89,11.17,10.83,10.89,423642
2021-09-09,10.8,10.93,10.73,10.86,269155
2021-09-10,10.86,11.34,10.86,10.98,468692
2021-09-13,10.99,11.17,10.86,10.96,309525
2021-09-14,10.94,10.96,10.58,10.62,335788
2021-09-15,10.63,10.81,10.52,10.63,218528
2021-09-16,10.66,10.77,10.37,10.41,246940
2021-09-17,10.41,10.59,10.39,10.54,162965
2021-09-22,10.42,10.65,10.38,10.63,154547
2021-09-23,10.63,10.87,10.61,10.75,220902
2021-09-24,10.78,10.81,10.65,10.76,203279
2021-09-27,10.7,10.91,10.52,10.53,256935
2021-09-28,10.59,10.75,10.52,10.65,169742
2021-09-29,10.54,10.59,10.23,10.43,219849
2021-09-30,10.44,10.6,10.43,10.43,156029
2021-10-08,10.46,10.73,10.46,10.69,176136
2021-10-11,10.72,10.91,10.64,10.84,245130
2021-10-12,10.73,10.8,10.21,10.34,310699
2021-10-13,10.31,10.39,10.13,10.27,153283
2021-10-14,10.29,10.34,10.21,10.3,89906
2021-10-15,10.22,10.29,10.02,10.09,154366
2021-10-18,10.08,10.2,10.03,10.19,118352
2021-10-19,10.19,10.35,10.11,10.28,127093
2021-10-20,10.27,10.33,10.16,10.19,93595
2021-10-21,10.2,10.28,10.08,10.16,120140
2021-10-22,10.2,10.25,10.08,10.15,94550
2021-10-25,10.14,10.27,10.06,10.26,126930
2021-10-26,10.22,10.33,10.18,10.22,112201
2021-10-27,10.19,10.19,9.87,9.88,157621
2021-10-28,9.85,9.95,9.82,9.9,102516
2021-10-29,9.9,10.08,9.8,10.01,183982
2021-11-01,10.07,10.19,9.99,10.1,221872
2021-11-02,10.08,10.17,9.85,9.91,193282
2021-11-03,9.87,9.96,9.72,9.8,142849
2021-11-04,9.81,9.89,9.63,9.68,176278
2021-11-05,9.62,9.72,9.6,9.6,107689
2021-11-08,9.6,9.72,9.56,9.66,108428
2021-11-09,9.68,9.73,9.59,9.7,104242
2021-11-10,9.68,9.73,9.58,9.7,122146
2021-11-11,9.83,9.94,9.72,9.9,231946
2021-11-12,9.89,9.92,9.79,9.89,132025
2021-11-15,9.87,9.95,9.84,9.88,107673
2021-11-16,9.88,9.97,9.81,9.85,110107
2021-11-17,9.83,9.9,9.8,9.85,80928
2021-11-18,9.84,9.89,9.69,9.71,102166
2021-11-19,9.66,9.89,9.63,9.88,164242
2021-11-22,9.82,9.93,9.78,9.85,153164
2021-11-23,9.85,10.0,9.8,9.89,193508
2021-11-24,9.89,9.9,9.78,9.83,101502
2021-11-25,9.83,9.9,9.78,9.81,79669
2021-11-26,9.85,9.85,9.74,9.74,83136
2021-11-29,9.63,9.74,9.55,9.58,134153
2021-11-30,9.63,9.72,9.58,9.64,98215
2021-12-01,9.6,9.8,9.58,9.79,126217
2021-12-02,9.78,9.89,9.75,9.84,131665
2021-12-03,9.83,9.95,9.8,9.9,155076
2021-12-06,9.95,10.14,9.86,9.87,423852
2021-12-07,9.95,9.97,9.75,9.79,232793
2021-12-08,9.85,9.98,9.76,9.93,200388
2021-12-09,9.91,10.2,9.88,10.04,548806
2021-12-10,9.97,10.02,9.84,9.89,302111
2021-12-13,10.03,10.11,9.86,9.9,424595
2021-12-14,9.83,9.88,9.74,9.79,253147
2021-12-15,9.8,9.91,9.79,9.81,148062
2021-12-16,9.83,9.93,9.78,9.91,161803
2021-12-17,9.91,9.99,9.84,9.85,228768
2021-12-20,9.82,9.88,9.68,9.72,193770
2021-12-21,9.72,9.93,9.69,9.92,299105
2021-12-22,9.94,9.94,9.78,9.8,153142
2021-12-23,9.8,9.85,9.73,9.83,157110
2021-12-24,9.82,9.94,9.81,9.88,224168
2021-12-27,9.88,10.0,9.86,9.93,144235
2021-12-28,9.91,10.0,9.87,9.98,165256
2021-12-29,9.97,10.04,9.89,9.91,152091
2021-12-30,9.91,10.07,9.9,10.05,224325
2021-12-31,10.09,10.16,10.03,10.09,219006
2022-01-04,10.1,10.11,9.94,10.05,208398
2022-01-05,10.05,10.1,9.97,9.99,167861
2022-01-06,9.95,10.02,9.84,9.88,199416
2022-01-07,9.9,10.07,9.9,10.01,192770
2022-01-10,10.01,10.13,9.99,10.06,156106
2022-01-11,10.09,10.19,10.03,10.07,172827
2022-01-12,10.07,10.12,9.99,10.06,134875
2022-01-13,10.08,10.56,10.05,10.25,409630
2022-01-14,10.16,10.18,9.88,9.88,367518
2022-01-17,9.84,9.95,9.82,9.87,155200
2022-01-18,9.87,9.99,9.82,9.91,187750
2022-01-19,9.89,10.05,9.88,9.97,174508
2022-01-20,9.97,10.47,9.95,10.31,529075
2022-01-21,10.23,10.31,10.11,10.17,218704
2022-01-24,10.17,10.23,10.07,10.1,172203
2022-01-25,10.05,10.1,9.72,9.78,233067
2022-01-26,9.85,9.95,9.72,9.92,207401
2022-01-27,9.87,9.92,9.63,9.7,215049
2022-01-28,9.76,9.87,9.56,9.57,229092
2022-02-07,9.72,9.75,9.59,9.64,190966
2022-02-08,9.64,9.86,9.62,9.85,180454
2022-02-09,9.84,9.9,9.79,9.88,148784
2022-02-10,9.89,9.93,9.81,9.93,144733
2022-02-11,9.87,10.06,9.86,9.92,211604
2022-02-14,9.81,9.85,9.52,9.58,296484
2022-02-15,9.58,9.63,9.53,9.59,129518
2022-02-16,9.66,9.71,9.6,9.64,101578
2022-02-17,9.58,9.65,9.5,9.53,124282
2022-02-18,9.5,9.55,9.43,9.54,119573
2022-02-21,9.52,9.54,9.46,9.52,129920
2022-02-22,9.43,9.46,9.2,9.27,210777
2022-02-23,9.27,9.36,9.24,9.31,133564
2022-02-24,9.26,9.29,8.91,9.0,231995
2022-02-25,9.06,9.15,9.0,9.06,99171
2022-02-28,9.04,9.09,8.9,8.96,142680
2022-03-01,8.96,9.06,8.95,9.04,102816
2022-03-02,9.01,9.07,8.99,9.07,90162
2022-03-03,9.11,9.15,9.06,9.1,84185
2022-03-04,9.01,9.07,8.96,9.03,92892
2022-03-07,8.99,9.03,8.84,8.85,110158
2022-03-08,8.84,8.93,8.62,8.62,141265
2022-03-09,8.66,8.71,8.07,8.35,210648
2022-03-10,8.52,8.58,8.28,8.32,148996
2022-03-11,8.23,8.6,8.02,8.56,196866
2022-03-14,8.42,8.66,8.4,8.42,142171
2022-03-15,8.4,8.47,8.18,8.19,225372
2022-03-16,8.24,8.68,8.13,8.58,226040
2022-03-17,8.72,8.76,8.51,8.53,206604
2022-03-18,8.48,8.6,8.43,8.56,153131
2022-03-21,8.54,8.58,8.48,8.55,116364
2022-03-22,8.49,8.62,8.47,8.53,95277
2022-03-23,8.54,8.61,8.48,8.53,72468
2022-03-24,8.49,8.49,8.34,8.42,68754
2022-03-25,8.39,8.53,8.35,8.39,91122
2022-03-28,8.3,8.47,8.23,8.39,87921
2022-03-29,8.34,8.45,8.34,8.39,88616
2022-03-30,8.44,8.68,8.42,8.65,177625
2022-03-31,8.58,8.67,8.54,8.55,167379
2022-04-01,8.53,8.67,8.51,8.67,141481
2022-04-06,8.58,8.7,8.58,8.7,122843
2022-04-07,8.63,8.7,8.49,8.5,115023
2022-04-08,8.58,8.6,8.39,8.58,107225
2022-04-11,8.57,8.57,8.33,8.38,124944
2022-04-12,8.38,8.68,8.32,8.62,139274
2022-04-13,8.58,8.72,8.53,8.6,130567
2022-04-14,8.69,8.76,8.61,8.69,145622
2022-04-15,8.67,8.74,8.58,8.61,112718
2022-04-18,8.55,8.55,8.4,8.49,102985
2022-04-19,8.6,8.79,8.59,8.63,238403
2022-04-20,8.6,8.63,8.48,8.54,185505
2022-04-21,8.48,8.97,8.46,8.71,386392
2022-04-22,8.72,8.94,8.69,8.76,272261
2022-04-25,8.53,8.86,8.37,8.53,327977
2022-04-26,8.51,8.55,7.74,7.78,387426
2022-04-27,7.67,8.22,7.61,8.17,262702
2022-04-28,8.01,8.11,7.88,8.07,146902
2022-04-29,8.3,8.39,8.08,8.31,223606
2022-05-05,7.98,8.01,7.79,7.86,288453
2022-05-06,7.68,7.89,7.66,7.79,141279
2022-05-09,7.72,7.86,7.7,7.79,69836
2022-05-10,7.69,7.88,7.69,7.82,106485
2022-05-11,7.83,7.95,7.78,7.81,164693
2022-05-12,7.77,7.86,7.72,7.77,103156
2022-05-13,7.79,7.85,7.73,7.77,127756
2022-05-16,7.8,7.83,7.67,7.72,124282
2022-05-17,7.7,7.77,7.64,7.71,99717
2022-05-18,7.74,7.74,7.67,7.69,101574
2022-05-19,7.62,7.63,7.53,7.61,111631
2022-05-20,7.62,7.76,7.62,7.75,143980
2022-05-23,7.75,7.8,7.71,7.79,129674
2022-05-24,7.8,7.84,7.61,7.62,138732
2022-05-25,7.59,7.7,7.58,7.7,69810
2022-05-26,7.7,7.89,7.62,7.79,127671
2022-05-27,7.81,7.85,7.72,7.77,101866
2022-05-30,7.75,7.79,7.71,7.72,85256
2022-05-31,7.74,7.78,7.7,7.74,121313
2022-06-01,7.75,7.81,7.73,7.77,83916
2022-06-02,7.77,7.86,7.7,7.82,105988
2022-06-06,7.73,7.94,7.73,7.92,227857
2022-06-07,7.91,8.04,7.87,7.89,199013
2022-06-08,7.89,8.01,7.84,8.0,206920
2022-06-09,8.06,8.14,7.94,7.99,283196
2022-06-10,7.94,8.26,7.91,8.2,288070
2022-06-13,8.09,8.17,8.01,8.12,194915
2022-06-14,8.03,8.53,7.98,8.46,307196
2022-06-15,8.59,9.16,8.59,8.81,663549
2022-06-16,8.9,9.09,8.61,8.85,478811
2022-06-17,8.72,8.87,8.54,8.7,333709
2022-06-20,8.66,8.74,8.55,8.67,228090
2022-06-21,8.66,8.76,8.59,8.71,217868
2022-06-22,8.74,8.74,8.51,8.51,254881
2022-06-23,8.51,8.76,8.49,8.7,230614
2022-06-24,8.7,8.74,8.62,8.67,150864
2022-06-27,8.7,8.75,8.6,8.61,151834
2022-06-28,8.62,9.27,8.54,8.89,338151
2022-06-29,8.79,9.08,8.64,8.7,348142
2022-06-30,8.7,8.8,8.63,8.68,164194
2022-07-01,8.66,8.76,8.56,8.58,113448
2022-07-04,8.56,8.62,8.5,8.6,125961
2022-07-05,8.57,8.63,8.39,8.52,157743
2022-07-06,8.49,8.51,8.39,8.44,88351
2022-07-07,8.43,8.46,8.31,8.32,142102
2022-07-08,8.36,8.4,8.31,8.37,84885
2022-07-11,8.35,8.43,8.3,8.35,80912
2022-07-12,8.35,8.46,8.3,8.33,104537
2022-07-13,8.32,8.38,8.3,8.32,76532
2022-07-14,8.31,8.34,8.26,8.28,81239
2022-07-15,8.3,8.34,8.18,8.19,98270
2022-07-18,8.22,8.35,8.2,8.31,79936
2022-07-19,8.3,8.4,8.28,8.38,71217
2022-07-20,8.4,8.42,8.33,8.34,73102
2022-07-21,8.33,8.34,8.28,8.28,58306
2022-07-22,8.32,8.37,8.23,8.3,61989
2022-07-25,8.32,8.33,8.24,8.26,44063
2022-07-26,8.26,8.33,8.24,8.29,43569
2022-07-27,8.29,8.33,8.26,8.29,33515
2022-07-28,8.32,8.4,8.31,8.36,83823
2022-07-29,8.35,8.39,8.29,8.31,72111
2022-08-01,8.28,8.3,8.23,8.25,65439
2022-08-02,8.2,8.21,7.94,8.03,130998
2022-08-03,8.0,8.14,7.99,7.99,65015
2022-08-04,8.06,8.08,7.98,8.03,49548
2022-08-05,8.06,8.18,8.0,8.16,99800
2022-08-08,8.17,8.19,8.11,8.14,44511
2022-08-09,8.11,8.16,8.07,8.09,45847
2022-08-10,8.1,8.14,8.06,8.09,44366
2022-08-11,8.13,8.44,8.12,8.42,218128
2022-08-12,8.36,8.46,8.31,8.41,112125
2022-08-15,8.38,8.41,8.28,8.32,99556
2022-08-16,8.35,8.37,8.28,8.29,62689
2022-08-17,8.3,8.45,8.26,8.4,124389
2022-08-18,8.39,8.4,8.3,8.35,65612
2022-08-19,8.34,8.4,8.3,8.31,74539
2022-08-22,8.3,8.34,8.26,8.3,71637
2022-08-23,8.27,8.43,8.24,8.32,96732
2022-08-24,8.29,8.46,8.23,8.24,194838
2022-08-25,8.33,8.39,8.23,8.36,140888
2022-08-26,8.39,8.41,8.28,8.35,93264
2022-08-29,8.24,8.33,8.21,8.27,99175
2022-08-30,8.26,8.36,8.24,8.3,90227
2022-08-31,8.27,8.41,8.21,8.36,146907
2022-09-01,8.33,8.42,8.3,8.33,116716
2022-09-02,8.37,8.38,8.26,8.3,86498
2022-09-05,8.29,8.38,8.26,8.38,84963
2022-09-06,8.39,8.42,8.34,8.42,112120
2022-09-07,8.38,8.43,8.33,8.4,73692
2022-09-08,8.42,8.46,8.38,8.41,89777
2022-09-09,8.43,8.53,8.38,8.52,166799
2022-09-13,8.52,8.56,8.44,8.47,100823
2022-09-14,8.36,8.43,8.32,8.35,89834
2022-09-15,8.39,8.49,8.33,8.37,110061
2022-09-16,8.37,8.37,7.94,7.96,214106
2022-09-19,7.96,8.04,7.91,7.97,81150
2022-09-20,8.0,8.06,7.93,7.94,56739
2022-09-21,7.92,7.97,7.82,7.92,64755
2022-09-22,7.87,7.98,7.85,7.94,52538
2022-09-23,7.94,8.13,7.92,8.03,99562
2022-09-26,7.98,8.06,7.79,7.79,97657
2022-09-27,7.8,7.9,7.75,7.88,54801
2022-09-28,7.91,7.99,7.82,7.85,67099
2022-09-29,7.89,7.94,7.62,7.68,83631
2022-09-30,7.69,7.78,7.66,7.71,50874
2022-10-10,7.63,7.74,7.54,7.55,61271
2022-10-11,7.6,7.71,7.55,7.62,52004
2022-10-12,7.63,7.79,7.58,7.78,58695
2022-10-13,7.74,7.85,7.73,7.82,56308
2022-10-14,7.86,7.97,7.83,7.88,64857
2022-10-17,7.86,8.0,7.86,7.94,62491
2022-10-18,7.98,8.0,7.88,7.89,63591
2022-10-19,7.89,7.93,7.83,7.84,43870
2022-10-20,7.83,7.99,7.81,7.9,67305
2022-10-21,8.06,8.13,7.92,7.93,86599
2022-10-24,7.97,8.09,7.78,7.78,95010
2022-10-25,7.78,7.93,7.67,7.75,81056
2022-10-26,7.74,7.88,7.73,7.78,57575
2022-10-27,7.78,7.91,7.78,7.87,100142
2022-10-28,7.86,7.91,7.7,7.72,93684
2022-10-31,7.61,7.88,7.61,7.73,101488
2022-11-01,7.78,7.96,7.76,7.94,128272
2022-11-02,7.93,8.01,7.91,7.96,70720
2022-11-03,7.94,7.99,7.87,7.9,46893
2022-11-04,7.9,8.09,7.88,8.04,106469
2022-11-07,7.98,8.06,7.97,8.02,70377
2022-11-08,8.01,8.04,7.96,7.99,45158
2022-11-09,7.98,8.01,7.9,7.92,51783
2022-11-10,7.87,7.99,7.85,7.95,66631
2022-11-11,8.13,8.16,8.01,8.09,156448
2022-11-14,8.12,8.28,8.11,8.12,154612
2022-11-15,8.11,8.42,8.09,8.33,248184
2022-11-16,8.3,8.33,8.21,8.21,125762
2022-11-17,8.21,8.26,8.18,8.25,81103
2022-11-18,8.24,8.26,8.13,8.13,92316
2022-11-21,8.12,8.13,8.02,8.03,73828
2022-11-22,8.01,8.16,8.0,8.1,87636
2022-11-23,8.09,8.16,8.05,8.13,62493
2022-11-24,8.17,8.19,8.02,8.03,75059
2022-11-25,8.01,8.16,8.01,8.12,79576
2022-11-28,8.03,8.04,7.93,8.01,90306
2022-11-29,8.01,8.33,7.99,8.28,193606
2022-11-30,8.28,8.33,8.21,8.24,118676
2022-12-01,8.35,8.46,8.22,8.23,185762
2022-12-02,8.24,8.34,8.22,8.23,101549
2022-12-05,8.29,8.46,8.26,8.43,227512
2022-12-06,8.36,8.49,8.36,8.44,147976
2022-12-07,8.41,8.5,8.35,8.36,139430
2022-12-08,8.36,8.38,8.29,8.34,112222
2022-12-09,8.38,8.39,8.26,8.38,135699
2022-12-12,8.34,8.36,8.17,8.2,121865
2022-12-13,8.22,8.25,8.17,8.21,53821
2022-12-14,8.19,8.3,8.17,8.26,64818
2022-12-15,8.26,8.28,8.16,8.18,64207
2022-12-16,8.14,8.23,8.12,8.22,70044
2022-12-19,8.2,8.27,7.94,7.99,100986
2022-12-20,7.97,8.01,7.91,7.93,62530
2022-12-21,7.97,7.98,7.86,7.86,43341
2022-12-22,7.97,8.0,7.85,7.9,58036
2022-12-23,7.84,7.97,7.82,7.88,49098
2022-12-26,7.91,7.95,7.82,7.87,64317
2022-12-27,7.92,7.98,7.89,7.95,47622
2022-12-28,7.94,7.99,7.91,7.99,52006
2022-12-29,7.97,7.99,7.89,7.95,51539
2022-12-30,7.99,8.02,7.95,7.99,48430
2023-01-03,7.89,8.0,7.83,7.96,94196
2023-01-04,7.99,8.03,7.96,8.0,68733
2023-01-05,8.02,8.1,8.01,8.08,80653
2023-01-06,8.08,8.16,8.02,8.07,72813
2023-01-09,8.12,8.23,8.06,8.18,96342
2023-01-10,8.17,8.23,8.08,8.14,94667
2023-01-11,8.15,8.22,8.11,8.13,83100
2023-01-12,8.15,8.23,8.1,8.22,81621
2023-01-13,8.24,8.29,8.17,8.29,108266
2023-01-16,8.3,8.66,8.26,8.51,377640
2023-01-17,8.44,8.56,8.43,8.54,145231
2023-01-18,8.47,8.59,8.46,8.54,92104
2023-01-19,8.48,8.67,8.47,8.67,145594
2023-01-20,8.64,8.67,8.53,8.6,126954
2023-01-30,8.67,8.71,8.56,8.6,154996
2023-01-31,8.55,8.65,8.48,8.49,128265
2023-02-01,8.55,8.8,8.55,8.79,265279
2023-02-02,8.89,8.99,8.67,8.7,245363
2023-02-03,8.63,8.76,8.6,8.69,173427
2023-02-06,8.64,8.71,8.6,8.65,110408
2023-02-07,8.79,8.79,8.54,8.58,115074
2023-02-08,8.58,8.64,8.47,8.48,77610
2023-02-09,8.51,8.64,8.48,8.63,96895
2023-02-10,8.59,8.63,8.54,8.59,50860
2023-02-13,8.59,8.62,8.52,8.61,77203
2023-02-14,8.63,8.65,8.55,8.58,60020
2023-02-15,8.59,8.61,8.48,8.5,74631
2023-02-16,8.51,8.67,8.39,8.44,155618
2023-02-17,8.41,8.5,8.34,8.34,87547
2023-02-20,8.43,8.64,8.42,8.64,135505
2023-02-21,8.6,8.77,8.57,8.74,150338
2023-02-22,8.73,8.82,8.69,8.74,113870
2023-02-23,8.76,8.85,8.71,8.81,136223
2023-02-24,8.87,8.9,8.69,8.72,78997
2023-02-27,8.71,8.76,8.61,8.65,72071
2023-02-28,8.65,8.79,8.64,8.77,117066
2023-03-01,8.74,9.0,8.72,8.99,254587
2023-03-02,8.98,9.01,8.92,8.96,92827
2023-03-03,8.96,8.98,8.83,8.95,154820
2023-03-06,8.94,8.94,8.77,8.79,126005
2023-03-07,8.79,8.86,8.65,8.68,123007
2023-03-08,8.64,8.67,8.57,8.62,88736
2023-03-09,8.64,8.66,8.57,8.6,70101
2023-03-10,8.57,8.59,8.44,8.44,92965
2023-03-13,8.43,8.51,8.39,8.47,100304
2023-03-14,8.46,8.46,8.31,8.39,98223
2023-03-15,8.49,8.49,8.41,8.42,57696
2023-03-16,8.4,8.46,8.36,8.39,63529
2023-03-17,8.47,8.58,8.45,8.47,105531
2023-03-20,8.49,8.58,8.45,8.48,91428
2023-03-21,8.52,8.62,8.49,8.54,96811
2023-03-22,8.54,8.59,8.52,8.55,78414
2023-03-23,8.52,8.69,8.51,8.66,107749
2023-03-24,8.68,8.72,8.6,8.63,74671
2023-03-27,8.63,8.66,8.53,8.63,89498
2023-03-28,8.66,8.66,8.56,8.62,59932
2023-03-29,8.64,8.64,8.48,8.51,83149
2023-03-30,8.54,8.54,8.39,8.51,96968
2023-03-31,8.51,8.55,8.45,8.48,79323
2023-04-03,8.5,8.7,8.46,8.69,208435
2023-04-04,8.66,8.76,8.62,8.73,134749
2023-04-06,8.72,8.72,8.62,8.65,94697
2023-04-07,8.66,8.75,8.63,8.7,84161
2023-04-10,8.76,8.79,8.63,8.65,97758
2023-04-11,8.73,8.83,8.68,8.71,154799
2023-04-12,8.7,8.75,8.66,8.71,122030
2023-04-13,8.71,8.78,8.67,8.71,140129
2023-04-14,8.72,8.77,8.67,8.75,85224
2023-04-17,8.81,8.96,8.74,8.96,211674
2023-04-18,8.99,9.0,8.88,8.89,140720
2023-04-19,8.91,8.91,8.78,8.79,109112
2023-04-20,8.73,8.8,8.68,8.79,110177
2023-04-21,8.81,8.81,8.42,8.44,143930
2023-04-24,8.44,8.54,8.33,8.36,124442
2023-04-25,8.34,8.49,8.32,8.39,130963
2023-04-26,8.46,8.46,8.24,8.25,194156
2023-04-27,8.26,8.3,8.22,8.29,161195
2023-04-28,8.31,8.58,8.27,8.52,235883
2023-05-04,8.55,8.76,8.5,8.69,367465
2023-05-05,8.71,9.07,8.69,8.93,463463
2023-05-08,8.96,9.16,8.87,9.09,425107
2023-05-09,9.14,9.4,9.05,9.09,686959
2023-05-10,8.98,9.16,8.81,8.86,333713
2023-05-11,8.94,8.99,8.82,8.85,176119
2023-05-12,8.85,8.89,8.69,8.71,227816
2023-05-15,8.71,8.77,8.46,8.7,301526
2023-05-16,8.7,8.81,8.67,8.7,205437
2023-05-17,8.67,8.78,8.61,8.64,140380
2023-05-18,8.67,8.74,8.56,8.6,147312
2023-05-19,8.57,8.58,8.46,8.48,148898
2023-05-22,8.47,8.53,8.43,8.47,109299
2023-05-23,8.5,8.51,8.37,8.37,124442
2023-05-24,8.36,8.4,8.29,8.29,152360
2023-05-25,8.26,8.33,8.18,8.29,150050
2023-05-26,8.29,8.4,8.25,8.35,87463
2023-05-29,8.35,8.39,8.25,8.27,95181
2023-05-30,8.26,8.31,8.21,8.3,93927
2023-05-31,8.26,8.33,8.26,8.32,131358
2023-06-01,8.28,8.36,8.26,8.29,150586
2023-06-02,8.29,8.41,8.29,8.41,138970
2023-06-05,8.41,8.44,8.31,8.34,97363
2023-06-06,8.31,8.42,8.19,8.2,175149
2023-06-07,8.21,8.27,8.18,8.22,80426
2023-06-08,8.19,8.3,8.13,8.28,153338
2023-06-09,8.28,8.31,8.23,8.25,105194
2023-06-12,8.22,8.26,8.18,8.22,88166
2023-06-13,8.2,8.25,8.19,8.23,71263
2023-06-14,8.26,8.32,8.23,8.23,93583
2023-06-15,8.24,8.34,8.21,8.33,127308
2023-06-16,8.33,8.4,8.31,8.39,130758
2023-06-19,8.36,8.39,8.28,8.31,104444
2023-06-20,8.3,8.35,8.21,8.22,119110
2023-06-21,8.28,8.28,8.08,8.09,135516
2023-06-26,8.03,8.08,7.94,7.94,125957
2023-06-27,7.97,8.02,7.94,7.99,85006
2023-06-28,8.01,8.02,7.94,8.0,62361
2023-06-29,7.99,8.03,7.96,7.97,82804
2023-06-30,7.97,8.15,7.97,8.11,90880
2023-07-03,8.12,8.27,8.11,8.26,137411
2023-07-04,8.24,8.27,8.21,8.26,72161
2023-07-05,8.24,8.33,8.24,8.27,96004
2023-07-06,8.25,8.3,8.18,8.24,67392
2023-07-07,8.23,8.34,8.2,8.31,70590
2023-07-10,8.33,8.36,8.27,8.29,59136
2023-07-11,8.32,8.36,8.29,8.33,69803
2023-07-12,8.33,8.37,8.26,8.27,62216
2023-07-13,8.34,8.42,8.33,8.42,120111
2023-07-14,8.42,8.43,8.38,8.42,61809
2023-07-17,8.41,8.43,8.34,8.42,81080
2023-07-18,8.42,8.45,8.37,8.42,78123
2023-07-19,8.4,8.46,8.39,8.46,73406
2023-07-20,8.48,8.5,8.39,8.41,75146
2023-07-21,8.39,8.47,8.38,8.45,76070
2023-07-24,8.42,8.49,8.39,8.42,54900
2023-07-25,8.6,8.77,8.56,8.7,350390
2023-07-26,8.69,8.7,8.59,8.68,171178
2023-07-27,8.66,8.74,8.6,8.63,116519
2023-07-28,8.61,9.17,8.61,9.12,800029
2023-07-31,9.18,9.3,9.04,9.07,884194
2023-08-01,8.98,9.18,8.93,9.04,520330
2023-08-02,8.98,9.19,8.98,9.05,334804
2023-08-03,9.05,9.32,8.98,9.3,544577
2023-08-04,9.48,10.28,9.48,9.89,1494138
2023-08-07,9.65,9.73,9.58,9.67,817572
2023-08-08,9.54,9.76,9.29,9.55,763569
2023-08-09,9.46,9.64,9.46,9.55,426550
2023-08-10,9.5,9.63,9.45,9.62,594458
2023-08-11,9.53,9.53,9.17,9.2,772381
2023-08-14,9.02,9.2,8.97,9.09,450948
2023-08-15,9.08,9.29,9.08,9.25,402137
2023-08-16,9.18,9.58,9.05,9.38,609767
2023-08-17,9.33,9.52,9.22,9.4,474683
2023-08-18,9.38,9.47,9.23,9.3,337680
2023-08-21,9.14,9.23,8.91,8.94,356512
2023-08-22,9.01,9.06,8.87,8.98,295789
2023-08-23,8.94,8.98,8.8,8.82,224726
2023-08-24,8.9,9.04,8.82,8.88,246964
2023-08-25,8.88,9.07,8.85,8.94,242828
2023-08-28,9.9,9.9,9.08,9.14,897368
2023-08-29,9.1,9.23,8.84,9.05,543097
2023-08-30,9.03,9.03,8.8,8.81,314257
2023-08-31,8.87,8.88,8.66,8.66,226595
2023-09-01,8.71,8.75,8.58,8.6,208597
2023-09-04,8.62,8.75,8.58,8.72,218177
2023-09-05,8.69,8.71,8.63,8.68,145939
2023-09-06,8.65,8.66,8.59,8.61,148330
2023-09-07,8.62,8.66,8.57,8.6,163446
2023-09-08,8.57,8.76,8.56,8.71,141809
2023-09-11,8.71,8.84,8.64,8.79,222404
2023-09-12,8.8,8.8,8.69,8.72,108587
2023-09-13,8.71,8.75,8.6,8.64,109665
2023-09-14,8.68,8.7,8.62,8.68,129016
2023-09-15,8.69,8.73,8.61,8.61,137856
2023-09-18,8.54,8.69,8.49,8.66,202978
2023-09-19,8.67,8.73,8.6,8.69,138698
2023-09-20,8.69,8.71,8.62,8.66,90592
2023-09-21,8.67,8.71,8.6,8.61,110760
2023-09-22,8.62,8.82,8.6,8.81,166996
2023-09-25,8.77,8.77,8.65,8.66,135670
2023-09-26,8.69,8.73,8.65,8.67,85504
2023-09-27,8.66,8.76,8.66,8.7,115402
2023-09-28,8.7,8.72,8.55,8.59,175958
2023-10-09,8.53,8.71,8.43,8.66,228172
2023-10-10,8.68,8.76,8.59,8.61,147517
2023-10-11,8.64,8.73,8.59,8.59,114041
2023-10-12,8.67,8.75,8.65,8.71,108757
2023-10-13,8.65,8.73,8.62,8.69,94109
2023-10-16,8.68,8.83,8.6,8.76,205216
2023-10-17,8.76,8.91,8.72,8.87,223052
2023-10-18,8.82,8.92,8.8,8.87,169194
2023-10-19,8.81,8.97,8.79,8.83,310365
2023-10-20,8.8,8.93,8.79,8.83,179606
2023-10-23,8.8,8.83,8.63,8.69,179504
2023-10-24,8.69,9.07,8.61,9.05,355297
2023-10-25,9.08,9.12,8.98,9.08,238024
2023-10-26,9.02,9.11,8.96,9.09,172392
2023-10-27,9.05,9.15,8.99,9.12,174801
2023-10-30,9.08,9.11,8.96,9.05,191932
2023-10-31,9.04,9.09,8.93,8.99,148050
2023-11-01,9.06,9.07,8.94,8.94,127583
2023-11-02,8.96,9.02,8.9,8.91,143475
2023-11-03,8.92,9.0,8.89,8.93,122713
2023-11-06,9.14,9.25,9.02,9.2,367912
2023-11-07,9.15,9.26,9.11,9.21,232223
2023-11-08,9.22,9.29,9.12,9.2,295714
2023-11-09,9.19,9.23,9.13,9.21,155110
2023-11-10,9.2,9.24,9.15,9.19,171362
2023-11-13,9.19,9.22,9.1,9.14,173343
2023-11-14,9.14,9.37,9.12,9.26,254177
2023-11-15,9.35,9.41,9.24,9.27,194606
2023-11-16,9.25,9.33,9.2,9.2,142939
2023-11-17,9.18,9.28,9.14,9.22,150621
2023-11-20,9.25,9.25,9.02,9.06,217299
2023-11-21,9.08,9.24,9.07,9.12,189453
2023-11-22,9.09,9.17,9.06,9.07,108300
2023-11-23,9.26,9.42,9.13,9.23,321004
2023-11-24,9.13,9.17,9.04,9.05,213209
2023-11-27,8.99,9.01,8.85,8.91,203957
2023-11-28,8.92,8.96,8.86,8.9,110133
2023-11-29,8.93,8.95,8.85,8.86,98681
2023-11-30,8.84,8.91,8.83,8.88,144394
2023-12-01,8.87,8.9,8.79,8.87,122010
2023-12-04,8.88,8.91,8.8,8.83,143091
2023-12-05,8.82,8.82,8.68,8.68,169739
2023-12-06,8.68,8.71,8.52,8.54,239580
2023-12-07,8.55,8.6,8.27,8.32,594148
2023-12-08,8.33,8.38,8.09,8.32,1209964
2023-12-11,8.22,8.46,8.01,8.42,552480
2023-12-12,8.37,8.38,8.25,8.32,244359
2023-12-13,8.29,8.3,8.23,8.23,176315
2023-12-14,8.28,8.33,8.22,8.22,146340
2023-12-15,8.31,8.33,8.23,8.24,161797
2023-12-18,8.25,8.31,8.16,8.19,152557
2023-12-19,8.19,8.2,8.1,8.17,135513
2023-12-20,8.19,8.21,7.99,7.99,157363
2023-12-21,8.0,8.0,7.87,7.93,197568
2023-12-22,7.93,7.96,7.84,7.9,158105
2023-12-25,7.87,7.92,7.77,7.8,166852
2023-12-26,7.8,7.83,7.7,7.72,122275
2023-12-27,7.74,7.86,7.68,7.81,175914
2023-12-28,7.79,7.98,7.77,7.93,280565
2023-12-29,7.91,7.95,7.89,7.92,178026
2024-01-02,7.93,7.94,7.81,7.82,178350
2024-01-03,7.81,7.89,7.79,7.88,151524
2024-01-04,7.87,7.87,7.69,7.75,209933
2024-01-05,7.75,7.81,7.65,7.71,248874
2024-01-08,7.67,7.71,7.53,7.53,206796
2024-01-09,7.56,7.61,7.51,7.55,197950
2024-01-10,7.56,7.63,7.52,7.54,154195
2024-01-11,7.55,7.64,7.5,7.64,185349
2024-01-12,7.6,7.67,7.58,7.61,135612
2024-01-15,7.57,7.64,7.52,7.59,123971
2024-01-16,7.56,7.67,7.51,7.64,179254
2024-01-17,7.62,7.63,7.45,7.45,176955
2024-01-18,7.44,7.44,7.12,7.37,383384
2024-01-19,7.36,7.37,7.24,7.31,269788
2024-01-22,7.28,7.34,6.98,7.08,278401
2024-01-23,7.09,7.28,7.01,7.22,242039
2024-01-24,7.23,7.57,7.17,7.52,321348
2024-01-25,7.48,7.81,7.46,7.78,381250
2024-01-26,7.69,7.89,7.67,7.8,282354
2024-01-29,7.82,7.88,7.68,7.7,219612
2024-01-30,7.63,7.73,7.53,7.53,166944
2024-01-31,7.51,7.57,7.36,7.41,188980
2024-02-01,7.37,7.53,7.28,7.38,209480
2024-02-02,7.38,7.42,6.99,7.22,261837
2024-02-05,7.15,7.19,6.8,6.93,413744
2024-02-06,6.9,7.48,6.87,7.46,375520
2024-02-07,7.46,7.58,7.35,7.52,453651
2024-02-08,7.57,7.61,7.45,7.58,441003
2024-02-19,7.57,7.62,7.43,7.6,310962
2024-02-20,7.56,7.72,7.51,7.69,293871
2024-02-21,7.63,7.92,7.56,7.76,363067
2024-02-22,7.73,7.93,7.69,7.86,226180
2024-02-23,7.86,7.93,7.83,7.9,219485
2024-02-26,7.89,7.94,7.82,7.82,205214
2024-02-27,7.81,7.92,7.79,7.92,199147
2024-02-28,7.94,8.11,7.87,7.88,369985
2024-02-29,7.83,8.0,7.79,8.0,263629
2024-03-01,8.0,8.1,7.97,8.04,277059
2024-03-04,8.04,8.06,7.94,7.98,175085
2024-03-05,7.95,8.04,7.92,7.97,183252
2024-03-06,7.95,8.0,7.86,7.92,192090
2024-03-07,7.9,7.98,7.82,7.83,165904
2024-03-08,7.85,7.88,7.79,7.85,135920
2024-03-11,7.83,7.94,7.83,7.93,160467
2024-03-12,7.95,8.01,7.91,7.97,164392
2024-03-13,7.98,7.99,7.87,7.93,132038
2024-03-14,7.92,7.96,7.83,7.87,134702
2024-03-15,7.86,7.94,7.8,7.93,125773
2024-03-18,8.0,8.16,7.97,8.13,268502
2024-03-19,8.1,8.12,8.02,8.03,156026
2024-03-20,8.01,8.05,7.96,8.01,136156
2024-03-21,8.02,8.09,7.98,8.01,144161
2024-03-22,8.02,8.02,7.86,7.9,157323
2024-03-25,7.81,7.82,7.67,7.68,184204
2024-03-26,7.67,7.81,7.67,7.79,114806
2024-03-27,7.77,7.81,7.65,7.66,113960
2024-03-28,7.64,7.75,7.62,7.67,126983
2024-03-29,7.66,7.77,7.64,7.76,112059
2024-04-01,7.82,7.99,7.82,7.98,176027
2024-04-02,7.98,8.1,7.95,8.01,181021
2024-04-03,8.01,8.07,7.96,8.05,141553
2024-04-08,7.97,8.17,7.88,8.03,270269
2024-04-09,8.05,8.07,7.94,7.96,133551
2024-04-10,7.96,8.08,7.84,7.89,197093
2024-04-11,7.81,8.04,7.79,7.95,171254
2024-04-12,7.92,7.94,7.76,7.78,181486
2024-04-15,7.8,8.13,7.79,8.03,274078
2024-04-16,7.95,8.06,7.8,7.82,238485
2024-04-17,7.88,8.06,7.84,8.06,258635
2024-04-18,8.05,8.7,8.0,8.39,928237
2024-04-19,8.29,8.52,8.28,8.33,581146
2024-04-22,8.18,8.31,8.1,8.15,395198
2024-04-23,8.17,8.19,8.04,8.06,224444
2024-04-24,8.08,8.17,7.98,8.17,237921
2024-04-25,8.1,8.14,8.02,8.06,204177
2024-04-26,8.26,8.53,8.09,8.5,651406
2024-04-29,8.43,8.62,8.38,8.55,591327
2024-04-30,8.52,8.52,8.33,8.37,361755
2024-05-06,8.51,8.54,8.36,8.42,355221
2024-05-07,8.36,8.37,8.25,8.31,263576
2024-05-08,8.31,8.32,8.19,8.23,178577
2024-05-09,8.23,8.3,8.22,8.28,246246
2024-05-10,8.27,8.36,8.21,8.33,214837
2024-05-13,8.26,8.4,8.16,8.36,227131
2024-05-14,8.33,8.42,8.27,8.4,218738
2024-05-15,8.43,8.46,8.14,8.15,270837
2024-05-16,8.15,8.24,8.12,8.15,170564
2024-05-17,8.12,8.35,8.12,8.34,171650
2024-05-20,8.34,8.41,8.27,8.29,207609
2024-05-21,8.28,8.28,8.18,8.24,123257
2024-05-22,8.22,8.32,8.18,8.26,134574
2024-05-23,8.24,8.26,8.1,8.14,153024
2024-05-24,8.11,8.16,8.01,8.02,131355
2024-05-27,8.07,8.17,8.01,8.17,145475
2024-05-28,8.14,8.23,8.1,8.15,110336
2024-05-29,8.14,8.22,8.12,8.17,95003
2024-05-30,8.14,8.25,8.12,8.23,146310
2024-05-31,8.2,8.32,8.2,8.32,195101
2024-06-03,8.39,8.65,8.23,8.55,761342
2024-06-04,8.55,8.67,8.42,8.5,418209
2024-06-05,8.5,8.66,8.45,8.58,326847
2024-06-06,8.54,8.8,8.54,8.61,401009
2024-06-07,8.63,8.69,8.46,8.66,403248
2024-06-11,8.65,8.78,8.57,8.62,305356
2024-06-12,8.59,8.82,8.46,8.79,412928
2024-06-13,8.74,9.13,8.74,9.0,616858
2024-06-14,8.98,9.19,8.76,8.76,1658140
2024-06-17,8.68,8.78,8.49,8.69,566058
2024-06-18,8.72,8.74,8.55,8.62,292833
2024-06-19,8.65,8.7,8.45,8.47,235950
2024-06-20,8.46,8.6,8.45,8.55,233273
2024-06-21,8.51,8.65,8.51,8.59,202262
2024-06-24,8.59,8.66,8.52,8.53,192098
2024-06-25,8.5,8.57,8.38,8.44,184356
2024-06-26,8.41,8.53,8.39,8.51,110445
2024-06-27,8.48,8.62,8.45,8.5,134758
2024-06-28,8.48,8.58,8.3,8.34,214566
2024-07-01,8.26,8.37,8.2,8.32,135389
2024-07-02,8.31,8.38,8.14,8.16,152635
2024-07-03,8.16,8.23,8.13,8.18,115666
2024-07-04,8.19,8.2,8.02,8.03,125595
2024-07-05,8.05,8.08,7.94,7.98,121933
2024-07-08,7.91,7.95,7.72,7.75,116168
2024-07-09,7.76,7.86,7.63,7.84,135215
2024-07-10,7.8,7.89,7.75,7.79,104207
2024-07-11,7.85,7.88,7.76,7.79,217673
2024-07-12,7.74,7.74,7.6,7.65,195057
2024-07-15,7.6,7.71,7.6,7.66,120958
2024-07-16,7.68,7.79,7.65,7.74,140243
2024-07-17,7.76,7.88,7.75,7.85,160560
2024-07-18,7.81,7.88,7.72,7.88,127469
2024-07-19,7.86,7.94,7.79,7.92,150836
2024-07-22,7.98,8.01,7.85,7.9,165846
2024-07-23,7.88,7.95,7.75,7.77,128783
2024-07-24,7.75,7.89,7.73,7.77,142810
2024-07-25,7.77,8.05,7.75,8.02,271905
2024-07-26,8.02,8.15,7.97,8.1,193540
2024-07-29,8.04,8.16,8.01,8.07,112888
2024-07-30,8.07,8.17,8.03,8.14,127888
2024-07-31,8.14,8.55,8.14,8.49,304172
2024-08-01,8.47,8.63,8.42,8.57,254857
2024-08-02,8.54,8.63,8.46,8.49,183372
2024-08-05,8.45,8.61,8.43,8.43,183513
2024-08-06,8.48,8.57,8.36,8.41,119875
2024-08-07,8.43,8.61,8.39,8.52,137377
2024-08-08,8.46,8.61,8.45,8.5,114340
2024-08-09,8.55,8.57,8.49,8.49,91008
2024-08-12,8.47,8.53,8.45,8.5,76528
2024-08-13,8.51,8.62,8.49,8.59,120768
2024-08-14,8.58,8.63,8.55,8.59,124252
2024-08-15,8.55,8.74,8.55,8.69,150059
2024-08-16,8.67,8.82,8.66,8.75,179711
2024-08-19,8.73,8.86,8.7,8.84,134834
2024-08-20,8.81,8.85,8.68,8.69,145359
2024-08-21,8.76,8.77,8.64,8.69,139508
2024-09-05,8.69,8.71,8.06,8.24,661966
2024-09-06,8.45,8.48,8.12,8.14,499919
2024-09-09,7.99,8.26,7.96,8.09,334073
2024-09-10,8.08,8.16,8.01,8.1,201971
2024-09-11,8.08,8.19,8.04,8.08,167410
2024-09-12,8.09,8.23,8.05,8.19,183629
2024-09-13,8.24,8.41,8.2,8.3,232685
2024-09-18,8.18,8.37,8.18,8.34,149695
2024-09-19,8.43,8.65,8.34,8.61,246165
2024-09-20,8.55,8.65,8.5,8.59,196458
2024-09-23,8.6,8.8,8.55,8.72,191345
2024-09-24,8.75,9.1,8.73,9.08,475498
2024-09-25,9.15,9.4,9.12,9.24,507683
2024-09-26,9.15,9.59,9.07,9.59,531138
2024-09-27,9.75,10.44,9.65,10.4,874764
2024-09-30,11.42,11.48,10.97,11.48,1157209
2024-10-08,12.66,12.66,12.04,12.66,893180
2024-10-09,12.66,13.63,12.21,12.4,2150998
2024-10-10,12.55,12.77,11.36,11.76,1181638
2024-10-11,11.63,11.85,11.25,11.37,690422
2024-10-14,11.37,11.49,11.0,11.4,684084
2024-10-15,11.39,11.44,11.06,11.08,440459
2024-10-16,10.96,11.25,10.83,10.97,437970
2024-10-17,10.97,11.14,10.73,10.77,346675
2024-10-18,10.76,11.71,10.66,11.28,841582
2024-10-21,11.15,11.35,11.03,11.25,511700
2024-10-22,11.25,11.34,11.17,11.3,293515
2024-10-23,11.35,11.5,11.24,11.27,360170
2024-10-24,11.24,11.26,11.07,11.17,286390
2024-10-25,11.51,11.61,11.3,11.38,504409
2024-10-28,11.25,11.33,11.19,11.26,328794
2024-10-29,11.28,11.45,11.15,11.16,350555
2024-10-30,11.19,11.3,11.06,11.15,304411
2024-10-31,11.15,11.49,11.08,11.21,551323
2024-11-01,11.23,11.42,11.12,11.19,404234
2024-11-04,11.41,11.62,11.23,11.55,518831
2024-11-05,11.55,12.04,11.38,12.01,827835
2024-11-06,12.03,12.37,11.88,11.96,722599
2024-11-07,11.81,12.76,11.75,12.74,926110
2024-11-08,13.0,13.05,12.55,12.58,815611
2024-11-11,12.46,12.6,12.31,12.5,519362
2024-11-12,12.48,12.65,12.02,12.15,470410
2024-11-13,12.03,12.23,11.92,12.1,333580
2024-11-14,12.04,12.2,11.87,11.93,286765
2024-11-15,11.88,12.0,11.43,11.44,339609
2024-11-18,11.45,11.71,11.32,11.44,328795
2024-11-19,11.43,11.55,11.31,11.54,224939
2024-11-20,11.45,11.58,11.32,11.48,251544
2024-11-21,11.43,11.55,11.32,11.49,281081
2024-11-22,11.49,11.49,10.93,10.96,282992
2024-11-25,10.96,11.02,10.77,10.91,263506
2024-11-26,10.93,11.04,10.85,10.88,157600
2024-11-27,10.87,11.02,10.8,11.02,180597
2024-11-28,11.15,11.18,10.98,11.01,218084
2024-11-29,11.0,11.45,10.96,11.14,385709
2024-12-02,10.92,11.23,10.9,11.19,299728
2024-12-03,11.19,11.35,11.13,11.27,261527
2024-12-04,11.25,11.28,11.04,11.14,206980
2024-12-05,11.06,11.22,11.03,11.18,217675
2024-12-06,11.09,11.39,11.05,11.27,420899
2024-12-09,11.4,11.59,11.03,11.13,723195
2024-12-10,11.55,11.8,11.21,11.23,691518
2024-12-11,11.18,11.3,11.11,11.15,331374
2024-12-12,11.17,11.39,11.08,11.28,375944
2024-12-13,11.21,11.21,11.05,11.09,459033
2024-12-16,11.05,11.08,10.8,10.86,331238
2024-12-17,10.82,10.95,10.81,10.83,208844
2024-12-18,10.89,11.04,10.88,10.91,194069
2024-12-19,10.85,10.89,10.78,10.87,155348
2024-12-20,10.86,10.96,10.83,10.9,169525
2024-12-23,11.01,11.31,10.88,10.91,485854
2024-12-24,10.83,11.13,10.82,11.12,327905
2024-12-25,11.1,11.15,10.92,11.01,183534
2024-12-26,10.98,11.07,10.93,11.02,143500
2024-12-27,11.01,11.28,10.99,11.11,284542
2024-12-30,11.25,11.45,11.18,11.45,631715
2024-12-31,11.42,11.44,10.85,10.85,508505
2025-01-02,10.82,10.89,10.11,10.22,537944
2025-01-03,10.23,10.3,9.95,9.97,307031
2025-01-06,9.91,10.03,9.9,10.01,196604
2025-01-07,10.02,10.11,9.92,10.04,151959
2025-01-08,9.98,10.08,9.78,10.01,223177
2025-01-09,9.98,10.04,9.87,9.94,125525
2025-01-10,10.0,10.08,9.8,9.8,130557
2025-01-13,9.69,9.9,9.67,9.84,143544
2025-01-14,9.9,10.15,9.84,10.14,235451
2025-01-15,10.1,10.18,10.05,10.08,137207
2025-01-16,10.15,10.25,10.02,10.11,145825
2025-01-17,10.08,10.2,10.03,10.13,111537
2025-01-20,10.23,10.28,10.11,10.12,133281
2025-01-21,10.22,10.24,10.08,10.13,111541
2025-01-22,10.11,10.12,9.98,10.09,132825
2025-01-23,10.24,10.44,10.19,10.2,248834
2025-01-24,10.13,10.3,10.1,10.24,183183
2025-01-27,10.27,10.31,9.98,9.98,184344
2025-02-05,10.03,10.07,9.93,9.97,145776
2025-02-06,9.98,10.15,9.93,10.11,173208
2025-02-07,10.11,10.47,10.09,10.32,306156
2025-02-10,10.3,10.37,10.25,10.29,161511
2025-02-11,10.31,10.33,10.19,10.27,155034
2025-02-12,10.27,10.39,10.21,10.39,163933
2025-02-13,10.4,10.49,10.31,10.35,255184
2025-02-14,10.33,10.45,10.32,10.42,134635
2025-02-17,10.53,10.55,10.36,10.43,184251
2025-02-18,10.43,10.47,10.2,10.25,200968
2025-02-19,10.25,10.36,10.19,10.28,197691
2025-02-20,10.25,10.3,10.17,10.22,151263
2025-02-21,10.27,10.42,10.17,10.41,264511
2025-02-24,10.35,10.47,10.32,10.35,235089
2025-02-25,10.3,10.31,10.11,10.16,185783
2025-02-26,10.16,10.37,10.12,10.35,230452
2025-02-27,10.27,10.42,10.18,10.33,273091
2025-02-28,10.3,10.46,10.06,10.09,286740
2025-03-03,10.1,10.21,10.05,10.11,217660
2025-03-04,10.09,10.25,10.06,10.17,158542
2025-03-05,10.21,10.21,10.08,10.13,133446
2025-03-06,10.2,10.38,10.15,10.35,282840
2025-03-07,10.29,10.31,10.13,10.15,194044
2025-03-10,10.15,10.15,9.93,10.0,204440
2025-03-11,9.91,10.08,9.89,10.08,154446
2025-03-12,10.07,10.24,10.02,10.15,197196
2025-03-13,10.14,10.22,9.98,10.04,150528
2025-03-14,10.04,10.37,10.04,10.32,362191
2025-03-17,10.37,10.39,10.27,10.33,170900
2025-03-18,10.38,10.39,10.28,10.34,140704
2025-03-19,10.34,10.37,10.28,10.31,130507
2025-03-20,10.3,10.32,10.21,10.24,124532
2025-03-21,10.21,10.29,10.06,10.07,157452
2025-03-24,10.06,10.11,9.95,10.01,135094
2025-03-25,10.06,10.09,9.95,10.04,112237
2025-03-26,10.03,10.1,10.01,10.07,98806
2025-03-27,10.06,10.18,10.03,10.09,105789
2025-03-28,10.1,10.15,10.05,10.1,151327
2025-03-31,10.07,10.14,9.88,9.91,187962
2025-04-01,9.95,10.0,9.91,9.92,106764
2025-04-02,9.91,10.06,9.9,10.05,129575
2025-04-03,9.97,10.1,9.93,10.0,100751
2025-04-07,9.55,9.65,8.97,8.98,403312
2025-04-08,9.08,9.15,8.88,9.12,353601
2025-04-09,9.23,9.52,9.12,9.42,379781
2025-04-10,9.5,9.68,9.38,9.64,285173
2025-04-11,9.62,9.68,9.53,9.61,155828
2025-04-14,9.69,9.78,9.58,9.64,149306
2025-04-15,9.66,9.69,9.58,9.64,107442
2025-04-16,9.6,9.71,9.48,9.66,136694
2025-04-17,9.6,9.69,9.56,9.64,95031
2025-04-18,9.64,9.76,9.61,9.74,108357
2025-04-21,9.74,10.2,9.71,10.09,335109
2025-04-22,10.09,10.38,10.04,10.17,370801
2025-04-23,10.16,10.41,10.07,10.33,389129
2025-04-24,10.25,10.36,10.2,10.31,224569
2025-04-25,10.35,10.37,10.25,10.33,219473
2025-04-28,10.28,10.47,10.25,10.42,267412
2025-04-29,10.37,10.58,10.34,10.37,251139
2025-04-30,10.41,10.55,10.28,10.52,276961
2025-05-06,10.52,10.62,10.41,10.43,354368
2025-05-07,10.61,10.79,10.44,10.46,311497
2025-05-08,10.42,10.56,10.38,10.55,204241
2025-05-09,10.54,10.65,10.46,10.57,235332
2025-05-12,10.6,10.7,10.55,10.66,224165
2025-05-13,10.66,10.73,10.6,10.66,158460
2025-05-14,10.63,11.04,10.61,10.93,418082
2025-05-15,10.86,10.98,10.81,10.83,227906
2025-05-16,10.8,10.94,10.67,10.73,213614
2025-05-19,10.75,10.79,10.67,10.75,162015
2025-05-20,10.75,10.88,10.73,10.77,132720
2025-05-21,10.78,10.85,10.72,10.74,116512
2025-05-22,10.71,10.75,10.63,10.72,121599
2025-05-23,10.7,10.9,10.63,10.64,187724
2025-05-26,10.6,10.82,10.58,10.7,172574
2025-05-27,10.7,10.85,10.68,10.8,162248
2025-05-28,10.82,10.86,10.69,10.73,134089
2025-05-29,10.73,10.87,10.72,10.79,165782
2025-05-30,10.76,10.91,10.74,10.88,186357
2025-06-03,10.83,10.93,10.76,10.89,196097
2025-06-04,10.89,11.04,10.81,10.99,187379
2025-06-05,10.98,11.04,10.91,10.98,153430
2025-06-06,11.01,11.06,10.84,10.85,154648
2025-06-09,10.9,10.99,10.85,10.91,182819
2025-06-10,10.91,10.93,10.7,10.75,185012
2025-06-11,10.83,10.99,10.74,10.91,241073
2025-06-12,10.9,11.16,10.86,11.07,283348
2025-06-13,11.02,11.13,10.97,11.05,266270
2025-06-16,11.05,11.4,11.01,11.37,328098
2025-06-17,11.39,11.71,11.39,11.54,413248
2025-06-18,11.46,11.59,11.16,11.29,299386
2025-06-19,11.25,11.3,10.98,11.13,243188
2025-06-20,11.13,11.18,10.98,11.04,219779
2025-06-23,10.98,11.15,10.97,11.1,181762
2025-06-24,11.12,11.4,11.1,11.27,329303
2025-06-25,11.33,11.88,11.3,11.85,712088
2025-06-26,11.94,12.01,11.59,11.59,471319
2025-06-27,11.66,12.12,11.59,11.63,497409
2025-06-30,11.59,11.65,11.49,11.52,261861
2025-07-01,11.51,11.6,11.41,11.47,221321
2025-07-02,11.44,11.67,11.44,11.59,260513
2025-07-03,11.58,11.63,11.5,11.56,207948
2025-07-04,11.55,11.72,11.45,11.54,242527
2025-07-07,11.5,11.54,11.4,11.49,142365
2025-07-08,11.51,11.69,11.48,11.66,290420
2025-07-09,11.66,11.85,11.62,11.67,285842
2025-07-10,11.66,11.82,11.62,11.76,254300
2025-07-11,11.79,12.16,11.75,11.97,493748
2025-07-14,12.39,12.39,12.07,12.18,530010
2025-07-15,12.18,12.32,12.03,12.07,327229
2025-07-16,12.1,12.19,11.93,12.06,233097
2025-07-17,12.06,12.13,12.0,12.07,166474
2025-07-18,12.11,12.48,12.11,12.36,336706
2025-07-21,12.32,12.44,12.21,12.41,300684
2025-07-22,12.45,12.53,12.25,12.44,282824
2025-07-23,12.44,13.46,12.44,13.08,1148353
2025-07-24,13.03,14.27,13.02,14.12,1190867
2025-07-25,14.28,14.38,13.97,14.08,922038
2025-07-28,13.96,14.15,13.66,13.99,629325
2025-07-29,13.86,13.93,13.5,13.73,556344
2025-07-30,13.67,13.79,13.41,13.59,498934
2025-07-31,13.51,13.6,13.14,13.26,432621
2025-08-01,13.26,13.7,13.24,13.31,504611
2025-08-04,13.25,13.43,13.19,13.37,318946
2025-08-05,13.41,13.63,13.36,13.54,377034
2025-08-06,13.49,13.6,13.41,13.48,302511
2025-08-07,13.48,13.68,13.42,13.6,377553
2025-08-08,13.55,13.81,13.47,13.62,391339
2025-08-11,13.49,13.92,13.48,13.76,416098
2025-08-12,13.76,13.84,13.64,13.75,294059
2025-08-13,13.73,14.09,13.66,13.88,573837
2025-08-14,13.87,14.2,13.86,13.9,493839
2025-08-15,13.8,14.36,13.77,14.27,701165
2025-08-18,14.45,14.48,14.08,14.17,722507
2025-08-19,14.12,14.14,13.95,14.01,422934
2025-08-20,14.01,14.69,13.91,14.66,671811
2025-08-21,14.88,14.93,14.45,14.51,553480
2025-08-22,14.48,15.08,14.46,14.95,633482
2025-08-25,15.54,15.99,15.25,15.54,1069878
2025-08-26,15.4,16.22,15.32,15.54,697193
2025-08-27,15.41,15.54,14.88,14.9,692720
2025-08-28,14.8,15.03,14.63,15.03,494968
2025-08-29,15.05,15.13,14.82,14.83,641461
2025-09-01,14.89,14.95,14.49,14.55,584668
2025-09-02,14.66,14.73,14.28,14.47,482420
2025-09-03,14.55,14.6,13.89,13.96,466283
2025-09-04,14.01,14.05,13.69,13.84,393381
2025-09-05,13.93,14.0,13.65,13.93,373016
2025-09-08,13.93,14.04,13.79,13.84,388342
2025-09-09,13.8,13.94,13.73,13.82,293321
2025-09-10,13.82,13.95,13.73,13.8,255241
2025-09-11,13.76,14.42,13.75,14.33,577720
2025-09-12,14.34,14.46,14.03,14.08,471701
2025-09-15,14.04,14.2,13.83,13.95,329288
2025-09-16,13.9,14.03,13.67,13.7,516257
2025-09-17,13.67,13.74,13.44,13.57,598878
2025-09-18,13.58,13.64,13.15,13.32,662405
2025-09-19,13.12,13.37,13.12,13.21,278558
2025-09-22,13.24,13.45,13.19,13.4,285124
2025-09-23,13.3,13.4,13.0,13.26,314220
2025-09-24,13.17,13.43,13.16,13.28,336908
2025-09-25,13.27,13.38,13.2,13.25,271434
2025-09-26,13.21,13.45,13.18,13.32,295973
2025-09-29,13.3,14.4,13.28,13.68,1419773
2025-09-30,13.7,13.9,13.41,13.53,884074
2025-10-09,13.49,13.67,13.3,13.46,862149
2025-10-10,13.45,14.81,13.4,14.26,2031067
2025-10-13,14.0,14.85,13.77,14.25,1611038
2025-10-14,14.18,14.79,14.14,14.23,1250595
2025-10-15,14.2,14.54,13.91,14.3,994804
2025-10-16,14.16,14.37,14.03,14.2,673036
2025-10-17,14.14,14.26,13.76,13.79,602073
2025-10-20,13.98,14.02,13.7,13.72,431505
2025-10-21,13.76,14.11,13.73,13.85,662468
2025-10-22,13.75,13.8,13.6,13.63,318238
2025-10-23,13.92,14.2,13.76,14.19,1034583
2025-10-24,14.04,14.13,13.85,14.07,819131
2025-10-27,14.2,14.43,14.05,14.28,925153
2025-10-28,14.22,14.27,14.03,14.07,531918
2025-10-29,14.02,14.47,14.0,14.42,810657
2025-10-30,14.38,14.51,14.2,14.23,583435
2025-10-31,14.41,14.44,14.03,14.04,669632
2025-11-03,14.01,14.05,13.77,13.95,425166
2025-11-04,13.9,13.92,13.76,13.8,336454
2025-11-05,13.7,13.87,13.68,13.74,284512
2025-11-06,13.84,14.49,13.8,14.26,1046995
2025-11-07,14.16,14.4,14.12,14.16,467031
2025-11-10,14.18,14.56,14.05,14.36,619032
2025-11-11,14.36,14.42,14.08,14.09,396392
2025-11-12,14.08,14.13,13.83,13.88,438767
2025-11-13,13.88,14.13,13.88,14.09,540514
2025-11-14,14.0,14.02,13.73,13.73,531601
2025-11-17,13.7,13.78,13.45,13.5,401552
2025-11-18,13.48,13.71,13.48,13.54,267367
2025-11-19,13.51,13.68,13.45,13.54,217260
2025-11-20,13.79,13.83,13.41,13.44,367787
2025-11-21,13.3,13.4,13.0,13.0,402873
2025-11-24,13.05,13.08,12.87,12.91,270544
2025-11-25,12.98,13.07,12.91,12.93,229991
2025-11-26,12.95,13.0,12.87,12.89,183275
2025-11-27,12.89,13.05,12.86,12.94,176660
2025-11-28,12.93,12.99,12.87,12.96,180853
2025-12-01,12.9,13.06,12.89,13.06,219940
2025-12-02,13.06,13.09,12.88,12.91,175822
2025-12-03,12.94,12.99,12.82,12.83,168492
2025-12-04,12.82,12.92,12.8,12.91,139953
2025-12-05,12.87,13.23,12.86,13.12,376713
2025-12-08,13.5,13.64,13.33,13.48,679291
2025-12-09,13.14,13.18,12.87,12.9,629493
2025-12-10,12.84,12.98,12.73,12.97,309066
2025-12-11,12.94,12.95,12.75,12.76,223220
2025-12-12,12.8,12.83,12.58,12.79,362340
2025-12-15,12.72,13.01,12.67,12.8,309359
2025-12-16,12.75,12.85,12.65,12.76,201092
2025-12-17,12.72,13.11,12.63,13.0,407372
2025-12-18,12.98,13.11,12.84,13.04,375662
2025-12-19,13.03,13.25,13.0,13.17,350789
2025-12-22,13.14,13.25,13.05,13.11,208404
2025-12-23,13.17,13.24,13.08,13.11,214196
2025-12-24,13.1,13.24,13.08,13.19,186677
2025-12-25,13.22,13.29,13.15,13.17,278338
2025-12-26,13.14,13.44,13.12,13.25,336175
2025-12-29,13.28,13.28,13.08,13.13,208521
2025-12-30,13.08,13.16,13.02,13.07,198377
2025-12-31,13.08,13.32,13.05,13.12,232412
