date,open,high,low,close,volume
2015-01-05,2.79,2.88,2.51,2.88,600871
2015-01-06,2.81,3.19,2.79,3.19,473706
2015-01-07,3.34,3.47,3.12,3.33,710442
2015-01-08,3.28,3.59,3.25,3.43,596983
2015-01-09,3.38,3.71,3.37,3.57,643220
2015-01-12,3.75,3.95,3.68,3.95,662904
2015-01-13,3.97,4.1,3.8,3.82,592554
2015-01-14,3.78,3.92,3.76,3.81,383226
2015-01-15,3.81,4.2,3.81,4.13,479909
2015-01-16,4.14,4.58,4.06,4.58,544162
2015-01-22,4.66,4.81,4.34,4.63,744981
2015-01-23,4.62,4.62,4.13,4.14,804821
2015-01-26,4.18,4.42,4.1,4.37,568842
2015-01-27,4.3,4.4,4.13,4.3,444929
2015-01-28,4.3,4.34,4.1,4.11,310458
2015-01-29,4.0,4.2,3.95,4.12,317812
2015-01-30,4.12,4.18,3.9,3.95,268519
2015-02-02,3.91,4.38,3.87,4.22,421228
2015-02-03,4.22,4.68,4.18,4.56,773307
2015-02-04,4.55,4.67,4.44,4.58,475022
2015-02-05,4.65,4.95,4.43,4.53,589315
2015-02-06,4.45,4.56,4.15,4.26,428048
2015-04-16,4.71,4.71,4.71,4.71,10189
2015-04-17,5.22,5.22,5.22,5.22,8957
2015-04-20,5.77,5.77,5.77,5.77,5237
2015-04-21,6.37,6.37,6.37,6.37,2766
2015-04-22,7.04,7.04,7.04,7.04,11878
2015-04-23,7.78,7.78,7.78,7.78,5936
2015-04-24,8.59,8.59,8.59,8.59,19537
2015-04-27,9.47,9.47,9.47,9.47,21567
2015-04-28,10.45,10.45,10.45,10.45,108903
2015-04-29,11.31,11.53,10.24,11.53,1650290
2015-04-30,11.88,12.71,11.88,12.71,544911
2015-05-04,13.18,13.62,11.41,11.62,1254901
2015-05-05,11.45,11.45,10.56,11.33,1007399
2015-05-06,11.35,12.49,11.11,11.37,1251607
2015-05-07,11.01,11.74,10.73,10.86,793794
2015-05-08,11.15,11.6,11.06,11.31,918691
2015-05-11,11.46,12.47,11.32,12.47,1286978
2015-05-12,12.47,13.74,12.31,13.74,1170340
2015-05-13,13.18,13.87,12.49,12.78,1011150
2015-05-14,12.33,12.72,11.47,11.48,1017701
2015-05-15,10.98,12.04,10.86,11.62,674421
2015-05-18,11.98,12.46,11.62,11.78,603992
2015-05-19,12.07,12.1,11.14,11.6,560694
2015-05-20,11.62,12.1,11.48,11.68,615555
2015-05-21,11.76,11.79,11.27,11.37,655594
2015-05-22,11.48,12.38,11.32,11.91,805597
2015-05-25,11.43,11.82,11.09,11.67,559021
2015-05-26,11.92,12.87,11.67,12.72,1057699
2015-05-27,12.66,12.69,11.74,11.87,827814
2015-05-28,11.64,11.76,10.7,11.0,878551
2015-05-29,11.01,11.56,10.55,11.21,613108
2015-06-01,11.31,12.1,11.1,11.93,605821
2015-06-02,12.1,13.15,11.97,13.15,886066
2015-06-03,13.65,14.5,13.46,14.5,911555
2015-06-04,14.73,15.51,13.18,15.48,1079715
2015-06-05,15.49,15.64,13.93,14.02,748622
2015-06-08,13.46,13.81,12.59,13.24,721608
2015-06-09,12.87,13.73,12.57,12.85,532152
2015-06-10,12.88,13.63,12.58,13.32,490298
2015-06-11,13.22,13.29,12.67,12.83,425605
2015-06-12,12.71,12.87,12.18,12.52,512026
2015-06-15,12.46,12.46,11.24,11.24,632251
2015-06-16,10.84,11.59,10.08,11.27,718896
2015-06-17,11.01,12.42,10.86,12.42,617556
2015-06-18,12.53,12.87,11.15,11.17,672240
2015-06-19,10.72,11.94,10.6,11.32,725039
2015-06-23,11.48,11.88,10.86,11.82,633099
2015-06-24,11.79,11.8,11.01,11.33,557230
2015-06-25,11.41,11.61,10.55,10.67,527191
2015-06-26,10.08,10.08,9.58,9.58,472335
2015-06-29,8.84,9.58,8.59,8.59,784840
2015-06-30,7.91,9.48,7.7,9.48,1508950
2015-07-01,9.31,10.15,8.82,8.84,1275571
2015-07-02,9.0,9.33,7.94,8.5,1021636
2015-07-03,8.22,9.31,7.62,8.32,1188169
2015-07-06,9.18,9.18,7.46,7.62,1302323
2015-07-07,7.14,7.34,6.83,6.83,884095
2015-07-09,6.21,7.54,6.21,7.54,1820466
2015-07-10,7.6,8.32,7.37,8.32,1736861
2015-07-13,8.35,9.18,7.91,9.18,2399131
2015-07-14,8.69,9.46,8.47,8.48,1889341
2015-07-15,8.86,9.05,8.15,8.38,1878919
2015-07-16,8.36,9.08,7.54,8.69,1507433
2015-07-17,8.84,9.54,8.48,9.29,1517412
2015-07-20,9.46,9.91,9.04,9.32,1666198
2015-07-21,9.01,9.4,8.85,9.03,1276918
2015-07-22,8.97,9.33,8.82,8.98,1143810
2015-07-23,8.93,9.22,8.73,9.21,1214444
2015-07-24,9.3,9.33,8.3,8.48,1391404
2015-07-27,8.07,8.31,7.6,7.6,1192673
2015-07-28,6.89,7.53,6.81,6.84,1447629
2015-07-29,7.01,7.56,6.38,7.56,1355788
2015-07-30,7.55,7.91,7.22,7.28,1292143
2015-07-31,7.13,7.68,7.13,7.37,1011256
2015-08-03,6.95,7.12,6.6,6.77,1175785
2015-08-04,6.76,7.26,6.61,7.2,768827
2015-08-05,7.12,7.22,6.71,6.74,748629
2015-08-06,6.49,6.73,6.44,6.48,494537
2015-08-07,6.62,7.16,6.59,6.94,828214
2015-08-10,7.02,7.66,6.86,7.66,1027698
2015-08-11,7.8,7.99,7.45,7.73,1178331
2015-08-12,7.46,7.68,7.33,7.35,666181
2015-08-13,7.25,7.6,7.18,7.6,651577
2015-08-14,7.68,7.73,7.41,7.43,630405
2015-08-17,7.29,7.3,6.98,7.13,665984
2015-08-18,7.13,7.53,6.44,6.58,804410
2015-08-19,6.35,6.91,6.13,6.86,720185
2015-08-20,7.06,7.18,6.72,6.72,767726
2015-08-21,6.52,6.64,6.08,6.09,704916
2015-08-24,5.64,5.82,5.45,5.45,511590
2015-08-25,4.88,5.15,4.87,4.87,737514
2015-08-26,4.86,5.04,4.36,4.36,1131529
2015-08-27,4.54,4.82,4.19,4.82,1196409
2015-08-28,4.89,5.32,4.72,5.18,1336661
2015-08-31,5.04,5.04,4.68,4.84,1007649
2015-09-01,4.73,5.1,4.67,4.86,1266694
2015-09-02,4.5,5.14,4.35,4.83,1154758
2015-09-07,4.91,5.26,4.84,4.97,854509
2015-09-08,4.87,5.46,4.61,5.4,978853
2015-09-09,5.38,5.85,5.31,5.54,1324020
2015-09-10,5.35,5.51,5.29,5.32,623731
2015-09-11,5.33,5.55,5.32,5.4,531350
2015-09-14,5.43,5.46,4.83,4.83,605119
2015-09-15,4.58,4.69,4.32,4.32,632005
2015-09-16,4.38,4.78,4.33,4.78,706414
2015-09-17,4.85,5.16,4.65,4.75,910669
2015-09-18,4.82,5.11,4.8,5.03,783606
2015-09-21,4.91,5.56,4.86,5.52,956399
2015-09-22,5.46,5.71,5.26,5.51,993567
2015-09-30,5.59,5.71,5.08,5.27,1011155
2015-10-08,5.57,5.83,5.49,5.83,773855
2015-10-09,5.84,5.88,5.68,5.79,814821
2015-10-12,5.81,6.4,5.81,6.33,1433784
2015-10-13,6.27,6.58,6.22,6.48,983206
2015-10-14,6.42,6.74,6.24,6.55,885354
2015-10-15,6.7,7.23,6.62,7.23,1330020
2015-10-16,7.5,7.99,7.48,7.99,1457118
2015-10-19,8.25,8.27,7.74,7.93,1288605
2015-10-20,7.85,8.65,7.84,8.33,1034267
2015-10-21,8.15,8.36,7.47,7.48,1282069
2015-10-22,7.6,8.24,7.6,7.98,1400534
2015-10-23,7.91,8.11,7.66,7.98,1148011
2015-10-26,8.15,8.15,7.5,7.79,1153934
2015-10-27,7.71,8.6,7.58,8.6,1469911
2015-10-28,8.73,8.87,8.1,8.22,1374781
2015-10-29,8.3,8.69,7.91,8.22,1066660
2015-10-30,8.07,8.47,7.84,7.98,1022811
2015-11-02,7.66,8.05,7.6,7.67,752363
2015-11-03,7.76,7.89,7.63,7.75,659939
2015-11-04,7.96,8.55,7.88,8.55,1359635
2015-11-05,8.8,9.43,8.63,8.81,1836705
2015-11-06,8.88,9.72,8.88,9.72,1281570
2015-11-09,9.93,10.53,9.54,10.12,1424858
2015-11-10,9.94,10.48,9.85,10.13,915132
2015-11-11,9.94,10.17,9.75,9.96,796059
2015-11-12,9.96,10.08,9.35,9.55,1157527
2015-11-13,9.33,9.74,9.18,9.48,824064
2015-11-16,9.26,10.21,9.23,10.09,840506
2015-11-17,10.25,10.39,9.4,9.46,1365276
2015-11-18,9.43,9.51,9.0,9.04,928623
2015-11-19,9.15,9.45,9.04,9.43,816833
2015-11-20,9.37,9.4,9.04,9.14,781297
2015-11-23,9.08,9.52,8.96,9.12,736777
2015-11-24,9.06,9.51,9.01,9.46,781190
2015-11-25,9.39,10.08,9.23,9.84,1152501
2015-11-26,9.84,9.93,9.28,9.29,891142
2015-11-27,9.18,9.38,8.63,8.72,941119
2015-11-30,8.73,8.84,8.03,8.49,905716
2015-12-01,8.46,8.6,8.22,8.38,560570
2015-12-02,8.38,8.7,8.07,8.62,670583
2015-12-03,8.58,8.99,8.49,8.84,869855
2015-12-04,8.7,8.95,8.53,8.56,656973
2015-12-07,8.52,8.87,8.52,8.62,592572
2015-12-08,8.5,8.5,8.12,8.17,606682
2015-12-09,8.16,8.31,8.06,8.11,407925
2015-12-10,8.11,8.95,8.11,8.47,916779
2015-12-11,8.35,8.6,8.24,8.45,565892
2015-12-14,8.39,8.91,8.38,8.84,713398
2015-12-15,8.9,8.92,8.67,8.72,582154
2015-12-16,8.8,8.92,8.61,8.64,487604
2015-12-17,8.73,9.12,8.66,8.9,951297
2015-12-18,8.83,8.89,8.54,8.62,630250
2015-12-21,8.6,8.69,8.49,8.63,521684
2015-12-22,8.67,8.81,8.61,8.73,481925
2015-12-23,8.74,8.76,8.4,8.46,618984
2015-12-24,8.41,8.65,8.33,8.6,461306
2015-12-25,8.59,8.6,8.28,8.33,556683
2015-12-28,8.3,8.4,8.07,8.07,593320
2015-12-29,8.11,8.15,7.9,7.97,361205
2015-12-30,8.06,8.19,7.99,8.1,428080
2015-12-31,8.11,8.11,7.76,7.76,387196
2016-01-04,7.69,7.74,6.96,6.96,553506
2016-01-05,6.36,6.74,6.24,6.56,860089
2016-01-06,6.64,6.89,6.32,6.76,938953
2016-01-07,6.5,6.5,6.05,6.05,296313
2016-01-08,6.15,6.38,5.69,6.11,925725
2016-01-11,5.87,6.42,5.81,5.88,861789
2016-01-12,6.07,6.35,5.93,6.15,947024
2016-01-13,6.17,6.19,5.81,5.82,702386
2016-01-14,5.6,6.43,5.52,6.35,1353673
2016-01-15,6.25,6.28,5.98,6.09,907843
2016-01-18,6.07,6.55,6.07,6.35,950418
2016-01-19,6.38,6.69,6.25,6.59,1049151
2016-01-20,6.37,6.51,6.21,6.31,944527
2016-01-21,6.19,6.44,6.01,6.02,694583
2016-01-22,6.11,6.15,5.77,6.08,645002
2016-01-25,6.07,6.14,5.96,6.01,517221
2016-01-26,5.94,5.97,5.4,5.45,706687
2016-01-27,5.45,5.7,5.24,5.63,861378
2016-01-28,5.53,5.57,5.33,5.38,560390
2016-01-29,5.37,5.77,5.35,5.67,767295
2016-02-01,5.65,5.65,5.41,5.53,537477
2016-02-02,5.58,5.97,5.55,5.81,718745
2016-02-03,5.67,5.88,5.64,5.81,489642
2016-02-04,5.84,6.08,5.84,5.92,627179
2016-02-05,5.87,5.97,5.74,5.74,475236
2016-02-15,5.47,5.76,5.47,5.68,360789
2016-02-16,5.76,6.28,5.75,6.16,899012
2016-02-17,6.1,6.18,6.03,6.14,563215
2016-02-18,6.23,6.43,6.1,6.12,627743
2016-02-19,6.08,6.28,6.05,6.18,515496
2016-02-22,6.26,6.31,6.09,6.29,781843
2016-02-23,6.3,6.3,6.02,6.11,548562
2016-02-24,6.08,6.17,5.89,6.07,478440
2016-02-25,6.02,6.04,5.43,5.43,767343
2016-02-26,5.47,5.53,5.28,5.41,463766
2016-02-29,5.35,5.35,4.84,4.84,761713
2016-03-01,4.84,5.21,4.71,5.04,771673
2016-03-02,5.01,5.39,4.94,5.32,874918
2016-03-03,5.32,5.52,5.28,5.3,790077
2016-03-04,5.23,5.29,4.89,5.0,722776
2016-03-07,5.13,5.41,5.11,5.17,648842
2016-03-08,5.1,5.41,4.86,5.35,874940
2016-03-09,5.21,5.33,5.15,5.19,518965
2016-03-10,5.19,5.28,4.97,5.04,496745
2016-03-11,4.93,5.12,4.89,5.08,411274
2016-03-14,5.18,5.53,5.13,5.37,951277
2016-03-15,5.35,5.4,5.22,5.24,539655
2016-03-16,5.39,5.4,5.09,5.17,657054
2016-03-17,5.2,5.72,5.18,5.72,1671764
2016-03-18,5.77,6.32,5.72,6.32,1757740
2016-03-21,6.64,6.95,6.5,6.67,2119258
2016-03-22,6.44,6.6,6.37,6.49,1206070
2016-03-23,6.47,6.98,6.44,6.92,1546807
2016-03-24,6.7,7.03,6.6,6.6,1542977
2016-03-25,6.52,6.63,6.33,6.48,881708
2016-03-28,6.53,6.59,6.32,6.37,712271
2016-03-29,6.33,6.52,6.19,6.33,887180
2016-03-30,6.42,6.75,6.38,6.67,1314791
2016-03-31,6.64,6.72,6.55,6.56,889244
2016-04-01,6.52,6.53,6.24,6.36,707619
2016-04-05,6.36,6.8,6.3,6.63,935264
2016-04-06,6.56,6.59,6.46,6.55,595922
2016-04-07,6.59,6.6,6.33,6.33,580722
2016-04-08,6.26,6.41,6.15,6.28,590476
2016-04-11,6.48,6.58,6.4,6.41,827635
2016-04-12,6.48,6.6,6.32,6.6,828796
2016-04-13,6.72,6.98,6.67,6.73,1347722
2016-04-14,6.79,6.9,6.69,6.83,729495
2016-04-15,6.98,7.01,6.67,6.72,617313
2016-04-18,6.51,6.52,6.27,6.37,1079828
2016-04-19,6.4,6.48,6.25,6.36,892119
2016-04-20,6.36,6.4,5.71,5.83,1644933
2016-04-21,5.8,5.87,5.57,5.6,1022674
2016-04-22,5.52,5.83,5.5,5.8,1049644
2016-05-03,5.8,6.17,5.52,6.11,1474633
2016-05-04,6.05,6.15,5.96,5.98,891229
2016-05-05,5.95,6.07,5.93,6.03,670803
2016-05-06,6.05,6.12,5.67,5.68,990865
2016-05-09,5.57,5.61,5.3,5.38,973427
2016-05-10,5.38,5.46,5.33,5.4,585482
2016-05-11,5.43,5.45,5.24,5.25,703446
2016-05-12,5.16,5.28,5.07,5.26,668875
2016-05-13,5.21,5.34,5.12,5.19,605094
2016-05-16,5.19,5.37,5.14,5.34,654894
2016-05-17,5.35,5.73,5.21,5.46,1264074
2016-05-18,5.32,5.36,5.13,5.25,839880
2016-05-19,5.25,5.56,5.25,5.31,969708
2016-05-20,5.24,5.5,5.23,5.5,1006169
2016-05-23,5.48,5.59,5.45,5.5,974579
2016-05-24,5.4,5.46,5.31,5.38,698734
2016-05-25,5.46,5.54,5.35,5.37,828078
2016-05-26,5.38,5.51,5.2,5.46,926167
2016-05-27,5.41,5.42,5.31,5.35,691470
2016-05-30,5.26,5.39,5.24,5.29,551947
2016-05-31,5.31,5.85,5.31,5.85,2063950
2016-06-01,5.98,6.04,5.84,5.85,1908415
2016-06-02,5.8,5.97,5.77,5.93,1275067
2016-06-03,5.94,6.44,5.86,6.13,2115397
2016-06-06,6.13,6.23,6.04,6.13,1177684
2016-06-07,6.13,6.15,6.01,6.05,900646
2016-06-08,6.0,6.01,5.88,5.94,876636
2016-06-13,5.81,5.92,5.43,5.43,1213772
2016-06-14,5.4,5.48,5.33,5.45,816071
2016-06-15,5.39,5.78,5.38,5.65,1187641
2016-06-16,5.6,5.66,5.49,5.52,740373
2016-06-17,5.54,5.74,5.54,5.57,894322
2016-06-20,5.54,5.6,5.44,5.54,613449
2016-06-21,5.63,5.88,5.52,5.58,1300775
2016-06-22,5.53,5.8,5.47,5.8,1078330
2016-06-23,5.8,5.81,5.63,5.74,935368
2016-06-24,5.68,5.85,5.46,5.64,1249899
2016-06-27,5.6,5.81,5.6,5.79,979013
2016-06-28,5.73,5.96,5.65,5.87,1399274
2016-06-29,5.88,5.93,5.81,5.82,1016727
2016-06-30,5.83,6.02,5.83,5.91,1196441
2016-07-01,5.91,5.96,5.78,5.82,799724
2016-07-04,5.74,6.26,5.73,6.05,1548640
2016-07-05,6.01,6.1,5.98,6.03,956141
2016-07-06,6.02,6.03,5.92,5.98,814661
2016-07-07,5.94,5.98,5.82,5.9,840168
2016-07-08,5.91,5.98,5.87,5.9,741032
2016-07-11,5.93,5.99,5.85,5.85,743096
2016-07-12,5.85,6.07,5.82,6.03,1332779
2016-07-13,6.04,6.19,6.0,6.03,1547747
2016-07-14,6.03,6.04,5.94,5.98,668493
2016-07-15,5.88,5.91,5.54,5.6,2064944
2016-07-18,5.54,5.56,5.45,5.51,912078
2016-07-19,5.52,5.59,5.49,5.57,626710
2016-07-20,5.56,5.62,5.5,5.52,596684
2016-07-21,5.53,5.61,5.52,5.54,621332
2016-07-22,5.51,5.54,5.42,5.42,735074
2016-07-25,5.42,5.52,5.39,5.46,480309
2016-07-26,5.46,5.59,5.43,5.53,536927
2016-07-27,5.55,5.55,5.13,5.25,1057016
2016-07-28,5.24,5.32,5.16,5.22,563220
2016-07-29,5.24,5.26,5.14,5.17,375212
2016-08-01,5.13,5.13,4.92,4.98,659579
2016-08-02,4.99,5.02,4.96,5.0,345154
2016-08-03,4.97,5.01,4.92,4.95,379579
2016-08-04,4.96,5.11,4.94,5.03,554287
2016-08-05,5.03,5.04,4.96,4.99,393336
2016-08-08,4.97,5.23,4.93,5.18,821382
2016-08-09,5.15,5.19,5.11,5.19,424477
2016-08-10,5.19,5.23,5.14,5.15,440632
2016-08-11,5.14,5.22,5.11,5.12,464358
2016-08-12,5.12,5.16,4.99,5.15,600643
2016-08-15,5.14,5.7,5.13,5.7,2842724
2016-08-16,5.66,5.74,5.6,5.61,1447285
2016-08-17,5.62,5.69,5.47,5.52,1080104
2016-08-18,5.5,5.63,5.49,5.53,845809
2016-08-19,5.51,5.54,5.47,5.49,503061
2016-08-22,5.49,5.56,5.3,5.31,719032
2016-08-23,5.29,5.36,5.26,5.31,474321
2016-08-24,5.33,5.4,5.28,5.31,555291
2016-08-25,5.26,5.26,5.16,5.23,680875
2016-08-26,5.25,5.39,5.22,5.23,711765
2016-08-29,5.24,5.31,5.21,5.26,324590
2016-08-30,5.29,5.36,5.24,5.28,479834
2016-08-31,5.28,5.34,5.23,5.33,524785
2016-09-01,5.33,5.34,5.24,5.24,404360
2016-09-02,5.19,5.32,5.19,5.24,360030
2016-09-05,5.26,5.31,5.22,5.24,321047
2016-09-06,5.23,5.38,5.16,5.34,726665
2016-09-07,5.33,5.35,5.27,5.28,461171
2016-09-08,5.26,5.33,5.24,5.28,399633
2016-09-09,5.26,5.28,5.19,5.19,436765
2016-09-12,5.09,5.11,5.02,5.02,677568
2016-09-13,5.06,5.07,5.01,5.04,290138
2016-09-14,5.01,5.16,4.98,5.04,432234
2016-09-19,5.04,5.14,5.04,5.07,316274
2016-09-20,5.07,5.08,5.03,5.06,216033
2016-09-21,5.05,5.11,5.05,5.06,317014
2016-09-22,5.11,5.12,5.02,5.05,343745
2016-09-23,5.06,5.08,5.02,5.04,218624
2016-09-26,5.01,5.09,4.97,4.98,394731
2016-09-27,4.98,5.06,4.97,5.05,288963
2016-09-28,5.05,5.06,5.0,5.03,236323
2016-09-29,5.04,5.1,5.02,5.05,388925
2016-09-30,5.03,5.07,5.02,5.06,226030
2016-10-10,5.11,5.22,5.07,5.18,642784
2016-10-11,5.18,5.18,5.12,5.15,344063
2016-10-12,5.13,5.16,5.1,5.12,260082
2016-10-13,5.14,5.19,5.13,5.14,388817
2016-10-14,5.12,5.14,5.04,5.09,351931
2016-10-17,5.07,5.09,4.99,5.0,349438
2016-10-18,5.01,5.2,5.01,5.14,637901
2016-10-19,5.15,5.15,5.08,5.09,419189
2016-10-20,5.1,5.11,5.05,5.08,309489
2016-10-21,5.08,5.15,5.05,5.07,453937
2016-10-24,5.07,5.29,5.04,5.18,974426
2016-10-25,5.17,5.17,5.13,5.15,421988
2016-10-26,5.13,5.19,5.11,5.14,373612
2016-10-27,5.14,5.23,5.13,5.18,551233
2016-10-28,5.22,5.4,5.19,5.2,1174224
2016-10-31,5.14,5.17,5.09,5.14,370237
2016-11-01,5.15,5.21,5.13,5.19,415798
2016-11-02,5.17,5.22,5.11,5.11,496769
2016-11-03,5.08,5.33,5.07,5.19,944456
2016-11-04,5.18,5.3,5.16,5.19,712334
2016-11-07,5.19,5.24,5.12,5.15,411540
2016-11-08,5.19,5.23,5.16,5.18,434202
2016-11-09,5.19,5.21,5.02,5.08,608024
2016-11-10,5.16,5.21,5.12,5.16,578068
2016-11-11,5.16,5.37,5.16,5.31,1494685
2016-11-14,5.31,5.59,5.3,5.45,1797829
2016-11-15,5.42,5.48,5.33,5.44,779768
2016-11-16,5.44,5.6,5.38,5.39,1221953
2016-11-17,5.37,5.39,5.3,5.37,540849
2016-11-18,5.35,5.4,5.3,5.31,421926
2016-11-21,5.29,5.43,5.28,5.31,508228
2016-11-22,5.32,5.63,5.28,5.63,1337676
2016-11-23,5.66,5.73,5.52,5.54,1805252
2016-11-24,5.51,5.64,5.46,5.51,1087205
2016-11-25,5.51,5.6,5.36,5.57,1052679
2016-11-28,5.6,5.68,5.52,5.54,1022163
2016-11-29,5.51,5.68,5.42,5.61,1469729
2016-11-30,5.57,5.98,5.56,5.76,2162050
2016-12-01,5.71,5.8,5.69,5.78,1040073
2016-12-02,5.78,5.87,5.57,5.59,1114191
2016-12-05,5.49,5.66,5.39,5.44,998527
2016-12-06,5.45,5.48,5.26,5.29,865965
2016-12-07,5.28,5.32,5.26,5.31,511612
2016-12-08,5.32,5.33,5.19,5.2,646677
2016-12-09,5.19,5.25,5.14,5.21,685615
2016-12-12,5.19,5.19,4.74,4.76,1299054
2016-12-13,4.74,4.81,4.65,4.73,667365
2016-12-14,4.73,4.83,4.68,4.73,565402
2016-12-15,4.73,4.83,4.7,4.77,476213
2016-12-16,4.77,4.96,4.75,4.83,560320
2016-12-19,4.81,4.82,4.72,4.74,394609
2016-12-20,4.75,4.78,4.71,4.75,298036
2016-12-21,4.78,4.81,4.74,4.77,388797
2016-12-22,4.77,4.77,4.69,4.71,307159
2016-12-23,4.69,4.73,4.49,4.5,654392
2016-12-26,4.43,4.56,4.37,4.54,495785
2016-12-27,4.51,4.55,4.49,4.5,273234
2016-12-28,4.51,4.54,4.46,4.47,243321
2016-12-29,4.47,4.52,4.44,4.44,289279
2016-12-30,4.43,4.48,4.43,4.44,231035
2017-01-03,4.46,4.51,4.45,4.48,386458
2017-01-04,4.46,4.54,4.43,4.54,602928
2017-01-05,4.54,4.57,4.5,4.52,367127
2017-01-06,4.53,4.54,4.47,4.47,286287
2017-01-09,4.48,4.5,4.44,4.48,268948
2017-01-10,4.47,4.49,4.46,4.46,255658
2017-01-11,4.44,4.47,4.35,4.4,417945
2017-01-12,4.39,4.44,4.39,4.39,287944
2017-01-13,4.4,4.43,4.29,4.29,429527
2017-01-16,4.3,4.33,3.84,4.01,682803
2017-01-17,3.99,4.26,3.93,4.17,730574
2017-01-18,4.12,4.17,4.08,4.1,374824
2017-01-19,4.08,4.13,4.04,4.1,279845
2017-01-20,4.1,4.27,4.08,4.18,489931
2017-01-23,4.2,4.23,4.18,4.2,310878
2017-01-24,4.2,4.2,4.12,4.15,250114
2017-01-25,4.12,4.18,4.12,4.14,218272
2017-01-26,4.14,4.19,4.13,4.15,231037
2017-02-03,4.16,4.17,4.04,4.06,299176
2017-02-06,4.06,4.14,4.04,4.11,276605
2017-02-07,4.08,4.1,4.03,4.06,250391
2017-02-08,4.05,4.2,4.03,4.18,545943
2017-02-09,4.15,4.23,4.15,4.19,435023
2017-02-10,4.18,4.26,4.17,4.19,480471
2017-02-13,4.19,4.5,4.17,4.39,958608
2017-02-14,4.35,4.37,4.3,4.33,440100
2017-02-15,4.32,4.5,4.32,4.33,711376
2017-02-16,4.32,4.39,4.27,4.36,396383
2017-02-17,4.36,4.49,4.34,4.35,643917
2017-02-20,4.33,4.39,4.25,4.38,527088
2017-02-21,4.38,4.48,4.35,4.43,573526
2017-02-22,4.41,4.45,4.37,4.4,386734
2017-02-23,4.42,4.42,4.33,4.37,347340
2017-02-24,4.37,4.44,4.35,4.37,375306
2017-02-27,4.36,4.37,4.29,4.3,360293
2017-02-28,4.29,4.35,4.28,4.32,208102
2017-03-01,4.33,4.4,4.31,4.35,322097
2017-03-02,4.37,4.41,4.29,4.29,366553
2017-03-03,4.26,4.28,4.23,4.25,302220
2017-03-06,4.23,4.34,4.23,4.32,412916
2017-03-07,4.34,4.34,4.28,4.3,328931
2017-03-08,4.31,4.31,4.22,4.23,390950
2017-03-09,4.25,4.25,4.13,4.16,363891
2017-03-10,4.16,4.19,4.15,4.18,233658
2017-03-13,4.17,4.19,4.1,4.18,244255
2017-03-14,4.18,4.2,4.13,4.14,243787
2017-03-15,4.13,4.2,4.09,4.15,437828
2017-03-16,4.15,4.22,4.13,4.2,440583
2017-03-17,4.22,4.31,4.15,4.15,672499
2017-03-20,4.13,4.14,4.07,4.11,399541
2017-03-21,4.13,4.13,4.08,4.1,217725
2017-03-22,4.06,4.08,4.02,4.03,313185
2017-03-23,4.04,4.08,3.99,4.03,257598
2017-03-24,4.03,4.12,4.01,4.07,312559
2017-03-27,4.08,4.12,4.04,4.06,307235
2017-03-28,4.06,4.09,4.05,4.06,156248
2017-03-29,4.07,4.09,4.01,4.01,259600
2017-03-30,3.99,4.0,3.87,3.88,440666
2017-03-31,3.87,3.93,3.86,3.89,265548
2017-04-05,3.89,3.94,3.83,3.93,411971
2017-04-06,3.93,3.93,3.89,3.89,261518
2017-04-07,3.89,3.91,3.85,3.86,299979
2017-04-10,3.88,3.88,3.78,3.8,339795
2017-04-11,3.79,3.85,3.76,3.84,368855
2017-04-12,3.84,3.89,3.81,3.84,345110
2017-04-13,3.84,3.89,3.83,3.85,205897
2017-04-14,3.84,3.93,3.83,3.88,361838
2017-04-17,3.87,3.87,3.77,3.79,303433
2017-04-18,3.8,3.8,3.6,3.63,433875
2017-04-19,3.61,3.61,3.46,3.52,439939
2017-04-20,3.49,3.57,3.47,3.54,432347
2017-04-21,3.52,3.55,3.44,3.45,366245
2017-04-24,3.44,3.44,3.24,3.3,524581
2017-04-25,3.31,3.39,3.29,3.31,343135
2017-04-26,3.3,3.37,3.27,3.32,340311
2017-04-27,3.31,3.52,3.2,3.45,870321
2017-04-28,3.42,3.45,3.4,3.44,347584
2017-05-02,3.43,3.45,3.4,3.41,240479
2017-05-03,3.4,3.45,3.37,3.42,295787
2017-05-04,3.41,3.42,3.32,3.33,366639
2017-05-05,3.29,3.31,3.2,3.2,500751
2017-05-08,3.15,3.47,3.15,3.38,1099708
2017-05-09,3.37,3.48,3.34,3.47,849941
2017-05-10,3.45,3.48,3.34,3.34,561546
2017-05-11,3.31,3.45,3.28,3.41,601119
2017-05-12,3.38,3.42,3.32,3.37,512798
2017-05-15,3.38,3.41,3.26,3.28,482388
2017-05-16,3.27,3.37,3.19,3.37,555267
2017-05-17,3.36,3.74,3.35,3.5,1762145
2017-05-18,3.46,3.63,3.45,3.56,1141409
2017-05-19,3.58,3.6,3.44,3.46,669299
2017-05-22,3.44,3.53,3.41,3.43,577678
2017-05-23,3.42,3.51,3.41,3.43,575134
2017-05-24,3.41,3.53,3.33,3.53,918282
2017-05-25,3.52,3.73,3.47,3.64,1337213
2017-05-26,3.6,3.68,3.58,3.61,785639
2017-05-31,3.67,3.77,3.63,3.67,1202338
2017-06-01,3.64,3.75,3.54,3.56,859911
2017-06-02,3.56,3.87,3.54,3.78,1428743
2017-06-05,3.74,3.88,3.74,3.81,1165991
2017-06-06,3.78,3.85,3.76,3.8,638676
2017-06-07,3.81,3.99,3.78,3.94,1267563
2017-06-08,3.93,4.0,3.9,3.92,741945
2017-06-09,3.93,3.96,3.85,3.88,722633
2017-06-12,3.85,3.89,3.79,3.83,578091
2017-06-13,3.82,3.96,3.81,3.91,783032
2017-06-14,3.91,3.91,3.82,3.82,544060
2017-06-15,3.81,3.99,3.8,3.91,1013316
2017-06-16,3.9,3.95,3.86,3.89,433931
2017-06-19,3.87,3.94,3.86,3.92,420331
2017-06-20,3.92,3.98,3.82,3.82,771729
2017-06-21,3.84,3.87,3.68,3.74,945938
2017-06-22,3.72,3.79,3.67,3.67,651332
2017-06-23,3.66,3.69,3.56,3.66,621307
2017-06-26,3.66,3.75,3.64,3.75,650412
2017-06-27,3.75,3.93,3.74,3.86,1072021
2017-06-28,3.83,3.85,3.78,3.84,491423
2017-06-29,3.85,3.94,3.81,3.84,805975
2017-06-30,3.8,3.81,3.71,3.75,633173
2017-07-03,3.75,3.88,3.73,3.86,735345
2017-07-04,3.86,3.88,3.78,3.84,561736
2017-07-05,3.84,3.89,3.77,3.86,683182
2017-07-06,3.85,3.86,3.73,3.77,637241
2017-07-07,3.76,3.82,3.73,3.78,507988
2017-07-10,3.75,3.79,3.67,3.67,639550
2017-07-11,3.66,3.72,3.64,3.64,483707
2017-07-12,3.64,3.69,3.49,3.65,821344
2017-07-13,3.63,3.68,3.59,3.63,423327
2017-07-14,3.62,3.69,3.59,3.61,459525
2017-07-17,3.44,3.44,3.22,3.22,1147254
2017-07-18,3.17,3.33,3.14,3.27,788040
2017-07-19,3.25,3.35,3.21,3.35,708597
2017-07-20,3.38,3.51,3.36,3.39,878218
2017-07-21,3.38,3.41,3.33,3.35,428602
2017-07-24,3.33,3.38,3.29,3.34,469563
2017-07-25,3.32,3.39,3.32,3.33,401134
2017-07-26,3.33,3.35,3.29,3.3,363032
2017-07-27,3.31,3.64,3.29,3.59,1588398
2017-07-28,3.53,3.57,3.49,3.52,871415
2017-07-31,3.48,3.66,3.45,3.58,1021738
2017-08-01,3.56,3.71,3.54,3.71,1174060
2017-08-02,3.68,3.85,3.67,3.74,1452248
2017-08-03,3.74,4.15,3.7,4.03,3639299
2017-08-04,4.03,4.16,3.98,4.1,2344624
2017-08-07,4.07,4.27,4.04,4.07,2125856
2017-08-08,4.04,4.23,4.02,4.18,2199040
2017-08-09,4.14,4.16,4.02,4.06,1514495
2017-08-10,4.03,4.16,4.0,4.06,1448220
2017-08-11,4.01,4.15,3.96,4.02,1668173
2017-08-14,4.03,4.26,4.02,4.23,2252772
2017-08-15,4.21,4.26,4.13,4.17,1407133
2017-08-16,4.17,4.53,4.14,4.45,3009373
2017-08-17,4.41,4.57,4.38,4.43,2285940
2017-08-18,4.39,4.43,4.28,4.3,1445710
2017-08-21,4.29,4.34,4.22,4.34,1173667
2017-08-22,4.29,4.36,4.23,4.25,1046111
2017-08-23,4.26,4.28,4.09,4.13,1470009
2017-08-24,4.12,4.18,4.06,4.15,1174896
2017-08-25,4.13,4.39,4.12,4.39,2081593
2017-08-28,4.42,4.85,4.37,4.69,3510879
2017-08-29,4.63,4.73,4.58,4.66,1623864
2017-08-30,4.66,4.78,4.62,4.64,1497586
2017-08-31,4.63,4.73,4.63,4.69,1116832
2017-09-01,4.71,4.91,4.64,4.84,1897142
2017-09-04,4.81,4.87,4.73,4.77,1387208
2017-09-05,4.75,4.79,4.64,4.64,1138624
2017-09-06,4.64,4.77,4.61,4.75,1156166
2017-09-07,4.76,4.97,4.65,4.65,2159852
2017-09-08,4.63,4.67,4.54,4.59,1222020
2017-09-11,4.58,4.68,4.55,4.64,886619
2017-09-12,4.66,4.76,4.55,4.55,1551232
2017-09-13,4.55,4.63,4.53,4.62,806542
2017-09-14,4.62,4.7,4.57,4.6,840374
2017-09-15,4.58,4.71,4.56,4.62,1069233
2017-09-18,4.6,4.77,4.6,4.77,1438562
2017-09-19,4.78,4.8,4.59,4.6,1158291
2017-09-20,4.58,4.63,4.5,4.54,1212048
2017-09-21,4.55,4.58,4.31,4.33,1478605
2017-09-22,4.3,4.38,4.2,4.34,1009657
2017-09-25,4.32,4.33,4.15,4.19,761083
2017-09-26,4.21,4.33,4.18,4.33,870499
2017-09-27,4.31,4.36,4.28,4.32,672264
2017-09-28,4.3,4.35,4.3,4.31,543180
2017-09-29,4.32,4.42,4.32,4.35,668290
2017-10-09,4.51,4.55,4.41,4.42,956709
2017-10-10,4.42,4.51,4.41,4.51,800618
2017-10-11,4.5,4.56,4.45,4.45,678007
2017-10-12,4.44,4.46,4.3,4.37,619655
2017-10-13,4.37,4.46,4.31,4.42,618166
2017-10-16,4.37,4.46,4.23,4.26,885396
2017-10-17,4.25,4.27,4.16,4.19,673332
2017-10-18,4.21,4.29,4.18,4.19,723822
2017-10-19,4.17,4.21,4.03,4.03,730347
2017-10-20,4.04,4.13,4.0,4.1,491204
2017-10-23,4.11,4.15,4.1,4.14,301068
2017-10-24,4.14,4.21,4.08,4.21,514119
2017-10-25,4.18,4.22,4.15,4.21,368275
2017-10-26,4.21,4.29,4.17,4.21,673501
2017-10-27,4.19,4.27,4.18,4.18,510026
2017-10-30,4.16,4.17,3.81,3.84,1246727
2017-10-31,3.82,3.9,3.78,3.86,650193
2017-11-01,3.86,3.9,3.76,3.77,688144
2017-11-02,3.77,3.89,3.73,3.82,816828
2017-11-03,3.81,3.89,3.77,3.86,641018
2017-11-06,3.86,3.91,3.78,3.87,535763
2017-11-07,3.86,4.03,3.85,4.01,905303
2017-11-08,3.99,4.29,3.97,4.18,1403032
2017-11-09,4.14,4.28,4.12,4.19,783075
2017-11-10,4.2,4.33,4.13,4.28,1050560
2017-11-13,4.28,4.39,4.24,4.3,962906
2017-11-14,4.28,4.3,4.18,4.21,774786
2017-11-15,4.18,4.29,4.1,4.1,757743
2017-11-16,4.08,4.2,4.06,4.08,580841
2017-11-17,4.12,4.23,3.99,4.03,920934
2017-11-20,3.99,4.0,3.81,3.99,710844
2017-11-21,4.0,4.33,3.98,4.29,1530491
2017-11-22,4.26,4.39,4.23,4.39,1368146
2017-11-23,4.34,4.45,4.17,4.2,1117082
2017-11-24,4.22,4.33,4.15,4.25,758447
2017-11-27,4.21,4.36,4.12,4.23,1142954
2017-11-28,4.21,4.34,4.12,4.34,998480
2017-11-29,4.32,4.37,4.21,4.34,992582
2017-11-30,4.3,4.46,4.27,4.28,1228530
2017-12-01,4.26,4.49,4.25,4.48,1652789
2017-12-04,4.42,4.53,4.39,4.44,1208210
2017-12-05,4.42,4.5,4.28,4.38,1181235
2017-12-06,4.35,4.48,4.28,4.47,1213906
2017-12-07,4.43,4.49,4.31,4.32,947885
2017-12-08,4.31,4.42,4.28,4.31,906976
2017-12-11,4.33,4.43,4.31,4.41,1181698
2017-12-12,4.41,4.44,4.28,4.28,853910
2017-12-13,4.28,4.34,4.21,4.25,726986
2017-12-14,4.27,4.27,4.06,4.11,1252972
2017-12-15,4.09,4.14,4.06,4.09,560054
2017-12-18,4.08,4.14,3.98,4.04,577366
2017-12-19,4.05,4.18,4.05,4.17,809749
2017-12-20,4.13,4.14,4.02,4.04,680492
2017-12-21,4.01,4.1,3.95,4.04,613110
2017-12-22,4.03,4.1,4.02,4.04,386904
2017-12-25,4.05,4.07,3.87,3.87,762560
2017-12-26,3.87,3.95,3.87,3.94,410960
2017-12-27,3.93,3.96,3.84,3.92,467860
2017-12-28,3.91,4.09,3.89,4.05,890343
2017-12-29,4.04,4.09,4.01,4.06,449516
2018-01-02,4.08,4.12,4.03,4.08,508378
2018-01-03,4.09,4.19,4.05,4.16,931474
2018-01-04,4.13,4.14,4.06,4.09,630312
2018-01-05,4.08,4.16,4.07,4.1,644892
2018-01-08,4.08,4.21,4.03,4.14,1024281
2018-01-09,4.15,4.17,4.06,4.08,616236
2018-01-10,4.06,4.12,4.02,4.08,577215
2018-01-11,4.06,4.21,3.99,4.18,1326782
2018-01-12,4.18,4.23,4.13,4.15,958017
2018-01-15,4.11,4.11,3.91,3.95,929592
2018-01-16,3.94,3.96,3.85,3.95,940089
2018-01-17,3.97,4.23,3.95,4.14,1779428
2018-01-18,4.12,4.19,4.09,4.12,810575
2018-01-19,4.13,4.4,4.1,4.29,1969922
2018-01-22,4.3,4.67,4.25,4.53,2405369
2018-01-23,4.5,4.66,4.48,4.63,1933129
2018-01-24,4.6,5.12,4.58,5.08,3989854
2018-01-25,5.07,5.37,4.99,5.07,3757187
2018-01-26,5.13,5.27,5.05,5.21,2468343
2018-01-29,5.17,5.23,5.03,5.11,2187352
2018-01-30,5.09,5.19,4.98,5.04,1649444
2018-01-31,4.97,4.98,4.75,4.84,2474352
2018-02-01,4.88,4.97,4.73,4.8,2177751
2018-02-02,4.69,4.93,4.65,4.8,2264916
2018-02-05,4.72,4.87,4.66,4.83,1562398
2018-02-06,4.67,4.91,4.42,4.47,2301577
2018-02-07,4.61,4.77,4.46,4.6,2495142
2018-02-08,4.52,4.65,4.49,4.53,1441062
2018-02-09,4.34,4.4,4.05,4.05,2456639
2018-02-12,4.07,4.17,3.94,4.12,1702373
2018-02-13,4.13,4.25,4.08,4.09,1393436
2018-02-14,4.06,4.09,3.98,4.02,979472
2018-02-22,4.09,4.27,4.06,4.21,1374946
2018-02-23,4.22,4.25,4.13,4.18,1031000
2018-02-26,4.28,4.43,4.2,4.39,1626227
2018-02-27,4.38,4.43,4.33,4.37,1459368
2018-02-28,4.29,4.45,4.26,4.34,1422073
2018-03-01,4.27,4.48,4.25,4.46,1832374
2018-03-02,4.39,4.46,4.29,4.29,1399627
2018-03-05,4.33,4.39,4.29,4.37,890954
2018-03-06,4.4,4.49,4.38,4.42,1497213
2018-03-07,4.38,4.46,4.33,4.35,855710
2018-03-08,4.33,4.39,4.31,4.34,608942
2018-03-09,4.35,4.77,4.35,4.74,2718956
2018-03-12,4.78,4.91,4.73,4.8,2030688
2018-03-13,4.81,4.9,4.72,4.76,1645575
2018-03-14,4.73,4.9,4.72,4.8,1652466
2018-03-15,4.75,5.01,4.73,5.0,1959779
2018-03-16,5.02,5.23,4.92,4.93,2661046
2018-03-19,5.11,5.22,5.02,5.1,2259618
2018-03-20,5.03,5.14,4.93,5.11,1578915
2018-03-21,5.08,5.17,4.89,4.89,1571520
2018-03-22,4.91,4.99,4.82,4.87,1288080
2018-03-23,4.65,4.79,4.47,4.58,1917548
2018-03-26,4.55,4.98,4.54,4.97,1953694
2018-03-27,5.02,5.2,4.93,5.2,2304330
2018-03-28,5.08,5.17,5.04,5.1,1389682
2018-03-29,5.14,5.25,5.06,5.18,1560442
2018-03-30,5.23,5.41,5.14,5.39,2014490
2018-04-02,5.38,5.45,5.21,5.24,1864944
2018-04-03,5.14,5.2,5.06,5.17,1400165
2018-04-04,5.18,5.22,4.99,5.04,1199785
2018-04-09,5.03,5.24,4.98,5.13,1341465
2018-04-10,5.11,5.23,5.02,5.21,1246697
2018-04-11,5.19,5.26,5.07,5.09,1157593
2018-04-12,5.05,5.15,4.95,4.96,924180
2018-04-13,5.03,5.14,4.98,5.06,1047469
2018-04-16,5.03,5.24,5.01,5.2,1375691
2018-04-17,5.28,5.3,4.95,5.11,1499860
2018-04-18,5.11,5.62,5.01,5.48,2511233
2018-04-19,5.43,5.5,5.37,5.42,1466695
2018-04-20,5.38,5.45,5.13,5.13,1716223
2018-04-23,5.15,5.24,4.89,5.04,1580080
2018-04-24,5.05,5.5,5.02,5.44,2179952
2018-04-25,5.38,5.44,5.34,5.4,1289276
2018-04-26,5.42,5.47,5.29,5.35,1369512
2018-04-27,5.41,5.59,5.34,5.49,2181370
2018-05-02,5.52,5.68,5.47,5.52,1813864
2018-05-03,5.45,5.86,5.33,5.82,2358446
2018-05-04,5.77,5.79,5.67,5.7,1392134
2018-05-07,5.75,5.9,5.73,5.82,1539229
2018-05-08,5.82,5.91,5.76,5.87,1277793
2018-05-09,5.86,5.89,5.74,5.77,1114401
2018-05-10,5.76,5.81,5.66,5.79,1328791
2018-05-11,5.78,5.8,5.56,5.56,1281637
2018-05-14,5.54,5.68,5.51,5.58,1339891
2018-05-15,5.56,5.66,5.5,5.64,1310916
2018-05-16,5.6,5.63,5.52,5.55,961338
2018-05-17,5.55,5.59,5.42,5.44,964664
2018-05-18,5.43,5.7,5.42,5.66,1466585
2018-05-21,5.66,5.78,5.62,5.72,1425975
2018-05-22,5.7,5.72,5.6,5.69,958517
2018-05-23,5.64,5.72,5.5,5.52,1143377
2018-05-24,5.52,5.58,5.48,5.51,919786
2018-05-25,5.5,5.57,5.43,5.43,1097808
2018-05-28,5.4,5.43,5.28,5.32,1185361
2018-05-29,5.3,5.38,5.2,5.3,1267757
2018-05-30,5.22,5.29,4.98,4.99,1688905
2018-05-31,5.05,5.13,5.0,5.06,1288241
2018-06-01,5.01,5.15,5.0,5.03,1138166
2018-06-04,5.07,5.19,5.03,5.1,1089540
2018-06-05,5.08,5.21,5.06,5.18,1201900
2018-06-06,5.15,5.18,5.05,5.07,1009644
2018-06-07,5.11,5.17,5.05,5.05,897399
2018-06-08,4.98,4.99,4.72,4.83,1611034
2018-06-11,4.8,4.96,4.78,4.9,1062902
2018-06-12,4.91,5.12,4.91,5.07,1272910
2018-06-13,5.06,5.11,4.98,4.99,809278
2018-06-14,4.99,5.15,4.98,5.06,920718
2018-06-15,5.04,5.1,4.94,5.01,946223
2018-06-19,4.95,5.0,4.56,4.71,1464232
2018-06-20,4.71,4.82,4.63,4.73,1231102
2018-06-21,4.67,4.73,4.5,4.51,1242748
2018-06-22,4.45,4.68,4.43,4.62,1180385
2018-06-25,4.65,4.71,4.54,4.56,875172
2018-06-26,4.49,4.8,4.47,4.74,1317384
2018-06-27,4.74,4.78,4.66,4.72,988797
2018-06-28,4.73,4.86,4.7,4.73,1207085
2018-06-29,4.74,5.06,4.73,5.03,1754186
2018-07-02,4.99,5.01,4.85,4.95,1212819
2018-07-03,4.99,5.1,4.82,5.04,1549943
2018-07-04,4.99,4.99,4.74,4.8,1390356
2018-07-05,4.77,4.89,4.76,4.81,1001793
2018-07-06,4.83,5.07,4.8,4.91,1645782
2018-07-09,4.95,5.04,4.91,5.03,1089999
2018-07-10,5.03,5.05,4.94,5.0,855312
2018-07-11,4.87,4.93,4.7,4.81,1295532
2018-07-12,4.81,5.05,4.8,4.99,1431010
2018-07-13,4.97,4.99,4.87,4.92,1057965
2018-07-16,4.97,4.99,4.89,4.96,939349
2018-07-17,4.93,4.99,4.86,4.99,937997
2018-07-18,4.99,5.06,4.89,4.9,1106425
2018-07-19,4.88,5.03,4.88,4.95,1007305
2018-07-20,4.95,5.26,4.89,5.15,2115971
2018-07-23,5.15,5.28,5.11,5.28,1692376
2018-07-24,5.36,5.57,5.3,5.31,2112206
2018-07-25,5.31,5.38,5.28,5.31,919075
2018-07-26,5.29,5.32,5.13,5.18,1304071
2018-07-27,5.16,5.22,5.14,5.16,795051
2018-07-30,5.15,5.21,5.05,5.09,855591
2018-07-31,5.09,5.15,5.07,5.13,828024
2018-08-01,5.15,5.2,4.99,5.0,1109752
2018-08-02,4.97,5.01,4.75,4.82,1432728
2018-08-03,4.83,4.93,4.77,4.8,887871
2018-08-06,4.76,4.9,4.76,4.8,990285
2018-08-07,4.83,4.98,4.79,4.97,1339118
2018-08-08,4.93,4.94,4.74,4.76,1058913
2018-08-09,4.76,4.98,4.75,4.92,1371371
2018-08-10,4.91,4.99,4.85,4.93,920047
2018-08-13,4.87,4.99,4.83,4.99,1079632
2018-08-14,4.97,4.97,4.88,4.91,713862
2018-08-15,4.9,4.91,4.76,4.79,758090
2018-08-16,4.71,4.89,4.66,4.8,1124043
2018-08-17,4.84,4.86,4.7,4.71,753160
2018-08-20,4.7,4.84,4.68,4.84,875812
2018-08-21,4.81,4.94,4.8,4.86,924432
2018-08-22,4.84,4.88,4.79,4.82,529813
2018-08-23,4.83,4.97,4.82,4.93,1224312
2018-08-24,4.9,4.97,4.86,4.91,851296
2018-08-27,4.93,5.08,4.93,5.03,1253149
2018-08-28,5.03,5.05,4.99,5.01,607522
2018-08-29,5.0,5.02,4.93,4.95,636199
2018-08-30,4.96,4.98,4.88,4.89,527422
2018-08-31,4.88,4.91,4.81,4.83,595730
2018-09-03,4.82,4.87,4.72,4.86,837474
2018-09-04,4.83,4.93,4.76,4.88,998232
2018-09-05,4.85,4.88,4.74,4.76,787130
2018-09-06,4.74,4.81,4.72,4.78,675480
2018-09-07,4.77,4.86,4.65,4.69,1027684
2018-09-10,4.64,4.64,4.2,4.2,2427429
2018-09-11,4.09,4.17,3.96,4.1,1685552
2018-09-12,4.08,4.15,4.03,4.09,983088
2018-09-13,4.15,4.17,4.07,4.11,813281
2018-09-14,4.11,4.13,3.9,3.92,1346599
2018-09-17,3.9,3.96,3.86,3.94,920199
2018-09-18,3.92,4.03,3.92,4.02,971364
2018-09-19,3.99,4.16,3.93,4.09,1395078
2018-09-20,4.07,4.11,4.04,4.05,571871
2018-09-21,4.07,4.29,4.04,4.24,1519592
2018-09-25,4.18,4.22,4.15,4.16,760457
2018-09-26,4.18,4.28,4.15,4.21,1122006
2018-09-27,4.19,4.22,4.16,4.17,682011
2018-09-28,4.19,4.26,4.17,4.25,870491
2018-10-08,4.11,4.15,3.98,3.99,932296
2018-10-09,4.01,4.03,3.93,3.97,768981
2018-10-10,4.02,4.11,3.99,4.06,1095138
2018-10-11,3.89,4.0,3.76,3.81,1503147
2018-10-12,3.82,4.04,3.81,3.98,1303532
2018-10-15,3.99,4.02,3.92,3.98,833943
2018-10-16,4.0,4.09,3.91,3.96,921211
2018-10-17,4.02,4.19,3.97,4.15,1586957
2018-10-18,4.09,4.25,4.08,4.13,1474966
2018-10-19,4.07,4.5,4.06,4.47,2025363
2018-10-22,4.56,4.94,4.56,4.94,2995102
2018-10-23,4.99,4.99,4.73,4.79,2402366
2018-10-24,4.75,4.88,4.7,4.73,2132463
2018-10-25,4.55,4.86,4.54,4.81,1923756
2018-10-26,4.77,4.8,4.57,4.59,1563567
2018-10-29,4.62,4.7,4.52,4.6,1331743
2018-10-30,4.6,4.95,4.52,4.72,2648134
2018-10-31,4.68,4.77,4.57,4.7,1499801
2018-11-01,4.75,4.97,4.7,4.7,2092349
2018-11-02,4.9,4.96,4.82,4.94,2314617
2018-11-05,4.91,5.05,4.79,4.93,1754273
2018-11-06,4.87,4.95,4.79,4.89,972668
2018-11-07,4.87,5.02,4.82,4.92,1397940
2018-11-08,4.99,5.02,4.65,4.66,1660952
2018-11-09,4.63,4.75,4.62,4.69,1246061
2018-11-12,4.69,4.92,4.67,4.9,1499480
2018-11-13,4.82,5.09,4.81,4.97,1964829
2018-11-14,4.93,5.09,4.88,4.94,1424884
2018-11-15,4.95,5.4,4.94,5.29,2476106
2018-11-16,5.25,5.52,5.24,5.31,2308230
2018-11-19,5.34,5.39,5.23,5.34,1359734
2018-11-20,5.28,5.3,5.07,5.11,1644664
2018-11-21,5.08,5.16,5.03,5.13,1087535
2018-11-22,5.12,5.12,4.95,5.03,1301280
2018-11-23,4.99,5.02,4.78,4.88,1301237
2018-11-26,4.88,4.93,4.82,4.89,687702
2018-11-27,4.92,4.96,4.82,4.88,837168
2018-11-28,4.83,5.04,4.82,5.03,1233998
2018-11-29,5.07,5.09,4.81,4.81,1203708
2018-11-30,4.8,4.91,4.73,4.88,976904
2018-12-03,5.15,5.21,5.03,5.07,1731214
2018-12-04,5.03,5.15,5.03,5.13,931897
2018-12-05,5.03,5.09,5.01,5.04,876895
2018-12-06,4.99,4.99,4.85,4.86,1000986
2018-12-07,4.89,4.93,4.85,4.86,532340
2018-12-10,4.84,4.91,4.8,4.87,687678
2018-12-11,4.88,4.93,4.86,4.91,517020
2018-12-12,4.93,4.97,4.88,4.91,600719
2018-12-13,4.93,5.09,4.89,5.05,1240557
2018-12-14,5.03,5.03,4.91,4.91,776972
2018-12-17,4.89,4.94,4.84,4.9,674177
2018-12-18,4.86,4.92,4.77,4.83,819430
2018-12-19,4.84,4.87,4.74,4.78,754243
2018-12-20,4.77,4.87,4.71,4.84,1003181
2018-12-21,4.79,4.82,4.71,4.76,827774
2018-12-24,4.75,4.78,4.71,4.76,604884
2018-12-25,4.67,4.71,4.52,4.64,1015216
2018-12-26,4.62,4.68,4.56,4.6,620306
2018-12-27,4.69,4.7,4.51,4.52,808663
2018-12-28,4.54,4.67,4.53,4.59,695296
2019-01-02,4.59,4.59,4.47,4.49,710183
2019-01-03,4.49,4.67,4.49,4.55,1061827
2019-01-04,4.48,4.95,4.48,4.87,2076576
2019-01-07,4.83,4.93,4.8,4.88,1465678
2019-01-08,4.84,4.91,4.81,4.85,863627
2019-01-09,4.87,5.01,4.84,4.84,1321286
2019-01-10,4.82,4.86,4.75,4.76,823437
2019-01-11,4.77,4.84,4.76,4.82,584348
2019-01-14,4.85,4.86,4.74,4.76,528512
2019-01-15,4.75,4.96,4.75,4.95,1307666
2019-01-16,4.95,4.98,4.86,4.88,880300
2019-01-17,4.89,4.9,4.8,4.8,692468
2019-01-18,4.82,4.91,4.81,4.91,863756
2019-01-21,4.92,5.01,4.88,4.91,952483
2019-01-22,4.89,4.92,4.83,4.85,555009
2019-01-23,4.85,4.88,4.82,4.86,366023
2019-01-24,4.86,5.0,4.84,4.93,1018935
2019-01-25,4.93,5.01,4.89,4.93,1020433
2019-01-28,4.99,5.03,4.88,4.91,960300
2019-01-29,4.87,4.88,4.76,4.82,948519
2019-01-30,4.79,4.85,4.74,4.74,665079
2019-01-31,4.78,4.96,4.77,4.9,1228012
2019-02-01,4.95,5.08,4.93,5.07,1521656
2019-02-11,5.07,5.17,5.03,5.16,1432704
2019-02-12,5.15,5.19,5.09,5.12,1215962
2019-02-13,5.13,5.42,5.11,5.35,2162145
2019-02-14,5.33,5.35,5.26,5.3,1143088
2019-02-15,5.29,5.31,5.17,5.18,1238042
2019-02-18,5.23,5.54,5.22,5.54,2078629
2019-02-19,5.55,5.78,5.45,5.52,2477508
2019-02-20,5.5,5.6,5.43,5.54,1403862
2019-02-21,5.51,6.12,5.48,5.89,4250846
2019-02-22,5.95,6.5,5.83,6.5,4364632
2019-02-25,7.18,7.18,6.96,7.18,3013245
2019-02-26,7.77,7.93,7.53,7.57,8109633
2019-02-27,7.63,7.83,7.13,7.35,5910890
2019-02-28,7.2,7.72,6.99,7.61,4815475
2019-03-01,7.7,8.32,7.46,8.13,5633272
2019-03-04,8.31,8.84,7.93,8.15,5927731
2019-03-05,7.94,8.31,7.89,8.28,3590158
2019-03-06,8.17,8.92,8.12,8.66,5275615
2019-03-07,8.51,8.76,8.17,8.3,5421958
2019-03-08,7.76,8.06,7.47,7.49,4969907
2019-03-11,7.53,7.83,7.41,7.73,3022486
2019-03-12,7.72,8.21,7.7,7.9,4301585
2019-03-13,7.85,7.85,7.5,7.54,3294587
2019-03-14,7.47,7.71,7.33,7.53,2683493
2019-03-15,7.61,7.66,7.42,7.47,2207586
2019-03-18,7.44,7.79,7.23,7.75,2887764
2019-03-19,7.68,7.76,7.55,7.61,2002926
2019-03-20,7.61,7.85,7.56,7.71,2594295
2019-03-21,7.76,8.14,7.67,7.86,3631852
2019-03-22,7.82,7.9,7.53,7.71,2289149
2019-03-25,7.49,7.57,7.26,7.28,2678649
2019-03-26,7.35,7.4,7.02,7.1,2292097
2019-03-27,7.17,7.23,6.99,7.13,2010925
2019-03-28,7.05,7.19,6.97,6.97,2146317
2019-03-29,7.04,7.53,7.0,7.52,3904924
2019-04-01,7.55,8.12,7.44,7.87,4234456
2019-04-02,7.87,8.38,7.81,7.95,4505304
2019-04-03,7.77,8.2,7.76,8.12,3615190
2019-04-04,8.18,8.25,7.95,7.99,2579388
2019-04-08,8.09,8.1,7.61,7.8,2818825
2019-04-09,7.76,7.88,7.61,7.73,2066123
2019-04-10,7.66,7.67,7.33,7.45,2936579
2019-04-11,7.42,7.55,7.28,7.42,2189156
2019-04-12,7.43,7.52,7.37,7.43,1643041
2019-04-15,7.61,7.65,7.16,7.18,2190390
2019-04-16,7.12,7.43,7.07,7.42,2110531
2019-04-17,7.34,7.42,7.3,7.33,1452127
2019-04-18,7.32,7.42,7.28,7.31,1109637
2019-04-19,7.36,7.5,7.33,7.47,1523275
2019-04-22,7.55,7.59,7.22,7.26,1759991
2019-04-23,7.24,7.47,7.14,7.3,1674349
2019-04-24,7.3,7.42,7.22,7.39,1438343
2019-04-25,7.36,7.42,7.05,7.07,1748267
2019-04-26,7.0,7.22,6.97,7.04,1599694
2019-04-29,6.91,6.96,6.36,6.41,3065217
2019-04-30,6.41,6.5,6.26,6.32,1697808
2019-05-06,5.78,5.99,5.66,5.66,2871044
2019-05-07,5.71,5.79,5.57,5.77,2283237
2019-05-08,5.62,5.91,5.58,5.78,1673005
2019-05-09,5.68,5.88,5.68,5.78,1622293
2019-05-10,5.9,6.22,5.81,6.17,3098633
2019-05-13,6.04,6.08,5.9,5.95,1719686
2019-05-14,5.94,6.06,5.92,5.94,1564047
2019-05-15,6.02,6.09,5.97,6.06,1670856
2019-05-16,6.06,6.06,5.92,5.99,1331403
2019-05-17,5.99,6.0,5.61,5.69,1794868
2019-05-20,5.67,5.89,5.6,5.81,1572859
2019-05-21,5.79,5.99,5.77,5.92,1474135
2019-05-22,5.89,5.96,5.74,5.82,1364493
2019-05-23,5.79,5.95,5.69,5.8,1597620
2019-05-24,5.82,5.86,5.77,5.78,1168582
2019-05-27,5.82,6.04,5.78,5.99,2506959
2019-05-28,5.95,6.05,5.92,6.03,1964890
2019-05-29,5.97,6.11,5.95,6.03,1617575
2019-05-30,5.96,5.99,5.83,5.91,1402758
2019-05-31,5.91,5.94,5.84,5.84,1001272
2019-06-03,5.91,5.98,5.82,5.83,1218125
2019-06-04,5.81,5.84,5.74,5.79,1113990
2019-06-05,5.88,5.91,5.78,5.81,1208080
2019-06-06,5.78,5.85,5.63,5.65,1298343
2019-06-10,5.67,5.72,5.48,5.61,1349010
2019-06-11,5.62,6.09,5.61,6.06,3210280
2019-06-12,6.0,6.04,5.92,5.94,1876367
2019-06-13,5.94,6.04,5.91,5.96,1497193
2019-06-14,5.96,6.0,5.77,5.77,1334829
2019-06-17,5.78,5.85,5.72,5.78,914065
2019-06-18,5.79,5.89,5.71,5.85,1062581
2019-06-19,6.23,6.28,5.94,5.94,3021389
2019-06-20,5.94,6.45,5.94,6.31,4013383
2019-06-21,6.42,6.61,6.37,6.51,3775234
2019-06-24,6.53,6.54,6.35,6.4,1968295
2019-06-25,6.38,6.45,6.19,6.38,2171713
2019-06-26,6.2,6.32,6.17,6.25,1284164
2019-06-27,6.3,6.47,6.3,6.32,1789280
2019-06-28,6.3,6.33,6.19,6.27,1218440
2019-07-01,6.52,6.58,6.43,6.48,2680347
2019-07-02,6.47,6.49,6.38,6.42,1386844
2019-07-03,6.39,6.39,6.22,6.26,1490679
2019-07-04,6.29,6.35,6.23,6.29,1083139
2019-07-05,6.29,6.33,6.23,6.32,991594
2019-07-08,6.25,6.31,5.99,6.01,1765384
2019-07-09,6.03,6.08,5.94,6.04,1231359
2019-07-10,6.03,6.05,5.94,5.97,817710
2019-07-11,6.03,6.09,5.95,5.98,972996
2019-07-12,5.99,6.1,5.95,6.08,1038877
2019-07-15,6.11,6.54,6.05,6.43,2970924
2019-07-16,6.39,6.52,6.37,6.48,2049885
2019-07-17,6.48,6.75,6.45,6.62,3171757
2019-07-18,6.57,6.79,6.55,6.6,2719535
2019-07-19,6.72,6.95,6.67,6.87,2690052
2019-07-22,6.89,6.94,6.54,6.58,2529401
2019-07-23,6.63,6.73,6.58,6.71,1827235
2019-07-24,6.73,6.8,6.62,6.66,2389093
2019-07-25,6.63,6.74,6.6,6.74,1540501
2019-07-26,6.73,6.73,6.61,6.67,1207098
2019-07-29,6.63,6.65,6.49,6.54,1511233
2019-07-30,6.56,6.86,6.54,6.74,2718129
2019-07-31,6.71,6.76,6.65,6.75,1475960
2019-08-01,6.71,6.75,6.58,6.7,1604033
2019-08-02,6.49,6.57,6.41,6.53,2180250
2019-08-05,6.44,6.53,6.21,6.26,2247501
2019-08-06,6.09,6.31,5.96,6.19,2605084
2019-08-07,6.22,6.22,6.03,6.04,1477875
2019-08-08,6.2,6.26,6.12,6.13,1596096
2019-08-09,6.18,6.2,6.02,6.05,1218357
2019-08-12,6.11,6.34,6.11,6.33,2006504
2019-08-13,6.23,6.25,6.18,6.22,1200517
2019-08-14,6.36,6.38,6.23,6.24,1555067
2019-08-15,6.08,6.33,6.04,6.32,1681879
2019-08-16,6.28,6.53,6.28,6.4,2566390
2019-08-19,6.51,7.07,6.47,7.07,4837679
2019-08-20,7.17,7.17,6.87,6.9,3614270
2019-08-21,6.89,6.95,6.85,6.87,1848750
2019-08-22,6.89,6.94,6.84,6.91,1598810
2019-08-23,6.93,7.12,6.85,6.85,2287616
2019-08-26,6.68,6.8,6.66,6.72,2126200
2019-08-27,6.77,7.09,6.74,6.91,3042290
2019-08-28,6.85,6.9,6.78,6.8,1557653
2019-08-29,6.83,6.88,6.73,6.75,1254029
2019-08-30,6.85,6.92,6.61,6.72,1835739
2019-09-02,6.71,7.07,6.71,6.98,3004519
2019-09-03,6.98,7.0,6.88,6.96,1958068
2019-09-04,6.95,7.32,6.92,7.21,3578266
2019-09-05,7.43,7.93,7.43,7.48,5517432
2019-09-06,7.62,7.65,7.44,7.6,2942467
2019-09-09,7.77,7.79,7.6,7.69,3444358
2019-09-10,7.65,7.86,7.52,7.67,3009520
2019-09-11,7.75,7.81,7.62,7.66,2643600
2019-09-12,7.71,7.76,7.53,7.72,2197805
2019-09-16,7.74,7.75,7.53,7.58,1894401
2019-09-17,7.54,7.56,7.25,7.31,2504202
2019-09-18,7.35,7.36,7.18,7.25,1530522
2019-09-19,7.3,7.37,7.21,7.37,1766233
2019-09-20,7.32,7.34,7.21,7.28,1567949
2019-09-23,7.21,7.22,7.1,7.17,1622944
2019-09-24,7.2,7.35,7.14,7.21,1985795
2019-09-25,7.14,7.24,7.09,7.15,1619706
2019-09-26,7.19,7.23,6.94,6.98,2171737
2019-09-27,7.01,7.09,6.98,7.08,1199575
2019-09-30,7.06,7.09,6.84,6.86,1157330
2019-10-08,6.89,6.94,6.81,6.86,1146030
2019-10-09,6.78,6.93,6.73,6.93,1147243
2019-10-10,6.92,7.01,6.88,7.0,1456900
2019-10-11,7.01,7.22,6.92,7.12,2328025
2019-10-14,7.22,7.39,7.14,7.2,2549924
2019-10-15,7.25,7.35,7.14,7.23,1865145
2019-10-16,7.26,7.34,7.15,7.16,1455130
2019-10-17,7.14,7.23,7.07,7.11,1063165
2019-10-18,7.13,7.16,6.87,6.88,1633335
2019-10-21,6.9,6.91,6.77,6.86,1158872
2019-10-22,6.87,6.95,6.85,6.95,1032415
2019-10-23,6.97,7.0,6.84,6.86,1087519
2019-10-24,6.86,6.99,6.84,6.9,1081930
2019-10-25,6.88,7.03,6.79,7.01,1577591
2019-10-28,7.23,7.48,7.08,7.39,3792743
2019-10-29,7.3,7.3,7.05,7.06,2319122
2019-10-30,7.02,7.09,6.95,6.97,1315207
2019-10-31,6.99,7.03,6.91,6.93,1002409
2019-11-01,6.9,7.08,6.88,7.05,1362314
2019-11-04,7.08,7.17,7.02,7.07,1323015
2019-11-05,7.07,7.25,7.05,7.14,1959538
2019-11-06,7.12,7.13,6.96,7.0,1325924
2019-11-07,6.97,7.09,6.95,7.04,908264
2019-11-08,7.11,7.15,6.99,7.0,1337142
2019-11-11,6.92,6.94,6.74,6.78,1512854
2019-11-12,6.76,6.79,6.63,6.74,1291771
2019-11-13,6.7,6.73,6.64,6.69,824934
2019-11-14,6.7,6.75,6.62,6.71,1003740
2019-11-15,6.7,6.72,6.45,6.46,1580666
2019-11-18,6.47,6.58,6.45,6.55,1023284
2019-11-19,6.55,6.71,6.52,6.7,1281809
2019-11-20,6.67,6.7,6.51,6.53,1116772
2019-11-21,6.49,6.59,6.47,6.56,660783
2019-11-22,6.55,6.65,6.48,6.5,1071837
2019-11-25,6.47,6.49,6.37,6.46,1006295
2019-11-26,6.48,6.5,6.4,6.44,754025
2019-11-27,6.4,6.42,6.34,6.35,802096
2019-11-28,6.35,6.4,6.33,6.37,591374
2019-11-29,6.36,6.48,6.33,6.42,901130
2019-12-02,6.5,6.56,6.43,6.45,1119709
2019-12-03,6.39,6.51,6.37,6.5,882617
2019-12-04,6.45,6.48,6.42,6.48,782859
2019-12-05,6.51,6.66,6.5,6.63,2052589
2019-12-06,6.61,6.68,6.58,6.64,1179793
2019-12-09,6.68,6.68,6.57,6.58,994987
2019-12-10,6.56,6.65,6.53,6.63,1136510
2019-12-11,6.63,6.7,6.59,6.61,1328840
2019-12-12,6.6,6.69,6.59,6.61,1108810
2019-12-13,6.73,7.18,6.71,7.06,4791537
2019-12-16,7.04,7.26,6.99,7.16,3461964
2019-12-17,7.18,7.59,7.12,7.32,4328141
2019-12-18,7.29,7.43,7.26,7.27,2822485
2019-12-19,7.27,7.32,7.14,7.21,1996600
2019-12-20,7.25,7.33,7.12,7.12,2310113
2019-12-23,7.12,7.2,6.95,6.95,1882513
2019-12-24,6.99,7.07,6.98,7.06,1162351
2019-12-25,7.04,7.16,6.99,7.06,1332584
2019-12-26,7.07,7.22,7.04,7.21,1639552
2019-12-27,7.22,7.28,6.98,7.0,2420217
2019-12-30,6.95,7.48,6.92,7.35,3669271
2019-12-31,7.31,7.39,7.27,7.34,2081343
2020-01-02,7.5,7.54,7.37,7.4,3016044
2020-01-03,7.4,7.53,7.37,7.45,1892724
2020-01-06,7.39,7.67,7.37,7.53,2689110
2020-01-07,7.53,7.57,7.39,7.52,2020087
2020-01-08,7.45,7.45,7.23,7.23,2092826
2020-01-09,7.4,7.5,7.39,7.46,2065534
2020-01-10,7.6,7.63,7.46,7.51,2581245
2020-01-13,7.37,7.54,7.3,7.54,2204026
2020-01-14,7.56,7.6,7.38,7.39,1617495
2020-01-15,7.37,7.43,7.31,7.33,1227334
2020-01-16,7.36,7.37,7.3,7.31,931875
2020-01-17,7.35,7.45,7.32,7.33,1135910
2020-01-20,7.33,7.48,7.33,7.47,1492427
2020-01-21,7.41,7.43,7.23,7.26,1722311
2020-01-22,7.21,7.43,7.14,7.39,1888976
2020-01-23,7.26,7.34,6.92,7.01,2444972
2020-02-03,6.28,6.28,6.28,6.28,361203
2020-02-04,6.01,6.38,6.01,6.27,3163301
2020-02-05,6.32,6.58,6.25,6.42,2510474
2020-02-06,6.39,6.86,6.35,6.79,3604743
2020-02-07,6.71,6.83,6.68,6.79,2267482
2020-02-10,6.76,6.92,6.72,6.83,1752240
2020-02-11,6.89,6.94,6.75,6.76,1465764
2020-02-12,6.71,7.01,6.71,6.97,2315963
2020-02-13,6.92,7.0,6.77,6.8,1793530
2020-02-14,6.83,7.39,6.79,7.12,4275734
2020-02-17,7.36,7.47,7.23,7.41,4114007
2020-02-18,7.37,7.45,7.25,7.33,2520141
2020-02-19,7.31,7.54,7.28,7.34,2839204
2020-02-20,7.39,8.1,7.33,8.1,4794105
2020-02-21,8.54,8.93,8.37,8.66,7966523
2020-02-24,8.52,8.98,8.45,8.74,5275290
2020-02-25,8.55,9.45,8.32,9.36,6379796
2020-02-26,9.14,9.48,8.7,8.77,5873584
2020-02-27,8.88,9.13,8.67,8.89,4134498
2020-02-28,8.51,8.67,7.97,8.1,5711879
2020-03-02,8.32,8.69,8.16,8.5,4604523
2020-03-03,8.76,9.07,8.51,8.63,4298307
2020-03-04,8.62,9.05,8.51,9.05,4199615
2020-03-05,9.13,9.71,8.87,9.46,6029906
2020-03-06,9.19,9.3,8.98,8.98,3577783
2020-03-09,8.65,8.86,8.24,8.41,4763156
2020-03-10,8.56,9.0,8.33,8.9,4383229
2020-03-11,8.83,8.87,8.44,8.5,3274860
2020-03-12,8.39,8.59,8.31,8.47,2833131
2020-03-13,8.07,8.56,8.02,8.38,4015042
2020-03-16,8.27,8.38,7.6,7.68,4252991
2020-03-17,7.94,8.0,7.56,7.83,3210659
2020-03-18,7.89,8.05,7.5,7.53,3289019
2020-03-19,7.63,7.91,7.48,7.81,3483067
2020-03-20,7.89,7.94,7.67,7.88,2503254
2020-03-23,7.59,7.72,7.45,7.47,2287452
2020-03-24,7.66,7.81,7.42,7.78,2758469
2020-03-25,7.94,8.05,7.81,7.88,3164924
2020-03-26,7.79,7.9,7.72,7.74,1668375
2020-03-27,7.85,7.98,7.74,7.76,2074626
2020-03-30,7.55,7.7,7.46,7.62,1800253
2020-03-31,7.72,7.72,7.47,7.48,1609576
2020-04-01,7.43,7.65,7.4,7.49,1582558
2020-04-02,7.49,7.76,7.49,7.75,1934677
2020-04-03,7.67,7.69,7.54,7.56,1552487
2020-04-07,7.76,7.89,7.73,7.82,2360240
2020-04-08,7.75,7.87,7.74,7.81,1371525
2020-04-09,7.99,8.33,7.99,8.15,3490227
2020-04-10,8.32,8.32,7.96,8.0,3044294
2020-04-13,7.94,8.26,7.89,8.26,2364837
2020-04-14,8.25,8.5,8.17,8.37,3068790
2020-04-15,8.3,8.37,8.08,8.09,2427733
2020-04-16,8.06,8.3,8.04,8.21,2068866
2020-04-17,8.31,8.43,8.22,8.24,2678493
2020-04-20,8.25,8.39,8.2,8.27,1685547
2020-04-21,8.21,8.21,7.98,8.12,1880075
2020-04-22,8.03,8.18,8.02,8.14,1557752
2020-04-23,8.14,8.15,7.99,8.0,1271065
2020-04-24,8.0,8.07,7.81,7.85,1581927
2020-04-27,7.88,7.96,7.78,7.8,1356463
2020-04-28,7.93,8.18,7.86,8.05,2740120
2020-04-29,8.0,8.26,7.98,8.17,1953266
2020-04-30,8.25,8.56,8.21,8.53,2906978
2020-05-06,8.39,8.63,8.36,8.62,2499949
2020-05-07,8.57,8.64,8.44,8.48,1712024
2020-05-08,8.58,8.82,8.52,8.61,2647392
2020-05-11,8.59,8.71,8.46,8.54,1868459
2020-05-12,8.55,8.61,8.38,8.51,1288661
2020-05-13,8.47,8.58,8.44,8.54,1174428
2020-05-14,8.48,8.51,8.36,8.36,1255429
2020-05-15,8.44,8.49,8.37,8.37,1086825
2020-05-18,8.37,8.55,8.28,8.43,1614241
2020-05-19,8.57,8.65,8.53,8.54,1591316
2020-05-20,8.51,8.54,8.35,8.39,1258916
2020-05-21,8.45,8.47,8.21,8.25,1533815
2020-05-22,8.23,8.26,7.95,7.96,1736694
2020-05-25,7.97,8.02,7.88,7.93,1110198
2020-05-26,7.98,8.14,7.97,8.09,1491861
2020-05-27,8.08,8.08,7.92,7.99,1098265
2020-05-28,8.01,8.22,7.96,8.08,1929887
2020-05-29,8.0,8.07,7.95,8.0,1241351
2020-06-01,8.26,8.78,8.26,8.69,4051409
2020-06-02,8.61,8.74,8.53,8.63,2348540
2020-06-03,8.71,8.81,8.54,8.58,2574609
2020-06-04,8.66,8.71,8.55,8.58,1545104
2020-06-05,8.61,8.66,8.44,8.65,2128776
2020-06-08,8.64,8.69,8.51,8.52,1604705
2020-06-09,8.55,9.08,8.54,8.85,3995624
2020-06-10,8.82,8.92,8.76,8.9,2002836
2020-06-11,8.84,9.27,8.82,8.9,3784165
2020-06-12,8.69,9.17,8.63,9.09,3955943
2020-06-15,9.17,9.57,9.08,9.14,4696225
2020-06-16,9.29,9.44,9.16,9.3,2958863
2020-06-17,9.29,9.33,9.11,9.25,2165595
2020-06-18,9.25,9.69,9.22,9.56,3413248
2020-06-19,9.51,10.5,9.5,10.25,5033270
2020-06-22,10.35,11.06,10.28,10.71,5150885
2020-06-23,10.67,11.1,10.6,11.1,4105510
2020-06-24,11.16,11.19,10.69,10.85,3972450
2020-06-29,10.69,10.8,10.42,10.46,4070772
2020-06-30,10.58,11.53,10.55,11.44,5034168
2020-07-01,11.33,11.53,11.14,11.46,3777696
2020-07-02,11.49,12.58,11.31,12.42,5558449
2020-07-03,12.44,13.32,12.27,12.95,6477531
2020-07-06,13.12,14.19,13.02,14.1,7065356
2020-07-07,14.18,14.21,13.3,13.4,6186423
2020-07-08,13.61,14.76,13.59,14.76,5406811
2020-07-09,14.65,16.06,14.28,15.47,6458102
2020-07-10,14.88,15.14,14.55,14.58,5372058
2020-07-13,14.36,16.02,14.21,15.33,5584334
2020-07-14,15.2,16.64,14.91,16.53,6098026
2020-07-15,16.52,16.9,15.76,15.97,5116369
2020-07-16,15.69,16.41,14.35,14.38,6353932
2020-07-17,14.6,14.83,13.47,14.01,5998573
2020-07-20,14.51,14.96,14.1,14.68,4955148
2020-07-21,14.68,15.12,14.53,14.72,3337410
2020-07-22,14.73,15.87,14.73,15.2,4768179
2020-07-23,15.03,15.69,14.86,15.68,4946598
2020-07-24,15.43,15.48,14.2,14.22,6027185
2020-07-27,14.25,14.51,13.85,14.13,3804887
2020-07-28,14.56,14.57,13.94,14.16,3284567
2020-07-29,14.04,15.23,13.96,15.2,4814257
2020-07-30,15.19,15.19,14.8,14.86,3131479
2020-07-31,14.95,15.58,14.9,15.19,3909435
2020-08-03,15.48,15.87,15.12,15.8,4239866
2020-08-04,15.77,15.87,15.41,15.5,3179228
2020-08-05,15.38,16.11,15.26,15.76,3440294
2020-08-06,15.83,16.72,15.43,16.34,4265314
2020-08-07,15.67,16.07,15.02,15.34,4705861
2020-08-10,14.92,15.58,14.73,15.09,3703228
2020-08-11,15.09,15.31,14.25,14.33,3888313
2020-08-12,14.33,14.53,13.64,14.03,3922415
2020-08-13,14.22,14.51,14.09,14.17,2690759
2020-08-14,14.1,14.49,14.07,14.41,2130912
2020-08-17,14.73,15.28,14.45,14.9,4483350
2020-08-18,14.8,15.16,14.76,14.91,2539947
2020-08-19,14.86,14.99,14.23,14.31,3080310
2020-08-20,14.22,14.6,14.16,14.32,2348480
2020-08-21,14.54,14.91,14.49,14.88,3279599
2020-08-24,15.09,15.14,14.3,14.76,3347115
2020-08-25,14.73,15.67,14.73,15.06,4594711
2020-08-26,14.91,15.0,14.31,14.38,3802808
2020-08-27,14.38,14.66,14.3,14.52,2190247
2020-08-28,14.37,15.16,14.22,14.99,3938031
2020-08-31,15.14,15.48,14.87,14.89,4011827
2020-09-01,14.88,15.02,14.64,14.97,2224581
2020-09-02,14.97,15.41,14.83,15.28,4274028
2020-09-03,15.26,15.49,14.88,14.99,3645316
2020-09-04,14.57,14.84,14.51,14.75,2149343
2020-09-07,14.65,14.75,13.88,13.99,3918534
2020-09-08,14.08,14.39,13.79,14.22,2984329
2020-09-09,14.05,14.16,13.53,13.62,2946334
2020-09-10,13.76,13.91,13.13,13.18,2682266
2020-09-11,13.12,13.39,13.06,13.33,1972874
2020-09-14,13.43,13.55,13.24,13.41,1748980
2020-09-15,13.41,13.51,13.26,13.47,1611337
2020-09-16,13.41,13.55,13.14,13.25,1808677
2020-09-17,13.15,13.51,12.96,13.33,2163033
2020-09-18,13.34,14.51,13.23,14.22,4987027
2020-09-21,14.51,14.6,13.89,13.9,3281346
2020-09-22,13.76,14.3,13.72,13.82,2488017
2020-09-23,13.83,13.91,13.62,13.72,1596236
2020-09-24,13.65,13.86,13.47,13.5,1712759
2020-09-25,13.57,13.81,13.51,13.65,1673965
2020-09-28,13.57,13.68,13.48,13.57,1154536
2020-09-29,13.67,13.92,13.65,13.76,1664096
2020-09-30,13.85,13.91,13.55,13.63,1333172
2020-10-09,13.92,14.16,13.86,14.0,1851024
2020-10-12,14.14,14.91,14.06,14.85,3626723
2020-10-13,14.62,14.91,14.58,14.87,2344240
2020-10-14,14.79,14.84,14.6,14.73,1557384
2020-10-15,14.75,15.02,14.62,14.64,1643782
2020-10-16,14.6,14.87,14.6,14.79,1578491
2020-10-19,15.36,15.38,14.77,14.78,2662700
2020-10-20,14.79,15.3,14.78,15.23,2649678
2020-10-21,15.25,15.26,14.87,15.0,1802025
2020-10-22,14.86,15.08,14.6,14.85,1934488
2020-10-23,14.87,14.93,14.33,14.33,1608702
2020-10-26,14.29,14.3,13.58,13.83,2483321
2020-10-27,13.73,13.91,13.7,13.83,1304907
2020-10-28,13.79,13.95,13.66,13.84,1650810
2020-10-29,13.7,14.0,13.64,13.85,1873138
2020-10-30,13.8,13.9,13.24,13.28,2216718
2020-11-02,13.31,13.61,13.21,13.36,1620045
2020-11-03,13.41,14.07,13.41,13.81,2505100
2020-11-04,13.81,13.88,13.56,13.77,1489749
2020-11-05,14.07,14.31,13.99,14.21,2568407
2020-11-06,14.19,14.4,14.05,14.33,2566596
2020-11-09,14.45,15.71,14.36,15.33,4976593
2020-11-10,15.38,15.57,15.09,15.19,3351616
2020-11-11,15.12,15.19,14.39,14.43,3192197
2020-11-12,14.49,14.64,14.34,14.48,1525108
2020-11-13,14.29,14.3,13.99,14.2,1846812
2020-11-16,14.37,14.38,14.06,14.32,1352636
2020-11-17,14.25,14.31,13.9,14.31,1642766
2020-11-18,14.32,14.58,14.28,14.4,1940357
2020-11-19,14.22,14.84,14.07,14.7,2293720
2020-11-20,14.62,14.79,14.5,14.64,1475076
2020-11-23,14.54,15.33,14.43,14.99,3537628
2020-11-24,14.94,15.08,14.77,14.86,1869732
2020-11-25,14.98,15.19,14.61,14.61,1970441
2020-11-26,14.66,14.94,14.61,14.75,1603029
2020-11-27,14.8,15.2,14.72,15.2,2357849
2020-11-30,15.38,16.65,15.32,15.67,7048939
2020-12-01,15.61,16.87,15.56,16.78,5934118
2020-12-02,16.71,16.86,16.17,16.34,4562378
2020-12-03,16.25,16.79,16.19,16.65,3280127
2020-12-04,16.41,16.44,15.94,16.16,2985108
2020-12-07,16.35,16.35,15.79,15.81,2144658
2020-12-08,15.9,16.22,15.81,15.98,2032886
2020-12-09,15.98,16.09,15.2,15.2,3526752
2020-12-10,15.21,15.42,15.1,15.22,2131434
2020-12-11,15.31,15.35,14.81,15.07,2245268
2020-12-14,15.09,15.23,14.86,15.14,1673878
2020-12-15,15.04,15.35,14.92,15.2,1654953
2020-12-16,15.2,15.2,14.87,14.88,1539095
2020-12-17,14.88,15.65,14.87,15.56,3171901
2020-12-18,15.43,15.51,15.21,15.32,1672064
2020-12-21,15.2,15.8,14.98,15.72,2491196
2020-12-22,15.55,15.66,14.98,14.98,2401110
2020-12-23,14.99,15.43,14.98,15.17,2070593
2020-12-24,15.12,15.4,15.03,15.1,1360582
2020-12-25,15.02,15.46,14.82,15.28,2076573
2020-12-28,15.25,15.96,15.03,15.62,2721738
2020-12-29,15.74,16.22,15.66,15.72,2656113
2020-12-30,15.79,16.52,15.62,16.49,3654981
2020-12-31,16.75,18.14,16.74,17.69,5124712
2021-01-04,18.11,18.71,17.51,18.39,4753363
2021-01-05,18.08,18.85,17.86,18.52,4343684
2021-01-06,18.65,19.39,18.56,18.91,3451764
2021-01-07,18.86,19.84,18.67,19.83,3800119
2021-01-08,19.86,19.98,19.11,19.37,3574477
2021-01-11,19.59,19.62,18.62,18.87,3260141
2021-01-12,18.89,21.85,18.89,21.85,5475892
2021-01-13,21.57,22.58,21.34,22.24,4861276
2021-01-14,21.8,21.8,20.8,20.89,3752196
2021-01-15,20.87,21.44,20.01,20.61,3432782
2021-01-18,20.53,22.25,20.49,21.61,3347527
2021-01-19,21.57,22.12,20.98,21.19,2961310
2021-01-20,21.63,22.16,21.24,21.42,2757280
2021-01-21,21.56,23.22,21.5,22.71,3874405
2021-01-22,22.48,22.75,22.0,22.52,3133269
2021-01-25,22.9,23.23,22.21,22.64,3415284
2021-01-26,22.32,22.32,20.93,20.94,4134623
2021-01-27,21.23,21.63,20.97,21.28,2569396
2021-01-28,20.94,21.33,20.67,20.7,2752711
2021-01-29,20.98,21.23,19.25,20.12,3960243
2021-02-01,20.4,21.03,20.24,20.52,2451385
2021-02-02,20.69,21.13,20.33,21.08,2496447
2021-02-03,20.88,20.98,20.05,20.2,2642309
2021-02-04,19.92,20.54,19.66,20.23,2189554
2021-02-05,20.47,20.8,20.09,20.22,1914609
2021-02-08,20.37,20.73,19.61,20.49,2105165
2021-02-09,20.5,21.96,20.31,21.83,3507620
2021-02-10,21.92,22.15,21.52,22.03,2455296
2021-02-18,22.84,23.0,21.46,21.52,3041722
2021-02-19,21.16,21.45,20.5,21.06,2771892
2021-02-22,21.06,21.06,19.16,19.21,4465949
2021-02-23,19.17,19.61,18.94,19.17,2198850
2021-02-24,19.17,19.33,18.44,18.65,2657414
2021-02-25,18.85,18.91,18.04,18.08,2542642
2021-02-26,17.4,17.82,17.29,17.33,2666232
2021-03-01,17.57,17.95,17.45,17.88,2153681
2021-03-02,17.94,18.08,17.34,17.53,1996310
2021-03-03,17.63,18.17,17.5,18.15,2074022
2021-03-04,17.86,17.86,17.03,17.18,2917881
2021-03-05,16.81,17.8,16.75,17.51,2731960
2021-03-08,17.63,17.77,16.42,16.42,2976504
2021-03-09,16.35,16.57,15.63,15.68,3278948
2021-03-10,16.09,16.2,15.82,15.85,1952509
2021-03-11,15.94,16.58,15.85,16.3,2171990
2021-03-12,16.36,16.47,15.91,16.05,2057802
2021-03-15,15.95,15.96,15.41,15.57,1808120
2021-03-16,15.83,15.83,15.27,15.5,1549589
2021-03-17,15.43,15.78,15.31,15.59,1535358
2021-03-18,15.68,16.33,15.61,16.09,2596500
2021-03-19,15.77,15.81,15.35,15.46,1922100
2021-03-22,15.6,16.01,15.42,15.73,1838636
2021-03-23,15.72,15.83,15.21,15.46,1923290
2021-03-24,15.32,15.86,15.3,15.42,2049522
2021-03-25,15.23,15.68,15.05,15.51,1695968
2021-03-26,15.64,16.17,15.62,16.01,2666896
2021-03-29,16.01,16.29,15.79,15.82,1806242
2021-03-30,15.75,16.04,15.61,15.93,1372136
2021-03-31,15.87,15.87,15.42,15.53,1386863
2021-04-01,15.67,16.11,15.53,16.07,1849181
2021-04-02,16.34,16.63,16.3,16.46,2386359
2021-04-06,16.6,16.74,16.13,16.31,1517262
2021-04-07,16.07,16.12,15.78,15.89,1580704
2021-04-08,15.78,16.2,15.68,16.01,1418614
2021-04-09,15.96,16.05,15.69,15.77,1073043
2021-04-12,15.79,15.97,15.22,15.29,1605496
2021-04-13,15.34,15.62,15.29,15.4,1296413
2021-04-14,15.5,16.19,15.47,16.17,2057631
2021-04-15,15.96,16.27,15.93,16.27,1381111
2021-04-16,16.3,16.43,15.98,16.28,1399281
2021-04-19,16.16,17.26,16.03,17.18,2877403
2021-04-20,16.98,17.32,16.94,16.99,1868420
2021-04-21,16.8,17.28,16.78,17.07,1269480
2021-04-22,17.31,17.65,17.11,17.41,1633340
2021-04-23,17.34,18.29,17.29,18.03,2521035
2021-04-26,18.27,18.39,17.6,17.7,2567584
2021-04-27,17.17,17.63,16.74,17.23,3059493
2021-04-28,17.12,18.32,17.09,18.13,2317616
2021-04-29,18.08,18.7,18.04,18.26,2261600
2021-04-30,18.21,18.67,18.14,18.41,1727811
2021-05-06,18.34,18.44,17.56,17.86,1951785
2021-05-07,18.03,18.07,17.12,17.22,1614686
2021-05-10,17.2,17.29,16.83,17.11,1376235
2021-05-11,16.94,17.69,16.77,17.49,1713750
2021-05-12,17.23,17.42,17.11,17.38,1135110
2021-05-13,17.11,17.66,17.07,17.4,1140029
2021-05-14,17.63,19.94,17.61,19.66,4533815
2021-05-17,19.37,19.86,19.31,19.61,3163581
2021-05-18,19.6,20.31,19.54,19.66,2182176
2021-05-19,19.56,20.64,19.54,20.13,2297210
2021-05-20,20.24,20.86,20.12,20.42,2302025
2021-05-21,20.47,20.47,19.65,19.71,2277526
2021-05-24,20.24,20.63,20.06,20.21,2293172
2021-05-25,20.24,21.91,20.2,21.73,3681035
2021-05-26,21.92,22.04,21.38,21.52,2424144
2021-05-27,21.54,21.87,21.01,21.61,2310737
2021-05-28,21.52,22.29,21.21,21.53,2784336
2021-05-31,21.34,21.87,21.05,21.87,2328290
2021-06-01,21.66,21.79,21.15,21.56,2131901
2021-06-02,21.61,21.77,20.92,21.06,2104028
2021-06-03,21.15,21.97,21.15,21.22,2666024
2021-06-04,21.04,21.99,20.91,21.33,2994960
2021-06-07,21.31,21.73,20.97,21.45,2243388
2021-06-08,21.31,21.76,21.12,21.22,2138615
2021-06-09,21.17,21.38,20.56,20.9,2137573
2021-06-10,20.96,22.01,20.95,21.52,3168016
2021-06-11,21.67,21.86,21.39,21.57,2539991
2021-06-15,21.57,21.67,20.9,21.21,1910801
2021-06-16,21.11,21.36,19.79,19.81,3830795
2021-06-17,19.84,20.59,19.84,20.39,2359380
2021-06-18,20.55,21.09,20.38,20.79,2132171
2021-06-21,21.02,21.37,20.88,21.05,2024753
2021-06-22,21.16,21.24,20.7,21.02,1462617
2021-06-23,21.08,21.48,20.83,21.29,1980095
2021-06-24,21.31,21.44,20.9,20.97,1648187
2021-06-25,21.11,22.84,20.91,22.49,4871876
2021-06-28,22.56,22.64,22.14,22.55,2649544
2021-06-29,22.53,22.53,21.7,21.83,2420876
2021-06-30,21.97,22.77,21.86,22.56,2582297
2021-07-01,23.22,23.31,21.4,21.42,3531828
2021-07-02,21.33,21.33,20.26,20.42,3282944
2021-07-05,20.36,20.61,20.08,20.49,1950734
2021-07-06,20.5,20.69,20.07,20.65,2130202
2021-07-07,20.27,21.15,20.26,20.95,2289475
2021-07-08,21.17,22.09,21.17,21.45,3399633
2021-07-09,21.24,21.79,21.07,21.65,2096197
2021-07-12,22.11,23.11,21.67,22.7,4508550
2021-07-13,22.5,22.74,22.06,22.23,2167412
2021-07-14,22.11,22.6,21.92,22.11,1944698
2021-07-15,22.01,22.97,21.92,22.77,2628816
2021-07-16,22.93,23.03,22.22,22.36,2365988
2021-07-19,22.17,22.56,22.04,22.41,1511340
2021-07-20,22.16,22.64,22.1,22.33,1204853
2021-07-21,22.55,23.94,22.46,23.53,3706942
2021-07-22,23.67,24.23,23.36,24.15,3061140
2021-07-23,24.16,24.85,23.33,23.48,3704324
2021-07-26,23.67,23.72,22.36,22.58,3469323
2021-07-27,23.05,23.13,21.11,21.3,3262217
2021-07-28,21.14,21.51,20.19,20.96,2976611
2021-07-29,21.66,22.32,21.47,22.07,3288425
2021-07-30,21.81,21.97,21.19,21.35,2171747
2021-08-02,21.38,23.3,21.11,22.72,3620731
2021-08-03,22.63,23.57,22.53,22.86,2991645
2021-08-04,22.77,23.31,22.5,23.1,2218573
2021-08-05,23.12,23.12,22.27,22.49,2041567
2021-08-06,22.47,23.06,22.47,22.65,1647063
2021-08-09,22.49,23.24,22.41,22.88,2242187
2021-08-10,22.7,23.2,22.36,23.19,2523806
2021-08-11,23.22,23.38,22.57,22.67,1951506
2021-08-12,22.56,22.7,21.94,22.05,1922758
2021-08-13,21.87,22.47,21.81,22.12,1271960
2021-08-16,22.13,22.7,22.06,22.14,1770362
2021-08-17,21.99,22.69,21.25,21.3,2859724
2021-08-18,21.52,23.26,21.18,22.85,4559161
2021-08-19,22.85,22.98,21.86,22.06,3239069
2021-08-20,21.96,22.39,21.28,21.6,2540795
2021-08-23,21.67,21.98,21.39,21.68,1654203
2021-08-24,21.68,22.62,21.42,22.13,2634518
2021-08-25,22.01,22.02,21.47,21.69,1712897
2021-08-26,21.63,21.9,21.29,21.3,1782440
2021-08-27,21.21,21.58,21.11,21.31,1340909
2021-08-30,21.46,21.52,20.57,20.98,2268280
2021-08-31,20.83,21.49,20.62,21.28,2433945
2021-09-01,21.16,22.49,20.87,21.83,3746785
2021-09-02,21.66,22.21,21.56,21.83,2175635
2021-09-03,22.6,22.73,21.5,21.51,2939773
2021-09-06,21.26,23.05,21.19,22.7,4646168
2021-09-07,22.54,23.95,22.42,23.54,4246770
2021-09-08,23.47,25.31,23.4,24.29,4135628
2021-09-09,24.23,24.56,23.81,24.27,1987842
2021-09-10,24.33,25.12,24.27,24.4,2619173
2021-09-13,24.51,25.34,24.49,24.9,2530003
2021-09-14,25.05,25.23,24.09,24.37,2581823
2021-09-15,24.65,24.65,23.88,24.31,1706942
2021-09-16,24.41,24.45,23.08,23.45,2195665
2021-09-17,23.45,24.06,23.25,23.88,1399441
2021-09-22,23.4,23.95,23.3,23.64,1058159
2021-09-23,24.03,24.44,23.45,23.63,1730172
2021-09-24,23.52,24.11,23.47,23.61,1232022
2021-09-27,23.71,24.15,22.53,22.66,2758941
2021-09-28,22.88,23.93,22.7,23.61,2221979
2021-09-29,23.52,23.53,22.84,23.17,1467155
2021-09-30,23.36,23.85,22.99,23.65,1392954
2021-10-08,23.99,24.36,23.47,23.81,1509779
2021-10-11,23.79,24.27,23.61,23.68,1192236
2021-10-12,23.4,23.42,22.11,22.55,2413653
2021-10-13,22.45,23.01,22.17,22.84,1148320
2021-10-14,22.83,22.95,22.57,22.77,807570
2021-10-15,22.36,23.43,22.3,23.31,1479946
2021-10-18,23.4,23.58,22.88,23.13,1591332
2021-10-19,23.12,23.47,22.86,23.0,1353967
2021-10-20,23.12,23.43,22.93,23.02,1106716
2021-10-21,23.04,23.26,22.64,23.1,1261393
2021-10-22,23.17,23.22,22.85,22.87,966589
2021-10-25,22.88,23.47,22.67,23.36,1599072
2021-10-26,23.24,23.57,23.19,23.33,1323369
2021-10-27,23.26,23.33,22.42,22.63,1831647
2021-10-28,22.5,22.72,22.12,22.22,1391215
2021-10-29,22.15,22.77,22.09,22.63,1321863
2021-11-01,22.43,22.7,22.36,22.43,1032835
2021-11-02,22.39,22.49,21.56,22.01,1673417
2021-11-03,22.15,22.52,22.06,22.32,1117607
2021-11-04,22.53,22.83,22.34,22.4,1070337
2021-11-05,22.29,22.7,22.24,22.52,969142
2021-11-08,22.55,23.22,22.52,22.92,1574916
2021-11-09,22.95,23.1,22.73,23.04,1032316
2021-11-10,22.9,23.2,22.77,23.13,1097271
2021-11-11,23.19,24.47,23.18,24.33,3179946
2021-11-12,24.24,24.72,24.21,24.39,1546947
2021-11-15,24.39,24.76,24.22,24.32,1240530
2021-11-16,24.35,24.52,23.87,23.95,1318847
2021-11-17,24.24,24.47,24.04,24.2,890844
2021-11-18,24.16,24.25,23.7,23.88,839491
2021-11-19,23.81,24.56,23.74,24.24,1428304
2021-11-22,24.3,24.86,24.2,24.69,1678942
2021-11-23,24.67,25.04,24.52,24.57,1363053
2021-11-24,24.53,24.74,24.21,24.29,1076646
2021-11-25,24.37,24.42,23.93,24.02,895672
2021-11-26,23.95,24.11,23.7,23.9,883170
2021-11-29,23.68,23.99,23.65,23.96,1001045
2021-11-30,24.06,24.34,23.69,23.84,918619
2021-12-01,23.81,24.08,23.57,23.91,922120
2021-12-02,23.82,24.13,23.75,24.07,925246
2021-12-03,24.14,24.2,23.4,24.0,1331098
2021-12-06,23.97,25.2,23.96,24.29,2647529
2021-12-07,24.72,24.75,24.13,24.4,1366795
2021-12-08,24.68,24.98,24.39,24.88,1393956
2021-12-09,24.93,26.17,24.74,25.64,2646421
2021-12-10,25.45,25.58,25.24,25.41,1510271
2021-12-13,26.05,27.11,25.89,26.27,2641813
2021-12-14,26.27,26.71,26.16,26.39,1276814
2021-12-15,26.39,27.08,26.31,26.64,1376025
2021-12-16,26.87,26.94,26.29,26.72,977136
2021-12-17,26.63,26.9,26.13,26.13,1481750
2021-12-20,26.17,26.63,25.76,25.88,1512291
2021-12-21,25.88,26.07,25.44,25.96,1066823
2021-12-22,25.83,26.04,25.67,25.72,669789
2021-12-23,25.77,25.9,25.46,25.81,813694
2021-12-24,25.81,26.27,25.61,25.7,762916
2021-12-27,26.02,26.02,25.35,25.46,788464
2021-12-28,25.61,25.95,25.46,25.94,986587
2021-12-29,25.92,25.92,24.96,25.0,1274313
2021-12-30,24.99,25.76,24.72,25.51,1327516
2021-12-31,25.67,25.72,25.36,25.56,793779
2022-01-04,25.65,25.67,24.61,24.69,1388634
2022-01-05,24.75,24.92,23.83,24.14,1917219
2022-01-06,23.89,23.9,23.31,23.37,1998639
2022-01-07,23.53,23.56,23.17,23.22,1215737
2022-01-10,23.06,23.35,22.95,23.07,1088338
2022-01-11,22.97,23.22,22.91,22.98,893460
2022-01-12,23.12,23.26,22.77,23.16,1213729
2022-01-13,23.19,23.31,22.36,22.38,1610760
2022-01-14,22.07,22.49,22.02,22.16,1251405
2022-01-17,22.18,22.81,22.17,22.63,1225401
2022-01-18,22.68,23.01,22.49,22.76,1133414
2022-01-19,23.16,23.36,22.56,22.81,1483438
2022-01-20,22.7,23.4,22.46,23.21,1715073
2022-01-21,23.14,23.24,22.69,22.87,1025776
2022-01-24,22.68,22.99,22.31,22.42,1078118
2022-01-25,22.08,22.36,21.77,21.81,1404188
2022-01-26,22.14,22.48,21.78,22.48,1345790
2022-01-27,22.29,22.56,21.86,21.88,1163350
2022-01-28,22.23,22.28,21.55,21.56,1112060
2022-02-07,22.15,22.38,21.94,22.16,1229368
2022-02-08,22.16,22.27,21.48,22.1,1264105
2022-02-09,22.13,22.52,21.95,22.47,1192718
2022-02-10,22.54,22.63,21.9,22.11,1312559
2022-02-11,22.03,22.33,21.74,21.82,1224639
2022-02-14,21.52,21.67,18.47,18.88,5488675
2022-02-15,18.47,18.87,18.31,18.79,2749549
2022-02-16,18.99,19.27,18.79,18.86,2074721
2022-02-17,18.69,19.13,18.63,18.9,1420360
2022-02-18,18.76,18.79,18.43,18.59,1771748
2022-02-21,18.53,18.61,17.85,17.95,3633193
2022-02-22,17.67,17.76,17.31,17.41,2502259
2022-02-23,17.62,18.15,17.41,18.12,2676884
2022-02-24,17.85,18.28,17.6,17.91,2338316
2022-02-25,18.22,18.6,18.05,18.13,2350372
2022-02-28,17.99,18.42,17.91,18.36,1884733
2022-03-01,18.47,18.92,18.35,18.84,2728678
2022-03-02,18.64,18.7,18.5,18.62,1123371
2022-03-03,18.68,18.81,18.24,18.36,1455123
2022-03-04,18.15,18.44,17.72,17.84,1920698
2022-03-07,17.61,17.62,16.92,17.06,2494210
2022-03-08,17.16,17.4,16.73,17.05,2229400
2022-03-09,17.15,17.21,15.85,16.63,3214849
2022-03-10,17.13,17.38,16.81,16.83,2719643
2022-03-11,16.51,17.18,15.8,16.87,4062661
2022-03-14,16.45,16.63,16.11,16.11,2418177
2022-03-15,15.76,16.46,15.62,15.64,3357902
2022-03-16,15.9,17.49,15.49,17.29,5466488
2022-03-17,17.7,18.17,17.39,17.73,5617217
2022-03-18,17.63,17.91,17.29,17.83,2780825
2022-03-21,17.77,17.77,17.08,17.18,2883179
2022-03-22,17.08,17.53,16.95,17.23,1769956
2022-03-23,17.32,17.49,17.19,17.32,1472350
2022-03-24,17.21,17.61,17.01,17.39,1840421
2022-03-25,17.34,17.45,16.86,16.87,1748652
2022-03-28,16.47,17.01,16.34,16.79,1541132
2022-03-29,16.86,16.99,16.53,16.58,1033941
2022-03-30,16.79,17.9,16.74,17.9,3520017
2022-03-31,17.72,17.72,17.32,17.38,2108911
2022-04-01,17.29,18.11,17.24,17.9,2791168
2022-04-06,17.69,17.89,17.51,17.81,1704404
2022-04-07,17.69,18.15,17.49,17.49,1934747
2022-04-08,17.49,18.08,17.4,17.9,2159817
2022-04-11,17.67,17.67,16.94,16.95,2491409
2022-04-12,16.92,18.17,16.9,17.98,3076923
2022-04-13,17.7,18.26,17.61,17.8,2349526
2022-04-14,18.08,18.67,17.92,18.41,2989752
2022-04-15,18.18,18.76,18.12,18.47,2103918
2022-04-18,18.05,18.22,17.61,18.0,1907583
2022-04-19,17.91,18.24,17.74,17.8,1412020
2022-04-20,17.83,17.97,16.91,17.02,2734165
2022-04-21,16.8,17.55,16.78,17.08,2403235
2022-04-22,16.94,17.56,16.89,17.22,2050650
2022-04-25,16.59,17.52,16.38,17.07,3374015
2022-04-26,17.04,17.64,16.66,17.13,3386017
2022-04-27,16.98,18.05,16.93,17.88,3827277
2022-04-28,17.62,17.75,17.2,17.38,2418651
2022-04-29,17.88,19.04,17.43,18.83,5044526
2022-05-05,18.43,18.76,18.28,18.51,2519567
2022-05-06,18.01,18.24,17.76,17.78,2179166
2022-05-09,17.53,18.05,17.52,17.76,1339861
2022-05-10,17.56,18.23,17.48,18.13,2253886
2022-05-11,18.13,19.05,18.03,18.43,3794936
2022-05-12,18.27,18.98,18.23,18.58,2194966
2022-05-13,18.78,18.83,18.36,18.62,1520960
2022-05-16,18.83,18.96,18.28,18.39,1518007
2022-05-17,18.39,18.66,18.24,18.58,1387187
2022-05-18,18.71,18.76,18.3,18.4,1698599
2022-05-19,18.09,18.38,18.02,18.32,1538775
2022-05-20,18.48,19.07,18.48,18.88,3350107
2022-05-23,18.78,18.94,18.53,18.83,1738904
2022-05-24,18.76,18.89,18.19,18.24,2047009
2022-05-25,18.32,18.38,18.08,18.38,1388438
2022-05-26,18.37,18.8,18.06,18.55,1964134
2022-05-27,18.69,18.8,18.22,18.32,1632035
2022-05-30,18.38,18.45,18.15,18.21,1305754
2022-05-31,18.2,18.83,18.08,18.71,2732800
2022-06-01,18.69,19.04,18.55,18.79,2142553
2022-06-02,18.63,18.96,18.48,18.87,1748413
2022-06-06,18.93,19.84,18.68,19.8,3972070
2022-06-07,19.62,20.21,19.61,19.73,3228045
2022-06-08,19.84,20.05,19.33,19.8,2629804
2022-06-09,19.88,20.32,19.66,19.72,3049848
2022-06-10,19.52,20.13,19.37,20.04,3051901
2022-06-13,19.66,19.99,19.35,19.58,2583917
2022-06-14,19.26,20.64,18.68,20.29,4397581
2022-06-15,20.38,22.01,20.33,20.93,7890019
2022-06-16,20.88,20.89,19.98,20.0,4179376
2022-06-17,19.8,20.41,19.63,20.2,3124096
2022-06-20,20.12,20.59,20.05,20.27,1998024
2022-06-21,20.38,20.42,19.84,20.0,1813428
2022-06-22,20.07,20.21,19.68,19.68,1792103
2022-06-23,19.7,20.69,19.66,20.58,3283725
2022-06-24,20.64,20.97,20.34,20.8,2496951
2022-06-27,21.12,21.5,20.96,21.18,2795919
2022-06-28,21.18,21.61,20.82,21.34,1944556
2022-06-29,21.18,21.48,20.53,20.56,2535962
2022-06-30,20.78,21.31,20.63,21.01,2317304
2022-07-01,21.04,21.29,20.68,20.85,1495664
2022-07-04,20.85,21.22,20.43,21.22,1974406
2022-07-05,21.23,21.39,20.6,20.87,2244581
2022-07-06,20.83,20.83,20.14,20.4,1984746
2022-07-07,20.34,20.55,20.18,20.35,1214486
2022-07-08,20.47,20.5,19.46,19.53,3023683
2022-07-11,19.41,19.46,19.13,19.25,1682796
2022-07-12,19.37,19.5,18.98,19.13,1818321
2022-07-13,19.06,19.25,18.92,19.0,1548278
2022-07-14,18.91,19.11,18.77,18.82,1477843
2022-07-15,18.78,19.08,18.49,18.51,1681500
2022-07-18,18.84,19.43,18.84,19.22,2101363
2022-07-19,19.18,19.38,19.01,19.26,1330812
2022-07-20,19.33,19.38,19.1,19.19,1081839
2022-07-21,19.09,19.23,18.97,18.98,1086576
2022-07-22,19.03,19.25,18.89,19.09,1130472
2022-07-25,19.09,19.1,18.53,18.6,1398057
2022-07-26,18.68,18.85,18.48,18.68,889782
2022-07-27,18.6,18.68,18.48,18.54,1025126
2022-07-28,18.69,19.13,18.69,18.78,1608643
2022-07-29,18.8,18.88,18.35,18.38,1299900
2022-08-01,18.34,18.34,17.78,18.01,1919794
2022-08-02,17.76,17.94,17.28,17.54,2019910
2022-08-03,17.54,17.84,17.31,17.34,1695927
2022-08-04,17.45,17.64,17.37,17.53,1381856
2022-08-05,17.63,18.05,17.47,17.99,1789550
2022-08-08,17.82,17.98,17.78,17.9,1048378
2022-08-09,17.91,18.0,17.78,17.85,1032533
2022-08-10,17.84,17.98,17.52,17.61,1339393
2022-08-11,17.8,19.05,17.73,19.0,4543458
2022-08-12,18.76,19.08,18.62,18.97,2191012
2022-08-15,18.72,19.23,18.68,18.93,1381222
2022-08-16,19.01,19.08,18.88,18.92,957790
2022-08-17,18.92,19.46,18.73,19.33,2311513
2022-08-18,19.18,19.32,19.08,19.08,1182093
2022-08-19,19.11,19.26,18.92,18.93,1076958
2022-08-22,18.88,18.99,18.68,18.73,1254464
2022-08-23,18.72,19.16,18.6,18.79,1420897
2022-08-24,18.73,19.3,18.47,18.53,1943779
2022-08-25,18.59,18.93,18.44,18.85,1504682
2022-08-26,18.83,18.83,18.41,18.5,1324155
2022-08-29,18.18,18.38,18.1,18.29,1026640
2022-08-30,18.31,18.41,17.91,18.14,1350641
2022-08-31,18.01,18.66,17.98,18.34,1667694
2022-09-01,18.22,18.36,18.03,18.08,937966
2022-09-02,18.22,18.3,17.88,18.09,892838
2022-09-05,17.96,18.13,17.88,18.11,728669
2022-09-06,18.18,18.53,18.14,18.48,1414990
2022-09-07,18.37,18.44,18.24,18.32,869646
2022-09-08,18.43,18.58,18.35,18.36,1043262
2022-09-09,18.41,18.93,18.34,18.73,1866476
2022-09-13,18.84,19.03,18.72,18.73,1140803
2022-09-14,18.46,18.64,18.34,18.48,1051333
2022-09-15,18.63,18.88,18.29,18.47,1394099
2022-09-16,18.34,18.47,15.88,16.46,6882529
2022-09-19,16.1,16.15,15.73,15.79,2806398
2022-09-20,15.88,16.12,15.72,15.92,1789546
2022-09-21,15.73,15.74,15.33,15.59,2340389
2022-09-22,15.31,15.56,15.23,15.31,2002263
2022-09-23,15.27,15.48,15.05,15.18,1681130
2022-09-26,14.97,15.25,14.88,14.96,1643916
2022-09-27,15.05,15.23,14.93,15.22,1461164
2022-09-28,15.08,15.21,14.72,14.73,1829959
2022-09-29,14.91,14.98,14.63,14.68,1557086
2022-09-30,14.76,14.92,14.52,14.53,1281509
2022-10-10,14.53,14.62,14.19,14.26,1287965
2022-10-11,14.35,14.59,14.16,14.33,1315065
2022-10-12,14.28,14.78,14.16,14.78,1716494
2022-10-13,14.55,14.79,14.52,14.6,1256004
2022-10-14,14.8,15.22,14.73,14.95,2362150
2022-10-17,14.83,15.16,14.77,15.08,1452239
2022-10-18,15.21,15.24,14.91,14.99,1255581
2022-10-19,14.96,15.03,14.63,14.63,1491768
2022-10-20,14.52,15.03,14.45,14.69,1663694
2022-10-21,15.09,15.16,14.7,14.74,1872831
2022-10-24,14.72,15.13,14.02,14.08,3242994
2022-10-25,13.93,14.01,12.76,12.79,5446459
2022-10-26,12.85,13.28,12.68,12.97,3852984
2022-10-27,12.97,13.63,12.93,13.22,3435851
2022-10-28,13.03,13.21,12.55,12.65,2648982
2022-10-31,12.56,13.05,12.53,12.85,1957692
2022-11-01,12.85,13.34,12.76,13.34,3334801
2022-11-02,13.2,13.61,13.11,13.38,3165460
2022-11-03,13.18,13.38,13.15,13.27,1651824
2022-11-04,13.22,14.4,13.22,14.17,4725072
2022-11-07,14.03,14.33,13.98,14.23,2218536
2022-11-08,14.23,14.3,14.03,14.16,1388170
2022-11-09,14.13,14.26,14.02,14.03,1393530
2022-11-10,13.87,14.17,13.76,14.07,1831724
2022-11-11,14.7,15.21,14.4,14.83,5276411
2022-11-14,15.02,15.33,14.84,14.92,3855750
2022-11-15,14.88,15.9,14.78,15.73,4362496
2022-11-16,15.63,15.77,15.26,15.32,2932293
2022-11-17,15.22,15.34,15.01,15.34,1913388
2022-11-18,15.33,15.4,14.99,15.01,1756100
2022-11-21,14.84,14.85,14.43,14.68,2049948
2022-11-22,14.72,15.05,14.67,14.78,1809041
2022-11-23,14.73,14.96,14.62,14.73,1182014
2022-11-24,15.05,15.08,14.65,14.68,1102469
2022-11-25,14.64,15.02,14.63,14.78,1329645
2022-11-28,14.34,14.43,14.12,14.39,1880110
2022-11-29,14.51,15.59,14.48,15.36,4028304
2022-11-30,15.26,15.44,15.15,15.26,1995145
2022-12-01,15.72,16.3,15.7,15.7,3659992
2022-12-02,15.71,15.91,15.43,15.62,1853206
2022-12-05,15.93,16.42,15.86,16.4,3556049
2022-12-06,16.26,16.91,16.23,16.48,2552980
2022-12-07,16.43,16.75,16.2,16.43,1819780
2022-12-08,16.49,16.58,16.34,16.51,1495886
2022-12-09,16.51,17.13,16.37,16.99,2803555
2022-12-12,16.84,16.88,16.32,16.33,1902925
2022-12-13,16.33,16.53,16.31,16.35,924323
2022-12-14,16.43,16.72,16.34,16.62,1289290
2022-12-15,16.45,16.55,16.2,16.25,1245406
2022-12-16,16.16,16.32,16.07,16.18,1265524
2022-12-19,16.23,16.46,15.46,15.63,2269367
2022-12-20,15.63,15.71,15.29,15.43,1282918
2022-12-21,15.47,15.75,15.44,15.55,1080798
2022-12-22,15.72,15.96,15.51,15.63,1259258
2022-12-23,15.48,15.88,15.43,15.7,963725
2022-12-26,15.74,15.79,15.4,15.7,1084472
2022-12-27,15.89,16.15,15.7,16.05,1759408
2022-12-28,15.94,16.13,15.88,15.94,1087661
2022-12-29,15.82,16.04,15.61,15.98,1052446
2022-12-30,16.03,16.21,15.99,16.01,996149
2023-01-03,15.83,15.96,15.18,15.9,2251739
2023-01-04,15.83,16.22,15.8,15.97,1300907
2023-01-05,16.18,16.85,16.15,16.82,3153216
2023-01-06,16.76,17.01,16.68,16.82,1669262
2023-01-09,16.96,17.63,16.93,17.4,2489792
2023-01-10,17.38,17.76,17.26,17.34,1821270
2023-01-11,17.46,17.8,17.23,17.27,1533638
2023-01-12,17.38,17.5,17.18,17.43,1125178
2023-01-13,17.51,17.97,17.38,17.97,2117860
2023-01-16,18.03,19.35,18.01,18.61,4385628
2023-01-17,18.52,18.91,18.47,18.84,1827773
2023-01-18,18.6,19.08,18.6,18.73,1367117
2023-01-19,18.72,19.3,18.6,19.29,1899054
2023-01-20,19.24,19.26,18.93,19.2,1504011
2023-01-30,19.81,19.91,18.77,18.93,2524456
2023-01-31,18.94,19.1,18.45,18.58,2001233
2023-02-01,18.7,19.31,18.52,19.31,2000132
2023-02-02,19.41,19.48,18.76,18.76,2670149
2023-02-03,18.64,18.88,18.46,18.66,1461973
2023-02-06,18.34,18.44,17.72,18.11,2091384
2023-02-07,18.22,18.31,18.09,18.26,1080976
2023-02-08,18.26,18.3,17.93,17.95,1122943
2023-02-09,17.93,18.44,17.89,18.38,1535034
2023-02-10,18.32,18.42,18.04,18.15,1073331
2023-02-13,18.05,18.36,17.97,18.33,1155853
2023-02-14,18.37,18.4,18.02,18.21,937972
2023-02-15,18.18,18.25,17.88,17.89,1198102
2023-02-16,17.93,18.4,17.59,17.8,2256336
2023-02-17,17.68,17.84,17.28,17.3,1563464
2023-02-20,17.47,18.25,17.41,18.17,2196908
2023-02-21,18.08,18.42,18.07,18.28,1387650
2023-02-22,18.15,18.26,17.86,17.97,1179010
2023-02-23,17.95,18.36,17.95,18.01,1319901
2023-02-24,18.05,18.08,17.18,17.26,2764277
2023-02-27,17.02,17.21,16.84,17.03,1220632
2023-02-28,17.16,17.31,16.98,17.28,1071220
2023-03-01,17.28,17.68,17.18,17.58,1755123
2023-03-02,17.48,17.56,17.35,17.4,918192
2023-03-03,17.52,17.72,17.3,17.63,1230575
2023-03-06,17.62,17.62,17.22,17.31,1196200
2023-03-07,17.23,17.34,16.55,16.56,2414698
2023-03-08,16.55,16.67,16.43,16.63,1143909
2023-03-09,16.65,16.69,16.39,16.51,1187760
2023-03-10,16.36,16.65,16.34,16.41,1203697
2023-03-13,16.31,16.63,16.31,16.59,1028447
2023-03-14,16.53,16.59,16.18,16.48,1120041
2023-03-15,16.63,16.8,16.52,16.52,1105883
2023-03-16,16.43,16.53,16.23,16.28,1196962
2023-03-17,16.51,16.97,16.51,16.77,2252594
2023-03-20,16.71,16.88,16.44,16.49,1593085
2023-03-21,16.59,16.76,16.48,16.66,1337358
2023-03-22,16.63,16.7,15.47,15.68,5159513
2023-03-23,15.47,16.16,15.44,16.13,2833338
2023-03-24,16.41,16.76,16.35,16.71,3293770
2023-03-27,16.57,17.43,16.57,17.03,3661212
2023-03-28,16.88,16.98,16.33,16.45,2178111
2023-03-29,16.51,16.63,16.36,16.48,1344564
2023-03-30,16.48,16.63,16.2,16.54,1531143
2023-03-31,16.51,16.63,16.31,16.53,1680317
2023-04-03,16.55,19.05,16.53,18.92,9340107
2023-04-04,19.01,19.71,18.54,18.76,6342572
2023-04-06,18.35,18.53,17.93,18.2,3700880
2023-04-07,18.3,18.89,18.07,18.55,3333930
2023-04-10,18.78,18.95,17.91,17.99,3128824
2023-04-11,18.13,18.43,17.76,17.98,2663732
2023-04-12,18.17,18.72,17.97,18.32,3136660
2023-04-13,18.1,18.18,17.73,17.82,2272568
2023-04-14,17.83,17.97,17.58,17.83,1880560
2023-04-17,17.68,18.23,17.68,18.03,2992301
2023-04-18,18.02,18.27,17.84,17.93,2582802
2023-04-19,17.79,17.85,17.56,17.59,2362169
2023-04-20,17.58,17.88,17.37,17.87,2466300
2023-04-21,17.75,17.8,16.91,16.93,3338189
2023-04-24,16.45,16.55,15.73,15.9,4728879
2023-04-25,15.9,16.12,15.66,15.98,2742465
2023-04-26,15.85,15.93,15.59,15.76,2082213
2023-04-27,15.7,15.75,15.25,15.58,2837098
2023-04-28,15.65,16.25,15.61,15.99,2701298
2023-05-04,15.84,16.03,15.63,15.87,2148450
2023-05-05,15.89,16.3,15.81,15.9,3055662
2023-05-08,15.85,16.25,15.56,16.02,3603943
2023-05-09,16.07,17.32,15.86,16.47,7206104
2023-05-10,16.2,16.35,15.85,16.02,3375762
2023-05-11,16.0,16.14,15.92,15.96,1834056
2023-05-12,15.9,15.96,15.5,15.52,2359488
2023-05-15,15.45,16.0,15.32,15.98,2469200
2023-05-16,15.95,16.07,15.75,15.79,1690145
2023-05-17,15.71,15.86,15.62,15.72,1366136
2023-05-18,15.72,15.83,15.56,15.63,1532614
2023-05-19,15.55,15.73,15.44,15.59,1290839
2023-05-22,15.6,15.73,15.52,15.68,1184708
2023-05-23,15.69,15.7,15.5,15.51,1103844
2023-05-24,15.42,15.5,15.23,15.23,1798139
2023-05-25,15.16,15.31,14.8,15.0,2568678
2023-05-26,15.0,15.13,14.88,15.04,1252597
2023-05-29,15.0,15.08,14.42,14.51,3264339
2023-05-30,14.48,14.53,14.01,14.33,3586647
2023-05-31,14.27,14.32,13.91,13.92,2936247
2023-06-01,13.92,14.29,13.88,14.1,2614688
2023-06-02,14.1,14.46,14.08,14.42,2372385
2023-06-05,14.37,14.43,14.25,14.33,1491338
2023-06-06,14.3,14.42,14.04,14.06,1956850
2023-06-07,14.09,14.38,14.09,14.19,1736205
2023-06-08,14.13,14.48,14.03,14.36,1993055
2023-06-09,14.31,14.32,14.03,14.13,2290531
2023-06-12,14.06,14.15,13.9,14.06,2126002
2023-06-13,14.01,14.35,14.01,14.27,2341515
2023-06-14,14.3,14.48,14.13,14.16,2432372
2023-06-15,14.2,14.58,14.17,14.55,3931120
2023-06-16,14.6,14.8,14.44,14.76,3394753
2023-06-19,14.75,14.81,14.55,14.63,2604701
2023-06-20,14.58,14.85,14.55,14.64,2332800
2023-06-21,14.6,14.67,14.2,14.2,2453883
2023-06-26,13.99,14.13,13.88,13.91,2124669
2023-06-27,13.91,14.12,13.9,14.06,1402170
2023-06-28,14.05,14.08,13.82,14.0,1493220
2023-06-29,13.95,14.03,13.88,13.91,1379507
2023-06-30,13.88,14.24,13.86,14.1,2049650
2023-07-03,14.16,14.43,14.09,14.35,1937520
2023-07-04,14.3,14.39,14.2,14.35,1543013
2023-07-05,14.31,14.31,14.13,14.14,1209021
2023-07-06,14.1,14.2,13.99,14.0,1326506
2023-07-07,13.95,14.1,13.88,13.92,1740801
2023-07-10,13.99,14.15,13.95,13.99,1395999
2023-07-11,14.02,14.09,13.96,14.08,1240160
2023-07-12,14.07,14.15,13.87,13.9,1749097
2023-07-13,13.98,14.42,13.97,14.39,4049041
2023-07-14,14.33,14.44,14.29,14.31,1700330
2023-07-17,14.26,14.26,14.06,14.14,1345235
2023-07-18,14.16,14.29,14.12,14.21,1156918
2023-07-19,14.15,14.29,14.13,14.27,1201509
2023-07-20,14.35,14.39,14.11,14.12,1446584
2023-07-21,14.06,14.23,14.03,14.11,1262649
2023-07-24,14.01,14.11,13.97,13.99,1243442
2023-07-25,14.71,15.17,14.52,15.0,8265865
2023-07-26,14.88,14.93,14.61,14.74,3468211
2023-07-27,14.82,14.88,14.54,14.57,2215562
2023-07-28,14.51,16.25,14.46,16.04,10512915
2023-07-31,16.3,16.61,15.94,15.98,8878070
2023-08-01,15.78,16.23,15.69,15.81,4611943
2023-08-02,15.75,16.54,15.72,16.07,5157661
2023-08-03,16.27,16.86,15.98,16.82,6824017
2023-08-04,17.4,17.8,16.85,16.86,11552852
2023-08-07,16.43,16.77,16.32,16.63,5190368
2023-08-08,16.46,16.95,16.05,16.52,5235445
2023-08-09,16.41,16.83,16.41,16.47,2972261
2023-08-10,16.43,16.9,16.43,16.87,4335257
2023-08-11,16.61,16.62,15.99,16.02,5833319
2023-08-14,15.6,15.99,15.53,15.79,3453465
2023-08-15,15.7,16.47,15.7,16.41,4802575
2023-08-16,16.09,16.7,15.98,16.16,4107085
2023-08-17,16.04,16.25,15.74,16.13,3674175
2023-08-18,16.15,16.5,15.95,15.97,3055414
2023-08-21,15.68,15.8,15.22,15.26,4272099
2023-08-22,15.4,15.77,15.22,15.56,3267280
2023-08-23,15.4,15.48,15.24,15.24,2001232
2023-08-24,15.38,15.82,15.33,15.52,3049335
2023-08-25,15.6,15.86,15.56,15.69,2794987
2023-08-28,18.3,18.3,16.22,16.3,11969649
2023-08-29,16.05,16.87,15.86,16.56,6788413
2023-08-30,16.37,16.44,16.08,16.12,4054001
2023-08-31,16.1,16.23,15.77,15.77,2781441
2023-09-01,15.89,16.1,15.79,15.88,2270338
2023-09-04,15.95,16.08,15.74,16.0,2313356
2023-09-05,15.89,15.9,15.74,15.79,1725334
2023-09-06,15.71,15.72,15.47,15.63,2008972
2023-09-07,15.6,15.76,15.5,15.54,1782047
2023-09-08,15.5,15.65,15.38,15.58,1474619
2023-09-11,15.58,15.85,15.43,15.72,2285210
2023-09-12,15.65,15.66,15.49,15.5,1489527
2023-09-13,15.47,15.55,15.21,15.28,1628437
2023-09-14,15.33,15.37,15.21,15.31,1173508
2023-09-15,15.36,15.44,15.23,15.29,1362365
2023-09-18,15.21,15.42,15.08,15.3,1295227
2023-09-19,15.27,15.32,15.12,15.21,1221512
2023-09-20,15.17,15.27,15.11,15.15,970491
2023-09-21,15.11,15.24,14.82,14.85,1732893
2023-09-22,14.79,15.5,14.79,15.46,2858320
2023-09-25,15.3,15.3,15.05,15.1,1736819
2023-09-26,15.09,15.17,15.04,15.07,1101226
2023-09-27,15.05,15.18,15.03,15.08,1204064
2023-09-28,15.15,15.19,15.05,15.1,1020500
2023-10-09,14.98,15.11,14.8,15.02,1339213
2023-10-10,15.11,15.23,15.02,15.03,1141528
2023-10-11,15.12,15.25,15.03,15.13,1381747
2023-10-12,15.45,15.49,15.21,15.27,1663004
2023-10-13,15.11,15.17,14.98,15.03,1192366
2023-10-16,15.04,15.06,14.81,14.86,1290502
2023-10-17,14.89,15.18,14.83,15.03,1515680
2023-10-18,14.9,15.05,14.86,14.92,1074030
2023-10-19,14.85,15.13,14.85,14.87,1741288
2023-10-20,14.7,14.98,14.65,14.86,1304164
2023-10-23,14.76,14.82,14.28,14.44,1961021
2023-10-24,14.51,15.01,14.46,14.89,2410383
2023-10-25,15.02,15.03,14.78,14.81,1727812
2023-10-26,14.71,14.79,14.59,14.74,1327067
2023-10-27,14.62,15.04,14.59,14.96,1823655
2023-10-30,14.86,15.14,14.83,15.09,1924073
2023-10-31,15.04,15.28,15.0,15.17,1773755
2023-11-01,15.25,15.39,15.07,15.09,1214711
2023-11-02,15.13,15.21,14.95,14.95,1159270
2023-11-03,15.01,15.32,14.99,15.26,1857262
2023-11-06,15.55,15.83,15.42,15.69,3426303
2023-11-07,15.58,15.69,15.51,15.57,2135179
2023-11-08,15.56,15.63,15.36,15.47,1687787
2023-11-09,15.47,15.57,15.42,15.44,1133652
2023-11-10,15.37,15.49,15.28,15.33,1199589
2023-11-13,15.35,15.39,15.26,15.34,1144866
2023-11-14,15.37,15.66,15.33,15.45,2094393
2023-11-15,15.62,15.68,15.41,15.44,1676611
2023-11-16,15.4,15.46,15.18,15.19,1393874
2023-11-17,15.18,15.25,15.1,15.2,1075429
2023-11-20,15.19,15.2,14.95,15.15,1314325
2023-11-21,15.21,15.36,15.1,15.1,1579497
2023-11-22,15.05,15.13,14.9,14.9,1254261
2023-11-23,14.9,14.96,14.81,14.95,990125
2023-11-24,14.93,14.93,14.75,14.78,1048540
2023-11-27,14.71,14.77,14.6,14.72,1035228
2023-11-28,14.7,14.78,14.62,14.71,914778
2023-11-29,14.73,14.76,14.5,14.53,991342
2023-11-30,14.57,14.66,14.49,14.54,957279
2023-12-01,14.54,14.67,14.39,14.62,1281620
2023-12-04,14.6,14.77,14.52,14.62,1183503
2023-12-05,14.59,14.59,14.37,14.38,1189256
2023-12-06,14.35,14.44,14.27,14.31,1144145
2023-12-07,14.26,14.43,14.22,14.36,1086575
2023-12-08,14.35,14.42,14.25,14.27,1146095
2023-12-11,14.2,14.55,14.03,14.48,2025994
2023-12-12,14.4,14.49,14.35,14.41,1013974
2023-12-13,14.39,14.39,14.08,14.08,1245173
2023-12-14,14.17,14.25,14.03,14.05,950403
2023-12-15,14.1,14.24,14.03,14.08,1060131
2023-12-18,14.03,14.19,14.01,14.06,1063940
2023-12-19,14.05,14.14,13.96,14.07,1081583
2023-12-20,14.07,14.1,13.75,13.76,1386244
2023-12-21,13.7,13.93,13.6,13.82,1260294
2023-12-22,13.79,13.91,13.66,13.79,1162806
2023-12-25,13.76,13.82,13.71,13.76,678999
2023-12-26,13.76,13.79,13.55,13.59,859582
2023-12-27,13.59,13.64,12.91,13.32,2342975
2023-12-28,13.25,14.0,13.22,13.86,2523412
2023-12-29,13.81,14.01,13.8,13.94,1520285
2024-01-02,13.94,13.95,13.69,13.7,1064376
2024-01-03,13.71,13.76,13.46,13.61,1213635
2024-01-04,13.6,13.61,13.3,13.36,1374692
2024-01-05,13.34,13.51,13.12,13.18,1433099
2024-01-08,13.11,13.24,12.93,12.97,1419888
2024-01-09,12.97,13.13,12.87,13.0,1188095
2024-01-10,12.93,13.09,12.81,12.88,1119933
2024-01-11,12.86,13.16,12.78,13.07,1590514
2024-01-12,13.0,13.07,12.85,12.85,1277011
2024-01-15,12.78,12.98,12.71,12.73,1189663
2024-01-16,12.69,12.86,12.5,12.83,1813376
2024-01-17,12.72,12.74,12.33,12.33,1874319
2024-01-18,12.22,12.78,12.18,12.72,2794326
2024-01-19,12.61,12.7,12.53,12.6,1448930
2024-01-22,12.57,12.68,12.2,12.31,2034770
2024-01-23,12.32,12.74,12.26,12.61,2173214
2024-01-24,12.7,13.28,12.45,13.17,3567731
2024-01-25,13.0,13.42,12.93,13.25,3201998
2024-01-26,13.15,13.26,12.99,13.02,2395878
2024-01-29,13.02,13.11,12.72,12.72,1709190
2024-01-30,12.62,12.8,12.44,12.46,1592304
2024-01-31,12.42,12.59,12.34,12.38,1583445
2024-02-01,12.32,12.79,12.31,12.59,2008944
2024-02-02,12.56,12.66,11.99,12.35,2435755
2024-02-05,12.2,12.53,11.73,12.23,2862609
2024-02-06,12.09,13.18,12.02,13.1,3376731
2024-02-07,12.94,13.17,12.92,13.03,2872257
2024-02-08,13.2,13.37,13.13,13.17,2748025
2024-02-19,13.25,13.25,12.93,13.13,1991514
2024-02-20,13.08,13.36,13.02,13.24,2165076
2024-02-21,13.13,13.99,13.07,13.52,4185012
2024-02-22,13.4,13.72,13.37,13.63,2535117
2024-02-23,13.65,13.72,13.55,13.63,2053785
2024-02-26,13.63,13.66,13.44,13.45,2034038
2024-02-27,13.65,13.93,13.6,13.92,3461022
2024-02-28,14.09,14.26,13.53,13.54,4248433
2024-02-29,13.53,13.97,13.5,13.94,3145819
2024-03-01,13.89,14.07,13.73,13.9,2853508
2024-03-04,13.85,13.87,13.65,13.73,1943817
2024-03-05,13.67,13.77,13.61,13.64,1683969
2024-03-06,13.63,13.88,13.6,13.69,1858425
2024-03-07,13.65,13.78,13.45,13.47,1975334
2024-03-08,13.48,13.56,13.36,13.46,1344551
2024-03-11,13.49,13.69,13.42,13.69,2082205
2024-03-12,13.75,13.98,13.68,13.86,2887106
2024-03-13,13.84,13.85,13.61,13.67,1953198
2024-03-14,13.62,13.77,13.44,13.53,1640365
2024-03-15,13.53,13.61,13.38,13.56,1657301
2024-03-18,13.6,13.97,13.57,13.87,3225804
2024-03-19,13.8,13.8,13.61,13.61,2052849
2024-03-20,13.59,13.68,13.52,13.62,1545079
2024-03-21,13.66,13.96,13.66,13.74,2932438
2024-03-22,13.69,13.7,13.45,13.45,2143480
2024-03-25,13.29,13.42,13.05,13.07,2070163
2024-03-26,13.05,13.15,12.92,13.04,1442902
2024-03-27,13.0,13.01,12.69,12.69,1564381
2024-03-28,12.66,12.96,12.66,12.78,1507826
2024-03-29,12.73,12.8,12.66,12.79,1142306
2024-04-01,12.94,13.04,12.93,12.99,1434979
2024-04-02,12.99,13.01,12.81,12.85,1197352
2024-04-03,12.82,12.86,12.7,12.71,1087907
2024-04-08,12.6,12.61,12.41,12.43,1436062
2024-04-09,12.44,12.55,12.41,12.51,897314
2024-04-10,12.51,12.52,12.24,12.32,1233379
2024-04-11,12.23,12.38,12.18,12.22,1190300
2024-04-12,12.24,12.27,11.97,12.0,1385027
2024-04-15,12.01,12.59,11.99,12.35,2566215
2024-04-16,12.25,12.42,12.09,12.14,1739267
2024-04-17,12.19,12.46,12.14,12.43,1976849
2024-04-18,12.38,12.65,12.3,12.37,2218064
2024-04-19,12.29,12.4,12.21,12.23,1261704
2024-04-22,12.25,12.43,12.22,12.28,1041480
2024-04-23,12.31,12.44,12.3,12.38,1081515
2024-04-24,12.37,12.41,12.27,12.39,1149046
2024-04-25,12.34,12.42,12.2,12.29,1200561
2024-04-26,12.59,13.14,12.45,13.06,4877064
2024-04-29,12.99,13.32,12.92,13.19,4181879
2024-04-30,13.09,13.23,12.98,12.99,2034359
2024-05-06,13.22,13.51,13.15,13.19,2972697
2024-05-07,13.15,13.21,13.07,13.12,1623536
2024-05-08,13.1,13.12,12.86,12.9,1431148
2024-05-09,12.91,13.11,12.91,13.02,1408171
2024-05-10,13.03,13.13,12.93,13.05,1593608
2024-05-13,12.98,13.08,12.79,12.95,1622576
2024-05-14,12.95,13.04,12.87,12.99,1423154
2024-05-15,13.04,13.05,12.63,12.65,1985982
2024-05-16,12.71,12.97,12.64,12.76,1967218
2024-05-17,12.71,13.03,12.7,13.01,1842245
2024-05-20,12.95,13.23,12.93,13.04,2158011
2024-05-21,12.99,13.13,12.93,12.98,1358674
2024-05-22,12.95,13.05,12.91,12.99,1149878
2024-05-23,12.93,12.94,12.65,12.7,1621191
2024-05-24,12.66,12.72,12.44,12.47,1373055
2024-05-27,12.46,12.63,12.42,12.61,1123950
2024-05-28,12.55,12.65,12.46,12.47,892250
2024-05-29,12.47,12.57,12.38,12.43,827952
2024-05-30,12.37,12.44,12.33,12.38,871857
2024-05-31,12.44,12.53,12.35,12.35,1015521
2024-06-03,12.27,12.34,12.16,12.24,1279313
2024-06-04,12.23,12.36,12.2,12.33,1175316
2024-06-05,12.31,12.41,12.25,12.3,981507
2024-06-06,12.31,12.37,12.18,12.2,1225253
2024-06-07,12.24,12.3,11.9,12.1,1500355
2024-06-11,12.03,12.16,11.99,12.06,1027172
2024-06-12,12.05,12.25,12.02,12.12,1121418
2024-06-13,12.12,12.2,12.08,12.11,927012
2024-06-14,12.08,12.35,11.97,12.28,2337721
2024-06-17,12.16,12.31,12.13,12.28,1265781
2024-06-18,12.29,12.38,12.26,12.32,1265352
2024-06-19,12.33,12.33,12.1,12.13,1041772
2024-06-20,12.12,12.13,11.88,11.88,1477666
2024-06-21,11.89,11.99,11.79,11.88,1174194
2024-06-24,11.79,11.91,11.74,11.74,1113826
2024-06-25,11.72,11.78,11.45,11.48,1523402
2024-06-26,11.45,11.67,11.38,11.63,1193790
2024-06-27,11.56,11.57,11.28,11.28,1284323
2024-06-28,11.26,11.38,10.29,10.5,4166152
2024-07-01,10.42,10.67,10.27,10.41,2408741
2024-07-02,10.43,10.51,10.17,10.21,2214498
2024-07-03,10.22,10.32,9.94,10.2,2719517
2024-07-04,10.17,10.3,10.07,10.07,1506043
2024-07-05,10.05,10.22,10.0,10.15,1458826
2024-07-08,10.09,10.13,9.87,9.9,1644105
2024-07-09,9.92,10.15,9.81,10.07,2138943
2024-07-10,10.0,10.24,9.97,10.06,1524608
2024-07-11,10.24,10.53,10.17,10.37,2540237
2024-07-12,10.35,10.41,10.26,10.3,1276222
2024-07-15,10.25,10.34,10.21,10.27,988324
2024-07-16,10.28,10.42,10.23,10.39,1339593
2024-07-17,10.39,10.53,10.36,10.44,1507446
2024-07-18,10.41,10.53,10.31,10.48,1484562
2024-07-19,10.42,10.69,10.42,10.64,1791080
2024-07-22,10.8,10.84,10.51,10.63,1939132
2024-07-23,10.56,10.61,10.28,10.29,1589709
2024-07-24,10.27,10.31,10.05,10.08,1618385
2024-07-25,10.05,10.27,10.02,10.21,1464041
2024-07-26,10.22,10.59,10.2,10.46,1627670
2024-07-29,10.41,10.46,10.33,10.34,911294
2024-07-30,10.3,10.38,10.24,10.32,1048107
2024-07-31,10.34,11.33,10.32,11.08,4844677
2024-08-01,10.94,11.06,10.88,10.92,2455328
2024-08-02,10.87,11.02,10.67,10.72,1789986
2024-08-05,10.64,10.99,10.63,10.67,2095202
2024-08-06,10.81,10.86,10.56,10.69,1588950
2024-08-07,10.65,10.77,10.56,10.62,1214322
2024-08-08,10.58,10.82,10.51,10.61,1593420
2024-08-09,10.67,10.7,10.4,10.4,1553363
2024-08-12,10.47,10.63,10.42,10.49,1401138
2024-08-13,10.5,10.67,10.41,10.66,1428034
2024-08-14,10.59,10.69,10.58,10.59,1242392
2024-08-15,10.56,10.77,10.55,10.61,2335212
2024-08-16,10.55,10.59,10.46,10.51,1328058
2024-08-19,10.49,10.65,10.47,10.55,1132544
2024-08-20,10.55,10.6,10.44,10.46,1216429
2024-08-21,10.41,10.5,10.37,10.45,782955
2024-08-22,10.49,10.52,10.12,10.13,1691114
2024-08-23,10.14,10.32,10.13,10.24,1355242
2024-08-26,10.24,10.36,10.21,10.27,945201
2024-08-27,10.24,10.26,10.11,10.15,824313
2024-08-28,10.12,10.2,10.05,10.16,839135
2024-08-29,10.13,10.38,10.12,10.33,1353469
2024-08-30,10.33,10.9,10.29,10.74,3452666
2024-09-02,10.68,10.72,10.33,10.34,2016130
2024-09-03,10.29,10.47,10.28,10.4,1308935
2024-09-04,10.3,10.51,10.29,10.4,1125029
2024-09-05,10.41,10.64,10.41,10.59,1488531
2024-09-06,10.74,10.82,10.48,10.5,2165132
2024-09-09,10.42,10.59,10.36,10.49,1309104
2024-09-10,10.5,10.54,10.29,10.46,1225407
2024-09-11,10.42,10.51,10.4,10.47,940124
2024-09-12,10.47,10.53,10.37,10.39,968416
2024-09-13,10.39,10.48,10.32,10.32,968291
2024-09-18,10.34,10.41,10.25,10.37,928580
2024-09-19,10.45,11.0,10.4,10.7,3454169
2024-09-20,10.6,10.72,10.57,10.7,1719761
2024-09-23,10.71,10.77,10.62,10.67,1094177
2024-09-24,10.88,11.91,10.68,11.9,8212806
2024-09-25,12.26,12.74,12.1,12.36,9169734
2024-09-26,12.2,14.23,12.19,14.04,10933873
2024-09-27,14.7,16.86,14.47,16.86,18026542
2024-09-30,19.43,20.24,19.1,20.24,15369516
2024-10-08,24.3,24.3,22.71,24.3,13667678
2024-10-09,23.94,28.94,22.55,24.84,34623506
2024-10-10,24.04,24.5,19.86,20.49,23863267
2024-10-11,19.45,21.44,19.45,20.79,14583066
2024-10-14,20.59,21.54,18.83,21.01,16536439
2024-10-15,20.24,21.2,20.07,20.1,11437951
2024-10-16,19.58,21.01,19.58,20.32,11287698
2024-10-17,20.46,20.87,19.8,19.84,10250686
2024-10-18,19.78,23.82,19.5,22.89,24874025
2024-10-21,21.85,22.84,21.79,22.19,16843057
2024-10-22,22.04,23.21,21.94,22.57,12709582
2024-10-23,22.82,23.66,22.22,22.46,13998658
2024-10-24,22.14,22.74,21.84,22.13,8835484
2024-10-25,22.19,23.3,21.94,22.64,11503090
2024-10-28,22.42,22.88,22.34,22.6,7618521
2024-10-29,22.76,23.08,22.04,22.12,9054298
2024-10-30,21.84,22.16,21.26,21.51,8453141
2024-10-31,21.52,24.44,21.33,23.13,19478776
2024-11-01,22.74,24.18,22.68,22.94,15831916
2024-11-04,22.94,24.94,22.71,24.72,14909581
2024-11-05,24.95,28.55,24.05,27.29,20848157
2024-11-06,27.57,29.44,25.94,26.38,20553706
2024-11-07,25.69,29.94,25.69,29.94,21388769
2024-11-08,30.94,30.94,27.96,28.18,18256953
2024-11-11,27.54,29.13,27.54,28.64,10566847
2024-11-12,28.65,29.06,27.54,28.29,11009865
2024-11-13,27.95,28.62,27.36,28.12,8398931
2024-11-14,27.94,28.36,27.34,27.35,7428857
2024-11-15,27.28,27.49,25.53,25.57,11396456
2024-11-18,25.54,26.44,24.75,25.77,9686997
2024-11-19,25.87,27.06,25.59,26.91,10048143
2024-11-20,26.49,27.06,26.34,26.61,7156019
2024-11-21,26.44,27.89,26.4,27.33,9635016
2024-11-22,27.09,27.6,25.67,25.84,9245169
2024-11-25,25.7,26.03,24.76,25.31,7117160
2024-11-26,25.31,25.92,25.04,25.08,5321035
2024-11-27,24.94,26.44,24.8,26.35,8603075
2024-11-28,26.35,26.48,25.68,25.72,6177662
2024-11-29,25.72,28.82,25.72,27.2,13252220
2024-12-02,26.74,27.73,26.64,27.4,8277176
2024-12-03,27.29,27.89,26.85,27.3,7141623
2024-12-04,27.04,27.6,26.75,26.87,5763574
2024-12-05,26.77,27.71,26.73,27.42,6311507
2024-12-06,27.34,28.38,27.09,27.78,8999560
2024-12-09,27.51,28.08,27.14,27.48,5740585
2024-12-10,29.94,29.94,27.73,27.94,13897989
2024-12-11,27.79,28.23,27.31,27.59,6475469
2024-12-12,27.54,28.24,27.32,27.85,6578230
2024-12-13,27.52,27.52,26.28,26.35,9012205
2024-12-16,26.14,26.17,25.49,25.69,5658129
2024-12-17,25.66,26.22,25.59,25.82,4710760
2024-12-18,25.94,26.09,25.64,25.75,3273522
2024-12-19,25.32,25.99,25.2,25.79,3508311
2024-12-20,25.8,26.43,25.71,26.05,4390279
2024-12-23,25.83,26.33,25.68,25.84,3523176
2024-12-24,25.86,26.27,25.7,26.23,3935739
2024-12-25,26.27,26.31,25.78,26.04,3210913
2024-12-26,26.03,26.2,25.86,26.01,2826093
2024-12-27,26.02,27.12,25.9,26.49,6766872
2024-12-30,26.34,27.1,26.27,27.1,5837462
2024-12-31,26.95,27.13,25.74,25.76,6539326
2025-01-02,25.52,25.6,23.46,23.93,8937697
2025-01-03,23.86,23.93,22.8,22.8,6621088
2025-01-06,22.53,22.94,22.34,22.48,4233747
2025-01-07,22.56,22.99,22.35,22.95,4215494
2025-01-08,22.73,22.99,21.9,22.5,5778178
2025-01-09,22.42,22.81,22.27,22.43,2992003
2025-01-10,22.43,22.63,21.82,21.82,3352471
2025-01-13,21.4,22.28,21.4,22.06,3368406
2025-01-14,22.36,23.83,22.16,23.8,8798740
2025-01-15,23.49,23.6,23.17,23.26,4489054
2025-01-16,23.49,23.91,23.01,23.33,4473025
2025-01-17,23.19,23.68,23.12,23.38,3635276
2025-01-20,23.72,23.9,23.27,23.45,4143183
2025-01-21,23.74,23.92,23.2,23.79,4366911
2025-01-22,23.56,23.73,23.31,23.61,3596647
2025-01-23,24.34,25.14,23.67,23.67,8530899
2025-01-24,23.51,24.14,23.5,24.03,4729397
2025-01-27,24.03,24.09,22.87,22.88,4614557
2025-02-05,23.24,23.29,22.84,22.93,3134682
2025-02-06,22.83,23.81,22.72,23.63,4783466
2025-02-07,23.48,25.02,23.45,24.22,9336072
2025-02-10,24.22,24.45,23.97,24.28,4937143
2025-02-11,24.23,24.23,23.72,23.88,4067322
2025-02-12,23.79,24.63,23.78,24.48,5046452
2025-02-13,24.24,24.73,24.05,24.1,5508430
2025-02-14,23.97,24.3,23.84,24.16,3962256
2025-02-17,24.5,24.67,24.1,24.31,4793367
2025-02-18,24.14,24.21,23.22,23.27,5138123
2025-02-19,23.24,23.9,23.2,23.76,4209937
2025-02-20,23.66,23.77,23.43,23.51,2958360
2025-02-21,23.59,24.46,23.28,24.29,7552709
2025-02-24,24.17,24.47,23.82,24.06,4873934
2025-02-25,23.69,23.99,23.57,23.64,3459575
2025-02-26,23.74,24.43,23.55,24.34,6228897
2025-02-27,24.14,24.32,23.61,24.07,5763511
2025-02-28,23.87,24.18,23.12,23.17,4677474
2025-03-03,23.17,23.39,22.72,22.89,3473314
2025-03-04,22.72,23.03,22.65,22.92,2219291
2025-03-05,22.89,23.12,22.71,22.92,2677567
2025-03-06,23.15,24.12,23.14,23.87,7120487
2025-03-07,23.62,23.69,23.27,23.35,3888683
2025-03-10,23.3,23.37,23.02,23.21,2239749
2025-03-11,22.89,23.33,22.85,23.32,2375561
2025-03-12,23.4,23.99,23.3,23.55,4167681
2025-03-13,23.44,23.68,23.11,23.29,2876501
2025-03-14,23.41,25.07,23.36,24.37,10796204
2025-03-17,24.13,24.29,23.9,24.02,4692484
2025-03-18,24.25,24.31,23.95,24.07,2682559
2025-03-19,24.06,24.19,23.89,23.97,2813603
2025-03-20,24.0,24.01,23.63,23.75,2506707
2025-03-21,23.65,23.85,23.17,23.21,3308993
2025-03-24,23.2,23.26,22.87,23.21,2626628
2025-03-25,23.24,23.26,22.84,22.87,2070916
2025-03-26,22.92,23.17,22.9,22.91,1656005
2025-03-27,22.84,23.19,22.72,22.92,2047425
2025-03-28,22.98,23.12,22.84,22.94,1791405
2025-03-31,22.76,22.92,22.33,22.52,2631446
2025-04-01,22.62,22.72,22.09,22.14,2979505
2025-04-02,22.14,22.59,22.09,22.38,2236954
2025-04-03,22.13,22.59,22.11,22.39,1944456
2025-04-07,20.94,21.39,18.12,19.27,8468046
2025-04-08,19.6,20.09,19.38,19.64,5205690
2025-04-09,19.4,20.69,18.96,20.44,6151753
2025-04-10,20.94,21.12,20.42,20.44,5204106
2025-04-11,20.29,20.81,20.27,20.52,3181844
2025-04-14,20.65,20.77,20.5,20.54,2363680
2025-04-15,20.48,20.48,20.25,20.38,1687248
2025-04-16,20.29,20.41,19.98,20.32,1982697
2025-04-17,20.2,20.44,20.16,20.25,1556376
2025-04-18,20.2,20.57,20.16,20.48,1954427
2025-04-21,20.3,20.77,20.27,20.63,1948439
2025-04-22,20.54,20.74,20.49,20.55,1681166
2025-04-23,20.7,20.84,20.56,20.62,2185046
2025-04-24,20.6,20.72,20.39,20.48,1796597
2025-04-25,20.58,20.83,20.5,20.7,2662966
2025-04-28,20.65,20.71,20.49,20.56,1568217
2025-04-29,20.56,20.65,20.45,20.49,1363576
2025-04-30,20.53,20.8,20.43,20.57,1913051
2025-05-06,20.7,21.08,20.61,20.99,3281601
2025-05-07,22.0,22.58,21.1,21.25,6512921
2025-05-08,21.09,21.39,21.04,21.22,2677465
2025-05-09,21.21,21.27,20.77,20.83,2203757
2025-05-12,21.06,21.97,20.89,21.72,5248646
2025-05-13,21.9,21.9,21.42,21.45,3206485
2025-05-14,21.42,23.28,21.21,22.53,8840209
2025-05-15,22.16,22.3,21.8,21.82,4158058
2025-05-16,21.76,21.97,21.51,21.53,2299942
2025-05-19,21.49,21.65,21.27,21.5,1719714
2025-05-20,21.58,21.71,21.45,21.52,1977812
2025-05-21,21.46,21.64,21.35,21.38,1962405
2025-05-22,21.3,21.44,21.18,21.23,1615666
2025-05-23,21.16,21.38,20.76,20.78,2706667
2025-05-26,20.71,20.86,20.67,20.8,1592372
2025-05-27,20.8,20.85,20.63,20.69,1283460
2025-05-28,20.75,20.78,20.47,20.5,1320527
2025-05-29,20.54,20.97,20.5,20.85,2179626
2025-05-30,20.74,20.75,20.52,20.62,1558466
2025-06-03,20.48,20.88,20.44,20.66,1681364
2025-06-04,20.65,21.13,20.57,20.94,2470884
2025-06-05,20.97,21.26,20.86,21.13,2383024
2025-06-06,21.13,21.19,20.87,20.89,1707078
2025-06-09,21.01,21.58,21.0,21.46,3942525
2025-06-10,21.39,21.49,20.77,20.97,2956596
2025-06-11,21.05,21.9,20.99,21.49,4647897
2025-06-12,21.31,22.08,21.3,21.65,4027992
2025-06-13,21.48,21.64,21.27,21.33,3089201
2025-06-16,21.33,21.77,21.33,21.73,2694928
2025-06-17,21.75,21.78,21.58,21.71,1999927
2025-06-18,21.63,21.68,21.3,21.5,1990721
2025-06-19,21.45,21.46,20.86,20.93,2626455
2025-06-20,21.0,21.05,20.69,20.71,1639367
2025-06-23,20.6,21.02,20.52,20.93,1997781
2025-06-24,21.0,22.1,20.93,21.81,6091340
2025-06-25,21.89,24.44,21.81,24.0,14426468
2025-06-26,23.52,23.78,23.05,23.13,9530584
2025-06-27,23.16,24.15,23.0,23.04,8263584
2025-06-30,23.05,23.2,22.73,23.13,4434661
2025-07-01,23.1,23.12,22.68,22.88,3104074
2025-07-02,22.89,23.03,22.61,22.71,2538284
2025-07-03,22.74,22.99,22.71,22.88,2872658
2025-07-04,22.8,23.46,22.62,22.8,5203312
2025-07-07,22.66,22.92,22.65,22.75,2496617
2025-07-08,22.73,23.27,22.71,23.15,4178849
2025-07-09,23.16,23.35,22.86,22.93,3394849
2025-07-10,22.85,23.34,22.8,23.15,3907103
2025-07-11,23.29,24.59,23.06,23.86,10988631
2025-07-14,23.97,23.97,23.53,23.62,4191571
2025-07-15,23.62,23.94,23.38,23.53,3652497
2025-07-16,23.6,23.71,23.26,23.42,2614532
2025-07-17,23.4,23.65,23.36,23.6,2816150
2025-07-18,23.6,23.7,23.39,23.52,2630520
2025-07-21,23.18,23.5,22.85,23.35,4796391
2025-07-22,23.45,23.77,23.26,23.54,4570954
2025-07-23,23.75,24.32,23.64,23.71,8038893
2025-07-24,23.6,24.45,23.54,24.32,7128599
2025-07-25,24.55,24.68,23.92,23.99,4710020
2025-07-28,24.02,24.45,23.92,24.12,3946332
2025-07-29,23.95,24.18,23.58,24.18,4110596
2025-07-30,24.11,24.25,23.6,23.81,3985599
2025-07-31,23.67,24.04,23.1,23.23,4434649
2025-08-01,23.2,23.47,23.06,23.17,2666164
2025-08-04,23.01,23.36,23.0,23.35,2060185
2025-08-05,23.46,23.64,23.31,23.63,2786412
2025-08-06,23.58,23.69,23.45,23.63,2099509
2025-08-07,23.69,23.85,23.43,23.54,2771975
2025-08-08,23.46,23.47,23.2,23.2,2356087
2025-08-11,23.17,23.97,23.17,23.8,4649608
2025-08-12,23.78,24.08,23.66,23.99,3657654
2025-08-13,24.15,24.8,23.86,24.58,8357734
2025-08-14,24.58,25.09,24.35,24.36,7567901
2025-08-15,24.31,27.2,24.29,26.76,16970798
2025-08-18,26.98,28.97,26.25,27.85,16382484
2025-08-19,27.39,27.86,26.83,26.9,9022578
2025-08-20,26.64,27.08,26.32,27.08,6654322
2025-08-21,27.36,27.45,26.62,26.8,5071351
2025-08-22,26.7,28.0,26.7,27.85,9070640
2025-08-25,28.28,28.92,27.77,28.23,10192545
2025-08-26,27.97,28.41,27.83,27.93,5315570
2025-08-27,27.94,28.45,27.19,27.21,7910275
2025-08-28,27.15,27.96,26.85,27.96,7424374
2025-08-29,28.1,29.36,27.73,28.91,11324704
2025-09-01,28.79,29.05,28.24,28.69,6503521
2025-09-02,28.56,28.59,27.62,27.85,7750720
2025-09-03,28.08,28.38,26.33,26.63,8001157
2025-09-04,26.55,26.97,25.9,26.21,7404168
2025-09-05,26.32,26.69,25.9,26.6,5005652
2025-09-08,26.4,26.72,26.24,26.42,3972249
2025-09-09,26.42,26.66,26.12,26.19,3917382
2025-09-10,26.24,26.57,26.12,26.19,3130555
2025-09-11,26.05,27.58,25.93,27.27,7044542
2025-09-12,27.17,27.64,26.91,26.95,4848188
2025-09-15,26.95,27.56,26.86,27.21,4538579
2025-09-16,27.26,27.95,26.96,27.71,5601416
2025-09-17,27.61,28.5,27.5,28.21,6805608
2025-09-18,27.9,27.9,26.6,26.87,9178318
2025-09-19,26.77,27.03,26.55,26.55,4290828
2025-09-22,26.55,26.97,26.55,26.89,3243423
2025-09-23,26.57,26.59,25.7,26.12,5378856
2025-09-24,26.0,26.73,25.89,26.45,4443358
2025-09-25,26.4,26.79,26.35,26.47,3587728
2025-09-26,26.37,26.53,26.05,26.06,3034211
2025-09-29,26.04,28.45,25.99,27.58,11086841
2025-09-30,27.31,27.56,27.01,27.12,5721847
2025-10-09,26.52,27.08,26.19,26.76,6099472
2025-10-10,26.63,27.0,26.01,26.09,6029855
2025-10-13,25.17,25.8,25.12,25.62,4119214
2025-10-14,25.7,26.15,25.12,25.16,4157998
2025-10-15,25.35,25.62,25.14,25.54,3021398
2025-10-16,25.42,25.63,25.31,25.42,2377814
2025-10-17,25.4,25.62,24.81,24.86,3095666
2025-10-20,25.25,25.34,24.86,25.02,2282606
2025-10-21,25.12,25.55,25.04,25.36,2974160
2025-10-22,25.21,25.25,24.99,25.12,1776224
2025-10-23,25.16,25.48,24.92,25.47,2503845
2025-10-24,25.54,25.9,25.43,25.9,3578518
2025-10-27,26.35,26.45,25.93,26.04,4751975
2025-10-28,25.85,26.4,25.81,26.0,3503684
2025-10-29,25.91,26.79,25.88,26.49,5442583
2025-10-30,26.29,26.33,25.61,25.63,4676083
2025-10-31,25.78,25.87,25.5,25.5,2499029
2025-11-03,25.49,25.59,25.15,25.56,2201174
2025-11-04,25.41,25.48,25.2,25.26,1895090
2025-11-05,25.09,25.37,25.01,25.26,1665933
2025-11-06,25.27,25.68,25.27,25.51,2398456
2025-11-07,25.28,25.32,25.1,25.14,2024228
2025-11-10,25.12,25.52,25.11,25.4,2137426
2025-11-11,25.39,25.44,24.92,24.93,2499582
2025-11-12,24.93,25.02,24.5,24.69,2094237
2025-11-13,24.59,25.14,24.59,25.13,2295320
2025-11-14,24.9,24.98,24.52,24.54,2028105
2025-11-17,24.51,24.66,24.44,24.51,1486185
2025-11-18,24.5,24.69,24.46,24.49,1507223
2025-11-19,24.48,24.61,24.16,24.33,1750690
2025-11-20,24.71,24.8,24.06,24.07,2188140
2025-11-21,23.88,24.08,23.26,23.3,3036576
2025-11-24,23.4,23.62,23.26,23.43,1733268
2025-11-25,23.49,23.63,23.38,23.42,1944435
2025-11-26,23.42,23.53,23.31,23.34,1688908
2025-11-27,23.33,23.63,23.26,23.3,1937378
2025-11-28,23.29,23.41,23.06,23.4,1790869
2025-12-01,23.22,23.34,22.85,23.09,3075251
2025-12-02,23.03,23.05,22.59,22.61,2342667
2025-12-03,22.67,22.8,22.18,22.23,2243828
2025-12-04,22.25,22.59,22.17,22.39,1800087
2025-12-05,22.35,23.72,22.31,23.31,5480686
2025-12-08,23.8,24.22,23.54,23.64,5772388
2025-12-09,23.4,23.63,23.16,23.28,2697168
2025-12-10,23.21,23.45,22.96,23.29,2249149
2025-12-11,23.35,23.36,22.84,22.84,1938096
2025-12-12,22.89,23.3,22.86,23.02,2261272
2025-12-15,22.81,23.24,22.71,22.85,1866631
2025-12-16,22.75,22.93,22.57,22.61,1875025
2025-12-17,22.61,23.42,22.46,23.09,3418178
2025-12-18,23.0,23.15,22.84,22.86,1893200
2025-12-19,22.87,23.3,22.83,23.0,1936654
2025-12-22,22.98,23.19,22.94,23.08,1600989
2025-12-23,23.06,23.24,22.93,23.02,1849650
2025-12-24,22.95,23.33,22.92,23.2,2161645
2025-12-25,23.15,23.43,23.1,23.34,2172053
2025-12-26,23.34,24.05,23.23,23.61,4319282
2025-12-29,23.58,23.6,23.3,23.35,2214027
2025-12-30,23.29,23.63,23.21,23.43,2247939
2025-12-31,23.43,23.61,23.18,23.18,1992395
