date,open,high,low,close,volume
2015-01-05,3.16,3.18,2.96,3.07,80256
2015-01-06,3.08,3.44,3.04,3.41,134113
2015-01-07,3.41,3.45,3.27,3.33,73085
2015-01-08,3.31,3.43,3.28,3.29,61185
2015-01-09,3.29,3.39,3.24,3.24,67587
2015-01-12,3.21,3.31,3.14,3.16,39481
2015-01-13,3.16,3.39,3.09,3.38,62378
2015-01-14,3.33,3.66,3.29,3.53,167018
2015-01-15,3.6,3.74,3.55,3.55,109007
2015-01-16,3.53,3.53,3.4,3.46,113294
2015-01-19,3.43,3.75,3.12,3.66,197933
2015-01-20,3.64,3.88,3.56,3.86,172958
2015-01-21,3.85,4.03,3.73,4.01,212714
2015-01-22,4.09,4.12,3.88,3.94,181720
2015-01-23,3.94,4.09,3.73,3.88,132872
2015-01-26,3.89,4.05,3.79,3.94,136763
2015-01-27,3.99,4.04,3.84,4.01,115196
2015-01-28,3.99,4.66,3.97,4.38,212848
2015-01-29,4.33,4.46,4.2,4.34,68563
2015-01-30,4.36,4.36,4.03,4.03,70247
2015-02-02,4.04,4.09,3.77,3.97,77072
2015-02-03,3.97,4.14,3.88,4.13,73520
2015-02-04,4.15,4.42,4.03,4.06,81852
2015-02-05,4.12,4.17,3.89,3.94,72920
2015-02-06,3.93,3.98,3.7,3.7,66494
2015-02-09,3.67,3.73,3.53,3.62,60633
2015-02-10,3.62,3.74,3.59,3.72,49986
2015-02-11,3.72,3.88,3.7,3.82,44720
2015-02-12,3.86,3.91,3.73,3.79,46898
2015-02-13,3.85,4.21,3.84,4.13,108941
2015-02-16,4.16,4.87,4.16,4.72,242104
2015-02-17,4.81,4.87,4.53,4.56,100671
2015-02-25,4.59,4.85,4.53,4.66,104783
2015-02-26,4.72,5.16,4.64,5.0,153523
2015-02-27,5.0,5.11,4.84,5.0,76029
2015-03-02,5.17,5.83,5.17,5.65,171529
2015-03-03,5.65,5.77,5.42,5.58,117687
2015-03-04,5.56,5.79,5.32,5.5,94710
2015-03-05,5.54,5.66,5.32,5.65,79926
2015-03-06,5.72,6.16,5.22,5.22,125202
2015-03-09,5.0,5.46,4.92,5.44,99214
2015-03-10,5.29,6.2,5.28,5.84,132661
2015-03-11,6.74,6.75,6.23,6.75,269913
2015-03-12,6.67,6.83,6.27,6.63,178822
2015-03-13,6.63,6.82,6.37,6.66,109338
2015-03-16,6.68,7.27,6.67,7.01,160449
2015-03-17,7.0,7.0,6.51,6.7,164546
2015-03-18,6.93,7.27,6.93,7.07,180101
2015-03-19,6.87,7.05,6.59,6.86,156551
2015-03-20,6.91,6.93,6.63,6.78,108094
2015-03-23,6.84,7.58,6.71,7.45,165839
2015-03-24,7.42,7.42,6.92,7.37,119790
2015-03-25,7.29,8.44,7.07,8.44,215630
2015-03-26,8.41,9.61,7.98,8.44,256645
2015-03-27,8.46,9.62,8.46,9.62,196789
2015-04-15,10.91,10.91,10.91,10.91,10353
2015-04-16,11.97,12.32,10.65,12.32,197112
2015-04-17,13.35,13.35,11.31,12.05,358071
2015-04-20,11.57,11.57,10.51,10.51,148110
2015-04-21,10.25,11.31,10.25,11.07,189407
2015-04-22,11.37,11.91,11.09,11.37,167910
2015-04-23,11.38,11.82,10.85,11.21,155416
2015-04-24,10.97,11.53,10.66,11.0,128171
2015-04-27,11.19,12.05,11.17,11.42,152201
2015-04-28,11.53,11.73,10.58,10.73,104307
2015-04-29,10.73,10.88,10.33,10.82,121039
2015-04-30,11.05,12.22,11.05,12.17,260248
2015-05-04,12.64,13.71,12.42,12.93,274266
2015-05-05,12.25,14.43,12.25,12.89,226262
2015-05-06,12.72,14.18,12.72,13.11,164651
2015-05-07,13.16,13.59,12.18,12.21,91419
2015-05-08,12.68,13.24,11.95,13.22,96350
2015-05-11,13.32,14.88,12.64,14.88,166826
2015-05-12,14.88,15.81,13.95,14.45,173688
2015-05-13,13.83,14.83,13.04,13.67,164988
2015-05-14,13.64,13.64,12.38,12.68,205329
2015-05-15,12.8,13.23,12.17,12.85,121910
2015-05-18,12.83,13.76,12.42,12.6,181854
2015-05-19,12.64,13.24,12.2,13.03,166258
2015-05-20,13.04,13.79,12.99,13.18,185769
2015-05-21,13.16,14.04,12.64,13.83,172734
2015-05-22,14.03,14.17,12.71,12.86,288279
2015-05-25,12.64,12.64,12.17,12.62,184869
2015-05-26,12.88,14.19,12.88,14.15,251887
2015-05-27,14.64,14.99,13.56,14.0,242468
2015-05-28,14.0,14.86,12.42,12.84,231646
2015-05-29,13.19,13.63,12.26,12.96,186313
2015-06-01,13.08,14.38,12.83,14.33,255549
2015-06-02,14.61,16.09,14.41,16.09,277811
2015-06-03,16.78,17.74,15.56,17.1,303461
2015-06-04,17.42,17.53,15.14,16.38,211567
2015-06-05,16.45,17.26,15.42,15.79,225317
2015-06-08,15.87,16.67,14.39,14.82,242531
2015-06-09,14.83,15.36,14.04,14.39,180348
2015-06-10,14.41,15.99,14.23,15.43,208126
2015-06-11,15.51,15.78,14.23,14.6,229939
2015-06-12,14.75,15.09,14.28,14.62,182747
2015-06-15,14.62,14.79,12.83,12.83,358265
2015-06-16,12.29,12.29,11.21,11.21,369497
2015-06-17,11.21,12.26,10.66,12.15,230545
2015-06-18,11.89,12.04,10.61,10.61,245617
2015-06-19,9.86,11.49,9.84,11.24,281658
2015-06-23,11.05,12.19,9.99,11.77,225186
2015-06-24,11.91,12.28,11.25,11.49,207178
2015-06-25,11.51,11.55,10.02,10.98,223536
2015-06-26,10.29,10.45,9.56,9.56,129520
2015-06-29,9.98,10.0,8.28,8.28,189924
2015-06-30,7.53,9.18,7.12,8.89,286280
2015-07-01,8.58,10.01,8.42,8.66,289822
2015-07-02,8.49,9.32,7.59,7.82,198255
2015-07-03,7.49,8.5,6.72,7.09,202862
2015-07-06,8.13,8.13,6.06,6.61,308397
2015-07-14,7.6,7.6,7.6,7.6,4142
2015-07-15,8.69,8.69,7.44,7.46,354814
2015-07-16,7.45,8.19,6.61,8.0,186140
2015-07-17,8.19,9.13,8.01,9.12,231601
2015-07-20,9.47,9.99,9.05,9.38,282817
2015-07-21,9.28,10.14,9.08,9.83,232344
2015-07-22,9.83,10.2,9.28,9.73,224242
2015-07-23,9.8,10.1,9.51,10.07,228807
2015-07-24,10.19,10.26,9.31,9.47,260458
2015-07-27,9.08,9.64,8.19,8.48,223524
2015-07-28,8.16,8.48,7.3,7.85,257987
2015-07-29,8.01,8.33,6.93,8.33,247071
2015-07-30,8.05,8.32,7.17,7.17,238462
2015-07-31,6.96,7.45,6.96,7.12,163881
2015-08-03,6.85,6.85,6.1,6.49,231484
2015-08-04,6.53,7.18,6.46,7.18,172411
2015-08-05,7.33,7.81,7.25,7.34,202460
2015-08-06,7.05,7.96,6.84,7.49,198712
2015-08-07,7.71,8.55,7.71,8.44,240157
2015-08-10,8.6,9.3,8.25,9.05,234650
2015-08-11,9.16,9.61,8.64,8.75,249238
2015-08-12,8.6,8.85,8.28,8.28,156296
2015-08-13,8.24,8.67,7.89,8.67,147828
2015-08-14,8.75,8.95,8.39,8.45,147501
2015-08-17,8.28,8.88,7.99,8.81,172216
2015-08-18,9.03,9.03,7.6,7.6,182214
2015-08-19,7.13,7.99,6.57,7.73,135998
2015-08-20,7.49,7.72,7.09,7.15,88766
2015-08-21,6.9,7.09,6.24,6.26,114111
2015-08-24,5.62,5.85,5.3,5.3,77111
2015-08-25,4.45,4.54,4.45,4.45,269314
2015-08-26,4.5,4.82,3.68,3.87,200165
2015-08-27,3.98,4.52,3.98,4.52,179015
2015-08-28,4.71,5.1,4.47,5.09,182693
2015-08-31,4.9,4.91,4.27,4.27,136956
2015-09-01,4.14,4.41,3.87,3.89,159975
2015-09-02,3.78,4.6,3.58,4.6,303258
2015-09-07,4.7,5.22,4.44,4.48,239907
2015-09-08,4.36,5.09,4.23,5.02,174280
2015-09-09,5.0,5.64,4.88,5.5,233702
2015-09-10,5.3,5.5,5.15,5.19,118647
2015-09-11,5.19,5.42,5.11,5.28,84930
2015-09-14,5.3,5.39,4.43,4.43,125478
2015-09-15,4.13,4.41,3.89,4.25,107438
2015-09-16,4.26,5.0,4.26,5.0,101995
2015-09-17,5.1,5.5,4.98,5.06,134969
2015-09-18,5.22,5.48,5.01,5.39,115324
2015-09-21,5.33,5.98,5.21,5.91,136514
2015-09-22,6.02,6.08,5.74,5.77,122025
2015-09-23,5.66,5.92,5.56,5.66,87169
2015-09-24,5.93,6.04,5.68,5.9,83491
2015-09-25,5.84,5.88,5.09,5.3,105858
2015-09-28,5.45,6.02,5.18,6.02,116896
2015-09-29,5.82,6.44,5.62,6.3,191623
2015-09-30,6.33,6.4,5.86,6.08,121084
2015-10-08,6.55,6.96,6.38,6.44,215389
2015-10-09,6.43,6.76,6.34,6.71,138308
2015-10-12,6.77,7.49,6.74,7.21,154901
2015-10-13,7.17,7.47,7.07,7.33,167190
2015-10-14,7.31,8.08,7.25,7.57,198270
2015-10-15,7.73,7.88,7.51,7.88,184849
2015-10-16,8.15,8.21,7.72,7.89,183805
2015-10-19,7.92,8.01,7.39,7.57,185437
2015-10-20,7.5,7.83,7.49,7.77,133105
2015-10-21,7.78,7.84,6.67,6.67,175765
2015-10-22,6.69,7.25,6.61,7.17,162197
2015-10-23,7.35,7.72,7.21,7.62,171449
2015-10-26,7.84,8.7,7.4,8.7,425441
2015-10-27,8.21,8.39,7.65,8.21,385949
2015-10-28,7.97,8.24,7.41,7.45,223770
2015-10-29,7.53,7.81,7.25,7.63,185671
2015-10-30,7.57,7.72,7.25,7.37,168894
2015-11-02,7.28,7.72,7.08,7.13,211342
2015-11-03,7.22,7.32,6.84,7.08,151700
2015-11-04,7.15,7.73,7.14,7.71,230916
2015-11-05,7.73,8.03,7.49,7.6,248755
2015-11-06,7.63,8.09,7.63,7.98,222055
2015-11-09,7.85,8.28,7.57,8.08,246864
2015-11-10,7.89,8.21,7.81,7.96,191614
2015-11-11,7.89,8.34,7.85,8.25,206620
2015-11-12,8.25,8.63,7.93,8.12,226216
2015-11-13,8.11,8.11,7.53,7.79,179138
2015-11-16,7.51,8.16,7.51,8.13,152636
2015-11-17,8.25,8.36,7.74,7.75,201928
2015-11-18,7.77,7.83,7.24,7.27,161248
2015-11-19,7.37,7.71,7.29,7.7,118946
2015-11-20,7.73,8.79,7.61,8.29,349710
2015-11-23,8.25,8.48,7.93,7.98,201142
2015-11-24,8.0,8.25,7.89,8.19,127051
2015-11-25,8.15,9.34,8.09,9.3,418149
2015-11-26,9.32,9.32,8.57,8.6,335450
2015-11-27,8.61,8.92,7.6,7.62,257344
2015-11-30,7.87,7.96,6.89,7.81,218056
2015-12-01,7.69,7.84,7.52,7.77,143690
2015-12-02,7.77,7.82,7.03,7.42,154081
2015-12-03,7.48,7.84,7.36,7.73,134419
2015-12-04,7.61,7.71,7.29,7.41,159077
2015-12-07,7.47,7.65,7.33,7.47,105328
2015-12-08,7.4,7.4,6.94,6.94,185552
2015-12-09,6.89,7.03,6.71,6.79,109801
2015-12-10,6.79,7.07,6.79,6.93,96124
2015-12-11,6.83,6.92,6.71,6.76,86583
2015-12-14,6.62,6.96,6.53,6.95,98794
2015-12-15,7.02,7.15,6.92,6.96,114456
2015-12-16,7.01,7.14,6.94,7.02,96038
2015-12-17,7.25,7.95,7.15,7.93,294144
2015-12-18,7.77,7.91,7.59,7.62,191982
2015-12-21,7.68,7.68,7.38,7.61,142040
2015-12-22,7.66,7.71,7.46,7.66,117290
2015-12-23,7.67,7.67,7.38,7.45,145387
2015-12-24,7.39,7.45,7.02,7.25,117388
2015-12-25,7.25,7.41,7.21,7.38,72054
2015-12-28,7.34,7.68,7.23,7.23,150784
2015-12-29,7.17,7.52,7.1,7.49,93818
2015-12-30,7.56,7.76,7.56,7.72,151942
2015-12-31,7.78,7.93,7.59,7.66,161436
2016-01-04,7.6,7.71,6.57,6.57,117266
2016-01-05,6.01,6.63,5.75,6.26,133329
2016-01-06,6.29,6.48,6.06,6.37,95806
2016-01-07,6.1,6.1,5.41,5.41,28110
2016-01-08,5.5,5.77,4.7,5.51,242275
2016-01-11,5.15,5.47,4.66,4.66,139548
2016-01-12,4.7,4.99,4.51,4.82,122371
2016-01-13,4.88,5.01,4.42,4.44,92864
2016-01-14,4.11,4.93,4.06,4.85,108596
2016-01-15,4.72,4.83,4.31,4.38,104130
2016-01-18,4.3,5.05,4.23,4.82,146773
2016-01-19,4.76,5.2,4.75,5.17,131111
2016-01-20,5.1,5.24,4.85,5.11,125033
2016-01-21,4.97,5.16,4.56,4.56,126299
2016-01-22,4.72,4.87,4.39,4.75,105830
2016-01-25,4.89,5.01,4.78,4.9,65465
2016-01-26,4.82,4.82,4.09,4.09,134046
2016-01-27,4.11,4.15,3.51,3.94,118273
2016-01-28,3.85,3.99,3.39,3.4,95984
2016-01-29,3.47,4.0,3.47,3.87,102836
2016-02-01,3.9,4.13,3.83,3.98,99814
2016-02-02,3.97,4.44,3.93,4.31,103901
2016-02-03,4.25,5.06,4.13,5.06,213617
2016-02-04,5.11,5.32,4.97,5.09,173278
2016-02-05,5.04,5.23,4.87,4.9,101444
2016-02-15,4.7,5.14,4.55,5.01,105623
2016-02-16,5.02,5.61,5.02,5.42,127751
2016-02-17,5.43,5.44,5.18,5.37,97730
2016-02-18,5.45,5.47,5.18,5.21,99992
2016-02-19,5.15,5.31,5.1,5.19,71975
2016-02-22,5.36,5.65,5.32,5.36,138227
2016-02-23,5.4,5.53,5.21,5.49,84035
2016-02-24,5.4,5.52,5.05,5.24,94541
2016-02-25,5.28,5.33,4.39,4.39,136242
2016-02-26,4.5,4.56,4.0,4.34,119146
2016-02-29,4.33,4.38,3.58,3.73,123074
2016-03-01,3.78,4.09,3.58,4.09,152185
2016-03-02,4.08,4.52,4.01,4.46,136760
2016-03-03,4.44,4.67,4.37,4.38,114527
2016-03-04,4.35,4.39,3.76,3.88,119634
2016-03-07,4.06,4.3,3.97,4.05,107031
2016-03-08,4.14,4.4,3.75,4.4,136401
2016-03-09,4.21,4.39,4.13,4.16,95800
2016-03-10,4.15,4.26,3.97,3.97,71964
2016-03-11,3.92,4.04,3.86,4.0,59104
2016-03-14,4.1,4.57,4.1,4.38,127622
2016-03-15,4.38,4.59,4.31,4.37,123897
2016-03-16,4.54,4.58,4.15,4.29,115655
2016-03-17,4.39,4.93,4.31,4.91,186540
2016-03-18,4.91,5.2,4.83,5.09,266362
2016-03-21,5.18,5.34,5.1,5.26,191700
2016-03-22,5.22,5.24,5.11,5.13,117552
2016-03-23,5.11,5.25,5.0,5.17,125999
2016-03-24,5.31,5.58,5.06,5.07,239826
2016-03-25,5.0,5.22,4.95,5.18,119568
2016-03-28,5.22,5.53,5.2,5.35,188257
2016-03-29,5.35,5.44,4.92,5.04,135074
2016-03-30,5.18,5.6,5.15,5.55,187610
2016-03-31,5.59,5.73,5.46,5.53,187147
2016-04-01,5.5,5.54,5.14,5.45,123708
2016-04-05,5.38,5.87,5.38,5.78,183950
2016-04-06,5.82,6.02,5.7,5.94,199568
2016-04-07,6.28,6.33,5.86,5.89,272835
2016-04-08,5.9,6.11,5.82,6.01,212882
2016-04-11,6.12,6.59,6.12,6.47,220600
2016-04-12,6.59,6.84,6.26,6.41,232086
2016-04-13,6.58,6.8,6.31,6.35,277430
2016-04-14,6.49,6.53,6.1,6.31,223947
2016-04-15,6.26,6.42,6.18,6.27,152843
2016-04-18,6.25,6.25,5.91,6.04,120871
2016-04-19,6.04,6.2,5.98,6.11,100880
2016-04-20,6.14,6.16,5.3,5.51,201977
2016-04-21,5.51,5.89,5.38,5.67,184132
2016-04-22,5.57,5.81,5.48,5.81,123774
2016-04-25,5.81,6.35,5.62,6.3,230114
2016-04-26,6.18,6.4,6.1,6.4,216363
2016-04-27,6.18,6.21,5.81,5.81,317652
2016-04-28,5.8,5.84,5.45,5.82,156831
2016-04-29,5.74,5.79,5.68,5.69,70589
2016-05-03,5.71,6.04,5.62,5.99,127446
2016-05-04,5.93,6.19,5.92,6.04,146434
2016-05-05,6.06,6.2,6.0,6.09,121904
2016-05-06,6.12,6.14,5.55,5.55,173990
2016-05-09,5.46,5.47,5.07,5.18,117936
2016-05-10,5.18,5.28,5.13,5.2,58289
2016-05-11,5.22,5.3,5.03,5.04,86195
2016-05-12,4.86,5.35,4.79,5.21,161291
2016-05-13,5.15,5.42,5.12,5.27,115549
2016-05-16,5.2,5.37,5.09,5.36,107677
2016-05-17,5.3,5.42,5.09,5.22,132052
2016-05-18,5.14,5.16,4.66,4.82,115733
2016-05-19,4.82,5.05,4.78,4.81,95622
2016-05-20,4.78,4.92,4.68,4.91,108191
2016-05-23,4.92,5.25,4.92,5.17,153712
2016-05-24,5.16,5.17,4.94,5.01,92774
2016-05-25,5.1,5.17,4.9,4.96,81781
2016-05-26,5.01,5.04,4.71,5.0,103647
2016-05-27,5.0,5.02,4.85,4.94,83373
2016-05-30,4.84,5.07,4.7,4.94,75591
2016-05-31,4.99,5.45,4.97,5.42,190061
2016-06-01,5.49,5.67,5.43,5.51,178736
2016-06-02,5.52,5.72,5.48,5.62,139474
2016-06-03,5.59,5.79,5.58,5.69,150036
2016-06-06,5.66,6.12,5.66,6.12,219882
2016-06-07,6.3,6.56,5.98,6.31,320634
2016-06-08,6.22,6.31,6.06,6.17,178316
2016-06-13,6.01,6.22,5.53,5.55,183199
2016-06-14,5.53,5.89,5.43,5.83,137495
2016-06-15,5.7,6.74,5.7,6.65,433259
2016-06-16,6.61,7.06,6.52,6.69,416859
2016-06-17,6.74,6.91,6.41,6.51,224378
2016-06-27,6.3,6.75,6.24,6.69,209899
2016-06-28,6.61,6.89,6.53,6.69,171702
2016-06-29,6.8,6.81,6.45,6.49,163395
2016-06-30,6.49,6.58,6.37,6.45,138522
2016-07-01,6.48,6.69,6.43,6.49,128766
2016-07-04,6.49,6.77,6.43,6.66,166691
2016-07-05,6.73,6.79,6.45,6.59,155476
2016-07-06,6.53,6.68,6.45,6.51,124918
2016-07-07,6.59,6.96,6.55,6.89,239108
2016-07-08,6.92,6.98,6.74,6.8,140331
2016-07-11,6.86,6.88,6.51,6.53,208812
2016-07-12,6.46,6.63,6.25,6.53,167831
2016-07-13,6.57,6.75,6.45,6.63,146295
2016-07-14,6.57,6.72,6.5,6.64,111216
2016-07-15,6.82,6.83,6.57,6.57,247569
2016-07-18,6.51,6.55,6.31,6.32,148795
2016-07-19,6.35,6.51,6.31,6.47,107624
2016-07-20,6.48,6.68,6.42,6.54,132019
2016-07-21,6.55,6.73,6.51,6.6,127791
2016-07-22,6.63,6.82,6.58,6.75,200601
2016-07-25,6.72,6.85,6.61,6.73,151265
2016-07-26,6.73,6.89,6.7,6.79,165501
2016-07-27,6.77,6.79,5.9,6.0,290683
2016-07-28,6.06,6.09,5.82,5.99,146885
2016-07-29,6.02,6.04,5.78,5.8,93948
2016-08-01,5.77,5.91,5.53,5.8,97322
2016-08-02,5.8,5.89,5.77,5.86,51714
2016-08-03,5.83,5.93,5.73,5.78,71077
2016-08-04,5.8,5.89,5.73,5.88,62731
2016-08-05,5.9,5.92,5.73,5.78,58387
2016-08-08,5.78,5.89,5.7,5.89,54787
2016-08-09,5.86,6.02,5.85,6.01,88525
2016-08-10,6.02,6.05,5.91,5.91,65778
2016-08-11,5.9,5.91,5.72,5.74,83313
2016-08-12,5.74,5.89,5.74,5.87,60049
2016-08-15,5.86,6.27,5.86,6.2,136603
2016-08-16,6.14,6.28,6.09,6.2,138173
2016-08-17,6.2,6.44,6.16,6.35,151119
2016-08-18,6.36,6.38,6.25,6.27,81585
2016-08-19,6.29,6.48,6.28,6.4,132913
2016-08-22,6.43,6.45,6.04,6.05,132119
2016-08-23,6.05,6.22,6.02,6.09,68366
2016-08-24,6.1,6.26,6.1,6.21,79239
2016-08-25,6.06,6.22,6.0,6.18,80137
2016-08-26,6.26,6.36,6.13,6.14,81324
2016-08-29,6.12,6.22,6.06,6.16,66175
2016-08-30,6.18,6.24,6.12,6.16,47584
2016-08-31,6.14,6.28,6.09,6.26,89799
2016-09-01,6.29,6.29,6.18,6.18,62002
2016-09-02,6.2,6.34,6.14,6.16,84229
2016-09-05,6.21,6.32,6.21,6.28,73566
2016-09-06,6.33,6.35,6.14,6.35,107481
2016-09-07,6.36,6.43,6.26,6.29,113276
2016-09-08,6.33,6.33,6.21,6.22,86466
2016-09-09,6.15,6.26,5.92,5.92,171521
2016-09-12,5.59,5.86,5.54,5.7,188841
2016-09-13,5.76,5.82,5.64,5.8,96097
2016-09-14,5.72,5.8,5.62,5.65,79118
2016-09-19,5.65,5.77,5.64,5.67,66313
2016-09-20,5.69,5.78,5.63,5.75,76493
2016-09-21,5.75,5.82,5.65,5.71,73995
2016-09-22,5.78,5.8,5.65,5.67,71460
2016-09-23,5.69,5.72,5.56,5.6,73193
2016-09-26,5.56,5.59,5.15,5.18,135965
2016-09-27,5.18,5.27,5.01,5.22,145333
2016-09-28,5.25,5.26,5.13,5.24,73796
2016-09-29,5.22,5.3,5.19,5.24,69296
2016-09-30,5.24,5.27,5.16,5.16,57651
2016-10-10,5.24,5.54,5.17,5.5,117655
2016-10-11,5.47,5.52,5.37,5.44,89723
2016-10-12,5.4,5.46,5.37,5.41,66752
2016-10-13,5.4,5.44,5.29,5.32,93508
2016-10-14,5.31,5.32,5.19,5.29,72481
2016-10-17,5.3,5.32,5.1,5.15,71123
2016-10-18,5.16,5.43,5.13,5.4,155683
2016-10-19,5.4,5.42,5.24,5.28,94254
2016-10-20,5.24,5.35,5.21,5.34,101735
2016-10-21,5.3,5.33,5.16,5.22,93062
2016-10-24,5.23,5.42,5.23,5.35,115252
2016-10-25,5.4,5.44,5.35,5.39,87367
2016-10-26,5.42,5.44,5.31,5.31,69118
2016-10-27,5.31,5.39,5.26,5.35,67692
2016-10-28,5.39,5.44,5.3,5.32,109005
2016-10-31,5.32,5.32,5.1,5.18,93671
2016-11-01,5.18,5.25,5.17,5.22,59425
2016-11-02,5.17,5.24,4.96,4.99,155772
2016-11-03,4.96,5.14,4.92,5.01,121034
2016-11-04,5.01,5.1,4.96,5.0,71034
2016-11-07,5.0,5.04,4.95,4.97,63239
2016-11-08,5.01,5.08,4.99,5.05,63742
2016-11-09,5.08,5.08,4.86,4.9,104144
2016-11-10,5.01,5.06,4.95,5.03,76890
2016-11-11,5.12,5.12,4.95,5.06,105235
2016-11-14,5.08,5.2,5.04,5.2,140148
2016-11-15,5.21,5.24,5.1,5.24,124212
2016-11-16,5.25,5.35,5.22,5.25,140774
2016-11-17,5.22,5.24,5.1,5.16,88199
2016-11-18,5.19,5.2,5.11,5.13,73360
2016-11-21,5.14,5.14,5.02,5.06,75788
2016-11-22,5.09,5.16,5.05,5.16,104788
2016-11-23,5.19,5.22,5.07,5.09,97527
2016-11-24,5.09,5.14,4.94,4.96,93343
2016-11-25,4.96,5.11,4.89,5.11,102882
2016-11-28,5.15,5.19,5.06,5.1,86540
2016-11-29,5.06,5.11,5.02,5.04,101989
2016-11-30,5.01,5.16,5.0,5.06,82524
2016-12-01,5.08,5.21,5.06,5.19,113583
2016-12-02,5.2,5.21,4.97,5.0,96550
2016-12-05,4.95,5.13,4.92,5.01,76724
2016-12-06,5.02,5.06,4.89,4.93,69508
2016-12-07,4.94,4.97,4.9,4.96,53032
2016-12-08,4.96,4.98,4.86,4.88,65011
2016-12-09,4.88,4.91,4.72,4.74,95119
2016-12-12,4.75,4.76,4.14,4.18,153311
2016-12-13,4.18,4.22,4.13,4.16,67462
2016-12-14,4.17,4.2,3.98,4.0,72647
2016-12-15,4.0,4.15,3.97,4.05,68684
2016-12-16,4.07,4.19,4.06,4.13,54567
2016-12-19,4.16,4.16,4.04,4.12,64244
2016-12-20,4.14,4.14,4.07,4.09,34305
2016-12-21,4.13,4.15,4.08,4.11,48769
2016-12-22,4.12,4.13,4.06,4.1,48109
2016-12-23,4.1,4.15,4.05,4.1,57170
2016-12-26,4.05,4.12,3.97,4.12,53155
2016-12-27,4.12,4.14,4.08,4.08,30662
2016-12-28,4.09,4.12,4.07,4.09,31677
2016-12-29,4.08,4.17,4.07,4.11,50047
2016-12-30,4.15,4.41,4.12,4.33,144548
2017-01-03,4.33,4.36,4.26,4.28,66125
2017-01-04,4.33,4.37,4.24,4.35,83010
2017-01-05,4.35,4.36,4.26,4.28,55892
2017-01-06,4.28,4.28,4.16,4.16,62244
2017-01-09,4.16,4.21,4.13,4.17,46994
2017-01-10,4.2,4.2,4.12,4.13,39387
2017-01-11,4.12,4.16,4.02,4.05,44800
2017-01-12,4.05,4.12,4.03,4.04,33379
2017-01-13,4.03,4.1,3.97,3.98,42361
2017-01-16,4.0,4.02,3.4,3.65,105089
2017-01-17,3.61,3.82,3.55,3.75,62173
2017-01-18,3.75,3.75,3.68,3.74,42580
2017-01-19,3.72,3.74,3.62,3.65,40646
2017-01-20,3.65,3.82,3.65,3.77,49844
2017-01-23,3.77,3.84,3.75,3.83,40752
2017-01-24,3.93,4.15,3.92,4.05,119132
2017-01-25,4.03,4.08,3.97,4.04,39052
2017-01-26,4.04,4.11,4.02,4.05,38363
2017-02-03,4.06,4.1,3.99,4.06,32569
2017-02-06,4.07,4.26,4.06,4.19,65928
2017-02-07,4.21,4.23,4.06,4.11,53510
2017-02-08,4.11,4.18,4.07,4.17,46606
2017-02-09,4.19,4.22,4.13,4.21,69391
2017-02-10,4.27,4.36,4.18,4.23,91076
2017-02-13,4.19,4.28,4.17,4.23,57232
2017-02-14,4.23,4.26,4.15,4.17,45765
2017-02-15,4.15,4.21,4.08,4.08,54908
2017-02-16,4.09,4.13,4.05,4.08,44819
2017-02-17,4.09,4.13,4.03,4.03,54869
2017-02-20,4.01,4.13,3.96,4.13,55602
2017-02-21,4.15,4.26,4.12,4.23,89910
2017-02-22,4.26,4.26,4.16,4.2,75622
2017-02-23,4.2,4.24,4.16,4.23,59852
2017-02-24,4.2,4.45,4.2,4.43,150977
2017-02-27,4.43,4.46,4.28,4.33,114875
2017-02-28,4.34,4.35,4.2,4.28,110215
2017-03-01,4.26,4.33,4.2,4.24,79869
2017-03-02,4.27,4.36,4.23,4.31,99386
2017-03-03,4.3,4.38,4.22,4.36,84781
2017-03-06,4.36,4.49,4.36,4.44,149540
2017-03-07,4.46,4.51,4.38,4.44,100400
2017-03-08,4.43,4.5,4.38,4.41,84605
2017-03-09,4.4,4.41,4.26,4.28,83172
2017-03-10,4.26,4.31,4.25,4.28,48788
2017-03-13,4.26,4.33,4.18,4.31,78249
2017-03-14,4.32,4.41,4.26,4.29,76253
2017-03-15,4.23,4.29,4.22,4.24,52101
2017-03-16,4.26,4.36,4.26,4.33,60940
2017-03-17,4.35,4.43,4.3,4.33,120773
2017-03-20,4.38,4.38,4.31,4.36,73812
2017-03-21,4.36,4.36,4.29,4.34,56721
2017-03-22,4.31,4.31,4.2,4.26,69475
2017-03-23,4.26,4.29,4.16,4.23,60753
2017-03-24,4.22,4.26,4.17,4.23,71419
2017-03-27,4.23,4.26,4.16,4.17,88206
2017-03-28,4.16,4.23,4.14,4.15,44767
2017-03-29,4.16,4.19,4.07,4.07,62969
2017-03-30,4.07,4.09,3.9,3.91,79212
2017-03-31,3.97,4.03,3.92,4.03,52044
2017-04-05,4.04,4.2,4.04,4.2,68650
2017-04-06,4.2,4.26,4.17,4.2,61473
2017-04-07,4.23,4.27,4.14,4.23,88463
2017-04-10,4.18,4.19,4.05,4.07,86608
2017-04-11,4.06,4.12,4.0,4.08,68831
2017-04-12,4.08,4.16,4.03,4.1,64852
2017-04-13,4.09,4.15,4.06,4.14,51945
2017-04-14,4.1,4.15,4.0,4.0,49346
2017-04-17,4.04,4.08,3.95,3.97,39636
2017-04-18,3.97,4.05,3.9,3.91,50285
2017-04-19,3.88,3.96,3.81,3.91,55797
2017-04-20,3.94,3.94,3.81,3.87,48202
2017-04-21,3.87,3.93,3.84,3.86,43322
2017-04-24,3.86,3.89,3.65,3.65,63417
2017-04-25,3.67,3.77,3.67,3.68,33382
2017-04-26,3.66,3.72,3.63,3.67,56343
2017-04-27,3.65,3.79,3.57,3.78,76498
2017-04-28,3.79,3.83,3.72,3.75,46426
2017-05-02,3.74,3.8,3.72,3.77,43975
2017-05-03,3.76,3.76,3.6,3.67,60282
2017-05-04,3.67,3.83,3.64,3.77,76186
2017-05-05,3.72,3.73,3.65,3.66,56347
2017-05-08,3.65,3.7,3.55,3.61,45768
2017-05-09,3.59,3.67,3.55,3.65,45401
2017-05-10,3.62,3.68,3.36,3.38,80136
2017-05-11,3.34,3.46,3.3,3.39,73680
2017-05-12,3.41,3.41,3.15,3.22,92221
2017-05-15,3.22,3.28,3.12,3.14,63550
2017-05-16,3.15,3.3,2.99,3.29,89558
2017-05-17,3.27,3.62,3.25,3.52,170837
2017-05-18,3.45,3.6,3.45,3.55,87935
2017-05-19,3.51,3.8,3.49,3.69,124839
2017-05-22,3.69,3.84,3.6,3.62,81156
2017-05-23,3.6,3.7,3.53,3.53,70742
2017-05-24,3.59,3.78,3.49,3.75,76443
2017-05-25,3.73,3.89,3.69,3.74,72070
2017-05-26,3.79,3.86,3.69,3.75,69499
2017-05-31,3.82,3.89,3.76,3.77,49352
2017-06-01,3.8,3.83,3.66,3.66,48858
2017-06-02,3.67,3.71,3.48,3.66,80932
2017-06-05,3.69,4.02,3.67,3.96,152448
2017-06-06,3.95,4.25,3.92,4.12,142833
2017-06-07,4.11,4.26,4.06,4.19,123520
2017-06-08,4.2,4.63,4.2,4.56,288370
2017-06-09,4.59,4.62,4.41,4.55,126356
2017-06-12,4.51,4.57,4.41,4.46,90882
2017-06-13,4.48,4.52,4.41,4.52,90213
2017-06-14,4.53,4.74,4.53,4.58,156281
2017-06-15,4.59,4.91,4.52,4.63,232876
2017-06-16,4.63,4.63,4.43,4.45,133408
2017-06-19,4.52,4.54,4.39,4.47,81933
2017-06-20,4.46,4.53,4.41,4.43,69639
2017-06-21,4.44,4.57,4.41,4.5,76714
2017-06-22,4.46,4.53,4.26,4.28,100747
2017-06-23,4.28,4.5,4.28,4.49,118909
2017-06-26,4.43,4.58,4.41,4.51,124156
2017-06-27,4.51,4.56,4.43,4.5,85480
2017-06-28,4.5,4.58,4.39,4.54,99002
2017-06-29,4.61,4.81,4.57,4.71,136975
2017-06-30,4.7,4.81,4.58,4.76,131787
2017-07-03,4.8,4.97,4.74,4.95,186516
2017-07-04,4.94,4.94,4.83,4.87,84237
2017-07-05,4.87,4.91,4.78,4.86,85069
2017-07-06,4.86,4.91,4.68,4.77,134235
2017-07-07,4.76,4.79,4.63,4.77,88038
2017-07-10,4.7,4.75,4.52,4.53,109871
2017-07-11,4.53,4.64,4.45,4.49,61220
2017-07-12,4.51,4.6,4.43,4.6,64019
2017-07-13,4.78,4.78,4.58,4.6,71990
2017-07-14,4.63,4.71,4.56,4.6,58782
2017-07-17,4.58,4.58,4.02,4.09,142759
2017-07-18,4.08,4.28,4.04,4.22,108168
2017-07-19,4.22,4.62,4.15,4.57,121703
2017-07-20,4.58,4.95,4.58,4.83,214161
2017-07-21,4.8,4.87,4.71,4.81,95239
2017-07-24,4.78,5.06,4.78,5.0,213286
2017-07-25,5.0,5.08,4.88,5.01,100903
2017-07-26,4.93,5.2,4.92,5.05,176792
2017-07-27,5.02,5.33,5.01,5.2,239745
2017-07-28,5.19,5.52,5.17,5.49,257774
2017-07-31,5.55,6.05,5.55,5.87,375381
2017-08-01,5.91,5.96,5.64,5.69,190664
2017-08-02,5.7,5.82,5.63,5.64,202492
2017-08-03,5.63,5.8,5.48,5.53,205801
2017-08-04,5.52,5.61,5.4,5.41,142436
2017-08-07,5.35,5.65,5.34,5.57,128747
2017-08-08,5.57,5.77,5.53,5.74,150131
2017-08-09,5.72,5.77,5.5,5.52,123533
2017-08-10,5.49,5.61,5.36,5.45,83033
2017-08-11,5.42,5.69,5.34,5.49,153448
2017-08-14,5.57,5.84,5.55,5.75,148252
2017-08-15,5.85,5.98,5.64,5.66,147611
2017-08-16,5.74,5.98,5.65,5.97,194587
2017-08-17,5.97,5.99,5.72,5.81,176691
2017-08-18,5.76,5.81,5.61,5.67,125456
2017-08-21,5.66,5.73,5.61,5.64,71398
2017-08-22,5.64,5.77,5.61,5.69,98789
2017-08-23,5.7,6.1,5.66,5.94,248327
2017-08-24,5.94,6.09,5.87,5.94,147293
2017-08-25,5.89,6.02,5.85,5.99,94410
2017-08-28,6.01,6.23,5.96,6.17,204739
2017-08-29,6.17,6.2,5.92,5.94,170406
2017-08-30,5.92,6.04,5.85,5.99,116922
2017-08-31,5.99,6.02,5.89,5.93,63560
2017-09-01,5.93,5.97,5.75,5.93,110181
2017-09-04,5.94,6.38,5.88,6.35,279907
2017-09-05,6.34,6.7,6.26,6.28,291639
2017-09-06,6.38,6.42,6.08,6.34,162864
2017-09-07,6.34,6.53,6.07,6.07,228816
2017-09-08,6.02,6.12,5.96,6.02,93465
2017-09-11,6.07,6.67,6.06,6.63,257788
2017-09-12,6.73,7.48,6.67,6.9,577130
2017-09-13,6.84,7.91,6.83,7.67,753612
2017-09-14,7.84,8.0,7.5,7.86,532246
2017-09-15,7.73,8.13,7.51,7.58,366076
2017-09-18,7.73,8.03,7.62,7.98,248899
2017-09-19,7.92,9.03,7.92,8.75,498825
2017-09-20,8.7,8.95,8.43,8.95,283314
2017-09-21,8.85,8.85,8.04,8.22,345697
2017-09-22,8.67,9.1,8.37,8.52,481096
2017-09-25,8.7,8.88,8.25,8.28,275364
2017-09-26,7.99,8.54,7.99,8.14,234261
2017-09-27,8.31,8.82,8.03,8.68,269838
2017-09-28,8.66,9.03,8.49,8.8,230819
2017-09-29,8.83,8.95,8.64,8.87,144252
2017-10-09,9.05,9.35,8.57,8.7,210255
2017-10-10,8.79,8.81,8.14,8.6,235113
2017-10-11,8.48,8.6,8.25,8.44,116274
2017-10-12,8.46,8.67,8.29,8.29,150175
2017-10-13,8.42,8.87,8.36,8.82,193738
2017-10-16,9.0,9.03,8.39,8.64,166373
2017-10-17,8.53,9.25,8.43,9.2,249721
2017-10-18,9.18,9.53,8.85,9.04,268399
2017-10-19,9.01,9.35,8.64,8.87,183249
2017-10-20,8.85,9.1,8.64,8.77,140288
2017-10-23,8.8,9.04,8.71,8.9,185002
2017-10-24,8.89,8.91,8.52,8.82,151473
2017-10-25,8.82,8.91,8.55,8.89,140238
2017-10-26,8.82,9.63,8.72,9.37,409362
2017-10-27,9.35,9.42,8.87,9.05,270406
2017-10-30,9.21,9.71,8.82,9.56,414497
2017-10-31,9.65,10.69,9.64,10.66,360312
2017-11-01,10.54,11.06,10.43,10.71,310402
2017-11-02,10.57,10.92,10.36,10.41,181004
2017-11-03,10.41,10.53,9.93,10.05,238092
2017-11-06,10.14,11.12,10.11,11.11,247687
2017-11-07,11.1,11.11,10.61,10.77,255321
2017-11-08,10.79,11.14,10.6,10.88,211552
2017-11-09,10.82,11.25,10.62,11.04,201925
2017-11-10,11.2,12.13,11.05,11.73,427984
2017-11-13,11.86,13.06,11.73,12.38,387848
2017-11-14,12.61,12.97,11.8,11.98,332337
2017-11-15,12.19,12.19,11.29,11.57,271363
2017-11-16,11.58,12.03,11.32,11.8,273987
2017-11-17,11.83,12.18,10.43,10.94,427070
2017-11-20,10.86,11.45,10.14,11.42,365918
2017-11-21,11.22,11.49,10.29,10.91,473218
2017-11-22,10.78,11.25,10.43,10.87,298980
2017-11-23,10.66,10.92,9.47,9.47,444800
2017-11-24,9.21,9.81,9.21,9.38,302191
2017-11-27,9.42,9.56,8.91,9.15,208808
2017-11-28,9.25,9.58,9.08,9.53,222554
2017-11-29,9.52,9.56,9.08,9.26,176833
2017-11-30,9.32,9.35,8.56,8.6,309210
2017-12-01,8.72,8.92,8.6,8.71,226318
2017-12-04,8.75,9.13,8.75,8.87,237720
2017-12-05,8.93,9.12,8.57,8.7,163956
2017-12-06,8.7,8.92,7.94,8.6,289335
2017-12-07,8.54,8.68,8.28,8.47,154580
2017-12-08,8.51,9.11,8.49,9.03,244688
2017-12-11,9.17,9.91,8.92,9.74,311795
2017-12-12,9.66,9.72,9.28,9.45,189328
2017-12-13,9.33,9.69,9.25,9.66,133478
2017-12-14,9.6,9.77,9.48,9.61,117302
2017-12-15,9.56,9.88,9.29,9.38,115339
2017-12-18,9.38,9.47,8.94,9.26,120063
2017-12-19,9.3,9.59,9.2,9.28,120271
2017-12-20,9.23,9.61,9.19,9.53,153212
2017-12-21,9.52,10.43,9.36,10.19,230361
2017-12-22,10.14,11.15,10.09,10.72,334639
2017-12-25,10.67,11.04,10.44,10.67,181365
2017-12-26,10.57,10.63,10.07,10.49,175544
2017-12-27,10.43,10.67,10.18,10.23,132179
2017-12-28,10.21,10.49,10.08,10.37,133890
2017-12-29,10.36,10.67,10.19,10.26,128738
2018-01-02,10.41,10.59,10.24,10.57,165635
2018-01-03,10.79,10.79,10.41,10.67,183124
2018-01-04,10.62,10.63,10.11,10.39,209968
2018-01-05,10.36,10.37,9.57,9.81,337951
2018-01-08,9.72,9.82,9.08,9.4,281231
2018-01-09,9.33,9.39,9.08,9.17,204831
2018-01-10,9.16,9.26,8.8,8.85,205407
2018-01-11,8.83,9.21,8.79,9.08,148146
2018-01-12,9.08,9.27,8.92,8.95,125613
2018-01-15,8.94,8.94,8.34,8.46,193510
2018-01-16,8.46,8.55,8.07,8.24,165492
2018-01-17,8.26,8.85,7.98,8.67,214427
2018-01-18,8.68,9.24,8.65,8.99,236433
2018-01-19,9.0,9.35,8.94,9.0,147450
2018-01-22,9.0,9.27,8.94,9.1,159287
2018-01-23,9.01,9.31,8.98,9.23,132030
2018-01-24,9.14,9.53,9.0,9.44,190576
2018-01-25,9.44,9.71,9.12,9.25,156797
2018-01-26,9.14,9.49,9.05,9.27,105680
2018-01-29,9.21,9.5,9.0,9.07,109548
2018-01-30,9.0,9.41,9.0,9.33,113833
2018-01-31,8.92,9.1,8.08,8.9,171502
2018-02-01,8.91,9.35,8.77,8.82,157982
2018-02-02,8.54,9.04,8.14,8.22,204898
2018-02-05,7.9,8.14,7.44,7.56,268394
2018-02-06,7.28,7.54,7.07,7.19,157631
2018-02-07,7.49,7.67,6.85,7.42,214888
2018-02-08,7.46,7.56,7.14,7.23,206646
2018-02-09,6.85,7.08,6.48,6.72,213276
2018-02-12,6.9,7.66,6.88,7.64,178387
2018-02-13,7.76,7.9,7.44,7.64,136822
2018-02-14,7.61,7.65,7.37,7.54,77453
2018-02-22,7.68,7.89,7.47,7.84,99219
2018-02-23,7.82,7.84,7.43,7.54,107540
2018-02-26,7.68,8.61,7.55,8.61,265339
2018-02-27,8.47,8.97,8.45,8.64,217544
2018-02-28,8.41,8.95,8.41,8.62,158566
2018-03-01,8.63,9.28,8.5,9.2,256344
2018-03-02,9.1,9.27,8.83,8.86,170519
2018-03-05,8.92,9.03,8.76,8.95,135103
2018-03-06,9.02,9.31,8.93,9.05,177235
2018-03-07,9.07,9.34,8.8,9.16,184347
2018-03-08,9.11,9.32,9.01,9.05,106105
2018-03-09,9.05,9.61,9.03,9.51,214351
2018-03-12,9.57,10.26,9.57,9.98,271620
2018-03-13,10.01,10.04,9.77,9.82,162198
2018-03-14,9.73,9.91,9.63,9.63,148305
2018-03-15,9.52,9.64,9.23,9.6,131920
2018-03-16,9.56,9.76,9.18,9.18,140308
2018-03-19,9.08,9.76,8.97,9.68,190446
2018-03-20,9.57,9.71,9.38,9.57,112231
2018-03-21,9.7,10.11,9.38,9.47,186563
2018-03-22,9.47,9.88,9.47,9.67,184943
2018-03-23,9.13,9.28,8.44,8.47,226082
2018-03-26,8.1,9.64,8.1,9.64,258241
2018-03-27,9.86,10.2,9.78,10.04,277130
2018-03-28,9.86,10.43,9.78,10.27,255087
2018-03-29,10.29,10.39,9.96,10.29,175764
2018-03-30,10.39,10.61,10.18,10.56,264676
2018-04-02,10.59,10.69,10.02,10.39,303893
2018-04-03,10.14,10.39,9.93,10.18,212370
2018-04-04,10.31,10.31,9.54,9.56,177204
2018-04-09,9.48,9.99,9.47,9.8,205652
2018-04-10,9.99,10.06,9.54,9.82,155735
2018-04-11,10.0,10.06,9.65,9.76,155180
2018-04-12,9.74,9.96,9.55,9.7,99436
2018-04-13,9.74,9.86,9.1,9.33,183566
2018-04-16,9.21,9.47,8.92,9.17,178507
2018-04-17,9.19,9.41,8.69,8.71,214244
2018-04-18,8.85,9.48,8.64,9.3,197085
2018-04-19,9.28,10.05,9.23,9.83,279735
2018-04-20,9.8,9.98,9.51,9.61,178680
2018-04-23,9.53,9.76,9.37,9.74,151651
2018-04-24,9.76,10.39,9.64,10.28,302241
2018-04-25,10.26,10.28,9.93,10.06,189159
2018-04-26,10.09,10.13,9.71,9.85,130692
2018-04-27,9.93,9.99,9.59,9.83,129869
2018-05-02,9.86,10.13,9.56,9.74,143602
2018-05-03,9.76,9.84,9.16,9.6,191717
2018-05-04,9.51,9.74,9.3,9.38,162362
2018-05-07,9.49,10.41,9.35,10.24,307132
2018-05-08,10.29,10.4,10.1,10.39,219749
2018-05-09,10.39,10.5,10.15,10.34,151998
2018-05-10,10.4,10.67,10.16,10.54,240318
2018-05-11,10.54,10.54,10.04,10.17,188648
2018-05-14,10.11,10.11,9.64,9.84,230453
2018-05-15,9.87,9.93,9.58,9.83,184022
2018-05-16,9.78,9.95,9.5,9.72,167951
2018-05-17,9.73,9.73,9.18,9.3,234399
2018-05-18,9.3,9.3,8.74,8.9,252121
2018-05-21,8.99,9.18,8.87,9.05,257215
2018-05-22,9.04,9.05,8.44,8.72,310696
2018-05-23,8.73,8.85,8.39,8.41,234201
2018-05-24,8.41,8.59,8.39,8.44,151735
2018-05-25,8.41,8.45,7.96,8.07,231220
2018-05-28,8.14,8.16,7.52,7.63,272588
2018-05-29,7.67,7.92,7.58,7.62,190893
2018-05-30,7.41,7.67,7.25,7.48,177064
2018-05-31,7.57,7.61,6.87,7.06,319384
2018-06-01,6.96,7.23,6.78,6.82,196836
2018-06-04,5.82,5.82,5.82,5.82,42540
2018-06-05,4.91,4.91,4.91,4.91,36311
2018-06-06,4.56,4.67,4.1,4.29,1331552
2018-06-07,4.21,4.33,4.13,4.19,631565
2018-06-08,4.22,4.23,3.91,4.0,495767
2018-06-11,3.97,4.15,3.68,3.75,509101
2018-06-12,3.93,4.07,3.83,4.02,474185
2018-06-13,4.0,4.01,3.75,3.77,331953
2018-06-14,3.76,3.85,3.61,3.8,327886
2018-06-15,3.79,3.8,3.41,3.44,373622
2018-06-19,3.33,3.45,2.8,2.94,408434
2018-06-20,2.94,3.24,2.94,3.14,347048
2018-06-21,3.2,3.22,2.86,2.94,377775
2018-06-22,2.87,3.24,2.84,3.2,363452
2018-06-25,3.29,3.35,3.05,3.08,324625
2018-06-26,2.98,3.33,2.98,3.16,371141
2018-06-27,3.17,3.37,3.11,3.25,363181
2018-06-28,3.32,3.35,3.04,3.11,330687
2018-06-29,3.09,3.34,3.09,3.3,323932
2018-07-02,3.32,3.33,2.86,2.95,445055
2018-07-03,3.0,3.29,2.92,3.2,455496
2018-07-04,3.25,3.29,3.01,3.09,326187
2018-07-05,3.13,3.19,2.84,2.84,293115
2018-07-06,2.85,3.01,2.66,2.91,387708
2018-07-09,2.96,3.01,2.91,3.01,221854
2018-07-10,3.05,3.06,2.63,2.77,553769
2018-07-11,2.65,2.73,2.48,2.56,344808
2018-07-12,2.58,2.83,2.58,2.81,366705
2018-07-13,2.82,2.86,2.69,2.7,277270
2018-07-16,2.74,2.82,2.61,2.65,347926
2018-07-17,2.68,2.7,2.54,2.65,245181
2018-07-18,2.67,2.71,2.46,2.46,511840
2018-07-19,2.5,2.52,2.29,2.31,376850
2018-07-20,2.33,2.44,2.27,2.43,293274
2018-07-23,2.43,2.48,2.34,2.46,271027
2018-07-24,2.5,2.94,2.45,2.83,731722
2018-07-25,2.79,2.83,2.64,2.67,513340
2018-07-26,2.69,2.78,2.64,2.72,393919
2018-07-27,2.71,2.81,2.61,2.62,369892
2018-07-30,2.58,2.65,2.43,2.47,312819
2018-07-31,2.49,2.56,2.44,2.5,187303
2018-08-01,2.51,2.56,2.44,2.47,232122
2018-08-02,2.44,2.44,2.07,2.17,347838
2018-08-03,2.15,2.25,2.11,2.12,182897
2018-08-06,2.08,2.08,1.71,1.77,356958
2018-08-07,1.81,1.95,1.76,1.94,299599
2018-08-08,1.98,2.45,1.97,2.08,605315
2018-08-09,1.97,2.26,1.91,2.18,408569
2018-08-10,2.18,2.27,2.12,2.21,227103
2018-08-13,2.13,2.21,2.06,2.18,201932
2018-08-14,2.18,2.23,2.13,2.15,165894
2018-08-15,2.11,2.14,1.85,1.89,347528
2018-08-16,1.81,1.94,1.79,1.87,204422
2018-08-17,1.93,1.96,1.7,1.72,250680
2018-08-20,1.73,1.78,1.54,1.68,327918
2018-08-21,1.68,1.78,1.61,1.75,239014
2018-08-22,1.73,1.75,1.57,1.62,227977
2018-08-23,1.62,1.68,1.57,1.65,226775
2018-08-24,1.64,1.65,1.59,1.59,163959
2018-08-27,1.65,1.79,1.62,1.75,332773
2018-08-28,1.84,2.1,1.82,1.9,545269
2018-08-29,1.92,1.95,1.81,1.82,231103
2018-08-30,1.82,1.94,1.8,1.82,262413
2018-08-31,1.8,1.94,1.64,1.76,328348
2018-09-03,1.89,1.95,1.74,1.87,387866
2018-09-04,1.81,1.9,1.78,1.86,319981
2018-09-05,1.83,1.92,1.78,1.78,334641
2018-09-06,1.74,1.77,1.6,1.63,333251
2018-09-07,1.64,1.8,1.64,1.75,332617
2018-09-10,1.73,1.8,1.59,1.6,260028
2018-09-11,1.6,1.7,1.58,1.65,179025
2018-09-12,1.65,1.84,1.63,1.78,333373
2018-09-13,1.85,1.88,1.72,1.82,239191
2018-09-14,1.84,1.9,1.75,1.76,243078
2018-09-17,1.78,1.78,1.61,1.62,216851
2018-09-18,1.63,1.79,1.6,1.78,239536
2018-09-19,1.7,1.83,1.68,1.78,291257
2018-09-20,1.79,1.88,1.76,1.79,251665
2018-09-21,1.8,1.85,1.72,1.84,296683
2018-09-25,1.8,1.86,1.78,1.8,184473
2018-09-26,1.81,1.97,1.8,1.93,485986
2018-09-27,1.91,1.93,1.79,1.8,322619
2018-09-28,1.82,1.88,1.78,1.83,240666
2018-10-08,1.73,1.73,1.58,1.6,244190
2018-10-09,1.62,1.65,1.55,1.6,156328
2018-10-10,1.65,1.7,1.56,1.62,164425
2018-10-11,1.37,1.4,1.15,1.15,375069
2018-10-12,1.07,1.12,0.79,0.98,404571
2018-10-15,0.99,1.05,0.84,0.87,195643
2018-10-16,0.86,0.91,0.72,0.74,214097
2018-10-17,0.8,0.85,0.7,0.82,240316
2018-10-18,0.78,0.79,0.67,0.69,177117
2018-10-19,0.62,0.82,0.58,0.79,220246
2018-10-22,0.84,1.14,0.82,1.07,397409
2018-10-23,1.07,1.12,0.92,0.96,238982
2018-10-24,0.96,1.06,0.94,0.96,179717
2018-10-25,0.81,0.96,0.78,0.94,200799
2018-10-26,0.98,1.04,0.89,0.92,172200
2018-10-29,0.88,1.06,0.87,0.99,233517
2018-10-30,0.98,1.06,0.89,1.02,200492
2018-10-31,1.04,1.09,1.0,1.07,224999
2018-11-01,1.09,1.34,1.07,1.15,373100
2018-11-02,1.28,1.36,1.19,1.35,456122
2018-11-05,1.8,1.8,1.8,1.8,104763
2018-11-06,2.3,2.3,2.03,2.3,1472659
2018-11-07,2.3,2.37,2.15,2.19,978558
2018-11-08,2.23,2.33,2.13,2.19,602695
2018-11-09,2.17,2.26,2.05,2.08,434412
2018-11-12,2.03,2.6,2.03,2.6,957372
2018-11-13,2.53,3.01,2.48,2.75,1057765
2018-11-14,2.85,2.93,2.63,2.76,592655
2018-11-15,2.7,2.84,2.68,2.75,328400
2018-11-16,2.76,3.07,2.74,2.82,504134
2018-11-19,2.78,3.02,2.63,2.9,461552
2018-11-20,2.81,2.84,2.5,2.5,474861
2018-11-21,2.41,2.79,2.41,2.7,449552
2018-11-22,2.81,2.93,2.64,2.69,245590
2018-11-23,2.72,2.74,2.46,2.48,294012
2018-11-26,2.53,2.61,2.43,2.51,178000
2018-11-27,2.58,2.71,2.44,2.53,267849
2018-11-28,2.51,3.07,2.5,2.96,586502
2018-11-29,2.95,3.06,2.79,2.81,430734
2018-11-30,2.79,2.91,2.71,2.87,263310
2018-12-03,3.15,3.22,2.91,2.99,374511
2018-12-04,2.96,2.99,2.82,2.91,242967
2018-12-05,2.79,3.51,2.76,3.51,673193
2018-12-06,3.54,4.0,3.47,3.72,745329
2018-12-07,3.75,3.84,3.51,3.78,407560
2018-12-10,3.67,3.7,3.44,3.48,371992
2018-12-11,3.49,3.65,3.48,3.54,244389
2018-12-12,3.61,4.08,3.61,3.75,510037
2018-12-13,3.89,3.95,3.7,3.8,335456
2018-12-14,3.77,3.79,3.61,3.62,228368
2018-12-17,3.55,3.59,3.35,3.47,270077
2018-12-18,3.52,3.85,3.52,3.71,402170
2018-12-19,3.66,3.67,3.31,3.37,310760
2018-12-20,3.36,3.86,3.34,3.64,471314
2018-12-21,3.68,3.74,3.38,3.53,344000
2018-12-24,3.51,3.71,3.43,3.71,261464
2018-12-25,3.6,3.83,3.47,3.82,366469
2018-12-26,3.8,3.99,3.69,3.93,363083
2018-12-27,4.04,4.07,3.57,3.6,321384
2018-12-28,3.6,3.67,2.92,3.27,648387
2019-01-02,3.24,3.31,3.01,3.09,252629
2019-01-03,3.12,3.18,2.94,2.96,203742
2019-01-04,2.89,3.19,2.84,3.12,230399
2019-01-07,3.17,3.52,3.12,3.37,297639
2019-01-08,3.32,3.42,3.2,3.31,169657
2019-01-09,3.32,3.47,3.12,3.24,268205
2019-01-10,3.43,3.85,3.43,3.72,496044
2019-01-11,3.64,3.72,3.48,3.68,299925
2019-01-14,3.68,3.68,3.47,3.5,237107
2019-01-15,3.5,4.05,3.46,3.93,434224
2019-01-16,3.94,4.01,3.85,3.95,231687
2019-01-17,3.95,4.22,3.65,3.72,421188
2019-01-18,3.82,4.3,3.57,4.18,488877
2019-01-21,4.19,4.51,4.05,4.32,425760
2019-01-22,4.25,4.36,4.16,4.26,225399
2019-01-23,4.2,4.33,4.09,4.3,212470
2019-01-24,4.25,5.05,4.22,5.05,670582
2019-01-25,5.16,5.8,4.97,5.44,579671
2019-01-28,5.46,6.02,5.24,5.44,513299
2019-01-29,5.51,5.57,4.85,5.06,602003
2019-01-30,5.0,5.23,4.83,4.83,389858
2019-01-31,4.91,4.97,4.63,4.79,337181
2019-02-01,4.9,5.44,4.9,5.31,401653
2019-02-11,5.33,5.59,5.16,5.59,392160
2019-02-12,5.47,5.61,5.34,5.41,309271
2019-02-13,5.41,5.64,5.29,5.5,364548
2019-02-14,5.44,6.02,5.29,5.97,567488
2019-02-15,5.85,6.02,5.64,5.7,397075
2019-02-18,5.75,6.15,5.71,6.07,437892
2019-02-19,6.34,6.4,5.83,5.99,417934
2019-02-20,6.04,6.23,5.89,6.12,267343
2019-02-21,5.97,6.48,5.83,5.95,482498
2019-02-22,5.97,6.18,5.74,5.97,432411
2019-02-25,6.15,6.17,5.79,6.13,683547
2019-02-26,6.04,6.04,5.49,5.62,630355
2019-02-27,5.62,5.65,4.83,5.07,681599
2019-02-28,5.03,5.35,4.86,5.01,476387
2019-03-01,5.11,5.13,4.92,5.08,324178
2019-03-04,5.12,5.48,5.03,5.26,544826
2019-03-05,5.19,5.39,5.07,5.39,412148
2019-03-06,5.44,5.58,5.27,5.47,474008
2019-03-07,5.46,5.46,5.11,5.21,462705
2019-03-08,5.03,5.14,4.67,4.67,439958
2019-03-11,4.76,5.45,4.76,5.45,751300
2019-03-12,5.67,5.74,5.41,5.58,636323
2019-03-13,5.62,5.68,5.33,5.47,405316
2019-03-14,5.47,5.66,5.12,5.25,429509
2019-03-15,5.35,6.0,5.35,5.64,560397
2019-03-18,5.72,5.73,5.38,5.6,436042
2019-03-19,5.6,5.62,5.41,5.54,323553
2019-03-20,5.61,5.62,5.09,5.29,390295
2019-03-21,5.22,5.36,5.17,5.24,252737
2019-03-22,5.21,5.21,4.92,5.09,300303
2019-03-25,5.09,5.09,4.88,4.88,234799
2019-03-26,5.01,5.14,4.81,4.91,255711
2019-03-27,4.93,5.14,4.9,5.03,229974
2019-03-28,4.97,5.05,4.81,4.83,227101
2019-03-29,4.75,4.9,4.18,4.75,498629
2019-04-01,4.75,5.54,4.66,5.54,597553
2019-04-02,5.77,5.78,5.53,5.64,745191
2019-04-03,5.55,5.72,5.49,5.64,291983
2019-04-04,5.62,5.76,5.44,5.63,363803
2019-04-08,5.72,5.89,5.31,5.47,373276
2019-04-09,5.35,5.64,5.26,5.42,248862
2019-04-10,5.33,5.46,5.19,5.24,236896
2019-04-11,5.3,5.67,5.15,5.54,484711
2019-04-12,5.47,5.69,5.44,5.59,237975
2019-04-15,5.74,5.79,5.46,5.46,269558
2019-04-16,5.33,5.74,5.06,5.69,388570
2019-04-17,5.76,6.47,5.64,6.23,607075
2019-04-18,6.17,6.58,6.04,6.15,433426
2019-04-19,6.22,6.45,6.04,6.34,265850
2019-04-22,6.37,7.05,6.2,6.22,438140
2019-04-23,6.37,6.58,5.96,6.1,359660
2019-04-24,6.18,6.32,5.85,6.04,295038
2019-04-25,6.15,6.25,5.67,5.75,276440
2019-04-26,5.67,5.9,5.64,5.64,183778
2019-04-29,5.67,5.86,5.19,5.56,263741
2019-04-30,5.6,5.79,5.34,5.4,173945
2019-05-06,4.81,5.24,4.61,4.93,249953
2019-05-07,5.04,5.24,4.83,4.99,199326
2019-05-08,4.85,5.04,4.7,4.76,162201
2019-05-09,4.76,4.82,4.33,4.33,267575
2019-05-10,4.53,4.7,4.1,4.49,438937
2019-05-13,4.33,4.34,3.73,3.73,452744
2019-05-14,3.42,4.01,3.41,3.9,399896
2019-05-15,4.11,4.6,4.04,4.6,475664
2019-05-16,4.76,4.82,4.35,4.39,362295
2019-05-17,4.49,4.49,3.99,3.99,296027
2019-05-20,3.9,4.07,3.79,3.87,246916
2019-05-21,3.9,4.21,3.9,3.99,240264
2019-05-22,4.0,4.22,3.88,3.95,255200
2019-05-23,3.9,4.02,3.68,3.73,270760
2019-05-24,3.77,3.79,3.47,3.57,248931
2019-05-27,3.68,3.95,3.65,3.89,325389
2019-05-28,3.87,4.0,3.76,3.84,215543
2019-05-29,3.77,3.97,3.77,3.82,193699
2019-05-30,3.77,3.79,3.52,3.68,251564
2019-05-31,3.82,4.17,3.76,4.07,569765
2019-06-03,4.04,4.05,3.75,3.77,333174
2019-06-04,3.78,3.91,3.64,3.77,220579
2019-06-05,3.84,3.88,3.67,3.7,157922
2019-06-06,3.68,3.68,3.36,3.37,230447
2019-06-10,3.39,3.54,3.35,3.45,146280
2019-06-11,3.46,3.64,2.9,3.62,465545
2019-06-12,3.53,3.59,3.18,3.21,447112
2019-06-13,3.27,3.48,3.22,3.47,376205
2019-06-14,3.39,3.45,3.14,3.16,308915
2019-06-17,3.16,3.22,2.87,2.96,279225
2019-06-18,2.97,3.06,2.89,2.96,172676
2019-06-19,3.12,3.24,3.09,3.09,251383
2019-06-20,3.04,3.41,3.03,3.3,331862
2019-06-21,3.43,3.58,3.35,3.44,272498
2019-06-24,3.46,3.64,3.42,3.58,263123
2019-06-25,3.61,3.62,3.37,3.46,196962
2019-06-26,3.48,3.64,3.38,3.54,229621
2019-06-27,3.54,3.8,3.5,3.73,286593
2019-06-28,3.75,3.75,3.49,3.62,203320
2019-07-01,3.76,3.87,3.68,3.82,247496
2019-07-02,3.82,3.87,3.62,3.77,255275
2019-07-03,3.76,3.76,3.58,3.63,176089
2019-07-04,3.65,3.73,3.56,3.59,134769
2019-07-05,3.61,3.7,3.56,3.63,97830
2019-07-08,3.64,3.64,3.1,3.18,345223
2019-07-09,3.24,3.52,3.18,3.44,337545
2019-07-10,3.52,3.57,3.33,3.41,136930
2019-07-11,3.42,3.45,3.22,3.27,199294
2019-07-12,3.22,3.9,3.22,3.9,605228
2019-07-15,4.0,4.23,3.85,4.08,672650
2019-07-16,4.06,4.27,4.03,4.18,450717
2019-07-17,4.2,4.25,4.1,4.2,293178
2019-07-18,4.33,4.44,4.17,4.17,402104
2019-07-19,4.23,4.35,4.12,4.12,349975
2019-07-22,4.23,4.37,4.09,4.25,369919
2019-07-23,4.21,4.39,4.08,4.3,387066
2019-07-24,4.3,4.55,4.26,4.48,391569
2019-07-25,4.48,4.6,4.33,4.49,333574
2019-07-26,4.49,4.52,4.35,4.43,209917
2019-07-29,4.39,4.45,4.34,4.4,159157
2019-07-30,4.37,4.49,4.25,4.25,206863
2019-07-31,4.25,4.43,4.23,4.28,183584
2019-08-01,4.23,4.4,4.23,4.3,136041
2019-08-02,4.08,4.35,4.03,4.33,195087
2019-08-05,4.29,4.8,4.26,4.61,345487
2019-08-06,4.44,4.68,4.28,4.48,300127
2019-08-07,4.55,4.58,4.05,4.06,273046
2019-08-08,4.09,4.21,3.97,4.13,177793
2019-08-09,4.17,4.23,3.97,4.08,174064
2019-08-12,4.04,4.24,4.0,4.24,115857
2019-08-13,4.09,4.21,4.09,4.12,89257
2019-08-14,4.23,4.28,3.98,4.01,172010
2019-08-15,3.83,4.23,3.8,4.18,202058
2019-08-16,4.21,4.23,4.08,4.12,158508
2019-08-19,4.15,4.46,4.04,4.45,252218
2019-08-20,4.52,4.52,4.38,4.43,160110
2019-08-21,4.38,5.18,4.38,5.18,263804
2019-08-22,5.51,5.74,5.32,5.62,691607
2019-08-23,5.69,5.89,5.5,5.63,501265
2019-08-26,5.43,5.9,5.43,5.72,471568
2019-08-27,5.72,5.87,5.59,5.73,326085
2019-08-28,5.74,6.0,5.6,5.7,350667
2019-08-29,5.69,5.81,5.55,5.69,288882
2019-08-30,5.69,5.85,5.44,5.52,277888
2019-09-02,5.63,6.38,5.53,6.14,442923
2019-09-03,6.15,6.15,5.9,5.99,224544
2019-09-04,6.03,6.08,5.8,5.95,183949
2019-09-05,6.02,6.12,5.85,5.94,218089
2019-09-06,5.88,5.98,5.59,5.72,284885
2019-09-09,5.86,6.05,5.72,5.99,256500
2019-09-10,6.02,6.14,5.8,5.88,166002
2019-09-11,5.9,5.94,5.69,5.7,150660
2019-09-12,5.79,6.5,5.79,5.97,348041
2019-09-16,5.87,6.04,5.77,5.87,252273
2019-09-17,5.82,5.89,5.41,5.51,268951
2019-09-18,5.59,5.59,5.34,5.36,178891
2019-09-19,5.44,5.66,5.37,5.48,182080
2019-09-20,5.51,5.66,5.36,5.46,157004
2019-09-23,5.44,5.44,5.19,5.3,156890
2019-09-24,5.34,5.57,5.28,5.43,199696
2019-09-25,5.35,5.49,5.16,5.19,197744
2019-09-26,5.3,5.3,5.02,5.09,174110
2019-09-27,5.12,5.21,4.96,5.14,120266
2019-09-30,5.14,5.32,5.01,5.01,118761
2019-10-08,5.05,5.33,5.05,5.11,101985
2019-10-09,5.06,5.14,4.9,5.11,117367
2019-10-10,5.12,5.26,5.02,5.12,149358
2019-10-11,5.12,5.16,4.37,4.52,591561
2019-10-14,4.51,4.93,4.45,4.71,475433
2019-10-15,4.83,4.83,4.24,4.4,384458
2019-10-16,4.37,4.42,4.17,4.26,196197
2019-10-17,4.26,4.37,4.13,4.19,200479
2019-10-18,4.23,4.25,4.02,4.06,179050
2019-10-21,4.05,4.06,3.9,4.01,133028
2019-10-22,4.02,4.13,3.96,4.08,138809
2019-10-23,4.08,4.13,3.92,3.96,134533
2019-10-24,3.94,3.99,3.8,3.95,117481
2019-10-25,3.95,4.1,3.85,4.03,127867
2019-10-28,4.02,4.28,4.02,4.25,196447
2019-10-29,4.26,4.29,4.12,4.13,128615
2019-10-30,4.1,4.15,3.95,4.02,123296
2019-10-31,4.0,4.08,3.9,3.92,98368
2019-11-01,3.92,4.02,3.88,4.0,122017
2019-11-04,4.05,4.13,3.95,4.0,140112
2019-11-05,4.03,4.18,3.86,4.17,241405
2019-11-06,4.12,4.78,4.1,4.49,422215
2019-11-07,4.42,4.5,4.33,4.37,191816
2019-11-08,4.42,4.48,4.24,4.29,151823
2019-11-11,4.24,4.24,4.03,4.03,121752
2019-11-12,4.03,4.1,3.9,3.99,116674
2019-11-13,3.94,4.02,3.9,4.0,94543
2019-11-14,3.98,4.02,3.86,3.96,104709
2019-11-15,3.97,3.97,3.78,3.78,111720
2019-11-18,3.74,3.82,3.71,3.8,78354
2019-11-19,3.8,4.11,3.77,4.02,148081
2019-11-20,4.01,4.02,3.89,3.9,98840
2019-11-21,3.9,4.1,3.84,4.07,159932
2019-11-22,4.04,4.32,4.03,4.11,194757
2019-11-25,4.15,4.35,4.11,4.25,184633
2019-11-26,4.25,4.35,4.18,4.28,135503
2019-11-27,4.24,4.32,4.14,4.15,137574
2019-11-28,4.13,4.29,4.08,4.15,115025
2019-11-29,4.1,4.3,4.1,4.24,118862
2019-12-02,4.31,4.71,4.31,4.5,335773
2019-12-03,4.55,4.75,4.52,4.66,223026
2019-12-04,4.66,4.97,4.53,4.88,294177
2019-12-05,4.89,4.99,4.82,4.92,187592
2019-12-06,4.96,5.11,4.83,4.96,189275
2019-12-09,4.96,4.98,4.83,4.88,136913
2019-12-10,4.87,4.96,4.7,4.88,170148
2019-12-11,4.93,4.98,4.72,4.73,132857
2019-12-12,4.76,4.85,4.64,4.67,142483
2019-12-13,4.78,4.8,4.63,4.8,189922
2019-12-16,4.83,4.96,4.71,4.94,212152
2019-12-17,4.98,5.13,4.88,4.93,280265
2019-12-18,4.91,5.11,4.88,4.96,255863
2019-12-19,5.01,5.01,4.88,4.9,166658
2019-12-20,4.89,4.94,4.73,4.75,159592
2019-12-23,4.71,4.86,4.38,4.4,239256
2019-12-24,4.44,4.54,4.38,4.48,140616
2019-12-25,4.47,4.69,4.44,4.6,159397
2019-12-26,4.58,4.63,4.38,4.56,169795
2019-12-27,4.61,4.64,4.42,4.43,195315
2019-12-30,4.4,4.6,4.3,4.58,153647
2019-12-31,4.55,4.59,4.41,4.46,161428
2020-01-02,4.55,5.11,4.53,4.92,413242
2020-01-03,4.98,5.0,4.82,4.87,264053
2020-01-06,4.86,5.32,4.81,5.26,453412
2020-01-07,5.35,5.41,5.14,5.27,297836
2020-01-08,5.31,5.41,5.16,5.24,328733
2020-01-09,5.37,5.59,5.17,5.27,320180
2020-01-10,5.23,5.28,4.98,5.01,329684
2020-01-13,5.11,5.25,4.89,5.21,309351
2020-01-14,5.21,5.36,5.14,5.18,211496
2020-01-15,5.17,5.19,5.01,5.07,137551
2020-01-16,5.13,5.26,5.02,5.09,178213
2020-01-17,5.09,5.21,4.96,5.02,147583
2020-01-20,5.06,5.24,4.95,5.22,233924
2020-01-21,5.24,5.24,4.8,4.86,360559
2020-01-22,4.94,5.64,4.82,5.46,485031
2020-01-23,5.39,5.51,4.95,5.08,443481
2020-02-03,4.26,4.26,4.26,4.26,45650
2020-02-04,3.65,4.27,3.65,4.22,468298
2020-02-05,4.18,4.44,4.15,4.2,324652
2020-02-06,4.16,4.48,4.1,4.38,298043
2020-02-07,4.3,4.6,4.3,4.6,261195
2020-02-10,4.5,4.73,4.47,4.7,255896
2020-02-11,4.66,4.71,4.53,4.56,208084
2020-02-12,4.98,5.32,4.89,5.24,804748
2020-02-13,5.37,5.62,5.16,5.24,725452
2020-02-14,5.11,5.3,4.93,5.01,473430
2020-02-17,5.06,5.43,5.04,5.35,438182
2020-02-18,5.48,6.2,5.48,6.05,902355
2020-02-19,6.21,6.37,6.06,6.09,784963
2020-02-20,6.45,6.85,6.3,6.52,756510
2020-02-21,6.5,7.14,6.5,6.77,773036
2020-02-24,6.65,6.84,6.49,6.6,669241
2020-02-25,6.37,6.77,6.17,6.52,660646
2020-02-26,6.25,6.41,5.86,5.89,758246
2020-02-27,5.99,6.1,5.79,5.89,385904
2020-02-28,5.54,5.69,5.09,5.1,613687
2020-03-02,5.29,5.57,5.24,5.43,464932
2020-03-03,5.65,5.82,5.43,5.55,458842
2020-03-04,5.54,5.71,5.39,5.59,345768
2020-03-05,5.73,6.02,5.66,5.87,507300
2020-03-06,5.7,5.83,5.62,5.67,314218
2020-03-09,5.41,5.48,4.97,5.01,538135
2020-03-10,4.96,5.36,4.83,5.32,543178
2020-03-11,5.36,5.84,5.33,5.37,621667
2020-03-12,5.16,5.55,5.09,5.4,427586
2020-03-13,4.98,5.62,4.91,5.46,507006
2020-03-16,5.59,5.59,4.61,4.61,706251
2020-03-17,4.7,4.79,4.23,4.42,393694
2020-03-18,4.53,4.63,4.23,4.23,382107
2020-03-19,4.23,4.38,4.04,4.36,341658
2020-03-20,4.45,4.46,4.17,4.35,256526
2020-03-23,4.03,4.11,3.78,3.85,325825
2020-03-24,4.01,4.05,3.72,3.97,245749
2020-03-25,4.22,4.38,4.12,4.21,309931
2020-03-26,4.15,4.2,4.05,4.08,193118
2020-03-27,4.2,4.27,4.06,4.12,208845
2020-03-30,3.95,4.0,3.71,3.86,227968
2020-03-31,3.97,4.0,3.72,3.73,198495
2020-04-01,3.75,4.01,3.7,3.8,230713
2020-04-02,3.78,4.13,3.76,4.12,242032
2020-04-03,4.08,4.1,3.9,3.95,179892
2020-04-07,4.13,4.17,4.03,4.1,215473
2020-04-08,4.04,4.13,4.02,4.1,161617
2020-04-09,4.13,4.2,4.08,4.11,139938
2020-04-10,4.08,4.1,3.9,3.93,159576
2020-04-13,3.89,3.89,3.7,3.72,194312
2020-04-14,3.8,3.95,3.76,3.92,166773
2020-04-15,3.93,4.12,3.92,3.98,199558
2020-04-16,3.93,4.1,3.9,4.05,192529
2020-04-17,4.15,4.3,4.05,4.09,345267
2020-04-20,4.08,4.13,3.92,4.01,274309
2020-04-21,3.99,4.0,3.8,3.87,214475
2020-04-22,3.8,4.04,3.79,4.02,207098
2020-04-23,3.99,4.03,3.86,3.86,169534
2020-04-24,3.8,3.92,3.69,3.77,173379
2020-04-27,3.8,3.97,3.8,3.85,192725
2020-04-28,3.94,4.1,3.65,4.07,348811
2020-04-29,4.04,4.58,4.02,4.58,587940
2020-04-30,4.51,4.91,4.48,4.73,505297
2020-05-06,4.66,4.83,4.59,4.76,310660
2020-05-07,4.76,4.93,4.68,4.83,311072
2020-05-08,4.87,4.93,4.74,4.82,235100
2020-05-11,4.88,4.93,4.7,4.77,257917
2020-05-12,4.82,4.85,4.67,4.81,184650
2020-05-13,4.78,4.86,4.74,4.75,161434
2020-05-14,4.72,4.79,4.55,4.56,254954
2020-05-15,4.63,4.7,4.43,4.45,294412
2020-05-18,4.51,4.85,4.36,4.68,373619
2020-05-19,4.93,5.21,4.89,5.15,490267
2020-05-20,5.16,5.26,4.93,4.98,327338
2020-05-21,5.06,5.13,4.52,4.58,327759
2020-05-22,4.63,4.67,4.46,4.51,227671
2020-05-25,4.55,4.67,4.44,4.63,200963
2020-05-26,4.63,4.83,4.62,4.75,209851
2020-05-27,4.76,4.93,4.65,4.69,254086
2020-05-28,4.71,4.84,4.61,4.83,258055
2020-05-29,4.78,5.01,4.76,4.98,379223
2020-06-01,5.03,5.35,5.03,5.24,333483
2020-06-02,5.29,5.4,5.16,5.24,289825
2020-06-03,5.29,5.56,5.23,5.39,393274
2020-06-04,5.42,5.49,5.24,5.28,221882
2020-06-05,5.33,5.34,5.16,5.24,153206
2020-06-08,5.31,5.65,5.31,5.51,317216
2020-06-09,5.51,5.62,5.42,5.45,224193
2020-06-10,5.44,5.46,5.27,5.38,156244
2020-06-11,5.39,5.59,5.31,5.42,236078
2020-06-12,5.16,5.51,5.16,5.41,192329
2020-06-15,5.45,6.22,5.44,5.88,483205
2020-06-16,6.02,6.12,5.89,6.01,290461
2020-06-17,6.0,6.07,5.82,5.89,194960
2020-06-18,5.91,5.94,5.72,5.82,196163
2020-06-19,5.82,6.03,5.77,5.98,230802
2020-06-22,5.99,6.13,5.92,6.02,279681
2020-06-23,6.02,6.17,5.8,6.02,300469
2020-06-24,6.15,6.68,6.04,6.65,604265
2020-06-29,6.59,7.46,6.58,7.09,678452
2020-06-30,7.13,7.41,7.02,7.23,362051
2020-07-01,7.37,7.66,7.1,7.59,378607
2020-07-02,7.6,7.92,7.46,7.86,558110
2020-07-03,7.82,7.96,7.7,7.89,301510
2020-07-06,7.82,7.99,7.48,7.79,628178
2020-07-07,7.78,8.55,7.78,8.34,495993
2020-07-08,8.33,8.59,8.11,8.47,347538
2020-07-09,8.52,9.58,8.47,9.53,502569
2020-07-10,9.36,10.13,8.94,9.76,567619
2020-07-13,9.58,10.19,9.54,10.04,300147
2020-07-14,10.03,10.12,9.58,9.96,314684
2020-07-15,9.95,10.72,9.72,10.21,382054
2020-07-16,10.29,10.57,9.33,9.38,344454
2020-07-17,9.4,10.58,9.4,9.94,513842
2020-07-20,10.22,10.54,9.88,10.31,288283
2020-07-21,11.0,11.63,10.48,10.77,476566
2020-07-22,10.56,11.01,10.43,10.59,251343
2020-07-23,10.57,11.55,10.48,11.34,308474
2020-07-24,11.02,11.39,10.72,10.91,304832
2020-07-27,11.09,12.07,11.09,11.51,306039
2020-07-28,11.66,11.76,10.79,11.12,317187
2020-07-29,11.04,11.47,10.91,11.44,228176
2020-07-30,11.5,12.01,11.3,11.87,307468
2020-07-31,11.93,12.67,11.76,12.01,269107
2020-08-03,12.22,12.29,11.4,11.62,406046
2020-08-04,11.68,11.7,11.07,11.21,448359
2020-08-05,11.22,11.63,11.08,11.41,364989
2020-08-06,11.33,11.51,10.94,11.2,201476
2020-08-07,11.22,11.45,10.81,11.19,224055
2020-08-10,11.35,12.61,11.3,12.61,323250
2020-08-11,13.19,13.85,13.19,13.52,495728
2020-08-12,13.34,13.55,11.86,11.88,601130
2020-08-13,12.16,12.59,11.86,11.9,325852
2020-08-14,11.98,12.16,11.45,11.96,278219
2020-08-17,12.09,12.18,11.77,12.05,164911
2020-08-18,12.05,12.23,11.92,12.01,161814
2020-08-19,12.24,12.24,11.2,11.23,257872
2020-08-20,11.2,11.31,10.69,10.79,232343
2020-08-21,10.82,11.26,10.82,10.94,162131
2020-08-24,11.0,12.03,10.74,11.85,318802
2020-08-25,11.73,12.26,11.59,11.79,213660
2020-08-26,11.81,11.98,11.22,11.37,208836
2020-08-27,11.65,12.08,11.31,11.98,206232
2020-08-28,12.02,12.63,11.85,12.55,232412
2020-08-31,12.76,13.02,12.34,12.68,234486
2020-09-01,12.59,12.87,12.34,12.84,163557
2020-09-02,12.98,13.41,12.42,12.91,218224
2020-09-03,12.87,12.93,12.55,12.66,122163
2020-09-04,12.23,12.69,12.14,12.65,132203
2020-09-07,12.73,13.16,12.36,12.4,185296
2020-09-08,12.57,12.61,12.18,12.39,125899
2020-09-09,12.26,12.33,11.17,11.57,235600
2020-09-10,11.77,12.13,11.48,11.55,153811
2020-09-11,11.55,14.46,11.43,14.46,417360
2020-09-14,16.18,17.38,14.02,14.53,955200
2020-09-15,14.53,15.31,14.16,14.59,616889
2020-09-16,14.47,17.31,14.47,15.8,817426
2020-09-17,15.99,18.0,15.61,17.28,908302
2020-09-18,17.46,17.46,16.39,17.03,672310
2020-09-21,17.38,17.51,15.9,16.0,684544
2020-09-22,15.94,16.28,15.63,15.68,393101
2020-09-23,15.87,19.37,15.87,18.34,847561
2020-09-24,17.62,18.82,15.62,16.22,930203
2020-09-25,16.38,17.1,15.84,16.2,502760
2020-09-28,16.67,18.0,16.48,16.84,597425
2020-09-29,17.19,17.38,16.07,16.2,568033
2020-09-30,16.41,17.61,16.17,16.66,567079
2020-10-09,19.52,20.39,19.03,19.86,769397
2020-10-12,20.18,20.84,19.5,20.05,843075
2020-10-13,19.78,19.98,18.73,19.46,618850
2020-10-14,19.51,20.82,19.51,19.61,828270
2020-10-15,19.35,19.78,18.37,18.76,583745
2020-10-16,18.75,19.36,18.24,18.76,454599
2020-10-19,18.95,18.99,17.51,17.6,512926
2020-10-20,17.91,18.77,17.51,18.42,428851
2020-10-21,18.74,19.13,17.52,17.94,380852
2020-10-22,17.32,17.96,16.89,17.6,320475
2020-10-23,17.88,18.28,16.67,17.01,307126
2020-10-26,17.03,18.82,16.46,18.47,494503
2020-10-27,18.42,18.86,18.02,18.83,387857
2020-10-28,18.82,20.02,18.61,19.56,503983
2020-10-29,19.18,21.02,19.1,20.15,484852
2020-10-30,24.78,24.78,22.77,24.78,1021609
2020-11-02,24.82,30.28,24.56,29.44,1039520
2020-11-03,29.94,30.26,28.14,29.76,720592
2020-11-04,29.58,30.92,26.63,28.7,804327
2020-11-05,29.71,30.28,28.35,29.56,671148
2020-11-06,30.14,30.16,27.46,28.06,568828
2020-11-09,28.35,29.92,27.64,28.7,649441
2020-11-10,28.24,32.28,27.79,30.78,791990
2020-11-11,29.95,30.25,28.14,28.14,543574
2020-11-12,29.4,31.19,28.72,31.19,626852
2020-11-13,31.05,31.14,28.72,30.18,567886
2020-11-16,30.32,30.79,28.33,29.81,437230
2020-11-17,29.53,30.28,28.13,29.2,355962
2020-11-18,28.83,30.09,26.91,28.56,492206
2020-11-19,28.42,29.46,27.71,28.43,373026
2020-11-20,28.97,30.35,28.35,29.68,405951
2020-11-23,29.71,34.53,29.28,33.43,691853
2020-11-24,32.86,34.41,32.31,33.69,448108
2020-11-25,33.5,33.7,31.38,31.61,396365
2020-11-26,31.35,31.7,30.06,31.35,293869
2020-11-27,31.5,31.5,30.16,30.58,238986
2020-11-30,30.85,31.4,29.44,31.4,337754
2020-12-01,30.85,33.11,30.39,31.99,389264
2020-12-02,31.57,32.27,30.42,30.87,305061
2020-12-03,30.71,31.45,30.07,31.17,240590
2020-12-04,30.99,31.57,29.99,30.64,262680
2020-12-07,31.0,33.17,30.32,31.93,378066
2020-12-08,32.21,35.12,32.0,34.13,447067
2020-12-09,34.82,36.22,33.2,33.41,392795
2020-12-10,34.08,37.97,33.14,37.36,568768
2020-12-11,37.36,37.97,35.3,35.72,442526
2020-12-14,36.94,39.23,36.21,37.9,481728
2020-12-15,38.3,41.81,38.15,41.38,583985
2020-12-16,41.81,42.66,40.42,42.09,414213
2020-12-17,41.45,41.71,39.71,41.38,432262
2020-12-18,40.89,42.56,40.04,40.94,411165
2020-12-21,41.96,44.74,41.24,44.18,529364
2020-12-22,43.53,45.17,41.63,42.03,510911
2020-12-23,43.7,49.53,43.7,47.06,627415
2020-12-24,46.76,49.44,45.05,47.4,436482
2020-12-25,47.83,51.83,46.76,50.48,504382
2020-12-28,50.53,50.55,47.56,49.95,607841
2020-12-29,48.76,48.98,42.9,44.46,743915
2020-12-30,45.06,47.0,45.06,45.66,465516
2020-12-31,47.1,49.08,47.02,48.75,477403
2021-01-04,49.03,55.54,46.4,52.98,673025
2021-01-05,51.7,54.7,51.15,52.0,511363
2021-01-06,52.14,55.34,51.03,54.39,446665
2021-01-07,55.92,61.72,55.82,60.72,586870
2021-01-08,60.72,61.53,56.45,58.02,680195
2021-01-11,57.5,57.5,52.7,55.01,528101
2021-01-12,54.99,60.72,54.11,59.23,530120
2021-01-13,58.93,63.45,58.55,60.15,498307
2021-01-14,60.01,63.27,57.0,60.58,543276
2021-01-15,58.17,59.05,54.23,57.24,587215
2021-01-18,56.0,59.74,53.93,58.65,422871
2021-01-19,59.04,60.44,55.98,57.07,396547
2021-01-20,57.84,63.27,57.44,63.02,564733
2021-01-21,64.31,64.31,61.58,63.88,532386
2021-01-22,63.59,68.6,63.51,67.74,543419
2021-01-25,67.89,78.36,67.04,70.39,810472
2021-01-26,67.89,68.8,64.57,65.44,867106
2021-01-27,67.09,71.83,63.24,71.83,721149
2021-01-28,67.89,71.04,67.89,68.31,478170
2021-01-29,69.54,73.16,65.81,72.04,691171
2021-02-01,71.47,73.33,64.66,66.37,743884
2021-02-02,67.31,69.44,65.5,67.46,506163
2021-02-03,70.03,75.54,70.03,71.48,708430
2021-02-04,72.33,76.48,72.25,75.41,601221
2021-02-05,74.34,81.02,74.33,79.49,626793
2021-02-08,78.92,79.85,71.87,77.89,582667
2021-02-09,77.96,79.79,74.7,77.58,548028
2021-02-10,79.49,84.49,77.85,82.28,645148
2021-02-18,82.93,83.91,76.48,79.69,588190
2021-02-19,77.7,78.79,73.39,77.33,504500
2021-02-22,74.97,75.47,62.36,63.12,1085128
2021-02-23,61.45,65.42,60.75,61.98,680243
2021-02-24,63.45,63.8,57.86,60.37,732424
2021-02-25,61.8,62.09,59.21,59.52,455888
2021-02-26,56.4,58.93,54.76,58.92,574150
2021-03-01,60.58,62.59,59.04,60.89,582780
2021-03-02,61.23,62.16,57.15,57.86,588208
2021-03-03,57.14,58.85,56.08,58.29,462219
2021-03-04,56.68,56.68,48.4,48.9,1137524
2021-03-05,48.26,53.63,48.25,52.08,918747
2021-03-08,51.76,52.13,46.85,47.36,875250
2021-03-09,48.55,49.61,45.53,45.77,787844
2021-03-10,47.74,48.17,45.88,46.45,596352
2021-03-11,46.73,50.61,46.33,49.58,716424
2021-03-12,50.84,54.69,49.62,53.32,828525
2021-03-15,51.42,52.01,46.4,48.02,761888
2021-03-16,47.69,48.34,45.59,47.48,476009
2021-03-17,46.47,47.75,44.62,47.69,573572
2021-03-18,47.76,48.94,46.28,48.61,587890
2021-03-19,46.36,46.6,43.61,44.03,822346
2021-03-22,44.45,45.99,44.29,44.84,499049
2021-03-23,45.19,45.28,42.65,44.29,547756
2021-03-24,44.1,44.61,41.96,42.34,447189
2021-03-25,41.02,42.9,40.59,41.93,488806
2021-03-26,42.77,45.32,42.31,44.47,785400
2021-03-29,43.9,44.88,41.86,43.68,554915
2021-03-30,43.53,49.51,43.2,48.65,986064
2021-03-31,48.27,49.83,47.64,48.39,586508
2021-04-01,48.98,50.59,47.28,48.87,566176
2021-04-02,48.26,50.12,47.67,49.51,406193
2021-04-06,49.81,53.5,48.99,50.38,572042
2021-04-07,50.37,50.37,46.54,47.41,550914
2021-04-08,46.67,47.67,46.07,47.35,326901
2021-04-09,46.78,47.39,44.8,45.94,381912
2021-04-12,45.49,46.03,42.69,43.05,389239
2021-04-13,43.56,45.32,43.37,44.89,400365
2021-04-14,45.37,47.26,44.96,45.47,378914
2021-04-15,45.2,46.75,44.74,46.4,296316
2021-04-16,46.4,46.5,42.82,44.29,444377
2021-04-19,42.89,46.61,42.83,46.47,514534
2021-04-20,45.68,50.34,45.54,49.1,644488
2021-04-21,48.6,49.97,47.69,48.75,374201
2021-04-22,51.13,51.41,47.85,50.05,513470
2021-04-23,49.5,54.85,49.48,53.52,589524
2021-04-26,53.33,58.68,52.27,55.01,648114
2021-04-27,55.07,58.0,54.99,56.7,409838
2021-04-28,57.14,58.58,55.77,57.43,413047
2021-04-29,57.85,57.85,54.56,55.91,504370
2021-04-30,55.99,62.52,55.99,61.37,598692
2021-05-06,61.38,62.59,57.33,58.43,605419
2021-05-07,58.43,59.77,55.62,56.02,401383
2021-05-10,54.84,57.41,54.48,56.03,312916
2021-05-11,54.99,54.99,51.9,53.86,385394
2021-05-12,53.85,56.58,53.85,55.71,252745
2021-05-13,54.26,55.12,53.25,54.23,222429
2021-05-14,54.53,56.25,51.91,55.49,375332
2021-05-17,55.46,59.28,54.99,59.01,437110
2021-05-18,57.72,60.15,57.68,59.12,257176
2021-05-19,59.08,61.44,56.08,61.15,381633
2021-05-20,61.15,62.39,58.06,58.55,392437
2021-05-21,60.09,62.79,59.57,60.84,488703
2021-05-24,60.64,61.35,58.26,60.26,390623
2021-05-25,59.68,61.87,58.27,61.48,430441
2021-05-26,61.44,61.66,59.18,59.33,334464
2021-05-27,58.7,61.59,58.49,60.37,404881
2021-05-28,61.4,65.12,60.72,61.96,527020
2021-05-31,62.26,67.25,61.01,66.48,486837
2021-06-01,66.05,66.48,63.85,65.87,323669
2021-06-02,67.26,67.85,63.89,64.11,291776
2021-06-03,63.9,63.9,59.7,60.33,493436
2021-06-04,59.03,59.33,57.23,58.53,544489
2021-06-07,57.69,57.71,55.35,56.4,477976
2021-06-08,56.31,58.37,55.85,56.78,323933
2021-06-09,56.4,58.6,55.67,58.6,302909
2021-06-10,59.54,66.24,59.54,65.13,765378
2021-06-11,66.19,68.7,64.46,67.18,728121
2021-06-15,67.75,68.7,65.98,67.34,363499
2021-06-16,65.92,65.94,61.83,63.32,459902
2021-06-17,63.34,64.97,62.69,64.66,327470
2021-06-18,64.55,69.17,64.07,68.34,417021
2021-06-21,67.13,71.64,66.0,70.71,428150
2021-06-22,70.71,71.82,68.41,70.2,289007
2021-06-23,71.57,73.27,69.96,70.5,350210
2021-06-24,73.29,76.26,71.57,73.65,459823
2021-06-25,73.0,77.97,72.38,76.22,343508
2021-06-28,76.21,78.0,74.07,75.38,298954
2021-06-29,77.3,81.15,76.23,79.56,389463
2021-06-30,78.11,81.73,76.83,79.49,256387
2021-07-01,80.3,80.81,73.79,74.44,369640
2021-07-02,74.5,75.6,71.05,72.35,385637
2021-07-05,72.51,75.64,71.78,74.23,304340
2021-07-06,74.24,74.45,70.14,72.5,325555
2021-07-07,71.99,80.02,70.21,79.38,445291
2021-07-08,79.23,84.58,78.02,81.85,467439
2021-07-09,81.74,82.71,78.04,81.6,341894
2021-07-12,83.19,84.96,79.47,81.94,353939
2021-07-13,80.52,85.31,80.52,82.3,291308
2021-07-14,81.6,87.8,80.72,83.76,355955
2021-07-15,82.46,91.53,82.46,90.48,421921
2021-07-16,90.57,94.24,86.91,87.26,344567
2021-07-19,90.09,92.43,87.4,88.05,258800
2021-07-20,86.71,89.91,84.84,87.4,271528
2021-07-21,89.16,96.07,89.16,95.91,389276
2021-07-22,97.36,100.4,95.41,99.54,299682
2021-07-23,98.79,99.51,94.91,95.35,277753
2021-07-26,97.27,100.22,92.82,98.86,363979
2021-07-27,98.92,100.54,85.18,87.31,490323
2021-07-28,83.9,91.63,83.6,90.75,387719
2021-07-29,94.72,109.48,93.46,109.48,591939
2021-07-30,111.69,126.13,110.61,117.27,573438
2021-08-02,115.0,119.55,107.24,112.12,530242
2021-08-03,109.54,110.97,95.93,100.21,663689
2021-08-04,99.69,108.46,99.56,106.89,520835
2021-08-05,104.52,110.04,100.22,107.61,397108
2021-08-06,106.69,115.82,104.89,111.51,408589
2021-08-09,108.82,113.94,103.3,110.18,355929
2021-08-10,108.02,116.46,103.93,107.72,421523
2021-08-11,105.51,110.63,105.15,106.76,319778
2021-08-12,106.18,108.19,103.33,104.53,260039
2021-08-13,102.37,105.52,97.04,100.21,442652
2021-08-16,99.51,102.14,96.78,97.93,276872
2021-08-17,99.88,103.8,98.5,100.73,383574
2021-08-18,99.74,101.78,91.81,93.42,601555
2021-08-19,93.71,97.11,90.19,95.33,366430
2021-08-20,95.37,99.82,94.05,95.78,323972
2021-08-23,96.01,102.6,93.06,100.94,395284
2021-08-24,100.94,108.93,100.15,102.44,446482
2021-08-25,102.47,108.08,101.08,107.35,330343
2021-08-26,106.67,112.76,104.52,104.56,351459
2021-08-27,103.08,107.23,102.3,103.93,273052
2021-08-30,98.33,116.43,96.56,113.39,612512
2021-08-31,111.69,113.84,107.68,109.74,288930
2021-09-01,109.74,111.18,95.93,98.86,403864
2021-09-02,98.86,103.02,97.27,99.44,290888
2021-09-03,99.08,105.06,96.27,97.26,305898
2021-09-06,97.54,98.79,91.21,97.49,329960
2021-09-07,96.28,98.83,92.82,98.79,283280
2021-09-08,98.73,103.07,94.62,95.0,294532
2021-09-09,95.56,96.4,91.76,96.04,279017
2021-09-10,95.98,102.73,94.64,99.87,345460
2021-09-13,99.72,99.87,93.35,93.45,304056
2021-09-14,93.05,96.5,91.84,93.98,238294
2021-09-15,94.35,97.93,93.33,95.73,253824
2021-09-16,95.73,96.02,87.67,87.69,351089
2021-09-17,87.69,89.17,83.81,85.88,290087
2021-09-22,85.9,89.42,85.9,86.15,195714
2021-09-23,89.24,90.68,86.33,89.83,268365
2021-09-24,90.49,100.37,88.56,97.65,432035
2021-09-27,100.04,104.52,96.63,102.91,400294
2021-09-28,102.91,104.8,98.57,99.67,249171
2021-09-29,98.29,107.1,98.15,102.65,339293
2021-09-30,104.44,105.21,100.46,103.36,243935
2021-10-08,104.52,106.33,100.22,104.67,230061
2021-10-11,105.95,106.31,96.05,96.65,310678
2021-10-12,97.36,102.07,97.0,99.87,244742
2021-10-13,101.54,106.88,99.55,105.62,301603
2021-10-14,105.67,111.8,105.67,106.99,360472
2021-10-15,105.63,111.11,104.24,109.95,249544
2021-10-18,112.04,114.25,109.21,112.9,233721
2021-10-19,113.83,115.6,109.59,112.04,222468
2021-10-20,112.04,115.9,111.23,111.97,257821
2021-10-21,111.61,113.62,109.13,111.6,192465
2021-10-22,111.69,112.53,108.82,109.8,143971
2021-10-25,110.27,123.3,110.27,120.28,442195
2021-10-26,122.46,123.0,118.13,119.06,204551
2021-10-27,119.56,125.28,119.53,120.67,233134
2021-10-28,123.51,123.51,118.06,119.57,180961
2021-10-29,112.04,117.42,105.74,114.62,584146
2021-11-01,113.82,119.21,110.25,115.16,310094
2021-11-02,113.83,115.54,110.05,113.23,220181
2021-11-03,113.69,114.28,105.37,106.73,273105
2021-11-04,109.6,112.09,107.96,110.55,207046
2021-11-05,109.54,111.69,105.98,108.66,162714
2021-11-08,108.1,113.35,107.39,110.25,180997
2021-11-09,112.6,116.41,109.97,111.84,211137
2021-11-10,110.25,112.77,108.61,110.9,139932
2021-11-11,111.33,114.74,109.9,112.39,173852
2021-11-12,113.12,114.39,111.74,112.2,138922
2021-11-15,112.16,112.25,103.52,104.58,251935
2021-11-16,104.16,105.16,100.99,102.16,193358
2021-11-17,102.77,106.31,101.3,106.06,183401
2021-11-18,105.91,105.91,103.16,104.24,125507
2021-11-19,104.49,106.74,102.79,105.61,168637
2021-11-22,107.39,111.71,107.39,110.27,239100
2021-11-23,110.97,111.96,108.48,109.26,165053
2021-11-24,109.45,109.54,105.58,105.95,147206
2021-11-25,105.46,106.31,103.33,103.44,142828
2021-11-26,104.14,107.46,103.8,106.56,125351
2021-11-29,105.15,113.61,104.97,110.41,246402
2021-11-30,112.4,114.06,108.82,112.75,182341
2021-12-01,113.48,113.83,110.6,111.69,147237
2021-12-02,110.83,112.24,109.39,110.24,103666
2021-12-03,109.89,110.97,105.05,106.66,221560
2021-12-06,107.75,107.81,104.38,104.7,118458
2021-12-07,105.24,105.6,101.06,103.59,157372
2021-12-08,104.22,105.64,101.94,104.67,152370
2021-12-09,104.52,104.71,102.37,103.11,164026
2021-12-10,103.09,105.81,101.85,104.51,212618
2021-12-13,104.31,106.13,102.82,103.15,179694
2021-12-14,103.07,105.1,102.65,103.71,119352
2021-12-15,103.81,105.46,102.85,103.88,146002
2021-12-16,104.94,106.51,104.21,106.41,185701
2021-12-17,106.67,106.67,100.95,102.01,197721
2021-12-20,101.01,102.01,94.01,95.64,296319
2021-12-21,95.57,95.57,90.05,94.01,297959
2021-12-22,94.16,96.34,92.45,95.5,171393
2021-12-23,95.09,100.14,94.98,98.06,186021
2021-12-24,97.37,98.87,92.34,92.49,176547
2021-12-27,90.47,94.85,90.47,94.28,140052
2021-12-28,94.49,97.32,93.01,96.53,139069
2021-12-29,97.86,99.19,96.28,96.28,122598
2021-12-30,96.28,99.87,95.93,98.05,127311
2021-12-31,101.58,105.24,101.22,101.51,238902
2022-01-04,102.37,103.77,93.81,94.06,241261
2022-01-05,94.64,94.64,87.75,89.48,265116
2022-01-06,88.67,91.05,87.12,90.27,151222
2022-01-07,89.48,91.04,86.6,88.98,164805
2022-01-10,88.7,88.7,85.67,86.26,171825
2022-01-11,87.23,87.23,82.75,83.73,220588
2022-01-12,86.26,86.97,83.85,86.96,205781
2022-01-13,87.07,87.3,84.89,85.22,131228
2022-01-14,84.03,86.68,83.21,85.61,148957
2022-01-17,85.62,89.14,85.29,86.4,176206
2022-01-18,86.61,87.69,84.28,86.51,127733
2022-01-19,86.14,86.14,82.09,83.54,180254
2022-01-20,82.32,85.7,81.99,84.65,132452
2022-01-21,84.65,88.55,83.75,86.45,186529
2022-01-24,87.33,92.32,85.9,91.32,259089
2022-01-25,90.19,91.12,87.34,87.34,162960
2022-01-26,88.46,90.77,88.06,89.8,132203
2022-01-27,89.05,89.62,75.57,76.58,466224
2022-01-28,79.1,80.55,77.3,78.73,305308
2022-02-07,82.67,82.67,77.37,77.94,190681
2022-02-08,78.02,78.73,71.86,73.8,324157
2022-02-09,74.28,74.58,70.78,73.75,240152
2022-02-10,75.14,75.14,67.99,69.49,380247
2022-02-11,67.63,69.41,66.13,66.34,331767
2022-02-14,65.56,67.5,64.76,65.54,241564
2022-02-15,66.69,70.83,65.32,70.34,338153
2022-02-16,70.71,71.98,69.71,70.37,214737
2022-02-17,70.14,75.5,69.64,74.15,333174
2022-02-18,73.55,75.47,72.36,72.96,176573
2022-02-21,72.62,74.59,71.21,73.04,198649
2022-02-22,71.96,75.22,70.86,74.18,220585
2022-02-23,74.77,77.31,74.43,77.19,220603
2022-02-24,76.58,82.21,75.89,80.24,393897
2022-02-25,83.5,84.22,78.71,81.0,248557
2022-02-28,80.17,83.93,79.56,83.82,175750
2022-03-01,86.53,87.69,83.78,85.07,249233
2022-03-02,85.63,86.86,82.23,86.67,166668
2022-03-03,87.6,89.18,84.29,84.68,176255
2022-03-04,83.75,86.31,83.05,84.2,149158
2022-03-07,83.33,87.66,82.16,85.84,241852
2022-03-08,86.97,90.17,86.61,87.97,281607
2022-03-09,89.98,90.77,79.45,84.59,336284
2022-03-10,87.09,90.42,85.65,89.49,250659
2022-03-11,87.33,89.39,83.75,87.7,217367
2022-03-14,87.17,87.32,82.3,83.02,163435
2022-03-15,82.1,86.61,81.01,83.83,204612
2022-03-16,86.44,86.61,78.43,85.38,316631
2022-03-17,86.61,87.24,80.8,82.29,296172
2022-03-18,80.88,84.32,78.5,83.93,162082
2022-03-21,83.17,84.46,80.37,81.15,224168
2022-03-22,81.4,82.09,76.78,78.31,249768
2022-03-23,79.45,81.06,78.73,79.26,172978
2022-03-24,79.26,79.43,77.3,77.87,121764
2022-03-25,78.38,79.06,74.94,75.05,143497
2022-03-28,73.68,76.07,73.4,73.93,150379
2022-03-29,74.44,76.5,73.81,75.42,144458
2022-03-30,75.81,77.29,74.35,77.24,190214
2022-03-31,76.91,76.91,71.05,73.91,238642
2022-04-01,73.15,75.14,72.2,72.67,179400
2022-04-06,73.72,73.78,69.55,70.55,164035
2022-04-07,70.85,71.43,69.44,69.67,126579
2022-04-08,70.42,72.68,69.41,69.79,185000
2022-04-11,69.41,69.41,65.83,66.12,215003
2022-04-12,66.85,67.53,64.77,66.41,182960
2022-04-13,65.84,67.1,64.55,65.48,168450
2022-04-14,65.86,66.25,60.1,60.18,402751
2022-04-15,59.68,59.74,56.34,57.62,364027
2022-04-18,57.33,60.4,55.52,59.99,284144
2022-04-19,59.75,62.66,59.69,61.61,314016
2022-04-20,49.21,52.58,48.7,48.7,686559
2022-04-21,46.57,47.19,42.84,43.26,804247
2022-04-22,43.47,44.56,42.84,43.74,464722
2022-04-25,41.91,42.51,39.26,39.26,476471
2022-04-26,39.69,40.27,37.96,38.33,401682
2022-04-27,37.67,41.81,37.19,41.35,538710
2022-04-28,41.43,42.26,39.82,40.74,411719
2022-04-29,41.8,43.27,39.87,42.34,472957
2022-05-05,42.2,43.83,41.72,42.64,379488
2022-05-06,41.58,43.02,41.17,41.74,207903
2022-05-09,41.79,44.22,41.79,42.78,220827
2022-05-10,41.75,47.0,41.61,45.32,413316
2022-05-11,45.57,50.42,45.33,48.57,585355
2022-05-12,47.93,49.72,47.79,48.53,255515
2022-05-13,49.35,49.36,47.36,48.29,238325
2022-05-16,49.91,51.62,49.24,49.36,284849
2022-05-17,49.22,51.15,48.93,50.61,271949
2022-05-18,51.37,53.02,49.86,52.24,300282
2022-05-19,51.58,56.32,51.18,56.04,413209
2022-05-20,56.53,58.87,55.45,58.1,321181
2022-05-23,57.97,58.36,54.15,56.06,360423
2022-05-24,55.8,56.3,52.38,52.67,373064
2022-05-25,52.95,54.08,52.01,53.8,265791
2022-05-26,53.8,54.79,52.51,53.3,206450
2022-05-27,53.68,54.53,52.37,52.76,194204
2022-05-30,53.17,53.43,50.87,51.74,346675
2022-05-31,53.38,54.81,51.44,54.35,406670
2022-06-01,54.05,55.95,53.05,54.95,284083
2022-06-02,54.13,57.96,54.13,57.96,335996
2022-06-06,58.42,63.34,58.4,63.05,563048
2022-06-07,64.56,67.99,64.32,65.19,490548
2022-06-08,64.97,65.6,62.59,63.62,361854
2022-06-09,63.62,64.94,62.04,62.8,236724
2022-06-10,61.54,64.04,60.81,63.73,330435
2022-06-13,62.49,62.51,60.45,61.46,339533
2022-06-14,60.52,60.55,57.53,60.13,375207
2022-06-15,60.07,61.2,57.8,59.19,401932
2022-06-16,59.28,62.53,59.28,61.62,361971
2022-06-17,60.47,62.62,60.24,61.88,308268
2022-06-20,62.69,64.98,60.97,63.83,526956
2022-06-21,63.69,63.73,59.54,60.02,526477
2022-06-22,59.4,65.53,59.4,64.1,691373
2022-06-23,64.13,64.3,60.97,63.22,445102
2022-06-24,63.76,66.57,63.47,65.42,490365
2022-06-27,66.53,67.45,64.64,64.68,407028
2022-06-28,65.32,67.57,63.65,66.68,398938
2022-06-29,66.03,68.55,62.9,63.12,424978
2022-06-30,63.75,69.27,62.69,67.53,426123
2022-07-01,67.71,68.5,65.28,65.88,279510
2022-07-04,64.77,64.84,61.83,64.01,442363
2022-07-05,63.3,63.77,58.68,60.14,659133
2022-07-06,60.9,65.11,60.9,63.38,587571
2022-07-07,64.49,76.62,63.32,76.62,947971
2022-07-08,78.0,78.81,70.93,72.01,714034
2022-07-11,73.22,77.73,71.08,77.49,668365
2022-07-12,76.43,82.23,75.24,80.17,585989
2022-07-13,81.0,84.61,76.74,79.89,550530
2022-07-14,80.1,91.12,80.1,87.41,577157
2022-07-15,86.69,89.66,84.7,86.8,409381
2022-07-18,88.48,92.36,87.18,87.81,496942
2022-07-19,87.53,88.14,83.18,83.53,415405
2022-07-20,83.11,85.98,81.36,83.61,301189
2022-07-21,82.62,84.9,80.62,80.65,316432
2022-07-22,80.67,81.68,77.81,78.98,336146
2022-07-25,79.71,80.07,75.86,76.58,249618
2022-07-26,76.9,78.33,74.9,76.45,328839
2022-07-27,76.71,83.54,76.71,82.93,504626
2022-07-28,85.98,89.11,83.68,86.48,435093
2022-07-29,87.62,91.05,85.83,85.88,358265
2022-08-01,84.92,90.27,83.92,88.87,308095
2022-08-02,86.0,92.03,85.26,90.2,358251
2022-08-03,90.27,90.67,82.52,83.25,398284
2022-08-04,82.7,84.01,79.66,81.74,308872
2022-08-05,81.53,82.3,78.36,79.82,281629
2022-08-08,79.27,82.88,76.68,82.09,290350
2022-08-09,81.04,92.11,80.37,88.95,508337
2022-08-10,90.4,91.43,86.96,89.41,318715
2022-08-11,90.27,90.99,84.87,87.55,262203
2022-08-12,86.74,88.13,84.56,85.53,189926
2022-08-15,84.55,92.28,84.55,90.98,345182
2022-08-16,90.99,95.38,90.58,91.35,369806
2022-08-17,92.22,96.51,92.22,93.86,294939
2022-08-18,93.66,98.87,93.2,97.47,347912
2022-08-19,97.29,99.81,92.74,96.27,402773
2022-08-22,94.59,98.64,93.86,97.37,266801
2022-08-23,96.72,103.88,96.02,100.8,287914
2022-08-24,101.59,102.31,94.16,94.99,317435
2022-08-25,96.0,97.0,90.37,91.96,341864
2022-08-26,93.43,96.0,91.15,91.46,267030
2022-08-29,84.54,95.5,83.18,91.81,337210
2022-08-30,92.29,93.15,88.22,88.33,276942
2022-08-31,88.91,89.27,76.74,76.95,628485
2022-09-01,77.43,79.12,76.03,77.24,277851
2022-09-02,78.1,78.15,72.04,74.99,345173
2022-09-05,74.64,81.75,73.87,80.94,361787
2022-09-06,81.09,85.68,79.59,84.97,362890
2022-09-07,84.53,87.84,83.9,84.66,274862
2022-09-08,85.98,87.98,83.94,84.11,201882
2022-09-09,84.19,84.61,81.61,83.25,176090
2022-09-13,84.97,85.26,81.15,81.94,160246
2022-09-14,80.52,84.08,80.02,81.38,196032
2022-09-15,81.41,82.39,73.07,74.23,407821
2022-09-16,73.94,78.76,73.94,76.01,284902
2022-09-19,75.25,78.33,74.55,75.53,198667
2022-09-20,77.16,81.89,76.81,78.92,306911
2022-09-21,78.1,80.46,77.02,77.95,192753
2022-09-22,76.88,80.86,75.6,78.92,213576
2022-09-23,80.46,80.96,75.59,78.06,235906
2022-09-26,78.09,84.68,77.38,83.12,340088
2022-09-27,83.54,84.08,80.67,82.39,217031
2022-09-28,83.11,83.83,77.65,78.29,249468
2022-09-29,79.41,79.6,75.59,78.45,177116
2022-09-30,77.02,79.36,74.51,76.39,219572
2022-10-10,76.66,80.16,76.2,77.69,212127
2022-10-11,77.7,82.17,76.95,80.67,232112
2022-10-12,80.71,87.41,78.74,87.41,313941
2022-10-13,86.69,91.9,85.98,88.77,284167
2022-10-14,90.52,93.93,86.55,91.69,302988
2022-10-17,90.27,90.99,87.27,89.62,204279
2022-10-18,89.67,96.63,88.48,93.69,274550
2022-10-19,93.14,96.71,91.62,91.92,232160
2022-10-20,91.0,91.54,87.62,88.84,208637
2022-10-21,87.87,92.97,87.66,91.7,220632
2022-10-24,89.98,90.75,87.11,87.41,199370
2022-10-25,87.62,92.64,86.71,90.03,210015
2022-10-26,90.78,93.86,88.41,92.21,221821
2022-10-27,98.87,100.3,91.85,92.44,375738
2022-10-28,91.06,94.14,89.41,89.65,216640
2022-10-31,88.13,92.42,87.97,90.93,185706
2022-11-01,91.71,94.21,90.96,93.85,242798
2022-11-02,92.42,94.13,91.32,92.48,217023
2022-11-03,91.54,95.92,91.42,94.21,205914
2022-11-04,93.65,97.73,93.17,97.01,265496
2022-11-07,96.0,97.4,92.57,93.18,251119
2022-11-08,92.59,93.18,86.43,89.49,349563
2022-11-09,88.2,88.83,86.94,87.42,158632
2022-11-10,86.03,88.11,83.83,84.61,184876
2022-11-11,88.13,88.48,84.51,85.67,210094
2022-11-14,84.61,85.19,78.81,80.22,337886
2022-11-15,79.89,82.39,79.89,82.39,301760
2022-11-16,81.68,82.52,79.47,80.17,192507
2022-11-17,79.64,81.48,78.1,79.56,190174
2022-11-18,79.89,81.67,77.02,79.45,237152
2022-11-21,79.53,81.1,78.81,79.39,180544
2022-11-22,79.31,79.39,76.15,76.58,244748
2022-11-23,76.81,82.16,75.96,81.54,303945
2022-11-24,80.83,83.89,80.4,82.42,235538
2022-11-25,80.4,81.47,78.67,78.73,185536
2022-11-28,76.66,81.51,76.58,80.9,175100
2022-11-29,80.25,80.78,78.46,79.29,157750
2022-11-30,78.81,80.48,78.33,79.53,148943
2022-12-01,80.31,81.61,78.96,80.18,199387
2022-12-02,80.65,84.54,79.77,83.18,294504
2022-12-05,79.44,79.53,73.55,74.93,554188
2022-12-06,74.85,74.91,70.0,72.66,438456
2022-12-07,71.72,74.21,71.72,73.17,263982
2022-12-08,73.05,76.52,72.52,73.96,278920
2022-12-09,74.0,74.5,72.08,73.65,227747
2022-12-12,72.95,73.94,72.06,72.31,166925
2022-12-13,72.37,73.01,69.22,69.29,282137
2022-12-14,69.49,70.07,66.75,67.64,344011
2022-12-15,67.81,69.13,67.14,69.02,190605
2022-12-16,68.63,68.96,66.89,67.35,157620
2022-12-19,67.37,69.21,66.32,66.86,175792
2022-12-20,66.5,68.43,65.83,66.74,199018
2022-12-21,66.67,66.91,65.13,65.55,147068
2022-12-22,66.2,66.33,64.62,64.62,139696
2022-12-23,64.61,65.06,62.09,62.74,176725
2022-12-26,63.46,69.87,62.99,69.84,396241
2022-12-27,69.85,74.23,69.5,74.06,417780
2022-12-28,73.13,76.16,72.87,75.31,339842
2022-12-29,75.22,76.6,74.47,75.05,181104
2022-12-30,75.8,78.81,74.67,77.24,271254
2023-01-03,75.95,81.3,75.91,79.97,292910
2023-01-04,79.52,80.17,77.09,77.56,229285
2023-01-05,77.11,80.13,77.11,78.75,180807
2023-01-06,78.81,85.07,78.81,83.18,324913
2023-01-09,83.8,86.3,82.39,83.47,247044
2023-01-10,84.33,85.8,83.5,84.49,168028
2023-01-11,84.45,86.3,83.33,84.51,181864
2023-01-12,84.51,85.09,82.98,83.39,153138
2023-01-13,84.23,84.3,82.75,83.34,150696
2023-01-16,83.25,86.71,82.53,84.24,187809
2023-01-17,84.26,85.83,82.59,84.33,118302
2023-01-18,84.54,85.4,83.12,84.33,96493
2023-01-19,84.33,85.17,82.87,83.18,117874
2023-01-20,86.68,89.24,84.74,89.24,304838
2023-01-30,90.99,93.86,89.27,90.92,252348
2023-01-31,90.29,91.71,88.35,90.27,151782
2023-02-01,90.27,90.27,84.97,87.44,279825
2023-02-02,87.44,87.98,85.59,86.16,162263
2023-02-03,85.81,86.53,83.83,85.22,142016
2023-02-06,84.76,85.47,82.8,84.11,147135
2023-02-07,84.76,85.98,81.96,83.1,163764
2023-02-08,83.0,85.6,82.82,83.72,133098
2023-02-09,83.17,86.83,81.51,85.2,223967
2023-02-10,84.18,84.72,82.92,83.54,115292
2023-02-13,82.92,84.64,82.77,83.76,95310
2023-02-14,84.19,84.37,80.62,82.74,178798
2023-02-15,83.1,84.08,80.24,80.52,188012
2023-02-16,80.82,81.81,79.43,80.09,132032
2023-02-17,79.69,80.14,77.38,77.54,154633
2023-02-20,77.59,82.39,77.44,82.27,243200
2023-02-21,81.68,81.94,79.19,81.39,177471
2023-02-22,80.3,83.93,80.27,81.42,155868
2023-02-23,81.41,85.1,81.41,84.74,251243
2023-02-24,84.54,84.96,82.8,83.61,121061
2023-02-27,82.67,85.62,81.1,83.12,152448
2023-02-28,82.97,83.5,81.89,82.82,92938
2023-03-01,82.46,82.97,78.94,79.82,225769
2023-03-02,79.89,80.39,77.21,78.28,196115
2023-03-03,78.68,79.51,77.38,77.67,120666
2023-03-06,78.04,82.75,75.8,82.31,341977
2023-03-07,81.64,84.03,80.96,83.1,222334
2023-03-08,82.97,83.68,79.78,80.23,184711
2023-03-09,79.57,80.97,78.53,79.38,120527
2023-03-10,79.17,79.96,77.26,78.8,151955
2023-03-13,77.81,79.39,76.43,76.96,165444
2023-03-14,76.66,77.31,70.29,72.88,459335
2023-03-15,73.09,75.14,71.44,72.31,224289
2023-03-16,70.95,71.93,66.83,67.66,438551
2023-03-17,68.75,68.78,65.42,66.03,334936
2023-03-20,65.28,70.33,64.5,68.57,338617
2023-03-21,68.78,70.54,68.0,69.91,330390
2023-03-22,70.5,71.4,69.26,70.36,235711
2023-03-23,69.83,70.07,68.28,68.78,191609
2023-03-24,68.78,71.31,66.63,69.79,257763
2023-03-27,68.86,73.35,68.86,72.65,389834
2023-03-28,71.66,72.57,70.99,71.63,218413
2023-03-29,72.03,73.44,71.04,72.09,223179
2023-03-30,71.47,73.08,70.25,72.76,216301
2023-03-31,72.78,74.19,71.65,72.26,219677
2023-04-03,71.65,74.06,70.9,73.01,223508
2023-04-04,72.4,72.63,67.86,69.46,403479
2023-04-06,69.48,70.65,67.95,69.55,232278
2023-04-07,68.78,69.99,67.97,68.4,169033
2023-04-10,68.82,69.9,68.21,69.82,256283
2023-04-11,70.22,71.96,68.87,70.8,327716
2023-04-12,70.09,71.3,68.12,68.63,224522
2023-04-13,68.78,71.21,66.64,68.81,222826
2023-04-14,68.09,72.01,68.07,70.24,316378
2023-04-17,69.86,71.15,69.66,70.7,178479
2023-04-18,71.51,76.22,71.51,75.86,496980
2023-04-19,75.86,76.66,73.48,75.3,300517
2023-04-20,74.73,75.0,72.22,72.85,245380
2023-04-21,73.07,77.98,72.94,75.95,381633
2023-04-24,76.0,76.05,69.5,71.22,403353
2023-04-25,73.44,75.91,70.24,70.54,419271
2023-04-26,68.78,83.11,68.61,81.31,752266
2023-04-27,79.53,81.96,78.82,80.56,353635
2023-04-28,79.67,80.87,76.45,77.91,352323
2023-05-04,75.95,80.93,75.84,78.1,340812
2023-05-05,77.11,77.37,72.49,74.16,327881
2023-05-08,74.17,75.1,71.76,74.37,248607
2023-05-09,74.45,75.88,72.72,73.87,208344
2023-05-10,73.42,76.34,71.08,75.83,304613
2023-05-11,74.79,79.52,74.66,76.74,293689
2023-05-12,76.65,77.93,74.88,74.94,172320
2023-05-15,75.95,81.23,75.87,80.6,340280
2023-05-16,80.25,83.54,79.81,80.62,294136
2023-05-17,81.82,82.29,78.88,80.94,174648
2023-05-18,80.93,80.94,78.31,78.63,187584
2023-05-19,78.96,79.85,77.69,79.3,141810
2023-05-22,78.51,80.66,78.1,78.67,125025
2023-05-23,78.67,81.26,78.37,79.06,163026
2023-05-24,78.6,82.09,78.25,81.18,238919
2023-05-25,80.14,85.3,79.73,83.13,335832
2023-05-26,82.75,83.03,78.19,78.83,260179
2023-05-29,78.17,78.66,74.96,75.52,251856
2023-05-30,75.59,77.77,75.15,76.38,182486
2023-05-31,76.66,77.28,74.79,76.05,132926
2023-06-01,75.95,76.95,74.03,74.26,176611
2023-06-02,73.87,75.59,73.68,74.49,132706
2023-06-05,73.8,73.8,69.96,71.71,243795
2023-06-06,71.46,73.06,69.79,72.33,229032
2023-06-07,71.77,72.03,69.5,70.49,184980
2023-06-08,71.23,73.33,70.75,71.03,190707
2023-06-09,70.6,72.3,70.37,71.61,165106
2023-06-12,71.15,73.26,69.56,72.79,230529
2023-06-13,71.93,73.09,71.72,72.17,140132
2023-06-14,72.44,73.44,70.73,71.21,182739
2023-06-15,71.36,77.54,70.46,76.66,386799
2023-06-16,77.04,79.67,76.1,79.03,317119
2023-06-19,78.25,80.31,77.9,78.93,161840
2023-06-20,78.68,80.2,78.0,78.65,141687
2023-06-21,78.67,81.04,78.02,78.36,169753
2023-06-26,77.18,81.76,76.88,79.85,182432
2023-06-27,79.72,82.74,79.4,81.08,168489
2023-06-28,80.4,82.12,80.3,80.77,127276
2023-06-29,80.55,82.09,80.24,80.44,108868
2023-06-30,79.21,82.34,78.51,80.85,167767
2023-07-03,81.69,87.78,81.55,85.27,368732
2023-07-04,85.78,86.64,82.92,83.35,167456
2023-07-05,83.27,85.05,82.55,82.94,110290
2023-07-06,82.31,83.78,81.45,82.12,103764
2023-07-07,81.12,82.44,80.12,80.12,110752
2023-07-10,80.12,83.33,80.04,81.66,162919
2023-07-11,81.99,82.52,80.27,81.26,84160
2023-07-12,81.96,82.9,79.7,82.09,141099
2023-07-13,82.12,83.41,81.12,82.45,109779
2023-07-14,81.84,82.31,78.35,78.86,223396
2023-07-17,78.27,79.65,78.22,79.18,71790
2023-07-18,78.61,79.17,77.54,78.29,99432
2023-07-19,78.29,78.33,75.43,76.61,162527
2023-07-20,77.07,77.5,75.45,75.65,86805
2023-07-21,75.4,76.1,74.26,75.01,76313
2023-07-24,73.63,75.59,73.28,73.88,100067
2023-07-25,75.02,75.82,73.96,74.86,149767
2023-07-26,74.31,76.48,74.24,75.66,116486
2023-07-27,75.67,77.1,74.99,75.32,90485
2023-07-28,74.72,75.9,73.85,75.41,98587
2023-07-31,75.87,77.44,74.93,77.18,140687
2023-08-01,76.82,77.16,71.66,73.31,253137
2023-08-02,72.92,73.85,72.07,72.32,153515
2023-08-03,72.52,74.42,72.52,73.5,138016
2023-08-04,74.03,77.35,73.93,76.63,186885
2023-08-07,76.1,76.7,75.03,75.39,99454
2023-08-08,79.83,80.55,76.43,76.82,284253
2023-08-09,76.83,79.25,75.85,78.25,177418
2023-08-10,79.54,80.35,78.47,79.73,173345
2023-08-11,79.47,79.54,77.24,77.26,140463
2023-08-14,76.1,77.62,74.54,77.18,132627
2023-08-15,77.07,78.53,75.1,75.28,119591
2023-08-16,75.02,76.22,73.64,73.95,101418
2023-08-17,73.38,74.22,72.95,73.68,108070
2023-08-18,73.51,76.96,73.44,74.05,164791
2023-08-21,73.38,73.38,67.79,68.74,375847
2023-08-22,69.08,69.51,66.89,68.3,195119
2023-08-23,67.62,68.27,64.92,64.95,211513
2023-08-24,66.36,69.44,66.29,68.44,221523
2023-08-25,68.01,68.71,66.84,67.64,125264
2023-08-28,74.67,74.89,68.7,69.08,268488
2023-08-29,68.37,71.02,68.3,70.65,207624
2023-08-30,70.72,71.45,69.51,70.01,129588
2023-08-31,69.59,70.02,68.73,68.76,102107
2023-09-01,68.83,69.8,68.46,69.29,64779
2023-09-04,69.66,69.81,67.59,68.91,133025
2023-09-05,68.94,69.57,67.4,68.44,134735
2023-09-06,67.87,68.75,66.95,67.16,133247
2023-09-07,67.35,67.69,65.91,66.04,126754
2023-09-08,65.72,65.88,63.64,64.03,173309
2023-09-11,64.1,64.37,62.91,63.5,190213
2023-09-12,63.25,63.57,62.29,62.56,149829
2023-09-13,62.95,63.47,62.5,62.86,141430
2023-09-14,62.33,62.57,61.06,61.15,201753
2023-09-15,61.15,61.53,59.84,60.29,168328
2023-09-18,59.88,61.71,59.49,61.16,149327
2023-09-19,60.47,60.91,59.77,59.95,122443
2023-09-20,60.34,60.34,58.96,59.36,108612
2023-09-21,58.91,59.25,57.95,58.13,164084
2023-09-22,58.2,58.63,57.34,58.27,228369
2023-09-25,57.84,58.4,56.83,57.89,167613
2023-09-26,58.2,58.77,57.49,57.49,167550
2023-09-27,57.41,61.98,57.41,59.99,362340
2023-09-28,60.3,61.91,59.97,61.43,241103
2023-10-09,60.99,62.31,59.79,61.53,162935
2023-10-10,61.16,61.74,60.42,60.42,145850
2023-10-11,61.78,61.91,59.63,60.02,167012
2023-10-12,59.7,61.53,59.54,60.79,173065
2023-10-13,59.99,60.55,58.31,60.17,196680
2023-10-16,59.71,60.43,58.21,58.63,165209
2023-10-17,58.34,58.76,57.44,57.79,137307
2023-10-18,57.44,57.66,56.25,56.33,144056
2023-10-19,56.3,56.75,55.07,55.91,180342
2023-10-20,55.04,58.55,54.98,57.05,238382
2023-10-23,56.4,56.4,54.26,54.64,163490
2023-10-24,54.98,55.26,53.85,54.86,156677
2023-10-25,55.27,56.2,53.74,54.01,174339
2023-10-26,52.87,53.5,52.02,53.25,185022
2023-10-27,52.79,56.96,52.75,56.66,257370
2023-10-30,58.83,60.59,57.32,59.6,369347
2023-10-31,59.61,59.61,57.49,57.59,194407
2023-11-01,57.63,57.92,56.08,56.13,170656
2023-11-02,55.55,56.8,54.83,54.83,146505
2023-11-03,55.26,58.48,55.23,57.2,249951
2023-11-06,57.2,60.17,57.19,59.62,281414
2023-11-07,59.27,61.28,58.85,61.06,224766
2023-11-08,60.34,61.39,60.23,60.65,161301
2023-11-09,60.45,62.78,60.37,61.92,222387
2023-11-10,61.06,61.4,60.19,61.1,136572
2023-11-13,61.77,62.77,61.06,61.38,130929
2023-11-14,61.69,62.71,60.35,60.84,126575
2023-11-15,62.49,64.21,61.63,63.21,267278
2023-11-16,62.91,62.95,60.1,60.2,210397
2023-11-17,59.61,60.6,59.4,59.96,137328
2023-11-20,60.18,61.0,59.23,60.53,145892
2023-11-21,60.69,61.67,60.64,60.72,140209
2023-11-22,60.35,60.42,59.43,59.46,85793
2023-11-23,59.46,59.97,58.62,59.48,99070
2023-11-24,59.2,59.2,57.83,57.83,112862
2023-11-27,57.46,58.11,56.8,57.23,92519
2023-11-28,57.23,57.97,56.84,57.7,89095
2023-11-29,57.47,57.59,56.12,56.19,104156
2023-11-30,56.48,58.0,56.27,56.91,126452
2023-12-01,56.32,57.37,55.83,56.93,102183
2023-12-04,56.94,57.55,56.14,56.35,104102
2023-12-05,56.05,56.76,54.65,54.65,141753
2023-12-06,54.59,56.55,54.39,55.65,148667
2023-12-07,55.33,55.82,53.9,54.26,143155
2023-12-08,54.52,54.74,53.37,53.91,176809
2023-12-11,52.59,54.52,52.39,54.33,143884
2023-12-12,54.26,54.9,53.5,53.61,89282
2023-12-13,52.92,53.15,51.66,51.75,153611
2023-12-14,52.25,53.71,52.04,52.04,116459
2023-12-15,53.8,54.83,52.5,52.77,197154
2023-12-18,52.46,54.06,51.79,51.86,114008
2023-12-19,52.04,55.1,51.53,54.22,266841
2023-12-20,54.11,54.68,53.65,54.06,130640
2023-12-21,54.1,56.89,53.61,56.25,280108
2023-12-22,55.68,58.2,54.9,56.77,248297
2023-12-25,56.1,57.42,55.95,56.38,101431
2023-12-26,56.19,57.06,55.65,56.71,126551
2023-12-27,56.98,56.98,55.4,55.93,122054
2023-12-28,55.75,61.98,55.52,61.35,372510
2023-12-29,60.88,60.99,59.52,60.05,230450
2024-01-02,59.99,60.06,58.36,58.48,134018
2024-01-03,58.46,58.83,57.38,58.32,131059
2024-01-04,57.82,58.16,56.38,56.52,137405
2024-01-05,56.12,57.51,54.26,54.72,186945
2024-01-08,54.33,56.03,54.21,54.86,126511
2024-01-09,54.69,57.48,53.47,56.05,206453
2024-01-10,55.52,59.59,55.47,58.51,272690
2024-01-11,58.59,60.25,58.27,59.56,222874
2024-01-12,59.59,62.35,58.85,60.27,263541
2024-01-15,59.91,60.98,59.38,59.73,131653
2024-01-16,59.56,61.37,58.93,60.98,173170
2024-01-17,60.6,60.96,59.26,59.27,119994
2024-01-18,58.77,62.45,58.77,62.07,240485
2024-01-19,62.49,64.04,60.95,61.05,235699
2024-01-22,60.37,61.89,59.11,59.99,196617
2024-01-23,61.71,65.0,60.48,62.8,290129
2024-01-24,63.0,63.49,59.7,61.2,229510
2024-01-25,60.36,61.78,58.37,61.78,249044
2024-01-26,60.48,61.2,59.41,59.46,170091
2024-01-29,58.34,58.77,54.83,54.96,276767
2024-01-30,54.61,56.55,54.28,54.61,166511
2024-01-31,53.92,55.09,52.98,53.46,184507
2024-02-01,53.23,56.62,53.19,55.02,209351
2024-02-02,54.61,55.3,52.54,54.11,190453
2024-02-05,53.18,56.05,51.03,54.61,231367
2024-02-06,53.61,58.0,53.47,57.62,218326
2024-02-07,58.51,59.44,57.68,58.36,217607
2024-02-08,58.84,60.13,58.2,58.58,182368
2024-02-19,58.91,59.13,57.44,58.48,156152
2024-02-20,58.12,58.12,55.59,56.68,189784
2024-02-21,56.05,58.67,55.69,57.26,200455
2024-02-22,56.76,59.27,56.73,57.55,179817
2024-02-23,57.54,59.58,57.48,58.41,215252
2024-02-26,58.22,58.33,56.79,57.25,180899
2024-02-27,57.11,57.53,56.3,57.53,201407
2024-02-28,58.25,61.14,58.03,58.11,344035
2024-02-29,57.84,59.84,57.27,59.78,272745
2024-03-01,59.79,60.63,58.41,60.04,231585
2024-03-04,59.62,62.14,59.54,61.41,261981
2024-03-05,60.35,62.65,60.05,62.19,272943
2024-03-06,61.75,66.99,61.42,64.84,355221
2024-03-07,63.94,65.06,62.71,62.82,197578
2024-03-08,64.13,68.86,64.13,68.51,379839
2024-03-11,71.02,76.74,70.01,75.51,470503
2024-03-12,74.6,78.09,73.86,75.2,346012
2024-03-13,74.67,75.8,73.6,73.91,242983
2024-03-14,73.38,75.03,72.9,73.8,183753
2024-03-15,73.24,73.3,69.8,71.61,289918
2024-03-18,72.36,74.8,71.64,74.01,249179
2024-03-19,74.46,76.74,72.92,72.92,188772
2024-03-20,72.36,74.0,71.77,72.5,131272
2024-03-21,72.18,72.77,70.93,71.73,153688
2024-03-22,71.46,72.16,70.52,71.07,95601
2024-03-25,70.65,72.23,70.49,70.8,113316
2024-03-26,70.52,72.13,70.11,71.41,168123
2024-03-27,71.79,72.67,70.37,70.43,164053
2024-03-28,70.8,72.31,69.8,71.23,148120
2024-03-29,70.88,72.77,70.6,71.66,123868
2024-04-01,71.81,76.1,71.16,75.42,242477
2024-04-02,74.67,75.98,73.67,74.03,158654
2024-04-03,74.02,75.02,72.01,72.44,127798
2024-04-08,72.02,73.32,71.18,71.4,131818
2024-04-09,72.16,72.87,70.0,70.5,137474
2024-04-10,70.37,71.21,67.93,68.63,189404
2024-04-11,67.9,69.41,67.73,68.07,120313
2024-04-12,68.17,68.35,66.0,66.28,146066
2024-04-15,66.15,70.02,66.15,68.75,190067
2024-04-16,68.08,69.39,67.58,68.3,118150
2024-04-17,67.94,68.77,67.09,68.27,169041
2024-04-18,68.22,68.22,66.41,66.88,156064
2024-04-19,65.82,66.18,63.7,65.47,268883
2024-04-22,64.64,66.43,63.92,64.64,155181
2024-04-23,67.48,68.86,66.08,66.78,263355
2024-04-24,67.18,67.21,64.86,65.5,159597
2024-04-25,65.61,67.51,64.71,66.71,164156
2024-04-26,66.68,68.8,66.33,68.42,216127
2024-04-29,68.93,74.89,68.51,73.47,306456
2024-04-30,73.22,73.42,71.2,71.34,154962
2024-05-06,73.88,74.46,72.52,73.01,161012
2024-05-07,72.69,74.99,71.88,73.88,140408
2024-05-08,73.25,73.83,72.0,72.14,85843
2024-05-09,72.49,74.54,72.24,73.66,122432
2024-05-10,73.31,74.09,72.24,73.74,115408
2024-05-13,72.45,74.35,71.41,72.52,172782
2024-05-14,73.6,73.93,70.52,70.87,135539
2024-05-15,75.31,76.1,72.42,72.64,227255
2024-05-16,72.64,74.59,71.72,73.17,136152
2024-05-17,72.02,72.16,67.87,69.97,280076
2024-05-20,68.92,70.48,68.91,69.98,99335
2024-05-21,69.51,69.89,68.22,68.94,87203
2024-05-22,69.36,72.99,69.11,72.44,235851
2024-05-23,72.11,72.45,70.37,70.72,123354
2024-05-24,70.49,71.63,69.66,69.76,76136
2024-05-27,70.08,70.23,68.53,69.78,84896
2024-05-28,69.39,70.67,68.73,68.79,71854
2024-05-29,69.07,71.61,68.94,69.56,143051
2024-05-30,70.99,71.33,69.25,69.44,102072
2024-05-31,69.0,69.66,67.87,68.0,111149
2024-06-03,67.65,68.71,66.81,68.09,113015
2024-06-04,68.4,71.59,67.57,71.19,183029
2024-06-05,71.25,72.16,70.73,70.8,106699
2024-06-06,71.25,71.43,68.22,68.87,133762
2024-06-07,69.16,69.55,66.49,67.24,145428
2024-06-11,66.71,67.98,66.54,67.62,87302
2024-06-12,67.15,67.51,66.08,66.66,107445
2024-06-13,66.79,67.99,65.61,66.83,148056
2024-06-14,66.34,66.78,63.74,64.58,378290
2024-06-17,64.38,66.07,63.1,65.93,215230
2024-06-18,65.79,68.39,65.67,67.54,205608
2024-06-19,68.09,68.09,66.19,66.38,113741
2024-06-20,66.64,67.11,65.58,65.9,115433
2024-06-21,65.92,67.27,64.76,65.49,138268
2024-06-24,64.79,66.22,64.54,65.64,134808
2024-06-25,65.07,65.62,61.57,62.05,248648
2024-06-26,61.68,63.31,61.24,62.17,153981
2024-06-27,61.42,61.84,60.49,61.37,130298
2024-06-28,61.32,61.84,59.61,60.02,183102
2024-07-01,60.74,62.43,59.49,61.14,189040
2024-07-02,59.9,60.33,57.59,58.31,276000
2024-07-03,58.85,59.38,57.73,58.04,140273
2024-07-04,57.99,58.74,56.87,57.11,150777
2024-07-05,56.79,59.73,56.79,58.99,245824
2024-07-08,58.39,58.49,55.9,56.14,200684
2024-07-09,56.37,56.56,54.98,56.27,244875
2024-07-10,55.09,57.63,54.37,55.56,244706
2024-07-11,56.15,58.65,55.24,57.81,315665
2024-07-12,59.76,62.2,59.14,60.1,446958
2024-07-15,60.17,62.57,59.47,62.0,326293
2024-07-16,61.74,68.56,61.59,68.3,501438
2024-07-17,68.99,69.35,66.87,68.29,416651
2024-07-18,67.09,71.54,66.22,69.39,469581
2024-07-19,68.67,70.83,68.67,70.29,318585
2024-07-22,70.28,73.06,70.18,72.11,305381
2024-07-23,71.19,71.7,69.79,69.79,291108
2024-07-24,68.99,70.19,68.07,68.97,270460
2024-07-25,68.39,70.72,68.13,69.06,289466
2024-07-26,68.35,69.24,67.29,68.34,239282
2024-07-29,68.37,68.57,65.52,66.64,212553
2024-07-30,66.56,67.79,65.61,66.04,133698
2024-07-31,65.79,67.22,64.52,66.82,264828
2024-08-01,66.52,67.58,65.69,65.89,193964
2024-08-02,65.59,66.46,64.02,64.49,197531
2024-08-05,64.25,66.87,64.01,65.16,246728
2024-08-06,66.31,69.65,66.29,68.87,358613
2024-08-07,68.56,70.19,68.42,68.98,206965
2024-08-08,68.52,69.94,67.79,68.29,159620
2024-08-09,68.29,69.5,67.79,67.79,125156
2024-08-12,68.89,69.48,66.49,66.69,147763
2024-08-13,66.7,68.65,65.69,68.29,188993
2024-08-14,67.99,68.95,66.11,66.38,130788
2024-08-15,65.99,67.37,65.67,66.67,117540
2024-08-16,66.31,66.77,65.73,66.5,95637
2024-08-19,66.84,66.93,64.79,65.52,129605
2024-08-20,65.52,66.92,65.15,65.89,137714
2024-08-21,65.49,65.49,64.2,64.47,121682
2024-08-22,64.65,65.28,63.56,64.6,117711
2024-08-23,64.39,66.59,63.99,66.11,158612
2024-08-26,67.46,70.49,67.46,69.43,275178
2024-08-27,68.91,69.97,68.19,69.16,163721
2024-08-28,68.88,70.19,68.69,69.21,138822
2024-08-29,68.63,74.99,68.55,73.74,416401
2024-08-30,73.44,76.56,73.07,74.99,323338
2024-09-02,74.89,75.97,73.89,73.97,153965
2024-09-03,74.11,74.95,73.36,73.99,143010
2024-09-04,73.58,75.19,73.17,73.97,169530
2024-09-05,73.99,76.13,73.72,74.93,180770
2024-09-06,74.74,74.88,73.49,73.64,106890
2024-09-09,73.59,74.63,72.99,73.98,113424
2024-09-10,73.98,74.99,73.29,73.99,122461
2024-09-11,73.98,77.99,73.51,77.73,295814
2024-09-12,77.69,79.09,76.71,76.99,163855
2024-09-13,76.87,77.26,74.88,76.11,154099
2024-09-18,75.91,77.77,75.59,76.76,121332
2024-09-19,77.27,78.14,75.5,76.37,168757
2024-09-20,76.34,77.14,75.11,76.79,157451
2024-09-23,76.56,77.03,73.29,74.77,202559
2024-09-24,74.99,75.29,71.99,74.24,325487
2024-09-25,75.77,77.56,74.89,75.13,268146
2024-09-26,74.95,75.65,72.03,75.61,376734
2024-09-27,75.54,86.56,74.35,83.19,547392
2024-09-30,86.87,97.95,84.67,97.57,656078
2024-10-08,113.97,117.18,100.47,117.18,899114
2024-10-09,109.96,109.96,97.09,97.1,837836
2024-10-10,96.99,103.58,96.49,99.44,501440
2024-10-11,97.01,99.8,92.99,94.79,342143
2024-10-14,93.49,95.87,92.16,94.74,353607
2024-10-15,93.13,93.13,87.78,90.44,606290
2024-10-16,88.0,89.45,86.02,86.39,373272
2024-10-17,86.92,87.69,84.16,84.55,346916
2024-10-18,84.55,93.99,83.5,92.49,625414
2024-10-21,94.97,96.76,90.67,92.18,627636
2024-10-22,90.79,92.99,88.56,91.99,472077
2024-10-23,91.89,102.47,91.0,96.39,693653
2024-10-24,93.68,93.79,89.99,89.99,450342
2024-10-25,89.8,97.87,89.43,93.3,721391
2024-10-28,92.31,92.98,90.39,91.73,390430
2024-10-29,92.99,94.54,88.49,88.49,465730
2024-10-30,87.99,90.63,87.8,89.3,275823
2024-10-31,89.58,91.49,88.31,88.61,388614
2024-11-01,86.79,87.87,83.02,86.19,608999
2024-11-04,85.99,88.32,85.01,87.14,251534
2024-11-05,87.64,91.4,86.89,90.69,498049
2024-11-06,90.71,96.68,90.41,92.11,633493
2024-11-07,88.97,88.97,84.59,88.78,704545
2024-11-08,88.82,89.94,84.98,85.34,702241
2024-11-11,84.75,87.19,83.85,86.56,477075
2024-11-12,86.65,88.76,84.79,85.63,464532
2024-11-13,84.59,87.99,84.55,87.66,448314
2024-11-14,88.29,90.79,86.99,87.28,656463
2024-11-15,85.99,87.37,83.73,83.73,445203
2024-11-18,83.02,83.47,78.59,79.17,531827
2024-11-19,81.69,85.16,80.49,83.07,520936
2024-11-20,81.83,82.7,80.54,81.13,354581
2024-11-21,81.69,81.99,79.99,80.2,262534
2024-11-22,79.99,81.58,78.23,78.29,334867
2024-11-25,78.3,79.97,77.59,79.49,249509
2024-11-26,78.49,80.41,78.07,78.08,218331
2024-11-27,77.49,79.84,76.22,79.69,332336
2024-11-28,79.18,79.96,78.3,78.31,190838
2024-11-29,78.19,80.11,77.55,79.27,281356
2024-12-02,77.83,80.07,76.99,79.82,306759
2024-12-03,80.32,82.22,79.91,81.1,333399
2024-12-04,80.27,80.78,77.85,77.9,349945
2024-12-05,77.5,77.69,76.49,76.89,277857
2024-12-06,76.0,79.19,76.0,78.68,326423
2024-12-09,78.37,78.39,76.09,76.76,305115
2024-12-10,79.92,79.99,76.3,76.5,380477
2024-12-11,76.44,77.25,75.16,76.86,237096
2024-12-12,76.61,77.79,76.22,77.09,238192
2024-12-13,76.68,76.69,74.37,74.46,338372
2024-12-16,74.4,74.65,73.29,73.65,209434
2024-12-17,73.44,75.19,73.04,73.22,253666
2024-12-18,73.44,74.48,72.99,73.43,184833
2024-12-19,72.99,73.57,72.27,73.26,201515
2024-12-20,73.39,73.44,72.01,72.08,263023
2024-12-23,71.65,74.74,71.63,72.98,473391
2024-12-24,72.73,77.06,72.59,76.52,621700
2024-12-25,76.49,76.81,74.99,75.89,300022
2024-12-26,76.09,76.49,74.99,75.99,250488
2024-12-27,75.79,75.88,73.38,73.67,352736
2024-12-30,73.57,74.62,72.85,73.08,226096
2024-12-31,72.99,75.21,71.51,71.82,302553
2025-01-02,71.83,72.19,69.39,69.9,310411
2025-01-03,69.92,70.38,67.77,67.82,279480
2025-01-06,68.64,71.16,67.89,69.65,392739
2025-01-07,69.09,69.99,68.24,69.65,213019
2025-01-08,69.29,71.77,68.75,70.78,354315
2025-01-09,69.99,73.23,69.94,70.61,279303
2025-01-10,70.49,71.04,69.12,69.14,170613
2025-01-13,68.49,71.17,68.39,69.66,190325
2025-01-14,69.76,72.07,69.0,71.87,294119
2025-01-15,71.1,72.16,70.0,71.24,304086
2025-01-16,70.99,73.15,70.99,72.17,247042
2025-01-17,71.39,73.87,71.19,73.04,288330
2025-01-20,74.89,77.02,74.57,75.36,562918
2025-01-21,75.23,75.23,73.39,73.92,295429
2025-01-22,73.64,73.89,71.44,71.64,311883
2025-01-23,72.21,73.34,71.59,72.08,292106
2025-01-24,71.62,73.48,71.39,72.13,277948
2025-01-27,72.13,72.49,70.07,70.09,208670
2025-02-05,69.94,70.48,68.4,68.79,270558
2025-02-06,68.99,69.49,66.67,69.49,425595
2025-02-07,69.19,72.99,68.8,72.39,528184
2025-02-10,72.17,72.17,68.59,70.12,715250
2025-02-11,69.6,69.77,68.7,68.8,280689
2025-02-12,68.49,69.04,67.89,68.82,371042
2025-02-13,68.49,68.92,67.96,67.96,282544
2025-02-14,67.56,68.69,67.47,67.63,270731
2025-02-17,67.63,67.64,66.07,66.23,449471
2025-02-18,67.25,68.38,66.51,66.7,491292
2025-02-19,66.02,66.39,65.19,66.24,444217
2025-02-20,65.86,65.9,64.68,65.11,394986
2025-02-21,65.16,66.24,65.1,65.46,478452
2025-02-24,65.2,66.74,64.46,66.06,430839
2025-02-25,65.22,66.35,65.01,65.12,352111
2025-02-26,65.1,68.19,65.09,68.15,723713
2025-02-27,68.49,71.02,68.39,69.82,845534
2025-02-28,69.69,71.67,68.7,68.89,575442
2025-03-03,68.69,71.87,68.69,70.56,597886
2025-03-04,69.49,69.7,68.04,68.64,361497
2025-03-05,68.49,68.63,65.98,66.22,485027
2025-03-06,66.24,67.25,65.49,66.69,403582
2025-03-07,66.25,66.73,65.38,65.73,337999
2025-03-10,66.0,66.87,65.4,66.26,290675
2025-03-11,65.51,65.74,65.09,65.72,278283
2025-03-12,65.89,66.11,65.27,65.52,260780
2025-03-13,65.52,66.99,65.31,65.59,302008
2025-03-14,65.65,67.11,64.91,66.74,447626
2025-03-17,66.84,67.87,66.7,66.77,296439
2025-03-18,66.98,68.29,66.84,68.08,384230
2025-03-19,67.5,68.69,66.55,67.57,381378
2025-03-20,67.49,68.04,66.56,66.56,238701
2025-03-21,66.25,67.07,65.52,65.59,252847
2025-03-24,65.79,65.82,64.49,64.83,251553
2025-03-25,65.4,70.49,65.25,69.99,952107
2025-03-26,69.0,71.49,68.88,69.91,640172
2025-03-27,69.92,70.49,68.57,69.79,308298
2025-03-28,69.97,72.1,69.81,70.28,420056
2025-03-31,70.31,71.59,67.23,67.4,452836
2025-04-01,67.42,71.29,67.42,70.37,464169
2025-04-02,70.49,70.94,69.79,70.46,254618
2025-04-03,68.43,68.45,65.02,65.19,818358
2025-04-07,57.99,59.99,51.75,53.69,967449
2025-04-08,53.68,55.49,53.23,53.7,533653
2025-04-09,51.99,54.96,50.97,54.15,461521
2025-04-10,57.74,57.88,55.59,55.69,452029
2025-04-11,54.97,56.38,54.42,55.7,335183
2025-04-14,56.49,56.64,55.69,55.9,263788
2025-04-15,55.91,55.95,54.79,55.28,218423
2025-04-16,54.91,54.98,53.49,54.23,222271
2025-04-17,53.72,54.28,53.6,53.76,176608
2025-04-18,53.78,54.44,53.59,54.06,176826
2025-04-21,54.29,54.94,53.79,54.68,181051
2025-04-22,54.35,55.41,54.19,54.23,199024
2025-04-23,55.11,56.99,55.11,56.21,454060
2025-04-24,56.15,56.2,54.73,54.79,239717
2025-04-25,55.09,57.79,55.09,56.81,403021
2025-04-28,60.49,61.55,60.19,60.59,638893
2025-04-29,61.34,61.49,59.18,59.29,321586
2025-04-30,59.29,59.72,58.5,58.59,231868
2025-05-06,58.97,60.59,58.85,60.18,304173
2025-05-07,61.54,62.63,59.61,60.09,402335
2025-05-08,59.59,62.29,59.4,61.94,418182
2025-05-09,61.57,61.59,59.99,60.51,265779
2025-05-12,63.73,65.63,63.09,65.14,752187
2025-05-13,66.43,67.74,65.63,65.79,641201
2025-05-14,64.78,65.28,63.57,64.06,491386
2025-05-15,63.69,63.7,61.91,62.39,363893
2025-05-16,62.14,65.79,61.99,63.3,441015
2025-05-19,62.99,63.14,62.21,62.44,189470
2025-05-20,62.49,62.58,60.89,61.65,301308
2025-05-21,61.75,62.76,61.36,62.22,234493
2025-05-22,61.59,61.89,60.49,60.5,267433
2025-05-23,59.87,60.02,58.52,58.59,522254
2025-05-26,58.19,59.54,58.19,58.87,204026
2025-05-27,58.89,58.99,58.35,58.55,139336
2025-05-28,58.85,59.07,58.11,58.27,137170
2025-05-29,58.91,59.24,58.58,59.03,197672
2025-05-30,58.69,58.74,58.12,58.38,171666
2025-06-03,57.97,58.47,57.86,58.19,121818
2025-06-04,58.45,59.29,58.44,58.96,176090
2025-06-05,59.12,59.49,58.52,59.33,203137
2025-06-06,59.55,59.59,58.71,58.79,179973
2025-06-09,58.98,61.18,58.79,60.98,407230
2025-06-10,60.99,63.49,60.79,62.14,597203
2025-06-11,62.04,62.95,61.69,62.18,262466
2025-06-12,61.94,62.41,61.02,62.19,219082
2025-06-13,61.96,62.66,61.41,61.47,208739
2025-06-16,61.26,63.38,61.13,62.31,218785
2025-06-17,62.41,62.52,61.48,61.84,163904
2025-06-18,64.07,64.66,63.08,64.3,481590
2025-06-19,63.89,64.26,61.75,62.04,332223
2025-06-20,61.82,63.56,61.62,61.68,252674
2025-06-23,61.26,63.42,61.15,63.01,265370
2025-06-24,63.26,65.0,63.26,64.29,292447
2025-06-25,64.37,64.98,63.31,64.84,297582
2025-06-26,64.57,64.64,63.08,63.18,274240
2025-06-27,63.46,65.72,63.31,64.49,430479
2025-06-30,65.15,67.35,64.87,66.83,516457
2025-07-01,66.56,68.31,65.76,67.75,388974
2025-07-02,67.76,68.51,67.16,67.51,347079
2025-07-03,67.51,69.06,66.68,68.83,408961
2025-07-04,69.72,69.72,66.69,66.76,455857
2025-07-07,66.46,67.63,66.09,66.46,228959
2025-07-08,66.56,73.66,66.42,72.83,1033123
2025-07-09,72.84,73.44,71.71,72.41,479074
2025-07-10,72.89,77.15,72.89,75.51,911805
2025-07-11,75.17,75.82,74.44,75.22,453636
2025-07-14,74.97,76.22,73.07,74.67,541007
2025-07-15,73.66,75.96,73.16,74.21,458560
2025-07-16,73.56,74.08,72.31,73.57,374272
2025-07-17,74.11,75.6,72.39,73.16,484780
2025-07-18,73.06,73.41,71.26,71.32,468182
2025-07-21,71.55,72.08,71.19,71.81,269286
2025-07-22,71.86,73.32,71.26,73.19,476144
2025-07-23,73.53,73.74,71.88,72.17,348097
2025-07-24,71.93,75.6,71.74,75.44,565165
2025-07-25,75.36,75.71,74.76,74.84,283789
2025-07-28,74.1,74.55,72.89,73.26,366090
2025-07-29,73.27,75.1,72.66,74.51,336528
2025-07-30,74.56,75.51,73.06,73.65,358467
2025-07-31,73.06,74.69,70.61,71.06,464015
2025-08-01,71.09,74.44,70.94,74.36,564926
2025-08-04,73.33,73.52,71.66,72.84,340957
2025-08-05,72.63,75.26,71.75,74.47,386697
2025-08-06,74.06,76.28,74.02,75.96,406342
2025-08-07,75.86,75.95,73.53,73.87,393196
2025-08-08,73.58,84.96,73.56,80.66,1191059
2025-08-11,80.72,83.8,80.36,83.58,852355
2025-08-12,83.66,87.34,81.86,87.16,779843
2025-08-13,87.06,88.94,85.79,88.09,695940
2025-08-14,87.24,88.45,85.57,87.01,510081
2025-08-15,86.66,95.06,86.47,93.34,905614
2025-08-18,94.56,95.43,92.97,94.44,610163
2025-08-19,94.06,98.98,93.63,95.53,730131
2025-08-20,94.51,95.76,91.66,94.34,597646
2025-08-21,93.52,93.72,91.11,91.55,498125
2025-08-22,91.05,97.88,90.86,96.92,676815
2025-08-25,98.76,102.56,98.54,101.66,741928
2025-08-26,100.98,100.98,94.66,96.07,1148609
2025-08-27,94.61,98.42,93.6,94.17,841303
2025-08-28,93.66,99.72,93.56,98.62,822619
2025-08-29,98.61,102.42,96.78,98.93,763179
2025-09-01,98.64,100.45,97.07,98.26,591161
2025-09-02,98.75,104.43,97.92,98.71,842460
2025-09-03,100.36,118.06,99.06,113.96,1429194
2025-09-04,117.56,123.14,112.12,115.06,1651818
2025-09-05,115.25,136.72,115.25,134.4,1699411
2025-09-08,139.16,145.93,132.82,136.04,1886972
2025-09-09,131.26,134.4,127.48,128.94,1307013
2025-09-10,126.37,130.42,124.16,127.36,1197389
2025-09-11,125.59,136.4,122.56,136.4,1346651
2025-09-12,135.03,140.06,131.56,132.98,1129502
2025-09-15,137.06,148.38,135.63,135.73,1509708
2025-09-16,136.87,142.14,134.73,139.37,1085243
2025-09-17,139.86,143.3,136.26,140.05,932697
2025-09-18,139.06,147.17,134.92,141.61,1357717
2025-09-19,140.13,141.36,135.94,136.26,853179
2025-09-22,135.06,138.06,133.62,136.29,669259
2025-09-23,136.26,147.61,136.26,142.6,1186586
2025-09-24,142.47,155.06,142.08,153.26,1194407
2025-09-25,153.04,162.31,150.92,158.9,1021988
2025-09-26,158.9,166.54,156.06,156.56,899797
2025-09-29,162.06,168.86,160.16,164.06,995394
2025-09-30,164.06,166.75,156.27,161.04,928505
2025-10-09,160.94,163.96,156.72,157.95,918541
2025-10-10,154.79,157.26,144.06,145.58,1125002
2025-10-13,138.08,143.44,135.16,140.28,1078104
2025-10-14,143.9,150.06,138.16,138.85,1036142
2025-10-15,138.89,151.14,135.19,150.46,1081695
2025-10-16,148.84,163.82,148.06,162.06,1282795
2025-10-17,159.24,159.99,144.04,144.27,1211395
2025-10-20,149.0,153.19,146.66,148.63,818533
2025-10-21,149.8,157.0,144.0,152.79,813693
2025-10-22,151.0,152.33,147.45,149.32,507599
2025-10-23,148.13,154.29,146.88,153.52,566897
2025-10-24,156.0,165.65,154.0,165.0,910662
2025-10-27,169.18,172.63,162.66,166.95,943953
2025-10-28,164.02,169.5,162.08,165.88,650094
2025-10-29,169.99,194.97,168.91,191.49,1452907
2025-10-30,194.9,203.88,192.31,194.68,1271753
2025-10-31,195.59,203.38,187.49,189.8,985390
2025-11-03,193.07,199.88,188.0,199.47,1009447
2025-11-04,200.0,200.11,185.72,187.19,1038219
2025-11-05,181.31,202.68,181.31,200.5,1210056
2025-11-06,201.96,209.88,197.99,205.4,1066136
2025-11-07,202.01,209.5,199.88,201.0,754301
2025-11-10,203.2,205.0,189.39,194.0,902088
2025-11-11,200.0,204.02,191.1,193.0,800191
2025-11-12,188.87,192.85,182.21,187.63,879893
2025-11-13,190.23,194.92,186.11,190.51,852416
2025-11-14,185.0,194.1,184.11,185.0,651853
2025-11-17,182.54,186.99,180.7,183.79,572551
2025-11-18,183.69,184.48,172.75,175.02,834770
2025-11-19,174.03,179.77,173.5,176.5,488869
2025-11-20,181.0,184.72,176.76,177.36,599554
2025-11-21,170.02,174.25,167.51,167.89,690453
2025-11-24,169.98,171.78,164.38,167.42,587924
2025-11-25,172.3,179.95,169.2,175.71,772329
2025-11-26,175.19,187.92,173.15,182.53,840096
2025-11-27,187.0,192.88,180.16,180.93,747179
2025-11-28,180.03,187.49,180.03,182.9,512084
2025-12-01,183.0,183.91,174.32,179.56,599315
2025-12-02,178.14,180.5,175.0,178.7,333052
2025-12-03,181.65,183.58,175.8,177.13,460249
2025-12-04,176.14,178.7,174.28,177.55,346956
2025-12-05,180.0,184.66,175.5,182.0,571587
2025-12-08,182.11,188.2,177.3,184.28,705346
2025-12-09,183.88,191.6,181.1,186.0,639694
2025-12-10,186.2,186.7,175.31,178.09,746145
2025-12-11,178.0,183.7,173.97,174.05,652352
2025-12-12,177.0,178.58,170.2,174.98,815469
2025-12-15,171.58,174.0,168.2,170.2,563588
2025-12-16,169.5,169.5,160.27,163.97,716009
2025-12-17,162.51,170.65,162.51,169.5,571040
2025-12-18,166.49,166.49,161.23,161.31,556222
2025-12-19,163.02,165.54,161.11,164.05,441769
2025-12-22,166.0,169.97,164.11,167.56,568137
2025-12-23,167.5,170.59,165.58,167.99,505760
2025-12-24,166.11,166.55,163.58,165.88,505601
2025-12-25,164.75,168.9,163.8,167.88,479944
2025-12-26,169.88,185.18,168.85,181.08,1148186
2025-12-29,182.0,182.93,175.05,175.72,698913
2025-12-30,175.1,180.51,173.68,179.07,564848
2025-12-31,179.96,180.2,171.03,171.04,518959
