date,open,high,low,close,volume
2015-01-05,5.13,5.35,5.05,5.19,15370
2015-01-06,5.15,5.49,5.05,5.39,9850
2015-01-07,5.42,5.43,5.16,5.33,7864
2015-01-08,5.26,5.62,5.26,5.56,12863
2015-01-09,5.75,5.83,5.58,5.6,10309
2015-01-12,5.6,5.71,5.5,5.6,6237
2015-01-13,5.62,5.71,5.57,5.6,5817
2015-01-14,5.52,5.68,5.52,5.68,10849
2015-01-15,5.71,5.97,5.68,5.9,8869
2015-01-16,5.95,5.97,5.81,5.94,8591
2015-01-19,5.85,5.99,5.61,5.89,10264
2015-01-20,5.95,6.17,5.89,6.14,9543
2015-01-21,6.14,6.23,6.08,6.13,5845
2015-01-22,6.27,6.27,6.0,6.13,6174
2015-01-23,6.12,6.16,6.03,6.15,7588
2015-01-26,6.15,6.24,6.09,6.2,9920
2015-01-27,6.3,7.04,6.21,6.64,44119
2015-01-30,6.85,6.9,6.3,6.47,20586
2015-02-02,6.34,6.69,6.2,6.57,22283
2015-02-03,6.85,6.86,6.53,6.78,22419
2015-02-04,6.78,7.01,6.7,6.91,14915
2015-02-05,6.93,7.03,6.87,6.9,10315
2015-02-06,6.84,6.86,6.54,6.65,8860
2015-02-09,6.65,6.65,6.35,6.4,8386
2015-02-10,6.27,6.64,6.27,6.61,5576
2015-02-11,6.52,6.9,6.52,6.83,12088
2015-02-12,6.83,6.88,6.73,6.85,9057
2015-02-13,6.87,7.2,6.8,7.12,20168
2015-02-16,7.12,8.07,7.12,7.85,29400
2015-02-17,7.83,8.01,7.75,8.0,11591
2015-02-25,8.09,8.09,7.77,7.85,11765
2015-02-26,7.85,7.93,7.57,7.62,14680
2015-02-27,7.59,7.87,7.49,7.87,11746
2015-03-02,7.92,8.23,7.87,8.15,13593
2015-03-03,8.35,8.36,8.02,8.05,12781
2015-03-04,8.09,8.15,7.98,8.02,11644
2015-03-05,8.02,8.18,7.96,8.12,10033
2015-03-06,9.07,9.17,8.3,8.67,56886
2015-04-10,9.78,9.78,9.78,9.78,277
2015-04-13,11.0,11.0,11.0,11.0,713
2015-04-14,12.34,12.34,12.34,12.34,724
2015-04-15,13.69,13.69,12.29,12.49,97217
2015-04-16,12.29,12.93,11.63,12.59,49925
2015-04-17,13.27,14.09,12.5,12.63,35386
2015-04-20,11.29,12.68,11.29,12.35,29123
2015-04-21,12.29,13.18,11.97,12.99,33450
2015-04-22,13.2,14.35,13.0,14.12,26065
2015-04-23,14.41,14.94,13.41,13.87,85590
2015-04-24,13.44,14.56,13.44,14.01,62447
2015-04-27,14.18,15.47,14.18,15.01,90832
2015-04-28,15.18,15.32,13.75,14.02,76506
2015-04-29,13.87,13.94,13.02,13.18,126799
2015-04-30,12.98,13.18,12.01,12.25,152214
2015-05-04,12.32,12.32,11.62,12.01,123818
2015-05-05,11.86,12.24,11.1,11.4,109939
2015-05-06,11.57,11.79,11.26,11.35,91477
2015-05-07,11.41,11.41,9.98,10.02,211995
2015-05-08,10.17,10.76,10.03,10.64,227315
2015-05-11,10.79,11.94,10.73,11.94,224955
2015-05-12,12.33,13.38,12.33,12.75,228042
2015-05-13,12.81,13.11,11.88,12.82,125264
2015-05-14,12.71,14.34,12.5,14.34,203026
2015-05-15,14.56,15.79,13.8,14.78,146864
2015-05-18,14.61,15.18,14.18,14.6,136032
2015-05-19,14.33,15.15,14.32,14.86,91254
2015-05-20,14.64,15.77,14.64,15.09,118755
2015-05-21,15.1,16.42,15.02,16.34,116182
2015-05-22,17.34,17.98,16.57,16.63,145572
2015-05-26,17.52,17.54,16.08,17.03,149603
2015-05-27,17.03,17.04,15.58,16.32,171058
2015-05-28,16.32,16.4,14.45,14.45,171166
2015-05-29,14.25,15.05,13.1,14.38,126754
2015-06-01,14.38,15.25,14.31,14.98,122450
2015-06-02,14.98,15.66,14.56,15.21,152436
2015-06-03,15.29,15.75,14.8,15.32,191878
2015-06-04,15.41,15.64,13.55,14.48,140167
2015-06-05,14.5,14.85,13.94,14.08,159448
2015-06-08,14.08,14.08,12.93,13.41,136850
2015-06-09,13.41,13.98,13.18,13.71,99181
2015-06-10,13.65,14.44,13.25,14.28,100676
2015-06-11,14.28,15.81,14.04,15.34,191127
2015-06-12,15.35,15.83,14.87,14.96,114927
2015-06-15,14.95,15.31,14.38,15.08,122071
2015-06-16,14.98,14.98,13.79,13.99,100656
2015-06-17,14.02,15.63,13.48,15.48,168713
2015-06-18,15.48,16.7,15.33,15.86,219850
2015-06-19,15.33,16.64,14.95,15.81,190849
2015-06-23,15.48,17.63,15.25,17.56,297924
2015-10-08,15.57,15.57,15.57,15.57,3741
2015-10-09,13.78,13.78,13.78,13.78,1114
2015-10-12,12.16,12.16,12.16,12.16,8707
2015-10-13,10.71,10.71,10.71,10.71,30301
2015-10-14,9.58,10.18,9.47,9.78,945288
2015-10-15,9.51,10.14,9.37,10.07,566366
2015-10-16,10.08,10.11,9.64,9.8,411200
2015-10-19,9.76,10.02,9.64,10.0,334014
2015-10-20,10.08,10.53,10.01,10.24,349596
2015-10-21,10.16,10.21,8.98,8.98,401539
2015-10-22,8.88,9.37,8.79,9.32,235057
2015-10-23,9.44,9.46,9.2,9.41,217963
2015-10-26,9.7,9.7,9.3,9.53,180539
2015-10-27,9.33,9.48,8.87,9.39,174411
2015-10-28,9.4,9.98,9.29,9.67,256654
2015-10-29,9.79,9.94,9.41,9.51,190542
2015-10-30,9.5,9.5,9.03,9.16,155234
2015-11-02,8.92,9.33,8.79,9.07,111890
2015-11-03,9.07,9.21,8.76,8.82,114498
2015-11-04,8.85,9.31,8.85,9.31,155072
2015-11-05,9.37,9.4,9.06,9.14,170586
2015-11-06,9.18,9.5,9.18,9.41,197386
2015-11-09,9.33,9.8,9.18,9.68,242813
2015-11-10,9.54,9.85,9.48,9.61,210975
2015-11-11,9.71,10.29,9.58,10.13,321606
2015-11-12,10.17,10.21,9.76,9.9,245479
2015-11-13,9.84,9.84,9.24,9.47,191716
2015-11-16,9.25,10.04,9.18,10.0,186621
2015-11-17,10.16,10.16,9.67,9.81,231933
2015-11-18,9.87,10.03,9.68,9.84,165783
2015-11-19,9.88,10.47,9.85,10.45,301192
2015-11-20,10.48,11.33,10.48,11.01,376046
2015-11-23,10.97,10.97,10.32,10.4,253859
2015-11-24,11.13,11.6,10.76,10.94,373965
2015-11-25,10.72,11.04,10.64,10.95,240092
2015-11-26,10.97,11.07,10.57,10.64,199523
2015-11-27,10.52,10.63,9.34,9.47,268109
2015-11-30,9.34,9.54,8.39,9.25,210881
2015-12-01,9.18,9.31,8.98,9.04,122193
2015-12-02,9.06,9.25,8.32,8.65,159160
2015-12-03,8.71,9.04,8.66,9.0,136875
2015-12-04,9.02,9.29,8.98,9.08,152602
2015-12-07,9.23,9.54,9.23,9.44,155654
2015-12-08,9.41,9.41,8.94,8.96,131825
2015-12-09,8.83,9.04,8.54,8.7,146695
2015-12-10,8.82,8.87,8.64,8.78,96355
2015-12-11,8.75,8.78,8.31,8.47,122821
2015-12-14,8.39,8.74,8.28,8.7,112712
2015-12-15,8.74,9.09,8.52,9.0,134055
2015-12-16,9.07,9.15,8.88,8.92,107239
2015-12-17,9.01,9.34,8.94,9.3,166311
2015-12-18,9.28,9.43,9.06,9.14,140023
2015-12-21,9.1,9.27,9.04,9.16,114296
2015-12-22,9.18,9.3,9.06,9.23,104775
2015-12-23,9.37,9.44,9.03,9.04,131293
2015-12-24,9.01,9.1,8.73,8.89,96300
2015-12-25,8.89,8.98,8.79,8.85,95145
2015-12-28,8.91,9.16,8.84,8.88,147335
2015-12-29,8.94,9.37,8.8,9.36,165621
2015-12-30,9.39,9.43,9.08,9.19,130071
2015-12-31,9.15,9.31,8.91,8.91,99711
2016-01-04,8.89,9.05,7.78,7.88,105265
2016-01-05,7.15,7.96,6.99,7.37,153198
2016-01-06,7.55,7.87,7.44,7.71,101401
2016-01-07,6.95,7.5,6.74,6.81,33861
2016-01-08,7.07,7.21,6.11,6.72,122595
2016-01-11,6.43,6.6,5.81,5.81,128724
2016-01-12,5.62,5.89,5.25,5.58,152013
2016-01-13,5.71,5.77,5.08,5.1,123978
2016-01-14,4.84,5.42,4.68,5.37,155945
2016-01-15,5.28,5.33,4.71,4.83,163073
2016-01-18,4.75,5.17,4.65,4.99,165388
2016-01-19,4.98,5.39,4.89,5.37,174993
2016-01-20,5.25,5.48,5.18,5.22,202940
2016-01-21,5.07,5.71,5.02,5.18,260756
2016-01-22,5.32,5.39,4.94,5.18,168961
2016-01-25,5.32,5.37,5.05,5.14,145682
2016-01-26,5.21,5.44,4.65,4.67,247005
2016-01-27,4.68,4.8,3.98,4.42,187255
2016-01-28,4.23,4.38,3.87,3.94,123171
2016-01-29,3.91,4.28,3.89,4.14,166017
2016-02-01,4.07,4.18,3.89,4.08,161090
2016-02-02,4.23,4.72,4.13,4.72,205477
2016-02-03,4.75,4.92,4.49,4.76,353112
2016-02-04,4.74,4.94,4.62,4.83,305233
2016-02-05,4.74,5.0,4.65,4.67,194012
2016-02-15,4.32,4.62,4.19,4.54,127081
2016-02-16,4.56,5.07,4.56,4.98,232467
2016-02-17,4.93,5.11,4.78,5.06,239292
2016-02-18,5.1,5.28,4.9,4.92,256259
2016-02-19,4.86,5.14,4.84,5.03,210297
2016-02-22,5.14,5.31,5.04,5.31,261704
2016-02-23,5.28,5.29,4.97,5.12,195306
2016-02-24,5.07,5.21,4.88,5.2,192946
2016-02-25,5.17,5.18,4.44,4.44,234601
2016-02-26,4.49,4.52,4.04,4.22,183130
2016-02-29,4.18,4.24,3.56,3.58,170612
2016-03-01,3.63,3.84,3.47,3.77,142127
2016-03-02,3.71,4.23,3.71,4.13,176233
2016-03-03,4.1,4.54,4.06,4.13,188039
2016-03-04,4.09,4.16,3.64,3.75,150431
2016-03-07,3.81,4.08,3.81,3.95,122356
2016-03-08,3.94,4.1,3.61,4.08,159306
2016-03-09,3.88,4.04,3.84,3.88,110317
2016-03-10,4.01,4.2,3.84,3.87,145655
2016-03-11,3.71,3.91,3.64,3.81,94923
2016-03-14,3.86,4.24,3.86,4.11,182216
2016-03-15,4.07,4.14,3.97,4.03,114644
2016-03-16,4.11,4.18,3.87,4.08,145486
2016-03-17,4.13,4.72,4.08,4.72,363845
2016-03-18,5.02,5.31,4.75,5.09,750774
2016-03-21,5.04,5.47,4.94,5.4,592228
2016-03-22,5.25,5.37,5.12,5.19,358380
2016-03-23,5.13,5.39,5.11,5.35,301866
2016-03-24,5.25,5.28,5.09,5.09,302126
2016-03-25,5.1,5.41,5.02,5.38,321350
2016-03-28,5.65,5.97,5.21,5.33,397425
2016-03-29,5.25,5.4,4.95,5.03,270828
2016-03-30,5.15,5.39,5.09,5.34,247633
2016-03-31,5.45,5.54,5.19,5.22,247235
2016-04-01,5.21,5.25,4.97,5.13,187865
2016-04-05,5.17,5.41,5.11,5.39,248607
2016-04-06,5.33,5.54,5.26,5.48,248053
2016-04-07,5.53,5.61,5.18,5.18,252321
2016-04-08,5.1,5.19,4.94,5.1,193696
2016-04-11,5.14,5.4,5.14,5.38,209644
2016-04-12,5.38,5.41,5.18,5.31,168965
2016-04-13,5.4,5.68,5.34,5.47,338581
2016-04-14,5.56,5.65,5.41,5.64,242611
2016-04-15,5.83,5.84,5.48,5.54,229305
2016-04-18,5.44,5.49,5.23,5.24,189205
2016-04-19,5.31,5.41,5.24,5.31,136553
2016-04-20,5.44,5.58,4.64,4.82,310826
2016-04-21,4.79,4.94,4.63,4.68,165851
2016-04-22,4.6,4.73,4.56,4.71,120700
2016-04-25,4.72,4.72,4.49,4.67,110030
2016-04-26,4.68,4.76,4.58,4.72,101845
2016-04-27,4.76,4.78,4.58,4.6,116326
2016-04-28,4.67,4.67,4.3,4.57,117056
2016-04-29,4.5,4.58,4.42,4.44,99593
2016-05-03,4.47,4.72,4.42,4.71,153515
2016-05-04,4.68,4.91,4.64,4.77,169225
2016-05-05,4.77,4.82,4.68,4.81,99862
2016-05-06,4.84,4.89,4.54,4.78,221360
2016-05-09,4.83,5.28,4.77,5.02,478182
2016-05-10,5.04,5.04,4.42,4.43,305409
2016-05-11,4.38,4.51,4.14,4.14,185565
2016-05-12,4.0,4.08,3.88,4.08,106560
2016-05-13,4.07,4.21,4.01,4.04,85287
2016-05-16,4.02,4.13,3.91,4.12,72568
2016-05-17,4.08,4.22,4.02,4.12,101474
2016-05-18,4.11,4.12,3.75,3.86,114349
2016-05-19,3.81,4.01,3.81,3.88,82635
2016-05-20,3.81,3.99,3.77,3.98,93288
2016-05-23,4.01,4.18,4.01,4.14,97114
2016-05-24,4.17,4.19,4.04,4.09,86768
2016-05-25,4.12,4.16,3.97,4.01,106401
2016-05-26,4.01,4.04,3.81,4.0,92268
2016-05-27,3.98,4.02,3.92,3.97,71309
2016-05-30,3.91,4.04,3.84,3.97,59146
2016-05-31,3.97,4.34,3.97,4.31,164104
2016-06-01,4.26,4.45,4.26,4.36,150343
2016-06-02,4.34,4.7,4.31,4.67,229507
2016-06-03,4.72,5.37,4.71,5.37,549686
2016-06-06,5.68,5.72,5.34,5.48,517051
2016-06-07,5.45,5.67,5.31,5.65,321985
2016-06-08,5.61,6.45,5.39,6.16,446873
2016-06-13,5.98,6.49,5.45,5.45,374583
2016-06-14,5.41,5.6,5.05,5.53,259855
2016-06-15,5.51,6.31,5.47,6.31,304130
2016-06-16,6.81,7.18,6.81,7.18,190166
2016-06-17,7.69,7.69,6.68,7.19,553390
2016-06-20,7.1,8.14,6.92,8.14,522657
2016-06-21,8.18,9.06,7.79,8.55,587909
2016-06-22,8.36,8.53,7.92,8.25,347098
2016-06-23,8.16,8.39,7.54,7.77,369450
2016-06-24,7.78,8.14,7.18,8.03,345312
2016-06-27,7.84,8.81,7.77,8.53,324988
2016-06-28,8.67,8.93,8.16,8.39,325512
2016-06-29,8.26,8.49,8.01,8.34,212127
2016-06-30,8.26,8.34,7.72,7.76,272788
2016-07-01,7.81,8.02,7.54,7.68,176624
2016-07-04,7.61,7.91,7.56,7.76,267305
2016-07-05,7.85,7.87,7.38,7.8,319587
2016-07-06,7.72,7.95,7.61,7.82,228431
2016-07-07,7.68,8.18,7.57,7.98,321374
2016-07-08,7.92,8.05,7.65,7.69,188473
2016-07-11,7.61,7.65,7.01,7.08,327635
2016-07-12,7.11,7.18,6.72,7.01,274489
2016-07-13,7.21,7.35,7.03,7.21,260522
2016-07-14,7.21,7.54,7.12,7.26,208414
2016-07-15,7.23,7.43,7.16,7.24,121682
2016-07-18,7.21,7.24,6.93,7.04,100303
2016-07-19,7.13,7.48,7.07,7.47,188897
2016-07-20,7.48,7.88,7.41,7.81,304420
2016-07-21,7.89,8.29,7.63,8.18,329340
2016-07-22,8.11,8.43,8.01,8.22,246181
2016-07-25,8.38,8.38,7.68,7.75,191813
2016-07-26,7.7,7.91,7.68,7.78,110704
2016-07-27,7.8,7.81,6.78,6.78,231997
2016-07-28,6.91,6.98,6.16,6.57,307094
2016-07-29,6.58,6.84,6.46,6.76,185563
2016-08-01,6.61,7.13,6.2,7.01,206123
2016-08-02,7.01,7.11,6.88,7.03,106149
2016-08-03,7.07,7.21,6.95,7.05,92901
2016-08-04,7.05,7.51,6.94,7.49,165135
2016-08-05,7.49,7.49,7.04,7.18,117588
2016-08-08,7.14,7.18,6.78,7.04,75339
2016-08-09,7.05,7.34,7.02,7.1,94740
2016-08-10,7.12,7.25,6.86,6.87,123203
2016-08-11,6.9,6.94,6.62,6.64,101544
2016-08-12,6.61,6.74,6.54,6.71,60745
2016-08-15,6.71,7.22,6.58,7.01,128880
2016-08-16,6.99,7.11,6.95,7.01,91091
2016-08-17,7.06,7.24,6.98,7.15,102673
2016-08-18,7.14,7.18,7.0,7.04,84854
2016-08-19,7.12,7.14,7.0,7.03,70608
2016-08-22,7.02,7.34,7.01,7.11,141821
2016-08-23,7.11,7.2,6.99,7.03,86717
2016-08-24,7.05,7.51,7.05,7.45,194513
2016-08-25,7.38,7.67,7.18,7.52,179929
2016-08-26,7.57,7.88,7.48,7.75,183935
2016-08-29,7.78,7.81,7.3,7.36,147352
2016-08-30,7.41,7.48,7.23,7.26,93076
2016-08-31,7.24,7.3,7.08,7.18,81893
2016-09-01,7.18,7.33,7.09,7.15,73122
2016-09-02,7.14,7.41,6.81,7.34,147260
2016-09-05,7.34,7.37,7.18,7.18,67253
2016-09-06,7.18,7.41,6.95,7.3,95877
2016-09-07,7.59,7.97,7.45,7.76,268414
2016-09-08,7.63,7.75,7.51,7.67,109676
2016-09-09,7.61,7.66,7.38,7.38,79448
2016-09-12,7.08,7.21,6.72,6.81,119605
2016-09-13,6.9,6.94,6.76,6.83,68637
2016-09-14,6.82,6.99,6.67,6.93,54221
2016-09-19,6.93,7.18,6.93,7.08,73158
2016-09-20,7.14,7.19,7.02,7.18,54989
2016-09-21,7.16,7.64,7.16,7.34,114279
2016-09-22,7.38,7.48,7.28,7.29,71354
2016-09-23,7.28,7.37,7.01,7.06,75413
2016-09-26,7.0,7.19,6.9,6.9,51862
2016-09-27,6.91,7.11,6.84,7.11,46943
2016-09-28,7.11,7.28,7.02,7.24,54601
2016-09-29,7.18,7.31,7.18,7.18,40375
2016-09-30,7.21,7.81,7.16,7.66,214710
2016-10-20,8.12,8.34,7.84,7.89,268943
2016-10-21,7.82,8.18,7.59,8.06,173817
2016-10-24,7.95,8.14,7.82,8.0,100657
2016-10-25,7.91,7.98,7.81,7.85,61614
2016-10-26,7.84,8.07,7.79,7.95,95121
2016-10-27,7.96,8.25,7.96,8.24,172560
2016-10-28,8.22,8.24,7.95,7.95,83894
2016-10-31,7.96,8.11,7.71,8.06,75586
2016-11-01,8.07,8.19,7.99,8.11,70924
2016-11-02,8.08,8.21,7.76,8.03,88160
2016-11-03,7.94,8.14,7.86,7.92,78085
2016-11-04,7.91,7.98,7.69,7.71,95229
2016-11-07,7.7,7.83,7.64,7.65,48630
2016-11-08,7.71,7.8,7.54,7.61,65327
2016-11-09,7.68,7.87,7.57,7.69,111424
2016-11-10,7.82,7.82,7.58,7.64,81746
2016-11-11,7.67,7.67,7.4,7.48,121239
2016-11-14,7.44,7.64,7.41,7.47,70583
2016-11-15,7.5,7.63,7.45,7.53,67300
2016-11-16,7.54,7.74,7.54,7.66,79022
2016-11-17,7.68,7.71,7.44,7.45,74800
2016-11-18,7.48,7.6,7.4,7.51,66418
2016-11-21,7.45,7.51,7.3,7.32,75220
2016-11-22,7.36,7.39,7.21,7.34,81297
2016-11-23,7.35,7.38,7.23,7.25,60917
2016-11-24,7.22,7.31,7.2,7.29,38621
2016-11-25,7.31,7.34,7.02,7.12,78118
2016-11-28,7.14,7.16,7.05,7.06,54780
2016-11-29,7.06,7.21,7.06,7.11,55314
2016-11-30,7.08,7.31,7.04,7.21,61094
2016-12-01,7.25,7.36,7.17,7.32,53622
2016-12-02,7.32,7.45,7.14,7.17,73111
2016-12-05,7.11,7.27,7.03,7.18,31334
2016-12-06,7.21,7.25,7.1,7.11,34189
2016-12-07,7.09,7.32,7.08,7.29,42041
2016-12-08,7.31,7.32,7.18,7.22,37896
2016-12-09,7.22,7.28,7.14,7.21,28953
2016-12-12,7.18,7.22,6.32,6.44,77157
2016-12-13,6.46,6.54,6.16,6.37,55076
2016-12-14,6.35,6.44,6.14,6.24,55631
2016-12-15,6.14,6.45,6.14,6.41,48038
2016-12-16,6.38,6.48,6.34,6.42,29292
2016-12-19,6.39,6.45,6.32,6.37,23622
2016-12-20,6.33,6.41,6.22,6.26,39915
2016-12-21,6.26,6.38,6.26,6.38,34623
2016-12-22,6.38,7.04,6.34,6.84,90673
2016-12-23,6.74,6.89,6.57,6.61,54426
2016-12-26,6.61,6.79,6.46,6.74,29011
2016-12-27,6.79,7.09,6.68,7.04,49556
2016-12-28,6.93,7.03,6.83,6.84,26422
2016-12-29,6.87,6.95,6.79,6.81,24573
2016-12-30,6.91,6.99,6.8,6.9,24642
2017-01-03,6.94,7.03,6.88,6.91,14702
2017-01-04,6.98,7.14,6.88,7.05,43484
2017-01-05,7.05,7.14,6.98,7.04,24387
2017-01-06,6.99,7.08,6.68,6.81,56932
2017-01-09,6.81,6.91,6.71,6.74,25080
2017-01-10,6.72,6.95,6.7,6.92,39573
2017-01-11,6.99,6.99,6.85,6.93,27942
2017-01-12,6.91,7.02,6.81,6.89,32941
2017-01-13,6.85,6.9,6.56,6.85,32098
2017-01-16,6.85,6.85,6.21,6.74,35349
2017-01-17,6.61,6.81,6.38,6.72,25072
2017-01-18,6.71,6.72,6.49,6.54,18105
2017-01-19,6.54,6.74,6.47,6.64,23165
2017-01-20,6.72,6.77,6.62,6.69,13777
2017-01-23,6.91,6.94,6.68,6.9,31240
2017-01-24,6.87,6.9,6.77,6.83,17273
2017-01-25,6.82,6.92,6.77,6.89,20993
2017-01-26,6.89,6.96,6.86,6.94,9093
2017-02-03,6.99,7.03,6.81,6.91,14529
2017-02-06,6.92,7.04,6.85,7.02,20474
2017-02-07,7.14,7.25,6.99,7.04,42177
2017-02-08,6.99,7.08,6.89,7.06,34424
2017-02-09,7.05,7.06,6.94,6.94,40784
2017-02-10,6.95,7.0,6.86,6.92,27471
2017-02-13,6.92,6.98,6.81,6.91,29538
2017-02-14,6.91,6.95,6.86,6.91,21872
2017-02-15,6.91,6.98,6.84,6.87,25321
2017-02-16,6.92,7.13,6.85,7.05,51296
2017-02-17,7.11,7.28,6.99,7.0,46893
2017-02-20,6.98,7.11,6.92,7.04,23378
2017-02-21,7.11,7.12,6.98,7.09,25692
2017-02-22,7.09,7.13,6.99,7.07,23835
2017-02-23,7.13,7.42,7.08,7.33,81597
2017-02-24,7.32,7.44,7.23,7.34,53535
2017-02-27,7.39,7.62,7.32,7.43,69825
2017-02-28,7.43,7.61,7.43,7.57,67197
2017-03-01,7.58,7.62,7.44,7.44,46244
2017-03-02,7.47,7.64,7.34,7.34,48735
2017-03-03,7.34,7.58,7.27,7.51,43450
2017-03-06,7.59,8.04,7.5,8.02,137510
2017-03-07,8.04,8.15,7.9,8.0,68102
2017-03-08,7.99,8.21,7.85,8.14,82319
2017-03-09,8.11,8.11,7.81,7.91,63925
2017-03-10,8.0,8.07,7.69,7.72,52906
2017-03-13,7.76,7.98,7.71,7.84,58002
2017-03-14,7.8,8.23,7.8,8.03,104429
2017-03-15,8.01,8.45,8.01,8.34,113167
2017-03-16,8.41,9.38,8.41,8.99,293468
2017-03-17,9.18,9.41,8.84,8.92,173362
2017-03-20,8.95,9.11,8.79,9.0,107055
2017-03-21,9.02,9.31,9.02,9.18,108282
2017-03-22,9.06,9.17,8.84,8.97,76819
2017-03-23,8.98,9.21,8.68,8.87,114817
2017-03-24,8.94,9.29,8.84,9.19,116591
2017-03-27,9.6,9.61,8.84,8.84,101949
2017-03-28,8.74,9.1,8.52,9.05,104659
2017-03-29,9.07,9.18,8.84,8.84,64542
2017-03-30,8.74,8.98,8.58,8.61,56704
2017-03-31,8.61,8.8,8.54,8.64,31998
2017-04-05,8.64,9.11,8.61,9.08,66758
2017-04-06,9.02,9.08,8.84,8.98,55292
2017-04-07,8.88,9.34,8.88,9.07,67649
2017-04-10,9.02,9.16,8.52,8.74,77903
2017-04-11,8.72,8.78,8.38,8.58,55460
2017-04-12,8.64,8.64,8.21,8.24,47501
2017-04-13,8.29,8.47,8.22,8.25,34475
2017-04-14,8.23,8.32,8.06,8.14,26142
2017-04-17,8.13,8.14,7.78,8.14,48868
2017-04-18,8.1,8.21,7.91,7.91,25622
2017-04-19,7.76,7.83,7.51,7.78,45904
2017-04-20,7.78,7.91,7.49,7.88,40431
2017-04-21,7.89,8.05,7.8,7.94,32098
2017-04-24,7.88,7.94,7.44,7.61,47993
2017-04-25,7.72,7.72,6.92,7.07,70097
2017-04-26,7.09,7.3,7.03,7.07,35490
2017-04-27,6.99,7.74,6.99,7.61,55167
2017-04-28,7.47,7.81,7.47,7.69,29281
2017-05-02,7.69,8.13,7.68,7.92,45467
2017-05-03,7.88,8.01,7.69,7.77,41689
2017-05-04,7.78,8.01,7.74,7.81,36145
2017-05-05,7.81,7.87,7.68,7.72,26130
2017-05-08,7.68,7.87,7.57,7.68,34687
2017-05-09,7.61,7.84,7.34,7.82,39392
2017-05-10,7.78,7.96,7.45,7.54,47269
2017-05-11,7.55,7.63,7.03,7.53,38343
2017-05-12,7.53,7.58,7.39,7.51,17175
2017-05-15,7.51,7.59,7.38,7.38,16318
2017-05-16,7.31,7.6,7.17,7.54,35230
2017-05-17,7.54,7.92,7.54,7.68,49449
2017-05-18,7.57,7.88,7.45,7.64,40667
2017-05-19,7.68,7.89,7.57,7.85,32173
2017-05-22,7.85,7.98,7.74,7.83,29321
2017-05-23,7.83,7.83,7.22,7.25,49480
2017-05-24,7.22,7.41,7.08,7.31,25122
2017-05-25,7.3,7.44,7.18,7.41,21641
2017-05-26,7.34,7.48,7.27,7.32,17440
2017-05-31,7.48,7.51,7.09,7.24,46413
2017-06-01,7.28,7.28,6.7,6.74,63436
2017-06-02,6.71,6.94,6.41,6.76,38624
2017-06-05,6.72,7.01,6.71,6.91,34790
2017-06-06,6.91,7.08,6.91,7.01,33275
2017-06-07,7.01,7.35,7.01,7.27,47998
2017-06-08,7.22,7.24,7.03,7.14,37115
2017-06-09,7.12,7.24,7.06,7.07,40788
2017-06-12,7.0,7.13,6.92,6.98,29857
2017-06-13,6.98,7.04,6.88,7.04,34128
2017-06-14,6.96,7.08,6.96,7.04,19973
2017-06-15,6.98,7.34,6.98,7.33,44310
2017-06-16,7.33,7.48,7.21,7.41,27625
2017-06-19,7.41,7.47,7.3,7.38,21932
2017-06-20,7.58,7.67,7.35,7.39,42349
2017-06-21,7.47,7.61,7.34,7.43,27917
2017-06-22,7.51,7.72,7.31,7.31,35872
2017-06-23,7.31,7.49,7.27,7.47,27720
2017-06-26,7.47,7.61,7.22,7.44,55602
2017-06-27,7.44,7.64,7.32,7.51,50814
2017-06-28,7.45,7.51,7.25,7.29,27775
2017-06-29,7.41,7.51,7.35,7.43,36137
2017-06-30,7.47,7.47,7.3,7.37,43346
2017-07-03,7.38,7.95,7.38,7.94,87726
2017-07-04,8.14,8.45,8.08,8.28,128396
2017-07-05,8.19,8.4,8.03,8.29,68536
2017-07-06,8.25,8.58,8.21,8.4,83716
2017-07-07,8.34,8.55,8.27,8.44,66687
2017-07-10,8.51,8.51,8.13,8.3,75469
2017-07-11,8.25,8.32,8.1,8.15,42672
2017-07-12,8.09,8.41,8.03,8.41,56263
2017-07-13,8.39,8.59,8.17,8.22,80352
2017-07-14,8.23,8.25,7.91,7.99,62294
2017-07-17,8.0,8.04,7.21,7.4,83370
2017-07-18,7.4,7.48,7.0,7.26,68132
2017-07-19,7.24,7.58,7.17,7.58,61940
2017-07-20,7.58,7.88,7.46,7.72,54088
2017-07-21,7.71,7.98,7.64,7.8,78164
2017-07-24,7.86,8.04,7.61,7.66,80061
2017-07-25,7.72,7.76,7.33,7.44,74942
2017-07-26,7.4,7.64,7.4,7.61,50617
2017-07-27,7.74,8.59,7.68,8.59,243648
2017-07-28,8.68,8.88,8.5,8.65,245035
2017-07-31,8.68,9.21,8.68,8.83,212115
2017-08-01,8.88,9.57,8.88,9.27,252243
2017-08-02,9.28,9.38,8.96,8.98,200065
2017-08-03,8.95,9.39,8.84,9.07,193713
2017-08-04,9.08,9.14,8.74,8.88,139718
2017-08-07,8.84,9.03,8.67,8.9,103592
2017-08-08,9.01,9.17,8.78,9.13,144876
2017-08-09,9.14,9.14,8.6,8.68,136643
2017-08-10,8.59,8.74,8.28,8.48,155811
2017-08-11,8.26,8.56,8.23,8.41,82347
2017-08-14,8.41,8.95,8.34,8.93,143379
2017-08-15,8.94,8.98,8.74,8.85,72152
2017-08-16,9.2,9.48,9.03,9.2,243774
2017-08-17,9.11,9.41,8.98,9.21,172885
2017-08-18,9.11,9.89,9.07,9.74,349790
2017-08-21,9.61,9.81,9.48,9.72,199007
2017-08-22,9.61,9.72,9.19,9.37,182285
2017-08-23,9.31,9.45,9.14,9.3,125256
2017-08-24,9.31,9.54,9.11,9.46,115888
2017-08-25,9.36,9.49,9.2,9.41,83792
2017-08-28,9.28,9.73,9.26,9.61,109270
2017-08-29,9.5,9.51,8.84,9.04,224639
2017-08-30,9.01,9.08,8.83,9.03,86783
2017-08-31,9.1,9.1,8.95,9.08,52072
2017-09-01,9.18,9.2,8.97,9.13,76195
2017-09-04,9.17,9.18,8.74,8.92,154023
2017-09-05,8.91,9.11,8.8,8.97,101964
2017-09-06,8.92,9.28,8.88,9.2,120071
2017-09-07,9.21,9.34,8.68,8.72,166256
2017-09-08,8.61,8.96,8.54,8.73,88314
2017-09-11,8.8,8.93,8.68,8.91,90623
2017-09-12,8.92,10.03,8.91,9.5,377337
2017-09-13,9.61,10.16,9.53,9.92,344743
2017-09-14,10.01,10.34,9.82,9.99,305189
2017-09-15,9.9,9.99,9.68,9.85,122065
2017-09-18,9.8,10.14,9.73,10.0,146626
2017-09-19,9.98,10.25,9.64,9.72,190074
2017-09-20,9.63,10.08,9.52,10.08,182884
2017-09-21,10.02,10.16,9.44,9.47,153267
2017-09-22,9.44,9.65,9.37,9.57,101145
2017-09-25,9.67,9.67,9.11,9.26,107834
2017-09-26,9.18,9.36,9.05,9.32,60973
2017-09-27,9.32,9.54,9.23,9.48,58439
2017-09-28,9.48,9.57,9.37,9.51,82902
2017-09-29,9.51,9.65,9.35,9.54,94500
2017-10-09,9.65,10.01,9.48,9.7,117990
2017-10-10,9.78,9.81,9.24,9.42,127121
2017-10-11,9.38,9.49,9.32,9.35,77712
2017-10-12,9.38,9.46,9.15,9.3,63874
2017-10-13,9.83,10.24,9.65,9.98,344448
2017-10-16,10.07,10.14,9.78,9.99,142942
2017-10-17,10.01,10.12,9.7,10.07,130710
2017-10-18,10.04,10.82,10.0,10.58,315335
2017-10-19,10.48,10.91,10.26,10.68,236485
2017-10-20,10.61,10.74,10.51,10.68,108880
2017-10-23,10.77,11.11,10.5,10.53,159874
2017-10-24,10.48,10.74,10.27,10.68,110708
2017-10-25,10.55,10.97,10.41,10.91,147017
2017-10-26,10.84,11.12,10.74,11.11,154074
2017-10-27,11.1,11.54,10.94,11.11,182444
2017-10-30,11.1,11.1,10.48,10.68,151481
2017-10-31,10.71,10.74,10.31,10.61,141441
2017-11-01,10.63,11.89,10.48,11.7,421668
2017-11-02,11.49,11.89,11.42,11.74,221731
2017-11-03,11.55,12.44,11.55,12.12,270216
2017-11-06,12.15,12.74,12.1,12.27,269029
2017-11-07,12.24,12.54,11.94,12.22,211423
2017-11-08,12.35,13.55,12.24,13.15,324729
2017-11-09,13.13,13.5,12.93,13.5,184830
2017-11-10,13.42,14.56,13.3,13.76,256365
2017-11-13,13.96,14.28,13.48,14.05,278352
2017-11-14,14.05,14.64,12.95,13.2,313492
2017-11-15,12.77,13.04,12.17,12.41,452790
2017-11-16,12.52,12.77,12.18,12.54,292332
2017-11-17,12.58,12.86,11.61,11.64,323529
2017-11-20,11.71,13.02,11.59,13.02,373997
2017-11-21,13.45,13.69,13.14,13.6,385633
2017-11-22,13.4,14.01,12.97,13.34,332686
2017-11-23,13.34,13.67,12.29,12.51,308514
2017-11-24,12.31,12.88,12.0,12.07,220336
2017-11-27,12.11,12.5,11.28,11.51,221178
2017-11-28,11.64,12.3,11.64,12.22,168790
2017-11-29,12.68,13.31,12.05,12.99,309528
2017-11-30,12.8,13.12,12.25,12.58,216661
2017-12-01,12.38,13.34,12.19,13.05,254933
2017-12-04,12.91,13.3,12.68,12.77,200048
2017-12-05,12.61,12.77,11.49,11.88,360235
2017-12-06,11.74,12.34,11.61,12.34,153428
2017-12-07,12.24,12.45,11.86,11.89,122763
2017-12-08,11.68,12.49,11.68,12.11,153295
2017-12-11,12.36,12.98,12.07,12.91,204352
2017-12-12,13.01,13.78,12.83,12.95,319697
2017-12-13,13.12,13.61,12.71,13.59,335847
2017-12-14,13.45,13.75,13.24,13.68,284913
2017-12-15,13.45,13.7,12.98,13.17,206911
2017-12-18,13.01,13.54,12.84,13.28,167909
2017-12-19,13.16,13.98,13.06,13.85,327931
2017-12-20,13.91,14.21,13.26,13.48,273915
2017-12-21,13.47,14.84,13.26,14.76,383235
2017-12-22,14.57,14.8,14.46,14.67,234438
2017-12-25,14.68,15.07,13.9,14.21,297439
2017-12-26,14.08,15.04,13.65,15.04,275665
2017-12-27,14.76,15.03,13.47,13.75,256409
2017-12-28,13.48,14.15,13.48,13.68,165927
2017-12-29,13.68,14.14,13.57,13.84,151759
2018-01-02,14.07,14.63,13.93,14.21,182350
2018-01-03,14.18,14.33,13.82,14.18,172865
2018-01-04,14.15,14.61,13.91,14.18,183848
2018-01-05,14.11,14.15,12.93,13.18,368244
2018-01-08,13.05,13.24,12.61,13.13,195320
2018-01-09,13.07,13.31,12.75,13.06,161145
2018-01-10,12.89,13.1,11.99,12.28,323221
2018-01-11,12.22,12.68,11.93,12.36,177908
2018-01-12,12.68,12.68,12.11,12.36,145288
2018-01-15,12.44,12.76,11.9,12.38,183445
2018-01-16,12.38,12.59,12.01,12.22,157089
2018-01-17,12.44,13.3,11.95,12.91,268530
2018-01-18,12.83,13.22,12.67,12.96,162558
2018-01-19,12.98,13.34,12.8,13.02,169820
2018-01-22,13.07,13.81,12.8,13.57,272357
2018-01-23,13.46,13.74,13.34,13.5,140541
2018-01-24,13.44,14.05,13.07,13.89,256442
2018-01-25,13.8,13.94,13.54,13.55,149607
2018-01-26,13.45,14.01,13.31,13.38,150357
2018-01-29,13.33,13.53,11.82,11.82,413895
2018-01-30,11.67,11.83,11.28,11.51,232989
2018-01-31,11.34,11.8,11.34,11.5,128966
2018-02-01,11.45,11.73,10.69,11.04,173094
2018-02-02,10.98,11.41,10.8,11.04,119776
2018-02-05,10.84,11.41,10.77,11.16,93873
2018-02-06,10.72,11.02,9.82,9.82,260390
2018-02-07,10.1,10.17,8.61,9.13,387254
2018-02-08,8.91,10.05,8.91,9.78,236504
2018-02-09,9.51,10.26,9.3,9.78,282213
2018-02-12,9.84,10.57,9.84,10.31,229754
2018-02-13,10.45,10.64,10.17,10.3,144484
2018-02-14,10.35,10.49,10.15,10.41,75365
2018-02-22,10.68,10.97,10.3,10.79,117440
2018-02-23,10.74,10.76,10.22,10.52,155756
2018-02-26,10.74,11.5,10.61,11.21,224658
2018-02-27,11.22,12.07,11.14,11.52,279045
2018-02-28,11.3,11.97,11.18,11.49,148010
2018-03-01,11.34,12.04,11.34,11.8,188254
2018-03-02,11.74,12.62,11.64,12.38,254520
2018-03-05,12.19,12.54,12.04,12.49,151049
2018-03-06,13.14,13.64,12.84,13.01,301672
2018-03-07,13.13,13.49,12.97,13.14,171390
2018-03-08,12.98,13.28,12.88,12.98,125170
2018-03-09,12.95,13.73,12.92,13.68,216285
2018-03-12,13.78,14.42,13.68,14.22,243345
2018-03-13,14.14,14.78,13.99,14.19,237885
2018-03-14,14.14,14.41,13.61,13.64,189920
2018-03-15,14.13,15.07,13.95,14.54,339019
2018-03-16,14.58,14.76,14.3,14.44,180254
2018-03-19,14.34,15.03,14.03,14.03,204965
2018-03-20,13.99,14.57,13.91,14.27,155088
2018-03-21,14.5,14.62,13.54,13.54,176920
2018-03-22,13.81,14.07,13.58,13.79,174874
2018-03-23,13.21,14.08,12.76,13.17,231216
2018-03-26,13.07,14.43,13.07,14.31,322416
2018-03-27,14.41,15.43,14.18,15.3,416755
2018-03-28,15.01,15.48,15.01,15.17,213807
2018-03-29,15.22,15.41,14.67,15.08,166368
2018-03-30,15.11,16.27,15.07,16.11,254862
2018-04-02,16.34,16.81,15.72,16.11,263852
2018-04-03,15.68,15.88,15.02,15.67,253567
2018-04-04,15.93,16.13,15.14,15.39,191020
2018-04-09,15.31,15.83,14.82,15.19,153462
2018-04-10,15.3,15.45,14.67,15.14,187681
2018-04-11,15.3,15.68,14.94,15.11,158558
2018-04-12,15.11,15.64,15.07,15.27,133902
2018-04-13,15.5,15.61,14.98,15.34,121208
2018-04-16,15.21,15.94,15.14,15.93,205458
2018-04-17,16.03,16.84,14.99,15.24,317505
2018-04-18,15.24,16.84,15.04,16.69,335960
2018-04-19,16.57,17.18,16.06,16.08,399487
2018-04-20,16.13,16.56,15.67,15.84,209344
2018-04-23,15.93,16.22,14.04,14.34,318265
2018-04-24,14.59,15.74,14.41,15.7,253461
2018-04-25,15.61,16.65,15.5,16.12,217652
2018-04-26,16.34,16.59,15.88,16.3,230078
2018-04-27,16.51,16.61,15.41,16.1,181895
2018-05-02,15.96,16.61,15.9,15.98,139964
2018-05-03,16.21,17.73,15.51,17.61,303964
2018-05-04,17.44,17.74,17.08,17.1,226288
2018-05-07,17.18,17.91,16.92,17.81,214298
2018-05-08,17.78,17.9,17.28,17.74,136717
2018-05-09,17.76,18.37,17.57,17.64,170907
2018-05-10,17.45,17.62,16.88,17.22,163081
2018-05-11,17.36,17.49,16.9,17.01,110164
2018-05-14,16.76,17.26,16.61,16.94,109787
2018-05-15,16.98,17.14,16.24,17.01,153743
2018-05-16,16.87,17.06,16.62,16.65,87751
2018-05-17,16.6,16.92,16.44,16.55,93497
2018-05-18,16.61,16.76,15.76,15.99,175604
2018-05-21,16.12,17.41,16.12,17.27,211050
2018-05-22,17.28,17.37,16.72,17.01,143920
2018-05-23,16.75,17.21,16.73,16.77,149871
2018-05-24,16.84,16.93,15.3,15.81,361862
2018-05-25,15.45,15.74,14.14,14.83,372811
2018-05-28,14.64,14.74,13.93,14.07,338928
2018-05-29,14.22,14.91,13.94,14.0,356469
2018-05-30,13.44,14.49,13.4,13.99,213564
2018-05-31,14.18,14.29,13.19,13.61,243322
2018-06-01,13.57,13.78,12.72,12.97,251464
2018-06-04,11.84,11.84,11.46,11.46,172829
2018-06-05,10.44,11.24,10.1,11.14,775302
2018-06-06,10.89,11.05,10.38,10.69,472544
2018-06-07,10.89,11.11,10.58,10.72,269538
2018-06-08,10.47,10.79,10.2,10.51,233667
2018-06-11,10.58,10.62,9.84,9.94,285904
2018-06-12,10.24,10.91,10.01,10.78,449514
2018-06-13,10.79,11.24,10.57,10.7,367513
2018-06-14,10.73,10.88,10.42,10.56,229129
2018-06-15,10.64,11.07,10.56,10.73,252366
2018-06-19,10.53,10.84,9.44,9.87,370974
2018-06-20,9.9,10.69,9.9,10.64,293335
2018-06-21,10.64,10.79,9.85,10.09,296497
2018-06-22,10.04,10.49,9.87,10.16,237613
2018-06-25,10.35,10.4,9.63,9.67,303950
2018-06-26,9.37,10.28,9.22,10.17,317289
2018-06-27,10.45,10.76,10.26,10.48,314144
2018-06-28,10.61,10.98,10.47,10.64,271820
2018-06-29,10.72,11.23,10.3,11.13,371232
2018-07-02,11.14,11.35,10.47,10.74,305829
2018-07-03,10.77,11.52,10.64,11.36,387156
2018-07-04,11.17,11.29,10.9,11.03,266014
2018-07-05,11.02,11.02,10.18,10.21,266774
2018-07-06,10.34,10.91,10.05,10.45,317807
2018-07-09,10.61,10.89,10.6,10.75,215449
2018-07-10,10.99,11.11,10.64,10.93,243424
2018-07-11,10.54,10.79,10.32,10.63,247285
2018-07-12,11.04,11.91,10.98,11.91,504478
2018-07-13,12.13,12.29,11.86,12.09,474059
2018-07-16,12.28,12.91,12.22,12.5,430116
2018-07-17,12.36,12.79,12.1,12.76,297381
2018-07-18,12.68,12.92,12.27,12.37,244988
2018-07-19,12.27,12.49,11.86,12.1,259245
2018-07-20,12.14,12.57,11.97,12.56,278349
2018-07-23,12.59,13.1,12.51,12.88,317732
2018-07-24,12.98,13.02,12.5,12.72,292048
2018-07-25,12.76,13.14,12.65,13.11,291655
2018-07-26,13.0,13.05,12.25,12.48,245622
2018-07-27,12.35,12.48,12.16,12.19,169532
2018-07-30,12.04,12.21,11.46,11.66,224686
2018-07-31,11.73,11.89,11.4,11.65,169502
2018-08-01,11.6,12.28,11.6,11.74,245268
2018-08-02,11.62,11.7,11.11,11.52,202187
2018-08-03,11.44,11.59,10.84,10.84,196353
2018-08-06,10.6,10.98,9.94,10.35,177685
2018-08-07,10.49,10.94,10.24,10.91,168453
2018-08-08,10.81,10.88,10.25,10.38,159149
2018-08-09,10.32,11.15,10.29,10.98,237030
2018-08-10,10.92,11.17,10.85,11.1,197570
2018-08-13,10.87,11.56,10.77,11.54,194005
2018-08-14,11.45,11.48,11.07,11.2,156561
2018-08-15,11.11,11.29,10.48,10.54,211720
2018-08-16,10.24,10.78,10.1,10.46,132022
2018-08-17,10.7,10.77,10.05,10.13,134190
2018-08-20,10.13,10.45,9.96,10.4,116668
2018-08-21,10.38,10.62,10.23,10.41,157967
2018-08-22,10.59,10.92,10.48,10.55,191626
2018-08-23,10.59,10.84,10.45,10.75,150734
2018-08-24,10.74,10.83,10.47,10.56,104353
2018-08-27,10.7,11.08,10.57,10.99,195860
2018-08-28,11.12,11.28,10.9,10.98,182120
2018-08-29,10.88,10.93,10.58,10.68,147957
2018-08-30,10.69,10.74,10.24,10.27,146044
2018-08-31,10.18,10.46,10.12,10.19,93113
2018-09-03,10.38,10.53,10.18,10.39,121687
2018-09-04,10.31,10.72,10.26,10.62,149679
2018-09-05,10.58,11.29,10.54,11.0,377600
2018-09-06,10.94,11.26,10.75,11.07,210803
2018-09-07,11.04,11.58,10.71,11.34,320053
2018-09-10,11.29,11.3,10.88,10.93,189458
2018-09-11,11.01,11.19,10.78,11.12,139314
2018-09-12,11.13,11.24,10.9,10.96,116085
2018-09-13,11.24,11.34,10.75,11.14,159495
2018-09-14,11.13,11.14,9.81,9.81,319720
2018-09-17,9.44,9.44,8.64,9.04,276230
2018-09-18,8.97,9.35,8.96,9.27,157395
2018-09-19,9.2,9.66,9.05,9.38,184359
2018-09-20,9.34,9.57,9.11,9.19,123762
2018-09-21,9.24,9.49,9.14,9.42,122780
2018-09-25,9.2,9.58,9.2,9.41,91646
2018-09-26,9.48,9.59,9.29,9.47,123027
2018-09-27,9.48,9.49,8.93,9.01,179054
2018-09-28,9.14,9.2,8.97,9.08,114001
2018-10-08,8.82,8.82,7.96,7.96,242464
2018-10-09,7.96,8.14,7.7,7.89,138351
2018-10-10,7.94,8.0,7.64,7.83,153491
2018-10-11,7.2,7.44,6.83,6.83,204166
2018-10-12,6.69,7.15,6.47,7.02,203780
2018-10-15,7.15,7.38,6.96,7.0,130223
2018-10-16,7.1,7.2,6.57,6.71,159150
2018-10-17,6.91,7.23,6.85,7.17,208884
2018-10-18,7.14,7.17,6.81,6.84,153874
2018-10-19,6.57,7.23,6.54,7.15,180514
2018-10-22,7.33,7.94,7.25,7.7,252690
2018-10-23,7.61,7.79,7.36,7.41,153502
2018-10-24,7.38,7.57,7.3,7.37,102391
2018-10-25,6.97,7.05,6.45,6.87,226754
2018-10-26,6.99,7.14,6.88,7.03,134765
2018-10-29,7.12,7.25,6.99,7.07,122367
2018-10-30,6.96,7.0,6.55,6.84,203539
2018-10-31,6.94,7.17,6.85,7.05,170254
2018-11-01,7.22,7.57,7.12,7.23,268169
2018-11-02,7.58,8.17,7.48,8.17,469439
2018-11-05,8.83,9.2,8.39,8.64,617034
2018-11-06,8.65,8.65,8.17,8.6,239698
2018-11-07,8.49,9.01,8.49,8.54,253888
2018-11-08,8.64,8.7,8.2,8.25,186548
2018-11-09,8.26,8.43,8.17,8.23,125789
2018-11-12,8.21,8.85,8.2,8.83,210279
2018-11-13,8.64,9.03,8.57,9.0,244322
2018-11-14,8.97,9.06,8.76,8.93,147266
2018-11-15,8.7,9.07,8.69,9.04,158587
2018-11-16,9.24,9.68,9.18,9.35,253256
2018-11-19,9.24,9.3,9.02,9.18,165178
2018-11-20,9.02,9.07,8.54,8.58,186636
2018-11-21,8.39,8.76,8.31,8.71,120659
2018-11-22,8.7,8.79,8.51,8.57,92951
2018-11-23,8.59,8.62,7.93,7.94,176902
2018-11-26,7.92,8.03,7.64,7.72,152508
2018-11-27,7.87,7.92,7.69,7.74,93664
2018-11-28,7.75,8.47,7.58,8.29,233505
2018-11-29,8.29,8.4,7.91,7.92,142549
2018-11-30,7.94,8.14,7.73,8.05,115526
2018-12-03,8.5,8.63,8.35,8.52,227489
2018-12-04,8.44,8.56,8.35,8.54,131537
2018-12-05,8.3,9.1,8.22,8.82,264861
2018-12-06,8.69,9.2,8.62,8.81,293541
2018-12-07,8.96,9.01,8.64,8.74,146089
2018-12-10,8.71,8.93,8.57,8.66,126024
2018-12-11,8.75,8.98,8.69,8.94,134973
2018-12-12,8.99,9.01,8.69,8.82,100559
2018-12-13,8.9,8.96,8.63,8.82,133822
2018-12-14,8.8,8.86,8.3,8.31,139803
2018-12-17,8.31,8.58,8.09,8.5,128104
2018-12-18,8.44,8.65,8.25,8.44,103588
2018-12-19,8.49,8.5,8.15,8.2,84808
2018-12-20,8.17,8.53,8.17,8.44,109192
2018-12-21,8.41,8.5,7.85,7.98,154133
2018-12-24,8.02,8.59,7.99,8.55,171982
2018-12-25,8.52,8.69,8.2,8.67,163874
2018-12-26,8.65,8.65,8.27,8.27,116412
2018-12-27,8.46,8.5,7.99,8.02,125548
2018-12-28,8.04,8.15,7.69,7.86,168232
2019-01-02,7.87,7.88,7.59,7.64,94977
2019-01-03,7.64,7.66,7.36,7.38,104308
2019-01-04,7.15,7.77,7.04,7.7,170808
2019-01-07,7.82,8.13,7.69,8.04,142578
2019-01-08,7.94,8.1,7.9,7.96,92292
2019-01-09,8.02,8.3,7.93,8.08,139555
2019-01-10,8.11,8.49,8.07,8.18,172904
2019-01-11,8.18,8.25,7.92,8.08,119774
2019-01-14,8.04,8.07,7.9,7.93,82954
2019-01-15,7.9,8.2,7.77,8.2,141618
2019-01-16,8.16,8.28,7.96,7.99,113259
2019-01-17,7.97,8.01,7.76,7.76,103929
2019-01-18,7.83,8.09,7.72,8.03,118395
2019-01-21,8.13,8.28,7.96,8.09,152694
2019-01-22,8.09,8.09,7.08,7.22,392528
2019-01-23,7.16,7.29,6.87,7.07,183101
2019-01-24,7.09,7.56,7.06,7.41,226265
2019-01-25,7.41,7.59,7.24,7.3,149370
2019-01-28,7.39,7.64,7.31,7.41,135419
2019-01-29,7.41,7.49,6.94,7.37,155196
2019-01-30,7.27,8.32,7.27,8.32,582272
2019-01-31,8.18,8.5,8.03,8.18,415598
2019-02-01,8.41,9.21,8.22,9.07,508575
2019-02-11,9.13,9.82,9.13,9.49,386657
2019-02-12,9.5,9.68,9.36,9.51,226484
2019-02-13,9.52,9.69,9.39,9.68,258640
2019-02-14,9.56,10.72,9.45,10.19,361207
2019-02-15,10.09,10.09,9.75,9.94,221708
2019-02-18,9.99,10.49,9.94,10.45,224956
2019-02-19,10.48,10.82,9.76,9.97,323584
2019-02-20,9.89,10.22,9.8,10.09,233227
2019-02-21,9.99,10.69,9.84,9.94,392079
2019-02-22,9.94,11.15,9.94,11.02,463716
2019-02-25,11.24,12.34,11.13,12.06,589178
2019-02-26,12.06,12.7,11.64,11.69,415820
2019-02-27,11.72,11.83,10.9,11.12,358975
2019-02-28,11.14,11.51,10.95,11.26,216664
2019-03-01,11.31,12.19,11.14,11.99,226142
2019-03-04,12.19,13.1,11.94,12.35,428164
2019-03-05,12.19,13.74,12.1,13.52,399013
2019-03-06,13.52,14.0,12.97,13.41,255203
2019-03-07,13.14,13.29,12.45,12.95,464016
2019-03-08,12.39,13.69,12.14,12.69,444167
2019-03-11,13.0,13.62,12.87,13.41,328035
2019-03-12,13.56,13.87,13.05,13.32,325169
2019-03-13,13.39,13.39,12.62,12.75,245036
2019-03-14,12.81,13.04,12.02,12.35,235524
2019-03-15,12.44,12.94,12.37,12.61,200806
2019-03-18,12.72,12.81,12.31,12.66,241653
2019-03-19,12.67,14.14,12.64,14.14,624929
2019-03-20,14.15,14.18,13.11,13.47,498169
2019-03-21,13.53,14.13,13.24,13.66,295909
2019-03-22,13.64,13.84,13.09,13.3,217273
2019-03-25,12.9,13.29,12.81,12.88,179354
2019-03-26,12.76,13.02,11.63,11.87,379493
2019-03-27,12.06,12.14,11.42,11.81,213981
2019-03-28,11.81,12.32,11.55,11.68,224084
2019-03-29,11.83,12.28,11.67,12.18,208358
2019-04-01,12.56,12.92,12.29,12.82,271849
2019-04-02,12.96,13.21,12.56,12.69,222809
2019-04-03,12.59,12.77,12.33,12.57,211968
2019-04-04,12.67,12.99,12.46,12.51,206379
2019-04-08,12.64,12.64,11.5,11.73,360214
2019-04-09,11.58,12.03,11.43,11.63,211433
2019-04-10,11.49,11.87,11.35,11.7,279482
2019-04-11,11.82,11.82,11.1,11.44,261771
2019-04-12,11.48,11.63,11.28,11.61,168862
2019-04-15,11.76,11.87,11.24,11.24,232383
2019-04-16,11.14,11.66,11.02,11.56,204253
2019-04-17,11.59,11.79,11.4,11.74,254213
2019-04-18,11.72,12.18,11.46,11.91,322522
2019-04-19,11.94,11.94,11.56,11.84,153544
2019-04-22,11.92,12.14,11.46,11.52,174196
2019-04-23,11.52,11.52,11.02,11.11,153109
2019-04-24,11.14,11.34,10.84,11.31,170194
2019-04-25,11.19,11.29,10.58,10.59,154133
2019-04-26,10.48,10.94,10.45,10.68,176426
2019-04-29,10.64,11.0,10.52,10.7,152837
2019-04-30,10.68,10.93,10.47,10.64,117595
2019-05-06,10.17,10.17,9.36,9.36,186676
2019-05-07,9.35,9.49,8.74,9.13,240914
2019-05-08,8.76,9.48,8.65,9.25,194653
2019-05-09,9.28,10.18,9.28,9.84,280579
2019-05-10,9.96,10.45,9.47,10.27,268686
2019-05-13,10.04,10.13,9.62,9.72,154529
2019-05-14,9.57,9.93,9.57,9.64,110931
2019-05-15,9.79,10.12,9.65,10.06,156651
2019-05-16,9.99,10.06,9.78,9.9,106471
2019-05-17,9.99,10.39,9.61,9.69,157074
2019-05-20,9.7,10.07,9.55,9.84,156178
2019-05-21,9.85,10.0,9.47,9.85,170094
2019-05-22,9.88,10.12,9.72,9.88,133404
2019-05-23,10.22,10.33,9.88,9.94,225170
2019-05-24,9.65,9.75,9.17,9.28,177565
2019-05-27,9.33,10.22,9.23,10.07,254120
2019-05-28,10.18,10.22,9.91,9.98,138043
2019-05-29,9.96,10.15,9.76,9.87,147731
2019-05-30,9.88,9.9,9.36,9.57,154814
2019-05-31,9.68,10.62,9.64,10.4,391296
2019-06-03,10.63,10.72,10.16,10.28,219019
2019-06-04,10.28,10.46,9.94,10.06,164885
2019-06-05,10.2,10.48,10.09,10.34,226506
2019-06-06,10.37,10.4,9.72,9.79,186837
2019-06-10,9.86,10.13,9.8,9.99,106235
2019-06-11,10.02,10.56,9.74,10.43,174568
2019-06-12,10.35,10.59,10.28,10.59,166490
2019-06-13,10.62,10.62,10.27,10.38,144761
2019-06-14,10.29,10.43,9.97,9.97,129266
2019-06-17,9.91,10.07,9.69,9.81,86438
2019-06-18,10.0,10.23,9.84,9.94,90159
2019-06-19,10.34,10.49,10.13,10.17,158984
2019-06-20,10.22,10.6,10.13,10.43,167830
2019-06-21,10.72,11.27,10.67,11.06,267463
2019-06-24,11.04,11.12,10.88,10.92,129792
2019-06-25,10.97,11.04,10.64,10.95,135383
2019-06-26,10.86,11.0,10.72,10.75,85089
2019-06-27,10.78,11.06,10.74,10.81,139033
2019-06-28,10.79,10.84,10.48,10.63,94550
2019-07-01,10.92,11.16,10.85,11.08,162467
2019-07-02,11.07,11.2,10.65,10.72,177526
2019-07-03,10.72,10.72,10.46,10.5,96736
2019-07-04,10.59,10.63,10.27,10.39,107813
2019-07-05,10.39,10.47,10.29,10.43,61121
2019-07-08,10.3,10.3,9.74,9.79,144678
2019-07-09,9.77,9.86,9.65,9.81,57962
2019-07-10,9.85,9.9,9.62,9.64,77381
2019-07-11,9.88,10.13,9.73,9.76,147896
2019-07-12,9.86,10.09,9.77,10.01,85080
2019-07-15,9.8,10.39,9.71,10.22,138208
2019-07-16,10.22,10.29,10.0,10.08,67082
2019-07-17,10.08,10.27,10.03,10.1,63249
2019-07-18,10.01,10.07,9.8,9.81,66817
2019-07-19,9.91,10.01,9.76,9.85,68274
2019-07-22,9.84,9.93,9.45,9.57,87282
2019-07-23,9.63,9.72,9.36,9.56,106280
2019-07-24,9.58,9.89,9.58,9.77,169820
2019-07-25,9.82,10.08,9.72,10.02,122337
2019-07-26,9.95,10.54,9.92,10.43,203254
2019-07-29,10.41,10.84,10.33,10.76,169337
2019-07-30,10.74,11.29,10.74,11.06,292902
2019-07-31,11.0,11.33,11.0,11.06,167198
2019-08-01,11.14,11.38,11.01,11.14,155362
2019-08-02,10.89,11.33,10.79,11.24,203826
2019-08-05,11.27,11.71,10.99,11.03,262715
2019-08-06,10.74,11.08,10.61,10.91,226172
2019-08-07,11.13,11.14,10.5,10.6,166894
2019-08-08,10.77,10.87,10.44,10.62,126325
2019-08-09,10.75,11.1,10.43,10.5,138552
2019-08-12,10.59,11.19,10.52,11.15,179225
2019-08-13,10.94,11.23,10.72,11.13,190612
2019-08-14,11.3,11.35,10.88,11.01,214875
2019-08-15,10.68,11.63,10.64,11.59,248806
2019-08-16,11.54,11.83,11.41,11.49,218109
2019-08-19,11.77,12.62,11.54,12.36,332702
2019-08-20,12.31,12.5,12.15,12.38,178307
2019-08-21,12.35,13.09,12.25,12.7,279490
2019-08-22,12.75,12.84,12.34,12.56,168477
2019-08-23,12.55,12.64,12.16,12.24,161328
2019-08-26,11.93,12.39,11.85,12.02,157374
2019-08-27,12.02,12.34,11.86,12.02,215510
2019-08-28,11.96,12.1,11.75,11.89,152209
2019-08-29,11.89,11.98,11.65,11.71,130449
2019-08-30,11.83,12.1,11.32,11.49,220668
2019-09-02,11.38,12.07,11.38,11.9,154352
2019-09-03,11.98,12.03,11.69,11.95,158862
2019-09-04,11.86,12.37,11.86,12.18,204574
2019-09-05,12.26,12.46,12.12,12.2,194697
2019-09-06,12.28,12.54,12.01,12.2,153443
2019-09-09,12.36,12.6,12.04,12.59,229463
2019-09-10,12.6,12.68,12.14,12.17,216203
2019-09-11,12.25,12.29,11.65,11.84,229685
2019-09-12,11.9,12.19,11.82,11.96,170523
2019-09-16,12.06,12.08,11.7,11.84,165132
2019-09-17,11.79,11.82,11.24,11.34,161941
2019-09-18,11.4,11.59,11.22,11.44,150761
2019-09-19,11.43,11.72,11.29,11.68,143558
2019-09-20,11.65,12.04,11.62,11.94,181464
2019-09-23,11.96,12.44,11.75,12.43,346204
2019-09-24,12.43,12.61,12.23,12.44,271459
2019-09-25,12.5,13.01,12.36,12.76,441361
2019-09-26,12.79,12.9,11.94,12.12,337028
2019-09-27,12.38,13.42,12.23,13.22,446526
2019-09-30,13.14,13.26,12.6,12.83,312823
2019-10-08,12.46,12.81,12.34,12.67,266386
2019-10-09,12.57,13.34,12.48,13.29,259600
2019-10-10,13.2,13.75,13.17,13.57,289857
2019-10-11,13.46,13.56,13.02,13.05,212728
2019-10-14,13.12,13.51,13.07,13.43,205458
2019-10-15,13.35,14.02,13.04,13.04,271757
2019-10-16,13.29,13.79,13.1,13.11,254436
2019-10-17,12.94,13.27,12.62,12.69,208972
2019-10-18,12.82,12.82,12.05,12.07,191317
2019-10-21,12.13,12.32,11.89,12.23,124587
2019-10-22,12.41,12.43,12.11,12.36,105803
2019-10-23,12.37,12.39,12.09,12.12,92148
2019-10-24,12.04,12.27,11.9,12.24,81289
2019-10-25,12.18,12.18,11.59,12.03,177873
2019-10-28,11.99,12.48,11.94,12.27,202268
2019-10-29,12.29,12.79,12.29,12.48,201131
2019-10-30,12.48,12.94,12.3,12.85,173481
2019-10-31,12.84,12.97,12.49,12.64,121765
2019-11-01,12.88,13.01,12.62,12.88,174921
2019-11-04,12.91,13.03,12.74,12.76,146662
2019-11-05,12.82,13.21,12.37,13.21,295079
2019-11-06,13.17,13.21,12.79,13.04,190959
2019-11-07,12.94,13.42,12.89,13.17,188517
2019-11-08,13.2,13.36,13.02,13.03,122466
2019-11-11,13.01,13.38,12.74,12.84,129586
2019-11-12,12.74,12.91,12.49,12.75,109231
2019-11-13,12.84,12.95,12.59,12.94,111302
2019-11-14,12.88,13.19,12.65,13.13,125400
2019-11-15,13.06,13.19,12.64,12.65,96763
2019-11-18,12.61,12.74,12.43,12.5,103654
2019-11-19,12.55,12.76,12.34,12.63,132958
2019-11-20,12.64,12.86,12.35,12.36,126035
2019-11-21,12.23,12.23,11.77,11.92,205811
2019-11-22,11.99,12.1,11.44,11.59,187627
2019-11-25,11.6,11.67,11.23,11.32,139022
2019-11-26,11.34,11.47,11.21,11.21,99272
2019-11-27,11.21,11.58,11.14,11.49,169813
2019-11-28,11.45,11.62,11.3,11.61,125767
2019-11-29,11.61,11.61,11.24,11.48,83317
2019-12-02,11.45,11.79,11.42,11.59,104149
2019-12-03,11.44,11.83,11.43,11.78,124519
2019-12-04,11.77,12.0,11.64,11.9,116040
2019-12-05,12.0,12.09,11.76,11.99,147022
2019-12-06,11.92,12.12,11.86,12.01,112778
2019-12-09,12.08,12.54,12.02,12.29,225480
2019-12-10,12.11,12.44,11.99,12.31,177459
2019-12-11,12.34,12.8,12.17,12.19,208526
2019-12-12,12.21,12.66,12.18,12.47,209056
2019-12-13,12.53,12.63,12.19,12.47,233408
2019-12-16,12.48,12.9,12.28,12.82,238671
2019-12-17,12.81,13.02,12.64,12.89,223362
2019-12-18,12.98,13.2,12.74,12.84,196915
2019-12-19,12.94,13.34,12.84,13.15,242366
2019-12-20,13.13,13.22,12.6,12.61,244130
2019-12-23,12.39,12.82,12.29,12.35,191573
2019-12-24,12.47,13.18,12.36,13.02,264387
2019-12-25,13.06,14.53,13.05,14.53,803481
2019-12-26,14.27,14.57,14.05,14.56,534862
2019-12-27,14.49,14.49,13.59,13.68,530727
2019-12-30,13.6,13.67,13.22,13.53,338037
2019-12-31,13.49,13.84,13.4,13.66,298237
2020-01-02,13.79,14.36,13.48,14.21,405850
2020-01-03,14.1,14.34,13.85,14.14,224132
2020-01-06,14.07,14.92,14.05,14.46,321699
2020-01-07,14.62,15.56,14.49,15.1,368585
2020-01-08,14.82,15.39,14.65,14.69,319944
2020-01-09,15.03,15.1,14.7,14.91,215253
2020-01-10,14.89,14.94,14.3,14.61,312783
2020-01-13,14.6,15.52,14.55,15.44,360400
2020-01-14,15.46,15.46,15.0,15.01,202600
2020-01-15,14.99,15.51,14.8,15.39,253644
2020-01-16,15.38,15.89,15.28,15.57,273814
2020-01-17,16.04,17.31,16.04,16.82,496345
2020-01-20,16.65,18.35,16.65,18.04,519019
2020-01-21,17.83,18.38,17.66,17.73,382121
2020-01-22,17.44,19.62,17.34,19.19,454172
2020-01-23,18.62,19.38,17.16,17.49,479764
2020-02-03,15.54,15.9,15.54,15.54,408347
2020-02-04,15.74,17.3,15.74,17.29,466529
2020-02-05,17.29,18.43,17.06,17.44,386138
2020-02-06,17.09,18.39,16.85,18.17,363653
2020-02-07,17.97,18.91,17.63,18.77,374560
2020-02-10,18.34,19.06,17.99,18.56,308260
2020-02-11,18.55,18.69,17.85,18.26,252189
2020-02-12,19.43,20.29,18.79,20.09,644001
2020-02-13,20.24,20.63,19.44,19.56,445911
2020-02-14,19.34,20.42,19.08,19.4,346099
2020-02-17,19.57,20.07,19.25,19.95,298056
2020-02-18,19.97,21.92,19.97,21.58,404604
2020-02-19,21.37,23.92,20.95,23.05,517874
2020-02-20,23.47,25.56,22.34,25.56,520103
2020-02-21,25.62,27.71,25.62,26.34,542701
2020-02-24,25.59,27.24,25.24,26.65,539677
2020-02-25,25.74,28.43,25.05,26.53,782192
2020-02-26,25.44,26.22,23.67,23.67,566499
2020-02-27,23.84,23.84,22.14,22.79,531692
2020-02-28,20.94,22.75,20.94,21.54,534088
2020-03-02,22.61,22.79,21.46,22.14,384145
2020-03-03,22.55,23.43,21.71,21.95,424048
2020-03-04,21.34,21.94,20.63,21.38,342180
2020-03-05,21.79,22.14,21.0,21.76,318551
2020-03-06,21.27,21.91,21.1,21.32,177851
2020-03-09,20.75,21.24,19.41,19.46,346276
2020-03-10,19.68,21.07,19.51,20.97,376185
2020-03-11,21.09,21.44,19.81,19.93,350551
2020-03-12,19.34,20.23,18.99,19.57,267712
2020-03-13,18.66,21.73,18.58,21.34,583169
2020-03-16,21.54,22.44,20.25,20.56,585966
2020-03-17,21.64,22.13,20.44,21.96,523600
2020-03-18,22.44,23.34,21.44,21.63,584099
2020-03-19,21.35,23.19,20.95,23.01,489088
2020-03-20,23.08,23.59,22.16,22.54,469102
2020-03-23,21.5,22.44,20.08,20.09,397495
2020-03-24,20.75,20.89,18.06,19.01,491070
2020-03-25,19.73,20.62,19.49,20.19,387284
2020-03-26,19.9,20.21,19.11,19.3,265337
2020-03-27,19.71,19.77,18.31,18.54,284060
2020-03-30,18.49,18.52,17.02,17.45,341198
2020-03-31,17.79,17.99,17.0,17.05,217350
2020-04-01,17.08,17.89,16.96,17.24,264915
2020-04-02,17.22,18.5,17.21,18.44,324832
2020-04-03,18.33,18.56,17.71,17.94,240065
2020-04-07,18.62,18.89,18.24,18.34,217442
2020-04-08,18.19,18.69,18.02,18.29,201472
2020-04-09,18.58,18.64,18.14,18.32,157317
2020-04-10,18.32,18.38,17.27,17.92,188775
2020-04-13,17.5,17.72,16.93,17.34,202240
2020-04-14,17.55,18.15,17.52,18.04,170881
2020-04-15,18.05,18.79,18.03,18.19,265683
2020-04-16,17.94,18.68,17.67,18.42,180980
2020-04-17,18.83,19.69,18.83,19.02,278422
2020-04-20,18.86,19.15,18.54,19.07,181970
2020-04-21,18.79,19.32,18.6,19.28,182207
2020-04-22,18.77,19.28,18.69,19.09,134682
2020-04-23,19.08,19.08,18.14,18.24,226115
2020-04-24,18.08,18.74,17.81,17.98,168050
2020-04-27,17.96,18.57,17.96,18.27,130073
2020-04-28,18.48,19.8,17.86,19.4,300439
2020-04-29,19.35,20.04,19.22,19.89,203114
2020-04-30,20.22,22.04,20.16,21.41,353074
2020-05-06,21.64,22.2,21.27,22.03,304387
2020-05-07,22.02,22.27,21.28,21.38,214994
2020-05-08,21.74,21.94,21.16,21.4,194213
2020-05-11,21.42,21.94,21.29,21.51,176482
2020-05-12,21.54,21.68,20.79,21.38,198642
2020-05-13,21.6,22.26,21.6,21.94,265555
2020-05-14,21.85,22.39,21.32,21.59,332221
2020-05-15,21.72,22.49,21.22,22.32,357421
2020-05-18,23.12,23.42,20.88,21.19,449540
2020-05-19,21.47,22.24,21.13,22.17,335721
2020-05-20,22.03,23.21,21.76,21.95,366832
2020-05-21,22.24,22.8,21.85,21.93,357026
2020-05-22,21.88,21.92,20.34,20.67,342988
2020-05-25,20.44,20.71,19.59,19.87,210986
2020-05-26,20.07,20.57,20.01,20.57,189271
2020-05-27,20.44,20.55,19.15,19.26,310536
2020-05-28,19.44,19.49,18.7,19.15,230835
2020-05-29,19.03,19.48,18.87,19.34,179193
2020-06-01,19.54,20.82,19.46,20.41,324735
2020-06-02,20.64,20.99,20.3,20.79,242538
2020-06-03,20.7,21.01,20.18,20.33,262964
2020-06-04,20.46,20.65,19.98,20.05,182859
2020-06-05,20.16,20.67,19.87,20.43,189051
2020-06-08,20.65,20.9,20.27,20.44,177191
2020-06-09,20.24,20.54,19.89,20.46,157703
2020-06-10,20.36,20.45,19.69,20.09,187656
2020-06-11,19.99,21.96,19.85,20.93,387398
2020-06-12,20.43,20.85,20.17,20.41,263413
2020-06-15,20.14,20.34,19.54,19.73,250165
2020-06-16,20.04,20.47,19.97,20.47,192346
2020-06-17,20.49,20.56,19.69,20.06,198070
2020-06-18,20.04,20.5,19.85,20.31,179629
2020-06-19,20.32,21.14,20.06,20.86,294928
2020-06-22,20.88,22.42,20.76,21.96,428211
2020-06-23,21.83,22.0,21.46,21.73,236959
2020-06-24,21.92,22.72,21.74,22.34,367681
2020-06-29,22.29,23.02,22.05,22.62,308114
2020-06-30,23.22,23.22,22.32,22.78,276063
2020-07-01,22.81,22.93,21.56,22.22,308945
2020-07-02,22.24,23.25,21.92,22.93,318472
2020-07-03,22.97,23.61,22.38,23.55,344244
2020-07-06,23.94,25.92,23.24,25.2,461607
2020-07-07,25.2,26.24,25.2,25.24,371374
2020-07-08,25.24,25.75,24.56,25.51,264548
2020-07-09,25.69,26.94,25.61,26.16,330523
2020-07-10,26.06,26.84,25.69,26.34,307494
2020-07-13,26.09,27.33,26.06,27.33,326417
2020-07-14,27.29,27.29,24.72,25.45,452180
2020-07-15,25.54,26.03,24.45,24.88,355616
2020-07-16,25.04,25.14,22.34,22.44,420747
2020-07-17,22.46,22.92,21.44,21.71,362604
2020-07-20,22.13,22.71,21.69,22.54,351606
2020-07-21,22.72,23.54,22.48,22.76,280411
2020-07-22,22.83,23.25,22.35,22.55,240189
2020-07-23,22.3,23.41,21.89,23.24,339251
2020-07-24,23.04,23.2,21.34,21.42,280042
2020-07-27,21.54,22.39,21.45,21.71,210068
2020-07-28,22.42,23.39,22.07,22.42,245005
2020-07-29,22.32,23.24,21.94,23.14,269077
2020-07-30,23.22,23.24,22.4,22.59,201647
2020-07-31,22.48,23.29,22.44,22.87,243316
2020-08-03,23.24,24.35,23.1,23.96,339181
2020-08-04,23.96,24.66,23.72,24.11,324328
2020-08-05,25.11,25.13,23.74,23.81,320431
2020-08-06,23.61,23.96,23.22,23.34,225429
2020-08-07,23.3,23.44,21.95,22.38,225771
2020-08-10,22.37,22.9,22.14,22.64,149255
2020-08-11,22.48,23.19,22.3,22.41,177805
2020-08-12,22.31,22.54,21.37,21.94,184557
2020-08-13,21.98,22.35,21.79,22.19,118758
2020-08-14,22.31,23.45,22.19,23.32,265109
2020-08-17,23.69,23.69,22.74,23.34,233322
2020-08-18,23.32,23.32,23.0,23.16,141200
2020-08-19,23.14,23.52,22.37,22.51,177568
2020-08-20,22.16,22.58,21.6,21.65,161820
2020-08-21,21.93,22.3,21.62,21.8,134998
2020-08-24,22.06,24.51,22.06,23.96,446142
2020-08-25,23.68,24.0,23.34,23.69,263863
2020-08-26,23.78,23.95,21.83,22.14,363374
2020-08-27,22.37,24.9,22.2,24.42,638100
2020-08-28,24.73,25.54,24.16,25.02,503807
2020-08-31,25.16,25.28,23.58,24.1,501088
2020-09-01,24.01,24.16,23.39,24.13,259971
2020-09-02,24.03,24.28,23.64,24.01,230903
2020-09-03,23.9,24.0,23.14,23.29,231508
2020-09-04,22.84,24.13,22.74,23.74,288001
2020-09-07,24.49,27.16,24.17,25.09,645530
2020-09-08,25.04,26.74,24.55,25.99,602221
2020-09-09,25.44,25.76,23.75,23.81,432616
2020-09-10,24.17,24.94,22.92,24.78,486126
2020-09-11,24.04,27.47,23.59,27.19,575006
2020-09-14,27.6,29.48,26.62,28.95,673226
2020-09-15,28.34,28.95,27.64,28.61,450147
2020-09-16,28.74,30.26,27.74,27.98,504941
2020-09-17,27.74,32.81,27.1,30.81,765444
2020-09-18,30.74,31.47,29.72,30.19,530211
2020-09-21,30.53,31.3,29.72,30.65,421050
2020-09-22,30.05,30.42,28.42,28.44,471421
2020-09-23,29.02,31.24,28.69,30.34,557282
2020-09-24,29.56,29.62,27.75,28.28,498744
2020-09-25,28.58,28.63,27.64,27.85,239218
2020-09-28,28.37,29.32,28.32,28.5,344022
2020-09-29,28.87,29.44,28.24,28.24,249645
2020-09-30,29.44,30.56,28.63,28.69,427167
2020-10-09,30.95,30.95,29.44,29.96,467373
2020-10-12,30.04,30.92,28.45,30.87,628897
2020-10-13,30.04,33.72,29.62,32.46,641930
2020-10-14,31.88,32.42,31.04,31.84,403053
2020-10-15,31.86,32.66,30.92,30.96,457297
2020-10-16,30.94,31.14,29.02,29.2,453550
2020-10-19,29.1,29.29,28.05,28.16,250210
2020-10-20,28.54,28.92,28.16,28.78,215161
2020-10-21,28.78,29.01,27.14,27.14,343873
2020-10-22,27.58,27.91,26.6,27.14,218761
2020-10-23,27.14,27.5,26.17,26.35,231955
2020-10-26,26.34,27.1,26.02,26.92,180279
2020-10-27,26.64,27.31,26.5,27.12,161013
2020-10-28,27.12,28.0,26.64,27.71,223203
2020-10-29,27.02,28.3,26.89,27.57,216000
2020-10-30,27.69,28.44,26.93,27.04,254464
2020-11-02,27.35,28.14,26.64,28.03,219647
2020-11-03,28.23,28.64,27.78,28.07,217168
2020-11-04,28.12,28.37,26.99,27.02,240336
2020-11-05,27.47,28.72,27.24,28.72,298807
2020-11-06,28.94,28.98,27.93,28.11,230036
2020-11-09,28.24,30.2,28.24,29.87,414045
2020-11-10,29.49,30.52,29.05,30.16,323305
2020-11-11,29.76,30.36,28.44,28.7,249882
2020-11-12,29.05,29.24,27.25,27.61,221990
2020-11-13,27.48,27.99,27.15,27.6,144553
2020-11-16,27.7,27.83,26.52,26.72,221713
2020-11-17,26.67,26.84,24.3,25.3,381986
2020-11-18,25.54,26.53,25.35,26.12,290712
2020-11-19,25.91,26.4,25.72,26.28,126853
2020-11-20,26.39,27.18,26.29,27.04,176703
2020-11-23,27.18,27.41,26.62,27.36,168363
2020-11-24,26.93,27.53,26.92,27.31,129011
2020-11-25,27.31,27.44,26.49,26.58,125386
2020-11-26,26.63,26.9,26.15,26.87,107540
2020-11-27,26.66,27.06,26.15,26.45,87803
2020-11-30,26.55,26.67,25.76,26.08,142780
2020-12-01,26.24,27.14,25.86,27.04,137678
2020-12-02,27.09,28.89,26.94,28.19,307420
2020-12-03,28.22,28.34,27.38,27.84,156734
2020-12-04,27.71,28.04,27.35,27.88,119284
2020-12-07,28.18,28.49,27.48,27.89,125761
2020-12-08,27.59,27.97,27.14,27.14,118524
2020-12-09,27.44,27.79,26.51,26.52,156461
2020-12-10,26.96,28.03,26.29,27.69,220412
2020-12-11,28.37,28.72,26.98,27.18,270766
2020-12-14,27.7,29.56,27.7,29.01,378221
2020-12-15,28.73,29.7,28.62,29.67,329981
2020-12-16,29.24,30.42,29.1,30.02,317061
2020-12-17,30.12,30.29,29.02,29.82,193560
2020-12-18,30.13,30.79,29.63,30.19,228731
2020-12-21,30.74,31.61,30.47,30.94,264223
2020-12-22,30.92,31.42,29.93,29.97,256473
2020-12-23,30.56,32.23,30.54,31.31,329137
2020-12-24,31.04,31.81,30.68,30.89,189372
2020-12-25,30.48,31.7,29.44,31.69,269490
2020-12-28,31.94,32.42,30.41,31.03,247967
2020-12-29,30.5,30.81,27.85,28.04,349322
2020-12-30,28.52,28.64,27.6,28.42,291073
2020-12-31,28.84,29.22,27.53,28.12,266140
2021-01-04,28.67,30.51,28.14,30.34,320168
2021-01-05,30.1,31.14,29.4,30.86,326348
2021-01-06,30.84,30.93,29.44,30.14,237183
2021-01-07,30.35,33.49,30.34,32.7,506044
2021-01-08,32.71,33.28,31.55,32.4,354059
2021-01-11,32.84,34.15,31.27,32.14,471878
2021-01-12,31.14,34.92,31.14,34.84,461975
2021-01-13,34.64,35.87,33.84,35.0,428196
2021-01-14,34.97,37.49,33.52,35.64,544264
2021-01-15,35.44,35.64,33.04,34.24,331201
2021-01-18,34.71,37.86,33.5,36.54,412939
2021-01-19,36.35,38.41,35.99,37.02,390313
2021-01-20,37.14,41.05,37.02,40.44,425871
2021-01-21,41.04,43.83,40.29,40.91,550703
2021-01-22,41.45,43.49,40.79,43.04,417373
2021-01-25,42.49,43.62,40.74,41.27,398794
2021-01-26,40.64,41.52,39.29,39.34,335260
2021-01-27,40.69,43.22,38.21,42.04,575297
2021-01-28,41.04,41.29,39.18,39.86,395644
2021-01-29,40.34,41.5,37.04,38.18,371376
2021-02-01,39.55,39.9,38.28,39.24,213096
2021-02-02,41.29,41.84,40.19,40.64,316015
2021-02-03,40.49,41.2,39.01,39.36,252035
2021-02-04,38.81,39.29,36.93,38.13,268736
2021-02-05,38.84,40.87,38.15,38.32,261815
2021-02-08,37.44,39.15,36.11,38.54,195987
2021-02-09,38.75,40.29,38.39,39.76,201676
2021-02-10,39.89,40.42,38.16,39.73,190444
2021-02-18,40.46,42.59,39.98,41.39,295946
2021-02-19,41.04,41.14,38.72,40.14,204791
2021-02-22,39.72,40.3,38.04,38.28,258018
2021-02-23,37.73,38.78,37.49,37.85,144693
2021-02-24,37.81,38.04,36.04,36.39,184419
2021-02-25,37.01,37.21,34.94,35.24,166946
2021-02-26,34.22,35.7,33.74,35.43,166849
2021-03-01,35.63,36.39,35.34,35.72,119289
2021-03-02,36.32,36.34,34.84,35.12,133663
2021-03-03,35.14,35.61,34.51,34.9,162509
2021-03-04,34.9,35.14,32.89,33.14,183625
2021-03-05,33.03,33.64,32.62,33.21,134774
2021-03-08,33.41,33.87,31.18,31.19,166273
2021-03-09,31.19,31.5,29.66,29.78,188549
2021-03-10,30.97,31.19,29.77,30.14,123094
2021-03-11,30.07,31.38,29.82,31.05,134238
2021-03-12,31.64,31.84,30.05,31.25,142072
2021-03-15,32.78,33.63,30.63,30.9,218074
2021-03-16,31.07,31.47,29.32,29.5,190328
2021-03-17,29.34,30.26,28.75,29.94,149983
2021-03-18,30.02,31.55,30.02,31.39,181833
2021-03-19,30.94,31.31,29.77,30.27,144768
2021-03-22,30.12,30.97,29.77,30.51,114406
2021-03-23,30.78,31.48,30.23,30.7,167972
2021-03-24,30.34,30.69,29.54,29.72,109123
2021-03-25,29.41,30.24,29.41,29.81,102819
2021-03-26,30.1,31.16,30.1,30.74,150523
2021-03-29,30.89,30.89,29.04,30.38,147101
2021-03-30,30.54,31.92,30.07,31.63,175407
2021-03-31,31.44,31.72,30.67,30.98,92633
2021-04-01,30.94,32.22,30.92,31.61,121688
2021-04-02,31.81,33.29,31.35,32.89,193613
2021-04-06,33.48,33.48,31.9,32.55,142140
2021-04-07,33.14,33.24,31.08,31.82,192259
2021-04-08,31.72,32.15,31.59,31.78,115217
2021-04-09,31.54,32.12,30.93,30.96,107531
2021-04-12,30.9,31.33,29.09,29.39,129294
2021-04-13,29.28,29.67,28.91,29.23,86430
2021-04-14,29.54,29.98,29.11,29.74,98295
2021-04-15,29.54,30.45,29.46,30.22,91210
2021-04-16,30.22,31.63,30.07,31.48,169988
2021-04-19,31.59,33.0,31.23,32.87,184049
2021-04-20,32.64,34.07,32.45,33.44,169753
2021-04-21,33.26,34.58,33.15,34.14,150907
2021-04-22,34.44,34.54,33.54,34.15,125853
2021-04-23,34.34,34.35,33.86,34.1,96727
2021-04-26,34.73,36.11,34.34,34.43,191600
2021-04-27,34.61,35.38,34.04,34.28,119557
2021-04-28,34.49,35.63,34.24,35.53,114782
2021-04-29,36.54,37.65,35.28,36.49,315701
2021-04-30,36.14,37.12,35.73,36.72,148580
2021-05-06,36.86,37.46,35.13,36.11,171299
2021-05-07,36.15,36.93,35.44,35.91,133306
2021-05-10,35.84,35.91,33.91,34.24,191695
2021-05-11,35.42,35.42,33.34,34.12,115111
2021-05-12,34.08,34.74,33.32,34.57,101654
2021-05-13,34.04,34.29,33.46,34.04,73949
2021-05-14,34.27,35.24,34.04,34.94,95044
2021-05-17,34.86,37.39,34.75,37.17,195866
2021-05-18,36.93,38.34,36.59,37.86,150729
2021-05-19,38.52,38.62,37.55,38.13,105593
2021-05-20,37.79,39.16,37.6,38.85,105559
2021-05-21,38.72,39.22,37.88,38.49,84156
2021-05-24,38.54,38.84,37.79,38.54,78061
2021-05-25,38.45,39.92,38.25,39.65,118530
2021-05-26,39.27,39.57,37.82,38.83,118192
2021-05-27,38.94,40.8,38.64,40.72,134000
2021-05-28,40.09,40.64,39.14,39.45,168648
2021-05-31,40.01,41.22,39.19,41.11,121064
2021-06-01,40.83,41.19,40.06,41.11,105737
2021-06-02,41.39,41.49,40.09,40.9,92462
2021-06-03,40.84,41.38,39.74,39.92,119232
2021-06-04,40.03,42.42,39.93,41.46,161956
2021-06-07,41.46,42.25,40.54,40.71,102750
2021-06-08,41.21,41.24,38.91,40.24,202482
2021-06-09,40.25,40.8,39.61,40.64,93216
2021-06-10,40.64,42.84,40.17,42.3,159929
2021-06-11,43.03,43.03,41.51,41.84,91529
2021-06-15,41.97,42.52,41.29,41.98,100443
2021-06-16,41.99,42.17,39.59,39.64,110981
2021-06-17,40.31,42.05,39.24,41.53,177057
2021-06-18,41.64,42.9,41.24,42.25,130303
2021-06-21,42.54,48.69,41.86,47.94,286628
2021-06-22,47.01,47.54,45.12,45.74,200912
2021-06-23,45.9,46.69,45.24,46.04,187532
2021-06-24,46.56,46.56,43.84,45.29,163683
2021-06-25,44.73,45.79,44.56,45.25,115335
2021-06-28,45.25,46.54,44.89,45.36,154421
2021-06-29,46.27,47.99,45.74,46.58,191439
2021-06-30,47.19,49.48,46.3,48.54,219028
2021-07-01,49.3,49.3,45.83,45.83,154286
2021-07-02,45.08,46.9,44.87,45.45,142929
2021-07-05,46.02,47.36,45.45,46.34,123416
2021-07-06,46.57,47.39,44.56,45.37,157168
2021-07-07,45.17,48.47,44.49,47.87,196590
2021-07-08,47.87,50.52,47.53,48.37,189240
2021-07-09,49.62,49.67,46.37,48.55,196078
2021-07-12,49.07,52.71,48.48,51.37,225426
2021-07-13,51.17,52.67,49.97,50.77,146804
2021-07-14,51.07,51.07,48.95,48.99,129050
2021-07-15,49.02,51.62,48.97,51.31,172583
2021-07-16,50.63,51.59,49.65,49.67,156197
2021-07-19,49.05,50.6,48.87,49.19,142141
2021-07-20,49.17,50.96,48.87,49.96,109384
2021-07-21,50.44,53.61,49.92,53.02,229994
2021-07-22,53.47,53.98,51.62,53.49,171116
2021-07-23,53.56,61.5,53.54,57.37,332623
2021-07-26,58.15,59.17,55.09,56.66,222097
2021-07-27,56.67,60.95,56.07,56.23,298904
2021-07-28,54.31,56.29,52.09,54.17,267835
2021-07-29,56.19,64.17,54.87,62.49,341977
2021-07-30,61.18,63.47,60.35,62.03,252499
2021-08-02,64.8,69.02,61.79,65.57,432910
2021-08-03,64.78,66.85,62.17,63.25,267591
2021-08-04,62.22,66.58,62.17,65.37,270587
2021-08-05,64.47,64.57,62.17,63.5,165273
2021-08-06,63.67,65.55,62.49,63.66,147743
2021-08-09,63.34,63.68,58.77,59.92,234131
2021-08-10,60.14,61.52,58.79,59.91,192175
2021-08-11,60.37,63.39,59.91,62.55,204761
2021-08-12,62.57,65.84,62.28,63.22,200384
2021-08-13,62.43,63.16,59.92,60.17,164439
2021-08-16,59.82,61.23,58.35,59.11,156649
2021-08-17,58.76,59.93,56.53,57.55,191295
2021-08-18,58.27,58.75,56.26,57.17,157313
2021-08-19,57.05,59.32,56.34,58.66,139624
2021-08-20,58.67,60.05,57.98,59.13,130829
2021-08-23,59.28,62.0,58.46,61.16,171826
2021-08-24,61.54,62.47,59.78,60.95,150379
2021-08-25,60.85,63.13,59.17,62.27,144497
2021-08-26,62.25,67.85,61.99,66.57,262642
2021-08-27,65.78,70.37,65.27,69.93,256543
2021-08-30,69.87,77.91,69.82,74.97,304363
2021-08-31,75.17,75.84,72.85,75.84,166790
2021-09-01,81.43,83.16,70.47,75.03,331849
2021-09-02,74.97,78.67,74.38,75.62,199432
2021-09-03,74.12,78.47,72.48,73.17,220864
2021-09-06,72.63,73.96,69.87,72.03,203983
2021-09-07,71.75,75.02,71.05,72.28,147359
2021-09-08,72.67,73.12,67.97,68.68,215737
2021-09-09,69.67,69.67,66.57,68.1,175233
2021-09-10,69.17,74.02,68.05,73.46,245663
2021-09-13,74.04,74.16,68.07,69.12,219244
2021-09-14,68.18,71.54,67.96,68.77,151934
2021-09-15,68.5,71.03,68.18,69.69,123490
2021-09-16,68.6,69.77,67.17,67.67,160585
2021-09-17,67.07,69.05,63.56,65.89,167546
2021-09-22,63.74,67.67,63.63,66.41,110073
2021-09-23,67.03,67.13,65.22,66.17,102216
2021-09-24,65.53,68.67,64.98,66.38,142207
2021-09-27,66.38,69.02,63.81,65.91,131779
2021-09-28,64.89,67.07,63.77,64.59,99627
2021-09-29,62.28,64.73,61.17,62.12,139658
2021-09-30,62.46,63.62,60.86,62.52,94302
2021-10-08,63.17,63.45,60.17,60.88,113553
2021-10-11,60.45,62.25,59.37,60.67,92009
2021-10-12,60.67,62.04,58.77,59.47,95941
2021-10-13,59.47,61.74,59.17,61.69,95114
2021-10-14,61.22,69.65,60.87,69.4,256549
2021-10-15,70.17,72.24,68.85,70.4,172474
2021-10-18,71.72,74.59,70.68,74.26,219582
2021-10-19,74.84,75.05,72.84,74.5,123358
2021-10-20,74.53,76.15,73.45,73.85,112318
2021-10-21,74.17,74.45,71.83,73.17,142789
2021-10-22,73.33,73.85,71.46,71.67,95355
2021-10-25,72.07,74.12,71.29,73.13,121629
2021-10-26,72.64,73.85,70.18,72.39,133478
2021-10-27,74.07,74.15,71.83,73.12,122074
2021-10-28,73.16,74.75,72.37,73.18,146228
2021-10-29,73.47,76.65,71.17,74.58,151203
2021-11-01,74.58,75.67,71.53,73.82,147373
2021-11-02,72.19,77.79,72.19,74.92,183572
2021-11-03,73.67,76.45,73.67,74.78,117512
2021-11-04,75.03,76.37,73.89,74.53,104654
2021-11-05,74.53,78.77,73.72,77.18,163621
2021-11-08,76.4,78.05,74.97,77.67,118974
2021-11-09,80.19,80.75,75.17,75.8,139694
2021-11-10,75.17,78.67,75.05,77.85,108969
2021-11-11,77.46,79.56,76.27,79.28,106061
2021-11-12,79.27,81.4,78.12,80.9,128184
2021-11-15,81.76,82.03,73.73,73.97,213910
2021-11-16,72.77,74.03,71.78,72.32,168824
2021-11-17,72.24,73.32,71.02,72.17,113984
2021-11-18,72.06,72.06,68.47,69.73,170163
2021-11-19,69.71,71.06,67.96,70.21,180188
2021-11-22,70.28,75.1,69.67,74.65,202982
2021-11-23,73.98,73.98,69.24,69.41,193032
2021-11-24,67.87,69.41,65.77,66.11,207247
2021-11-25,65.79,67.0,64.76,64.99,134520
2021-11-26,65.17,67.43,64.77,66.38,105693
2021-11-29,66.05,68.96,65.78,68.72,138868
2021-11-30,69.67,70.0,67.47,70.0,107077
2021-12-01,69.67,69.67,66.67,67.09,160572
2021-12-02,66.66,67.95,66.08,67.11,91171
2021-12-03,66.23,67.45,65.15,66.37,136353
2021-12-06,68.53,69.6,66.18,66.18,146033
2021-12-07,67.16,69.15,65.18,66.2,128769
2021-12-08,67.05,69.57,66.59,69.05,159655
2021-12-09,69.05,69.17,67.57,68.97,122399
2021-12-10,68.46,74.16,68.46,73.46,304745
2021-12-13,74.0,74.0,69.98,73.27,228936
2021-12-14,72.51,72.86,71.38,71.82,120404
2021-12-15,70.97,71.72,70.4,70.47,104801
2021-12-16,71.17,71.29,70.0,70.9,53718
2021-12-17,70.62,70.62,68.7,68.9,84613
2021-12-20,68.37,69.37,66.25,66.92,80826
2021-12-21,66.65,68.3,65.07,66.37,88925
2021-12-22,66.56,68.68,65.32,67.73,115552
2021-12-23,67.52,69.67,67.07,68.65,70978
2021-12-24,69.33,69.47,65.98,67.59,63694
2021-12-27,66.82,67.58,65.44,66.21,96896
2021-12-28,66.17,67.08,65.19,66.85,81586
2021-12-29,66.55,68.14,64.58,66.17,98152
2021-12-30,65.81,67.1,64.85,64.87,108677
2021-12-31,65.6,68.54,65.55,67.67,195863
2022-01-04,67.67,68.23,62.17,62.8,261214
2022-01-05,63.37,63.55,58.47,59.83,200295
2022-01-06,57.78,59.67,57.27,58.61,161867
2022-01-07,58.71,59.63,55.83,56.91,164408
2022-01-10,56.77,56.77,54.17,54.84,160042
2022-01-11,54.76,55.4,54.03,54.62,130918
2022-01-12,54.95,57.38,54.35,57.26,157888
2022-01-13,57.62,59.83,55.55,57.63,189130
2022-01-14,57.27,61.16,57.17,59.42,170011
2022-01-17,60.36,61.74,59.83,61.02,114468
2022-01-18,60.66,61.53,59.91,60.64,85299
2022-01-19,60.56,60.56,58.82,59.16,84163
2022-01-20,59.65,60.11,58.06,58.47,82795
2022-01-21,58.49,59.12,56.98,57.52,70139
2022-01-24,57.49,60.17,57.19,59.57,86524
2022-01-25,59.42,60.87,58.92,58.94,85574
2022-01-26,58.87,59.9,58.05,59.67,63846
2022-01-27,59.52,59.52,56.18,56.37,142444
2022-01-28,56.41,57.51,54.97,55.46,111046
2022-02-07,56.77,58.44,55.97,57.6,105016
2022-02-08,58.17,58.17,53.33,53.98,123478
2022-02-09,53.92,55.62,52.87,55.4,122965
2022-02-10,55.37,55.97,53.78,55.27,98337
2022-02-11,54.17,54.6,52.05,52.21,119117
2022-02-14,51.31,53.87,51.01,52.47,124310
2022-02-15,53.37,55.27,52.47,55.22,122147
2022-02-16,55.61,55.87,54.51,55.11,64341
2022-02-17,54.97,58.53,54.97,57.35,103941
2022-02-18,57.04,57.62,54.56,55.27,99806
2022-02-21,55.2,55.66,54.09,55.48,70433
2022-02-22,55.17,58.47,54.47,58.27,147553
2022-02-23,58.7,62.0,58.28,60.74,189161
2022-02-24,60.87,62.35,59.87,60.73,97235
2022-02-25,62.24,62.76,60.24,61.77,98593
2022-02-28,61.85,63.37,61.42,63.17,102018
2022-03-01,63.34,64.31,61.85,62.45,100724
2022-03-02,61.77,62.11,60.83,61.55,60666
2022-03-03,62.01,62.16,59.97,60.31,71347
2022-03-04,60.15,61.87,59.88,60.35,74573
2022-03-07,59.46,60.77,58.57,58.91,85190
2022-03-08,58.9,60.82,58.47,58.61,131765
2022-03-09,60.17,61.77,56.17,58.85,165000
2022-03-10,60.77,62.4,59.83,61.1,147458
2022-03-11,60.11,61.43,58.81,61.0,101973
2022-03-14,59.92,61.05,57.68,57.83,124483
2022-03-15,57.17,58.45,55.35,55.6,132598
2022-03-16,56.7,58.27,53.42,57.62,140312
2022-03-17,58.83,60.82,57.89,59.47,133151
2022-03-18,59.32,59.61,57.26,58.32,75781
2022-03-21,58.57,62.63,58.42,61.19,99904
2022-03-22,60.58,61.15,59.59,60.17,80090
2022-03-23,60.76,61.27,59.27,59.96,60048
2022-03-24,59.63,60.65,57.96,59.97,54241
2022-03-25,59.62,61.15,57.87,57.99,64158
2022-03-28,57.63,58.95,56.2,57.19,53252
2022-03-29,57.32,58.12,56.22,57.27,50250
2022-03-30,57.57,59.03,56.55,58.97,54639
2022-03-31,58.49,58.99,57.33,58.17,50505
2022-04-01,58.18,58.47,57.15,57.15,50081
2022-04-06,55.83,56.77,54.68,55.16,75632
2022-04-07,54.19,55.46,53.68,54.05,54413
2022-04-08,55.17,55.27,52.98,53.27,56924
2022-04-11,52.5,52.97,50.69,50.77,73510
2022-04-12,50.78,51.43,48.87,50.28,105928
2022-04-13,50.17,51.56,49.09,49.88,65266
2022-04-14,50.26,50.85,49.52,50.43,66990
2022-04-15,49.74,50.31,49.14,49.45,44214
2022-04-18,49.17,52.96,48.83,52.44,78856
2022-04-19,52.69,54.15,52.17,52.87,68088
2022-04-20,52.96,54.17,50.97,51.07,56134
2022-04-21,50.84,52.39,49.14,49.27,57959
2022-04-22,49.53,49.53,47.31,47.6,80149
2022-04-25,47.12,47.48,42.17,42.87,157664
2022-04-26,43.15,43.66,41.67,42.2,98261
2022-04-27,41.57,45.82,40.37,45.47,167412
2022-04-28,44.9,46.87,44.65,46.76,97695
2022-04-29,47.67,49.19,47.22,48.72,101031
2022-05-05,48.84,50.65,48.55,49.52,81893
2022-05-06,48.24,49.77,48.2,49.09,56649
2022-05-09,49.2,49.94,47.47,47.75,64293
2022-05-10,47.17,49.83,47.07,48.56,92052
2022-05-11,48.97,51.43,48.57,50.57,109476
2022-05-12,50.17,50.65,49.4,50.17,55976
2022-05-13,50.57,51.37,49.53,50.47,52979
2022-05-16,50.87,52.35,49.29,49.68,68922
2022-05-17,49.86,51.87,49.42,51.37,85045
2022-05-18,51.38,53.79,51.05,53.14,81877
2022-05-19,52.12,54.97,52.07,54.37,114968
2022-05-20,54.67,54.93,52.97,54.22,78649
2022-05-23,54.37,55.04,53.58,54.66,54172
2022-05-24,54.67,55.66,52.87,53.15,68604
2022-05-25,53.1,53.75,52.2,52.67,62527
2022-05-26,53.37,53.45,51.77,52.77,51734
2022-05-27,53.34,53.96,52.05,52.26,47530
2022-05-30,52.66,53.12,51.81,52.33,50257
2022-05-31,53.27,53.57,52.07,53.49,75127
2022-06-01,53.07,53.54,51.85,52.37,89290
2022-06-02,52.95,55.54,52.55,55.19,108981
2022-06-06,55.2,59.08,54.86,58.21,117853
2022-06-07,58.31,59.15,57.25,58.45,95885
2022-06-08,58.25,58.8,56.49,57.57,80213
2022-06-09,56.88,58.03,55.88,56.25,76763
2022-06-10,55.75,57.83,55.46,57.75,98911
2022-06-13,57.05,58.63,56.55,58.29,82930
2022-06-14,57.11,58.25,56.76,58.23,88261
2022-06-15,58.89,60.53,57.72,58.57,95192
2022-06-16,57.95,60.53,57.8,60.31,78519
2022-06-17,60.07,61.8,59.15,61.59,95294
2022-06-20,61.84,66.25,61.83,63.59,127473
2022-06-21,63.3,64.25,61.46,62.25,75057
2022-06-22,62.48,65.05,62.05,64.28,100674
2022-06-23,64.35,66.05,63.66,65.74,85231
2022-06-24,65.44,66.18,64.47,64.95,75360
2022-06-27,65.45,65.93,63.4,64.06,112940
2022-06-28,63.86,67.6,63.55,67.25,118803
2022-06-29,66.65,67.63,64.46,65.14,112494
2022-06-30,65.25,66.64,64.64,66.04,88834
2022-07-01,65.55,66.41,63.88,63.95,79422
2022-07-04,62.97,68.95,62.96,67.2,148787
2022-07-05,66.83,69.63,66.75,67.44,143692
2022-07-06,67.44,69.05,66.56,67.39,91428
2022-07-07,67.17,69.73,66.65,68.67,109428
2022-07-08,68.75,70.67,67.99,68.31,144836
2022-07-11,69.45,69.45,65.8,66.8,94808
2022-07-12,68.25,68.44,65.41,65.78,100720
2022-07-13,65.78,66.96,63.45,65.95,109927
2022-07-14,65.74,69.43,65.35,68.25,112078
2022-07-15,68.38,69.64,66.55,66.92,73593
2022-07-18,66.88,67.44,64.15,66.24,102839
2022-07-19,67.45,67.45,65.19,65.45,71893
2022-07-20,67.2,69.5,66.46,68.03,92622
2022-07-21,68.04,68.85,66.07,66.31,76734
2022-07-22,66.1,68.72,66.1,67.64,68066
2022-07-25,67.59,67.74,66.12,67.12,74669
2022-07-26,67.16,69.39,67.16,68.47,72311
2022-07-27,68.83,73.45,67.7,73.1,157347
2022-07-28,73.1,73.1,70.93,71.41,106473
2022-07-29,71.51,72.35,70.48,71.47,68176
2022-08-01,70.57,70.75,67.83,70.0,85281
2022-08-02,69.33,71.18,68.76,69.45,89318
2022-08-03,70.25,71.43,68.51,69.57,92344
2022-08-04,70.4,70.7,67.35,68.9,76994
2022-08-05,69.03,70.39,67.96,70.14,68441
2022-08-08,69.98,70.06,67.63,68.5,78154
2022-08-09,68.45,71.73,67.85,70.39,95209
2022-08-10,69.55,71.35,68.83,69.68,78470
2022-08-11,69.95,70.35,66.0,68.45,126977
2022-08-12,67.85,68.75,66.0,66.08,100192
2022-08-15,68.83,74.72,68.45,74.17,286728
2022-08-16,73.37,74.91,71.35,74.65,205205
2022-08-17,74.77,76.95,73.89,74.55,134607
2022-08-18,74.55,83.35,74.29,82.46,270429
2022-08-19,83.37,84.36,80.11,80.51,169197
2022-08-22,79.48,81.27,78.03,80.14,137920
2022-08-23,79.25,83.04,79.25,81.56,152186
2022-08-24,81.6,83.12,78.63,78.95,120810
2022-08-25,80.75,81.33,76.22,77.85,135348
2022-08-26,78.0,78.95,74.47,75.36,110022
2022-08-29,73.45,79.82,73.45,78.61,146849
2022-08-30,78.59,82.45,77.59,78.85,139541
2022-08-31,78.11,78.85,73.32,74.45,184185
2022-09-01,73.89,74.87,72.25,72.92,95306
2022-09-02,73.3,74.68,71.55,72.58,78628
2022-09-05,72.96,75.45,71.61,72.65,126317
2022-09-06,73.21,76.61,71.18,76.36,138488
2022-09-07,75.8,79.65,75.45,77.28,134058
2022-09-08,77.15,82.55,76.95,81.35,169117
2022-09-09,81.55,82.2,79.17,80.05,87277
2022-09-13,80.45,80.89,77.83,79.04,82342
2022-09-14,77.66,80.56,77.45,79.02,74543
2022-09-15,80.05,80.26,70.4,71.45,218776
2022-09-16,71.42,74.45,70.95,72.2,100743
2022-09-19,72.26,73.77,70.45,71.14,66456
2022-09-20,71.96,73.75,71.05,72.23,63097
2022-09-21,71.74,72.53,69.57,69.79,79836
2022-09-22,69.33,71.25,68.16,70.26,65004
2022-09-23,70.31,71.35,68.31,69.45,70954
2022-09-26,69.45,71.95,68.53,70.33,87570
2022-09-27,70.36,71.0,69.07,69.61,59516
2022-09-28,70.15,70.6,67.16,67.35,90337
2022-09-29,67.95,69.04,66.27,68.62,62204
2022-09-30,68.62,68.62,65.95,66.07,70726
2022-10-10,66.22,66.95,63.77,64.35,81525
2022-10-11,65.2,65.2,63.14,63.51,60810
2022-10-12,63.45,65.45,60.12,64.95,138203
2022-10-13,64.54,68.62,64.0,65.55,95964
2022-10-14,66.45,67.84,64.53,66.8,109680
2022-10-17,66.33,69.85,66.06,68.97,113366
2022-10-18,68.97,70.09,68.14,68.97,68217
2022-10-19,68.9,70.65,68.05,68.41,59149
2022-10-20,68.05,69.81,66.75,68.3,67182
2022-10-21,67.76,68.98,67.65,68.26,38294
2022-10-24,68.37,69.4,66.45,67.18,60225
2022-10-25,66.98,69.1,65.51,68.63,79596
2022-10-26,70.45,76.3,69.56,75.26,206208
2022-10-27,75.26,78.43,74.83,74.91,110578
2022-10-28,75.03,75.77,72.24,72.75,109662
2022-10-31,72.91,73.7,68.35,69.71,143181
2022-11-01,68.86,72.62,68.65,71.45,99067
2022-11-02,71.1,75.05,70.73,73.45,92356
2022-11-03,72.66,76.82,72.41,74.77,108189
2022-11-04,74.85,76.56,74.5,76.15,88236
2022-11-07,75.45,77.14,74.65,75.1,87151
2022-11-08,75.1,75.53,73.27,73.93,42093
2022-11-09,73.93,74.53,71.45,71.83,52575
2022-11-10,71.94,72.96,69.7,70.55,74144
2022-11-11,72.61,72.95,69.83,70.1,76109
2022-11-14,69.5,71.8,67.96,68.58,110562
2022-11-15,68.41,70.09,67.96,69.86,82636
2022-11-16,70.19,71.75,69.35,70.83,80517
2022-11-17,70.0,70.75,65.76,66.72,150023
2022-11-18,66.95,67.89,65.77,65.85,113686
2022-11-21,65.24,67.84,65.24,66.81,64252
2022-11-22,66.11,66.92,64.64,64.85,73225
2022-11-23,64.84,68.03,64.55,67.47,91057
2022-11-24,67.44,69.07,67.05,67.13,51373
2022-11-25,66.6,67.63,64.83,65.2,52651
2022-11-28,64.32,65.11,63.19,63.72,84561
2022-11-29,63.73,64.33,62.36,63.1,87157
2022-11-30,63.04,63.11,61.33,62.95,99426
2022-12-01,63.95,63.95,62.51,63.2,73845
2022-12-02,62.75,63.93,62.01,62.17,68416
2022-12-05,62.2,63.98,61.95,63.84,126140
2022-12-06,63.55,66.31,63.45,65.86,148902
2022-12-07,64.92,69.25,64.92,68.45,144595
2022-12-08,68.75,69.15,67.12,69.11,97619
2022-12-09,68.55,69.23,67.45,69.23,88319
2022-12-12,68.79,69.34,68.24,68.94,65608
2022-12-13,69.11,69.33,67.6,67.92,59337
2022-12-14,69.09,69.25,67.13,67.71,58888
2022-12-15,67.29,68.64,67.15,68.58,57718
2022-12-16,68.25,69.55,67.07,67.95,60650
2022-12-19,67.18,68.84,66.45,68.1,39484
2022-12-20,67.82,68.42,66.48,66.65,34838
2022-12-21,66.95,67.05,63.33,63.97,59991
2022-12-22,64.65,64.74,58.56,59.05,185109
2022-12-23,59.26,60.41,57.84,58.6,90763
2022-12-26,58.65,59.45,57.03,59.17,105952
2022-12-27,59.5,61.31,59.25,60.48,97117
2022-12-28,59.98,62.21,59.7,61.45,102054
2022-12-29,60.87,63.44,60.67,62.75,76185
2022-12-30,62.76,63.4,61.74,62.01,46507
2023-01-03,62.07,63.06,60.76,62.44,89904
2023-01-04,61.65,62.54,59.99,60.27,78748
2023-01-05,60.45,61.05,59.46,60.53,72901
2023-01-06,60.51,64.43,60.45,63.03,103053
2023-01-09,63.06,63.83,61.66,62.5,71144
2023-01-10,62.88,64.3,62.79,63.96,94410
2023-01-11,63.54,64.64,63.12,63.75,57611
2023-01-12,63.49,66.4,63.49,65.12,73740
2023-01-13,65.12,65.43,64.25,64.65,49126
2023-01-16,64.78,65.32,64.07,65.14,56680
2023-01-17,64.68,65.83,64.49,65.45,53370
2023-01-18,65.29,67.96,65.29,67.1,73313
2023-01-19,66.96,67.03,64.98,65.06,82618
2023-01-20,65.15,65.93,64.75,65.4,71859
2023-01-30,66.45,68.63,66.32,66.95,108229
2023-01-31,66.73,67.71,66.36,67.21,62082
2023-02-01,67.65,67.93,65.39,67.12,70384
2023-02-02,67.45,69.01,66.26,68.15,76837
2023-02-03,68.15,68.67,66.7,67.85,49587
2023-02-06,68.45,69.01,66.45,67.79,46245
2023-02-07,67.76,68.35,66.87,66.97,56284
2023-02-08,66.85,68.05,66.65,66.86,37700
2023-02-09,66.85,67.83,66.0,67.7,67878
2023-02-10,67.7,68.23,66.57,67.05,40610
2023-02-13,67.15,67.42,65.95,66.55,51968
2023-02-14,66.5,67.62,65.67,66.0,45672
2023-02-15,66.1,66.65,65.2,65.56,57831
2023-02-16,65.26,67.83,64.96,65.85,77138
2023-02-17,66.35,66.45,65.05,65.11,51794
2023-02-20,64.95,67.15,64.45,66.8,53025
2023-02-21,66.83,67.09,63.53,65.29,97457
2023-02-22,64.95,66.57,64.95,64.95,49296
2023-02-23,65.25,68.15,65.13,67.27,96041
2023-02-24,67.45,67.81,66.02,66.16,39007
2023-02-27,65.78,68.29,65.75,66.46,54799
2023-02-28,66.45,67.15,65.32,67.05,50615
2023-03-01,67.13,67.23,65.51,66.07,51921
2023-03-02,65.75,66.05,61.65,62.55,142194
2023-03-03,63.03,64.24,62.66,62.97,62712
2023-03-06,63.44,66.55,63.25,66.27,86879
2023-03-07,66.15,67.13,65.63,65.84,58389
2023-03-08,65.8,66.95,64.98,65.31,40715
2023-03-09,65.35,68.17,65.3,67.03,75603
2023-03-10,66.92,68.48,66.3,67.6,56521
2023-03-13,67.26,68.68,66.41,66.9,41961
2023-03-14,66.5,67.03,65.43,65.64,61060
2023-03-15,66.05,67.21,64.47,64.66,55319
2023-03-16,64.28,65.36,62.01,62.23,71863
2023-03-17,62.23,63.25,62.23,62.32,52683
2023-03-20,62.02,63.35,60.85,61.69,74497
2023-03-21,61.46,62.18,59.93,60.96,64628
2023-03-22,61.29,61.74,60.47,60.68,39825
2023-03-23,60.34,61.42,60.1,60.8,66586
2023-03-24,60.65,61.2,59.95,60.64,53616
2023-03-27,60.71,62.03,60.24,61.55,65850
2023-03-28,61.43,61.9,60.03,60.5,45946
2023-03-29,60.75,62.6,60.73,62.3,65697
2023-03-30,62.05,63.26,61.35,63.0,58079
2023-03-31,63.0,64.47,62.57,63.74,57238
2023-04-03,65.57,66.94,64.96,66.7,123433
2023-04-04,66.7,68.63,65.95,66.82,118915
2023-04-06,67.45,68.95,65.96,67.75,76702
2023-04-07,67.99,69.17,66.97,67.89,55686
2023-04-10,68.38,70.65,67.67,69.45,77152
2023-04-11,69.22,69.95,68.47,69.5,83792
2023-04-12,69.43,70.25,67.16,69.32,79218
2023-04-13,69.14,69.44,67.65,68.2,58922
2023-04-14,68.25,71.23,67.95,70.26,103547
2023-04-17,73.43,73.45,67.92,68.2,135443
2023-04-18,68.29,69.56,67.78,69.47,89900
2023-04-19,69.46,69.66,67.26,67.55,76873
2023-04-20,68.05,68.05,66.25,66.85,82478
2023-04-21,67.38,67.82,65.91,65.93,77139
2023-04-24,66.42,67.0,63.83,64.22,69343
2023-04-25,64.65,65.09,62.0,63.09,85485
2023-04-26,62.89,65.84,62.44,65.41,86818
2023-04-27,65.17,66.23,64.55,65.45,70952
2023-04-28,65.95,68.51,65.6,66.87,97931
2023-05-04,66.66,67.64,65.52,65.86,57165
2023-05-05,65.58,65.86,64.07,65.47,52509
2023-05-08,65.53,67.04,64.56,66.31,50480
2023-05-09,66.75,67.11,65.86,66.45,43913
2023-05-10,66.09,66.44,64.85,66.18,54963
2023-05-11,66.18,68.25,65.94,67.0,53464
2023-05-12,67.54,68.29,66.82,67.34,58555
2023-05-15,67.36,69.44,67.24,69.35,69661
2023-05-16,69.2,70.58,68.9,69.77,65398
2023-05-17,69.41,70.5,68.26,70.26,77614
2023-05-18,70.25,72.15,69.95,71.03,77701
2023-05-19,70.7,71.9,70.28,71.4,51967
2023-05-22,72.48,73.58,70.39,70.88,73952
2023-05-23,72.1,72.33,69.4,69.78,68362
2023-05-24,70.14,73.11,69.52,71.99,77710
2023-05-25,71.91,73.08,71.2,71.9,74113
2023-05-26,71.88,72.27,70.31,70.9,57028
2023-05-29,70.99,71.28,69.28,69.53,58735
2023-05-30,69.69,69.87,67.46,68.55,54015
2023-05-31,69.25,69.33,67.28,67.85,58925
2023-06-01,67.85,68.78,66.5,66.75,66804
2023-06-02,66.77,67.29,66.41,66.77,58872
2023-06-05,66.86,66.98,65.4,65.47,59882
2023-06-06,65.47,65.86,64.11,64.61,71747
2023-06-07,64.7,64.9,63.71,63.9,50171
2023-06-08,63.89,65.13,63.76,63.9,49801
2023-06-09,64.4,64.73,62.5,63.68,80187
2023-06-12,63.58,64.69,62.26,64.29,79578
2023-06-13,64.1,64.5,63.44,63.87,50516
2023-06-14,64.18,65.01,63.45,63.58,59824
2023-06-15,63.89,66.89,63.58,66.75,89483
2023-06-16,66.78,67.5,66.11,67.37,61833
2023-06-19,66.9,67.06,65.15,65.72,65033
2023-06-20,65.88,66.46,65.15,65.7,48090
2023-06-21,65.55,66.66,65.23,65.32,40600
2023-06-26,65.19,67.05,64.01,65.98,61880
2023-06-27,65.97,68.99,65.78,66.55,61117
2023-06-28,67.2,68.55,66.85,68.2,71501
2023-06-29,68.34,69.69,67.8,69.02,61578
2023-06-30,68.65,70.07,68.25,69.8,55211
2023-07-03,69.41,70.2,69.3,69.61,47879
2023-07-04,69.41,70.1,68.45,68.55,44102
2023-07-05,68.59,68.75,67.58,67.7,36045
2023-07-06,67.43,68.5,67.32,67.71,36687
2023-07-07,67.08,67.5,66.0,66.0,36353
2023-07-10,66.0,68.39,65.78,67.21,38187
2023-07-11,67.0,67.21,66.0,66.7,29914
2023-07-12,66.77,67.3,65.56,66.59,30538
2023-07-13,68.08,69.02,67.5,67.83,51019
2023-07-14,67.78,67.86,66.49,66.61,35167
2023-07-17,66.54,66.7,64.88,65.31,42525
2023-07-18,65.83,65.83,63.91,64.2,51868
2023-07-19,64.28,64.38,62.77,63.01,60698
2023-07-20,63.35,63.72,62.53,62.59,53371
2023-07-21,62.5,62.8,61.89,62.4,35529
2023-07-24,62.03,62.38,61.13,61.22,57475
2023-07-25,61.64,62.05,60.91,61.7,72127
2023-07-26,61.62,62.28,61.2,61.9,56388
2023-07-27,62.17,62.26,59.78,59.98,87595
2023-07-28,59.86,60.98,59.42,60.59,56676
2023-07-31,60.9,61.75,60.4,60.68,51038
2023-08-01,60.68,61.1,59.7,60.3,60304
2023-08-02,60.8,60.88,59.95,60.1,35424
2023-08-03,60.01,60.85,59.92,60.39,38089
2023-08-04,60.31,60.89,60.25,60.51,39069
2023-08-07,60.7,60.74,59.97,60.02,35386
2023-08-08,60.03,60.45,59.36,59.43,43025
2023-08-09,59.24,59.64,58.91,59.21,27594
2023-08-10,59.21,59.84,59.1,59.25,31982
2023-08-11,59.26,59.59,58.65,58.65,34662
2023-08-14,58.58,58.78,57.8,58.5,33418
2023-08-15,58.31,58.78,56.35,56.5,99168
2023-08-16,56.38,57.03,54.96,55.48,57641
2023-08-17,55.48,55.65,54.7,55.29,43274
2023-08-18,55.59,56.68,54.78,54.87,47655
2023-08-21,54.66,55.33,54.25,54.25,38003
2023-08-22,54.88,54.99,52.53,53.9,84996
2023-08-23,54.1,54.81,53.43,53.45,57314
2023-08-24,53.75,55.1,53.44,54.57,55744
2023-08-25,54.37,55.55,54.25,54.65,56153
2023-08-28,57.69,58.06,52.9,53.31,109581
2023-08-29,52.91,55.03,52.9,54.9,74991
2023-08-30,55.14,57.13,54.9,56.15,79296
2023-08-31,56.08,56.09,55.0,55.23,49355
2023-09-01,55.38,55.87,54.28,54.7,54394
2023-09-04,54.86,54.9,53.66,54.15,69226
2023-09-05,54.37,55.23,54.15,54.55,53143
2023-09-06,54.21,54.49,53.62,53.91,43637
2023-09-07,53.9,53.9,52.35,52.39,44704
2023-09-08,52.11,52.65,51.27,51.52,54633
2023-09-11,51.62,52.65,51.25,52.01,74908
2023-09-12,52.12,52.37,51.5,51.98,34984
2023-09-13,51.76,52.1,50.9,51.2,58750
2023-09-14,51.08,51.29,50.13,50.42,66821
2023-09-15,50.65,50.77,49.6,49.9,65273
2023-09-18,49.9,50.45,49.38,50.22,44575
2023-09-19,50.02,50.26,49.26,49.46,51417
2023-09-20,49.63,49.63,48.7,48.7,50773
2023-09-21,48.78,48.8,47.51,47.61,73696
2023-09-22,47.4,47.88,46.82,47.79,73943
2023-09-25,47.9,47.9,46.82,47.4,62141
2023-09-26,47.4,47.65,46.58,46.64,51815
2023-09-27,46.63,48.4,46.43,47.55,83628
2023-09-28,47.55,47.82,46.56,46.61,73967
2023-10-09,46.6,47.44,46.03,47.11,60796
2023-10-10,47.27,47.54,46.35,46.35,49420
2023-10-11,46.77,47.07,45.91,46.06,59576
2023-10-12,46.1,46.7,45.62,46.49,60186
2023-10-13,46.12,46.21,45.1,45.32,53671
2023-10-16,45.12,45.28,44.05,44.29,64588
2023-10-17,44.46,44.52,43.78,44.13,44837
2023-10-18,43.92,44.16,43.25,43.32,46535
2023-10-19,43.33,43.5,42.8,42.88,60586
2023-10-20,42.56,43.51,42.4,42.62,64555
2023-10-23,42.62,42.62,41.14,41.3,67903
2023-10-24,41.3,42.0,41.01,41.71,67183
2023-10-25,41.72,42.18,40.87,40.96,81426
2023-10-26,40.93,41.17,39.63,40.35,112143
2023-10-27,40.4,43.22,40.35,42.16,192066
2023-10-30,42.16,43.21,41.56,42.84,142512
2023-10-31,42.7,43.05,41.97,42.39,67553
2023-11-01,42.41,42.45,41.56,41.65,56771
2023-11-02,41.78,41.88,40.36,40.43,78974
2023-11-03,40.48,41.98,40.44,41.75,107612
2023-11-06,42.3,45.1,41.99,44.35,184730
2023-11-07,44.31,46.28,43.91,45.72,200797
2023-11-08,45.41,46.35,45.3,45.64,131556
2023-11-09,45.7,46.61,45.33,45.85,107599
2023-11-10,45.5,46.3,45.16,45.29,81590
2023-11-13,45.47,45.85,44.79,45.21,85113
2023-11-14,45.33,45.78,44.67,44.81,84728
2023-11-15,45.5,45.87,45.09,45.24,94248
2023-11-16,45.11,45.19,44.05,44.1,64997
2023-11-17,43.9,44.27,43.61,43.89,50219
2023-11-20,43.89,44.22,43.04,43.88,67597
2023-11-21,44.19,44.58,42.85,43.03,92071
2023-11-22,42.69,43.06,41.8,41.8,89764
2023-11-23,41.9,42.69,41.59,42.1,61020
2023-11-24,41.94,42.07,41.31,41.5,59387
2023-11-27,41.18,41.4,40.3,40.57,91757
2023-11-28,40.57,41.05,40.18,40.56,62467
2023-11-29,40.33,43.05,39.9,42.33,195671
2023-11-30,41.88,42.58,41.22,42.07,111209
2023-12-01,42.1,43.1,41.22,41.66,111224
2023-12-04,41.46,41.65,40.66,40.73,83386
2023-12-05,40.76,41.27,39.8,39.8,77888
2023-12-06,39.69,40.68,39.6,39.88,84047
2023-12-07,39.64,39.86,38.5,38.55,140605
2023-12-08,38.89,39.22,38.11,39.16,227135
2023-12-11,38.89,40.98,37.81,40.91,166382
2023-12-12,40.67,41.05,39.73,40.06,97475
2023-12-13,40.05,40.28,39.17,39.24,64900
2023-12-14,39.5,40.1,39.05,39.1,51978
2023-12-15,39.49,40.91,39.32,40.05,117480
2023-12-18,39.69,40.18,39.19,39.34,73117
2023-12-19,39.42,40.55,39.31,39.61,87298
2023-12-20,39.6,39.72,38.7,38.82,70634
2023-12-21,38.74,40.86,38.41,40.25,126512
2023-12-22,40.28,41.35,39.65,40.64,124604
2023-12-25,40.5,40.79,39.8,40.53,90563
2023-12-26,40.47,40.49,39.02,39.33,87210
2023-12-27,39.51,39.8,38.9,39.36,70293
2023-12-28,39.24,43.87,39.21,43.55,242200
2023-12-29,43.55,43.55,42.65,42.99,126994
2024-01-02,42.9,43.02,41.59,41.61,100359
2024-01-03,41.48,42.1,41.26,41.57,85229
2024-01-04,41.52,41.53,39.82,39.96,100224
2024-01-05,39.77,40.56,38.48,38.51,113542
2024-01-08,38.4,38.99,37.44,37.55,105100
2024-01-09,37.28,39.58,36.31,37.95,152762
2024-01-10,37.78,39.8,37.4,38.74,128624
2024-01-11,38.61,39.54,38.31,38.68,126255
2024-01-12,38.58,39.68,37.65,38.61,135881
2024-01-15,38.16,38.5,37.27,38.05,83637
2024-01-16,38.0,39.4,37.52,38.7,99849
2024-01-17,38.6,38.6,37.23,37.23,85698
2024-01-18,36.98,38.6,36.81,38.53,154738
2024-01-19,39.22,39.95,38.1,38.24,144248
2024-01-22,38.14,38.59,36.86,37.13,137121
2024-01-23,37.0,38.52,36.51,37.78,129767
2024-01-24,37.65,37.87,35.18,36.28,228834
2024-01-25,35.91,37.37,35.25,37.28,152083
2024-01-26,37.07,37.35,35.73,35.88,129124
2024-01-29,35.7,35.7,34.0,34.01,136606
2024-01-30,33.88,34.18,32.54,32.54,126992
2024-01-31,32.43,32.85,31.62,31.64,143052
2024-02-01,31.27,33.17,31.27,32.42,126632
2024-02-02,32.29,32.67,29.76,30.65,182366
2024-02-05,30.31,31.12,28.4,30.05,173054
2024-02-06,29.87,32.26,29.71,32.14,170711
2024-02-07,32.14,32.95,31.6,32.26,194398
2024-02-08,32.33,33.33,31.55,33.19,229377
2024-02-19,33.68,33.68,32.53,32.98,148334
2024-02-20,32.71,33.2,32.39,33.02,102644
2024-02-21,32.89,34.26,32.45,33.49,147313
2024-02-22,33.44,34.17,33.3,33.61,121174
2024-02-23,33.69,34.18,33.35,34.12,123354
2024-02-26,34.35,35.08,33.6,34.25,165014
2024-02-27,34.0,35.4,33.8,35.4,141713
2024-02-28,35.28,37.27,34.6,34.6,239439
2024-02-29,34.3,35.95,34.02,35.9,161665
2024-03-01,35.9,36.46,35.57,35.82,140200
2024-03-04,35.8,36.77,35.61,35.93,144445
2024-03-05,35.66,35.68,34.92,35.26,118221
2024-03-06,35.04,36.88,35.0,36.03,157792
2024-03-07,36.55,36.55,34.9,34.91,120849
2024-03-08,34.86,36.12,34.85,35.72,128118
2024-03-11,36.52,38.01,36.12,37.95,274713
2024-03-12,38.08,39.11,37.7,37.9,219419
2024-03-13,37.7,38.1,37.32,37.58,120280
2024-03-14,37.42,38.17,36.75,37.21,127537
2024-03-15,36.93,37.39,35.88,36.65,145384
2024-03-18,36.58,37.82,36.36,37.6,163511
2024-03-19,37.45,38.02,36.8,36.81,117872
2024-03-20,36.59,37.38,36.42,36.62,99519
2024-03-21,36.88,37.35,35.75,35.98,143017
2024-03-22,35.72,35.94,34.5,34.5,151401
2024-03-25,34.4,34.83,33.7,33.72,114625
2024-03-26,33.67,34.69,33.63,34.33,101312
2024-03-27,34.26,34.66,33.18,33.18,81850
2024-03-28,33.11,34.05,33.11,33.42,82651
2024-03-29,33.3,33.64,32.7,33.17,96058
2024-04-01,33.31,34.3,33.23,34.06,112444
2024-04-02,34.11,34.14,33.43,33.85,94041
2024-04-03,33.84,33.92,33.38,33.4,70450
2024-04-08,33.28,33.28,31.62,31.73,150938
2024-04-09,31.72,32.63,31.61,32.42,77053
2024-04-10,32.68,32.68,31.41,31.66,75484
2024-04-11,31.45,31.92,31.14,31.35,79740
2024-04-12,31.35,31.52,30.45,30.48,111413
2024-04-15,30.6,31.79,30.56,31.22,143917
2024-04-16,31.3,32.06,30.72,30.84,167923
2024-04-17,30.92,31.6,30.9,31.57,142811
2024-04-18,31.35,31.43,30.44,30.91,136229
2024-04-19,30.64,30.7,29.88,29.99,132318
2024-04-22,29.85,30.67,29.62,29.88,95211
2024-04-23,29.85,30.27,28.96,29.26,115211
2024-04-24,29.35,29.38,28.66,28.87,99505
2024-04-25,28.89,29.33,28.35,28.85,108049
2024-04-26,29.7,33.63,29.7,32.6,414149
2024-04-29,32.89,34.38,32.53,33.87,328477
2024-04-30,33.41,33.8,32.77,32.82,190162
2024-05-06,33.49,33.6,32.86,33.1,206445
2024-05-07,33.11,33.41,32.73,32.8,144214
2024-05-08,32.68,32.7,31.69,31.94,149328
2024-05-09,31.94,33.36,31.94,32.75,223348
2024-05-10,32.7,32.7,31.51,31.69,182479
2024-05-13,31.38,31.77,30.69,31.41,149317
2024-05-14,31.55,31.68,30.95,31.25,119686
2024-05-15,31.25,32.18,31.25,31.41,177790
2024-05-16,31.66,33.44,31.32,32.53,300057
2024-05-17,32.16,32.3,31.31,32.05,196389
2024-05-20,32.1,32.41,31.78,32.13,146408
2024-05-21,31.92,31.97,31.54,31.73,107039
2024-05-22,31.92,34.8,31.92,34.0,428983
2024-05-23,33.61,34.3,32.68,32.91,272113
2024-05-24,33.01,34.8,33.0,33.13,312875
2024-05-27,33.39,33.5,31.26,32.0,268558
2024-05-28,31.8,32.59,31.47,31.49,165656
2024-05-29,31.48,33.79,31.48,32.39,316322
2024-05-30,32.85,32.95,31.72,31.98,191757
2024-05-31,32.11,32.16,31.6,31.69,151334
2024-06-03,31.6,31.61,30.9,31.45,132501
2024-06-04,31.38,31.95,31.09,31.95,140728
2024-06-05,31.79,32.05,31.08,31.18,139968
2024-06-06,31.25,31.73,30.57,30.75,167864
2024-06-07,30.84,30.95,30.32,30.82,125429
2024-06-11,30.58,31.08,30.11,31.02,105501
2024-06-12,31.0,31.98,30.82,31.73,163676
2024-06-13,31.73,33.77,31.48,33.25,389422
2024-06-14,32.95,33.3,32.38,33.23,202674
2024-06-17,32.96,33.71,32.75,33.27,169796
2024-06-18,33.19,33.51,33.02,33.42,208067
2024-06-19,33.39,33.4,32.26,32.34,159246
2024-06-20,32.11,32.47,30.68,30.69,207421
2024-06-21,31.0,31.15,30.26,30.5,128454
2024-06-24,30.2,30.49,29.52,29.55,126155
2024-06-25,29.66,29.72,28.36,28.8,160831
2024-06-26,28.8,29.45,28.23,29.38,119247
2024-06-27,29.1,29.21,28.24,28.33,122365
2024-06-28,28.43,28.81,28.29,28.33,93518
2024-07-01,28.08,28.33,27.01,28.16,158286
2024-07-02,27.92,27.92,27.13,27.13,119967
2024-07-03,27.23,27.85,27.01,27.53,97054
2024-07-04,27.35,27.73,27.23,27.6,115637
2024-07-05,27.49,29.89,27.42,29.23,241136
2024-07-08,29.0,29.17,28.07,28.22,119548
2024-07-09,28.34,29.09,27.8,28.65,177242
2024-07-10,28.3,28.82,27.38,28.27,129285
2024-07-11,28.85,29.67,28.65,29.03,149360
2024-07-12,28.9,29.5,28.73,29.07,131526
2024-07-15,28.92,28.92,28.24,28.63,88821
2024-07-16,28.51,29.05,28.43,28.94,95793
2024-07-17,29.49,30.03,29.12,29.15,146842
2024-07-18,28.91,29.77,28.45,29.73,144809
2024-07-19,29.45,30.18,29.45,30.07,124533
2024-07-22,29.97,30.3,29.47,29.68,104272
2024-07-23,29.69,29.74,28.52,28.52,100365
2024-07-24,28.42,28.85,28.04,28.18,71469
2024-07-25,28.0,29.26,27.98,28.8,111767
2024-07-26,28.7,29.08,28.62,29.0,82226
2024-07-29,28.93,29.0,27.87,27.93,103951
2024-07-30,27.99,28.33,27.68,27.85,65495
2024-07-31,27.84,29.52,27.61,29.48,145478
2024-08-01,29.32,29.75,29.06,29.1,84120
2024-08-02,29.05,29.29,28.3,28.43,90687
2024-08-05,28.29,28.94,27.31,27.31,129916
2024-08-06,27.65,28.66,27.65,28.29,110056
2024-08-07,28.23,28.65,28.07,28.32,66217
2024-08-08,28.3,28.56,27.78,28.03,61535
2024-08-09,28.29,28.43,27.42,27.43,96884
2024-08-12,27.84,28.19,27.16,27.37,76445
2024-08-13,27.2,27.33,26.38,26.8,117867
2024-08-14,26.75,27.03,26.39,26.39,73344
2024-08-15,26.39,26.85,26.02,26.44,86585
2024-08-16,26.53,26.67,26.32,26.46,50937
2024-08-19,26.3,26.46,25.75,25.79,86550
2024-08-20,25.85,25.91,25.16,25.31,77152
2024-08-21,24.97,24.97,23.88,23.93,187155
2024-08-22,23.92,24.28,22.92,22.97,165706
2024-08-23,22.89,23.1,22.6,22.75,112255
2024-08-26,22.75,23.37,22.71,22.87,102865
2024-08-27,22.9,23.05,22.45,22.48,111675
2024-08-28,22.48,22.59,22.2,22.27,91911
2024-08-29,22.14,23.35,21.97,22.96,167242
2024-08-30,22.86,23.76,22.58,23.28,205461
2024-09-02,23.17,23.5,22.1,22.11,161951
2024-09-03,22.05,22.64,21.91,22.4,123323
2024-09-04,22.16,22.99,22.11,22.6,119243
2024-09-05,22.54,23.15,22.48,22.86,93490
2024-09-06,22.79,22.83,22.21,22.27,78394
2024-09-09,22.16,22.42,21.92,22.07,71246
2024-09-10,22.06,22.2,21.67,22.07,82569
2024-09-11,21.96,22.51,21.84,22.32,84972
2024-09-12,22.37,23.06,22.12,22.13,117118
2024-09-13,22.18,22.24,21.57,21.57,88973
2024-09-18,21.48,21.69,21.26,21.52,63815
2024-09-19,21.8,22.24,21.42,21.75,96170
2024-09-20,21.8,21.82,21.06,21.24,104549
2024-09-23,21.24,21.48,20.99,21.0,78778
2024-09-24,21.2,22.55,21.05,22.54,219538
2024-09-25,22.79,23.5,22.79,22.88,214928
2024-09-26,22.88,24.09,22.68,24.09,217066
2024-09-27,24.48,27.08,24.47,26.59,424770
2024-09-30,28.43,31.99,27.48,31.99,631891
2024-10-08,38.47,38.47,35.86,38.47,787027
2024-10-09,37.6,42.4,36.32,38.4,958366
2024-10-10,38.76,39.15,35.09,36.37,521593
2024-10-11,35.59,36.27,32.07,32.6,486745
2024-10-14,32.7,33.71,31.55,33.53,360538
2024-10-15,33.1,34.3,32.72,32.98,304760
2024-10-16,32.11,33.4,32.08,32.35,196140
2024-10-17,32.78,32.88,31.5,31.51,206926
2024-10-18,31.48,35.86,31.2,34.31,471951
2024-10-21,34.66,37.95,34.66,36.28,554306
2024-10-22,36.11,37.06,35.31,36.68,352436
2024-10-23,36.69,38.4,35.79,37.39,485494
2024-10-24,36.6,36.78,35.28,35.3,321222
2024-10-25,34.6,37.8,34.6,36.75,503803
2024-10-28,36.5,36.5,35.35,36.01,293477
2024-10-29,36.24,37.18,34.62,34.63,323442
2024-10-30,34.4,35.25,34.12,34.51,200568
2024-10-31,34.95,36.12,34.57,35.6,335045
2024-11-01,35.2,35.31,33.51,33.58,302877
2024-11-04,33.7,34.2,33.45,33.9,153654
2024-11-05,34.17,35.52,33.66,35.18,288789
2024-11-06,35.2,36.7,34.9,35.25,336729
2024-11-07,34.1,35.74,33.85,35.6,277270
2024-11-08,36.06,36.89,35.68,36.1,389911
2024-11-11,36.6,39.59,36.48,39.59,603996
2024-11-12,40.18,40.18,37.4,37.9,454402
2024-11-13,37.6,41.35,37.5,40.23,571036
2024-11-14,40.07,40.85,38.6,38.79,345295
2024-11-15,39.2,39.5,36.38,36.48,321589
2024-11-18,36.2,36.48,34.16,34.51,269591
2024-11-19,34.63,35.73,34.16,35.71,200467
2024-11-20,35.48,35.83,34.88,35.48,179813
2024-11-21,35.9,36.55,35.13,35.48,192727
2024-11-22,35.1,35.41,33.63,33.7,217445
2024-11-25,33.6,33.92,32.88,33.53,139687
2024-11-26,33.56,34.23,33.12,33.21,98486
2024-11-27,33.15,34.48,32.82,34.4,134880
2024-11-28,34.39,34.65,33.64,33.68,114306
2024-11-29,33.6,34.96,33.4,34.43,159422
2024-12-02,34.1,34.93,33.22,34.64,172979
2024-12-03,34.68,35.16,34.39,35.01,150439
2024-12-04,35.45,35.78,34.3,34.4,162817
2024-12-05,33.91,34.55,33.91,34.3,99795
2024-12-06,34.3,34.82,33.77,34.37,136487
2024-12-09,34.3,34.45,33.61,33.78,111231
2024-12-10,35.08,35.28,33.92,33.96,173481
2024-12-11,33.77,34.04,33.26,33.39,148739
2024-12-12,33.5,33.74,32.93,33.69,148859
2024-12-13,33.38,33.4,32.35,32.4,185511
2024-12-16,32.38,32.59,31.73,31.98,105427
2024-12-17,31.9,32.36,31.78,31.78,88305
2024-12-18,31.97,32.11,31.76,31.83,76829
2024-12-19,31.47,32.03,31.33,32.03,99147
2024-12-20,31.9,32.65,31.7,32.17,110646
2024-12-23,32.13,34.24,31.93,33.67,316069
2024-12-24,33.3,34.06,33.02,33.78,197513
2024-12-25,33.7,33.76,32.51,32.62,155080
2024-12-26,32.48,33.28,32.48,32.82,113348
2024-12-27,32.65,33.65,32.55,33.04,161436
2024-12-30,32.92,33.26,32.48,32.68,108408
2024-12-31,32.68,32.95,31.49,31.5,143943
2025-01-02,31.4,31.47,29.59,29.9,160799
2025-01-03,29.89,30.16,28.9,28.99,121905
2025-01-06,28.7,29.24,28.39,28.67,109871
2025-01-07,28.6,29.05,28.4,29.02,83542
2025-01-08,28.8,28.88,27.75,28.53,115084
2025-01-09,28.39,28.98,28.3,28.38,83585
2025-01-10,28.33,28.57,27.38,27.38,108552
2025-01-13,27.11,28.55,27.04,28.09,113028
2025-01-14,28.11,29.2,27.9,29.15,134259
2025-01-15,29.11,29.7,28.76,29.25,124128
2025-01-16,29.32,30.05,28.99,29.96,161906
2025-01-17,29.72,32.23,29.56,31.42,268148
2025-01-20,31.48,31.74,31.11,31.31,138191
2025-01-21,31.43,31.78,30.56,31.52,124559
2025-01-22,31.31,31.62,30.74,30.84,88618
2025-01-23,31.25,31.45,30.43,30.43,120028
2025-01-24,30.46,30.78,30.25,30.62,101743
2025-01-27,30.66,30.84,30.17,30.2,84448
2025-02-05,30.21,30.58,29.95,30.14,69475
2025-02-06,30.2,31.74,29.87,31.5,152751
2025-02-07,31.59,32.39,31.4,31.86,190062
2025-02-10,32.02,32.05,31.19,31.68,121487
2025-02-11,31.55,31.68,31.0,31.13,91758
2025-02-12,31.1,31.67,30.93,31.58,117649
2025-02-13,31.59,31.81,30.86,30.86,107599
2025-02-14,30.84,31.22,30.62,30.91,98662
2025-02-17,30.85,30.99,30.52,30.75,118788
2025-02-18,30.7,31.5,30.26,30.26,158668
2025-02-19,30.2,31.31,30.2,31.08,141295
2025-02-20,30.95,31.04,30.45,30.99,120448
2025-02-21,30.93,31.53,30.73,31.32,176873
2025-02-24,31.32,32.9,31.08,32.23,268178
2025-02-25,32.05,32.55,31.81,32.18,182081
2025-02-26,32.26,33.8,31.92,33.49,324181
2025-02-27,33.5,33.99,32.52,33.07,257449
2025-02-28,33.58,34.75,32.65,32.66,373951
2025-03-03,32.95,33.8,32.23,32.38,246033
2025-03-04,32.28,32.87,32.12,32.68,154760
2025-03-05,32.67,32.69,31.62,32.1,148669
2025-03-06,32.25,33.72,32.11,33.24,233460
2025-03-07,33.11,33.48,32.32,32.83,173645
2025-03-10,33.02,33.3,32.65,33.29,138273
2025-03-11,32.9,33.23,32.51,33.21,129806
2025-03-12,33.3,34.6,33.3,34.0,249984
2025-03-13,34.01,34.17,32.67,32.95,152174
2025-03-14,32.94,33.62,32.67,33.45,130006
2025-03-17,33.45,35.07,33.42,35.05,325527
2025-03-18,34.9,35.04,34.47,34.52,167663
2025-03-19,34.7,34.81,33.92,34.21,144163
2025-03-20,34.26,34.3,33.9,34.0,97581
2025-03-21,33.95,34.47,33.16,33.32,131381
2025-03-24,33.32,33.6,32.43,32.94,111628
2025-03-25,32.95,33.39,32.64,32.84,83265
2025-03-26,33.26,33.56,32.8,33.12,91285
2025-03-27,32.93,32.96,31.98,32.57,104732
2025-03-28,32.57,33.05,32.2,32.2,75380
2025-03-31,32.0,32.07,31.15,31.58,85925
2025-04-01,31.65,32.46,31.62,31.9,68930
2025-04-02,31.96,32.21,31.71,31.77,52286
2025-04-03,31.54,31.88,31.23,31.24,72754
2025-04-07,29.3,29.6,26.1,27.4,220209
2025-04-08,27.96,28.55,27.11,27.52,143711
2025-04-09,27.16,28.35,26.52,27.89,136203
2025-04-10,28.6,29.1,28.27,28.35,117759
2025-04-11,28.12,30.44,28.1,29.47,157564
2025-04-14,29.74,29.84,29.2,29.24,92138
2025-04-15,29.2,29.2,28.72,28.97,55861
2025-04-16,28.83,29.0,28.05,28.46,70144
2025-04-17,28.17,28.62,28.1,28.12,54470
2025-04-18,28.1,28.25,27.87,28.18,41545
2025-04-21,26.78,28.07,26.4,28.03,137778
2025-04-22,27.88,28.69,27.7,28.4,82528
2025-04-23,28.4,28.8,27.9,28.05,77778
2025-04-24,28.1,28.28,27.35,27.49,61791
2025-04-25,27.6,27.64,27.26,27.29,56254
2025-04-28,27.4,27.44,26.86,26.9,47504
2025-04-29,26.78,27.32,26.68,27.08,68739
2025-04-30,27.0,27.38,27.0,27.02,54720
2025-05-06,27.2,28.1,27.15,28.09,84338
2025-05-07,28.48,28.76,27.78,27.96,77128
2025-05-08,27.89,28.57,27.88,28.57,86961
2025-05-09,28.51,28.53,27.89,28.02,60466
2025-05-12,28.35,28.56,28.2,28.45,76439
2025-05-13,28.89,29.27,28.46,28.5,120377
2025-05-14,28.51,28.7,28.0,28.35,78144
2025-05-15,28.23,28.26,27.61,27.64,62732
2025-05-16,27.64,27.79,27.41,27.49,65154
2025-05-19,27.39,27.62,27.11,27.5,48381
2025-05-20,27.59,27.75,27.4,27.68,46087
2025-05-21,27.8,28.75,27.77,27.95,100522
2025-05-22,28.2,28.89,28.2,28.4,127199
2025-05-23,28.29,28.42,27.69,27.72,88432
2025-05-26,27.83,27.89,27.44,27.66,48792
2025-05-27,27.65,27.82,27.43,27.48,44203
2025-05-28,27.5,27.67,26.6,26.96,70421
2025-05-29,26.89,27.39,26.89,27.31,45196
2025-05-30,27.31,27.35,26.96,26.96,41621
2025-06-03,26.8,27.03,26.78,26.92,36959
2025-06-04,27.08,27.25,26.95,27.15,34192
2025-06-05,27.16,27.4,26.97,27.34,50996
2025-06-06,27.32,27.4,27.16,27.21,36997
2025-06-09,27.23,27.49,27.18,27.49,51820
2025-06-10,27.4,27.46,26.81,26.95,69924
2025-06-11,26.94,27.35,26.94,27.18,49046
2025-06-12,27.18,27.2,26.92,26.96,46466
2025-06-13,26.87,27.08,26.6,26.66,57849
2025-06-16,26.59,26.69,26.3,26.41,67859
2025-06-17,26.43,26.55,26.33,26.51,46867
2025-06-18,26.7,26.71,26.35,26.49,44479
2025-06-19,26.4,26.54,25.8,25.82,76594
2025-06-20,25.87,26.43,25.87,25.99,66078
2025-06-23,25.82,26.18,25.68,26.13,56916
2025-06-24,26.2,26.65,26.15,26.6,84142
2025-06-25,26.55,26.94,26.43,26.94,94950
2025-06-26,26.91,27.07,26.56,26.57,87022
2025-06-27,26.66,27.13,26.66,26.95,100115
2025-06-30,27.09,27.42,27.0,27.15,91428
2025-07-01,27.08,27.19,26.88,27.12,62544
2025-07-02,27.12,27.5,26.91,27.45,144174
2025-07-03,27.28,27.44,27.05,27.2,87981
2025-07-04,27.39,27.47,26.9,26.95,81891
2025-07-07,26.88,27.01,26.71,26.76,49708
2025-07-08,26.76,28.2,26.73,28.07,239212
2025-07-09,28.06,28.38,27.77,27.84,105923
2025-07-10,27.85,28.4,27.82,28.23,153769
2025-07-11,28.3,28.31,28.0,28.1,96335
2025-07-14,28.03,28.1,27.8,27.84,71219
2025-07-15,27.8,27.94,27.22,27.41,103757
2025-07-16,27.41,27.63,27.28,27.48,72144
2025-07-17,27.65,27.75,27.35,27.6,85437
2025-07-18,27.55,28.05,27.49,27.7,90729
2025-07-21,27.77,28.17,27.63,28.11,102385
2025-07-22,28.15,28.49,27.99,28.49,130276
2025-07-23,28.58,28.86,28.1,28.16,124044
2025-07-24,28.05,28.91,28.05,28.85,140708
2025-07-25,28.84,28.9,28.52,28.7,83964
2025-07-28,28.6,28.73,28.4,28.45,85907
2025-07-29,28.47,29.7,28.27,29.21,192884
2025-07-30,29.17,29.22,28.5,28.72,110474
2025-07-31,28.65,28.83,27.8,27.88,144414
2025-08-01,28.08,29.3,28.08,28.47,205390
2025-08-04,28.3,28.3,27.77,28.03,124876
2025-08-05,28.12,28.24,27.98,28.17,72779
2025-08-06,28.16,28.58,27.99,28.57,111025
2025-08-07,28.57,28.57,28.07,28.25,101987
2025-08-08,28.17,28.53,28.07,28.1,110733
2025-08-11,28.1,28.87,28.01,28.75,155520
2025-08-12,28.66,28.81,28.37,28.75,114461
2025-08-13,28.7,29.2,28.52,28.88,145912
2025-08-14,28.89,29.05,28.27,28.34,152629
2025-08-15,28.32,29.29,28.32,29.2,202872
2025-08-18,29.63,29.97,29.22,29.68,223795
2025-08-19,29.79,30.2,29.51,29.71,185853
2025-08-20,29.71,30.36,29.51,30.35,210072
2025-08-21,30.23,30.49,29.9,30.09,168312
2025-08-22,29.92,30.56,29.91,30.47,192981
2025-08-25,30.17,30.56,29.56,29.95,370223
2025-08-26,29.79,30.35,29.58,29.8,192917
2025-08-27,29.82,30.5,29.3,29.32,269169
2025-08-28,29.2,30.89,29.2,30.68,343360
2025-08-29,30.57,30.65,30.04,30.17,197132
2025-09-01,30.24,30.65,29.93,30.46,186910
2025-09-02,30.5,31.48,30.15,30.34,380062
2025-09-03,30.34,30.86,29.68,29.94,239420
2025-09-04,29.94,31.15,29.2,29.6,324701
2025-09-05,29.55,35.5,29.55,35.0,885861
2025-09-08,35.97,35.98,34.15,34.69,725451
2025-09-09,34.25,34.94,33.18,33.26,452626
2025-09-10,33.61,34.91,33.03,34.55,503922
2025-09-11,34.21,36.01,33.83,35.92,520639
2025-09-12,36.58,37.73,34.94,35.09,601320
2025-09-15,36.01,40.69,35.33,38.07,696109
2025-09-16,38.0,39.68,37.81,38.95,536494
2025-09-17,38.49,39.38,37.57,38.51,423095
2025-09-18,38.33,39.29,36.53,37.82,502053
2025-09-19,38.5,39.86,38.5,38.62,486947
2025-09-22,38.63,39.65,37.41,39.49,433645
2025-09-23,39.5,39.5,37.51,38.09,361041
2025-09-24,37.8,39.0,36.85,38.48,389252
2025-09-25,38.7,41.26,38.49,39.85,493436
2025-09-26,39.51,45.95,39.18,44.95,725312
2025-09-29,44.33,48.88,44.02,45.03,779150
2025-09-30,45.74,46.95,44.98,45.51,545259
2025-10-09,45.2,48.45,44.73,47.56,564115
2025-10-10,46.02,46.58,42.51,42.53,570742
2025-10-13,41.0,43.8,40.77,43.33,344202
2025-10-14,43.5,45.42,41.97,43.44,476263
2025-10-15,42.74,43.31,41.2,42.15,353012
2025-10-16,42.09,42.35,40.67,40.82,313752
2025-10-17,40.78,40.78,37.71,37.71,459125
2025-10-20,38.5,39.36,38.25,39.05,312919
2025-10-21,39.06,41.59,39.05,41.18,400446
2025-10-22,40.43,41.41,40.39,40.92,200219
2025-10-23,40.75,41.47,39.72,40.38,222191
2025-10-24,40.6,42.43,40.6,42.08,274929
2025-10-27,42.08,42.38,39.3,40.15,430507
2025-10-28,40.0,40.35,39.13,39.37,221173
2025-10-29,39.37,40.99,39.28,40.83,257473
2025-10-30,40.71,40.97,39.5,39.58,204490
2025-10-31,39.45,40.44,38.98,39.0,173979
2025-11-03,39.0,39.8,37.9,39.35,193428
2025-11-04,39.22,39.51,37.91,38.18,148056
2025-11-05,37.59,39.76,37.51,39.4,186658
2025-11-06,39.45,39.92,38.78,39.42,140616
2025-11-07,39.0,40.5,38.52,39.8,255588
2025-11-10,40.03,43.2,40.03,41.15,402791
2025-11-11,41.18,42.26,41.03,41.77,318212
2025-11-12,41.5,41.7,38.63,38.75,291766
2025-11-13,39.52,40.35,38.88,38.93,194953
2025-11-14,38.8,41.28,38.15,39.55,246271
2025-11-17,39.54,39.68,38.22,38.35,150095
2025-11-18,38.22,38.65,36.55,36.83,263599
2025-11-19,36.85,37.3,35.4,35.6,230717
2025-11-20,35.98,36.08,34.92,35.4,177472
2025-11-21,35.01,35.4,33.96,34.09,156489
2025-11-24,34.48,34.88,33.8,34.43,135266
2025-11-25,34.6,35.15,34.45,34.59,130485
2025-11-26,34.48,36.98,34.2,36.09,293691
2025-11-27,36.15,37.03,35.46,35.53,218565
2025-11-28,35.41,37.76,35.28,36.51,258983
2025-12-01,36.2,36.94,35.67,36.24,162829
2025-12-02,35.88,36.61,35.7,35.95,107836
2025-12-03,35.9,36.39,35.36,35.47,129984
2025-12-04,35.33,35.8,34.92,35.57,99842
2025-12-05,35.58,35.68,35.05,35.35,105028
2025-12-08,35.55,36.88,35.53,36.53,179608
2025-12-09,36.28,36.36,35.74,36.29,120913
2025-12-10,36.37,37.05,35.85,36.77,188756
2025-12-11,36.77,37.19,35.85,35.85,133453
2025-12-12,35.98,36.4,35.05,36.02,157659
2025-12-15,35.89,36.49,34.63,34.77,153210
2025-12-16,34.66,34.77,33.26,33.55,151930
2025-12-17,33.76,34.28,33.25,34.17,126079
2025-12-18,34.0,34.68,33.81,34.08,108227
2025-12-19,34.04,35.25,34.04,34.68,137120
2025-12-22,34.98,38.1,34.51,37.33,327128
2025-12-23,37.2,39.09,37.09,38.08,302822
2025-12-24,38.27,40.45,38.1,39.43,344159
2025-12-25,39.33,39.67,38.26,38.82,220860
2025-12-26,39.09,39.2,38.08,38.34,206680
2025-12-29,38.22,38.67,37.81,37.97,148765
2025-12-30,37.66,37.97,37.3,37.54,126294
2025-12-31,37.75,37.85,36.61,36.75,152129
