date,open,high,low,close,volume
2015-01-05,9.6,9.89,9.14,9.64,13174
2015-01-06,9.64,10.56,9.46,10.55,24905
2015-01-07,10.61,10.63,10.15,10.46,10189
2015-01-08,10.32,10.87,10.29,10.48,18124
2015-01-09,10.29,10.44,9.87,9.9,17763
2015-01-12,9.84,9.84,9.53,9.57,18200
2015-01-13,9.33,10.22,9.3,10.22,16382
2015-01-14,10.13,10.73,10.06,10.34,13669
2015-01-15,10.11,10.51,10.11,10.32,11135
2015-01-16,10.32,10.79,10.25,10.76,10153
2015-01-19,10.8,11.65,10.32,11.55,40249
2015-01-20,11.54,11.77,11.35,11.7,20889
2015-01-21,11.7,11.99,11.49,11.72,19523
2015-01-22,11.58,12.61,11.17,12.06,33337
2015-01-23,11.91,11.91,11.42,11.44,13926
2015-01-26,11.55,11.65,11.32,11.52,10187
2015-01-27,11.48,11.58,11.26,11.47,14623
2015-01-28,11.47,11.91,11.24,11.31,21389
2015-01-29,11.31,11.37,10.99,11.17,13598
2015-01-30,11.24,11.37,10.97,11.15,6840
2015-02-02,11.01,11.81,11.01,11.81,14787
2015-02-03,11.85,12.13,11.62,11.82,11601
2015-02-04,11.82,12.12,11.65,12.09,13182
2015-02-05,12.1,12.28,11.57,11.58,13502
2015-02-06,11.48,11.58,10.98,11.08,7487
2015-02-09,10.97,11.19,10.58,10.61,8306
2015-02-10,10.46,10.86,10.29,10.52,8038
2015-02-11,10.61,10.62,10.46,10.55,7396
2015-02-12,10.56,10.93,10.54,10.93,7180
2015-02-13,10.93,11.2,10.76,11.2,18583
2015-02-16,11.2,11.51,11.02,11.4,10295
2015-02-17,11.48,11.5,11.18,11.3,6669
2015-02-25,11.32,11.47,11.04,11.22,5677
2015-02-26,11.06,11.28,10.75,10.98,11945
2015-02-27,10.98,11.52,10.98,11.3,14415
2015-03-02,11.3,11.67,11.11,11.66,19530
2015-03-03,11.71,11.78,11.37,11.38,13886
2015-03-04,11.31,11.5,11.31,11.49,13539
2015-03-05,11.55,11.77,11.41,11.65,17133
2015-03-06,11.69,11.76,10.39,10.39,47672
2015-03-09,10.19,10.39,9.95,10.39,25398
2015-03-10,10.33,10.46,10.26,10.36,23547
2015-03-11,10.37,10.63,10.22,10.51,20565
2015-03-12,10.52,10.58,9.93,10.29,20976
2015-03-13,10.29,10.49,10.29,10.46,10742
2015-03-16,10.49,10.8,10.49,10.78,22814
2015-03-17,10.83,11.13,10.76,10.78,31877
2015-03-18,10.78,11.12,10.78,11.12,24153
2015-03-19,11.12,11.41,10.92,11.19,38578
2015-03-20,11.29,11.57,11.19,11.41,51760
2015-03-23,11.54,11.65,11.28,11.44,47878
2015-03-24,11.53,12.64,11.53,12.22,80678
2015-03-25,12.17,12.17,11.69,11.99,41811
2015-03-26,11.85,11.85,11.3,11.71,47558
2015-03-27,11.58,11.65,11.21,11.65,31926
2015-03-30,11.55,11.64,11.28,11.41,25670
2015-03-31,11.42,11.65,11.28,11.54,32000
2015-04-01,11.57,11.83,11.47,11.75,37426
2015-04-02,11.75,11.82,11.54,11.67,35535
2015-04-03,11.54,11.9,11.45,11.89,46416
2015-04-07,11.91,12.4,11.91,12.33,51970
2015-04-08,12.24,12.33,11.64,11.84,42998
2015-04-09,11.74,11.76,10.66,11.48,30584
2015-04-10,11.4,11.94,11.29,11.87,31178
2015-04-13,11.95,12.13,11.74,12.04,36261
2015-04-14,12.04,12.11,11.67,11.76,26043
2015-04-15,11.65,11.72,10.88,11.21,25282
2015-04-16,11.16,11.39,10.63,11.21,18961
2015-04-17,11.24,11.64,11.03,11.37,25117
2015-04-20,11.37,12.06,10.97,11.69,48457
2015-04-21,11.74,12.96,11.69,12.9,95465
2015-04-22,12.61,13.22,12.54,12.82,67631
2015-04-23,12.68,13.01,12.51,12.82,42055
2015-04-24,12.67,13.77,12.46,13.27,54141
2015-04-27,13.59,13.9,13.13,13.28,46314
2015-04-28,13.28,13.32,12.06,12.47,40530
2015-04-29,12.34,13.16,12.27,12.93,26993
2015-04-30,13.02,13.36,12.47,12.5,28559
2015-05-04,12.54,13.05,12.12,12.77,23158
2015-05-05,12.68,12.98,11.57,12.4,27840
2015-05-06,12.34,12.6,12.13,12.4,22559
2015-05-07,12.25,12.85,11.85,12.64,26920
2015-05-08,12.76,13.67,12.76,13.64,39998
2015-05-11,13.69,15.11,13.23,14.88,50280
2015-05-12,14.88,15.04,14.18,14.91,36366
2015-05-13,14.55,15.2,14.06,14.59,28015
2015-05-14,14.51,14.87,13.86,13.98,25048
2015-05-15,13.84,14.49,13.7,13.99,21393
2015-05-18,14.04,15.49,13.93,15.49,33948
2015-05-19,15.65,16.67,14.88,15.96,35418
2015-05-20,15.91,17.39,15.69,16.69,26292
2015-05-21,16.42,17.33,16.42,16.95,21426
2015-05-22,17.6,17.81,16.44,16.78,21878
2015-05-25,16.43,18.29,15.88,17.85,22259
2015-05-26,17.91,19.73,17.91,19.68,37783
2015-05-27,19.82,21.75,19.25,21.24,41896
2015-05-28,20.62,23.41,20.36,20.81,47514
2015-05-29,20.97,22.99,19.46,22.99,51857
2015-06-01,22.8,25.38,22.8,25.38,42213
2015-06-02,25.38,28.02,24.94,28.02,34839
2015-06-03,29.21,30.8,25.91,26.24,69628
2015-06-04,26.49,27.68,24.13,27.02,45202
2015-06-05,26.97,27.91,26.35,27.03,33697
2015-06-08,26.59,26.77,24.23,24.39,32953
2015-06-09,24.4,25.06,23.24,23.85,22888
2015-06-10,24.4,25.38,23.46,24.72,23227
2015-06-11,24.42,24.94,23.91,24.42,20110
2015-06-12,24.64,25.37,24.05,24.09,29148
2015-06-15,24.14,24.89,24.14,24.16,35211
2015-06-16,23.46,23.46,21.64,21.64,28390
2015-06-17,21.02,22.42,20.13,21.94,25169
2015-06-18,20.71,22.56,19.65,19.91,25414
2015-06-19,19.51,20.78,19.33,19.64,28889
2015-06-23,20.13,21.7,19.72,21.7,29101
2015-06-24,22.6,23.45,22.36,23.15,44541
2015-06-25,23.19,23.24,20.74,21.3,34426
2015-06-26,20.35,20.66,19.07,19.07,24946
2015-06-29,19.22,19.85,17.06,17.06,17711
2015-06-30,16.51,18.58,15.26,18.57,32691
2015-07-01,18.21,19.23,16.62,16.62,29585
2015-07-02,16.98,17.23,14.86,14.86,24314
2015-07-03,14.26,15.64,13.28,13.28,32341
2015-07-06,14.67,14.67,11.85,11.85,27086
2015-07-07,10.58,11.46,10.57,10.57,7086
2015-07-08,9.41,10.04,9.41,9.6,91170
2015-07-09,9.19,10.66,8.54,10.66,44612
2015-07-10,11.62,11.82,11.02,11.82,14841
2015-07-13,13.1,13.1,12.8,13.1,31704
2015-07-14,13.94,14.51,12.8,14.51,56835
2015-07-15,14.62,14.62,12.96,12.96,41736
2015-07-16,12.96,14.32,11.91,14.26,47453
2015-07-17,14.29,15.79,14.29,15.79,26938
2015-07-20,16.8,17.46,16.27,17.46,54068
2015-07-21,17.11,18.31,16.42,16.91,51677
2015-07-22,16.57,18.58,16.57,18.07,52866
2015-07-23,18.08,19.02,17.11,18.44,52055
2015-07-24,18.13,20.25,18.0,18.89,58194
2015-07-27,18.14,19.78,16.9,16.9,42508
2015-07-28,15.24,18.15,15.12,16.31,40388
2015-07-29,16.93,18.04,15.78,18.04,34057
2015-07-30,18.13,19.75,17.24,17.69,59273
2015-07-31,16.8,17.46,15.82,16.47,42017
2015-08-03,15.75,16.14,14.73,14.73,23047
2015-08-04,14.49,16.3,14.29,16.3,34754
2015-08-05,16.35,17.15,15.17,16.29,46895
2015-08-06,15.59,16.35,15.15,15.43,21829
2015-08-07,15.69,16.15,15.54,15.9,21418
2015-08-10,16.3,17.51,15.94,17.34,31850
2015-08-11,17.29,18.22,17.06,17.51,34365
2015-08-12,18.8,19.36,18.28,19.36,28623
2015-08-13,19.91,20.89,18.48,20.26,86632
2015-08-14,19.55,20.75,19.46,19.91,65491
2015-08-17,19.82,21.93,18.58,21.26,75118
2015-08-18,20.8,21.24,19.04,19.04,43121
2015-08-19,17.65,19.42,17.04,18.77,46769
2015-08-20,17.95,18.97,16.89,17.15,28378
2015-08-21,16.35,17.91,15.34,15.55,41515
2015-08-24,14.35,14.66,13.9,13.9,11233
2015-08-25,12.41,12.41,12.41,12.41,3399
2015-08-26,11.29,12.75,11.07,11.07,43618
2015-08-27,11.11,11.82,9.87,11.38,41354
2015-08-28,11.64,12.61,11.56,12.61,50699
2015-08-31,13.02,13.69,12.61,13.2,60971
2015-09-01,12.71,12.71,11.78,11.78,24669
2015-09-02,10.5,12.09,10.5,10.5,31977
2015-09-07,10.8,11.22,9.36,9.46,48783
2015-09-08,9.14,10.22,8.62,10.0,32226
2015-09-09,10.13,10.8,10.0,10.66,39711
2015-09-10,10.26,11.57,10.14,10.62,42682
2015-09-11,10.62,10.97,10.56,10.75,27666
2015-09-14,11.05,11.2,9.58,9.58,34968
2015-09-15,8.82,9.51,8.52,8.52,27182
2015-09-16,8.56,9.47,8.36,9.36,35141
2015-09-17,9.37,10.02,8.91,9.1,41228
2015-09-18,9.1,9.82,8.91,9.69,33051
2015-09-21,9.72,10.74,9.39,10.74,38045
2015-09-22,10.74,11.18,10.29,10.84,38587
2015-09-23,10.49,11.15,10.37,10.85,31268
2015-09-24,10.83,11.42,10.83,11.14,32318
2015-09-25,11.2,11.75,10.58,11.28,40946
2015-09-28,11.13,12.13,10.76,12.04,38967
2015-09-29,11.64,12.14,11.47,11.6,25873
2015-09-30,11.6,12.86,11.29,12.86,57871
2015-10-08,13.24,13.95,12.98,13.02,56795
2015-10-09,13.01,13.61,12.77,13.01,37739
2015-10-12,12.96,13.71,12.88,13.14,73486
2015-10-13,13.06,13.64,12.92,13.53,47120
2015-10-14,13.69,14.0,12.78,12.83,43405
2015-10-15,12.64,13.4,12.62,13.38,36652
2015-10-16,13.51,14.34,13.51,14.0,52885
2015-10-19,14.04,15.33,14.04,15.11,93188
2015-10-20,14.93,15.18,14.58,15.04,61628
2015-10-21,15.0,15.02,13.44,13.44,74472
2015-10-22,13.06,14.27,12.98,14.24,64486
2015-10-23,13.95,14.7,13.86,14.16,45391
2015-10-26,14.27,14.74,13.21,14.18,43125
2015-10-27,14.02,15.54,13.16,15.38,65568
2015-10-28,15.02,15.24,13.86,14.03,42471
2015-10-29,14.33,15.54,13.76,15.54,77156
2015-10-30,15.24,16.23,14.62,15.12,86629
2015-11-02,14.31,15.24,13.69,14.09,44633
2015-11-03,14.02,14.28,13.73,14.04,26592
2015-11-04,14.12,15.1,14.12,15.02,35181
2015-11-05,15.06,15.98,14.89,15.33,59819
2015-11-06,15.37,16.22,15.15,15.86,40524
2015-11-09,16.06,17.55,16.03,17.55,63471
2015-11-10,18.0,19.4,18.0,19.4,53006
2015-11-11,20.22,20.35,18.47,19.91,75463
2015-11-12,19.66,19.91,18.58,19.33,43235
2015-11-13,19.02,19.18,17.69,18.25,34811
2015-11-16,18.05,19.3,17.71,19.27,34936
2015-11-17,19.46,21.3,19.46,19.94,65178
2015-11-18,19.77,21.62,19.77,21.09,66337
2015-11-19,20.86,23.29,20.58,23.29,34386
2015-11-20,23.29,25.66,22.31,25.41,28837
2015-11-23,24.91,25.24,22.77,22.77,25347
2015-11-24,22.93,23.72,22.13,23.23,22660
2015-11-25,23.69,25.26,22.52,23.66,44796
2015-11-26,23.5,26.09,22.53,24.59,45620
2015-11-27,23.98,25.18,22.03,22.34,51934
2015-11-30,22.08,22.11,20.01,20.84,61225
2015-12-01,20.84,20.84,19.15,19.25,62407
2015-12-02,19.49,19.74,17.95,19.52,33417
2015-12-03,19.53,20.35,19.51,19.97,28996
2015-12-04,19.91,20.45,19.47,19.52,26247
2015-12-07,19.91,19.96,19.03,19.77,19464
2015-12-08,19.27,19.76,18.68,18.74,23386
2015-12-09,18.93,20.0,18.08,19.88,34398
2015-12-10,19.59,20.3,19.07,19.74,39714
2015-12-11,19.7,20.55,19.16,20.05,29818
2015-12-14,19.86,20.79,19.25,20.47,21338
2015-12-15,20.43,21.05,19.9,20.0,31910
2015-12-16,19.91,20.56,19.74,19.83,23285
2015-12-17,19.95,20.42,19.95,20.35,24314
2015-12-18,20.56,21.15,20.36,20.71,26948
2015-12-21,20.66,20.97,20.44,20.57,21866
2015-12-22,20.89,21.62,20.74,21.3,30817
2015-12-23,21.37,21.54,19.55,19.61,31083
2015-12-24,19.6,19.6,18.47,19.18,34228
2015-12-25,19.18,20.3,18.76,19.95,30901
2015-12-28,19.95,21.52,19.95,20.62,38157
2015-12-29,20.68,21.01,19.73,20.7,16948
2015-12-30,20.8,22.06,20.5,21.58,31055
2015-12-31,21.3,22.13,21.02,21.29,21660
2016-01-04,21.81,22.52,19.14,19.18,32407
2016-01-05,18.49,20.33,17.34,19.98,41509
2016-01-06,19.98,22.07,19.67,22.07,47851
2016-01-07,21.6,21.66,19.77,19.77,8017
2016-01-08,20.4,21.02,17.95,19.24,37551
2016-01-11,17.7,18.1,17.22,17.22,17932
2016-01-12,15.47,16.75,15.4,15.4,39280
2016-01-13,15.4,15.68,13.76,13.76,35374
2016-01-14,12.8,15.22,12.58,15.22,39031
2016-01-15,15.12,15.91,14.35,14.8,26276
2016-01-18,14.58,15.82,14.37,15.52,17705
2016-01-19,15.13,16.58,15.13,16.4,22761
2016-01-20,16.35,17.47,16.01,16.47,25105
2016-01-21,16.26,16.35,14.72,14.72,34202
2016-01-22,14.97,15.46,13.46,15.07,25085
2016-01-25,15.25,15.5,14.8,15.02,15307
2016-01-26,14.77,15.22,13.42,13.42,23297
2016-01-27,13.24,14.11,12.17,13.86,21785
2016-01-28,13.25,13.67,12.51,12.62,16252
2016-01-29,12.53,13.46,12.19,13.18,16197
2016-02-01,13.18,13.32,11.89,12.43,17387
2016-02-02,12.55,13.66,12.55,13.13,24381
2016-02-03,12.94,13.68,12.83,13.64,25251
2016-02-04,13.6,14.13,13.38,13.97,20903
2016-02-05,13.97,14.31,13.7,13.73,15180
2016-02-15,13.11,14.06,12.8,13.86,13167
2016-02-16,13.91,14.94,13.91,14.73,17159
2016-02-17,14.73,15.54,14.73,15.17,23550
2016-02-18,15.33,15.51,14.69,14.8,19096
2016-02-19,14.66,15.18,14.62,15.01,14445
2016-02-22,15.24,15.68,15.24,15.54,22079
2016-02-23,15.55,15.63,14.65,15.14,16152
2016-02-24,14.8,15.43,14.49,15.06,19332
2016-02-25,14.98,15.06,13.46,13.46,23032
2016-02-26,13.46,13.87,12.4,12.84,18040
2016-02-29,12.51,12.83,11.47,11.55,14635
2016-03-01,11.55,12.4,11.28,12.4,19239
2016-03-02,12.35,13.64,12.09,13.5,23166
2016-03-03,13.29,14.22,13.27,13.33,21701
2016-03-04,13.34,13.78,12.04,12.52,20953
2016-03-07,12.71,13.33,12.66,12.94,15833
2016-03-08,12.93,13.46,11.69,13.33,19413
2016-03-09,12.94,13.75,12.62,13.08,18853
2016-03-10,13.22,13.33,12.58,12.69,13595
2016-03-11,12.4,12.97,12.35,12.7,10350
2016-03-14,13.16,13.66,12.81,13.48,19392
2016-03-15,13.32,13.49,13.04,13.15,12396
2016-03-16,13.25,13.59,12.58,12.75,19745
2016-03-17,12.79,13.54,12.75,13.49,21541
2016-03-18,13.55,14.74,13.46,14.44,34103
2016-03-21,14.64,15.02,14.35,14.81,33315
2016-03-22,14.41,15.75,14.41,15.12,30995
2016-03-23,14.93,15.51,14.85,15.48,25200
2016-03-24,15.36,16.57,15.13,15.2,36469
2016-03-25,14.8,15.69,14.8,15.6,25017
2016-03-28,15.8,16.23,14.93,15.14,27110
2016-03-29,14.95,15.14,13.96,14.27,27099
2016-03-30,14.55,15.31,14.48,15.29,28365
2016-03-31,15.46,16.16,15.29,16.08,40492
2016-04-01,15.88,16.2,15.46,15.99,30195
2016-04-05,15.85,16.47,15.73,16.19,37427
2016-04-06,16.06,16.35,15.55,15.89,39214
2016-04-07,15.77,15.9,15.33,15.35,24610
2016-04-08,15.11,15.24,14.74,14.95,20599
2016-04-11,15.11,15.83,15.06,15.83,22947
2016-04-12,15.81,15.81,15.14,15.4,20408
2016-04-13,15.66,15.84,15.33,15.45,37973
2016-04-14,15.58,15.59,15.26,15.51,21869
2016-04-15,15.54,15.63,15.29,15.46,23125
2016-04-18,15.24,15.38,14.8,15.06,17916
2016-04-19,15.14,15.31,14.92,15.01,15250
2016-04-20,15.03,15.42,13.47,14.14,29471
2016-04-21,14.22,14.39,13.69,13.94,15379
2016-04-22,13.86,14.55,13.69,14.42,24202
2016-04-25,14.42,14.52,13.6,13.82,21464
2016-04-26,13.82,13.98,13.48,13.83,18125
2016-04-27,13.84,13.94,13.64,13.67,12595
2016-04-28,13.78,13.78,13.07,13.51,18473
2016-04-29,13.46,13.46,13.17,13.24,15355
2016-05-03,13.38,14.02,13.23,14.02,26356
2016-05-04,13.91,14.07,13.71,13.8,18276
2016-05-05,13.8,14.04,13.73,13.98,13738
2016-05-06,13.98,14.04,12.98,13.14,23634
2016-05-09,13.06,13.06,12.26,12.36,14607
2016-05-10,12.42,12.62,12.42,12.5,8648
2016-05-11,12.58,12.71,12.17,12.18,12285
2016-05-12,12.0,12.48,11.73,12.34,10305
2016-05-13,12.34,12.57,12.26,12.35,7892
2016-05-16,12.41,12.59,12.14,12.52,8383
2016-05-17,12.52,12.88,12.18,12.68,14770
2016-05-18,12.58,12.58,12.02,12.19,11781
2016-05-19,12.3,12.6,12.18,12.22,13868
2016-05-20,12.17,12.8,11.91,12.54,12211
2016-05-23,12.54,12.85,12.5,12.75,13637
2016-05-24,12.68,12.76,12.26,12.37,12738
2016-05-25,12.46,12.65,12.19,12.23,17255
2016-05-26,12.27,12.38,11.64,12.21,20067
2016-05-27,12.25,13.29,12.22,12.81,38737
2016-05-30,12.82,14.18,12.82,13.95,108473
2016-05-31,14.31,15.44,14.06,15.44,128996
2016-06-01,15.79,16.69,15.72,16.16,165568
2016-06-02,16.06,16.6,15.82,16.48,133843
2016-06-03,16.48,16.84,16.04,16.18,105370
2016-06-06,16.19,16.34,15.67,16.18,85314
2016-06-07,16.11,16.59,15.88,16.56,79999
2016-06-08,16.49,16.49,16.03,16.34,71844
2016-06-13,16.46,17.34,14.62,14.62,134787
2016-06-14,15.04,15.64,14.62,15.22,87235
2016-06-15,14.98,16.46,14.98,15.95,92316
2016-06-16,15.72,17.28,15.58,17.24,100309
2016-06-17,16.92,17.29,16.47,16.74,74925
2016-06-20,16.82,18.16,16.12,17.86,105384
2016-06-21,17.72,18.73,17.32,17.74,95641
2016-06-22,17.71,18.52,17.46,18.32,68027
2016-06-23,18.19,18.66,17.86,18.14,55326
2016-06-24,17.95,18.52,16.92,18.16,60338
2016-06-27,17.82,19.64,17.76,19.52,73069
2016-06-28,19.48,20.66,18.79,19.64,87475
2016-06-29,19.39,19.72,19.14,19.22,46478
2016-06-30,19.15,19.32,18.59,18.92,32811
2016-07-01,18.86,19.66,18.77,18.99,52884
2016-07-04,18.96,20.39,18.79,20.02,71380
2016-07-05,20.04,20.78,19.6,19.7,67373
2016-07-06,19.69,19.7,19.14,19.56,31514
2016-07-07,19.56,19.59,18.46,18.89,48648
2016-07-08,18.9,19.58,18.64,19.06,37054
2016-07-11,18.99,19.56,18.79,19.15,33602
2016-07-12,18.96,19.19,18.04,18.72,40765
2016-07-13,18.86,18.91,18.39,18.57,30931
2016-07-14,18.58,18.85,18.23,18.48,25207
2016-07-15,18.4,18.58,18.26,18.52,15798
2016-07-18,18.52,18.52,17.39,17.95,44554
2016-07-19,17.89,17.94,17.51,17.82,18730
2016-07-20,17.82,18.24,17.82,18.16,24281
2016-07-21,18.16,18.23,17.74,17.78,25144
2016-07-22,17.84,18.12,17.77,17.88,22061
2016-07-25,17.72,17.86,17.48,17.68,20904
2016-07-26,17.71,17.85,17.6,17.82,18767
2016-07-27,17.88,18.57,17.24,17.58,39711
2016-07-28,17.58,17.71,16.52,17.09,31250
2016-07-29,17.09,17.29,16.2,16.27,29320
2016-08-01,16.43,16.43,15.64,16.08,13537
2016-08-02,16.09,16.31,15.92,16.3,10081
2016-08-03,16.32,16.32,16.06,16.24,9394
2016-08-04,16.26,16.51,16.09,16.43,14022
2016-08-05,16.34,16.72,16.19,16.31,13888
2016-08-08,16.31,17.7,15.9,17.51,28362
2016-08-09,17.36,17.44,16.96,17.26,19557
2016-08-10,17.26,17.48,16.93,17.21,17727
2016-08-11,17.18,17.18,16.34,16.59,14480
2016-08-12,16.39,17.06,16.31,16.94,17302
2016-08-15,16.83,17.46,16.83,17.32,24938
2016-08-16,17.2,17.48,17.2,17.3,18297
2016-08-17,17.44,17.98,17.09,17.26,36956
2016-08-18,17.2,17.2,16.81,16.92,26499
2016-08-19,16.87,17.2,16.76,16.9,23792
2016-08-22,16.92,17.18,16.47,16.49,14746
2016-08-23,16.54,16.72,16.06,16.24,18831
2016-08-24,16.29,16.51,16.24,16.38,18139
2016-08-25,16.11,16.38,15.82,16.26,17712
2016-08-26,16.39,17.98,16.39,17.98,76940
2016-08-29,18.16,18.62,17.78,18.33,85024
2016-08-30,18.19,20.06,17.94,18.69,99883
2016-08-31,18.42,18.68,18.09,18.38,55526
2016-09-01,18.2,18.64,17.79,17.9,45825
2016-09-02,17.86,17.92,17.45,17.74,34511
2016-09-05,17.73,18.08,17.57,17.94,31119
2016-09-06,18.05,18.1,17.44,18.04,24795
2016-09-07,18.22,18.7,17.96,18.56,47370
2016-09-08,18.42,19.04,18.26,18.33,36241
2016-09-09,18.21,18.69,17.92,17.94,34959
2016-09-12,17.36,17.42,16.86,16.86,33829
2016-09-13,17.0,17.16,16.49,16.79,24624
2016-09-14,16.69,17.0,16.44,16.89,21288
2016-09-19,16.98,17.34,16.9,17.0,13867
2016-09-20,17.06,17.06,16.6,16.66,15062
2016-09-21,16.66,17.03,16.59,16.97,19129
2016-09-22,16.99,17.16,16.84,16.87,11593
2016-09-23,16.83,16.92,16.62,16.64,10708
2016-09-26,16.59,16.79,16.11,16.11,17744
2016-09-27,15.93,16.72,15.93,16.64,16803
2016-09-28,16.4,16.69,16.33,16.4,12628
2016-09-29,16.51,16.62,16.32,16.41,8763
2016-09-30,16.42,16.61,16.41,16.42,10637
2016-10-10,16.47,17.06,16.47,17.06,18132
2016-10-11,17.02,17.31,16.86,16.99,15005
2016-10-12,16.98,17.1,16.83,17.04,10081
2016-10-13,17.0,17.04,16.82,16.84,12425
2016-10-14,16.84,16.98,16.72,16.86,10209
2016-10-17,17.04,17.11,16.59,16.62,11515
2016-10-18,16.56,17.38,16.56,17.34,28175
2016-10-19,17.38,17.42,17.06,17.42,22454
2016-10-20,17.34,17.78,17.2,17.35,17908
2016-10-21,17.27,17.51,16.73,16.98,16914
2016-10-24,16.99,17.51,16.76,17.36,21228
2016-10-25,17.36,17.39,17.03,17.19,12761
2016-10-26,17.19,17.24,16.78,16.84,16464
2016-10-27,16.84,17.05,16.84,17.04,11476
2016-10-28,17.06,17.24,16.76,16.76,15176
2016-10-31,16.81,16.98,16.62,16.92,10730
2016-11-01,16.92,17.11,16.87,17.06,17084
2016-11-02,17.13,17.72,17.06,17.52,37700
2016-11-03,17.39,18.11,17.19,17.96,41514
2016-11-04,18.05,18.12,17.47,17.63,28108
2016-11-07,17.52,17.71,17.2,17.24,19499
2016-11-08,17.24,17.46,17.13,17.26,16992
2016-11-09,17.24,17.26,16.64,16.94,18926
2016-11-10,17.16,17.17,16.76,17.01,16403
2016-11-11,16.95,17.22,16.78,16.83,25857
2016-11-14,16.86,17.15,16.79,16.98,19112
2016-11-15,16.98,17.13,16.79,17.1,17399
2016-11-16,17.12,17.83,17.01,17.43,35244
2016-11-17,17.32,17.42,17.19,17.37,14922
2016-11-18,17.38,17.56,17.19,17.4,25626
2016-11-21,17.49,17.66,17.28,17.34,23578
2016-11-22,17.26,17.52,17.2,17.52,20749
2016-11-23,17.6,17.72,17.34,17.52,31688
2016-11-24,17.39,17.6,17.2,17.24,17370
2016-11-25,17.24,17.34,16.57,16.96,20731
2016-11-28,16.96,17.05,16.72,16.8,14569
2016-11-29,16.64,16.69,16.14,16.14,31679
2016-11-30,16.06,16.37,15.86,16.32,17604
2016-12-01,16.32,16.36,15.96,16.22,12797
2016-12-02,16.23,16.32,16.01,16.01,10087
2016-12-05,15.87,16.11,15.82,16.02,11594
2016-12-06,16.03,16.1,15.24,15.32,40074
2016-12-07,15.21,15.46,15.12,15.4,19009
2016-12-08,15.34,15.43,15.16,15.22,10632
2016-12-09,15.27,15.32,14.9,15.06,15300
2016-12-12,14.94,15.16,14.39,14.44,17501
2016-12-13,14.44,14.53,14.01,14.22,15052
2016-12-14,14.22,14.98,13.6,14.39,31192
2016-12-15,14.21,15.03,14.01,14.64,28066
2016-12-16,14.46,14.7,14.36,14.52,20313
2016-12-19,14.59,14.59,14.24,14.29,9856
2016-12-20,14.3,14.38,14.02,14.14,13141
2016-12-21,14.26,14.37,14.18,14.32,19840
2016-12-22,14.33,14.62,14.02,14.58,20867
2016-12-23,14.52,14.78,14.39,14.6,21965
2016-12-26,14.59,15.1,14.39,15.08,30919
2016-12-27,15.04,15.04,14.67,14.74,27259
2016-12-28,14.6,14.7,14.29,14.32,22991
2016-12-29,14.19,14.44,14.19,14.32,10684
2016-12-30,14.26,14.38,14.12,14.24,9274
2017-01-03,14.24,14.7,14.24,14.58,14941
2017-01-04,14.59,14.89,14.4,14.85,25399
2017-01-05,15.0,16.23,15.0,15.51,56705
2017-01-06,15.5,16.06,15.48,15.64,49508
2017-01-09,15.56,16.38,15.3,16.3,53724
2017-01-10,16.11,16.24,15.73,15.75,30891
2017-01-11,15.59,16.06,15.54,15.75,19723
2017-01-12,15.72,15.81,15.33,15.38,16886
2017-01-13,15.41,15.69,14.92,15.43,18224
2017-01-16,15.36,15.36,13.92,14.77,19314
2017-01-17,14.71,15.26,14.13,15.16,20710
2017-01-18,15.12,15.12,14.68,14.84,14063
2017-01-19,14.77,14.88,14.6,14.87,12614
2017-01-20,14.84,15.23,14.7,15.21,13833
2017-01-23,15.32,15.61,15.2,15.26,14020
2017-01-24,15.26,15.26,14.92,14.99,9890
2017-01-25,14.84,15.19,14.81,15.19,11877
2017-01-26,15.12,15.39,15.12,15.36,10305
2017-02-03,15.46,15.63,15.23,15.39,14525
2017-02-06,15.27,15.56,15.1,15.52,14061
2017-02-07,15.46,15.49,15.19,15.32,12780
2017-02-08,15.2,15.8,15.2,15.8,27727
2017-02-09,15.72,15.85,15.58,15.72,21496
2017-02-10,15.72,15.79,15.43,15.47,15212
2017-02-13,15.42,15.7,15.4,15.68,17064
2017-02-14,15.66,15.68,15.44,15.48,11859
2017-02-15,15.34,15.56,14.94,14.95,16989
2017-02-16,15.02,15.12,14.86,15.04,13074
2017-02-17,15.18,15.18,14.73,15.15,17779
2017-02-20,15.03,15.18,14.9,15.06,9801
2017-02-21,15.19,15.25,14.95,15.22,14975
2017-02-22,15.2,15.27,15.09,15.18,8729
2017-02-23,15.18,15.18,14.8,14.96,17562
2017-02-24,14.92,15.11,14.86,14.96,14356
2017-02-27,14.91,15.04,14.89,15.0,10301
2017-02-28,15.0,15.08,14.93,15.08,7263
2017-03-01,15.06,16.57,15.03,15.88,50034
2017-03-02,15.52,15.84,15.49,15.64,24557
2017-03-03,15.5,15.96,15.5,15.69,26345
2017-03-06,15.79,16.05,15.68,16.0,27962
2017-03-07,15.96,16.04,15.66,15.78,22511
2017-03-08,15.94,16.02,15.61,15.61,23207
2017-03-09,15.61,15.64,15.36,15.47,14893
2017-03-10,15.51,15.56,15.36,15.44,11197
2017-03-13,15.45,15.56,15.44,15.56,17446
2017-03-14,15.66,15.92,15.66,15.85,30743
2017-03-15,15.79,15.94,15.6,15.74,19119
2017-03-16,15.69,15.92,15.69,15.91,20725
2017-03-17,15.94,15.97,15.6,15.73,24309
2017-03-20,15.6,15.7,15.35,15.52,17258
2017-03-21,15.48,15.5,15.28,15.4,14359
2017-03-22,15.29,15.4,15.1,15.26,14293
2017-03-23,15.38,15.47,15.11,15.4,15184
2017-03-24,15.4,15.4,15.2,15.34,10391
2017-03-27,15.43,15.44,15.2,15.36,9534
2017-03-28,15.36,15.42,15.16,15.16,9635
2017-03-29,15.16,15.23,14.86,14.86,16624
2017-03-30,14.85,14.85,14.23,14.24,19412
2017-03-31,14.31,14.53,14.06,14.36,22149
2017-04-05,14.37,14.57,14.13,14.57,15171
2017-04-06,14.58,14.64,14.44,14.54,11758
2017-04-07,14.54,14.79,14.52,14.72,15723
2017-04-10,14.73,14.76,14.41,14.41,15769
2017-04-11,14.39,15.37,14.21,15.36,44380
2017-04-12,15.22,15.5,14.96,15.01,29176
2017-04-13,15.08,15.19,14.8,14.9,16357
2017-04-14,14.94,15.09,14.44,14.54,17039
2017-04-17,14.41,14.72,14.28,14.29,19233
2017-04-18,14.26,14.41,14.1,14.11,13784
2017-04-19,14.1,14.36,13.73,14.32,15804
2017-04-20,14.18,14.28,13.87,14.21,10750
2017-04-21,14.19,14.24,13.93,14.17,7225
2017-04-24,14.12,14.14,13.06,13.4,14904
2017-04-25,13.39,13.54,13.23,13.42,6989
2017-04-26,13.36,13.48,13.3,13.3,5957
2017-04-27,13.3,13.45,12.99,13.44,11148
2017-04-28,13.44,13.56,13.34,13.52,6350
2017-05-02,13.5,13.5,13.21,13.34,4461
2017-05-03,13.45,13.62,13.23,13.54,7589
2017-05-04,13.51,13.58,13.31,13.37,8148
2017-05-05,13.37,13.5,13.06,13.06,7644
2017-05-08,13.06,13.06,12.72,12.86,10071
2017-05-09,12.86,13.06,12.74,13.02,5961
2017-05-10,13.14,13.16,12.89,12.92,5609
2017-05-11,12.82,13.04,12.52,12.84,7718
2017-05-12,12.58,12.94,12.58,12.86,5561
2017-05-15,13.02,13.02,12.74,12.79,3882
2017-05-16,12.85,13.28,12.68,13.19,9179
2017-05-17,13.24,13.39,13.07,13.15,10041
2017-05-18,13.18,13.38,12.99,13.08,8235
2017-05-19,13.08,13.26,12.94,13.0,4822
2017-05-22,12.96,13.04,12.6,12.64,5903
2017-05-23,12.66,12.86,12.16,12.26,6240
2017-05-24,12.2,12.47,11.76,12.18,6115
2017-05-25,12.27,12.4,11.97,12.38,8259
2017-05-26,12.37,12.51,12.1,12.37,6295
2017-05-31,12.39,12.62,12.2,12.25,9392
2017-06-01,12.21,12.38,11.24,11.43,14953
2017-06-02,11.38,12.54,11.09,12.21,17739
2017-06-05,12.18,12.37,11.91,12.33,9954
2017-06-06,12.14,12.57,12.14,12.29,8487
2017-06-07,12.38,12.54,12.3,12.42,10758
2017-06-08,12.42,12.77,12.37,12.54,16804
2017-06-09,12.52,12.54,12.19,12.42,10259
2017-06-12,12.32,12.32,11.69,11.81,14204
2017-06-13,11.8,12.05,11.76,11.99,10889
2017-06-14,12.01,12.28,11.91,12.22,16347
2017-06-15,12.1,12.51,12.09,12.42,18319
2017-06-16,12.59,12.68,12.29,12.54,16781
2017-06-19,12.35,12.97,12.32,12.8,20416
2017-06-20,12.87,12.87,12.61,12.64,14184
2017-06-21,12.81,12.93,12.44,12.58,15535
2017-06-22,12.53,12.57,12.1,12.19,19124
2017-06-23,12.44,12.99,12.18,12.68,39408
2017-06-26,12.68,12.87,12.5,12.83,22412
2017-06-27,12.88,13.29,12.77,13.07,39415
2017-06-28,12.95,12.95,12.73,12.76,19702
2017-06-29,12.77,12.94,12.69,12.81,14031
2017-06-30,12.77,12.77,12.48,12.57,17791
2017-07-03,12.6,12.89,12.49,12.83,17753
2017-07-04,12.69,12.94,12.69,12.82,14868
2017-07-05,12.82,12.93,12.73,12.89,13933
2017-07-06,12.83,12.96,12.61,12.81,19235
2017-07-07,12.82,12.98,12.71,12.89,17327
2017-07-10,13.03,13.33,12.9,12.93,24511
2017-07-11,12.85,12.92,12.69,12.69,13613
2017-07-12,12.69,12.79,12.25,12.55,12634
2017-07-13,12.47,12.77,12.39,12.69,13054
2017-07-14,12.59,12.66,12.37,12.41,12185
2017-07-17,12.39,12.39,11.08,11.1,28081
2017-07-18,11.1,11.34,10.09,11.27,12775
2017-07-19,11.26,11.47,11.01,11.39,14236
2017-07-20,11.39,11.64,11.13,11.37,12959
2017-07-21,11.37,11.48,11.16,11.19,11968
2017-07-24,11.19,11.53,11.15,11.42,14851
2017-07-25,11.3,11.58,11.23,11.36,29191
2017-07-26,11.25,11.26,10.92,11.21,27230
2017-07-27,11.04,11.68,10.97,11.58,36401
2017-07-28,11.49,11.63,11.42,11.44,16004
2017-07-31,11.47,11.54,11.29,11.33,12939
2017-08-01,11.45,11.45,11.14,11.29,14414
2017-08-02,11.29,11.37,10.84,10.85,21585
2017-08-03,10.85,11.07,10.81,10.95,20188
2017-08-04,10.94,11.92,10.87,11.44,64155
2017-08-07,11.37,11.84,11.32,11.58,39654
2017-08-08,11.5,11.73,11.35,11.58,28595
2017-08-09,11.58,11.74,11.45,11.52,22480
2017-08-10,11.53,11.72,11.33,11.38,19114
2017-08-11,11.19,11.74,11.12,11.32,32745
2017-08-14,11.3,11.57,11.15,11.52,26591
2017-08-15,11.46,11.73,11.4,11.68,29748
2017-08-16,11.85,11.94,11.63,11.79,30811
2017-08-17,11.73,12.93,11.73,12.37,70297
2017-08-18,12.39,12.89,12.27,12.59,58312
2017-08-21,12.5,12.56,12.25,12.39,37825
2017-08-22,12.41,12.52,12.01,12.07,29716
2017-08-23,12.06,12.22,11.87,11.96,23281
2017-08-24,11.96,12.07,11.79,11.85,14796
2017-08-25,11.85,12.0,11.8,11.94,19191
2017-08-28,11.99,12.39,11.99,12.38,36741
2017-08-29,12.38,12.38,12.1,12.13,21727
2017-08-30,12.15,12.23,12.06,12.2,17331
2017-08-31,12.2,12.28,12.1,12.13,16657
2017-09-01,12.09,12.25,12.07,12.14,21614
2017-09-04,12.16,12.35,12.14,12.33,27721
2017-09-05,12.33,12.39,12.14,12.18,24808
2017-09-06,12.18,12.3,11.95,12.28,34212
2017-09-07,12.28,12.49,12.17,12.37,42518
2017-09-08,12.39,12.43,12.11,12.24,30856
2017-09-11,12.23,12.31,12.11,12.24,19751
2017-09-12,12.25,12.26,11.9,11.92,33789
2017-09-13,12.08,12.24,12.01,12.17,24297
2017-09-14,12.09,12.18,11.99,12.05,20363
2017-09-15,12.06,12.15,11.95,12.12,15260
2017-09-18,12.18,12.18,11.94,12.01,21120
2017-09-19,12.06,12.06,11.78,11.78,24000
2017-09-20,11.82,11.93,11.71,11.92,17025
2017-09-21,11.88,11.95,11.61,11.61,20344
2017-09-22,11.48,11.48,11.08,11.15,35869
2017-09-25,11.19,11.34,11.13,11.15,16028
2017-09-26,11.19,11.26,10.98,11.21,15319
2017-09-27,11.27,11.29,11.13,11.23,13063
2017-09-28,11.2,11.44,11.16,11.32,21178
2017-09-29,11.31,11.44,11.21,11.44,14825
2017-10-09,11.57,11.82,11.54,11.59,22536
2017-10-10,11.59,11.75,11.59,11.72,19298
2017-10-11,11.74,12.19,11.73,12.14,51541
2017-10-12,12.03,12.49,11.97,12.17,52797
2017-10-13,12.16,12.17,11.91,12.02,23952
2017-10-16,12.18,12.43,12.06,12.09,51650
2017-10-17,12.0,12.27,11.8,12.19,30647
2017-10-18,12.19,12.2,11.91,11.96,33797
2017-10-19,11.95,11.98,11.35,11.43,27846
2017-10-20,11.38,11.54,11.31,11.5,11336
2017-10-23,11.49,11.55,11.44,11.5,11298
2017-10-24,11.5,11.54,11.31,11.39,11801
2017-10-25,11.41,11.51,11.32,11.48,16797
2017-10-26,11.45,11.69,11.38,11.67,17987
2017-10-27,11.67,11.86,11.42,11.57,17423
2017-10-30,11.14,11.46,10.98,11.27,20462
2017-10-31,11.16,11.31,11.16,11.27,7670
2017-11-01,11.32,11.34,11.05,11.12,17978
2017-11-02,11.16,11.16,10.86,10.9,14428
2017-11-03,10.92,10.97,10.56,10.61,16872
2017-11-06,10.74,10.77,10.57,10.75,14585
2017-11-07,10.75,11.04,10.51,10.99,18315
2017-11-08,10.97,11.19,10.88,10.96,14600
2017-11-09,11.02,11.15,10.91,11.07,9445
2017-11-10,11.18,11.27,11.04,11.17,13533
2017-11-13,11.17,11.23,10.79,10.89,18089
2017-11-14,10.97,10.97,10.69,10.81,19378
2017-11-15,10.79,10.83,10.59,10.61,15764
2017-11-16,10.71,10.71,10.54,10.61,12168
2017-11-17,10.59,10.64,9.9,9.9,21813
2017-11-20,9.97,10.24,9.59,10.16,15444
2017-11-21,10.19,10.29,9.9,9.99,11960
2017-11-22,10.12,10.43,9.93,10.26,20202
2017-11-23,10.27,10.34,9.78,9.85,19682
2017-11-24,9.88,9.91,9.69,9.71,9037
2017-11-27,9.69,9.87,9.61,9.75,10543
2017-11-28,9.74,9.85,9.65,9.84,7104
2017-11-29,9.77,9.87,9.66,9.72,6905
2017-11-30,9.72,9.88,9.7,9.76,7512
2017-12-01,9.77,9.93,9.71,9.91,17165
2017-12-04,9.91,10.14,9.79,9.79,14967
2017-12-05,9.84,9.91,9.2,9.59,17993
2017-12-06,9.16,9.64,9.16,9.61,10007
2017-12-07,9.61,9.86,9.52,9.62,11746
2017-12-08,9.24,9.64,9.24,9.52,11213
2017-12-11,9.5,9.78,9.42,9.73,17085
2017-12-12,9.68,9.78,9.47,9.51,9858
2017-12-13,9.48,9.83,9.48,9.79,12882
2017-12-14,9.87,9.87,9.7,9.79,14349
2017-12-15,9.75,9.79,9.51,9.55,12901
2017-12-18,9.48,10.29,9.39,10.16,28354
2017-12-19,10.04,10.04,9.86,9.93,31694
2017-12-20,9.94,9.96,9.65,9.73,22044
2017-12-21,9.67,9.78,9.59,9.7,11100
2017-12-22,9.67,9.76,9.5,9.54,11894
2017-12-25,9.56,9.61,9.27,9.29,9877
2017-12-26,9.4,9.4,9.27,9.34,6207
2017-12-27,9.35,9.44,9.29,9.3,6529
2017-12-28,9.28,9.44,9.24,9.26,11358
2017-12-29,9.34,9.36,9.26,9.34,11594
2018-01-02,9.34,9.42,9.3,9.39,14073
2018-01-03,9.4,9.9,9.31,9.62,24324
2018-01-04,9.54,9.6,9.46,9.48,15929
2018-01-05,9.42,9.6,9.41,9.56,16837
2018-01-08,9.56,9.56,9.42,9.49,11771
2018-01-09,9.43,9.54,9.43,9.46,9283
2018-01-10,9.44,9.45,9.22,9.25,12535
2018-01-11,9.25,9.47,9.25,9.44,16948
2018-01-12,9.43,9.43,9.25,9.28,9805
2018-01-15,9.29,9.36,8.81,8.83,25858
2018-01-16,8.8,8.89,8.55,8.63,29865
2018-01-17,8.67,8.75,8.54,8.67,12382
2018-01-18,8.73,8.73,8.59,8.65,13246
2018-01-19,8.71,8.99,8.61,8.68,28399
2018-01-22,8.6,8.68,8.25,8.66,27724
2018-01-23,8.73,8.73,8.58,8.67,17204
2018-01-24,8.72,8.82,8.6,8.8,27800
2018-01-25,8.82,9.25,8.76,8.99,59770
2018-01-26,8.95,9.08,8.84,8.88,33186
2018-01-29,8.85,9.22,8.8,8.89,32130
2018-01-30,8.74,8.97,8.7,8.78,18264
2018-01-31,8.75,8.78,8.29,8.52,25176
2018-02-01,8.52,8.52,8.01,8.09,27832
2018-02-02,8.07,8.27,7.88,8.01,21010
2018-02-05,7.99,8.11,7.77,7.98,10099
2018-02-06,7.86,7.98,7.27,7.27,22074
2018-02-07,7.34,7.59,7.03,7.27,26436
2018-02-08,7.27,7.48,7.27,7.41,26032
2018-02-09,7.13,7.24,6.59,6.86,48521
2018-02-12,6.79,7.05,6.77,7.02,33299
2018-02-13,7.03,7.44,6.96,7.09,36194
2018-02-14,6.98,7.19,6.98,7.19,24351
2018-02-22,7.73,7.73,7.27,7.31,23361
2018-02-23,7.31,7.43,7.25,7.31,19456
2018-02-26,7.35,7.69,7.35,7.6,28600
2018-02-27,7.54,8.45,7.54,8.45,128471
2018-02-28,8.2,8.79,8.12,8.27,86947
2018-03-01,8.17,8.47,8.05,8.42,65702
2018-03-02,8.26,8.62,8.2,8.36,57449
2018-03-05,8.63,8.68,8.35,8.49,51302
2018-03-06,8.48,8.56,8.39,8.46,45109
2018-03-07,8.45,8.45,8.2,8.25,35540
2018-03-08,8.29,8.45,8.25,8.35,26513
2018-03-09,8.36,9.28,8.36,8.91,100755
2018-03-12,8.82,9.58,8.82,9.42,96981
2018-03-13,9.39,9.4,9.2,9.21,59113
2018-03-14,9.19,9.22,8.95,8.95,44096
2018-03-15,9.03,9.5,9.0,9.48,92022
2018-03-16,9.72,9.72,9.14,9.14,71928
2018-03-19,9.1,9.31,8.89,9.06,57875
2018-03-20,8.96,9.26,8.89,9.09,55422
2018-03-21,9.08,9.47,9.08,9.18,80292
2018-03-22,9.19,9.36,9.1,9.19,46867
2018-03-23,8.79,9.34,8.4,8.88,75908
2018-03-26,8.78,9.86,8.63,9.86,113215
2018-03-27,10.05,10.44,9.7,10.22,178518
2018-03-28,9.87,11.08,9.8,10.61,183632
2018-03-29,10.69,10.98,10.19,10.77,114809
2018-03-30,10.69,11.18,10.57,11.07,120482
2018-04-02,11.24,12.21,10.77,10.97,116041
2018-04-03,10.7,11.08,10.65,10.79,70495
2018-04-04,10.83,11.29,10.67,10.88,84561
2018-04-09,10.64,10.93,10.54,10.67,69820
2018-04-10,10.68,10.73,9.99,10.27,97679
2018-04-11,10.3,10.49,10.2,10.29,64266
2018-04-12,10.29,10.47,10.15,10.19,46312
2018-04-13,10.2,10.45,10.11,10.16,40385
2018-04-16,10.2,10.48,10.2,10.35,63238
2018-04-17,10.29,10.71,9.87,9.93,79572
2018-04-18,9.96,10.49,9.51,10.4,76339
2018-04-19,10.29,10.9,10.25,10.68,121462
2018-04-20,10.63,10.82,10.37,10.74,91307
2018-04-23,10.77,10.77,9.58,9.87,99361
2018-04-24,9.91,10.08,9.52,10.02,56899
2018-04-25,9.85,10.17,9.75,10.03,36593
2018-04-26,9.94,10.42,9.91,10.07,62262
2018-04-27,10.14,10.28,9.79,10.0,40938
2018-05-02,9.9,10.13,9.5,9.67,37945
2018-05-03,9.69,10.15,9.54,10.08,40727
2018-05-04,10.07,10.51,9.92,10.35,53439
2018-05-07,10.35,10.86,10.24,10.72,57568
2018-05-08,10.71,11.07,10.43,10.52,51237
2018-05-09,10.52,10.74,10.45,10.58,27002
2018-05-10,10.61,10.75,10.33,10.5,34494
2018-05-11,10.5,10.54,10.31,10.37,25638
2018-05-14,10.41,10.55,10.28,10.43,19558
2018-05-15,10.35,10.43,9.62,9.97,68680
2018-05-16,9.87,9.97,9.74,9.8,29675
2018-05-17,9.78,9.88,9.53,9.7,24671
2018-05-18,9.59,10.12,9.59,10.04,37545
2018-05-21,10.2,10.22,9.94,9.99,30293
2018-05-22,9.95,10.14,9.85,10.09,35655
2018-05-23,10.09,10.57,10.01,10.36,67034
2018-05-24,10.29,10.76,10.29,10.71,95407
2018-05-25,10.74,10.84,10.31,10.46,54266
2018-05-28,10.39,10.69,10.24,10.49,58616
2018-05-29,10.4,10.63,9.77,9.94,66955
2018-05-30,9.91,10.09,9.55,9.65,43312
2018-05-31,9.8,9.94,9.46,9.86,61969
2018-06-01,9.78,9.93,9.36,9.43,32381
2018-06-04,9.43,9.49,8.84,8.85,39175
2018-06-05,9.01,9.17,8.85,9.13,44955
2018-06-06,9.13,9.19,8.91,8.94,35361
2018-06-07,9.04,9.04,8.52,8.6,42670
2018-06-08,8.73,8.8,8.47,8.73,33593
2018-06-11,8.66,8.74,8.47,8.68,33523
2018-06-12,8.58,8.79,8.41,8.79,30896
2018-06-13,8.69,8.76,8.54,8.54,27311
2018-06-14,8.54,8.64,8.42,8.54,14425
2018-06-15,8.55,8.56,7.97,8.07,28066
2018-06-19,7.94,8.01,7.18,7.19,30674
2018-06-20,7.14,7.62,7.05,7.58,34709
2018-06-21,7.74,7.74,7.32,7.32,27425
2018-06-22,7.32,7.81,7.14,7.81,30199
2018-06-25,7.86,7.93,7.52,7.65,27478
2018-06-26,7.55,8.14,7.51,8.14,37267
2018-06-27,8.09,8.29,7.99,8.06,26413
2018-06-28,8.15,8.15,7.89,7.93,22827
2018-06-29,8.01,8.28,7.85,8.18,46653
2018-07-02,8.18,8.24,8.01,8.07,39647
2018-07-03,8.09,8.41,8.02,8.34,58287
2018-07-04,8.32,8.46,8.22,8.29,40223
2018-07-05,8.32,8.44,8.13,8.14,26140
2018-07-06,8.14,8.4,8.04,8.23,33498
2018-07-09,8.33,8.92,8.33,8.81,55831
2018-07-10,8.81,8.97,8.64,8.83,30209
2018-07-11,8.88,8.89,8.32,8.68,29437
2018-07-12,8.73,9.12,8.72,8.98,33178
2018-07-13,8.98,9.12,8.95,8.95,21050
2018-07-16,8.93,9.12,8.88,9.01,21581
2018-07-17,9.02,9.02,8.68,8.98,28998
2018-07-18,8.95,9.09,8.64,8.64,34340
2018-07-19,8.73,8.99,8.63,8.76,31830
2018-07-20,8.91,8.91,8.54,8.73,30509
2018-07-23,8.75,9.42,8.73,9.34,101098
2018-07-24,9.24,9.52,9.05,9.45,58405
2018-07-25,9.52,9.63,9.28,9.31,33779
2018-07-26,9.31,9.43,9.1,9.2,23524
2018-07-27,9.2,9.29,9.08,9.24,15559
2018-07-30,9.43,9.43,8.87,8.93,29458
2018-07-31,8.94,9.07,8.91,9.01,18247
2018-08-01,9.03,9.49,8.88,8.94,36713
2018-08-02,8.74,8.8,7.96,8.57,60950
2018-08-03,8.54,8.62,8.21,8.23,21334
2018-08-06,8.28,8.44,8.15,8.24,26126
2018-08-07,8.25,8.52,8.23,8.48,26160
2018-08-08,8.54,8.54,8.34,8.38,23111
2018-08-09,8.37,8.85,8.3,8.7,34109
2018-08-10,8.65,8.83,8.62,8.82,20200
2018-08-13,8.75,8.98,8.65,8.96,21351
2018-08-14,8.93,8.93,8.72,8.8,16130
2018-08-15,8.82,8.93,8.62,8.72,25128
2018-08-16,8.59,8.74,8.4,8.66,18892
2018-08-17,8.74,9.1,8.52,8.65,27524
2018-08-20,8.66,8.74,8.34,8.68,20595
2018-08-21,8.65,8.9,8.55,8.88,21273
2018-08-22,8.72,8.87,8.72,8.74,16280
2018-08-23,8.73,8.92,8.73,8.85,16910
2018-08-24,8.87,8.91,8.74,8.79,13277
2018-08-27,8.85,9.06,8.73,8.99,22688
2018-08-28,8.94,9.34,8.92,9.28,39069
2018-08-29,9.24,9.33,9.15,9.28,28790
2018-08-30,9.24,9.31,8.92,9.07,29313
2018-08-31,8.94,9.28,8.94,9.26,20659
2018-09-03,9.35,9.35,8.95,9.33,37090
2018-09-04,9.36,9.53,9.13,9.48,50280
2018-09-05,9.36,9.52,9.22,9.36,36836
2018-09-06,9.41,10.08,9.25,9.85,82925
2018-09-07,9.84,10.09,9.63,9.98,44626
2018-09-10,9.85,9.96,9.57,9.62,33651
2018-09-11,9.68,10.04,9.51,10.04,35751
2018-09-12,9.97,10.67,9.94,10.29,84976
2018-09-13,10.25,10.48,10.07,10.45,58678
2018-09-14,10.36,10.4,9.89,10.03,49169
2018-09-17,9.98,10.13,9.56,9.76,45882
2018-09-18,9.75,10.07,9.52,10.0,51724
2018-09-19,9.94,10.09,9.64,9.99,60319
2018-09-20,9.99,10.02,9.65,9.68,34029
2018-09-21,9.78,9.83,9.47,9.68,45292
2018-09-25,9.65,10.09,9.54,9.89,59105
2018-09-26,9.96,10.27,9.78,10.24,78389
2018-09-27,10.14,10.32,9.94,10.05,45617
2018-09-28,9.95,10.06,9.72,9.96,46706
2018-10-08,9.84,9.93,9.36,9.38,27194
2018-10-09,9.37,9.54,8.79,9.01,61513
2018-10-10,8.94,9.13,8.92,9.05,20677
2018-10-11,8.64,8.82,8.06,8.12,45480
2018-10-12,8.04,8.31,7.68,8.28,45140
2018-10-15,8.3,8.47,8.05,8.12,28376
2018-10-16,8.16,8.42,7.96,8.16,35978
2018-10-17,8.28,8.36,7.76,8.01,46529
2018-10-18,8.02,8.04,7.29,7.45,47227
2018-10-19,7.25,7.66,7.2,7.65,45671
2018-10-22,7.72,8.34,7.72,8.13,59133
2018-10-23,8.14,8.29,7.71,7.9,44534
2018-10-24,7.81,8.03,7.72,7.86,32202
2018-10-25,7.49,7.77,7.44,7.68,28731
2018-10-26,7.87,8.01,7.5,7.52,40560
2018-10-29,7.54,7.65,7.44,7.47,30828
2018-10-30,7.53,7.62,7.27,7.59,30107
2018-10-31,7.6,7.79,7.5,7.73,31565
2018-11-01,7.84,8.03,7.73,7.85,48758
2018-11-02,7.93,8.09,7.88,8.06,49512
2018-11-05,8.0,8.24,7.87,8.05,50323
2018-11-06,8.05,8.07,7.84,8.06,31815
2018-11-07,8.1,8.11,7.84,7.9,52768
2018-11-08,7.93,8.01,7.84,7.85,30066
2018-11-09,7.84,7.9,7.74,7.79,27246
2018-11-12,7.8,8.05,7.76,8.04,45824
2018-11-13,7.94,8.26,7.9,8.23,67778
2018-11-14,8.23,8.23,8.04,8.07,53740
2018-11-15,8.09,8.36,8.02,8.36,72926
2018-11-16,8.34,8.52,8.28,8.34,61107
2018-11-19,8.34,8.43,8.25,8.42,42563
2018-11-20,8.36,8.68,8.07,8.12,66180
2018-11-21,7.95,8.22,7.94,8.16,34914
2018-11-22,8.16,8.21,8.04,8.1,26880
2018-11-23,8.08,8.13,7.46,7.52,53272
2018-11-26,7.46,7.69,7.37,7.53,28639
2018-11-27,7.6,7.71,7.5,7.6,28785
2018-11-28,7.58,7.82,7.45,7.81,31660
2018-11-29,7.85,7.92,7.62,7.62,29132
2018-11-30,7.64,7.76,7.45,7.71,23394
2018-12-03,7.86,8.07,7.86,8.04,37680
2018-12-04,8.04,8.14,7.94,8.05,35418
2018-12-05,7.99,8.05,7.85,7.95,30747
2018-12-06,7.97,8.03,7.77,7.8,26470
2018-12-07,7.78,7.9,7.64,7.72,29328
2018-12-10,7.74,7.77,7.41,7.43,48987
2018-12-11,7.44,7.54,7.22,7.31,68097
2018-12-12,7.32,7.45,7.31,7.4,39073
2018-12-13,7.43,7.54,7.29,7.48,34564
2018-12-14,7.43,7.49,7.17,7.22,43078
2018-12-17,7.21,7.21,6.87,7.03,76602
2018-12-18,6.94,6.99,6.76,6.93,57321
2018-12-19,6.94,7.17,6.84,7.11,86847
2018-12-20,7.0,7.01,6.84,6.89,73604
2018-12-21,6.82,6.87,6.71,6.78,49428
2018-12-24,6.71,6.85,6.71,6.83,33157
2018-12-25,6.68,6.73,6.42,6.69,55639
2018-12-26,6.68,6.71,6.53,6.53,36531
2018-12-27,6.67,6.72,6.29,6.29,67644
2018-12-28,6.38,6.45,6.22,6.26,61895
2019-01-02,6.26,6.39,6.2,6.36,54450
2019-01-03,6.35,6.91,6.33,6.77,126260
2019-01-04,6.65,7.11,6.6,6.94,111282
2019-01-07,7.0,7.46,7.0,7.32,139402
2019-01-08,7.32,7.36,7.15,7.24,87564
2019-01-09,7.28,7.28,7.13,7.13,90496
2019-01-10,7.12,7.25,7.12,7.21,64391
2019-01-11,7.22,7.29,7.1,7.24,56450
2019-01-14,7.2,7.37,7.15,7.22,51970
2019-01-15,7.2,7.4,7.18,7.35,54355
2019-01-16,7.38,7.45,7.21,7.24,48778
2019-01-17,7.24,7.28,7.05,7.07,52791
2019-01-18,7.19,7.23,7.09,7.17,42308
2019-01-21,7.17,7.26,7.06,7.16,48327
2019-01-22,7.16,7.16,6.88,6.93,49593
2019-01-23,6.89,6.99,6.89,6.95,24579
2019-01-24,6.94,7.07,6.78,7.02,49179
2019-01-25,7.02,7.07,6.88,6.88,36400
2019-01-28,6.98,6.99,6.7,6.71,44095
2019-01-29,6.69,6.76,6.39,6.58,43919
2019-01-30,6.6,6.87,6.46,6.66,48967
2019-01-31,6.63,6.82,6.57,6.75,58416
2019-02-01,6.8,6.92,6.69,6.91,51774
2019-02-11,6.94,7.09,6.87,7.09,59003
2019-02-12,7.07,7.2,6.99,7.13,62450
2019-02-13,7.11,7.36,7.08,7.29,102516
2019-02-14,7.32,7.4,7.27,7.34,69126
2019-02-15,7.36,7.43,7.29,7.36,64958
2019-02-18,7.37,7.83,7.37,7.77,103501
2019-02-19,7.74,7.8,7.55,7.8,106587
2019-02-20,7.73,7.84,7.6,7.67,73716
2019-02-21,7.64,8.09,7.64,7.74,155735
2019-02-22,7.74,7.94,7.7,7.92,78580
2019-02-25,8.02,8.59,7.99,8.49,138603
2019-02-26,8.44,9.43,8.19,8.98,169171
2019-02-27,9.05,9.22,8.62,8.71,123845
2019-02-28,8.64,8.93,8.59,8.79,107554
2019-03-01,8.82,8.84,8.56,8.68,72745
2019-03-04,8.74,9.03,8.67,8.8,103559
2019-03-05,8.84,9.06,8.69,9.06,110526
2019-03-06,9.03,9.79,9.03,9.31,140142
2019-03-07,9.3,9.57,9.18,9.37,102923
2019-03-08,9.14,9.56,8.88,8.93,153253
2019-03-11,8.91,9.44,8.91,9.43,89212
2019-03-12,9.55,10.18,9.39,10.04,191310
2019-03-13,9.89,10.21,9.45,9.61,134106
2019-03-14,9.58,9.58,8.84,9.41,128533
2019-03-15,9.41,9.53,9.14,9.26,118827
2019-03-18,9.34,9.42,9.05,9.41,82731
2019-03-19,9.37,9.56,9.24,9.42,86130
2019-03-20,9.38,9.57,9.12,9.46,111909
2019-03-21,9.45,9.6,9.37,9.51,99628
2019-03-22,9.62,9.86,9.49,9.73,116169
2019-03-25,9.59,10.73,9.46,10.11,208072
2019-03-26,10.07,10.27,9.14,9.27,150936
2019-03-27,9.28,9.39,8.94,9.22,89050
2019-03-28,9.22,9.45,9.0,9.0,80342
2019-03-29,9.13,9.49,8.99,9.44,97246
2019-04-01,9.6,9.89,9.52,9.82,117137
2019-04-02,9.88,10.19,9.75,9.8,126796
2019-04-03,9.79,10.41,9.65,10.29,177399
2019-04-04,10.35,10.35,9.96,10.11,123176
2019-04-08,10.27,10.27,9.48,9.76,157339
2019-04-09,9.72,9.86,9.57,9.79,78336
2019-04-10,9.64,9.97,9.55,9.79,85157
2019-04-11,9.79,9.82,9.35,9.39,98335
2019-04-12,9.36,9.52,9.26,9.41,55295
2019-04-15,9.55,9.7,9.2,9.23,74479
2019-04-16,9.23,9.6,9.09,9.58,82747
2019-04-17,9.61,9.82,9.54,9.66,82557
2019-04-18,9.64,9.78,9.5,9.55,82264
2019-04-19,9.57,9.59,9.2,9.5,90963
2019-04-22,9.52,9.56,9.26,9.31,60402
2019-04-23,9.32,9.33,8.96,8.96,70092
2019-04-24,9.0,9.24,8.9,9.2,56737
2019-04-25,9.14,9.22,8.7,8.75,57395
2019-04-26,8.75,8.81,8.59,8.65,59640
2019-04-29,8.64,8.69,8.22,8.33,63723
2019-04-30,8.31,8.55,8.31,8.44,34314
2019-05-06,8.14,8.24,7.51,7.57,70062
2019-05-07,7.66,7.79,7.58,7.74,43602
2019-05-08,7.74,8.26,7.74,7.95,83914
2019-05-09,7.85,8.11,7.76,7.97,60233
2019-05-10,8.02,8.4,7.78,8.36,88934
2019-05-13,8.2,8.39,8.1,8.24,57160
2019-05-14,8.08,8.49,8.04,8.34,92019
2019-05-15,8.41,8.49,8.29,8.43,67724
2019-05-16,8.27,8.61,8.27,8.53,57169
2019-05-17,8.54,8.54,8.18,8.25,63622
2019-05-20,8.26,8.46,8.2,8.38,44095
2019-05-21,8.38,8.55,8.25,8.52,57973
2019-05-22,8.49,8.56,8.29,8.39,47456
2019-05-23,8.34,8.45,8.19,8.26,39394
2019-05-24,8.19,8.3,8.09,8.16,36337
2019-05-27,8.19,8.46,8.1,8.42,43938
2019-05-28,8.38,8.48,8.32,8.36,39557
2019-05-29,8.36,8.52,8.31,8.43,38592
2019-05-30,8.38,8.47,8.23,8.35,34535
2019-05-31,8.34,8.45,8.22,8.3,34864
2019-06-03,8.32,8.36,7.91,8.03,48587
2019-06-04,8.03,8.06,7.83,7.9,29006
2019-06-05,7.93,8.07,7.77,7.84,39613
2019-06-06,7.84,7.91,7.6,7.65,30114
2019-06-10,7.65,7.82,7.63,7.75,24439
2019-06-11,7.86,8.12,7.69,8.11,39264
2019-06-12,8.06,8.14,7.99,8.04,33111
2019-06-13,8.06,8.24,8.0,8.14,30812
2019-06-14,8.14,8.28,7.84,7.9,33545
2019-06-17,7.95,8.02,7.8,7.88,23799
2019-06-18,7.85,7.99,7.83,7.86,19039
2019-06-19,8.0,8.13,7.98,8.05,34682
2019-06-20,8.04,8.33,7.96,8.28,49516
2019-06-21,8.38,8.55,8.31,8.45,71535
2019-06-24,8.45,8.71,8.37,8.59,66178
2019-06-25,8.56,8.68,8.38,8.6,43730
2019-06-26,8.55,8.57,8.36,8.5,42197
2019-06-27,8.54,8.69,8.41,8.6,40086
2019-06-28,8.55,8.62,8.39,8.49,37607
2019-07-01,8.69,8.77,8.58,8.6,74308
2019-07-02,8.67,8.71,8.58,8.62,51102
2019-07-03,8.55,8.62,8.29,8.48,72905
2019-07-04,8.5,8.82,8.46,8.7,126223
2019-07-05,8.79,8.86,8.6,8.8,97701
2019-07-08,8.85,8.85,8.35,8.43,81230
2019-07-09,8.45,8.49,8.21,8.38,51170
2019-07-10,8.39,8.6,8.24,8.29,55620
2019-07-11,8.31,8.47,8.09,8.22,57097
2019-07-12,8.27,8.63,8.13,8.58,77904
2019-07-15,8.61,8.87,8.5,8.85,111599
2019-07-16,8.73,8.95,8.73,8.84,78882
2019-07-17,8.91,9.06,8.8,8.83,108596
2019-07-18,8.78,9.2,8.71,8.85,112041
2019-07-19,8.99,9.05,8.78,8.93,67866
2019-07-22,8.78,8.83,8.45,8.52,78739
2019-07-23,8.61,9.31,8.54,9.18,134577
2019-07-24,9.18,9.38,9.08,9.18,150054
2019-07-25,9.18,9.3,9.11,9.21,101175
2019-07-26,9.2,9.61,9.1,9.47,148052
2019-07-29,9.39,9.57,9.33,9.5,118958
2019-07-30,9.4,9.49,9.15,9.21,153000
2019-07-31,9.17,9.31,9.15,9.2,88608
2019-08-01,9.15,9.26,8.88,9.09,117482
2019-08-02,8.86,9.0,8.78,8.89,86619
2019-08-05,8.92,9.07,8.56,8.63,106675
2019-08-06,8.39,8.51,8.11,8.34,120811
2019-08-07,8.38,8.41,8.0,8.01,86633
2019-08-08,8.06,8.31,8.04,8.2,76075
2019-08-09,8.28,8.42,8.08,8.19,83684
2019-08-12,8.13,8.32,8.11,8.31,71922
2019-08-13,8.19,8.28,8.16,8.24,58638
2019-08-14,8.37,8.42,8.25,8.33,66781
2019-08-15,8.05,8.39,7.98,8.35,71295
2019-08-16,8.33,8.58,8.32,8.45,70647
2019-08-19,8.5,8.85,8.46,8.82,96954
2019-08-20,8.87,9.04,8.8,8.86,98160
2019-08-21,8.89,8.99,8.77,8.94,78027
2019-08-22,8.94,9.14,8.88,9.05,92075
2019-08-23,9.06,9.13,8.86,8.93,68026
2019-08-26,8.72,9.28,8.72,9.11,104561
2019-08-27,9.14,9.23,9.03,9.22,114250
2019-08-28,9.18,9.43,9.07,9.1,124059
2019-08-29,9.16,9.33,9.06,9.2,120981
2019-08-30,9.34,9.76,9.23,9.46,318933
2019-09-02,9.54,10.49,9.54,10.49,271282
2019-09-03,11.16,11.62,10.89,11.62,556826
2019-09-04,11.29,12.65,11.29,12.08,584038
2019-09-05,12.06,12.86,11.79,12.14,536067
2019-09-06,12.08,12.56,11.89,12.38,401012
2019-09-09,12.33,12.91,12.08,12.88,389109
2019-09-10,12.69,12.92,12.06,12.39,373911
2019-09-11,12.25,12.48,12.08,12.22,227964
2019-09-12,12.26,12.27,11.78,12.09,212302
2019-09-16,12.1,12.23,11.89,12.18,206327
2019-09-17,12.12,12.12,11.08,11.33,320233
2019-09-18,11.48,11.5,11.19,11.28,173830
2019-09-19,11.38,11.53,11.13,11.44,217712
2019-09-20,11.49,11.5,11.06,11.22,231333
2019-09-23,11.22,11.35,10.85,11.12,179106
2019-09-24,11.15,11.35,10.94,11.11,193779
2019-09-25,11.1,11.22,10.67,10.73,156016
2019-09-26,10.8,11.0,10.31,10.36,177732
2019-09-27,10.46,10.52,10.28,10.36,123376
2019-09-30,10.42,10.46,10.1,10.12,126412
2019-10-08,10.15,10.44,10.08,10.15,108803
2019-10-09,10.25,10.54,10.09,10.54,151047
2019-10-10,10.53,10.6,10.35,10.58,127191
2019-10-11,10.56,10.72,10.43,10.51,141744
2019-10-14,10.61,10.79,10.52,10.72,120593
2019-10-15,10.77,10.84,10.44,10.53,137257
2019-10-16,10.55,10.68,10.23,10.31,108207
2019-10-17,10.42,10.71,10.35,10.47,124465
2019-10-18,10.53,10.55,10.17,10.2,101050
2019-10-21,10.22,10.35,9.73,10.35,92865
2019-10-22,10.28,10.42,10.21,10.38,74623
2019-10-23,10.42,10.42,10.03,10.09,77193
2019-10-24,10.06,10.22,9.88,10.1,61253
2019-10-25,10.08,10.23,9.88,10.19,76896
2019-10-28,10.23,10.48,10.1,10.48,101918
2019-10-29,10.47,10.47,10.13,10.13,87369
2019-10-30,10.05,10.06,9.64,9.64,103351
2019-10-31,9.7,9.98,9.56,9.64,107170
2019-11-01,9.49,9.86,9.49,9.72,93961
2019-11-04,9.76,9.82,9.62,9.69,67753
2019-11-05,9.69,9.86,9.46,9.77,82241
2019-11-06,9.78,10.33,9.78,9.97,146821
2019-11-07,9.88,9.93,9.65,9.77,90804
2019-11-08,9.84,9.94,9.58,9.65,77173
2019-11-11,9.51,9.54,9.14,9.18,85966
2019-11-12,9.28,9.36,9.15,9.27,65485
2019-11-13,9.23,9.27,9.07,9.18,57400
2019-11-14,9.22,9.35,9.2,9.28,49812
2019-11-15,9.28,9.39,9.14,9.17,52152
2019-11-18,9.18,9.35,9.03,9.3,57505
2019-11-19,9.36,9.64,9.25,9.56,79260
2019-11-20,9.58,9.96,9.58,9.69,123228
2019-11-21,9.62,9.93,9.59,9.77,61806
2019-11-22,9.69,9.87,9.52,9.59,68018
2019-11-25,9.58,9.68,9.42,9.6,44876
2019-11-26,9.59,9.66,9.39,9.48,44557
2019-11-27,9.47,9.55,9.34,9.48,32352
2019-11-28,9.45,9.83,9.39,9.71,65845
2019-11-29,9.71,9.98,9.6,9.95,82461
2019-12-02,9.91,9.93,9.75,9.84,79361
2019-12-03,9.79,10.11,9.75,10.09,81003
2019-12-04,10.0,10.16,9.98,10.03,61608
2019-12-05,10.06,10.16,9.93,10.05,95500
2019-12-06,9.96,10.14,9.96,10.07,54476
2019-12-09,10.07,10.41,10.05,10.24,92761
2019-12-10,10.17,10.21,9.97,10.2,66776
2019-12-11,10.2,10.3,10.13,10.15,49943
2019-12-12,10.1,10.24,10.03,10.13,53271
2019-12-13,10.21,10.33,10.1,10.3,79443
2019-12-16,10.32,10.67,10.28,10.62,119756
2019-12-17,10.66,10.94,10.61,10.62,131982
2019-12-18,10.72,10.91,10.6,10.83,125389
2019-12-19,10.84,11.01,10.67,10.95,98176
2019-12-20,10.9,10.93,10.53,10.55,105642
2019-12-23,10.72,10.96,10.39,10.41,129476
2019-12-24,10.34,10.58,10.25,10.55,82738
2019-12-25,10.53,10.75,10.4,10.64,86454
2019-12-26,10.57,10.73,10.5,10.73,82706
2019-12-27,10.77,10.82,10.46,10.47,99360
2019-12-30,10.37,10.53,10.1,10.51,71133
2019-12-31,10.48,10.62,10.36,10.56,64892
2020-01-02,10.64,10.84,10.49,10.79,87714
2020-01-03,10.8,11.08,10.75,11.07,132378
2020-01-06,11.09,11.4,10.98,11.2,154964
2020-01-07,11.18,11.2,10.94,11.12,148324
2020-01-08,11.13,11.35,10.84,10.95,176571
2020-01-09,11.01,11.21,10.89,11.16,136495
2020-01-10,11.22,11.23,10.87,10.89,109347
2020-01-13,10.89,11.02,10.79,11.02,84698
2020-01-14,11.06,11.12,10.88,10.89,81347
2020-01-15,10.88,10.93,10.68,10.79,80965
2020-01-16,10.82,11.03,10.75,10.76,83882
2020-01-17,10.78,10.92,10.69,10.7,66672
2020-01-20,10.73,11.28,10.62,11.16,158331
2020-01-21,11.11,11.14,10.63,10.68,137977
2020-01-22,10.57,10.73,10.29,10.63,99067
2020-01-23,10.43,10.61,9.99,10.1,110104
2020-02-03,9.01,9.01,9.01,9.01,31004
2020-02-04,8.4,9.08,8.4,9.03,125247
2020-02-05,9.08,9.37,9.06,9.16,106531
2020-02-06,9.19,9.57,9.12,9.48,117624
2020-02-07,9.48,9.84,9.34,9.83,136352
2020-02-10,9.74,9.95,9.69,9.87,86690
2020-02-11,9.86,9.93,9.64,9.78,83744
2020-02-12,9.75,10.04,9.73,10.01,81343
2020-02-13,10.04,10.44,9.93,10.14,134633
2020-02-14,10.03,10.26,9.93,10.05,89969
2020-02-17,10.04,10.91,10.04,10.88,191210
2020-02-18,10.89,11.13,10.78,11.02,178135
2020-02-19,11.03,11.17,10.78,10.79,189581
2020-02-20,10.87,10.98,10.57,10.95,168307
2020-02-21,10.88,11.26,10.88,11.15,182755
2020-02-24,11.33,11.49,11.12,11.36,202851
2020-02-25,11.09,12.08,11.0,12.06,332923
2020-02-26,11.8,11.9,11.21,11.27,240503
2020-02-27,11.33,11.45,10.91,11.14,152083
2020-02-28,10.66,10.91,10.06,10.07,178027
2020-03-02,10.28,11.02,10.18,10.84,160068
2020-03-03,11.06,11.44,10.87,11.06,169102
2020-03-04,11.12,11.43,10.9,11.33,173393
2020-03-05,11.47,11.57,11.2,11.31,158600
2020-03-06,11.14,11.21,11.0,11.03,134507
2020-03-09,10.88,10.88,10.22,10.25,156497
2020-03-10,10.18,10.63,10.05,10.63,128805
2020-03-11,10.69,11.03,10.49,10.49,138946
2020-03-12,10.28,10.38,10.11,10.26,100585
2020-03-13,9.74,10.33,9.68,10.19,113505
2020-03-16,10.29,10.33,9.36,9.45,106738
2020-03-17,9.59,9.73,9.2,9.57,79514
2020-03-18,9.63,9.84,9.33,9.35,86534
2020-03-19,9.43,9.62,9.29,9.59,72840
2020-03-20,9.69,9.81,9.62,9.78,72973
2020-03-23,9.48,9.58,9.18,9.19,71692
2020-03-24,9.39,9.52,9.18,9.51,61103
2020-03-25,9.75,9.78,9.57,9.68,65051
2020-03-26,9.62,9.64,9.37,9.44,54908
2020-03-27,9.56,9.62,9.38,9.4,55088
2020-03-30,9.26,9.3,8.99,9.14,57343
2020-03-31,9.27,9.34,9.14,9.29,48059
2020-04-01,9.43,9.6,9.33,9.43,65443
2020-04-02,9.4,9.75,9.36,9.75,88143
2020-04-03,9.78,9.78,9.54,9.63,58547
2020-04-07,9.83,9.99,9.77,9.87,85175
2020-04-08,9.86,10.08,9.79,9.99,85743
2020-04-09,10.07,10.18,9.92,10.01,78257
2020-04-10,10.05,10.05,9.68,9.78,76425
2020-04-13,9.68,9.69,9.41,9.58,75134
2020-04-14,9.58,9.77,9.56,9.74,62929
2020-04-15,9.74,9.86,9.64,9.67,65799
2020-04-16,9.6,9.85,9.54,9.81,68994
2020-04-17,9.9,10.1,9.83,10.0,122443
2020-04-20,9.98,10.04,9.86,10.01,71875
2020-04-21,10.01,10.02,9.84,9.97,61055
2020-04-22,9.89,10.01,9.81,9.98,56538
2020-04-23,10.0,10.2,9.88,10.13,107333
2020-04-24,10.06,10.1,9.78,9.9,81215
2020-04-27,9.87,9.9,9.62,9.66,55443
2020-04-28,9.7,9.71,9.05,9.34,88763
2020-04-29,9.31,9.5,9.27,9.46,44222
2020-04-30,9.54,9.82,9.49,9.78,72459
2020-05-06,9.67,9.99,9.61,9.98,88163
2020-05-07,9.98,10.03,9.88,9.89,65939
2020-05-08,9.94,10.17,9.94,10.05,87457
2020-05-11,10.12,10.2,9.94,10.03,66615
2020-05-12,10.07,10.07,9.85,10.03,60029
2020-05-13,9.98,10.03,9.9,10.02,50508
2020-05-14,9.98,10.23,9.92,10.06,92959
2020-05-15,10.17,10.53,10.16,10.42,186338
2020-05-18,10.45,10.83,10.33,10.46,193019
2020-05-19,10.51,10.56,10.35,10.43,100873
2020-05-20,10.4,10.46,10.02,10.08,132994
2020-05-21,10.11,10.22,9.85,9.93,89428
2020-05-22,9.87,9.96,9.65,9.72,67675
2020-05-25,9.72,9.78,9.53,9.64,49201
2020-05-26,9.66,9.93,9.66,9.91,60461
2020-05-27,9.9,9.97,9.74,9.8,70120
2020-05-28,9.87,9.88,9.48,9.73,59365
2020-05-29,9.62,9.81,9.61,9.77,43676
2020-06-01,9.81,10.16,9.8,10.09,81905
2020-06-02,10.08,10.21,10.04,10.15,65481
2020-06-03,10.17,10.21,10.01,10.03,72734
2020-06-04,10.05,10.14,9.95,10.08,48321
2020-06-05,10.1,10.35,10.1,10.31,124360
2020-06-08,10.39,10.39,10.14,10.19,71202
2020-06-09,10.26,10.33,10.16,10.28,54638
2020-06-10,10.28,10.28,10.06,10.2,66639
2020-06-11,10.2,10.26,9.9,10.0,81389
2020-06-12,9.74,10.05,9.64,9.94,85315
2020-06-15,9.91,10.12,9.86,9.93,73489
2020-06-16,10.03,10.22,10.03,10.21,69555
2020-06-17,10.29,10.4,10.2,10.34,93111
2020-06-18,10.28,10.33,10.18,10.29,58717
2020-06-19,10.28,10.47,10.24,10.43,88600
2020-06-22,10.53,10.66,10.35,10.47,100329
2020-06-23,10.46,10.61,10.41,10.46,74566
2020-06-24,10.46,10.5,10.31,10.45,82044
2020-06-29,10.45,10.77,10.34,10.57,108415
2020-06-30,10.61,10.65,10.5,10.59,80384
2020-07-01,10.59,10.77,10.36,10.53,103783
2020-07-02,10.52,10.68,10.41,10.66,115358
2020-07-03,10.66,11.22,10.65,11.22,233124
2020-07-06,11.36,11.74,11.17,11.58,205548
2020-07-07,11.96,12.18,11.63,11.84,253618
2020-07-08,11.83,12.46,11.79,12.36,190196
2020-07-09,12.38,12.75,12.14,12.48,198631
2020-07-10,12.42,12.88,12.28,12.47,181489
2020-07-13,12.43,13.1,12.43,12.96,138311
2020-07-14,12.96,13.25,12.51,12.83,164137
2020-07-15,12.86,12.96,12.18,12.38,158201
2020-07-16,12.4,12.73,11.76,11.79,146247
2020-07-17,11.96,12.53,11.83,12.15,148850
2020-07-20,12.38,13.45,12.32,13.28,324122
2020-07-21,13.1,13.11,12.14,12.23,336790
2020-07-22,12.11,13.5,11.96,13.11,346350
2020-07-23,13.07,13.56,12.69,13.45,297842
2020-07-24,13.36,13.66,12.48,12.57,312187
2020-07-27,12.7,12.83,12.1,12.54,174497
2020-07-28,12.62,12.83,12.22,12.5,129260
2020-07-29,12.41,13.01,12.29,12.96,133086
2020-07-30,12.98,13.32,12.78,12.86,124690
2020-07-31,13.0,13.27,12.63,12.85,128164
2020-08-03,13.03,14.22,12.96,14.22,228464
2020-08-04,14.27,14.72,13.93,14.04,354369
2020-08-05,14.16,14.47,13.93,14.34,198526
2020-08-06,14.4,14.86,13.87,14.27,275024
2020-08-07,14.03,14.35,13.66,14.1,210515
2020-08-10,14.12,14.7,13.72,13.79,224533
2020-08-11,13.77,14.02,13.26,13.31,170503
2020-08-12,13.18,13.35,12.49,12.81,155999
2020-08-13,12.76,13.02,12.53,12.76,99271
2020-08-14,12.68,14.11,12.54,14.11,367847
2020-08-17,14.11,14.71,13.91,14.69,336456
2020-08-18,14.67,14.76,14.25,14.44,223528
2020-08-19,14.49,14.58,13.73,13.85,161985
2020-08-20,13.91,13.99,13.23,13.29,128062
2020-08-21,13.49,14.25,13.26,13.49,205881
2020-08-24,13.53,14.0,13.03,13.75,153415
2020-08-25,13.73,13.81,13.31,13.57,109269
2020-08-26,13.42,14.71,13.13,13.98,279278
2020-08-27,13.82,13.86,12.91,13.78,218685
2020-08-28,13.63,15.11,13.49,14.61,338304
2020-08-31,14.74,15.51,14.53,14.96,366016
2020-09-01,15.03,15.63,14.88,15.34,339142
2020-09-02,15.43,15.53,14.92,15.35,251889
2020-09-03,15.13,15.26,14.49,15.03,240714
2020-09-04,14.69,15.35,14.64,15.3,187984
2020-09-07,15.06,15.15,14.33,14.53,211139
2020-09-08,14.55,14.86,14.2,14.8,139151
2020-09-09,14.64,16.36,14.41,15.49,378811
2020-09-10,15.51,15.73,13.73,13.73,334864
2020-09-11,13.43,14.49,13.43,14.04,196392
2020-09-14,14.12,14.9,13.75,14.67,205735
2020-09-15,14.54,15.11,14.3,14.5,181388
2020-09-16,14.4,14.52,13.73,13.91,150927
2020-09-17,13.93,13.93,13.53,13.75,111777
2020-09-18,13.78,14.31,13.71,14.15,157140
2020-09-21,14.18,16.64,14.15,15.7,529481
2020-09-22,15.74,16.67,15.53,16.03,564572
2020-09-23,16.03,16.23,15.64,15.88,274580
2020-09-24,15.79,15.89,15.27,15.29,195583
2020-09-25,15.38,15.64,15.08,15.19,180037
2020-09-28,15.32,15.4,14.73,14.8,138383
2020-09-29,14.98,15.92,14.79,15.78,252092
2020-09-30,15.67,15.83,15.35,15.58,188412
2020-10-09,15.93,16.13,15.49,15.83,278114
2020-10-12,15.83,17.03,15.72,16.96,354727
2020-10-13,16.63,16.82,16.24,16.73,243156
2020-10-14,16.59,17.73,16.03,16.13,355689
2020-10-15,15.73,16.8,15.61,16.44,235158
2020-10-16,16.26,16.37,15.7,15.95,183766
2020-10-19,16.01,16.58,15.83,16.29,153391
2020-10-20,16.16,16.33,15.75,16.29,125626
2020-10-21,16.31,16.37,15.39,15.46,169663
2020-10-22,15.47,15.48,15.01,15.36,103420
2020-10-23,15.4,15.7,15.23,15.3,89647
2020-10-26,15.31,15.62,15.03,15.39,78439
2020-10-27,15.41,15.61,15.06,15.16,89175
2020-10-28,15.39,15.99,15.34,15.98,192062
2020-10-29,15.68,15.85,15.34,15.51,137844
2020-10-30,15.51,16.17,15.21,15.58,177161
2020-11-02,15.31,15.51,13.83,14.22,283145
2020-11-03,14.19,14.41,14.06,14.35,140964
2020-11-04,14.27,14.36,13.58,14.11,169336
2020-11-05,14.11,14.27,13.8,14.07,127121
2020-11-06,14.06,14.2,13.38,13.45,150656
2020-11-09,13.57,14.05,13.47,13.92,136767
2020-11-10,13.94,14.19,13.71,13.99,101271
2020-11-11,13.91,14.19,13.83,13.95,99626
2020-11-12,13.9,13.98,13.56,13.7,59786
2020-11-13,13.63,14.27,13.43,14.12,105418
2020-11-16,14.13,14.36,13.87,14.04,73928
2020-11-17,14.11,14.12,13.47,13.71,71203
2020-11-18,13.69,14.1,13.63,14.0,60439
2020-11-19,13.92,14.58,13.72,14.53,139898
2020-11-20,14.58,14.72,14.23,14.39,110890
2020-11-23,14.25,14.41,14.03,14.2,94837
2020-11-24,14.21,14.66,14.13,14.33,89983
2020-11-25,14.28,14.33,13.91,13.92,72943
2020-11-26,13.9,14.31,13.73,14.05,73052
2020-11-27,14.11,14.55,13.94,14.27,109204
2020-11-30,14.19,14.49,14.08,14.11,85439
2020-12-01,14.12,14.39,14.05,14.26,75345
2020-12-02,14.28,14.58,14.26,14.54,93368
2020-12-03,14.41,14.55,14.17,14.25,66883
2020-12-04,14.17,14.37,14.03,14.29,55846
2020-12-07,14.28,14.49,14.14,14.17,66308
2020-12-08,14.12,14.33,14.12,14.2,45024
2020-12-09,14.22,14.22,13.41,13.45,113492
2020-12-10,13.41,13.61,13.0,13.16,83253
2020-12-11,13.23,13.23,12.54,12.81,78255
2020-12-14,12.78,13.3,12.66,13.14,59852
2020-12-15,13.06,13.22,12.98,13.14,41325
2020-12-16,13.14,13.15,12.82,12.95,42151
2020-12-17,12.83,13.17,12.62,13.16,59938
2020-12-18,13.15,13.47,13.03,13.08,53226
2020-12-21,12.88,13.38,12.83,13.36,57546
2020-12-22,13.31,13.45,12.81,12.89,65612
2020-12-23,12.89,13.49,12.83,13.49,107554
2020-12-24,13.48,14.08,13.48,13.62,142979
2020-12-25,13.49,13.86,13.49,13.68,78230
2020-12-28,13.53,14.0,13.51,13.71,67771
2020-12-29,13.92,14.07,13.54,13.74,91588
2020-12-30,13.69,13.96,13.23,13.75,91421
2020-12-31,13.75,14.3,13.72,14.18,107032
2021-01-04,14.5,15.18,14.31,14.99,197341
2021-01-05,14.98,15.41,14.65,15.15,193845
2021-01-06,15.88,15.88,14.89,15.11,248172
2021-01-07,14.9,15.21,14.44,14.63,176930
2021-01-08,14.68,14.97,14.32,14.62,138535
2021-01-11,14.76,15.06,14.24,14.53,173767
2021-01-12,14.43,15.6,14.39,15.41,218732
2021-01-13,15.43,15.76,15.09,15.44,183559
2021-01-14,15.31,15.43,14.55,14.59,157462
2021-01-15,14.48,14.89,14.3,14.6,87630
2021-01-18,14.64,15.29,14.53,15.22,122031
2021-01-19,15.08,15.22,14.74,14.86,87537
2021-01-20,14.79,15.28,14.6,15.27,121684
2021-01-21,15.11,15.46,15.0,15.16,130601
2021-01-22,15.05,15.07,14.34,14.48,135014
2021-01-25,14.5,14.7,13.35,13.45,170462
2021-01-26,13.34,13.34,12.44,12.61,177446
2021-01-27,12.64,12.72,12.18,12.22,131331
2021-01-28,12.11,12.86,12.0,12.43,127693
2021-01-29,12.5,12.55,12.08,12.35,56840
2021-02-01,12.31,12.52,12.14,12.23,52223
2021-02-02,12.23,12.28,11.82,11.99,87348
2021-02-03,11.98,11.98,11.41,11.44,95348
2021-02-04,11.41,11.61,10.87,11.04,84615
2021-02-05,11.34,11.66,10.87,10.93,94432
2021-02-08,10.88,11.07,10.63,10.77,66537
2021-02-09,11.11,11.66,11.04,11.55,91044
2021-02-10,11.43,11.55,11.31,11.51,59674
2021-02-18,11.82,12.12,11.63,11.84,70823
2021-02-19,11.81,12.16,11.73,12.1,57318
2021-02-22,12.2,12.62,12.08,12.25,103727
2021-02-23,12.22,12.5,11.89,12.31,79446
2021-02-24,12.29,12.47,12.14,12.28,68968
2021-02-25,12.32,12.39,12.03,12.06,51555
2021-02-26,11.96,12.3,11.91,12.1,46726
2021-03-01,12.21,12.66,12.08,12.61,85020
2021-03-02,12.68,12.71,12.38,12.46,61398
2021-03-03,12.4,12.51,12.36,12.47,44795
2021-03-04,12.37,12.66,12.35,12.4,66166
2021-03-05,12.27,12.52,12.22,12.45,44095
2021-03-08,12.54,12.56,11.88,11.97,75187
2021-03-09,11.94,12.03,11.41,11.48,63527
2021-03-10,11.6,11.73,11.14,11.22,56174
2021-03-11,11.3,11.65,11.18,11.57,44068
2021-03-12,11.57,11.6,11.31,11.47,37337
2021-03-15,11.57,11.69,11.45,11.63,43702
2021-03-16,11.57,11.76,11.52,11.7,33845
2021-03-17,11.78,11.79,11.49,11.62,51969
2021-03-18,11.87,12.26,11.87,12.12,99490
2021-03-19,12.0,12.44,11.96,12.26,103572
2021-03-22,12.2,12.58,12.16,12.48,85041
2021-03-23,12.47,12.58,12.33,12.47,60453
2021-03-24,12.39,12.57,12.15,12.33,57855
2021-03-25,12.28,12.47,12.12,12.39,49926
2021-03-26,12.35,12.49,12.33,12.44,46179
2021-03-29,12.45,12.88,12.38,12.57,84276
2021-03-30,12.51,12.89,12.39,12.63,66679
2021-03-31,12.59,12.59,12.27,12.5,53870
2021-04-01,12.5,12.52,12.31,12.36,38202
2021-04-02,12.37,12.46,12.26,12.28,36207
2021-04-06,12.28,12.61,12.28,12.57,47868
2021-04-07,12.46,12.5,12.32,12.43,39302
2021-04-08,12.41,12.53,12.31,12.31,38483
2021-04-09,12.3,12.76,12.29,12.56,82068
2021-04-12,12.52,12.91,12.29,12.32,93365
2021-04-13,12.24,12.38,12.05,12.1,54227
2021-04-14,12.14,12.75,12.08,12.57,62454
2021-04-15,12.55,12.69,12.4,12.63,40231
2021-04-16,12.62,12.75,12.49,12.67,48072
2021-04-19,12.78,13.17,12.66,13.11,91980
2021-04-20,13.04,13.1,12.89,12.9,53887
2021-04-21,12.93,12.97,12.75,12.81,40955
2021-04-22,12.83,12.97,12.73,12.8,38204
2021-04-23,12.82,12.82,12.37,12.55,59004
2021-04-26,12.61,12.96,12.49,12.77,58561
2021-04-27,12.73,12.73,12.39,12.52,42261
2021-04-28,12.47,12.54,12.25,12.31,39442
2021-04-29,12.32,12.46,12.21,12.31,28488
2021-04-30,12.35,12.39,12.03,12.09,42026
2021-05-06,12.11,12.35,11.95,12.28,29484
2021-05-07,12.23,12.36,12.0,12.03,32038
2021-05-10,12.01,12.09,11.79,11.85,30177
2021-05-11,11.86,12.11,11.8,12.03,24497
2021-05-12,11.98,12.12,11.9,12.01,27869
2021-05-13,11.91,12.11,11.91,11.96,24697
2021-05-14,11.98,12.27,11.94,12.22,37448
2021-05-17,12.25,12.36,12.07,12.1,35102
2021-05-18,12.11,12.38,11.93,12.35,54271
2021-05-19,12.29,12.42,12.2,12.22,39736
2021-05-20,12.15,12.31,12.06,12.08,39050
2021-05-21,12.08,12.18,11.8,11.81,39526
2021-05-24,11.85,12.28,11.85,12.19,54493
2021-05-25,12.23,12.43,12.03,12.42,54103
2021-05-26,12.42,12.98,12.39,12.73,103003
2021-05-27,12.73,12.88,12.61,12.8,55377
2021-05-28,12.86,12.98,12.63,12.76,48278
2021-05-31,12.67,13.53,12.67,13.5,118382
2021-06-01,13.5,13.61,13.23,13.33,63385
2021-06-02,13.3,13.38,13.03,13.11,49376
2021-06-03,13.15,13.68,12.98,13.43,90187
2021-06-04,13.34,14.26,13.26,14.09,135922
2021-06-07,14.3,14.77,14.16,14.42,129526
2021-06-08,14.37,14.59,14.11,14.51,79370
2021-06-09,14.58,14.7,14.11,14.39,69597
2021-06-10,14.39,14.56,14.21,14.39,47563
2021-06-11,14.31,14.39,13.98,14.11,57528
2021-06-15,14.19,14.35,13.88,14.15,53264
2021-06-16,14.18,14.37,13.91,14.27,46310
2021-06-17,14.21,14.28,13.72,14.14,82860
2021-06-18,14.18,14.58,14.06,14.33,59963
2021-06-21,14.46,14.7,14.22,14.65,61312
2021-06-22,14.63,14.99,14.45,14.73,72248
2021-06-23,14.68,14.88,14.48,14.63,35629
2021-06-24,14.7,14.78,14.32,14.44,53682
2021-06-25,14.52,14.6,14.23,14.35,56302
2021-06-28,14.3,14.78,14.3,14.59,43306
2021-06-29,14.57,14.87,14.41,14.45,51708
2021-06-30,14.51,14.62,14.41,14.48,32633
2021-07-01,14.49,14.6,13.78,13.83,66099
2021-07-02,13.98,14.03,13.66,13.91,35489
2021-07-05,13.91,14.27,13.84,14.2,48650
2021-07-06,14.19,14.59,14.04,14.42,53660
2021-07-07,14.99,16.23,14.94,15.63,183958
2021-07-08,15.6,16.76,15.41,16.25,187211
2021-07-09,16.28,16.9,15.92,16.2,188942
2021-07-12,16.18,16.27,15.51,15.57,132518
2021-07-13,15.67,15.74,15.06,15.25,116732
2021-07-14,15.14,15.2,14.59,14.83,112504
2021-07-15,14.95,15.17,14.7,14.95,70852
2021-07-16,14.86,15.73,14.69,15.37,129663
2021-07-19,15.5,16.0,15.07,15.29,131424
2021-07-20,15.16,16.2,14.9,15.86,143947
2021-07-21,15.84,15.97,15.59,15.83,77609
2021-07-22,15.98,15.98,15.36,15.57,68756
2021-07-23,15.43,15.93,15.18,15.77,93332
2021-07-26,15.74,16.66,15.66,16.25,179847
2021-07-27,16.06,16.53,15.08,15.17,134187
2021-07-28,15.23,15.43,13.9,14.05,141355
2021-07-29,14.34,15.19,14.28,14.82,131016
2021-07-30,14.8,14.96,14.63,14.81,69613
2021-08-02,14.82,16.28,14.59,16.27,145961
2021-08-03,16.43,16.43,15.74,15.85,79116
2021-08-04,15.78,17.16,15.78,16.89,123210
2021-08-05,16.78,17.27,16.58,16.99,126540
2021-08-06,16.87,18.17,16.72,17.94,195207
2021-08-09,18.11,19.05,17.75,18.05,241620
2021-08-10,17.76,19.84,17.75,18.93,293256
2021-08-11,18.58,19.18,18.29,18.73,166746
2021-08-12,18.46,18.91,17.86,18.19,159555
2021-08-13,18.19,19.51,18.13,18.94,186030
2021-08-16,18.87,19.97,18.26,18.58,153907
2021-08-17,18.66,19.16,18.14,18.3,122312
2021-08-18,18.3,19.27,18.18,18.69,128297
2021-08-19,18.7,20.46,18.13,20.08,253231
2021-08-20,19.58,19.97,18.88,19.22,157815
2021-08-23,19.28,20.62,19.28,20.23,182175
2021-08-24,19.33,20.03,18.88,19.88,189112
2021-08-25,19.68,20.16,18.89,19.28,168099
2021-08-26,19.13,19.98,18.69,18.97,133822
2021-08-27,18.68,19.35,18.28,18.88,133377
2021-08-30,18.6,19.78,18.6,19.37,148419
2021-08-31,19.28,19.75,18.94,19.21,98532
2021-09-01,19.2,19.25,16.81,17.86,210655
2021-09-02,17.76,18.38,17.73,18.26,118108
2021-09-03,18.27,18.28,16.9,17.47,131500
2021-09-06,17.43,17.63,16.89,17.58,78702
2021-09-07,17.58,18.17,17.48,17.86,86164
2021-09-08,17.83,17.98,17.23,17.37,87929
2021-09-09,17.38,18.03,17.33,17.9,89535
2021-09-10,17.88,17.88,17.16,17.58,100113
2021-09-13,17.57,17.58,16.83,16.99,86395
2021-09-14,16.96,17.43,16.68,16.87,69355
2021-09-15,16.78,17.01,16.28,16.68,93462
2021-09-16,16.63,16.78,16.03,16.2,66479
2021-09-17,16.21,16.49,15.52,15.85,66819
2021-09-22,15.71,16.28,15.55,16.18,57954
2021-09-23,16.16,16.44,15.99,16.3,52752
2021-09-24,16.23,16.33,15.8,15.89,40778
2021-09-27,15.87,16.01,15.13,15.36,62265
2021-09-28,15.32,15.58,15.32,15.38,36137
2021-09-29,15.23,15.41,14.76,14.83,50223
2021-09-30,15.01,15.07,14.83,15.0,27825
2021-10-08,15.03,15.36,15.03,15.18,44242
2021-10-11,15.19,15.71,15.0,15.37,104319
2021-10-12,15.3,15.39,14.4,14.54,99228
2021-10-13,13.98,14.36,13.78,14.06,111914
2021-10-14,14.22,14.73,14.09,14.39,109161
2021-10-15,14.47,14.78,14.38,14.52,57338
2021-10-18,14.47,14.83,14.41,14.68,63010
2021-10-19,14.62,14.82,14.48,14.72,45224
2021-10-20,14.64,14.88,14.38,14.86,47554
2021-10-21,14.78,14.78,14.39,14.56,50773
2021-10-22,14.62,14.62,14.32,14.48,46866
2021-10-25,14.38,14.86,14.03,14.79,89247
2021-10-26,14.63,15.0,14.61,14.67,67769
2021-10-27,14.68,14.93,13.33,13.5,195661
2021-10-28,13.45,13.66,12.99,13.31,118210
2021-10-29,13.3,13.69,13.21,13.57,88560
2021-11-01,13.49,14.44,13.49,14.37,130006
2021-11-02,14.55,15.07,14.55,14.93,171854
2021-11-03,14.94,14.97,14.42,14.62,93566
2021-11-04,14.58,15.12,14.51,14.97,117013
2021-11-05,14.93,15.35,14.84,14.86,111803
2021-11-08,14.86,14.93,13.98,14.31,165130
2021-11-09,14.22,15.64,14.19,15.39,222117
2021-11-10,15.31,15.84,15.08,15.82,211384
2021-11-11,15.72,15.92,15.51,15.63,133836
2021-11-12,15.69,16.27,15.54,16.19,171663
2021-11-15,16.39,16.63,15.96,16.03,147747
2021-11-16,15.98,16.08,15.35,15.43,146680
2021-11-17,15.48,15.79,15.39,15.66,91806
2021-11-18,15.54,16.04,15.33,15.86,126980
2021-11-19,15.71,16.37,15.69,16.36,147159
2021-11-22,16.48,16.85,16.18,16.32,147818
2021-11-23,16.16,16.63,16.13,16.35,102746
2021-11-24,16.34,16.42,15.9,15.96,97231
2021-11-25,15.95,16.66,15.93,16.44,151500
2021-11-26,16.44,16.65,16.13,16.18,88749
2021-11-29,15.93,17.02,15.86,16.93,146664
2021-11-30,16.95,17.38,16.76,17.14,178568
2021-12-01,17.08,17.23,16.82,16.88,111102
2021-12-02,16.88,16.93,16.38,16.55,97989
2021-12-03,16.55,17.33,16.54,17.27,137800
2021-12-06,17.08,17.44,16.8,17.25,151216
2021-12-07,17.1,17.28,16.04,16.46,150231
2021-12-08,16.42,17.53,16.41,17.18,166573
2021-12-09,17.17,17.33,16.79,16.97,107586
2021-12-10,16.88,16.88,16.44,16.57,120956
2021-12-13,16.48,16.52,16.16,16.43,99521
2021-12-14,16.3,16.72,16.3,16.54,95873
2021-12-15,16.41,16.65,16.19,16.28,74851
2021-12-16,16.31,17.55,16.31,17.36,201753
2021-12-17,17.23,17.35,16.51,16.7,161073
2021-12-20,16.56,16.66,15.72,15.88,129982
2021-12-21,15.93,16.12,15.75,16.07,63676
2021-12-22,16.09,16.39,15.94,16.15,70724
2021-12-23,16.08,16.35,15.85,16.07,65837
2021-12-24,16.13,16.22,15.72,15.92,52536
2021-12-27,15.92,16.12,15.82,15.91,41909
2021-12-28,15.94,16.22,15.81,16.17,47520
2021-12-29,16.15,16.5,16.08,16.25,69034
2021-12-30,16.26,17.07,16.17,16.82,153124
2021-12-31,16.88,17.1,16.66,16.96,131710
2022-01-04,16.96,17.23,16.73,16.94,122722
2022-01-05,17.13,17.14,15.91,16.08,156031
2022-01-06,15.83,15.98,15.29,15.55,124578
2022-01-07,15.58,15.7,14.88,14.94,127166
2022-01-10,14.99,15.4,14.89,15.33,71832
2022-01-11,15.33,15.39,14.87,14.92,64288
2022-01-12,15.0,15.31,14.98,15.21,47220
2022-01-13,15.3,15.31,14.66,14.67,90366
2022-01-14,14.7,14.98,14.62,14.71,58595
2022-01-17,14.76,15.35,14.74,15.13,76173
2022-01-18,15.13,15.25,14.9,14.99,65122
2022-01-19,14.98,15.07,14.52,14.64,69268
2022-01-20,14.72,14.77,14.33,14.4,57608
2022-01-21,14.4,14.62,14.09,14.43,57833
2022-01-24,14.31,14.6,14.29,14.47,37765
2022-01-25,14.51,14.73,13.67,13.69,69388
2022-01-26,13.73,14.01,13.71,13.83,33922
2022-01-27,13.75,13.93,13.66,13.67,37264
2022-01-28,13.71,14.0,13.4,13.77,39143
2022-02-07,14.03,14.21,13.81,13.92,41287
2022-02-08,13.98,14.33,13.88,14.3,44911
2022-02-09,14.3,14.48,14.16,14.46,37273
2022-02-10,14.48,14.67,14.26,14.31,45548
2022-02-11,14.27,14.39,13.88,13.95,50301
2022-02-14,13.89,14.37,13.89,14.19,37908
2022-02-15,14.13,14.35,14.09,14.35,29465
2022-02-16,14.33,14.41,14.18,14.37,26775
2022-02-17,14.37,14.47,14.2,14.26,32165
2022-02-18,14.19,14.22,13.99,14.19,27392
2022-02-21,14.16,14.32,14.16,14.32,31889
2022-02-22,14.33,14.5,14.15,14.19,37771
2022-02-23,14.16,14.57,14.15,14.53,58023
2022-02-24,14.43,14.9,14.37,14.66,113601
2022-02-25,14.49,14.58,14.36,14.47,63254
2022-02-28,14.43,14.66,14.35,14.47,50995
2022-03-01,14.46,14.77,14.4,14.72,54285
2022-03-02,14.6,14.63,14.41,14.52,39552
2022-03-03,14.53,14.55,14.18,14.24,45318
2022-03-04,14.27,14.27,13.76,13.8,49257
2022-03-07,13.87,13.9,13.55,13.72,40248
2022-03-08,13.7,13.78,13.08,13.28,58489
2022-03-09,13.28,13.34,12.08,12.94,66117
2022-03-10,13.15,13.39,12.98,12.99,46108
2022-03-11,12.82,13.23,12.59,13.19,37935
2022-03-14,13.05,13.47,12.88,12.96,34700
2022-03-15,12.88,12.98,12.12,12.13,49169
2022-03-16,12.33,12.55,11.78,12.47,46934
2022-03-17,12.57,12.9,12.48,12.65,40817
2022-03-18,12.59,12.73,12.46,12.67,26616
2022-03-21,12.64,12.83,12.62,12.78,31746
2022-03-22,12.84,12.97,12.61,12.72,31919
2022-03-23,12.76,13.1,12.68,12.91,61354
2022-03-24,12.85,12.87,12.5,12.58,39451
2022-03-25,12.72,12.73,12.3,12.33,37968
2022-03-28,12.16,12.45,11.98,12.28,30341
2022-03-29,12.29,12.45,12.06,12.07,32508
2022-03-30,12.13,12.38,12.08,12.38,29417
2022-03-31,12.36,12.53,12.21,12.29,42822
2022-04-01,12.28,12.33,12.11,12.23,30522
2022-04-06,12.26,12.59,12.24,12.53,38253
2022-04-07,12.48,12.89,12.45,12.63,63639
2022-04-08,12.55,12.66,11.86,12.49,66187
2022-04-11,12.58,12.58,12.0,12.11,45976
2022-04-12,12.06,12.32,11.84,12.32,45631
2022-04-13,12.28,12.35,12.09,12.11,28139
2022-04-14,12.14,12.33,12.09,12.23,35072
2022-04-15,12.15,12.4,12.03,12.4,69562
2022-04-18,12.23,12.43,12.06,12.41,44432
2022-04-19,12.38,12.67,12.33,12.67,50476
2022-04-20,12.58,12.7,12.32,12.41,49213
2022-04-21,12.29,12.48,12.08,12.1,47650
2022-04-22,11.98,12.2,11.83,11.93,30077
2022-04-25,11.72,11.72,10.25,10.33,81158
2022-04-26,10.35,10.56,9.76,9.79,73018
2022-04-27,9.68,10.24,9.45,10.23,73916
2022-04-28,9.78,9.78,8.5,8.63,217808
2022-04-29,8.71,8.99,8.68,8.88,209897
2022-05-05,8.88,9.31,8.75,9.12,150707
2022-05-06,8.88,9.15,8.74,8.88,125059
2022-05-09,8.89,9.13,8.82,8.97,118538
2022-05-10,8.78,9.01,8.74,8.93,156804
2022-05-11,8.94,9.35,8.91,9.04,225895
2022-05-12,8.98,9.17,8.8,9.02,135045
2022-05-13,9.04,9.21,8.94,9.2,113414
2022-05-16,9.23,9.53,9.18,9.32,130498
2022-05-17,9.31,9.96,9.13,9.74,208636
2022-05-18,9.72,9.99,9.63,9.79,200273
2022-05-19,9.58,9.83,9.56,9.82,128985
2022-05-20,9.86,10.03,9.74,9.97,149576
2022-05-23,10.0,10.01,9.85,9.97,103090
2022-05-24,9.97,10.23,9.48,9.48,177152
2022-05-25,9.52,9.73,9.45,9.73,93624
2022-05-26,9.76,10.43,9.66,10.19,219526
2022-05-27,10.57,10.58,10.06,10.23,217998
2022-05-30,10.4,10.79,10.22,10.79,236643
2022-05-31,10.67,10.71,10.52,10.63,169900
2022-06-01,10.58,10.78,10.52,10.72,151639
2022-06-02,10.64,10.79,10.47,10.73,126456
2022-06-06,10.75,10.93,10.7,10.82,147628
2022-06-07,10.8,10.83,10.53,10.71,118731
2022-06-08,10.7,10.73,10.34,10.59,103182
2022-06-09,10.69,10.69,10.35,10.43,96367
2022-06-10,10.44,10.73,10.41,10.7,97006
2022-06-13,10.71,10.94,10.41,10.5,143507
2022-06-14,10.36,10.43,9.83,10.15,147972
2022-06-15,10.09,10.47,10.08,10.22,116016
2022-06-16,10.18,10.39,10.16,10.22,68607
2022-06-17,10.13,10.26,9.94,10.21,85439
2022-06-20,10.25,10.5,10.21,10.48,105617
2022-06-21,10.48,10.52,10.08,10.18,110743
2022-06-22,10.29,10.61,10.17,10.19,187543
2022-06-23,10.05,10.53,10.05,10.52,146587
2022-06-24,10.62,11.05,10.53,10.8,200283
2022-06-27,10.87,10.94,10.65,10.81,116531
2022-06-28,10.73,11.4,10.73,11.35,195879
2022-06-29,11.26,11.39,10.87,10.93,146207
2022-06-30,10.98,11.07,10.91,11.01,110516
2022-07-01,11.03,11.25,10.84,10.92,96983
2022-07-04,10.96,11.08,10.65,11.02,101746
2022-07-05,11.02,11.03,10.63,10.89,94171
2022-07-06,10.81,10.92,10.62,10.72,68042
2022-07-07,10.68,11.02,10.67,10.95,89344
2022-07-08,10.88,11.22,10.86,11.08,106879
2022-07-11,11.03,11.09,10.68,10.84,84332
2022-07-12,10.81,10.81,10.36,10.42,94449
2022-07-13,10.39,10.51,10.23,10.41,58350
2022-07-14,10.41,10.69,10.34,10.55,61726
2022-07-15,10.52,10.66,10.43,10.43,64052
2022-07-18,10.37,10.62,10.37,10.62,60353
2022-07-19,10.77,10.9,10.69,10.9,88136
2022-07-20,10.88,11.4,10.83,11.26,168872
2022-07-21,11.23,11.28,11.01,11.03,89132
2022-07-22,11.13,11.21,10.8,11.0,83633
2022-07-25,11.17,11.19,10.77,10.83,62408
2022-07-26,10.76,10.9,10.64,10.9,49856
2022-07-27,10.84,11.13,10.78,11.07,72548
2022-07-28,11.1,11.61,11.03,11.42,143874
2022-07-29,11.45,11.46,11.15,11.28,92632
2022-08-01,11.36,11.61,11.22,11.53,122875
2022-08-02,11.64,11.78,11.01,11.22,175399
2022-08-03,11.15,11.9,11.1,11.47,271466
2022-08-04,11.5,11.59,11.2,11.36,127111
2022-08-05,11.49,11.77,11.34,11.69,152801
2022-08-08,11.62,11.88,11.44,11.86,131248
2022-08-09,11.79,11.87,11.68,11.83,108036
2022-08-10,11.83,11.85,11.61,11.69,99857
2022-08-11,11.73,11.8,11.57,11.72,111537
2022-08-12,11.64,11.74,11.45,11.48,103627
2022-08-15,11.47,11.64,11.35,11.64,75114
2022-08-16,11.55,11.64,11.42,11.51,73129
2022-08-17,11.54,11.65,11.45,11.47,80475
2022-08-18,11.43,11.5,11.25,11.5,74619
2022-08-19,11.44,11.6,11.28,11.29,69305
2022-08-22,11.22,11.32,10.99,11.23,62615
2022-08-23,11.19,11.24,10.97,11.03,66954
2022-08-24,11.06,11.07,10.33,10.35,102880
2022-08-25,10.37,10.49,10.02,10.14,79942
2022-08-26,10.18,10.27,9.93,9.97,71013
2022-08-29,9.79,10.07,9.71,10.06,39183
2022-08-30,9.99,10.17,9.91,10.1,54036
2022-08-31,10.06,10.13,9.73,9.85,70132
2022-09-01,9.81,9.91,9.67,9.72,46948
2022-09-02,9.75,10.05,9.75,10.01,54693
2022-09-05,9.96,10.08,9.87,9.96,36237
2022-09-06,10.01,10.15,9.95,10.14,41236
2022-09-07,10.08,10.15,10.02,10.12,39395
2022-09-08,10.08,10.23,10.03,10.14,43899
2022-09-09,10.15,10.2,10.03,10.13,37444
2022-09-13,10.09,10.21,10.02,10.16,51234
2022-09-14,9.93,10.13,9.88,10.04,43212
2022-09-15,10.13,10.13,9.68,9.79,59809
2022-09-16,9.84,9.94,9.45,9.51,43799
2022-09-19,9.46,9.56,9.17,9.26,49347
2022-09-20,9.33,9.47,9.25,9.36,35463
2022-09-21,9.3,9.41,9.1,9.36,33740
2022-09-22,9.35,9.63,9.31,9.49,39871
2022-09-23,9.5,9.67,9.21,9.26,39036
2022-09-26,9.19,9.28,8.93,8.93,44248
2022-09-27,8.98,9.15,8.94,9.14,27773
2022-09-28,9.13,9.22,8.8,8.8,33410
2022-09-29,8.94,9.01,8.73,8.86,30246
2022-09-30,8.86,8.87,8.61,8.62,35382
2022-10-10,8.64,8.67,8.31,8.36,35517
2022-10-11,8.35,8.49,8.25,8.45,29784
2022-10-12,8.46,8.75,8.34,8.74,38114
2022-10-13,8.67,8.98,8.65,8.86,40117
2022-10-14,8.89,9.09,8.87,9.04,33671
2022-10-17,9.1,9.4,9.01,9.39,54525
2022-10-18,9.4,9.42,9.21,9.34,39545
2022-10-19,9.34,9.36,9.24,9.25,28992
2022-10-20,9.24,9.38,9.1,9.28,33754
2022-10-21,9.31,9.39,9.21,9.28,27813
2022-10-24,9.38,9.72,9.32,9.41,74299
2022-10-25,9.38,9.62,9.31,9.55,59668
2022-10-26,9.55,10.0,9.4,9.87,85626
2022-10-27,9.87,9.96,9.73,9.81,46097
2022-10-28,9.76,9.95,9.57,9.61,64351
2022-10-31,9.59,10.02,9.58,9.92,56992
2022-11-01,10.01,10.02,9.84,9.98,55280
2022-11-02,9.98,10.14,9.9,10.01,69348
2022-11-03,9.9,10.06,9.86,10.03,40616
2022-11-04,10.07,10.17,9.98,10.13,54413
2022-11-07,10.13,10.18,9.98,10.03,57744
2022-11-08,9.99,10.15,9.97,10.13,42408
2022-11-09,10.13,10.18,9.98,10.0,39862
2022-11-10,9.91,10.0,9.78,9.81,45769
2022-11-11,9.97,10.07,9.82,9.85,43447
2022-11-14,9.89,10.02,9.77,9.84,37492
2022-11-15,9.79,10.04,9.72,10.04,51063
2022-11-16,10.03,10.28,9.98,10.14,55867
2022-11-17,10.05,10.21,10.01,10.19,44791
2022-11-18,10.2,10.82,10.18,10.42,134670
2022-11-21,10.34,10.58,10.23,10.5,74805
2022-11-22,10.42,10.75,10.33,10.42,78757
2022-11-23,10.39,10.69,10.33,10.61,95529
2022-11-24,10.63,10.65,9.97,10.01,135321
2022-11-25,10.07,10.1,9.77,9.8,61583
2022-11-28,9.73,9.76,9.57,9.65,52640
2022-11-29,9.65,10.0,9.65,9.9,61362
2022-11-30,9.91,10.11,9.85,10.09,53383
2022-12-01,10.12,10.33,10.09,10.28,63776
2022-12-02,10.25,10.36,10.16,10.18,42753
2022-12-05,10.21,10.53,10.2,10.47,66411
2022-12-06,10.39,10.51,10.34,10.46,47281
2022-12-07,10.37,10.53,10.23,10.48,69871
2022-12-08,10.43,10.49,10.24,10.26,39529
2022-12-09,10.29,10.53,10.27,10.5,71569
2022-12-12,10.49,10.49,10.23,10.4,44910
2022-12-13,10.37,10.37,10.14,10.15,41692
2022-12-14,10.18,10.27,9.97,9.99,43166
2022-12-15,10.09,10.2,9.95,10.11,32218
2022-12-16,10.07,10.15,9.82,9.87,34403
2022-12-19,9.89,10.0,9.65,9.71,30849
2022-12-20,9.68,9.89,9.68,9.75,21680
2022-12-21,9.77,9.77,9.37,9.45,35866
2022-12-22,9.45,9.6,9.33,9.38,22952
2022-12-23,9.29,9.4,9.19,9.3,22175
2022-12-26,9.3,9.65,9.28,9.65,30086
2022-12-27,9.68,9.7,9.53,9.65,22800
2022-12-28,9.63,9.66,9.49,9.56,21472
2022-12-29,9.58,9.73,9.49,9.65,23695
2022-12-30,9.68,9.77,9.51,9.59,42128
2023-01-03,9.59,9.95,9.58,9.89,45189
2023-01-04,9.86,10.05,9.84,9.95,37011
2023-01-05,9.91,10.05,9.87,10.03,38616
2023-01-06,10.02,10.13,9.95,9.98,28887
2023-01-09,9.97,10.05,9.85,9.87,29359
2023-01-10,9.96,9.98,9.8,9.86,28318
2023-01-11,9.84,10.09,9.82,9.91,51127
2023-02-02,12.03,12.03,12.03,12.03,13260
2023-02-03,14.57,14.57,14.57,14.57,10422
2023-02-06,17.62,17.62,17.62,17.62,9879
2023-02-07,21.28,21.28,21.28,21.28,16057
2023-02-08,25.67,25.67,25.67,25.67,20053
2023-02-09,30.94,30.94,30.94,30.94,24472
2023-02-10,37.26,37.26,37.26,37.26,96319
2023-02-13,44.85,44.85,44.85,44.85,560266
2023-02-14,47.33,53.32,45.39,51.13,1625479
2023-02-15,48.93,55.21,48.17,53.51,902591
2023-02-16,53.23,56.18,51.22,52.27,659305
2023-02-17,52.93,53.65,51.81,52.23,489474
2023-02-20,52.12,52.12,48.71,50.83,469974
2023-02-21,50.26,54.83,49.84,54.3,603513
2023-02-22,53.41,55.11,52.68,53.73,384506
2023-02-23,53.73,54.62,50.1,50.19,522927
2023-02-24,50.33,52.75,50.33,50.95,396562
2023-02-27,50.33,51.83,49.01,49.44,339858
2023-02-28,49.23,52.52,49.14,51.71,441489
2023-03-01,51.21,54.32,50.91,51.71,501263
2023-03-02,51.23,53.93,50.41,53.65,542704
2023-03-03,54.13,54.45,52.03,52.47,410878
2023-03-06,53.88,61.91,52.46,59.84,781621
2023-03-07,58.63,61.71,57.86,59.03,559332
2023-03-08,58.83,63.99,58.05,62.83,611053
2023-03-09,62.28,63.21,60.83,61.69,395161
2023-03-10,61.05,64.21,51.92,52.53,925527
2023-03-13,50.83,54.29,50.83,52.31,512307
2023-03-14,52.33,52.63,50.03,50.53,405878
2023-03-15,50.66,51.33,49.37,50.97,292504
2023-03-16,50.33,50.48,47.33,47.76,528387
2023-03-17,48.05,48.57,46.93,47.55,341014
2023-03-20,47.14,48.83,46.61,48.23,295937
2023-03-21,49.01,51.53,48.72,49.71,526438
2023-03-22,49.58,49.88,47.21,48.03,430715
2023-03-23,47.54,51.63,47.13,50.94,471506
2023-03-24,50.36,53.77,50.35,53.48,510903
2023-03-27,53.93,55.58,51.39,54.87,542709
2023-03-28,54.4,56.21,52.1,52.22,444386
2023-03-29,51.18,51.41,49.36,50.24,382620
2023-03-30,50.78,51.17,49.03,49.03,268253
2023-03-31,48.99,49.66,48.6,49.3,217708
2023-04-03,48.84,49.48,48.51,49.03,267730
2023-04-04,48.83,52.52,47.83,52.27,508169
2023-04-06,51.53,53.49,50.64,52.21,372913
2023-04-07,52.21,52.46,49.85,49.9,297172
2023-04-10,49.91,51.47,49.33,49.63,250661
2023-04-11,49.38,49.51,48.1,48.83,203863
2023-04-12,49.18,49.52,48.48,49.02,160152
2023-04-13,48.63,50.21,48.53,48.53,188709
2023-04-14,48.34,49.29,48.08,48.79,160623
2023-04-17,48.36,49.79,47.62,48.68,191419
2023-04-18,48.66,49.83,48.33,49.58,187602
2023-04-19,49.73,50.16,48.52,49.1,202163
2023-04-20,48.65,49.17,47.25,47.32,240460
2023-04-21,47.08,49.73,47.04,48.13,294569
2023-04-24,47.34,47.71,46.01,46.4,221900
2023-04-25,46.4,46.83,44.84,46.18,165927
2023-04-26,45.69,51.07,45.68,50.36,352673
2023-04-27,49.94,50.58,47.84,48.23,256853
2023-04-28,48.08,51.65,47.93,50.71,307101
2023-05-04,49.62,49.98,47.71,48.24,250785
2023-05-05,48.26,51.63,47.03,49.85,343382
2023-05-08,49.83,52.52,49.74,50.97,346666
2023-05-09,50.63,54.64,50.14,51.48,483491
2023-05-10,50.33,50.58,48.87,49.11,280295
2023-05-11,48.93,49.99,48.21,49.03,165860
2023-05-12,48.64,49.45,47.5,47.53,174948
2023-05-15,47.33,48.81,47.18,48.37,137818
2023-05-16,48.13,48.61,47.54,47.75,116036
2023-05-17,47.9,49.08,47.44,48.33,143642
2023-05-18,47.86,49.1,47.8,48.52,143970
2023-05-19,48.15,48.98,48.12,48.21,113525
2023-05-22,47.92,48.31,47.23,47.51,106576
2023-05-23,47.74,48.41,47.23,47.61,93614
2023-05-24,47.61,47.93,47.28,47.45,70251
2023-05-25,46.98,47.83,46.83,47.33,89992
2023-05-26,47.33,48.63,47.05,48.14,135827
2023-05-29,48.11,48.33,47.12,47.24,122028
2023-05-30,46.85,47.25,46.04,46.88,130640
2023-05-31,47.12,47.3,46.66,46.85,92465
2023-06-01,46.47,47.19,45.99,46.23,122714
2023-06-02,46.23,46.96,46.15,46.6,87213
2023-06-05,46.72,47.01,46.42,46.53,70894
2023-06-06,46.29,46.76,45.65,46.11,111741
2023-06-07,46.11,46.6,45.92,46.09,65523
2023-06-08,45.36,46.74,45.36,46.19,76698
2023-06-09,46.06,46.66,45.98,46.44,76400
2023-06-12,46.4,46.66,45.96,46.17,72797
2023-06-13,46.32,47.11,45.78,46.57,93325
2023-06-14,46.42,46.73,45.99,46.02,73901
2023-06-15,46.02,46.27,45.86,46.01,75754
2023-06-16,46.66,49.54,46.66,48.05,281304
2023-06-19,47.38,48.05,47.02,47.16,144119
2023-06-20,47.36,48.8,46.74,48.13,169541
2023-06-21,48.06,48.56,46.86,47.22,121960
2023-06-26,46.91,48.61,46.71,47.11,146008
2023-06-27,46.96,47.85,46.47,46.51,115493
2023-06-28,46.52,46.91,45.27,46.06,139928
2023-06-29,46.06,49.52,45.74,48.56,306570
2023-06-30,48.31,50.55,47.94,48.51,286958
2023-07-03,48.91,50.15,48.45,49.13,197595
2023-07-04,49.14,49.38,48.48,49.16,124131
2023-07-05,49.05,49.74,48.68,48.83,127984
2023-07-06,49.35,49.76,48.28,48.44,127614
2023-07-07,48.16,48.4,47.25,47.53,96176
2023-07-10,47.21,47.46,46.17,46.62,112663
2023-07-11,46.51,47.16,46.36,47.16,60969
2023-07-12,46.86,47.16,46.35,46.37,63840
2023-07-13,46.26,46.76,46.16,46.59,53019
2023-07-14,46.55,49.75,46.36,48.96,215188
2023-07-17,47.96,48.35,47.47,47.6,116486
2023-07-18,47.56,49.62,47.25,48.6,176273
2023-07-19,48.61,49.15,47.99,48.51,90882
2023-07-20,48.51,48.8,47.33,47.56,89112
2023-07-21,46.58,48.8,46.56,47.54,111774
2023-07-24,47.11,47.84,46.86,46.94,66833
2023-07-25,47.17,48.24,47.07,47.33,88353
2023-07-26,47.17,48.23,46.89,47.62,103679
2023-07-27,55.36,57.27,53.96,57.27,681790
2023-07-28,57.04,60.41,54.66,54.86,804006
2023-07-31,54.86,57.06,52.04,55.24,602395
2023-08-01,54.35,54.85,51.66,51.8,453818
2023-08-02,51.8,52.09,49.66,50.32,372536
2023-08-03,49.67,50.31,49.05,49.08,239426
2023-08-04,48.55,49.3,48.23,48.59,244481
2023-08-07,48.24,48.79,47.58,48.04,193944
2023-08-08,47.92,48.2,47.37,47.46,131276
2023-08-09,47.4,48.48,47.27,48.12,177635
2023-08-10,47.86,48.11,47.12,47.19,147106
2023-08-11,47.05,47.46,46.86,46.87,95592
2023-08-14,46.76,48.01,46.63,47.67,118938
2023-08-15,47.36,47.74,47.08,47.56,91445
2023-08-16,47.56,47.56,46.04,46.04,152235
2023-08-17,46.05,48.15,46.05,47.72,182580
2023-08-18,47.54,48.08,47.03,47.1,114569
2023-08-21,47.02,47.69,46.46,46.53,79813
2023-08-22,46.4,47.2,46.16,46.96,86267
2023-08-23,47.36,47.74,42.96,43.32,272641
2023-08-24,43.31,43.52,41.83,42.67,178732
2023-08-25,42.32,42.54,40.86,41.06,130604
2023-08-28,44.27,44.31,40.54,40.57,141113
2023-08-29,40.33,43.9,40.23,43.06,220328
2023-08-30,43.06,43.34,42.64,43.19,96805
2023-08-31,43.16,43.16,42.17,42.66,82080
2023-09-01,42.81,43.74,42.29,43.44,111165
2023-09-04,43.07,43.53,42.74,43.53,85696
2023-09-05,43.36,43.86,43.07,43.29,67772
2023-09-06,43.05,44.01,42.78,43.94,91372
2023-09-07,43.77,44.46,43.07,43.37,89259
2023-09-08,43.14,44.17,43.07,43.74,89020
2023-09-11,43.56,43.94,43.07,43.7,84079
2023-09-12,43.5,44.24,43.3,43.78,66189
2023-09-13,43.5,43.56,42.67,42.93,71198
2023-09-14,42.93,43.24,42.51,43.14,55324
2023-09-15,43.14,43.34,42.86,43.11,45858
2023-09-18,42.85,43.23,42.67,43.06,41510
2023-09-19,43.1,43.21,41.96,42.21,66258
2023-09-20,41.91,42.41,41.77,41.84,35550
2023-09-21,42.06,42.28,41.57,41.98,39192
2023-09-22,41.85,42.79,41.59,42.64,60362
2023-09-25,42.39,42.65,41.69,41.78,55488
2023-09-26,41.78,42.64,41.58,41.98,64335
2023-09-27,41.87,42.28,41.79,42.03,55641
2023-09-28,42.06,42.51,41.97,42.51,57712
2023-10-09,42.36,42.69,41.87,42.18,68886
2023-10-10,42.36,45.26,42.08,44.56,173859
2023-10-11,43.96,45.94,43.77,45.2,182384
2023-10-12,49.34,49.36,46.66,47.44,291518
2023-10-13,46.96,47.32,44.79,45.29,152891
2023-10-16,44.76,47.14,44.66,45.46,124657
2023-10-17,45.37,46.01,44.14,45.12,94359
2023-10-18,44.63,44.96,43.54,43.56,100192
2023-10-19,43.26,44.11,43.17,43.31,69604
2023-10-20,43.12,43.65,42.66,43.56,61025
2023-10-23,44.96,49.5,44.37,46.16,281326
2023-10-24,46.38,46.79,44.47,45.37,157123
2023-10-25,45.0,47.29,44.84,46.22,129030
2023-10-26,45.67,46.56,45.22,46.19,96161
2023-10-27,46.23,46.36,45.01,45.45,102867
2023-10-30,44.99,45.44,44.59,45.1,83757
2023-10-31,44.96,45.75,44.8,45.12,69227
2023-11-01,45.25,45.25,44.13,44.31,72830
2023-11-02,44.36,46.16,43.7,44.62,108921
2023-11-03,44.31,44.96,43.91,44.72,60861
2023-11-06,44.92,45.27,44.56,45.13,81539
2023-11-07,45.03,45.56,44.67,45.27,81728
2023-11-08,45.3,45.68,45.08,45.34,71738
2023-11-09,45.18,45.42,44.59,44.65,68097
2023-11-10,44.62,45.84,44.3,45.43,95376
2023-11-13,45.16,45.99,44.78,45.86,98767
2023-11-14,45.55,46.24,45.54,45.93,78828
2023-11-15,45.72,46.34,45.53,46.15,84522
2023-11-16,45.87,46.04,45.27,45.33,67357
2023-11-17,45.29,45.43,44.47,44.57,70985
2023-11-20,44.36,45.33,44.26,44.93,67494
2023-11-21,44.82,44.96,44.19,44.28,78410
2023-11-22,44.09,44.64,44.07,44.34,46551
2023-11-23,44.21,44.51,44.13,44.36,43254
2023-11-24,44.51,45.02,44.28,44.76,77242
2023-11-27,44.51,44.79,44.11,44.46,74366
2023-11-28,44.51,44.81,44.26,44.49,49267
2023-11-29,44.46,44.61,44.15,44.21,44568
2023-11-30,44.07,44.29,42.79,43.22,79144
2023-12-01,43.32,44.56,43.26,43.99,67732
2023-12-04,43.81,44.22,43.57,43.87,39519
2023-12-05,43.73,43.78,43.13,43.44,45728
2023-12-06,43.25,44.72,43.13,44.3,71699
2023-12-07,44.25,45.32,44.18,45.06,112320
2023-12-08,45.06,46.36,44.78,46.33,183564
2023-12-11,45.83,46.15,45.37,46.05,78991
2023-12-12,45.86,46.41,45.61,45.64,56437
2023-12-13,45.76,46.24,45.57,45.61,48646
2023-12-14,45.85,46.0,44.73,44.92,60848
2023-12-15,44.91,45.51,44.64,45.02,45493
2023-12-18,44.84,44.91,43.15,43.24,87688
2023-12-19,43.03,43.43,42.17,42.56,69092
2023-12-20,42.44,42.71,41.96,42.04,36648
2023-12-21,41.86,42.47,41.75,42.36,34192
2023-12-22,42.36,43.41,42.17,42.96,56629
2023-12-25,42.74,44.61,42.74,43.44,63064
2023-12-26,43.39,43.44,42.44,42.98,39905
2023-12-27,42.86,43.16,41.97,42.26,49377
2023-12-28,42.25,42.37,40.88,42.29,70725
2023-12-29,41.87,43.52,41.87,43.11,58735
2024-01-02,42.92,44.42,42.82,43.67,76995
2024-01-03,43.66,43.76,42.76,43.0,42540
2024-01-04,42.86,43.43,42.26,42.49,35641
2024-01-05,42.51,42.69,41.46,41.9,42391
2024-01-08,41.76,41.76,39.66,39.68,63206
2024-01-09,39.86,40.07,38.76,39.28,65281
2024-01-10,38.94,39.26,38.44,39.02,39572
2024-01-11,38.95,39.99,38.91,39.91,46668
2024-01-12,39.98,41.46,39.98,40.89,67330
2024-01-15,40.57,40.98,39.62,39.63,45038
2024-01-16,39.37,39.75,39.01,39.71,36809
2024-01-17,39.46,39.89,38.55,38.55,33949
2024-01-18,38.06,38.36,35.31,37.46,131234
2024-01-19,37.11,37.26,36.65,36.66,47644
2024-01-22,36.46,36.49,34.37,34.76,67998
2024-01-23,34.66,35.41,34.29,35.25,67463
2024-01-24,35.16,35.95,34.36,35.86,59584
2024-01-25,35.71,38.71,35.66,38.34,113713
2024-01-26,38.0,38.81,38.0,38.45,64697
2024-01-29,38.36,38.36,36.88,36.88,64961
2024-01-30,36.53,37.15,35.62,35.71,48740
2024-01-31,36.76,38.56,35.66,35.73,111310
2024-02-01,35.19,37.35,34.95,36.04,82240
2024-02-02,35.89,36.66,34.01,34.75,81817
2024-02-05,34.36,35.04,31.24,33.33,110035
2024-02-06,32.85,36.31,32.78,36.16,105406
2024-02-07,36.16,39.33,36.16,38.72,143352
2024-02-08,38.72,40.45,38.61,39.47,111297
2024-02-19,39.34,39.35,38.36,38.86,81794
2024-02-20,38.61,39.98,38.26,39.63,66399
2024-02-21,38.95,40.33,38.93,39.45,74033
2024-02-22,39.45,40.3,39.45,40.1,68429
2024-02-23,40.06,40.56,39.28,40.14,72297
2024-02-26,39.86,42.71,39.67,41.89,123388
2024-02-27,41.35,41.74,40.87,41.64,88023
2024-02-28,41.39,41.95,40.13,40.13,97359
2024-02-29,40.13,40.96,40.13,40.91,67793
2024-03-01,40.54,41.61,40.54,41.33,65476
2024-03-04,40.76,41.17,40.32,40.81,60460
2024-03-05,40.84,43.42,40.78,42.86,162954
2024-03-06,42.28,42.44,41.48,42.13,92798
2024-03-07,42.36,42.8,41.07,41.41,74888
2024-03-08,41.18,41.53,40.8,41.41,53871
2024-03-11,40.78,43.13,40.78,42.16,75639
2024-03-12,41.91,42.41,41.55,41.92,67824
2024-03-13,41.78,43.06,41.49,42.36,90528
2024-03-14,41.96,43.25,41.7,42.02,88237
2024-03-15,42.26,42.44,41.68,42.39,67204
2024-03-18,41.96,42.63,41.84,42.42,58403
2024-03-19,42.46,43.56,42.22,42.96,93816
2024-03-20,42.86,43.31,42.77,43.09,50246
2024-03-21,42.85,44.64,42.78,44.42,111756
2024-03-22,44.21,44.56,43.43,43.76,87177
2024-03-25,43.23,43.45,41.26,41.3,90073
2024-03-26,41.36,41.71,40.89,41.16,44777
2024-03-27,41.27,42.16,39.11,39.7,69473
2024-03-28,39.76,41.46,39.76,40.94,70472
2024-03-29,41.36,41.77,41.01,41.51,50273
2024-04-01,41.26,41.56,41.13,41.48,50592
2024-04-02,41.42,42.45,41.18,41.63,63057
2024-04-03,41.32,41.63,40.77,41.06,40958
2024-04-08,40.89,41.29,40.13,40.13,43034
2024-04-09,40.24,40.93,39.98,40.75,37167
2024-04-10,40.42,40.56,39.32,39.56,45074
2024-04-11,39.36,39.83,39.17,39.33,30592
2024-04-12,39.55,40.53,39.39,39.68,41581
2024-04-15,39.11,40.62,38.56,39.85,63053
2024-04-16,39.36,39.68,37.53,37.53,76321
2024-04-17,37.66,39.31,37.65,39.24,55021
2024-04-18,39.29,40.26,38.96,39.44,52294
2024-04-19,39.25,40.2,39.12,39.82,49825
2024-04-22,39.41,40.83,39.11,40.39,71997
2024-04-23,40.06,40.34,39.69,39.99,46354
2024-04-24,39.86,40.66,39.77,40.46,48147
2024-04-25,40.38,40.6,40.14,40.21,33270
2024-04-26,40.22,40.97,40.11,40.96,51372
2024-04-29,40.66,41.58,40.66,41.36,54478
2024-04-30,41.7,42.5,41.38,41.89,65115
2024-05-06,42.13,42.16,41.41,41.6,52371
2024-05-07,41.78,43.28,41.48,42.52,79128
2024-05-08,42.35,42.35,41.36,41.36,54066
2024-05-09,41.08,42.61,41.08,42.38,75320
2024-05-10,42.38,42.78,41.98,42.08,47753
2024-05-13,41.85,42.17,41.25,41.46,38251
2024-05-14,40.98,41.44,40.35,41.14,42429
2024-05-15,41.01,42.64,40.84,41.91,66173
2024-05-16,41.54,41.89,41.23,41.38,36113
2024-05-17,40.74,41.31,40.49,41.18,50750
2024-05-20,39.97,40.86,39.79,40.35,71942
2024-05-21,40.26,40.38,39.71,39.93,39994
2024-05-22,39.68,40.17,39.61,39.91,31606
2024-05-23,40.03,40.52,39.91,39.96,49877
2024-05-24,39.95,40.12,39.47,39.86,38602
2024-05-27,39.74,39.86,38.93,39.56,40963
2024-05-28,39.48,39.74,39.16,39.33,22316
2024-05-29,39.2,39.57,39.18,39.34,19556
2024-05-30,39.16,39.6,38.93,39.25,30171
2024-05-31,39.35,39.98,39.32,39.72,38844
2024-06-03,39.61,39.84,37.54,38.54,60842
2024-06-04,38.56,38.97,38.36,38.8,28137
2024-06-05,38.62,40.31,38.55,39.55,56125
2024-06-06,39.46,39.61,38.58,38.7,37594
2024-06-07,38.81,39.58,38.56,38.59,32286
2024-06-11,38.47,39.04,38.02,38.91,30196
2024-06-12,38.76,39.26,38.65,39.04,22717
2024-06-13,38.91,39.45,38.74,39.02,32799
2024-06-14,38.87,39.15,38.52,39.08,32052
2024-06-17,38.89,39.39,38.86,39.16,30471
2024-06-18,39.16,39.44,39.12,39.38,24445
2024-06-19,39.49,39.49,38.91,39.02,26390
2024-06-20,38.94,39.0,38.26,38.26,30720
2024-06-21,38.52,39.25,38.51,38.89,34099
2024-06-24,40.69,42.95,40.69,40.74,175381
2024-06-25,41.26,41.36,39.34,39.57,94024
2024-06-26,41.35,42.02,40.53,41.09,107839
2024-06-27,40.45,48.23,40.42,44.74,261905
2024-06-28,44.23,45.6,44.05,44.61,152477
2024-07-01,44.56,45.13,43.67,43.82,97309
2024-07-02,43.51,44.07,42.31,42.84,95839
2024-07-03,43.36,45.17,42.74,44.6,145712
2024-07-04,45.67,47.64,44.69,45.72,186904
2024-07-05,46.47,49.54,45.58,48.9,258005
2024-07-08,48.86,49.83,47.17,47.55,182672
2024-07-09,47.86,49.55,46.79,49.1,175419
2024-07-10,48.87,49.53,47.25,47.42,150330
2024-07-11,47.92,49.13,46.56,47.8,144411
2024-07-12,49.36,53.9,47.24,47.32,419829
2024-07-15,47.31,50.82,46.87,50.24,322279
2024-07-16,49.86,49.96,48.69,49.19,205861
2024-07-17,48.67,48.81,46.47,46.66,191847
2024-07-18,46.16,48.14,45.91,47.58,166901
2024-07-19,46.99,47.54,46.52,47.34,118339
2024-07-22,47.26,48.32,47.06,47.76,108684
2024-07-23,47.81,48.16,45.6,45.73,122335
2024-07-24,45.57,46.55,45.18,45.23,92979
2024-07-25,44.36,44.69,43.56,44.09,104755
2024-07-26,44.63,46.46,44.46,46.06,124943
2024-07-29,45.82,47.78,45.73,47.33,132280
2024-07-30,47.05,47.72,46.38,47.39,97679
2024-07-31,47.06,48.23,46.82,47.94,116410
2024-08-01,47.52,48.8,47.42,47.78,111393
2024-08-02,47.78,48.11,46.89,47.47,86750
2024-08-05,46.69,47.34,45.48,45.59,98661
2024-08-06,46.33,46.54,45.8,46.45,78360
2024-08-07,47.56,48.76,46.02,46.05,172353
2024-08-08,45.73,45.96,43.79,43.86,141746
2024-08-09,44.01,44.54,43.8,44.24,64719
2024-08-12,44.04,44.04,43.26,43.57,49802
2024-08-13,43.58,43.97,43.42,43.89,40796
2024-08-14,43.64,43.95,43.05,43.05,52726
2024-08-15,43.06,43.63,42.7,42.97,55807
2024-08-16,42.99,43.13,42.22,42.59,60547
2024-08-19,42.56,42.84,42.3,42.36,36461
2024-08-20,42.37,42.53,41.24,41.53,57984
2024-08-21,41.39,41.53,40.95,41.16,39978
2024-08-22,41.0,41.44,40.54,40.81,46756
2024-08-23,40.68,41.13,40.54,40.99,34448
2024-08-26,40.95,41.08,40.19,40.32,52477
2024-08-27,40.11,40.19,39.67,39.81,39844
2024-08-28,39.73,40.57,39.66,40.25,39318
2024-08-29,39.94,41.12,39.86,40.68,56295
2024-08-30,40.52,41.74,40.37,41.34,65342
2024-09-02,41.08,41.25,40.2,40.36,48109
2024-09-03,40.62,41.19,40.38,40.75,39406
2024-09-04,40.56,41.03,40.14,40.96,39677
2024-09-05,41.16,41.54,40.8,41.44,38809
2024-09-06,41.36,41.51,40.58,40.72,35233
2024-09-09,40.45,41.02,40.04,40.51,30741
2024-09-10,40.56,40.62,39.68,40.26,32045
2024-09-11,40.0,40.15,39.7,39.95,27035
2024-09-12,40.13,40.52,39.93,39.95,27070
2024-09-13,40.07,40.55,39.91,39.95,37845
2024-09-18,39.9,40.06,39.27,39.71,32060
2024-09-19,39.76,40.21,39.14,39.72,42107
2024-09-20,39.56,39.76,39.29,39.49,27363
2024-09-23,39.36,39.79,39.19,39.21,34805
2024-09-24,39.28,40.25,38.66,40.2,73521
2024-09-25,40.19,41.52,40.19,40.98,83856
2024-09-26,41.04,42.67,40.66,42.66,95586
2024-09-27,42.71,45.92,42.71,45.51,151939
2024-09-30,47.67,52.76,46.21,52.34,331806
2024-10-08,61.36,62.51,55.38,62.51,493976
2024-10-09,58.36,67.5,56.27,60.12,463097
2024-10-10,62.33,72.27,61.36,69.36,722107
2024-10-11,64.34,65.96,57.36,57.42,543982
2024-10-14,63.16,69.03,63.16,69.03,667685
2024-10-15,67.81,82.12,66.38,73.7,883950
2024-10-16,72.36,74.94,69.5,71.36,495549
2024-10-17,70.34,72.21,68.24,70.75,495922
2024-10-18,70.62,76.74,66.49,72.51,572132
2024-10-21,74.36,83.56,73.38,75.83,628614
2024-10-22,74.06,77.86,72.24,73.24,398476
2024-10-23,71.36,77.71,71.1,73.26,442834
2024-10-24,73.36,74.15,71.36,71.72,249460
2024-10-25,71.07,71.94,69.06,70.1,312812
2024-10-28,70.1,72.96,68.85,70.99,280613
2024-10-29,69.98,74.9,69.96,73.45,388235
2024-10-30,74.11,81.64,73.66,76.8,469808
2024-10-31,75.46,81.02,75.26,76.95,428181
2024-11-01,75.94,85.66,75.72,80.36,521075
2024-11-04,79.15,83.21,75.05,82.51,400868
2024-11-05,88.24,93.36,85.36,92.57,598797
2024-11-06,94.63,96.26,86.25,86.37,596657
2024-11-07,83.96,84.12,78.64,81.94,492913
2024-11-08,82.21,86.01,82.06,83.31,389000
2024-11-11,82.97,84.09,79.64,83.71,286283
2024-11-12,84.35,84.35,77.81,79.94,333547
2024-11-13,77.96,81.33,77.95,80.17,161934
2024-11-14,80.86,80.92,77.07,77.27,164405
2024-11-15,76.85,77.13,71.76,71.76,290065
2024-11-18,71.76,72.36,66.87,67.61,240687
2024-11-19,67.26,68.74,65.78,68.56,196542
2024-11-20,68.36,70.18,67.35,69.99,189676
2024-11-21,69.94,69.94,68.36,69.08,129649
2024-11-22,69.25,70.44,66.52,66.71,203065
2024-11-25,65.76,66.81,62.58,64.0,208081
2024-11-26,64.0,64.84,63.46,63.46,104849
2024-11-27,64.39,68.44,62.99,67.9,249204
2024-11-28,67.36,68.35,66.26,66.56,142981
2024-11-29,65.86,68.66,65.1,68.16,172484
2024-12-02,67.5,68.36,66.97,68.16,152685
2024-12-03,68.04,68.13,66.26,67.18,120437
2024-12-04,66.59,68.33,66.32,66.91,114159
2024-12-05,66.97,67.86,66.24,66.98,106380
2024-12-06,66.65,68.66,66.56,68.16,142051
2024-12-09,67.45,67.66,65.91,66.38,115533
2024-12-10,68.67,68.72,66.86,66.94,119543
2024-12-11,66.36,68.15,66.26,68.07,103580
2024-12-12,68.07,72.06,68.04,71.86,268018
2024-12-13,70.76,72.26,69.68,71.13,185660
2024-12-16,70.55,70.83,68.56,68.58,107481
2024-12-17,69.36,72.62,69.36,70.04,154718
2024-12-18,72.1,76.88,71.47,73.95,254037
2024-12-19,72.36,74.36,71.26,73.58,163981
2024-12-20,73.36,77.86,73.36,76.92,245799
2024-12-23,76.09,76.84,74.73,74.95,178140
2024-12-24,74.65,76.92,64.36,68.71,191843
2024-12-25,70.45,73.61,69.97,72.32,267983
2024-12-26,71.87,74.62,70.84,72.44,182320
2024-12-27,80.66,83.16,76.06,76.76,415505
2024-12-30,77.36,78.35,73.17,73.51,255777
2024-12-31,72.61,73.36,70.44,71.14,182407
2025-01-02,70.37,70.84,66.11,66.6,167425
2025-01-03,66.26,67.23,63.01,63.02,157794
2025-01-06,61.89,63.74,60.81,61.37,117290
2025-01-07,63.36,65.66,62.99,64.81,154544
2025-01-08,64.3,65.24,61.92,64.36,128552
2025-01-09,63.39,68.96,63.39,67.42,185739
2025-01-10,66.31,67.91,65.27,65.29,117963
2025-01-13,66.36,67.23,63.94,64.08,95773
2025-01-14,63.97,67.04,63.89,67.04,135954
2025-01-15,66.73,67.26,65.77,65.94,80970
2025-01-16,66.29,66.92,65.34,65.51,82562
2025-01-17,65.98,70.88,65.25,68.76,186513
2025-01-20,69.49,72.67,69.41,71.6,160918
2025-01-21,72.16,72.22,69.56,71.16,115390
2025-01-22,71.07,71.07,68.56,69.62,92052
2025-01-23,69.7,70.74,67.26,67.32,127115
2025-01-24,67.36,69.05,66.72,67.89,97167
2025-01-27,67.89,68.35,65.18,65.36,100449
2025-02-05,65.76,65.88,63.86,64.93,87329
2025-02-06,65.24,69.36,64.66,69.22,172047
2025-02-07,69.22,70.45,68.16,69.47,153114
2025-02-10,69.48,71.31,69.29,70.26,132033
2025-02-11,70.37,71.16,69.1,69.36,102523
2025-02-12,68.86,70.11,68.79,70.06,89251
2025-02-13,70.29,72.73,69.47,71.66,196021
2025-02-14,71.25,73.34,70.43,71.54,163596
2025-02-17,73.34,73.34,64.37,67.37,175373
2025-02-18,67.36,67.37,63.0,63.38,179543
2025-02-19,62.36,66.46,62.36,65.26,126572
2025-02-20,64.6,65.36,63.58,64.86,111606
2025-02-21,64.36,66.02,63.98,65.16,123829
2025-02-24,65.42,65.42,63.86,64.16,101962
2025-02-25,63.36,63.96,63.15,63.18,87966
2025-02-26,63.25,63.46,62.51,62.83,87805
2025-02-27,62.83,63.79,61.36,62.17,99117
2025-02-28,61.61,62.07,60.56,60.56,97672
2025-03-03,61.21,61.33,58.72,59.27,121139
2025-03-04,59.28,63.05,59.18,62.35,163679
2025-03-05,61.36,62.23,61.11,61.75,84677
2025-03-06,61.74,62.66,61.39,62.35,91637
2025-03-07,61.96,64.8,61.58,63.04,147773
2025-03-10,62.96,64.54,62.4,62.59,80438
2025-03-11,61.61,63.95,61.39,63.42,86517
2025-03-12,63.26,63.96,62.36,62.58,91387
2025-03-13,62.52,62.74,61.16,61.51,63485
2025-03-14,61.36,62.27,60.94,61.9,65947
2025-03-17,61.88,62.66,61.67,62.04,53180
2025-03-18,62.16,62.34,61.41,61.94,48566
2025-03-19,61.69,61.91,60.94,61.08,49772
2025-03-20,61.07,62.67,60.77,61.54,66558
2025-03-21,60.96,62.02,60.44,60.49,69586
2025-03-24,60.71,61.16,59.01,59.59,60030
2025-03-25,59.56,60.71,59.35,60.15,55282
2025-03-26,60.13,60.36,59.83,60.31,37571
2025-03-27,60.14,60.76,59.72,60.71,46570
2025-03-28,60.16,60.66,59.13,59.24,69096
2025-03-31,58.56,59.23,58.16,58.36,51464
2025-04-01,59.02,60.31,58.94,59.96,79097
2025-04-02,59.56,60.16,59.04,59.25,45550
2025-04-03,58.78,59.5,58.66,58.88,34628
2025-04-07,56.36,57.79,49.76,50.74,144234
2025-04-08,51.44,54.3,51.44,53.87,120304
2025-04-09,53.44,59.06,53.26,58.64,173043
2025-04-10,58.61,59.28,57.36,58.59,119200
2025-04-11,57.87,58.81,57.25,58.19,96211
2025-04-14,58.18,58.81,57.67,58.76,77315
2025-04-15,58.58,58.71,57.59,57.94,61171
2025-04-16,58.07,59.21,57.48,58.01,53666
2025-04-17,58.04,58.69,57.84,58.06,45440
2025-04-18,57.96,57.96,56.73,57.16,46352
2025-04-21,57.16,58.5,57.13,57.88,53205
2025-04-22,57.61,58.55,57.53,57.84,38112
2025-04-23,57.91,58.49,57.78,58.33,44475
2025-04-24,58.49,58.56,57.32,57.34,39767
2025-04-25,57.63,59.34,57.32,58.76,73327
2025-04-28,59.06,61.28,58.77,60.7,135173
2025-04-29,57.36,59.25,56.86,57.47,116676
2025-04-30,57.36,58.5,57.35,58.11,69970
2025-05-06,58.66,59.01,57.88,58.59,83775
2025-05-07,62.26,70.44,60.86,68.69,638443
2025-05-08,69.36,82.56,68.7,82.56,950116
2025-05-09,87.36,88.24,78.08,79.24,1082914
2025-05-12,77.36,95.22,77.04,95.22,1080629
2025-05-13,95.03,96.91,86.29,88.1,1002513
2025-05-14,88.36,92.86,86.14,89.71,788141
2025-05-15,87.24,90.68,83.67,86.41,671493
2025-05-16,85.36,89.01,84.86,85.44,496981
2025-05-19,86.96,90.35,85.01,86.56,592846
2025-05-20,84.74,85.66,79.59,79.65,622701
2025-05-21,79.25,82.16,78.56,81.32,433462
2025-05-22,80.85,84.96,79.96,80.22,485922
2025-05-23,81.37,81.97,79.07,79.56,278579
2025-05-26,79.67,80.03,77.86,78.61,206658
2025-05-27,79.16,79.75,77.93,78.74,257140
2025-05-28,77.95,79.14,76.77,77.21,252023
2025-05-29,76.19,77.54,75.93,76.92,195081
2025-05-30,77.2,77.47,75.4,76.1,205710
2025-06-03,76.07,79.5,76.06,76.91,278843
2025-06-04,76.37,77.24,75.81,76.57,166793
2025-06-05,76.43,79.06,75.82,77.94,262910
2025-06-06,80.16,85.7,79.51,81.03,449881
2025-06-09,81.24,85.28,80.86,82.8,366209
2025-06-10,81.43,81.44,78.76,79.19,265049
2025-06-11,78.61,79.81,78.01,79.24,150801
2025-06-12,78.49,79.33,78.08,78.46,128407
2025-06-13,79.96,92.04,78.82,87.36,658441
2025-06-16,86.36,90.46,84.05,87.16,484128
2025-06-17,86.38,87.59,84.26,84.78,287758
2025-06-18,84.86,93.26,84.66,88.31,469489
2025-06-19,85.98,88.3,83.64,85.67,307241
2025-06-20,84.16,85.07,82.27,82.76,193653
2025-06-23,83.38,84.42,82.37,84.17,166085
2025-06-24,81.0,82.66,79.4,80.3,271252
2025-06-25,80.0,83.36,79.79,81.5,251218
2025-06-26,81.46,84.13,81.0,82.12,240900
2025-06-27,82.0,83.48,81.0,82.2,189867
2025-06-30,83.58,90.3,83.51,87.94,397514
2025-07-01,86.75,87.6,85.31,85.95,262370
2025-07-02,85.0,85.68,83.64,84.1,154743
2025-07-03,84.36,84.7,83.36,83.75,112897
2025-07-04,83.75,85.58,83.01,84.4,150996
2025-07-07,84.4,84.93,82.8,83.5,112126
2025-07-08,83.05,83.68,83.05,83.52,98526
2025-07-09,84.71,87.42,84.02,84.32,229099
2025-07-10,83.3,83.34,81.55,83.16,165019
2025-07-11,83.0,85.2,82.56,84.02,136209
2025-07-14,83.98,84.66,83.16,83.83,89981
2025-07-15,83.4,83.66,82.1,82.32,109463
2025-07-16,82.15,82.98,81.89,82.59,86108
2025-07-17,82.49,87.15,82.25,85.98,269226
2025-07-18,85.32,87.5,84.9,86.59,238896
2025-07-21,85.91,89.7,84.95,88.0,230906
2025-07-22,87.1,88.99,85.71,86.73,187663
2025-07-23,85.94,86.6,84.97,85.22,129541
2025-07-24,84.97,87.66,84.97,86.06,129868
2025-07-25,86.01,86.08,84.56,85.29,100835
2025-07-28,85.26,86.75,85.11,85.75,135997
2025-07-29,85.24,87.6,84.8,87.5,177340
2025-07-30,87.5,88.51,83.88,84.99,184965
2025-07-31,84.0,85.55,83.81,84.66,124017
2025-08-01,84.4,84.4,82.28,82.3,127872
2025-08-04,82.02,84.5,82.0,84.42,117398
2025-08-05,84.41,86.0,83.82,84.78,126481
2025-08-06,84.22,92.37,84.18,88.82,344546
2025-08-07,87.81,88.48,85.71,86.31,207466
2025-08-08,86.0,86.59,84.9,84.94,119572
2025-08-11,84.78,86.08,84.7,85.13,110466
2025-08-12,85.0,86.77,84.14,85.62,160273
2025-08-13,85.05,86.22,84.96,85.7,134058
2025-08-14,85.58,85.58,84.0,84.33,121537
2025-08-15,84.45,84.84,84.01,84.78,110926
2025-08-18,84.77,86.0,84.63,85.87,185245
2025-08-19,85.69,87.5,84.27,86.45,194671
2025-08-20,86.27,91.66,85.81,87.78,331792
2025-08-21,86.8,90.58,86.06,90.11,298727
2025-08-22,90.3,101.0,87.86,99.36,480837
2025-08-25,99.5,108.93,98.61,101.3,458047
2025-08-26,99.79,101.83,97.88,98.42,291502
2025-08-27,97.55,102.17,97.03,99.42,305255
2025-08-28,96.98,96.98,90.98,94.64,388723
2025-08-29,94.99,102.62,93.68,101.95,365318
2025-09-01,102.2,108.88,97.85,105.59,379040
2025-09-02,104.0,109.8,101.45,106.22,359745
2025-09-03,107.0,107.88,90.0,90.99,445476
2025-09-04,89.01,90.12,81.0,83.0,391655
2025-09-05,82.29,84.28,81.55,82.73,234817
2025-09-08,82.2,82.95,80.0,81.25,197565
2025-09-09,81.3,82.16,79.5,79.5,164981
2025-09-10,80.0,81.59,79.88,80.59,139050
2025-09-11,80.64,83.5,79.77,82.81,170256
2025-09-12,82.56,84.4,82.4,82.94,168532
2025-09-15,82.98,82.99,81.4,81.61,120499
2025-09-16,81.56,82.45,80.28,81.78,110628
2025-09-17,82.25,82.25,81.07,81.69,98209
2025-09-18,81.69,83.87,81.38,82.11,186474
2025-09-19,82.6,89.0,82.31,85.67,300385
2025-09-22,84.69,85.5,83.37,85.18,169465
2025-09-23,85.3,85.77,81.7,83.26,158238
2025-09-24,82.6,85.55,82.04,84.97,150753
2025-09-25,84.3,86.6,83.6,85.74,153539
2025-09-26,85.97,90.74,85.47,88.07,272130
2025-09-29,87.2,87.9,85.66,86.69,151514
2025-09-30,86.76,91.6,85.97,90.15,291903
2025-10-09,89.0,91.0,86.78,90.24,226835
2025-10-10,89.02,94.59,89.02,91.32,268237
2025-10-13,88.9,92.88,88.33,90.6,198555
2025-10-14,90.0,90.88,86.49,86.73,208161
2025-10-15,86.73,86.73,83.5,86.1,148741
2025-10-16,91.01,94.0,89.03,89.71,302423
2025-10-17,87.99,89.0,85.9,86.0,197793
2025-10-20,87.0,89.38,86.38,87.71,156441
2025-10-21,87.3,88.35,86.16,87.19,142701
2025-10-22,86.8,86.8,84.5,84.57,123497
2025-10-23,84.53,85.68,83.69,84.98,96717
2025-10-24,85.34,87.65,85.32,86.01,130402
2025-10-27,86.02,86.68,85.44,86.45,112369
2025-10-28,86.31,91.88,85.6,89.99,292555
2025-10-29,90.13,90.52,87.77,88.68,217951
2025-10-30,88.12,88.15,85.0,85.9,169682
2025-10-31,86.08,86.39,84.59,84.75,124752
2025-11-03,84.75,84.75,83.0,84.71,100046
2025-11-04,84.5,84.83,83.0,83.27,78075
2025-11-05,82.51,83.69,82.35,83.35,56437
2025-11-06,83.45,84.52,83.02,84.28,72353
2025-11-07,83.89,83.89,82.79,82.96,79450
2025-11-10,82.96,82.96,81.53,82.14,73496
2025-11-11,82.01,82.28,80.11,80.57,91783
2025-11-12,80.58,81.2,80.13,80.89,62456
2025-11-13,80.89,81.13,80.2,81.06,54724
2025-11-14,80.8,82.86,80.64,82.12,100017
2025-11-17,84.39,85.89,83.48,83.55,183621
2025-11-18,82.5,82.5,80.71,81.1,99850
2025-11-19,81.13,84.17,81.11,82.52,120132
2025-11-20,81.6,81.99,80.88,80.97,81307
2025-11-21,80.01,82.48,79.5,79.8,105817
2025-11-24,79.8,83.56,79.8,83.2,156739
2025-11-25,81.9,82.26,81.0,81.78,115053
2025-11-26,81.11,81.55,80.0,80.06,111643
2025-11-27,80.07,80.6,79.8,80.03,57710
2025-11-28,80.6,80.6,80.0,80.22,53232
2025-12-01,80.0,80.5,79.88,80.21,59430
2025-12-02,80.14,80.44,79.8,80.0,52875
2025-12-03,79.85,80.09,77.5,77.53,105362
2025-12-04,77.48,78.08,77.23,77.61,59044
2025-12-05,77.61,78.4,76.7,78.29,64022
2025-12-08,78.29,79.0,77.92,78.21,69785
2025-12-09,77.9,78.17,76.91,77.12,74313
2025-12-10,77.15,77.66,76.86,77.31,52345
2025-12-11,77.2,77.36,76.28,76.41,58749
2025-12-12,76.5,76.6,75.5,75.99,59063
2025-12-15,75.8,75.99,74.51,74.58,86199
2025-12-16,74.3,74.32,72.2,73.33,81960
2025-12-17,76.81,81.4,76.81,77.81,235504
2025-12-18,76.01,77.83,75.57,76.2,123748
2025-12-19,76.7,77.6,76.08,76.69,75346
2025-12-22,76.7,76.99,75.9,76.25,68155
2025-12-23,76.23,76.37,74.71,75.19,77009
2025-12-24,75.08,77.09,74.79,76.36,81765
2025-12-25,76.21,79.75,76.2,78.65,168359
2025-12-26,78.5,78.9,77.12,77.96,110747
2025-12-29,78.44,82.28,77.42,79.93,175793
2025-12-30,80.0,81.0,78.58,78.94,142487
2025-12-31,78.95,81.0,77.5,79.0,131931
