date,open,high,low,close,volume
2015-01-05,6.72,6.97,6.37,6.97,5758540
2015-01-06,6.77,6.92,6.1,6.48,3847525
2015-01-07,6.35,6.75,6.22,6.48,2942244
2015-01-08,6.48,6.48,5.76,5.94,3263050
2015-01-09,5.87,6.47,5.55,5.75,4326434
2015-01-12,5.58,5.67,5.15,5.43,2730501
2015-01-13,5.28,5.62,5.2,5.34,2255538
2015-01-14,5.37,5.59,5.26,5.49,1778637
2015-01-15,5.49,6.35,5.47,6.32,3502871
2015-01-16,6.26,6.43,5.82,6.14,2995678
2015-01-19,5.07,5.87,5.03,5.03,3545113
2015-01-20,5.28,5.54,5.05,5.37,3506726
2015-01-21,5.3,6.35,5.11,6.07,3824472
2015-01-22,6.07,6.65,6.0,6.32,2887007
2015-01-23,6.27,6.82,5.98,6.5,3818159
2015-01-26,6.47,6.47,6.12,6.33,1766889
2015-01-27,6.36,6.41,5.35,5.81,3122070
2015-01-28,5.72,5.72,5.32,5.39,2250410
2015-01-29,5.22,5.57,5.12,5.36,1504374
2015-01-30,5.38,5.92,5.26,5.55,2651256
2015-02-02,5.08,5.76,4.97,5.26,2287718
2015-02-03,5.45,5.54,4.68,5.22,3298449
2015-02-04,5.3,5.42,5.0,5.11,1885498
2015-02-05,5.74,5.74,5.06,5.09,3779192
2015-02-06,4.87,4.99,4.47,4.56,2493540
2015-02-09,4.32,4.62,4.18,4.5,1766777
2015-02-10,4.47,4.88,4.38,4.81,1489645
2015-02-11,4.92,5.03,4.79,4.9,1110709
2015-02-12,4.82,4.95,4.68,4.82,922298
2015-02-13,4.85,5.42,4.78,5.18,2086620
2015-02-16,5.05,5.12,4.87,5.03,1475142
2015-02-17,5.06,5.31,5.05,5.16,1125953
2015-02-25,5.12,5.13,4.77,4.81,1323833
2015-02-26,4.79,5.32,4.73,5.3,1983657
2015-02-27,5.22,5.46,5.15,5.26,1371958
2015-03-02,5.55,5.69,5.12,5.28,3693339
2015-03-03,5.15,5.16,4.61,4.71,3864841
2015-03-04,4.67,4.88,4.5,4.65,2366402
2015-03-05,4.56,4.57,4.27,4.37,2204335
2015-03-06,4.4,4.53,4.27,4.31,1596805
2015-03-09,4.27,4.67,3.99,4.58,2903507
2015-03-10,4.47,4.47,4.26,4.31,1679333
2015-03-11,4.3,4.45,4.19,4.25,1431123
2015-03-12,4.35,4.63,4.26,4.54,2403083
2015-03-13,4.57,4.69,4.47,4.56,1780123
2015-03-16,4.67,4.85,4.62,4.79,2093267
2015-03-17,4.98,5.16,4.84,4.98,3337582
2015-03-18,5.06,5.49,5.05,5.48,4019945
2015-03-19,5.51,5.51,5.22,5.33,2543784
2015-03-20,5.42,5.87,5.27,5.63,4533536
2015-03-23,5.87,6.12,5.77,5.84,4017127
2015-03-24,5.84,5.84,5.28,5.5,3878845
2015-03-25,5.43,5.43,5.12,5.21,3112307
2015-03-26,5.12,5.46,5.01,5.44,2623459
2015-03-27,5.78,5.93,5.48,5.84,4755827
2015-03-30,5.98,6.92,5.78,6.92,7957933
2015-03-31,7.37,7.76,6.49,6.56,9433462
2015-04-01,6.56,6.68,6.26,6.47,4667909
2015-04-02,6.48,6.58,6.07,6.28,4122690
2015-04-03,6.1,6.31,6.06,6.27,2985673
2015-04-07,6.4,6.59,6.2,6.57,4603487
2015-04-08,6.61,6.92,6.23,6.91,6411718
2015-04-09,6.87,8.09,6.67,8.09,8905137
2015-04-10,7.59,8.04,7.45,7.8,5584401
2015-04-13,7.83,8.32,7.63,8.07,5370554
2015-04-14,8.02,8.23,7.68,7.91,3921863
2015-04-15,7.77,8.01,7.43,7.57,3631484
2015-04-16,7.51,8.57,7.41,8.54,4766414
2015-04-17,8.67,9.16,8.27,8.91,6269308
2015-04-20,9.06,9.76,8.37,8.65,5940530
2015-04-21,8.45,8.96,8.21,8.92,3739264
2015-04-22,8.9,9.38,8.78,9.13,4332221
2015-04-23,9.12,9.21,8.57,8.9,4179049
2015-04-24,8.54,8.66,8.12,8.34,3697186
2015-04-27,8.6,9.17,8.49,9.11,5416136
2015-04-28,9.11,9.11,8.48,8.76,3883587
2015-04-29,8.52,9.23,8.41,9.07,3931796
2015-04-30,9.26,10.43,8.98,10.04,6204917
2015-05-04,9.83,9.87,9.3,9.55,4839809
2015-05-05,9.64,9.64,8.32,8.54,4003730
2015-05-06,8.62,9.0,8.42,8.72,3705216
2015-05-07,8.57,9.06,8.25,8.94,3372827
2015-05-08,9.03,9.34,8.52,9.0,3200762
2015-05-11,9.35,9.37,9.05,9.26,6133987
2015-05-12,9.17,9.17,8.78,9.01,4573956
2015-05-13,8.92,9.66,8.46,9.35,5781293
2015-05-14,9.02,9.29,8.69,8.74,3730555
2015-05-15,8.68,8.7,7.88,7.91,4217850
2015-05-18,7.82,7.82,7.47,7.48,2967135
2015-05-19,7.54,8.03,7.49,7.95,2783544
2015-05-20,8.09,8.22,7.79,7.89,2943635
2015-05-21,7.87,8.12,7.55,7.99,2923830
2015-05-22,8.07,8.38,7.94,8.34,3976279
2015-05-25,8.36,8.8,8.28,8.75,4369270
2015-05-26,8.82,9.05,8.47,8.93,5322748
2015-05-27,8.89,8.89,8.54,8.55,3677778
2015-05-28,8.59,8.84,7.37,7.41,4279507
2015-05-29,7.41,7.62,6.68,7.15,3084185
2015-06-01,7.22,7.73,6.93,7.72,3142395
2015-06-02,7.75,7.85,7.55,7.79,2943519
2015-06-03,7.8,7.9,7.44,7.82,3071946
2015-06-04,7.82,8.02,6.99,7.83,3369949
2015-06-05,8.02,8.56,7.87,8.48,5674812
2015-06-08,8.55,8.95,8.37,8.85,6104348
2015-06-09,8.96,9.03,8.44,8.55,3884259
2015-06-10,8.55,8.85,8.21,8.61,3614908
2015-06-11,8.64,8.72,8.35,8.5,2583056
2015-06-12,8.55,8.68,8.47,8.56,3262495
2015-06-15,8.58,8.68,8.01,8.06,3542838
2015-06-16,7.94,8.23,7.57,7.71,2846136
2015-06-17,7.73,8.0,7.3,7.87,2599641
2015-06-18,7.81,8.13,7.52,7.53,2556156
2015-06-19,7.38,7.69,6.77,6.81,2206256
2015-06-23,6.85,7.14,6.14,7.07,2541366
2015-06-24,7.2,7.26,6.9,7.24,2702438
2015-06-25,7.24,7.65,6.9,7.04,2845338
2015-06-26,6.68,6.89,5.87,5.87,2902988
2015-06-29,6.29,6.54,4.81,5.88,5488885
2015-06-30,5.86,6.73,5.39,6.71,4185076
2015-07-01,6.49,6.82,5.85,5.95,3137617
2015-07-02,6.07,6.2,5.05,5.51,3344452
2015-07-03,5.4,5.65,4.55,4.69,2845493
2015-07-06,5.63,5.63,5.14,5.51,5171660
2015-07-07,5.36,5.86,5.1,5.62,4912444
2015-07-08,4.79,5.62,4.59,4.67,5072656
2015-07-09,4.67,5.61,4.27,5.61,4110745
2015-07-10,5.71,6.64,5.52,6.61,7213654
2015-07-13,6.29,7.03,6.09,6.65,5621339
2015-07-14,6.21,6.44,5.79,5.89,3603567
2015-07-15,5.79,6.16,5.2,5.8,2755295
2015-07-16,5.8,5.97,5.49,5.64,1758502
2015-07-17,5.78,6.18,5.64,6.01,2167167
2015-07-20,5.99,6.05,5.69,5.82,2261840
2015-07-21,5.69,5.76,5.53,5.62,1738775
2015-07-22,5.58,5.62,5.29,5.42,1948897
2015-07-23,5.45,5.69,5.41,5.68,2139583
2015-07-24,5.69,6.11,5.49,5.79,3748760
2015-07-27,5.52,5.73,4.74,4.74,2630526
2015-07-28,4.47,4.79,4.04,4.55,2578039
2015-07-29,4.74,4.85,4.48,4.83,1523163
2015-07-30,4.69,4.82,4.31,4.37,1505729
2015-07-31,4.25,4.56,4.2,4.49,1470327
2015-08-03,4.3,4.64,4.28,4.63,1727601
2015-08-04,4.6,4.88,4.54,4.87,1460690
2015-08-05,4.79,4.87,4.54,4.58,1068677
2015-08-06,4.35,4.52,4.3,4.38,921472
2015-08-07,4.42,4.67,4.42,4.64,1211425
2015-08-10,4.76,5.19,4.69,5.11,2261683
2015-08-11,4.98,5.41,4.97,5.19,2202288
2015-08-12,5.01,5.11,4.81,4.84,1562956
2015-08-13,4.84,4.92,4.54,4.88,1733646
2015-08-14,4.95,5.2,4.95,5.07,1896404
2015-08-17,4.99,5.23,4.95,5.21,1559776
2015-08-18,5.22,5.28,4.36,4.39,1964867
2015-08-19,4.3,4.73,4.19,4.67,1580860
2015-08-20,4.5,4.57,4.27,4.28,1246904
2015-08-21,4.15,4.29,3.83,3.87,1258090
2015-08-24,3.42,3.59,3.01,3.01,2388425
2015-08-25,2.5,2.81,2.24,2.24,2696036
2015-08-26,2.44,2.91,2.3,2.44,2782674
2015-08-27,2.67,3.06,2.47,3.04,2319579
2015-08-28,3.32,3.47,3.18,3.42,1946429
2015-08-31,3.38,3.73,3.03,3.69,1880907
2015-09-01,3.62,3.94,3.24,3.89,2463118
2015-09-02,3.51,3.93,3.45,3.8,2364099
2015-09-07,3.7,3.93,2.97,3.05,2213271
2015-09-08,2.95,3.3,2.87,3.25,1004379
2015-09-09,3.28,3.58,3.25,3.48,1142998
2015-09-10,3.37,3.6,3.3,3.55,925904
2015-09-11,3.51,3.57,3.39,3.48,478738
2015-09-14,3.5,3.61,3.09,3.58,1658041
2015-09-15,3.42,3.42,3.14,3.28,892517
2015-09-16,3.26,3.87,3.11,3.67,919740
2015-09-17,3.59,3.69,3.39,3.4,797974
2015-09-18,3.45,3.55,3.37,3.44,381417
2015-09-21,3.34,3.53,3.32,3.51,411695
2015-09-22,3.52,3.66,3.49,3.57,532747
2015-09-23,3.47,3.48,3.3,3.34,508467
2015-09-24,3.36,3.46,3.34,3.42,402336
2015-09-25,3.4,3.42,3.16,3.31,622003
2015-09-28,3.24,3.3,3.17,3.27,252742
2015-09-29,3.2,3.22,3.0,3.01,416571
2015-09-30,3.1,3.44,3.01,3.28,767825
2015-10-08,3.63,3.71,3.45,3.54,1003511
2015-10-09,3.57,3.65,3.47,3.61,691298
2015-10-12,3.66,3.98,3.58,3.86,1289212
2015-10-13,3.8,3.9,3.77,3.82,664183
2015-10-14,3.76,3.82,3.61,3.62,709117
2015-10-15,3.63,3.81,3.59,3.8,811228
2015-10-16,3.84,3.95,3.78,3.92,1126827
2015-10-19,3.94,3.97,3.75,3.82,1054570
2015-10-20,3.81,3.94,3.72,3.91,879392
2015-10-21,3.89,4.17,3.64,3.94,1807447
2015-10-22,3.78,3.9,3.7,3.88,842146
2015-10-23,3.85,4.42,3.85,4.38,1963938
2015-10-26,4.41,4.49,4.18,4.26,1836942
2015-10-27,4.21,4.21,3.91,4.11,937724
2015-10-28,4.05,4.11,3.87,3.9,746312
2015-10-29,3.96,4.04,3.9,3.95,440225
2015-10-30,3.99,4.14,3.93,4.01,673465
2015-11-02,3.89,3.99,3.79,3.81,519845
2015-11-03,3.81,3.87,3.7,3.72,479297
2015-11-04,3.75,4.19,3.75,4.13,1171482
2015-11-05,4.14,4.75,4.1,4.31,2937261
2015-11-06,4.37,4.57,4.33,4.5,1678018
2015-11-09,4.46,4.97,4.44,4.68,2039406
2015-11-10,4.6,4.62,4.43,4.5,1227384
2015-11-11,4.57,4.72,4.52,4.62,1210247
2015-11-12,4.74,4.74,4.37,4.47,1014408
2015-11-13,4.38,4.43,4.17,4.24,837825
2015-11-16,4.17,4.34,4.1,4.34,736543
2015-11-17,4.44,4.71,4.34,4.39,1368690
2015-11-18,4.37,5.3,4.33,4.96,4020856
2015-11-19,4.96,4.96,4.65,4.87,2063708
2015-11-20,4.86,5.18,4.81,5.0,1703651
2015-11-23,4.92,5.15,4.8,4.9,1085637
2015-11-24,4.83,4.83,4.6,4.78,978161
2015-11-25,4.73,5.01,4.69,4.84,1039365
2015-11-26,4.84,5.14,4.84,4.91,1102714
2015-11-27,4.84,4.95,4.39,4.49,1191024
2015-11-30,4.52,5.04,4.52,4.89,1579165
2015-12-01,4.83,5.85,4.75,5.85,5450318
2015-12-02,5.69,6.91,5.55,6.91,7153620
2015-12-03,6.89,7.03,6.41,6.65,3735823
2015-12-04,6.39,6.59,6.21,6.29,2610178
2015-12-07,6.2,6.39,5.89,6.12,2384263
2015-12-08,6.13,6.26,5.79,6.01,1439170
2015-12-09,6.06,6.67,5.93,6.48,2764757
2015-12-10,6.29,6.56,5.66,5.74,1923511
2015-12-11,5.67,5.73,5.37,5.64,1059719
2015-12-14,5.53,5.97,5.48,5.86,1126822
2015-12-15,5.95,6.46,5.86,6.0,1465983
2015-12-16,5.92,6.04,5.69,5.76,885983
2015-12-17,5.96,6.81,5.89,6.81,1920203
2015-12-18,7.29,7.61,6.56,6.64,4028811
2015-12-21,6.47,7.59,6.47,7.28,2603569
2015-12-22,7.4,7.4,6.91,7.14,1558311
2015-12-23,7.04,7.44,6.98,7.13,1612260
2015-12-24,7.04,7.08,6.34,6.57,1504833
2015-12-25,6.54,6.94,6.52,6.69,801233
2015-12-28,6.71,6.74,6.04,6.12,1127462
2015-12-29,6.09,6.26,5.87,6.24,702195
2015-12-30,6.19,6.24,5.94,6.14,813309
2015-12-31,6.14,6.34,5.9,5.93,693621
2016-01-04,5.92,5.94,4.87,4.92,997359
2016-01-05,4.64,5.32,4.54,5.15,1475344
2016-01-06,5.11,5.35,4.96,5.3,834874
2016-01-07,5.16,5.16,4.32,4.36,197016
2016-01-08,4.62,5.02,4.32,4.78,1365459
2016-01-11,4.61,4.8,4.0,4.13,1109568
2016-01-12,4.18,4.56,4.02,4.28,908443
2016-01-13,4.31,4.64,4.09,4.16,834199
2016-01-14,3.97,4.47,3.76,4.43,871820
2016-01-15,4.31,4.38,3.77,3.88,932799
2016-01-18,3.74,4.06,3.69,3.9,476751
2016-01-19,3.91,4.76,3.84,4.65,1458333
2016-01-20,4.5,4.64,4.16,4.24,975445
2016-01-21,4.14,4.5,4.02,4.1,649063
2016-01-22,4.19,4.37,4.09,4.3,570344
2016-01-25,4.31,4.51,4.26,4.4,536430
2016-01-26,4.3,4.59,3.7,3.81,867636
2016-01-27,3.91,4.21,3.71,4.04,935532
2016-01-28,3.95,4.16,3.63,3.66,617197
2016-01-29,3.69,4.11,3.68,4.0,569227
2016-02-01,4.02,4.08,3.66,3.89,464262
2016-02-02,3.89,4.53,3.84,4.33,925311
2016-02-03,4.36,4.67,4.17,4.43,1290089
2016-02-04,4.35,4.49,4.25,4.37,965403
2016-02-05,4.42,4.46,4.28,4.29,554373
2016-02-15,3.99,4.16,3.93,4.1,766792
2016-02-16,4.15,4.4,4.09,4.34,740476
2016-02-17,4.32,4.37,4.19,4.37,975843
2016-02-18,4.44,4.77,4.36,4.49,1097629
2016-02-19,4.43,4.5,4.23,4.34,713907
2016-02-22,4.57,4.79,4.54,4.64,1236350
2016-02-23,4.63,4.78,4.48,4.64,715840
2016-02-24,4.63,4.69,4.47,4.67,513718
2016-02-25,4.65,4.65,3.86,3.99,809549
2016-02-26,4.05,4.13,3.87,4.09,515942
2016-02-29,4.34,4.55,4.02,4.37,1473645
2016-03-01,4.47,5.26,4.36,4.77,1984262
2016-03-02,4.74,5.72,4.71,5.72,2680545
2016-03-03,6.28,6.39,5.59,5.64,4543781
2016-03-04,5.55,5.9,5.32,5.56,2792795
2016-03-07,5.67,5.86,5.34,5.47,1649498
2016-03-08,5.55,5.56,4.87,5.35,1539142
2016-03-09,5.08,5.23,4.87,5.17,1275325
2016-03-10,5.05,5.12,4.74,4.75,937053
2016-03-11,4.66,4.67,4.4,4.64,874790
2016-03-14,4.71,5.08,4.71,4.88,1073219
2016-03-15,4.86,5.08,4.46,5.01,1926904
2016-03-16,4.8,5.08,4.69,4.94,1760991
2016-03-17,4.94,5.06,4.71,4.98,1155971
2016-03-18,4.96,5.36,4.95,5.09,1821802
2016-03-21,5.16,5.36,5.09,5.3,1562607
2016-03-22,5.19,5.28,5.09,5.11,1067969
2016-03-23,5.06,5.12,4.89,5.01,981837
2016-03-24,4.9,5.06,4.8,4.84,884232
2016-03-25,4.86,5.01,4.83,4.9,557727
2016-03-28,4.87,4.94,4.61,4.66,985402
2016-03-29,4.62,4.64,4.37,4.42,824564
2016-03-30,4.47,4.74,4.45,4.68,785288
2016-03-31,4.74,4.75,4.54,4.57,720701
2016-04-01,4.6,4.66,4.41,4.61,651789
2016-04-05,4.58,4.84,4.56,4.75,817991
2016-04-06,4.75,4.77,4.65,4.74,599426
2016-04-07,4.85,4.87,4.65,4.66,653512
2016-04-08,4.6,4.64,4.45,4.51,593823
2016-04-11,4.55,4.73,4.55,4.65,532627
2016-04-12,4.64,4.65,4.49,4.53,458375
2016-04-13,4.58,4.83,4.57,4.69,947673
2016-04-14,4.77,4.83,4.64,4.78,538830
2016-04-15,4.78,4.87,4.71,4.78,629612
2016-04-18,4.73,4.73,4.54,4.58,561964
2016-04-19,4.61,4.67,4.52,4.58,430797
2016-04-20,4.61,4.62,4.15,4.44,1022009
2016-04-21,4.39,4.43,4.3,4.32,332754
2016-04-22,4.29,4.52,4.27,4.44,414862
2016-04-25,4.39,4.41,4.29,4.34,253160
2016-04-26,4.34,4.41,4.33,4.39,227775
2016-04-27,4.4,4.48,4.38,4.4,275313
2016-04-28,4.39,4.4,4.24,4.29,400167
2016-04-29,4.25,4.31,4.21,4.24,237892
2016-05-03,4.24,4.42,4.22,4.38,379941
2016-05-04,4.35,4.44,4.34,4.41,306113
2016-05-05,4.41,4.54,4.39,4.51,424700
2016-05-06,4.54,4.64,4.34,4.34,557973
2016-05-09,4.3,4.31,4.09,4.14,427864
2016-05-10,4.15,4.2,4.1,4.13,233537
2016-05-11,4.2,4.21,4.09,4.15,375246
2016-05-12,4.14,4.21,3.99,4.19,363238
2016-05-13,4.14,4.24,4.14,4.19,237848
2016-05-16,4.2,4.27,4.09,4.25,271754
2016-05-17,4.26,4.26,4.16,4.18,246249
2016-05-18,4.15,4.15,3.89,4.08,454898
2016-05-19,4.04,4.11,3.97,3.97,246286
2016-05-20,3.95,4.07,3.9,4.05,235952
2016-05-23,4.06,4.12,3.98,4.04,213313
2016-05-25,4.08,4.08,3.88,3.93,289916
2016-05-26,3.93,3.96,3.75,3.85,266162
2016-05-27,3.85,3.93,3.81,3.86,216288
2016-05-30,3.86,3.91,3.78,3.82,139327
2016-05-31,3.84,4.13,3.81,4.12,555409
2016-06-01,4.12,4.14,4.05,4.07,306003
2016-06-02,4.07,4.17,4.05,4.09,266408
2016-06-03,4.11,4.17,4.05,4.14,367495
2016-06-06,4.14,4.21,4.08,4.12,288102
2016-06-07,4.17,4.19,4.1,4.13,229413
2016-06-08,4.14,4.18,4.05,4.1,233688
2016-06-13,4.04,4.04,3.76,3.79,370705
2016-06-14,3.77,3.8,3.73,3.78,260162
2016-06-15,3.72,3.91,3.7,3.86,227350
2016-06-16,3.83,3.86,3.76,3.78,215205
2016-06-17,3.81,4.04,3.8,3.92,422835
2016-06-20,3.93,4.23,3.93,4.17,600920
2016-06-21,4.19,4.2,4.06,4.11,299125
2016-06-22,4.09,4.26,4.06,4.22,339092
2016-06-23,4.19,4.21,4.06,4.09,223918
2016-06-24,4.13,4.35,3.99,4.09,680302
2016-06-27,4.12,4.22,4.12,4.2,357977
2016-06-28,4.16,4.18,4.1,4.17,238473
2016-06-29,4.18,4.2,4.11,4.17,310016
2016-06-30,4.17,4.27,4.15,4.26,274268
2016-07-01,4.28,4.32,4.2,4.2,248577
2016-07-04,4.19,4.59,4.17,4.54,860495
2016-07-05,4.53,4.76,4.5,4.74,833789
2016-07-06,4.78,4.91,4.61,4.73,1019435
2016-07-14,4.91,5.22,4.83,4.85,1116342
2016-07-15,4.89,5.08,4.88,4.91,559555
2016-07-18,4.89,5.11,4.8,4.99,604412
2016-07-19,4.98,5.02,4.67,4.76,496491
2016-07-20,4.75,4.84,4.63,4.64,394268
2016-07-21,4.68,4.77,4.63,4.68,253217
2016-07-22,4.69,4.74,4.53,4.54,281645
2016-07-25,4.57,4.74,4.56,4.69,399965
2016-07-26,4.69,4.75,4.63,4.75,284097
2016-07-27,4.75,4.82,4.46,4.7,621531
2016-07-28,4.63,4.8,4.51,4.73,576006
2016-07-29,4.68,4.69,4.62,4.62,228289
2016-08-01,4.58,4.61,4.43,4.47,285885
2016-08-02,4.5,4.69,4.46,4.63,343061
2016-08-03,4.61,4.71,4.6,4.68,263189
2016-08-04,4.65,4.97,4.54,4.9,799962
2016-08-05,5.02,5.26,4.84,5.04,1224458
2016-08-08,4.94,5.36,4.91,5.11,1104610
2016-08-09,5.13,5.27,4.99,5.11,783443
2016-08-10,5.06,5.12,4.91,4.93,513980
2016-08-11,4.91,4.95,4.84,4.85,370145
2016-08-12,4.86,5.73,4.81,5.56,2031839
2016-08-15,5.54,6.25,5.48,6.1,3008352
2016-08-16,6.14,6.44,5.63,5.7,3234278
2016-08-17,5.63,5.73,5.41,5.52,1413593
2016-08-18,5.47,6.29,5.45,5.77,2774730
2016-08-19,5.66,5.73,5.52,5.58,1020898
2016-08-22,5.58,5.85,5.51,5.55,822781
2016-08-23,5.51,5.51,5.29,5.38,902531
2016-08-24,5.43,5.46,5.26,5.3,587849
2016-08-25,5.25,5.25,5.02,5.1,828985
2016-08-26,5.11,5.17,5.07,5.08,359207
2016-08-29,5.09,5.25,5.09,5.16,492228
2016-08-30,5.18,5.29,5.16,5.19,466139
2016-08-31,5.19,5.54,5.15,5.43,898049
2016-09-01,5.37,5.37,5.01,5.03,977943
2016-09-02,5.04,5.16,5.02,5.13,525428
2016-09-05,5.13,5.13,4.98,5.02,427493
2016-09-06,5.02,5.07,4.91,5.05,462818
2016-09-07,5.09,5.26,5.06,5.11,581748
2016-09-08,5.08,5.2,5.04,5.08,399690
2016-09-09,5.09,5.1,4.91,4.96,397497
2016-09-12,4.83,5.09,4.76,5.07,780357
2016-09-13,5.01,5.2,4.96,5.19,644854
2016-09-14,5.13,5.44,5.11,5.37,1245278
2016-09-19,5.38,5.39,5.22,5.29,551685
2016-09-20,5.29,5.37,5.24,5.27,310638
2016-09-21,5.29,5.42,5.25,5.4,537049
2016-09-22,5.42,5.76,5.42,5.62,1123135
2016-09-23,5.62,5.62,5.34,5.36,565637
2016-09-26,5.37,5.38,5.06,5.09,673017
2016-09-27,5.09,5.34,5.06,5.29,618221
2016-09-28,5.28,5.33,5.15,5.16,360372
2016-09-29,5.16,5.32,5.12,5.19,283926
2016-09-30,5.18,5.31,5.17,5.23,269427
2016-10-10,5.01,5.01,4.69,4.89,1019920
2016-10-11,4.82,5.01,4.81,4.88,536556
2016-10-12,4.88,4.92,4.78,4.83,479480
2016-10-13,4.82,4.85,4.75,4.81,395932
2016-10-14,4.81,4.84,4.77,4.83,318845
2016-10-17,4.81,4.83,4.72,4.73,436751
2016-10-18,4.71,4.79,4.68,4.79,519011
2016-10-19,4.79,4.87,4.75,4.78,343304
2016-10-20,4.77,4.83,4.75,4.8,292408
2016-10-21,4.81,4.82,4.74,4.78,316328
2016-10-24,4.78,4.87,4.75,4.86,501153
2016-10-25,4.85,4.89,4.83,4.85,346454
2016-10-26,4.85,4.86,4.78,4.81,257919
2016-10-27,4.79,4.81,4.75,4.77,296391
2016-10-28,4.76,4.83,4.76,4.8,262343
2016-10-31,4.78,4.81,4.65,4.78,398957
2016-11-01,4.78,4.83,4.75,4.81,308492
2016-11-02,4.79,4.82,4.72,4.74,298972
2016-11-03,4.73,4.8,4.71,4.75,335442
2016-11-04,4.76,4.8,4.69,4.71,303319
2016-11-07,4.74,4.74,4.68,4.71,217158
2016-11-08,4.73,4.75,4.69,4.71,286147
2016-11-09,4.72,4.81,4.63,4.73,646646
2016-11-10,4.79,4.87,4.74,4.81,514109
2016-11-11,4.8,4.9,4.78,4.88,640357
2016-11-14,4.85,4.91,4.83,4.89,493577
2016-11-15,4.89,5.08,4.87,4.97,667286
2016-11-16,4.97,4.98,4.89,4.93,353776
2016-11-17,4.92,4.94,4.87,4.91,332194
2016-11-18,4.94,5.18,4.94,5.0,820418
2016-11-21,5.01,5.19,5.0,5.12,657000
2016-11-22,5.13,5.23,5.07,5.18,485794
2016-11-23,5.21,5.71,5.21,5.46,1769873
2016-11-24,5.43,5.68,5.33,5.52,1056569
2016-11-25,5.53,5.95,5.52,5.69,1134726
2016-11-28,5.73,5.9,5.53,5.63,981634
2016-11-30,5.79,5.9,5.35,5.51,1251931
2016-12-01,5.53,6.5,5.45,6.29,4701789
2016-12-02,6.35,6.73,6.19,6.24,3690138
2016-12-05,5.78,5.83,5.4,5.65,2379978
2016-12-06,5.59,5.66,5.37,5.41,1103332
2016-12-07,5.39,5.59,5.32,5.52,852166
2016-12-08,5.51,5.55,5.41,5.47,554539
2016-12-09,5.47,5.67,5.43,5.57,891996
2016-12-12,5.51,5.52,5.16,5.29,1156014
2016-12-13,5.25,5.28,5.08,5.13,556570
2016-12-14,5.2,5.33,5.15,5.16,598213
2016-12-15,5.13,5.19,4.92,4.99,645390
2016-12-16,4.98,5.07,4.92,4.99,347687
2016-12-19,4.99,5.03,4.9,4.95,373332
2016-12-20,4.94,4.94,4.71,4.82,613478
2016-12-21,4.82,4.91,4.79,4.87,348647
2016-12-22,4.84,4.86,4.76,4.82,356371
2016-12-23,4.8,4.82,4.73,4.76,275583
2016-12-26,4.73,4.81,4.67,4.81,238974
2016-12-27,4.81,4.98,4.78,4.86,375271
2016-12-28,4.85,4.86,4.7,4.74,337927
2016-12-29,4.73,4.75,4.7,4.72,369388
2016-12-30,4.73,4.81,4.68,4.76,585877
2017-01-03,4.75,4.84,4.71,4.82,349281
2017-01-04,4.8,4.87,4.75,4.84,384207
2017-01-05,4.85,4.91,4.81,4.82,353440
2017-01-06,4.82,4.87,4.76,4.79,299801
2017-01-09,4.78,4.84,4.77,4.81,198154
2017-01-10,4.8,4.84,4.78,4.83,296687
2017-01-11,4.83,4.83,4.76,4.76,232849
2017-01-12,4.73,4.77,4.67,4.68,320320
2017-01-13,4.73,4.83,4.68,4.73,413039
2017-01-16,4.71,4.92,4.56,4.84,1206063
2017-01-17,4.81,4.82,4.72,4.77,257881
2017-01-18,4.78,4.86,4.75,4.8,230222
2017-01-19,4.79,4.9,4.76,4.82,258370
2017-01-20,4.81,4.92,4.79,4.9,344610
2017-01-23,4.92,4.95,4.87,4.91,326856
2017-01-24,4.91,4.92,4.8,4.84,446897
2017-01-25,4.78,4.86,4.77,4.84,212856
2017-01-26,4.85,4.88,4.82,4.85,227639
2017-02-03,4.86,4.89,4.78,4.81,187001
2017-02-06,4.81,4.81,4.74,4.79,269646
2017-02-07,4.79,4.82,4.78,4.79,215418
2017-02-08,4.8,4.93,4.75,4.92,446983
2017-02-09,4.93,5.28,4.92,5.12,880056
2017-02-10,5.12,5.19,5.03,5.1,377343
2017-02-13,5.1,5.18,5.03,5.14,334924
2017-02-14,5.13,5.17,5.09,5.15,214414
2017-02-15,5.15,5.16,4.99,5.0,453663
2017-02-16,5.0,5.1,4.97,5.08,299469
2017-02-17,5.08,5.14,4.93,4.94,439589
2017-02-20,4.95,5.23,4.94,5.21,670614
2017-02-21,5.2,5.39,5.2,5.34,981326
2017-02-22,5.3,5.36,5.26,5.32,453954
2017-02-23,5.34,5.38,5.19,5.26,377404
2017-02-24,5.22,5.26,5.09,5.21,377449
2017-02-27,5.17,5.17,5.04,5.07,305669
2017-02-28,5.07,5.14,5.06,5.1,195496
2017-03-01,5.16,5.21,5.11,5.16,340511
2017-03-02,5.17,5.2,5.05,5.06,243112
2017-03-03,5.04,5.1,4.91,5.06,376967
2017-03-06,5.04,5.14,5.02,5.1,287514
2017-03-07,5.12,5.14,5.03,5.1,239668
2017-03-08,5.12,5.29,5.09,5.21,569291
2017-03-09,5.18,5.3,5.14,5.29,607753
2017-03-10,5.26,5.41,5.24,5.26,432165
2017-03-13,5.25,5.86,5.17,5.72,1911091
2017-03-14,5.7,5.88,5.6,5.74,1103579
2017-03-15,5.72,5.81,5.62,5.72,565666
2017-03-16,5.74,5.84,5.57,5.63,879036
2017-03-17,5.67,5.71,5.34,5.37,1166222
2017-03-20,5.31,5.36,5.14,5.25,805498
2017-03-21,5.26,5.41,5.2,5.37,635651
2017-03-22,5.26,5.36,5.15,5.19,510636
2017-03-23,5.2,5.4,5.18,5.28,516861
2017-03-24,5.31,5.35,5.17,5.31,506663
2017-03-27,5.3,5.37,5.23,5.29,343929
2017-03-28,5.33,5.33,5.18,5.2,340194
2017-03-29,5.2,5.24,5.1,5.12,451614
2017-03-30,5.11,5.15,4.97,5.12,441097
2017-03-31,5.08,5.21,5.02,5.16,320989
2017-04-05,5.3,5.37,5.22,5.27,446628
2017-04-06,5.27,5.33,5.21,5.31,401157
2017-04-07,5.33,5.37,5.22,5.31,420521
2017-04-10,5.31,5.53,5.24,5.43,662238
2017-04-11,5.41,5.58,5.2,5.51,871504
2017-04-12,5.63,5.8,5.51,5.62,1080450
2017-04-13,5.57,5.58,5.37,5.54,583175
2017-04-14,5.47,5.53,5.38,5.52,455691
2017-04-17,5.46,5.51,5.35,5.48,376519
2017-04-18,5.44,5.45,5.22,5.23,578515
2017-04-19,5.2,5.3,5.15,5.26,321680
2017-04-20,5.23,5.3,5.17,5.29,305608
2017-04-21,5.29,5.4,5.26,5.35,362314
2017-04-24,5.35,5.43,5.18,5.42,687010
2017-04-25,5.39,5.45,5.34,5.38,336841
2017-04-26,5.39,5.44,5.3,5.32,256157
2017-04-27,5.29,5.3,4.95,5.18,541404
2017-04-28,5.13,5.15,4.98,5.05,655006
2017-05-02,5.02,5.03,4.94,4.99,230646
2017-05-03,4.99,5.02,4.91,4.99,250315
2017-05-04,4.96,5.0,4.94,4.98,214960
2017-05-05,4.98,5.01,4.81,4.99,769762
2017-05-08,4.92,5.1,4.74,4.96,1115124
2017-05-09,4.92,4.96,4.88,4.95,274613
2017-05-10,4.92,4.98,4.77,4.8,284747
2017-05-11,4.78,4.88,4.71,4.81,329023
2017-05-12,4.78,4.87,4.74,4.82,321908
2017-05-15,4.81,4.92,4.78,4.89,352437
2017-05-16,4.86,4.94,4.78,4.91,457590
2017-05-17,4.88,4.92,4.82,4.84,256793
2017-05-18,4.79,4.91,4.77,4.85,221852
2017-05-19,4.86,4.97,4.83,4.95,300854
2017-05-22,4.95,5.03,4.86,4.94,335068
2017-05-23,4.95,5.04,4.88,4.97,339599
2017-05-24,4.95,5.04,4.89,5.01,288133
2017-05-25,5.04,5.38,5.04,5.34,1108045
2017-05-26,5.33,5.42,5.17,5.2,547921
2017-05-31,5.53,5.62,5.3,5.32,744223
2017-06-01,5.32,5.58,5.31,5.39,572145
2017-06-02,5.35,5.52,5.29,5.36,446415
2017-06-05,5.36,5.39,5.22,5.32,361168
2017-06-06,5.31,5.53,5.28,5.46,498507
2017-06-07,5.43,5.55,5.38,5.49,852995
2017-06-08,5.5,5.7,5.45,5.68,992372
2017-06-09,5.72,5.81,5.56,5.63,788532
2017-06-12,5.63,5.88,5.57,5.63,910566
2017-06-13,5.57,5.7,5.54,5.63,439680
2017-06-14,5.58,5.61,5.35,5.38,750871
2017-06-15,5.38,5.4,5.26,5.37,424591
2017-06-16,5.35,5.38,5.3,5.34,313895
2017-06-19,5.33,5.44,5.31,5.4,316060
2017-06-20,5.39,5.47,5.29,5.33,328291
2017-06-21,5.38,5.58,5.29,5.55,730753
2017-06-22,5.51,5.81,5.45,5.56,1225475
2017-06-23,5.53,6.0,5.5,5.94,1590220
2017-06-26,5.99,6.4,5.93,6.19,2603556
2017-06-27,6.19,6.19,6.01,6.12,788261
2017-06-28,6.09,6.16,5.96,5.97,658580
2017-06-29,6.01,6.1,5.89,6.02,600015
2017-06-30,5.98,5.99,5.89,5.92,480465
2017-07-03,5.96,6.17,5.92,6.13,710710
2017-07-04,6.13,6.14,5.8,5.84,693209
2017-07-05,5.85,6.02,5.73,6.0,595139
2017-07-06,5.95,5.97,5.79,5.8,526686
2017-07-07,5.8,6.2,5.78,6.18,1080042
2017-07-10,6.14,6.67,6.1,6.3,1382666
2017-07-11,6.27,6.58,6.25,6.34,961476
2017-07-12,6.32,6.55,6.23,6.32,921463
2017-07-13,6.25,6.47,6.22,6.43,651657
2017-07-14,6.46,6.84,6.35,6.83,1156260
2017-07-17,6.87,6.99,6.56,6.61,1266612
2017-07-18,6.56,6.9,6.55,6.84,999154
2017-07-19,6.71,6.88,6.6,6.78,1068231
2017-07-20,6.72,7.22,6.72,7.13,1292276
2017-07-21,7.1,7.17,6.78,6.92,1041903
2017-07-24,6.86,6.94,6.63,6.69,865021
2017-07-25,6.63,6.67,6.42,6.5,721396
2017-07-26,6.53,6.59,6.25,6.32,893197
2017-07-27,6.31,6.49,6.24,6.43,748563
2017-07-28,6.4,6.64,6.37,6.57,621721
2017-07-31,6.57,6.64,6.34,6.46,644611
2017-08-01,6.47,6.6,6.43,6.53,475040
2017-08-02,6.52,6.59,6.13,6.15,872776
2017-08-03,6.15,6.22,5.98,6.08,686682
2017-08-04,6.07,6.19,6.0,6.04,696984
2017-08-07,6.05,6.08,5.93,6.03,499105
2017-08-08,6.04,6.09,5.93,6.02,596876
2017-08-09,6.04,6.17,6.01,6.14,582766
2017-08-10,6.12,6.16,5.95,6.14,509887
2017-08-11,6.05,6.12,5.75,5.79,684842
2017-08-14,5.81,5.88,5.75,5.84,584038
2017-08-15,5.83,5.93,5.78,5.84,359242
2017-08-16,5.85,5.89,5.76,5.84,275779
2017-08-17,5.83,5.95,5.8,5.93,369381
2017-08-18,5.89,6.09,5.86,6.06,546119
2017-08-21,6.01,6.12,6.0,6.07,360744
2017-08-22,6.29,6.48,6.16,6.21,906425
2017-08-23,6.18,6.28,6.1,6.13,439311
2017-08-24,6.12,6.15,6.0,6.06,315906
2017-08-25,6.03,6.23,6.03,6.21,424567
2017-08-28,6.24,6.43,6.17,6.33,743555
2017-08-29,6.34,6.38,6.21,6.23,321920
2017-08-30,6.3,6.43,6.28,6.36,627520
2017-08-31,6.33,6.41,6.22,6.26,371151
2017-09-01,6.25,6.29,6.05,6.16,678830
2017-09-04,6.14,6.27,6.1,6.23,352273
2017-09-05,6.19,6.5,6.19,6.47,790208
2017-09-06,6.41,6.51,6.35,6.44,461818
2017-09-07,6.51,7.07,6.5,6.85,1889733
2017-09-08,6.85,7.16,6.69,7.01,1198734
2017-09-11,7.1,7.18,6.73,6.85,1026657
2017-09-12,6.83,6.91,6.58,6.66,794993
2017-09-13,6.66,6.82,6.62,6.68,691984
2017-09-14,6.68,7.28,6.67,7.27,1990893
2017-09-15,7.25,7.95,7.2,7.6,2336595
2017-09-18,7.66,8.0,7.33,7.4,1821343
2017-09-19,7.46,7.96,7.41,7.54,1824445
2017-09-20,7.53,7.58,7.21,7.24,1233090
2017-09-21,7.28,7.44,7.2,7.28,904678
2017-09-22,7.27,7.48,7.16,7.26,660406
2017-09-25,6.96,6.98,6.48,6.52,1586832
2017-09-26,6.54,6.74,6.49,6.6,538439
2017-09-27,6.66,6.73,6.53,6.72,477418
2017-09-28,6.72,6.74,6.36,6.39,835400
2017-09-29,6.43,6.48,6.28,6.35,501572
2017-10-09,6.65,6.77,6.47,6.49,1109989
2017-10-10,6.54,6.58,6.35,6.41,779300
2017-10-11,6.44,6.54,6.32,6.39,747033
2017-10-12,6.4,6.4,6.18,6.27,784082
2017-10-13,6.27,6.33,6.19,6.22,656982
2017-10-16,6.26,6.29,6.12,6.13,575364
2017-10-17,6.12,6.2,6.09,6.17,400656
2017-10-18,6.17,6.22,6.13,6.2,412372
2017-10-19,6.21,6.31,6.15,6.21,572950
2017-10-20,6.22,6.32,6.17,6.32,413278
2017-10-23,6.32,6.49,6.26,6.44,677983
2017-10-24,6.6,6.84,6.48,6.75,1273237
2017-10-25,6.78,7.1,6.75,6.81,976387
2017-10-26,6.76,6.9,6.51,6.59,1173307
2017-10-27,6.65,6.87,6.46,6.59,1294170
2017-10-30,6.57,6.73,6.48,6.72,1268823
2017-10-31,6.74,6.87,6.62,6.84,970245
2017-11-01,6.86,7.16,6.66,6.72,1738451
2017-11-02,6.65,6.84,6.6,6.78,835857
2017-11-03,6.75,6.78,6.38,6.61,998392
2017-11-06,6.53,6.59,6.23,6.33,822979
2017-11-07,6.36,6.48,6.28,6.39,832643
2017-11-08,6.33,6.55,6.33,6.43,716415
2017-11-09,6.43,6.61,6.4,6.58,508741
2017-11-10,6.62,6.65,6.33,6.39,836336
2017-11-13,6.38,6.48,6.23,6.27,844227
2017-11-14,6.25,6.47,6.14,6.41,841821
2017-11-15,6.34,6.68,6.3,6.66,1008704
2017-11-16,6.67,7.39,6.64,7.38,2553548
2017-11-17,7.38,7.7,7.28,7.68,2582599
2017-11-20,7.58,7.7,7.3,7.69,1262329
2017-11-21,7.64,8.36,7.62,7.97,2431309
2017-11-22,8.15,8.33,7.9,8.0,2145445
2017-11-23,7.99,8.32,7.6,7.81,1550918
2017-11-24,7.75,8.04,7.65,7.89,1003703
2017-11-27,7.89,8.28,7.61,7.91,1306556
2017-11-28,7.9,7.9,7.37,7.63,926541
2017-11-29,7.75,8.8,7.63,8.8,2477453
2017-11-30,8.95,9.04,8.22,8.55,2357141
2017-12-01,8.55,9.2,8.45,8.7,2001432
2017-12-04,8.65,8.8,8.28,8.77,1238807
2017-12-05,8.65,9.12,8.49,8.75,2285227
2017-12-06,8.63,9.0,8.46,8.65,1230004
2017-12-07,8.68,9.3,8.67,8.79,1566829
2017-12-08,8.65,8.7,8.24,8.69,1448304
2017-12-11,8.6,8.87,8.39,8.86,1061582
2017-12-12,8.78,8.99,8.48,8.51,954302
2017-12-13,8.54,8.59,8.3,8.54,771350
2017-12-14,8.51,8.93,8.41,8.62,1011920
2017-12-15,8.46,8.6,8.01,8.1,1164531
2017-12-18,8.11,8.31,7.83,8.08,842468
2017-12-19,8.13,8.35,8.01,8.33,697373
2017-12-20,8.19,8.26,7.84,8.04,1064991
2017-12-21,8.08,9.19,8.07,8.98,1967975
2017-12-22,8.95,9.11,8.89,9.03,990559
2017-12-25,9.28,9.89,9.28,9.5,1868339
2017-12-26,9.58,9.82,9.4,9.8,1152057
2017-12-27,9.65,9.9,9.41,9.6,1073454
2017-12-28,9.55,9.78,9.27,9.66,925361
2017-12-29,9.62,10.27,9.56,10.1,1266858
2018-01-02,10.25,11.03,10.25,10.57,1838891
2018-01-03,10.67,11.1,10.29,10.39,1907441
2018-01-04,10.52,10.79,10.34,10.46,1467574
2018-01-05,10.5,11.9,10.4,11.24,2617996
2018-01-08,11.67,12.25,11.41,11.57,2782186
2018-01-09,11.4,11.91,11.39,11.65,1462557
2018-01-10,11.65,12.21,11.55,11.81,1432952
2018-01-11,11.69,11.9,11.29,11.73,1181746
2018-01-12,11.63,12.29,11.52,11.65,1394105
2018-01-15,12.13,12.82,11.95,12.55,2574306
2018-01-16,12.4,13.94,12.29,13.63,3224720
2018-01-17,13.35,14.16,12.99,13.88,2751893
2018-01-18,13.85,14.04,13.27,13.52,1882339
2018-01-19,13.65,13.95,13.05,13.24,1959307
2018-01-22,13.22,13.67,13.11,13.48,1462844
2018-01-23,13.6,14.3,13.6,13.7,2586248
2018-01-24,13.73,14.35,13.65,13.79,1929381
2018-01-25,13.72,13.76,12.65,13.05,2459242
2018-01-26,13.05,13.51,12.86,13.14,1624391
2018-01-29,13.28,13.43,12.63,12.93,1711331
2018-01-30,12.91,13.08,12.31,12.47,1621627
2018-01-31,12.56,13.24,12.44,13.18,1999987
2018-02-01,13.3,13.8,13.13,13.53,2247726
2018-02-02,13.25,14.43,12.95,14.37,2124073
2018-02-05,14.15,14.69,13.9,14.64,1899820
2018-02-06,14.15,14.22,13.35,13.98,2300497
2018-02-07,14.3,14.41,12.18,12.29,3102237
2018-02-08,11.98,12.27,11.15,11.62,2344831
2018-02-09,11.01,11.32,10.05,10.14,3260391
2018-02-12,10.15,10.51,9.84,10.45,1995140
2018-02-13,10.71,11.6,10.61,11.06,1877979
2018-02-14,11.05,11.3,10.69,11.15,809861
2018-02-22,11.45,11.74,11.22,11.38,1048358
2018-02-23,11.43,11.86,11.27,11.59,1062567
2018-02-26,11.62,11.74,10.35,11.04,2023755
2018-02-27,10.93,10.95,10.27,10.46,1868184
2018-02-28,10.21,10.8,10.0,10.58,1449396
2018-03-01,10.37,11.01,10.33,10.65,1355076
2018-03-02,10.43,10.94,10.25,10.75,1166831
2018-03-05,10.87,11.33,10.72,10.81,1215889
2018-03-06,10.95,11.54,10.55,11.5,1742183
2018-03-07,11.42,11.81,11.21,11.36,1131348
2018-03-08,11.37,11.6,11.22,11.49,758502
2018-03-09,11.56,11.65,10.94,11.2,1103531
2018-03-12,11.05,11.05,10.32,10.52,2009627
2018-03-13,10.43,10.67,10.38,10.48,973979
2018-03-14,10.38,10.65,10.25,10.52,849779
2018-03-15,10.52,10.63,10.36,10.54,760648
2018-03-16,10.48,10.81,10.46,10.56,955963
2018-03-19,10.51,10.51,9.95,10.02,1191869
2018-03-20,9.81,9.98,9.66,9.88,906167
2018-03-21,9.94,10.29,9.83,9.96,995004
2018-03-22,9.9,10.01,9.48,9.57,1097284
2018-03-23,9.05,9.28,8.67,9.26,2109760
2018-03-26,9.1,9.24,8.75,8.99,1071209
2018-03-27,9.3,9.41,8.89,9.05,1101884
2018-03-28,8.87,9.4,8.81,9.03,1091350
2018-03-29,9.1,10.03,8.43,9.71,2806957
2018-03-30,9.55,9.71,9.38,9.42,1178819
2018-04-02,9.51,10.0,9.41,9.59,1509565
2018-04-03,9.31,9.63,9.16,9.48,833386
2018-04-04,9.35,9.89,9.3,9.64,962824
2018-04-09,9.61,9.74,9.29,9.41,673818
2018-04-10,9.45,10.26,9.41,10.24,1498047
2018-04-11,10.26,10.71,10.05,10.49,1523034
2018-04-12,10.35,10.61,10.18,10.34,790223
2018-04-13,10.44,10.57,9.86,9.97,738997
2018-04-16,9.88,9.89,8.99,9.19,1646111
2018-04-17,9.21,9.36,9.01,9.1,901370
2018-04-18,9.47,9.71,9.26,9.41,1462820
2018-04-19,9.41,9.63,9.26,9.39,795331
2018-04-20,9.41,9.53,9.03,9.35,778279
2018-04-23,9.2,9.58,9.1,9.49,650066
2018-04-24,9.72,10.38,9.71,10.04,1496318
2018-04-25,9.88,10.04,9.68,9.8,722276
2018-04-26,9.96,10.03,9.31,9.54,787222
2018-04-27,9.31,9.35,8.47,9.08,1769216
2018-05-02,8.94,9.21,8.82,9.12,646107
2018-05-03,9.1,9.1,8.75,8.99,847435
2018-05-04,8.99,9.26,8.94,8.98,719787
2018-05-07,9.08,9.61,8.95,9.46,979354
2018-05-08,9.49,10.12,9.41,9.76,1145813
2018-05-09,9.83,10.02,9.7,9.84,648487
2018-05-10,9.94,10.09,9.63,9.85,526399
2018-05-11,9.93,9.95,9.56,9.65,474026
2018-05-14,9.78,9.95,9.46,9.67,488781
2018-05-15,9.72,9.92,9.56,9.91,472956
2018-05-16,9.8,9.88,9.55,9.6,489172
2018-05-17,9.6,9.87,9.53,9.55,417858
2018-05-18,9.58,9.84,9.47,9.83,433132
2018-05-21,9.87,9.93,9.64,9.7,659085
2018-05-22,9.71,9.71,9.0,9.15,1420126
2018-05-23,9.07,9.1,8.8,8.81,945601
2018-05-24,8.83,8.9,8.54,8.65,634034
2018-05-25,8.66,8.79,8.48,8.69,565588
2018-05-28,8.65,8.72,8.48,8.55,527139
2018-05-29,8.49,8.51,7.87,8.38,1479447
2018-05-30,8.17,8.27,7.97,7.99,611802
2018-05-31,8.11,8.39,7.97,8.29,718404
2018-06-01,8.27,8.8,8.23,8.54,1170786
2018-06-04,8.65,9.33,8.65,9.23,1500330
2018-06-05,9.2,9.49,9.08,9.34,1036820
2018-06-06,9.34,9.52,9.15,9.23,599206
2018-06-07,9.25,9.83,9.16,9.75,1068832
2018-06-08,9.73,9.75,9.25,9.41,745233
2018-06-11,9.32,10.05,9.24,9.96,899057
2018-06-12,9.96,10.22,9.79,9.98,725904
2018-06-13,9.89,10.35,9.89,10.04,768685
2018-06-14,9.98,10.21,9.67,10.0,603578
2018-06-15,10.03,10.64,10.03,10.34,970631
2018-06-19,10.1,10.43,9.7,9.84,1377005
2018-06-20,9.81,10.51,9.71,10.5,966376
2018-06-21,10.43,11.03,10.29,10.53,1090896
2018-06-22,10.56,10.74,10.09,10.42,746437
2018-06-25,10.55,10.62,9.37,9.43,1254715
2018-06-26,8.95,9.16,8.55,8.83,1468178
2018-06-27,8.83,8.86,7.99,8.27,1553748
2018-06-28,8.05,8.49,8.0,8.08,898031
2018-06-29,8.16,8.57,8.11,8.55,815703
2018-07-02,8.45,8.47,7.33,7.36,1887218
2018-07-03,7.42,7.6,7.13,7.5,1192977
2018-07-04,7.42,7.68,7.09,7.18,889075
2018-07-05,7.19,7.38,6.98,7.06,910442
2018-07-06,7.11,7.15,6.58,6.93,1188123
2018-07-09,7.0,7.53,6.94,7.5,1054981
2018-07-10,7.66,7.79,7.41,7.64,1146535
2018-07-11,7.35,7.43,7.04,7.36,789567
2018-07-12,7.4,7.71,7.39,7.56,896681
2018-07-13,7.9,7.98,7.48,7.52,973532
2018-07-16,7.56,7.6,7.05,7.25,920742
2018-07-17,7.17,7.4,7.0,7.28,708285
2018-07-18,7.3,7.34,6.9,6.92,891601
2018-07-19,7.04,7.22,6.96,7.01,767874
2018-07-20,7.03,7.53,6.65,7.33,1539356
2018-07-23,7.19,8.04,7.11,7.94,1843258
2018-07-24,8.08,8.73,8.05,8.32,1949921
2018-07-25,8.44,8.55,8.17,8.39,667260
2018-07-26,8.5,8.7,8.13,8.18,835568
2018-07-27,8.09,8.4,7.84,8.17,640905
2018-07-30,8.13,8.47,8.0,8.31,613260
2018-07-31,8.39,8.54,8.27,8.48,779265
2018-08-01,8.18,8.18,7.67,7.68,1433230
2018-08-02,7.55,7.57,7.05,7.21,980572
2018-08-03,7.23,7.37,6.97,7.03,649289
2018-08-06,7.09,7.12,6.75,6.86,734883
2018-08-07,6.94,7.44,6.89,7.36,882516
2018-08-08,7.35,7.62,7.04,7.06,760805
2018-08-09,7.08,7.9,6.99,7.88,1134624
2018-08-10,8.05,8.44,7.92,8.05,1216517
2018-08-13,7.75,7.89,7.57,7.82,782626
2018-08-14,7.8,7.8,7.26,7.41,1030885
2018-08-15,7.43,7.53,7.21,7.23,701327
2018-08-16,6.96,7.46,6.91,7.36,896695
2018-08-17,7.47,7.67,7.25,7.3,842520
2018-08-20,7.4,7.6,7.28,7.6,804629
2018-08-21,7.6,7.89,7.48,7.79,869528
2018-08-22,7.73,7.82,7.57,7.69,446354
2018-08-23,7.71,7.92,7.43,7.65,577387
2018-08-24,7.61,7.8,7.44,7.67,356358
2018-08-27,7.82,8.4,7.76,8.35,1045167
2018-08-28,8.25,8.57,8.22,8.33,631085
2018-08-29,8.28,8.7,8.28,8.46,598511
2018-08-30,8.39,8.56,8.19,8.22,461719
2018-08-31,8.15,8.79,8.04,8.63,943898
2018-09-03,8.53,8.79,8.29,8.52,692741
2018-09-04,8.49,8.75,8.24,8.71,576675
2018-09-05,8.52,8.63,8.15,8.19,673819
2018-09-06,8.14,8.24,7.69,7.78,966599
2018-09-07,7.79,8.13,7.69,7.87,726565
2018-09-10,7.9,8.39,7.9,8.15,1127942
2018-09-11,8.15,8.23,7.77,8.0,621214
2018-09-12,8.1,8.16,7.81,8.02,432063
2018-09-13,8.24,8.3,7.91,8.21,572270
2018-09-14,8.21,8.4,8.01,8.37,552761
2018-09-17,8.25,8.36,7.99,8.32,593198
2018-09-18,8.23,8.54,8.13,8.49,598227
2018-09-19,8.44,9.34,8.41,9.06,1390287
2018-09-20,9.01,9.12,8.8,8.91,783344
2018-09-21,8.95,9.68,8.83,9.5,1041116
2018-09-25,9.02,9.03,8.58,8.71,1325935
2018-09-26,8.77,9.0,8.51,8.75,1048093
2018-09-27,8.74,8.74,8.51,8.61,699647
2018-09-28,8.64,8.86,8.35,8.52,1101684
2018-10-08,7.99,8.15,7.62,7.7,1000160
2018-10-09,7.67,7.74,7.4,7.57,606290
2018-10-10,7.6,7.79,7.44,7.7,477174
2018-10-11,7.43,7.6,7.25,7.33,785607
2018-10-12,7.38,7.79,7.34,7.72,679847
2018-10-15,7.73,7.73,7.35,7.4,484433
2018-10-16,7.44,7.62,6.91,7.05,747291
2018-10-17,7.18,7.31,7.07,7.23,465579
2018-10-18,7.15,7.27,6.91,7.01,474513
2018-10-19,7.0,7.58,6.92,7.52,833534
2018-10-22,7.7,8.16,7.7,8.02,1006497
2018-10-23,8.0,8.1,7.61,7.67,587574
2018-10-24,7.71,8.14,7.66,7.86,588719
2018-10-25,7.65,8.5,7.51,8.5,1251851
2018-10-26,8.48,9.15,8.43,8.75,1335844
2018-10-29,8.83,8.93,8.1,8.43,976843
2018-10-30,8.65,8.92,8.27,8.66,983967
2018-10-31,8.69,9.15,8.41,8.95,743213
2018-11-01,9.29,9.6,9.05,9.19,1019789
2018-11-02,9.54,9.61,8.75,9.04,1353920
2018-11-05,8.8,8.86,8.45,8.63,871013
2018-11-06,8.6,8.86,8.47,8.85,669019
2018-11-07,8.83,8.95,8.63,8.74,442436
2018-11-08,8.83,9.0,8.66,8.73,415081
2018-11-09,8.61,8.85,8.51,8.53,432772
2018-11-12,8.51,8.77,8.45,8.7,512830
2018-11-13,8.49,8.85,8.47,8.82,360530
2018-11-14,8.95,9.26,8.9,8.96,705833
2018-11-15,8.95,9.13,8.86,9.12,298942
2018-11-16,9.05,9.5,8.94,9.35,606043
2018-11-19,9.35,9.93,9.35,9.87,869886
2018-11-20,9.74,10.03,9.46,9.64,625127
2018-11-21,9.52,10.02,9.47,9.77,530215
2018-11-22,9.77,9.81,9.38,9.57,392412
2018-11-23,9.53,9.59,9.11,9.35,377939
2018-11-26,9.44,9.8,9.16,9.4,483615
2018-11-27,9.39,9.44,9.1,9.14,331394
2018-11-28,9.16,9.71,9.15,9.71,462933
2018-11-29,9.8,9.93,9.23,9.26,566482
2018-11-30,9.26,9.47,9.09,9.45,340802
2018-12-03,9.71,9.8,9.02,9.45,1183893
2018-12-04,9.34,9.34,8.81,9.03,1105532
2018-12-05,8.86,9.22,8.81,9.08,612130
2018-12-06,8.88,9.13,8.88,9.03,428102
2018-12-07,8.98,9.26,8.96,9.03,434373
2018-12-10,8.98,9.14,8.68,8.79,451709
2018-12-11,8.84,9.19,8.81,9.15,583444
2018-12-12,9.33,9.57,9.18,9.24,715417
2018-12-13,9.45,9.81,9.4,9.68,799023
2018-12-14,9.65,9.7,9.33,9.35,462715
2018-12-17,9.3,9.41,9.16,9.35,432350
2018-12-18,9.18,9.3,8.84,8.88,603214
2018-12-19,9.03,9.18,8.79,8.81,440800
2018-12-20,8.88,9.01,8.56,8.72,593021
2018-12-21,8.62,8.69,7.88,8.3,971768
2018-12-24,8.1,8.35,7.96,8.32,667426
2018-12-25,8.1,8.35,8.02,8.28,535472
2018-12-26,8.22,8.31,7.97,8.16,429742
2018-12-27,8.32,8.49,8.1,8.1,439138
2018-12-28,8.17,8.3,8.05,8.14,472493
2019-01-02,8.09,8.18,7.87,8.06,379729
2019-01-03,8.02,8.35,7.96,8.25,550014
2019-01-04,8.15,8.63,8.1,8.58,567342
2019-01-07,8.75,8.82,8.41,8.51,533576
2019-01-08,8.53,8.54,8.07,8.34,432136
2019-01-09,8.39,8.69,8.27,8.49,640844
2019-01-10,8.42,8.45,8.29,8.35,388900
2019-01-11,8.4,8.47,8.25,8.34,459695
2019-01-14,8.25,8.29,8.0,8.12,485894
2019-01-15,8.13,8.13,7.58,8.03,1101272
2019-01-16,7.99,8.25,7.85,8.21,592801
2019-01-17,8.23,8.3,8.07,8.12,446022
2019-01-18,8.19,8.45,8.1,8.42,599464
2019-01-21,8.41,8.58,8.2,8.39,578158
2019-01-22,8.35,8.63,8.3,8.4,596991
2019-01-23,8.38,8.44,8.22,8.26,354313
2019-01-24,8.29,8.35,8.08,8.29,347618
2019-01-25,8.39,8.86,8.28,8.65,869353
2019-01-28,8.71,8.89,8.5,8.59,455278
2019-01-29,8.59,8.99,8.49,8.94,732932
2019-01-30,8.85,9.43,8.83,9.05,897207
2019-01-31,9.18,9.29,8.99,9.23,632213
2019-02-01,9.31,9.35,8.91,9.22,687436
2019-02-11,9.05,9.29,8.82,9.21,645344
2019-02-12,9.14,9.22,8.94,9.22,580780
2019-02-13,9.19,9.63,9.12,9.63,840462
2019-02-14,9.5,9.78,9.47,9.73,717021
2019-02-15,9.63,9.63,8.99,9.02,1105551
2019-02-18,9.18,9.32,9.05,9.3,991748
2019-02-19,9.37,9.45,9.05,9.14,1184059
2019-02-20,9.18,9.63,9.07,9.49,1409715
2019-02-21,9.42,9.43,9.13,9.21,920373
2019-02-22,9.16,9.28,8.96,9.24,864891
2019-02-25,9.32,10.04,9.25,9.97,2168062
2019-02-26,9.85,10.03,9.53,9.58,1969378
2019-02-27,9.61,9.98,9.46,9.65,1479287
2019-02-28,9.6,9.89,9.44,9.56,1220320
2019-03-01,9.66,9.71,9.35,9.7,1224368
2019-03-04,9.75,10.68,9.74,10.25,2891193
2019-03-05,10.25,10.77,10.15,10.51,1802566
2019-03-06,10.53,10.62,10.07,10.34,1238907
2019-03-07,10.3,10.3,9.67,9.88,1662140
2019-03-08,9.57,9.88,9.33,9.39,1545610
2019-03-11,9.19,9.47,8.94,9.38,1576937
2019-03-12,9.55,9.6,9.25,9.38,1272281
2019-03-13,9.35,9.84,9.1,9.6,1745308
2019-03-14,9.51,9.97,9.48,9.6,1229838
2019-03-15,9.61,10.13,9.5,10.13,1839419
2019-03-18,10.21,10.92,10.02,10.75,2123306
2019-03-19,10.75,11.11,10.45,10.59,1363653
2019-03-20,10.59,10.83,10.33,10.72,1285748
2019-03-21,10.71,10.95,10.38,10.49,1232855
2019-03-22,10.43,10.48,10.11,10.29,893041
2019-03-25,10.06,10.1,9.79,9.81,1064699
2019-03-26,9.85,10.05,9.63,9.68,1007494
2019-03-27,9.85,10.05,9.71,10.04,1045423
2019-03-28,9.94,10.09,9.73,9.73,995390
2019-03-29,9.81,10.6,9.71,10.59,1858685
2019-04-01,10.8,11.43,10.68,11.02,2115332
2019-04-02,11.03,11.03,10.71,10.79,1297844
2019-04-03,10.73,11.01,10.62,10.96,1064173
2019-04-04,10.98,11.22,10.74,10.9,1223665
2019-04-08,10.95,11.23,10.64,10.81,1204750
2019-04-09,11.1,11.29,10.81,11.27,1678968
2019-04-10,11.11,11.16,10.78,11.0,1128013
2019-04-11,10.95,11.17,10.49,10.55,1055214
2019-04-12,10.58,10.62,10.15,10.25,1218597
2019-04-15,10.56,10.71,10.18,10.19,1313612
2019-04-16,10.22,10.88,9.95,10.83,1445195
2019-04-17,10.75,10.82,10.45,10.54,925470
2019-04-18,10.52,10.54,10.2,10.35,1028735
2019-04-19,10.35,10.58,10.26,10.55,721935
2019-04-22,10.32,10.32,9.73,9.75,1912376
2019-04-23,9.78,9.9,9.71,9.75,1004087
2019-04-24,9.8,9.86,9.55,9.71,903313
2019-04-25,9.72,9.85,9.64,9.65,827301
2019-04-26,9.63,9.77,9.51,9.59,692306
2019-04-29,9.68,9.95,9.65,9.81,1016601
2019-04-30,9.73,9.86,9.56,9.84,643243
2019-05-06,9.43,9.63,9.03,9.18,1058708
2019-05-07,9.33,9.42,9.18,9.29,683262
2019-05-08,9.15,9.33,9.1,9.19,479785
2019-05-09,9.15,9.25,8.78,8.86,734587
2019-05-10,8.98,9.36,8.87,9.32,815906
2019-05-13,9.04,9.25,8.95,9.16,463485
2019-05-14,9.05,9.4,8.98,9.19,610992
2019-05-15,9.28,9.47,9.25,9.3,671913
2019-05-16,9.27,9.36,9.21,9.33,580134
2019-05-17,9.33,9.35,8.93,8.97,501025
2019-05-20,9.04,9.13,8.8,8.92,483749
2019-05-21,8.94,9.14,8.91,9.05,420080
2019-05-22,9.05,9.23,9.02,9.09,490882
2019-05-23,9.04,9.07,8.75,8.92,460322
2019-05-24,8.99,9.11,8.89,8.92,356418
2019-05-27,8.91,9.04,8.67,9.03,620904
2019-05-28,9.1,9.23,8.96,9.23,664819
2019-05-29,9.09,9.2,9.06,9.08,329527
2019-05-30,9.12,9.12,8.89,9.02,343177
2019-05-31,9.0,9.14,8.95,9.01,331341
2019-06-03,9.07,9.19,8.95,9.03,385664
2019-06-04,9.06,9.1,8.91,9.0,306615
2019-06-05,9.14,9.62,9.06,9.41,973205
2019-06-06,9.42,9.59,9.38,9.39,535169
2019-06-10,9.53,9.81,9.41,9.64,601311
2019-06-11,9.64,9.85,9.63,9.78,613210
2019-06-12,9.73,9.75,9.54,9.69,424334
2019-06-13,9.65,9.69,9.5,9.58,401624
2019-06-14,9.65,9.83,9.63,9.73,642868
2019-06-17,9.64,9.76,9.53,9.69,314242
2019-06-18,9.7,9.73,9.46,9.65,337015
2019-06-19,9.87,9.94,9.64,9.69,502012
2019-06-20,9.7,10.06,9.63,10.05,853451
2019-06-21,9.98,10.09,9.83,9.86,704596
2019-06-24,9.85,9.93,9.73,9.91,460789
2019-06-25,9.89,9.94,9.63,9.73,533459
2019-06-26,9.71,9.73,9.56,9.62,498252
2019-06-27,9.65,9.75,9.62,9.67,594196
2019-06-28,9.68,9.7,9.54,9.61,365155
2019-07-01,9.74,9.92,9.69,9.87,782770
2019-07-02,9.85,10.06,9.78,10.05,709971
2019-07-03,10.05,10.4,9.9,10.21,1315395
2019-07-04,10.22,10.81,10.22,10.49,1438880
2019-07-05,10.41,10.56,10.29,10.39,738328
2019-07-08,10.32,10.73,10.1,10.29,1191106
2019-07-09,10.33,10.67,10.27,10.33,955020
2019-07-10,10.45,10.51,10.22,10.31,649738
2019-07-11,10.42,10.5,10.24,10.32,534942
2019-07-12,10.32,10.51,10.28,10.4,582871
2019-07-15,10.3,10.32,10.0,10.2,884748
2019-07-16,10.22,10.46,10.18,10.37,604487
2019-07-17,10.28,10.54,10.26,10.41,464389
2019-07-18,10.4,10.51,10.26,10.4,422272
2019-07-19,11.07,11.29,10.84,11.23,2010708
2019-07-22,11.25,11.7,11.24,11.35,1202744
2019-07-23,11.33,11.41,11.04,11.15,932370
2019-07-24,11.23,11.32,11.06,11.16,707628
2019-07-25,11.21,11.22,10.96,11.21,597926
2019-07-26,11.05,11.42,11.02,11.33,622115
2019-07-29,11.29,11.41,11.25,11.32,488346
2019-07-30,11.31,11.56,11.31,11.47,490532
2019-07-31,11.28,11.28,10.92,11.06,996818
2019-08-01,10.95,11.07,10.6,10.68,1050506
2019-08-02,10.45,10.77,10.4,10.67,829015
2019-08-05,10.56,10.62,10.23,10.24,698338
2019-08-06,10.05,10.53,10.02,10.38,850295
2019-08-07,10.46,10.77,10.43,10.57,607268
2019-08-08,10.7,10.73,10.57,10.61,377534
2019-08-09,10.64,10.7,10.28,10.36,512214
2019-08-12,10.39,10.8,10.32,10.77,540229
2019-08-13,10.62,10.76,10.43,10.53,455696
2019-08-14,10.77,10.8,10.41,10.48,477054
2019-08-15,10.31,10.82,10.28,10.8,471227
2019-08-16,10.83,10.96,10.68,10.7,407647
2019-08-19,10.92,11.15,10.76,11.13,665566
2019-08-20,11.06,11.49,11.04,11.3,758149
2019-08-21,11.21,11.55,11.21,11.39,480574
2019-08-22,11.39,11.54,11.1,11.21,501135
2019-08-23,11.33,11.47,11.18,11.32,539078
2019-08-26,10.97,11.38,10.95,11.29,572154
2019-08-27,11.37,11.41,11.19,11.22,683893
2019-08-28,11.2,11.26,10.98,11.1,416008
2019-08-29,11.08,11.18,10.32,10.56,1036089
2019-08-30,10.68,10.69,10.19,10.3,967404
2019-09-02,10.21,10.4,10.16,10.33,920111
2019-09-03,10.35,10.35,10.02,10.15,900089
2019-09-04,10.15,10.74,10.15,10.72,1320131
2019-09-05,10.68,10.9,10.43,10.56,1592127
2019-09-06,10.56,10.66,10.26,10.62,913927
2019-09-09,10.67,10.95,10.67,10.92,1097162
2019-09-10,10.93,10.93,10.7,10.84,498684
2019-09-11,10.85,10.88,10.68,10.8,520801
2019-09-12,10.95,11.54,10.95,11.49,1492051
2019-09-16,11.59,11.63,11.24,11.32,931976
2019-09-17,11.29,11.53,11.2,11.33,662425
2019-09-18,11.4,11.88,11.28,11.7,983424
2019-09-19,11.7,11.76,11.51,11.66,496236
2019-09-20,11.66,11.71,11.36,11.43,740446
2019-09-23,11.41,11.5,11.23,11.33,548745
2019-09-24,11.33,11.46,11.22,11.24,429566
2019-09-25,11.21,11.31,11.03,11.2,428593
2019-09-26,11.25,11.67,11.24,11.31,696315
2019-09-27,11.31,11.34,10.98,11.09,487067
2019-09-30,11.04,11.29,11.01,11.15,383959
2019-10-08,11.2,12.25,11.2,11.96,1410945
2019-10-09,11.93,12.8,11.92,12.52,1262828
2019-10-10,12.55,12.7,12.29,12.5,914657
2019-10-11,12.54,12.75,12.38,12.56,901212
2019-10-14,12.6,12.86,12.39,12.45,875186
2019-10-15,12.45,12.72,12.36,12.45,514974
2019-10-16,12.52,13.29,12.48,12.65,1075893
2019-10-17,12.65,12.73,12.4,12.53,453039
2019-10-18,12.58,12.92,12.14,12.17,694966
2019-10-21,12.3,12.84,12.25,12.63,847280
2019-10-22,12.69,12.71,12.24,12.54,621136
2019-10-23,12.45,12.47,12.06,12.17,572632
2019-10-24,12.24,12.39,12.05,12.23,481818
2019-10-25,12.31,12.44,12.08,12.38,484974
2019-10-28,12.15,12.15,11.66,11.75,1351748
2019-10-29,11.72,11.72,11.45,11.54,812734
2019-10-30,11.47,11.73,11.31,11.44,855843
2019-10-31,11.44,11.55,11.13,11.26,742870
2019-11-01,11.25,11.75,11.09,11.67,903559
2019-11-04,11.7,11.74,11.43,11.64,740540
2019-11-05,11.71,12.0,11.42,11.82,950300
2019-11-06,11.75,11.75,11.49,11.52,676751
2019-11-07,11.49,11.68,11.44,11.6,433258
2019-11-08,11.68,11.73,11.46,11.47,517417
2019-11-11,11.35,11.37,10.9,10.97,1049417
2019-11-12,11.04,11.12,10.89,11.01,467099
2019-11-13,11.07,11.08,10.91,11.03,374015
2019-11-14,11.05,11.09,10.94,10.99,387840
2019-11-15,11.0,11.07,10.83,10.9,562531
2019-11-18,10.88,11.16,10.69,10.99,852205
2019-11-19,10.99,11.4,10.95,11.35,757735
2019-11-20,11.28,11.46,11.18,11.21,510314
2019-11-21,11.05,11.21,10.95,11.14,583664
2019-11-22,11.15,11.27,10.98,11.22,540090
2019-11-25,11.3,11.86,11.29,11.7,1194585
2019-11-26,11.75,11.77,11.48,11.62,644298
2019-11-27,11.54,11.66,11.4,11.51,413541
2019-11-28,11.52,11.56,11.15,11.25,416358
2019-11-29,11.19,11.4,11.1,11.28,371020
2019-12-02,11.35,11.88,11.35,11.81,1030915
2019-12-03,11.74,11.97,11.63,11.81,701814
2019-12-04,11.74,11.79,11.57,11.73,452036
2019-12-05,11.8,11.81,11.52,11.75,501579
2019-12-06,11.73,11.83,11.61,11.83,373774
2019-12-09,11.83,12.42,11.82,12.39,1052308
2019-12-10,12.23,12.42,12.13,12.32,557049
2019-12-11,12.43,12.66,12.16,12.43,642241
2019-12-12,12.43,12.55,12.07,12.2,559303
2019-12-13,12.39,12.68,12.37,12.55,864991
2019-12-16,12.45,12.56,12.19,12.54,899678
2019-12-17,12.47,13.2,12.37,12.84,1214688
2019-12-18,12.8,12.95,12.63,12.71,599438
2019-12-19,12.7,12.98,12.64,12.71,517779
2019-12-20,12.75,13.0,12.7,12.85,631272
2019-12-23,12.82,12.99,12.41,12.49,700983
2019-12-24,12.49,12.57,12.15,12.26,684881
2019-12-25,12.22,12.29,11.99,12.15,644191
2019-12-26,12.26,12.84,12.23,12.76,992783
2019-12-27,12.69,12.98,12.65,12.72,708063
2019-12-30,13.02,13.12,12.71,13.12,782131
2019-12-31,13.02,13.31,12.81,13.03,656683
2020-01-02,13.3,13.63,13.08,13.11,1002915
2020-01-03,13.23,13.23,12.6,12.8,1074824
2020-01-06,12.65,12.66,12.4,12.53,1263365
2020-01-07,12.57,12.67,12.43,12.64,855225
2020-01-08,12.45,12.48,12.26,12.37,882805
2020-01-09,13.03,13.25,12.81,13.13,1946177
2020-01-10,13.15,13.19,12.75,12.87,956771
2020-01-13,12.94,13.37,12.92,13.33,901699
2020-01-14,13.35,13.44,13.12,13.2,598866
2020-01-15,13.2,13.28,12.91,12.98,549853
2020-01-16,13.01,13.13,12.84,12.88,623516
2020-01-17,12.95,13.08,12.84,12.97,470332
2020-01-20,12.97,13.02,12.65,12.83,584888
2020-01-21,12.67,12.73,12.28,12.3,910108
2020-01-22,12.29,12.76,12.13,12.72,962109
2020-01-23,12.46,12.6,12.08,12.18,821771
2020-02-03,10.75,11.09,10.65,10.83,1820510
2020-02-04,10.95,11.23,10.71,11.16,1119868
2020-02-05,11.05,11.47,10.93,11.33,1169010
2020-02-06,11.44,11.53,11.15,11.4,1039266
2020-02-07,11.22,11.35,11.05,11.25,688732
2020-02-10,11.04,11.85,10.98,11.68,1112296
2020-02-11,11.56,12.1,11.55,11.82,849948
2020-02-12,11.68,11.93,11.6,11.76,648116
2020-02-13,11.97,12.43,11.96,12.24,1099935
2020-02-14,12.3,12.8,12.24,12.75,953060
2020-02-17,12.88,12.95,12.39,12.59,987224
2020-02-18,12.41,12.57,12.26,12.35,758721
2020-02-19,12.31,12.49,12.17,12.33,580113
2020-02-20,12.26,12.51,12.25,12.49,829784
2020-02-21,12.45,12.49,12.05,12.18,844023
2020-02-24,12.13,12.16,11.7,11.94,842405
2020-02-25,11.9,12.38,11.88,12.11,957682
2020-02-26,11.95,13.31,11.88,12.84,2141587
2020-02-27,12.89,13.0,12.57,12.68,990615
2020-02-28,12.55,13.32,12.47,13.04,1609630
2020-03-02,13.26,13.86,13.25,13.54,1793905
2020-03-03,13.64,13.75,13.09,13.46,1471337
2020-03-04,13.6,14.2,13.26,13.66,1609721
2020-03-05,13.55,14.02,13.35,13.89,1148836
2020-03-06,13.66,13.75,13.25,13.34,875206
2020-03-09,13.04,13.23,12.69,13.02,847580
2020-03-10,13.14,13.45,12.8,13.24,711188
2020-03-11,13.3,13.51,13.03,13.1,746382
2020-03-12,12.96,13.39,12.78,13.24,709346
2020-03-13,12.48,13.1,12.25,12.96,917554
2020-03-16,12.91,12.92,12.07,12.14,1006589
2020-03-17,12.1,12.43,11.73,11.94,875327
2020-03-18,11.91,12.06,11.25,11.27,918667
2020-03-19,11.07,11.35,10.25,10.85,1040890
2020-03-20,11.03,11.45,10.75,11.34,643167
2020-03-23,10.83,11.1,10.65,10.93,523403
2020-03-24,11.16,11.51,11.05,11.37,547285
2020-03-25,11.62,12.13,11.39,12.02,916587
2020-03-26,11.7,12.12,11.67,11.97,608704
2020-03-27,12.18,12.35,11.95,12.1,709914
2020-03-30,11.94,12.32,11.82,12.05,788986
2020-03-31,12.15,12.2,11.55,11.72,695372
2020-04-01,11.75,12.18,11.64,11.82,583736
2020-04-02,11.75,11.94,11.67,11.94,394513
2020-04-03,11.81,12.01,11.77,11.88,333922
2020-04-07,12.15,12.17,11.89,12.01,642316
2020-04-08,11.94,12.09,11.82,12.02,418136
2020-04-09,12.03,12.03,11.69,11.79,386593
2020-04-10,11.75,12.02,11.43,11.54,665538
2020-04-13,11.54,12.0,11.46,11.92,479215
2020-04-14,12.05,12.68,11.97,12.44,824339
2020-04-15,12.35,12.46,12.06,12.15,442485
2020-04-16,12.45,12.78,12.31,12.61,838854
2020-04-17,12.73,12.74,12.52,12.67,511058
2020-04-20,12.67,12.77,12.18,12.73,669331
2020-04-21,12.75,13.02,12.56,12.78,721011
2020-04-22,12.7,12.8,12.45,12.8,459005
2020-04-23,12.8,12.89,12.53,12.74,500669
2020-04-24,12.71,12.75,12.57,12.69,342608
2020-04-27,12.69,13.09,12.67,12.76,435573
2020-04-28,12.82,13.2,12.78,13.0,517666
2020-04-29,12.95,13.51,12.95,13.36,507074
2020-04-30,13.37,13.39,13.0,13.09,597304
2020-05-06,12.86,12.96,12.52,12.72,915526
2020-05-07,12.61,12.77,12.53,12.57,492959
2020-05-08,12.69,12.78,12.54,12.74,637561
2020-05-11,12.73,12.81,12.57,12.6,587482
2020-05-12,12.62,12.68,12.5,12.59,439948
2020-05-13,12.56,12.6,12.37,12.54,457082
2020-05-14,12.46,12.54,12.12,12.2,572642
2020-05-15,12.25,12.31,11.94,12.11,550221
2020-05-18,12.17,12.41,12.11,12.31,512259
2020-05-19,12.55,12.55,12.15,12.2,424139
2020-05-20,12.16,12.3,12.0,12.12,376923
2020-05-21,12.21,12.23,11.84,11.9,383279
2020-05-22,11.93,11.93,11.6,11.6,486626
2020-05-25,11.75,12.11,11.67,12.1,521357
2020-05-26,12.23,12.24,12.01,12.16,331279
2020-05-27,12.16,12.3,12.07,12.24,355443
2020-05-28,12.24,12.6,12.21,12.34,725713
2020-05-29,12.42,12.44,11.96,12.03,595728
2020-06-01,12.15,12.51,12.08,12.47,524767
2020-06-02,12.37,12.96,12.35,12.88,722984
2020-06-03,13.0,13.45,12.91,12.92,773456
2020-06-04,13.09,13.14,12.62,12.76,482214
2020-06-05,12.76,12.76,12.35,12.53,637147
2020-06-08,12.58,12.81,12.48,12.58,629105
2020-06-09,12.58,12.84,12.53,12.62,548815
2020-06-10,12.62,12.62,12.25,12.3,685705
2020-06-11,12.27,12.3,11.98,12.02,649192
2020-06-12,11.87,12.14,11.82,12.07,586457
2020-06-15,11.91,12.22,11.88,12.01,485108
2020-06-16,12.21,12.29,12.1,12.2,431031
2020-06-17,12.15,12.2,11.92,12.03,492703
2020-06-18,12.14,12.33,12.1,12.28,579451
2020-06-19,12.28,12.29,12.04,12.23,902116
2020-06-22,12.13,12.24,12.07,12.11,590733
2020-06-23,12.07,12.15,11.94,11.98,542774
2020-06-24,12.04,12.42,12.0,12.41,1042670
2020-06-29,12.33,12.35,12.04,12.2,560535
2020-06-30,12.24,12.45,12.15,12.45,611628
2020-07-01,12.48,13.93,12.38,13.57,2152274
2020-07-02,13.69,14.26,13.61,14.04,1820543
2020-07-03,14.09,14.56,13.6,14.02,1670760
2020-07-06,14.4,15.66,14.4,15.66,2218365
2020-07-07,16.14,16.37,15.22,15.33,1661575
2020-07-08,15.37,15.76,15.07,15.46,1247970
2020-07-09,15.66,15.86,15.05,15.8,1321336
2020-07-10,15.4,15.65,14.91,15.11,1318418
2020-07-13,14.97,15.28,14.52,14.98,1234972
2020-07-14,14.87,15.07,14.25,14.6,1362884
2020-07-15,14.73,14.9,14.09,14.12,1089905
2020-07-16,14.25,14.5,13.79,13.81,1207633
2020-07-17,13.92,14.09,13.47,13.74,999752
2020-07-20,13.9,14.74,13.77,14.54,1341740
2020-07-21,14.52,14.6,14.12,14.28,971633
2020-07-22,14.18,14.56,14.11,14.21,1047300
2020-07-23,13.99,14.15,13.63,13.92,823223
2020-07-24,13.89,14.21,13.37,13.54,933234
2020-07-27,13.69,13.72,13.03,13.19,918235
2020-07-28,13.32,13.45,13.09,13.37,922071
2020-07-29,13.28,13.54,13.08,13.47,898486
2020-07-30,13.46,13.46,13.16,13.19,1015176
2020-07-31,13.11,13.49,13.07,13.27,976284
2020-08-03,13.42,13.77,13.38,13.55,1288992
2020-08-04,13.57,14.02,13.4,13.9,1489558
2020-08-05,13.72,13.72,13.37,13.46,1397649
2020-08-06,13.47,13.62,13.26,13.57,786213
2020-08-07,13.45,13.56,13.27,13.44,731894
2020-08-10,13.37,14.12,13.34,13.94,1466594
2020-08-11,13.98,14.36,13.86,13.92,1278855
2020-08-12,13.97,14.31,13.87,14.22,976319
2020-08-13,14.18,14.3,14.02,14.19,624093
2020-08-14,14.18,14.78,14.06,14.69,1221908
2020-08-17,14.72,15.45,14.52,15.08,1389529
2020-08-18,15.06,15.16,14.43,14.63,1165665
2020-08-19,14.61,14.61,14.25,14.39,854731
2020-08-20,14.33,14.41,14.12,14.32,682859
2020-08-21,14.44,14.47,14.1,14.23,576909
2020-08-24,14.37,14.51,14.12,14.15,635641
2020-08-25,14.15,14.31,14.02,14.21,680465
2020-08-26,14.22,14.59,14.12,14.31,881091
2020-08-27,14.27,14.27,13.66,13.87,1138875
2020-08-28,13.78,14.21,13.74,14.14,929342
2020-08-31,14.26,14.43,13.74,13.77,998986
2020-09-01,13.8,13.92,13.7,13.88,684004
2020-09-02,13.79,14.12,13.72,13.94,868103
2020-09-03,13.94,14.2,13.83,14.07,876217
2020-09-04,13.92,14.17,13.75,14.14,726993
2020-09-07,13.99,14.79,13.98,14.28,1202366
2020-09-08,14.35,14.55,14.12,14.28,749929
2020-09-09,14.12,14.27,13.88,14.07,612641
2020-09-10,14.27,14.97,14.27,14.44,1286606
2020-09-11,14.46,14.55,14.12,14.25,771679
2020-09-14,14.27,14.4,14.03,14.22,585191
2020-09-15,14.17,14.45,14.0,14.33,648901
2020-09-16,14.25,14.64,14.15,14.51,785096
2020-09-17,14.43,14.56,14.27,14.31,574411
2020-09-18,14.31,15.02,14.28,15.02,1408701
2020-09-21,15.03,15.05,14.7,14.74,750743
2020-09-22,14.63,14.73,14.41,14.51,572056
2020-09-23,14.52,14.56,14.3,14.35,530942
2020-09-24,14.33,14.34,14.0,14.04,647521
2020-09-25,14.0,14.12,13.46,13.56,934862
2020-09-28,13.66,13.89,13.57,13.82,725703
2020-09-29,13.79,13.85,13.7,13.74,498309
2020-09-30,13.87,13.92,13.4,13.56,675892
2020-10-09,13.67,13.77,13.54,13.73,546719
2020-10-12,13.81,14.1,13.77,14.1,811522
2020-10-13,13.99,14.01,13.72,13.88,657030
2020-10-14,13.79,13.85,13.68,13.79,434851
2020-10-15,13.79,13.98,13.76,13.79,429236
2020-10-16,13.8,13.94,13.75,13.88,514729
2020-10-19,13.99,14.43,13.86,13.96,880067
2020-10-20,13.88,13.93,13.7,13.82,536028
2020-10-21,13.83,13.94,13.66,13.88,554984
2020-10-22,13.87,14.16,13.82,13.97,681959
2020-10-23,13.93,14.23,13.85,14.07,777287
2020-10-26,14.17,14.29,13.97,14.11,594439
2020-10-27,14.06,14.11,13.67,13.72,869124
2020-10-28,13.72,13.75,13.25,13.39,795669
2020-10-29,13.25,13.56,13.21,13.43,544636
2020-10-30,13.36,13.67,12.89,13.03,1039107
2020-11-02,13.08,13.29,13.03,13.16,524322
2020-11-03,13.18,13.29,13.01,13.24,560369
2020-11-04,13.16,13.33,13.13,13.21,400542
2020-11-05,13.28,13.71,13.28,13.59,826035
2020-11-06,13.65,13.94,13.57,13.83,828790
2020-11-09,13.97,14.04,13.72,13.86,771436
2020-11-10,13.93,14.13,13.72,13.79,585628
2020-11-11,13.79,14.17,13.72,14.07,991050
2020-11-12,13.96,14.09,13.85,13.94,503399
2020-11-13,13.84,13.85,13.37,13.45,787331
2020-11-16,13.47,13.72,13.39,13.66,658905
2020-11-17,13.66,14.28,13.63,14.23,1568110
2020-11-18,14.25,14.73,13.92,14.4,1489607
2020-11-19,14.46,14.77,14.35,14.66,1210508
2020-11-20,14.75,14.75,14.35,14.63,636291
2020-11-23,14.72,14.79,14.45,14.63,727720
2020-11-24,14.52,14.72,14.37,14.45,606149
2020-11-25,14.56,14.79,14.4,14.5,705081
2020-11-26,14.54,14.6,14.25,14.56,549775
2020-11-27,14.61,15.08,14.57,15.07,995854
2020-11-30,15.09,15.68,14.89,14.89,1321454
2020-12-01,14.87,14.97,14.34,14.92,1016514
2020-12-02,14.92,15.43,14.72,15.04,837313
2020-12-03,15.04,15.14,14.78,14.94,512634
2020-12-04,14.94,14.97,14.49,14.63,565766
2020-12-07,14.57,14.63,14.15,14.21,634187
2020-12-08,14.25,14.3,14.03,14.13,483970
2020-12-09,14.17,14.21,13.9,13.96,595087
2020-12-10,13.95,14.09,13.75,13.88,474265
2020-12-11,13.97,13.97,13.58,13.65,535688
2020-12-14,13.87,13.94,13.67,13.88,563060
2020-12-15,13.85,13.87,13.57,13.69,483407
2020-12-16,13.74,13.97,13.62,13.77,495821
2020-12-17,13.75,13.9,13.62,13.83,536394
2020-12-18,13.78,13.83,13.5,13.72,971686
2020-12-21,13.61,13.64,13.36,13.58,675639
2020-12-22,13.55,13.96,13.41,13.61,828229
2020-12-23,13.65,13.68,13.22,13.32,908582
2020-12-24,13.33,13.45,13.15,13.27,479855
2020-12-25,13.39,13.4,13.17,13.39,351813
2020-12-28,13.37,13.44,13.04,13.33,695065
2020-12-29,13.37,13.57,13.35,13.43,606107
2020-12-30,13.41,13.47,13.21,13.27,553001
2020-12-31,13.28,13.53,13.21,13.49,722418
2021-01-04,13.35,13.35,12.85,12.96,1232988
2021-01-05,12.86,12.87,12.35,12.77,1326558
2021-01-06,12.69,12.94,12.62,12.9,1039797
2021-01-07,12.91,13.12,12.48,12.73,1003552
2021-01-08,12.65,12.93,12.59,12.86,774126
2021-01-11,12.86,13.12,12.63,12.71,1236935
2021-01-12,12.72,12.86,12.53,12.84,868819
2021-01-13,12.92,13.35,12.79,13.12,1205710
2021-01-14,13.1,13.5,13.05,13.14,980633
2021-01-15,13.08,13.42,13.08,13.19,858351
2021-01-18,13.26,13.71,13.06,13.63,1277876
2021-01-19,13.42,14.07,13.27,13.77,1821936
2021-01-20,13.64,13.65,13.18,13.35,958791
2021-01-21,13.27,13.33,12.9,12.99,1345816
2021-01-22,12.83,12.84,12.5,12.5,1205636
2021-01-25,12.43,12.43,12.03,12.3,1430846
2021-01-26,12.26,12.46,12.18,12.27,804020
2021-01-27,12.28,12.43,11.92,12.04,941820
2021-01-28,11.88,11.88,11.6,11.72,914567
2021-01-29,11.76,11.82,11.44,11.48,720713
2021-02-01,11.49,11.63,11.25,11.49,646375
2021-02-02,11.49,11.74,11.41,11.67,734213
2021-02-03,11.72,11.72,11.37,11.43,543484
2021-02-04,11.41,11.41,10.98,11.05,976345
2021-02-05,11.05,11.58,11.01,11.42,883794
2021-02-08,11.65,11.89,11.47,11.62,845103
2021-02-09,11.62,11.71,11.39,11.55,627720
2021-02-10,11.54,11.68,11.44,11.5,543457
2021-02-18,11.58,12.07,11.57,12.03,925244
2021-02-19,11.94,12.17,11.85,12.08,640121
2021-02-22,12.09,12.48,11.97,12.37,904583
2021-02-23,12.23,12.49,12.2,12.32,491777
2021-02-24,12.33,12.66,12.28,12.49,961248
2021-02-25,12.72,13.97,12.66,13.74,3864956
2021-02-26,13.35,13.72,12.97,13.21,1798975
2021-03-01,13.36,13.95,13.08,13.75,1425360
2021-03-02,13.73,14.31,13.57,13.69,1296910
2021-03-03,13.53,13.98,13.44,13.75,894751
2021-03-04,13.65,13.95,13.17,13.29,1122718
2021-03-05,13.16,13.45,12.78,13.0,986394
2021-03-08,13.16,13.27,12.85,12.85,650108
2021-03-09,12.93,13.15,12.67,12.73,788235
2021-03-10,12.84,12.93,12.49,12.57,669359
2021-03-11,12.61,12.9,12.57,12.67,611528
2021-03-12,12.69,13.27,12.41,12.85,790037
2021-03-15,12.91,12.95,12.53,12.65,771002
2021-03-16,12.67,13.32,12.56,13.25,896052
2021-03-17,13.07,13.36,12.92,12.99,579419
2021-03-18,13.03,13.1,12.85,12.92,462580
2021-03-19,12.78,12.81,12.24,12.33,779136
2021-03-22,12.18,12.42,12.15,12.35,400239
2021-03-23,12.35,12.43,12.12,12.18,477572
2021-03-24,12.15,12.21,11.92,11.99,499667
2021-03-25,12.0,12.11,11.89,12.01,306446
2021-03-26,12.01,12.12,11.97,12.02,392819
2021-03-29,11.98,12.1,11.84,12.03,488363
2021-03-30,11.97,12.22,11.92,12.06,441330
2021-03-31,12.04,12.05,11.76,11.9,454187
2021-04-01,11.91,11.96,11.72,11.82,333865
2021-04-02,11.85,11.94,11.76,11.87,326983
2021-04-06,11.92,11.96,11.84,11.87,271952
2021-04-07,11.87,11.97,11.79,11.94,335415
2021-04-08,11.85,11.86,11.75,11.82,345028
2021-04-09,11.81,11.82,11.57,11.66,461723
2021-04-12,11.67,11.98,11.63,11.95,584832
2021-04-13,11.94,12.05,11.79,12.0,425218
2021-04-14,12.0,12.08,11.92,12.01,376039
2021-04-15,12.01,12.09,11.92,12.0,311653
2021-04-16,12.07,12.19,11.98,12.16,379533
2021-04-19,12.17,12.25,12.07,12.24,356401
2021-04-20,12.06,12.09,11.75,11.79,864697
2021-04-21,11.78,11.85,11.65,11.83,429920
2021-04-22,11.85,11.97,11.8,11.88,414825
2021-04-23,11.83,11.86,11.63,11.79,664240
2021-04-26,11.74,11.82,11.65,11.67,507474
2021-04-27,11.67,11.85,11.58,11.79,449760
2021-04-28,11.84,11.85,11.72,11.8,334438
2021-04-29,11.84,11.86,11.73,11.85,339106
2021-04-30,11.77,11.85,11.58,11.67,514016
2021-05-06,11.6,11.74,11.57,11.63,326632
2021-05-07,11.58,11.7,11.53,11.58,359141
2021-05-10,11.55,11.57,11.24,11.41,493246
2021-05-11,11.31,11.51,11.26,11.47,302365
2021-05-12,11.38,11.4,11.06,11.15,705036
2021-05-13,11.06,11.15,11.03,11.11,344650
2021-05-14,11.12,11.32,11.04,11.3,442186
2021-05-17,11.25,11.42,11.18,11.34,408658
2021-05-18,11.32,11.51,11.23,11.4,407699
2021-05-19,11.4,11.42,11.11,11.16,416391
2021-05-20,11.18,11.19,11.06,11.16,324413
2021-05-21,11.15,11.21,10.93,10.93,533195
2021-05-24,10.9,10.9,10.72,10.75,520273
2021-05-25,10.74,11.16,10.7,11.14,643661
2021-05-26,11.14,11.73,11.13,11.39,1074278
2021-05-27,11.4,11.64,11.32,11.43,553421
2021-05-28,11.47,11.52,11.15,11.25,468850
2021-05-31,11.26,11.33,11.08,11.19,424993
2021-06-01,11.22,11.29,10.99,11.03,427218
2021-06-02,11.03,11.22,10.93,11.13,418390
2021-06-03,11.12,11.24,11.05,11.06,337210
2021-06-04,11.05,11.19,10.99,11.09,394796
2021-06-07,11.0,11.0,10.68,10.77,662625
2021-06-08,10.82,10.89,10.73,10.77,390369
2021-06-09,10.8,10.86,10.77,10.82,357009
2021-06-10,10.82,10.86,10.72,10.72,355901
2021-06-11,10.72,10.8,10.65,10.74,452378
2021-06-15,10.73,10.73,10.35,10.35,555717
2021-06-16,10.27,10.66,10.23,10.56,460244
2021-06-17,10.53,10.62,10.42,10.56,370888
2021-06-18,10.52,10.54,10.29,10.44,398792
2021-06-21,10.41,10.43,10.14,10.19,414776
2021-06-22,10.19,10.32,9.92,9.97,590467
2021-06-23,9.99,10.14,9.96,10.09,513986
2021-06-24,10.07,10.2,10.0,10.07,397107
2021-06-25,10.09,10.17,10.03,10.14,363426
2021-06-28,10.14,10.16,9.76,9.8,636180
2021-06-29,9.8,9.87,9.65,9.67,521434
2021-06-30,9.71,9.77,9.65,9.71,361091
2021-07-01,9.74,10.27,9.68,10.21,927400
2021-07-02,10.15,10.16,9.73,9.76,564497
2021-07-05,9.76,9.79,9.45,9.55,609378
2021-07-06,9.54,10.15,9.48,9.98,825711
2021-07-07,9.9,10.05,9.79,9.84,385987
2021-07-08,9.85,9.9,9.58,9.79,528802
2021-07-09,9.74,9.93,9.7,9.85,353687
2021-07-12,9.95,9.95,9.68,9.69,479592
2021-07-13,9.71,9.92,9.64,9.71,374680
2021-07-14,9.72,9.72,9.43,9.46,488949
2021-07-15,9.43,9.56,9.32,9.47,483783
2021-07-16,9.41,9.6,9.41,9.46,364202
2021-07-19,9.45,9.49,9.04,9.11,755384
2021-07-20,9.03,9.14,8.87,9.08,647104
2021-07-21,9.07,9.14,8.85,8.88,645778
2021-07-22,8.88,9.04,8.8,8.96,585340
2021-07-23,8.91,8.92,8.76,8.82,510651
2021-07-26,8.66,8.66,8.03,8.08,1176456
2021-07-27,8.07,8.08,7.64,7.67,1439794
2021-07-28,7.67,7.88,7.58,7.71,1119895
2021-07-29,7.84,7.86,7.49,7.69,957258
2021-07-30,7.53,7.74,7.44,7.68,695392
2021-08-02,7.62,7.99,7.43,7.86,1058076
2021-08-03,7.8,7.9,7.73,7.76,549820
2021-08-04,7.76,7.76,7.62,7.66,510741
2021-08-05,7.87,8.51,7.87,8.15,1784318
2021-08-06,7.99,8.48,7.91,8.42,1167469
2021-08-09,8.33,9.5,8.3,9.23,2131280
2021-08-10,9.28,9.39,8.88,9.29,1329444
2021-08-11,9.66,10.45,9.66,10.26,2816973
2021-08-12,9.97,10.5,9.94,10.09,1230860
2021-08-13,10.05,10.13,9.65,9.69,1544204
2021-08-16,9.89,10.46,9.69,10.24,1519582
2021-08-17,10.19,10.82,10.05,10.6,1718453
2021-08-18,10.48,10.88,10.28,10.61,1236595
2021-08-19,10.5,10.52,10.06,10.2,1076007
2021-08-20,10.33,10.67,10.21,10.52,1093101
2021-08-23,10.45,10.58,10.28,10.32,573851
2021-08-24,10.35,10.5,10.02,10.18,823943
2021-08-25,10.27,10.28,9.8,9.89,808027
2021-08-26,9.89,10.25,9.73,9.8,763494
2021-08-27,9.77,9.84,9.49,9.6,771516
2021-08-30,9.5,9.5,8.98,9.25,1094610
2021-08-31,9.25,9.88,9.21,9.79,1139729
2021-09-01,9.68,10.64,9.68,10.54,1489566
2021-09-02,10.65,11.28,10.52,10.83,1479116
2021-09-03,10.7,11.05,10.48,10.68,1027467
2021-09-06,10.59,10.8,10.41,10.44,613547
2021-09-07,10.47,10.53,10.22,10.45,604540
2021-09-08,10.5,10.54,10.26,10.32,397027
2021-09-09,10.32,10.58,10.14,10.48,707820
2021-09-10,10.5,10.92,10.49,10.86,1045100
2021-09-13,10.9,11.73,10.76,11.55,1733861
2021-09-14,11.52,11.82,11.28,11.39,1042825
2021-09-15,11.29,11.54,10.75,11.02,1131896
2021-09-16,11.19,11.22,10.55,10.68,1002264
2021-09-17,10.69,11.48,10.56,11.37,898521
2021-09-22,11.0,12.36,10.93,12.11,1899572
2021-09-23,12.2,12.62,11.95,12.08,1294994
2021-09-24,12.08,12.57,11.7,11.82,1074143
2021-09-27,11.9,11.95,11.18,11.31,851407
2021-09-28,12.0,12.5,11.99,12.03,1710119
2021-09-29,12.4,12.45,11.98,12.21,1111885
2021-09-30,12.4,12.95,12.32,12.43,1132134
2021-10-08,12.6,12.67,11.87,11.95,712475
2021-10-11,12.0,12.72,12.0,12.29,917329
2021-10-12,12.28,12.98,12.16,12.49,1463530
2021-10-13,12.54,12.74,12.08,12.31,869560
2021-10-14,12.12,12.38,11.68,11.9,1113958
2021-10-15,11.9,12.3,11.78,12.2,859138
2021-10-18,12.03,12.19,11.08,11.7,1331382
2021-10-19,11.6,11.63,11.0,11.29,1285941
2021-10-20,11.29,11.38,11.0,11.16,740325
2021-10-21,11.15,11.93,11.1,11.86,1226924
2021-10-22,12.08,12.94,11.93,12.11,1655255
2021-10-25,11.71,12.65,11.7,11.89,1157475
2021-10-26,11.9,12.05,11.36,11.45,938118
2021-10-27,11.57,11.68,11.2,11.41,777478
2021-10-28,11.59,11.59,11.03,11.33,701615
2021-10-29,11.35,11.35,10.65,10.96,1139962
2021-11-01,10.96,11.15,10.55,10.65,791049
2021-11-02,10.7,11.0,10.43,10.63,728656
2021-11-03,10.61,11.45,10.52,11.31,1069144
2021-11-04,11.23,11.26,10.76,11.02,726181
2021-11-05,10.9,10.94,10.62,10.64,670894
2021-11-08,10.78,11.0,10.62,10.98,586721
2021-11-09,10.91,11.12,10.72,10.95,523891
2021-11-10,11.14,12.0,10.78,11.9,1584488
2021-11-11,12.08,13.25,12.06,13.25,2869468
2021-11-12,13.4,13.53,12.94,13.27,2153699
2021-11-15,13.26,13.27,12.51,12.89,1007850
2021-11-16,12.83,13.18,12.79,12.81,701862
2021-11-17,12.95,12.96,12.5,12.72,569457
2021-11-18,12.81,12.94,12.26,12.4,617896
2021-11-19,12.31,13.6,12.15,13.42,1458065
2021-11-22,13.48,13.5,12.37,12.51,1522137
2021-11-23,12.57,13.08,12.41,12.8,745268
2021-11-24,12.83,13.45,12.71,12.95,977096
2021-11-25,12.78,13.05,12.55,12.66,545338
2021-11-26,12.6,12.63,12.29,12.46,535438
2021-11-29,12.32,12.53,12.2,12.35,471249
2021-11-30,12.26,12.54,12.15,12.25,535480
2021-12-01,12.15,12.78,12.14,12.49,694660
2021-12-02,12.4,13.11,12.22,12.85,677923
2021-12-03,12.78,13.23,12.65,13.14,795084
2021-12-06,13.67,14.26,13.3,13.46,1440106
2021-12-07,13.95,14.15,13.1,13.3,1324130
2021-12-08,13.3,13.47,12.78,13.31,874496
2021-12-09,13.25,14.0,13.2,13.64,935067
2021-12-10,13.55,13.68,13.02,13.37,867884
2021-12-13,13.25,13.37,12.85,12.9,962201
2021-12-14,12.8,12.8,12.3,12.38,1077613
2021-12-15,12.35,12.87,12.28,12.67,617360
2021-12-16,12.61,12.93,12.53,12.87,540427
2021-12-17,12.89,13.25,12.77,12.83,587440
2021-12-20,12.87,13.34,12.8,13.1,697381
2021-12-21,13.1,13.95,13.1,13.84,1160556
2021-12-22,13.85,14.01,13.6,13.88,828772
2021-12-23,13.82,14.13,13.61,14.0,628125
2021-12-24,13.88,14.22,13.53,14.01,607051
2021-12-27,14.2,14.42,13.58,13.69,889472
2021-12-28,13.59,13.73,13.27,13.6,602288
2021-12-29,13.62,13.71,13.4,13.45,470678
2021-12-30,13.41,13.75,13.33,13.5,441429
2021-12-31,13.46,14.28,13.45,14.03,654052
2022-01-04,13.9,14.3,13.74,14.2,645214
2022-01-05,14.04,14.8,14.02,14.4,1173398
2022-01-06,14.38,14.56,13.8,13.91,810915
2022-01-07,14.15,14.74,14.0,14.55,950158
2022-01-10,14.18,15.0,14.12,14.87,1224319
2022-01-11,14.8,15.48,14.41,14.56,1356419
2022-01-12,14.48,14.6,14.04,14.4,729317
2022-01-13,14.39,14.77,13.91,13.95,633890
2022-01-14,13.95,13.99,13.28,13.35,983226
2022-01-17,13.31,14.08,13.31,13.77,783321
2022-01-18,13.8,14.68,13.61,14.55,828542
2022-01-19,14.68,15.2,14.3,14.49,710453
2022-01-20,14.8,14.88,13.82,13.9,1233113
2022-01-21,13.9,14.19,13.65,13.88,639860
2022-01-24,13.84,14.59,13.7,14.39,849945
2022-01-25,14.28,14.47,13.91,13.94,421763
2022-01-26,14.18,14.19,13.76,13.95,448277
2022-01-27,13.95,14.47,13.6,14.05,577100
2022-01-28,14.15,14.53,13.96,14.1,788065
2022-02-07,14.12,14.52,13.7,14.36,815313
2022-02-08,14.21,14.53,14.07,14.2,830743
2022-02-09,14.26,14.9,13.87,13.99,1130076
2022-02-10,13.8,14.88,13.51,14.42,1348783
2022-02-11,14.37,14.86,14.1,14.15,968452
2022-02-14,13.97,14.17,13.6,13.71,762026
2022-02-15,13.71,13.83,13.58,13.72,510200
2022-02-16,13.74,14.43,13.6,14.24,708728
2022-02-17,14.27,14.27,13.68,13.89,682505
2022-02-18,13.9,14.76,13.9,14.73,1293488
2022-02-21,14.76,14.85,14.46,14.74,762471
2022-02-22,14.74,15.15,14.5,14.85,698137
2022-02-23,14.82,14.88,14.29,14.48,607436
2022-02-24,14.42,14.72,14.24,14.37,503131
2022-02-25,14.35,14.75,14.12,14.21,656160
2022-02-28,14.13,14.38,13.9,14.22,475295
2022-03-01,14.22,14.82,14.13,14.75,706499
2022-03-02,14.84,15.4,14.77,14.95,841782
2022-03-03,15.0,15.63,15.0,15.51,1028372
2022-03-04,15.41,15.55,15.05,15.42,677754
2022-03-07,15.4,16.01,15.29,15.56,1059608
2022-03-08,15.5,15.67,15.11,15.2,597473
2022-03-09,15.28,15.49,14.04,14.62,1407799
2022-03-10,14.8,14.88,14.25,14.56,737608
2022-03-11,14.4,14.65,14.11,14.63,504991
2022-03-14,14.31,15.48,14.2,14.74,1054908
2022-03-15,14.6,14.7,13.11,13.11,1216108
2022-03-16,12.9,13.7,12.02,13.39,1690200
2022-03-17,14.01,14.14,13.64,13.84,1292185
2022-03-18,13.6,15.38,13.5,15.38,1251615
2022-03-21,15.21,15.27,14.57,15.07,1084380
2022-03-22,14.78,15.98,14.68,15.62,1303666
2022-03-23,15.62,16.03,15.09,15.63,1193403
2022-03-24,15.32,15.7,15.27,15.47,505586
2022-03-25,15.31,15.63,15.1,15.17,691026
2022-03-28,15.11,15.7,14.91,15.34,945500
2022-03-29,15.09,15.48,14.96,15.2,620394
2022-03-30,15.3,16.4,15.12,16.12,1247158
2022-03-31,16.1,16.58,15.8,16.1,1002089
2022-04-01,15.93,16.78,15.55,16.61,1392034
2022-04-06,16.7,17.28,16.43,16.7,1313419
2022-04-07,16.44,16.64,15.95,16.02,896583
2022-04-08,15.92,16.81,15.7,16.61,991374
2022-04-11,16.34,16.7,15.91,16.33,835383
2022-04-12,16.41,16.6,15.28,15.55,997225
2022-04-13,15.55,16.8,15.17,16.18,1139071
2022-04-14,16.13,17.68,15.97,17.33,1456511
2022-04-15,17.02,18.28,16.98,17.72,1279742
2022-04-18,17.28,17.71,16.58,16.79,1031606
2022-04-19,16.9,17.01,16.3,16.78,999242
2022-04-20,16.8,16.8,15.32,15.83,1839609
2022-04-21,15.7,16.28,15.51,15.91,967255
2022-04-22,15.65,16.6,15.17,16.18,1181774
2022-04-25,15.89,16.6,15.35,15.39,1162217
2022-04-26,15.45,16.43,15.32,15.97,1059103
2022-04-27,15.84,16.32,14.8,15.18,1488972
2022-04-28,15.35,16.38,15.13,16.2,1236071
2022-04-29,16.0,16.88,15.6,16.52,1508981
2022-05-05,16.58,16.75,15.38,15.94,1316063
2022-05-06,15.43,15.76,14.58,14.79,1111595
2022-05-09,14.59,15.04,14.37,14.67,802087
2022-05-10,14.36,15.09,13.81,14.85,1585818
2022-05-11,14.67,14.86,14.07,14.23,1633026
2022-05-12,14.3,14.45,13.64,14.0,1238632
2022-05-13,14.28,15.02,14.06,14.99,1590424
2022-05-16,15.56,15.73,14.58,15.34,1583296
2022-05-17,15.09,15.6,14.93,15.35,799853
2022-05-18,15.27,15.52,14.8,15.17,787785
2022-05-19,14.91,15.84,14.87,15.59,917256
2022-05-20,15.9,15.95,15.2,15.44,931275
2022-05-23,15.4,15.44,14.4,14.49,1588668
2022-05-24,14.41,14.8,14.34,14.58,949952
2022-05-25,14.58,14.76,14.24,14.62,558389
2022-05-26,14.6,15.09,14.42,14.83,817572
2022-05-27,14.76,14.89,14.48,14.71,669632
2022-05-30,14.57,14.78,14.09,14.26,894553
2022-05-31,14.17,14.32,13.8,13.91,1514886
2022-06-01,13.91,14.3,13.9,14.15,837863
2022-06-02,14.0,14.15,13.5,13.7,1210574
2022-06-06,13.51,13.57,12.9,13.33,2173771
2022-06-07,13.22,13.76,13.18,13.68,1132093
2022-06-08,13.65,13.71,13.33,13.48,1291576
2022-06-09,13.45,14.23,13.41,13.98,1577650
2022-06-10,13.9,14.14,13.76,13.93,925013
2022-06-13,13.75,13.88,13.13,13.23,1193076
2022-06-14,13.15,13.61,13.14,13.54,934077
2022-06-15,13.53,14.71,13.34,14.27,1868930
2022-06-16,14.28,14.84,13.88,13.99,1000869
2022-06-17,13.93,14.17,13.82,13.98,750752
2022-06-20,14.16,14.78,14.05,14.46,1479847
2022-06-21,14.52,15.34,14.4,14.67,1498264
2022-06-22,14.68,14.97,14.36,14.44,720542
2022-06-23,14.45,15.06,14.34,14.97,829416
2022-06-24,14.9,15.15,14.42,14.63,972512
2022-06-27,14.65,15.29,14.5,14.99,1146020
2022-06-28,14.86,15.01,14.45,14.56,1018969
2022-06-29,14.57,16.06,14.49,15.7,1889649
2022-06-30,15.9,16.18,15.4,15.86,1150839
2022-07-01,15.87,16.48,15.73,15.92,1191701
2022-07-04,15.84,16.1,15.52,15.82,1019258
2022-07-05,15.67,15.81,15.0,15.41,1638221
2022-07-06,15.42,15.48,14.98,15.18,732714
2022-07-07,15.41,15.46,14.95,15.07,671237
2022-07-08,15.08,15.4,14.89,15.2,678206
2022-07-11,15.0,15.33,14.7,14.87,714855
2022-07-12,14.89,15.4,14.87,15.19,742621
2022-07-13,15.37,16.13,15.28,15.58,1046775
2022-07-14,15.45,16.03,15.31,15.6,1191297
2022-07-15,15.78,15.82,14.46,14.76,1551178
2022-07-18,14.77,15.53,14.66,15.47,1113118
2022-07-19,15.34,15.56,14.93,15.48,826936
2022-07-20,15.44,15.63,15.19,15.33,489704
2022-07-21,15.3,15.3,14.68,14.76,964787
2022-07-22,14.81,15.02,14.52,14.61,598281
2022-07-25,14.78,15.22,14.69,15.08,819778
2022-07-26,15.0,16.1,14.98,16.01,1246778
2022-07-27,15.88,16.36,15.58,16.2,950655
2022-07-28,16.06,16.44,15.76,15.96,708717
2022-07-29,15.84,16.06,15.47,15.65,737364
2022-08-01,15.64,15.65,14.94,15.23,1278250
2022-08-02,15.06,15.19,14.78,15.02,962334
2022-08-03,15.01,15.17,14.22,14.37,1062622
2022-08-04,14.34,14.52,14.01,14.31,709993
2022-08-05,14.31,14.41,14.07,14.34,612100
2022-08-08,14.34,14.73,14.01,14.09,827528
2022-08-09,14.04,14.36,13.83,14.11,513602
2022-08-10,14.08,14.21,13.81,13.9,557258
2022-08-11,13.97,14.33,13.94,14.26,628487
2022-08-12,14.18,14.62,14.14,14.53,628871
2022-08-15,14.41,15.09,14.41,14.62,811582
2022-08-16,14.75,15.09,14.62,14.71,515571
2022-08-17,14.71,15.64,14.59,15.34,1055229
2022-08-18,15.35,15.62,15.03,15.19,480334
2022-08-19,15.2,15.92,15.17,15.79,943452
2022-08-22,15.75,15.94,15.53,15.68,592560
2022-08-23,15.68,15.81,15.29,15.44,632781
2022-08-24,15.45,15.82,15.31,15.4,590163
2022-08-25,15.58,15.92,15.49,15.87,722811
2022-08-26,15.83,15.87,15.43,15.66,441323
2022-08-29,15.46,15.76,15.19,15.59,426695
2022-08-30,15.63,16.09,15.58,15.93,535284
2022-08-31,15.93,16.39,15.83,16.28,817999
2022-09-01,16.24,16.65,16.09,16.29,651758
2022-09-02,16.33,16.39,15.73,16.0,647454
2022-09-05,16.08,16.31,15.83,16.2,615916
2022-09-06,16.19,16.81,16.09,16.61,946064
2022-09-07,16.53,16.71,16.28,16.53,488417
2022-09-08,16.56,16.69,16.08,16.56,544826
2022-09-09,16.47,17.54,16.4,17.45,1358947
2022-09-13,17.3,17.43,16.95,17.07,741761
2022-09-14,16.98,17.66,16.91,17.12,697832
2022-09-15,17.28,18.03,17.28,17.83,1026209
2022-09-16,17.78,17.94,16.95,17.03,1306834
2022-09-19,16.96,17.5,16.84,17.42,844590
2022-09-20,17.47,17.51,16.4,16.62,1119874
2022-09-21,16.62,17.05,16.41,16.81,630829
2022-09-22,16.83,16.88,16.09,16.5,828287
2022-09-23,16.42,17.01,16.42,16.53,557436
2022-09-26,16.78,17.11,16.61,16.67,645118
2022-09-27,16.7,16.82,16.15,16.65,619438
2022-09-28,16.56,16.84,16.29,16.5,461444
2022-09-29,16.51,16.62,16.15,16.26,573235
2022-09-30,16.64,17.25,16.38,16.98,959228
2022-10-10,16.78,17.98,16.74,17.3,1112187
2022-10-11,17.3,17.37,16.76,16.87,584191
2022-10-12,16.77,17.41,16.73,17.11,586545
2022-10-13,16.98,17.1,15.99,16.66,964836
2022-10-14,16.66,17.1,16.04,16.23,1078607
2022-10-17,16.0,16.24,15.33,16.07,879592
2022-10-18,16.07,16.22,15.58,15.77,657155
2022-10-19,15.75,16.12,15.68,15.85,554778
2022-10-20,15.84,15.99,15.4,15.58,637612
2022-10-21,15.68,16.35,15.65,15.75,791406
2022-10-24,15.49,15.59,15.11,15.22,922177
2022-10-25,15.25,15.41,14.98,15.13,710848
2022-10-26,15.08,15.18,14.38,14.47,1121066
2022-10-27,14.5,14.89,14.47,14.68,685814
2022-10-28,14.68,14.86,14.23,14.31,634439
2022-10-31,13.83,13.93,12.78,12.78,1788938
2022-11-01,12.64,12.85,11.86,12.59,2530971
2022-11-02,12.37,13.11,12.18,12.95,1517757
2022-11-03,12.71,13.06,12.46,12.64,949771
2022-11-04,12.6,13.31,12.58,13.04,1051202
2022-11-07,13.01,13.14,12.75,13.02,801048
2022-11-08,13.02,13.32,12.83,12.98,913008
2022-11-09,13.21,13.86,13.21,13.33,1370009
2022-11-10,13.26,13.51,12.89,13.37,658592
2022-11-11,13.69,14.81,13.67,14.81,1879573
2022-11-14,15.6,15.98,14.84,15.27,2227121
2022-11-15,15.12,15.59,14.84,15.08,1351787
2022-11-16,14.99,15.04,14.38,14.63,1051834
2022-11-17,14.56,14.8,14.37,14.68,658195
2022-11-18,14.65,14.71,14.28,14.55,765562
2022-11-21,14.33,14.64,13.89,14.62,976896
2022-11-22,14.69,15.0,14.49,14.7,763560
2022-11-23,14.57,14.95,14.56,14.8,501290
2022-11-24,15.1,15.29,14.56,14.91,770134
2022-11-25,14.95,15.97,14.95,15.82,1536032
2022-11-28,15.38,15.62,15.23,15.31,751950
2022-11-29,15.93,16.94,15.7,16.88,2011638
2022-11-30,16.47,16.84,15.5,15.63,2044985
2022-12-01,15.73,15.84,15.39,15.55,1236559
2022-12-02,15.38,15.38,14.73,15.13,1466440
2022-12-05,15.14,15.58,15.14,15.28,1245729
2022-12-06,15.13,15.18,14.8,15.07,931381
2022-12-07,14.97,15.04,14.43,14.68,1027783
2022-12-08,14.68,15.07,14.63,14.93,917577
2022-12-09,15.07,15.6,15.0,15.43,1239042
2022-12-12,15.24,15.24,14.68,14.73,757554
2022-12-13,14.7,15.11,14.62,14.94,642747
2022-12-14,14.92,14.92,14.66,14.75,529222
2022-12-15,14.58,14.8,14.08,14.7,1038223
2022-12-16,14.84,15.19,14.63,15.0,862157
2022-12-19,14.94,15.28,14.58,14.75,787654
2022-12-20,14.5,14.65,14.26,14.37,501687
2022-12-21,14.34,14.51,14.25,14.36,368601
2022-12-22,14.5,14.63,14.33,14.44,342934
2022-12-23,14.33,14.76,14.29,14.64,454529
2022-12-26,14.64,14.78,14.04,14.11,746522
2022-12-27,14.16,14.51,14.07,14.24,501594
2022-12-28,14.18,14.51,14.06,14.35,506444
2022-12-29,14.26,14.29,13.83,13.99,626668
2022-12-30,13.97,14.18,13.76,14.11,614806
2023-01-03,14.33,14.96,14.21,14.4,1479636
2023-01-04,14.4,15.23,14.33,15.0,1335057
2023-01-05,15.02,15.47,14.89,15.34,943505
2023-01-06,15.33,15.61,15.05,15.11,912125
2023-01-09,15.14,15.25,14.69,14.82,762475
2023-01-10,14.86,14.95,14.63,14.88,513232
2023-01-11,14.9,15.6,14.83,15.27,916147
2023-01-12,15.27,15.36,14.82,14.88,488165
2023-01-13,14.79,14.95,14.66,14.81,642921
2023-01-16,14.81,15.0,14.6,14.94,699084
2023-01-17,14.97,15.12,14.71,15.03,549775
2023-01-18,15.03,15.13,14.66,14.72,627202
2023-01-19,14.59,14.68,14.33,14.68,674019
2023-01-20,14.62,14.85,14.54,14.78,562083
2023-01-30,14.91,14.97,14.38,14.5,988673
2023-01-31,14.43,14.74,14.36,14.71,594753
2023-02-01,14.68,14.79,14.31,14.57,858347
2023-02-02,14.55,14.66,14.34,14.63,802599
2023-02-03,14.53,14.54,14.18,14.31,778959
2023-02-06,14.12,14.22,13.96,14.0,732886
2023-02-07,14.0,14.41,13.98,14.26,621023
2023-02-08,14.25,14.63,14.2,14.52,853320
2023-02-09,14.52,14.83,14.44,14.66,558393
2023-02-10,14.68,14.93,14.56,14.76,472529
2023-02-13,14.78,14.84,14.47,14.55,658951
2023-02-14,14.57,14.74,14.36,14.58,529632
2023-02-15,14.5,14.51,14.0,14.1,1058806
2023-02-16,14.08,14.42,13.9,14.03,877760
2023-02-17,14.02,14.13,13.93,13.98,424679
2023-02-20,13.94,14.28,13.91,14.24,682152
2023-02-21,14.38,14.48,14.15,14.33,628192
2023-02-22,14.19,14.27,14.09,14.17,341012
2023-02-23,14.18,14.34,14.14,14.21,378666
2023-02-24,14.18,14.21,13.79,13.9,936808
2023-02-27,13.87,14.11,13.87,14.0,508024
2023-02-28,13.98,14.08,13.7,14.07,810694
2023-03-01,14.06,14.14,13.96,14.11,668655
2023-03-02,14.07,14.22,13.86,13.9,927557
2023-03-03,13.92,14.08,13.74,14.04,831085
2023-03-06,14.0,14.04,13.58,13.74,1048921
2023-03-07,13.71,13.75,13.49,13.52,675469
2023-03-08,13.48,13.62,13.36,13.58,434244
2023-03-09,13.57,13.63,13.42,13.42,388325
2023-03-10,13.33,13.37,13.17,13.27,414632
2023-03-13,13.22,13.33,12.98,13.1,559286
2023-03-14,13.06,13.34,12.93,13.13,509110
2023-03-15,13.17,13.43,13.15,13.32,380055
2023-03-16,13.25,13.48,13.15,13.3,393124
2023-03-17,13.38,13.61,13.33,13.39,575993
2023-03-20,13.46,13.63,13.25,13.31,437678
2023-03-21,13.3,13.4,13.1,13.15,444190
2023-03-22,13.16,13.54,13.12,13.47,556012
2023-03-23,13.42,13.51,13.23,13.41,460677
2023-03-24,13.38,13.41,13.13,13.32,579089
2023-03-27,13.28,13.32,13.08,13.13,399653
2023-03-28,13.17,13.25,12.9,12.95,482181
2023-03-29,12.98,13.33,12.98,13.1,702897
2023-03-30,13.11,13.4,12.98,13.39,557711
2023-03-31,13.38,13.48,13.02,13.11,618112
2023-04-03,13.16,13.71,13.05,13.6,1206638
2023-04-04,13.58,13.69,13.47,13.63,499602
2023-04-06,13.61,13.71,13.48,13.59,406561
2023-04-07,13.64,14.23,13.64,14.09,1111960
2023-04-10,14.05,14.28,13.83,14.13,624098
2023-04-11,14.14,14.26,13.91,14.24,808039
2023-04-12,14.28,14.32,14.01,14.17,480556
2023-04-13,14.13,14.25,13.95,14.15,444913
2023-04-14,14.15,14.24,14.02,14.05,377620
2023-04-17,13.84,13.84,13.5,13.84,844911
2023-04-18,13.82,13.97,13.63,13.7,592873
2023-04-19,13.72,13.73,13.31,13.36,612228
2023-04-20,13.39,13.43,13.08,13.25,542049
2023-04-21,13.32,13.57,13.29,13.35,702081
2023-04-24,13.28,13.35,13.03,13.08,593367
2023-04-25,13.13,13.16,12.81,13.02,421151
2023-04-26,12.86,12.93,12.69,12.87,474164
2023-04-27,12.82,12.92,12.7,12.86,500167
2023-04-28,12.84,12.89,12.64,12.89,552506
2023-05-04,12.68,12.78,12.36,12.69,879648
2023-05-05,12.65,13.36,12.62,13.24,991085
2023-05-08,13.08,13.61,12.84,13.51,1073483
2023-05-09,13.4,14.18,13.35,13.74,1337430
2023-05-10,13.77,13.83,13.37,13.46,664621
2023-05-11,13.46,13.47,13.19,13.28,416799
2023-05-12,13.29,13.39,13.11,13.13,368032
2023-05-15,13.14,13.21,12.91,13.06,524010
2023-05-16,13.06,13.13,12.88,12.94,374349
2023-05-17,12.93,13.01,12.7,12.84,468385
2023-05-18,12.84,12.93,12.7,12.77,333046
2023-05-19,12.69,12.73,12.39,12.53,602034
2023-05-22,12.43,12.56,12.38,12.51,430752
2023-05-23,12.48,12.56,12.36,12.36,458492
2023-05-24,12.33,12.34,11.86,11.86,727929
2023-05-25,11.78,11.98,11.68,11.81,491278
2023-05-26,11.79,12.1,11.66,12.08,475340
2023-05-29,12.0,12.08,11.88,11.92,382191
2023-05-30,11.9,11.97,11.27,11.93,1004314
2023-05-31,11.88,12.14,11.71,11.72,636696
2023-06-01,11.68,11.85,11.46,11.79,506922
2023-06-02,11.85,12.68,11.82,12.56,1181174
2023-06-05,12.38,12.58,12.21,12.5,713554
2023-06-06,12.52,12.85,12.46,12.51,678589
2023-06-07,12.61,12.91,12.56,12.64,668283
2023-06-08,12.61,13.12,12.48,12.99,906532
2023-06-09,12.99,13.08,12.76,12.82,693267
2023-06-12,12.91,13.06,12.8,12.87,534080
2023-06-13,12.93,13.32,12.84,13.0,671570
2023-06-14,13.08,13.14,12.82,12.84,605997
2023-06-15,12.83,13.02,12.81,12.92,494810
2023-06-16,12.93,13.11,12.86,12.98,584424
2023-06-19,13.01,13.03,12.73,12.86,619149
2023-06-20,12.87,12.91,12.49,12.58,718005
2023-06-21,12.51,12.76,12.5,12.55,414589
2023-06-26,12.43,12.54,12.26,12.45,517178
2023-06-27,12.46,12.98,12.27,12.86,723904
2023-06-28,12.89,12.93,12.65,12.83,364726
2023-06-29,12.82,12.88,12.53,12.62,319052
2023-06-30,12.61,12.79,12.44,12.46,464546
2023-07-03,12.43,12.59,12.36,12.55,457458
2023-07-04,12.5,12.51,12.0,12.15,1074904
2023-07-05,12.11,12.17,11.97,12.07,669370
2023-07-06,12.06,12.36,11.98,12.27,584252
2023-07-07,12.42,12.49,12.09,12.23,524596
2023-07-10,12.25,12.35,12.09,12.13,374664
2023-07-11,12.28,12.38,12.1,12.17,412512
2023-07-12,12.09,12.12,11.77,11.87,854009
2023-07-13,11.89,12.03,11.86,12.0,463142
2023-07-14,11.97,12.15,11.86,12.03,488773
2023-07-17,12.0,12.01,11.83,11.89,279678
2023-07-18,11.86,12.08,11.79,12.01,464417
2023-07-19,11.95,12.27,11.94,12.18,553152
2023-07-20,12.18,12.37,12.09,12.19,585961
2023-07-21,12.16,12.39,12.14,12.31,600420
2023-07-24,12.34,12.39,11.91,12.04,552360
2023-07-25,12.48,13.16,12.48,13.14,2117997
2023-07-26,13.12,13.26,12.98,13.17,931753
2023-07-27,13.09,13.33,12.86,13.14,793626
2023-07-28,13.35,13.95,13.18,13.82,1555239
2023-07-31,13.88,14.2,13.6,13.66,1463647
2023-08-01,13.55,13.98,13.47,13.64,1051250
2023-08-02,13.62,13.9,13.56,13.61,669352
2023-08-03,13.53,13.91,13.41,13.87,899687
2023-08-04,14.12,14.19,13.71,13.83,1128566
2023-08-07,13.66,13.68,13.25,13.35,863882
2023-08-08,13.28,13.49,13.17,13.19,592067
2023-08-09,13.19,13.53,13.09,13.43,589808
2023-08-10,13.39,13.71,13.36,13.56,484865
2023-08-11,13.64,13.72,13.25,13.39,577519
2023-08-14,13.13,13.58,12.93,13.44,724943
2023-08-15,13.35,13.63,13.23,13.41,433636
2023-08-16,13.44,13.93,13.32,13.68,1027405
2023-08-17,13.54,13.79,13.49,13.68,550510
2023-08-18,13.81,13.98,13.59,13.59,720707
2023-08-21,13.55,13.62,13.24,13.33,594750
2023-08-22,13.34,13.46,13.2,13.32,450614
2023-08-23,13.3,13.44,13.13,13.13,446477
2023-08-24,13.16,13.31,12.86,13.0,461213
2023-08-25,13.06,13.77,13.0,13.41,850673
2023-08-28,14.31,14.32,13.66,13.79,1622578
2023-08-29,13.8,14.04,13.6,13.93,1157414
2023-08-30,13.98,14.2,13.89,14.18,1108232
2023-08-31,14.09,14.17,13.33,13.41,986238
2023-09-01,13.64,13.74,13.38,13.68,1043431
2023-09-04,13.84,14.05,13.55,13.57,1102294
2023-09-05,13.57,13.57,13.15,13.24,828665
2023-09-06,13.2,13.56,13.03,13.52,1030024
2023-09-07,13.42,13.68,13.29,13.47,506485
2023-09-08,13.4,13.51,13.25,13.4,301815
2023-09-11,13.39,13.44,13.0,13.17,725481
2023-09-12,13.11,13.15,12.98,13.03,513956
2023-09-13,13.02,13.2,12.97,13.04,490252
2023-09-14,13.01,13.06,12.86,12.98,478151
2023-09-15,13.04,13.07,12.73,12.79,643463
2023-09-18,12.73,12.74,12.46,12.56,808815
2023-09-19,12.62,12.63,12.46,12.52,463318
2023-09-20,12.5,12.77,12.44,12.63,404081
2023-09-21,12.79,12.98,12.66,12.69,513103
2023-09-22,12.63,12.82,12.59,12.78,443568
2023-09-25,12.71,12.73,12.29,12.33,931652
2023-09-26,12.33,12.41,12.21,12.27,371258
2023-09-27,12.24,12.29,12.14,12.21,453787
2023-09-28,12.24,12.33,12.12,12.17,345160
2023-10-09,12.08,12.1,11.89,12.0,558828
2023-10-10,12.01,12.08,11.89,11.92,438528
2023-10-11,11.94,11.98,11.74,11.85,566031
2023-10-12,11.88,12.0,11.8,11.99,413242
2023-10-13,11.88,12.01,11.81,11.88,333293
2023-10-16,11.86,11.94,11.47,11.53,645688
2023-10-17,11.53,11.63,11.27,11.45,589522
2023-10-18,11.4,11.47,11.3,11.41,426572
2023-10-19,11.35,11.4,11.03,11.06,532540
2023-10-20,11.06,11.14,10.83,10.96,778255
2023-10-23,10.88,11.03,10.71,10.84,560832
2023-10-24,10.86,11.02,10.79,10.88,511516
2023-10-25,10.99,11.08,10.8,10.82,660791
2023-10-26,10.74,10.78,10.55,10.67,450563
2023-10-27,10.63,10.75,10.39,10.66,709826
2023-10-30,10.48,10.51,10.13,10.33,1517986
2023-10-31,10.28,10.48,10.25,10.45,818333
2023-11-01,10.43,10.56,10.33,10.37,667130
2023-11-02,10.37,10.47,10.3,10.32,546419
2023-11-03,10.34,10.37,10.2,10.23,571761
2023-11-06,10.26,10.64,10.24,10.55,978006
2023-11-07,10.59,10.67,10.47,10.54,723995
2023-11-08,10.47,10.75,10.45,10.59,742897
2023-11-09,10.6,10.77,10.54,10.63,534234
2023-11-10,10.58,10.59,10.39,10.53,467794
2023-11-13,10.53,10.59,10.35,10.46,436555
2023-11-14,10.46,10.6,10.45,10.54,436404
2023-11-15,10.62,10.65,10.44,10.46,597529
2023-11-16,10.43,10.43,10.19,10.37,587984
2023-11-17,10.33,10.38,10.21,10.27,496738
2023-11-20,10.29,10.38,10.17,10.21,597941
2023-11-21,10.28,10.58,10.27,10.4,1053018
2023-11-22,10.33,10.49,10.28,10.28,524890
2023-11-23,10.31,10.68,10.16,10.63,1038099
2023-11-24,10.67,10.82,10.57,10.62,668100
2023-11-27,10.55,10.56,10.23,10.34,676969
2023-11-28,10.34,10.34,10.15,10.2,553123
2023-11-29,10.18,10.21,9.75,9.78,896604
2023-11-30,9.75,9.89,9.68,9.69,582763
2023-12-01,9.69,9.74,9.59,9.68,567583
2023-12-04,9.66,9.67,9.31,9.39,1004577
2023-12-05,9.34,9.4,9.07,9.09,762038
2023-12-06,9.07,9.34,8.96,9.28,774517
2023-12-07,9.24,9.35,9.16,9.29,514919
2023-12-08,9.27,9.28,9.11,9.2,721546
2023-12-11,9.13,9.13,8.81,9.04,850709
2023-12-12,9.53,9.93,9.34,9.77,2377339
2023-12-13,9.51,9.66,9.41,9.55,1630728
2023-12-14,9.57,9.72,9.35,9.36,1081153
2023-12-15,9.57,9.78,9.49,9.61,1555172
2023-12-18,9.49,10.05,9.45,9.68,1513755
2023-12-19,9.63,9.76,9.4,9.53,911703
2023-12-20,9.48,9.5,9.27,9.29,897960
2023-12-21,9.21,9.38,9.17,9.33,836915
2023-12-22,9.31,9.31,9.09,9.28,835637
2023-12-25,9.2,9.32,9.15,9.16,499299
2023-12-26,9.14,9.17,8.93,8.97,695338
2023-12-27,8.95,9.04,8.88,8.92,570609
2023-12-28,8.89,9.42,8.78,9.38,1130661
2023-12-29,9.33,9.5,9.25,9.33,754861
2024-01-02,9.28,9.31,8.85,8.86,1172786
2024-01-03,8.84,9.01,8.75,8.84,899726
2024-01-04,8.81,8.83,8.48,8.58,1050957
2024-01-05,8.55,8.8,8.49,8.6,1018852
2024-01-08,8.6,8.67,8.47,8.49,674551
2024-01-09,8.49,8.61,8.37,8.55,688931
2024-01-10,8.49,8.6,8.43,8.5,519695
2024-01-11,8.45,8.59,8.34,8.54,715590
2024-01-12,8.47,8.72,8.46,8.57,760364
2024-01-15,8.51,8.59,8.34,8.45,844442
2024-01-16,8.39,8.48,8.21,8.35,1002387
2024-01-17,8.28,8.32,8.1,8.1,864157
2024-01-18,8.04,8.29,8.01,8.27,1039592
2024-01-19,8.21,8.36,8.17,8.3,749155
2024-01-22,8.19,8.36,7.96,8.15,1283074
2024-01-23,8.11,8.23,8.0,8.18,965847
2024-01-24,8.21,8.42,8.08,8.41,1110589
2024-01-25,8.45,9.1,8.44,9.03,1999886
2024-01-26,9.15,9.42,9.07,9.34,2039764
2024-01-29,9.61,9.68,9.35,9.42,1817641
2024-01-30,9.3,9.51,9.14,9.2,1198508
2024-01-31,9.08,9.22,8.81,8.97,1410401
2024-02-01,8.87,8.93,8.62,8.67,1019268
2024-02-02,8.67,9.07,8.48,8.8,1130368
2024-02-05,8.74,8.91,8.46,8.71,1215489
2024-02-06,8.56,8.99,8.48,8.87,1173647
2024-02-07,8.88,8.95,8.69,8.91,1173288
2024-02-08,8.99,9.41,8.95,9.4,1193496
2024-02-19,9.32,9.32,8.96,9.24,1357052
2024-02-20,9.38,9.72,9.18,9.29,1230914
2024-02-21,9.19,9.78,9.07,9.52,1617543
2024-02-22,9.42,9.49,9.34,9.42,878801
2024-02-23,9.41,9.5,9.34,9.43,755136
2024-02-26,9.38,9.39,9.18,9.25,955313
2024-02-27,9.15,9.3,9.15,9.3,812332
2024-02-28,9.3,9.37,9.13,9.15,1136884
2024-02-29,9.03,9.25,9.03,9.2,944625
2024-03-01,9.16,9.25,8.9,9.01,1199335
2024-03-04,8.92,8.94,8.57,8.66,1484765
2024-03-05,8.59,8.87,8.55,8.81,1203137
2024-03-06,8.74,8.77,8.57,8.63,855872
2024-03-07,8.63,8.69,8.55,8.56,784598
2024-03-08,8.55,8.58,8.41,8.47,733728
2024-03-11,8.51,8.9,8.49,8.9,1569678
2024-03-12,8.85,9.48,8.81,9.39,1968065
2024-03-13,9.29,9.36,9.08,9.1,1006850
2024-03-14,9.06,9.36,9.03,9.2,970572
2024-03-15,9.13,9.3,9.04,9.12,696424
2024-03-18,9.08,9.12,8.86,8.93,1020654
2024-03-19,8.89,8.91,8.74,8.75,738237
2024-03-20,8.72,8.84,8.67,8.74,656059
2024-03-21,8.72,8.99,8.71,8.91,1103578
2024-03-22,8.85,8.88,8.62,8.8,890652
2024-03-25,8.77,9.25,8.74,9.1,1497738
2024-03-26,9.08,9.21,8.97,9.14,941728
2024-03-27,9.1,9.12,8.8,8.87,908197
2024-03-28,8.84,8.91,8.74,8.78,886953
2024-03-29,8.65,8.75,8.44,8.56,1324120
2024-04-01,8.52,8.76,8.45,8.52,1600343
2024-04-02,8.51,8.51,8.18,8.25,1822328
2024-04-03,8.17,8.29,8.14,8.2,882443
2024-04-08,8.15,8.16,7.98,8.0,1088691
2024-04-09,8.03,8.06,7.87,7.92,1007964
2024-04-10,7.89,7.9,7.5,7.56,1539141
2024-04-11,7.44,7.62,7.31,7.6,1143064
2024-04-12,7.52,7.6,7.32,7.33,1080507
2024-04-15,7.3,7.51,7.24,7.36,990124
2024-04-16,7.29,7.55,7.17,7.43,1185829
2024-04-17,7.35,7.58,7.34,7.51,976901
2024-04-18,7.46,7.69,7.38,7.61,1072720
2024-04-19,7.54,7.67,7.5,7.53,604578
2024-04-22,7.5,7.64,7.43,7.52,701180
2024-04-23,7.56,7.59,7.44,7.47,652435
2024-04-24,7.44,7.53,7.38,7.43,686308
2024-04-25,7.43,7.56,7.35,7.43,915473
2024-04-26,7.42,8.11,7.37,8.07,2487307
2024-04-29,7.98,8.78,7.94,8.71,3366041
2024-04-30,8.61,8.62,8.23,8.34,2261921
2024-05-06,8.56,8.7,8.23,8.26,2488272
2024-05-07,8.19,8.77,8.16,8.7,2551075
2024-05-08,8.58,8.61,8.41,8.41,1088568
2024-05-09,8.55,8.87,8.46,8.64,1662404
2024-05-10,8.76,9.16,8.66,9.15,3011847
2024-05-13,8.95,9.12,8.89,8.97,1482755
2024-05-14,8.93,9.14,8.87,9.01,1272013
2024-05-15,8.97,9.72,8.96,9.3,2750733
2024-05-16,9.3,9.82,9.24,9.61,2611881
2024-05-17,9.72,10.63,9.41,10.63,4272435
2024-05-20,10.58,11.13,10.23,10.51,3670578
2024-05-21,10.41,10.8,10.32,10.62,1736337
2024-05-22,10.57,11.32,10.49,10.71,2471977
2024-05-23,10.46,10.57,10.16,10.34,2178417
2024-05-24,10.23,10.28,9.98,10.05,1354301
2024-05-27,10.06,10.12,9.65,10.0,1556680
2024-05-28,10.12,10.23,9.71,9.8,1500530
2024-05-29,9.85,10.03,9.79,9.87,918618
2024-05-30,9.75,9.92,9.56,9.65,1022703
2024-05-31,9.68,9.87,9.6,9.65,1047223
2024-06-03,9.52,9.77,9.5,9.67,817210
2024-06-04,9.68,10.05,9.59,9.99,1542425
2024-06-05,9.94,9.99,9.75,9.76,658913
2024-06-06,9.75,9.84,9.61,9.72,620701
2024-06-07,9.71,9.95,9.7,9.85,741123
2024-06-11,9.75,10.08,9.61,9.66,1139823
2024-06-12,9.62,9.73,9.48,9.54,711836
2024-06-13,9.64,9.66,9.23,9.29,1075527
2024-06-14,9.24,9.61,9.17,9.43,832243
2024-06-17,9.31,9.4,9.11,9.23,873436
2024-06-18,9.21,9.31,9.06,9.08,699520
2024-06-19,9.1,9.19,8.93,9.07,569661
2024-06-20,9.06,9.08,8.77,8.82,723142
2024-06-21,8.88,8.95,8.81,8.87,494170
2024-06-24,8.81,8.83,8.64,8.7,730738
2024-06-25,8.73,9.02,8.56,8.81,855119
2024-06-26,8.73,8.74,8.55,8.67,709765
2024-06-27,8.68,8.75,8.39,8.4,966695
2024-06-28,8.37,8.49,8.13,8.19,1330763
2024-07-01,8.25,8.92,8.21,8.74,1987049
2024-07-02,8.73,8.9,8.41,8.46,1242405
2024-07-03,8.47,8.72,8.22,8.55,1260504
2024-07-04,8.51,8.56,8.25,8.28,935808
2024-07-05,8.31,8.45,8.15,8.23,848089
2024-07-08,8.2,8.21,7.91,7.98,1066509
2024-07-09,7.99,8.06,7.81,7.99,998540
2024-07-10,7.88,8.08,7.7,7.95,741834
2024-07-11,8.05,8.22,7.95,8.12,954139
2024-07-12,8.38,8.7,8.28,8.45,1769039
2024-07-15,8.29,8.58,8.25,8.43,945542
2024-07-16,8.41,8.68,8.3,8.53,972812
2024-07-17,8.55,8.92,8.51,8.78,1362439
2024-07-18,8.74,8.95,8.61,8.91,1156433
2024-07-19,8.8,8.85,8.51,8.62,1212998
2024-07-22,8.63,8.64,8.38,8.57,857108
2024-07-23,8.59,8.67,8.42,8.44,715494
2024-07-24,8.44,8.54,8.11,8.16,745847
2024-07-25,8.16,8.43,8.12,8.24,795390
2024-07-26,8.26,8.54,8.23,8.35,803132
2024-07-29,8.34,8.35,7.98,8.02,1028174
2024-07-30,8.03,8.24,7.98,8.16,928749
2024-07-31,8.18,8.67,8.0,8.65,1334531
2024-08-01,8.61,8.69,8.26,8.29,1255160
2024-08-02,8.18,8.25,8.09,8.12,977492
2024-08-05,8.0,8.41,7.98,8.09,1301103
2024-08-06,8.16,8.48,8.13,8.41,1260067
2024-08-07,8.36,8.38,8.2,8.3,658364
2024-08-08,8.35,8.65,8.17,8.31,1257316
2024-08-09,8.25,8.69,8.24,8.38,1795180
2024-08-12,8.32,8.35,8.06,8.09,1137056
2024-08-13,8.08,8.1,7.97,8.06,617589
2024-08-14,8.04,8.08,7.95,7.99,509986
2024-08-15,7.95,8.15,7.91,8.04,1093628
2024-08-16,8.01,8.07,7.9,8.01,781356
2024-08-19,7.97,8.14,7.91,8.01,813330
2024-08-20,8.01,8.07,7.83,7.87,792067
2024-08-21,7.81,7.84,7.62,7.7,1138394
2024-08-22,7.71,7.89,7.68,7.79,1236162
2024-08-23,7.73,7.91,7.68,7.74,946571
2024-08-26,7.74,8.01,7.64,7.85,1171859
2024-08-27,7.83,7.84,7.6,7.63,869706
2024-08-28,7.62,7.65,7.52,7.54,641015
2024-08-29,7.53,7.61,7.46,7.54,603125
2024-08-30,7.56,8.31,7.53,7.95,2956644
2024-09-02,7.84,7.87,7.66,7.68,1294164
2024-09-03,7.66,7.85,7.55,7.72,1225212
2024-09-04,7.65,7.82,7.51,7.53,1398239
2024-09-05,7.61,7.69,7.55,7.62,915294
2024-09-06,7.57,7.59,7.51,7.52,705935
2024-09-09,7.45,7.46,7.29,7.37,745442
2024-09-10,7.35,7.39,7.13,7.28,945112
2024-09-11,7.25,7.44,7.21,7.34,698622
2024-09-12,7.33,7.48,7.3,7.32,504655
2024-09-13,7.36,7.43,7.3,7.31,651669
2024-09-18,7.34,7.57,7.2,7.46,1223463
2024-09-19,7.53,7.89,7.5,7.74,2023201
2024-09-20,7.54,7.9,7.52,7.88,1842986
2024-09-23,7.79,8.03,7.76,7.91,1353166
2024-09-24,8.08,8.19,7.73,8.0,2792525
2024-09-25,8.07,8.52,8.04,8.12,2747567
2024-09-26,8.04,8.95,8.04,8.95,3499781
2024-09-27,9.43,9.86,9.4,9.86,4466307
2024-09-30,10.86,10.86,10.08,10.86,6359777
2024-10-08,11.96,11.96,10.19,10.82,6861208
2024-10-09,10.43,10.43,9.72,9.72,3951320
2024-10-10,9.44,10.18,9.33,9.86,3329523
2024-10-11,9.79,10.23,9.59,10.08,2821757
2024-10-14,10.42,10.98,10.24,10.62,3638269
2024-10-15,10.42,11.03,10.3,10.76,2900894
2024-10-16,10.97,11.39,10.71,11.22,4091581
2024-10-17,11.18,11.18,10.13,10.15,3808817
2024-10-18,9.93,10.57,9.73,10.3,2904481
2024-10-21,10.3,10.64,10.06,10.59,2338117
2024-10-22,10.53,10.87,10.46,10.79,1710525
2024-10-23,10.74,10.95,10.68,10.77,1476060
2024-10-24,10.69,10.81,10.49,10.55,1123162
2024-10-25,10.53,10.8,10.5,10.54,1153327
2024-10-28,10.49,10.81,10.48,10.74,1229096
2024-10-29,10.59,10.92,10.44,10.45,1249561
2024-10-30,10.45,10.7,10.35,10.5,1498619
2024-10-31,10.43,10.98,10.35,10.63,1828836
2024-11-01,10.73,11.14,10.68,10.77,2115002
2024-11-04,10.86,10.88,10.51,10.71,1415145
2024-11-05,10.65,11.08,10.58,10.97,1680474
2024-11-06,10.95,11.4,10.63,11.17,2569238
2024-11-07,10.99,11.53,10.89,11.48,3003947
2024-11-08,11.62,11.65,10.93,11.01,2603126
2024-11-11,10.76,10.89,10.52,10.74,1964767
2024-11-12,10.69,10.9,10.58,10.65,1305692
2024-11-13,10.59,10.68,10.36,10.46,1294202
2024-11-14,10.66,10.67,10.21,10.21,1567192
2024-11-15,10.14,10.24,9.94,9.94,1243184
2024-11-18,10.03,10.31,9.95,10.01,1584104
2024-11-19,10.04,10.08,9.78,10.01,1268355
2024-11-20,9.94,10.04,9.85,9.98,857304
2024-11-21,9.94,10.01,9.81,9.89,766748
2024-11-22,9.88,9.93,9.54,9.56,1106151
2024-11-25,9.56,9.69,9.46,9.57,917114
2024-11-26,9.55,9.82,9.5,9.68,960426
2024-11-27,9.66,9.86,9.55,9.83,1210335
2024-11-28,9.81,9.95,9.76,9.86,1068640
2024-11-29,9.86,10.26,9.83,10.07,1664315
2024-12-02,9.98,10.16,9.87,10.07,1329404
2024-12-03,10.04,10.24,9.98,10.14,1078758
2024-12-04,10.09,10.15,9.9,9.94,804686
2024-12-05,9.91,9.95,9.79,9.88,636661
2024-12-06,9.87,10.07,9.82,9.98,839193
2024-12-09,9.98,10.0,9.67,9.7,1289511
2024-12-10,10.28,10.28,9.86,9.86,2194812
2024-12-11,9.84,10.07,9.79,9.99,1312021
2024-12-12,9.99,10.09,9.86,10.04,1016636
2024-12-13,9.96,9.97,9.63,9.67,1814118
2024-12-16,9.68,9.73,9.29,9.33,1478610
2024-12-17,9.33,9.34,9.21,9.24,807136
2024-12-18,9.29,9.37,9.2,9.23,750903
2024-12-19,9.08,9.22,9.05,9.22,743509
2024-12-20,9.18,9.24,9.05,9.17,985490
2024-12-23,9.14,9.26,9.02,9.05,950418
2024-12-24,9.03,9.11,9.0,9.07,922188
2024-12-25,9.05,9.08,8.89,9.02,1094079
2024-12-26,9.0,9.03,8.87,8.91,1043387
2024-12-27,8.9,9.01,8.86,8.96,869013
2024-12-30,8.91,8.98,8.78,8.82,1241941
2024-12-31,8.82,8.95,8.67,8.69,1165446
2025-01-02,8.67,8.81,8.44,8.51,1273311
2025-01-03,8.51,8.58,8.32,8.37,1078567
2025-01-06,8.36,8.37,8.2,8.37,1010293
2025-01-07,8.34,8.53,8.23,8.5,1042319
2025-01-08,8.44,8.5,8.32,8.43,843760
2025-01-09,8.42,8.51,8.35,8.47,671247
2025-01-10,8.45,8.59,8.29,8.3,738847
2025-01-13,8.23,8.46,8.16,8.46,871190
2025-01-14,8.43,8.61,8.43,8.6,971042
2025-01-15,8.58,8.62,8.43,8.56,690146
2025-01-16,8.57,8.67,8.38,8.49,970054
2025-01-17,8.28,8.6,8.27,8.49,1065148
2025-01-20,8.47,8.56,8.26,8.43,1244044
2025-01-21,8.44,8.86,8.39,8.53,2370145
2025-01-22,8.4,8.41,8.13,8.13,1719081
2025-01-23,8.21,8.42,8.18,8.22,1620107
2025-01-24,8.22,8.31,8.15,8.25,1012360
2025-01-27,8.26,8.4,8.15,8.15,1028104
2025-02-05,8.18,8.21,8.0,8.06,941531
2025-02-06,8.05,8.21,8.04,8.12,930147
2025-02-07,8.1,8.37,8.06,8.28,1532734
2025-02-10,8.23,8.35,8.22,8.3,917453
2025-02-11,8.33,8.35,8.1,8.12,1095618
2025-02-12,8.14,8.46,8.0,8.42,1835008
2025-02-13,8.31,8.55,8.26,8.42,2256344
2025-02-14,8.38,8.43,8.24,8.35,1173623
2025-02-17,8.35,8.43,8.29,8.31,1308358
2025-02-18,8.31,8.31,8.1,8.15,1045919
2025-02-19,8.13,8.22,8.08,8.16,967870
2025-02-20,8.12,8.15,8.02,8.03,1022299
2025-02-21,8.03,8.1,7.99,8.03,1147910
2025-02-24,8.03,8.26,7.99,8.18,1684540
2025-02-25,8.12,8.26,8.08,8.17,1336695
2025-02-26,8.26,8.55,8.25,8.46,2224850
2025-02-27,8.5,8.69,8.47,8.64,2160757
2025-02-28,8.65,8.78,8.52,8.53,2173808
2025-03-03,8.6,8.78,8.53,8.57,1563042
2025-03-04,8.51,8.59,8.37,8.58,1152797
2025-03-05,8.56,8.6,8.38,8.44,1164436
2025-03-06,8.49,8.73,8.45,8.73,1863078
2025-03-07,8.65,8.67,8.54,8.63,1277142
2025-03-10,8.67,8.73,8.47,8.52,925523
2025-03-11,8.45,8.47,8.35,8.46,985471
2025-03-12,8.44,8.44,8.33,8.37,966980
2025-03-13,8.35,8.4,8.26,8.33,730019
2025-03-14,8.32,8.53,8.32,8.52,1918306
2025-03-17,8.53,8.65,8.53,8.58,998531
2025-03-18,8.58,8.65,8.5,8.54,787958
2025-03-19,8.54,8.55,8.44,8.47,676723
2025-03-20,8.47,8.52,8.41,8.44,666082
2025-03-21,8.42,8.45,8.29,8.36,959054
2025-03-24,8.34,8.35,8.24,8.29,676262
2025-03-25,8.28,8.41,8.24,8.35,682336
2025-03-26,8.34,8.46,8.3,8.34,735712
2025-03-27,8.33,8.36,8.26,8.3,569255
2025-03-28,8.31,8.33,8.23,8.28,539570
2025-03-31,8.25,8.26,8.06,8.09,752910
2025-04-01,8.11,8.13,8.04,8.07,694634
2025-04-02,8.06,8.14,8.03,8.12,712080
2025-04-03,8.07,8.39,8.06,8.22,1380551
2025-04-07,7.97,8.03,7.53,7.76,1936657
2025-04-08,7.77,8.38,7.76,8.33,2438714
2025-04-09,8.29,8.75,8.2,8.75,2560822
2025-04-10,8.63,8.81,8.43,8.81,1815451
2025-04-11,8.71,8.71,8.5,8.56,1184883
2025-04-14,8.46,8.56,8.44,8.5,700634
2025-04-15,8.47,8.5,8.38,8.49,636945
2025-04-16,8.48,8.66,8.46,8.66,1308311
2025-04-17,8.63,9.15,8.59,9.03,2755596
2025-04-18,8.93,9.07,8.85,9.03,1108919
2025-04-21,8.97,8.98,8.87,8.89,806602
2025-04-22,8.88,8.93,8.8,8.84,651845
2025-04-23,8.83,8.86,8.64,8.67,969918
2025-04-24,8.66,8.81,8.58,8.69,822572
2025-04-25,8.71,8.97,8.51,8.59,1943375
2025-04-28,8.44,8.48,8.11,8.14,1878450
2025-04-29,8.18,8.24,8.14,8.16,630725
2025-04-30,8.14,8.33,8.12,8.2,869909
2025-05-06,8.21,8.24,8.17,8.18,1084298
2025-05-07,8.48,8.54,8.26,8.33,1600770
2025-05-08,8.27,8.32,8.26,8.27,748455
2025-05-09,8.28,8.29,8.05,8.08,1167040
2025-05-12,8.1,8.14,8.07,8.13,798537
2025-05-13,8.16,8.19,8.11,8.13,617246
2025-05-14,8.12,8.25,8.05,8.18,1013443
2025-05-15,8.14,8.21,8.07,8.08,711949
2025-05-16,8.09,8.12,8.02,8.1,746578
2025-05-19,8.09,8.15,8.04,8.11,648897
2025-05-20,8.11,8.12,8.07,8.09,479515
2025-05-21,8.09,8.1,8.03,8.05,652931
2025-05-22,8.04,8.05,7.98,8.0,654224
2025-05-23,7.99,8.05,7.92,7.92,632551
2025-05-26,7.9,7.95,7.85,7.9,551791
2025-05-27,7.9,7.97,7.89,7.93,410075
2025-05-28,7.95,7.96,7.9,7.91,283363
2025-05-29,7.92,7.97,7.89,7.94,551531
2025-05-30,7.94,7.97,7.91,7.96,528735
2025-06-03,7.9,7.96,7.88,7.94,477520
2025-06-04,7.94,8.01,7.93,8.0,532558
2025-06-05,8.01,8.08,7.99,8.02,635755
2025-06-06,8.02,8.04,7.96,7.99,482755
2025-06-09,8.0,8.01,7.96,7.99,594009
2025-06-10,7.99,8.07,7.9,7.95,754732
2025-06-11,7.95,8.01,7.93,7.99,554669
2025-06-12,7.99,8.0,7.94,7.97,499356
2025-06-13,7.95,7.96,7.88,7.89,749946
2025-06-16,7.93,8.11,7.91,8.07,1312419
2025-06-17,8.04,8.05,7.94,7.95,708540
2025-06-18,7.95,7.96,7.81,7.84,947166
2025-06-19,7.83,7.84,7.63,7.71,914962
2025-06-20,7.71,7.75,7.65,7.72,583693
2025-06-23,7.66,7.73,7.61,7.71,512218
2025-06-24,7.73,7.8,7.7,7.8,697219
2025-06-25,7.79,7.89,7.75,7.88,792525
2025-06-26,7.88,7.9,7.85,7.87,666681
2025-06-27,7.87,8.03,7.86,7.88,951976
2025-06-30,7.89,8.0,7.86,7.93,629534
2025-07-01,7.94,7.95,7.82,7.85,914308
2025-07-02,7.86,7.93,7.83,7.91,826136
2025-07-03,7.92,8.0,7.9,7.94,822634
2025-07-04,7.93,7.96,7.89,7.9,836676
2025-07-07,7.88,8.03,7.87,7.99,1184212
2025-07-08,7.98,8.06,7.95,8.05,948738
2025-07-09,8.04,8.09,7.97,7.98,1298538
2025-07-10,7.98,8.26,7.97,8.17,2259256
2025-07-11,8.17,8.21,8.09,8.09,1441206
2025-07-14,8.08,8.13,7.96,7.97,1409269
2025-07-15,7.94,7.96,7.78,7.84,1726670
2025-07-16,7.82,7.87,7.78,7.81,918554
2025-07-17,7.81,7.84,7.78,7.82,662628
2025-07-18,7.83,7.85,7.81,7.85,747759
2025-07-21,7.85,7.89,7.83,7.88,983050
2025-07-22,7.89,8.05,7.82,8.03,2019345
2025-07-23,8.03,8.18,8.0,8.03,1965463
2025-07-24,8.01,8.21,8.01,8.17,2160834
2025-07-25,8.16,8.3,8.13,8.21,1802133
2025-07-28,8.21,8.38,8.08,8.32,1896973
2025-07-29,8.31,8.34,8.2,8.25,1336830
2025-07-30,8.23,8.35,8.14,8.15,1650388
2025-07-31,8.11,8.14,7.78,7.81,2869598
2025-08-01,7.8,7.84,7.75,7.78,1114413
2025-08-04,7.82,7.82,7.76,7.82,899119
2025-08-05,7.82,7.88,7.8,7.87,1008545
2025-08-06,7.86,7.86,7.8,7.84,790032
2025-08-07,7.83,7.88,7.78,7.87,1133345
2025-08-08,7.85,7.87,7.81,7.84,744324
2025-08-11,7.87,7.92,7.86,7.86,1129446
2025-08-12,7.86,7.9,7.84,7.85,974014
2025-08-13,7.87,7.88,7.81,7.83,1072511
2025-08-14,7.84,7.96,7.82,7.84,1929719
2025-08-15,7.84,8.02,7.82,7.98,2638366
2025-08-18,7.99,8.01,7.86,7.86,2240156
2025-08-19,7.89,7.95,7.81,7.82,2660594
2025-08-20,7.83,7.93,7.77,7.87,1724266
2025-08-21,7.88,7.98,7.85,7.93,1750597
2025-08-22,7.92,7.97,7.87,7.96,1406118
2025-08-25,8.0,8.55,7.99,8.3,5246583
2025-08-26,8.26,8.27,8.18,8.22,1871567
2025-08-27,8.2,8.22,7.97,7.98,2611767
2025-08-28,7.99,8.04,7.86,7.96,2000210
2025-08-29,8.05,8.1,7.92,7.96,3078035
2025-09-01,7.96,8.01,7.86,7.89,2560175
2025-09-02,7.87,7.91,7.77,7.82,2210992
2025-09-03,7.83,7.85,7.68,7.73,1763824
2025-09-04,7.72,7.76,7.68,7.72,1285393
2025-09-05,7.72,7.75,7.69,7.74,1369113
2025-09-08,7.78,7.83,7.73,7.76,2361231
2025-09-09,7.78,7.89,7.75,7.88,2842017
2025-09-10,7.85,7.85,7.79,7.83,1450720
2025-09-11,7.8,7.82,7.75,7.82,1595687
2025-09-12,7.83,8.0,7.83,7.87,2926589
2025-09-15,7.86,7.97,7.81,7.96,2472358
2025-09-16,7.94,8.01,7.88,7.98,1906797
2025-09-17,7.96,8.03,7.9,8.0,2039854
2025-09-18,7.95,7.96,7.73,7.76,2606948
2025-09-19,7.77,7.95,7.69,7.93,2611282
2025-09-22,7.86,7.89,7.78,7.82,1740406
2025-09-23,7.76,7.78,7.58,7.62,1940203
2025-09-24,7.58,7.78,7.57,7.66,1461776
2025-09-25,7.64,7.69,7.59,7.66,1423923
2025-09-26,7.63,7.9,7.62,7.72,2159229
2025-09-29,7.7,7.78,7.61,7.72,1629463
2025-09-30,7.7,7.88,7.69,7.86,2508932
2025-10-09,7.82,7.89,7.62,7.88,2745026
2025-10-10,7.79,8.0,7.78,7.93,2325279
2025-10-13,7.78,7.96,7.71,7.89,2387582
2025-10-14,7.88,7.99,7.84,7.88,1887766
2025-10-15,7.86,7.92,7.78,7.87,1371287
2025-10-16,7.84,7.87,7.77,7.82,1316818
2025-10-17,7.81,7.91,7.74,7.75,1797608
2025-10-20,7.78,7.8,7.69,7.71,1186558
2025-10-21,7.71,7.77,7.68,7.72,1285502
2025-10-22,7.64,7.71,7.56,7.58,2516636
2025-10-23,7.58,7.59,7.44,7.51,1613923
2025-10-24,7.5,7.52,7.47,7.49,866302
2025-10-27,7.5,7.51,7.47,7.48,1050489
2025-10-28,7.48,7.49,7.41,7.42,1168447
2025-10-29,7.42,7.44,7.36,7.44,1160824
2025-10-30,7.42,7.44,7.32,7.33,1542014
2025-10-31,7.33,7.35,7.31,7.33,920041
2025-11-03,7.35,7.35,7.27,7.3,902242
2025-11-04,7.28,7.29,7.19,7.21,1418931
2025-11-05,7.15,7.21,7.13,7.18,817149
2025-11-06,7.16,7.19,7.15,7.17,846613
2025-11-07,7.15,7.23,7.15,7.18,826693
2025-11-10,7.21,7.28,7.19,7.27,1235972
2025-11-11,7.28,7.32,7.25,7.29,1029217
2025-11-12,7.3,7.31,7.26,7.27,798328
2025-11-13,7.26,7.29,7.21,7.28,830746
2025-11-14,7.26,7.31,7.25,7.25,1010661
2025-11-17,7.24,7.27,7.23,7.25,726013
2025-11-18,7.24,7.25,7.08,7.08,1551288
2025-11-19,7.08,7.09,6.93,6.95,1510275
2025-11-20,6.95,7.18,6.86,7.07,2488973
2025-11-21,6.99,7.07,6.93,6.93,1267381
2025-11-24,6.93,7.06,6.93,7.0,1095078
2025-11-25,6.99,7.03,6.95,6.98,844102
2025-11-26,6.98,6.99,6.87,6.87,1060393
2025-11-27,6.77,6.83,6.66,6.77,1290221
2025-11-28,6.75,6.78,6.68,6.76,983950
2025-12-01,6.72,6.75,6.61,6.62,1692909
2025-12-02,6.62,6.65,6.58,6.59,951534
2025-12-03,6.59,6.61,6.45,6.46,1393917
2025-12-04,6.46,6.59,6.45,6.48,1146289
2025-12-05,6.46,6.54,6.38,6.53,1669577
2025-12-08,6.49,6.57,6.49,6.51,1039983
2025-12-09,6.49,6.5,6.34,6.35,1449940
2025-12-10,6.34,6.82,6.28,6.68,2997737
2025-12-11,6.58,6.58,6.41,6.42,1895096
2025-12-12,6.46,6.53,6.4,6.42,1619174
2025-12-15,6.32,6.38,6.26,6.27,1638749
2025-12-16,6.27,6.35,6.25,6.28,1254961
2025-12-17,6.27,6.31,6.19,6.28,1201530
2025-12-18,6.25,6.29,6.23,6.25,941182
2025-12-19,6.24,6.35,6.23,6.33,1345279
2025-12-22,6.31,6.37,6.27,6.34,1066537
2025-12-23,6.31,6.32,6.26,6.27,814661
2025-12-24,6.27,6.3,6.23,6.26,1058482
2025-12-25,6.28,6.31,6.24,6.28,659355
2025-12-26,6.26,6.3,6.25,6.26,719823
2025-12-29,6.26,6.29,6.18,6.19,1204081
2025-12-30,6.18,6.18,6.09,6.09,1146756
2025-12-31,6.13,6.15,6.08,6.1,826207
