date,open,high,low,close,volume
2015-01-05,26.92,28.09,26.14,27.58,6986272
2015-01-06,26.83,28.38,26.62,27.62,6681194
2015-01-07,27.36,29.83,27.26,28.87,7315085
2015-01-08,29.09,29.35,27.59,28.09,6376269
2015-01-09,27.88,29.53,27.36,27.84,7636403
2015-01-12,27.61,28.2,26.33,26.59,6602672
2015-01-13,26.32,26.69,25.06,25.41,6243921
2015-01-14,25.39,26.08,25.14,25.84,4835025
2015-01-15,25.71,26.65,24.99,26.46,7344479
2015-01-16,26.65,26.66,25.43,26.06,5856671
2015-01-19,23.19,23.19,23.19,23.19,496775
2015-01-20,20.62,21.59,20.62,20.65,13108547
2015-01-21,21.0,22.83,20.76,22.44,10171616
2015-01-22,22.44,22.44,21.8,22.16,5325448
2015-01-23,22.4,23.9,22.39,22.84,6172941
2015-01-26,22.83,22.83,22.13,22.33,3838737
2015-01-27,22.34,22.47,21.35,21.83,4363279
2015-01-28,21.83,23.32,21.71,22.54,6048275
2015-01-29,21.87,22.29,21.62,21.94,3863110
2015-01-30,22.22,22.41,21.59,21.66,3042182
2015-02-02,20.92,21.41,20.65,20.85,3213996
2015-02-03,21.21,22.26,20.89,22.13,4554530
2015-02-04,22.33,23.05,21.79,21.81,5279664
2015-02-05,22.8,22.83,21.83,21.86,5541536
2015-02-06,21.75,22.35,21.53,22.06,3490856
2015-02-09,21.83,23.43,21.78,23.01,5783691
2015-02-10,22.93,23.42,22.73,23.13,4160010
2015-02-11,23.26,23.34,22.7,22.93,2703934
2015-02-12,22.93,22.93,22.33,22.66,2502673
2015-02-13,22.87,23.26,22.66,22.77,3360854
2015-02-16,22.74,22.89,22.41,22.63,2395099
2015-02-17,22.75,23.29,22.66,22.81,2626912
2015-02-25,22.87,22.92,22.24,22.43,2008830
2015-02-26,22.2,23.68,21.82,23.46,4856365
2015-02-27,23.42,23.61,23.07,23.12,3118775
2015-03-02,23.63,23.94,23.19,23.41,3876787
2015-03-03,23.19,23.19,22.3,22.33,3721023
2015-03-04,22.3,22.52,21.96,22.11,2423923
2015-03-05,21.87,22.46,21.79,22.03,2655264
2015-03-06,22.05,22.39,21.85,21.88,2042677
2015-03-09,20.92,21.88,20.74,21.49,3656965
2015-03-10,21.49,21.86,21.07,21.38,2512944
2015-03-11,21.38,21.85,21.26,21.33,2089043
2015-03-12,21.62,22.08,21.27,21.96,2920382
2015-03-13,22.06,22.54,21.83,21.99,2637976
2015-03-16,22.13,22.59,21.75,22.46,3310645
2015-03-17,22.87,23.35,22.55,23.18,5313017
2015-03-18,23.53,23.7,23.25,23.51,4932672
2015-03-19,23.59,23.6,23.16,23.26,3488274
2015-03-20,23.35,25.84,23.06,25.57,9566651
2015-03-23,25.86,26.47,25.26,26.41,7691939
2015-03-24,26.39,26.4,25.24,25.66,5931958
2015-03-25,25.65,26.59,25.36,25.59,4819506
2015-03-26,25.26,26.13,24.92,25.28,3929182
2015-03-27,25.28,25.92,25.05,25.37,3107482
2015-03-30,25.4,26.26,25.11,26.06,5200928
2015-03-31,26.5,27.84,25.87,25.98,6770228
2015-04-01,26.09,27.06,26.01,26.95,5164895
2015-04-02,27.31,27.44,26.03,26.52,4648738
2015-04-03,26.27,27.3,26.24,27.19,5754745
2015-04-07,27.76,27.83,27.03,27.55,5459528
2015-04-08,27.66,29.35,27.21,28.81,7575453
2015-04-09,29.18,30.83,28.48,28.54,8572540
2015-04-10,28.46,28.73,27.79,28.6,5134936
2015-04-13,28.67,28.91,27.89,28.2,4404897
2015-04-14,28.2,28.46,27.19,28.04,4985005
2015-04-15,27.95,28.14,27.05,27.09,3407865
2015-04-16,26.73,28.0,26.58,27.88,3639872
2015-04-17,28.31,28.71,27.66,27.99,4976608
2015-04-20,28.05,28.18,26.66,26.68,5373192
2015-04-21,26.44,28.38,26.44,27.94,5071412
2015-04-22,28.21,30.48,27.9,30.33,8083414
2015-04-23,30.36,30.79,29.19,29.47,6982245
2015-04-24,28.75,28.99,27.7,28.22,5370441
2015-04-27,28.54,29.19,28.21,28.53,4163909
2015-04-28,28.53,29.18,28.09,28.32,4612229
2015-04-29,28.13,28.62,27.96,28.38,2955112
2015-04-30,27.87,28.18,27.26,27.32,4496075
2015-05-04,27.19,27.19,26.44,26.79,2765914
2015-05-05,26.86,27.83,25.97,26.19,3653459
2015-05-06,26.56,27.32,25.97,26.38,3524494
2015-05-07,26.26,26.87,26.17,26.27,2641097
2015-05-08,27.05,27.18,25.67,26.41,2920045
2015-05-11,26.66,27.0,26.25,26.97,3537322
2015-05-12,26.99,28.13,26.53,27.35,4613785
2015-05-13,27.35,27.35,26.27,26.46,3162023
2015-05-14,26.46,26.77,26.04,26.21,2294497
2015-05-15,26.13,26.13,25.12,25.25,3028979
2015-05-18,24.94,24.99,24.33,24.38,2717352
2015-05-19,24.26,26.61,24.2,26.14,4628122
2015-05-20,26.13,26.2,25.46,25.62,3465598
2015-05-21,25.6,25.87,25.26,25.53,2303641
2015-05-22,25.79,26.82,25.79,26.24,4030642
2015-05-25,26.35,27.59,26.35,27.21,4633712
2015-05-26,27.57,27.68,26.73,27.34,4541933
2015-05-27,27.35,27.57,26.9,26.94,3458825
2015-05-28,26.87,26.88,24.13,24.16,5079918
2015-05-29,24.18,24.73,23.34,23.85,3960784
2015-06-01,23.86,26.38,23.53,25.71,4417798
2015-06-02,25.57,25.68,24.83,25.28,3061103
2015-06-03,25.26,25.74,24.79,24.99,2955206
2015-06-04,25.0,25.75,23.53,25.45,3745612
2015-06-05,25.73,25.97,24.73,25.17,4081010
2015-06-08,25.2,26.7,24.99,26.55,6138303
2015-06-09,27.04,27.26,25.93,26.31,4806977
2015-06-10,25.96,26.25,25.69,25.86,2940254
2015-06-11,25.85,25.86,25.12,25.33,2796841
2015-06-12,25.44,25.69,25.01,25.26,2775221
2015-06-15,25.66,25.86,24.45,24.53,3031549
2015-06-16,24.61,25.32,24.11,24.6,2732534
2015-06-17,24.63,24.78,23.93,24.67,2344468
2015-06-18,24.4,24.5,23.39,23.44,2365961
2015-06-19,23.06,23.85,21.95,22.08,2611755
2015-06-23,22.12,23.02,21.35,22.91,2748155
2015-06-24,23.09,23.14,22.33,22.69,2756504
2015-06-25,22.83,23.51,22.13,22.35,3052368
2015-06-26,21.87,22.92,19.86,20.07,4547534
2015-06-29,20.83,20.86,17.81,18.83,5148405
2015-06-30,19.18,20.87,18.33,20.84,4729283
2015-07-01,20.57,21.16,19.22,19.52,3355313
2015-07-02,20.24,20.61,18.68,19.61,4117882
2015-07-03,19.37,20.52,17.77,19.15,3854871
2015-07-06,21.33,21.33,19.44,20.63,5760622
2015-07-07,20.05,20.89,18.74,20.07,5465865
2015-07-08,17.87,19.59,17.81,17.81,6309055
2015-07-09,17.81,19.85,15.87,19.85,6722630
2015-07-10,19.61,22.05,19.19,21.54,7239974
2015-07-13,21.0,22.27,20.49,21.27,6131866
2015-07-14,20.86,21.26,19.44,19.73,4166017
2015-07-15,19.35,20.12,18.28,18.93,3694570
2015-07-16,18.9,19.34,18.05,18.73,2380330
2015-07-17,18.79,19.87,18.4,19.51,2990548
2015-07-20,19.35,19.47,18.62,18.79,2766923
2015-07-21,18.57,19.29,18.22,18.7,2816297
2015-07-22,18.49,18.81,18.19,18.32,1927791
2015-07-23,18.33,18.99,18.31,18.78,2468205
2015-07-24,18.79,18.87,18.19,18.22,2352728
2015-07-27,17.94,18.0,16.14,16.14,3445470
2015-07-28,15.7,17.12,14.79,16.73,4830587
2015-07-29,16.57,16.7,16.05,16.54,2435144
2015-07-30,16.54,16.81,15.38,15.59,1943404
2015-07-31,15.53,15.79,15.39,15.52,1899922
2015-08-03,15.09,15.54,14.92,15.22,1627062
2015-08-04,15.26,15.76,15.14,15.72,1696277
2015-08-05,15.69,15.69,15.07,15.09,1509435
2015-08-06,14.75,15.09,14.59,14.7,1356034
2015-08-07,14.93,15.4,14.79,15.07,1676439
2015-08-10,15.21,16.84,15.07,16.84,3891088
2015-08-11,16.57,16.99,16.47,16.66,3015068
2015-08-12,16.37,17.08,16.22,16.55,2684534
2015-08-13,16.44,16.86,15.91,16.71,2147394
2015-08-14,16.81,17.49,16.6,17.19,3101030
2015-08-17,16.82,17.01,16.47,16.8,1956404
2015-08-18,16.9,17.65,15.21,15.35,3635953
2015-08-19,14.99,15.67,14.55,15.61,2439663
2015-08-20,15.34,15.49,14.81,14.86,1553351
2015-08-21,14.64,14.94,13.36,13.51,2350926
2015-08-24,12.81,12.97,11.93,11.93,3125088
2015-08-25,10.9,11.8,10.5,10.5,5015538
2015-08-26,10.5,11.14,9.93,10.18,4252035
2015-08-27,10.72,11.07,10.04,11.06,4012437
2015-08-28,11.03,11.56,10.62,11.47,5306117
2015-08-31,10.87,10.98,10.09,10.79,5699422
2015-09-01,10.38,11.0,10.03,10.89,4987599
2015-09-02,10.4,10.86,10.3,10.61,3622960
2015-09-07,10.6,11.11,10.47,10.52,2008881
2015-09-08,10.38,10.98,10.1,10.94,2150042
2015-09-09,11.02,11.41,10.89,11.32,3280617
2015-09-10,11.07,11.17,10.79,10.86,1925526
2015-09-11,10.87,11.07,10.66,10.74,1413709
2015-09-14,10.8,10.84,9.49,9.78,2622237
2015-09-15,9.64,10.02,9.36,9.44,1708859
2015-09-16,9.3,10.61,8.85,10.23,3339574
2015-09-17,9.87,10.27,9.69,9.71,2550290
2015-09-18,9.77,9.88,9.53,9.67,1500420
2015-09-21,9.42,9.87,9.23,9.81,1777944
2015-09-22,9.75,10.45,9.72,10.05,2717496
2015-09-23,9.81,9.9,9.51,9.54,1751119
2015-09-24,9.61,9.73,9.56,9.66,1060412
2015-09-25,9.6,9.72,9.21,9.25,1181164
2015-09-28,9.22,9.41,9.1,9.39,763693
2015-09-29,9.17,9.59,9.0,9.28,1281346
2015-09-30,9.27,9.85,9.24,9.49,1744839
2015-10-08,10.42,10.46,10.03,10.08,2524177
2015-10-09,10.08,10.41,10.01,10.28,2040149
2015-10-12,10.34,11.3,10.18,11.03,3421129
2015-10-13,10.81,11.01,10.78,10.95,1653993
2015-10-14,10.9,11.45,10.85,10.95,2729643
2015-10-15,10.93,11.38,10.89,11.35,2468342
2015-10-16,11.48,11.86,11.19,11.5,3266511
2015-10-19,11.51,12.19,11.39,11.71,3366573
2015-10-20,11.61,11.71,11.25,11.61,2505141
2015-10-21,11.6,11.65,10.54,10.68,3007739
2015-10-22,10.72,11.07,10.56,11.03,1924559
2015-10-23,11.16,11.44,10.91,11.34,2093496
2015-10-26,11.58,11.98,11.36,11.47,3458300
2015-10-27,11.34,11.46,10.83,11.37,1910737
2015-10-28,11.27,11.33,10.89,10.94,1547335
2015-10-29,11.07,11.14,10.89,10.98,1241384
2015-10-30,11.03,11.84,10.84,11.48,3683078
2015-11-02,11.21,11.56,11.14,11.2,2007746
2015-11-03,11.34,11.53,11.19,11.4,1669546
2015-11-04,11.47,12.77,11.39,12.77,5218763
2015-11-05,13.07,14.28,12.86,13.89,9924816
2015-11-06,13.75,15.51,13.57,15.51,8642425
2015-11-09,15.94,16.45,15.25,15.41,8451933
2015-11-10,15.12,16.63,15.11,15.67,6749084
2015-11-11,15.42,16.23,15.11,15.82,4962131
2015-11-12,15.77,15.87,15.14,15.21,3733724
2015-11-13,14.9,15.61,14.82,15.3,3844870
2015-11-16,14.83,15.08,14.57,14.99,2927258
2015-11-17,15.21,16.2,15.14,15.25,5409088
2015-11-18,15.51,16.94,15.31,15.75,7079878
2015-11-19,15.51,16.1,15.06,16.01,3345630
2015-11-20,15.94,15.94,15.32,15.54,2572673
2015-11-23,15.54,16.03,15.06,15.16,2254710
2015-11-24,14.99,15.63,14.81,15.33,1982495
2015-11-25,14.89,15.34,14.81,15.15,2051871
2015-11-26,15.34,15.6,14.94,14.98,2047845
2015-11-27,14.3,14.45,13.25,13.25,4839751
2015-11-30,13.15,13.33,12.47,13.01,2731712
2015-12-01,13.01,13.42,12.81,13.14,1603173
2015-12-02,13.11,14.34,13.03,14.05,2914175
2015-12-03,13.94,14.33,13.74,13.98,2217109
2015-12-04,13.79,13.87,13.47,13.54,1508958
2015-12-07,13.34,13.43,13.12,13.25,1327525
2015-12-08,13.17,13.43,13.01,13.02,1151591
2015-12-09,12.97,13.38,12.92,13.15,1003566
2015-12-10,13.29,13.89,13.12,13.18,1699607
2015-12-11,12.99,13.52,12.81,13.21,1398236
2015-12-14,12.97,14.67,12.91,14.6,3201005
2015-12-15,14.35,14.44,13.79,13.96,2339804
2015-12-16,14.05,14.29,13.85,13.87,1458476
2015-12-17,14.09,14.47,13.9,14.26,2271456
2015-12-18,14.21,14.36,14.01,14.08,1406048
2015-12-21,14.03,15.28,13.97,14.75,3338211
2015-12-22,14.73,15.27,14.59,15.01,2647286
2015-12-23,15.07,16.74,15.03,16.07,7066380
2015-12-24,15.93,16.32,15.27,15.62,4814929
2015-12-25,15.68,15.99,15.43,15.76,2748118
2015-12-28,15.93,15.99,14.64,14.69,4050444
2015-12-29,14.59,14.94,14.54,14.91,1843807
2015-12-30,14.82,14.94,14.47,14.81,1819513
2015-12-31,14.73,14.93,14.47,14.51,1228058
2016-01-04,14.46,14.46,12.83,12.86,1960584
2016-01-05,12.29,13.32,12.14,13.03,2333292
2016-01-06,12.94,13.47,12.64,13.27,1972783
2016-01-07,12.88,12.99,11.77,11.89,679037
2016-01-08,12.33,12.85,11.6,12.32,2979253
2016-01-11,11.86,12.01,11.17,11.32,2434620
2016-01-12,11.53,11.89,11.34,11.5,1888320
2016-01-13,11.65,11.86,11.38,11.5,2391723
2016-01-14,11.16,11.92,10.97,11.85,2060977
2016-01-15,11.67,11.77,10.98,11.21,2162249
2016-01-18,10.86,11.55,10.86,11.29,1430002
2016-01-19,11.31,11.85,11.17,11.7,2090180
2016-01-20,11.68,11.81,11.34,11.44,1630363
2016-01-21,11.38,11.69,10.74,10.81,1545046
2016-01-22,11.02,11.14,10.58,10.97,1225058
2016-01-25,11.02,11.21,10.87,11.03,909665
2016-01-26,10.81,10.94,9.7,9.8,2062435
2016-01-27,9.91,9.99,9.38,9.81,2032384
2016-01-28,9.68,10.1,9.51,9.6,1361380
2016-01-29,9.67,10.45,9.53,10.29,2117493
2016-02-01,10.16,10.29,9.87,10.06,1167889
2016-02-02,10.04,10.52,9.94,10.38,1241809
2016-02-03,10.22,10.34,10.01,10.27,855917
2016-02-04,10.38,10.62,10.28,10.41,1177843
2016-02-05,10.13,10.29,9.98,10.01,1168071
2016-02-15,9.67,9.93,9.61,9.84,773992
2016-02-16,10.0,10.68,10.0,10.58,1664294
2016-02-17,10.47,10.78,10.43,10.74,1339902
2016-02-18,10.87,11.18,10.66,10.68,1552804
2016-02-19,10.62,10.91,10.6,10.81,886334
2016-02-22,11.07,11.47,10.82,11.23,1605465
2016-02-23,11.21,11.21,10.77,10.94,1052736
2016-02-24,10.89,11.13,10.67,11.09,1038401
2016-02-25,11.07,11.07,9.86,10.0,1793212
2016-02-26,10.14,10.37,9.89,10.2,1298794
2016-02-29,10.11,10.16,9.51,10.1,2261670
2016-03-01,10.21,11.34,10.12,11.01,2711486
2016-03-02,11.06,11.81,10.97,11.7,3474340
2016-03-03,11.51,11.68,11.32,11.53,2518420
2016-03-04,11.41,11.74,11.21,11.6,3194060
2016-03-07,11.75,11.87,11.51,11.58,1749145
2016-03-08,11.58,11.75,11.07,11.74,1892086
2016-03-09,11.42,11.63,11.3,11.6,1567418
2016-03-10,11.48,11.59,11.16,11.19,892820
2016-03-11,10.99,11.74,10.97,11.55,1868192
2016-03-14,11.6,12.16,11.52,11.74,2371347
2016-03-15,11.64,11.73,11.43,11.61,1143306
2016-03-16,11.55,11.82,11.55,11.67,1925794
2016-03-17,11.75,12.35,11.67,12.14,1941077
2016-03-18,12.21,12.79,12.14,12.42,2822383
2016-03-21,12.9,13.9,12.82,13.9,6772507
2016-03-22,13.47,13.77,13.14,13.33,3734033
2016-03-23,13.25,13.75,13.09,13.64,2536332
2016-03-24,13.34,13.34,12.81,12.82,2251809
2016-03-25,12.82,13.04,12.65,12.89,1707821
2016-03-28,12.87,13.07,12.52,12.53,1351951
2016-03-29,12.54,12.77,12.38,12.58,1522831
2016-03-30,12.77,13.19,12.77,13.06,1946698
2016-03-31,13.15,13.52,12.99,13.16,1864683
2016-04-01,13.07,13.23,12.69,13.07,1262045
2016-04-05,12.97,13.58,12.91,13.27,1647726
2016-04-06,13.14,13.36,12.99,13.16,980470
2016-04-07,13.25,13.3,12.73,12.75,1303458
2016-04-08,12.53,12.6,12.29,12.41,1239750
2016-04-11,13.07,13.25,12.79,12.81,1947342
2016-04-12,12.73,12.89,12.64,12.76,836353
2016-04-13,13.03,13.58,13.03,13.21,2557468
2016-04-14,13.28,13.41,13.14,13.34,1282329
2016-04-15,13.27,13.34,13.03,13.25,1013829
2016-04-18,13.03,13.1,12.73,12.78,1220180
2016-04-19,12.91,12.98,12.67,12.85,830277
2016-04-20,12.81,12.88,11.86,12.66,2034110
2016-04-21,12.4,12.67,12.34,12.37,883638
2016-04-22,12.29,12.52,12.23,12.5,663816
2016-04-25,12.51,12.52,12.17,12.26,633219
2016-04-26,12.23,12.45,12.1,12.35,913681
2016-04-27,12.25,12.36,12.07,12.13,692887
2016-04-28,12.16,12.26,11.86,12.04,927930
2016-04-29,11.97,12.12,11.94,11.98,651028
2016-05-03,11.91,12.45,11.9,12.31,1208201
2016-05-04,12.22,12.34,12.14,12.21,706520
2016-05-05,12.18,12.26,12.09,12.23,614296
2016-05-06,12.22,12.27,11.67,11.68,1321707
2016-05-09,11.6,11.6,11.15,11.29,971443
2016-05-10,11.22,11.38,11.15,11.25,607391
2016-05-11,11.3,11.35,11.17,11.22,606058
2016-05-12,11.12,11.31,10.87,11.25,638506
2016-05-13,11.21,11.34,11.02,11.08,477475
2016-05-16,11.0,11.25,10.92,11.22,460202
2016-05-17,11.23,11.38,11.04,11.22,593109
2016-05-18,11.1,11.29,10.95,11.24,836031
2016-05-19,11.16,11.32,11.13,11.19,502141
2016-05-20,11.1,11.35,11.03,11.33,634520
2016-05-23,11.33,11.54,11.25,11.36,793433
2016-05-24,11.33,11.34,11.17,11.18,369453
2016-05-25,11.29,11.44,11.2,11.21,466524
2016-05-26,11.2,11.3,11.02,11.22,502160
2016-05-27,11.22,11.29,11.09,11.18,375257
2016-05-30,11.12,11.34,10.99,11.31,575433
2016-05-31,11.32,12.32,11.32,12.28,2194126
2016-06-01,12.28,12.41,12.08,12.09,1166959
2016-06-02,12.09,12.21,11.96,12.12,771421
2016-06-03,12.15,12.36,12.01,12.14,1154138
2016-06-06,12.16,12.21,11.96,12.0,551762
2016-06-07,12.04,12.15,11.97,12.02,594368
2016-06-08,12.01,12.06,11.87,11.94,548049
2016-06-13,11.77,11.81,11.21,11.26,931679
2016-06-14,11.23,11.41,11.14,11.34,542214
2016-06-15,11.07,11.72,11.05,11.53,832330
2016-06-16,11.42,11.47,11.21,11.28,626377
2016-06-17,11.31,11.6,11.27,11.31,706809
2016-06-20,11.34,11.38,11.16,11.3,467089
2016-06-21,11.38,12.03,11.38,11.46,1174039
2016-06-22,11.38,11.7,11.34,11.65,673901
2016-06-23,11.67,11.67,11.36,11.56,574272
2016-06-24,11.52,11.73,11.08,11.33,900769
2016-06-27,11.3,11.56,11.26,11.54,658669
2016-06-28,11.42,11.9,11.41,11.76,1048526
2016-06-29,11.82,11.92,11.68,11.74,990906
2016-06-30,11.83,11.94,11.74,11.8,969784
2016-07-01,11.86,11.91,11.69,11.71,682754
2016-07-04,11.62,12.36,11.61,12.12,1460344
2016-07-05,12.07,12.23,12.03,12.1,817223
2016-07-06,12.07,12.16,11.89,12.07,707461
2016-07-07,12.08,12.22,11.93,12.12,887794
2016-07-08,12.1,12.27,12.07,12.11,812041
2016-07-11,12.14,12.34,12.06,12.07,1248223
2016-07-12,12.07,12.42,12.02,12.41,1971565
2016-07-13,12.49,12.73,12.31,12.41,1870287
2016-07-14,12.38,12.5,12.34,12.43,717485
2016-07-15,12.48,12.51,12.22,12.31,724156
2016-07-18,12.21,12.21,12.0,12.05,784746
2016-07-19,12.07,12.15,11.95,12.12,539127
2016-07-20,12.12,12.18,12.07,12.08,356852
2016-07-21,12.09,12.35,12.08,12.21,718825
2016-07-22,12.21,12.26,12.11,12.14,553757
2016-07-25,12.13,12.22,12.02,12.09,551612
2016-07-26,12.07,12.34,12.06,12.31,641537
2016-07-27,12.31,12.34,11.69,12.16,1492432
2016-07-28,12.02,12.03,11.75,11.87,785886
2016-07-29,11.88,11.94,11.76,11.79,416730
2016-08-01,11.82,11.84,11.6,11.73,439427
2016-08-02,11.73,11.8,11.68,11.78,253759
2016-08-03,11.73,11.79,11.69,11.73,301732
2016-08-04,11.73,11.81,11.62,11.78,387292
2016-08-05,11.76,11.94,11.7,11.81,421529
2016-08-08,11.81,11.9,11.68,11.89,377944
2016-08-09,11.88,12.0,11.85,11.97,408338
2016-08-10,11.94,12.01,11.87,11.89,461476
2016-08-11,11.89,12.27,11.87,12.06,1150794
2016-08-12,12.07,12.61,12.04,12.6,2191407
2016-08-15,12.63,13.96,12.54,13.34,4202281
2016-08-16,13.25,13.41,12.96,13.05,2508890
2016-08-17,13.07,13.28,12.86,13.0,1487526
2016-08-18,12.94,13.11,12.73,12.87,1334417
2016-08-19,12.9,12.93,12.69,12.85,886629
2016-08-22,12.81,12.94,12.67,12.7,756986
2016-08-23,12.71,12.86,12.64,12.74,675726
2016-08-24,12.74,12.79,12.62,12.65,559313
2016-08-25,12.65,12.76,12.54,12.73,781530
2016-08-26,12.69,12.78,12.64,12.67,574742
2016-08-29,12.68,12.69,12.57,12.65,466832
2016-08-30,12.67,12.82,12.63,12.75,794531
2016-08-31,12.73,12.89,12.67,12.81,612779
2016-09-01,12.78,12.81,12.6,12.61,633315
2016-09-02,12.61,12.85,12.56,12.73,757490
2016-09-05,12.76,12.88,12.69,12.74,569094
2016-09-06,12.71,12.8,12.54,12.76,699614
2016-09-07,12.74,12.8,12.68,12.73,564631
2016-09-08,12.7,12.7,12.62,12.67,375093
2016-09-09,12.66,12.78,12.64,12.66,677130
2016-09-12,12.37,12.46,12.18,12.43,1366764
2016-09-13,12.38,12.41,12.2,12.32,588219
2016-09-14,12.25,12.29,12.13,12.2,635913
2016-09-19,12.21,12.27,12.18,12.23,441390
2016-09-20,12.23,12.24,12.12,12.21,401156
2016-09-21,12.22,12.29,12.15,12.22,588145
2016-09-22,12.34,12.4,12.27,12.28,588695
2016-09-23,12.3,12.33,12.15,12.16,386440
2016-09-26,12.15,12.15,11.94,11.96,578113
2016-09-27,11.94,12.16,11.91,12.14,465564
2016-09-28,12.14,12.14,12.05,12.08,290222
2016-09-29,12.14,12.33,12.11,12.16,674923
2016-09-30,12.13,12.18,12.1,12.14,568222
2016-10-10,12.28,12.42,12.21,12.39,717307
2016-10-11,12.39,12.54,12.34,12.48,781540
2016-10-12,12.45,12.47,12.36,12.41,337591
2016-10-13,12.39,12.45,12.34,12.37,386023
2016-10-14,12.38,12.45,12.3,12.43,430726
2016-10-17,12.43,12.45,12.21,12.22,466754
2016-10-18,12.24,12.61,12.21,12.58,929798
2016-10-19,12.55,12.63,12.44,12.48,496696
2016-10-20,12.5,12.54,12.43,12.46,340828
2016-10-21,12.44,12.78,12.43,12.58,836976
2016-10-24,12.59,13.14,12.55,12.87,1972407
2016-10-25,12.82,12.89,12.69,12.78,785863
2016-10-26,12.75,12.9,12.69,12.74,668886
2016-10-27,12.74,12.77,12.61,12.69,485255
2016-10-28,12.79,13.12,12.71,12.74,1423800
2016-10-31,12.64,12.67,12.44,12.56,624326
2016-11-01,12.58,12.81,12.54,12.74,671897
2016-11-02,12.68,12.81,12.57,12.58,744140
2016-11-03,12.56,13.07,12.53,12.78,2126004
2016-11-04,12.74,13.0,12.7,12.76,1057833
2016-11-07,12.78,12.94,12.76,12.84,824711
2016-11-08,13.02,13.06,12.8,12.85,926533
2016-11-09,12.86,12.87,12.47,12.61,1342072
2016-11-10,12.78,13.07,12.76,12.91,1724192
2016-11-11,12.97,13.49,12.85,13.38,3304597
2016-11-14,13.25,13.75,13.22,13.47,3108646
2016-11-15,13.46,13.54,13.24,13.29,1459241
2016-11-16,13.39,13.41,13.21,13.3,1250383
2016-11-17,13.27,13.32,13.12,13.29,984941
2016-11-18,13.25,13.27,13.06,13.08,923932
2016-11-21,13.05,13.43,13.01,13.24,1448556
2016-11-22,13.27,13.47,13.23,13.46,1678083
2016-11-23,13.47,13.61,13.29,13.32,1600555
2016-11-24,13.32,13.61,13.27,13.42,1450541
2016-11-25,13.46,13.51,13.18,13.48,1322646
2016-11-28,13.56,13.64,13.37,13.43,1516201
2016-11-29,13.36,13.94,13.25,13.74,2758589
2016-11-30,13.67,14.02,13.47,13.55,2568355
2016-12-01,13.5,13.71,13.42,13.62,1714148
2016-12-02,13.61,13.63,13.18,13.21,2223701
2016-12-05,12.99,13.07,12.64,12.77,2210773
2016-12-06,12.77,12.87,12.67,12.71,1019635
2016-12-07,12.74,12.82,12.67,12.81,724255
2016-12-08,12.82,12.84,12.63,12.64,746223
2016-12-09,12.62,12.81,12.61,12.71,896012
2016-12-12,12.67,12.73,12.29,12.42,1686492
2016-12-13,12.34,12.46,12.29,12.38,710061
2016-12-14,12.38,12.41,12.22,12.24,620959
2016-12-15,12.21,12.35,12.03,12.14,993859
2016-12-16,12.12,12.17,12.05,12.12,695775
2016-12-19,12.03,12.15,12.01,12.11,561104
2016-12-20,12.11,12.13,11.94,12.07,618335
2016-12-21,12.08,12.23,12.08,12.18,711908
2016-12-22,12.17,12.19,12.08,12.17,461831
2016-12-23,12.16,12.16,11.97,12.02,514374
2016-12-26,11.95,12.14,11.84,12.11,565053
2016-12-27,12.08,12.17,12.04,12.05,284096
2016-12-28,12.03,12.1,11.98,12.05,347627
2016-12-29,12.02,12.07,11.95,11.96,364415
2016-12-30,11.96,12.11,11.96,12.08,451734
2017-01-03,12.1,12.23,12.07,12.2,623069
2017-01-04,12.19,12.27,12.14,12.22,516718
2017-01-05,12.24,12.26,12.14,12.16,478623
2017-01-06,12.18,12.18,12.02,12.04,516640
2017-01-09,12.04,12.14,12.01,12.09,398407
2017-01-10,12.06,12.21,12.05,12.13,454019
2017-01-11,12.15,12.24,12.12,12.12,398776
2017-01-12,12.13,12.27,12.11,12.16,559595
2017-01-13,12.15,12.34,12.05,12.21,825208
2017-01-16,12.19,12.41,12.05,12.34,1720907
2017-01-17,12.26,12.31,12.14,12.26,455598
2017-01-18,12.21,12.41,12.19,12.27,480467
2017-01-19,12.23,12.37,12.23,12.27,398388
2017-01-20,12.27,12.41,12.25,12.39,631597
2017-01-23,12.38,12.54,12.38,12.41,474987
2017-01-24,12.43,12.43,12.34,12.36,402380
2017-01-25,12.36,12.37,12.31,12.37,322192
2017-01-26,12.41,12.52,12.41,12.45,468234
2017-02-03,12.51,12.51,12.34,12.35,272823
2017-02-06,12.39,12.41,12.26,12.33,447958
2017-02-07,12.32,12.34,12.24,12.29,317909
2017-02-08,12.28,12.55,12.2,12.48,800078
2017-02-09,12.44,12.61,12.42,12.47,647667
2017-02-10,12.47,12.69,12.47,12.61,802784
2017-02-13,12.63,12.75,12.6,12.63,749568
2017-02-14,12.68,12.74,12.53,12.59,605299
2017-02-15,12.58,12.7,12.49,12.52,601404
2017-02-16,12.52,12.67,12.47,12.66,668389
2017-02-17,12.7,12.97,12.57,12.61,1210731
2017-02-20,12.61,12.83,12.54,12.8,942619
2017-02-21,12.8,12.99,12.75,12.82,895354
2017-02-22,12.8,12.84,12.65,12.73,617253
2017-02-23,12.73,12.74,12.57,12.61,540824
2017-02-24,12.61,12.67,12.54,12.65,514810
2017-02-27,12.6,12.66,12.47,12.5,604971
2017-02-28,12.48,12.55,12.46,12.51,333247
2017-03-01,12.51,12.61,12.48,12.5,403243
2017-03-02,12.56,12.7,12.42,12.43,636448
2017-03-03,12.41,12.42,12.28,12.35,566909
2017-03-06,12.33,12.41,12.3,12.41,384293
2017-03-07,12.39,12.44,12.34,12.42,420308
2017-03-08,12.41,12.41,12.32,12.35,332806
2017-03-09,12.34,12.36,12.22,12.32,489456
2017-03-10,12.3,12.34,12.23,12.24,249078
2017-03-13,12.24,12.34,12.14,12.33,472686
2017-03-14,12.33,12.39,12.3,12.35,344606
2017-03-15,12.34,12.35,12.26,12.29,371118
2017-03-16,12.34,12.55,12.34,12.54,961283
2017-03-17,12.54,12.59,12.29,12.3,626314
2017-03-20,12.34,12.34,12.22,12.29,470662
2017-03-21,12.29,12.33,12.19,12.22,506972
2017-03-22,12.16,12.21,12.06,12.09,586828
2017-03-23,12.09,12.21,12.07,12.16,455390
2017-03-24,12.14,12.35,12.08,12.28,745466
2017-03-27,12.26,12.37,12.23,12.26,422867
2017-03-28,12.29,12.32,12.18,12.2,309034
2017-03-29,12.23,12.25,12.14,12.15,365541
2017-03-30,12.14,12.2,12.02,12.09,705226
2017-03-31,12.09,12.15,12.03,12.13,386504
2017-04-05,12.14,12.32,12.14,12.28,578095
2017-04-06,12.28,12.31,12.22,12.24,450857
2017-04-07,12.25,12.31,12.18,12.27,486258
2017-04-10,12.27,12.36,12.22,12.24,463884
2017-04-11,12.26,12.28,12.08,12.27,559002
2017-04-12,12.29,12.46,12.24,12.35,947872
2017-04-13,12.29,12.34,12.24,12.28,377208
2017-04-14,12.27,12.3,12.11,12.19,592560
2017-04-17,12.13,12.23,12.05,12.19,407870
2017-04-18,12.14,12.21,12.05,12.06,343239
2017-04-19,12.04,12.08,11.91,12.07,599296
2017-04-20,12.08,12.13,11.99,12.12,384388
2017-04-21,12.1,12.26,12.07,12.25,466518
2017-04-24,12.21,12.33,12.07,12.29,835362
2017-04-25,12.21,12.25,12.13,12.14,367911
2017-04-26,12.14,12.33,12.07,12.21,531655
2017-04-27,12.2,12.25,12.12,12.23,427925
2017-04-28,12.23,12.28,12.16,12.23,378799
2017-05-02,12.25,12.26,12.11,12.13,322068
2017-05-03,12.14,12.19,12.02,12.07,355879
2017-05-04,12.04,12.17,12.04,12.08,347974
2017-05-05,12.08,12.11,11.63,11.84,1389849
2017-05-08,11.7,11.87,11.58,11.74,596890
2017-05-09,11.74,11.78,11.67,11.68,270016
2017-05-10,11.69,11.73,11.57,11.58,312898
2017-05-11,11.55,11.69,11.38,11.61,571574
2017-05-12,11.6,11.81,11.58,11.73,473263
2017-05-15,11.74,12.01,11.74,11.87,645520
2017-05-16,11.88,11.93,11.77,11.89,353469
2017-05-17,11.89,12.07,11.87,11.89,459714
2017-05-18,11.84,11.91,11.75,11.75,405490
2017-05-19,11.74,11.84,11.74,11.78,251833
2017-05-22,11.78,11.8,11.59,11.64,344288
2017-05-23,11.61,11.89,11.58,11.8,565194
2017-05-24,11.76,11.87,11.71,11.85,364325
2017-05-25,11.73,12.42,11.73,12.39,1659360
2017-05-26,12.29,12.62,12.28,12.37,1209196
2017-05-31,12.48,12.69,12.27,12.41,799279
2017-06-01,12.4,12.53,12.34,12.35,583407
2017-06-02,12.36,12.51,12.32,12.36,547821
2017-06-05,12.34,12.4,12.17,12.21,477573
2017-06-06,12.22,12.31,12.14,12.25,339213
2017-06-07,12.26,12.45,12.23,12.35,795322
2017-06-08,12.38,12.45,12.31,12.41,564540
2017-06-09,12.44,12.68,12.41,12.53,1160575
2017-06-12,12.47,12.67,12.29,12.41,874594
2017-06-13,12.38,12.47,12.3,12.4,419213
2017-06-14,12.42,12.42,12.28,12.34,419495
2017-06-15,12.35,12.5,12.31,12.43,480970
2017-06-16,12.42,12.52,12.28,12.3,387158
2017-06-19,12.26,12.66,12.25,12.65,1092750
2017-06-20,12.64,12.7,12.54,12.62,630270
2017-06-21,12.81,13.04,12.62,12.7,1135682
2017-06-22,12.65,13.06,12.61,12.81,1673132
2017-06-23,12.79,12.86,12.65,12.85,926704
2017-06-26,12.85,13.26,12.81,13.13,2113195
2017-06-27,13.12,13.14,12.95,13.0,924024
2017-06-28,12.97,13.14,12.91,12.98,871050
2017-06-29,12.97,13.07,12.88,12.98,668341
2017-06-30,12.92,13.0,12.74,12.92,751092
2017-07-03,12.9,12.94,12.71,12.82,680857
2017-07-04,12.81,12.81,12.62,12.67,727896
2017-07-05,12.68,12.81,12.64,12.79,595098
2017-07-06,12.81,12.84,12.6,12.67,863949
2017-07-07,12.62,12.94,12.55,12.86,894635
2017-07-10,12.84,13.1,12.82,12.91,1101506
2017-07-11,12.92,13.27,12.92,13.04,1773393
2017-07-12,13.08,13.25,13.0,13.1,1271456
2017-07-13,13.14,13.36,13.05,13.33,1617188
2017-07-14,13.31,13.35,13.16,13.23,938321
2017-07-17,13.18,13.29,12.87,12.9,1526177
2017-07-18,12.86,12.91,12.59,12.74,1051045
2017-07-19,12.72,13.6,12.67,13.58,2725822
2017-07-20,13.51,13.62,13.3,13.43,1571243
2017-07-21,13.35,13.5,13.28,13.35,934402
2017-07-24,13.33,13.5,13.3,13.34,967757
2017-07-25,13.38,13.43,13.2,13.27,844130
2017-07-26,13.29,13.4,13.21,13.34,958558
2017-07-27,13.33,13.39,13.08,13.27,1139058
2017-07-28,13.24,13.25,13.12,13.14,534610
2017-07-31,13.14,13.32,13.08,13.21,859923
2017-08-01,13.23,13.47,13.21,13.39,1237581
2017-08-02,13.41,13.64,13.32,13.47,1766617
2017-08-03,13.42,13.57,13.31,13.34,1034979
2017-08-04,13.32,13.65,13.23,13.39,1431013
2017-08-07,13.3,13.34,13.14,13.17,976430
2017-08-08,13.18,13.35,13.01,13.2,1046491
2017-08-09,13.16,13.16,12.96,13.01,833735
2017-08-10,12.99,13.12,12.87,13.09,1024983
2017-08-11,12.99,13.01,12.77,12.79,899628
2017-08-14,12.83,12.99,12.69,12.94,721370
2017-08-15,12.94,13.03,12.86,12.92,489602
2017-08-16,12.9,13.02,12.81,12.97,460207
2017-08-17,12.97,13.06,12.93,13.04,644644
2017-08-18,13.07,13.07,12.93,12.94,484759
2017-08-21,12.94,13.05,12.88,13.04,586059
2017-08-22,13.02,13.09,12.94,13.01,474771
2017-08-23,13.0,13.27,12.97,13.13,655328
2017-08-24,13.11,13.14,12.89,12.9,530892
2017-08-25,12.89,13.34,12.86,13.33,1564744
2017-08-28,13.47,14.51,13.44,14.25,3988507
2017-08-29,14.23,14.33,13.98,14.07,1807043
2017-08-30,14.06,14.53,14.06,14.09,1864625
2017-08-31,14.07,14.38,14.06,14.27,1219641
2017-09-01,14.3,14.51,14.21,14.34,1381675
2017-09-04,14.31,14.38,14.16,14.23,956414
2017-09-05,14.25,14.38,14.2,14.24,820432
2017-09-06,14.15,14.23,13.98,14.17,1048119
2017-09-07,14.17,14.32,14.01,14.03,842596
2017-09-08,14.1,14.1,13.83,13.87,796526
2017-09-11,13.81,14.05,13.78,13.88,754616
2017-09-12,13.94,14.27,13.91,14.0,1268277
2017-09-13,14.01,14.07,13.91,13.98,542186
2017-09-14,13.99,14.25,13.97,14.05,837308
2017-09-15,14.01,14.2,13.88,14.1,786892
2017-09-18,14.14,14.46,14.14,14.41,1515102
2017-09-19,14.49,14.49,14.14,14.21,997249
2017-09-20,14.21,14.3,14.14,14.18,707197
2017-09-21,14.18,14.38,14.15,14.17,814199
2017-09-22,14.14,14.27,13.91,14.2,1012085
2017-09-25,14.16,14.22,14.0,14.14,860455
2017-09-26,14.08,14.17,14.04,14.07,505264
2017-09-27,14.07,14.2,13.98,14.1,550603
2017-09-28,14.08,14.14,14.03,14.1,369125
2017-09-29,14.11,14.38,14.1,14.24,848759
2017-10-09,14.63,14.74,14.14,14.17,1394761
2017-10-10,14.18,14.29,14.06,14.27,694254
2017-10-11,14.27,14.27,14.08,14.12,645380
2017-10-12,14.11,14.16,14.01,14.07,485658
2017-10-13,14.08,14.16,14.01,14.07,483467
2017-10-16,14.07,14.27,14.03,14.05,811835
2017-10-17,14.03,14.11,13.97,13.99,428073
2017-10-18,14.01,14.14,13.88,14.12,911895
2017-10-19,14.07,14.08,13.86,13.89,649518
2017-10-20,13.86,13.99,13.8,13.88,397541
2017-10-23,13.89,13.9,13.68,13.71,498039
2017-10-24,13.71,13.94,13.67,13.89,579727
2017-10-25,13.9,14.0,13.84,13.94,447019
2017-10-26,13.93,14.12,13.81,14.01,735646
2017-10-27,14.01,14.02,13.88,13.95,486055
2017-10-30,13.9,13.93,13.36,13.61,1058999
2017-10-31,13.55,13.62,13.42,13.48,519187
2017-11-01,13.52,13.67,13.35,13.4,591241
2017-11-02,13.41,13.47,13.18,13.41,956760
2017-11-03,13.38,13.46,13.15,13.44,751625
2017-11-06,13.3,13.37,13.2,13.32,444169
2017-11-07,13.39,13.71,13.34,13.66,1069099
2017-11-08,13.66,14.53,13.62,14.17,2538142
2017-11-09,14.09,14.36,14.07,14.32,1346969
2017-11-10,14.35,14.49,14.14,14.41,1682759
2017-11-13,14.4,14.61,14.23,14.28,1188864
2017-11-14,14.31,14.35,14.06,14.2,1101520
2017-11-15,14.18,14.31,14.03,14.14,1082979
2017-11-16,14.11,14.23,13.87,13.92,851784
2017-11-17,13.96,14.36,13.92,14.34,2303845
2017-11-20,14.21,14.27,13.55,13.84,1729905
2017-11-21,13.86,15.37,13.79,15.14,4284279
2017-11-22,15.15,15.77,15.07,15.54,3804766
2017-11-23,15.43,15.73,14.87,15.07,2722357
2017-11-24,15.13,15.26,14.7,14.95,2174595
2017-11-27,14.85,15.12,14.72,14.96,1789939
2017-11-28,14.78,14.88,14.51,14.82,1528954
2017-11-29,14.83,15.11,14.54,15.09,1602590
2017-11-30,14.94,15.73,14.88,15.11,2636584
2017-12-01,15.05,15.42,14.87,14.89,1582708
2017-12-04,14.77,15.0,14.66,14.89,1251035
2017-12-05,14.85,15.34,14.82,15.18,2303493
2017-12-06,15.11,15.23,14.9,15.17,1397686
2017-12-07,15.05,15.13,14.59,14.61,1285133
2017-12-08,14.55,14.73,14.42,14.52,967020
2017-12-11,14.47,14.75,14.45,14.74,987734
2017-12-12,14.66,14.74,14.29,14.33,842754
2017-12-13,14.34,14.51,14.27,14.44,712209
2017-12-14,14.43,14.47,14.13,14.2,764693
2017-12-15,14.22,14.27,14.01,14.03,777366
2017-12-18,14.03,14.27,14.01,14.1,585314
2017-12-19,14.1,14.33,14.06,14.31,799287
2017-12-20,14.3,14.3,13.95,13.96,873157
2017-12-21,13.94,14.36,13.88,14.24,1136958
2017-12-22,14.21,14.36,14.19,14.24,528477
2017-12-25,14.27,14.38,14.07,14.13,662013
2017-12-26,14.08,14.45,14.03,14.43,993358
2017-12-27,14.38,14.42,14.12,14.16,785465
2017-12-28,14.13,14.47,14.06,14.18,1021014
2017-12-29,14.18,14.3,14.07,14.16,643522
2018-01-02,14.19,14.53,14.19,14.46,1393285
2018-01-03,14.39,14.81,14.38,14.61,1519669
2018-01-04,14.63,14.81,14.48,14.66,1147915
2018-01-05,14.67,15.02,14.59,14.84,1728849
2018-01-08,14.94,15.64,14.87,15.41,2489706
2018-01-09,15.42,15.7,15.19,15.33,1439194
2018-01-10,15.35,15.59,15.14,15.47,1502585
2018-01-11,15.34,15.42,15.05,15.19,1133795
2018-01-12,15.16,15.45,15.05,15.23,1046038
2018-01-15,15.16,15.54,14.93,15.34,2241354
2018-01-16,15.17,16.14,15.11,16.03,2330733
2018-01-17,16.25,17.46,16.25,16.63,4978877
2018-01-18,16.81,17.24,16.6,17.04,2956692
2018-01-19,17.0,17.42,16.61,16.94,3630177
2018-01-22,16.77,17.07,16.63,16.86,1809997
2018-01-23,17.01,17.43,16.6,16.87,3356645
2018-01-24,17.03,18.38,16.81,18.35,5070886
2018-01-25,17.99,18.29,17.76,17.84,3173317
2018-01-26,17.84,18.2,17.74,17.85,2519975
2018-01-29,17.96,18.19,17.56,17.65,2644808
2018-01-30,17.47,17.85,17.14,17.23,2451540
2018-01-31,17.07,17.29,16.63,16.94,2472534
2018-02-01,17.03,17.17,16.69,17.12,2786751
2018-02-02,16.84,17.23,16.52,17.14,2010010
2018-02-05,16.69,17.43,16.65,17.37,2208920
2018-02-06,16.89,17.22,16.14,16.29,3364728
2018-02-07,16.66,16.7,15.39,15.42,2679637
2018-02-08,15.36,15.6,15.0,15.15,1847441
2018-02-09,14.58,14.72,13.48,13.51,3478271
2018-02-12,13.57,13.68,13.31,13.49,1619696
2018-02-13,13.65,14.11,13.61,13.74,2035419
2018-02-14,13.73,13.79,13.49,13.75,1036877
2018-02-22,14.07,14.18,13.86,14.08,1560165
2018-02-23,14.16,14.47,14.01,14.24,1585053
2018-02-26,14.42,14.84,14.08,14.64,2119920
2018-02-27,14.6,14.61,14.2,14.29,1550422
2018-02-28,14.12,14.39,13.89,14.17,1585728
2018-03-01,13.98,14.29,13.9,14.19,1115791
2018-03-02,13.99,14.19,13.91,13.93,899891
2018-03-05,13.93,14.14,13.91,13.96,694798
2018-03-06,14.1,14.48,13.97,14.44,1772032
2018-03-07,14.34,14.65,14.25,14.31,1275174
2018-03-08,14.34,14.43,14.21,14.41,797844
2018-03-09,14.47,14.9,14.37,14.82,1673600
2018-03-12,14.99,15.32,14.86,15.21,1913709
2018-03-13,15.12,15.14,14.85,14.9,1096966
2018-03-14,14.76,14.95,14.63,14.68,885780
2018-03-15,14.6,14.85,14.56,14.77,777289
2018-03-16,14.74,14.89,14.34,14.37,1039979
2018-03-19,14.41,14.69,14.25,14.54,939978
2018-03-20,14.36,14.74,14.28,14.67,916880
2018-03-21,14.68,15.05,14.47,14.51,1503519
2018-03-22,14.68,15.06,14.57,14.74,1509103
2018-03-23,14.14,14.43,13.63,13.81,2104342
2018-03-26,13.6,14.13,13.6,14.09,1105872
2018-03-27,14.34,14.45,14.17,14.35,1185304
2018-03-28,14.16,14.34,13.92,13.95,1027640
2018-03-29,14.09,14.4,13.91,14.34,1444535
2018-03-30,14.42,14.65,14.34,14.58,1302674
2018-04-02,14.74,15.25,14.61,14.88,1967082
2018-04-03,14.66,15.18,14.62,15.13,1777342
2018-04-04,15.16,15.27,14.94,14.95,1498179
2018-04-09,14.94,15.25,14.86,15.24,1364115
2018-04-10,15.28,15.66,15.18,15.59,1885856
2018-04-11,15.28,15.5,15.25,15.34,1493055
2018-04-12,15.34,15.49,14.99,15.04,1181394
2018-04-13,15.16,15.24,14.86,14.87,930451
2018-04-16,14.77,14.91,14.39,14.41,1232827
2018-04-17,14.42,14.81,14.41,14.43,1145176
2018-04-18,14.68,14.85,14.47,14.76,1196789
2018-04-19,14.73,15.08,14.69,14.95,1059825
2018-04-20,14.89,14.89,14.29,14.32,1047306
2018-04-23,14.3,14.61,14.3,14.54,756211
2018-04-24,14.56,15.17,14.56,15.15,1535187
2018-04-25,15.04,15.12,14.91,15.07,823931
2018-04-26,15.13,15.17,14.67,14.72,896618
2018-04-27,14.89,15.08,14.73,14.94,904610
2018-05-02,15.27,15.35,15.0,15.07,935466
2018-05-03,15.0,15.52,14.98,15.46,1529332
2018-05-04,15.35,15.51,15.22,15.27,914994
2018-05-07,15.41,15.57,15.34,15.49,1018067
2018-05-08,15.6,15.81,15.47,15.76,1303963
2018-05-09,15.72,15.75,15.52,15.6,817700
2018-05-10,15.64,15.73,15.42,15.67,919648
2018-05-11,15.67,15.67,15.35,15.37,816377
2018-05-14,15.39,15.77,15.39,15.7,1152168
2018-05-15,15.72,15.75,15.45,15.66,784603
2018-05-16,15.55,15.66,15.38,15.4,725966
2018-05-17,15.41,15.47,15.14,15.16,675203
2018-05-18,15.18,15.61,15.16,15.58,957075
2018-05-21,15.77,15.85,15.61,15.65,1142835
2018-05-22,15.64,15.64,15.37,15.55,772916
2018-05-23,15.46,15.65,15.31,15.39,750812
2018-05-24,15.34,15.43,15.19,15.27,630305
2018-05-25,15.26,15.37,14.99,15.0,665682
2018-05-28,15.03,15.24,14.96,15.16,632413
2018-05-29,15.1,15.18,14.74,14.83,821832
2018-05-30,14.52,14.67,14.1,14.18,1044487
2018-05-31,14.34,14.65,14.27,14.63,872127
2018-06-01,14.51,14.84,14.39,14.57,779368
2018-06-04,14.64,14.81,14.52,14.67,539592
2018-06-05,14.68,14.78,14.49,14.74,560937
2018-06-06,14.68,14.8,14.52,14.68,524775
2018-06-07,14.83,15.2,14.78,14.94,1255738
2018-06-08,14.94,15.0,14.41,14.59,873116
2018-06-11,14.5,14.81,14.45,14.68,537648
2018-06-12,14.68,14.82,14.49,14.79,527010
2018-06-13,14.71,14.76,14.52,14.55,456100
2018-06-14,14.49,14.77,14.47,14.66,479131
2018-06-15,14.59,14.72,14.42,14.45,660438
2018-06-19,14.23,14.33,13.1,13.42,1604514
2018-06-20,13.29,13.51,13.04,13.27,949965
2018-06-21,13.21,13.33,12.42,12.58,1214617
2018-06-22,12.6,12.83,12.46,12.81,649668
2018-06-25,12.89,12.9,12.47,12.47,640913
2018-06-26,12.32,12.71,12.25,12.65,689422
2018-06-27,12.56,12.66,12.25,12.37,611453
2018-06-28,12.3,12.87,12.3,12.47,867622
2018-06-29,12.49,12.88,12.47,12.83,764343
2018-07-02,12.77,12.8,12.24,12.37,882923
2018-07-03,12.45,12.68,12.27,12.61,759098
2018-07-04,12.54,12.61,12.36,12.41,509036
2018-07-05,12.43,12.67,12.34,12.35,543174
2018-07-06,12.41,12.67,12.06,12.48,1018940
2018-07-09,12.54,12.8,12.54,12.78,737706
2018-07-10,12.8,12.9,12.67,12.79,546063
2018-07-11,12.38,12.49,12.26,12.41,672538
2018-07-12,12.42,13.01,12.41,12.84,931594
2018-07-13,12.94,12.99,12.78,12.86,502171
2018-07-16,12.93,12.97,12.7,12.79,471784
2018-07-17,12.8,12.82,12.51,12.62,580868
2018-07-18,12.7,12.78,12.47,12.5,598069
2018-07-19,12.53,12.72,12.47,12.55,581910
2018-07-20,12.57,13.19,12.48,13.06,1483474
2018-07-23,12.96,13.36,12.89,13.33,1234323
2018-07-24,13.4,13.81,13.34,13.48,1505444
2018-07-25,13.5,13.54,13.35,13.44,595181
2018-07-26,13.47,13.49,13.05,13.14,890149
2018-07-27,13.07,13.24,13.02,13.07,567719
2018-07-30,13.1,13.32,13.01,13.18,573972
2018-07-31,13.1,13.17,13.0,13.08,536333
2018-08-01,13.16,13.29,12.8,12.82,736069
2018-08-02,12.75,12.82,12.28,12.44,805586
2018-08-03,12.44,12.54,12.34,12.35,470725
2018-08-06,12.4,12.55,12.16,12.26,653254
2018-08-07,12.29,12.68,12.26,12.67,768527
2018-08-08,12.61,12.63,12.32,12.36,574060
2018-08-09,12.32,12.74,12.3,12.67,746080
2018-08-10,12.64,12.74,12.52,12.66,429301
2018-08-13,12.49,12.61,12.33,12.52,617407
2018-08-14,12.49,12.54,12.39,12.5,332969
2018-08-15,12.49,12.52,12.21,12.22,587403
2018-08-16,12.07,12.5,11.98,12.29,711336
2018-08-17,12.41,12.46,12.09,12.12,531964
2018-08-20,12.17,12.41,12.17,12.4,500832
2018-08-21,12.4,12.6,12.34,12.47,630982
2018-08-22,12.47,12.52,12.4,12.48,325251
2018-08-23,12.51,12.64,12.37,12.58,643886
2018-08-24,12.58,12.9,12.47,12.68,661037
2018-08-27,12.75,12.99,12.68,12.97,873600
2018-08-28,12.96,13.03,12.81,12.87,505719
2018-08-29,12.85,12.9,12.7,12.74,484894
2018-08-30,12.74,12.81,12.63,12.63,345356
2018-08-31,12.64,12.77,12.6,12.67,448781
2018-09-03,12.64,12.78,12.61,12.76,387549
2018-09-04,12.74,12.98,12.65,12.92,619720
2018-09-05,12.84,12.88,12.61,12.61,519919
2018-09-06,12.61,12.71,12.54,12.56,345835
2018-09-07,12.57,12.82,12.54,12.59,458488
2018-09-10,12.51,12.58,12.14,12.18,621210
2018-09-11,12.19,12.34,12.14,12.27,351567
2018-09-12,12.18,12.41,12.18,12.27,313536
2018-09-13,12.41,12.47,12.29,12.43,430520
2018-09-14,12.47,12.52,12.36,12.41,329635
2018-09-17,12.36,12.41,12.24,12.33,276496
2018-09-18,12.27,12.63,12.27,12.6,482102
2018-09-19,12.56,12.9,12.52,12.8,923816
2018-09-20,12.87,12.99,12.74,12.81,589209
2018-09-21,12.79,13.28,12.74,13.27,1203043
2018-09-25,13.07,13.18,13.0,13.04,562906
2018-09-26,13.09,13.44,13.04,13.17,973114
2018-09-27,13.14,13.2,12.94,13.14,618868
2018-09-28,13.19,13.41,13.15,13.28,728661
2018-10-08,12.98,13.03,12.61,12.65,866982
2018-10-09,12.67,12.77,12.61,12.72,500918
2018-10-10,12.72,12.83,12.67,12.81,504243
2018-10-11,12.38,12.51,11.81,11.96,1154500
2018-10-12,11.84,12.1,11.6,12.0,800360
2018-10-15,12.03,12.1,11.81,11.83,512232
2018-10-16,11.87,12.07,11.64,11.73,491321
2018-10-17,12.01,12.04,11.64,11.89,560514
2018-10-18,11.86,11.99,11.67,11.67,524394
2018-10-19,11.61,12.25,11.57,12.14,1165880
2018-10-22,12.37,13.48,12.37,13.48,2522346
2018-10-23,13.99,14.12,13.14,13.3,3136252
2018-10-24,13.17,13.92,13.14,13.49,2519260
2018-10-25,13.15,13.88,12.94,13.86,2128963
2018-10-26,13.76,13.8,13.29,13.45,1467625
2018-10-29,13.41,13.68,13.15,13.25,1109778
2018-10-30,13.37,14.24,13.13,13.81,2252639
2018-10-31,13.67,13.94,13.43,13.69,1452445
2018-11-01,14.02,14.67,13.81,13.87,2531448
2018-11-02,14.33,14.39,13.99,14.24,1742363
2018-11-05,14.09,14.3,13.91,14.17,1089394
2018-11-06,14.25,14.48,14.03,14.17,1125850
2018-11-07,14.1,14.14,13.74,13.81,1068929
2018-11-08,13.97,13.99,13.47,13.53,1115537
2018-11-09,13.47,13.66,13.39,13.48,788310
2018-11-12,13.54,13.69,13.47,13.67,933867
2018-11-13,13.48,14.22,13.46,13.89,1833411
2018-11-14,13.79,13.92,13.54,13.6,1162759
2018-11-15,13.57,13.94,13.5,13.9,1617502
2018-11-16,13.89,14.39,13.74,14.06,2533627
2018-11-19,14.07,14.48,14.01,14.48,2553649
2018-11-20,14.33,14.47,13.79,13.87,1777408
2018-11-21,13.68,13.86,13.51,13.67,1498952
2018-11-22,13.71,13.73,13.42,13.59,953348
2018-11-23,13.52,13.7,13.1,13.21,1090118
2018-11-26,13.21,13.4,13.08,13.18,672354
2018-11-27,13.24,13.41,13.15,13.3,664617
2018-11-28,13.24,13.66,13.21,13.56,1053954
2018-11-29,13.61,13.82,13.21,13.23,966426
2018-11-30,13.19,13.51,13.12,13.44,750196
2018-12-03,14.25,14.27,13.85,13.94,1866667
2018-12-04,13.94,14.09,13.86,14.07,972455
2018-12-05,13.8,14.07,13.77,13.94,813033
2018-12-06,13.77,13.79,13.51,13.56,918608
2018-12-07,13.72,13.76,13.57,13.6,512283
2018-12-10,13.4,13.53,13.26,13.35,695505
2018-12-11,13.39,13.47,13.35,13.45,358675
2018-12-12,13.55,13.65,13.48,13.53,551859
2018-12-13,13.55,13.83,13.44,13.71,1229788
2018-12-14,13.63,13.66,13.42,13.42,656051
2018-12-17,13.36,13.57,13.34,13.54,541827
2018-12-18,13.41,13.53,13.13,13.25,748086
2018-12-19,13.25,13.3,13.03,13.05,539404
2018-12-20,13.04,13.25,12.86,13.12,755764
2018-12-21,13.03,13.07,12.59,12.77,885359
2018-12-24,12.68,12.77,12.58,12.69,505265
2019-01-10,13.68,13.68,13.34,13.38,2186844
2019-01-11,13.38,13.58,13.33,13.53,1127696
2019-01-14,13.65,13.78,13.53,13.55,861109
2019-01-15,13.59,14.18,13.56,14.07,1805470
2019-01-16,14.1,14.21,13.97,14.11,1104444
2019-01-17,14.21,14.31,14.0,14.04,883326
2019-01-18,14.14,14.37,14.0,14.32,1110556
2019-01-21,14.32,14.54,14.15,14.28,1132135
2019-01-22,14.21,14.27,13.87,13.96,921813
2019-01-23,14.03,14.1,13.87,14.01,519431
2019-01-24,14.07,14.49,14.01,14.33,1157570
2019-01-25,14.38,14.64,14.33,14.46,1131969
2019-01-28,14.67,14.79,14.27,14.42,1007457
2019-01-29,14.35,14.61,14.27,14.51,769070
2019-01-30,14.4,14.55,14.34,14.37,487550
2019-01-31,14.48,14.77,14.41,14.65,925071
2019-02-01,14.94,15.09,14.79,14.93,1048306
2019-02-11,14.87,15.24,14.87,15.17,837104
2019-02-12,15.19,15.42,15.1,15.27,880374
2019-02-13,15.27,15.73,15.12,15.72,1431069
2019-02-14,15.71,15.72,15.47,15.55,916356
2019-02-15,15.53,15.53,14.94,14.98,1607907
2019-02-18,15.15,16.02,15.15,16.01,2229679
2019-02-19,16.01,16.5,15.82,15.97,2120707
2019-02-20,16.06,16.41,15.94,16.23,1351409
2019-02-21,16.12,17.12,15.99,16.5,2326752
2019-02-22,16.67,18.27,16.34,18.27,3930822
2019-02-25,19.25,20.22,18.86,20.22,4913447
2019-02-26,20.87,21.71,19.85,20.07,5873955
2019-02-27,19.9,20.51,19.13,19.68,4567925
2019-02-28,19.41,19.56,18.77,19.21,2984919
2019-03-01,19.42,20.21,18.94,20.04,3943659
2019-03-04,20.25,21.47,19.47,20.07,5083364
2019-03-05,20.21,20.49,19.8,20.34,3148280
2019-03-06,20.34,22.49,20.16,21.99,5565952
2019-03-07,21.71,23.01,21.34,22.04,6217520
2019-03-08,20.51,20.96,19.71,19.71,6328067
2019-03-11,19.64,20.06,18.94,19.72,3791527
2019-03-12,19.79,20.81,19.79,20.23,4310350
2019-03-13,20.27,20.31,19.52,19.57,2999075
2019-03-14,19.42,19.86,18.87,19.09,2833473
2019-03-15,19.3,19.73,19.14,19.47,2464579
2019-03-18,19.42,20.24,19.03,20.19,2994300
2019-03-19,20.21,20.29,19.72,19.84,2152355
2019-03-20,19.77,20.47,19.72,20.13,2588968
2019-03-21,20.21,20.89,20.01,20.42,3563240
2019-03-22,20.31,20.53,19.9,20.34,2043175
2019-03-25,19.9,20.11,19.3,19.38,2525337
2019-03-26,19.55,19.55,18.56,18.69,2572075
2019-03-27,18.87,19.01,18.45,18.74,1870655
2019-03-28,18.55,18.97,18.29,18.62,1676061
2019-03-29,18.71,20.38,18.71,20.32,4233646
2019-04-01,20.31,21.17,20.14,20.75,4904513
2019-04-02,20.96,21.21,20.55,20.68,2857664
2019-04-03,20.43,21.74,20.41,21.52,3906932
2019-04-04,21.56,21.63,21.12,21.38,2750094
2019-04-08,21.6,21.67,20.51,20.78,2903872
2019-04-09,20.75,21.07,20.51,20.87,1989046
2019-04-10,20.81,20.84,20.14,20.47,2675712
2019-04-11,20.29,20.55,19.94,20.01,1816187
2019-04-12,20.01,20.18,19.67,19.87,1593524
2019-04-15,20.34,20.42,19.42,19.47,2102530
2019-04-16,19.38,20.07,19.0,20.07,2355309
2019-04-17,19.98,20.17,19.82,19.95,1378484
2019-04-18,19.95,20.2,19.83,19.88,1063509
2019-04-19,19.93,20.19,19.74,20.07,1408862
2019-04-22,20.28,20.35,19.39,19.46,1896333
2019-04-23,19.38,20.05,19.27,19.6,1625661
2019-04-24,19.59,19.88,19.45,19.8,1232362
2019-04-25,19.64,19.97,19.19,19.21,1666072
2019-04-26,19.1,19.6,19.09,19.28,1449303
2019-04-29,19.28,19.36,18.53,18.79,1772592
2019-04-30,18.81,19.02,18.69,18.81,1066745
2019-05-06,17.55,17.87,16.81,16.81,2795891
2019-05-07,16.98,17.01,16.27,16.81,2134661
2019-05-08,16.25,16.81,16.16,16.4,1462803
2019-05-09,16.14,16.34,15.95,15.97,1653381
2019-05-10,16.25,16.94,15.94,16.72,2696132
2019-05-13,16.34,16.49,16.07,16.2,1351194
2019-05-14,16.0,16.33,15.98,16.06,1144872
2019-05-15,16.22,16.48,16.16,16.42,1359899
2019-05-16,16.4,16.46,16.24,16.36,913705
2019-05-17,16.42,16.47,15.68,15.85,1414069
2019-05-20,15.8,16.23,15.73,16.05,1135267
2019-05-21,16.01,16.54,16.01,16.36,1270625
2019-05-22,16.37,16.5,16.16,16.28,808034
2019-05-23,16.14,16.49,16.05,16.21,1012301
2019-05-24,16.25,16.38,16.14,16.22,681299
2019-05-27,16.21,16.81,16.09,16.71,1666911
2019-05-28,16.58,16.93,16.56,16.67,1223126
2019-05-29,16.52,16.86,16.51,16.64,899947
2019-05-30,16.51,16.55,16.21,16.34,951650
2019-05-31,16.3,16.47,16.27,16.27,573655
2019-06-03,16.41,16.74,16.23,16.33,1083302
2019-06-04,16.29,16.37,16.14,16.27,663409
2019-06-05,16.53,16.64,16.36,16.45,1144200
2019-06-06,16.51,16.63,16.18,16.22,895867
2019-06-10,16.33,16.42,15.91,16.23,1055966
2019-06-11,16.23,17.17,16.2,17.11,2217440
2019-06-12,16.93,17.08,16.75,16.87,1253616
2019-06-13,16.81,17.21,16.78,17.04,1291287
2019-06-14,17.07,17.23,16.72,16.74,965825
2019-06-17,16.74,16.94,16.7,16.8,652912
2019-06-18,16.84,16.98,16.68,16.9,598733
2019-06-19,18.34,18.6,17.47,17.51,2567731
2019-06-20,17.54,19.29,17.5,18.81,3594229
2019-06-21,18.91,19.67,18.82,19.35,3178615
2019-06-24,19.6,19.73,19.23,19.29,1955480
2019-06-25,19.29,19.43,18.62,19.19,2248023
2019-06-26,18.99,19.23,18.79,19.02,1217175
2019-06-27,19.21,19.87,19.17,19.57,2193589
2019-06-28,19.51,19.67,19.29,19.47,1282378
2019-07-01,20.21,20.32,19.81,19.97,2510106
2019-07-02,19.86,19.88,19.7,19.77,1185460
2019-07-03,19.71,19.73,18.98,19.14,1680634
2019-07-04,19.22,19.57,19.12,19.29,1032663
2019-07-05,19.31,19.42,19.03,19.24,827340
2019-07-08,19.19,19.34,18.68,18.92,1289454
2019-07-09,19.07,19.15,18.7,18.97,957242
2019-07-10,19.07,19.12,18.81,18.94,786532
2019-07-11,19.12,19.33,18.76,18.93,1237520
2019-07-12,18.89,19.13,18.68,19.09,966705
2019-07-15,18.86,19.69,18.71,19.37,1502423
2019-07-16,19.3,19.43,19.14,19.14,780117
2019-07-17,19.0,19.12,18.78,18.85,1206503
2019-07-18,18.68,18.73,18.52,18.53,867816
2019-07-19,18.63,19.07,18.62,18.93,1080637
2019-07-22,19.02,19.07,18.58,18.6,923065
2019-07-23,18.62,18.82,18.56,18.66,501549
2019-07-24,18.78,19.14,18.78,19.0,1086123
2019-07-25,19.02,19.11,18.91,19.11,643832
2019-07-26,19.01,19.11,18.94,19.11,536303
2019-07-29,19.06,19.07,18.82,18.92,626721
2019-07-30,18.94,19.33,18.91,19.13,1001973
2019-07-31,19.06,19.11,18.88,18.97,633683
2019-08-01,18.85,18.94,18.61,18.7,809711
2019-08-02,18.12,18.18,17.93,17.95,1114827
2019-08-05,17.75,17.75,17.27,17.28,1405690
2019-08-06,16.81,17.41,16.61,17.21,1641234
2019-08-07,17.26,17.31,16.88,16.9,992023
2019-08-08,17.47,17.54,17.15,17.26,1301573
2019-08-09,17.42,17.5,17.1,17.15,850866
2019-08-12,17.47,17.64,17.41,17.63,1078209
2019-08-13,17.42,17.48,17.34,17.4,506349
2019-08-14,17.73,17.84,17.47,17.47,795424
2019-08-15,16.9,17.6,16.86,17.51,719689
2019-08-16,17.44,17.9,17.44,17.62,947656
2019-08-19,18.1,19.22,17.92,19.19,2473638
2019-08-20,19.07,19.19,18.82,18.87,1313823
2019-08-21,18.81,18.96,18.7,18.76,771302
2019-08-22,18.84,18.93,18.64,18.82,651203
2019-08-23,18.87,19.0,18.69,18.76,882491
2019-08-26,18.33,18.59,18.26,18.4,993652
2019-08-27,18.56,19.11,18.51,18.87,1355031
2019-08-28,18.74,18.86,18.55,18.57,723060
2019-08-29,18.6,18.65,18.39,18.42,636306
2019-08-30,18.68,18.89,18.29,18.48,841397
2019-09-02,18.49,19.04,18.43,18.87,1211444
2019-09-03,18.88,19.14,18.81,18.94,957270
2019-09-04,18.9,19.46,18.84,19.36,1609647
2019-09-05,19.86,20.6,19.77,19.8,3091450
2019-09-06,20.21,20.28,19.84,20.07,1556021
2019-09-09,20.42,20.68,20.2,20.22,1780365
2019-09-10,20.29,20.33,19.72,20.12,1675992
2019-09-11,20.36,20.64,20.12,20.28,2016022
2019-09-12,20.38,20.65,20.14,20.56,1512289
2019-09-16,20.67,20.73,20.02,20.19,1260028
2019-09-17,20.07,20.07,19.47,19.54,1666265
2019-09-18,19.57,19.66,19.41,19.45,784039
2019-09-19,19.57,19.62,19.41,19.59,779031
2019-09-20,19.61,19.61,19.15,19.37,1144044
2019-09-23,19.26,19.27,18.87,19.05,1150832
2019-09-24,19.18,19.37,19.0,19.04,1016008
2019-09-25,18.89,19.15,18.85,18.95,664623
2019-09-26,19.01,19.14,18.75,18.83,900378
2019-09-27,18.81,19.12,18.81,19.12,655974
2019-09-30,19.12,19.12,18.62,18.62,718608
2019-10-08,18.62,18.71,18.32,18.49,781870
2019-10-09,18.27,18.44,18.12,18.41,750381
2019-10-10,18.4,18.61,18.34,18.54,645315
2019-10-11,18.64,19.12,18.42,19.02,1174967
2019-10-14,19.31,19.47,19.14,19.15,1442097
2019-10-15,19.13,19.13,18.81,18.81,745834
2019-10-16,18.87,19.06,18.67,18.69,630231
2019-10-17,18.67,18.79,18.6,18.66,410303
2019-10-18,18.76,18.79,18.21,18.21,783602
2019-10-21,18.17,18.17,17.79,18.07,736386
2019-10-22,18.15,18.31,18.06,18.29,461915
2019-10-23,18.22,18.36,17.9,18.02,614210
2019-10-24,18.07,18.25,17.93,18.07,553384
2019-10-25,18.07,18.32,17.91,18.26,657781
2019-10-28,18.26,18.56,18.17,18.51,750802
2019-10-29,18.51,18.52,18.09,18.09,692722
2019-10-31,18.16,18.25,17.78,17.94,743342
2019-11-01,17.91,18.45,17.81,18.36,797095
2019-11-04,18.37,18.53,18.28,18.43,749150
2019-11-05,18.47,18.97,18.42,18.74,1422974
2019-11-06,18.74,18.79,18.51,18.58,647451
2019-11-07,18.61,18.94,18.54,18.82,846840
2019-11-08,19.04,19.16,18.49,18.57,979718
2019-11-11,18.46,18.47,18.18,18.21,730693
2019-11-12,18.17,18.27,18.0,18.23,591917
2019-11-13,18.12,18.23,18.01,18.07,481866
2019-11-14,18.07,18.26,18.03,18.12,436553
2019-11-15,18.16,18.27,17.94,17.95,567539
2019-11-18,17.94,18.22,17.87,18.11,508904
2019-11-19,18.11,18.34,18.01,18.34,654224
2019-11-20,18.29,18.34,17.93,17.96,704670
2019-11-21,17.79,18.03,17.78,17.89,491854
2019-11-22,17.93,18.04,17.7,17.76,651101
2019-11-25,17.84,17.91,17.69,17.87,469124
2019-11-26,17.92,17.96,17.77,17.79,449905
2019-11-27,17.75,17.79,17.54,17.71,475672
2019-11-28,17.68,17.82,17.68,17.78,320646
2019-11-29,17.74,17.9,17.66,17.69,493310
2019-12-02,18.12,18.19,17.9,17.93,865548
2019-12-03,17.78,18.11,17.75,18.07,620648
2019-12-04,17.91,18.05,17.88,18.01,445274
2019-12-05,18.07,18.49,18.07,18.47,1301520
2019-12-06,18.47,18.61,18.35,18.54,1059059
2019-12-09,18.55,18.58,18.36,18.42,696281
2019-12-10,18.4,18.46,18.25,18.39,544804
2019-12-11,18.45,18.6,18.34,18.41,688658
2019-12-12,18.47,18.48,18.3,18.38,549902
2019-12-13,18.73,19.23,18.66,19.07,2556898
2019-12-16,19.16,19.5,18.93,19.35,1803461
2019-12-17,19.35,20.42,19.28,19.83,2741830
2019-12-18,19.81,20.19,19.73,19.77,1715992
2019-12-19,19.81,19.84,19.54,19.73,1061765
2019-12-20,19.78,20.03,19.58,19.58,1388118
2019-12-23,19.59,19.74,19.12,19.12,1415741
2019-12-24,19.08,19.24,19.03,19.23,814924
2019-12-25,19.2,19.38,19.08,19.19,774070
2019-12-26,19.29,19.74,19.22,19.73,1182015
2019-12-27,19.68,20.01,19.35,19.36,1702762
2019-12-30,19.34,21.39,19.29,21.39,6152021
2019-12-31,21.33,21.44,20.81,21.07,3369730
2020-01-02,21.46,21.59,21.04,21.24,3577366
2020-01-03,21.11,21.36,20.9,21.14,1837992
2020-01-06,20.87,21.55,20.81,21.09,2304035
2020-01-07,21.16,21.47,20.9,21.42,2003054
2020-01-08,21.19,21.23,20.68,20.76,2066121
2020-01-09,21.1,21.3,21.0,21.2,1635603
2020-01-10,21.65,21.76,21.0,21.29,1969462
2020-01-13,21.21,21.67,20.84,21.66,1895103
2020-01-14,21.67,21.81,21.26,21.3,1759241
2020-01-15,21.16,21.33,20.99,21.09,1140792
2020-01-16,21.13,21.13,20.87,20.91,1038356
2020-01-17,21.05,21.47,21.01,21.13,1297342
2020-01-20,21.11,21.49,20.99,21.47,1408183
2020-01-21,21.22,21.38,20.91,20.96,1691809
2020-01-22,20.8,21.19,20.31,20.99,2036271
2020-01-23,20.54,20.69,19.61,19.86,2452484
2020-02-03,17.78,17.78,17.78,17.78,753370
2020-02-04,17.16,18.15,17.14,17.97,3485572
2020-02-05,18.0,18.8,17.79,18.27,2427651
2020-02-06,18.29,18.89,18.05,18.75,2478402
2020-02-07,18.62,18.75,18.38,18.67,1836396
2020-02-10,18.38,18.92,18.38,18.79,1580403
2020-02-11,18.93,19.19,18.76,18.81,1763409
2020-02-12,18.65,19.14,18.64,18.99,1701737
2020-02-13,18.92,19.08,18.64,18.68,1493056
2020-02-14,18.64,19.29,18.61,19.06,2027590
2020-02-17,19.73,20.2,19.42,20.1,3209866
2020-02-18,20.1,20.16,19.7,19.93,1916035
2020-02-19,19.82,20.34,19.8,19.94,2083406
2020-02-20,20.01,21.28,20.01,21.18,3898596
2020-02-21,21.07,21.67,20.81,20.97,3535269
2020-02-24,20.81,21.1,20.64,20.85,2442126
2020-02-25,20.39,21.03,19.97,21.0,3280998
2020-02-26,20.55,21.24,20.41,20.56,2881556
2020-02-27,20.67,21.07,20.53,20.61,2063952
2020-02-28,19.94,20.13,19.32,19.42,2914357
2020-03-02,19.77,20.63,19.61,20.36,2543747
2020-03-03,20.81,21.21,20.32,20.58,2593144
2020-03-04,20.52,21.14,20.34,21.1,2760751
2020-03-05,21.34,21.97,20.87,21.67,4454361
2020-03-06,21.41,21.56,20.9,20.91,2630401
2020-03-09,20.2,20.61,20.03,20.21,2734639
2020-03-10,20.26,20.98,20.08,20.87,2644569
2020-03-11,20.8,20.81,20.21,20.24,1790690
2020-03-12,19.94,20.24,19.82,19.93,1696419
2020-03-13,18.92,20.1,18.78,19.89,2273578
2020-03-16,19.85,19.86,18.77,18.79,2057914
2020-03-17,19.09,19.32,18.41,19.01,1727481
2020-03-18,19.1,19.25,18.38,18.41,1521894
2020-03-19,18.47,18.75,17.69,18.52,2007876
2020-03-20,18.68,18.82,18.38,18.78,1213209
2020-03-23,18.03,18.51,17.99,18.11,1105082
2020-03-24,18.52,18.59,18.12,18.47,1188219
2020-03-25,18.91,19.01,18.76,18.87,1293512
2020-03-26,18.64,18.87,18.61,18.62,697849
2020-03-27,18.83,19.07,18.66,18.7,905747
2020-03-30,18.47,18.53,18.25,18.44,804115
2020-03-31,18.66,18.71,18.34,18.34,638332
2020-04-01,18.28,18.6,18.25,18.29,666733
2020-04-02,18.22,18.58,18.21,18.58,775172
2020-04-03,18.44,18.54,18.27,18.32,581837
2020-04-07,18.68,18.77,18.55,18.71,1241184
2020-04-08,18.6,18.74,18.55,18.68,757620
2020-04-09,18.88,19.06,18.77,18.77,1146930
2020-04-10,18.84,18.96,18.6,18.63,858502
2020-04-13,18.55,18.62,18.38,18.44,584928
2020-04-14,18.54,19.78,18.46,19.26,1956854
2020-04-15,18.99,19.55,18.93,19.09,1518856
2020-04-16,18.98,19.94,18.94,19.66,2278962
2020-04-17,19.67,19.79,19.37,19.41,1504200
2020-04-20,19.49,19.54,19.31,19.5,803576
2020-04-21,19.36,19.38,19.04,19.22,907942
2020-04-22,19.07,19.28,18.99,19.24,582120
2020-04-23,19.23,19.28,19.01,19.01,623666
2020-04-24,18.96,19.11,18.68,18.81,723366
2020-04-27,18.86,19.12,18.82,18.93,615237
2020-04-28,19.13,19.47,18.87,19.33,1343710
2020-04-29,19.13,19.51,19.1,19.41,799917
2020-04-30,19.6,19.84,19.53,19.68,1339571
2020-05-06,19.23,19.67,19.17,19.61,1118487
2020-05-07,19.61,19.73,19.42,19.43,846296
2020-05-08,19.64,19.97,19.46,19.79,1527749
2020-05-11,19.82,19.93,19.5,19.57,958306
2020-05-12,19.69,19.75,19.47,19.62,650971
2020-05-13,19.53,19.79,19.49,19.72,640345
2020-05-14,19.6,19.63,19.44,19.46,654371
2020-05-15,19.56,19.6,19.42,19.46,548576
2020-05-18,19.42,19.45,19.12,19.14,889196
2020-05-19,19.35,19.41,19.21,19.26,565102
2020-05-20,19.21,19.3,19.08,19.15,666620
2020-05-21,19.2,19.32,19.07,19.09,548373
2020-05-22,19.1,19.1,18.47,18.47,981940
2020-05-25,18.47,18.56,18.27,18.39,589972
2020-05-26,18.5,18.62,18.47,18.61,546873
2020-05-27,18.63,18.63,18.39,18.46,455597
2020-05-28,18.47,18.86,18.4,18.62,699515
2020-05-29,18.48,18.58,18.42,18.44,465583
2020-06-01,18.91,19.36,18.75,19.2,1618561
2020-06-02,19.12,19.22,18.99,19.09,828478
2020-06-03,19.2,19.35,18.95,18.99,807511
2020-06-04,19.14,19.14,18.83,18.87,592800
2020-06-05,18.89,18.98,18.72,18.94,748216
2020-06-08,19.06,19.2,18.94,19.05,839778
2020-06-09,18.99,19.49,18.98,19.33,1131305
2020-06-10,19.25,19.28,19.07,19.13,581494
2020-06-11,19.11,19.27,18.88,18.89,850796
2020-06-12,18.6,18.9,18.55,18.74,842159
2020-06-15,18.74,19.14,18.7,18.72,1004579
2020-06-16,18.92,19.07,18.86,18.95,638051
2020-06-17,18.93,18.97,18.74,18.87,600807
2020-06-18,18.89,19.26,18.85,19.14,1021775
2020-06-19,19.21,19.94,19.15,19.81,2770131
2020-06-22,19.82,20.81,19.72,20.04,2856177
2020-06-23,19.94,20.14,19.71,19.98,1416648
2020-06-24,20.17,20.67,20.03,20.16,1286923
2020-06-29,19.77,19.86,19.43,19.51,1516309
2020-06-30,19.62,20.34,19.51,20.04,1599808
2020-07-01,20.03,20.59,19.88,20.57,1842300
2020-07-02,20.43,21.94,20.41,21.74,4641174
2020-07-03,22.64,24.01,22.0,24.01,7250830
2020-07-06,24.99,26.5,24.61,26.5,8073328
2020-07-07,27.4,27.47,25.68,26.14,7474489
2020-07-08,26.22,28.85,26.22,28.21,6904764
2020-07-09,27.34,28.81,27.03,27.84,5585358
2020-07-10,27.29,27.67,26.52,26.7,4327866
2020-07-13,26.68,28.21,26.32,27.32,4736262
2020-07-14,26.9,27.27,26.38,26.93,3247301
2020-07-15,27.34,27.94,26.77,26.9,4571230
2020-07-16,26.47,27.07,24.47,24.57,5305665
2020-07-17,24.9,25.07,23.42,23.96,3691223
2020-07-20,24.53,26.14,24.33,25.73,3791036
2020-07-21,25.45,25.89,25.07,25.45,2223715
2020-07-22,25.55,26.69,25.3,25.6,3460704
2020-07-23,25.21,25.81,24.74,25.63,2812984
2020-07-24,25.36,25.62,23.69,23.86,3442431
2020-07-27,23.98,24.03,23.34,23.86,1849951
2020-07-28,24.15,24.21,23.55,23.77,1455424
2020-07-29,23.76,25.08,23.66,24.96,2776370
2020-07-30,25.16,25.22,24.66,24.78,1943339
2020-07-31,24.71,25.69,24.67,25.13,2256131
2020-08-03,25.43,25.62,24.95,25.52,2291448
2020-08-04,25.52,25.77,25.18,25.35,1792644
2020-08-05,25.23,25.35,24.87,25.08,1608572
2020-08-06,25.16,27.68,24.72,26.97,3725791
2020-08-07,25.94,28.59,25.43,26.87,4866216
2020-08-10,26.31,28.94,26.14,27.95,5373052
2020-08-11,27.71,28.06,26.16,26.3,3777991
2020-08-12,26.05,26.59,25.54,26.11,2716803
2020-08-13,26.19,26.49,25.78,25.94,1630067
2020-08-14,25.69,26.45,25.61,26.35,1444043
2020-08-17,26.91,28.73,26.9,27.74,3835406
2020-08-18,27.77,28.47,27.46,27.89,2393498
2020-08-19,27.86,28.18,27.36,27.5,2238901
2020-08-20,26.93,27.3,26.66,26.88,1566521
2020-08-21,27.07,27.55,26.9,27.27,1221736
2020-08-24,27.38,27.54,27.08,27.16,1063784
2020-08-25,27.33,27.73,26.99,27.06,1254941
2020-08-26,26.99,27.2,26.21,26.23,1906944
2020-08-27,26.23,26.73,26.03,26.44,1182994
2020-08-28,26.38,27.42,26.22,27.33,1921991
2020-08-31,27.6,28.13,27.16,27.16,2189042
2020-09-01,27.0,27.43,26.99,27.43,1115895
2020-09-02,27.51,27.61,26.82,27.25,1450182
2020-09-03,27.24,27.57,26.75,26.92,1264748
2020-09-04,26.28,26.72,26.21,26.5,1127797
2020-09-07,26.49,26.6,25.42,25.52,1535627
2020-09-08,25.55,26.44,25.49,26.16,1402829
2020-09-09,25.69,26.03,25.38,25.67,1135097
2020-09-10,25.9,26.16,25.54,25.6,1062566
2020-09-11,25.48,25.74,25.42,25.67,818506
2020-09-14,25.67,25.75,25.46,25.64,655177
2020-09-15,25.65,25.99,25.53,25.79,773379
2020-09-16,25.79,26.14,25.67,25.8,807880
2020-09-17,25.61,25.68,24.97,25.26,1181713
2020-09-18,25.25,26.55,25.21,26.38,1977619
2020-09-21,27.12,27.25,26.36,26.41,1647351
2020-09-22,26.18,26.9,26.03,26.14,1261485
2020-09-23,26.22,26.26,25.81,25.87,692185
2020-09-24,25.77,25.94,25.54,25.55,806377
2020-09-25,25.61,26.0,25.55,25.77,803642
2020-09-28,25.66,25.94,25.65,25.79,608467
2020-09-29,25.81,26.17,25.81,25.82,708144
2020-09-30,26.05,26.07,25.5,25.62,743265
2020-10-09,26.03,26.14,25.88,26.12,817139
2020-10-12,26.38,27.21,26.28,27.09,1633773
2020-10-13,26.88,26.88,26.63,26.77,927552
2020-10-14,26.77,26.86,26.36,26.42,736731
2020-10-15,26.47,26.81,26.41,26.44,631535
2020-10-16,26.44,26.68,26.38,26.54,659199
2020-10-19,26.81,27.03,26.36,26.36,968854
2020-10-20,26.3,26.37,25.79,26.16,858821
2020-10-21,26.09,26.21,25.84,25.97,674989
2020-10-22,25.93,26.18,25.68,25.98,767017
2020-10-23,25.94,26.2,25.68,25.68,788318
2020-10-26,25.54,25.54,24.64,24.74,1384351
2020-10-27,24.73,24.8,24.34,24.7,877712
2020-10-28,24.63,25.11,24.54,24.95,776850
2020-10-29,24.69,25.6,24.56,25.27,1038319
2020-10-30,25.04,25.24,24.4,24.41,1033854
2020-11-02,24.25,24.73,23.53,23.93,1372847
2020-11-03,24.09,24.76,24.0,24.49,978566
2020-11-04,24.49,24.74,24.25,24.49,694130
2020-11-05,25.05,25.12,24.64,24.89,929447
2020-11-06,24.94,25.21,24.75,24.94,880021
2020-11-09,25.18,26.16,25.02,25.83,1767394
2020-11-10,25.94,25.99,25.21,25.38,1161262
2020-11-11,25.32,25.38,24.93,24.95,709716
2020-11-12,24.95,25.15,24.76,24.83,543462
2020-11-13,24.77,24.77,24.29,24.47,820615
2020-11-16,24.66,24.77,24.4,24.7,618229
2020-11-17,24.67,24.84,24.43,24.84,659904
2020-11-18,24.84,25.19,24.79,24.86,859665
2020-11-19,24.73,25.13,24.53,25.01,723571
2020-11-20,25.01,25.09,24.9,25.09,553474
2020-11-23,25.08,25.81,24.93,25.51,1515453
2020-11-24,25.5,25.5,25.14,25.19,885610
2020-11-25,25.38,25.57,24.92,24.92,842565
2020-11-26,24.91,25.07,24.73,24.99,620010
2020-11-27,25.06,25.58,24.94,25.58,1114402
2020-11-30,25.86,26.9,25.75,25.86,2997909
2020-12-01,25.78,27.03,25.64,26.73,2277564
2020-12-02,26.73,26.99,26.29,26.54,1567736
2020-12-03,26.49,26.67,26.31,26.38,957615
2020-12-04,26.42,26.44,25.75,25.86,1228227
2020-12-07,25.87,26.02,25.58,25.61,898570
2020-12-08,25.59,25.8,25.44,25.61,743256
2020-12-09,25.68,25.84,24.98,24.98,1099338
2020-12-10,24.9,25.14,24.6,24.87,1054445
2020-12-11,24.84,24.94,24.32,24.51,1011390
2020-12-14,24.55,24.67,24.4,24.59,544772
2020-12-15,24.55,24.63,24.24,24.56,727955
2020-12-16,24.61,24.69,24.34,24.39,599368
2020-12-17,24.31,24.96,24.21,24.92,981782
2020-12-18,24.77,24.94,24.51,24.56,663845
2020-12-21,24.47,24.82,24.31,24.75,665784
2020-12-22,24.69,24.69,23.86,23.87,1225665
2020-12-23,23.87,24.17,23.77,24.03,777820
2020-12-24,24.02,24.21,23.77,23.91,611890
2020-12-25,23.77,24.07,23.6,23.87,759597
2020-12-28,23.77,24.08,23.66,23.84,740363
2020-12-29,23.94,24.31,23.86,23.99,818141
2020-12-30,23.94,24.29,23.82,24.29,1050136
2020-12-31,24.55,25.39,24.53,25.07,2165913
2021-01-04,25.11,25.15,24.47,24.88,1945462
2021-01-05,24.69,25.06,24.41,24.85,1655522
2021-01-06,25.06,25.57,24.96,25.27,2057443
2021-01-07,25.34,25.48,24.73,25.38,1729687
2021-01-08,25.42,26.06,25.26,25.65,2207415
2021-01-11,25.85,25.97,24.94,24.97,1725419
2021-01-12,24.73,27.52,24.55,27.36,5161568
2021-01-13,27.24,27.31,26.29,26.42,3559776
2021-01-14,26.31,26.6,25.77,25.77,2103358
2021-01-15,25.61,26.38,25.6,25.75,1679398
2021-01-18,25.61,26.47,25.47,25.9,1695534
2021-01-19,25.88,26.84,25.63,25.99,2143915
2021-01-20,26.1,27.07,26.0,26.55,2166237
2021-01-21,26.66,27.15,26.17,26.61,2398598
2021-01-22,26.29,26.54,25.67,25.88,1988934
2021-01-25,25.74,25.83,25.26,25.57,1901745
2021-01-26,25.35,25.56,24.47,24.54,1897350
2021-01-27,24.53,24.7,24.35,24.47,1006889
2021-01-28,24.29,24.62,24.06,24.29,1300527
2021-01-29,24.44,24.54,23.86,24.16,1229645
2021-02-01,24.28,24.32,24.01,24.12,886477
2021-02-02,24.25,24.28,23.75,24.0,1435196
2021-02-03,23.99,24.19,23.74,23.83,958176
2021-02-04,23.65,23.82,22.61,23.07,1798666
2021-02-05,23.07,23.38,22.92,23.01,924972
2021-02-08,23.01,23.41,22.96,23.27,926303
2021-02-09,23.27,23.9,23.04,23.85,1395326
2021-02-10,23.78,23.94,23.47,23.74,1157933
2021-02-18,24.03,24.16,23.7,23.81,1310783
2021-02-19,23.72,24.44,23.53,24.4,1392744
2021-02-22,24.51,24.51,23.62,23.66,1676243
2021-02-23,23.68,23.9,23.43,23.51,986555
2021-02-24,23.55,23.75,23.14,23.35,958634
2021-02-25,23.49,24.09,23.26,23.62,1379275
2021-02-26,23.15,23.47,23.1,23.21,1097798
2021-03-01,22.38,22.38,21.26,21.79,2803138
2021-03-02,21.79,21.83,21.29,21.39,1490009
2021-03-03,21.29,21.64,21.26,21.57,970337
2021-03-04,21.41,21.51,21.06,21.08,1288013
2021-03-05,21.08,21.41,20.85,21.29,1149817
2021-03-08,21.39,21.53,20.85,20.85,1203736
2021-03-09,20.82,21.03,20.12,20.16,1305342
2021-03-10,20.36,20.42,20.07,20.11,876286
2021-03-11,20.17,20.47,20.17,20.41,793470
2021-03-12,20.43,20.43,19.85,20.19,1156455
2021-03-15,19.99,20.03,19.64,19.74,897627
2021-03-16,19.85,19.91,19.66,19.86,602116
2021-03-17,19.87,20.16,19.79,20.07,753688
2021-03-18,20.07,20.22,19.94,19.99,686558
2021-03-19,19.87,20.37,19.71,20.36,1210142
2021-03-22,20.27,20.7,20.22,20.51,1053069
2021-03-23,20.47,20.64,20.12,20.43,760632
2021-03-24,20.33,20.82,20.29,20.41,931331
2021-03-25,20.29,20.51,20.27,20.29,475952
2021-03-26,20.27,20.45,20.24,20.36,538542
2021-03-29,20.34,20.86,20.25,20.61,796389
2021-03-30,20.52,20.77,20.48,20.61,536528
2021-03-31,20.6,20.6,20.28,20.28,547368
2021-04-01,20.28,20.53,20.17,20.52,584316
2021-04-02,20.54,20.68,20.42,20.49,614623
2021-04-06,20.81,20.88,20.49,20.51,726292
2021-04-07,20.48,20.58,20.32,20.42,594220
2021-04-08,20.29,20.6,20.28,20.37,609198
2021-04-09,20.3,20.32,20.03,20.03,686485
2021-04-12,20.03,20.1,19.73,19.77,590010
2021-04-13,19.77,19.88,19.68,19.83,462451
2021-04-14,19.83,20.16,19.81,20.01,504175
2021-04-15,19.96,20.0,19.72,19.84,481014
2021-04-16,19.87,20.17,19.84,20.09,519720
2021-04-19,20.03,20.44,19.95,20.4,847988
2021-04-20,20.28,20.51,20.15,20.18,628183
2021-04-21,20.06,20.18,20.0,20.03,407653
2021-04-22,20.14,20.17,19.88,19.93,545439
2021-04-23,19.87,19.99,19.8,19.86,493760
2021-04-26,19.85,20.03,19.53,19.55,714998
2021-04-27,19.56,19.59,19.24,19.29,706185
2021-04-28,19.3,19.41,19.15,19.41,485170
2021-04-29,19.51,20.34,19.44,20.2,1592565
2021-04-30,20.03,20.45,19.97,20.25,1069396
2021-05-06,20.48,20.72,20.23,20.38,981386
2021-05-07,20.3,20.43,19.79,19.89,837558
2021-05-10,19.97,20.32,19.89,20.18,662676
2021-05-11,19.97,20.45,19.74,20.27,680556
2021-05-12,20.16,20.37,20.07,20.33,570219
2021-05-13,20.15,20.34,19.99,20.06,556860
2021-05-14,20.23,21.84,20.21,21.63,3326164
2021-05-17,21.25,21.29,20.88,21.15,2128584
2021-05-18,21.01,21.42,20.91,21.05,925575
2021-05-19,21.0,21.32,20.96,21.06,806584
2021-05-20,21.05,21.48,20.99,21.3,1109115
2021-05-21,21.32,21.38,20.9,20.91,827481
2021-05-24,21.07,21.66,21.05,21.45,1400131
2021-05-25,21.45,22.6,21.37,22.32,2911827
2021-05-26,22.36,22.61,21.97,22.01,1940857
2021-05-27,22.01,22.3,21.88,22.05,1119097
2021-05-28,22.05,22.55,21.87,22.27,1392900
2021-05-31,22.27,22.27,21.97,22.21,924054
2021-06-01,22.11,22.11,21.62,21.92,1046952
2021-06-02,21.92,22.04,21.37,21.42,976466
2021-06-03,21.53,21.81,21.38,21.41,782289
2021-06-04,21.3,22.51,21.25,21.72,1367719
2021-06-07,21.92,22.64,21.74,22.17,1366124
2021-06-08,22.05,22.5,21.94,22.05,1092864
2021-06-09,22.09,22.25,21.74,21.88,724102
2021-06-10,21.77,22.17,21.77,21.82,819877
2021-06-11,21.79,21.9,21.08,21.2,1290164
2021-06-15,21.16,21.23,20.81,20.88,792464
2021-06-16,20.83,21.07,20.81,20.94,640220
2021-06-17,20.88,21.01,20.72,20.85,599392
2021-06-18,20.8,21.07,20.69,20.94,756795
2021-06-21,20.99,21.21,20.81,20.81,761881
2021-06-22,20.89,21.07,20.78,20.95,609209
2021-06-23,20.97,21.21,20.83,21.04,724185
2021-06-24,21.07,21.46,21.03,21.25,867813
2021-06-25,21.32,22.0,21.16,21.69,1658267
2021-06-28,21.76,21.76,21.3,21.36,940776
2021-06-29,21.37,21.47,21.05,21.07,784549
2021-06-30,21.08,21.27,20.93,21.2,746818
2021-07-01,21.47,21.55,20.82,20.96,1055002
2021-07-02,20.8,20.8,20.04,20.07,1229454
2021-07-05,20.07,20.2,19.75,19.97,678159
2021-07-06,20.02,20.14,19.86,20.1,600574
2021-07-07,20.01,20.22,19.98,20.07,603387
2021-07-08,20.2,20.26,19.94,20.03,661946
2021-07-09,19.94,20.1,19.81,19.95,629464
2021-07-12,20.22,20.45,20.05,20.28,1047903
2021-07-13,20.21,20.34,20.01,20.14,616321
2021-07-14,20.1,20.1,19.75,19.79,802892
2021-07-15,19.78,20.14,19.69,20.09,727887
2021-07-16,20.24,20.45,20.08,20.23,910803
2021-07-19,20.1,20.23,19.86,20.21,651806
2021-07-20,20.01,20.24,19.96,20.04,459677
2021-07-21,20.1,20.41,20.07,20.22,844507
2021-07-22,20.18,20.59,20.11,20.49,1014719
2021-07-23,20.46,21.11,20.25,20.59,1404223
2021-07-26,20.56,20.71,19.89,19.94,1236813
2021-07-27,19.94,20.08,19.36,19.43,1018926
2021-07-28,19.42,19.7,19.39,19.4,822132
2021-07-29,19.75,19.79,19.4,19.53,858003
2021-07-30,19.45,19.48,19.05,19.15,896861
2021-08-02,19.14,20.12,18.7,19.74,1477518
2021-08-03,19.61,20.21,19.51,19.8,1123130
2021-08-04,19.79,19.86,19.61,19.74,693896
2021-08-05,19.63,19.85,19.34,19.4,778635
2021-08-06,19.51,19.71,19.42,19.58,601334
2021-08-09,19.51,20.21,19.47,19.96,1128293
2021-08-10,19.87,20.24,19.73,20.18,1081770
2021-08-11,20.14,20.45,20.03,20.12,1018741
2021-08-12,20.17,20.42,20.06,20.15,726114
2021-08-13,20.1,20.51,20.04,20.47,1102724
2021-08-16,20.48,20.81,20.3,20.39,1213354
2021-08-17,20.27,20.94,20.22,20.3,1839349
2021-08-18,20.34,21.6,20.29,21.47,3162188
2021-08-19,21.31,21.54,20.81,20.94,1981783
2021-08-20,21.02,21.15,20.64,20.94,1363300
2021-08-23,21.07,21.36,20.94,21.1,1164596
2021-08-24,21.21,21.9,21.07,21.72,2208822
2021-08-25,21.65,22.01,21.49,21.53,1353686
2021-08-26,21.43,21.6,21.21,21.23,1044624
2021-08-27,21.29,21.75,21.25,21.36,1038330
2021-08-30,21.73,21.84,20.97,21.02,1386131
2021-08-31,20.94,22.58,20.89,22.19,3062855
2021-09-01,22.21,23.86,22.08,23.24,4375223
2021-09-02,23.16,23.51,22.94,23.41,2604357
2021-09-03,24.29,24.41,22.88,22.98,2825812
2021-09-06,23.01,23.67,23.01,23.18,1800826
2021-09-07,23.18,23.67,22.73,23.47,2096082
2021-09-08,23.34,23.88,23.21,23.25,1566587
2021-09-09,23.0,23.22,22.78,23.1,1199153
2021-09-10,23.17,24.19,23.17,23.57,2152492
2021-09-13,23.55,23.85,23.39,23.5,1215742
2021-09-14,23.55,23.69,22.74,22.88,1602296
2021-09-15,22.83,23.02,22.47,22.67,1089052
2021-09-16,22.71,22.75,21.87,22.01,1347735
2021-09-17,22.03,22.55,22.03,22.42,1077623
2021-09-22,22.04,22.44,21.86,22.2,895727
2021-09-23,22.31,22.72,22.26,22.64,1040007
2021-09-24,22.69,22.86,22.47,22.5,816947
2021-09-27,22.48,22.68,21.93,22.16,952229
2021-09-28,22.12,22.52,22.04,22.34,711047
2021-09-29,22.13,22.29,21.74,22.13,944263
2021-09-30,22.16,22.27,21.66,21.84,834290
2021-10-08,21.94,22.34,21.94,22.25,751306
2021-10-11,22.34,22.59,22.16,22.17,589345
2021-10-12,22.02,22.16,21.21,21.47,1125690
2021-10-13,21.46,21.65,21.32,21.34,600363
2021-10-14,21.42,21.47,21.08,21.39,493164
2021-10-15,21.34,21.7,21.25,21.56,620779
2021-10-18,21.56,21.78,21.42,21.58,486798
2021-10-19,21.51,21.79,21.47,21.64,511627
2021-10-20,21.75,21.8,21.58,21.6,503287
2021-10-21,21.6,21.94,21.49,21.74,632570
2021-10-22,21.77,22.09,21.7,22.0,692221
2021-10-25,22.0,22.23,21.75,22.16,808745
2021-10-26,22.16,22.21,21.81,21.82,609003
2021-10-27,21.67,21.82,21.21,21.31,802148
2021-10-28,21.26,21.65,21.23,21.38,648388
2021-10-29,21.6,22.59,21.43,22.36,1641830
2021-11-01,22.29,22.55,22.23,22.45,979594
2021-11-02,22.38,22.54,21.81,22.06,898837
2021-11-03,22.03,22.17,21.81,21.94,570295
2021-11-04,22.12,22.26,21.86,21.98,630367
2021-11-05,21.86,22.18,21.8,21.91,545238
2021-11-08,21.83,22.19,21.61,22.0,568212
2021-11-09,22.06,22.14,21.81,22.1,563575
2021-11-10,22.02,22.09,21.4,21.61,1057430
2021-11-11,21.51,22.41,21.51,22.25,1455579
2021-11-12,22.2,22.2,21.67,21.89,1088599
2021-11-15,21.93,22.03,21.64,21.79,642137
2021-11-16,21.65,21.73,20.68,20.74,2281491
2021-11-17,20.65,20.85,20.61,20.76,678137
2021-11-18,20.73,20.87,20.47,20.8,785012
2021-11-19,20.74,21.11,20.67,20.99,796637
2021-11-22,20.97,21.18,20.94,20.98,696913
2021-11-23,20.97,21.16,20.9,20.91,646040
2021-11-24,20.9,21.01,20.77,20.89,516818
2021-11-25,20.86,20.94,20.74,20.81,451105
2021-11-26,20.75,20.8,20.65,20.66,470738
2021-11-29,20.47,20.56,20.4,20.55,632218
2021-11-30,20.68,20.72,20.48,20.53,618799
2021-12-01,20.47,20.98,20.42,20.93,842459
2021-12-02,20.89,21.21,20.81,21.07,739732
2021-12-03,21.16,21.51,21.12,21.41,1045719
2021-12-06,21.61,22.9,21.61,22.39,3164170
2021-12-07,22.64,22.9,22.47,22.6,1836994
2021-12-08,22.77,23.01,22.52,22.89,1418087
2021-12-09,22.81,23.54,22.77,23.23,1895882
2021-12-10,22.96,23.01,22.68,22.85,1213976
2021-12-13,23.34,23.57,23.04,23.05,1548179
2021-12-14,22.9,23.02,22.65,22.74,910137
2021-12-15,22.87,23.13,22.74,22.81,678403
2021-12-16,22.86,23.14,22.81,23.03,590211
2021-12-17,23.12,23.18,22.7,22.72,665803
2021-12-20,22.73,22.9,22.3,22.36,749119
2021-12-21,22.32,22.71,22.32,22.56,530788
2021-12-22,22.57,22.67,22.35,22.36,398667
2021-12-23,22.39,22.52,22.22,22.41,448029
2021-12-24,22.4,22.64,22.19,22.2,499961
2021-12-27,22.3,22.51,22.15,22.47,451896
2021-12-28,22.55,22.71,22.33,22.51,549142
2021-12-29,22.58,22.58,22.32,22.36,485993
2021-12-30,22.34,23.01,22.34,22.79,781346
2021-12-31,22.87,23.07,22.81,22.82,670511
2022-01-04,22.82,22.98,22.53,22.85,606262
2022-01-05,22.74,22.85,22.21,22.41,982363
2022-01-06,22.31,22.48,21.93,21.96,898959
2022-01-07,22.07,22.45,22.03,22.22,572167
2022-01-10,22.42,22.54,22.24,22.32,458671
2022-01-11,22.32,22.85,22.22,22.43,658879
2022-01-12,22.38,22.67,22.21,22.61,605877
2022-01-13,23.04,23.2,22.76,22.78,1144382
2022-01-14,22.04,22.29,21.61,21.62,1850995
2022-01-17,21.49,22.55,21.41,22.18,1619643
2022-01-18,22.14,22.49,22.07,22.21,1310253
2022-01-27,22.79,22.88,21.86,22.13,2249220
2022-01-28,22.18,23.34,22.16,22.58,1798787
2022-02-07,22.94,23.38,22.77,23.26,1178472
2022-02-08,23.18,23.41,22.95,23.35,846228
2022-02-09,23.31,23.4,23.01,23.29,799554
2022-02-10,23.2,23.39,23.08,23.31,629345
2022-02-11,23.28,24.15,23.23,23.67,1159875
2022-02-14,23.38,23.56,22.7,22.78,996277
2022-02-15,22.59,22.74,22.29,22.67,805112
2022-02-16,22.74,22.9,22.5,22.52,684182
2022-02-17,22.61,22.68,22.2,22.29,628127
2022-02-18,22.21,22.68,22.21,22.62,511149
2022-02-21,22.78,22.83,22.28,22.5,629342
2022-02-22,22.28,22.33,21.71,22.01,1065787
2022-02-23,22.01,22.24,21.89,22.23,763228
2022-02-24,21.98,22.01,21.21,21.44,1338456
2022-02-25,21.58,21.74,21.25,21.3,727586
2022-02-28,21.23,21.36,20.99,21.31,614454
2022-03-01,21.36,21.44,21.1,21.35,768058
2022-03-02,21.19,21.27,20.95,21.04,688578
2022-03-03,21.1,21.21,20.99,21.18,578139
2022-03-04,20.98,21.01,20.64,20.71,790291
2022-03-07,20.56,20.56,19.56,19.72,1419645
2022-03-08,19.75,19.86,19.02,19.08,1183291
2022-03-09,19.18,19.26,17.98,18.74,1382086
2022-03-10,19.18,19.26,18.56,18.64,1234675
2022-03-11,18.35,19.07,17.93,18.88,1546968
2022-03-14,18.48,18.9,18.42,18.5,812738
2022-03-15,18.33,18.63,17.47,17.59,1566994
2022-03-16,17.83,19.15,17.36,18.81,2310606
2022-03-17,19.03,19.31,18.64,18.7,1628894
2022-03-18,18.78,19.43,18.59,19.43,1450580
2022-03-21,19.06,19.09,18.64,18.79,1182435
2022-03-22,18.68,19.04,18.67,18.83,664790
2022-03-23,18.91,18.93,18.72,18.82,549515
2022-03-24,18.66,18.87,18.6,18.66,540819
2022-03-25,18.6,18.81,18.31,18.35,616371
2022-03-28,18.16,18.58,18.04,18.44,650026
2022-03-29,18.55,18.6,18.16,18.23,532347
2022-03-30,18.41,19.14,18.41,19.05,1340413
2022-03-31,18.87,19.0,18.78,18.88,688175
2022-04-01,18.69,19.29,18.66,19.1,1000268
2022-04-06,18.89,19.12,18.81,19.1,667070
2022-04-07,18.98,19.16,18.66,18.66,724825
2022-04-08,18.75,19.09,18.55,19.06,950965
2022-04-11,18.96,18.98,18.37,18.45,889097
2022-04-12,18.45,19.38,18.42,19.08,1156969
2022-04-13,18.78,19.04,18.62,18.68,928591
2022-04-14,18.88,19.18,18.8,18.95,992873
2022-04-15,18.88,19.08,18.72,18.86,770651
2022-04-18,18.64,18.64,18.08,18.27,925843
2022-04-19,18.29,18.4,18.09,18.2,573874
2022-04-20,18.14,18.25,17.85,17.89,712133
2022-04-21,17.83,18.22,17.69,17.82,836545
2022-04-22,17.66,18.0,17.61,17.86,739041
2022-04-25,17.47,17.93,17.19,17.21,1051415
2022-04-26,17.21,17.29,16.19,16.31,1458886
2022-04-27,16.08,16.97,15.99,16.79,1036628
2022-04-28,16.63,16.82,16.43,16.75,783359
2022-04-29,17.26,17.86,16.91,17.67,1571358
2022-05-05,17.45,17.65,17.35,17.36,818892
2022-05-06,16.98,17.14,16.78,16.78,669163
2022-05-09,16.73,16.87,16.63,16.71,422021
2022-05-10,16.49,17.16,16.46,16.99,695687
2022-05-11,17.03,17.5,16.94,17.11,976802
2022-05-12,16.99,17.35,16.96,17.07,532809
2022-05-13,17.18,17.32,17.06,17.27,561558
2022-05-16,17.41,17.45,16.97,17.05,591296
2022-05-17,17.12,17.43,16.98,17.3,600074
2022-05-18,17.36,17.57,17.28,17.5,772862
2022-05-19,17.23,17.42,17.18,17.35,488009
2022-05-20,17.54,17.84,17.5,17.73,921753
2022-05-23,17.64,17.78,17.48,17.68,577127
2022-05-24,17.66,17.72,17.21,17.22,628092
2022-05-25,17.23,17.42,17.19,17.29,433263
2022-05-26,17.31,17.73,17.19,17.6,660404
2022-05-27,17.66,17.78,17.48,17.59,551474
2022-05-30,17.66,17.74,17.43,17.48,514139
2022-05-31,17.46,17.8,17.41,17.77,740463
2022-06-01,17.78,17.88,17.48,17.59,585778
2022-06-02,17.46,17.75,17.32,17.66,730835
2022-06-06,17.58,18.05,17.46,17.94,1065213
2022-06-07,17.91,18.4,17.86,18.09,1218894
2022-06-08,18.16,18.44,18.03,18.34,1123419
2022-06-09,18.35,18.74,18.13,18.21,1126433
2022-06-10,18.08,18.91,18.02,18.77,1378416
2022-06-13,18.46,18.56,18.09,18.25,1199708
2022-06-14,17.98,19.13,17.59,19.09,2041708
2022-06-15,19.18,20.73,19.17,19.85,3870782
2022-06-16,19.77,19.77,18.78,18.8,2456362
2022-06-17,18.58,19.23,18.43,18.8,1477400
2022-06-20,18.77,19.05,18.55,18.7,1123384
2022-06-21,18.65,19.17,18.63,18.99,1303470
2022-06-22,19.03,19.22,18.66,18.74,1087038
2022-06-23,18.71,20.28,18.7,19.75,2189825
2022-06-24,19.82,19.96,19.47,19.61,1353485
2022-06-27,19.73,20.01,19.58,19.78,1147774
2022-06-28,19.73,19.97,19.28,19.73,1307242
2022-06-29,19.56,19.83,19.35,19.39,1024874
2022-06-30,19.42,19.93,19.42,19.64,1050794
2022-07-01,19.68,19.72,19.23,19.32,762405
2022-07-04,19.32,19.45,18.88,19.42,974439
2022-07-05,19.43,19.63,18.89,19.14,978338
2022-07-06,19.03,19.2,18.83,18.9,782232
2022-07-07,18.91,19.05,18.82,18.87,565501
2022-07-08,18.94,19.0,18.61,18.65,709285
2022-07-11,18.5,18.56,18.13,18.18,1019754
2022-07-12,18.23,18.41,18.1,18.2,728404
2022-07-13,18.2,18.37,18.13,18.2,544024
2022-07-14,18.16,18.2,17.98,18.0,565378
2022-07-15,17.98,18.14,17.55,17.55,844822
2022-07-18,17.63,17.95,17.63,17.85,622302
2022-07-19,17.85,18.06,17.68,17.94,567338
2022-07-20,18.0,18.07,17.91,17.96,471607
2022-07-21,17.92,17.97,17.74,17.75,426832
2022-07-22,17.82,18.03,17.71,17.86,471389
2022-07-25,17.85,17.86,17.59,17.64,463479
2022-07-26,17.68,17.89,17.66,17.81,343846
2022-07-27,17.73,17.86,17.71,17.79,326735
2022-07-28,17.89,18.1,17.83,17.85,595376
2022-07-29,17.86,18.06,17.57,17.58,582422
2022-08-01,17.53,17.54,17.22,17.32,561560
2022-08-02,17.08,17.08,16.58,16.78,956124
2022-08-03,16.78,16.97,16.68,16.73,561538
2022-08-04,16.79,17.01,16.77,16.82,619833
2022-08-05,16.85,17.31,16.81,17.28,702522
2022-08-08,17.2,17.46,17.17,17.41,470863
2022-08-09,17.38,17.62,17.32,17.36,505544
2022-08-10,17.39,17.67,17.26,17.46,487223
2022-08-11,17.59,18.23,17.49,18.15,1397311
2022-08-12,17.98,18.14,17.92,18.04,741750
2022-08-15,17.94,18.17,17.87,17.93,502255
2022-08-16,17.98,18.09,17.89,17.92,371111
2022-08-17,17.97,18.26,17.79,18.18,776178
2022-08-18,18.08,18.18,17.95,18.0,371902
2022-08-19,18.02,18.16,17.94,17.96,373062
2022-08-22,17.9,18.1,17.88,17.93,362703
2022-08-23,17.93,18.16,17.79,17.88,515282
2022-08-24,17.87,18.13,17.48,17.52,768150
2022-08-25,17.54,18.26,17.49,18.1,961571
2022-08-26,18.22,18.24,17.86,17.92,648589
2022-08-29,17.8,18.02,17.73,17.89,399914
2022-08-30,17.88,18.02,17.52,17.77,609104
2022-08-31,17.67,18.28,17.64,18.04,889231
2022-09-01,17.9,18.02,17.69,17.82,530111
2022-09-02,17.82,18.0,17.62,17.76,446179
2022-09-05,17.68,17.86,17.6,17.79,430613
2022-09-06,17.82,18.02,17.8,18.0,599818
2022-09-07,17.92,17.97,17.82,17.89,319087
2022-09-08,17.92,18.06,17.83,17.83,374768
2022-09-09,17.87,18.44,17.84,18.3,1007421
2022-09-13,18.38,18.52,18.24,18.35,622301
2022-09-14,18.12,18.26,18.06,18.1,523532
2022-09-15,18.12,18.32,17.93,18.05,615972
2022-09-16,17.91,17.99,16.88,16.94,1918654
2022-09-19,16.87,17.08,16.83,16.94,658783
2022-09-20,16.98,17.09,16.84,16.94,447836
2022-09-21,16.83,17.07,16.76,16.95,481071
2022-09-22,16.8,17.0,16.78,16.91,327023
2022-09-23,16.89,17.02,16.77,16.88,376786
2022-09-26,16.76,16.83,16.52,16.54,477755
2022-09-27,16.62,16.7,16.35,16.59,596610
2022-09-28,16.48,16.52,16.17,16.24,544254
2022-09-29,16.37,16.39,15.84,15.92,568276
2022-09-30,15.91,16.09,15.88,15.94,412399
2022-10-10,15.8,16.13,15.77,15.85,444611
2022-10-11,15.93,16.17,15.79,15.91,393165
2022-10-12,15.91,16.34,15.82,16.31,562548
2022-10-13,16.24,16.29,16.11,16.23,414404
2022-10-14,16.39,16.72,16.34,16.59,621606
2022-10-17,16.52,16.77,16.48,16.7,395460
2022-10-18,16.74,16.82,16.62,16.69,375948
2022-10-19,16.68,16.79,16.58,16.62,435640
2022-10-20,16.57,16.88,16.54,16.62,462291
2022-10-21,16.91,17.02,16.66,16.72,702020
2022-10-24,16.84,17.07,16.18,16.28,852518
2022-10-25,16.32,16.49,15.98,16.05,736668
2022-10-26,16.02,16.36,15.97,16.05,695153
2022-10-27,16.1,16.33,16.07,16.12,512715
2022-10-28,16.04,16.16,15.67,15.74,594711
2022-10-31,15.71,15.96,15.56,15.73,618304
2022-11-01,15.8,16.42,15.78,16.42,834094
2022-11-02,16.22,16.54,16.19,16.43,651511
2022-11-03,16.37,16.4,16.17,16.25,377555
2022-11-04,16.23,16.91,16.23,16.77,862706
2022-11-07,16.67,16.92,16.63,16.79,598130
2022-11-08,16.82,16.91,16.64,16.8,372081
2022-11-09,16.79,16.93,16.72,16.77,333565
2022-11-10,16.68,17.07,16.64,16.95,617652
2022-11-11,17.52,17.72,17.23,17.48,1247938
2022-11-14,17.66,18.04,17.52,17.72,1340592
2022-11-15,17.63,18.61,17.63,18.32,1424833
2022-11-16,18.23,18.39,17.92,17.95,730208
2022-11-17,17.88,18.01,17.76,17.98,513618
2022-11-18,17.97,18.02,17.64,17.67,565865
2022-11-21,17.52,17.52,17.22,17.37,460381
2022-11-22,17.46,17.85,17.34,17.68,535088
2022-11-23,17.65,17.94,17.6,17.74,487637
2022-11-24,17.9,18.01,17.59,17.62,406165
2022-11-25,17.62,17.97,17.58,17.87,542375
2022-11-28,17.52,17.57,17.27,17.53,536798
2022-11-29,17.57,18.43,17.57,18.26,1212733
2022-11-30,18.17,18.61,18.14,18.34,1055676
2022-12-01,18.7,19.48,18.45,18.49,1979497
2022-12-02,18.52,18.65,18.26,18.35,585850
2022-12-05,18.66,19.4,18.66,19.35,1680806
2022-12-06,19.15,19.78,19.15,19.42,1251618
2022-12-07,19.36,19.5,19.02,19.11,760814
2022-12-08,19.07,19.24,18.92,19.03,632475
2022-12-09,19.07,19.28,18.78,19.16,844050
2022-12-12,18.96,19.07,18.68,18.76,694337
2022-12-13,18.82,19.02,18.73,18.82,597671
2022-12-14,18.87,19.22,18.68,19.06,590594
2022-12-15,18.97,19.12,18.77,18.79,433059
2022-12-16,18.74,19.1,18.71,18.93,594499
2022-12-19,18.98,19.12,18.38,18.48,682772
2022-12-20,18.42,18.62,18.08,18.23,488120
2022-12-21,18.36,18.37,18.19,18.26,295335
2022-12-22,18.52,18.58,18.29,18.39,468564
2022-12-23,18.25,18.49,18.2,18.31,354937
2022-12-26,18.27,18.43,18.14,18.19,342238
2022-12-27,18.32,18.69,18.22,18.66,596653
2022-12-28,18.58,18.67,18.48,18.57,313698
2022-12-29,18.42,18.5,18.15,18.3,483679
2022-12-30,18.37,18.67,18.37,18.43,448713
2023-01-03,18.3,18.49,17.88,18.42,692944
2023-01-04,18.46,18.72,18.42,18.67,492645
2023-01-05,18.82,19.07,18.73,18.96,780586
2023-01-06,18.86,19.03,18.77,18.93,503337
2023-01-09,19.07,19.42,19.02,19.17,786134
2023-01-10,19.12,19.28,18.93,18.96,479810
2023-01-11,19.02,19.1,18.71,18.86,552668
2023-01-12,18.91,18.99,18.74,18.98,387843
2023-01-13,18.98,19.27,18.79,19.27,828639
2023-01-16,19.3,20.51,19.18,20.06,2366243
2023-01-17,19.89,20.19,19.82,20.15,807047
2023-01-18,20.03,20.22,19.9,19.9,593369
2023-01-19,19.85,20.15,19.78,20.14,678180
2023-01-20,20.16,20.22,19.87,20.19,710780
2023-01-30,20.77,20.81,19.98,20.13,1278232
2023-01-31,20.25,20.35,19.81,19.93,829063
2023-02-01,20.01,20.7,19.93,20.61,1005566
2023-02-02,20.99,21.01,19.92,19.95,1943692
2023-02-03,19.82,19.9,19.58,19.88,819820
2023-02-06,19.68,19.68,19.32,19.37,788730
2023-02-07,19.47,19.55,19.35,19.42,416286
2023-02-08,19.43,19.5,19.33,19.39,307495
2023-02-09,19.36,19.69,19.32,19.69,505692
2023-02-10,19.62,19.62,19.4,19.48,389886
2023-02-13,19.34,19.55,19.27,19.45,470592
2023-02-14,19.52,19.54,19.28,19.44,378261
2023-02-15,19.41,19.48,19.23,19.27,441502
2023-02-16,19.29,19.57,18.92,19.09,754672
2023-02-17,19.07,19.17,18.75,18.76,534649
2023-02-20,18.99,19.62,18.93,19.56,965455
2023-02-21,19.45,19.69,19.41,19.61,717272
2023-02-22,19.52,19.62,19.25,19.32,690167
2023-02-23,19.33,19.7,19.33,19.55,694633
2023-02-24,19.57,19.61,19.11,19.11,760295
2023-02-27,18.9,19.06,18.82,18.96,374362
2023-02-28,19.02,19.19,18.87,19.17,418406
2023-03-01,19.13,19.52,19.05,19.42,570920
2023-03-02,19.36,19.51,19.3,19.4,395712
2023-03-03,19.44,19.75,19.37,19.69,710361
2023-03-06,19.7,19.71,19.15,19.21,877479
2023-03-07,19.17,19.68,18.99,19.03,1201098
2023-03-08,18.91,18.97,18.77,18.88,676840
2023-03-09,18.96,19.03,18.78,18.8,442349
2023-03-10,18.64,18.68,18.43,18.51,587130
2023-03-13,18.52,18.7,18.47,18.65,446131
2023-03-14,18.55,18.57,18.21,18.38,568961
2023-03-15,18.56,18.62,18.46,18.57,495211
2023-03-16,18.37,18.61,18.35,18.43,472923
2023-03-17,18.57,19.02,18.57,18.68,881548
2023-03-20,18.68,18.94,18.53,18.57,651845
2023-03-21,18.65,18.87,18.57,18.73,438535
2023-03-22,18.82,18.9,18.69,18.82,539983
2023-03-23,18.68,19.02,18.65,19.01,509007
2023-03-24,18.98,19.11,18.89,19.04,428716
2023-03-27,19.04,19.11,18.79,18.92,513917
2023-03-28,18.96,19.01,18.82,18.91,380341
2023-03-29,19.0,19.01,18.62,18.73,481011
2023-03-30,18.69,19.14,18.58,19.0,576891
2023-03-31,18.93,19.11,18.89,19.0,390271
2023-04-03,19.0,19.57,18.99,19.52,1285585
2023-04-04,19.52,19.67,19.42,19.59,992536
2023-04-06,19.57,19.6,19.33,19.41,566802
2023-04-07,19.42,19.87,19.35,19.69,789999
2023-04-10,19.84,19.98,19.57,19.64,849665
2023-04-11,19.77,20.23,19.76,19.86,1161390
2023-04-12,19.86,20.0,19.75,19.86,612833
2023-04-13,19.74,19.75,19.45,19.46,647184
2023-04-14,19.53,19.65,19.34,19.47,481025
2023-04-17,19.47,20.3,19.43,20.3,1624228
2023-04-18,20.29,20.44,20.12,20.25,990579
2023-04-19,20.23,20.25,19.94,20.0,658684
2023-04-20,19.93,20.11,19.85,20.07,568484
2023-04-21,20.04,20.06,19.32,19.33,952917
2023-04-24,19.31,19.42,19.01,19.14,712967
2023-04-25,19.12,19.42,19.01,19.24,745541
2023-04-26,19.12,19.28,19.0,19.15,651940
2023-04-27,19.12,19.62,19.05,19.55,886401
2023-04-28,19.3,19.75,19.05,19.54,1268279
2023-05-04,19.35,19.98,19.04,19.79,1070272
2023-05-05,19.89,20.75,19.87,20.45,2183066
2023-05-08,20.32,21.5,20.17,21.21,2838762
2023-05-09,21.4,22.43,21.22,21.26,4023736
2023-05-10,21.02,21.18,20.29,20.41,2103400
2023-05-11,20.44,20.63,20.24,20.32,830927
2023-05-12,20.28,20.4,19.95,20.02,851291
2023-05-15,19.99,20.42,19.6,20.34,1122918
2023-05-16,20.32,20.67,20.2,20.32,804855
2023-05-17,20.22,20.42,20.07,20.18,483320
2023-05-18,20.19,20.54,20.12,20.19,604724
2023-05-19,20.12,20.12,19.73,19.81,766753
2023-05-22,19.79,19.98,19.73,19.82,484949
2023-05-23,19.8,19.84,19.37,19.37,773846
2023-05-24,19.36,19.36,18.78,18.8,1090077
2023-05-25,18.73,18.88,18.62,18.84,660117
2023-05-26,18.84,19.01,18.68,18.89,457693
2023-05-29,18.88,18.96,18.74,18.87,500163
2023-05-30,18.91,18.98,18.62,18.88,655883
2023-05-31,18.82,18.82,18.47,18.57,982478
2023-06-01,18.57,18.83,18.48,18.62,750125
2023-06-02,18.67,18.79,18.63,18.71,882620
2023-06-05,18.72,18.74,18.5,18.52,613004
2023-06-06,18.52,18.73,18.32,18.35,740980
2023-06-07,18.37,18.56,18.33,18.39,476803
2023-06-08,18.4,18.81,18.26,18.72,771346
2023-06-09,18.7,18.82,18.6,18.7,510678
2023-06-12,18.67,18.69,18.35,18.37,897547
2023-06-13,18.33,18.52,18.33,18.5,509990
2023-06-14,18.52,18.78,18.5,18.52,756191
2023-06-15,18.65,18.88,18.55,18.82,830879
2023-06-16,18.85,18.95,18.74,18.91,702426
2023-06-19,18.9,18.9,18.61,18.67,679583
2023-06-20,18.67,18.73,18.52,18.58,601379
2023-06-21,18.54,18.61,18.34,18.37,512318
2023-06-26,18.18,18.18,17.8,17.81,833980
2023-06-27,17.82,18.08,17.82,18.01,376666
2023-06-28,17.99,18.06,17.88,18.02,384117
2023-06-29,18.01,18.09,17.89,17.96,295886
2023-06-30,17.94,18.43,17.94,18.3,518329
2023-07-03,18.32,18.91,18.3,18.76,871629
2023-07-04,18.7,18.93,18.68,18.8,462444
2023-07-05,18.78,18.86,18.67,18.67,343733
2023-07-06,18.52,18.75,18.49,18.57,421413
2023-07-07,18.49,18.76,18.44,18.65,415074
2023-07-10,18.68,18.81,18.54,18.64,339428
2023-07-11,18.72,18.82,18.67,18.76,353911
2023-07-12,18.79,18.83,18.58,18.6,315572
2023-07-13,18.71,19.06,18.7,18.99,803793
2023-07-14,19.05,19.1,18.91,19.02,445111
2023-07-17,18.96,18.96,18.72,18.8,349439
2023-07-18,18.9,18.91,18.72,18.81,274262
2023-07-19,18.66,18.95,18.66,18.93,387182
2023-07-20,19.02,19.07,18.81,18.82,441118
2023-07-21,18.82,19.09,18.79,18.88,445415
2023-07-24,18.68,19.12,18.67,18.91,396661
2023-07-25,19.82,20.27,19.51,20.1,2590025
2023-07-26,20.07,20.32,19.96,20.3,1284302
2023-07-27,20.29,20.49,19.99,20.04,916243
2023-07-28,19.99,22.19,19.98,22.19,4413377
2023-07-31,22.82,23.39,22.42,22.62,4465017
2023-08-01,22.42,22.79,21.9,22.19,2738399
2023-08-02,22.2,23.11,22.17,22.37,2239608
2023-08-03,22.98,23.36,22.31,22.95,2633857
2023-08-04,23.52,24.62,23.01,23.22,4677813
2023-08-07,22.8,23.4,22.43,23.29,1919689
2023-08-08,22.94,23.92,22.4,23.42,2488180
2023-08-09,23.16,23.72,23.05,23.43,1639236
2023-08-10,23.42,23.72,23.27,23.72,1872111
2023-08-11,23.5,23.5,22.5,22.62,2801688
2023-08-14,22.02,22.75,22.02,22.27,1938486
2023-08-15,22.25,22.66,22.15,22.63,1491247
2023-08-16,22.28,23.16,21.96,22.53,1453083
2023-08-17,22.32,22.75,22.02,22.47,1330955
2023-08-18,22.78,23.35,22.49,22.49,1600767
2023-08-21,22.19,22.28,21.41,21.46,2116638
2023-08-22,21.75,21.99,21.42,21.74,1277267
2023-08-23,21.63,21.76,21.31,21.32,752343
2023-08-24,21.53,22.44,21.47,22.08,1556384
2023-08-25,22.0,22.65,21.84,22.44,1343605
2023-08-28,24.78,24.78,22.67,22.8,5056354
2023-08-29,22.38,22.76,21.91,22.39,2511461
2023-08-30,22.39,22.39,21.54,21.57,2316335
2023-08-31,21.57,21.73,21.19,21.21,1216414
2023-09-01,21.33,21.66,21.22,21.39,998386
2023-09-04,21.52,21.77,21.31,21.58,992210
2023-09-05,21.48,21.48,21.25,21.39,646908
2023-09-06,21.25,21.33,20.97,21.14,977957
2023-09-07,21.14,21.43,21.02,21.13,857824
2023-09-08,21.04,21.33,20.79,21.26,735701
2023-09-11,21.31,21.79,21.12,21.61,1127082
2023-09-12,21.52,21.63,21.37,21.4,655934
2023-09-13,21.45,21.47,21.19,21.29,558953
2023-09-14,21.28,21.39,21.17,21.3,559797
2023-09-15,21.35,21.39,20.96,21.06,749102
2023-09-18,20.96,21.16,20.83,21.15,597284
2023-09-19,21.15,21.16,20.97,21.03,479372
2023-09-20,21.0,21.06,20.74,20.91,393267
2023-09-21,20.83,21.04,20.73,20.74,493029
2023-09-22,20.7,21.66,20.68,21.62,1278377
2023-09-25,21.49,21.49,20.86,20.91,1036854
2023-09-26,20.88,21.15,20.84,20.99,571626
2023-09-27,20.92,21.19,20.92,21.04,583678
2023-09-28,21.08,21.17,20.66,20.67,854426
2023-10-09,20.43,20.75,20.1,20.69,707714
2023-10-10,20.82,20.87,20.42,20.44,405554
2023-10-11,20.59,20.68,20.46,20.52,393846
2023-10-12,20.89,20.99,20.66,20.77,577071
2023-10-13,20.59,20.65,20.47,20.53,375228
2023-10-16,20.48,20.72,20.33,20.52,424367
2023-10-17,20.6,21.2,20.52,20.96,857709
2023-10-18,20.82,21.05,20.77,20.87,469291
2023-10-19,20.71,20.94,20.53,20.57,790917
2023-10-20,20.44,20.76,20.41,20.54,654234
2023-10-23,20.37,20.48,20.06,20.19,546026
2023-10-24,20.31,20.79,20.26,20.63,765613
2023-10-25,20.93,21.11,20.74,20.85,784531
2023-10-26,20.72,20.91,20.52,20.81,530432
2023-10-27,20.67,21.19,20.41,21.04,929863
2023-10-30,20.87,20.89,20.34,20.61,1028837
2023-10-31,20.59,20.87,20.51,20.72,672834
2023-11-01,20.94,21.05,20.51,20.74,581701
2023-11-02,20.74,20.88,20.49,20.54,482603
2023-11-03,20.54,20.91,20.43,20.87,895103
2023-11-06,21.56,22.05,21.27,21.84,1935126
2023-11-07,21.62,21.93,21.59,21.8,966080
2023-11-08,21.79,21.83,21.42,21.59,918894
2023-11-09,21.48,21.62,21.31,21.47,610136
2023-11-10,21.36,21.56,21.31,21.47,567732
2023-11-13,21.47,21.49,21.22,21.3,532958
2023-11-14,21.32,21.96,21.31,21.63,1105527
2023-11-15,21.9,21.93,21.53,21.61,728543
2023-11-16,21.61,21.71,21.43,21.44,462101
2023-11-17,21.34,21.53,21.25,21.53,484639
2023-11-20,21.52,21.53,21.08,21.36,588282
2023-11-21,21.48,21.85,21.37,21.45,744222
2023-11-22,21.32,21.49,21.21,21.22,364603
2023-11-23,21.22,21.3,20.93,21.25,498746
2023-11-24,21.2,21.25,21.04,21.06,465400
2023-11-27,21.01,21.02,20.52,20.7,820899
2023-11-28,20.69,20.79,20.53,20.62,463398
2023-11-29,20.67,20.67,20.31,20.41,498813
2023-11-30,20.41,20.51,20.29,20.46,477454
2023-12-01,20.42,20.63,20.32,20.57,494455
2023-12-04,20.52,20.63,20.41,20.42,374544
2023-12-05,20.35,20.49,20.11,20.14,477292
2023-12-06,20.1,20.19,19.96,19.96,463647
2023-12-07,19.91,20.14,19.83,20.04,431004
2023-12-08,20.03,20.17,19.96,19.96,468350
2023-12-11,19.81,20.26,19.6,20.22,717469
2023-12-12,20.08,20.21,20.04,20.14,418151
2023-12-13,20.13,20.13,19.71,19.72,667977
2023-12-14,19.81,19.88,19.49,19.51,547770
2023-12-15,19.58,19.82,19.45,19.47,589352
2023-12-18,19.41,19.6,19.33,19.45,422359
2023-12-19,19.44,19.65,19.37,19.65,485472
2023-12-20,19.62,19.63,19.15,19.17,614281
2023-12-21,19.12,19.36,19.04,19.28,532444
2023-12-22,19.21,19.4,19.03,19.29,530620
2023-12-25,19.19,19.31,19.0,19.02,497957
2023-12-26,19.01,19.06,18.74,18.86,402623
2023-12-27,18.84,19.09,18.63,18.91,631842
2023-12-28,18.84,19.46,18.82,19.38,872080
2023-12-29,19.34,19.55,19.29,19.38,644382
2024-01-02,19.39,19.41,19.07,19.08,587765
2024-01-03,19.01,19.26,18.99,19.19,547514
2024-01-04,19.13,19.17,18.85,19.01,503918
2024-01-05,18.96,19.19,18.67,18.8,696148
2024-01-08,18.73,18.87,18.41,18.43,625671
2024-01-09,18.43,18.57,18.34,18.47,458458
2024-01-10,18.46,18.64,18.27,18.47,525961
2024-01-11,18.49,18.67,18.35,18.61,447933
2024-01-12,18.51,18.74,18.46,18.53,397471
2024-01-15,18.37,18.7,18.34,18.49,338558
2024-01-16,18.46,18.63,18.23,18.59,580084
2024-01-17,18.51,18.54,18.23,18.23,561491
2024-01-18,18.08,18.55,17.79,18.5,1121366
2024-01-19,18.31,18.59,18.26,18.48,691141
2024-01-22,18.41,18.58,17.93,18.14,984471
2024-01-23,18.06,18.96,17.95,18.79,1152870
2024-01-24,18.89,19.63,18.62,19.53,1453993
2024-01-25,19.35,19.71,19.14,19.57,1542794
2024-01-26,19.41,20.09,19.32,19.84,1482557
2024-01-29,19.73,19.9,19.54,19.59,893544
2024-01-30,19.46,19.81,19.29,19.45,900567
2024-01-31,19.36,19.73,19.26,19.51,793198
2024-02-01,19.31,19.79,19.29,19.45,765051
2024-02-02,19.45,19.53,18.68,19.19,1022182
2024-02-05,19.09,19.53,18.77,19.19,996991
2024-02-06,19.17,20.23,19.01,20.15,1210246
2024-02-07,20.03,20.29,19.91,20.19,1121726
2024-02-08,20.31,20.54,20.09,20.26,1009396
2024-02-19,20.13,20.13,19.56,19.86,952239
2024-02-20,19.74,20.18,19.69,20.0,888629
2024-02-21,19.91,20.72,19.82,20.39,1287130
2024-02-22,20.28,20.81,20.24,20.74,1094041
2024-02-23,20.75,20.79,20.47,20.53,777536
2024-02-26,20.55,20.64,20.32,20.35,646414
2024-02-27,20.33,20.48,20.24,20.47,810284
2024-02-28,20.53,20.75,20.01,20.01,1172925
2024-02-29,20.01,20.36,19.96,20.31,963923
2024-03-01,20.31,20.45,20.11,20.33,723936
2024-03-04,20.34,20.37,20.07,20.17,590709
2024-03-05,20.04,20.25,20.03,20.19,790445
2024-03-06,20.18,20.41,20.04,20.11,654451
2024-03-07,20.08,20.21,19.72,19.82,892486
2024-03-08,19.81,19.91,19.72,19.81,465433
2024-03-11,19.9,20.21,19.88,20.2,758369
2024-03-12,20.31,20.46,20.17,20.41,820888
2024-03-13,20.41,20.44,20.06,20.08,635468
2024-03-14,20.02,20.17,19.72,19.81,675060
2024-03-15,19.72,19.9,19.6,19.88,608804
2024-03-18,19.9,20.44,19.88,20.27,1026790
2024-03-19,20.23,20.23,19.82,19.84,724657
2024-03-20,19.78,19.98,19.75,19.85,479502
2024-03-21,19.88,20.18,19.81,19.84,680561
2024-03-22,19.84,19.88,19.45,19.51,766249
2024-03-25,18.81,18.93,18.51,18.51,1799742
2024-03-26,18.42,18.63,18.42,18.61,763998
2024-03-27,18.53,18.55,18.33,18.36,687822
2024-03-28,18.31,18.54,18.24,18.32,1037015
2024-03-29,18.29,18.29,18.11,18.21,867231
2024-04-01,18.31,18.45,18.31,18.42,907087
2024-04-02,18.43,18.48,18.29,18.32,688563
2024-04-03,18.29,18.3,18.14,18.17,530948
2024-04-08,18.01,18.08,17.79,17.93,724600
2024-04-09,17.91,18.06,17.89,17.94,448793
2024-04-10,17.9,17.92,17.36,17.42,975998
2024-04-11,17.35,17.53,17.3,17.35,612759
2024-04-12,17.36,17.43,16.91,16.95,1057567
2024-04-15,16.51,16.93,16.27,16.75,1799117
2024-04-16,16.52,17.01,16.49,16.64,1249252
2024-04-17,16.59,17.12,16.46,17.11,1205475
2024-04-18,17.02,17.54,16.99,17.22,1349376
2024-04-19,17.11,17.31,17.07,17.14,782310
2024-04-22,17.14,17.56,17.14,17.29,779616
2024-04-23,17.33,17.44,17.21,17.28,665688
2024-04-24,17.26,17.34,17.06,17.28,548570
2024-04-25,17.26,17.33,17.12,17.19,516679
2024-04-26,17.56,18.28,17.38,18.17,2255741
2024-04-29,18.18,18.53,18.06,18.39,1886652
2024-04-30,18.26,18.37,17.96,18.02,1022410
2024-05-06,18.26,18.46,18.13,18.22,1078318
2024-05-07,18.21,18.26,18.08,18.13,659792
2024-05-08,18.04,18.11,17.76,17.79,783103
2024-05-09,17.84,18.03,17.83,17.92,742667
2024-05-10,17.95,18.15,17.86,18.07,905794
2024-05-13,18.04,18.14,17.77,17.99,814225
2024-05-14,18.02,18.04,17.84,18.02,669019
2024-05-15,18.07,18.1,17.75,17.76,774121
2024-05-16,17.81,17.99,17.75,17.79,605089
2024-05-17,17.79,18.23,17.74,18.2,1010141
2024-05-20,18.2,18.52,18.16,18.3,1325606
2024-05-21,18.24,18.37,18.16,18.25,565401
2024-05-22,18.21,18.37,18.16,18.32,644842
2024-05-23,18.22,18.28,17.85,17.88,863178
2024-05-24,17.81,17.93,17.53,17.6,726459
2024-05-27,17.61,17.77,17.55,17.74,583703
2024-05-28,17.69,17.92,17.61,17.63,470922
2024-05-29,17.57,17.81,17.57,17.66,379778
2024-05-30,17.6,17.69,17.46,17.57,475489
2024-05-31,17.65,17.85,17.59,17.63,519552
2024-06-03,17.56,17.57,17.36,17.44,585957
2024-06-04,17.44,17.62,17.44,17.57,486497
2024-06-05,17.53,17.68,17.53,17.55,451342
2024-06-06,17.59,17.69,17.44,17.5,592333
2024-06-07,17.56,17.61,17.21,17.39,571643
2024-06-11,17.29,17.49,17.29,17.35,452710
2024-06-12,17.32,17.39,17.28,17.29,415911
2024-06-13,17.31,17.37,17.21,17.27,461596
2024-06-14,17.25,17.78,17.21,17.64,1211654
2024-06-17,17.52,17.68,17.47,17.67,596441
2024-06-18,17.66,17.9,17.61,17.72,574730
2024-06-19,17.75,17.75,17.53,17.54,463449
2024-06-20,17.54,17.61,17.37,17.39,423174
2024-06-21,17.41,17.6,17.26,17.45,604170
2024-06-24,17.42,17.58,17.41,17.43,519767
2024-06-25,17.44,17.47,17.01,17.13,749159
2024-06-26,17.1,17.46,17.03,17.41,510173
2024-06-27,17.37,17.47,17.26,17.41,541513
2024-06-28,17.37,17.61,17.14,17.24,707386
2024-07-01,17.2,17.29,17.01,17.21,466210
2024-07-02,17.16,17.4,17.14,17.2,400207
2024-07-03,17.2,17.44,17.08,17.39,434344
2024-07-04,17.36,17.46,17.04,17.05,520144
2024-07-05,17.11,17.11,16.71,16.82,786784
2024-07-08,16.71,16.79,16.46,16.51,602173
2024-07-09,16.48,16.92,16.36,16.87,641412
2024-07-10,16.82,17.46,16.77,17.18,917488
2024-07-11,17.27,17.46,17.19,17.33,558238
2024-07-12,17.34,17.42,17.24,17.37,362182
2024-07-15,17.37,17.56,17.33,17.47,534401
2024-07-16,17.5,17.86,17.41,17.74,849412
2024-07-17,17.71,17.92,17.67,17.86,837772
2024-07-18,17.87,18.01,17.65,17.98,884104
2024-07-19,17.97,18.45,17.93,18.4,1591096
2024-07-22,19.0,19.25,18.58,19.2,3704495
2024-07-23,18.86,18.88,18.19,18.21,2571229
2024-07-24,18.08,18.31,17.77,17.89,1687897
2024-07-25,17.85,18.35,17.8,18.03,1306207
2024-07-26,17.93,18.55,17.88,18.27,1134245
2024-07-29,18.06,18.2,17.87,17.89,959431
2024-07-30,17.83,17.98,17.75,17.93,700063
2024-07-31,17.93,19.13,17.89,18.81,2253176
2024-08-01,18.56,18.83,18.52,18.59,1264389
2024-08-02,18.49,18.66,18.16,18.22,977032
2024-08-05,18.13,18.43,18.1,18.13,966170
2024-08-06,18.33,18.38,17.94,18.12,750600
2024-08-07,18.13,18.23,17.94,17.98,572451
2024-08-08,17.94,18.23,17.86,18.08,647325
2024-08-09,18.15,18.21,17.89,17.9,539984
2024-08-12,17.83,17.93,17.73,17.88,450726
2024-08-13,17.86,18.09,17.81,18.07,474724
2024-08-14,18.0,18.08,17.84,17.86,465023
2024-08-15,17.85,18.31,17.82,18.16,835145
2024-08-16,18.11,18.22,18.01,18.11,453321
2024-08-19,18.08,18.23,18.02,18.05,433058
2024-08-20,18.07,18.09,17.88,17.94,416586
2024-08-21,17.91,17.99,17.8,17.93,379242
2024-08-22,18.01,18.1,17.65,17.74,502415
2024-08-23,17.72,18.21,17.7,18.11,686559
2024-08-26,18.11,18.2,17.85,17.94,588413
2024-08-27,17.88,17.99,17.74,17.94,402103
2024-08-28,17.89,18.01,17.81,17.91,333701
2024-08-29,17.98,18.43,17.94,18.27,866324
2024-08-30,18.23,18.96,18.2,18.77,1421581
2024-09-02,18.67,18.68,18.39,18.4,653954
2024-09-03,18.39,18.73,18.39,18.6,508719
2024-09-04,18.53,18.77,18.53,18.6,467109
2024-09-05,18.53,18.66,18.45,18.59,523895
2024-09-06,18.92,19.06,18.52,18.54,1176128
2024-09-09,18.27,18.68,18.23,18.46,729015
2024-09-10,18.52,18.54,18.23,18.36,530734
2024-09-11,18.33,18.56,18.3,18.48,460408
2024-09-12,18.5,18.52,18.32,18.36,341256
2024-09-13,18.39,18.56,18.32,18.4,461500
2024-09-18,18.28,18.49,18.25,18.42,379326
2024-09-19,18.55,18.98,18.43,18.82,989389
2024-09-20,18.78,18.84,18.61,18.77,629197
2024-09-23,18.8,18.95,18.65,18.79,536511
2024-09-24,19.19,20.31,18.88,20.3,2869163
2024-09-25,20.77,21.26,20.53,20.64,3007318
2024-09-26,20.49,21.97,20.49,21.96,3093203
2024-09-27,22.88,24.21,22.18,24.21,2799347
2024-09-30,26.68,26.68,25.92,26.68,3949175
2024-10-08,29.4,29.4,29.4,29.4,1475213
2024-10-09,30.48,32.37,28.25,29.83,13514551
2024-10-10,28.58,29.22,26.96,27.23,7746704
2024-10-11,26.68,28.32,26.16,27.65,4859990
2024-10-14,27.45,27.46,25.55,26.94,4504191
2024-10-15,26.48,27.27,26.14,26.2,2781009
2024-10-16,25.59,26.62,25.55,25.89,2594892
2024-10-17,25.98,26.47,25.62,25.64,2065194
2024-10-18,25.6,28.26,25.58,27.39,5711829
2024-10-21,26.92,27.38,26.68,26.94,3633977
2024-10-22,26.96,27.39,26.8,27.15,2238021
2024-10-23,27.16,27.67,26.95,27.05,2793650
2024-10-24,26.88,27.19,26.59,26.76,1629023
2024-10-25,26.76,27.37,26.68,26.98,1665721
2024-10-28,26.99,27.09,26.82,26.97,1345732
2024-10-29,27.0,27.44,26.68,26.71,1868916
2024-10-30,26.73,27.26,26.65,26.94,1944753
2024-10-31,26.88,28.28,26.68,27.6,4095204
2024-11-01,27.6,28.1,27.32,27.43,2721582
2024-11-04,27.49,28.55,27.49,28.54,2742897
2024-11-05,28.71,30.47,28.17,29.95,4274424
2024-11-06,30.49,32.48,30.07,30.56,5450964
2024-11-07,29.98,33.67,29.98,33.67,4804505
2024-11-08,35.97,35.97,34.03,34.36,7454303
2024-11-11,33.03,35.08,32.58,34.36,5133058
2024-11-12,34.37,34.58,32.66,33.41,4145650
2024-11-13,32.48,32.97,31.95,32.4,3647055
2024-11-14,32.41,33.11,32.07,32.15,2554451
2024-11-15,32.15,32.48,30.59,30.61,3022570
2024-11-18,30.53,30.89,29.86,30.15,2450264
2024-11-19,30.18,31.0,29.96,30.78,2194106
2024-11-20,30.82,31.64,30.49,31.22,2172904
2024-11-21,31.0,31.6,30.86,31.37,1904306
2024-11-22,31.37,31.46,29.72,29.81,2305779
2024-11-25,29.81,29.98,28.62,29.14,2318101
2024-11-26,29.16,29.73,29.07,29.2,1365193
2024-11-27,29.17,29.77,28.97,29.76,1783034
2024-11-28,29.84,29.89,29.29,29.35,1281967
2024-11-29,29.36,31.36,29.23,30.23,2932909
2024-12-02,30.08,30.94,29.97,30.75,1932380
2024-12-03,30.75,30.94,30.18,30.56,1542309
2024-12-04,30.48,30.68,30.1,30.28,1178786
2024-12-05,30.18,30.73,30.13,30.38,1158933
2024-12-06,30.38,31.12,30.13,30.72,2054177
2024-12-09,30.63,30.86,30.23,30.6,1258572
2024-12-10,32.48,32.48,30.87,30.96,3066784
2024-12-11,30.91,31.2,30.64,30.82,1311480
2024-12-12,30.76,31.46,30.52,31.14,1694641
2024-12-13,30.82,30.83,29.85,29.9,2013226
2024-12-16,29.78,29.83,29.43,29.51,1263453
2024-12-17,29.49,30.13,29.39,29.71,1197166
2024-12-18,29.88,29.98,29.66,29.77,698694
2024-12-19,29.48,29.87,29.36,29.81,921468
2024-12-20,29.81,30.28,29.75,30.06,977712
2024-12-23,29.82,30.25,29.6,29.64,1045889
2024-12-24,29.64,30.1,29.62,30.04,1082009
2024-12-25,30.06,30.11,29.62,29.81,940862
2024-12-26,29.81,30.05,29.67,29.87,811412
2024-12-27,29.88,30.48,29.64,29.94,1792644
2024-12-30,29.82,30.26,29.72,30.23,1206691
2024-12-31,30.25,30.29,28.87,28.89,1980813
2025-01-02,28.7,28.72,26.89,27.17,2828487
2025-01-03,27.06,27.29,26.56,26.69,1839546
2025-01-06,26.52,26.83,26.24,26.78,1236877
2025-01-07,26.82,27.04,26.53,26.88,979724
2025-01-08,26.84,27.0,26.22,26.7,1192336
2025-01-09,26.65,26.84,26.52,26.61,630008
2025-01-10,26.65,26.8,26.18,26.18,800250
2025-01-13,25.88,26.31,25.88,26.23,660664
2025-01-14,26.34,27.48,26.27,27.42,1666249
2025-01-15,27.21,27.38,27.0,27.09,888640
2025-01-16,27.27,27.51,26.74,26.97,884584
2025-01-17,26.83,27.31,26.83,27.03,670563
2025-01-20,27.27,27.57,27.04,27.12,909528
2025-01-21,27.32,27.36,26.97,27.14,729070
2025-01-22,27.07,27.15,26.82,26.95,700671
2025-01-23,27.54,28.22,27.15,27.17,1624528
2025-01-24,27.15,27.46,27.06,27.26,969037
2025-01-27,27.35,27.37,26.64,26.65,886260
2025-02-05,26.99,26.99,26.56,26.67,786529
2025-02-06,26.62,27.18,26.56,27.09,1044842
2025-02-07,27.07,28.39,26.95,27.86,2157366
2025-02-10,27.88,28.02,27.68,27.87,1089053
2025-02-11,27.83,27.85,27.55,27.69,890392
2025-02-12,27.69,28.07,27.43,27.99,1159838
2025-02-13,27.99,28.29,27.72,27.84,1476617
2025-02-14,27.72,28.09,27.68,27.96,986332
2025-02-17,28.22,28.35,27.82,28.01,1208649
2025-02-18,27.91,27.95,27.18,27.26,1114981
2025-02-19,27.27,27.88,27.22,27.71,1000718
2025-02-20,27.65,27.78,27.44,27.61,712570
2025-02-21,27.61,28.33,27.43,28.18,1847404
2025-02-24,28.18,28.4,27.83,28.07,1197933
2025-02-25,27.82,27.94,27.44,27.55,1038604
2025-02-26,27.6,28.17,27.48,28.17,1393827
2025-02-27,27.95,28.22,27.55,27.96,1444800
2025-02-28,27.88,28.3,27.02,27.05,1594991
2025-03-03,27.15,27.52,26.93,27.08,1065090
2025-03-04,26.94,27.21,26.88,27.08,641731
2025-03-05,27.08,27.2,26.84,27.06,781856
2025-03-06,27.23,27.82,27.22,27.72,1562844
2025-03-07,27.52,27.61,27.24,27.3,957912
2025-03-10,27.22,27.22,26.86,26.96,904438
2025-03-11,26.72,27.03,26.63,27.02,779486
2025-03-12,27.02,27.44,26.91,27.02,975786
2025-03-13,26.97,27.17,26.7,26.82,860429
2025-03-14,26.95,28.18,26.86,27.79,2612084
2025-03-17,27.9,27.9,27.55,27.58,1040020
2025-03-18,27.68,27.83,27.56,27.67,684072
2025-03-19,27.65,27.81,27.55,27.65,677623
2025-03-20,27.65,27.67,27.33,27.4,641191
2025-03-21,27.32,27.43,26.77,26.81,977013
2025-03-24,26.81,26.92,26.72,26.91,668790
2025-03-25,26.92,26.94,26.72,26.74,539051
2025-03-26,26.74,26.83,26.66,26.7,564081
2025-03-27,26.66,26.88,26.43,26.62,725472
2025-03-28,26.7,26.75,26.45,26.52,658976
2025-03-31,26.44,26.56,26.02,26.24,797839
2025-04-01,26.24,26.38,26.11,26.16,596398
2025-04-02,26.12,26.33,26.07,26.26,456719
2025-04-03,26.02,26.44,26.02,26.16,558678
2025-04-07,24.72,24.89,23.52,23.74,2277300
2025-04-08,23.83,24.31,23.6,24.22,1718956
2025-04-09,24.16,24.84,23.87,24.61,1423352
2025-04-10,24.97,25.12,24.42,24.86,1227315
2025-04-11,24.85,25.31,24.75,25.08,932290
2025-04-14,25.16,25.21,24.93,24.95,635100
2025-04-15,24.91,24.93,24.66,24.83,562516
2025-04-16,24.81,24.97,24.49,24.87,662043
2025-04-17,24.77,24.97,24.69,24.89,481695
2025-04-18,24.78,24.97,24.72,24.87,476294
2025-04-21,24.79,25.0,24.71,24.95,441371
2025-04-22,24.92,25.02,24.8,24.8,459491
2025-04-23,24.95,25.0,24.76,24.85,483724
2025-04-24,24.84,24.97,24.67,24.72,519161
2025-04-25,24.82,25.05,24.8,24.92,670113
2025-04-28,24.92,24.93,24.72,24.85,440656
2025-04-29,24.86,24.92,24.68,24.73,462586
2025-04-30,24.8,25.0,24.74,24.8,514514
2025-05-06,25.0,25.4,24.92,25.23,819030
2025-05-07,26.0,26.14,25.33,25.39,1173234
2025-05-08,25.36,25.92,25.27,25.58,836747
2025-05-09,25.52,25.6,25.26,25.27,476958
2025-05-12,25.5,26.1,25.37,26.02,1314582
2025-05-13,26.22,26.27,25.78,25.81,796426
2025-05-14,25.77,27.46,25.73,26.79,2739056
2025-05-15,26.52,26.73,26.24,26.3,994565
2025-05-16,26.19,26.4,25.85,25.93,714800
2025-05-19,25.9,25.96,25.74,25.83,492746
2025-05-20,25.88,26.0,25.78,25.81,505241
2025-05-21,25.81,25.92,25.75,25.76,536492
2025-05-22,25.72,25.79,25.58,25.71,443995
2025-05-23,25.65,25.87,25.38,25.39,664482
2025-05-26,25.37,25.49,25.25,25.34,450699
2025-05-27,25.31,25.35,25.14,25.23,435105
2025-05-28,25.26,25.3,25.08,25.14,354733
2025-05-29,25.13,25.51,25.13,25.42,542716
2025-05-30,25.3,25.37,25.09,25.24,549771
2025-06-03,25.12,25.5,25.08,25.31,549946
2025-06-04,25.3,25.77,25.28,25.61,639143
2025-06-05,25.64,25.95,25.58,25.9,852046
2025-06-06,25.9,26.0,25.67,25.7,504054
2025-06-09,25.8,26.25,25.8,26.15,908770
2025-06-10,26.15,26.21,25.54,25.67,735344
2025-06-11,25.77,26.42,25.72,26.1,1032666
2025-06-12,25.89,26.4,25.78,26.16,748015
2025-06-13,26.07,26.16,25.9,26.02,737265
2025-06-16,25.92,26.47,25.89,26.4,780961
2025-06-17,26.39,26.44,26.24,26.42,514968
2025-06-18,26.42,26.43,25.97,26.1,523048
2025-06-19,26.07,26.14,25.58,25.63,652147
2025-06-20,25.63,25.77,25.6,25.6,419924
2025-06-23,25.5,26.02,25.47,25.95,552358
2025-06-24,26.0,26.79,25.98,26.63,1364250
2025-06-25,26.66,27.92,26.57,27.75,2856361
2025-06-26,27.7,27.78,27.27,27.29,1669402
2025-06-27,27.37,28.18,27.22,27.3,1776585
2025-06-30,27.33,27.57,27.07,27.34,968626
2025-07-01,27.35,27.5,27.03,27.11,707623
2025-07-02,27.12,27.24,26.95,27.0,575251
2025-07-03,27.11,27.47,27.08,27.39,725989
2025-07-04,27.32,27.77,27.07,27.38,1021394
2025-07-07,27.25,27.63,27.21,27.51,572224
2025-07-08,27.44,27.8,27.43,27.74,845803
2025-07-09,27.74,27.98,27.48,27.53,807702
2025-07-10,27.5,28.14,27.44,27.95,1421972
2025-07-11,28.05,29.01,27.88,28.38,2465015
2025-07-14,28.49,28.54,28.1,28.13,1009297
2025-07-15,28.17,28.34,27.8,27.96,943268
2025-07-16,27.96,28.05,27.62,27.8,761524
2025-07-17,27.79,28.1,27.73,27.97,639997
2025-07-18,28.02,28.18,27.88,28.06,666698
2025-07-21,28.17,28.73,28.06,28.62,1329005
2025-07-22,28.62,28.8,28.26,28.65,1121874
2025-07-23,28.73,29.78,28.72,29.5,2887813
2025-07-24,29.28,30.0,29.2,29.76,2097841
2025-07-25,29.81,29.94,29.33,29.42,1213935
2025-07-28,29.45,30.15,29.36,29.68,1257925
2025-07-29,29.52,29.71,29.17,29.67,1229931
2025-07-30,29.62,30.05,29.17,29.5,1268809
2025-07-31,29.31,29.62,28.57,28.74,1413395
2025-08-01,28.72,28.92,28.42,28.47,963891
2025-08-04,28.37,28.71,28.32,28.63,713718
2025-08-05,28.68,29.0,28.6,28.9,913589
2025-08-06,28.82,28.98,28.68,28.88,739240
2025-08-07,28.93,29.17,28.66,28.83,880056
2025-08-08,28.82,28.83,28.54,28.6,654561
2025-08-11,28.61,29.37,28.61,29.1,1267735
2025-08-12,29.16,29.29,29.03,29.2,820513
2025-08-13,29.37,29.78,29.04,29.34,2000479
2025-08-14,29.43,29.92,29.29,29.37,1861877
2025-08-15,29.37,31.23,29.23,30.82,4008066
2025-08-18,30.91,32.02,30.62,31.42,3566482
2025-08-19,31.22,31.55,30.66,30.74,1968583
2025-08-20,30.62,30.88,30.07,30.87,1858230
2025-08-21,31.07,31.14,30.44,30.6,1379013
2025-08-22,30.59,31.94,30.58,31.92,2704920
2025-08-25,32.5,32.53,31.63,32.14,2514492
2025-08-26,31.94,32.09,31.63,31.68,1399983
2025-08-27,31.67,32.08,30.87,30.89,2094917
2025-08-28,30.9,31.5,30.69,31.5,1639484
2025-08-29,31.7,32.08,31.35,31.48,2486871
2025-09-01,31.49,31.55,30.9,31.17,1708743
2025-09-02,31.2,31.33,30.66,30.78,1700846
2025-09-03,30.97,31.07,29.52,29.79,1884761
2025-09-04,29.76,29.91,29.2,29.56,1815807
2025-09-05,29.57,29.85,29.33,29.83,1333731
2025-09-08,29.8,29.8,29.35,29.45,1551198
2025-09-09,29.45,29.74,29.38,29.52,1179284
2025-09-10,29.57,29.69,29.34,29.48,884048
2025-09-11,29.39,30.33,29.3,30.33,1863991
2025-09-12,30.36,30.43,29.7,29.78,1479843
2025-09-15,29.86,30.15,29.42,29.59,1724541
2025-09-16,29.6,29.86,29.21,29.28,2083444
2025-09-17,29.29,29.51,28.96,28.99,3024153
2025-09-18,29.01,29.19,28.15,28.35,3729979
2025-09-19,28.25,28.6,28.14,28.31,1662300
2025-09-22,28.45,28.88,28.36,28.78,1559234
2025-09-23,28.63,28.81,28.25,28.5,1497357
2025-09-24,28.35,28.87,28.34,28.69,1558198
2025-09-25,28.63,28.84,28.55,28.71,1328063
2025-09-26,28.67,28.99,28.51,28.72,1266431
2025-09-29,28.72,31.49,28.62,30.41,5937714
2025-09-30,30.28,30.6,29.74,29.9,2950388
2025-10-09,29.6,30.25,29.35,29.65,3807985
2025-10-10,29.64,30.27,29.54,29.68,2675856
2025-10-13,28.9,29.49,28.81,29.2,2110493
2025-10-14,29.2,29.71,28.93,29.03,1955125
2025-10-15,29.14,29.73,29.06,29.69,1964852
2025-10-16,29.6,29.98,29.5,29.65,1597315
2025-10-17,29.66,29.93,29.05,29.09,1739899
2025-10-20,29.4,29.54,29.12,29.23,1227307
2025-10-21,29.31,30.11,29.21,29.36,3068678
2025-10-22,29.22,29.23,29.02,29.19,1226948
2025-10-23,29.2,29.58,28.85,29.52,1403605
2025-10-24,29.55,30.06,29.5,29.87,2990943
2025-10-27,30.25,30.63,29.83,29.99,4612142
2025-10-28,29.98,30.34,29.8,30.0,2263316
2025-10-29,29.95,30.46,29.85,30.3,3136702
2025-10-30,30.19,30.23,29.62,29.68,2452208
2025-10-31,29.72,29.87,29.37,29.38,1671532
2025-11-03,29.35,29.38,28.93,29.22,1393517
2025-11-04,29.18,29.25,28.96,29.08,1197589
2025-11-05,28.93,29.17,28.92,29.06,940559
2025-11-06,29.12,29.43,29.1,29.19,1625618
2025-11-07,29.09,29.12,28.95,29.0,960721
2025-11-10,29.0,29.46,28.96,29.3,1621940
2025-11-11,29.34,29.4,29.0,29.06,1042995
2025-11-12,29.07,29.11,28.81,28.9,1086308
2025-11-13,28.88,29.12,28.86,29.08,1178749
2025-11-14,28.95,28.96,28.62,28.64,1201707
2025-11-17,28.61,28.61,28.26,28.29,1077709
2025-11-18,28.27,28.43,28.17,28.22,915154
2025-11-19,28.22,28.42,28.2,28.3,844813
2025-11-20,28.85,28.94,28.28,28.3,1528643
2025-11-21,28.01,28.25,27.3,27.3,1695039
2025-11-24,27.4,27.5,27.26,27.39,891389
2025-11-25,27.47,27.65,27.4,27.47,802259
2025-11-26,27.52,27.72,27.44,27.6,681695
2025-11-27,27.53,27.81,27.52,27.58,648647
2025-11-28,27.61,27.64,27.41,27.59,746598
2025-12-01,27.5,27.73,27.48,27.67,707987
2025-12-02,27.66,27.69,27.35,27.37,652922
2025-12-03,27.45,27.57,27.03,27.15,781105
2025-12-04,27.14,27.38,27.02,27.2,692376
2025-12-05,27.2,28.09,27.16,27.86,1637905
2025-12-08,28.38,29.06,28.38,28.7,3146217
2025-12-09,28.52,28.83,28.38,28.53,1301285
2025-12-10,28.42,28.57,28.16,28.52,992897
2025-12-11,28.55,28.58,28.15,28.29,742250
2025-12-12,28.26,28.56,28.08,28.41,1067570
2025-12-15,28.26,28.94,28.18,28.55,1193241
2025-12-16,28.44,28.79,28.28,28.48,1001616
2025-12-17,28.48,29.15,28.4,28.97,1617038
2025-12-18,28.9,28.9,28.47,28.53,1135938
2025-12-19,28.58,28.94,28.47,28.68,983482
2025-12-22,28.62,28.79,28.6,28.65,753313
2025-12-23,28.68,28.88,28.59,28.63,940647
2025-12-24,28.61,28.83,28.55,28.74,789519
2025-12-25,28.75,29.02,28.7,28.96,1044948
2025-12-26,28.96,29.4,28.9,29.1,1413526
2025-12-29,29.03,29.14,28.86,28.94,906711
2025-12-30,28.86,29.02,28.75,28.83,854348
2025-12-31,28.8,29.07,28.68,28.71,856348
