date,open,high,low,close,volume
2015-01-05,4.74,4.93,4.68,4.88,1394115
2015-01-06,4.84,5.29,4.76,4.96,1678898
2015-01-07,4.91,5.07,4.79,4.91,1034191
2015-01-08,4.94,5.17,4.92,4.97,1500064
2015-01-09,4.97,5.09,4.81,4.83,1181942
2015-01-12,4.8,4.8,4.49,4.55,1034518
2015-01-13,4.53,4.68,4.5,4.57,476206
2015-01-14,4.56,4.61,4.35,4.44,593376
2015-01-15,4.44,4.57,4.4,4.57,530442
2015-01-16,4.64,4.66,4.54,4.59,536909
2015-01-19,4.31,4.5,3.96,4.06,1044419
2015-01-20,4.12,4.34,4.12,4.3,774179
2015-01-21,4.32,4.52,4.26,4.48,786067
2015-01-22,4.48,4.54,4.42,4.49,664142
2015-01-23,4.5,4.59,4.46,4.52,791733
2015-01-26,4.51,5.04,4.46,4.96,1549278
2015-01-27,4.84,4.95,4.71,4.84,1182004
2015-01-28,4.84,5.12,4.76,4.91,1458476
2015-01-29,4.77,4.89,4.67,4.81,773985
2015-01-30,4.89,4.91,4.66,4.72,610756
2015-02-02,4.66,4.67,4.51,4.53,544932
2015-02-03,4.63,4.67,4.53,4.61,357669
2015-02-04,4.66,5.1,4.63,4.87,1140165
2015-02-05,4.88,4.99,4.61,4.62,891026
2015-02-06,4.57,4.71,4.44,4.53,476474
2015-02-09,4.56,4.63,4.45,4.49,380533
2015-02-10,4.59,4.61,4.49,4.57,276343
2015-02-11,4.57,4.62,4.56,4.59,266117
2015-02-12,4.6,4.7,4.54,4.67,380116
2015-02-13,4.7,4.79,4.66,4.69,493636
2015-02-16,4.69,4.83,4.66,4.75,493230
2015-02-17,4.75,4.83,4.75,4.79,453537
2015-02-25,4.82,4.84,4.7,4.73,407831
2015-02-26,4.75,4.99,4.74,4.92,918192
2015-02-27,4.92,5.03,4.88,4.94,747116
2015-03-02,5.07,5.1,4.91,4.97,841825
2015-03-03,4.95,5.08,4.82,4.86,1081911
2015-03-04,4.85,4.91,4.78,4.88,598449
2015-03-05,4.84,4.89,4.7,4.79,605381
2015-03-06,4.75,4.83,4.72,4.75,468911
2015-03-09,4.7,4.84,4.67,4.83,547965
2015-03-10,4.87,5.09,4.85,4.98,1294155
2015-03-11,5.0,5.03,4.79,4.83,1090420
2015-03-12,4.82,5.02,4.75,4.98,1096457
2015-03-13,4.96,5.16,4.9,5.05,1277706
2015-03-16,5.1,5.42,5.02,5.33,2234696
2015-03-17,5.43,5.62,5.3,5.4,2517711
2015-03-18,5.42,5.58,5.33,5.52,1896643
2015-03-19,5.52,5.77,5.4,5.63,1966208
2015-03-20,5.63,5.73,5.52,5.55,1137040
2015-03-23,5.59,5.64,5.47,5.56,1411950
2015-03-24,5.64,6.24,5.58,6.03,2812524
2015-03-25,6.08,6.33,5.81,6.17,2463162
2015-03-26,6.11,6.19,5.92,5.98,1265722
2015-03-27,5.98,6.0,5.79,5.89,953798
2015-03-30,6.04,6.3,6.03,6.16,1874291
2015-03-31,6.22,6.23,5.96,5.97,1508445
2015-04-01,5.97,6.14,5.92,6.03,1031130
2015-04-02,6.02,6.08,5.96,6.02,875496
2015-04-03,5.97,6.11,5.94,6.07,959180
2015-04-07,6.22,6.23,6.07,6.16,1330020
2015-04-08,6.17,6.18,5.89,6.09,1456253
2015-04-09,6.09,6.1,5.75,5.85,1155206
2015-04-10,5.85,6.06,5.82,5.98,910767
2015-04-13,5.99,6.11,5.94,6.06,1220773
2015-04-14,6.05,6.48,5.99,6.38,2100262
2015-04-15,6.44,7.19,6.29,7.19,4232615
2015-04-16,6.84,7.2,6.5,7.17,3220291
2015-04-17,7.18,8.06,7.17,8.06,4096485
2015-04-20,8.24,9.04,8.21,8.55,5130347
2015-04-21,8.24,8.67,7.89,8.52,2982158
2015-04-22,8.51,8.52,8.12,8.36,3810594
2015-04-23,8.32,8.65,8.12,8.4,3343752
2015-04-24,8.6,9.24,8.6,8.77,4067196
2015-04-27,9.22,9.33,8.7,8.89,4350117
2015-04-28,8.75,8.77,8.24,8.27,3575844
2015-04-29,8.26,8.61,7.94,8.38,1847528
2015-04-30,8.42,8.55,8.2,8.29,1491538
2015-05-04,8.29,8.34,8.0,8.19,1233456
2015-05-05,8.17,8.58,7.99,8.07,1969746
2015-05-06,8.07,8.21,7.54,7.63,1552339
2015-05-07,7.63,7.64,7.13,7.26,1467689
2015-05-08,7.27,7.54,7.12,7.36,1175035
2015-05-11,7.51,7.6,7.25,7.59,1386617
2015-05-12,7.6,8.02,7.51,7.87,1592037
2015-05-13,7.88,8.04,7.66,7.79,1441017
2015-05-14,7.74,7.76,7.48,7.58,1119365
2015-05-15,7.63,7.63,7.27,7.33,1069600
2015-05-18,7.33,7.33,7.1,7.13,1067085
2015-05-19,7.13,7.74,7.12,7.59,1470839
2015-05-20,7.62,7.99,7.54,7.73,1828711
2015-05-21,7.73,8.29,7.71,8.28,2248639
2015-05-22,8.41,8.66,8.04,8.29,2224883
2015-05-25,8.3,9.07,8.3,9.0,3381072
2015-05-26,9.09,9.13,8.57,8.92,2733792
2015-05-27,8.92,8.92,8.49,8.63,2250556
2015-05-28,8.69,8.81,7.69,7.72,2415979
2015-05-29,7.74,7.99,7.26,7.66,1659892
2015-06-01,7.74,8.26,7.74,8.24,1481154
2015-06-02,8.3,8.53,8.07,8.32,1530419
2015-06-03,8.29,8.32,7.94,8.07,1293281
2015-06-04,8.06,8.07,7.29,7.93,1295141
2015-06-05,8.03,8.23,7.89,8.15,1865665
2015-06-08,8.15,8.61,8.07,8.51,3435084
2015-06-09,8.51,8.52,8.24,8.33,1945847
2015-06-10,8.26,8.65,8.14,8.56,2975099
2015-06-11,8.59,8.91,8.35,8.89,3719611
2015-06-12,9.12,9.34,8.62,8.7,4432408
2015-06-15,8.77,8.87,8.28,8.4,2585652
2015-06-16,8.3,8.33,7.47,7.77,2555022
2015-06-17,7.79,7.99,7.36,7.95,1905779
2015-06-18,7.85,8.09,7.64,7.68,1450895
2015-06-19,7.59,7.96,7.4,7.45,1806561
2015-06-23,7.45,7.65,6.84,7.59,1382411
2015-06-24,7.69,7.91,7.6,7.86,1554406
2015-06-25,7.83,8.04,7.51,7.61,1828879
2015-06-26,7.36,7.43,6.69,6.69,1880191
2015-06-29,6.94,6.97,5.86,5.87,2100129
2015-06-30,5.84,6.34,5.12,6.3,2134793
2015-07-01,6.16,6.33,5.51,5.61,1704004
2015-07-02,5.62,5.81,4.89,4.9,2026637
2015-07-03,4.89,4.95,4.25,4.3,2005124
2015-07-06,4.89,4.89,4.59,4.89,3962464
2015-07-07,4.95,5.54,4.7,5.54,3240864
2015-07-08,5.26,5.99,4.83,5.98,5063817
2015-07-09,5.95,6.74,5.6,6.74,2932991
2015-07-10,6.74,7.56,6.39,7.34,3646990
2015-07-13,7.19,7.53,6.9,7.25,3722101
2015-07-14,7.0,7.14,6.37,6.46,2814508
2015-07-15,6.5,6.81,6.03,6.56,2088003
2015-07-16,6.56,6.85,6.56,6.62,1827818
2015-07-17,6.62,6.94,6.44,6.8,1844757
2015-07-20,6.69,6.83,6.51,6.63,1466156
2015-07-21,6.55,6.67,6.4,6.53,1167682
2015-07-22,6.55,6.71,6.39,6.53,1073363
2015-07-23,6.54,6.71,6.44,6.67,1547512
2015-07-24,6.69,7.07,6.57,6.7,2394640
2015-07-27,6.44,6.6,5.87,5.87,1601780
2015-07-28,5.57,5.86,5.17,5.59,1581328
2015-07-29,5.84,5.87,5.52,5.85,883902
2015-07-30,5.77,6.1,5.59,5.63,1161932
2015-07-31,5.49,5.69,5.48,5.57,737551
2015-08-03,5.49,5.79,5.42,5.79,931348
2015-08-04,5.78,5.97,5.64,5.95,826055
2015-08-05,5.87,5.94,5.65,5.68,667374
2015-08-06,5.53,5.85,5.52,5.67,452894
2015-08-07,5.73,5.84,5.7,5.8,593460
2015-08-10,5.85,6.38,5.8,6.31,1551405
2015-08-11,6.19,6.33,6.14,6.18,992328
2015-08-12,6.09,6.48,6.04,6.24,981864
2015-08-13,6.16,6.58,6.15,6.47,1140289
2015-08-14,6.56,6.65,6.4,6.42,1137111
2015-08-17,6.48,6.69,6.22,6.63,1241175
2015-08-18,6.76,6.83,5.81,5.84,1486075
2015-08-19,5.7,6.03,5.39,5.93,864919
2015-08-20,5.79,5.89,5.59,5.65,508598
2015-08-21,5.59,5.75,5.19,5.3,610349
2015-08-24,5.1,5.69,4.61,4.84,1332954
2015-08-25,4.84,5.49,4.67,5.37,2860776
2015-08-26,5.18,5.99,4.99,5.47,2972331
2015-08-27,5.55,5.8,4.8,5.39,2203411
2015-08-28,5.67,5.95,5.41,5.93,2342858
2015-08-31,5.66,6.28,5.45,6.23,2287036
2015-09-01,5.97,5.97,5.45,5.45,1283016
2015-09-02,4.99,6.08,4.86,6.06,2608998
2015-09-07,5.89,6.28,5.7,5.76,1470652
2015-09-08,5.69,6.05,5.44,5.88,1060279
2015-09-09,5.88,6.39,5.77,6.18,1930615
2015-09-10,5.95,6.12,5.78,5.87,1091353
2015-09-11,5.77,5.93,5.7,5.88,622844
2015-09-14,5.89,5.96,5.28,5.92,1241605
2015-09-15,5.69,5.79,5.4,5.62,698709
2015-09-16,5.59,6.27,5.5,6.02,913654
2015-09-17,5.93,6.06,5.65,5.66,801563
2015-09-18,5.69,5.89,5.6,5.69,472611
2015-09-21,5.66,5.81,5.62,5.78,382601
2015-09-22,5.85,5.93,5.74,5.8,557360
2015-09-23,5.69,5.75,5.52,5.56,496550
2015-09-24,5.61,5.75,5.54,5.58,336808
2015-09-25,5.57,5.65,5.39,5.52,393853
2015-09-28,5.48,5.57,5.38,5.49,197293
2015-09-29,5.41,5.62,5.35,5.47,311889
2015-09-30,5.51,5.54,5.29,5.36,272679
2015-10-08,5.54,5.57,5.46,5.53,344236
2015-10-09,5.56,5.59,5.49,5.54,300863
2015-10-12,5.54,5.84,5.52,5.75,713250
2015-10-13,5.7,5.85,5.66,5.78,550615
2015-10-14,5.75,5.76,5.57,5.57,436593
2015-10-15,5.61,5.79,5.56,5.75,629559
2015-10-16,5.79,6.14,5.69,6.0,1286307
2015-10-19,6.0,6.12,5.76,5.85,909068
2015-10-20,5.82,5.89,5.74,5.86,706546
2015-10-21,5.86,6.03,5.56,5.82,1117783
2015-10-22,5.63,5.84,5.63,5.8,524088
2015-10-23,5.8,5.81,5.64,5.79,637709
2015-10-26,5.86,5.88,5.75,5.82,615891
2015-10-27,5.81,5.81,5.57,5.69,520920
2015-10-28,5.65,5.71,5.5,5.54,404353
2015-10-29,5.59,5.63,5.51,5.55,357085
2015-10-30,5.56,5.58,5.5,5.53,257612
2015-11-02,5.5,5.59,5.45,5.48,256316
2015-11-03,5.52,5.6,5.44,5.53,270810
2015-11-04,5.54,5.71,5.5,5.7,598519
2015-11-05,5.69,5.99,5.64,5.81,1214476
2015-11-06,5.78,5.83,5.68,5.81,839968
2015-11-09,5.76,6.25,5.74,6.22,1738586
2015-11-10,6.12,6.12,5.95,6.04,1048040
2015-11-11,6.01,6.09,5.92,6.0,572080
2015-11-12,6.01,6.02,5.81,5.85,553524
2015-11-13,5.82,5.92,5.74,5.83,459613
2015-11-16,5.75,5.81,5.71,5.81,341922
2015-11-17,5.84,5.91,5.76,5.78,557763
2015-11-18,5.76,5.8,5.69,5.72,350733
2015-11-19,5.74,5.78,5.69,5.77,270745
2015-11-20,5.79,5.81,5.74,5.77,304308
2015-11-23,5.78,5.78,5.64,5.66,382780
2015-11-24,5.66,5.71,5.57,5.64,295633
2015-11-25,5.65,5.67,5.61,5.67,279105
2015-11-26,5.68,5.7,5.58,5.59,310474
2015-11-27,5.57,5.63,5.1,5.18,548119
2015-11-30,5.19,5.27,4.94,5.11,344024
2015-12-01,5.17,5.23,5.11,5.16,252485
2015-12-02,5.14,5.46,5.1,5.39,449312
2015-12-03,5.37,5.37,5.29,5.35,289050
2015-12-04,5.36,5.37,5.21,5.25,239218
2015-12-07,5.26,5.28,5.2,5.24,144647
2015-12-08,5.24,5.24,5.05,5.07,219274
2015-12-09,5.07,5.13,5.01,5.04,147659
2015-12-10,5.05,5.18,5.04,5.11,258545
2015-12-11,5.11,5.11,5.05,5.06,160114
2015-12-14,5.06,5.23,5.0,5.2,245545
2015-12-15,5.2,5.23,5.14,5.16,140546
2015-12-16,5.14,5.21,5.11,5.13,113250
2015-12-17,5.14,5.24,5.14,5.2,250668
2015-12-18,5.21,5.34,5.21,5.22,226157
2015-12-21,5.21,5.27,5.16,5.26,438410
2015-12-22,5.26,5.28,5.2,5.24,322119
2015-12-23,5.24,5.25,5.14,5.15,327053
2015-12-24,5.14,5.16,5.01,5.06,284096
2015-12-25,5.07,5.1,5.02,5.08,171326
2015-12-28,5.12,5.16,4.94,4.95,383471
2015-12-29,4.95,5.0,4.79,4.94,517596
2015-12-30,4.94,5.03,4.84,5.01,321931
2015-12-31,4.94,5.02,4.86,4.87,279651
2016-01-04,4.88,4.89,4.34,4.37,255809
2016-01-05,4.25,4.52,4.19,4.42,375853
2016-01-06,4.43,4.57,4.39,4.52,279608
2016-01-07,4.47,4.47,3.99,4.05,88009
2016-01-08,4.19,4.32,4.02,4.22,329614
2016-01-11,4.18,4.24,3.92,3.94,305105
2016-01-12,4.02,4.06,3.89,3.96,192947
2016-01-13,4.04,4.04,3.78,3.79,182550
2016-01-14,3.67,3.87,3.62,3.83,281367
2016-01-15,3.78,3.81,3.48,3.51,275576
2016-01-18,3.42,3.59,3.39,3.52,191531
2016-01-19,3.54,3.77,3.51,3.71,264924
2016-01-20,3.66,3.77,3.52,3.74,323101
2016-01-21,3.62,3.99,3.6,3.63,424092
2016-01-22,3.69,3.73,3.55,3.68,239983
2016-01-25,3.71,3.77,3.66,3.71,190559
2016-01-26,3.65,3.66,3.18,3.25,300077
2016-01-27,3.29,3.33,3.01,3.14,307447
2016-01-28,3.1,3.16,2.89,2.92,210636
2016-01-29,2.89,3.13,2.87,3.06,251725
2016-02-01,3.1,3.1,2.97,3.02,162537
2016-02-02,3.04,3.13,3.03,3.11,150687
2016-02-03,3.08,3.08,2.99,3.05,140589
2016-02-04,3.07,3.13,3.06,3.12,170062
2016-02-05,3.11,3.18,3.09,3.1,151593
2016-02-15,2.97,3.05,2.92,3.03,120860
2016-02-16,3.07,3.24,3.05,3.21,253723
2016-02-17,3.2,3.43,3.17,3.31,358525
2016-02-18,3.31,3.38,3.24,3.26,279966
2016-02-19,3.26,3.29,3.2,3.23,182981
2016-02-22,3.29,3.34,3.25,3.33,267892
2016-02-23,3.33,3.35,3.26,3.31,192136
2016-02-24,3.29,3.42,3.28,3.41,298737
2016-02-25,3.4,3.41,2.93,2.96,372901
2016-02-26,3.04,3.19,2.99,3.13,280046
2016-02-29,3.09,3.14,2.87,3.03,300479
2016-03-01,3.06,3.09,2.99,3.08,150496
2016-03-02,3.1,3.3,3.06,3.29,417001
2016-03-03,3.28,3.34,3.23,3.31,365271
2016-03-04,3.28,3.7,3.26,3.61,969980
2016-03-07,3.51,3.59,3.49,3.54,443983
2016-03-08,3.53,3.58,3.31,3.57,406636
2016-03-09,3.46,3.56,3.35,3.54,361456
2016-03-10,3.48,3.58,3.42,3.43,216966
2016-03-11,3.39,3.46,3.35,3.45,145707
2016-03-14,3.49,3.59,3.46,3.47,367009
2016-03-15,3.46,3.49,3.39,3.45,234464
2016-03-16,3.44,3.54,3.42,3.52,516579
2016-03-17,3.53,3.57,3.49,3.55,335708
2016-03-18,3.54,3.59,3.5,3.53,839800
2016-03-21,3.54,3.6,3.53,3.57,717563
2016-03-22,3.55,3.57,3.5,3.53,337654
2016-03-23,3.53,3.55,3.5,3.53,195643
2016-03-24,3.51,3.52,3.43,3.44,273305
2016-03-25,3.44,3.51,3.43,3.49,156820
2016-03-28,3.49,3.57,3.49,3.51,272866
2016-03-29,3.52,3.52,3.36,3.39,234058
2016-03-30,3.41,3.5,3.41,3.49,242846
2016-03-31,3.52,3.97,3.49,3.94,1521420
2016-04-01,3.79,3.93,3.69,3.82,997576
2016-04-05,3.76,3.82,3.67,3.79,699611
2016-04-06,3.74,3.77,3.68,3.71,426711
2016-04-07,3.73,3.76,3.62,3.63,340591
2016-04-08,3.59,3.67,3.55,3.6,260871
2016-04-11,3.62,3.68,3.61,3.65,249518
2016-04-12,3.68,3.68,3.59,3.62,192019
2016-04-13,3.65,3.77,3.64,3.69,488128
2016-04-14,3.73,3.75,3.64,3.7,255211
2016-04-15,3.7,3.72,3.64,3.65,199376
2016-04-18,3.64,3.64,3.56,3.57,189459
2016-04-19,3.6,3.62,3.55,3.59,135387
2016-04-20,3.59,3.61,3.29,3.5,456390
2016-04-21,3.46,3.48,3.39,3.4,167023
2016-04-22,3.4,3.44,3.34,3.41,122659
2016-04-25,3.39,3.4,3.32,3.36,101584
2016-04-26,3.37,3.39,3.34,3.37,85957
2016-04-27,3.38,3.39,3.34,3.34,97100
2016-04-28,3.37,3.38,3.29,3.31,129305
2016-04-29,3.31,3.32,3.27,3.3,91715
2016-05-03,3.31,3.43,3.28,3.42,194453
2016-05-04,3.4,3.44,3.38,3.42,160591
2016-05-05,3.42,3.46,3.4,3.45,167259
2016-05-06,3.47,3.47,3.32,3.33,247569
2016-05-09,3.32,3.33,3.16,3.2,193020
2016-05-10,3.21,3.42,3.21,3.34,302512
2016-05-11,3.35,3.39,3.27,3.38,207381
2016-05-12,3.37,3.53,3.28,3.45,319289
2016-05-13,3.41,3.5,3.37,3.38,159156
2016-05-16,3.35,3.52,3.31,3.51,351344
2016-05-17,3.49,3.51,3.43,3.5,182725
2016-05-18,3.44,3.52,3.38,3.49,260462
2016-05-19,3.47,3.57,3.46,3.51,272571
2016-05-20,3.47,3.52,3.45,3.48,111611
2016-05-23,3.48,3.57,3.48,3.54,168785
2016-05-24,3.55,3.55,3.47,3.51,107210
2016-05-25,3.54,3.55,3.47,3.47,94379
2016-05-26,3.47,3.5,3.4,3.46,120485
2016-05-27,3.46,3.48,3.43,3.46,79379
2016-05-30,3.47,3.51,3.41,3.5,97075
2016-05-31,3.5,3.65,3.47,3.63,359848
2016-06-01,3.63,3.66,3.6,3.6,159563
2016-06-02,3.62,3.62,3.55,3.59,132002
2016-06-03,3.61,3.61,3.55,3.6,108559
2016-06-06,3.6,3.6,3.55,3.56,85962
2016-06-07,3.55,3.59,3.55,3.56,111158
2016-06-08,3.57,3.58,3.53,3.54,123140
2016-06-13,3.51,3.51,3.4,3.41,164835
2016-06-14,3.39,3.44,3.36,3.43,122589
2016-06-15,3.3,3.5,3.3,3.5,199456
2016-06-16,3.46,3.48,3.39,3.42,93557
2016-06-17,3.43,3.46,3.41,3.42,71441
2016-06-20,3.45,3.46,3.36,3.41,89139
2016-06-21,3.41,3.45,3.4,3.41,87970
2016-06-22,3.41,3.45,3.39,3.45,83067
2016-06-23,3.43,3.45,3.4,3.41,64119
2016-06-24,3.4,3.43,3.3,3.36,117128
2016-06-27,3.35,3.42,3.33,3.41,70171
2016-06-28,3.39,3.47,3.38,3.47,134356
2016-06-29,3.48,3.51,3.45,3.5,138531
2016-06-30,3.5,3.51,3.48,3.49,87761
2016-07-01,3.49,3.51,3.47,3.49,89900
2016-07-04,3.5,3.59,3.47,3.58,231413
2016-07-05,3.59,3.62,3.56,3.58,121369
2016-07-06,3.57,3.61,3.53,3.59,132097
2016-07-07,3.58,3.61,3.57,3.59,130631
2016-07-08,3.59,3.7,3.55,3.64,194421
2016-07-11,3.62,3.68,3.6,3.63,204602
2016-07-12,3.65,3.71,3.55,3.7,276688
2016-07-13,3.71,3.85,3.69,3.79,373331
2016-07-14,3.79,3.83,3.69,3.75,237002
2016-07-15,3.74,3.78,3.69,3.75,139280
2016-07-18,3.73,3.77,3.63,3.74,143560
2016-07-19,3.74,3.77,3.7,3.76,119553
2016-07-20,3.75,3.81,3.74,3.77,109182
2016-07-21,3.76,3.84,3.76,3.81,156153
2016-07-22,3.81,3.83,3.76,3.78,126136
2016-07-25,3.79,3.82,3.78,3.81,89457
2016-07-26,3.81,3.88,3.79,3.87,139075
2016-07-27,3.89,4.25,3.87,4.16,1059814
2016-07-28,4.08,4.2,3.9,4.04,485457
2016-07-29,4.04,4.09,3.88,3.89,318001
2016-08-01,3.91,3.99,3.88,3.89,238274
2016-08-02,3.93,4.05,3.89,4.04,322035
2016-08-03,4.05,4.13,3.98,4.0,311774
2016-08-04,4.01,4.01,3.87,3.93,252475
2016-08-05,3.9,4.02,3.85,3.93,207792
2016-08-08,3.9,3.92,3.84,3.89,273364
2016-08-09,3.9,3.91,3.85,3.88,286940
2016-08-10,3.87,3.88,3.8,3.81,234002
2016-08-11,3.81,3.84,3.75,3.75,195779
2016-08-12,3.77,3.81,3.74,3.81,183863
2016-08-15,3.8,3.9,3.79,3.87,437172
2016-08-16,3.9,3.92,3.79,3.83,498387
2016-08-17,3.84,3.84,3.77,3.82,291783
2016-08-18,3.82,3.99,3.78,3.88,573856
2016-08-19,3.83,3.87,3.77,3.82,438887
2016-08-22,3.79,3.8,3.73,3.75,296933
2016-08-23,3.74,3.77,3.73,3.75,120117
2016-08-24,3.76,3.78,3.73,3.78,140290
2016-08-25,3.75,3.75,3.7,3.73,157887
2016-08-26,3.72,3.76,3.72,3.73,92682
2016-08-29,3.72,3.73,3.68,3.69,175542
2016-08-30,3.7,3.72,3.69,3.71,128687
2016-08-31,3.71,3.72,3.68,3.72,88635
2016-09-01,3.72,3.78,3.72,3.72,169632
2016-09-02,3.7,3.77,3.69,3.76,180833
2016-09-05,3.76,3.77,3.74,3.76,104637
2016-09-06,3.76,3.76,3.72,3.75,142860
2016-09-07,3.75,3.76,3.73,3.73,135528
2016-09-08,3.74,3.84,3.73,3.81,317081
2016-09-09,3.8,3.87,3.79,3.82,245933
2016-09-12,3.91,4.05,3.91,4.01,1392404
2016-09-13,3.96,3.98,3.86,3.91,524331
2016-09-14,3.84,3.88,3.79,3.83,301613
2016-09-19,3.83,3.85,3.8,3.82,164752
2016-09-20,3.83,3.83,3.79,3.81,134375
2016-09-21,3.8,3.82,3.79,3.8,129352
2016-09-22,3.8,3.84,3.8,3.81,137937
2016-09-23,3.81,3.82,3.79,3.81,97805
2016-09-26,3.84,3.86,3.68,3.68,251652
2016-09-27,3.68,3.7,3.66,3.69,112944
2016-09-28,3.7,3.71,3.65,3.66,97171
2016-09-29,3.66,3.69,3.65,3.66,85995
2016-09-30,3.66,3.68,3.65,3.67,75773
2016-10-10,3.69,3.76,3.69,3.74,127409
2016-10-11,3.75,3.76,3.71,3.74,111113
2016-10-12,3.74,3.76,3.72,3.73,97152
2016-10-13,3.73,3.75,3.71,3.75,130205
2016-10-14,3.75,3.75,3.71,3.73,93935
2016-10-17,3.74,3.75,3.69,3.69,117091
2016-10-18,3.69,3.75,3.68,3.74,163914
2016-10-19,3.75,3.76,3.72,3.74,116208
2016-10-20,3.74,3.75,3.71,3.73,85502
2016-10-21,3.73,3.82,3.72,3.78,227150
2016-10-24,3.8,3.86,3.75,3.8,439139
2016-10-25,3.81,3.82,3.77,3.78,225299
2016-10-26,3.79,3.79,3.75,3.77,156413
2016-10-27,3.77,3.77,3.73,3.73,136504
2016-10-28,3.73,3.76,3.72,3.73,129602
2016-10-31,3.73,3.74,3.7,3.73,94833
2016-11-01,3.77,3.77,3.73,3.74,124616
2016-11-02,3.73,3.75,3.68,3.69,187533
2016-11-03,3.69,3.73,3.68,3.71,148714
2016-11-04,3.71,3.73,3.68,3.69,109194
2016-11-07,3.69,3.71,3.67,3.68,122385
2016-11-08,3.7,3.72,3.68,3.69,113156
2016-11-09,3.7,3.71,3.64,3.67,198356
2016-11-10,3.69,3.73,3.68,3.72,166863
2016-11-11,3.7,3.78,3.7,3.77,282760
2016-11-14,3.77,3.86,3.75,3.81,421246
2016-11-15,3.83,3.9,3.8,3.82,400222
2016-11-16,3.85,3.9,3.82,3.86,340190
2016-11-17,3.86,3.9,3.83,3.89,354760
2016-11-18,3.88,3.88,3.8,3.81,263045
2016-11-21,3.81,3.86,3.8,3.83,281130
2016-11-22,3.82,3.91,3.8,3.87,489511
2016-11-23,3.88,3.95,3.86,3.88,483417
2016-11-24,3.88,3.91,3.84,3.86,251861
2016-11-25,3.86,3.88,3.8,3.85,226210
2016-11-28,3.85,3.91,3.84,3.91,262259
2016-11-29,3.89,4.02,3.88,3.99,706196
2016-11-30,3.97,3.98,3.85,3.86,378425
2016-12-01,3.87,3.99,3.86,3.94,282146
2016-12-02,3.91,3.99,3.86,3.9,345877
2016-12-05,3.82,3.89,3.8,3.87,271156
2016-12-06,3.87,3.88,3.8,3.81,150838
2016-12-07,3.81,3.83,3.77,3.81,136721
2016-12-08,3.81,3.82,3.75,3.76,168688
2016-12-09,3.76,3.78,3.73,3.77,190877
2016-12-12,3.75,3.76,3.59,3.7,431198
2016-12-13,3.67,3.68,3.64,3.67,95983
2016-12-14,3.67,3.67,3.6,3.61,134287
2016-12-15,3.61,3.66,3.57,3.61,179595
2016-12-16,3.61,3.65,3.6,3.65,89010
2016-12-19,3.66,3.68,3.63,3.64,85982
2016-12-20,3.64,3.65,3.6,3.65,118588
2016-12-21,3.65,3.68,3.63,3.68,154248
2016-12-22,3.67,3.74,3.65,3.71,209069
2016-12-23,3.69,3.71,3.64,3.67,90131
2016-12-26,3.65,3.66,3.6,3.65,86896
2016-12-27,3.65,3.65,3.6,3.61,110757
2016-12-28,3.61,3.68,3.6,3.66,142920
2016-12-29,3.66,3.69,3.62,3.63,81872
2016-12-30,3.65,3.68,3.61,3.67,102413
2017-01-03,3.67,3.72,3.66,3.69,131747
2017-01-04,3.7,3.75,3.69,3.73,182055
2017-01-05,3.74,3.91,3.69,3.8,311695
2017-01-06,3.78,3.83,3.76,3.78,211170
2017-01-09,3.77,3.81,3.76,3.8,130725
2017-01-10,3.8,3.8,3.77,3.77,67995
2017-01-11,3.79,3.8,3.73,3.73,88879
2017-01-12,3.75,3.88,3.75,3.79,265060
2017-01-13,3.77,3.91,3.76,3.84,367012
2017-01-16,3.86,3.95,3.72,3.92,626170
2017-01-17,3.87,3.9,3.83,3.89,174657
2017-01-18,3.86,3.93,3.86,3.9,226104
2017-01-19,3.87,3.93,3.83,3.85,161702
2017-01-20,3.86,3.92,3.84,3.92,178187
2017-01-23,3.92,3.94,3.88,3.92,152697
2017-01-24,3.92,3.95,3.89,3.91,129979
2017-01-25,3.9,3.94,3.89,3.92,109937
2017-01-26,3.92,3.94,3.87,3.89,180178
2017-02-03,3.9,3.92,3.85,3.86,73122
2017-02-06,3.89,3.96,3.87,3.94,295565
2017-02-07,3.94,3.99,3.91,3.96,261053
2017-02-08,3.96,3.98,3.93,3.97,151836
2017-02-09,3.97,3.98,3.89,3.92,335255
2017-02-10,3.91,3.97,3.9,3.94,265878
2017-02-13,3.94,3.97,3.91,3.95,298209
2017-02-14,3.95,4.0,3.92,3.98,254216
2017-02-15,3.98,4.52,3.97,4.52,1256048
2017-02-16,4.65,4.89,4.58,4.79,2361879
2017-02-17,4.66,4.68,4.53,4.55,1215573
2017-02-20,4.55,4.61,4.46,4.6,691973
2017-02-21,4.6,4.6,4.51,4.52,511355
2017-02-22,4.54,4.55,4.43,4.5,591955
2017-02-23,4.47,4.48,4.41,4.44,345797
2017-02-24,4.42,4.72,4.42,4.65,1071755
2017-02-27,4.64,4.64,4.47,4.49,447797
2017-02-28,4.45,4.52,4.43,4.46,204087
2017-03-01,4.45,4.56,4.42,4.48,266323
2017-03-02,4.44,4.49,4.34,4.36,378224
2017-03-03,4.36,4.44,4.35,4.4,211238
2017-03-06,4.36,4.43,4.34,4.42,262463
2017-03-07,4.42,4.46,4.36,4.44,224361
2017-03-08,4.4,4.43,4.37,4.41,189969
2017-03-09,4.38,4.38,4.2,4.25,426125
2017-03-10,4.26,4.27,4.18,4.2,215565
2017-03-13,4.19,4.2,4.11,4.17,372413
2017-03-14,4.18,4.2,4.13,4.15,258414
2017-03-15,4.14,4.18,4.13,4.18,183903
2017-03-16,4.19,4.26,4.18,4.2,303427
2017-03-17,4.21,4.22,4.1,4.12,233516
2017-03-20,4.14,4.17,4.1,4.16,173431
2017-03-21,4.17,4.23,4.15,4.21,259530
2017-03-22,4.19,4.24,4.14,4.23,337449
2017-03-23,4.24,4.25,4.16,4.2,249401
2017-03-24,4.19,4.47,4.16,4.41,698331
2017-03-27,4.46,4.63,4.45,4.51,893257
2017-03-28,4.51,4.55,4.38,4.42,346770
2017-03-29,4.41,4.84,4.41,4.65,1108187
2017-03-30,4.65,4.76,4.5,4.57,848466
2017-03-31,4.65,4.65,4.4,4.45,478043
2017-04-05,4.45,4.51,4.4,4.51,351038
2017-04-06,4.5,4.7,4.44,4.62,635388
2017-04-07,4.6,4.62,4.53,4.55,419590
2017-04-10,4.55,4.58,4.47,4.53,281326
2017-04-11,4.51,4.67,4.51,4.66,546342
2017-04-12,4.62,4.88,4.61,4.79,973297
2017-04-13,4.72,4.86,4.67,4.7,573540
2017-04-14,4.71,4.72,4.46,4.56,504008
2017-04-17,4.55,4.63,4.49,4.6,247121
2017-04-18,4.61,4.61,4.5,4.51,232525
2017-04-19,4.47,4.52,4.38,4.52,265911
2017-04-20,4.52,4.61,4.48,4.54,232026
2017-04-21,4.54,4.61,4.47,4.61,275570
2017-04-24,4.57,4.72,4.46,4.69,403658
2017-04-25,4.63,4.71,4.58,4.59,230748
2017-04-26,4.59,4.6,4.5,4.5,184150
2017-04-27,4.49,4.6,4.4,4.59,317057
2017-04-28,4.67,4.67,4.52,4.59,220839
2017-05-02,4.59,4.61,4.5,4.51,167661
2017-05-03,4.48,4.55,4.4,4.43,273769
2017-05-04,4.4,4.42,4.28,4.41,274000
2017-05-05,4.39,4.44,4.31,4.43,191610
2017-05-08,4.4,4.54,4.32,4.52,306749
2017-05-09,4.48,4.52,4.42,4.47,118284
2017-05-10,4.47,4.49,4.29,4.42,213674
2017-05-11,4.35,4.54,4.25,4.49,367019
2017-05-12,4.44,4.59,4.42,4.51,185553
2017-05-15,4.5,4.58,4.47,4.57,192846
2017-05-16,4.57,4.64,4.5,4.63,233149
2017-05-17,4.64,4.69,4.6,4.63,228053
2017-05-18,4.62,4.69,4.58,4.66,170155
2017-05-19,4.66,4.66,4.58,4.64,131967
2017-05-22,4.58,4.68,4.53,4.67,222479
2017-05-23,4.65,4.75,4.58,4.74,390838
2017-05-24,4.71,4.75,4.63,4.75,267682
2017-05-25,4.71,4.77,4.7,4.73,187331
2017-05-26,4.73,4.77,4.7,4.76,190869
2017-05-31,4.76,4.86,4.75,4.85,295656
2017-06-01,4.87,4.95,4.78,4.94,384057
2017-06-02,4.92,4.97,4.78,4.8,305879
2017-06-05,4.81,4.83,4.68,4.72,288985
2017-06-06,4.73,4.76,4.67,4.74,230387
2017-06-07,4.75,4.78,4.71,4.74,264161
2017-06-13,4.72,4.73,4.6,4.66,289904
2017-06-14,4.66,4.8,4.66,4.73,232937
2017-06-15,4.72,4.73,4.65,4.72,158955
2017-06-16,4.72,4.74,4.66,4.67,125468
2017-06-19,4.68,4.74,4.66,4.68,121391
2017-06-20,4.67,4.71,4.63,4.7,194114
2017-06-21,4.71,4.74,4.69,4.74,154656
2017-06-22,4.71,4.87,4.71,4.83,282369
2017-06-23,4.81,4.87,4.69,4.84,305337
2017-06-26,4.82,4.94,4.8,4.86,334777
2017-06-27,4.9,4.92,4.83,4.86,169317
2017-06-28,4.86,4.88,4.8,4.81,146287
2017-06-29,4.83,4.86,4.79,4.82,146537
2017-06-30,4.8,4.9,4.75,4.89,247957
2017-07-03,4.88,4.95,4.86,4.9,205622
2017-07-04,4.89,4.94,4.85,4.94,207881
2017-07-05,4.93,4.95,4.83,4.84,229139
2017-07-06,4.86,4.89,4.82,4.85,198977
2017-07-07,4.85,4.95,4.81,4.95,291609
2017-07-10,4.95,5.2,4.95,5.15,541643
2017-07-11,5.06,5.17,5.06,5.11,327769
2017-07-12,5.14,5.22,5.04,5.12,342511
2017-07-13,5.13,5.21,5.08,5.21,292793
2017-07-14,5.24,5.38,5.13,5.21,383580
2017-07-17,5.21,5.28,4.94,5.25,410508
2017-07-18,5.24,5.3,5.22,5.29,301012
2017-07-19,5.29,5.35,5.14,5.19,562025
2017-07-20,5.19,5.45,5.19,5.43,510358
2017-07-21,5.4,5.42,5.33,5.37,317012
2017-07-24,5.36,5.47,5.32,5.33,360400
2017-07-25,5.33,5.55,5.33,5.45,436909
2017-07-26,5.41,5.53,5.4,5.52,287504
2017-07-27,5.5,5.73,5.45,5.58,456884
2017-07-28,5.54,5.57,5.46,5.5,221545
2017-07-31,5.5,5.55,5.41,5.49,337004
2017-08-01,5.49,5.49,5.39,5.42,228068
2017-08-02,5.42,5.45,5.28,5.28,282675
2017-08-03,5.26,5.33,5.25,5.31,158790
2017-08-04,5.29,5.38,5.28,5.29,163591
2017-08-07,5.27,5.32,5.19,5.28,151664
2017-08-08,5.25,5.41,5.24,5.35,160271
2017-08-09,5.33,5.35,5.22,5.24,170689
2017-08-10,5.24,5.29,5.14,5.28,229607
2017-08-11,5.23,5.32,5.18,5.31,217466
2017-08-14,5.3,5.31,5.21,5.24,168483
2017-08-15,5.22,5.24,5.16,5.16,111612
2017-08-16,5.16,5.19,5.01,5.04,256948
2017-08-17,5.04,5.09,5.03,5.08,126076
2017-08-18,5.06,5.13,5.03,5.1,96676
2017-08-21,5.1,5.15,5.06,5.13,107562
2017-08-22,5.12,5.13,5.08,5.1,62948
2017-08-23,5.1,5.13,5.08,5.08,61953
2017-08-24,5.09,5.12,5.01,5.04,90764
2017-08-25,5.03,5.09,5.02,5.08,120329
2017-08-28,5.06,5.16,5.05,5.11,198876
2017-08-29,5.13,5.18,5.11,5.16,158720
2017-08-30,5.18,5.26,5.18,5.21,234555
2017-08-31,5.22,5.24,5.19,5.22,104222
2017-09-01,5.22,5.22,5.06,5.11,255875
2017-09-04,5.11,5.23,5.11,5.22,205667
2017-09-05,5.23,5.25,5.18,5.2,106889
2017-09-06,5.2,5.22,5.16,5.2,104564
2017-09-07,5.21,5.26,5.16,5.25,184462
2017-09-08,5.25,5.33,5.24,5.27,183666
2017-09-11,5.26,5.3,5.2,5.23,285039
2017-09-12,5.23,5.26,5.12,5.22,329768
2017-09-13,5.21,5.24,5.17,5.18,173239
2017-09-14,5.19,5.3,5.17,5.29,186426
2017-09-15,5.29,5.29,5.24,5.28,133269
2017-09-18,5.3,5.32,5.22,5.25,146442
2017-09-19,5.25,5.3,5.24,5.29,117758
2017-09-20,5.25,5.35,5.25,5.32,214451
2017-09-21,5.34,5.34,5.25,5.27,207490
2017-09-22,5.26,5.32,5.22,5.31,208593
2017-09-25,5.28,5.4,5.28,5.39,254337
2017-09-26,5.38,5.45,5.35,5.45,158167
2017-09-27,5.41,5.51,5.41,5.45,160800
2017-09-28,5.45,5.48,5.42,5.46,153288
2017-09-29,5.46,5.47,5.37,5.39,155299
2017-10-09,5.46,5.48,5.35,5.39,319141
2017-10-10,5.4,5.43,5.33,5.43,144087
2017-10-11,5.42,5.48,5.41,5.46,140447
2017-10-12,5.45,5.46,5.4,5.42,139119
2017-10-13,5.42,5.6,5.4,5.58,323794
2017-10-16,5.58,5.76,5.58,5.59,369283
2017-10-17,5.59,5.74,5.53,5.7,319499
2017-10-18,5.72,5.84,5.71,5.81,507245
2017-10-19,5.76,5.87,5.71,5.86,479349
2017-10-20,6.35,6.58,6.32,6.58,1213446
2017-10-23,7.05,7.28,6.6,6.63,2612996
2017-10-24,6.33,6.43,6.01,6.34,1638580
2017-10-25,6.12,6.48,6.02,6.22,1154592
2017-10-26,6.12,6.37,6.08,6.26,987214
2017-10-27,6.22,6.82,6.19,6.7,1952785
2017-10-30,6.66,6.75,6.41,6.74,1173827
2017-10-31,6.69,7.54,6.59,7.34,2655785
2017-11-01,7.14,7.19,6.7,6.8,2459614
2017-11-02,6.75,6.94,6.62,6.82,1202991
2017-11-03,6.73,6.86,6.32,6.52,1271017
2017-11-06,6.45,6.62,6.34,6.48,719563
2017-11-07,6.67,6.85,6.33,6.39,1570245
2017-11-08,6.39,6.59,6.32,6.44,1256234
2017-11-09,6.37,6.38,6.14,6.22,1034262
2017-11-10,6.2,6.35,6.15,6.2,717625
2017-11-13,6.38,6.64,6.31,6.32,1469507
2017-11-14,6.27,7.06,6.18,6.93,2437535
2017-11-15,6.76,6.84,6.62,6.68,1249533
2017-11-16,6.56,6.81,6.53,6.63,1022021
2017-11-17,6.57,6.84,6.45,6.78,1403047
2017-11-20,6.7,6.95,6.46,6.93,1057194
2017-11-21,6.9,6.96,6.67,6.72,1128878
2017-11-22,6.83,6.83,6.48,6.5,1180340
2017-11-23,6.44,6.56,6.0,6.11,1073212
2017-11-24,6.03,6.22,6.0,6.14,485526
2017-11-27,6.13,6.29,6.02,6.16,427523
2017-11-28,6.2,6.26,6.14,6.24,348982
2017-11-29,6.24,6.24,6.1,6.14,415741
2017-11-30,6.18,6.37,6.12,6.15,617256
2017-12-01,6.08,6.22,6.04,6.16,364614
2017-12-04,6.11,6.2,6.08,6.17,339503
2017-12-05,6.14,6.38,6.14,6.32,744743
2017-12-06,6.3,6.31,6.15,6.25,380595
2017-12-07,6.23,6.27,6.05,6.13,468181
2017-12-08,6.11,6.19,6.07,6.09,416737
2017-12-11,6.16,6.2,6.09,6.14,379247
2017-12-12,6.14,6.14,6.03,6.04,345638
2017-12-13,6.12,6.24,6.08,6.14,430880
2017-12-14,6.08,6.11,6.01,6.04,429702
2017-12-15,6.02,6.02,5.8,5.81,662368
2017-12-18,5.8,5.84,5.59,5.69,481776
2017-12-19,5.68,5.7,5.64,5.68,246328
2017-12-20,5.69,5.7,5.4,5.52,576751
2017-12-21,5.49,5.51,5.33,5.48,322852
2017-12-22,5.47,5.55,5.44,5.52,227580
2017-12-25,5.5,5.55,5.27,5.31,421194
2017-12-26,5.36,5.55,5.36,5.5,356733
2017-12-27,5.46,5.48,5.25,5.31,430789
2017-12-28,5.32,5.43,5.22,5.32,317918
2017-12-29,5.33,5.42,5.32,5.35,244671
2018-01-02,5.39,5.53,5.36,5.46,488880
2018-01-03,5.48,5.64,5.48,5.56,583091
2018-01-04,5.58,6.25,5.45,6.23,858635
2018-01-05,5.9,6.07,5.84,5.86,1044919
2018-01-08,5.85,5.98,5.7,5.88,577882
2018-01-09,5.83,5.85,5.71,5.76,419594
2018-01-10,5.79,5.86,5.63,5.71,517652
2018-01-11,5.71,5.73,5.62,5.68,259357
2018-01-12,5.7,5.82,5.64,5.72,350655
2018-01-15,5.86,5.91,5.72,5.75,582915
2018-01-16,5.71,5.85,5.71,5.79,475086
2018-01-17,5.85,5.88,5.72,5.85,498316
2018-01-18,5.88,5.88,5.76,5.82,532583
2018-01-19,5.82,5.94,5.78,5.85,640167
2018-01-22,5.85,5.89,5.79,5.85,410984
2018-01-23,5.89,6.06,5.85,6.01,859467
2018-01-24,6.09,6.16,5.97,6.02,824000
2018-01-25,6.03,6.16,5.95,6.05,711746
2018-01-26,6.01,6.29,5.99,6.21,838892
2018-01-29,6.25,6.32,6.13,6.15,635670
2018-01-30,6.15,6.21,5.91,5.92,582324
2018-01-31,5.93,5.97,5.78,5.94,425837
2018-02-01,5.93,6.05,5.8,6.04,617457
2018-02-02,6.03,6.2,5.91,6.19,634045
2018-02-05,6.11,6.39,6.08,6.31,876691
2018-02-06,6.22,6.38,6.16,6.3,1072691
2018-02-07,6.39,6.44,5.91,6.11,1025404
2018-02-08,5.99,6.12,5.78,5.94,578990
2018-02-09,5.73,5.73,5.22,5.64,942116
2018-02-12,5.5,5.71,5.47,5.63,346730
2018-02-13,5.68,5.73,5.62,5.64,307279
2018-02-14,5.66,5.72,5.63,5.69,189584
2018-02-22,5.78,5.96,5.75,5.91,408660
2018-02-23,6.06,6.2,6.0,6.08,636294
2018-02-26,6.17,6.25,6.1,6.18,695501
2018-02-27,6.13,6.34,6.06,6.18,701297
2018-02-28,6.14,6.32,6.03,6.29,643668
2018-03-01,6.23,6.3,6.15,6.25,621540
2018-03-02,6.2,6.42,6.1,6.36,945820
2018-03-05,6.39,6.41,6.28,6.38,577724
2018-03-06,6.38,6.41,6.2,6.21,979148
2018-03-07,6.23,6.3,6.19,6.23,506664
2018-03-08,6.18,6.26,6.11,6.22,377073
2018-03-09,6.19,6.26,6.16,6.22,402109
2018-03-12,6.21,6.23,6.14,6.16,530420
2018-03-13,6.16,6.32,6.12,6.27,728238
2018-03-14,6.21,6.26,6.1,6.11,467224
2018-03-15,6.02,6.14,6.02,6.06,329146
2018-03-16,6.13,6.14,6.0,6.03,293249
2018-03-19,5.96,6.04,5.85,5.94,354142
2018-03-20,5.88,5.91,5.8,5.87,327657
2018-03-21,5.92,5.98,5.82,5.88,325007
2018-03-22,5.86,5.9,5.7,5.85,421841
2018-03-23,5.58,5.83,5.48,5.81,804649
2018-03-26,5.7,5.7,5.54,5.66,244505
2018-03-27,5.72,5.88,5.72,5.84,298153
2018-03-28,5.83,5.87,5.73,5.79,281225
2018-03-29,5.78,5.85,5.76,5.81,235084
2018-03-30,5.8,5.84,5.7,5.75,229612
2018-04-02,5.73,5.77,5.64,5.71,228258
2018-04-03,5.6,6.0,5.59,5.91,655846
2018-04-04,5.97,6.11,5.91,6.05,528603
2018-04-09,6.05,6.32,6.05,6.25,927825
2018-04-10,6.38,6.42,5.96,5.99,838093
2018-04-11,6.1,6.28,6.05,6.18,742914
2018-04-12,6.1,6.15,5.99,6.06,402356
2018-04-13,6.06,6.14,5.96,5.99,235744
2018-04-16,5.9,5.94,5.67,5.76,490876
2018-04-17,5.77,5.81,5.61,5.62,293430
2018-04-18,5.67,5.71,5.46,5.59,408983
2018-04-19,5.6,5.66,5.58,5.62,231922
2018-04-20,5.6,5.66,5.47,5.58,378216
2018-04-23,5.54,5.62,5.51,5.58,183120
2018-04-24,5.55,5.71,5.55,5.69,215011
2018-04-25,5.68,5.71,5.61,5.68,176775
2018-04-26,5.71,5.72,5.55,5.67,200206
2018-04-27,5.68,5.7,5.56,5.67,219217
2018-05-02,5.69,5.7,5.54,5.55,203247
2018-05-03,5.54,5.57,5.47,5.53,228515
2018-05-04,5.53,5.54,5.37,5.39,279924
2018-05-07,5.41,5.46,5.39,5.45,209137
2018-05-08,5.45,5.53,5.44,5.51,216983
2018-05-09,5.52,5.54,5.47,5.49,138136
2018-05-10,5.52,5.55,5.47,5.51,135433
2018-05-11,5.51,5.52,5.45,5.45,101050
2018-05-14,5.51,5.51,5.42,5.45,146388
2018-05-15,5.44,5.52,5.42,5.51,153018
2018-05-16,5.51,5.51,5.42,5.45,154035
2018-05-17,5.42,5.45,5.31,5.32,206424
2018-05-18,5.31,5.35,5.24,5.33,222852
2018-05-21,5.5,5.53,5.45,5.47,254439
2018-05-22,5.48,5.49,5.4,5.45,139113
2018-05-23,5.39,5.5,5.39,5.46,188848
2018-05-24,5.42,5.48,5.4,5.41,160017
2018-05-25,5.42,5.44,5.35,5.43,196614
2018-05-28,5.42,5.44,5.35,5.36,131865
2018-05-29,5.31,5.4,5.3,5.39,136453
2018-05-30,5.32,5.33,5.18,5.19,185153
2018-05-31,5.19,5.28,5.11,5.21,198621
2018-06-01,5.19,5.24,5.15,5.18,114158
2018-06-04,5.22,5.23,5.15,5.2,112068
2018-06-05,5.18,5.25,5.14,5.25,96106
2018-06-06,5.26,5.36,5.22,5.34,175255
2018-06-07,5.33,5.36,5.26,5.33,162870
2018-06-08,5.37,5.37,5.19,5.26,203186
2018-06-11,5.24,5.24,5.11,5.16,114353
2018-06-12,5.16,5.2,5.15,5.18,115330
2018-06-13,5.15,5.18,5.1,5.17,136302
2018-06-14,5.17,5.18,5.11,5.14,140541
2018-06-15,5.16,5.16,4.9,4.96,309467
2018-06-19,4.79,5.03,4.73,5.01,567187
2018-06-20,4.97,4.99,4.83,4.89,159263
2018-06-21,4.89,4.89,4.65,4.67,146194
2018-06-22,4.7,4.77,4.6,4.73,104157
2018-06-25,4.73,4.81,4.73,4.78,111190
2018-06-26,4.83,4.83,4.7,4.76,71894
2018-06-27,4.74,4.79,4.73,4.77,97380
2018-06-28,4.72,4.81,4.72,4.75,91092
2018-06-29,4.78,4.86,4.74,4.84,85847
2018-07-02,4.82,4.85,4.73,4.77,109428
2018-07-03,4.78,4.83,4.74,4.82,89700
2018-07-04,4.82,4.83,4.74,4.8,65485
2018-07-05,4.74,4.89,4.71,4.88,197340
2018-07-06,4.87,4.89,4.8,4.86,88446
2018-07-09,4.87,4.94,4.85,4.92,53490
2018-07-10,4.94,4.99,4.91,4.99,62938
2018-07-11,4.92,4.95,4.85,4.87,65901
2018-07-12,4.88,4.98,4.87,4.96,78609
2018-07-13,5.0,5.0,4.92,4.92,42646
2018-07-16,4.92,4.96,4.89,4.91,51292
2018-07-17,4.91,4.93,4.8,4.85,76972
2018-07-18,4.89,4.9,4.83,4.84,53693
2018-07-19,4.87,4.87,4.7,4.74,95439
2018-07-20,4.68,4.79,4.68,4.77,103374
2018-07-23,4.8,4.93,4.77,4.9,118139
2018-07-24,4.9,5.02,4.89,4.99,148859
2018-07-25,5.0,5.04,4.95,5.0,107951
2018-07-26,5.01,5.03,4.97,5.01,97366
2018-07-27,4.99,5.03,4.97,5.01,85149
2018-07-30,5.0,5.05,4.95,5.04,139588
2018-07-31,5.03,5.03,4.94,4.94,99729
2018-08-01,5.03,5.2,4.96,4.98,196421
2018-08-02,4.9,4.95,4.7,4.78,163362
2018-08-03,4.83,4.83,4.72,4.75,83424
2018-08-06,4.74,4.74,4.62,4.66,129506
2018-08-07,4.72,4.78,4.64,4.77,104381
2018-08-08,4.76,4.78,4.73,4.76,86491
2018-08-09,4.73,4.83,4.72,4.78,105051
2018-08-10,4.81,4.81,4.75,4.78,63822
2018-08-13,4.71,4.81,4.7,4.78,68643
2018-08-14,4.79,4.82,4.75,4.79,53537
2018-08-15,4.76,4.78,4.69,4.7,67449
2018-08-16,4.68,4.68,4.58,4.58,92628
2018-08-17,4.64,4.64,4.46,4.48,78812
2018-08-20,4.52,4.53,4.46,4.53,68890
2018-08-21,4.56,4.61,4.52,4.55,64981
2018-08-22,4.54,4.58,4.49,4.56,51903
2018-08-23,4.56,4.58,4.5,4.53,69422
2018-08-24,4.52,4.54,4.47,4.49,55390
2018-08-27,4.51,4.57,4.49,4.57,75826
2018-08-28,4.57,4.64,4.57,4.62,65270
2018-08-29,4.61,4.63,4.56,4.6,47588
2018-08-30,4.6,4.61,4.49,4.49,59260
2018-08-31,4.47,4.53,4.46,4.49,60304
2018-09-03,4.48,4.5,4.27,4.31,131959
2018-09-04,4.32,4.38,4.29,4.37,84172
2018-09-05,4.33,4.39,4.25,4.26,91241
2018-09-06,4.23,4.28,4.16,4.18,81274
2018-09-07,4.18,4.24,4.15,4.17,63431
2018-09-10,4.13,4.15,3.93,3.96,110017
2018-09-11,3.96,4.01,3.81,3.93,134599
2018-09-12,3.85,3.94,3.85,3.9,71122
2018-09-13,3.96,4.02,3.91,4.0,99523
2018-09-14,4.04,4.04,3.98,4.01,62938
2018-09-17,3.99,4.04,3.96,4.0,61466
2018-09-18,3.97,4.07,3.97,4.07,95261
2018-09-19,4.08,4.17,4.04,4.13,99211
2018-09-20,4.14,4.14,4.08,4.13,54980
2018-09-21,4.11,4.19,4.09,4.18,83129
2018-09-25,4.17,4.19,4.11,4.12,75146
2018-09-26,4.14,4.26,4.13,4.21,128873
2018-09-27,4.22,4.27,4.2,4.24,101003
2018-09-28,4.23,4.3,4.2,4.29,120092
2018-10-08,4.2,4.23,4.07,4.12,152340
2018-10-09,4.08,4.17,4.08,4.12,79282
2018-10-10,4.12,4.14,4.06,4.11,64722
2018-10-11,4.02,4.05,3.72,3.74,176592
2018-10-12,3.75,3.83,3.69,3.81,122982
2018-10-15,3.8,4.0,3.8,3.88,150813
2018-10-16,3.9,3.99,3.85,3.88,80433
2018-10-17,3.96,3.99,3.9,3.96,92451
2018-10-18,3.95,3.97,3.89,3.91,77790
2018-10-19,3.96,4.06,3.78,4.04,143493
2018-10-22,4.18,4.23,4.08,4.22,163729
2018-10-23,4.18,4.24,4.15,4.16,104528
2018-10-24,4.18,4.23,4.15,4.19,68030
2018-10-25,4.15,4.19,4.08,4.19,87474
2018-10-26,4.19,4.24,4.16,4.2,64586
2018-10-29,4.26,4.28,4.16,4.19,87991
2018-10-30,4.25,4.27,4.17,4.24,78161
2018-10-31,4.28,4.28,4.21,4.28,71193
2018-11-01,4.3,4.4,4.26,4.38,122162
2018-11-02,4.53,4.6,4.41,4.59,243647
2018-11-05,4.64,4.68,4.39,4.45,249259
2018-11-06,4.45,4.6,4.43,4.58,240146
2018-11-07,4.57,4.6,4.43,4.51,191593
2018-11-08,4.55,4.56,4.36,4.37,155284
2018-11-09,4.33,4.37,4.28,4.29,91357
2018-11-12,4.27,4.36,4.25,4.34,74217
2018-11-13,4.2,4.41,4.18,4.38,118417
2018-11-14,4.4,4.47,4.39,4.42,121983
2018-11-15,4.46,4.49,4.41,4.47,103967
2018-11-16,4.5,4.85,4.46,4.75,357139
2018-11-19,4.71,4.76,4.59,4.75,259808
2018-11-20,4.68,4.69,4.45,4.52,192380
2018-11-21,4.45,4.56,4.43,4.52,61663
2018-11-22,4.54,4.58,4.5,4.54,78912
2018-11-23,4.53,4.57,4.41,4.41,125396
2018-11-26,4.47,4.5,4.39,4.41,59748
2018-11-27,4.42,4.46,4.38,4.39,41439
2018-11-28,4.42,4.47,4.37,4.46,48879
2018-11-29,4.52,4.54,4.4,4.4,71777
2018-11-30,4.4,4.45,4.37,4.45,56096
2018-12-03,4.63,4.65,4.54,4.56,115613
2018-12-04,4.56,4.59,4.5,4.58,60737
2018-12-05,4.49,4.55,4.48,4.52,46270
2018-12-06,4.41,4.46,4.35,4.35,71366
2018-12-07,4.32,4.41,4.32,4.4,30096
2018-12-10,4.32,4.41,4.29,4.32,51119
2018-12-11,4.29,4.35,4.28,4.31,41608
2018-12-12,4.4,4.4,4.3,4.34,40030
2018-12-13,4.33,4.41,4.31,4.34,105708
2018-12-14,4.31,4.34,4.18,4.2,116724
2018-12-17,4.18,4.23,4.1,4.23,73473
2018-12-18,4.21,4.27,4.16,4.21,54926
2018-12-19,4.22,4.29,4.19,4.21,49379
2018-12-20,4.21,4.25,4.16,4.24,49807
2018-12-21,4.2,4.23,4.09,4.12,67396
2018-12-24,4.08,4.14,4.08,4.1,46211
2018-12-25,4.07,4.1,3.93,4.01,56953
2018-12-26,3.98,4.04,3.96,3.98,39565
2018-12-27,4.0,4.03,3.95,3.95,65005
2018-12-28,3.97,4.08,3.96,4.06,60599
2019-01-02,4.04,4.43,3.98,4.01,78312
2019-01-03,3.98,4.07,3.93,4.07,62042
2019-01-04,4.01,4.14,3.99,4.13,70109
2019-01-07,4.17,4.18,4.12,4.15,58752
2019-01-08,4.18,4.23,4.14,4.17,72112
2019-01-09,4.19,4.27,4.16,4.2,83555
2019-01-10,4.17,4.21,4.14,4.15,58067
2019-01-11,4.19,4.21,4.15,4.19,47427
2019-01-14,4.19,4.2,4.13,4.15,44455
2019-01-15,4.17,4.21,4.15,4.21,48033
2019-01-16,4.19,4.23,4.18,4.23,37798
2019-01-17,4.23,4.24,4.16,4.16,55946
2019-01-18,4.21,4.22,4.16,4.21,77796
2019-01-21,4.19,4.24,4.18,4.19,54127
2019-01-22,4.2,4.21,4.14,4.15,37548
2019-01-23,4.16,4.18,4.09,4.1,41549
2019-01-24,4.12,4.13,4.07,4.1,58101
2019-01-25,4.11,4.36,4.09,4.23,154738
2019-01-28,4.25,4.43,4.21,4.33,193841
2019-01-29,4.3,4.45,4.24,4.31,143334
2019-01-30,4.27,4.31,4.19,4.21,107533
2019-01-31,4.21,4.27,4.17,4.25,166354
2019-02-01,4.28,4.3,4.2,4.3,101075
2019-02-11,4.27,4.35,4.26,4.34,93167
2019-02-12,4.34,4.42,4.32,4.4,104729
2019-02-13,4.43,4.48,4.39,4.47,144580
2019-02-14,4.45,4.48,4.39,4.45,122803
2019-02-15,4.45,4.47,4.39,4.4,78335
2019-02-18,4.44,4.51,4.44,4.51,127783
2019-02-19,4.53,4.65,4.5,4.54,164817
2019-02-20,4.6,4.63,4.5,4.54,110809
2019-02-21,4.55,4.56,4.46,4.47,123844
2019-02-22,4.47,4.57,4.44,4.56,131645
2019-02-25,4.6,4.88,4.57,4.87,411147
2019-02-26,4.87,5.13,4.78,4.9,362795
2019-02-27,4.97,5.02,4.83,4.87,237132
2019-02-28,4.85,4.94,4.83,4.85,132803
2019-03-01,4.89,4.97,4.83,4.92,183162
2019-03-04,4.97,5.08,4.92,4.95,294111
2019-03-05,4.96,5.12,4.9,5.06,296707
2019-03-06,5.07,5.44,5.07,5.33,590047
2019-03-07,5.32,5.43,5.23,5.32,341547
2019-03-08,5.28,5.4,5.14,5.2,370942
2019-03-11,5.31,5.83,5.31,5.83,837071
2019-03-12,5.97,6.41,5.82,6.19,1244935
2019-03-13,5.98,6.56,5.95,6.3,1059829
2019-03-14,6.33,6.49,6.02,6.11,661369
2019-03-15,6.23,6.55,6.09,6.3,929366
2019-03-18,6.21,6.28,5.96,6.13,707402
2019-03-19,6.06,6.21,6.06,6.12,321689
2019-03-20,6.06,6.12,5.93,6.05,345578
2019-03-21,6.1,6.13,5.99,6.05,410414
2019-03-22,6.06,6.17,5.94,6.13,417431
2019-03-25,6.03,6.22,6.01,6.03,416315
2019-03-26,6.03,6.07,5.7,5.8,610304
2019-03-27,5.9,6.01,5.81,5.87,237476
2019-03-28,5.85,6.03,5.81,5.83,321135
2019-03-29,5.79,6.19,5.79,6.15,659526
2019-04-01,6.13,6.37,6.09,6.26,777191
2019-04-02,6.33,6.35,6.18,6.21,488439
2019-04-03,6.36,6.94,6.25,6.94,980695
2019-04-04,7.75,7.75,7.75,7.75,413798
2019-04-08,7.61,7.61,6.96,7.43,2389877
2019-04-09,7.18,7.18,6.79,6.84,1444984
2019-04-10,6.75,7.12,6.68,6.99,1034104
2019-04-11,7.0,7.24,6.88,6.99,975519
2019-04-12,7.07,7.55,7.07,7.24,1037203
2019-04-15,7.37,8.08,7.06,7.58,1877625
2019-04-16,7.42,7.99,7.27,7.77,1327774
2019-04-17,7.66,7.92,7.56,7.63,1007166
2019-04-18,7.57,7.63,7.35,7.37,774521
2019-04-19,7.3,7.53,7.14,7.28,542790
2019-04-22,7.36,7.55,7.18,7.45,786716
2019-04-23,7.43,8.04,7.3,7.81,1736400
2019-04-24,7.73,7.8,7.2,7.37,1146051
2019-04-25,7.3,7.51,6.93,7.05,881980
2019-04-26,6.98,7.14,6.75,6.76,856602
2019-04-29,6.86,7.13,6.74,6.82,1092054
2019-04-30,6.8,7.09,6.77,6.95,942640
2019-05-06,6.14,6.41,6.14,6.18,1251310
2019-05-07,6.25,6.32,5.85,6.21,798344
2019-05-08,5.95,6.28,5.89,6.02,382150
2019-05-09,5.89,6.08,5.78,5.79,376377
2019-05-10,6.07,6.48,5.8,6.38,907881
2019-05-13,6.23,6.8,6.23,6.68,1010144
2019-05-14,6.56,6.78,6.33,6.38,1230485
2019-05-15,6.53,6.6,6.42,6.53,691665
2019-05-16,6.47,6.53,6.36,6.4,495791
2019-05-17,6.44,6.46,6.19,6.26,404703
2019-05-20,6.26,6.29,5.8,6.04,424171
2019-05-21,6.06,6.34,6.06,6.23,486405
2019-05-22,6.26,6.43,6.08,6.26,411981
2019-05-23,6.15,6.28,6.04,6.17,307567
2019-05-24,6.23,6.43,6.1,6.28,664067
2019-05-27,6.31,6.38,6.1,6.34,459604
2019-05-28,6.28,6.69,6.28,6.57,978446
2019-05-29,6.48,6.53,6.35,6.46,525160
2019-05-30,6.21,6.33,6.15,6.25,422363
2019-05-31,6.33,6.45,6.19,6.45,550906
2019-06-03,6.45,6.54,6.25,6.34,389309
2019-06-04,6.18,6.32,6.01,6.1,458694
2019-06-05,6.14,6.18,5.39,5.59,1007123
2019-06-06,5.54,5.54,5.12,5.32,498974
2019-06-10,5.38,5.38,5.08,5.27,285532
2019-06-11,5.34,5.58,5.28,5.55,485193
2019-06-12,5.52,5.6,5.45,5.48,332258
2019-06-13,5.49,5.53,5.34,5.44,322654
2019-06-14,5.48,5.49,5.26,5.27,300033
2019-06-17,5.25,5.43,5.19,5.31,254436
2019-06-18,5.33,5.34,5.22,5.26,216909
2019-06-19,5.57,5.74,5.4,5.61,829872
2019-06-20,5.61,5.79,5.53,5.74,392931
2019-06-21,5.83,5.96,5.78,5.88,587197
2019-06-24,5.86,6.0,5.84,5.89,552514
2019-06-25,5.89,5.89,5.58,5.75,622977
2019-06-26,5.7,5.88,5.62,5.72,453933
2019-06-27,5.78,5.94,5.75,5.94,617925
2019-06-28,5.92,6.34,5.73,5.85,660240
2019-07-01,5.98,6.07,5.89,6.07,678977
2019-07-02,6.04,6.06,5.94,6.01,407300
2019-07-03,6.02,6.02,5.78,5.85,375820
2019-07-04,5.88,5.96,5.83,5.86,275573
2019-07-05,5.88,5.9,5.8,5.86,172023
2019-07-08,5.88,5.88,5.52,5.58,358950
2019-07-09,5.6,5.63,5.4,5.45,332719
2019-07-10,5.5,5.51,5.35,5.38,249591
2019-07-11,5.42,5.47,5.3,5.4,265770
2019-07-12,5.39,5.53,5.35,5.48,215838
2019-07-15,5.43,5.56,5.33,5.5,240339
2019-07-16,5.51,5.58,5.47,5.58,207888
2019-07-17,5.59,5.82,5.54,5.82,535581
2019-07-18,5.74,5.91,5.7,5.76,364205
2019-07-19,5.78,5.93,5.73,5.84,360647
2019-07-22,5.89,5.9,5.64,5.74,304017
2019-07-23,5.83,5.87,5.73,5.82,269742
2019-07-24,5.9,5.92,5.67,5.79,391159
2019-07-25,5.74,6.27,5.74,6.14,963881
2019-07-26,6.18,6.81,6.15,6.54,1206655
2019-07-29,6.54,6.59,6.36,6.43,688596
2019-07-30,6.4,6.43,6.26,6.33,530786
2019-07-31,6.25,6.39,6.17,6.31,453491
2019-08-01,6.22,6.28,6.18,6.24,307483
2019-08-02,5.94,6.28,5.94,6.19,432346
2019-08-05,6.14,6.38,6.04,6.26,564717
2019-08-06,6.25,6.29,5.54,5.84,1212948
2019-08-07,5.82,5.82,5.16,5.16,1842671
2019-08-08,5.0,5.11,4.77,4.96,1029954
2019-08-09,4.98,5.08,4.92,4.96,554145
2019-08-12,4.97,5.01,4.83,4.94,511539
2019-08-13,4.87,4.9,4.78,4.82,451883
2019-08-14,4.91,4.94,4.81,4.82,471592
2019-08-15,4.68,4.81,4.59,4.79,553243
2019-08-16,4.76,4.84,4.73,4.77,337734
2019-08-19,4.82,4.95,4.69,4.9,753621
2019-08-20,4.9,5.1,4.9,4.95,666020
2019-08-21,5.0,5.22,4.95,5.11,864650
2019-08-22,5.14,5.15,4.98,5.02,433309
2019-08-23,5.02,5.02,4.93,4.95,378334
2019-08-26,4.75,4.83,4.74,4.79,520011
2019-08-27,4.82,4.95,4.82,4.9,438419
2019-08-28,4.91,4.93,4.83,4.84,253316
2019-08-29,4.87,4.92,4.79,4.9,348041
2019-08-30,4.97,4.98,4.76,4.77,448403
2019-09-02,4.76,4.9,4.74,4.84,341587
2019-09-03,4.89,4.94,4.83,4.91,374198
2019-09-04,4.89,5.02,4.87,5.01,426505
2019-09-05,5.05,5.13,5.01,5.03,618573
2019-09-06,5.07,5.13,5.02,5.09,468110
2019-09-09,5.13,5.15,5.06,5.11,484688
2019-09-10,5.1,5.1,5.03,5.06,331672
2019-09-11,5.08,5.17,5.05,5.07,431016
2019-09-12,5.11,5.15,5.09,5.14,362277
2019-09-16,5.15,5.32,5.12,5.25,619507
2019-09-17,5.25,5.27,5.1,5.11,471223
2019-09-18,5.12,5.2,5.1,5.11,256962
2019-09-19,5.14,5.15,5.09,5.14,198488
2019-09-20,5.15,5.21,5.12,5.2,374468
2019-09-23,5.14,5.16,4.95,5.02,464638
2019-09-24,4.98,5.05,4.97,4.99,214178
2019-09-25,4.98,4.98,4.85,4.85,305653
2019-09-26,4.87,4.89,4.73,4.76,259371
2019-09-27,4.75,4.82,4.71,4.79,136257
2019-09-30,4.79,4.8,4.7,4.72,208725
2019-10-08,4.7,4.77,4.7,4.73,200148
2019-10-09,4.71,4.76,4.71,4.76,111611
2019-10-10,4.77,4.86,4.74,4.82,150596
2019-10-11,4.87,4.96,4.8,4.93,291103
2019-10-14,4.99,5.08,4.97,4.99,371826
2019-10-15,5.02,5.02,4.9,4.91,187341
2019-10-16,4.92,4.99,4.89,4.89,219963
2019-10-17,4.92,4.97,4.91,4.94,149669
2019-10-18,4.94,4.95,4.76,4.79,233412
2019-10-21,4.74,4.9,4.74,4.82,140542
2019-10-22,4.87,4.87,4.8,4.84,103520
2019-10-23,4.84,4.85,4.76,4.78,85783
2019-10-24,4.81,4.82,4.76,4.82,104535
2019-10-25,4.82,4.84,4.74,4.82,155827
2019-10-28,4.82,4.9,4.79,4.87,181336
2019-10-29,4.88,4.96,4.82,4.91,243181
2019-10-30,4.89,4.89,4.79,4.81,160929
2019-10-31,4.85,4.89,4.8,4.84,172901
2019-11-01,4.81,4.91,4.77,4.91,218443
2019-11-04,4.94,5.03,4.91,5.03,348514
2019-11-05,5.09,5.1,4.92,4.98,363818
2019-11-06,4.98,5.01,4.92,4.94,212743
2019-11-07,4.93,4.96,4.88,4.9,161842
2019-11-08,4.95,4.97,4.81,4.83,227917
2019-11-11,4.79,4.81,4.71,4.72,202606
2019-11-12,4.73,4.76,4.68,4.72,142873
2019-11-13,4.73,4.74,4.59,4.62,243052
2019-11-14,4.63,4.66,4.59,4.64,119588
2019-11-15,4.63,4.63,4.55,4.55,132115
2019-11-18,4.56,4.62,4.51,4.59,105013
2019-11-19,4.58,4.66,4.56,4.66,92568
2019-11-20,4.66,4.66,4.58,4.59,86490
2019-11-21,4.57,4.59,4.52,4.57,108948
2019-11-22,4.59,4.62,4.54,4.58,119750
2019-11-25,4.58,4.69,4.54,4.68,167035
2019-11-26,4.69,4.77,4.65,4.77,294236
2019-11-27,4.71,4.72,4.59,4.62,234160
2019-11-28,4.63,4.66,4.6,4.62,81178
2019-11-29,4.62,4.62,4.56,4.6,87696
2019-12-02,4.63,4.7,4.61,4.68,201561
2019-12-03,4.65,4.68,4.63,4.67,76632
2019-12-04,4.64,4.66,4.61,4.65,84891
2019-12-05,4.66,4.69,4.64,4.67,105296
2019-12-06,4.67,4.73,4.64,4.7,153489
2019-12-09,4.71,4.72,4.63,4.65,181309
2019-12-10,4.64,4.66,4.56,4.61,188784
2019-12-11,4.6,4.62,4.58,4.61,153061
2019-12-12,4.61,4.61,4.58,4.61,186067
2019-12-13,4.64,4.83,4.64,4.76,597563
2019-12-16,4.83,4.86,4.76,4.85,357231
2019-12-17,4.86,4.98,4.85,4.93,372709
2019-12-18,4.96,4.96,4.86,4.88,296362
2019-12-19,4.89,4.92,4.86,4.9,164753
2019-12-20,4.9,4.91,4.83,4.86,167896
2019-12-23,4.87,4.87,4.71,4.72,213602
2019-12-24,4.72,4.74,4.7,4.73,163748
2019-12-25,4.73,4.73,4.68,4.7,147668
2019-12-26,4.71,4.72,4.68,4.71,168928
2019-12-27,4.71,4.77,4.7,4.73,261345
2019-12-30,4.72,4.79,4.66,4.74,304324
2019-12-31,4.76,4.81,4.74,4.8,220004
2020-01-02,4.83,4.92,4.82,4.88,377793
2020-01-03,4.91,4.97,4.88,4.9,325688
2020-01-06,4.87,4.95,4.83,4.88,293662
2020-01-07,4.91,4.92,4.85,4.9,245066
2020-01-08,4.87,4.87,4.72,4.74,464671
2020-01-09,4.79,4.81,4.73,4.78,295933
2020-01-10,4.78,4.79,4.66,4.7,570549
2020-01-13,4.68,4.69,4.63,4.69,406381
2020-01-14,4.71,4.75,4.69,4.71,342011
2020-01-15,4.69,4.71,4.61,4.62,394698
2020-01-16,4.64,4.65,4.58,4.61,286925
2020-01-17,4.61,4.63,4.56,4.57,311368
2020-01-20,4.54,4.57,4.53,4.57,386135
2020-01-21,4.55,4.56,4.49,4.49,366412
2020-01-22,4.49,4.5,4.4,4.42,424889
2020-01-23,4.4,4.4,4.16,4.23,562591
2020-02-03,3.71,3.71,3.71,3.71,219497
2020-02-04,3.25,3.69,3.25,3.54,744856
2020-02-05,3.54,3.68,3.51,3.6,426891
2020-02-06,3.63,3.66,3.55,3.64,357790
2020-02-07,3.62,3.76,3.59,3.73,326732
2020-02-10,3.69,3.76,3.66,3.74,276862
2020-02-11,3.76,3.83,3.72,3.81,305446
2020-02-12,3.8,3.9,3.77,3.88,248566
2020-02-13,3.88,3.93,3.77,3.79,303966
2020-02-14,3.78,3.81,3.75,3.77,231530
2020-02-17,3.78,3.91,3.77,3.91,375401
2020-02-18,3.92,3.98,3.88,3.92,290731
2020-02-19,3.93,3.94,3.88,3.89,296291
2020-02-20,3.89,3.96,3.85,3.95,454991
2020-02-21,3.93,3.96,3.91,3.93,406304
2020-02-24,3.91,3.91,3.78,3.8,556207
2020-02-25,3.68,3.75,3.6,3.72,606105
2020-02-26,3.66,3.83,3.64,3.74,488883
2020-02-27,3.74,3.81,3.73,3.75,293211
2020-02-28,3.66,3.7,3.56,3.57,475022
2020-03-02,3.55,3.71,3.55,3.68,326447
2020-03-03,3.72,3.95,3.68,3.83,799992
2020-03-04,3.77,3.91,3.75,3.86,509428
2020-03-05,3.87,3.91,3.84,3.88,624213
2020-03-06,3.83,3.85,3.79,3.8,341131
2020-03-09,3.73,3.75,3.69,3.71,404653
2020-03-10,3.64,3.75,3.61,3.73,402224
2020-03-11,3.75,3.88,3.72,3.85,617286
2020-03-12,3.79,3.8,3.7,3.76,322290
2020-03-13,3.57,3.72,3.54,3.68,398997
2020-03-16,3.68,3.76,3.58,3.59,411728
2020-03-17,3.63,3.65,3.42,3.54,406730
2020-03-18,3.52,3.56,3.42,3.43,340354
2020-03-19,3.43,3.43,3.27,3.37,431203
2020-03-20,3.43,3.48,3.35,3.46,386926
2020-03-23,3.33,3.38,3.29,3.29,242957
2020-03-24,3.33,3.37,3.28,3.33,225943
2020-03-25,3.39,3.51,3.39,3.47,331622
2020-03-26,3.48,3.55,3.45,3.5,278617
2020-03-27,3.52,3.56,3.49,3.51,205709
2020-03-30,3.44,3.53,3.39,3.47,240795
2020-03-31,3.51,3.58,3.48,3.51,238794
2020-04-01,3.5,3.51,3.4,3.41,211035
2020-04-02,3.37,3.43,3.36,3.43,164974
2020-04-03,3.43,3.44,3.38,3.39,135999
2020-04-07,3.43,3.47,3.41,3.46,228893
2020-04-08,3.46,3.47,3.42,3.45,143790
2020-04-09,3.46,3.47,3.44,3.44,106366
2020-04-10,3.46,3.48,3.39,3.46,217691
2020-04-13,3.43,3.43,3.35,3.37,219086
2020-04-14,3.39,3.41,3.35,3.41,177976
2020-04-15,3.41,3.41,3.35,3.36,186858
2020-04-16,3.34,3.37,3.33,3.35,103496
2020-04-17,3.36,3.38,3.35,3.35,157780
2020-04-20,3.37,3.37,3.32,3.34,140370
2020-04-21,3.33,3.37,3.3,3.31,168087
2020-04-22,3.29,3.31,3.26,3.31,122653
2020-04-23,3.3,3.35,3.29,3.32,154310
2020-04-24,3.32,3.33,3.26,3.27,132814
2020-04-27,3.27,3.29,3.26,3.27,80412
2020-04-28,3.27,3.28,3.08,3.16,242396
2020-04-29,3.16,3.2,3.14,3.15,129857
2020-04-30,3.18,3.22,3.17,3.21,265652
2020-05-06,3.19,3.27,3.16,3.26,369203
2020-05-07,3.27,3.27,3.2,3.22,251959
2020-05-08,3.24,3.25,3.19,3.21,315156
2020-05-11,3.22,3.22,3.18,3.19,298521
2020-05-12,3.19,3.19,3.11,3.13,338742
2020-05-13,3.11,3.13,3.09,3.12,214076
2020-05-14,3.1,3.1,3.07,3.07,272768
2020-05-15,3.08,3.13,3.08,3.12,261601
2020-05-18,3.13,3.13,3.07,3.08,259570
2020-05-19,3.11,3.13,3.08,3.09,225932
2020-05-20,3.1,3.1,3.07,3.08,171668
2020-05-21,3.09,3.1,3.04,3.04,221752
2020-05-22,3.03,3.04,2.99,3.01,261298
2020-05-25,3.0,3.04,2.98,3.02,148714
2020-05-26,3.02,3.02,3.0,3.01,150776
2020-05-27,3.01,3.03,2.99,3.03,154313
2020-05-28,3.02,3.15,3.01,3.08,253874
2020-05-29,3.09,3.09,3.02,3.08,236422
2020-06-01,3.1,3.11,3.06,3.11,301632
2020-06-02,3.11,3.35,3.09,3.33,860488
2020-06-03,3.32,3.32,3.21,3.21,558966
2020-06-04,3.22,3.24,3.16,3.18,261681
2020-06-05,3.18,3.31,3.16,3.28,428440
2020-06-08,3.28,3.31,3.24,3.28,319367
2020-06-09,3.28,3.29,3.24,3.28,218640
2020-06-10,3.27,3.28,3.23,3.24,196674
2020-06-11,3.24,3.26,3.19,3.2,269472
2020-06-12,3.15,3.2,3.12,3.2,317179
2020-06-15,3.19,3.19,3.15,3.16,205338
2020-06-16,3.18,3.28,3.16,3.27,298993
2020-06-17,3.26,3.27,3.22,3.23,181676
2020-06-18,3.22,3.3,3.21,3.26,292974
2020-06-19,3.26,3.34,3.26,3.28,429311
2020-06-22,3.27,3.29,3.22,3.22,261694
2020-06-23,3.22,3.23,3.19,3.2,168251
2020-06-24,3.2,3.27,3.19,3.25,187326
2020-06-29,3.25,3.25,3.18,3.18,163146
2020-06-30,3.19,3.23,3.19,3.23,169710
2020-07-01,3.23,3.26,3.18,3.25,222405
2020-07-02,3.25,3.48,3.24,3.42,779194
2020-07-03,3.43,3.55,3.41,3.51,689873
2020-07-06,3.6,3.81,3.58,3.77,1102514
2020-07-07,3.82,3.95,3.69,3.7,1082595
2020-07-08,3.7,3.8,3.65,3.77,735564
2020-07-09,3.81,3.92,3.79,3.86,1079440
2020-07-10,3.83,3.94,3.78,3.83,991212
2020-07-13,3.86,4.0,3.76,3.92,1093674
2020-07-14,3.98,3.98,3.77,3.84,1047071
2020-07-15,3.86,3.89,3.67,3.7,689549
2020-07-16,3.7,3.74,3.51,3.53,648916
2020-07-17,3.52,3.57,3.44,3.47,448600
2020-07-20,3.49,3.66,3.47,3.64,585330
2020-07-21,3.65,3.7,3.55,3.6,373869
2020-07-22,3.58,3.67,3.54,3.58,413814
2020-07-23,3.58,3.59,3.47,3.55,492287
2020-07-24,3.53,3.57,3.4,3.44,430544
2020-07-27,3.46,3.48,3.41,3.44,213400
2020-07-28,3.48,3.48,3.43,3.45,176361
2020-07-29,3.45,3.53,3.42,3.53,291086
2020-07-30,3.52,3.58,3.52,3.56,350827
2020-07-31,3.56,3.81,3.54,3.69,659456
2020-08-03,3.66,3.76,3.64,3.74,551150
2020-08-04,3.8,3.95,3.8,3.89,1049586
2020-08-05,3.87,3.87,3.73,3.77,599166
2020-08-06,3.77,3.79,3.65,3.71,422188
2020-08-07,3.68,3.71,3.62,3.66,309209
2020-08-10,3.63,3.72,3.62,3.69,272121
2020-08-11,3.7,3.75,3.61,3.62,317224
2020-08-12,3.62,3.73,3.6,3.73,341390
2020-08-13,3.71,3.74,3.68,3.69,206735
2020-08-14,3.69,3.71,3.64,3.7,211017
2020-08-17,3.7,3.8,3.69,3.77,446252
2020-08-18,3.78,3.79,3.72,3.75,308758
2020-08-19,3.77,3.77,3.71,3.71,284393
2020-08-20,3.69,3.69,3.64,3.65,264459
2020-08-21,3.67,3.69,3.63,3.67,168385
2020-08-24,3.67,3.7,3.66,3.68,158279
2020-08-25,3.68,3.71,3.65,3.66,171341
2020-08-26,3.64,3.67,3.6,3.6,192144
2020-08-27,3.59,3.62,3.58,3.59,188008
2020-08-28,3.59,3.63,3.57,3.62,264999
2020-08-31,3.61,3.65,3.61,3.62,226664
2020-09-01,3.59,3.61,3.58,3.6,161444
2020-09-02,3.6,3.61,3.57,3.58,165377
2020-09-03,3.59,3.6,3.57,3.58,145769
2020-09-04,3.55,3.56,3.52,3.55,176642
2020-09-07,3.55,3.58,3.51,3.52,195457
2020-09-08,3.53,3.56,3.51,3.55,145682
2020-09-09,3.54,3.62,3.53,3.59,330803
2020-09-10,3.6,3.63,3.5,3.51,246931
2020-09-11,3.49,3.5,3.45,3.49,169850
2020-09-14,3.49,3.53,3.47,3.51,110811
2020-09-15,3.51,3.53,3.46,3.52,140617
2020-09-16,3.51,3.56,3.48,3.5,204918
2020-09-17,3.48,3.52,3.48,3.5,127756
2020-09-18,3.52,3.61,3.5,3.6,301745
2020-09-21,3.61,3.64,3.57,3.58,161061
2020-09-22,3.56,3.6,3.5,3.52,201784
2020-09-23,3.54,3.56,3.51,3.51,113691
2020-09-24,3.51,3.51,3.43,3.44,202009
2020-09-25,3.44,3.46,3.36,3.38,173063
2020-09-28,3.39,3.41,3.36,3.36,96221
2020-09-29,3.37,3.4,3.35,3.37,98962
2020-09-30,3.37,3.38,3.34,3.36,102236
2020-10-09,3.4,3.42,3.38,3.4,131148
2020-10-12,3.41,3.51,3.41,3.5,187445
2020-10-13,3.49,3.51,3.46,3.49,99711
2020-10-14,3.47,3.49,3.41,3.43,132354
2020-10-15,3.43,3.44,3.41,3.41,88350
2020-10-16,3.42,3.45,3.41,3.43,94095
2020-10-19,3.45,3.54,3.44,3.52,282360
2020-10-20,3.51,3.51,3.44,3.47,189342
2020-10-21,3.46,3.47,3.44,3.47,89364
2020-10-22,3.47,3.49,3.44,3.47,108196
2020-10-23,3.47,3.49,3.46,3.49,135003
2020-10-26,3.49,3.5,3.39,3.4,189354
2020-10-27,3.38,3.45,3.36,3.43,152191
2020-10-28,3.41,3.42,3.38,3.41,77162
2020-10-29,3.38,3.45,3.36,3.43,128299
2020-10-30,3.45,3.46,3.34,3.36,172863
2020-11-02,3.37,3.39,3.31,3.33,168238
2020-11-03,3.33,3.39,3.33,3.38,126676
2020-11-04,3.37,3.4,3.34,3.36,88973
2020-11-05,3.39,3.5,3.36,3.49,410222
2020-11-06,3.47,3.7,3.45,3.7,946145
2020-11-09,3.78,4.15,3.76,4.07,1994736
2020-11-10,4.13,4.15,3.86,3.93,1227820
2020-11-11,3.9,3.9,3.74,3.74,778194
2020-11-12,3.77,3.84,3.67,3.73,609843
2020-11-13,3.71,3.71,3.59,3.63,545543
2020-11-16,3.83,3.84,3.68,3.7,782564
2020-11-17,3.69,3.95,3.65,3.86,1143682
2020-11-18,3.81,3.95,3.76,3.83,741374
2020-11-19,3.8,3.87,3.73,3.75,492823
2020-11-20,3.73,3.91,3.7,3.84,585581
2020-11-23,3.84,3.98,3.83,3.93,787469
2020-11-24,3.93,3.94,3.85,3.85,442225
2020-11-25,3.87,3.89,3.76,3.78,460439
2020-11-26,3.77,3.8,3.72,3.79,301943
2020-11-27,3.78,3.83,3.72,3.79,269804
2020-11-30,3.8,3.9,3.78,3.81,533817
2020-12-01,3.83,3.89,3.8,3.87,380038
2020-12-02,3.89,3.92,3.84,3.87,380393
2020-12-03,3.88,3.88,3.81,3.82,295032
2020-12-04,3.81,3.83,3.76,3.82,255045
2020-12-07,3.83,3.83,3.71,3.74,309669
2020-12-08,3.74,3.77,3.71,3.72,187563
2020-12-09,3.75,3.81,3.66,3.67,302700
2020-12-10,3.66,3.69,3.61,3.65,260854
2020-12-11,3.64,3.66,3.52,3.57,435727
2020-12-14,3.57,3.6,3.55,3.58,174552
2020-12-15,3.57,3.63,3.52,3.63,249731
2020-12-16,3.62,3.67,3.59,3.63,222447
2020-12-17,3.63,3.75,3.63,3.72,380549
2020-12-18,3.73,3.78,3.71,3.73,328377
2020-12-21,3.72,3.74,3.68,3.69,268295
2020-12-22,3.68,3.7,3.58,3.59,233314
2020-12-23,3.63,3.65,3.58,3.59,165223
2020-12-24,3.59,3.69,3.58,3.63,184721
2020-12-25,3.63,3.76,3.59,3.76,344879
2020-12-28,3.73,3.79,3.68,3.69,266608
2020-12-29,3.71,3.83,3.67,3.79,473912
2020-12-30,3.75,3.86,3.74,3.78,374124
2020-12-31,3.83,3.84,3.72,3.75,364019
2021-01-04,3.77,3.87,3.73,3.87,603491
2021-01-05,3.86,3.94,3.79,3.87,781840
2021-01-06,3.87,3.88,3.77,3.84,481114
2021-01-07,3.81,3.9,3.76,3.82,423493
2021-01-08,3.8,4.02,3.77,3.97,902794
2021-01-11,4.03,4.03,3.82,3.85,688388
2021-01-12,3.81,3.86,3.76,3.85,446442
2021-01-13,3.81,4.01,3.76,3.94,795329
2021-01-14,3.91,4.28,3.89,4.17,1592463
2021-01-15,4.17,4.17,3.98,4.02,992987
2021-01-18,3.99,4.09,3.95,4.03,602997
2021-01-19,4.04,4.06,3.87,3.9,662042
2021-01-20,3.87,3.9,3.82,3.86,453877
2021-01-21,3.84,3.88,3.79,3.86,394476
2021-01-22,3.86,3.86,3.76,3.76,390444
2021-01-25,3.78,3.78,3.68,3.7,373347
2021-01-26,3.71,3.74,3.66,3.67,281819
2021-01-27,3.67,3.74,3.66,3.7,218850
2021-01-28,3.68,3.68,3.58,3.59,352145
2021-01-29,3.6,3.63,3.56,3.59,250400
2021-02-01,3.59,3.63,3.56,3.61,198988
2021-02-02,3.62,3.74,3.62,3.7,303144
2021-02-03,3.68,3.7,3.6,3.61,242173
2021-02-04,3.62,3.62,3.43,3.51,381234
2021-02-05,3.5,3.55,3.45,3.48,181155
2021-02-08,3.48,3.54,3.47,3.54,153137
2021-02-09,3.52,3.59,3.52,3.58,211442
2021-02-10,3.58,3.6,3.55,3.59,215876
2021-02-18,3.73,3.78,3.66,3.7,436412
2021-02-19,3.7,3.96,3.69,3.94,782079
2021-02-22,3.94,4.06,3.92,3.95,826750
2021-02-23,3.91,3.99,3.89,3.92,544770
2021-02-24,3.98,4.08,3.89,3.96,495893
2021-02-25,3.98,4.08,3.96,4.03,554067
2021-02-26,3.96,4.02,3.88,3.95,590198
2021-03-01,4.0,4.07,3.94,4.01,431454
2021-03-02,4.02,4.04,3.9,3.94,417368
2021-03-03,3.92,3.97,3.89,3.95,317877
2021-03-04,3.94,4.02,3.91,3.95,415199
2021-03-05,3.92,3.97,3.9,3.93,385702
2021-03-08,3.94,4.01,3.94,3.95,446529
2021-03-09,3.97,4.13,3.93,4.04,952533
2021-03-10,4.03,4.04,3.8,3.83,847550
2021-03-11,3.84,4.01,3.78,3.98,590780
2021-03-12,3.98,4.15,3.96,4.09,819163
2021-03-15,4.11,4.24,4.06,4.13,829874
2021-03-16,4.12,4.21,4.09,4.14,512263
2021-03-17,4.14,4.18,4.06,4.13,403881
2021-03-18,4.13,4.14,4.05,4.07,368222
2021-03-19,4.02,4.1,3.99,4.03,408289
2021-03-22,4.02,4.11,4.0,4.11,372349
2021-03-23,4.12,4.16,3.98,4.02,362218
2021-03-24,3.97,4.0,3.86,3.87,403634
2021-03-25,3.84,3.9,3.82,3.86,263261
2021-03-26,3.88,3.95,3.87,3.91,310595
2021-03-29,3.91,3.95,3.89,3.93,229959
2021-03-30,3.93,3.97,3.88,3.92,300952
2021-03-31,3.92,4.0,3.89,3.96,323119
2021-04-01,3.92,3.96,3.9,3.94,215243
2021-04-02,3.92,3.97,3.91,3.97,199127
2021-04-06,3.97,3.98,3.91,3.93,195408
2021-04-07,4.01,4.07,3.99,4.03,416646
2021-04-08,4.03,4.03,3.93,3.94,295045
2021-04-09,3.92,3.94,3.84,3.88,386633
2021-04-12,3.85,3.93,3.84,3.86,271094
2021-04-13,3.86,3.88,3.77,3.78,275245
2021-04-14,3.79,3.81,3.76,3.8,185872
2021-04-15,3.79,3.8,3.72,3.74,184487
2021-04-16,3.74,3.82,3.74,3.81,224035
2021-04-19,3.81,3.85,3.79,3.83,215610
2021-04-20,3.83,3.84,3.8,3.83,212621
2021-04-21,3.8,3.81,3.74,3.74,212564
2021-04-22,3.77,3.78,3.72,3.72,219422
2021-04-23,3.72,3.76,3.68,3.7,221530
2021-04-26,3.7,3.74,3.67,3.68,201537
2021-04-27,3.69,3.71,3.61,3.63,217925
2021-04-28,3.64,3.67,3.62,3.67,145798
2021-04-29,3.67,3.77,3.66,3.76,249921
2021-04-30,3.78,3.82,3.75,3.81,345703
2021-05-06,3.83,3.89,3.81,3.88,386561
2021-05-07,3.89,3.96,3.88,3.9,411141
2021-05-10,3.9,3.94,3.85,3.91,332433
2021-05-11,3.89,3.96,3.86,3.96,336927
2021-05-12,3.94,4.0,3.94,3.98,323200
2021-05-13,3.98,4.0,3.94,3.96,298539
2021-05-14,3.98,4.01,3.95,3.98,294615
2021-05-17,3.97,4.0,3.93,3.95,249240
2021-05-18,3.96,4.03,3.95,4.0,250060
2021-05-19,3.99,3.99,3.93,3.94,187348
2021-05-20,3.95,3.95,3.88,3.92,193273
2021-05-21,3.93,3.97,3.91,3.96,174848
2021-05-24,3.97,3.98,3.9,3.95,178615
2021-05-25,3.95,4.02,3.9,4.02,297092
2021-05-26,4.03,4.03,3.94,3.94,330852
2021-05-27,3.94,4.02,3.93,4.02,279703
2021-05-28,3.98,4.01,3.94,3.95,221405
2021-05-31,3.94,3.96,3.86,3.87,344617
2021-06-01,3.87,3.9,3.84,3.89,219458
2021-06-02,3.89,3.94,3.87,3.91,288058
2021-06-03,3.91,4.38,3.9,4.37,2759560
2021-06-04,4.17,4.24,3.94,3.94,2481119
2021-06-07,3.93,3.96,3.86,3.86,732413
2021-06-08,3.91,4.03,3.86,3.91,902254
2021-06-09,3.91,3.92,3.85,3.87,480507
2021-06-10,3.87,3.96,3.86,3.91,465029
2021-06-11,3.92,3.96,3.88,3.88,446339
2021-06-15,3.88,3.89,3.8,3.81,453889
2021-06-16,3.79,3.85,3.79,3.82,272314
2021-06-17,3.83,3.86,3.79,3.81,259320
2021-06-18,3.8,3.84,3.76,3.81,291812
2021-06-21,3.81,3.81,3.77,3.78,242051
2021-06-22,3.8,3.84,3.78,3.81,231211
2021-06-23,3.82,3.88,3.8,3.85,255045
2021-06-24,3.85,3.94,3.84,3.92,308360
2021-06-25,3.93,3.96,3.9,3.94,309909
2021-06-28,3.97,4.01,3.93,3.95,325401
2021-06-29,3.96,4.0,3.91,3.97,328110
2021-06-30,3.96,3.98,3.92,3.95,161300
2021-07-01,3.96,3.97,3.91,3.94,216454
2021-07-02,4.1,4.1,4.01,4.04,775773
2021-07-05,4.1,4.39,4.09,4.35,1504606
2021-07-06,4.32,4.59,4.29,4.57,1245280
2021-07-07,4.56,4.64,4.48,4.63,988022
2021-07-08,4.63,4.69,4.55,4.62,559159
2021-07-09,4.6,4.61,4.47,4.57,572970
2021-07-12,4.6,4.61,4.43,4.49,512850
2021-07-13,4.47,4.62,4.45,4.54,425130
2021-07-14,4.52,4.56,4.45,4.48,296223
2021-07-15,4.48,4.55,4.36,4.51,430704
2021-07-16,4.62,4.72,4.41,4.43,750991
2021-07-19,4.4,4.54,4.37,4.49,440450
2021-07-20,4.48,4.52,4.42,4.47,345397
2021-07-21,4.51,4.55,4.47,4.52,318614
2021-07-22,4.55,4.59,4.41,4.52,443943
2021-07-23,4.51,4.52,4.45,4.5,244511
2021-07-26,4.5,4.5,4.34,4.36,410158
2021-07-27,4.4,4.43,4.22,4.24,375997
2021-07-28,4.25,4.33,4.18,4.25,358869
2021-07-29,4.28,4.31,4.21,4.27,389963
2021-07-30,4.23,4.26,4.19,4.23,247631
2021-08-02,4.24,4.4,4.22,4.37,467275
2021-08-03,4.33,4.38,4.29,4.35,362965
2021-08-04,4.35,4.38,4.29,4.33,303229
2021-08-05,4.33,4.38,4.31,4.35,295351
2021-08-06,4.35,4.37,4.28,4.3,229256
2021-08-09,4.28,4.45,4.24,4.41,332938
2021-08-10,4.43,4.46,4.33,4.39,298669
2021-08-11,4.39,4.44,4.34,4.35,232801
2021-08-12,4.36,4.42,4.33,4.38,269175
2021-08-13,4.37,4.41,4.34,4.37,224984
2021-08-16,4.37,4.45,4.35,4.42,292335
2021-08-17,4.38,4.44,4.3,4.3,340891
2021-08-18,4.29,4.51,4.29,4.49,520889
2021-08-19,4.5,4.53,4.4,4.41,313388
2021-08-20,4.41,4.43,4.33,4.37,282456
2021-08-23,4.39,4.43,4.35,4.43,338958
2021-08-24,4.41,4.49,4.39,4.46,314376
2021-08-25,4.49,4.57,4.46,4.56,420289
2021-08-26,4.58,4.65,4.54,4.56,437609
2021-08-27,4.53,4.63,4.46,4.52,453252
2021-08-30,4.55,4.94,4.54,4.84,1187479
2021-08-31,4.84,4.98,4.82,4.89,752891
2021-09-01,4.91,5.15,4.88,5.1,870071
2021-09-02,5.12,5.28,5.05,5.25,720939
2021-09-03,5.24,5.24,5.05,5.13,631215
2021-09-06,5.11,5.3,5.11,5.2,609911
2021-09-07,5.18,5.37,5.16,5.27,716536
2021-09-08,5.29,5.64,5.27,5.53,970321
2021-09-09,5.53,5.53,5.37,5.45,779888
2021-09-10,5.49,5.67,5.32,5.39,838988
2021-09-13,5.31,5.65,5.31,5.47,914232
2021-09-14,5.53,5.61,5.43,5.47,745370
2021-09-15,5.43,5.64,5.42,5.56,580201
2021-09-16,5.55,5.64,5.41,5.43,489879
2021-09-17,5.51,5.63,5.43,5.53,468338
2021-09-22,5.47,5.52,5.35,5.52,544635
2021-09-23,5.59,5.69,5.53,5.59,641629
2021-09-24,5.62,5.65,5.38,5.48,553459
2021-09-27,5.48,5.51,5.36,5.41,576987
2021-09-28,5.44,5.47,5.17,5.42,630750
2021-09-29,5.37,5.43,5.22,5.26,439157
2021-09-30,5.32,5.43,5.26,5.39,442331
2021-10-08,5.55,5.58,5.35,5.41,381066
2021-10-11,5.41,5.43,5.26,5.36,424071
2021-10-12,5.33,5.36,5.13,5.2,412390
2021-10-13,5.15,5.18,4.92,5.05,378165
2021-10-14,5.01,5.06,4.87,4.9,444943
2021-10-15,4.95,5.1,4.91,5.05,493897
2021-10-18,5.04,5.26,5.02,5.19,429811
2021-10-19,5.19,5.24,5.1,5.21,418361
2021-10-20,5.21,5.29,5.13,5.25,356816
2021-10-21,5.27,5.27,5.05,5.11,322433
2021-10-22,5.1,5.15,5.01,5.07,273217
2021-10-25,5.01,5.16,5.0,5.06,275665
2021-10-26,5.05,5.18,5.02,5.09,268090
2021-10-27,5.05,5.08,4.95,4.99,255341
2021-10-28,5.02,5.05,4.85,4.9,291282
2021-10-29,4.86,4.98,4.8,4.96,342167
2021-11-01,4.92,4.92,4.39,4.4,1281010
2021-11-02,4.39,4.45,4.13,4.21,1057553
2021-11-03,4.2,4.22,4.11,4.14,584389
2021-11-04,4.15,4.16,4.1,4.11,464535
2021-11-05,4.12,4.12,4.0,4.01,459056
2021-11-08,4.02,4.04,3.97,3.98,390430
2021-11-09,3.99,4.0,3.9,3.93,463107
2021-11-10,3.93,3.96,3.87,3.94,442111
2021-11-11,3.91,4.01,3.9,3.98,409372
2021-11-12,3.99,4.0,3.91,3.92,351083
2021-11-15,3.92,3.99,3.89,3.96,330692
2021-11-16,4.0,4.06,3.92,3.93,674888
2021-11-17,3.94,4.0,3.93,3.98,364335
2021-11-18,3.97,4.02,3.96,3.97,375351
2021-11-19,3.99,4.04,3.97,4.02,432698
2021-11-22,4.04,4.14,4.02,4.08,684555
2021-11-23,4.09,4.32,4.06,4.21,982910
2021-11-24,4.2,4.21,4.13,4.16,462186
2021-11-25,4.14,4.22,4.13,4.2,408712
2021-11-26,4.19,4.2,4.07,4.07,466541
2021-11-29,4.0,4.09,3.96,4.03,392318
2021-11-30,4.03,4.13,4.02,4.09,466625
2021-12-01,4.09,4.15,4.07,4.15,314584
2021-12-02,4.15,4.45,4.14,4.36,1156925
2021-12-03,4.87,4.87,4.8,4.87,1378698
2021-12-06,4.97,5.16,4.87,5.1,2667310
2021-12-07,5.0,5.03,4.79,4.9,1428723
2021-12-08,4.89,5.07,4.89,5.02,933144
2021-12-09,5.08,5.26,5.05,5.12,1022054
2021-12-10,5.06,5.07,4.96,5.0,618994
2021-12-13,4.97,5.01,4.85,4.87,796879
2021-12-14,4.84,4.87,4.69,4.72,649451
2021-12-15,4.8,4.99,4.7,4.72,779530
2021-12-16,4.71,4.81,4.66,4.79,363095
2021-12-17,4.77,4.87,4.73,4.81,392125
2021-12-20,4.77,4.87,4.75,4.81,383131
2021-12-21,4.78,5.0,4.78,4.97,505579
2021-12-22,4.97,5.01,4.86,4.91,342459
2021-12-23,4.93,4.93,4.8,4.86,362945
2021-12-24,4.86,4.86,4.76,4.78,275365
2021-12-27,4.73,4.79,4.71,4.72,247616
2021-12-28,4.73,4.76,4.66,4.74,308637
2021-12-29,4.74,4.79,4.7,4.75,278006
2021-12-30,4.74,4.81,4.72,4.79,284624
2021-12-31,4.76,4.8,4.74,4.78,250152
2022-01-04,4.82,5.02,4.8,4.95,592031
2022-01-05,4.99,5.52,4.93,5.37,1985812
2022-01-06,5.21,5.44,5.2,5.25,957339
2022-01-07,5.28,5.5,5.2,5.44,933955
2022-01-10,5.41,5.47,5.28,5.37,637221
2022-01-11,5.37,5.39,5.25,5.27,460036
2022-01-12,5.31,5.31,5.16,5.25,502724
2022-01-13,5.25,5.31,5.21,5.24,315488
2022-01-14,5.29,5.31,5.05,5.08,666228
2022-01-17,5.08,5.11,5.0,5.06,349920
2022-01-18,5.06,5.24,5.05,5.19,409250
2022-01-19,5.16,5.24,5.11,5.18,298485
2022-01-20,5.14,5.23,5.12,5.19,302203
2022-01-21,5.19,5.2,5.05,5.08,248192
2022-01-24,5.03,5.23,4.94,5.08,349028
2022-01-25,5.04,5.14,4.98,4.99,335045
2022-01-26,4.99,5.22,4.94,5.13,423204
2022-01-27,5.13,5.25,5.07,5.14,399773
2022-01-28,5.19,5.24,4.95,4.97,366658
2022-02-07,5.05,5.26,5.03,5.23,470083
2022-02-08,5.2,5.36,5.18,5.33,471846
2022-02-09,5.38,5.45,5.32,5.36,380091
2022-02-10,5.33,5.42,5.33,5.42,319742
2022-02-11,5.4,5.51,5.37,5.4,449371
2022-02-14,5.37,5.4,5.13,5.18,477869
2022-02-15,5.2,5.2,5.0,5.07,473410
2022-02-16,5.08,5.24,5.08,5.22,291419
2022-02-17,5.23,5.27,5.1,5.14,303723
2022-02-18,5.1,5.25,5.09,5.24,221512
2022-02-21,5.22,5.26,5.15,5.17,209152
2022-02-22,5.1,5.18,5.04,5.09,230170
2022-02-23,5.08,5.11,5.01,5.04,264074
2022-02-24,5.04,5.07,4.83,4.9,431084
2022-02-25,4.95,5.03,4.9,4.95,308963
2022-02-28,4.97,5.01,4.88,4.99,346190
2022-03-01,5.01,5.05,4.96,5.01,263973
2022-03-02,4.96,5.07,4.95,5.06,306781
2022-03-03,5.08,5.4,5.05,5.35,1066862
2022-03-04,5.35,5.36,5.12,5.16,542270
2022-03-07,5.12,5.17,4.85,4.88,612588
2022-03-08,4.88,4.92,4.6,4.61,521146
2022-03-09,4.53,4.69,4.45,4.65,633126
2022-03-10,4.75,4.81,4.66,4.72,820888
2022-03-11,4.71,4.94,4.52,4.92,759353
2022-03-14,4.94,5.1,4.88,4.9,602713
2022-03-15,4.87,4.92,4.7,4.72,671105
2022-03-16,4.75,5.04,4.75,5.02,653832
2022-03-17,5.06,5.07,4.93,4.97,721866
2022-03-18,4.95,5.03,4.85,4.93,384860
2022-03-21,4.9,4.96,4.76,4.83,376249
2022-03-22,4.79,4.93,4.78,4.9,260352
2022-03-23,4.94,4.95,4.8,4.86,328067
2022-03-24,4.85,4.87,4.78,4.81,228742
2022-03-25,4.79,4.81,4.7,4.71,262605
2022-03-28,4.67,4.8,4.55,4.76,348074
2022-03-29,4.76,4.77,4.67,4.71,194167
2022-03-30,4.73,4.74,4.65,4.72,240732
2022-03-31,4.7,4.8,4.68,4.77,276052
2022-04-01,4.95,5.32,4.95,5.32,1655536
2022-04-06,5.2,5.43,5.14,5.41,1852419
2022-04-07,5.35,5.51,5.3,5.44,925896
2022-04-08,5.43,5.62,5.41,5.57,918977
2022-04-11,5.58,5.62,5.36,5.38,748650
2022-04-12,5.38,5.6,5.25,5.45,714949
2022-04-13,5.44,5.55,5.35,5.39,512032
2022-04-14,5.36,5.47,5.32,5.44,359278
2022-04-15,5.42,5.53,5.34,5.49,425407
2022-04-18,5.51,5.56,5.35,5.52,440002
2022-04-19,5.49,5.63,5.47,5.54,472498
2022-04-20,5.48,5.53,5.38,5.4,369846
2022-04-21,5.38,5.42,5.25,5.28,370539
2022-04-22,5.26,5.44,5.21,5.38,375672
2022-04-25,5.3,5.31,5.05,5.05,474362
2022-04-26,5.1,5.23,5.02,5.04,430766
2022-04-27,5.03,5.12,4.92,5.09,413713
2022-04-28,5.07,5.23,4.98,5.12,360994
2022-04-29,5.13,5.23,5.03,5.23,429718
2022-05-05,5.22,5.75,5.21,5.7,991269
2022-05-06,5.52,5.71,5.41,5.44,609987
2022-05-09,5.4,5.56,5.38,5.47,337333
2022-05-10,5.41,5.53,5.26,5.51,526158
2022-05-11,5.51,5.52,5.3,5.31,600758
2022-05-12,5.23,5.38,5.18,5.35,374008
2022-05-13,5.3,5.69,5.29,5.66,942467
2022-05-16,5.64,5.65,5.45,5.54,567962
2022-05-17,5.53,5.59,5.37,5.43,383021
2022-05-18,5.47,5.48,5.35,5.38,343494
2022-05-19,5.29,5.34,5.2,5.32,411317
2022-05-20,5.32,5.49,5.31,5.46,420902
2022-05-23,5.46,5.51,5.4,5.42,264126
2022-05-24,5.42,5.48,5.24,5.25,344084
2022-05-25,5.25,5.55,5.23,5.53,665546
2022-05-26,5.53,5.63,5.49,5.6,500296
2022-05-27,5.6,5.64,5.52,5.6,370753
2022-05-30,5.67,5.73,5.52,5.59,429363
2022-05-31,5.6,5.68,5.54,5.55,395845
2022-06-01,5.55,5.79,5.54,5.73,687180
2022-06-02,5.71,5.72,5.46,5.49,619971
2022-06-06,5.45,5.52,5.39,5.5,400264
2022-06-07,5.51,5.64,5.47,5.57,458669
2022-06-08,5.57,5.63,5.41,5.54,452569
2022-06-09,5.53,5.56,5.42,5.44,429928
2022-06-10,5.42,5.48,5.37,5.45,438890
2022-06-13,5.4,5.46,5.25,5.29,539669
2022-06-14,5.25,5.34,5.19,5.33,417106
2022-06-15,5.34,5.47,5.3,5.36,489230
2022-06-16,5.36,5.42,5.25,5.26,394612
2022-06-17,5.23,5.25,5.16,5.23,343219
2022-06-20,5.22,5.27,5.18,5.25,282531
2022-06-21,5.22,5.26,5.12,5.16,366537
2022-06-22,5.16,5.2,5.12,5.12,216452
2022-06-23,5.12,5.16,5.05,5.16,322958
2022-06-24,5.13,5.22,5.11,5.2,363144
2022-06-27,5.21,5.23,5.12,5.16,318155
2022-06-28,5.15,5.21,5.1,5.2,274649
2022-06-29,5.21,5.22,5.12,5.13,332643
2022-06-30,5.18,5.2,5.1,5.13,329058
2022-07-01,5.12,5.14,5.08,5.13,277397
2022-07-04,5.13,5.13,5.05,5.13,309665
2022-07-05,5.13,5.29,5.11,5.22,575840
2022-07-06,5.22,5.22,4.96,5.01,490529
2022-07-07,5.03,5.07,4.97,4.99,280299
2022-07-08,5.0,5.06,4.98,5.05,216909
2022-07-11,5.05,5.05,4.96,5.0,229319
2022-07-12,4.99,5.03,4.96,4.97,163096
2022-07-13,4.98,5.01,4.94,4.96,271302
2022-07-14,4.96,5.0,4.85,4.94,356372
2022-07-15,4.95,4.96,4.8,4.8,316795
2022-07-18,4.75,4.86,4.75,4.84,315420
2022-07-19,4.84,4.92,4.83,4.9,202442
2022-07-20,4.9,4.94,4.89,4.92,187817
2022-07-21,4.94,4.96,4.87,4.87,181007
2022-07-22,4.87,4.92,4.86,4.9,179150
2022-07-25,4.92,4.94,4.88,4.88,174408
2022-07-26,4.88,4.92,4.81,4.92,143181
2022-07-27,4.9,4.91,4.85,4.86,156778
2022-07-28,4.88,4.89,4.83,4.86,194837
2022-07-29,4.85,4.85,4.75,4.78,284958
2022-08-01,4.71,4.79,4.71,4.77,268678
2022-08-02,4.73,4.74,4.5,4.65,393217
2022-08-03,4.6,4.69,4.54,4.55,186613
2022-08-04,4.56,4.63,4.55,4.62,154684
2022-08-05,4.63,4.68,4.57,4.67,156399
2022-08-08,4.67,4.73,4.66,4.7,126132
2022-08-09,4.71,4.73,4.65,4.7,144115
2022-08-10,4.7,4.72,4.65,4.67,119801
2022-08-11,4.71,4.77,4.7,4.77,200969
2022-08-12,4.76,4.81,4.75,4.8,169666
2022-08-15,4.81,4.84,4.76,4.79,188868
2022-08-16,4.79,4.82,4.75,4.75,142737
2022-08-17,4.75,4.8,4.73,4.79,165536
2022-08-18,4.75,4.79,4.68,4.71,241091
2022-08-19,4.73,4.76,4.7,4.74,202283
2022-08-22,4.75,4.9,4.74,4.87,265689
2022-08-23,4.85,4.87,4.79,4.83,173511
2022-08-24,4.84,4.87,4.76,4.78,189311
2022-08-25,4.8,4.94,4.78,4.92,334343
2022-08-26,4.93,4.93,4.86,4.9,226747
2022-08-29,4.85,4.89,4.8,4.88,228274
2022-08-30,4.94,5.04,4.86,4.88,531207
2022-08-31,4.91,4.97,4.86,4.9,491958
2022-09-01,4.91,4.94,4.8,4.82,390349
2022-09-02,4.85,4.86,4.77,4.79,285443
2022-09-05,4.79,4.93,4.79,4.92,424507
2022-09-06,4.94,5.0,4.91,4.98,413188
2022-09-07,4.96,4.99,4.92,4.98,265738
2022-09-08,4.99,5.05,4.96,5.04,306751
2022-09-09,5.01,5.12,5.0,5.09,360769
2022-09-13,5.07,5.09,5.0,5.03,278672
2022-09-14,4.98,5.03,4.94,4.98,245134
2022-09-15,4.99,5.04,4.93,5.0,250904
2022-09-16,4.98,4.98,4.79,4.8,413714
2022-09-19,4.81,4.86,4.74,4.82,229981
2022-09-20,4.82,4.87,4.78,4.81,206216
2022-09-21,4.79,4.99,4.78,4.95,395187
2022-09-22,4.96,5.01,4.9,4.99,267564
2022-09-23,5.0,5.07,4.9,5.03,388724
2022-09-26,5.02,5.02,4.89,4.92,309004
2022-09-27,4.91,5.04,4.9,5.03,264369
2022-09-28,5.0,5.09,5.0,5.03,300724
2022-09-29,5.05,5.08,5.01,5.04,247561
2022-09-30,5.02,5.09,5.02,5.05,231401
2022-10-10,5.01,5.08,4.95,4.98,329365
2022-10-11,5.01,5.04,4.95,5.02,200050
2022-10-12,5.02,5.02,4.87,5.0,248612
2022-10-13,4.96,5.0,4.95,4.96,164030
2022-10-14,5.08,5.09,4.99,5.0,233492
2022-10-17,4.98,5.0,4.93,4.96,175679
2022-10-18,4.99,5.04,4.94,4.96,173814
2022-10-19,4.95,5.05,4.93,5.03,276094
2022-10-20,5.02,5.04,4.89,4.9,289984
2022-10-21,4.92,5.01,4.89,4.98,192387
2022-10-24,4.98,5.0,4.75,4.76,316636
2022-10-25,4.76,4.79,4.68,4.69,240310
2022-10-26,4.71,4.77,4.69,4.73,136956
2022-10-27,4.72,4.8,4.71,4.76,154033
2022-10-28,4.75,4.77,4.63,4.64,162906
2022-10-31,4.64,4.69,4.57,4.66,188710
2022-11-01,4.64,4.72,4.62,4.72,220167
2022-11-02,4.7,4.73,4.66,4.72,198309
2022-11-03,4.68,4.7,4.63,4.64,167166
2022-11-04,4.63,4.75,4.63,4.73,220850
2022-11-07,4.71,4.84,4.69,4.81,256427
2022-11-08,4.81,4.82,4.75,4.8,115533
2022-11-09,4.81,4.82,4.74,4.76,114692
2022-11-10,4.74,4.77,4.7,4.75,118537
2022-11-11,4.81,4.86,4.77,4.84,248678
2022-11-14,4.84,4.89,4.81,4.83,205199
2022-11-15,4.84,4.86,4.81,4.84,161859
2022-11-16,4.84,4.89,4.81,4.84,170251
2022-11-17,4.82,4.84,4.79,4.82,145889
2022-11-18,4.82,4.83,4.75,4.76,207495
2022-11-21,4.74,4.75,4.64,4.71,126480
2022-11-22,4.71,4.84,4.68,4.81,219791
2022-11-23,4.8,4.91,4.79,4.86,219908
2022-11-24,4.87,4.89,4.81,4.82,111239
2022-11-25,4.82,4.93,4.81,4.92,227806
2022-11-28,4.87,4.91,4.79,4.88,233285
2022-11-29,4.88,4.96,4.87,4.96,217401
2022-11-30,4.95,4.98,4.93,4.94,205187
2022-12-01,4.98,5.0,4.94,4.97,212525
2022-12-02,4.95,4.97,4.89,4.9,197693
2022-12-05,4.93,5.06,4.93,5.03,416077
2022-12-06,5.03,5.08,5.02,5.06,315058
2022-12-07,5.08,5.11,5.01,5.06,214596
2022-12-08,5.08,5.14,5.02,5.07,204762
2022-12-09,5.05,5.11,5.0,5.05,224736
2022-12-12,5.04,5.07,4.95,4.97,161095
2022-12-13,4.96,5.06,4.96,4.98,170088
2022-12-14,4.96,5.03,4.96,4.99,108839
2022-12-15,4.96,4.99,4.9,4.92,143330
2022-12-16,4.89,4.97,4.89,4.97,152842
2022-12-19,4.96,4.97,4.77,4.79,193357
2022-12-20,4.77,4.83,4.73,4.75,148450
2022-12-21,4.75,4.82,4.74,4.76,98189
2022-12-22,4.8,4.82,4.68,4.71,117394
2022-12-23,4.69,4.74,4.68,4.7,97815
2022-12-26,4.7,4.72,4.65,4.67,176650
2022-12-27,4.7,4.78,4.69,4.77,186748
2022-12-28,4.76,4.8,4.72,4.75,118076
2022-12-29,4.75,4.77,4.67,4.76,135314
2022-12-30,4.78,4.85,4.75,4.83,181487
2023-01-03,4.85,4.91,4.81,4.85,286304
2023-01-04,4.84,4.9,4.84,4.88,208718
2023-01-05,4.89,4.91,4.86,4.88,151337
2023-01-06,4.87,4.88,4.81,4.82,139162
2023-01-09,4.84,4.85,4.78,4.82,163296
2023-01-10,4.81,4.82,4.73,4.73,159080
2023-01-11,4.71,4.76,4.71,4.71,191544
2023-01-12,4.72,4.74,4.69,4.7,174696
2023-01-13,4.7,4.74,4.69,4.73,159180
2023-01-16,4.73,4.8,4.71,4.77,213154
2023-01-17,4.8,4.8,4.72,4.76,155829
2023-01-18,4.75,4.76,4.72,4.74,159135
2023-01-19,4.73,4.76,4.71,4.76,142238
2023-01-20,4.76,4.81,4.75,4.81,258874
2023-01-30,4.84,4.88,4.82,4.82,223868
2023-01-31,4.82,4.85,4.81,4.82,157752
2023-02-01,4.84,4.86,4.8,4.85,275761
2023-02-02,4.85,4.86,4.82,4.83,289588
2023-02-03,4.82,4.83,4.74,4.77,252918
2023-02-06,4.75,4.78,4.73,4.75,165869
2023-02-07,4.75,4.78,4.75,4.77,195980
2023-02-08,4.78,4.79,4.74,4.76,159504
2023-02-09,4.75,4.79,4.74,4.77,186074
2023-02-10,4.77,4.82,4.76,4.78,233918
2023-02-13,4.79,4.83,4.78,4.82,262899
2023-02-14,4.83,4.83,4.79,4.8,154660
2023-02-15,4.81,4.81,4.75,4.77,188951
2023-02-16,4.77,4.8,4.71,4.72,276688
2023-02-17,4.73,4.75,4.7,4.71,268452
2023-02-20,4.71,4.78,4.71,4.77,208370
2023-02-21,4.77,4.81,4.76,4.8,214078
2023-02-22,4.79,4.8,4.76,4.79,121899
2023-02-23,4.79,4.8,4.75,4.77,171538
2023-02-24,4.78,4.79,4.74,4.75,143353
2023-02-27,4.75,4.78,4.74,4.76,122888
2023-02-28,4.77,4.81,4.76,4.81,264996
2023-03-01,4.83,4.84,4.81,4.84,271267
2023-03-02,4.83,4.89,4.82,4.87,311765
2023-03-03,4.87,5.0,4.86,4.97,586112
2023-03-06,4.99,5.01,4.94,4.95,291198
2023-03-07,4.94,5.01,4.89,4.91,319979
2023-03-08,4.89,4.94,4.85,4.91,197898
2023-03-09,4.93,4.94,4.86,4.88,128520
2023-03-10,4.86,4.91,4.85,4.86,186430
2023-03-13,4.83,4.95,4.83,4.94,275778
2023-03-14,4.93,5.0,4.9,4.9,265214
2023-03-15,4.92,5.06,4.88,5.04,491068
2023-03-16,5.03,5.12,5.03,5.05,361187
2023-03-17,5.06,5.12,5.04,5.08,337792
2023-03-20,5.07,5.14,5.03,5.06,321236
2023-03-21,5.05,5.08,4.98,5.04,352765
2023-03-22,5.05,5.07,5.01,5.05,185288
2023-03-23,5.03,5.12,5.01,5.11,216323
2023-03-24,5.1,5.1,5.02,5.04,209604
2023-03-27,5.07,5.07,4.98,5.01,281979
2023-03-28,5.04,5.08,5.0,5.04,189268
2023-03-29,5.04,5.08,5.01,5.04,174435
2023-03-30,5.03,5.07,4.98,5.06,179674
2023-03-31,5.06,5.1,5.02,5.03,201290
2023-04-03,5.03,5.04,4.96,4.98,307375
2023-04-04,4.97,5.08,4.93,5.04,359672
2023-04-06,5.04,5.06,5.0,5.03,147682
2023-04-07,5.02,5.03,4.95,4.98,181094
2023-04-10,4.97,4.97,4.93,4.96,117020
2023-04-11,4.97,4.97,4.91,4.96,153252
2023-04-12,4.96,5.07,4.95,5.06,251842
2023-04-13,5.04,5.12,5.03,5.06,181413
2023-04-14,5.09,5.1,5.02,5.07,157155
2023-04-17,5.07,5.15,5.06,5.14,283271
2023-04-18,5.19,5.28,5.15,5.22,372315
2023-04-19,5.22,5.27,5.16,5.22,263685
2023-04-20,5.22,5.24,5.12,5.19,223520
2023-04-21,5.19,5.25,5.13,5.15,290086
2023-04-24,5.12,5.16,5.08,5.09,220163
2023-04-25,5.11,5.17,5.07,5.14,248109
2023-04-26,5.13,5.13,4.99,5.05,295641
2023-04-27,5.05,5.12,5.02,5.09,195014
2023-04-28,5.1,5.24,5.09,5.22,387434
2023-05-04,5.14,5.3,5.05,5.28,533564
2023-05-05,5.29,5.32,5.16,5.25,388205
2023-05-08,5.25,5.39,5.25,5.36,459182
2023-05-09,5.4,5.48,5.31,5.34,555141
2023-05-10,5.23,5.35,5.14,5.16,407070
2023-05-11,5.2,5.23,5.14,5.18,251885
2023-05-12,5.18,5.25,5.15,5.18,237791
2023-05-15,5.16,5.2,5.05,5.16,293062
2023-05-16,5.16,5.17,5.07,5.09,171325
2023-05-17,5.06,5.1,4.97,4.98,334030
2023-05-18,4.97,5.11,4.96,5.01,239557
2023-05-19,5.01,5.02,4.93,4.93,182587
2023-05-22,4.92,4.95,4.89,4.91,211705
2023-05-23,4.9,4.92,4.82,4.82,190359
2023-05-24,4.81,4.82,4.72,4.72,230949
2023-05-25,4.71,4.73,4.69,4.72,158940
2023-05-26,4.73,4.74,4.67,4.74,140865
2023-05-29,4.73,4.84,4.72,4.79,218718
2023-05-30,4.78,4.82,4.72,4.8,135154
2023-05-31,4.8,4.81,4.74,4.76,221674
2023-06-01,4.77,4.8,4.75,4.75,163468
2023-06-02,4.76,4.8,4.76,4.78,139018
2023-06-05,4.8,4.8,4.77,4.79,106573
2023-06-06,4.79,4.81,4.72,4.73,173265
2023-06-07,4.74,4.87,4.74,4.87,240245
2023-06-08,4.86,4.96,4.84,4.92,237204
2023-06-09,4.91,4.94,4.88,4.89,213167
2023-06-12,4.89,4.92,4.82,4.83,129440
2023-06-13,4.83,4.87,4.83,4.87,111184
2023-06-14,4.86,4.88,4.83,4.84,107291
2023-06-15,4.84,4.85,4.77,4.83,115307
2023-06-16,4.82,4.86,4.81,4.84,131636
2023-06-19,4.84,4.84,4.74,4.75,160837
2023-06-20,4.75,4.76,4.68,4.68,194295
2023-06-21,4.68,4.7,4.65,4.66,137466
2023-06-26,4.65,4.65,4.54,4.54,225224
2023-06-27,4.55,4.67,4.55,4.66,124170
2023-06-28,4.68,4.71,4.63,4.69,126465
2023-06-29,4.7,4.7,4.67,4.69,108859
2023-06-30,4.69,4.74,4.67,4.74,127227
2023-07-03,4.73,4.75,4.7,4.75,132845
2023-07-04,4.74,4.75,4.7,4.72,92762
2023-07-05,4.72,4.72,4.69,4.7,72798
2023-07-06,4.7,4.7,4.64,4.66,88263
2023-07-07,4.67,4.74,4.65,4.74,143717
2023-07-10,4.73,4.75,4.71,4.72,77002
2023-07-11,4.74,4.75,4.72,4.74,86058
2023-07-12,4.75,4.75,4.68,4.7,75342
2023-07-13,4.7,4.75,4.7,4.74,73983
2023-07-14,4.74,4.75,4.72,4.73,89279
2023-07-17,4.72,4.74,4.69,4.74,92636
2023-07-18,4.74,4.75,4.71,4.74,82402
2023-07-19,4.73,4.79,4.73,4.79,127272
2023-07-20,4.79,4.81,4.73,4.74,90720
2023-07-21,4.74,4.77,4.72,4.74,86276
2023-07-24,4.73,4.78,4.73,4.76,100798
2023-07-25,4.78,4.8,4.77,4.8,119642
2023-07-26,4.81,4.83,4.79,4.81,104606
2023-07-27,4.82,4.84,4.79,4.81,109494
2023-07-28,4.82,4.89,4.8,4.88,190963
2023-07-31,4.88,4.93,4.87,4.91,215268
2023-08-01,4.9,4.95,4.89,4.94,211489
2023-08-02,4.95,4.95,4.89,4.92,146889
2023-08-03,4.93,4.93,4.86,4.91,129592
2023-08-04,4.93,4.96,4.9,4.91,186846
2023-08-07,4.91,4.92,4.81,4.83,167789
2023-08-08,4.83,4.85,4.81,4.83,106112
2023-08-09,4.81,4.84,4.81,4.82,93024
2023-08-10,4.82,4.88,4.82,4.87,153870
2023-08-11,4.91,4.92,4.81,4.81,182825
2023-08-14,4.78,4.83,4.76,4.81,212552
2023-08-15,4.81,4.86,4.79,4.85,128561
2023-08-16,4.84,4.85,4.79,4.82,87198
2023-08-17,4.8,4.83,4.76,4.81,140721
2023-08-18,4.81,4.9,4.8,4.83,155161
2023-08-21,4.84,4.87,4.79,4.8,134697
2023-08-22,4.79,4.84,4.77,4.81,157462
2023-08-23,4.81,4.85,4.78,4.78,138265
2023-08-24,4.78,4.81,4.7,4.7,164346
2023-08-25,4.69,4.76,4.67,4.71,185212
2023-08-28,4.89,4.91,4.76,4.78,324111
2023-08-29,4.79,4.83,4.73,4.79,240555
2023-08-30,4.8,4.83,4.73,4.74,144978
2023-08-31,4.74,4.77,4.71,4.73,149330
2023-09-01,4.72,4.78,4.72,4.77,119135
2023-09-04,4.78,4.85,4.76,4.82,148556
2023-09-05,4.81,4.82,4.77,4.78,88722
2023-09-06,4.77,4.79,4.75,4.77,98953
2023-09-07,4.76,4.8,4.74,4.74,105888
2023-09-08,4.76,4.77,4.68,4.7,244025
2023-09-11,4.69,4.74,4.69,4.73,168942
2023-09-12,4.72,4.75,4.71,4.75,91267
2023-09-13,4.74,4.81,4.73,4.75,182969
2023-09-14,4.76,4.82,4.72,4.82,228171
2023-09-15,4.82,4.9,4.81,4.86,246396
2023-09-18,4.87,4.87,4.79,4.81,170525
2023-09-19,4.81,4.88,4.81,4.87,216736
2023-09-20,4.87,4.89,4.84,4.85,107928
2023-09-21,4.86,4.88,4.83,4.84,162003
2023-09-22,4.85,4.87,4.81,4.84,148030
2023-09-25,4.86,4.89,4.84,4.88,210124
2023-09-26,4.87,4.88,4.83,4.84,102020
2023-09-27,4.86,4.87,4.8,4.81,102693
2023-09-28,4.81,4.83,4.76,4.78,157013
2023-10-09,4.77,4.79,4.72,4.75,166492
2023-10-10,4.74,4.77,4.68,4.68,158108
2023-10-11,4.68,4.7,4.63,4.64,199962
2023-10-12,4.66,4.73,4.66,4.7,174897
2023-10-13,4.7,4.72,4.68,4.68,96111
2023-10-16,4.68,4.72,4.67,4.71,145745
2023-10-17,4.72,4.76,4.68,4.7,196981
2023-10-18,4.71,4.72,4.65,4.65,112227
2023-10-19,4.64,4.65,4.48,4.48,302605
2023-10-20,4.49,4.53,4.47,4.48,156687
2023-10-23,4.48,4.51,4.42,4.45,130617
2023-10-24,4.45,4.49,4.4,4.47,187539
2023-10-25,4.5,4.56,4.48,4.54,158156
2023-10-26,4.53,4.59,4.5,4.58,163505
2023-10-27,4.58,4.65,4.57,4.63,161108
2023-10-30,4.62,4.64,4.58,4.6,155875
2023-10-31,4.6,4.65,4.57,4.63,146667
2023-11-01,4.63,4.68,4.6,4.66,189351
2023-11-02,4.66,4.73,4.65,4.7,203231
2023-11-03,4.7,4.72,4.61,4.62,151205
2023-11-06,4.62,4.66,4.57,4.61,179208
2023-11-07,4.6,4.63,4.58,4.61,117477
2023-11-08,4.6,4.6,4.54,4.56,131746
2023-11-09,4.56,4.62,4.55,4.58,127884
2023-11-10,4.58,4.59,4.52,4.55,85121
2023-11-13,4.55,4.59,4.52,4.57,107014
2023-11-14,4.57,4.61,4.55,4.56,112099
2023-11-15,4.59,4.6,4.56,4.58,91169
2023-11-16,4.57,4.58,4.53,4.54,112679
2023-11-17,4.54,4.55,4.5,4.51,122007
2023-11-20,4.5,4.56,4.5,4.55,141241
2023-11-21,4.56,4.61,4.55,4.58,170841
2023-11-22,4.58,4.63,4.57,4.6,133498
2023-11-23,4.6,4.63,4.59,4.61,102063
2023-11-24,4.61,4.68,4.61,4.63,176936
2023-11-27,4.63,4.65,4.58,4.64,171426
2023-11-28,4.63,4.65,4.59,4.62,142044
2023-11-29,4.62,4.68,4.62,4.63,153965
2023-11-30,4.62,4.69,4.62,4.66,204063
2023-12-01,4.68,4.69,4.64,4.66,154161
2023-12-04,4.66,4.73,4.66,4.72,185046
2023-12-05,4.71,4.73,4.62,4.64,182764
2023-12-06,4.63,4.64,4.54,4.62,206176
2023-12-07,4.62,4.65,4.6,4.63,130318
2023-12-08,4.64,4.68,4.6,4.63,206348
2023-12-11,4.62,4.69,4.54,4.69,244579
2023-12-12,4.67,4.72,4.65,4.72,165298
2023-12-13,4.72,4.75,4.7,4.71,129403
2023-12-14,4.7,4.73,4.69,4.71,96045
2023-12-15,4.71,4.73,4.67,4.68,133230
2023-12-18,4.68,4.73,4.67,4.7,194677
2023-12-19,4.68,4.7,4.65,4.68,134928
2023-12-20,4.69,4.75,4.67,4.68,239271
2023-12-21,4.7,4.71,4.65,4.7,155599
2023-12-22,4.7,4.78,4.68,4.74,223101
2023-12-25,4.74,4.74,4.63,4.69,155076
2023-12-26,4.68,4.71,4.66,4.69,139344
2023-12-27,4.69,4.71,4.64,4.7,139049
2023-12-28,4.69,4.69,4.61,4.61,265406
2023-12-29,4.6,4.62,4.53,4.53,310039
2024-01-02,4.53,4.63,4.51,4.61,297867
2024-01-03,4.6,4.71,4.59,4.7,308022
2024-01-04,4.7,4.78,4.68,4.71,204886
2024-01-05,4.73,4.8,4.7,4.73,285024
2024-01-08,4.73,4.75,4.68,4.72,234778
2024-01-09,4.73,4.8,4.65,4.79,297518
2024-01-10,4.8,4.85,4.77,4.83,259458
2024-01-11,4.83,4.88,4.79,4.85,280955
2024-01-12,4.85,4.98,4.84,4.92,247878
2024-01-15,4.93,5.0,4.91,4.97,209631
2024-01-16,4.98,5.01,4.94,4.99,215789
2024-01-17,4.99,5.04,4.92,4.94,247276
2024-01-18,4.91,4.95,4.77,4.91,383074
2024-01-19,4.9,4.97,4.86,4.92,233583
2024-01-22,4.9,4.92,4.74,4.78,254283
2024-01-23,4.76,4.86,4.7,4.84,240604
2024-01-24,4.84,5.02,4.84,5.01,353353
2024-01-25,5.06,5.12,5.0,5.11,377774
2024-01-26,5.1,5.19,5.07,5.17,360906
2024-01-29,5.14,5.24,5.13,5.16,342739
2024-01-30,5.16,5.23,5.12,5.15,308355
2024-01-31,5.14,5.21,5.07,5.15,266156
2024-02-01,5.14,5.22,5.1,5.14,370452
2024-02-02,5.14,5.24,5.04,5.15,321542
2024-02-05,5.11,5.23,5.04,5.09,505163
2024-02-06,5.11,5.24,5.07,5.22,517410
2024-02-07,5.18,5.19,4.94,5.03,739617
2024-02-08,5.01,5.02,4.78,4.93,757495
2024-02-19,4.94,5.09,4.92,5.06,511590
2024-02-20,5.06,5.21,5.03,5.19,304762
2024-02-21,5.2,5.2,5.09,5.14,377234
2024-02-22,5.13,5.21,5.12,5.18,237930
2024-02-23,5.17,5.24,5.14,5.19,245650
2024-02-26,5.2,5.22,4.98,4.98,477762
2024-02-27,4.96,5.1,4.94,5.09,310794
2024-02-28,5.08,5.11,5.03,5.04,287669
2024-02-29,5.07,5.08,5.02,5.06,282139
2024-03-01,5.04,5.06,4.98,5.03,272010
2024-03-04,5.0,5.03,4.97,4.99,205234
2024-03-05,5.0,5.06,4.98,5.04,225223
2024-03-06,5.04,5.07,5.01,5.01,191380
2024-03-07,5.02,5.06,4.99,5.01,156725
2024-03-08,5.01,5.02,4.97,5.01,187305
2024-03-11,5.02,5.04,4.94,4.97,206895
2024-03-12,4.96,4.97,4.88,4.89,277217
2024-03-13,4.91,4.91,4.84,4.88,190176
2024-03-14,4.88,4.94,4.87,4.9,185745
2024-03-15,4.89,4.91,4.85,4.9,147974
2024-03-18,4.9,4.98,4.89,4.92,260589
2024-03-19,4.92,4.93,4.88,4.89,161348
2024-03-20,4.88,4.93,4.87,4.92,174377
2024-03-21,4.93,4.94,4.88,4.9,169843
2024-03-22,4.89,4.91,4.81,4.87,208290
2024-03-25,4.87,4.97,4.85,4.92,259609
2024-03-26,4.91,4.93,4.88,4.92,182550
2024-03-27,4.93,4.97,4.91,4.91,217811
2024-03-28,4.91,4.97,4.87,4.94,216314
2024-03-29,4.93,5.02,4.92,5.0,184757
2024-04-01,5.02,5.04,4.97,5.03,231040
2024-04-02,5.02,5.11,5.01,5.1,294991
2024-04-03,5.12,5.22,5.11,5.21,360392
2024-04-08,5.21,5.28,5.19,5.21,349997
2024-04-09,5.23,5.27,5.19,5.24,274843
2024-04-10,5.25,5.29,5.21,5.24,242306
2024-04-11,5.25,5.29,5.17,5.24,245917
2024-04-12,5.25,5.31,5.24,5.27,241847
2024-04-15,5.29,5.4,5.26,5.37,351522
2024-04-16,5.37,5.43,5.28,5.32,402968
2024-04-17,5.31,5.45,5.3,5.44,360538
2024-04-18,5.44,5.53,5.37,5.4,358577
2024-04-19,5.39,5.53,5.38,5.43,238310
2024-04-22,5.46,5.48,5.31,5.34,261708
2024-04-23,5.34,5.36,5.22,5.24,237579
2024-04-24,5.25,5.32,5.21,5.3,200489
2024-04-25,5.31,5.37,5.27,5.34,214909
2024-04-26,5.34,5.37,5.22,5.26,222759
2024-04-29,5.27,5.27,5.2,5.23,239043
2024-04-30,5.32,5.36,5.24,5.24,299781
2024-05-06,5.31,5.32,5.21,5.28,371980
2024-05-07,5.3,5.35,5.25,5.29,326823
2024-05-08,5.29,5.36,5.27,5.29,238738
2024-05-09,5.28,5.42,5.28,5.41,306870
2024-05-10,5.43,5.45,5.37,5.41,226986
2024-05-13,5.41,5.53,5.4,5.5,344502
2024-05-14,5.51,5.55,5.44,5.44,279950
2024-05-15,5.42,5.5,5.42,5.45,208663
2024-05-16,5.47,5.49,5.35,5.36,282093
2024-05-17,5.36,5.43,5.35,5.42,181917
2024-05-20,5.42,5.54,5.42,5.54,314085
2024-05-21,5.52,5.59,5.5,5.54,203815
2024-05-22,5.55,5.59,5.46,5.48,221104
2024-05-23,5.46,5.48,5.36,5.4,293713
2024-05-24,5.37,5.48,5.36,5.43,176857
2024-05-27,5.44,5.6,5.43,5.58,276097
2024-05-28,5.59,5.63,5.53,5.57,209604
2024-05-29,5.57,5.61,5.52,5.54,169033
2024-05-30,5.56,5.63,5.5,5.52,218648
2024-05-31,5.55,5.58,5.5,5.5,268246
2024-06-03,5.49,5.6,5.46,5.56,330901
2024-06-04,5.57,5.62,5.54,5.61,277127
2024-06-05,5.62,5.68,5.54,5.57,251819
2024-06-06,5.56,5.64,5.52,5.54,315304
2024-06-07,5.57,5.68,5.52,5.67,387361
2024-06-11,5.67,5.73,5.39,5.42,564864
2024-06-12,5.42,5.53,5.37,5.5,364578
2024-06-13,5.5,5.53,5.41,5.44,229022
2024-06-14,5.4,5.5,5.38,5.4,333615
2024-06-17,5.41,5.43,5.3,5.36,322679
2024-06-18,5.39,5.5,5.35,5.49,261173
2024-06-19,5.49,5.51,5.43,5.46,170959
2024-06-20,5.45,5.5,5.43,5.48,170350
2024-06-21,5.45,5.56,5.42,5.5,276557
2024-06-24,5.49,5.51,5.41,5.43,223377
2024-06-25,5.42,5.51,5.42,5.45,202484
2024-06-26,5.45,5.47,5.36,5.44,183410
2024-06-27,5.42,5.46,5.38,5.42,182903
2024-06-28,5.43,5.61,5.42,5.59,318852
2024-07-01,5.6,5.69,5.59,5.65,313696
2024-07-02,5.69,5.8,5.67,5.79,427657
2024-07-03,5.8,5.89,5.77,5.83,376913
2024-07-04,5.81,5.85,5.74,5.81,295525
2024-07-05,5.8,5.82,5.72,5.74,225835
2024-07-08,5.74,5.8,5.7,5.74,223239
2024-07-09,5.76,5.99,5.73,5.97,657159
2024-07-10,5.99,5.99,5.78,5.81,412192
2024-07-11,5.85,5.88,5.75,5.81,308644
2024-07-12,5.81,5.85,5.77,5.81,231074
2024-07-15,5.8,5.91,5.76,5.86,262159
2024-07-16,5.86,5.89,5.76,5.8,228623
2024-07-17,5.79,5.87,5.78,5.82,278150
2024-07-18,5.83,5.91,5.76,5.9,232005
2024-07-19,5.9,5.94,5.85,5.91,246779
2024-07-22,5.9,5.9,5.8,5.84,263525
2024-07-23,5.84,6.0,5.84,5.9,336256
2024-07-24,5.89,6.04,5.84,6.02,508415
2024-07-25,6.0,6.1,5.97,6.04,456707
2024-07-26,6.03,6.06,5.88,5.95,342101
2024-07-29,5.91,6.0,5.86,5.98,241359
2024-07-30,5.98,5.99,5.9,5.96,291716
2024-07-31,5.98,6.01,5.79,5.85,457851
2024-08-01,5.81,6.06,5.81,6.01,464139
2024-08-02,6.0,6.02,5.91,5.98,243621
2024-08-05,5.96,6.0,5.9,5.91,310393
2024-08-06,5.89,5.93,5.75,5.84,292750
2024-08-07,5.84,5.9,5.82,5.85,170512
2024-08-08,5.85,5.89,5.82,5.87,177569
2024-08-09,5.88,5.89,5.81,5.83,157415
2024-08-12,5.83,5.87,5.78,5.83,123152
2024-08-13,5.82,5.93,5.81,5.85,209009
2024-08-14,5.83,5.92,5.83,5.87,187904
2024-08-15,5.85,6.03,5.85,6.02,287742
2024-08-16,6.0,6.12,6.0,6.08,272206
2024-08-19,6.08,6.18,6.06,6.18,292691
2024-08-20,6.19,6.2,6.09,6.13,204212
2024-08-21,6.12,6.15,6.03,6.13,186821
2024-08-22,6.14,6.21,6.09,6.18,213456
2024-08-23,6.14,6.18,6.1,6.16,139002
2024-08-26,6.15,6.16,6.03,6.11,192553
2024-08-27,6.06,6.14,6.04,6.06,146207
2024-08-28,6.11,6.13,6.04,6.07,186087
2024-08-29,6.1,6.1,5.88,5.92,296812
2024-08-30,5.94,6.01,5.73,5.73,618124
2024-09-02,5.78,6.02,5.75,5.96,629710
2024-09-03,6.01,6.1,5.9,6.02,361230
2024-09-04,6.04,6.08,5.87,6.04,280017
2024-09-05,6.06,6.07,5.91,5.97,244746
2024-09-06,5.98,6.08,5.94,5.95,169925
2024-09-09,5.98,5.98,5.83,5.85,252041
2024-09-10,5.85,5.87,5.67,5.76,294530
2024-09-11,5.61,5.67,5.47,5.51,420610
2024-09-12,5.49,5.58,5.43,5.53,279921
2024-09-13,5.56,5.64,5.46,5.49,298909
2024-09-18,5.46,5.57,5.46,5.56,200084
2024-09-19,5.58,5.6,5.37,5.45,386303
2024-09-20,5.44,5.48,5.39,5.41,303020
2024-09-23,5.43,5.54,5.39,5.51,269668
2024-09-24,5.52,5.73,5.49,5.73,360033
2024-09-25,5.78,5.89,5.74,5.75,388929
2024-09-26,5.75,5.8,5.66,5.79,460688
2024-09-27,5.82,5.9,5.78,5.86,277454
2024-09-30,5.95,6.34,5.93,6.31,1091696
2024-10-08,6.91,6.96,6.34,6.52,1080655
2024-10-09,6.42,6.43,5.97,5.97,759170
2024-10-10,5.98,6.31,5.98,6.19,596571
2024-10-11,6.17,6.22,6.04,6.08,370592
2024-10-14,6.11,6.25,6.09,6.15,452119
2024-10-15,6.14,6.19,5.99,5.99,337241
2024-10-16,5.97,6.08,5.94,6.04,269776
2024-10-17,6.08,6.1,5.88,5.89,303989
2024-10-18,5.93,6.1,5.8,6.02,422818
2024-10-21,6.06,6.08,5.91,5.96,374277
2024-10-22,5.98,6.04,5.94,6.03,258916
2024-10-23,6.03,6.11,6.02,6.1,323970
2024-10-24,6.1,6.16,6.03,6.07,223858
2024-10-25,6.06,6.08,5.98,6.03,288958
2024-10-28,6.04,6.06,5.93,6.05,315283
2024-10-29,6.06,6.07,5.93,5.96,262812
2024-10-30,5.95,5.98,5.86,5.93,256570
2024-10-31,5.87,5.89,5.7,5.76,616792
2024-11-01,5.76,5.84,5.72,5.81,526957
2024-11-04,5.79,5.84,5.73,5.83,309686
2024-11-05,5.82,5.87,5.77,5.86,402294
2024-11-06,5.87,5.89,5.82,5.86,432758
2024-11-07,5.83,5.94,5.79,5.94,449344
2024-11-08,5.96,6.01,5.85,5.86,490062
2024-11-11,5.86,5.86,5.76,5.83,391789
2024-11-12,5.83,5.88,5.75,5.77,413616
2024-11-13,5.77,5.85,5.74,5.82,426965
2024-11-14,5.82,5.85,5.75,5.75,397751
2024-11-15,5.75,5.89,5.72,5.83,565709
2024-11-18,5.84,5.99,5.84,5.88,542649
2024-11-19,5.88,5.89,5.72,5.78,512199
2024-11-20,5.76,5.82,5.71,5.81,348847
2024-11-21,5.79,5.82,5.75,5.78,235650
2024-11-22,5.79,5.82,5.63,5.63,386364
2024-11-25,5.61,5.72,5.49,5.49,879916
2024-11-26,5.53,5.6,5.47,5.54,367260
2024-11-27,5.52,5.6,5.46,5.59,282914
2024-11-28,5.59,5.62,5.55,5.59,284566
2024-11-29,5.59,5.66,5.57,5.61,318956
2024-12-02,5.62,5.66,5.59,5.63,432389
2024-12-03,5.63,5.72,5.62,5.72,389800
2024-12-04,5.72,5.75,5.67,5.71,272954
2024-12-05,5.72,5.72,5.63,5.65,262606
2024-12-06,5.65,5.71,5.64,5.7,276953
2024-12-09,5.7,5.76,5.68,5.71,330399
2024-12-10,5.8,5.83,5.66,5.67,392321
2024-12-11,5.69,5.8,5.68,5.79,409808
2024-12-12,5.77,5.96,5.77,5.9,570125
2024-12-13,5.91,5.94,5.84,5.86,497609
2024-12-16,5.84,5.97,5.84,5.89,393523
2024-12-17,5.9,6.02,5.84,5.85,404471
2024-12-18,5.85,5.89,5.79,5.81,301616
2024-12-19,5.78,5.81,5.71,5.75,314195
2024-12-20,5.75,5.78,5.68,5.68,274932
2024-12-23,5.71,5.83,5.68,5.8,386951
2024-12-24,5.81,5.91,5.78,5.9,399143
2024-12-25,5.92,5.93,5.86,5.9,270477
2024-12-26,5.91,5.93,5.82,5.84,242560
2024-12-27,5.86,5.92,5.8,5.91,321525
2024-12-30,5.91,5.99,5.88,5.96,334409
2024-12-31,5.96,6.03,5.95,5.98,365972
2025-01-02,5.96,6.03,5.82,5.84,493284
2025-01-03,5.86,5.95,5.78,5.84,422217
2025-01-06,5.84,5.86,5.75,5.8,323594
2025-01-07,5.8,5.8,5.69,5.7,414362
2025-01-08,5.71,5.83,5.7,5.77,345007
2025-01-09,5.77,5.77,5.64,5.65,314450
2025-01-10,5.65,5.66,5.56,5.58,219645
2025-01-13,5.55,5.59,5.43,5.45,344200
2025-01-14,5.45,5.6,5.43,5.57,328287
2025-01-15,5.58,5.67,5.55,5.56,246387
2025-01-16,5.53,5.62,5.53,5.57,244978
2025-01-17,5.59,5.6,5.5,5.59,216725
2025-01-20,5.64,5.71,5.6,5.6,307357
2025-01-21,5.63,5.65,5.56,5.56,230713
2025-01-22,5.57,5.58,5.5,5.54,216627
2025-01-23,5.56,5.65,5.55,5.62,312917
2025-01-24,5.62,5.65,5.58,5.62,219123
2025-01-27,5.64,5.82,5.64,5.78,454507
2025-02-05,5.77,5.79,5.54,5.54,596127
2025-02-06,5.54,5.59,5.54,5.58,274896
2025-02-07,5.57,5.63,5.55,5.6,371606
2025-02-10,5.61,5.66,5.58,5.62,412450
2025-02-11,5.63,5.68,5.59,5.62,244538
2025-02-12,5.61,5.62,5.56,5.6,283803
2025-02-13,5.6,5.65,5.6,5.62,290565
2025-02-14,5.61,5.64,5.59,5.63,199224
2025-02-17,5.63,5.64,5.58,5.63,288695
2025-02-18,5.62,5.66,5.58,5.59,316768
2025-02-19,5.6,5.61,5.55,5.57,286977
2025-02-20,5.56,5.57,5.49,5.51,290229
2025-02-21,5.51,5.53,5.48,5.53,273855
2025-02-24,5.52,5.59,5.49,5.51,327042
2025-02-25,5.52,5.52,5.39,5.39,457438
2025-02-26,5.41,5.44,5.37,5.41,314006
2025-02-27,5.41,5.46,5.39,5.45,306387
2025-02-28,5.44,5.48,5.41,5.42,275680
2025-03-03,5.41,5.45,5.39,5.4,315150
2025-03-04,5.4,5.42,5.36,5.4,328307
2025-03-05,5.4,5.41,5.35,5.4,290328
2025-03-06,5.4,5.42,5.35,5.42,306272
2025-03-07,5.41,5.46,5.39,5.42,286878
2025-03-10,5.42,5.46,5.39,5.4,339898
2025-03-11,5.39,5.4,5.28,5.3,628645
2025-03-12,5.31,5.33,5.28,5.3,410751
2025-03-13,5.3,5.32,5.27,5.3,555734
2025-03-14,5.3,5.39,5.3,5.38,444235
2025-03-17,5.4,5.47,5.4,5.42,361704
2025-03-18,5.42,5.54,5.39,5.49,659849
2025-03-19,5.48,5.48,5.41,5.46,380700
2025-03-20,5.46,5.49,5.44,5.46,305048
2025-03-21,5.46,5.55,5.45,5.49,516429
2025-03-24,5.5,5.53,5.47,5.5,392244
2025-03-25,5.5,5.61,5.48,5.6,454691
2025-03-26,5.59,5.67,5.58,5.64,414162
2025-03-27,5.64,5.68,5.61,5.64,308774
2025-03-28,5.66,5.66,5.61,5.63,255457
2025-03-31,5.62,5.68,5.59,5.66,373997
2025-04-01,5.65,5.66,5.58,5.62,364993
2025-04-02,5.62,5.65,5.52,5.54,344025
2025-04-03,5.5,5.64,5.47,5.62,452695
2025-04-07,5.44,5.51,5.16,5.31,795987
2025-04-08,5.34,5.46,5.28,5.46,617977
2025-04-09,5.4,5.56,5.31,5.56,748067
2025-04-10,5.62,5.62,5.38,5.43,749912
2025-04-11,5.44,5.44,5.34,5.4,436218
2025-04-14,5.41,5.42,5.37,5.38,347667
2025-04-15,5.38,5.39,5.33,5.36,350104
2025-04-16,5.36,5.42,5.32,5.41,511318
2025-04-17,5.39,5.42,5.35,5.41,278738
2025-04-18,5.39,5.4,5.36,5.38,164240
2025-04-21,5.38,5.39,5.34,5.35,279372
2025-04-22,5.36,5.42,5.35,5.38,392930
2025-04-23,5.39,5.4,5.34,5.35,292778
2025-04-24,5.35,5.38,5.32,5.34,239459
2025-04-25,5.35,5.36,5.33,5.36,189991
2025-04-28,5.35,5.43,5.34,5.41,422914
2025-04-29,5.39,5.4,5.33,5.34,315231
2025-04-30,5.35,5.36,5.28,5.3,338872
2025-05-06,5.31,5.33,5.28,5.33,370522
2025-05-07,5.37,5.44,5.35,5.44,592674
2025-05-08,5.42,5.44,5.4,5.41,229156
2025-05-09,5.42,5.5,5.41,5.49,382297
2025-05-12,5.51,5.54,5.49,5.53,267870
2025-05-13,5.58,5.6,5.53,5.57,288781
2025-05-14,5.57,5.68,5.55,5.68,465241
2025-05-15,5.69,5.77,5.65,5.67,463781
2025-05-16,5.66,5.69,5.56,5.64,375405
2025-05-19,5.63,5.75,5.63,5.74,465071
2025-05-20,5.74,5.76,5.63,5.65,367331
2025-05-21,5.64,5.69,5.63,5.64,174410
2025-05-22,5.64,5.71,5.62,5.69,275324
2025-05-23,5.68,5.72,5.6,5.61,222944
2025-05-26,5.63,5.64,5.59,5.6,173448
2025-05-27,5.6,5.64,5.59,5.61,158339
2025-05-28,5.6,5.66,5.59,5.62,183884
2025-05-29,5.62,5.66,5.59,5.64,208164
2025-05-30,5.63,5.73,5.63,5.7,348033
2025-06-03,5.7,5.72,5.66,5.69,360535
2025-06-04,5.67,5.69,5.58,5.62,256172
2025-06-05,5.66,5.71,5.6,5.62,242078
2025-06-06,5.62,5.65,5.59,5.64,228276
2025-06-09,5.62,5.64,5.59,5.63,238125
2025-06-10,5.63,5.65,5.59,5.63,276802
2025-06-11,5.64,5.69,5.62,5.66,380752
2025-06-12,5.66,5.67,5.61,5.62,246307
2025-06-13,5.62,5.72,5.61,5.67,494669
2025-06-16,5.69,5.7,5.63,5.64,295190
2025-06-17,5.64,5.67,5.61,5.66,224245
2025-06-18,5.66,5.7,5.63,5.68,234207
2025-06-19,5.67,5.68,5.6,5.62,232470
2025-06-20,5.62,5.73,5.61,5.7,370588
2025-06-23,5.69,5.78,5.68,5.76,369457
2025-06-24,5.76,5.77,5.67,5.7,389633
2025-06-25,5.71,5.73,5.66,5.72,329949
2025-06-26,5.72,5.72,5.67,5.68,239855
2025-06-27,5.68,5.7,5.6,5.61,388072
2025-06-30,5.61,5.63,5.55,5.57,314225
2025-07-01,5.57,5.62,5.57,5.6,269244
2025-07-02,5.61,5.68,5.61,5.68,318971
2025-07-03,5.68,5.69,5.63,5.64,231202
2025-07-04,5.65,5.76,5.64,5.73,462553
2025-07-07,5.73,5.75,5.69,5.7,225213
2025-07-08,5.72,5.75,5.63,5.64,401309
2025-07-09,5.64,5.7,5.62,5.62,362158
2025-07-10,5.64,5.69,5.63,5.66,357439
2025-07-11,5.67,5.72,5.64,5.64,483835
2025-07-14,5.66,5.73,5.66,5.67,511883
2025-07-15,5.68,5.69,5.59,5.6,464737
2025-07-16,5.61,5.63,5.58,5.6,308761
2025-07-17,5.61,5.64,5.57,5.59,373555
2025-07-18,5.6,5.64,5.59,5.63,386465
2025-07-21,5.64,5.72,5.63,5.71,567485
2025-07-22,5.71,5.79,5.68,5.77,487000
2025-07-23,5.77,5.81,5.73,5.77,451036
2025-07-24,5.77,5.8,5.73,5.79,462302
2025-07-25,5.79,5.8,5.72,5.72,402805
2025-07-28,5.72,5.74,5.69,5.7,358615
2025-07-29,5.7,5.72,5.67,5.69,350526
2025-07-30,5.69,5.79,5.69,5.74,535582
2025-07-31,5.76,5.76,5.61,5.63,641142
2025-08-01,5.63,5.68,5.61,5.63,316081
2025-08-04,5.61,5.66,5.6,5.66,295904
2025-08-05,5.65,5.7,5.64,5.7,346516
2025-08-06,5.7,5.72,5.66,5.7,259278
2025-08-07,5.71,5.75,5.69,5.75,393406
2025-08-08,5.75,5.77,5.73,5.75,260594
2025-08-11,5.76,5.77,5.72,5.75,324983
2025-08-12,5.76,5.8,5.75,5.77,296447
2025-08-13,5.77,5.78,5.73,5.76,303932
2025-08-14,5.77,5.79,5.7,5.71,330139
2025-08-15,5.7,5.73,5.67,5.72,363174
2025-08-18,5.72,5.76,5.7,5.72,407036
2025-08-19,5.73,5.74,5.69,5.69,303210
2025-08-20,5.69,5.74,5.66,5.74,305709
2025-08-21,5.74,5.82,5.73,5.81,515872
2025-08-22,5.81,5.81,5.74,5.79,497799
2025-08-25,5.81,5.89,5.8,5.87,585307
2025-08-26,5.87,5.91,5.84,5.87,401135
2025-08-27,5.87,5.89,5.74,5.76,670474
2025-08-28,5.75,5.79,5.67,5.75,634064
2025-08-29,5.71,5.77,5.62,5.64,1085586
2025-09-01,5.66,5.68,5.56,5.59,952711
2025-09-02,5.6,5.63,5.57,5.61,499290
2025-09-03,5.62,5.62,5.53,5.56,588925
2025-09-04,5.55,5.57,5.49,5.56,509337
2025-09-05,5.55,5.56,5.5,5.53,456556
2025-09-08,5.54,5.63,5.53,5.59,613846
2025-09-09,5.6,5.63,5.54,5.57,352712
2025-09-10,5.57,5.58,5.53,5.56,269727
2025-09-11,5.55,5.59,5.53,5.59,345250
2025-09-12,5.6,5.6,5.57,5.58,328757
2025-09-15,5.58,5.61,5.56,5.59,318300
2025-09-16,5.6,5.62,5.56,5.61,380270
2025-09-17,5.61,5.68,5.59,5.67,543448
2025-09-18,5.66,5.67,5.53,5.56,540835
2025-09-19,5.56,5.57,5.52,5.56,358440
2025-09-22,5.57,5.57,5.51,5.53,285204
2025-09-23,5.54,5.61,5.5,5.56,477017
2025-09-24,5.54,5.59,5.52,5.54,354742
2025-09-25,5.53,5.54,5.48,5.51,430120
2025-09-26,5.49,5.5,5.47,5.48,302490
2025-09-29,5.48,5.49,5.42,5.47,439987
2025-09-30,5.47,5.48,5.44,5.45,249613
2025-10-09,5.47,5.54,5.44,5.53,534896
2025-10-10,5.52,5.57,5.51,5.55,363043
2025-10-13,5.49,5.53,5.43,5.52,456099
2025-10-14,5.53,5.61,5.52,5.58,600288
2025-10-15,5.6,5.62,5.54,5.57,391712
2025-10-16,5.57,5.61,5.56,5.59,315268
2025-10-17,5.6,5.64,5.56,5.57,346432
2025-10-20,5.59,5.6,5.51,5.55,335425
2025-10-21,5.55,5.58,5.53,5.57,314886
2025-10-22,5.56,5.61,5.56,5.6,299057
2025-10-23,5.61,5.69,5.6,5.67,539476
2025-10-24,5.67,5.68,5.6,5.62,332965
2025-10-27,5.64,5.68,5.58,5.67,429044
2025-10-28,5.66,5.69,5.62,5.67,375959
2025-10-29,5.66,5.67,5.61,5.65,259402
2025-10-30,5.65,5.71,5.64,5.67,436604
2025-10-31,5.67,5.68,5.56,5.58,529486
2025-11-03,5.59,5.62,5.57,5.6,372356
2025-11-04,5.59,5.65,5.58,5.59,386157
2025-11-05,5.58,5.62,5.55,5.6,291093
2025-11-06,5.6,5.63,5.58,5.61,279319
2025-11-07,5.61,5.65,5.61,5.62,328208
2025-11-10,5.63,5.72,5.61,5.72,474744
2025-11-11,5.7,5.71,5.67,5.69,317349
2025-11-12,5.71,5.74,5.69,5.7,392081
2025-11-13,5.69,5.71,5.62,5.67,485488
2025-11-14,5.68,5.75,5.67,5.69,429246
2025-11-17,5.69,5.7,5.62,5.64,325363
2025-11-18,5.64,5.65,5.57,5.59,334211
2025-11-19,5.59,5.62,5.57,5.58,253069
2025-11-20,5.59,5.64,5.58,5.6,265121
2025-11-21,5.58,5.6,5.51,5.52,401174
2025-11-24,5.55,5.55,5.49,5.5,477982
2025-11-25,5.51,5.51,5.47,5.48,411546
2025-11-26,5.48,5.5,5.46,5.47,250265
2025-11-27,5.47,5.49,5.45,5.47,235519
2025-11-28,5.47,5.48,5.45,5.47,260679
2025-12-01,5.47,5.55,5.46,5.54,388938
2025-12-02,5.54,5.59,5.53,5.58,379212
2025-12-03,5.58,5.66,5.55,5.65,619820
2025-12-04,5.66,5.72,5.65,5.69,576581
2025-12-05,5.7,5.73,5.61,5.65,417391
2025-12-08,5.66,5.68,5.6,5.61,321405
2025-12-09,5.62,5.62,5.56,5.56,269101
2025-12-10,5.56,5.59,5.54,5.57,260147
2025-12-11,5.57,5.58,5.54,5.55,279866
2025-12-12,5.55,5.56,5.5,5.51,409247
2025-12-15,5.51,5.57,5.47,5.54,423307
2025-12-16,5.54,5.56,5.49,5.51,280095
2025-12-17,5.5,5.53,5.47,5.51,327472
2025-12-18,5.51,5.59,5.5,5.58,354795
2025-12-19,5.57,5.59,5.53,5.57,327573
2025-12-22,5.57,5.59,5.55,5.57,265344
2025-12-23,5.58,5.6,5.56,5.57,247944
2025-12-24,5.57,5.58,5.52,5.54,248365
2025-12-25,5.54,5.57,5.54,5.55,216410
2025-12-26,5.55,5.56,5.52,5.52,244276
2025-12-29,5.53,5.53,5.48,5.48,364633
2025-12-30,5.48,5.49,5.39,5.4,700755
2025-12-31,5.4,5.43,5.4,5.42,266994
