date,open,high,low,close,volume
2015-01-05,15.84,16.93,15.84,16.55,371486
2015-01-06,16.32,16.8,15.86,16.11,345389
2015-01-07,16.12,16.23,15.87,16.2,254100
2015-01-08,16.2,16.2,15.75,16.02,198117
2015-01-09,15.88,16.5,15.85,15.97,224732
2015-01-12,15.87,15.87,15.2,15.48,181122
2015-01-13,15.48,15.67,15.25,15.36,99781
2015-01-14,15.36,15.5,14.87,14.91,120315
2015-01-15,14.91,15.6,14.84,15.6,120222
2015-01-16,15.62,15.72,15.38,15.54,131966
2015-01-19,14.93,15.47,13.72,14.42,226084
2015-01-20,14.56,15.27,14.54,15.24,170276
2015-01-21,15.24,15.85,15.02,15.84,161575
2015-01-22,15.81,16.21,15.71,15.85,120060
2015-01-23,15.9,16.57,15.85,16.55,229064
2015-01-26,16.52,17.37,16.27,17.32,243378
2015-01-27,17.32,17.66,16.82,17.1,279352
2015-01-28,17.1,17.4,16.78,17.16,179009
2015-01-29,17.05,17.05,16.62,16.67,151388
2015-01-30,16.95,17.01,16.1,16.41,125363
2015-02-02,15.88,16.36,15.83,16.07,83496
2015-02-03,16.27,16.37,15.88,16.25,89137
2015-02-04,16.2,16.65,16.08,16.23,108323
2015-02-05,16.63,16.63,16.03,16.15,124153
2015-02-06,16.37,16.38,15.73,15.86,118550
2015-02-09,16.02,16.02,15.4,15.45,136345
2015-02-10,15.72,16.36,15.49,16.33,111760
2015-02-11,16.42,16.8,16.31,16.45,79451
2015-02-12,16.45,16.47,16.13,16.26,75862
2015-02-13,16.28,16.68,16.14,16.3,90014
2015-02-16,16.38,17.16,16.28,17.14,141269
2015-02-17,17.17,18.04,17.0,17.76,208912
2015-02-25,17.57,17.79,17.01,17.13,148549
2015-02-26,17.14,17.52,16.92,17.45,98542
2015-02-27,17.52,17.6,17.02,17.12,104234
2015-03-02,17.23,17.3,16.82,17.12,120039
2015-03-03,17.02,17.07,16.44,16.56,116764
2015-03-04,16.42,16.9,16.42,16.7,92069
2015-03-05,16.7,16.92,16.42,16.78,102711
2015-03-06,16.7,17.14,16.64,16.87,117022
2015-03-09,16.72,17.01,16.38,16.91,116047
2015-03-10,16.88,17.7,16.8,17.53,162747
2015-03-11,17.79,18.5,17.52,17.9,182846
2015-03-12,18.03,18.87,18.03,18.79,245302
2015-03-13,18.75,19.67,18.52,19.52,252574
2015-03-16,19.71,19.95,19.22,19.72,275581
2015-03-17,19.73,21.46,19.72,21.29,353847
2015-03-18,21.3,21.46,20.83,21.25,181733
2015-03-19,21.02,21.17,20.61,20.62,174972
2015-03-20,20.62,21.02,20.02,20.33,146132
2015-03-23,20.33,21.12,20.33,20.93,141577
2015-03-24,20.83,21.32,20.35,21.28,166851
2015-03-25,21.3,21.3,19.93,20.25,202385
2015-03-26,20.24,20.52,19.63,19.8,122004
2015-03-27,19.82,20.02,19.8,19.85,84694
2015-03-30,20.32,20.6,20.23,20.57,155176
2015-03-31,20.62,21.27,20.0,20.16,213993
2015-04-01,20.17,21.11,20.05,20.53,134094
2015-04-02,20.57,21.15,20.28,20.68,125158
2015-04-03,20.7,22.01,20.6,21.91,208265
2015-04-07,21.97,22.16,21.4,21.93,161621
2015-04-08,21.82,21.92,21.27,21.31,239422
2015-04-09,21.03,21.22,20.13,20.53,153649
2015-04-10,20.42,20.95,20.27,20.87,101538
2015-04-13,20.87,21.3,20.52,21.18,155470
2015-04-14,21.17,22.01,20.84,21.9,217103
2015-04-15,21.82,22.67,21.6,21.99,225307
2015-04-16,21.72,23.01,21.2,22.97,250606
2015-04-17,23.54,23.7,22.7,22.89,289232
2015-04-20,22.52,22.85,21.53,21.63,224873
2015-04-21,21.94,22.39,21.63,22.37,153885
2015-04-22,22.42,23.02,22.4,22.95,154060
2015-04-23,23.1,23.3,22.65,23.04,174175
2015-04-24,22.46,23.02,22.24,22.83,132636
2015-04-27,22.85,23.91,22.85,23.31,181440
2015-04-28,23.28,23.3,22.15,22.21,162951
2015-04-29,22.36,24.01,22.18,23.97,256209
2015-04-30,23.94,24.49,23.47,23.65,175082
2015-05-04,23.27,25.37,22.64,24.7,226510
2015-05-05,24.02,24.51,22.9,23.24,142410
2015-05-06,23.52,24.1,22.52,23.02,192035
2015-05-07,22.53,23.1,22.04,22.22,107480
2015-05-08,22.52,22.89,22.12,22.66,120142
2015-05-11,22.0,23.34,21.85,23.27,165021
2015-05-12,23.32,24.99,23.28,24.88,267157
2015-05-13,24.77,24.77,23.84,24.01,177247
2015-05-14,23.96,23.96,22.95,23.21,162772
2015-05-15,23.14,23.67,22.73,23.25,150284
2015-05-18,23.05,23.97,22.84,23.81,167428
2015-05-19,23.78,24.96,23.52,24.51,195260
2015-05-20,25.54,27.36,25.54,26.56,371966
2015-05-21,26.59,29.61,26.59,29.61,348390
2015-05-22,30.72,31.01,28.32,29.04,323803
2015-05-25,28.89,30.81,28.63,29.57,258195
2015-05-26,29.61,30.01,28.68,29.9,345526
2015-05-27,29.9,29.91,28.85,29.52,244487
2015-05-28,29.0,29.87,26.52,26.58,315907
2015-05-29,26.43,27.02,25.04,26.01,251867
2015-06-01,26.01,28.02,25.72,27.81,226777
2015-06-02,27.72,28.55,27.12,27.92,203810
2015-06-03,27.92,27.93,26.53,27.32,197878
2015-06-04,27.32,27.82,25.02,27.63,225536
2015-06-05,27.96,28.77,27.52,28.22,243451
2015-06-08,28.87,31.12,28.87,29.98,436529
2015-06-09,29.98,31.12,28.78,31.01,430441
2015-06-10,31.01,32.65,30.04,31.93,441396
2015-06-11,31.94,34.53,31.76,33.61,540587
2015-06-12,34.92,35.47,33.37,33.54,553273
2015-06-15,34.02,37.28,32.97,36.25,782309
2015-06-16,35.4,35.4,32.23,32.23,666435
2015-06-17,32.02,32.17,29.14,31.16,505687
2015-06-18,30.94,32.17,30.02,30.07,342418
2015-06-19,29.42,30.04,27.33,27.97,293861
2015-06-23,28.03,29.62,25.67,29.5,330783
2015-06-24,29.4,30.84,29.03,30.31,399694
2015-06-25,30.01,30.16,27.15,27.57,335446
2015-06-26,26.92,26.92,24.42,24.84,428981
2015-06-29,26.0,26.01,22.07,24.92,462136
2015-06-30,24.82,27.76,24.04,27.72,349696
2015-07-01,27.5,28.79,24.83,25.0,339280
2015-07-02,25.54,26.0,22.95,23.77,325746
2015-07-03,23.77,25.02,21.94,23.03,340501
2015-07-06,25.73,25.73,21.91,23.76,327407
2015-07-07,23.02,23.66,21.11,22.7,503081
2015-07-08,20.03,20.37,20.03,20.03,370834
2015-07-09,20.03,22.43,18.93,22.43,602175
2015-07-10,23.01,25.07,22.7,25.07,518171
2015-07-13,25.12,27.97,25.12,27.95,499889
2015-07-14,27.0,28.01,26.03,26.07,428280
2015-07-15,25.52,25.52,23.07,23.07,292232
2015-07-16,23.08,24.9,23.07,24.05,232218
2015-07-17,24.1,25.96,24.1,25.49,256941
2015-07-20,25.53,26.14,24.52,25.49,294069
2015-07-21,24.98,26.45,24.5,25.95,236601
2015-07-22,25.8,26.16,24.93,25.63,240927
2015-07-23,25.99,26.62,25.63,26.44,326720
2015-07-24,26.26,27.49,25.22,25.76,347540
2015-07-27,25.02,26.18,22.79,22.79,300229
2015-07-28,22.02,24.09,20.6,23.43,384012
2015-07-29,23.67,24.52,22.72,24.52,188323
2015-07-30,24.52,25.3,23.58,23.75,183702
2015-07-31,23.65,24.32,23.19,24.28,258459
2015-08-03,24.22,26.13,23.71,26.11,441818
2015-08-04,25.99,26.95,25.27,26.78,302643
2015-08-05,26.59,26.76,25.53,25.76,219874
2015-08-06,25.32,26.83,25.04,26.58,216484
2015-08-07,26.63,27.49,26.56,26.82,177010
2015-08-10,27.02,28.66,26.73,27.97,266360
2015-08-11,27.91,28.31,27.11,27.35,267203
2015-08-12,26.77,27.58,26.12,26.43,216792
2015-08-13,26.46,28.72,26.46,28.0,298494
2015-08-14,28.12,29.3,28.05,28.12,258393
2015-08-17,28.02,29.08,27.32,28.93,191099
2015-08-18,29.28,29.3,25.64,25.64,248282
2015-08-19,24.46,26.0,24.17,25.74,220157
2015-08-20,25.37,25.65,23.87,24.18,156217
2015-08-21,23.37,23.91,22.37,22.45,253524
2015-08-24,21.37,22.17,19.84,19.97,436061
2015-08-25,19.42,22.33,19.09,20.45,452489
2015-08-26,19.96,22.57,19.38,21.41,306047
2015-08-27,21.78,23.67,21.68,23.6,253807
2015-08-28,24.36,25.69,23.89,24.63,337432
2015-08-31,24.19,24.37,23.45,23.63,198164
2015-09-01,23.54,23.54,21.07,21.65,233638
2015-09-02,20.72,23.42,20.72,23.14,448258
2015-09-07,23.14,23.97,21.76,22.16,205023
2015-09-08,21.96,24.36,21.33,23.92,186188
2015-09-09,24.0,25.37,23.37,24.28,274741
2015-09-10,23.72,24.46,23.47,23.67,95550
2015-09-11,23.67,25.05,23.64,24.84,212376
2015-09-14,24.67,24.77,22.57,22.9,201238
2015-09-15,22.42,23.55,22.17,22.79,172525
2015-09-16,22.86,25.15,22.39,24.76,165154
2015-09-17,24.65,25.03,23.53,23.59,171474
2015-09-18,23.87,23.96,23.37,23.7,87359
2015-09-21,23.68,24.62,23.58,24.41,95517
2015-09-22,24.56,24.97,24.08,24.67,137035
2015-09-23,24.18,24.49,23.62,23.67,94838
2015-09-24,23.86,24.67,23.69,24.6,119448
2015-09-25,24.67,25.17,24.27,24.54,149879
2015-09-28,24.54,24.67,23.73,24.6,57004
2015-09-29,24.27,24.57,23.87,24.05,63426
2015-09-30,24.32,24.37,23.85,24.09,42382
2015-10-08,25.49,26.37,24.82,25.02,255266
2015-10-09,25.1,25.32,24.66,24.94,93697
2015-10-12,25.08,26.39,24.92,24.94,302338
2015-10-13,24.96,25.86,24.7,25.75,158266
2015-10-14,25.47,25.84,24.99,25.05,99408
2015-10-15,25.05,25.6,24.98,25.48,102596
2015-10-16,25.52,27.27,25.52,26.92,301749
2015-10-19,26.97,27.17,26.2,26.7,219983
2015-10-20,26.65,26.87,26.17,26.64,121135
2015-10-21,26.75,26.85,25.05,25.34,175460
2015-10-22,25.37,25.88,25.02,25.83,133313
2015-10-23,25.98,26.31,25.71,26.05,99328
2015-10-26,26.34,26.47,25.67,25.83,112945
2015-10-27,25.85,26.0,25.1,25.76,78231
2015-10-28,26.06,26.52,25.9,26.18,163571
2015-10-29,26.37,26.62,26.08,26.6,124358
2015-10-30,26.34,26.75,26.2,26.59,77835
2015-11-02,26.57,27.96,26.37,27.37,162313
2015-11-03,27.32,27.35,26.56,27.0,111752
2015-11-04,26.53,28.1,26.53,27.95,156516
2015-11-05,27.57,29.36,27.57,28.09,247439
2015-11-06,28.37,29.3,27.98,28.79,102896
2015-11-09,28.78,29.75,28.65,28.72,177529
2015-11-10,28.44,28.82,26.07,26.76,214883
2015-11-11,27.27,27.67,27.17,27.4,168416
2015-11-12,27.44,27.53,26.49,27.06,129366
2015-11-13,26.77,27.52,26.68,27.33,98096
2015-11-16,26.62,27.17,26.37,27.12,116204
2015-11-17,27.23,27.44,26.68,26.92,127353
2015-11-18,26.97,27.28,26.46,26.54,73480
2015-11-19,26.39,26.62,26.24,26.54,89217
2015-11-20,26.54,26.82,26.43,26.52,88977
2015-11-23,26.56,26.82,26.37,26.53,74838
2015-11-24,26.57,26.75,26.3,26.57,67811
2015-11-25,26.57,26.57,26.24,26.43,80194
2015-11-26,26.47,26.56,26.07,26.11,80732
2015-11-27,26.11,26.17,24.66,24.94,124138
2015-11-30,24.97,25.23,23.65,24.97,104345
2015-12-01,25.11,25.93,24.39,25.59,138423
2015-12-02,25.71,26.46,25.25,26.44,136287
2015-12-03,26.36,26.52,25.92,26.46,60125
2015-12-04,26.47,26.72,26.27,26.51,93313
2015-12-07,26.62,27.22,26.62,26.83,62501
2015-12-08,26.71,26.89,25.98,26.12,61231
2015-12-09,25.88,26.37,25.57,26.06,66262
2015-12-10,26.26,26.77,26.06,26.37,82515
2015-12-11,26.13,26.45,25.93,26.3,52322
2015-12-14,25.89,26.36,25.67,26.33,52504
2015-12-15,26.33,26.67,26.17,26.31,74317
2015-12-16,26.35,26.57,26.27,26.46,47099
2015-12-17,26.55,26.92,26.46,26.88,115370
2015-12-18,26.77,27.67,26.76,27.07,95767
2015-12-21,27.07,28.02,26.88,27.77,172271
2015-12-22,28.15,28.22,27.07,27.23,116751
2015-12-23,27.32,27.36,26.49,26.64,151292
2015-12-24,26.72,26.82,26.47,26.58,44550
2015-12-25,26.7,26.85,26.46,26.63,45088
2015-12-28,26.74,26.81,25.79,25.82,97890
2015-12-29,25.79,26.32,25.79,26.3,40001
2015-12-30,26.53,26.57,26.12,26.34,58338
2015-12-31,26.34,26.37,25.85,25.89,53516
2016-01-04,25.9,25.91,24.54,24.64,59463
2016-01-05,23.89,25.57,23.89,25.13,89726
2016-01-06,25.27,25.96,25.17,25.87,100797
2016-01-07,25.56,25.56,24.2,24.36,19019
2016-01-08,24.95,25.18,23.98,24.4,166620
2016-01-11,24.37,24.45,23.18,23.48,153197
2016-01-12,23.73,23.94,23.17,23.19,131627
2016-01-13,23.79,24.31,22.97,23.16,123763
2016-01-14,22.92,23.42,22.37,23.24,122527
2016-01-15,23.24,23.45,22.57,22.86,56701
2016-01-18,22.76,23.06,22.38,22.96,37557
2016-01-19,22.98,23.8,22.79,23.71,60315
2016-01-20,23.62,24.36,23.38,23.61,79283
2016-01-21,23.17,23.61,23.02,23.18,50523
2016-01-22,23.2,23.73,23.1,23.56,46806
2016-01-25,23.78,24.16,23.39,23.75,45362
2016-01-26,23.38,23.75,22.68,23.01,81159
2016-01-27,21.88,23.12,21.68,22.24,109689
2016-01-28,22.17,22.44,21.52,21.61,61621
2016-01-29,21.56,22.35,21.52,22.23,87361
2016-02-01,22.17,22.21,21.39,21.59,78777
2016-02-02,21.62,22.12,21.62,21.97,51360
2016-02-03,21.54,21.94,21.53,21.93,30316
2016-02-04,22.16,22.52,22.16,22.34,72866
2016-02-05,22.27,22.79,22.23,22.49,58045
2016-02-15,21.93,23.45,21.87,23.21,127223
2016-02-16,23.36,23.87,22.95,23.59,95583
2016-02-17,23.35,24.63,23.32,24.26,171450
2016-02-18,24.57,24.86,24.15,24.36,114149
2016-02-19,24.33,24.4,23.86,24.17,46952
2016-02-22,24.47,24.75,24.2,24.68,45443
2016-02-23,24.77,24.77,23.93,24.22,36621
2016-02-24,24.3,24.66,24.07,24.61,29227
2016-02-25,24.61,24.94,23.38,24.27,98238
2016-02-26,24.37,24.52,24.12,24.35,43639
2016-02-29,24.43,24.57,23.27,23.57,45949
2016-03-01,23.72,23.87,23.28,23.68,38010
2016-03-02,23.7,25.02,23.7,24.94,74544
2016-03-03,25.12,25.81,24.98,25.15,61180
2016-03-04,25.23,25.57,24.49,24.68,58321
2016-03-07,24.76,25.52,24.75,25.46,45540
2016-03-08,25.15,25.37,24.47,24.99,44133
2016-03-09,24.87,24.87,24.25,24.26,42021
2016-03-10,24.35,24.81,24.17,24.33,49904
2016-03-11,24.22,24.38,23.7,24.35,48524
2016-03-14,24.38,25.35,24.38,25.14,62965
2016-03-15,24.97,25.42,24.95,25.19,42897
2016-03-16,25.19,25.46,24.88,25.04,32832
2016-03-17,25.04,25.81,25.04,25.75,113412
2016-03-18,25.64,26.35,25.49,25.73,120533
2016-03-21,25.87,26.76,25.37,25.79,149226
2016-03-22,25.76,25.92,25.3,25.65,55057
2016-03-23,25.5,25.95,25.48,25.68,53042
2016-03-24,25.5,25.95,25.39,25.68,54115
2016-03-25,25.57,26.36,25.52,26.25,40404
2016-03-28,26.5,26.86,25.58,25.68,77788
2016-03-29,25.5,25.78,25.38,25.58,61153
2016-03-30,25.82,26.22,25.64,25.96,62017
2016-03-31,26.07,26.75,25.97,26.46,116177
2016-04-01,26.28,26.5,25.94,26.24,35015
2016-04-05,25.68,26.46,25.68,26.38,53284
2016-04-06,26.25,26.26,25.82,26.06,59465
2016-04-07,26.12,26.17,25.6,25.63,61145
2016-04-08,25.57,25.58,25.31,25.4,47223
2016-04-11,25.59,25.83,25.38,25.47,85498
2016-04-12,25.43,25.59,25.34,25.52,28638
2016-04-13,25.69,26.12,25.5,25.64,88690
2016-04-14,25.76,25.82,25.35,25.51,61694
2016-04-15,25.59,25.76,25.52,25.73,37692
2016-04-18,25.37,25.67,24.91,25.04,49992
2016-04-19,25.03,25.23,24.87,25.0,37280
2016-04-20,25.0,25.07,23.88,24.09,101107
2016-04-21,24.07,24.67,24.0,24.35,46863
2016-04-22,24.36,24.72,24.35,24.68,40048
2016-04-25,24.46,24.67,24.09,24.66,45076
2016-04-26,24.57,24.76,24.17,24.45,37543
2016-04-27,24.55,24.62,24.3,24.37,22096
2016-04-28,24.41,24.41,23.99,24.24,28645
2016-04-29,24.15,24.15,23.52,23.58,77936
2016-05-03,23.56,24.14,23.39,24.12,110724
2016-05-04,24.07,24.76,23.98,24.63,89777
2016-05-05,24.61,24.86,24.37,24.66,48812
2016-05-06,24.67,24.96,24.31,24.34,68301
2016-05-09,24.02,24.45,23.78,23.95,73478
2016-05-10,24.07,24.55,24.02,24.54,43580
2016-05-11,24.62,25.67,24.48,25.38,116894
2016-05-12,25.07,25.4,24.52,24.9,62165
2016-05-13,24.91,25.35,24.12,24.28,62525
2016-05-16,24.27,24.59,23.77,24.52,44668
2016-05-17,24.52,24.59,24.15,24.24,30031
2016-05-18,24.11,24.34,23.64,23.87,39392
2016-05-19,23.87,24.12,23.66,23.8,24810
2016-05-20,23.6,23.82,23.35,23.52,49420
2016-05-23,23.57,23.86,23.52,23.76,33737
2016-05-24,23.68,23.76,22.97,23.18,39954
2016-05-25,23.33,23.53,23.15,23.23,26763
2016-05-26,23.21,23.5,23.03,23.38,29073
2016-05-27,23.5,23.5,23.29,23.33,19405
2016-05-30,23.33,23.47,23.17,23.37,22981
2016-05-31,23.27,24.1,23.27,24.08,82636
2016-06-01,24.12,24.26,23.97,24.02,41842
2016-06-02,24.02,24.1,23.87,23.95,26354
2016-06-03,23.93,24.26,23.85,24.16,43481
2016-06-06,24.16,24.36,23.97,24.13,38962
2016-06-07,24.13,24.18,23.77,23.87,46592
2016-06-08,23.81,24.05,23.68,23.92,39540
2016-06-13,23.72,23.92,23.43,23.5,83665
2016-06-14,23.49,23.63,22.87,23.12,77612
2016-06-15,22.81,23.45,22.77,23.36,86341
2016-06-16,23.31,23.43,22.84,22.88,74541
2016-06-17,22.91,23.1,22.84,22.95,40970
2016-06-20,22.67,22.93,22.49,22.64,46088
2016-06-21,22.77,22.85,22.22,22.42,63161
2016-06-22,22.42,22.5,22.26,22.5,33879
2016-06-23,22.52,22.83,22.41,22.54,56928
2016-06-24,22.56,22.62,21.92,22.39,70577
2016-06-27,22.24,22.54,22.16,22.51,48432
2016-06-28,22.49,22.5,22.25,22.45,62738
2016-06-29,22.5,22.52,22.26,22.36,71452
2016-06-30,22.46,22.46,22.27,22.42,46500
2016-07-01,22.42,22.44,22.28,22.36,43749
2016-07-04,22.32,22.79,22.27,22.69,148801
2016-07-05,22.7,23.1,22.67,22.85,91715
2016-07-06,22.77,22.81,22.55,22.69,59915
2016-07-07,22.78,22.83,22.58,22.72,57952
2016-07-08,22.63,22.75,22.58,22.61,40986
2016-07-11,22.64,23.0,22.64,22.81,75951
2016-07-12,22.94,24.02,22.77,23.7,194134
2016-07-13,23.67,23.95,23.53,23.62,109430
2016-07-14,23.67,23.67,23.38,23.54,38032
2016-07-15,23.61,23.72,23.52,23.62,39692
2016-07-18,23.64,23.97,23.48,23.75,53063
2016-07-19,23.84,23.84,23.35,23.53,35540
2016-07-20,23.65,23.65,23.39,23.42,21035
2016-07-21,23.41,23.72,23.38,23.51,29800
2016-07-22,23.57,23.59,23.13,23.16,34208
2016-07-25,23.18,23.31,23.1,23.17,26735
2016-07-26,23.12,23.67,23.09,23.62,56698
2016-07-27,23.65,24.02,23.09,23.79,114209
2016-07-28,23.53,24.7,23.15,24.29,164794
2016-07-29,24.17,24.72,24.17,24.25,85299
2016-08-01,24.36,24.95,23.97,24.1,96070
2016-08-02,24.17,24.34,23.98,24.13,31772
2016-08-03,24.07,24.82,24.02,24.57,83789
2016-08-04,24.42,24.67,24.29,24.56,43929
2016-08-05,24.62,24.67,24.38,24.48,30513
2016-08-08,24.52,24.62,24.25,24.45,36956
2016-08-09,24.42,24.86,24.4,24.75,43356
2016-08-10,24.62,24.7,24.44,24.6,34430
2016-08-11,24.41,24.57,23.98,24.05,52747
2016-08-12,24.05,24.35,24.03,24.26,68675
2016-08-15,24.27,25.33,24.27,25.05,120172
2016-08-16,25.15,25.6,24.99,25.42,88697
2016-08-17,25.39,25.75,25.07,25.45,95445
2016-08-18,25.54,25.54,25.01,25.14,41533
2016-08-19,25.2,25.2,24.85,25.01,44349
2016-08-22,24.91,25.57,24.9,25.39,69484
2016-08-23,25.33,25.59,25.16,25.39,41579
2016-08-24,25.45,25.6,25.31,25.47,55100
2016-08-25,25.28,25.5,25.18,25.26,22646
2016-08-26,25.36,25.5,25.1,25.26,20339
2016-08-29,25.35,25.49,24.92,25.03,53975
2016-08-30,25.02,25.06,24.6,24.73,51254
2016-08-31,24.66,24.8,24.48,24.56,47818
2016-09-01,24.68,24.85,24.46,24.49,33089
2016-09-02,24.55,24.88,24.09,24.88,65510
2016-09-05,24.9,24.9,24.32,24.43,54488
2016-09-06,24.41,24.51,24.13,24.3,57886
2016-09-07,24.4,24.55,24.31,24.48,33382
2016-09-08,24.45,24.74,24.41,24.63,41020
2016-09-09,24.54,24.86,24.53,24.83,49934
2016-09-12,24.6,24.65,24.08,24.41,67948
2016-09-13,24.49,24.52,24.19,24.38,26556
2016-09-14,24.27,24.34,24.04,24.26,28857
2016-09-19,24.2,24.34,24.2,24.27,30259
2016-09-20,24.24,24.35,24.2,24.3,12646
2016-09-21,24.26,24.34,24.21,24.25,19599
2016-09-22,24.11,24.39,24.1,24.12,39516
2016-09-23,24.23,24.36,24.1,24.24,32117
2016-09-26,24.22,24.28,23.76,23.78,23180
2016-09-27,23.8,23.98,23.7,23.97,16438
2016-09-28,24.06,24.06,23.72,23.74,17009
2016-09-29,23.73,23.85,23.71,23.78,21294
2016-09-30,23.78,23.83,23.72,23.77,13528
2016-10-10,23.81,23.99,23.77,23.97,34387
2016-10-11,23.97,24.18,23.9,24.17,30534
2016-10-12,23.96,24.21,23.9,24.13,41546
2016-10-13,24.2,24.25,24.03,24.17,33906
2016-10-14,24.17,24.37,24.1,24.29,35544
2016-10-17,24.4,24.4,24.2,24.34,33328
2016-10-18,24.15,24.44,24.15,24.38,21622
2016-10-19,24.38,24.48,24.0,24.14,28029
2016-10-20,24.1,24.21,24.0,24.15,22625
2016-10-21,24.05,24.2,23.93,24.05,19282
2016-10-24,24.06,24.35,24.06,24.26,26097
2016-10-25,24.17,24.29,24.14,24.19,15201
2016-10-26,24.16,24.23,23.9,24.01,26256
2016-10-27,24.0,24.2,23.92,24.13,20222
2016-10-28,24.18,24.25,23.99,24.19,35716
2016-10-31,24.03,24.14,23.89,23.91,21832
2016-11-01,23.98,24.01,23.87,23.96,20044
2016-11-02,23.95,23.95,23.66,23.67,26767
2016-11-03,23.57,23.81,23.57,23.7,24545
2016-11-04,23.63,23.71,23.32,23.48,48867
2016-11-07,23.44,23.79,23.31,23.5,31716
2016-11-08,23.58,23.62,23.32,23.5,30490
2016-11-09,23.51,23.52,22.9,23.0,68039
2016-11-10,23.15,23.34,23.12,23.23,46159
2016-11-11,23.35,23.82,23.27,23.8,121409
2016-11-14,23.89,23.89,23.48,23.53,42547
2016-11-15,23.57,23.84,23.54,23.61,46177
2016-11-16,23.64,23.8,23.57,23.67,24168
2016-11-17,23.6,23.65,23.34,23.45,44178
2016-11-18,23.39,23.58,23.29,23.38,53156
2016-11-21,23.48,23.67,23.38,23.57,43317
2016-11-22,23.46,23.69,23.4,23.5,41030
2016-11-23,23.51,23.65,23.47,23.5,32528
2016-11-24,23.54,23.71,23.34,23.57,53097
2016-11-25,23.6,23.85,23.5,23.84,65128
2016-11-28,23.92,24.26,23.76,23.99,104247
2016-11-29,23.92,24.92,23.88,24.32,102760
2016-11-30,24.58,24.58,24.03,24.19,55859
2016-12-01,24.25,24.28,23.83,24.0,73313
2016-12-02,24.02,24.11,23.67,23.85,66316
2016-12-05,23.65,23.89,23.5,23.73,67341
2016-12-06,23.62,23.82,23.62,23.68,37378
2016-12-07,23.7,23.7,23.48,23.67,29142
2016-12-08,23.67,23.76,23.37,23.4,40540
2016-12-09,23.41,23.57,23.34,23.38,57638
2016-12-12,23.38,23.57,22.96,23.24,68422
2016-12-13,23.13,23.27,23.01,23.18,32566
2016-12-14,23.28,23.34,23.21,23.29,52443
2016-12-15,23.24,23.46,23.12,23.37,47070
2016-12-16,23.38,23.51,23.3,23.42,48268
2016-12-19,23.31,23.52,23.15,23.46,41028
2016-12-20,23.41,23.59,23.31,23.41,54240
2016-12-21,23.35,23.76,23.35,23.69,59347
2016-12-22,23.75,23.75,23.56,23.7,48802
2016-12-23,23.75,23.76,23.51,23.71,25468
2016-12-26,23.72,23.72,23.24,23.6,14635
2016-12-27,23.6,23.68,23.35,23.35,14732
2016-12-28,23.3,23.64,23.19,23.32,70004
2016-12-29,23.2,23.28,23.12,23.16,63558
2016-12-30,23.19,23.4,23.13,23.32,44002
2017-01-03,23.35,23.58,23.2,23.45,34862
2017-01-04,23.49,23.65,23.43,23.59,55340
2017-01-05,23.66,23.76,23.58,23.63,51351
2017-01-06,23.61,23.75,23.61,23.7,42420
2017-01-09,23.7,23.8,23.61,23.69,48497
2017-01-10,23.7,23.9,23.59,23.72,37636
2017-01-11,23.7,23.79,23.5,23.55,41935
2017-01-12,23.6,23.71,23.48,23.57,49424
2017-01-13,23.57,23.78,23.3,23.55,61350
2017-01-16,23.45,23.76,23.25,23.58,203593
2017-01-17,23.59,23.63,23.43,23.56,56775
2017-01-18,23.6,23.8,23.57,23.7,67468
2017-01-19,23.76,23.9,23.7,23.8,57019
2017-01-20,23.76,24.04,23.75,23.96,40847
2017-01-23,23.96,24.05,23.83,23.97,42400
2017-01-24,23.96,24.01,23.85,23.97,18945
2017-01-25,24.0,24.32,23.97,24.29,54384
2017-01-26,24.22,24.4,24.14,24.3,26858
2017-02-03,24.38,24.47,24.23,24.43,31676
2017-02-06,24.4,24.56,24.37,24.48,31519
2017-02-07,24.52,24.6,24.11,24.29,51612
2017-02-08,24.4,24.5,24.17,24.42,26585
2017-02-09,24.47,24.67,24.42,24.6,41386
2017-02-10,24.5,24.85,24.45,24.48,51574
2017-02-13,24.48,24.95,24.42,24.71,79171
2017-02-14,24.73,24.8,24.25,24.37,64664
2017-02-15,24.43,24.78,24.4,24.48,49970
2017-02-16,24.57,24.6,24.39,24.54,40680
2017-02-17,24.51,24.55,24.23,24.25,18192
2017-02-20,24.47,24.59,24.33,24.51,28852
2017-02-21,24.55,24.8,24.51,24.55,22009
2017-02-22,24.52,24.62,24.38,24.44,23210
2017-02-23,24.42,24.7,24.28,24.35,36143
2017-02-24,24.33,25.4,24.17,24.83,66517
2017-02-27,24.41,24.48,24.21,24.33,33975
2017-02-28,24.3,24.32,24.2,24.24,24869
2017-03-01,24.24,24.46,24.19,24.29,23792
2017-03-02,24.41,24.45,24.17,24.19,24999
2017-03-03,24.19,24.29,24.12,24.2,20249
2017-03-06,24.29,24.71,24.22,24.55,41019
2017-03-07,24.59,24.64,24.42,24.57,28356
2017-03-08,24.55,24.64,24.49,24.57,18552
2017-03-09,24.6,24.73,24.5,24.59,35833
2017-03-10,24.47,24.56,24.18,24.2,48948
2017-03-13,24.19,25.39,24.19,25.15,152317
2017-03-14,25.15,25.3,24.98,25.23,42546
2017-03-15,25.25,25.65,25.04,25.5,69706
2017-03-16,25.55,25.61,25.15,25.17,84524
2017-03-17,25.16,25.4,25.06,25.26,34876
2017-03-20,25.47,25.6,25.15,25.34,55890
2017-03-21,25.24,25.97,25.2,25.69,75164
2017-03-22,25.43,25.65,25.18,25.3,53907
2017-03-23,25.55,25.73,24.89,25.29,95086
2017-03-24,25.2,26.13,25.08,25.99,112176
2017-03-27,25.99,27.06,25.91,26.4,166881
2017-03-28,26.36,26.69,26.06,26.56,55711
2017-03-29,26.66,27.27,26.38,26.88,80956
2017-03-30,26.81,27.1,26.39,26.79,82833
2017-03-31,26.65,26.89,26.5,26.78,37071
2017-04-05,26.96,27.74,26.77,27.08,86011
2017-04-06,27.08,27.75,27.06,27.73,106192
2017-04-07,27.74,27.85,27.18,27.5,52871
2017-04-10,27.45,27.45,26.89,27.07,61002
2017-04-11,27.11,27.19,26.24,26.74,86126
2017-04-12,26.73,29.34,26.44,29.06,316462
2017-04-13,28.7,31.35,28.61,30.88,261963
2017-04-14,31.1,31.1,30.42,30.88,71794
2017-04-17,30.71,31.03,30.01,30.99,76387
2017-04-18,30.48,32.22,30.35,31.72,134788
2017-04-19,31.4,31.71,30.7,31.28,144194
2017-04-20,31.1,31.52,30.7,31.3,72642
2017-04-21,31.24,31.24,30.12,30.87,90768
2017-04-24,30.63,31.04,29.85,31.02,114064
2017-04-25,30.73,30.9,30.18,30.6,57053
2017-04-26,30.6,31.2,30.32,30.68,48080
2017-04-27,30.52,30.89,30.5,30.64,33805
2017-04-28,30.84,32.06,30.84,31.05,84319
2017-05-02,30.37,32.08,29.86,31.8,65524
2017-05-03,31.58,32.28,31.36,32.13,58895
2017-05-04,32.04,33.5,32.0,33.05,104954
2017-05-05,32.88,33.4,32.47,33.22,77510
2017-05-08,33.28,33.9,32.41,33.33,117023
2017-05-09,33.2,33.2,31.69,32.01,56322
2017-05-10,32.01,32.6,31.95,32.13,44983
2017-05-11,31.87,32.68,31.6,32.36,56307
2017-05-12,32.0,32.88,32.0,32.47,31287
2017-05-15,32.8,33.89,32.7,33.82,68713
2017-05-16,33.8,36.0,33.8,35.84,111252
2017-05-17,35.8,36.57,35.15,35.3,83457
2017-05-18,35.16,35.56,34.5,34.96,59512
2017-05-19,34.79,36.34,34.79,36.12,80944
2017-05-22,36.5,36.67,35.6,36.62,54798
2017-05-23,36.31,36.96,34.81,36.95,145912
2017-05-24,36.25,36.39,34.94,35.48,119347
2017-05-25,35.33,36.15,33.78,34.34,127472
2017-05-26,34.4,34.96,33.91,34.59,104076
2017-05-31,34.62,34.7,32.51,34.59,167798
2017-06-01,33.87,35.18,33.41,35.09,145804
2017-06-02,34.8,35.38,34.7,34.99,65020
2017-06-05,34.75,34.98,33.75,34.1,67352
2017-06-06,34.0,34.45,33.5,34.37,69603
2017-06-07,34.28,34.56,33.9,34.29,95861
2017-06-08,34.32,36.3,34.32,36.14,164317
2017-06-09,35.95,36.1,35.2,35.71,139971
2017-06-12,35.42,35.99,35.01,35.31,89892
2017-06-13,35.29,35.51,34.8,35.47,58280
2017-06-14,35.51,35.57,34.1,34.18,110178
2017-06-15,33.99,33.99,32.81,32.94,175941
2017-06-16,32.68,33.19,32.52,32.94,88394
2017-06-19,32.68,33.15,32.67,32.92,62319
2017-06-20,32.93,33.12,32.3,32.32,80358
2017-06-21,32.62,34.57,32.38,34.49,156820
2017-06-22,34.3,34.71,33.92,34.65,111934
2017-06-23,34.3,35.06,34.23,35.02,63199
2017-06-26,34.97,35.28,34.52,34.59,83040
2017-06-27,34.71,34.96,34.44,34.82,43141
2017-06-28,34.64,34.81,34.01,34.12,52087
2017-06-29,33.98,34.23,33.71,34.02,45930
2017-06-30,34.07,34.17,33.38,34.11,54381
2017-07-03,34.3,35.15,34.11,34.95,60072
2017-07-04,34.8,34.99,33.9,34.89,87134
2017-07-05,34.69,35.08,34.41,34.89,37035
2017-07-06,34.7,35.95,34.6,34.99,68590
2017-07-07,35.3,35.48,34.75,35.09,44209
2017-07-10,35.24,35.24,33.85,33.88,81482
2017-07-11,33.9,34.4,33.73,34.18,49211
2017-07-12,34.27,34.27,33.41,34.02,39228
2017-07-13,34.25,34.27,33.78,33.99,55624
2017-07-14,34.12,34.66,33.84,34.46,45370
2017-07-17,34.6,34.82,32.81,34.78,66795
2017-07-18,34.81,35.15,34.21,35.03,59258
2017-07-19,34.98,35.6,34.83,34.96,79415
2017-07-20,34.97,35.28,34.31,34.96,80218
2017-07-21,34.85,35.1,34.3,34.45,44531
2017-07-24,34.59,34.59,34.1,34.12,49578
2017-07-25,34.33,34.37,33.38,33.79,52702
2017-07-26,33.98,33.98,32.93,33.19,95745
2017-07-27,32.85,33.6,32.85,33.18,66238
2017-07-28,33.07,33.6,33.07,33.3,29594
2017-07-31,33.38,34.33,33.15,34.25,55761
2017-08-01,34.28,34.46,33.79,34.1,54699
2017-08-02,34.1,34.24,33.58,33.61,26870
2017-08-03,33.75,33.79,32.97,33.22,43307
2017-08-04,33.2,33.53,33.0,33.07,39277
2017-08-07,33.16,33.75,33.11,33.46,29857
2017-08-08,33.56,33.97,33.46,33.8,26517
2017-08-09,33.9,33.9,33.42,33.5,29638
2017-08-10,33.61,33.8,33.14,33.72,33176
2017-08-11,33.32,33.93,33.32,33.91,33183
2017-08-14,33.93,34.16,33.86,33.88,23394
2017-08-15,33.68,34.49,33.62,34.39,43713
2017-08-16,34.39,34.4,33.89,34.16,29155
2017-08-17,34.13,34.99,33.98,34.46,50039
2017-08-18,34.4,34.69,34.1,34.14,32344
2017-08-21,34.1,34.35,33.88,34.3,24317
2017-08-22,34.3,34.45,33.9,34.05,20138
2017-08-23,34.17,34.17,33.93,34.12,12814
2017-08-24,34.29,34.34,34.07,34.2,15812
2017-08-25,34.69,34.69,34.29,34.46,24201
2017-08-28,34.68,35.97,34.67,35.72,102377
2017-08-29,35.93,36.86,35.72,36.6,78856
2017-08-30,36.74,36.92,35.81,35.88,68276
2017-08-31,36.09,36.42,35.44,36.29,39968
2017-09-01,36.24,36.42,35.41,35.51,56662
2017-09-04,35.48,35.71,35.03,35.37,29395
2017-09-05,35.37,36.34,35.37,36.25,49699
2017-09-06,36.01,36.6,36.01,36.57,37823
2017-09-07,36.62,38.15,36.45,38.03,94367
2017-09-08,38.23,40.06,38.05,39.63,101072
2017-09-11,39.63,39.85,38.31,38.46,62018
2017-09-12,38.67,39.12,37.86,38.57,44703
2017-09-13,38.44,38.54,37.34,38.06,72196
2017-09-14,38.12,38.7,37.6,37.94,23314
2017-09-15,37.85,38.74,37.68,38.28,31633
2017-09-18,38.24,38.54,37.08,37.15,58436
2017-09-19,37.04,37.34,36.26,36.48,56464
2017-09-20,36.44,36.44,35.44,35.6,96780
2017-09-21,35.84,35.89,35.05,35.13,92052
2017-09-22,35.17,35.44,35.05,35.35,51540
2017-09-25,35.31,35.73,34.57,35.69,75016
2017-09-26,35.54,35.81,35.09,35.67,34266
2017-09-27,35.39,35.73,35.34,35.39,30337
2017-09-28,35.54,35.73,35.27,35.57,29654
2017-09-29,35.54,35.94,34.95,35.22,47383
2017-10-09,35.64,36.22,35.5,35.8,88023
2017-10-10,35.85,36.29,34.42,35.06,109140
2017-10-11,35.09,36.34,35.06,35.87,77863
2017-10-12,35.94,37.71,35.87,37.23,100515
2017-10-13,37.25,38.04,37.05,37.28,51471
2017-10-16,37.32,37.74,36.74,37.28,51169
2017-10-17,37.16,37.24,36.8,36.81,26184
2017-10-18,36.78,37.84,36.78,37.64,68909
2017-10-19,37.72,38.02,37.4,37.95,48500
2017-10-20,38.84,39.73,37.93,38.05,77129
2017-10-23,38.24,39.34,37.14,37.25,76413
2017-10-24,37.53,38.08,37.04,37.68,46714
2017-10-25,37.69,38.13,37.42,37.72,33363
2017-10-26,38.21,38.21,37.18,37.24,48167
2017-10-27,37.43,37.62,36.83,37.13,69586
2017-10-30,37.73,40.56,37.73,40.43,148658
2017-10-31,40.43,41.08,39.4,40.99,108065
2017-11-01,40.47,40.74,39.55,39.65,109397
2017-11-02,39.57,40.01,38.77,39.88,63975
2017-11-03,39.64,40.21,39.24,40.18,63778
2017-11-06,40.29,42.41,39.93,41.57,138386
2017-11-07,41.58,42.2,40.06,40.34,128696
2017-11-08,40.71,41.0,39.38,40.0,118852
2017-11-09,39.84,40.46,39.43,40.42,59959
2017-11-10,40.32,41.91,39.85,41.42,92954
2017-11-13,41.53,41.79,40.63,40.79,85513
2017-11-14,40.74,40.75,39.66,40.13,73944
2017-11-15,39.92,41.19,39.92,40.96,85642
2017-11-16,40.98,41.16,40.21,40.74,52973
2017-11-17,40.87,42.41,40.77,42.29,145920
2017-11-20,42.24,43.01,41.31,42.96,116147
2017-11-21,43.14,44.62,42.34,42.47,152507
2017-11-22,42.63,43.42,41.59,43.11,125646
2017-11-23,42.65,42.65,40.07,40.9,121524
2017-11-24,40.29,41.12,40.05,40.92,100771
2017-11-27,40.45,40.74,39.04,39.94,120564
2017-11-28,40.04,40.78,39.44,40.33,58323
2017-11-29,40.12,40.34,38.69,39.35,104353
2017-11-30,39.26,39.42,38.45,39.0,57129
2017-12-01,39.04,39.64,38.82,39.3,44949
2017-12-04,39.52,39.82,39.07,39.41,42141
2017-12-05,39.38,40.7,39.37,40.68,74975
2017-12-06,40.3,40.44,38.84,39.21,95997
2017-12-07,39.02,39.39,38.68,39.21,67274
2017-12-08,38.9,39.59,38.7,39.23,59553
2017-12-11,39.24,40.78,38.99,40.45,57437
2017-12-12,40.15,40.43,39.62,39.73,56814
2017-12-13,40.01,41.45,39.84,41.23,79151
2017-12-14,41.18,41.21,40.58,40.73,50596
2017-12-15,40.73,41.08,40.56,40.87,43288
2017-12-18,40.93,41.73,40.84,41.2,42185
2017-12-19,40.75,41.71,40.75,41.62,47462
2017-12-20,41.84,42.21,41.37,42.02,45542
2017-12-21,41.84,42.95,41.84,42.51,63936
2017-12-22,42.74,42.74,41.22,41.47,53823
2017-12-25,41.1,41.92,41.1,41.56,34693
2017-12-26,41.64,42.64,41.55,42.23,56441
2017-12-27,42.23,42.26,40.99,41.36,53223
2017-12-28,41.44,41.51,40.82,41.33,34989
2017-12-29,41.24,42.36,41.2,42.25,53410
2018-01-02,42.24,42.57,41.37,41.64,59718
2018-01-03,41.68,42.17,40.97,41.29,91974
2018-01-04,41.22,41.67,40.82,41.34,58966
2018-01-05,41.56,41.79,41.25,41.39,53117
2018-01-08,41.39,41.59,39.97,40.27,101479
2018-01-09,40.29,41.06,40.27,41.0,82117
2018-01-10,41.28,41.42,40.74,41.04,48186
2018-01-11,41.04,41.43,40.4,40.68,41599
2018-01-12,40.76,41.27,40.44,41.18,41700
2018-01-15,41.62,43.68,41.24,42.89,120641
2018-01-16,43.24,43.83,42.75,43.2,114277
2018-01-17,43.66,44.04,42.35,42.62,74810
2018-01-18,42.7,43.29,41.94,42.24,94096
2018-01-19,42.23,42.54,41.7,41.85,47011
2018-01-22,41.85,42.4,41.5,42.15,59135
2018-01-23,42.59,44.71,42.36,44.26,149605
2018-01-24,44.07,44.45,43.59,44.33,72126
2018-01-25,43.9,44.41,43.45,43.91,54752
2018-01-26,43.9,44.72,43.81,44.12,62449
2018-01-29,44.37,44.37,42.67,42.92,62637
2018-01-30,42.69,43.64,42.67,43.37,59065
2018-01-31,43.1,44.14,42.91,44.13,37963
2018-02-01,44.12,44.97,43.66,44.92,73398
2018-02-02,44.94,46.22,44.04,46.02,73693
2018-02-05,45.54,46.44,44.82,45.84,71137
2018-02-06,44.47,45.24,43.39,45.23,120190
2018-02-07,45.23,45.34,43.49,44.95,81815
2018-02-08,44.44,45.14,42.04,43.25,85654
2018-02-09,41.89,41.9,38.9,41.46,131658
2018-02-12,40.54,41.22,40.26,40.67,60677
2018-02-13,41.44,42.41,40.78,41.01,67029
2018-02-14,40.65,41.24,40.46,41.06,39788
2018-02-22,41.54,44.01,41.35,43.87,57564
2018-02-23,44.01,44.47,43.4,44.1,46546
2018-02-26,45.74,47.12,45.54,46.93,118712
2018-02-27,47.18,47.83,46.14,46.92,99702
2018-02-28,46.54,46.74,45.52,46.11,63200
2018-03-01,45.74,47.02,45.55,46.57,54349
2018-03-02,46.2,47.74,45.89,47.59,73294
2018-03-05,47.24,47.58,45.74,47.46,62503
2018-03-06,47.24,47.42,46.14,46.4,45923
2018-03-07,46.55,47.12,46.27,46.46,43794
2018-03-08,46.74,46.94,45.8,46.88,33286
2018-03-09,47.24,48.12,46.65,48.07,51696
2018-03-12,48.24,49.22,47.14,47.33,64017
2018-03-13,47.36,48.64,47.09,47.78,42195
2018-03-14,47.44,48.04,46.87,47.08,37622
2018-03-15,46.72,47.39,46.65,47.24,21776
2018-03-16,47.53,47.62,46.34,46.58,39650
2018-03-19,46.26,47.53,46.04,47.38,43211
2018-03-20,47.09,47.54,46.84,47.23,31527
2018-03-21,47.57,48.09,46.84,47.23,35880
2018-03-22,47.25,48.72,46.99,48.03,57331
2018-03-23,46.12,48.05,46.12,48.02,97618
2018-03-26,47.04,48.68,45.6,47.27,77000
2018-03-27,47.54,47.54,46.24,46.56,37900
2018-03-28,46.24,47.23,45.82,46.49,41086
2018-03-29,46.49,46.81,44.54,44.89,68947
2018-03-30,44.98,46.42,44.9,46.08,31941
2018-04-02,46.99,47.26,46.36,46.54,36313
2018-04-03,46.24,47.04,45.19,45.23,49438
2018-04-04,45.61,45.88,45.0,45.1,54743
2018-04-09,44.52,45.21,44.46,44.49,59352
2018-04-10,44.82,45.56,44.12,45.48,49693
2018-04-11,45.5,45.64,45.04,45.34,53673
2018-04-12,45.22,45.89,45.14,45.3,48302
2018-04-13,45.33,45.74,44.25,44.53,29027
2018-04-16,44.24,44.52,42.75,43.1,81707
2018-04-17,42.94,43.91,41.76,41.79,81303
2018-04-18,42.09,43.04,41.06,41.61,84683
2018-04-19,41.94,42.52,41.24,42.33,66493
2018-04-20,42.05,43.59,42.05,42.65,49559
2018-04-23,42.53,43.43,42.25,42.51,39872
2018-04-24,43.14,44.39,42.74,43.51,45930
2018-04-25,43.21,44.26,43.04,44.2,31131
2018-04-26,44.34,44.45,43.42,44.24,38688
2018-04-27,44.55,47.09,44.54,47.03,88934
2018-05-02,47.03,48.48,46.04,48.12,72189
2018-05-03,47.19,48.43,47.07,48.24,49244
2018-05-04,47.99,48.87,47.99,48.41,50879
2018-05-07,48.57,48.9,48.23,48.82,49954
2018-05-08,48.25,49.56,48.24,49.14,54458
2018-05-09,49.24,50.56,49.04,50.23,62972
2018-05-10,49.75,52.4,49.75,52.25,77207
2018-05-11,52.24,52.24,49.49,49.83,70401
2018-05-14,50.0,51.04,49.83,50.14,52081
2018-05-15,50.53,51.54,50.09,50.71,30837
2018-05-16,50.39,51.64,50.34,51.1,37951
2018-05-17,51.25,51.52,49.04,49.59,57254
2018-05-18,49.53,51.38,49.53,51.23,62255
2018-05-21,51.24,51.54,50.14,50.38,43226
2018-05-22,50.78,50.88,50.07,50.19,25779
2018-05-23,50.7,50.75,49.45,49.72,56734
2018-05-24,49.9,50.04,49.28,49.73,41237
2018-05-25,50.1,50.15,48.64,49.72,59003
2018-05-28,49.25,50.11,48.94,49.43,45790
2018-05-29,49.47,51.54,49.35,51.1,73513
2018-05-30,50.26,51.06,49.04,49.63,62489
2018-05-31,49.64,51.29,49.63,51.11,53337
2018-06-01,51.01,51.89,48.66,49.94,78137
2018-06-04,50.09,52.22,49.92,52.21,58331
2018-06-05,52.62,52.64,51.22,52.16,71515
2018-06-06,51.99,54.91,51.79,54.35,75346
2018-06-07,54.5,54.52,53.12,54.16,45173
2018-06-08,53.74,55.62,53.57,54.53,61486
2018-06-11,54.29,55.03,52.84,53.11,56722
2018-06-12,53.21,56.81,53.13,56.58,95609
2018-06-13,56.44,57.24,55.93,57.21,70299
2018-06-14,57.17,57.17,56.04,56.77,62686
2018-06-15,56.42,57.16,55.07,56.37,65676
2018-06-19,54.74,55.91,52.62,55.53,179403
2018-06-20,53.74,55.14,52.24,53.6,127785
2018-06-21,53.79,55.14,53.34,54.27,67523
2018-06-22,53.94,54.39,53.24,53.82,56101
2018-06-25,54.13,56.74,53.9,55.74,75527
2018-06-26,55.24,55.24,53.01,53.73,76015
2018-06-27,53.24,53.88,51.76,52.55,46527
2018-06-28,51.49,53.6,51.26,52.05,59118
2018-06-29,52.33,53.52,52.24,52.72,43152
2018-07-02,52.25,54.05,51.91,52.56,40083
2018-07-03,51.86,52.57,48.94,50.36,109464
2018-07-04,51.14,54.44,50.77,53.84,101080
2018-07-05,54.34,55.17,53.15,54.62,78532
2018-07-06,54.62,54.79,52.07,53.13,47345
2018-07-09,54.04,54.42,53.32,54.28,42020
2018-07-10,54.29,57.44,54.29,57.42,79317
2018-07-11,57.07,57.44,55.34,57.19,67238
2018-07-12,56.69,58.16,56.15,57.29,70370
2018-07-13,57.01,60.04,57.01,58.97,70738
2018-07-16,59.24,61.54,59.24,59.77,76005
2018-07-17,59.94,59.94,58.4,59.52,48519
2018-07-18,59.52,61.04,58.99,60.0,48778
2018-07-19,60.24,60.43,57.51,58.46,61372
2018-07-20,58.46,59.93,58.46,59.07,57637
2018-07-23,59.24,62.02,58.46,59.07,86781
2018-07-24,59.54,60.54,58.07,58.66,118066
2018-07-25,58.86,60.12,58.24,59.93,85533
2018-07-26,59.94,61.09,59.26,59.7,88649
2018-07-27,59.35,59.58,57.54,58.94,75680
2018-07-30,58.92,59.21,57.34,57.64,73236
2018-07-31,57.95,58.6,57.21,57.51,100950
2018-08-01,58.38,59.9,58.15,58.93,102254
2018-08-02,58.27,59.53,58.04,59.32,53987
2018-08-03,59.34,59.9,56.74,56.92,72415
2018-08-06,55.34,55.79,51.16,52.19,158777
2018-08-07,51.08,53.36,50.84,53.25,104782
2018-08-08,53.02,55.91,52.24,54.82,82704
2018-08-09,54.25,56.2,54.25,55.45,61680
2018-08-10,55.45,56.18,55.03,56.04,30140
2018-08-13,55.32,57.7,55.31,57.47,45381
2018-08-14,57.43,57.87,54.75,55.32,60705
2018-08-15,54.84,56.42,54.27,55.27,40431
2018-08-16,55.01,55.5,53.81,53.82,70538
2018-08-17,54.14,55.34,53.31,53.91,52051
2018-08-20,53.27,53.76,50.34,51.83,99460
2018-08-21,51.74,55.94,51.54,55.79,78496
2018-08-22,55.82,56.0,54.75,55.65,34553
2018-08-23,55.79,56.03,53.97,54.61,52466
2018-08-24,54.09,55.81,54.04,54.88,28044
2018-08-27,54.27,55.29,52.42,55.29,117891
2018-08-28,54.62,54.7,53.03,53.65,106585
2018-08-29,53.12,53.52,52.41,52.53,50889
2018-08-30,52.02,53.17,52.02,52.65,37688
2018-08-31,52.58,53.03,51.81,52.7,44433
2018-09-03,51.67,52.32,51.67,52.12,34264
2018-09-04,52.4,52.4,51.47,52.12,38698
2018-09-05,52.12,52.78,51.72,51.72,46284
2018-09-06,51.61,51.92,50.83,50.92,26320
2018-09-07,50.92,52.0,50.62,50.89,34886
2018-09-10,50.92,51.65,50.7,50.85,34180
2018-09-11,50.82,52.42,50.82,52.35,36002
2018-09-12,52.22,52.5,51.42,51.92,22578
2018-09-13,52.02,52.62,50.42,51.25,31010
2018-09-14,51.27,52.11,51.02,51.87,31886
2018-09-17,51.6,51.9,50.17,50.69,28794
2018-09-18,50.38,51.02,48.62,50.82,53155
2018-09-19,50.42,53.54,49.9,52.63,82201
2018-09-20,52.54,53.01,51.87,52.31,42306
2018-09-21,52.46,54.7,52.46,54.42,59920
2018-09-25,53.85,55.2,53.7,54.45,35667
2018-09-26,54.22,56.44,54.14,55.88,66887
2018-09-27,55.95,56.39,55.52,56.11,57334
2018-09-28,56.1,56.72,55.32,56.59,36534
2018-10-08,53.82,55.19,51.73,53.52,111389
2018-10-09,52.82,53.26,51.36,51.65,66788
2018-10-10,51.82,52.37,50.12,52.29,49229
2018-10-11,50.32,51.29,48.97,50.72,71146
2018-10-12,50.72,52.72,50.02,52.43,68407
2018-10-15,52.43,52.98,51.66,51.87,41257
2018-10-16,51.89,52.79,50.82,51.22,34300
2018-10-17,51.71,52.33,50.32,50.5,49139
2018-10-18,50.51,51.17,46.45,47.97,86789
2018-10-19,47.02,50.68,47.02,50.6,93431
2018-10-22,50.81,55.14,50.81,53.62,91575
2018-10-23,53.14,54.1,51.32,52.62,56791
2018-10-24,52.02,52.61,49.59,49.72,73659
2018-10-25,47.82,48.69,47.08,48.56,84981
2018-10-26,48.52,48.95,45.11,46.42,116416
2018-10-29,45.82,45.94,41.56,41.56,133850
2018-10-30,41.82,45.83,41.62,45.62,129281
2018-10-31,45.63,47.81,45.48,47.37,88393
2018-11-01,48.16,49.8,47.34,47.99,82649
2018-11-02,49.6,52.02,49.42,52.02,157344
2018-11-05,52.17,52.17,49.77,50.02,101133
2018-11-06,49.82,50.42,49.68,49.97,38824
2018-11-07,49.92,49.96,48.33,49.02,53075
2018-11-08,49.72,49.82,47.7,48.08,52680
2018-11-09,47.82,48.8,47.02,47.46,52014
2018-11-12,47.4,47.82,46.37,47.39,47726
2018-11-13,46.82,48.07,46.38,47.73,56763
2018-11-14,48.32,48.65,47.31,47.82,56563
2018-11-15,48.0,48.33,47.14,48.22,41965
2018-11-16,48.32,49.47,47.87,49.42,65441
2018-11-19,49.4,49.82,48.57,48.85,52163
2018-11-20,48.4,48.92,47.62,47.86,29197
2018-11-21,47.52,48.05,47.05,47.86,20249
2018-11-22,47.54,47.57,47.07,47.21,24854
2018-11-23,46.82,47.59,46.75,46.82,29117
2018-11-26,47.21,47.34,46.55,47.03,21183
2018-11-27,47.13,47.17,45.71,45.8,33238
2018-11-28,45.73,47.29,45.18,47.27,33187
2018-11-29,47.35,48.04,45.74,46.25,36416
2018-11-30,46.12,48.4,45.88,47.92,59590
2018-12-03,49.32,50.07,48.49,49.08,78484
2018-12-04,48.82,49.97,48.52,49.9,36229
2018-12-05,49.31,49.82,49.12,49.47,22141
2018-12-06,49.33,49.62,47.92,48.32,30893
2018-12-07,48.32,48.82,46.93,47.75,33792
2018-12-10,47.1,48.29,47.1,47.43,21470
2018-12-11,47.62,48.15,47.0,47.6,33096
2018-12-12,48.03,48.08,47.41,47.52,16805
2018-12-13,47.71,49.84,47.7,49.62,49242
2018-12-14,49.45,49.76,48.82,49.05,35589
2018-12-17,49.07,49.39,46.94,47.83,45065
2018-12-18,47.58,48.33,47.47,48.31,38450
2018-12-19,48.36,48.38,47.59,47.67,33048
2018-12-20,47.43,48.02,46.72,47.87,35208
2018-12-21,47.42,48.2,47.12,47.26,33815
2018-12-24,47.26,48.26,47.03,48.1,19717
2018-12-25,48.05,48.05,47.4,47.87,15707
2018-12-26,48.19,49.12,47.82,48.64,22689
2018-12-27,49.17,49.48,48.42,49.35,22852
2018-12-28,49.32,49.32,47.23,48.58,66800
2019-01-02,48.42,48.54,47.54,48.2,40052
2019-01-03,48.2,48.2,47.1,47.52,42483
2019-01-04,47.22,47.97,46.99,47.64,30536
2019-01-07,47.79,48.21,47.4,47.6,30552
2019-01-08,47.6,47.93,47.43,47.66,16281
2019-01-09,47.52,49.14,47.52,48.51,36892
2019-01-10,48.5,48.5,47.58,47.62,31960
2019-01-11,47.6,47.62,45.9,46.92,77639
2019-01-14,46.86,46.86,45.52,45.7,63943
2019-01-15,45.6,46.45,45.21,46.19,86669
2019-01-16,46.2,46.29,45.21,45.3,58396
2019-01-17,45.3,45.87,45.16,45.47,44306
2019-01-18,45.54,48.18,45.11,47.81,109018
2019-01-21,47.32,48.59,47.08,48.37,101155
2019-01-22,47.92,48.17,45.92,46.32,77254
2019-01-23,46.02,46.52,45.22,45.67,59295
2019-01-24,45.57,45.57,44.02,45.15,144136
2019-01-25,44.92,46.32,44.72,45.96,70429
2019-01-28,45.97,47.14,45.82,46.7,62259
2019-01-29,46.3,47.28,45.85,47.02,52577
2019-01-30,46.72,47.19,45.71,46.93,57014
2019-01-31,46.62,47.42,46.57,47.12,56615
2019-02-01,47.32,47.45,46.66,47.37,47546
2019-02-11,46.82,48.07,46.82,48.07,70479
2019-02-12,47.97,48.54,47.64,48.45,56082
2019-02-13,48.42,50.87,48.32,50.52,88593
2019-02-14,51.12,51.65,50.51,51.01,73135
2019-02-15,51.04,51.81,49.58,49.82,77840
2019-02-18,50.5,51.6,50.5,51.04,89595
2019-02-19,51.3,53.58,51.04,52.32,86883
2019-02-20,52.82,54.44,52.82,54.13,73281
2019-02-21,54.34,55.99,53.1,54.62,54995
2019-02-22,54.32,56.81,54.3,56.79,61342
2019-02-25,59.73,59.81,54.85,57.27,149947
2019-02-26,56.62,56.62,54.71,54.75,112571
2019-02-27,54.37,54.99,53.36,53.7,113794
2019-02-28,53.84,55.08,53.84,55.08,75442
2019-03-01,55.12,57.32,54.85,57.32,107499
2019-03-04,57.4,57.82,56.02,56.71,136625
2019-03-05,56.27,56.76,55.16,55.68,99427
2019-03-06,55.61,55.61,54.48,54.93,118646
2019-03-07,54.73,54.81,53.85,54.24,90846
2019-03-08,53.78,54.88,53.67,54.01,90158
2019-03-11,54.0,55.32,53.99,54.97,73359
2019-03-12,55.62,55.62,54.32,54.69,99242
2019-03-13,53.82,54.72,53.82,54.16,55808
2019-03-14,53.92,55.43,53.92,55.08,73774
2019-03-15,55.08,56.38,54.68,55.6,98728
2019-03-18,55.68,56.42,54.96,56.33,72821
2019-03-19,56.53,57.51,56.32,56.72,64856
2019-03-20,56.83,56.83,55.62,55.85,47897
2019-03-21,56.32,56.32,55.62,55.87,43502
2019-03-22,55.88,58.62,55.67,57.77,108478
2019-03-25,56.87,56.87,54.62,54.87,101302
2019-03-26,54.9,55.8,54.32,54.88,55142
2019-03-27,55.7,56.37,54.94,55.88,50499
2019-03-28,56.02,57.75,55.43,57.44,63494
2019-03-29,57.22,60.21,57.01,59.97,108581
2019-04-01,59.82,62.12,59.02,59.53,107646
2019-04-02,59.62,60.22,59.18,59.89,57159
2019-04-03,59.59,60.29,58.82,59.99,53432
2019-04-04,63.32,64.18,59.62,60.39,136753
2019-04-08,59.02,59.82,57.82,58.88,105772
2019-04-09,58.62,59.55,58.32,59.32,55801
2019-04-10,58.83,61.42,58.83,60.7,85179
2019-04-11,60.62,61.32,59.02,59.26,59114
2019-04-12,58.82,59.72,58.27,58.59,47481
2019-04-15,59.22,60.5,58.88,58.97,60949
2019-04-16,58.42,60.32,58.35,60.32,59947
2019-04-17,60.37,61.22,59.92,60.82,49942
2019-04-18,61.04,62.32,60.33,61.9,57553
2019-04-19,61.9,65.12,61.3,64.38,97106
2019-04-22,64.48,66.17,63.92,64.32,61960
2019-04-23,64.57,67.67,63.82,67.05,94359
2019-04-24,66.77,67.1,64.02,65.72,101739
2019-04-25,64.92,67.02,64.76,66.27,77679
2019-04-26,65.22,66.29,63.87,63.9,101300
2019-04-29,66.81,69.48,65.37,68.32,135896
2019-04-30,67.82,68.82,67.33,68.45,68102
2019-05-06,66.12,67.23,63.47,64.72,111789
2019-05-07,65.33,69.2,65.33,69.2,106032
2019-05-08,67.82,67.82,66.42,66.79,95546
2019-05-09,65.72,66.69,63.62,65.36,92172
2019-05-10,66.46,70.68,64.92,70.42,81919
2019-05-13,68.24,70.65,67.12,68.28,78568
2019-05-14,66.47,68.26,66.17,66.32,87670
2019-05-15,66.92,69.24,66.82,68.38,81974
2019-05-16,68.17,72.68,67.52,71.34,106327
2019-05-17,70.82,71.15,68.82,69.08,129202
2019-05-20,68.63,68.92,66.33,66.88,122450
2019-05-21,67.12,68.37,66.9,67.35,78059
2019-05-22,67.32,68.59,66.52,67.83,70089
2019-05-23,67.33,68.17,66.43,66.72,56650
2019-05-24,66.44,67.42,65.64,65.85,79991
2019-05-27,65.79,66.58,64.38,65.92,86554
2019-05-28,66.1,68.5,65.82,67.92,98271
2019-05-29,67.02,67.62,65.98,66.68,66587
2019-05-30,66.12,67.6,65.82,67.38,58813
2019-05-31,67.82,67.9,66.82,66.96,46404
2019-06-03,67.52,69.12,67.38,67.47,74855
2019-06-04,67.58,68.47,66.46,67.83,56981
2019-06-05,68.43,68.72,67.3,67.32,48494
2019-06-06,67.54,68.77,67.05,67.62,61039
2019-06-10,68.02,72.04,67.8,71.42,96000
2019-06-11,71.69,75.1,70.84,73.54,88277
2019-06-12,73.2,73.77,71.77,71.95,67124
2019-06-13,71.81,72.3,70.47,71.75,59698
2019-06-14,71.75,73.21,70.72,70.98,63887
2019-06-17,71.25,72.93,71.25,72.66,58310
2019-06-18,72.56,74.28,72.02,73.19,64677
2019-06-19,74.38,74.82,73.39,74.37,68202
2019-06-20,74.4,77.93,73.85,76.62,101196
2019-06-21,76.42,77.22,75.52,76.06,80912
2019-06-24,75.74,77.2,75.35,76.96,79805
2019-06-25,76.7,76.71,75.38,76.31,73632
2019-06-26,76.22,77.4,75.65,77.02,65195
2019-06-27,76.82,79.16,76.27,79.09,77357
2019-06-28,79.01,81.62,78.44,81.6,60043
2019-07-01,82.08,85.8,82.08,84.32,92744
2019-07-02,84.3,84.32,81.93,82.25,126349
2019-07-03,82.08,82.42,80.34,80.68,91289
2019-07-04,80.4,80.4,77.02,77.57,238691
2019-07-05,77.82,79.92,77.27,79.22,156495
2019-07-08,78.55,78.82,76.82,77.61,96829
2019-07-09,77.44,78.93,77.34,78.21,83121
2019-07-10,78.37,79.72,77.92,79.22,80796
2019-07-11,79.6,79.77,77.88,78.0,60595
2019-07-12,78.26,80.02,78.26,79.75,70062
2019-07-15,79.34,79.42,78.32,78.82,60847
2019-07-16,78.67,79.0,76.72,77.42,121103
2019-07-17,77.41,78.8,76.82,78.35,76250
2019-07-18,78.36,79.79,78.02,78.83,60129
2019-07-19,79.61,80.64,79.12,79.33,54819
2019-07-22,79.46,80.37,78.32,79.88,54146
2019-07-23,79.82,80.77,78.88,79.8,67590
2019-07-24,79.7,80.28,79.14,79.51,53889
2019-07-25,79.32,81.9,79.1,81.82,76704
2019-07-26,81.92,83.38,81.33,82.87,60929
2019-07-29,82.87,83.5,82.23,82.8,45810
2019-07-30,82.8,83.3,81.9,82.08,62313
2019-07-31,81.66,82.02,80.17,80.6,76637
2019-08-01,80.6,81.28,79.42,79.83,72584
2019-08-02,78.52,80.3,78.14,79.72,56008
2019-08-05,79.27,80.1,77.12,77.18,94279
2019-08-06,75.0,77.52,74.18,76.77,122267
2019-08-07,77.47,78.42,76.83,76.83,60246
2019-08-08,77.21,79.7,77.21,78.57,82327
2019-08-09,79.29,79.41,77.72,77.97,48763
2019-08-12,77.82,79.2,77.82,79.19,50066
2019-08-13,78.82,79.32,78.2,78.6,50144
2019-08-14,79.19,80.09,79.0,79.32,59259
2019-08-15,78.01,80.31,77.37,79.89,55287
2019-08-16,80.22,83.08,80.14,82.66,89638
2019-08-19,83.33,84.09,81.53,82.68,78178
2019-08-20,83.67,83.82,81.32,81.78,60114
2019-08-21,81.82,82.83,80.73,82.82,51278
2019-08-22,82.92,85.16,82.16,84.23,65069
2019-08-23,84.29,86.28,84.08,85.67,64393
2019-08-26,84.56,85.92,84.17,85.32,50903
2019-08-27,86.16,87.38,85.98,85.98,66933
2019-08-28,85.94,85.94,82.96,84.09,114330
2019-08-29,83.9,84.08,82.38,83.04,77720
2019-08-30,83.48,84.15,82.21,82.53,99442
2019-09-02,82.88,83.8,82.48,83.74,74074
2019-09-03,83.38,83.79,81.83,82.46,106290
2019-09-04,82.33,82.61,81.48,82.43,78772
2019-09-05,83.38,84.7,82.69,82.88,128649
2019-09-06,83.36,84.48,82.98,84.48,82062
2019-09-09,84.98,85.29,83.1,83.5,103613
2019-09-10,83.23,83.23,82.5,82.88,49397
2019-09-11,82.99,83.08,80.48,80.68,144637
2019-09-12,80.48,81.87,80.48,81.64,61910
2019-09-16,82.09,82.09,81.01,81.28,60308
2019-09-17,81.18,81.75,79.78,80.52,81088
2019-09-18,80.58,81.74,80.58,81.25,110676
2019-09-19,81.8,81.9,80.03,80.4,102209
2019-09-20,80.68,81.63,79.74,79.74,154840
2019-09-23,79.98,80.05,77.76,79.13,105316
2019-09-24,79.18,79.18,78.16,78.37,103083
2019-09-25,78.48,80.31,78.06,79.16,132965
2019-09-26,79.88,80.16,78.66,78.83,67508
2019-09-27,78.83,79.28,77.46,78.41,60664
2019-09-30,78.48,79.43,77.58,78.26,60311
2019-10-08,78.09,78.09,75.66,76.26,165975
2019-10-09,76.47,77.23,75.49,76.61,123352
2019-10-10,77.36,79.28,76.95,78.96,133521
2019-10-11,79.02,79.73,78.6,78.74,87563
2019-10-14,79.47,79.87,77.44,77.71,153113
2019-10-15,77.38,77.58,75.38,76.76,113940
2019-10-16,76.48,77.28,76.2,76.73,89359
2019-10-17,77.28,79.33,76.78,78.91,165985
2019-10-18,78.69,79.43,77.51,77.79,142133
2019-10-21,77.48,77.68,75.58,76.12,118882
2019-10-22,76.44,76.46,75.28,75.62,79852
2019-10-23,75.62,76.0,74.93,75.48,84632
2019-10-24,75.46,75.52,73.18,73.39,144803
2019-10-25,73.69,74.4,72.46,74.16,114367
2019-10-28,74.18,74.83,73.3,73.93,99221
2019-10-29,73.93,73.98,70.98,71.91,175375
2019-10-30,73.15,76.45,72.93,76.16,229106
2019-10-31,75.68,75.97,74.37,74.73,99020
2019-11-01,74.72,75.37,73.34,74.74,127327
2019-11-04,75.08,76.97,73.78,76.17,141313
2019-11-05,76.66,77.68,76.18,77.26,109616
2019-11-06,77.75,77.82,76.49,77.03,59127
2019-11-07,76.94,77.2,76.4,76.67,61877
2019-11-08,77.14,77.38,76.08,76.35,66632
2019-11-11,76.15,76.89,75.65,76.28,65302
2019-11-12,76.44,76.84,74.36,75.94,70364
2019-11-13,76.04,76.08,74.49,74.91,74113
2019-11-14,75.25,75.47,73.85,74.41,65712
2019-11-15,74.41,75.05,73.53,73.88,50005
2019-11-18,74.08,74.88,73.29,74.48,52692
2019-11-19,74.38,74.86,74.05,74.58,61308
2019-11-20,74.58,75.63,74.58,74.85,56816
2019-11-21,74.72,75.37,73.86,74.48,44468
2019-11-22,74.64,74.78,72.48,73.25,77843
2019-11-25,72.78,73.93,71.99,73.51,61606
2019-11-26,74.12,75.08,73.5,74.78,85925
2019-11-27,74.79,75.33,74.21,74.42,60080
2019-11-28,74.43,75.97,74.43,74.86,52961
2019-11-29,74.87,75.35,72.56,73.61,74301
2019-12-02,73.1,74.67,73.1,74.38,64024
2019-12-03,74.38,74.38,73.38,73.94,42606
2019-12-04,73.38,73.88,72.93,73.65,40401
2019-12-05,74.13,75.71,73.5,75.13,85090
2019-12-06,75.47,76.9,75.13,76.23,97376
2019-12-09,76.3,76.79,75.79,75.94,58659
2019-12-10,75.73,77.48,75.48,77.18,73078
2019-12-11,77.03,77.45,76.13,76.91,52782
2019-12-12,76.91,77.18,76.2,76.7,61667
2019-12-13,77.38,78.98,77.38,77.51,141386
2019-12-16,78.43,79.28,76.36,77.07,105399
2019-12-17,77.48,77.86,76.61,77.28,61012
2019-12-18,77.28,77.74,76.18,76.91,69239
2019-12-19,76.98,77.07,76.13,76.78,56458
2019-12-20,76.78,77.99,76.58,77.59,61465
2019-12-23,77.48,78.31,76.42,76.83,59086
2019-12-24,76.6,76.68,75.53,76.28,40617
2019-12-25,76.16,76.93,75.89,76.05,31341
2019-12-26,76.03,76.57,75.95,76.32,33693
2019-12-27,76.07,76.73,75.58,75.74,63089
2019-12-30,75.78,76.56,74.5,76.34,75691
2019-12-31,76.35,77.39,75.78,77.23,71094
2020-01-02,77.26,77.39,75.58,75.84,158266
2020-01-03,75.98,76.13,75.42,75.78,91716
2020-01-06,75.38,75.38,73.52,74.08,174588
2020-01-07,73.88,73.88,73.3,73.73,143461
2020-01-08,73.48,74.07,73.11,73.54,92660
2020-01-09,74.07,74.54,73.85,74.04,110181
2020-01-10,74.04,74.47,73.28,74.4,133487
2020-01-13,74.47,74.83,74.12,74.43,88236
2020-01-14,74.49,74.76,72.94,73.04,167355
2020-01-15,73.05,73.05,71.7,71.98,175186
2020-01-16,72.16,72.47,71.75,71.97,76266
2020-01-17,72.27,72.46,71.5,71.74,110841
2020-01-20,71.36,71.68,69.73,70.43,257889
2020-01-21,69.5,69.58,68.17,68.88,245966
2020-01-22,68.2,70.08,68.18,69.44,188290
2020-01-23,68.57,68.81,66.97,67.46,217067
2020-02-03,60.56,63.96,60.56,62.28,520899
2020-02-04,63.48,67.77,63.14,66.68,359596
2020-02-05,67.28,69.65,66.87,68.78,235304
2020-02-06,69.6,70.18,68.88,70.1,182496
2020-02-07,69.63,70.47,69.16,70.19,120115
2020-02-10,69.48,69.68,67.68,69.2,128646
2020-02-11,69.39,70.91,69.33,70.7,100870
2020-02-12,70.48,71.97,70.14,70.86,131361
2020-02-13,71.18,72.33,70.2,70.88,136725
2020-02-14,70.56,70.86,69.99,70.48,91715
2020-02-17,70.61,70.64,69.03,70.05,167497
2020-02-18,69.88,70.6,69.13,69.46,129173
2020-02-19,69.63,70.96,69.07,70.56,115360
2020-02-20,70.53,72.7,70.48,72.28,166076
2020-02-21,72.41,72.45,70.78,71.17,128575
2020-02-24,69.48,69.66,67.38,68.36,296658
2020-02-25,66.65,67.49,66.35,67.08,205229
2020-02-26,66.36,66.8,65.48,66.05,170746
2020-02-27,66.48,67.36,65.76,66.08,185122
2020-02-28,62.8,66.07,62.8,64.19,224048
2020-03-02,64.38,68.09,64.38,67.28,196040
2020-03-03,68.04,69.02,66.81,67.18,145939
2020-03-04,67.48,70.63,66.94,70.17,221932
2020-03-05,69.5,72.16,69.46,71.48,188802
2020-03-06,70.48,71.61,70.28,70.28,120880
2020-03-09,68.63,70.18,67.28,68.89,171067
2020-03-10,68.72,70.19,67.94,69.48,106749
2020-03-11,69.88,70.0,68.49,68.57,72331
2020-03-12,67.78,68.77,66.66,68.12,123504
2020-03-13,65.18,67.76,65.14,67.4,176628
2020-03-16,66.78,67.33,64.29,64.68,193203
2020-03-17,63.49,64.98,61.88,62.48,204611
2020-03-18,62.48,64.47,61.6,61.78,164503
2020-03-19,61.28,62.08,58.18,59.48,213001
2020-03-20,60.36,61.33,58.98,61.33,178267
2020-03-23,59.47,59.47,56.48,57.79,240569
2020-03-24,59.28,61.33,58.49,60.65,155658
2020-03-25,62.44,63.49,62.06,63.2,125625
2020-03-26,62.48,63.65,62.08,62.48,105811
2020-03-27,62.45,62.97,59.99,60.57,188742
2020-03-30,58.93,59.18,57.49,58.17,149188
2020-03-31,59.28,59.98,58.48,59.29,104919
2020-04-01,59.83,61.94,59.29,60.14,124724
2020-04-02,60.28,61.41,59.48,61.02,98520
2020-04-03,61.08,62.44,61.08,61.88,92480
2020-04-07,62.41,63.29,61.49,61.69,129918
2020-04-08,61.43,62.96,61.2,62.42,86628
2020-04-09,62.67,64.58,62.67,64.07,104110
2020-04-10,64.0,65.38,63.19,64.06,80643
2020-04-13,63.43,63.98,62.56,63.38,55921
2020-04-14,63.8,64.64,63.19,64.58,74464
2020-04-15,64.72,64.86,63.26,64.03,107364
2020-04-16,63.61,63.87,63.08,63.7,64632
2020-04-17,64.97,66.6,64.72,66.2,188001
2020-04-20,66.21,66.51,65.58,66.44,86214
2020-04-21,66.03,66.26,64.19,65.18,80659
2020-04-22,64.76,65.76,63.48,65.76,84204
2020-04-23,65.68,70.28,65.68,69.46,197455
2020-04-24,69.46,69.74,68.48,68.98,82753
2020-04-27,69.48,69.67,66.6,66.87,131005
2020-04-28,66.98,68.98,66.72,68.98,116218
2020-04-29,68.48,69.08,67.16,67.34,78566
2020-04-30,68.53,70.42,68.53,69.18,128350
2020-05-06,68.21,69.07,66.39,68.69,184722
2020-05-07,68.36,68.47,66.56,66.88,123504
2020-05-08,67.08,67.77,66.62,67.48,101312
2020-05-11,67.38,68.1,66.69,67.08,99094
2020-05-12,67.03,67.56,66.23,66.38,78038
2020-05-13,66.38,67.43,65.86,67.39,72340
2020-05-14,66.69,67.36,65.5,65.57,86038
2020-05-15,65.57,65.58,63.96,64.08,132191
2020-05-18,64.07,66.0,63.84,65.71,91244
2020-05-19,66.58,68.67,66.58,67.66,126803
2020-05-20,67.49,68.39,66.08,66.18,89786
2020-05-21,66.75,67.22,65.34,65.86,72365
2020-05-22,65.85,65.85,63.49,63.98,112436
2020-05-25,63.98,64.98,63.22,64.93,62166
2020-05-26,65.08,67.5,64.97,67.44,99301
2020-05-27,67.98,68.36,66.7,66.86,69531
2020-05-28,67.3,68.28,66.2,66.98,73546
2020-05-29,67.26,70.88,66.94,70.87,188283
2020-06-01,70.77,74.35,70.77,73.02,196966
2020-06-02,72.93,73.48,71.19,72.58,116981
2020-06-03,72.47,73.01,71.48,72.11,78929
2020-06-04,71.68,71.85,69.78,70.61,135605
2020-06-05,70.92,73.58,70.72,72.76,144155
2020-06-08,74.14,74.36,71.94,72.78,134993
2020-06-09,73.04,74.98,72.98,74.41,128484
2020-06-10,74.5,75.7,73.82,74.19,105675
2020-06-11,74.1,74.48,73.04,74.36,95636
2020-06-12,72.69,73.48,71.13,73.48,149348
2020-06-15,71.79,72.07,69.51,69.69,229958
2020-06-16,70.3,71.04,70.19,70.66,86223
2020-06-17,69.99,70.03,68.48,69.28,140478
2020-06-18,69.25,69.91,68.64,68.95,97304
2020-06-19,69.08,70.35,69.08,70.0,104788
2020-06-22,69.68,70.0,68.75,69.51,102387
2020-06-23,69.21,69.68,68.83,69.24,109954
2020-06-24,69.48,69.87,69.16,69.34,83176
2020-06-29,68.64,69.21,67.47,68.96,160457
2020-06-30,69.28,70.59,69.18,70.55,115150
2020-07-01,70.55,71.46,69.79,71.45,125161
2020-07-02,70.96,74.39,70.96,74.38,178166
2020-07-03,74.18,74.18,72.88,73.78,136575
2020-07-06,73.72,76.48,73.0,75.61,193884
2020-07-07,76.43,77.33,74.28,74.39,217270
2020-07-08,73.89,74.43,72.87,73.4,209142
2020-07-09,73.4,75.12,73.0,74.3,177557
2020-07-10,74.26,75.44,73.3,74.03,134757
2020-07-13,73.43,74.03,72.08,72.38,314818
2020-07-14,72.28,72.88,70.72,70.87,212172
2020-07-15,72.48,73.34,71.06,71.28,255850
2020-07-16,71.34,72.45,68.26,68.26,262778
2020-07-17,68.88,69.98,68.27,69.98,187684
2020-07-20,69.98,71.54,68.93,71.27,172061
2020-07-21,71.85,71.92,70.69,71.47,108635
2020-07-22,71.98,72.35,70.24,70.48,210527
2020-07-23,70.48,70.88,68.46,69.65,188412
2020-07-24,69.58,69.98,66.48,66.85,193413
2020-07-27,66.85,67.47,65.16,65.66,127299
2020-07-28,66.41,66.7,65.26,65.98,125124
2020-07-29,65.78,68.17,64.98,68.01,139390
2020-07-30,67.89,67.93,66.76,66.82,81815
2020-07-31,66.82,68.08,65.8,66.41,137482
2020-08-03,66.82,67.06,66.18,66.78,144345
2020-08-04,67.09,68.06,66.68,67.75,120699
2020-08-05,67.28,67.33,65.96,66.11,171736
2020-08-06,66.13,66.31,65.37,65.68,93629
2020-08-07,65.73,66.56,65.29,66.26,109259
2020-08-10,65.88,67.13,65.38,66.94,117600
2020-08-11,67.36,69.78,67.36,68.71,227406
2020-08-12,69.48,71.48,69.17,71.01,298913
2020-08-13,71.73,72.73,70.53,71.36,179388
2020-08-14,71.36,73.64,70.89,73.63,230306
2020-08-17,73.58,74.22,72.08,72.86,199516
2020-08-18,72.85,77.14,71.74,76.08,292663
2020-08-19,75.92,79.58,74.8,77.0,314815
2020-08-20,76.22,77.27,73.79,75.28,193363
2020-08-21,75.28,78.59,74.28,76.96,143493
2020-08-24,77.68,79.57,76.92,77.47,130188
2020-08-25,77.47,78.77,76.47,77.47,115140
2020-08-26,77.46,80.94,77.28,79.45,197387
2020-08-27,79.32,80.12,77.86,78.41,105002
2020-08-28,79.16,80.26,77.38,78.72,115084
2020-08-31,78.83,79.11,75.28,75.67,262409
2020-09-01,75.28,75.91,74.35,75.08,129027
2020-09-02,75.41,76.21,74.05,74.68,103691
2020-09-03,75.27,77.7,74.8,75.18,174277
2020-09-04,74.6,77.32,73.89,76.97,166107
2020-09-07,76.28,76.47,74.47,74.77,139843
2020-09-08,75.11,76.47,74.77,76.11,113120
2020-09-09,75.28,76.07,73.27,73.46,114091
2020-09-10,74.02,74.62,72.78,72.97,102550
2020-09-11,73.14,73.17,70.84,72.47,133579
2020-09-14,73.13,74.79,72.87,73.57,120807
2020-09-15,73.27,74.45,72.78,73.85,108946
2020-09-16,73.62,74.77,73.22,73.45,105848
2020-09-17,73.45,74.15,72.61,73.96,90838
2020-09-18,73.96,74.37,72.14,74.14,126838
2020-09-21,73.78,74.2,72.6,72.97,72996
2020-09-22,72.17,72.17,68.17,68.47,320026
2020-09-23,68.63,69.03,68.15,68.31,110916
2020-09-24,68.57,68.95,67.68,68.07,96024
2020-09-25,68.27,68.67,67.65,68.19,65410
2020-09-28,68.78,68.93,67.52,67.67,69601
2020-09-29,68.0,68.57,67.79,68.46,54552
2020-09-30,68.45,69.03,67.82,68.05,58876
2020-10-09,69.02,69.2,68.3,68.69,75457
2020-10-12,68.65,69.71,68.35,69.39,131314
2020-10-13,69.53,69.97,68.98,69.24,94939
2020-10-14,69.26,70.01,68.16,69.92,125574
2020-10-15,69.62,69.73,68.78,68.87,71394
2020-10-16,68.7,69.31,68.49,68.75,67164
2020-10-19,69.0,69.45,68.07,68.18,73250
2020-10-20,68.17,68.86,67.85,68.83,44689
2020-10-21,68.67,69.16,68.26,69.05,53498
2020-10-22,68.93,68.93,66.77,67.15,152283
2020-10-23,66.94,67.27,66.28,66.45,84438
2020-10-26,66.11,66.77,65.27,66.57,59344
2020-10-27,66.11,66.46,65.45,65.79,88071
2020-10-28,65.6,66.71,65.28,66.47,73591
2020-10-29,65.42,65.93,65.1,65.42,105443
2020-10-30,65.28,66.57,65.27,65.37,102259
2020-11-02,65.07,65.1,60.77,62.42,271515
2020-11-03,62.43,63.7,61.93,63.52,110123
2020-11-04,63.45,64.04,62.97,63.65,72217
2020-11-05,64.07,66.36,64.05,66.31,162484
2020-11-06,66.27,66.6,65.28,66.23,107974
2020-11-09,67.14,69.64,67.14,69.48,219392
2020-11-10,76.48,76.5,73.1,73.57,574531
2020-11-11,73.27,74.15,71.8,73.37,253495
2020-11-12,72.86,75.47,72.85,74.56,191954
2020-11-13,74.47,75.82,73.16,75.2,172098
2020-11-16,75.56,78.07,75.27,77.59,224437
2020-11-17,78.23,78.72,76.62,77.76,195155
2020-11-18,77.06,80.87,77.06,80.31,251131
2020-11-19,79.38,79.95,78.31,79.27,124260
2020-11-20,78.79,79.64,78.33,78.92,98261
2020-11-23,77.27,79.17,75.07,78.43,216053
2020-11-24,78.27,79.58,77.65,79.21,118879
2020-11-25,80.27,82.26,79.44,79.44,152172
2020-11-26,79.68,81.57,79.68,81.17,113292
2020-11-27,81.77,81.93,78.13,79.22,168812
2020-11-30,79.77,80.62,77.79,77.79,118123
2020-12-01,78.77,79.51,78.28,78.98,83282
2020-12-02,78.77,80.07,78.12,78.78,86460
2020-12-03,79.1,80.06,78.78,79.47,84194
2020-12-04,80.02,80.86,79.05,80.33,80265
2020-12-07,80.11,80.11,78.18,78.93,95988
2020-12-08,79.07,79.25,77.2,78.16,83092
2020-12-09,77.77,78.27,75.46,75.66,128014
2020-12-10,75.28,75.97,73.95,74.27,99744
2020-12-11,74.47,75.41,73.57,74.57,82001
2020-12-14,74.89,76.27,74.07,75.47,90160
2020-12-15,76.07,76.1,74.65,74.97,61412
2020-12-16,75.07,75.44,73.92,74.65,84514
2020-12-17,74.62,76.36,74.29,75.37,104279
2020-12-18,75.07,75.66,73.13,74.9,145984
2020-12-21,74.08,74.14,71.6,73.07,213662
2020-12-22,72.37,73.55,71.42,71.65,126730
2020-12-23,71.99,73.05,71.85,72.37,91448
2020-12-24,72.36,72.37,69.52,69.96,182005
2020-12-25,70.07,72.27,69.87,72.11,87857
2020-12-28,72.17,73.05,70.77,70.77,117855
2020-12-29,71.77,73.65,71.5,72.22,104681
2020-12-30,71.92,72.97,71.13,72.53,102810
2020-12-31,72.92,76.55,72.27,74.93,255061
2021-01-04,74.97,78.04,74.44,76.76,219886
2021-01-05,76.77,76.77,75.27,76.57,195668
2021-01-06,76.38,78.75,76.07,76.76,200265
2021-01-07,76.93,77.23,74.27,75.12,226825
2021-01-08,75.42,76.39,74.7,75.25,161971
2021-01-11,75.36,75.86,72.4,72.68,224256
2021-01-12,72.57,73.27,71.3,72.99,191592
2021-01-13,73.07,76.97,73.0,76.86,330580
2021-01-14,76.38,76.5,72.47,72.54,331650
2021-01-15,72.12,72.93,71.16,71.21,247851
2021-01-18,70.77,72.16,70.13,71.47,135352
2021-01-19,71.47,71.69,69.93,70.92,160751
2021-01-20,70.6,70.86,70.07,70.07,143614
2021-01-21,69.27,70.57,69.07,70.19,171091
2021-01-22,69.77,71.27,69.52,70.44,147455
2021-01-25,70.22,71.85,69.17,71.28,247043
2021-01-26,71.29,72.21,69.54,71.45,181690
2021-01-27,71.32,75.98,70.25,75.77,349361
2021-01-28,74.28,76.75,74.28,75.07,256988
2021-01-29,75.5,80.69,74.27,78.27,403323
2021-02-01,70.37,70.37,70.37,70.37,78404
2021-02-02,63.26,63.26,63.26,63.26,93983
2021-02-03,56.86,59.67,56.86,58.57,1942574
2021-02-04,56.28,58.25,55.78,57.48,764821
2021-02-05,57.27,59.11,56.77,57.65,453080
2021-02-08,57.55,57.55,53.97,54.57,560155
2021-02-09,54.7,58.34,54.07,57.75,467796
2021-02-10,57.63,59.11,56.3,57.45,463330
2021-02-18,58.77,60.83,57.47,59.77,784981
2021-02-19,59.17,60.27,57.96,60.21,432997
2021-02-22,59.77,62.27,58.77,60.18,496363
2021-02-23,60.18,60.86,58.97,59.36,330537
2021-02-24,59.77,61.26,59.39,60.22,358616
2021-02-25,60.82,63.56,60.5,62.31,400759
2021-02-26,60.76,63.21,60.32,61.15,296626
2021-03-01,60.17,61.45,58.79,60.45,276540
2021-03-02,60.37,60.39,58.18,58.98,282291
2021-03-03,58.27,59.77,57.87,59.64,211507
2021-03-04,58.97,60.02,58.86,59.3,179279
2021-03-05,58.77,60.25,58.6,59.95,166682
2021-03-08,59.94,60.69,57.79,58.06,237938
2021-03-09,58.07,58.37,54.82,56.73,226543
2021-03-10,57.5,58.02,56.75,56.88,137649
2021-03-11,56.89,58.42,56.36,58.04,144114
2021-03-12,58.17,59.47,57.72,59.42,201221
2021-03-15,59.58,61.15,59.04,60.0,233627
2021-03-16,60.27,61.62,59.66,61.57,243456
2021-03-17,60.78,61.86,60.37,61.12,168812
2021-03-18,61.07,61.75,59.66,60.47,177452
2021-03-19,59.67,60.35,58.08,59.07,209571
2021-03-22,58.67,59.62,58.33,59.61,129427
2021-03-23,59.54,59.77,57.53,58.12,172928
2021-03-24,57.87,58.1,57.07,57.53,111818
2021-03-25,57.38,57.65,56.87,57.2,95974
2021-03-26,57.25,58.31,57.25,58.02,149721
2021-03-29,57.87,58.97,57.29,58.47,162948
2021-03-30,58.48,58.76,57.82,58.2,130074
2021-03-31,58.19,58.19,57.07,57.17,153168
2021-04-01,57.11,57.77,57.01,57.57,98537
2021-04-02,57.62,57.82,57.34,57.75,125831
2021-04-06,57.79,59.15,57.79,58.15,158793
2021-04-07,58.07,58.42,57.33,58.39,111798
2021-04-08,57.71,58.21,57.37,57.58,120396
2021-04-09,57.38,57.58,56.62,56.69,133231
2021-04-12,56.7,56.85,55.37,55.67,118161
2021-04-13,55.66,56.6,55.43,56.22,91336
2021-04-14,55.97,56.36,55.58,55.84,132887
2021-04-15,55.67,55.69,55.06,55.21,116151
2021-04-16,55.22,55.57,54.82,55.2,129549
2021-04-19,55.26,56.1,54.65,56.08,196858
2021-04-20,55.66,56.32,55.39,55.7,123199
2021-04-21,55.47,56.64,55.28,56.36,136665
2021-04-22,56.36,56.6,55.45,55.62,147570
2021-04-23,55.44,55.75,54.87,55.63,123921
2021-04-26,54.52,54.52,51.9,52.52,398783
2021-04-27,52.18,52.22,48.15,48.87,542490
2021-04-28,48.55,49.37,47.35,49.27,220810
2021-04-29,48.26,49.26,47.65,48.36,184887
2021-04-30,48.27,48.76,47.85,48.41,120409
2021-05-06,47.91,47.91,45.77,45.97,317854
2021-05-07,45.48,45.91,44.36,44.54,250184
2021-05-10,44.54,44.77,43.22,43.71,207375
2021-05-11,43.43,45.13,43.27,44.7,162278
2021-05-12,44.53,44.93,44.1,44.83,107732
2021-05-13,44.58,45.15,44.27,44.79,89724
2021-05-14,44.86,45.7,44.85,45.62,122083
2021-05-17,45.77,47.7,45.67,47.24,202956
2021-05-18,47.27,47.62,46.62,47.55,109484
2021-05-19,47.37,47.37,46.55,46.68,81967
2021-05-20,46.58,47.16,46.21,46.9,88380
2021-05-21,46.93,47.22,46.3,46.43,67949
2021-05-24,46.43,47.15,46.17,47.09,73279
2021-05-25,47.13,49.5,47.1,48.6,222945
2021-05-26,48.85,48.91,48.07,48.53,104997
2021-05-27,48.54,48.86,48.39,48.72,84176
2021-05-28,48.67,49.11,48.36,48.64,93646
2021-05-31,48.07,49.07,47.09,48.76,120141
2021-06-01,48.75,49.84,48.61,49.27,137696
2021-06-02,49.43,49.91,48.85,49.31,130181
2021-06-03,49.39,52.12,49.14,51.45,302476
2021-06-04,50.47,51.07,49.62,50.07,177852
2021-06-07,49.37,50.07,47.77,47.98,197684
2021-06-08,48.26,48.92,47.57,47.97,157513
2021-06-09,47.97,48.34,47.72,48.12,72362
2021-06-25,50.95,52.44,46.77,50.34,884135
2021-06-28,49.07,50.05,48.11,48.72,352764
2021-06-29,48.42,48.47,47.17,47.18,258778
2021-06-30,46.87,48.21,46.76,47.4,176322
2021-07-01,47.42,47.56,46.52,46.89,136587
2021-07-02,46.58,46.76,45.27,45.29,200049
2021-07-05,45.26,45.72,44.67,45.43,142615
2021-07-06,45.36,46.88,44.93,46.21,157932
2021-07-07,46.15,46.69,45.77,46.27,110325
2021-07-08,46.27,46.29,45.27,45.27,119387
2021-07-09,45.2,45.72,44.91,45.41,83457
2021-07-12,45.41,46.01,44.97,45.66,127734
2021-07-13,45.77,46.27,45.53,45.62,174369
2021-07-14,45.59,45.6,44.43,44.46,194416
2021-07-15,44.28,44.35,43.47,43.96,162409
2021-07-16,44.73,45.71,44.37,44.49,165041
2021-07-19,44.31,44.85,43.48,44.78,118345
2021-07-20,44.27,44.72,44.07,44.42,63306
2021-07-21,44.22,44.6,43.67,43.72,118079
2021-07-22,43.57,44.01,43.29,43.62,86341
2021-07-23,43.62,43.63,42.39,42.4,157598
2021-07-26,41.97,42.02,40.15,40.18,218297
2021-07-27,40.07,40.74,38.78,38.86,169615
2021-07-28,38.9,39.19,37.67,38.13,156546
2021-07-29,38.32,38.51,37.43,37.99,143174
2021-07-30,37.58,38.09,36.78,37.82,149797
2021-08-02,36.92,37.71,35.87,37.24,264047
2021-08-03,36.59,37.98,36.34,37.53,161676
2021-08-04,37.51,37.86,37.07,37.11,134054
2021-08-05,37.0,38.06,36.62,37.14,148761
2021-08-06,37.17,37.37,36.63,36.79,94497
2021-08-09,36.51,38.03,36.36,37.79,136027
2021-08-10,37.85,38.05,37.37,37.98,111002
2021-08-11,37.97,39.58,37.87,38.26,188881
2021-08-12,38.45,38.53,37.4,37.5,114659
2021-08-13,37.33,37.75,37.07,37.47,73703
2021-08-16,37.3,38.17,37.17,37.75,78731
2021-08-17,37.89,39.64,37.71,38.75,288164
2021-08-18,38.28,39.43,37.87,39.4,186210
2021-08-19,38.89,39.36,38.67,39.13,111745
2021-08-20,38.97,38.97,37.96,38.27,122517
2021-08-23,37.78,38.53,37.77,38.18,75224
2021-08-24,38.13,38.56,37.92,38.27,102073
2021-08-25,38.27,41.87,38.12,41.18,380978
2021-08-26,40.94,41.6,39.8,41.55,257634
2021-08-27,41.04,42.02,40.66,40.66,151772
2021-08-30,40.01,40.16,39.27,39.5,146509
2021-08-31,39.27,42.77,39.23,42.54,311373
2021-09-01,42.17,43.27,42.0,42.74,239794
2021-09-02,42.35,43.22,42.07,42.77,137089
2021-09-03,42.73,44.67,42.17,44.47,242774
2021-09-06,44.1,45.85,43.84,44.5,215837
2021-09-07,44.47,45.59,44.1,45.51,182147
2021-09-08,45.11,45.47,44.29,44.82,159090
2021-09-09,44.63,44.72,44.07,44.36,123105
2021-09-10,44.27,46.01,44.27,45.05,180124
2021-09-13,44.27,44.72,43.32,43.72,183591
2021-09-14,43.57,44.15,42.52,42.59,130288
2021-09-15,42.76,43.07,41.83,42.12,123060
2021-09-16,42.01,42.37,41.28,41.54,123271
2021-09-17,41.07,43.17,41.07,42.91,127495
2021-09-22,42.27,42.91,41.97,42.36,69073
2021-09-23,42.88,43.19,42.36,42.54,91976
2021-09-24,42.77,43.77,42.57,43.23,106862
2021-09-27,43.07,44.24,42.28,43.49,124508
2021-09-28,43.2,43.55,42.67,43.37,66994
2021-09-29,43.07,43.72,42.74,43.48,98262
2021-09-30,43.37,43.73,42.99,43.52,68007
2021-10-08,44.97,47.15,44.62,46.27,304137
2021-10-11,46.17,49.27,45.86,48.9,339439
2021-10-12,48.63,50.82,48.0,49.63,380164
2021-10-13,49.27,49.73,48.17,49.33,190230
2021-10-14,49.06,53.11,48.98,52.07,410468
2021-10-15,51.93,53.43,50.77,51.77,299716
2021-10-18,51.26,51.88,49.65,50.17,259873
2021-10-19,49.77,50.57,49.25,50.26,155569
2021-10-20,50.2,50.9,48.46,50.18,220546
2021-10-21,49.88,51.64,49.38,49.98,160129
2021-10-22,49.6,50.46,49.16,49.33,137679
2021-10-25,48.27,49.07,47.15,48.98,182526
2021-10-26,48.58,50.23,48.48,50.07,210325
2021-10-27,49.71,50.73,49.3,50.36,169441
2021-10-28,50.03,51.8,49.53,50.54,164107
2021-10-29,50.53,52.4,50.04,52.07,207316
2021-11-01,51.14,51.15,49.41,50.34,190263
2021-11-02,50.32,50.71,48.85,49.62,158857
2021-11-03,49.37,50.26,48.98,49.52,103784
2021-11-04,49.72,49.77,48.16,48.51,139092
2021-11-05,48.45,49.3,48.21,48.3,90559
2021-11-08,50.39,53.13,50.39,52.18,405643
2021-11-09,52.18,52.68,48.96,49.2,353683
2021-11-10,49.23,49.47,47.93,48.4,178828
2021-11-11,48.15,49.55,47.98,49.34,131194
2021-11-12,49.07,50.72,48.68,50.05,139150
2021-11-15,49.95,50.18,48.66,48.7,145055
2021-11-16,48.97,49.52,48.15,48.33,136984
2021-11-17,48.36,49.19,48.36,48.94,86472
2021-11-18,48.5,48.86,47.92,47.92,98414
2021-11-19,47.95,48.2,47.15,47.58,104832
2021-11-22,47.58,47.99,47.27,47.86,63753
2021-11-23,48.29,48.72,47.64,47.83,85995
2021-11-24,47.84,48.42,47.28,48.31,80299
2021-11-25,48.31,48.49,47.89,48.34,58133
2021-11-26,47.64,47.65,46.07,46.4,208694
2021-11-29,44.22,44.77,43.07,43.26,336959
2021-11-30,43.3,43.81,42.35,42.43,162370
2021-12-01,43.17,44.64,42.77,44.15,254035
2021-12-02,43.79,44.74,43.27,43.89,142351
2021-12-03,44.45,45.57,43.91,45.29,155242
2021-12-06,45.25,45.4,44.51,44.98,94122
2021-12-07,45.57,46.74,45.42,45.64,171442
2021-12-08,45.64,46.37,45.39,46.15,126302
2021-12-09,46.25,47.04,46.12,46.3,123380
2021-12-10,46.22,46.3,45.27,45.74,168557
2021-12-13,45.78,46.2,45.03,45.15,156306
2021-12-14,44.67,44.92,44.35,44.87,112985
2021-12-15,44.89,44.97,43.82,44.02,124943
2021-12-16,43.82,44.25,43.42,43.57,119401
2021-12-17,43.58,43.6,42.77,42.87,142495
2021-12-20,42.66,43.35,42.49,42.73,90504
2021-12-21,42.63,43.48,42.49,43.32,94577
2021-12-22,43.94,44.47,43.36,43.38,94963
2021-12-23,43.49,43.79,42.82,43.14,75881
2021-12-24,42.97,43.88,42.9,43.84,96892
2021-12-27,43.96,45.52,43.95,45.26,195641
2021-12-28,45.27,45.49,44.62,44.96,91450
2021-12-29,44.96,46.26,44.78,45.76,194354
2021-12-30,45.57,47.1,45.19,46.65,183878
2021-12-31,46.91,46.93,45.88,45.96,97864
2022-01-04,45.67,47.97,45.57,47.79,206908
2022-01-05,47.75,49.57,47.59,48.11,253678
2022-01-06,48.46,48.67,47.27,48.27,151021
2022-01-07,48.27,49.77,47.88,49.26,229849
2022-01-10,47.92,49.56,47.47,49.26,138564
2022-01-11,49.07,49.92,48.73,48.88,132131
2022-01-12,48.88,50.2,48.53,49.01,97476
2022-01-13,49.0,49.88,48.4,48.55,111077
2022-01-14,48.29,49.03,47.55,48.0,121352
2022-01-17,48.02,48.3,47.06,47.57,128174
2022-01-18,47.47,49.01,47.1,48.64,141583
2022-01-19,48.34,49.22,47.91,48.94,108177
2022-01-20,48.85,51.15,48.69,50.32,194413
2022-01-21,51.27,54.61,51.27,52.16,427763
2022-01-24,52.02,52.75,51.46,51.6,243520
2022-01-25,51.28,52.85,51.17,51.27,245704
2022-01-26,51.57,51.92,49.73,50.09,179851
2022-01-27,49.37,50.45,48.97,49.05,147858
2022-01-28,48.63,50.77,48.29,49.76,141954
2022-02-07,50.57,52.16,49.88,51.47,198485
2022-02-08,51.79,53.52,51.77,53.43,238000
2022-02-09,53.93,55.55,53.19,54.97,257334
2022-02-10,54.68,57.27,54.54,57.06,267825
2022-02-11,57.04,58.35,55.87,56.67,274022
2022-02-14,57.26,58.07,55.68,56.72,153458
2022-02-15,56.27,56.28,54.4,54.87,199274
2022-02-16,54.99,56.37,54.27,55.39,134275
2022-02-17,55.21,55.21,53.97,54.47,153295
2022-02-18,54.17,56.39,53.97,56.15,153649
2022-02-21,55.37,56.07,54.77,55.95,90808
2022-02-22,55.22,55.51,54.28,54.77,116647
2022-02-23,54.57,55.17,53.12,53.57,184742
2022-02-24,53.28,53.47,51.22,52.06,201606
2022-02-25,52.75,53.12,51.7,52.25,106072
2022-02-28,51.87,51.87,50.89,51.62,116531
2022-03-01,51.62,53.66,51.47,53.43,138033
2022-03-02,52.94,53.85,52.18,53.29,116250
2022-03-03,54.02,56.15,53.48,55.77,246312
2022-03-04,55.23,55.56,54.38,54.72,121212
2022-03-07,54.25,54.25,49.84,50.29,254090
2022-03-08,50.26,52.02,49.22,49.25,192495
2022-03-09,49.4,50.21,47.04,49.68,172914
2022-03-10,50.28,51.45,49.96,50.73,131848
2022-03-11,49.77,51.57,48.25,50.55,204078
2022-03-14,47.97,48.82,46.28,46.29,282223
2022-03-15,46.07,47.19,44.78,44.99,197641
2022-03-16,46.27,49.42,46.27,49.17,269131
2022-03-17,50.34,51.92,49.14,50.99,263696
2022-03-18,50.58,52.35,50.52,51.96,206791
2022-03-21,51.45,51.98,51.0,51.87,124071
2022-03-22,50.24,51.77,50.21,51.02,132642
2022-03-23,50.93,51.24,49.57,50.57,126048
2022-03-24,50.47,50.94,49.39,49.79,73655
2022-03-25,50.07,50.12,47.85,47.98,132022
2022-03-28,46.52,48.19,46.48,47.83,130570
2022-03-29,47.75,49.26,47.48,48.27,83236
2022-03-30,48.77,49.99,47.87,49.8,100594
2022-03-31,49.47,50.07,48.02,48.47,100347
2022-04-01,48.17,50.48,47.87,49.96,142857
2022-04-06,49.35,51.2,49.28,50.42,156450
2022-04-07,49.97,50.96,49.48,49.7,121771
2022-04-11,49.53,49.57,46.94,47.26,164719
2022-04-12,47.28,52.01,47.28,51.67,245202
2022-04-13,50.97,51.27,49.22,50.19,189635
2022-04-14,50.78,52.8,50.17,51.27,167476
2022-04-15,50.87,52.45,50.4,51.98,126146
2022-04-18,51.28,51.84,50.42,51.08,122899
2022-04-19,50.88,51.27,48.85,49.42,165896
2022-04-20,49.44,50.84,49.12,50.27,123846
2022-04-21,49.82,51.54,49.58,50.07,161955
2022-04-22,49.77,50.77,48.47,50.52,146617
2022-04-25,49.27,49.29,47.8,47.8,158692
2022-04-26,47.86,48.43,46.37,47.25,140113
2022-04-27,46.85,49.72,46.58,49.68,149726
2022-04-28,49.16,49.56,46.57,47.39,170243
2022-04-29,47.07,49.27,46.08,48.67,161796
2022-05-05,48.4,50.6,47.45,50.57,185018
2022-05-06,48.97,49.07,47.16,47.48,193311
2022-05-09,47.07,48.03,46.26,46.52,118234
2022-05-10,45.97,46.5,45.02,46.39,152521
2022-05-11,46.4,48.04,46.4,46.94,187822
2022-05-12,46.42,46.65,45.07,45.67,180779
2022-05-13,45.08,46.22,45.02,46.12,151096
2022-05-16,46.86,47.62,46.03,47.11,169066
2022-05-17,46.73,47.42,46.37,47.32,128016
2022-05-18,47.35,47.74,46.17,46.37,103766
2022-05-19,45.6,46.21,45.32,46.02,74111
2022-05-20,46.05,47.22,46.05,47.03,147552
2022-05-23,47.03,47.03,45.93,46.63,109287
2022-05-24,46.93,47.77,46.44,46.53,154637
2022-05-25,46.28,48.63,46.02,48.47,238478
2022-05-26,48.11,49.17,48.07,48.62,134279
2022-05-27,49.05,49.17,47.77,48.32,97128
2022-05-30,49.12,49.89,48.89,49.28,155075
2022-05-31,49.46,50.44,48.89,49.68,150323
2022-06-01,49.68,50.24,47.75,48.16,161412
2022-06-02,48.18,48.36,47.4,47.76,103223
2022-06-06,47.67,48.16,46.78,48.16,113247
2022-06-07,48.23,48.7,47.58,47.87,114421
2022-06-08,47.87,48.67,47.72,48.41,114732
2022-06-09,48.18,48.6,47.87,48.18,110874
2022-06-10,47.62,47.97,46.8,47.47,191435
2022-06-13,46.97,47.04,46.27,46.57,146973
2022-06-14,46.18,46.97,46.07,46.93,96607
2022-06-15,46.87,47.77,46.6,46.87,175735
2022-06-16,46.87,47.46,46.64,47.17,126493
2022-06-17,46.91,47.27,46.45,47.25,132273
2022-06-20,47.5,49.67,47.48,49.12,260803
2022-06-21,49.27,50.25,48.72,49.36,190566
2022-06-22,49.61,49.75,48.28,48.44,99822
2022-06-23,48.54,48.86,47.99,48.46,105758
2022-06-24,48.46,49.85,47.85,49.26,153635
2022-06-27,49.76,52.71,49.76,51.34,334396
2022-06-28,51.35,56.55,50.97,55.78,463664
2022-06-29,55.76,56.99,54.71,54.92,310184
2022-06-30,56.37,56.84,55.23,55.97,273878
2022-07-01,55.44,55.5,53.07,53.42,213144
2022-07-04,53.44,54.27,52.37,52.97,179148
2022-07-05,53.1,53.36,52.38,52.72,130444
2022-07-06,52.33,52.5,51.22,51.47,138638
2022-07-07,50.98,51.75,50.83,51.0,131463
2022-07-08,51.92,52.81,50.74,50.79,144173
2022-07-11,49.82,50.37,49.15,49.56,142346
2022-07-12,49.44,50.26,49.35,49.82,114003
2022-07-13,50.07,51.08,49.92,50.3,108013
2022-07-14,50.18,52.6,49.87,51.58,188236
2022-07-15,51.45,52.17,50.88,51.07,127305
2022-07-18,50.77,51.17,50.11,50.5,104763
2022-07-19,50.67,51.06,50.08,50.5,89822
2022-07-20,50.69,51.74,50.57,50.84,90228
2022-07-21,50.76,51.07,50.19,50.25,74573
2022-07-22,50.27,52.21,50.07,51.62,146319
2022-07-25,51.64,51.64,50.55,50.82,80132
2022-07-26,51.22,53.28,51.2,52.02,180444
2022-07-27,51.54,53.2,51.48,52.4,115490
2022-07-28,52.67,53.77,52.5,52.69,136970
2022-07-29,52.47,52.47,50.09,50.85,189832
2022-08-01,50.86,55.55,50.86,54.07,334593
2022-08-02,53.43,55.57,52.49,54.68,313981
2022-08-03,54.68,55.94,54.19,54.85,240537
2022-08-04,55.17,56.51,54.29,56.21,239672
2022-08-05,56.72,56.93,55.07,55.89,150484
2022-08-08,54.58,57.05,54.25,56.29,149750
2022-08-09,56.25,56.55,55.46,56.25,108297
2022-08-10,56.24,56.76,54.96,55.16,123537
2022-08-11,55.31,56.37,54.33,56.03,109319
2022-08-12,56.77,57.76,55.87,57.27,135766
2022-08-15,56.85,56.85,55.89,56.04,97743
2022-08-16,55.97,56.93,55.95,56.32,68574
2022-08-17,56.32,58.27,56.12,56.76,85477
2022-08-18,56.42,56.75,55.0,55.97,121428
2022-08-19,56.01,56.17,55.54,55.71,65719
2022-08-22,55.63,56.17,55.07,55.37,131173
2022-08-23,55.3,56.28,54.3,55.29,92519
2022-08-24,55.48,56.24,55.0,55.45,73873
2022-08-25,55.33,57.05,55.18,56.96,96472
2022-08-26,57.17,59.4,56.85,57.04,171709
2022-08-29,56.57,57.16,55.48,56.33,94520
2022-08-30,56.26,56.37,55.23,55.59,71666
2022-08-31,55.77,57.15,55.25,55.69,130095
2022-09-01,55.57,55.77,53.81,54.04,120182
2022-09-02,54.19,54.76,53.6,54.35,59781
2022-09-05,54.18,54.6,53.43,54.36,59091
2022-09-06,54.81,56.53,54.18,56.36,112165
2022-09-07,56.36,57.39,55.96,56.27,104206
2022-09-08,56.77,58.46,56.4,57.99,122356
2022-09-09,57.57,58.56,57.34,58.32,77652
2022-09-13,58.37,59.32,57.85,58.71,94113
2022-09-14,57.27,58.81,56.96,58.0,71944
2022-09-15,58.0,59.07,57.22,57.66,71987
2022-09-16,57.62,58.29,56.73,57.08,79917
2022-09-19,56.8,60.15,56.44,59.54,208611
2022-09-20,59.62,59.93,58.91,59.63,85503
2022-09-21,59.88,60.27,59.02,59.18,91094
2022-09-22,58.6,59.27,57.8,58.53,74348
2022-09-23,58.61,59.76,58.07,58.72,78805
2022-09-26,58.57,60.97,58.53,59.12,127517
2022-09-27,58.6,61.86,58.6,61.7,184192
2022-09-28,61.07,62.35,59.8,60.16,134518
2022-09-29,60.17,60.25,57.89,58.52,156187
2022-09-30,58.38,58.39,55.87,57.05,171284
2022-10-10,56.37,58.6,56.17,56.77,97987
2022-10-11,57.17,57.35,54.27,56.95,170804
2022-10-12,55.77,55.97,53.37,54.87,217183
2022-10-13,54.38,56.24,54.18,55.48,124523
2022-10-14,55.3,56.62,54.4,55.07,156465
2022-10-17,54.77,57.27,54.63,57.22,112253
2022-10-18,58.27,60.11,56.15,56.42,137759
2022-10-19,56.58,57.36,55.58,55.94,72648
2022-10-20,55.48,58.23,54.87,56.07,149596
2022-10-21,55.47,57.35,54.36,56.61,108996
2022-10-24,56.38,57.07,53.47,53.88,151775
2022-10-25,53.37,56.84,53.37,55.79,115636
2022-10-26,55.91,57.87,55.91,56.62,117692
2022-10-27,56.83,57.52,55.87,56.03,89227
2022-10-28,56.04,56.85,55.07,55.51,91136
2022-10-31,55.26,55.42,51.86,52.65,182756
2022-11-01,52.68,57.27,51.41,57.27,216707
2022-11-02,56.48,61.21,56.32,59.04,378699
2022-11-03,58.14,58.72,57.09,57.84,151803
2022-11-04,57.86,61.55,57.77,59.87,213539
2022-11-07,58.47,59.38,57.97,58.83,130735
2022-11-08,58.5,59.96,57.93,58.23,93147
2022-11-09,58.17,59.37,57.73,58.2,59757
2022-11-10,57.65,59.17,57.34,58.86,128952
2022-11-11,60.59,61.21,55.35,56.5,477286
2022-11-14,56.27,56.27,52.69,53.09,438496
2022-11-15,53.22,55.16,53.1,54.79,226096
2022-11-16,54.92,55.3,53.79,53.99,136629
2022-11-17,53.66,54.27,53.28,53.96,117904
2022-11-18,53.77,54.12,52.62,53.03,150859
2022-11-21,52.24,52.25,51.01,51.51,160707
2022-11-22,51.47,51.95,51.15,51.64,95155
2022-11-23,51.3,51.62,50.49,51.37,131484
2022-11-24,50.57,51.53,50.57,50.7,94610
2022-11-25,50.52,51.03,50.4,50.98,71345
2022-11-28,50.36,53.1,49.77,52.67,211086
2022-11-29,52.47,55.03,52.07,54.8,309950
2022-11-30,54.52,54.75,52.92,54.75,158908
2022-12-01,56.27,56.77,53.25,53.52,272470
2022-12-02,53.37,53.62,52.5,52.98,172031
2022-12-05,54.15,55.62,53.48,54.57,268403
2022-12-06,54.08,56.32,54.07,55.69,265581
2022-12-07,56.16,58.27,55.7,56.42,361802
2022-12-08,56.86,57.57,56.27,57.16,236587
2022-12-09,57.44,58.67,56.65,57.53,168358
2022-12-12,57.95,59.45,57.61,58.24,282787
2022-12-13,58.38,59.93,57.6,58.28,211144
2022-12-14,58.17,59.93,58.14,59.37,210560
2022-12-15,59.77,60.11,58.67,58.98,177076
2022-12-16,58.77,59.77,58.47,59.67,142931
2022-12-19,59.66,60.4,58.6,59.47,144028
2022-12-20,59.17,59.25,56.97,57.16,205139
2022-12-21,57.25,59.22,57.25,58.81,189399
2022-12-22,59.07,59.39,58.32,58.71,107476
2022-12-23,58.45,59.78,58.24,58.9,104089
2022-12-26,58.85,60.39,58.27,58.67,157399
2022-12-27,59.67,59.76,57.35,58.57,181572
2022-12-28,58.25,59.07,57.24,57.37,169063
2022-12-29,57.37,57.56,56.29,56.68,135159
2022-12-30,56.74,57.22,56.37,56.98,101674
2023-01-03,56.83,56.83,55.32,55.52,227976
2023-01-04,55.55,55.76,54.77,55.7,138602
2023-01-05,55.72,57.96,55.38,57.61,225888
2023-01-06,57.47,57.54,55.69,56.27,185064
2023-01-09,56.43,57.95,56.26,57.8,192306
2023-01-10,57.79,57.79,56.48,57.27,137317
2023-01-11,57.17,57.17,55.97,56.43,155973
2023-01-12,56.27,57.07,56.24,56.36,107812
2023-01-13,56.55,57.56,56.39,57.27,137451
2023-01-16,60.27,63.07,60.22,62.27,655314
2023-01-17,62.46,62.93,60.32,62.16,329773
2023-01-18,62.16,63.15,61.67,62.45,120516
2023-01-19,62.67,62.95,60.67,61.1,197321
2023-01-20,61.27,62.24,61.02,61.26,99332
2023-01-30,62.13,62.23,59.76,60.27,212883
2023-01-31,60.46,60.66,59.62,59.77,139179
2023-02-01,60.16,60.49,59.18,59.76,128623
2023-02-02,59.87,60.48,59.46,59.78,163768
2023-02-03,59.79,60.29,59.22,60.04,120837
2023-02-06,59.95,60.7,59.35,60.27,109789
2023-02-07,60.54,60.67,59.47,59.59,97177
2023-02-08,59.87,60.75,59.6,60.12,94510
2023-02-09,60.12,60.65,59.49,59.87,120854
2023-02-10,59.62,60.49,58.89,59.77,113987
2023-02-13,59.77,61.19,59.06,61.06,176248
2023-02-14,61.13,61.92,60.88,61.81,117562
2023-02-15,61.96,62.02,60.68,61.05,78964
2023-02-16,61.07,62.12,60.06,60.54,123935
2023-02-17,60.6,61.61,59.47,59.52,107617
2023-02-20,60.22,61.13,59.82,60.84,100202
2023-02-21,60.77,61.02,59.27,59.68,137992
2023-02-22,59.28,59.78,58.93,59.07,86956
2023-02-23,59.06,59.24,58.07,58.35,122562
2023-02-24,58.29,58.44,57.67,57.93,75569
2023-02-27,57.58,58.06,57.08,58.02,96819
2023-02-28,58.12,58.32,57.45,57.91,67565
2023-03-01,57.91,58.46,57.77,58.09,67580
2023-03-02,58.15,58.75,58.07,58.17,76489
2023-03-03,58.21,58.92,58.15,58.71,85124
2023-03-06,58.71,59.19,57.95,58.17,97265
2023-03-07,58.04,58.42,57.2,57.23,76279
2023-03-08,57.18,57.77,56.45,57.61,63473
2023-03-09,57.56,57.91,57.01,57.32,73846
2023-03-10,56.55,57.39,55.92,56.16,107638
2023-03-13,56.12,57.11,55.98,57.02,84437
2023-03-14,57.01,57.12,56.07,56.6,70222
2023-03-15,56.9,57.86,56.3,56.42,81924
2023-03-16,56.17,56.79,54.92,55.34,108333
2023-03-17,55.53,56.13,54.55,54.82,104472
2023-03-20,54.57,54.57,53.59,53.74,121826
2023-03-21,54.07,55.56,53.83,55.39,116682
2023-03-22,55.45,55.68,54.81,55.14,66248
2023-03-23,54.87,54.96,54.08,54.75,106691
2023-03-24,54.65,55.06,53.99,54.1,96221
2023-03-27,54.13,54.42,53.41,54.34,133548
2023-03-28,54.41,54.66,53.32,53.46,100275
2023-03-29,53.46,54.39,53.42,53.81,82215
2023-03-30,53.88,55.55,53.88,55.47,140753
2023-03-31,55.47,55.72,54.89,55.0,92779
2023-04-03,55.07,56.27,54.72,55.74,125670
2023-04-04,55.69,56.91,55.5,56.5,141221
2023-04-06,56.49,56.71,55.97,56.27,83210
2023-04-07,56.28,56.56,55.93,56.33,67648
2023-04-10,56.33,56.36,55.44,55.56,80026
2023-04-11,55.48,55.81,55.08,55.76,73884
2023-04-12,55.68,55.77,54.77,54.93,81773
2023-04-13,54.77,55.15,54.34,55.05,74940
2023-04-14,55.19,55.23,53.93,54.18,117210
2023-04-17,54.22,55.16,54.22,54.88,107998
2023-04-18,55.04,55.06,53.96,54.56,81270
2023-04-19,54.85,54.85,53.98,54.56,104588
2023-04-20,54.62,54.96,53.86,54.13,90530
2023-04-21,54.14,54.19,52.92,53.0,108376
2023-04-24,52.97,52.99,51.25,51.76,138514
2023-04-25,51.82,52.46,50.28,51.46,117543
2023-04-26,51.47,52.34,51.47,52.22,76339
2023-04-27,52.36,52.77,51.73,52.15,67851
2023-04-28,52.27,52.97,51.8,52.97,96412
2023-05-04,52.97,52.97,50.85,51.15,130360
2023-05-05,51.27,51.91,51.15,51.73,64461
2023-05-08,52.01,52.09,50.45,50.69,122243
2023-05-09,50.67,51.38,50.46,50.58,97671
2023-05-10,50.57,50.67,49.28,49.52,116495
2023-05-11,49.62,49.72,48.83,48.97,110712
2023-05-12,49.03,49.2,48.26,48.39,74675
2023-05-15,48.4,49.25,47.95,49.23,70719
2023-05-16,49.22,49.45,48.97,49.2,57329
2023-05-17,49.42,49.61,48.52,48.75,63620
2023-05-18,48.75,49.26,48.24,48.47,63237
2023-05-19,48.37,48.96,48.19,48.64,41183
2023-05-22,48.68,49.88,48.38,49.56,85923
2023-05-23,49.27,49.52,48.14,48.21,102128
2023-05-24,47.88,47.9,46.55,46.56,136178
2023-05-25,46.55,47.04,46.07,46.64,71165
2023-05-26,46.69,46.77,45.92,46.55,51757
2023-05-29,46.59,46.86,46.22,46.38,54560
2023-05-30,46.38,46.55,45.12,45.97,122135
2023-05-31,45.8,46.26,44.99,45.87,89210
2023-06-01,45.72,45.72,44.32,44.39,156421
2023-06-02,44.39,45.45,44.39,45.26,102679
2023-06-05,45.26,45.62,44.71,45.07,63749
2023-06-06,45.11,45.32,44.09,44.46,104745
2023-06-07,44.46,45.77,44.4,45.11,90624
2023-06-08,45.21,46.06,45.12,45.9,101408
2023-06-09,46.07,46.25,45.72,46.24,107262
2023-06-12,46.24,46.64,45.76,46.18,71019
2023-06-13,45.98,46.38,45.82,46.08,73294
2023-06-14,46.09,46.8,45.97,46.21,93061
2023-06-15,46.27,47.22,46.02,46.89,88446
2023-06-16,46.9,47.14,46.58,47.05,77208
2023-06-19,47.21,47.84,46.67,47.1,91591
2023-06-20,47.11,47.25,46.38,46.49,63698
2023-06-21,46.5,47.47,46.48,46.56,84376
2023-06-26,46.26,46.26,44.98,45.01,109727
2023-06-27,45.01,45.74,44.63,45.67,64606
2023-06-28,45.84,45.85,45.29,45.63,61157
2023-06-29,45.67,45.75,44.57,44.69,90694
2023-06-30,44.65,44.86,44.43,44.69,68269
2023-07-03,44.72,46.81,44.72,46.31,175263
2023-07-04,46.17,46.96,46.06,46.61,100584
2023-07-05,46.55,46.77,46.12,46.19,51268
2023-07-06,46.17,46.75,45.44,45.55,81427
2023-07-07,45.36,45.91,45.3,45.77,48238
2023-07-10,46.15,46.72,45.85,46.35,85544
2023-07-11,46.35,46.69,45.98,46.6,68826
2023-07-12,46.78,46.78,46.12,46.27,53553
2023-07-13,46.46,46.57,46.09,46.19,71567
2023-07-14,46.38,46.41,45.07,45.15,158741
2023-07-17,45.16,45.52,44.79,45.29,61490
2023-07-18,45.2,45.25,44.77,44.89,85702
2023-07-19,44.85,44.89,44.17,44.26,124585
2023-07-20,44.23,44.67,43.57,43.6,143319
2023-07-21,43.6,44.64,43.56,43.82,119725
2023-07-24,43.72,43.75,42.78,43.05,145854
2023-07-25,43.68,44.22,43.49,44.03,176215
2023-07-26,44.07,44.07,42.97,43.29,157680
2023-07-27,43.4,44.06,43.08,43.68,149867
2023-07-28,43.51,45.74,43.31,45.73,298277
2023-07-31,46.27,48.2,46.27,46.67,361596
2023-08-01,46.62,47.24,46.08,46.12,175852
2023-08-02,45.97,46.99,45.62,46.37,136447
2023-08-03,46.06,46.75,45.82,46.55,125036
2023-08-04,46.98,47.24,46.15,46.2,113896
2023-08-07,46.12,46.12,45.56,45.69,83075
2023-08-08,45.72,45.83,45.19,45.41,79492
2023-08-09,45.21,45.77,45.15,45.46,64711
2023-08-10,45.82,47.12,45.73,47.1,233400
2023-08-11,47.13,47.63,46.37,46.4,180993
2023-08-14,46.21,46.55,45.27,45.86,129283
2023-08-15,46.25,46.66,44.91,45.4,125223
2023-08-16,45.4,45.82,45.08,45.2,64793
2023-08-17,45.16,45.47,44.74,45.37,100302
2023-08-18,45.37,45.84,44.37,44.39,139181
2023-08-21,44.37,44.37,39.88,40.52,803951
2023-08-22,40.13,40.14,38.57,39.35,431582
2023-08-23,39.21,39.35,38.28,38.32,195749
2023-08-24,38.37,38.86,38.06,38.54,159935
2023-08-25,38.33,38.85,37.98,38.37,113715
2023-08-28,40.47,40.47,37.77,37.97,215627
2023-08-29,38.01,39.15,37.97,39.05,152259
2023-08-30,39.04,39.25,38.6,38.66,133052
2023-08-31,38.71,39.1,38.47,38.5,118732
2023-09-01,38.59,39.01,38.45,38.76,87757
2023-09-04,38.76,39.3,38.54,39.3,153146
2023-09-05,39.15,39.21,38.8,38.92,106655
2023-09-06,38.81,38.85,38.48,38.7,85865
2023-09-07,38.7,38.78,38.15,38.17,101332
2023-09-08,38.06,38.57,37.91,38.51,89682
2023-09-11,38.55,38.77,38.27,38.62,96591
2023-09-12,38.66,38.71,38.38,38.44,75925
2023-09-13,38.48,38.55,37.92,38.1,98777
2023-09-14,38.03,38.27,37.47,37.61,124394
2023-09-15,37.65,38.01,37.27,37.44,120856
2023-09-18,37.39,38.1,37.32,37.73,93152
2023-09-19,37.79,37.96,37.19,37.45,87098
2023-09-20,37.3,37.35,37.04,37.08,75547
2023-09-21,37.05,37.26,36.78,36.91,75375
2023-09-22,36.79,37.46,36.71,37.43,83689
2023-09-25,37.45,37.52,37.05,37.11,66417
2023-09-26,37.12,37.34,36.6,36.61,92649
2023-09-27,36.6,37.57,36.6,36.89,97919
2023-09-28,36.93,37.25,36.57,37.16,84520
2023-10-09,37.15,37.15,36.28,36.34,97537
2023-10-10,36.41,36.93,36.38,36.38,79289
2023-10-11,36.52,36.67,36.18,36.19,84971
2023-10-12,36.41,36.81,36.31,36.6,73737
2023-10-13,36.44,36.44,35.92,35.94,91998
2023-10-16,35.94,36.04,35.39,35.51,78294
2023-10-17,35.57,35.69,35.35,35.6,55632
2023-10-18,35.47,35.47,34.87,34.9,81078
2023-10-19,34.73,35.06,34.4,34.43,89278
2023-10-20,34.3,34.56,34.07,34.19,77919
2023-10-23,34.19,34.31,33.63,33.85,82761
2023-10-24,33.85,34.53,33.69,34.52,80533
2023-10-25,34.81,35.62,34.77,34.95,103148
2023-10-26,34.77,35.27,34.64,35.17,63454
2023-10-27,35.17,35.98,34.98,35.92,109102
2023-10-30,36.16,36.84,36.11,36.7,141533
2023-10-31,36.48,36.63,36.11,36.48,82154
2023-11-01,36.28,36.65,36.17,36.36,56807
2023-11-02,36.48,36.67,35.98,35.99,53815
2023-11-03,35.99,36.67,35.99,36.54,78823
2023-11-06,36.62,37.03,36.5,36.95,82912
2023-11-07,36.77,36.89,36.46,36.69,58003
2023-11-08,36.62,36.86,36.39,36.53,53425
2023-11-09,36.53,36.87,36.28,36.48,55146
2023-11-10,36.38,36.43,36.04,36.36,58304
2023-11-13,36.55,36.8,36.28,36.46,54201
2023-11-14,36.45,36.65,36.38,36.52,44049
2023-11-15,36.9,36.98,36.49,36.63,63375
2023-11-16,36.62,36.62,36.08,36.29,70690
2023-11-17,36.29,36.81,36.18,36.26,102914
2023-11-20,36.32,37.02,36.1,36.74,128208
2023-11-21,36.87,37.27,36.77,36.9,94319
2023-11-22,36.82,36.85,36.34,36.34,63964
2023-11-23,36.28,36.45,36.13,36.4,50048
2023-11-24,36.41,36.41,35.9,35.98,55901
2023-11-27,36.16,36.24,35.38,35.8,69556
2023-11-28,35.79,35.98,35.48,35.9,46656
2023-11-29,35.87,35.95,35.19,35.33,60868
2023-11-30,35.27,35.53,35.12,35.15,64327
2023-12-01,35.06,35.4,34.56,35.23,77388
2023-12-04,35.24,35.48,34.95,35.09,52127
2023-12-05,35.05,35.05,33.99,34.02,109868
2023-12-06,34.05,34.2,33.77,33.79,102778
2023-12-07,33.69,33.77,33.08,33.26,98390
2023-12-08,33.27,33.97,33.27,33.77,104624
2023-12-11,33.67,33.76,32.97,33.67,104445
2023-12-12,33.52,33.76,33.33,33.37,74281
2023-12-13,33.22,33.26,32.35,32.35,135643
2023-12-14,32.57,33.03,32.0,32.01,88364
2023-12-15,32.1,32.56,32.02,32.16,69259
2023-12-18,32.07,32.07,31.29,31.38,103633
2023-12-19,31.28,31.73,31.21,31.48,60670
2023-12-20,31.57,31.67,30.99,30.99,61622
2023-12-21,30.87,31.54,30.68,31.38,79232
2023-12-22,31.32,32.03,31.09,31.56,86852
2023-12-25,31.64,31.89,31.44,31.76,54888
2023-12-26,31.75,31.76,31.28,31.34,39063
2023-12-27,31.63,31.63,30.56,30.71,107710
2023-12-28,30.57,32.26,30.42,32.12,163589
2023-12-29,32.0,32.29,31.72,32.05,85934
2024-01-02,32.21,32.26,31.38,31.45,78461
2024-01-03,31.55,31.61,31.17,31.42,59841
2024-01-04,31.37,31.39,30.77,30.94,64908
2024-01-05,30.89,31.32,30.64,30.72,71675
2024-01-08,30.72,30.81,30.01,30.16,79582
2024-01-09,30.22,31.12,30.08,30.7,90921
2024-01-10,30.52,31.07,30.16,30.72,61955
2024-01-11,30.6,31.03,30.58,30.94,72952
2024-01-12,30.94,31.41,30.67,31.02,81696
2024-01-15,30.99,32.24,30.84,31.97,143209
2024-01-16,31.87,32.75,31.7,32.53,164940
2024-01-17,32.52,32.53,31.68,31.71,108013
2024-01-18,31.52,32.53,31.19,32.53,141197
2024-01-19,32.45,32.86,32.22,32.71,118062
2024-01-22,32.66,32.97,31.96,32.17,143469
2024-01-23,32.16,32.32,31.67,32.04,90281
2024-01-24,32.16,32.92,31.65,32.79,125404
2024-01-25,32.87,33.54,32.48,33.47,179143
2024-01-26,33.5,33.94,33.2,33.61,161497
2024-01-29,33.86,34.87,33.71,34.45,233709
2024-01-30,34.01,34.23,33.05,33.19,151875
2024-01-31,32.87,33.13,32.35,32.37,123727
2024-02-01,32.27,32.97,32.27,32.61,92262
2024-02-02,32.61,32.87,31.27,32.35,124729
2024-02-05,32.07,32.32,31.05,32.0,140895
2024-02-06,32.0,33.61,31.6,33.54,145442
2024-02-07,33.54,34.09,33.05,33.92,150413
2024-02-08,34.08,34.85,34.06,34.57,181273
2024-02-19,35.27,35.36,34.27,34.53,136715
2024-02-20,34.52,34.52,34.04,34.3,84899
2024-02-21,34.11,35.35,33.99,34.81,156102
2024-02-22,34.81,35.05,34.45,34.72,97584
2024-02-23,34.71,34.71,34.33,34.57,82279
2024-02-26,34.39,34.55,33.97,34.12,123986
2024-02-27,34.12,34.45,33.98,34.27,97945
2024-02-28,34.32,34.94,34.08,34.13,152194
2024-02-29,34.07,34.45,33.9,34.45,133146
2024-03-01,34.45,34.47,34.02,34.2,129227
2024-03-04,34.26,35.16,34.26,34.95,185424
2024-03-05,34.77,34.8,34.33,34.65,131368
2024-03-06,34.62,34.85,34.5,34.59,81827
2024-03-07,34.48,34.65,34.02,34.19,109499
2024-03-08,34.12,34.25,33.96,34.13,83054
2024-03-11,34.13,34.36,33.99,34.35,80694
2024-03-12,34.35,35.35,34.2,35.32,222421
2024-03-13,35.17,35.56,35.05,35.29,109491
2024-03-14,35.44,36.74,35.37,36.37,257100
2024-03-15,36.46,36.77,36.17,36.43,144016
2024-03-18,36.34,37.12,36.07,36.92,133227
2024-03-19,36.92,36.92,36.37,36.39,100509
2024-03-20,36.42,36.52,36.14,36.14,78736
2024-03-21,36.17,36.37,35.7,35.78,104570
2024-03-22,35.94,36.02,35.48,35.67,103716
2024-03-25,35.55,36.15,35.36,35.73,79747
2024-03-26,35.73,35.93,34.94,35.18,112795
2024-03-27,35.17,35.21,34.28,34.28,117170
2024-03-28,34.18,35.16,34.17,34.93,103824
2024-03-29,34.8,35.66,34.61,35.53,102926
2024-04-01,35.76,36.05,35.4,35.92,92109
2024-04-02,35.93,36.42,35.77,36.01,110159
2024-04-03,36.14,36.42,35.96,36.0,85648
2024-04-08,35.93,36.01,35.37,35.49,98591
2024-04-09,35.48,36.24,35.17,35.27,109359
2024-04-10,35.12,35.59,34.89,35.2,75745
2024-04-11,35.2,35.36,34.94,35.23,60387
2024-04-12,35.28,35.46,34.69,34.72,85813
2024-04-15,34.82,35.9,34.72,35.84,128160
2024-04-16,35.94,36.29,35.63,35.68,138257
2024-04-17,35.52,36.12,35.25,36.1,94785
2024-04-18,35.94,36.52,35.93,36.05,113963
2024-04-19,35.93,35.93,35.38,35.57,95912
2024-04-22,35.57,36.12,35.52,36.05,85155
2024-04-23,36.05,36.11,35.57,35.72,90998
2024-04-24,35.73,35.94,35.42,35.75,74419
2024-04-25,35.75,36.47,35.67,36.26,121111
2024-04-26,36.26,36.77,36.1,36.77,143255
2024-04-29,36.79,36.91,36.31,36.9,182103
2024-04-30,36.15,37.0,35.46,36.91,229962
2024-05-06,37.12,37.13,36.62,36.73,173852
2024-05-07,36.83,36.83,36.23,36.57,119090
2024-05-08,36.48,36.65,36.33,36.44,60040
2024-05-09,36.42,36.62,36.37,36.46,77178
2024-05-10,36.49,36.54,36.08,36.26,84237
2024-05-13,36.09,36.41,35.78,36.21,73049
2024-05-14,36.13,36.34,36.01,36.11,57556
2024-05-15,35.98,36.0,35.56,35.57,101939
2024-05-16,35.59,35.64,34.96,35.02,132740
2024-05-17,34.92,35.67,34.86,35.66,107084
2024-05-20,35.72,36.23,35.59,36.07,112773
2024-05-21,36.04,36.05,35.41,35.51,90067
2024-05-22,35.55,35.8,35.43,35.71,53653
2024-05-23,35.63,35.63,34.98,35.06,82720
2024-05-24,34.97,35.29,34.91,35.0,63802
2024-05-27,35.03,35.12,34.83,35.05,45625
2024-05-28,35.03,35.05,34.36,34.45,81060
2024-05-29,34.47,34.68,34.26,34.5,51412
2024-05-30,34.38,34.54,34.22,34.41,44739
2024-05-31,34.36,34.59,33.99,34.02,95497
2024-06-03,33.94,33.95,33.44,33.84,90478
2024-06-04,33.68,33.84,33.54,33.76,91575
2024-06-05,33.67,34.14,33.64,33.9,74891
2024-06-06,33.93,33.99,33.29,33.37,80435
2024-06-07,33.53,33.54,32.87,33.47,109048
2024-06-11,33.49,33.66,33.27,33.54,51743
2024-06-12,33.59,33.63,33.07,33.07,81989
2024-06-13,32.97,33.11,32.3,32.46,114654
2024-06-14,32.37,32.76,32.23,32.65,78157
2024-06-17,32.45,32.95,32.44,32.79,51231
2024-06-18,32.81,33.51,32.81,33.4,72101
2024-06-19,33.46,33.55,32.96,33.02,46565
2024-06-20,32.88,33.14,32.3,32.3,56143
2024-06-21,32.27,32.47,31.63,31.97,85802
2024-06-24,31.78,31.9,31.47,31.6,74071
2024-06-25,31.71,31.87,31.09,31.29,76339
2024-06-26,31.29,31.66,31.05,31.59,61482
2024-06-27,31.54,31.59,31.22,31.27,43340
2024-06-28,31.27,31.81,31.14,31.52,64446
2024-07-01,31.49,32.06,31.47,31.85,58807
2024-07-02,31.74,32.2,31.56,31.97,62250
2024-07-03,32.01,33.26,31.77,32.86,152178
2024-07-04,32.64,32.65,32.17,32.27,92780
2024-07-05,32.09,32.52,31.99,32.19,70353
2024-07-08,32.19,32.43,31.63,31.73,58780
2024-07-09,32.07,33.12,31.96,33.07,172432
2024-07-10,32.93,33.59,32.78,33.24,115872
2024-07-11,33.56,33.94,33.35,33.85,123230
2024-07-12,33.82,34.12,33.57,33.89,88935
2024-07-15,33.68,34.05,33.58,33.75,65878
2024-07-16,33.65,34.0,33.5,33.88,62967
2024-07-17,33.95,34.6,33.88,34.42,125765
2024-07-18,34.33,34.51,33.98,34.32,92153
2024-07-19,34.19,35.11,34.14,35.01,131060
2024-07-22,34.98,35.49,34.9,35.08,114470
2024-07-23,35.33,35.33,34.54,34.55,92268
2024-07-24,34.55,34.72,34.09,34.2,95013
2024-07-25,34.23,34.86,34.13,34.66,82525
2024-07-26,34.72,34.89,34.27,34.47,70980
2024-07-29,34.41,34.41,33.19,33.34,186111
2024-07-30,33.09,33.44,33.04,33.24,67035
2024-07-31,33.24,34.04,33.23,33.97,99151
2024-08-01,33.97,34.02,33.6,33.8,65090
2024-08-02,33.62,33.99,33.54,33.72,49362
2024-08-05,33.72,34.77,33.6,34.11,137039
2024-08-06,34.18,34.76,33.78,34.12,87485
2024-08-07,33.94,34.12,33.81,33.81,39993
2024-08-08,33.8,33.94,33.48,33.7,48049
2024-08-09,33.85,33.97,33.39,33.39,45866
2024-08-12,33.39,33.53,33.22,33.29,34560
2024-08-13,33.33,33.38,32.8,33.23,39040
2024-08-14,33.25,33.29,32.76,32.83,43871
2024-08-15,32.79,33.65,32.79,33.64,71582
2024-08-16,33.62,33.66,33.2,33.41,54970
2024-08-19,33.32,33.32,32.44,32.97,98152
2024-08-20,32.96,33.11,32.81,32.92,47712
2024-08-21,32.66,33.11,32.6,32.89,45013
2024-08-22,32.79,32.94,32.05,32.17,71881
2024-08-23,32.18,32.53,31.99,32.44,31700
2024-08-26,32.44,32.67,32.19,32.45,29787
2024-08-27,32.43,32.45,31.95,32.04,33734
2024-08-28,32.17,32.38,31.81,31.86,38867
2024-08-29,31.74,32.13,31.71,32.04,43481
2024-08-30,31.99,32.82,31.99,32.52,82547
2024-09-02,32.5,32.51,31.6,31.64,76863
2024-09-03,31.59,31.89,31.41,31.77,38249
2024-09-04,31.62,31.9,31.58,31.72,35115
2024-09-05,31.63,31.97,31.63,31.95,41721
2024-09-06,32.04,32.06,31.76,31.83,27540
2024-09-09,31.51,31.84,31.06,31.24,59662
2024-09-10,31.24,31.37,30.34,30.83,68015
2024-09-11,30.78,30.86,30.35,30.62,42865
2024-09-12,30.68,30.74,30.39,30.46,36397
2024-09-13,30.49,30.57,30.27,30.28,34088
2024-09-18,30.28,30.37,29.23,29.73,75492
2024-09-19,29.92,30.68,29.6,30.38,73804
2024-09-20,30.27,30.75,30.07,30.49,51080
2024-09-23,30.49,30.66,30.35,30.51,37916
2024-09-24,30.75,31.77,30.63,31.77,109937
2024-09-25,31.95,32.61,31.83,31.99,122921
2024-09-26,31.98,33.4,31.83,33.36,139788
2024-09-27,33.67,35.38,33.66,35.19,184755
2024-09-30,36.49,38.28,36.04,37.91,497480
2024-10-08,41.51,41.75,36.66,38.42,625072
2024-10-09,37.74,37.74,34.97,34.98,348016
2024-10-10,35.07,36.09,34.74,35.39,205149
2024-10-11,35.38,35.69,34.5,34.76,138841
2024-10-14,34.76,34.93,34.02,34.59,157292
2024-10-15,34.57,34.85,34.07,34.07,107142
2024-10-16,33.83,34.17,33.51,33.75,101710
2024-10-17,33.77,33.93,33.37,33.42,98392
2024-10-18,33.42,34.76,33.16,34.29,167833
2024-10-21,34.52,34.99,34.13,34.47,154094
2024-10-22,34.47,34.63,34.16,34.59,106117
2024-10-23,34.61,35.26,34.5,35.09,144258
2024-10-24,35.02,35.22,34.51,34.58,85350
2024-10-25,34.59,35.02,34.59,34.81,100010
2024-10-28,34.83,35.21,34.69,35.15,97536
2024-10-29,35.28,35.36,34.65,34.76,107614
2024-10-30,34.59,34.96,34.44,34.75,86151
2024-10-31,34.63,34.63,33.99,34.45,130819
2024-11-01,34.45,34.56,34.01,34.41,120406
2024-11-04,34.41,34.59,34.27,34.59,89770
2024-11-05,34.6,35.24,34.39,35.23,162008
2024-11-06,35.19,35.59,35.03,35.21,147314
2024-11-07,34.99,36.27,34.95,36.26,210152
2024-11-08,36.59,36.68,35.86,36.02,169743
2024-11-11,35.79,36.24,35.66,36.08,123965
2024-11-12,36.0,36.58,35.67,35.84,180779
2024-11-13,35.73,36.25,35.64,35.9,111731
2024-11-14,35.9,35.95,35.49,35.5,109581
2024-11-15,35.47,36.46,35.39,35.78,146889
2024-11-18,35.78,36.34,35.52,35.67,154678
2024-11-19,35.77,35.86,34.96,35.45,125596
2024-11-20,35.39,35.74,35.14,35.51,82804
2024-11-21,35.49,35.66,35.09,35.32,75640
2024-11-22,35.2,35.49,34.3,34.31,107780
2024-11-25,34.1,34.88,33.61,33.94,132558
2024-11-26,33.94,34.59,33.84,34.04,91308
2024-11-27,34.04,34.29,33.8,34.28,85995
2024-11-28,34.29,34.54,34.14,34.31,73264
2024-11-29,34.28,34.62,34.21,34.4,84509
2024-12-02,34.44,35.44,34.43,35.18,124382
2024-12-03,35.06,35.38,34.91,35.16,64549
2024-12-04,35.15,35.22,34.49,34.57,71160
2024-12-05,34.44,34.64,34.41,34.49,48589
2024-12-06,34.55,35.05,34.55,35.01,78209
2024-12-09,34.89,35.47,34.87,35.02,101477
2024-12-10,35.79,36.04,35.04,35.08,157390
2024-12-11,34.99,35.38,34.99,35.33,71552
2024-12-12,35.34,35.64,35.2,35.64,105451
2024-12-13,35.46,35.59,35.17,35.22,115120
2024-12-16,35.37,35.44,34.68,34.8,69975
2024-12-17,34.81,34.98,34.42,34.46,80416
2024-12-18,34.67,34.77,34.25,34.35,72148
2024-12-19,34.3,34.31,33.54,33.95,118873
2024-12-20,33.94,34.17,33.81,34.0,60419
2024-12-23,34.36,35.02,34.12,34.16,106222
2024-12-24,34.16,34.65,34.0,34.61,76277
2024-12-25,34.59,34.84,34.31,34.79,80649
2024-12-26,34.79,34.93,34.43,34.45,68780
2024-12-27,34.47,34.85,34.38,34.73,66404
2024-12-30,34.65,34.78,34.24,34.3,84584
2024-12-31,34.32,34.38,33.62,33.64,109295
2025-01-02,33.74,33.86,32.58,32.8,143280
2025-01-03,32.89,32.95,32.49,32.59,83527
2025-01-06,32.6,32.84,32.41,32.59,79489
2025-01-07,32.59,32.71,32.08,32.5,85961
2025-01-08,32.49,32.55,32.03,32.37,59591
2025-01-09,32.38,32.42,32.1,32.16,54480
2025-01-10,32.22,32.47,31.86,31.86,53988
2025-01-13,31.73,31.98,31.67,31.89,51902
2025-01-14,31.89,32.76,31.87,32.7,88977
2025-01-15,32.64,32.97,32.57,32.83,67652
2025-01-16,32.89,33.16,32.54,32.69,60144
2025-01-17,32.59,32.97,32.51,32.69,48870
2025-01-20,32.92,33.17,32.55,32.58,69548
2025-01-21,32.76,32.89,32.57,32.69,43304
2025-01-22,32.74,32.97,32.62,32.82,65227
2025-01-23,32.99,33.25,32.73,32.74,75792
2025-01-24,32.64,32.87,32.53,32.83,73202
2025-01-27,32.85,33.04,32.63,32.65,70232
2025-02-05,32.84,32.88,32.4,32.5,60140
2025-02-06,32.4,32.69,32.2,32.61,63477
2025-02-07,32.61,32.91,32.47,32.79,88445
2025-02-10,32.78,33.06,32.67,32.97,85420
2025-02-11,32.97,33.03,32.5,32.52,86807
2025-02-12,32.5,32.57,32.33,32.53,73442
2025-02-13,32.49,32.65,32.44,32.5,80397
2025-02-14,32.47,32.57,32.26,32.48,77365
2025-02-17,32.48,32.54,32.34,32.39,82433
2025-02-18,32.39,32.43,32.05,32.09,89005
2025-02-19,32.08,32.16,31.87,32.04,78601
2025-02-20,31.99,32.14,31.81,32.04,64629
2025-02-21,32.02,32.28,31.97,32.21,89566
2025-02-24,32.22,32.47,32.13,32.33,103519
2025-02-25,32.15,32.19,31.89,31.96,98346
2025-02-26,31.99,32.04,31.81,32.01,72270
2025-02-27,31.99,32.37,31.97,32.3,108591
2025-02-28,32.19,32.38,31.84,31.98,89884
2025-03-03,31.98,32.07,31.81,31.87,71499
2025-03-04,31.79,31.89,31.7,31.89,50308
2025-03-05,31.89,31.94,31.64,31.75,62997
2025-03-06,31.83,31.87,31.59,31.84,95286
2025-03-07,31.78,31.85,31.62,31.68,80591
2025-03-10,31.68,31.7,31.55,31.63,66433
2025-03-11,31.5,31.71,31.47,31.71,74157
2025-03-12,31.78,31.8,31.6,31.62,65526
2025-03-13,31.65,31.71,31.45,31.51,82779
2025-03-14,31.52,31.97,31.5,31.96,125953
2025-03-17,32.07,32.43,32.07,32.18,108577
2025-03-18,32.2,32.3,32.09,32.15,60256
2025-03-19,32.15,32.26,31.97,32.06,64848
2025-03-20,32.01,32.16,31.93,31.97,52512
2025-03-21,31.98,32.26,31.79,31.86,90071
2025-03-24,31.84,32.12,31.76,31.96,68340
2025-03-25,31.98,32.42,31.76,32.35,100635
2025-03-26,32.35,32.39,32.16,32.18,63660
2025-03-27,32.18,32.26,32.04,32.19,51383
2025-03-28,32.2,32.24,31.94,31.99,50251
2025-03-31,32.09,32.27,31.76,31.82,68170
2025-04-01,31.87,32.13,31.78,32.09,62203
2025-04-02,32.07,32.08,31.75,31.88,67362
2025-04-03,31.7,32.09,31.69,31.87,66728
2025-04-07,30.79,31.17,29.17,30.15,248833
2025-04-08,29.99,31.12,29.97,31.12,173843
2025-04-09,30.89,32.98,30.5,32.65,289219
2025-04-10,32.69,32.76,31.79,32.51,227229
2025-04-11,32.32,32.33,32.04,32.15,100467
2025-04-14,32.11,32.27,32.07,32.14,74275
2025-04-15,32.05,32.09,31.54,31.67,93785
2025-04-16,31.56,32.19,31.5,32.19,113797
2025-04-17,32.1,32.44,31.93,32.44,93035
2025-04-18,32.29,32.29,31.9,32.01,57865
2025-04-21,32.01,32.09,31.71,31.89,48996
2025-04-22,31.85,31.99,31.74,31.8,43923
2025-04-23,31.84,31.95,31.56,31.57,60452
2025-04-24,31.6,31.77,31.53,31.58,43646
2025-04-25,31.57,31.78,31.53,31.75,48732
2025-04-28,31.81,31.89,31.62,31.67,56597
2025-04-29,31.67,31.69,31.51,31.57,48357
2025-04-30,31.54,31.71,31.37,31.59,53208
2025-05-06,31.66,31.94,31.61,31.74,69014
2025-05-07,31.99,32.03,31.66,31.83,88014
2025-05-08,31.67,31.86,31.54,31.81,51277
2025-05-09,31.8,31.84,31.57,31.57,51070
2025-05-12,31.67,31.74,31.55,31.74,68743
2025-05-13,31.84,31.95,31.74,31.74,72753
2025-05-14,31.62,32.05,31.58,32.05,96954
2025-05-15,32.04,32.37,31.97,32.09,99743
2025-05-16,32.18,32.19,31.88,32.04,54668
2025-05-19,32.04,32.24,31.9,32.16,57456
2025-05-20,32.17,32.28,31.98,32.16,56731
2025-05-21,32.11,32.28,32.01,32.19,65069
2025-05-22,32.17,32.37,32.15,32.28,70563
2025-05-23,32.27,32.37,31.88,31.88,68077
2025-05-26,31.86,32.14,31.78,32.05,50105
2025-05-27,31.98,32.3,31.98,32.06,54799
2025-05-28,32.13,32.19,31.9,32.1,47385
2025-05-29,32.14,32.23,31.9,32.02,57153
2025-05-30,31.94,32.11,31.85,31.85,48133
2025-06-03,31.84,32.02,31.72,31.99,57060
2025-06-04,31.98,32.04,31.82,32.0,56634
2025-06-05,31.99,32.18,31.94,31.96,67317
2025-06-06,31.96,32.01,31.74,31.87,68578
2025-06-09,31.87,32.09,31.82,32.05,60421
2025-06-10,32.04,32.09,31.82,31.87,57168
2025-06-11,31.89,32.34,31.82,32.27,93975
2025-06-12,32.1,32.25,31.94,31.99,66081
2025-06-13,31.81,31.94,31.56,31.57,98473
2025-06-16,31.55,31.57,31.3,31.41,62977
2025-06-17,31.39,31.51,31.21,31.28,67676
2025-06-18,31.29,31.32,30.99,31.05,70569
2025-06-19,31.0,31.14,30.77,30.82,52501
2025-06-20,30.85,31.08,30.82,30.87,40900
2025-06-23,30.77,30.93,30.56,30.78,58363
2025-06-24,30.98,31.24,30.95,31.17,71769
2025-06-25,31.17,31.31,31.07,31.29,64053
2025-06-26,31.28,31.35,31.15,31.26,44956
2025-06-27,31.19,31.34,31.15,31.26,53769
2025-06-30,31.29,31.33,31.15,31.26,52852
2025-07-01,31.3,31.3,31.06,31.1,59813
2025-07-02,31.1,31.14,30.97,31.04,40316
2025-07-03,31.05,31.15,31.02,31.14,36651
2025-07-04,31.17,31.25,31.06,31.06,60863
2025-07-07,31.07,31.13,30.93,30.97,49452
2025-07-08,30.97,31.09,30.95,31.08,50887
2025-07-09,31.09,31.27,31.01,31.18,62322
2025-07-10,31.19,31.31,31.1,31.22,67584
2025-07-11,31.22,31.54,31.19,31.19,123695
2025-07-14,31.25,31.56,31.24,31.32,86676
2025-07-15,31.34,31.41,31.1,31.22,69604
2025-07-16,31.22,31.35,31.19,31.28,43374
2025-07-17,31.23,31.34,31.22,31.32,45495
2025-07-18,31.31,31.64,31.31,31.63,88990
2025-07-21,31.64,31.71,31.52,31.67,77471
2025-07-22,31.68,31.89,31.67,31.88,103911
2025-07-23,31.95,32.23,31.88,31.9,133575
2025-07-24,31.91,32.78,31.84,32.72,265382
2025-07-25,32.71,32.71,32.23,32.25,166574
2025-07-28,32.31,32.43,32.07,32.22,95097
2025-07-29,32.22,32.37,31.95,32.04,86648
2025-07-30,32.1,32.35,32.02,32.16,83160
2025-07-31,32.09,32.14,31.59,31.67,110876
2025-08-01,31.6,31.83,31.56,31.63,65497
2025-08-04,31.63,31.7,31.48,31.6,67409
2025-08-05,31.64,31.85,31.59,31.83,66546
2025-08-06,31.85,31.85,31.66,31.72,72493
2025-08-07,31.74,31.84,31.65,31.76,75650
2025-08-08,31.84,31.84,31.56,31.7,56747
2025-08-11,31.69,31.83,31.61,31.69,78459
2025-08-12,31.69,31.78,31.59,31.63,90694
2025-08-13,31.66,31.77,31.57,31.62,109434
2025-08-14,31.66,31.74,31.55,31.65,104795
2025-08-15,31.56,31.82,31.4,31.59,127507
2025-08-18,31.64,32.07,31.64,31.66,176103
2025-08-19,31.74,31.89,31.66,31.66,118857
2025-08-20,31.67,32.08,31.55,32.08,142311
2025-08-21,32.19,32.48,32.14,32.26,155805
2025-08-22,32.29,32.31,32.08,32.29,114999
2025-08-25,32.42,32.58,32.31,32.58,152928
2025-08-26,32.51,33.07,32.35,32.94,210368
2025-08-27,32.84,33.03,32.3,32.31,191184
2025-08-28,32.3,32.74,32.09,32.44,158960
2025-08-29,32.44,32.94,32.06,32.11,229443
2025-09-01,32.19,32.47,31.96,32.15,187474
2025-09-02,32.16,32.23,31.82,31.96,128108
2025-09-03,32.02,32.15,31.51,31.74,157538
2025-09-04,31.67,31.7,31.37,31.52,135957
2025-09-05,31.59,31.73,31.47,31.71,114355
2025-09-08,31.72,32.36,31.71,32.35,186211
2025-09-09,32.26,32.31,32.02,32.17,78714
2025-09-10,32.07,32.21,31.92,31.95,73843
2025-09-11,31.93,32.04,31.71,32.03,107035
2025-09-12,31.98,32.23,31.78,31.87,107409
2025-09-15,31.85,32.01,31.82,31.87,74811
2025-09-16,31.9,32.04,31.77,31.85,80134
2025-09-17,31.94,32.33,31.79,32.18,131697
2025-09-18,32.15,32.17,31.62,31.73,146164
2025-09-19,31.88,32.14,31.69,32.09,133497
2025-09-22,32.1,32.15,31.71,31.84,105554
2025-09-23,31.81,31.82,31.37,31.67,116547
2025-09-24,31.65,31.74,31.54,31.72,68678
2025-09-25,31.72,31.72,31.39,31.52,105102
2025-09-26,31.47,31.57,31.36,31.45,74414
2025-09-29,31.41,31.72,31.25,31.68,121398
2025-09-30,31.6,31.76,31.48,31.68,84105
2025-10-09,31.68,31.77,31.33,31.74,123015
2025-10-10,31.67,31.83,31.51,31.67,92476
2025-10-13,31.21,31.54,31.07,31.31,117448
2025-10-14,31.36,31.6,31.29,31.38,99849
2025-10-15,31.3,31.67,31.29,31.67,91362
2025-10-16,31.67,31.75,31.51,31.6,66068
2025-10-17,31.64,31.82,31.3,31.32,95067
2025-10-20,31.56,31.56,31.2,31.43,84606
2025-10-21,31.54,31.54,31.32,31.4,69771
2025-10-22,31.35,31.37,31.24,31.27,63660
2025-10-23,31.26,31.42,31.2,31.38,61307
2025-10-24,31.38,31.48,31.3,31.37,51845
2025-10-27,31.37,31.43,31.32,31.37,71667
2025-10-28,31.42,31.62,31.36,31.5,82529
2025-10-29,31.5,31.61,31.4,31.6,71234
2025-10-30,31.53,31.9,31.51,31.67,97134
2025-10-31,31.95,32.4,31.79,32.29,224201
2025-11-03,32.15,32.3,32.05,32.24,108070
2025-11-04,32.27,32.54,31.98,32.08,115775
2025-11-05,31.92,32.44,31.73,32.25,139108
2025-11-06,32.25,32.33,31.95,32.03,100391
2025-11-07,32.0,32.35,31.96,32.23,81704
2025-11-10,32.3,33.38,32.11,33.26,355283
2025-11-11,33.13,33.75,33.07,33.53,288005
2025-11-12,33.62,34.66,33.62,33.96,304781
2025-11-13,33.85,34.58,33.78,34.55,264203
2025-11-14,34.49,34.92,34.13,34.23,195629
2025-11-17,33.84,33.87,33.43,33.59,179404
2025-11-18,33.72,33.79,32.99,33.14,149531
2025-11-19,33.29,33.33,32.6,32.64,140399
2025-11-20,32.75,32.96,32.55,32.58,116852
2025-11-21,32.35,32.71,32.0,32.01,155267
2025-11-24,32.05,32.21,31.53,31.54,175756
2025-11-25,31.61,31.74,31.5,31.55,143306
2025-11-26,31.65,31.88,31.58,31.74,110109
2025-11-27,31.74,31.78,31.5,31.64,80459
2025-11-28,31.54,31.69,31.45,31.66,67791
2025-12-01,31.51,31.94,31.4,31.89,147958
2025-12-02,31.83,31.86,31.63,31.83,72222
2025-12-03,31.84,32.11,31.7,32.02,96095
2025-12-04,32.0,32.07,31.76,31.89,74667
2025-12-05,31.8,31.89,31.64,31.81,69837
2025-12-08,32.0,32.22,31.81,32.15,111337
2025-12-09,32.23,32.23,31.82,31.84,80700
2025-12-10,31.83,32.48,31.8,32.39,147300
2025-12-11,32.25,32.41,31.98,32.01,91858
2025-12-12,31.88,31.89,30.83,31.02,370270
2025-12-15,30.71,31.05,30.71,30.75,115439
2025-12-16,30.72,30.95,30.56,30.73,102341
2025-12-17,30.85,31.09,30.61,30.91,89596
2025-12-18,31.8,33.16,31.7,33.11,505923
2025-12-19,33.03,33.72,32.8,33.57,358457
2025-12-22,33.73,33.98,33.42,33.44,254382
2025-12-23,33.44,33.65,33.1,33.2,189792
2025-12-24,33.1,33.83,33.0,33.65,196601
2025-12-25,33.55,34.16,33.55,33.78,144965
2025-12-26,33.65,33.91,33.21,33.38,125444
2025-12-29,33.38,33.78,33.31,33.39,107473
2025-12-30,33.3,33.43,32.51,32.79,157596
2025-12-31,32.7,32.86,32.4,32.76,99390
