date,open,high,low,close,volume
2015-01-05,3.48,3.62,3.39,3.59,293244
2015-01-06,3.59,3.82,3.59,3.81,518208
2015-01-07,3.76,3.89,3.71,3.84,386412
2015-01-08,3.84,3.97,3.74,3.81,490735
2015-01-09,3.81,3.97,3.78,3.79,425857
2015-01-12,3.77,3.91,3.66,3.76,339652
2015-01-13,3.71,3.98,3.67,3.97,545876
2015-01-14,3.97,3.99,3.84,3.91,372380
2015-01-15,3.94,4.05,3.83,3.97,542509
2015-01-16,3.93,4.03,3.89,3.93,318375
2015-01-19,3.7,3.79,3.38,3.38,505833
2015-01-20,3.43,3.59,3.39,3.55,286785
2015-01-21,3.55,3.69,3.54,3.68,235851
2015-01-22,3.66,3.84,3.65,3.81,281160
2015-01-23,3.81,3.92,3.74,3.79,343219
2015-01-26,3.81,3.99,3.77,3.97,450353
2015-01-27,3.98,4.34,3.94,4.2,952862
2015-01-28,4.12,4.17,4.04,4.07,496157
2015-01-29,4.01,4.14,3.95,4.01,329774
2015-01-30,4.02,4.09,3.89,3.91,268654
2015-02-02,3.87,4.11,3.84,4.06,331855
2015-02-03,4.07,4.13,4.03,4.07,299603
2015-02-04,4.05,4.18,4.01,4.04,322275
2015-02-05,4.08,4.1,3.85,3.86,295571
2015-02-06,3.84,3.9,3.67,3.71,238113
2015-02-09,3.67,3.76,3.62,3.71,111751
2015-02-10,3.7,3.79,3.7,3.74,114326
2015-02-11,3.74,3.81,3.66,3.68,214929
2015-02-12,3.68,3.71,3.61,3.67,155790
2015-02-13,3.7,3.81,3.7,3.8,204675
2015-02-16,3.81,3.89,3.81,3.88,198021
2015-02-17,3.88,4.19,3.88,4.04,475359
2015-02-25,4.05,4.2,4.01,4.17,310976
2015-02-26,4.16,4.21,4.07,4.17,350292
2015-02-27,4.17,4.31,4.11,4.21,452110
2015-03-02,4.25,4.41,4.16,4.33,469152
2015-03-03,4.33,4.34,4.1,4.12,467245
2015-03-04,4.16,4.69,4.08,4.68,1223652
2015-03-05,4.53,4.67,4.49,4.59,687459
2015-03-06,4.61,4.67,4.45,4.54,442968
2015-03-09,4.55,4.61,4.41,4.57,303825
2015-03-10,4.58,4.74,4.55,4.59,491962
2015-03-11,4.56,4.57,4.44,4.48,310227
2015-03-12,4.47,4.65,4.44,4.52,268532
2015-03-13,4.54,4.58,4.45,4.51,225863
2015-03-16,4.51,4.74,4.51,4.71,387156
2015-03-17,4.74,4.83,4.63,4.71,405826
2015-03-18,4.67,4.81,4.67,4.8,406692
2015-03-19,4.81,5.0,4.76,4.84,497173
2015-03-20,4.84,4.9,4.75,4.81,359028
2015-03-23,4.81,5.13,4.73,5.01,677264
2015-03-24,4.97,5.07,4.77,4.91,575190
2015-03-25,4.91,5.11,4.8,4.97,499850
2015-03-26,4.92,5.17,4.85,5.05,473301
2015-03-27,5.03,5.05,4.89,4.96,313983
2015-03-30,4.96,5.11,4.95,5.07,434853
2015-03-31,5.1,5.44,5.03,5.23,891061
2015-04-01,5.24,5.48,5.2,5.41,567974
2015-04-02,5.45,5.65,5.36,5.58,584160
2015-04-03,5.56,5.68,5.45,5.57,440816
2015-04-07,5.61,6.01,5.61,5.87,593523
2015-04-08,5.87,5.87,5.48,5.64,540693
2015-04-09,5.63,5.63,5.24,5.47,563192
2015-04-10,5.44,5.67,5.41,5.58,364270
2015-04-13,5.6,5.8,5.5,5.77,499444
2015-04-14,5.71,5.75,5.57,5.62,372330
2015-04-15,5.54,5.54,5.24,5.24,459306
2015-04-16,5.11,5.46,5.01,5.35,365678
2015-04-17,5.37,5.45,5.21,5.37,484098
2015-04-20,5.27,5.44,5.11,5.13,493136
2015-04-21,5.13,5.4,5.12,5.36,379608
2015-04-22,5.44,5.63,5.37,5.57,538093
2015-04-23,5.58,6.27,5.52,6.24,1112697
2015-04-24,6.05,6.23,5.87,6.03,813455
2015-04-27,6.04,6.15,5.89,6.01,667935
2015-04-28,5.99,6.29,5.86,6.01,681437
2015-04-29,6.08,6.45,5.87,6.29,838416
2015-04-30,6.24,6.39,6.02,6.04,488058
2015-05-04,6.04,6.12,5.89,5.98,314898
2015-05-05,5.93,5.98,5.49,5.53,506979
2015-05-06,5.54,5.66,5.25,5.34,399894
2015-05-07,5.34,5.43,5.13,5.16,262530
2015-05-08,5.21,5.37,5.17,5.34,265637
2015-05-11,5.41,5.85,5.34,5.71,449294
2015-05-12,5.76,5.88,5.54,5.71,415417
2015-05-13,5.66,6.0,5.6,5.88,524179
2015-05-14,5.82,6.01,5.67,5.95,484038
2015-05-15,5.97,5.99,5.62,5.63,379399
2015-05-18,5.48,5.74,5.47,5.57,277215
2015-05-19,5.61,5.97,5.61,5.83,431002
2015-05-20,5.85,6.3,5.76,5.94,727800
2015-05-21,5.98,6.41,5.87,6.34,825490
2015-05-22,6.34,7.07,6.1,6.74,1189239
2015-05-25,6.69,7.27,6.62,7.07,886431
2015-05-26,7.1,7.23,6.87,7.05,715649
2015-05-27,7.05,7.14,6.78,7.09,734583
2015-05-28,7.22,7.73,6.97,7.06,1366787
2015-05-29,7.24,7.53,6.39,6.94,700326
2015-06-01,7.16,7.77,6.99,7.64,1426902
2015-06-02,7.54,7.86,7.4,7.84,1025138
2015-06-03,7.84,7.85,7.47,7.57,712125
2015-06-04,7.54,7.57,6.7,7.31,719007
2015-06-05,7.39,7.91,7.39,7.71,852185
2015-06-08,7.74,8.63,7.64,8.62,1451922
2015-06-09,8.54,8.85,8.03,8.52,1207889
2015-06-10,8.31,8.88,8.16,8.72,946558
2015-06-11,8.74,9.29,8.55,9.14,792752
2015-06-12,9.01,9.52,9.01,9.12,707246
2015-06-15,9.19,9.31,8.54,8.61,810176
2015-06-16,8.42,8.54,7.94,7.99,511192
2015-06-17,7.89,8.91,7.84,8.8,569319
2015-06-18,8.74,9.11,8.37,8.45,583771
2015-06-19,8.12,8.38,7.46,7.46,599559
2015-06-23,7.43,7.68,6.61,7.57,472026
2015-06-24,7.69,8.39,7.6,8.31,734462
2015-06-25,8.14,8.35,7.62,7.78,626710
2015-06-26,7.4,7.56,6.86,6.86,571137
2015-06-29,7.18,7.18,6.03,6.5,687061
2015-06-30,6.49,7.11,5.76,7.02,662689
2015-07-01,6.91,7.58,6.46,6.57,607886
2015-07-02,6.62,6.84,5.77,5.79,748438
2015-07-03,5.43,5.97,5.07,5.07,601522
2015-07-06,5.71,5.71,4.41,4.63,803070
2015-07-07,4.32,4.36,4.02,4.02,385878
2015-07-13,4.57,4.57,4.57,4.57,18993
2015-07-14,5.17,5.17,5.17,5.17,93388
2015-07-15,5.47,5.47,4.51,4.51,932351
2015-07-16,4.51,4.91,4.04,4.69,625322
2015-07-17,4.71,5.24,4.71,5.18,467061
2015-07-20,5.21,5.5,5.14,5.35,476058
2015-07-21,5.24,5.67,5.09,5.64,506383
2015-07-22,5.64,5.96,5.52,5.86,522781
2015-07-23,5.85,6.36,5.5,6.31,474175
2015-07-24,6.24,6.43,5.95,6.21,484015
2015-07-27,6.11,6.97,6.03,6.27,817719
2015-07-28,6.11,6.77,5.77,6.64,739353
2015-07-29,6.73,7.44,6.71,7.42,765937
2015-07-30,7.48,8.14,7.41,7.8,887710
2015-07-31,7.57,7.78,7.37,7.63,519030
2015-08-03,7.52,7.96,7.33,7.65,492552
2015-08-04,7.71,8.04,6.77,7.87,578128
2015-08-05,7.88,8.75,7.69,8.56,685215
2015-08-06,8.37,8.54,8.08,8.47,442637
2015-08-07,8.51,8.77,8.31,8.67,395240
2015-08-10,8.67,9.53,8.6,9.51,578948
2015-08-11,9.53,10.61,9.39,10.61,799507
2015-08-12,10.31,10.82,10.04,10.55,636871
2015-08-13,10.7,11.75,10.54,11.75,943552
2015-08-25,10.43,10.43,10.43,10.43,114134
2015-08-26,9.24,9.24,9.24,9.24,29526
2015-08-27,8.17,8.45,8.17,8.17,444424
2015-08-28,7.7,9.13,7.23,9.06,1067449
2015-08-31,8.54,8.83,8.01,8.01,514902
2015-09-01,7.54,7.56,7.06,7.06,435409
2015-09-02,6.31,7.05,6.21,6.22,831439
2015-09-07,6.55,6.97,6.02,6.53,480833
2015-09-08,6.27,6.83,6.24,6.68,328747
2015-09-09,6.68,7.5,6.68,7.44,453748
2015-09-10,7.31,8.33,7.18,8.31,438415
2015-09-11,8.3,9.26,8.21,9.23,465823
2015-09-14,9.31,9.61,8.16,8.37,652926
2015-09-15,7.97,8.16,7.39,7.39,449203
2015-09-16,7.49,8.27,7.49,8.27,359257
2015-09-17,8.51,9.25,8.37,8.63,541393
2015-09-18,8.99,9.47,8.72,9.31,576975
2015-09-21,9.07,9.27,8.64,9.11,517551
2015-09-22,8.99,9.97,8.99,9.81,577095
2015-09-23,9.58,9.68,8.86,9.09,534511
2015-09-24,9.12,9.47,8.71,9.24,428871
2015-09-25,9.09,9.16,8.17,8.43,442352
2015-09-28,8.65,8.67,7.93,8.4,281471
2015-09-29,8.12,8.19,7.66,7.71,351286
2015-09-30,7.74,8.16,7.62,8.0,293431
2015-10-08,8.41,8.54,8.16,8.18,341086
2015-10-09,8.21,8.21,7.78,7.92,291914
2015-10-12,8.07,8.51,7.92,8.19,668767
2015-10-13,8.34,9.15,8.24,9.15,845878
2015-10-14,9.45,9.54,8.86,9.04,798471
2015-10-15,9.07,9.47,8.89,9.39,581799
2015-10-16,9.47,9.89,9.02,9.32,681035
2015-10-19,9.31,9.45,8.93,9.17,513111
2015-10-20,9.01,10.23,9.01,9.71,854158
2015-10-21,9.61,9.67,8.59,8.59,704227
2015-10-22,8.35,8.98,8.31,8.77,531964
2015-10-23,8.77,9.11,8.64,8.8,448051
2015-10-26,8.93,9.21,8.56,9.17,578576
2015-10-27,9.08,10.12,8.84,9.75,1167920
2015-10-28,9.47,9.98,8.81,9.0,846789
2015-10-29,9.12,9.17,8.67,8.92,424785
2015-10-30,8.81,9.29,8.71,8.86,422813
2015-11-02,8.65,8.96,8.47,8.57,468102
2015-11-03,8.57,8.68,8.01,8.25,448759
2015-11-04,8.33,8.8,8.32,8.78,380049
2015-11-05,8.77,8.91,8.6,8.68,474974
2015-11-06,8.69,9.09,8.62,9.01,466225
2015-11-09,8.98,9.49,8.94,9.3,509358
2015-11-10,9.16,9.67,9.14,9.38,432425
2015-11-11,9.41,9.77,9.27,9.65,493869
2015-11-12,9.68,10.76,9.47,10.76,878693
2015-11-13,10.85,11.98,10.67,11.98,1059527
2015-11-16,11.98,12.47,11.47,11.99,908767
2015-11-17,12.31,12.94,11.76,11.86,871584
2015-11-18,11.67,12.09,11.32,11.63,611322
2015-11-19,11.77,12.14,11.24,11.99,524949
2015-11-20,12.05,12.44,11.81,12.1,456938
2015-11-23,12.13,13.45,12.13,13.45,697590
2015-11-24,13.57,13.83,12.78,13.69,621503
2015-11-25,13.62,14.1,13.3,13.76,384826
2015-11-26,13.87,13.91,12.68,12.77,414252
2015-11-27,12.16,12.47,11.34,11.58,484253
2015-11-30,11.74,12.66,11.66,12.44,443478
2015-12-01,12.41,12.41,12.01,12.39,303411
2015-12-02,12.28,13.77,12.28,13.77,604576
2015-12-03,13.62,14.37,13.45,14.32,442047
2015-12-04,14.22,14.54,13.81,14.24,353338
2015-12-07,14.14,14.81,14.1,14.52,265381
2015-12-08,14.31,14.54,13.62,14.02,274693
2015-12-09,13.93,14.16,13.62,13.87,147209
2015-12-10,14.13,14.67,13.93,14.17,232490
2015-12-11,14.34,14.34,12.97,13.43,307265
2015-12-14,13.12,14.31,12.99,14.3,226245
2015-12-15,14.3,15.04,14.16,14.8,279444
2015-12-16,14.7,15.53,14.69,15.29,283293
2015-12-17,15.22,15.67,15.11,15.44,241618
2015-12-18,15.26,16.06,15.07,15.53,219367
2015-12-21,15.45,15.69,15.14,15.36,127750
2015-12-22,15.77,16.64,15.54,16.36,234436
2015-12-23,16.28,17.01,15.85,16.17,170369
2015-12-24,16.01,16.52,15.79,16.27,159299
2015-12-25,16.68,16.68,15.93,16.19,146239
2015-12-28,16.21,17.27,16.09,16.19,350232
2015-12-29,15.89,16.66,15.31,15.62,272254
2015-12-30,15.57,16.74,15.47,16.53,224300
2015-12-31,16.64,17.13,16.21,16.6,226598
2016-01-04,16.62,16.89,14.85,14.95,174813
2016-01-05,13.85,15.47,13.59,15.33,273096
2016-01-06,15.33,16.1,14.98,16.06,202319
2016-01-07,15.88,15.88,14.51,14.64,40801
2016-01-08,15.24,15.62,13.62,14.9,188840
2016-01-11,14.39,14.61,13.26,13.26,192321
2016-01-12,12.8,13.24,11.79,11.79,263578
2016-01-13,11.31,12.09,10.62,10.81,258119
2016-01-14,10.09,11.47,9.74,11.34,324336
2016-01-15,10.77,11.32,10.16,10.55,193703
2016-01-18,10.33,10.8,10.01,10.31,412431
2016-01-20,10.85,11.49,10.47,11.34,421698
2016-01-21,10.89,11.2,10.2,10.27,324980
2016-01-22,10.36,10.62,9.42,10.24,303555
2016-01-25,10.58,10.77,10.21,10.54,215730
2016-01-26,10.24,10.35,9.34,9.34,207707
2016-01-27,9.01,9.04,8.26,8.26,379621
2016-01-28,8.2,8.32,7.29,7.3,600530
2016-01-29,7.54,8.17,7.28,8.12,588853
2016-02-01,7.89,7.98,7.17,7.17,721863
2016-02-02,7.2,7.57,7.17,7.47,598068
2016-02-03,7.19,7.73,7.15,7.61,439185
2016-02-04,7.64,8.46,7.64,8.06,562551
2016-02-05,8.01,8.1,7.62,7.68,359357
2016-02-15,7.24,7.68,7.22,7.55,259353
2016-02-16,7.68,8.39,7.64,8.24,450978
2016-02-17,8.21,8.6,8.05,8.51,557778
2016-02-18,8.61,8.73,8.24,8.39,553541
2016-02-19,8.31,8.42,8.18,8.32,309125
2016-02-22,8.47,8.67,8.31,8.64,495761
2016-02-23,8.66,8.82,8.24,8.47,431962
2016-02-24,8.44,9.18,8.36,8.99,699285
2016-02-25,8.93,8.93,7.94,7.94,526563
2016-02-26,7.91,8.04,7.09,7.43,500666
2016-02-29,7.23,7.36,6.54,6.54,394445
2016-03-01,6.48,6.64,5.99,6.46,460240
2016-03-02,6.51,7.01,6.42,6.94,447836
2016-03-03,6.95,7.64,6.89,7.07,533343
2016-03-04,7.16,7.38,6.51,6.68,503548
2016-03-07,6.8,7.01,6.7,6.87,349435
2016-03-08,6.79,6.88,6.26,6.76,356079
2016-03-09,6.35,6.62,6.31,6.38,256219
2016-03-10,6.41,6.51,6.04,6.14,275137
2016-03-11,6.01,6.14,5.88,6.0,285810
2016-03-14,6.13,6.74,6.07,6.58,429130
2016-03-15,6.64,6.64,6.33,6.39,284372
2016-03-16,6.41,6.61,6.27,6.37,251860
2016-03-17,6.44,6.73,6.37,6.66,432977
2016-03-18,6.71,7.31,6.67,7.23,628195
2016-03-21,7.44,7.99,7.23,7.96,837157
2016-03-22,7.77,7.91,7.6,7.69,522440
2016-03-23,7.67,7.85,7.45,7.84,423304
2016-03-24,7.66,7.7,7.41,7.44,453980
2016-03-25,7.43,7.54,7.33,7.51,308095
2016-03-28,7.61,7.77,7.14,7.17,517113
2016-03-29,7.13,7.23,6.62,6.79,466187
2016-03-30,6.88,7.61,6.82,7.61,637900
2016-03-31,7.62,8.04,7.52,7.81,901772
2016-04-01,7.74,7.87,7.35,7.54,632865
2016-04-05,7.61,8.0,7.47,7.92,666763
2016-04-06,7.93,8.16,7.71,7.91,598484
2016-04-07,7.94,8.04,7.54,7.61,573986
2016-04-08,7.49,7.53,7.22,7.41,414254
2016-04-11,7.54,7.75,7.52,7.65,399743
2016-04-12,7.62,7.65,7.31,7.51,330660
2016-04-13,7.57,8.2,7.57,7.93,862122
2016-04-14,8.19,8.19,7.89,8.11,689393
2016-04-15,8.08,8.08,7.92,8.04,401486
2016-04-18,7.97,8.45,7.79,8.31,647490
2016-04-19,8.33,8.48,8.14,8.21,496429
2016-04-20,8.27,8.31,7.36,7.52,658285
2016-04-21,7.61,7.97,7.51,7.66,521493
2016-04-22,7.62,7.85,7.47,7.72,349295
2016-04-25,7.54,7.54,7.07,7.26,421861
2016-04-26,7.26,7.37,7.04,7.27,344153
2016-04-27,7.3,7.31,7.09,7.11,259458
2016-04-28,7.14,7.17,6.77,7.05,296415
2016-04-29,7.02,7.15,6.89,6.94,203290
2016-05-03,7.0,7.27,6.91,7.25,316651
2016-05-04,7.2,7.3,7.08,7.14,324796
2016-05-05,7.14,7.23,7.08,7.17,233998
2016-05-06,7.17,7.2,6.51,6.52,460490
2016-05-09,6.46,6.46,6.07,6.17,309016
2016-05-10,6.13,6.27,6.07,6.21,181100
2016-05-11,6.25,6.29,6.07,6.09,174715
2016-05-12,5.96,6.01,5.74,6.01,180573
2016-05-13,6.01,6.33,5.94,6.31,287213
2016-05-16,6.31,6.41,6.21,6.4,231069
2016-05-17,6.37,6.39,6.21,6.23,215094
2016-05-18,6.09,6.14,5.76,5.9,213232
2016-05-19,5.97,6.11,5.9,5.93,167647
2016-05-20,5.91,6.35,5.81,6.28,289966
2016-05-23,6.45,6.46,6.21,6.27,255955
2016-05-24,6.24,6.37,6.15,6.23,195772
2016-05-25,6.31,6.34,6.04,6.11,175693
2016-05-26,6.11,6.2,5.93,6.16,180830
2016-05-27,6.14,6.15,6.01,6.07,152573
2016-05-30,6.01,6.07,5.88,5.97,108852
2016-05-31,6.04,6.36,6.01,6.35,310579
2016-06-01,6.36,6.52,6.3,6.37,284005
2016-06-02,6.37,6.73,6.33,6.62,380189
2016-06-03,6.62,6.63,6.44,6.51,270012
2016-06-06,6.55,6.7,6.5,6.63,237630
2016-06-07,6.63,6.64,6.51,6.54,190183
2016-06-08,6.54,6.57,6.4,6.44,160816
2016-06-13,6.28,6.33,5.85,5.87,272233
2016-06-14,5.87,5.97,5.85,5.94,127809
2016-06-15,5.86,6.39,5.77,6.22,242102
2016-06-16,6.24,6.47,6.17,6.26,273522
2016-06-17,6.31,6.92,6.31,6.61,521336
2016-06-20,6.62,6.75,6.39,6.64,356064
2016-06-21,6.66,7.05,6.57,6.92,600228
2016-06-22,6.81,6.96,6.7,6.92,386428
2016-06-23,6.91,6.91,6.66,6.71,290674
2016-06-24,6.72,6.8,6.08,6.47,400067
2016-06-27,6.43,6.91,6.36,6.85,341583
2016-06-28,6.77,6.91,6.66,6.87,283986
2016-06-29,6.88,7.12,6.79,6.88,347564
2016-06-30,6.94,6.97,6.74,6.8,210183
2016-07-01,6.81,6.89,6.64,6.69,171997
2016-07-04,6.62,6.93,6.57,6.82,258963
2016-07-05,6.84,7.25,6.82,7.17,559490
2016-07-06,7.09,7.17,6.99,7.14,273384
2016-07-07,7.09,7.12,6.93,7.01,248949
2016-07-08,6.98,7.28,6.97,7.09,339962
2016-07-11,7.16,7.16,6.93,6.95,345368
2016-07-12,6.9,7.01,6.77,7.01,299232
2016-07-13,7.03,7.18,6.94,7.15,326453
2016-07-14,7.17,7.17,7.02,7.13,180716
2016-07-15,7.14,7.27,7.03,7.15,307926
2016-07-18,7.1,7.3,6.91,7.23,363701
2016-07-19,7.24,7.26,7.08,7.23,262331
2016-07-20,7.21,7.26,7.08,7.08,233423
2016-07-21,7.05,7.16,7.01,7.06,188122
2016-07-22,7.08,7.12,6.93,6.93,202340
2016-07-25,6.92,7.0,6.85,6.89,142217
2016-07-26,6.88,7.08,6.88,7.07,164758
2016-07-27,7.09,7.11,6.47,6.53,346416
2016-07-28,6.54,6.6,6.24,6.35,215308
2016-07-29,6.41,6.52,6.3,6.33,154731
2016-08-01,6.37,6.52,6.17,6.5,198554
2016-08-02,6.39,6.52,6.39,6.51,124730
2016-08-03,6.49,6.55,6.43,6.45,109547
2016-08-04,6.49,6.56,6.33,6.47,122856
2016-08-05,6.47,6.5,6.4,6.41,94123
2016-08-08,6.41,6.51,6.32,6.51,111284
2016-08-09,6.51,6.59,6.44,6.54,164039
2016-08-10,6.56,6.58,6.46,6.55,143641
2016-08-11,6.5,6.6,6.49,6.53,148405
2016-08-12,6.52,6.62,6.43,6.58,157754
2016-08-15,6.57,6.8,6.47,6.73,222102
2016-08-16,6.75,6.86,6.68,6.7,175579
2016-08-17,6.66,6.71,6.6,6.65,155823
2016-08-18,6.67,6.69,6.58,6.65,177183
2016-08-19,6.63,6.65,6.57,6.63,98538
2016-08-22,6.64,6.65,6.51,6.51,98531
2016-08-23,6.53,6.64,6.49,6.56,87339
2016-08-24,6.56,6.67,6.55,6.57,85357
2016-08-25,6.51,6.51,6.27,6.33,215030
2016-08-26,6.35,6.42,6.33,6.34,107265
2016-08-29,6.35,6.48,6.34,6.46,94143
2016-08-30,6.5,6.69,6.41,6.6,249862
2016-08-31,6.53,6.56,6.44,6.54,144164
2016-09-01,6.57,6.78,6.52,6.62,315980
2016-09-02,6.66,6.79,6.63,6.74,301823
2016-09-05,6.86,6.88,6.61,6.63,220455
2016-09-06,6.63,6.72,6.51,6.69,173435
2016-09-07,6.67,7.04,6.67,6.96,453706
2016-09-08,6.93,6.97,6.84,6.96,219481
2016-09-09,6.96,7.05,6.78,6.81,261795
2016-09-12,6.64,6.72,6.43,6.51,221542
2016-09-13,6.58,6.58,6.45,6.52,111444
2016-09-14,6.4,6.5,6.35,6.42,126416
2016-09-19,6.44,6.53,6.44,6.47,84142
2016-09-20,6.45,6.56,6.44,6.48,84718
2016-09-21,6.47,6.54,6.4,6.44,88696
2016-09-22,6.69,7.23,6.62,6.97,659822
2016-09-23,6.92,7.18,6.84,7.07,539512
2016-09-26,6.97,7.29,6.94,7.02,432081
2016-09-27,7.06,7.22,6.86,7.21,391520
2016-09-28,7.16,7.4,7.12,7.27,466491
2016-09-29,7.24,7.3,7.13,7.14,308577
2016-09-30,7.14,7.17,7.05,7.12,239917
2016-10-10,7.17,7.36,7.07,7.34,389469
2016-10-11,7.29,7.36,7.22,7.25,319723
2016-10-12,7.22,7.24,7.11,7.13,234261
2016-10-13,7.1,7.27,7.02,7.19,274768
2016-10-14,7.17,7.19,7.02,7.05,152414
2016-10-17,7.08,7.14,6.86,6.88,240378
2016-10-18,6.86,7.01,6.86,6.99,182110
2016-10-19,6.97,7.05,6.91,6.92,157661
2016-10-20,6.92,7.12,6.92,7.06,295761
2016-10-21,7.02,7.04,6.78,6.85,237487
2016-10-24,6.83,6.97,6.77,6.93,188672
2016-10-25,6.93,7.04,6.93,6.96,148996
2016-10-26,6.92,6.93,6.77,6.85,180438
2016-10-27,6.86,6.91,6.82,6.9,119098
2016-10-28,6.9,6.96,6.75,6.77,157513
2016-10-31,6.77,7.02,6.74,6.98,261257
2016-11-01,6.99,7.02,6.9,7.01,179292
2016-11-02,6.97,6.98,6.82,6.85,163109
2016-11-03,6.84,6.96,6.81,6.86,164910
2016-11-04,6.86,7.17,6.84,7.02,416724
2016-11-07,7.05,7.21,7.01,7.1,328087
2016-11-08,7.13,7.14,7.04,7.07,184435
2016-11-09,7.09,7.35,7.01,7.27,575046
2016-11-10,7.34,7.38,7.21,7.3,386448
2016-11-11,7.27,7.33,7.15,7.21,334571
2016-11-14,7.22,7.51,7.13,7.43,476892
2016-11-15,7.39,7.51,7.34,7.41,285714
2016-11-16,7.41,7.42,7.21,7.28,272575
2016-11-17,7.25,7.32,7.16,7.21,171093
2016-11-18,7.21,7.24,7.1,7.11,171280
2016-11-21,7.1,7.18,7.09,7.14,143148
2016-11-22,7.15,7.22,7.11,7.21,145328
2016-11-23,7.23,7.25,7.01,7.01,221418
2016-11-24,7.02,7.07,6.94,6.96,163071
2016-11-25,6.95,7.06,6.94,7.05,165802
2016-11-28,7.04,7.27,7.03,7.21,263258
2016-11-29,7.19,7.19,7.04,7.09,181789
2016-11-30,7.1,7.21,7.01,7.19,168656
2016-12-01,7.21,7.25,7.14,7.2,163074
2016-12-02,7.21,7.22,6.87,6.9,203453
2016-12-05,6.81,6.91,6.69,6.73,204839
2016-12-06,6.74,6.78,6.64,6.71,142417
2016-12-07,6.7,6.8,6.7,6.79,94785
2016-12-08,6.81,6.81,6.7,6.72,82891
2016-12-09,6.7,6.76,6.64,6.69,97488
2016-12-12,6.71,6.71,6.27,6.34,201447
2016-12-13,6.35,6.39,6.27,6.36,109697
2016-12-14,6.36,6.55,6.33,6.42,141014
2016-12-15,6.39,6.51,6.31,6.44,80026
2016-12-16,6.46,6.56,6.41,6.51,80187
2016-12-19,6.51,6.54,6.44,6.48,65150
2016-12-20,6.52,6.54,6.39,6.48,59148
2016-12-21,6.5,6.73,6.47,6.66,200416
2016-12-22,6.69,6.78,6.64,6.67,153426
2016-12-23,6.63,6.74,6.56,6.61,102012
2016-12-26,6.57,6.7,6.43,6.67,94235
2016-12-27,6.66,6.69,6.57,6.6,66344
2016-12-28,6.59,6.64,6.54,6.55,61367
2016-12-29,6.59,6.84,6.56,6.64,161308
2016-12-30,6.64,6.82,6.58,6.76,244669
2017-01-03,6.77,6.83,6.71,6.8,130044
2017-01-04,6.81,7.13,6.77,7.05,353797
2017-01-05,7.01,7.19,6.97,7.07,305693
2017-01-06,7.07,7.24,7.03,7.04,253306
2017-01-09,7.07,7.29,7.05,7.21,260521
2017-01-10,7.17,7.2,7.06,7.08,209404
2017-01-11,7.04,7.32,7.01,7.2,371675
2017-01-12,7.17,7.24,6.97,6.99,198088
2017-01-13,7.07,7.09,6.89,6.96,170930
2017-01-16,6.94,7.09,6.54,7.05,312068
2017-01-17,7.01,7.05,6.78,6.98,182912
2017-01-18,6.94,7.1,6.92,7.0,127061
2017-01-19,6.94,7.46,6.94,7.25,393621
2017-01-20,7.17,7.29,7.16,7.26,244528
2017-01-23,7.3,7.35,7.19,7.31,215170
2017-01-24,7.31,7.41,7.16,7.18,187187
2017-01-25,7.2,7.44,7.13,7.43,332229
2017-01-26,7.44,7.47,7.29,7.33,237061
2017-02-03,7.32,7.41,7.25,7.31,144525
2017-02-06,7.27,7.35,7.17,7.25,220314
2017-02-07,7.26,7.59,7.21,7.47,405066
2017-02-08,7.44,7.47,7.28,7.42,250450
2017-02-09,7.42,7.61,7.39,7.57,373489
2017-02-10,7.58,7.58,7.47,7.51,257029
2017-02-13,7.52,7.62,7.47,7.53,223266
2017-02-14,7.5,7.52,7.34,7.39,239672
2017-02-15,7.36,7.43,7.27,7.33,192666
2017-02-16,7.28,7.37,7.27,7.36,155149
2017-02-17,7.34,7.35,7.07,7.09,305984
2017-02-20,7.12,7.2,7.04,7.2,169797
2017-02-21,7.2,7.36,7.17,7.27,209294
2017-02-22,7.27,8.06,7.27,7.74,811342
2017-02-23,7.77,7.97,7.69,7.91,632856
2017-02-24,7.87,7.93,7.71,7.87,346624
2017-02-27,7.93,8.11,7.65,7.73,438623
2017-02-28,7.74,7.88,7.67,7.78,269705
2017-03-01,7.77,7.99,7.7,7.91,376740
2017-03-02,7.89,7.97,7.71,7.74,247492
2017-03-03,7.76,8.02,7.73,7.95,417365
2017-03-06,8.08,8.14,7.9,8.02,346392
2017-03-07,7.98,8.03,7.83,7.85,275297
2017-03-08,7.87,7.89,7.74,7.79,172794
2017-03-09,7.77,7.86,7.7,7.72,175232
2017-03-10,7.7,7.79,7.67,7.72,142586
2017-03-13,7.69,7.97,7.62,7.97,303207
2017-03-14,7.91,7.96,7.86,7.91,233836
2017-03-15,7.94,7.97,7.74,7.78,180651
2017-03-16,7.84,8.2,7.82,8.1,474371
2017-03-17,8.09,8.13,7.77,7.79,332985
2017-03-20,7.81,7.88,7.66,7.84,253806
2017-03-21,7.81,7.81,7.57,7.69,301284
2017-03-22,7.69,7.8,7.54,7.72,247754
2017-03-23,7.68,7.74,7.44,7.62,253286
2017-03-24,7.59,7.76,7.55,7.67,229839
2017-03-27,7.7,7.74,7.53,7.54,208071
2017-03-28,7.58,7.63,7.34,7.43,236669
2017-03-29,7.47,7.51,7.35,7.46,142729
2017-03-30,7.49,7.5,7.14,7.17,201170
2017-03-31,7.2,7.33,7.17,7.24,125271
2017-04-05,7.27,7.57,7.27,7.48,192477
2017-04-06,7.47,7.54,7.4,7.44,145686
2017-04-07,7.44,7.48,7.35,7.36,122634
2017-04-10,7.38,7.49,7.34,7.44,121066
2017-04-11,7.57,7.61,7.42,7.57,210800
2017-04-12,7.77,8.12,7.67,7.97,549585
2017-04-13,7.87,7.99,7.79,7.94,249194
2017-04-14,7.98,8.24,7.91,7.97,380306
2017-04-17,8.01,8.29,7.98,8.07,435894
2017-04-18,8.25,8.45,8.11,8.14,371920
2017-04-19,8.08,8.1,7.77,7.99,296576
2017-04-20,7.95,8.15,7.89,8.0,177269
2017-04-21,8.22,8.37,8.04,8.25,471898
2017-04-24,8.24,8.24,7.79,7.83,285252
2017-04-25,7.94,8.27,7.81,8.27,339447
2017-04-26,8.38,8.68,8.32,8.55,480500
2017-04-27,8.58,8.81,8.41,8.67,487795
2017-04-28,8.62,8.86,8.48,8.74,432248
2017-05-02,8.86,9.73,8.77,9.53,743069
2017-05-03,9.47,9.66,9.39,9.61,427385
2017-05-04,9.66,10.01,9.24,9.31,590345
2017-05-05,9.29,9.85,9.19,9.61,681771
2017-05-08,9.57,9.77,9.27,9.31,431354
2017-05-09,9.38,9.61,9.12,9.42,346949
2017-05-10,9.39,9.47,8.91,8.94,391207
2017-05-11,8.91,9.13,8.64,9.09,423410
2017-05-12,9.06,9.16,8.72,8.79,306513
2017-05-15,8.79,9.15,8.77,9.14,276176
2017-05-16,9.01,9.44,8.97,9.36,373416
2017-05-17,9.37,9.42,9.11,9.16,321642
2017-05-18,9.01,9.34,8.94,9.07,281492
2017-05-19,9.07,9.13,8.27,8.39,631976
2017-05-22,8.41,8.52,8.2,8.32,246972
2017-05-23,8.28,8.31,7.61,7.81,509615
2017-05-24,7.75,7.9,7.47,7.85,253656
2017-05-25,7.85,7.94,7.73,7.89,233867
2017-05-26,7.91,8.05,7.8,7.81,167827
2017-05-31,7.91,8.01,7.35,7.4,342541
2017-06-01,7.35,7.53,7.01,7.15,284243
2017-06-02,7.17,7.37,7.06,7.28,228349
2017-06-05,7.26,7.51,7.26,7.37,185191
2017-06-06,7.39,7.43,7.33,7.42,157263
2017-06-07,7.47,7.61,7.34,7.58,266599
2017-06-08,7.53,7.57,7.36,7.42,260815
2017-06-09,7.4,7.47,7.35,7.42,131860
2017-06-12,7.41,7.42,6.97,7.01,350344
2017-06-13,7.01,7.27,6.98,7.24,225707
2017-06-14,7.27,7.39,7.2,7.24,179818
2017-06-15,7.24,7.51,7.22,7.5,263303
2017-06-16,7.47,7.57,7.41,7.42,174416
2017-06-19,7.41,7.54,7.41,7.46,174155
2017-06-20,7.5,7.81,7.48,7.68,341477
2017-06-21,7.74,7.85,7.58,7.72,226705
2017-06-22,7.71,7.79,7.44,7.48,230588
2017-06-23,7.49,7.69,7.47,7.66,201967
2017-06-26,7.66,7.76,7.58,7.72,213939
2017-06-27,7.76,7.93,7.74,7.87,265337
2017-06-28,7.83,7.84,7.66,7.69,201914
2017-06-29,7.67,7.77,7.65,7.7,153549
2017-06-30,7.67,8.01,7.66,7.99,370521
2017-07-03,7.99,8.22,7.8,8.19,402451
2017-07-04,8.14,8.32,8.08,8.17,258982
2017-07-05,8.14,8.24,8.08,8.21,234690
2017-07-06,8.24,8.48,8.11,8.28,419299
2017-07-07,8.26,8.34,8.14,8.29,290040
2017-07-10,8.3,8.39,8.18,8.19,304515
2017-07-11,8.12,8.18,7.72,7.74,500450
2017-07-12,7.7,7.86,7.64,7.85,323486
2017-07-13,7.9,7.9,7.75,7.78,234099
2017-07-14,8.01,8.02,7.63,7.64,458445
2017-07-17,7.64,7.64,6.81,7.02,486499
2017-07-18,6.99,7.24,6.91,7.21,267479
2017-07-19,7.24,7.47,7.14,7.44,313469
2017-07-20,7.44,7.58,7.39,7.47,286954
2017-07-21,7.41,7.54,7.37,7.43,190227
2017-07-24,7.38,7.73,7.37,7.7,327598
2017-07-25,7.7,7.7,7.43,7.51,254805
2017-07-26,7.54,8.15,7.39,8.12,691710
2017-07-27,8.05,8.24,7.85,8.12,649028
2017-07-28,8.05,8.24,7.94,8.16,442822
2017-07-31,8.13,8.6,8.05,8.53,701001
2017-08-01,8.51,8.91,8.29,8.86,902937
2017-08-02,8.57,8.94,8.5,8.54,834198
2017-08-03,8.5,8.57,8.28,8.39,523386
2017-08-04,8.4,8.71,8.37,8.46,566588
2017-08-07,8.37,8.66,8.32,8.48,397958
2017-08-08,8.37,8.54,8.06,8.21,635990
2017-08-09,8.2,8.31,8.09,8.27,323938
2017-08-10,8.27,8.27,7.94,7.98,419377
2017-08-11,7.87,7.96,7.46,7.54,456145
2017-08-14,7.55,7.71,7.54,7.65,237509
2017-08-15,7.64,7.84,7.59,7.81,249401
2017-08-16,7.85,7.85,7.6,7.73,207842
2017-08-17,7.73,7.9,7.73,7.84,232317
2017-08-18,7.76,7.77,7.61,7.73,226193
2017-08-21,7.77,7.88,7.75,7.84,228032
2017-08-22,7.83,8.03,7.71,8.02,356190
2017-08-23,8.01,8.06,7.86,7.91,269157
2017-08-24,7.87,8.01,7.83,7.84,191719
2017-08-25,7.84,7.94,7.66,7.89,261780
2017-08-28,7.89,8.02,7.81,7.93,288817
2017-08-29,7.93,8.02,7.84,7.87,210965
2017-08-30,7.85,7.91,7.71,7.86,294526
2017-08-31,7.81,7.85,7.71,7.73,227086
2017-09-01,7.75,8.01,7.73,8.01,492526
2017-09-04,8.03,8.13,7.97,8.07,395576
2017-09-05,8.09,8.11,7.91,8.01,273032
2017-09-06,8.02,8.24,7.93,8.22,460276
2017-09-07,8.18,8.27,8.04,8.09,400310
2017-09-08,8.05,8.11,7.96,8.0,251728
2017-09-11,8.0,8.07,7.94,8.07,247202
2017-09-12,8.1,8.39,8.01,8.27,636408
2017-09-13,8.2,8.23,8.08,8.18,282755
2017-09-14,8.11,8.14,7.87,7.95,379138
2017-09-15,7.92,7.92,7.71,7.71,256007
2017-09-18,7.74,7.94,7.71,7.87,184275
2017-09-19,7.78,7.89,7.73,7.85,180488
2017-09-20,7.77,8.18,7.77,8.09,368455
2017-09-21,7.94,8.06,7.77,7.78,302065
2017-09-22,7.78,7.84,7.49,7.52,290224
2017-09-25,7.52,7.64,7.44,7.52,123768
2017-09-26,7.51,7.64,7.42,7.64,158690
2017-09-27,7.58,7.67,7.53,7.62,155180
2017-09-28,7.64,8.34,7.51,8.01,595647
2017-09-29,7.97,8.18,7.92,8.12,492172
2017-10-09,8.37,8.47,8.06,8.19,530779
2017-10-10,8.22,8.38,8.07,8.35,532634
2017-10-11,8.31,8.72,8.25,8.61,846057
2017-10-12,8.51,8.58,8.24,8.28,550467
2017-10-13,8.28,8.48,8.22,8.37,356960
2017-10-16,8.35,8.54,8.18,8.22,389670
2017-10-17,8.21,8.29,8.07,8.17,239316
2017-10-18,8.19,8.31,7.81,7.89,358141
2017-10-19,7.84,7.96,7.7,7.91,226870
2017-10-20,7.84,8.0,7.81,7.97,148198
2017-10-23,7.99,8.07,7.92,7.98,185953
2017-10-24,7.98,8.01,7.74,7.86,218863
2017-10-25,7.88,8.14,7.84,8.14,254305
2017-10-26,8.14,8.24,8.01,8.21,440738
2017-10-27,8.21,8.22,8.05,8.07,220547
2017-10-30,8.04,8.11,7.66,7.71,327836
2017-10-31,7.77,7.82,7.72,7.81,150940
2017-11-01,7.82,7.91,7.59,7.67,340526
2017-11-02,7.67,7.71,7.5,7.52,221220
2017-11-03,7.49,7.56,7.27,7.35,249995
2017-11-06,7.35,7.57,7.28,7.47,191453
2017-11-07,7.44,7.46,7.34,7.42,174087
2017-11-08,7.44,7.56,7.41,7.47,217095
2017-11-09,7.47,7.53,7.44,7.5,151145
2017-11-10,7.49,7.66,7.35,7.62,308710
2017-11-13,7.57,7.64,7.48,7.52,230531
2017-11-14,7.55,7.61,7.43,7.44,173364
2017-11-15,7.39,7.44,7.27,7.28,187513
2017-11-16,7.27,7.34,7.13,7.29,149568
2017-11-17,7.28,7.35,6.94,6.97,223703
2017-11-20,6.93,6.98,6.6,6.87,187486
2017-11-21,6.84,6.86,6.72,6.8,146115
2017-11-22,6.81,6.84,6.66,6.72,219347
2017-11-23,6.71,6.72,6.35,6.41,254343
2017-11-24,6.36,6.61,6.35,6.54,146320
2017-11-27,6.54,6.64,6.44,6.51,103191
2017-11-28,6.51,6.62,6.51,6.61,84454
2017-11-29,6.69,6.78,6.63,6.74,167654
2017-11-30,6.74,6.81,6.62,6.63,124217
2017-12-01,6.63,6.7,6.59,6.67,91628
2017-12-04,6.66,6.73,6.62,6.64,99547
2017-12-05,6.64,6.69,6.37,6.4,172138
2017-12-06,6.44,6.53,6.35,6.52,119119
2017-12-07,6.52,6.6,6.47,6.54,89206
2017-12-08,6.51,6.67,6.51,6.61,113758
2017-12-11,6.63,6.7,6.61,6.66,100653
2017-12-12,6.67,6.69,6.54,6.57,82230
2017-12-13,6.54,6.62,6.54,6.61,69527
2017-12-14,6.62,6.64,6.52,6.53,74770
2017-12-15,6.57,6.58,6.47,6.51,76051
2017-12-18,6.51,6.57,6.49,6.55,64156
2017-12-19,6.58,6.77,6.56,6.74,171697
2017-12-20,7.22,7.53,7.05,7.14,766469
2017-12-21,7.09,7.33,7.09,7.17,523423
2017-12-22,7.12,7.12,6.91,6.94,370272
2017-12-25,6.92,6.96,6.77,6.89,233696
2017-12-26,6.89,7.11,6.84,7.05,223470
2017-12-27,7.04,7.13,6.8,6.87,236441
2017-12-28,6.83,6.99,6.82,6.91,155992
2017-12-29,6.89,7.1,6.89,6.99,187805
2018-01-02,7.03,7.33,7.01,7.24,353736
2018-01-03,7.24,7.34,7.19,7.27,282676
2018-01-04,7.28,7.54,7.28,7.47,402830
2018-01-05,7.5,7.66,7.37,7.5,422088
2018-01-08,7.53,7.61,7.41,7.6,293444
2018-01-09,7.61,7.61,7.41,7.42,265179
2018-01-10,7.4,7.52,7.31,7.45,267195
2018-01-11,7.48,7.52,7.34,7.38,150942
2018-01-12,7.41,7.45,7.27,7.29,172310
2018-01-15,7.24,7.37,7.05,7.11,209021
2018-01-16,7.03,7.18,7.01,7.08,144344
2018-01-17,7.06,7.38,7.01,7.34,227201
2018-01-18,7.29,7.35,7.17,7.25,163202
2018-01-19,7.27,7.4,7.14,7.17,161469
2018-01-22,7.08,7.38,7.04,7.35,217672
2018-01-23,7.41,7.48,7.26,7.29,183265
2018-01-24,7.3,7.36,7.21,7.32,137464
2018-01-25,7.28,7.53,7.27,7.46,248953
2018-01-26,7.43,7.47,7.33,7.39,144234
2018-01-29,7.27,7.48,7.22,7.39,223083
2018-01-30,7.37,7.65,7.35,7.61,363136
2018-01-31,7.66,7.7,7.47,7.61,335235
2018-02-01,7.64,8.01,7.35,7.43,498442
2018-02-02,7.47,7.51,6.74,7.28,335695
2018-02-05,7.08,7.73,7.03,7.71,431841
2018-02-06,7.57,7.64,7.17,7.24,437926
2018-02-07,7.49,7.62,7.18,7.28,393465
2018-02-08,7.24,7.34,7.05,7.12,251258
2018-02-09,6.8,6.87,6.35,6.47,392932
2018-02-12,6.56,6.71,6.49,6.64,171904
2018-02-13,6.75,6.99,6.67,6.79,227965
2018-02-14,6.79,6.83,6.69,6.74,107447
2018-02-22,6.85,6.97,6.81,6.94,186710
2018-02-23,6.93,7.28,6.86,7.21,354292
2018-02-26,7.25,8.04,7.22,8.04,850196
2018-02-27,8.2,8.56,8.04,8.27,1202453
2018-02-28,8.15,8.54,8.12,8.38,861494
2018-03-01,8.3,8.64,8.28,8.53,804236
2018-03-02,8.4,8.71,8.35,8.44,749763
2018-03-05,8.59,8.64,8.2,8.48,687779
2018-03-06,8.49,8.64,8.26,8.63,673149
2018-03-07,8.65,8.8,8.37,8.47,835114
2018-03-08,8.47,8.72,8.43,8.5,578694
2018-03-09,8.37,8.45,8.1,8.24,995153
2018-03-12,8.27,8.87,8.14,8.84,1197209
2018-03-13,8.73,8.76,8.46,8.51,722615
2018-03-14,8.47,8.75,8.36,8.52,713248
2018-03-15,8.43,8.71,8.34,8.49,543538
2018-03-16,8.47,8.61,8.37,8.38,436481
2018-03-19,8.28,8.58,8.27,8.48,422202
2018-03-20,8.39,8.44,8.24,8.35,392053
2018-03-21,8.32,9.14,8.3,8.74,1088474
2018-03-22,8.74,8.94,8.67,8.86,641459
2018-03-23,8.51,8.6,7.85,7.85,957541
2018-03-26,7.59,8.1,7.44,8.03,537405
2018-03-27,8.15,8.35,8.03,8.17,595900
2018-03-28,7.95,8.01,7.71,7.74,505838
2018-03-29,7.81,8.09,7.7,7.96,442125
2018-03-30,7.94,8.08,7.89,7.99,308666
2018-04-02,8.03,8.27,7.89,7.9,432620
2018-04-03,7.66,7.78,7.54,7.74,331078
2018-04-04,7.81,7.96,7.61,7.65,286080
2018-04-09,7.58,7.75,7.45,7.52,352450
2018-04-10,7.57,7.72,7.51,7.71,286636
2018-04-11,7.75,7.83,7.57,7.66,291141
2018-04-12,7.57,7.61,7.45,7.52,247084
2018-04-13,7.55,7.58,7.49,7.52,154242
2018-04-16,7.51,7.56,7.01,7.17,381528
2018-04-17,7.17,7.24,6.97,6.97,242199
2018-04-18,7.08,7.28,7.0,7.27,300783
2018-04-19,7.43,7.6,7.34,7.51,429794
2018-04-20,7.51,7.54,7.17,7.18,307550
2018-04-23,7.17,7.36,7.14,7.31,184968
2018-04-24,7.35,7.62,7.2,7.59,340823
2018-04-25,7.51,7.58,7.45,7.54,201689
2018-04-26,7.55,7.61,7.34,7.35,200453
2018-04-27,7.49,7.56,7.4,7.49,229766
2018-05-02,7.55,7.64,7.43,7.63,275315
2018-05-03,7.54,7.84,7.51,7.81,403436
2018-05-04,7.81,7.85,7.7,7.7,323888
2018-05-07,7.75,7.98,7.7,7.91,400474
2018-05-08,7.91,7.94,7.81,7.89,303156
2018-05-09,7.88,7.88,7.69,7.76,289797
2018-05-10,7.78,7.91,7.56,7.71,326102
2018-05-11,7.66,7.71,7.58,7.64,193237
2018-05-14,7.62,7.89,7.62,7.88,350832
2018-05-15,7.87,7.94,7.71,7.85,269484
2018-05-16,7.81,7.91,7.67,7.8,252797
2018-05-17,7.74,8.22,7.74,8.07,627173
2018-05-18,8.06,8.25,7.95,8.15,522392
2018-05-21,8.27,8.47,8.1,8.39,635812
2018-05-22,8.33,8.35,8.17,8.28,383734
2018-05-23,8.29,8.3,8.01,8.04,400685
2018-05-24,8.01,8.15,7.97,8.01,226289
2018-05-25,7.97,8.15,7.75,7.77,430054
2018-05-28,7.77,7.84,7.59,7.65,244053
2018-05-29,7.71,7.82,7.66,7.68,197683
2018-05-30,7.49,7.55,7.14,7.16,386256
2018-05-31,7.32,7.34,7.16,7.31,181412
2018-06-01,7.27,7.37,7.2,7.29,162646
2018-06-04,7.41,7.42,7.24,7.27,155362
2018-06-05,7.31,7.5,7.29,7.48,173305
2018-06-06,7.48,7.6,7.34,7.42,178884
2018-06-07,7.4,7.44,7.17,7.21,247945
2018-06-08,7.2,7.21,6.85,6.92,327954
2018-06-11,6.99,7.03,6.88,6.94,198272
2018-06-12,6.97,7.1,6.91,7.07,180818
2018-06-13,7.06,7.06,6.78,6.79,223736
2018-06-14,6.74,6.94,6.74,6.89,151867
2018-06-15,6.9,6.94,6.64,6.71,218419
2018-06-19,6.58,6.58,5.93,5.94,471037
2018-06-20,5.89,6.17,5.84,6.09,279225
2018-06-21,6.07,6.22,5.89,5.93,217999
2018-06-22,5.92,6.13,5.8,6.08,164463
2018-06-25,6.19,6.23,6.05,6.1,151406
2018-06-26,5.95,6.21,5.91,6.17,162050
2018-06-27,6.12,6.21,6.02,6.05,139992
2018-06-28,6.04,6.15,5.99,5.99,122714
2018-06-29,6.05,6.23,6.0,6.21,197024
2018-07-02,6.16,6.23,5.95,6.02,206093
2018-07-03,6.0,6.17,5.95,6.16,174735
2018-07-04,6.12,6.14,5.91,5.96,215924
2018-07-05,5.96,6.02,5.65,5.69,196210
2018-07-06,5.7,6.01,5.58,5.87,277912
2018-07-09,5.92,6.06,5.9,6.03,193948
2018-07-10,6.1,6.19,6.04,6.13,244460
2018-07-11,5.98,6.34,5.9,6.31,355554
2018-07-12,6.32,6.47,6.22,6.4,451482
2018-07-13,6.35,6.42,6.32,6.39,245639
2018-07-16,6.36,6.41,6.22,6.27,213431
2018-07-17,6.3,6.38,6.21,6.31,195807
2018-07-18,6.6,6.67,6.4,6.41,402124
2018-07-19,6.42,6.59,6.36,6.52,287665
2018-07-20,6.45,6.75,6.43,6.7,336063
2018-07-23,6.67,6.86,6.64,6.81,255090
2018-07-24,6.79,6.93,6.74,6.76,331896
2018-07-25,6.79,6.94,6.77,6.83,247956
2018-07-26,6.81,6.87,6.73,6.75,189785
2018-07-27,6.71,6.92,6.7,6.83,191142
2018-07-30,6.88,6.88,6.69,6.73,158398
2018-07-31,6.72,6.81,6.57,6.8,190627
2018-08-01,6.8,6.97,6.61,6.63,296252
2018-08-02,6.64,6.75,6.41,6.73,306385
2018-08-03,6.82,6.87,6.72,6.74,235675
2018-08-06,6.76,6.76,6.15,6.21,359714
2018-08-07,6.21,6.75,6.21,6.72,346330
2018-08-08,6.72,6.79,6.55,6.61,273080
2018-08-09,6.59,6.91,6.57,6.77,297964
2018-08-10,6.78,6.94,6.75,6.88,232783
2018-08-13,6.77,6.99,6.7,6.99,267737
2018-08-14,6.99,6.99,6.8,6.84,211608
2018-08-15,6.82,6.87,6.61,6.63,207376
2018-08-16,6.49,6.7,6.44,6.56,144511
2018-08-17,6.64,6.69,6.33,6.37,175681
2018-08-20,6.38,6.44,6.17,6.37,192887
2018-08-21,6.37,6.52,6.31,6.43,135601
2018-08-22,6.41,6.43,6.24,6.28,140277
2018-08-23,6.27,6.43,6.26,6.39,149976
2018-08-24,6.4,6.45,6.32,6.41,124414
2018-08-27,6.43,6.54,6.3,6.53,268136
2018-08-28,6.51,6.56,6.45,6.55,170593
2018-08-29,6.55,6.55,6.43,6.44,112565
2018-08-30,6.42,6.57,6.42,6.43,137966
2018-08-31,6.43,6.44,6.31,6.33,119199
2018-09-03,6.33,6.36,6.19,6.32,135278
2018-09-04,6.32,6.45,6.3,6.41,116598
2018-09-05,6.41,6.43,6.24,6.24,98717
2018-09-06,6.24,6.35,6.19,6.24,85707
2018-09-07,6.26,6.39,6.22,6.32,107778
2018-09-10,6.31,6.31,6.0,6.07,171691
2018-09-11,6.05,6.13,6.01,6.07,84411
2018-09-12,6.07,6.07,5.9,5.98,81817
2018-09-13,6.05,6.09,5.97,6.07,76008
2018-09-14,6.07,6.12,5.98,5.98,70270
2018-09-17,5.95,5.99,5.87,5.89,83570
2018-09-18,5.89,6.07,5.87,6.04,89148
2018-09-19,6.02,6.15,6.0,6.09,134153
2018-09-20,6.09,6.14,6.04,6.05,73981
2018-09-21,6.08,6.24,6.05,6.19,145651
2018-09-25,6.14,6.21,6.11,6.11,87467
2018-09-26,6.15,6.23,6.13,6.15,109830
2018-09-27,6.17,6.21,6.06,6.08,100323
2018-09-28,6.12,6.25,6.1,6.22,137607
2018-10-08,6.13,6.16,5.99,6.02,166504
2018-10-09,6.07,6.16,6.01,6.08,156518
2018-10-10,6.11,6.14,6.01,6.08,109148
2018-10-11,5.83,5.93,5.36,5.36,335930
2018-10-12,5.29,5.49,5.16,5.44,209682
2018-10-15,5.46,5.64,5.45,5.52,164653
2018-10-16,5.52,5.63,5.32,5.38,147945
2018-10-17,5.58,5.58,5.15,5.39,181094
2018-10-18,5.37,5.38,5.18,5.22,115911
2018-10-19,5.16,5.38,5.16,5.37,151893
2018-10-22,5.43,5.77,5.41,5.65,227333
2018-10-23,5.65,5.7,5.5,5.54,165177
2018-10-24,5.52,5.68,5.51,5.6,116705
2018-10-25,5.37,5.59,5.24,5.56,133104
2018-10-26,5.62,5.77,5.56,5.66,177831
2018-10-29,5.66,5.8,5.62,5.67,161648
2018-10-30,5.69,5.97,5.69,5.91,273939
2018-10-31,5.94,5.99,5.85,5.94,214309
2018-11-01,5.98,6.05,5.91,5.91,217450
2018-11-02,6.03,6.14,5.98,6.1,232793
2018-11-05,6.09,6.23,6.05,6.22,202519
2018-11-06,6.2,6.23,6.08,6.14,126511
2018-11-07,6.16,6.34,6.14,6.18,180799
2018-11-08,6.26,6.28,6.07,6.08,114233
2018-11-09,6.03,6.21,6.03,6.14,112589
2018-11-12,6.14,6.26,6.1,6.25,123071
2018-11-13,6.16,6.35,6.14,6.3,188223
2018-11-14,6.3,6.33,6.21,6.26,135568
2018-11-15,6.22,6.32,6.2,6.3,127843
2018-11-16,6.28,6.36,6.23,6.27,186756
2018-11-19,6.27,6.41,6.26,6.37,195648
2018-11-20,6.31,6.36,6.06,6.06,177538
2018-11-21,5.98,6.15,5.95,6.15,137699
2018-11-22,6.15,6.22,6.1,6.13,113086
2018-11-23,6.15,6.15,5.73,5.77,181528
2018-11-26,5.77,5.81,5.69,5.76,90561
2018-11-27,5.81,5.85,5.66,5.69,100675
2018-11-28,5.72,5.84,5.71,5.82,104797
2018-11-29,5.86,5.94,5.79,5.81,141214
2018-11-30,5.81,5.9,5.71,5.88,95685
2018-12-03,6.08,6.13,5.96,6.03,173799
2018-12-04,6.06,6.16,6.02,6.13,163073
2018-12-05,6.02,6.1,5.99,6.04,113690
2018-12-06,6.0,6.05,5.9,5.9,108970
2018-12-07,5.97,5.99,5.9,5.93,51587
2018-12-10,5.91,5.97,5.82,5.85,70296
2018-12-11,5.9,6.03,5.85,6.02,90028
2018-12-12,6.03,6.04,5.94,5.98,69242
2018-12-13,6.03,6.11,5.98,6.05,132278
2018-12-14,6.04,6.09,5.95,5.97,104152
2018-12-17,5.97,6.23,5.94,6.19,210959
2018-12-18,6.15,6.22,5.96,6.01,202098
2018-12-19,6.03,6.07,5.97,5.98,87933
2018-12-20,5.95,6.02,5.83,5.93,148402
2018-12-21,5.89,5.91,5.77,5.8,102253
2018-12-24,5.8,5.87,5.73,5.8,105863
2018-12-25,5.76,5.77,5.4,5.57,207708
2018-12-26,5.58,5.62,5.5,5.52,81127
2018-12-27,5.62,5.67,5.45,5.46,121483
2018-12-28,5.48,5.62,5.45,5.52,99654
2019-01-02,5.61,5.62,5.46,5.5,69288
2019-01-03,5.49,5.55,5.37,5.41,105655
2019-01-04,5.34,5.55,5.31,5.53,149465
2019-01-07,5.57,5.64,5.53,5.6,136812
2019-01-08,5.61,5.62,5.56,5.59,77692
2019-01-09,5.62,5.73,5.58,5.6,140856
2019-01-10,5.61,5.65,5.56,5.58,79511
2019-01-11,5.57,5.64,5.54,5.62,82063
2019-01-14,5.61,5.65,5.49,5.51,100328
2019-01-15,5.51,5.59,5.48,5.59,96978
2019-01-16,5.61,5.62,5.56,5.59,82099
2019-01-17,5.59,5.6,5.51,5.53,72339
2019-01-18,5.52,5.72,5.52,5.67,146915
2019-01-21,5.7,5.81,5.63,5.77,158139
2019-01-22,5.77,5.83,5.72,5.74,181746
2019-01-23,5.78,5.99,5.78,5.97,238183
2019-01-24,5.97,6.03,5.92,5.97,179701
2019-01-25,5.97,6.19,5.94,6.07,229810
2019-01-28,6.15,6.22,6.03,6.08,166047
2019-01-29,6.08,6.17,5.93,6.03,175939
2019-01-30,6.05,6.12,5.95,5.96,146299
2019-01-31,6.0,6.13,5.97,6.0,153486
2019-02-01,6.08,6.11,6.01,6.1,158809
2019-02-11,6.15,6.34,6.1,6.3,259251
2019-02-12,6.28,6.32,6.23,6.3,215323
2019-02-13,6.28,6.46,6.21,6.38,348150
2019-02-14,6.34,6.36,6.23,6.28,242278
2019-02-15,6.26,6.3,6.17,6.18,188302
2019-02-18,6.22,6.45,6.22,6.45,333203
2019-02-19,6.45,6.46,6.25,6.32,272175
2019-02-20,6.31,6.41,6.27,6.37,170028
2019-02-21,6.42,6.42,6.19,6.22,274897
2019-02-22,6.21,6.36,6.16,6.36,224917
2019-02-25,6.38,6.73,6.37,6.7,576692
2019-02-26,6.7,6.87,6.6,6.67,469075
2019-02-27,6.7,6.78,6.55,6.61,305766
2019-02-28,6.62,6.74,6.57,6.7,234803
2019-03-01,6.71,6.74,6.59,6.68,243022
2019-03-04,6.72,6.89,6.68,6.74,415374
2019-03-05,6.73,6.94,6.69,6.92,330802
2019-03-06,6.94,7.01,6.82,6.93,367920
2019-03-07,6.89,6.98,6.83,6.93,366443
2019-03-08,6.77,6.92,6.42,6.42,564756
2019-03-11,6.59,7.17,6.54,7.17,817746
2019-03-12,7.24,7.44,7.0,7.16,736581
2019-03-13,7.31,7.63,7.14,7.36,777531
2019-03-14,7.23,7.33,7.04,7.15,402441
2019-03-15,7.21,7.47,7.16,7.25,452556
2019-03-18,7.34,7.56,7.26,7.54,493792
2019-03-19,7.5,7.52,7.38,7.44,338206
2019-03-20,7.46,7.49,7.16,7.31,349877
2019-03-21,7.3,7.41,7.24,7.35,350311
2019-03-22,7.4,7.75,7.34,7.66,651807
2019-03-25,7.49,7.64,7.39,7.41,427966
2019-03-26,7.44,7.48,7.1,7.14,379273
2019-03-27,7.19,7.74,7.19,7.59,544965
2019-03-28,7.51,7.52,7.22,7.25,350768
2019-03-29,7.29,7.62,7.19,7.51,500392
2019-04-01,7.61,7.94,7.51,7.91,804932
2019-04-02,8.0,8.07,7.78,7.89,526772
2019-04-03,7.79,7.91,7.74,7.87,376947
2019-04-04,7.96,8.67,7.95,8.33,1020470
2019-04-08,9.25,9.27,8.79,9.02,1480911
2019-04-09,8.84,8.84,8.31,8.45,865530
2019-04-10,8.35,8.71,8.12,8.42,640601
2019-04-11,8.39,8.39,8.04,8.1,415508
2019-04-12,8.09,8.23,7.99,8.1,248965
2019-04-15,8.26,8.32,7.86,7.9,477401
2019-04-16,7.88,8.07,7.74,8.03,367949
2019-04-17,8.04,8.22,8.02,8.08,373071
2019-04-18,8.08,8.18,7.96,8.14,320955
2019-04-19,8.49,8.58,8.26,8.37,615924
2019-04-22,8.44,8.47,8.05,8.11,384525
2019-04-23,8.11,8.15,7.92,7.97,282958
2019-04-24,8.05,8.08,7.84,8.08,262083
2019-04-25,8.07,8.07,7.64,7.77,448601
2019-04-26,7.59,7.59,7.17,7.19,589688
2019-04-29,7.19,7.24,6.88,6.96,343341
2019-04-30,6.91,7.03,6.89,6.95,204323
2019-05-06,6.6,6.69,6.14,6.22,438992
2019-05-07,6.28,6.34,6.08,6.23,273747
2019-05-08,6.04,6.28,5.99,6.23,290501
2019-05-09,6.19,6.27,6.14,6.16,193716
2019-05-10,6.23,6.41,6.08,6.4,334164
2019-05-13,6.29,6.38,6.16,6.2,243437
2019-05-14,6.1,6.29,6.09,6.2,195441
2019-05-15,6.26,6.36,6.23,6.33,224586
2019-05-16,6.33,6.44,6.28,6.43,262770
2019-05-17,6.44,6.44,5.98,5.99,383648
2019-05-20,6.02,6.13,5.9,6.09,192573
2019-05-21,6.14,6.3,6.11,6.2,223126
2019-05-22,6.22,6.32,6.11,6.16,182139
2019-05-23,6.19,6.21,6.01,6.03,169546
2019-05-24,6.02,6.12,5.97,6.07,124023
2019-05-27,6.07,6.33,6.02,6.31,268541
2019-05-28,6.26,6.34,6.2,6.24,249766
2019-05-29,6.21,6.35,6.19,6.29,174474
2019-05-30,6.28,6.31,6.16,6.3,197583
2019-05-31,6.3,6.32,6.2,6.21,162835
2019-06-03,6.22,6.31,6.12,6.27,219673
2019-06-04,6.27,6.3,6.15,6.25,158782
2019-06-05,6.36,6.41,6.11,6.13,284923
2019-06-06,6.11,6.12,5.89,5.9,210841
2019-06-10,5.94,5.98,5.85,5.94,117074
2019-06-11,5.94,6.21,5.9,6.19,219814
2019-06-12,6.19,6.35,6.15,6.22,255478
2019-06-13,6.21,6.28,6.15,6.25,146523
2019-06-14,6.25,6.28,6.08,6.11,156415
2019-06-17,6.15,6.18,6.09,6.14,96920
2019-06-18,6.12,6.17,6.09,6.14,76544
2019-06-19,6.29,6.32,6.17,6.19,187242
2019-06-20,6.19,6.33,6.14,6.32,242562
2019-06-21,6.34,6.44,6.31,6.36,284657
2019-06-24,6.36,6.39,6.28,6.32,138605
2019-06-25,6.33,6.34,6.18,6.27,165493
2019-06-26,6.21,6.32,6.19,6.25,94412
2019-06-27,6.27,6.32,6.25,6.29,140702
2019-06-28,6.27,6.28,6.11,6.15,156949
2019-07-01,6.26,6.58,6.22,6.58,513279
2019-07-02,6.52,6.69,6.49,6.59,366833
2019-07-03,6.53,6.76,6.45,6.72,479360
2019-07-04,6.72,6.83,6.65,6.69,332816
2019-07-05,6.68,6.78,6.64,6.71,258600
2019-07-08,6.72,6.72,6.4,6.41,283498
2019-07-09,6.45,7.04,6.39,6.94,497881
2019-07-10,6.87,6.97,6.71,6.78,401831
2019-07-11,6.86,7.16,6.83,7.0,627790
2019-07-12,7.19,7.62,7.19,7.23,981000
2019-07-15,7.2,7.4,7.07,7.21,727506
2019-07-16,7.13,7.48,6.99,7.32,764014
2019-07-17,7.25,7.52,7.2,7.44,729509
2019-07-18,7.24,7.35,7.09,7.14,559303
2019-07-19,7.2,7.21,6.99,7.03,427497
2019-07-22,6.96,6.98,6.55,6.57,474499
2019-07-23,6.6,6.67,6.54,6.63,237302
2019-07-24,6.62,6.84,6.61,6.77,301999
2019-07-25,6.73,6.74,6.6,6.65,255007
2019-07-26,6.59,6.7,6.56,6.65,150352
2019-07-29,6.63,6.74,6.61,6.64,143358
2019-07-30,6.66,6.94,6.66,6.89,351407
2019-07-31,6.8,6.89,6.76,6.77,219534
2019-08-01,6.84,7.1,6.77,7.0,447747
2019-08-02,6.79,7.09,6.79,7.04,476656
2019-08-05,7.04,7.11,6.89,6.93,442071
2019-08-06,6.74,6.79,6.25,6.51,516038
2019-08-07,6.57,6.67,6.42,6.42,268692
2019-08-08,6.46,6.5,6.32,6.38,217221
2019-08-09,6.42,6.47,6.13,6.14,290819
2019-08-12,6.15,6.23,6.1,6.22,137349
2019-08-13,6.14,6.42,6.1,6.29,222500
2019-08-14,6.4,6.41,6.22,6.22,190423
2019-08-15,6.04,6.24,5.98,6.19,208757
2019-08-16,6.17,6.26,6.16,6.17,159270
2019-08-19,6.22,6.36,6.17,6.34,241511
2019-08-20,6.35,6.37,6.24,6.26,219065
2019-08-21,6.24,6.44,6.21,6.33,246367
2019-08-22,6.33,6.33,6.22,6.27,164423
2019-08-23,6.18,6.29,6.07,6.28,342032
2019-08-26,6.1,6.2,6.07,6.15,151860
2019-08-27,6.17,6.28,6.17,6.21,194332
2019-08-28,6.2,6.25,6.15,6.22,172480
2019-08-29,6.27,6.41,6.25,6.36,307456
2019-08-30,6.36,6.38,6.19,6.21,188989
2019-09-02,6.21,6.35,6.17,6.35,179039
2019-09-03,6.37,6.38,6.29,6.34,147168
2019-09-04,6.31,6.48,6.3,6.46,241031
2019-09-05,6.52,6.67,6.45,6.52,346400
2019-09-06,6.62,6.69,6.56,6.65,256717
2019-09-09,6.7,6.7,6.54,6.69,281252
2019-09-10,6.68,6.69,6.61,6.65,169812
2019-09-11,6.67,6.69,6.52,6.53,186824
2019-09-12,6.58,6.58,6.52,6.57,114392
2019-09-16,6.6,6.62,6.48,6.52,168096
2019-09-17,6.5,6.53,6.27,6.3,215114
2019-09-18,6.31,6.35,6.27,6.3,116577
2019-09-19,6.31,6.49,6.29,6.44,201953
2019-09-20,6.41,6.5,6.35,6.42,145816
2019-09-23,6.39,6.4,6.24,6.29,122810
2019-09-24,6.29,6.36,6.23,6.25,107339
2019-09-25,6.25,6.25,6.14,6.16,112709
2019-09-26,6.18,6.21,6.09,6.09,116560
2019-09-27,6.09,6.16,6.09,6.11,70451
2019-09-30,6.12,6.17,6.1,6.11,62823
2019-10-08,6.1,6.2,6.08,6.14,73441
2019-10-09,6.13,6.19,6.11,6.18,69258
2019-10-10,6.18,6.22,6.16,6.21,74166
2019-10-11,6.18,6.22,6.12,6.19,82825
2019-10-14,6.29,6.3,6.21,6.24,123535
2019-10-15,6.21,6.22,6.1,6.11,107953
2019-10-16,6.13,6.15,6.09,6.09,79005
2019-10-17,6.09,6.12,6.07,6.08,62767
2019-10-18,6.09,6.11,5.95,5.96,111257
2019-10-21,5.96,6.02,5.89,6.0,77076
2019-10-22,5.98,6.04,5.97,6.01,57386
2019-10-23,5.84,5.98,5.84,5.9,105186
2019-10-24,5.87,5.94,5.87,5.88,53760
2019-10-25,5.88,6.0,5.88,5.98,73069
2019-10-28,5.99,6.3,5.99,6.26,261872
2019-10-29,6.19,6.22,6.08,6.17,172117
2019-10-30,6.15,6.21,6.07,6.12,97447
2019-10-31,6.13,6.19,6.0,6.03,90080
2019-11-01,6.0,6.07,5.93,6.02,81959
2019-11-04,6.02,6.08,5.98,6.0,61205
2019-11-05,6.01,6.06,5.97,6.01,60359
2019-11-06,5.99,6.06,5.98,6.01,79175
2019-11-07,6.01,6.04,5.97,6.03,58359
2019-11-08,6.05,6.11,6.02,6.05,82566
2019-11-11,6.03,6.03,5.84,5.86,111181
2019-11-12,5.86,5.88,5.73,5.81,83659
2019-11-13,5.81,5.85,5.76,5.81,52504
2019-11-14,5.81,5.83,5.74,5.76,54955
2019-11-15,5.64,5.78,5.64,5.67,62090
2019-11-18,5.68,5.88,5.66,5.87,106078
2019-11-19,5.84,5.9,5.83,5.86,62363
2019-11-20,5.84,5.88,5.81,5.83,55875
2019-11-21,5.84,5.84,5.76,5.8,60648
2019-11-22,5.79,5.87,5.7,5.71,78350
2019-11-25,5.72,5.82,5.69,5.82,70951
2019-11-26,5.81,5.87,5.68,5.68,162294
2019-11-27,5.72,5.76,5.67,5.7,88476
2019-11-28,5.67,5.73,5.61,5.61,69065
2019-11-29,5.63,5.66,5.59,5.62,57982
2019-12-02,5.62,5.66,5.61,5.63,43314
2019-12-03,5.59,5.66,5.57,5.65,41643
2019-12-04,5.62,5.69,5.61,5.68,40972
2019-12-05,5.69,5.73,5.67,5.72,55654
2019-12-06,5.72,6.1,5.72,6.0,305633
2019-12-09,5.97,6.06,5.93,5.97,174233
2019-12-10,5.96,5.97,5.84,5.9,135906
2019-12-11,5.9,5.92,5.79,5.83,120980
2019-12-12,5.83,5.99,5.8,5.91,175048
2019-12-13,5.93,5.97,5.87,5.94,134469
2019-12-16,5.98,5.98,5.88,5.94,135197
2019-12-17,5.98,6.06,5.95,6.04,184449
2019-12-18,6.04,6.08,5.98,6.02,137014
2019-12-19,6.02,6.07,5.99,6.05,120032
2019-12-20,6.05,6.08,5.92,5.92,136634
2019-12-23,5.92,5.96,5.77,5.78,109762
2019-12-24,5.8,6.0,5.79,5.96,148138
2019-12-25,5.94,6.23,5.9,6.08,367672
2019-12-26,6.1,6.41,6.03,6.35,591091
2019-12-27,6.32,6.41,6.21,6.22,378519
2019-12-30,6.25,6.37,6.21,6.33,274530
2019-12-31,6.3,6.38,6.28,6.32,191925
2020-01-02,6.39,6.5,6.3,6.37,428003
2020-01-03,6.38,6.39,6.27,6.31,267041
2020-01-06,6.28,6.38,6.22,6.26,292943
2020-01-07,6.29,6.34,6.24,6.29,258685
2020-01-08,6.28,6.28,6.08,6.08,293569
2020-01-09,6.14,6.22,6.12,6.21,247939
2020-01-10,6.22,6.22,6.12,6.13,183205
2020-01-13,6.16,6.26,6.1,6.26,190109
2020-01-14,6.28,6.28,6.17,6.18,178748
2020-01-15,6.19,6.22,6.08,6.09,179174
2020-01-16,6.1,6.2,6.06,6.13,192124
2020-01-17,6.16,6.41,6.16,6.31,476552
2020-01-20,6.2,6.22,5.87,6.12,549482
2020-01-21,6.05,6.15,6.0,6.09,216533
2020-01-22,6.09,6.35,5.97,6.31,317298
2020-01-23,6.29,6.32,5.95,6.01,285733
2020-02-03,5.31,5.31,5.31,5.31,69432
2020-02-04,5.06,5.56,5.06,5.42,359095
2020-02-05,5.45,5.72,5.36,5.64,385677
2020-02-06,5.65,6.07,5.6,5.94,515311
2020-02-07,6.0,6.13,5.74,5.82,428454
2020-02-10,5.85,5.94,5.69,5.76,325669
2020-02-11,5.76,5.78,5.57,5.61,285719
2020-02-12,5.63,5.69,5.6,5.68,187815
2020-02-13,5.67,5.7,5.57,5.58,216357
2020-02-14,5.59,5.74,5.5,5.66,249187
2020-02-17,5.72,5.84,5.7,5.82,328980
2020-02-18,5.79,6.12,5.77,6.05,576581
2020-02-19,6.12,6.75,5.97,6.75,1638344
2020-02-20,6.73,6.73,6.43,6.57,1085668
2020-02-21,6.52,7.1,6.47,6.99,1259762
2020-02-24,7.72,7.79,7.32,7.78,2167698
2020-02-25,7.57,8.65,7.49,8.65,2481555
2020-02-26,8.5,8.83,7.7,7.94,1598327
2020-02-27,7.94,8.11,7.33,7.53,1180121
2020-02-28,7.12,7.68,7.1,7.29,1156387
2020-03-02,7.6,7.66,7.2,7.49,1056505
2020-03-03,7.62,8.21,7.54,7.76,1190828
2020-03-04,7.59,7.75,7.14,7.32,910860
2020-03-05,7.47,7.6,7.19,7.55,862326
2020-03-06,7.37,7.49,7.29,7.29,471443
2020-03-09,7.1,7.22,6.58,6.63,864883
2020-03-10,6.49,6.92,6.45,6.88,732742
2020-03-11,6.89,6.97,6.58,6.62,646151
2020-03-12,6.48,6.76,6.28,6.63,670630
2020-03-13,6.17,6.62,6.15,6.45,747743
2020-03-16,6.52,6.98,6.46,6.56,978058
2020-03-17,6.59,6.92,6.42,6.91,806788
2020-03-18,7.0,7.15,6.64,6.65,976444
2020-03-19,6.7,6.96,6.52,6.92,790877
2020-03-20,7.01,7.34,6.97,7.05,970835
2020-03-23,6.73,6.8,6.25,6.25,810619
2020-03-24,6.39,6.43,5.99,6.28,679061
2020-03-25,6.4,6.48,6.24,6.34,535990
2020-03-26,6.24,6.3,6.12,6.14,322236
2020-03-27,6.2,6.24,6.05,6.08,284946
2020-03-30,5.93,5.99,5.72,5.81,343414
2020-03-31,5.93,5.97,5.8,5.82,220783
2020-04-01,5.75,6.0,5.75,5.89,279676
2020-04-02,5.83,6.12,5.8,6.11,286805
2020-04-03,6.09,6.11,5.9,5.93,214379
2020-04-07,6.07,6.19,6.02,6.13,284977
2020-04-08,6.09,6.16,6.03,6.08,235957
2020-04-09,6.11,6.15,6.06,6.1,196865
2020-04-10,6.1,6.1,5.83,5.85,318552
2020-04-13,5.84,5.87,5.74,5.83,192609
2020-04-14,5.92,6.17,5.89,6.16,368303
2020-04-15,6.16,6.21,6.06,6.07,226913
2020-04-16,6.05,6.11,5.99,5.99,207584
2020-04-17,6.06,6.2,5.98,6.01,289942
2020-04-20,6.05,6.05,5.94,5.99,221286
2020-04-21,5.93,5.99,5.87,5.98,173712
2020-04-22,5.92,6.05,5.89,6.02,177915
2020-04-23,6.02,6.03,5.86,5.86,219847
2020-04-24,5.86,5.9,5.73,5.76,211092
2020-04-27,5.77,5.79,5.64,5.66,139936
2020-04-28,5.54,5.57,5.14,5.32,341515
2020-04-29,5.33,5.39,5.19,5.23,170465
2020-04-30,5.26,5.49,5.24,5.48,216325
2020-05-06,5.4,5.75,5.37,5.75,287249
2020-05-07,5.67,5.79,5.63,5.64,196804
2020-05-08,5.71,5.8,5.65,5.75,199194
2020-05-11,5.79,5.89,5.66,5.73,210415
2020-05-12,5.74,5.93,5.7,5.86,247831
2020-05-13,5.82,5.86,5.71,5.75,170782
2020-05-14,5.73,5.74,5.57,5.59,198397
2020-05-15,5.73,6.11,5.73,5.81,435298
2020-05-18,5.91,6.08,5.82,6.0,431907
2020-05-19,6.03,6.22,5.89,6.1,457926
2020-05-20,6.12,6.18,5.88,5.94,331638
2020-05-21,5.93,5.97,5.7,5.81,265297
2020-05-22,5.8,5.85,5.63,5.65,200264
2020-05-25,5.64,5.74,5.58,5.63,124213
2020-05-26,5.65,5.73,5.64,5.71,97086
2020-05-27,5.72,5.73,5.59,5.6,147167
2020-05-28,5.59,5.65,5.43,5.52,169795
2020-05-29,5.49,5.66,5.44,5.61,128177
2020-06-01,5.7,5.86,5.65,5.82,242525
2020-06-02,5.89,5.97,5.81,5.94,263233
2020-06-03,5.92,5.97,5.84,5.84,226268
2020-06-04,5.83,5.94,5.79,5.83,153605
2020-06-05,5.83,5.87,5.71,5.76,167192
2020-06-08,5.79,5.9,5.75,5.77,153661
2020-06-09,5.8,5.81,5.73,5.76,123400
2020-06-10,5.76,5.76,5.62,5.66,182735
2020-06-11,5.66,5.76,5.66,5.68,146835
2020-06-12,5.56,5.68,5.56,5.62,126668
2020-06-15,5.59,5.66,5.56,5.57,114857
2020-06-16,5.61,5.68,5.6,5.67,113943
2020-06-17,5.67,5.71,5.61,5.65,115619
2020-06-18,5.74,6.02,5.74,5.89,368741
2020-06-19,5.84,5.91,5.81,5.86,185649
2020-06-22,5.85,6.05,5.85,5.93,301997
2020-06-23,5.93,5.99,5.85,5.9,221395
2020-06-24,5.93,6.07,5.86,6.01,324132
2020-06-29,5.98,6.03,5.9,5.93,186716
2020-06-30,5.99,6.09,5.94,6.05,274231
2020-07-01,6.15,6.15,5.89,5.98,259189
2020-07-02,5.99,6.18,5.92,6.16,393550
2020-07-03,6.17,6.41,6.17,6.3,397379
2020-07-06,6.4,6.71,6.4,6.7,600214
2020-07-07,6.89,7.07,6.6,6.6,814182
2020-07-08,6.56,6.88,6.49,6.82,545405
2020-07-09,6.78,7.01,6.68,6.9,631013
2020-07-10,6.87,7.01,6.69,6.76,502880
2020-07-13,6.72,7.29,6.68,7.26,803589
2020-07-14,7.17,7.26,6.91,7.05,608474
2020-07-15,7.11,7.2,6.73,6.76,462475
2020-07-16,6.86,6.95,6.32,6.37,538144
2020-07-17,6.39,6.46,6.18,6.26,338985
2020-07-20,6.33,6.63,6.27,6.61,393681
2020-07-21,6.59,6.79,6.56,6.62,242962
2020-07-22,6.63,6.76,6.56,6.59,298367
2020-07-23,6.55,6.62,6.3,6.48,330697
2020-07-24,6.44,6.55,6.08,6.24,384830
2020-07-27,6.21,6.24,6.06,6.16,209539
2020-07-28,6.26,6.32,6.14,6.19,164737
2020-07-29,6.16,6.35,6.11,6.35,210448
2020-07-30,6.34,6.44,6.29,6.33,202957
2020-07-31,6.34,6.6,6.31,6.6,441103
2020-08-03,6.56,6.66,6.53,6.66,416716
2020-08-04,6.65,6.69,6.51,6.55,299516
2020-08-05,6.67,6.72,6.54,6.6,294448
2020-08-06,6.61,6.62,6.38,6.48,329081
2020-08-07,6.46,6.47,6.23,6.27,281529
2020-08-10,6.28,6.41,6.26,6.37,202480
2020-08-11,6.4,6.4,6.21,6.23,204247
2020-08-12,6.23,6.26,6.08,6.21,207341
2020-08-13,6.26,6.48,6.25,6.33,237856
2020-08-14,6.34,6.35,6.22,6.34,155440
2020-08-17,6.34,6.48,6.29,6.46,262616
2020-08-18,6.43,6.53,6.39,6.51,239814
2020-08-19,6.5,6.55,6.42,6.46,244591
2020-08-20,6.42,6.69,6.38,6.65,492888
2020-08-21,6.5,6.55,6.25,6.3,526696
2020-08-24,6.27,6.37,6.12,6.34,257322
2020-08-25,6.31,6.35,6.24,6.29,162136
2020-08-26,6.26,6.3,6.16,6.17,158155
2020-08-27,6.19,6.25,6.16,6.2,102517
2020-08-28,6.2,6.25,6.12,6.25,139642
2020-08-31,6.27,6.32,6.16,6.16,168058
2020-09-01,6.16,6.17,6.11,6.14,114602
2020-09-02,6.16,6.25,6.08,6.21,179143
2020-09-03,6.18,6.31,6.16,6.18,158646
2020-09-04,6.07,6.14,6.07,6.1,141684
2020-09-07,6.11,6.16,5.95,5.96,226764
2020-09-08,5.99,6.02,5.91,5.98,136911
2020-09-09,5.92,5.97,5.82,5.87,154315
2020-09-10,5.91,5.94,5.66,5.72,188443
2020-09-11,5.67,5.79,5.67,5.73,100662
2020-09-14,5.75,5.8,5.68,5.72,114098
2020-09-15,5.75,5.79,5.66,5.79,137980
2020-09-16,5.79,5.82,5.72,5.81,148936
2020-09-17,5.8,6.05,5.74,5.95,236075
2020-09-18,5.96,6.08,5.91,5.99,196985
2020-10-13,6.67,6.67,6.16,6.2,670163
2020-10-14,6.17,6.41,6.02,6.27,336081
2020-10-15,6.22,6.29,6.14,6.14,148200
2020-10-16,6.13,6.16,5.96,5.99,172084
2020-10-19,6.0,6.09,5.95,5.98,95741
2020-10-20,5.96,5.99,5.89,5.98,69963
2020-10-21,5.99,6.2,5.96,6.08,164069
2020-10-22,6.03,6.06,5.92,6.01,82667
2020-10-23,5.97,6.02,5.94,5.95,96898
2020-10-26,5.92,5.98,5.84,5.89,84555
2020-10-27,5.87,5.99,5.85,5.94,80645
2020-10-28,5.96,5.98,5.89,5.96,68243
2020-10-29,5.9,6.02,5.79,5.94,138996
2020-10-30,5.88,5.93,5.73,5.83,162315
2020-11-02,5.81,5.86,5.75,5.82,83723
2020-11-03,5.82,6.0,5.81,5.98,114441
2020-11-04,5.96,6.05,5.92,5.99,128141
2020-11-05,6.03,6.06,5.97,6.03,126579
2020-11-06,6.0,6.05,5.92,6.04,124651
2020-11-09,6.04,6.15,5.99,6.01,315699
2020-11-10,6.02,6.23,5.97,6.19,370400
2020-11-11,6.12,6.28,6.11,6.15,201963
2020-11-12,6.18,6.23,6.1,6.22,112714
2020-11-13,6.19,6.19,6.06,6.1,143307
2020-11-16,6.1,6.51,6.07,6.45,493391
2020-11-17,6.41,6.55,6.39,6.5,318427
2020-11-18,6.56,6.73,6.43,6.7,439180
2020-11-19,6.76,7.0,6.67,6.81,617650
2020-11-20,6.78,7.1,6.68,7.09,610566
2020-11-23,7.16,7.45,7.08,7.37,770365
2020-11-24,7.35,7.59,7.32,7.49,527328
2020-11-25,7.49,7.58,7.31,7.32,486154
2020-11-26,7.33,7.38,7.14,7.24,397887
2020-11-27,7.23,7.35,7.04,7.19,340014
2020-11-30,7.2,7.3,7.05,7.05,309563
2020-12-01,7.06,7.13,7.0,7.1,217502
2020-12-02,7.08,7.1,6.72,6.81,534149
2020-12-03,6.8,6.81,6.6,6.64,250524
2020-12-04,6.67,6.74,6.6,6.69,170766
2020-12-07,6.72,6.78,6.6,6.65,204687
2020-12-08,6.66,6.76,6.63,6.69,140739
2020-12-09,6.68,6.68,6.42,6.46,193408
2020-12-10,6.51,6.75,6.47,6.55,232706
2020-12-11,6.53,6.73,6.46,6.66,321769
2020-12-14,6.76,6.77,6.47,6.65,256245
2020-12-15,6.71,6.86,6.59,6.71,385392
2020-12-16,6.69,7.46,6.61,7.07,672039
2020-12-17,7.06,7.28,7.0,7.26,475336
2020-12-18,7.22,7.54,7.18,7.43,541028
2020-12-21,7.37,7.47,7.24,7.33,428986
2020-12-22,7.31,7.47,7.06,7.09,423403
2020-12-23,7.07,7.21,7.02,7.13,274173
2020-12-24,7.07,7.1,6.74,6.76,293530
2020-12-25,6.73,7.31,6.66,7.25,315764
2020-12-28,7.25,7.36,7.1,7.29,299908
2020-12-29,7.41,7.6,7.23,7.27,354336
2020-12-30,7.23,7.33,7.12,7.22,201949
2020-12-31,7.19,7.33,7.06,7.27,225027
2021-01-04,7.22,7.51,7.22,7.37,272436
2021-01-05,7.31,7.34,7.14,7.29,263959
2021-01-06,7.22,7.29,7.06,7.19,207995
2021-01-07,7.1,7.32,6.93,7.02,256558
2021-01-08,7.12,7.6,6.9,7.56,483984
2021-01-11,7.6,7.81,7.39,7.49,394615
2021-01-12,7.38,7.45,7.07,7.18,335085
2021-01-13,7.09,7.24,6.92,7.04,259951
2021-01-14,7.01,7.1,6.77,6.78,237302
2021-01-15,6.76,6.89,6.74,6.82,145090
2021-01-18,6.82,7.02,6.71,6.96,174990
2021-01-19,6.77,7.06,6.61,6.89,226401
2021-01-20,6.81,6.89,6.71,6.85,121955
2021-01-21,6.84,7.6,6.8,7.4,492194
2021-01-22,7.42,7.45,7.2,7.28,262479
2021-01-25,7.44,8.09,7.24,8.09,858715
2021-01-26,8.0,8.33,7.87,8.06,666696
2021-01-27,8.06,8.4,7.99,8.29,507570
2021-01-28,8.21,8.53,8.08,8.15,503709
2021-01-29,8.21,8.39,7.81,7.98,413690
2021-02-01,8.06,8.32,7.93,8.19,384853
2021-02-02,8.25,8.49,8.19,8.26,354209
2021-02-03,8.21,8.49,8.06,8.28,367815
2021-02-04,8.27,8.43,7.89,7.96,533056
2021-02-05,7.89,8.03,7.49,7.55,390587
2021-02-08,7.59,8.25,7.59,8.09,411303
2021-02-09,8.06,8.37,8.06,8.29,279721
2021-02-10,8.32,8.34,8.02,8.19,269493
2021-02-18,8.68,9.09,8.62,8.96,794608
2021-02-19,9.01,9.01,8.43,8.63,590726
2021-02-22,8.62,9.15,8.61,8.78,566590
2021-02-23,8.76,9.24,8.59,9.16,797473
2021-02-24,9.23,9.36,8.69,8.77,634812
2021-02-25,8.88,9.05,8.35,8.41,465093
2021-02-26,8.26,8.31,7.82,7.88,403623
2021-03-01,7.94,8.1,7.86,8.02,232143
2021-03-02,8.07,8.07,7.67,7.74,270662
2021-03-03,7.76,7.99,7.69,7.92,204658
2021-03-04,7.87,7.95,7.57,7.61,301500
2021-03-05,7.59,7.67,7.27,7.53,372383
2021-03-08,7.62,7.98,7.62,7.62,505700
2021-03-09,7.64,7.99,7.44,7.86,368780
2021-03-10,7.82,7.9,7.56,7.85,214417
2021-03-11,7.78,8.12,7.78,8.11,256576
2021-03-12,8.11,8.52,7.95,8.45,483150
2021-03-15,8.33,8.49,8.16,8.27,296958
2021-03-16,8.26,8.35,7.91,8.03,291133
2021-03-17,7.85,8.03,7.66,7.94,220647
2021-03-18,7.93,8.52,7.83,8.36,396271
2021-03-19,8.21,8.33,8.01,8.09,252248
2021-03-22,8.05,8.23,7.92,8.05,190469
2021-03-23,8.02,8.4,7.92,7.95,274238
2021-03-24,7.9,8.04,7.58,7.76,325930
2021-03-25,7.72,7.9,7.67,7.81,136216
2021-03-26,7.83,8.12,7.78,8.03,194985
2021-03-29,8.07,8.5,7.94,8.49,436523
2021-03-30,8.52,8.66,8.36,8.5,297354
2021-03-31,8.5,8.58,8.26,8.38,212262
2021-04-01,8.41,8.52,8.3,8.42,157188
2021-04-02,8.46,8.59,8.33,8.41,161190
2021-04-06,8.41,8.46,8.27,8.43,140203
2021-04-07,8.41,8.54,8.36,8.4,157884
2021-04-08,8.38,8.66,8.33,8.47,326385
2021-04-09,8.42,8.48,8.03,8.11,293779
2021-04-12,8.1,8.2,7.83,8.16,274330
2021-04-13,8.02,8.13,7.83,7.89,161001
2021-04-14,7.88,8.03,7.85,7.89,108560
2021-04-15,7.86,7.98,7.67,7.97,142692
2021-04-16,7.96,8.01,7.89,8.0,107887
2021-04-19,8.06,8.22,7.96,8.19,175503
2021-04-20,8.35,8.54,8.23,8.31,235040
2021-04-21,8.16,8.28,8.13,8.16,133234
2021-04-22,8.1,8.14,7.95,7.99,157247
2021-04-23,8.03,8.08,7.88,8.03,106165
2021-04-26,8.06,8.13,7.92,7.93,126828
2021-04-27,7.89,7.99,7.77,7.87,96621
2021-04-28,7.83,7.95,7.78,7.87,73525
2021-04-29,7.88,8.03,7.84,8.02,108676
2021-04-30,7.93,8.0,7.62,7.9,245671
2021-05-06,7.87,8.34,7.84,8.25,299747
2021-05-07,8.36,8.47,8.26,8.29,222738
2021-05-10,8.31,8.48,8.2,8.48,230450
2021-05-11,8.39,8.41,8.18,8.36,172625
2021-05-12,8.3,8.3,8.12,8.29,153859
2021-05-13,8.26,8.39,8.08,8.17,157635
2021-05-14,8.17,8.58,8.02,8.48,326954
2021-05-17,8.49,8.84,8.37,8.79,385389
2021-05-18,8.71,8.91,8.51,8.86,316860
2021-05-19,8.79,8.95,8.61,8.84,274054
2021-05-20,8.85,8.91,8.63,8.65,189959
2021-05-21,8.65,8.73,8.54,8.55,162023
2021-05-24,8.59,8.78,8.52,8.65,175562
2021-05-25,8.61,8.78,8.51,8.62,193930
2021-05-26,8.65,8.91,8.44,8.85,319532
2021-05-27,8.91,8.98,8.78,8.87,228945
2021-05-28,8.86,9.1,8.81,9.01,319544
2021-05-31,9.11,9.22,8.93,9.12,331227
2021-06-01,9.08,9.16,8.88,9.03,197173
2021-06-02,9.08,9.36,9.01,9.01,319777
2021-06-03,8.98,9.67,8.91,9.39,477145
2021-06-04,9.34,9.74,9.26,9.63,361420
2021-06-07,9.64,9.95,9.52,9.67,406016
2021-06-08,9.62,9.65,9.29,9.46,266475
2021-06-09,9.51,9.66,9.33,9.46,211029
2021-06-10,9.44,9.64,9.37,9.46,210985
2021-06-11,8.67,8.93,8.43,8.43,751652
2021-06-15,8.36,8.36,8.05,8.08,426798
2021-06-16,8.18,8.38,8.06,8.1,293999
2021-06-17,8.12,8.23,7.91,8.01,236163
2021-06-18,8.06,8.18,7.98,8.05,198808
2021-06-21,7.99,8.16,7.96,8.08,170247
2021-06-22,8.21,8.39,8.06,8.15,236265
2021-06-23,8.22,8.27,7.96,8.04,234477
2021-06-24,8.04,8.14,7.95,8.08,142430
2021-06-25,8.12,8.12,7.86,7.89,216241
2021-06-28,7.92,8.08,7.92,8.01,158857
2021-06-29,8.03,8.27,7.96,8.13,240154
2021-06-30,8.17,8.21,8.03,8.1,137201
2021-07-01,8.13,8.13,7.89,7.95,138086
2021-07-02,7.92,7.99,7.63,7.64,173015
2021-07-05,8.36,8.39,7.99,8.39,434013
2021-07-06,8.95,9.3,8.67,9.19,974524
2021-07-07,8.86,9.46,8.76,9.29,811745
2021-07-08,9.47,9.62,9.29,9.35,579928
2021-07-09,9.28,9.76,9.24,9.72,518257
2021-07-12,10.16,10.57,9.95,10.37,686523
2021-07-13,10.13,10.79,10.06,10.76,542999
2021-07-14,10.61,10.89,10.37,10.43,478657
2021-07-15,10.42,11.55,10.41,11.35,923203
2021-07-16,11.38,12.39,11.29,11.65,1015428
2021-07-19,11.51,12.01,11.21,11.28,603987
2021-07-20,10.99,11.51,10.7,11.27,492710
2021-07-21,11.5,11.77,11.32,11.55,532489
2021-07-22,11.63,11.83,11.33,11.52,408713
2021-07-23,11.49,11.8,11.23,11.28,473674
2021-07-26,11.55,12.02,11.17,11.44,668719
2021-07-27,11.78,12.65,11.29,11.37,787726
2021-07-28,11.03,11.34,10.37,10.78,624730
2021-07-29,11.16,11.33,10.81,11.09,500822
2021-07-30,10.96,11.11,10.67,11.04,353262
2021-08-02,11.12,11.55,10.85,11.09,449771
2021-08-03,10.84,10.98,10.26,10.32,487432
2021-08-04,10.24,10.83,10.24,10.8,338376
2021-08-05,10.67,10.75,10.34,10.48,240778
2021-08-06,10.51,11.19,10.38,11.12,410237
2021-08-09,11.16,11.23,10.61,10.9,374493
2021-08-10,10.95,11.99,10.91,11.54,646925
2021-08-11,11.86,12.11,11.55,11.75,480731
2021-08-12,11.71,12.88,11.47,12.46,692742
2021-08-13,12.31,12.71,12.02,12.21,403816
2021-08-16,12.56,12.66,11.8,11.87,450237
2021-08-17,11.66,11.82,10.74,10.91,533154
2021-08-18,11.01,11.13,10.65,10.82,245300
2021-08-19,10.82,11.09,10.58,10.92,232813
2021-08-20,10.9,11.26,10.61,11.17,256833
2021-08-23,11.2,11.75,11.2,11.6,389396
2021-08-24,11.78,12.14,11.68,11.78,432236
2021-08-25,11.79,13.03,11.47,13.03,900845
2021-08-26,13.26,14.41,13.1,14.41,856579
2021-08-27,14.84,15.53,13.76,15.21,1528116
2021-08-30,15.76,16.44,14.96,15.22,1324057
2021-08-31,15.17,16.46,15.08,16.25,1198642
2021-09-01,16.03,16.31,14.55,14.55,1161629
2021-09-02,14.18,15.24,14.18,15.03,961459
2021-09-03,14.44,15.11,13.82,14.12,908480
2021-09-06,14.4,14.75,13.86,14.48,660647
2021-09-07,14.74,15.47,14.31,15.05,955588
2021-09-08,15.14,16.0,14.51,15.66,1020121
2021-09-09,15.78,16.0,15.08,15.26,987182
2021-09-10,15.51,15.56,14.26,15.22,1024627
2021-09-13,15.41,16.31,15.11,16.02,1098360
2021-09-14,15.51,16.02,14.74,15.01,1014592
2021-09-15,14.84,16.59,14.78,16.59,853452
2021-09-16,17.61,17.91,16.04,16.49,1808115
2021-09-17,16.37,17.79,15.98,17.01,1457585
2021-09-22,16.66,18.79,16.66,18.79,988530
2021-09-23,19.28,19.64,17.37,18.23,1454300
2021-09-24,17.66,17.96,16.33,16.33,1133720
2021-09-27,15.86,16.15,14.62,14.62,999716
2021-09-28,14.69,14.91,14.17,14.43,592862
2021-09-29,14.3,14.81,13.46,13.51,700762
2021-09-30,13.74,14.36,13.59,14.19,480447
2021-10-08,14.53,14.57,13.02,13.63,711822
2021-10-11,13.59,13.88,13.12,13.66,356653
2021-10-12,13.48,13.91,12.71,13.13,437995
2021-10-13,13.12,13.53,12.91,13.41,284586
2021-10-14,13.14,13.8,12.93,13.46,310754
2021-10-15,13.44,13.74,13.17,13.52,331222
2021-10-18,13.71,13.86,13.37,13.75,431769
2021-10-19,13.7,14.36,13.46,14.3,515057
2021-10-20,13.76,14.73,13.52,14.5,557095
2021-10-21,14.37,14.81,14.3,14.36,431042
2021-10-22,14.36,14.69,13.96,14.06,398302
2021-10-25,13.81,14.46,13.81,14.28,388457
2021-10-26,14.49,15.58,14.22,15.04,634450
2021-10-27,15.0,15.95,14.86,15.88,683551
2021-10-28,15.76,15.8,14.51,15.02,665810
2021-10-29,14.76,15.35,14.16,14.8,567974
2021-11-01,14.46,14.91,14.21,14.56,424154
2021-11-02,14.61,14.61,13.26,13.54,581924
2021-11-03,13.5,13.74,13.21,13.64,309367
2021-11-04,13.69,13.82,13.27,13.32,296376
2021-11-05,13.22,13.4,11.91,11.91,730108
2021-11-08,11.92,12.08,11.59,11.96,439732
2021-11-09,11.95,12.18,11.67,12.14,370466
2021-11-10,11.97,12.01,11.52,11.84,337056
2021-11-11,11.87,12.21,11.74,12.18,351752
2021-11-12,12.22,12.23,11.92,11.99,269085
2021-11-15,11.94,11.96,11.38,11.63,373039
2021-11-16,11.63,11.75,11.28,11.36,271578
2021-11-17,11.3,11.6,11.3,11.49,230843
2021-11-18,11.46,11.84,11.41,11.61,315401
2021-11-19,11.61,12.15,11.41,11.81,402036
2021-11-22,11.69,12.1,11.69,12.08,363204
2021-11-23,12.08,12.31,11.93,12.0,284701
2021-11-24,11.97,12.49,11.82,12.36,361647
2021-11-25,12.39,13.21,12.19,13.07,637818
2021-11-26,13.06,13.09,12.67,12.79,359524
2021-11-29,12.49,12.68,12.34,12.59,283557
2021-11-30,12.85,12.85,12.36,12.46,341934
2021-12-01,12.31,12.58,12.09,12.41,311951
2021-12-02,12.29,12.49,12.01,12.02,340805
2021-12-03,12.09,12.18,11.92,11.97,294665
2021-12-06,12.39,12.85,12.19,12.25,647732
2021-12-07,12.34,12.43,11.55,11.8,416423
2021-12-08,11.76,12.32,11.72,12.16,327385
2021-12-09,12.24,12.24,11.81,11.93,269039
2021-12-10,11.86,11.98,11.77,11.86,207262
2021-12-13,12.12,12.62,12.01,12.51,501154
2021-12-14,12.49,12.53,12.25,12.35,261102
2021-12-15,12.26,12.43,11.98,12.03,276931
2021-12-16,12.03,12.08,11.81,12.06,220672
2021-12-17,12.05,12.14,11.85,11.85,239721
2021-12-20,11.76,11.76,11.32,11.46,248741
2021-12-21,11.41,11.58,11.39,11.52,131470
2021-12-22,11.51,11.94,11.45,11.75,185301
2021-12-23,11.83,11.83,11.62,11.64,118562
2021-12-24,11.63,11.65,11.3,11.37,162600
2021-12-27,11.46,11.46,10.94,11.1,178102
2021-12-28,11.18,11.56,11.12,11.48,178961
2021-12-29,11.56,11.81,11.44,11.64,242484
2021-12-30,11.72,12.45,11.68,12.09,438600
2021-12-31,12.09,12.25,11.96,12.17,251469
2022-01-04,12.26,12.38,11.98,12.07,232665
2022-01-05,12.14,12.14,11.72,11.9,246645
2022-01-06,11.8,11.91,11.67,11.77,156926
2022-01-07,11.79,11.82,11.49,11.51,193465
2022-01-10,11.48,11.62,11.39,11.53,126678
2022-01-11,11.61,12.01,11.41,11.44,238430
2022-01-12,11.56,11.9,11.46,11.68,196342
2022-01-13,11.58,11.69,11.29,11.32,200597
2022-01-14,11.26,11.4,11.12,11.22,157496
2022-01-17,11.26,11.44,11.21,11.3,142110
2022-01-18,11.3,11.38,11.17,11.24,157437
2022-01-19,11.19,11.36,11.18,11.27,145610
2022-01-20,11.25,11.25,10.46,10.6,402593
2022-01-21,10.62,10.78,10.28,10.65,178016
2022-01-24,10.65,10.81,10.51,10.81,160611
2022-01-25,11.26,11.83,11.2,11.38,639542
2022-01-26,11.74,12.59,11.48,12.59,888094
2022-01-27,12.42,12.58,12.03,12.1,595423
2022-01-28,12.13,12.39,11.81,12.16,437349
2022-02-07,12.34,13.01,12.14,12.88,629785
2022-02-08,12.66,13.1,12.54,13.08,561564
2022-02-09,12.99,13.02,12.62,12.73,365841
2022-02-10,12.73,12.73,12.33,12.57,358442
2022-02-11,12.45,12.92,12.39,12.64,346533
2022-02-14,12.41,12.99,12.36,12.56,317547
2022-02-15,12.61,12.88,12.42,12.82,244354
2022-02-16,12.86,12.96,12.66,12.83,240060
2022-02-17,12.94,13.7,12.68,13.67,649339
2022-02-18,13.46,13.8,13.24,13.58,408775
2022-02-21,13.86,14.01,13.56,13.71,356084
2022-02-22,13.61,14.48,13.51,14.15,600229
2022-02-23,14.06,14.32,13.97,14.28,381795
2022-02-24,14.26,14.96,13.78,14.13,797902
2022-02-25,14.41,14.56,13.7,13.73,592472
2022-02-28,13.56,13.97,13.47,13.88,391138
2022-03-01,13.9,14.36,13.79,14.26,461609
2022-03-02,14.21,14.29,13.92,13.99,256711
2022-03-03,14.15,14.18,13.68,13.75,271282
2022-03-04,13.56,13.89,13.44,13.55,248329
2022-03-07,13.26,13.45,12.87,13.04,387754
2022-03-08,13.03,13.19,12.28,12.47,466298
2022-03-09,12.48,12.6,11.53,12.12,395864
2022-03-10,12.46,12.92,12.36,12.78,370729
2022-03-11,12.55,12.84,12.27,12.74,260329
2022-03-14,12.58,12.75,12.16,12.2,331059
2022-03-15,12.06,12.34,11.62,11.64,296477
2022-03-16,11.87,12.26,11.41,12.25,416675
2022-03-17,12.44,12.9,12.35,12.6,396219
2022-03-18,12.47,12.79,12.47,12.74,205903
2022-03-21,12.72,12.96,12.46,12.9,277111
2022-03-22,12.76,12.97,12.65,12.74,185831
2022-03-23,12.76,13.23,12.7,13.02,240668
2022-03-24,12.92,13.25,12.81,13.05,223552
2022-03-25,12.97,13.1,12.76,12.76,175660
2022-03-28,12.66,12.7,12.28,12.43,193568
2022-03-29,12.54,12.6,12.15,12.48,229418
2022-03-30,12.58,12.75,12.43,12.71,179257
2022-03-31,12.66,12.74,12.3,12.32,170188
2022-04-01,12.2,12.74,12.19,12.68,210097
2022-04-06,12.73,12.77,12.14,12.26,261259
2022-04-07,12.11,12.27,11.87,11.89,188204
2022-04-08,11.9,12.08,11.67,11.93,220758
2022-04-11,11.93,11.93,11.29,11.34,223983
2022-04-12,11.36,11.78,11.07,11.75,230920
2022-04-13,11.57,11.71,11.4,11.41,148749
2022-04-14,11.53,11.82,11.44,11.78,222091
2022-04-15,11.63,11.63,11.33,11.41,181783
2022-04-18,11.36,11.54,10.94,11.46,173451
2022-04-19,11.46,11.89,11.32,11.75,182048
2022-04-20,11.76,11.84,11.26,11.32,170454
2022-04-21,11.16,11.3,10.7,10.79,259874
2022-04-22,10.91,11.61,10.81,11.37,430806
2022-04-25,11.37,11.37,10.16,10.16,460212
2022-04-26,10.0,10.02,9.2,9.23,490926
2022-04-27,9.09,9.89,9.03,9.81,427368
2022-04-28,9.68,10.18,9.66,10.17,383571
2022-04-29,9.94,10.61,9.67,10.61,436836
2022-05-05,10.55,10.55,10.21,10.33,361531
2022-05-06,10.02,10.17,9.82,9.86,327849
2022-05-09,9.74,9.99,9.7,9.83,205961
2022-05-10,9.7,10.13,9.56,10.07,247995
2022-05-11,10.16,10.66,10.08,10.28,287359
2022-05-12,10.29,10.43,10.11,10.26,211234
2022-05-13,10.34,10.48,10.16,10.38,197389
2022-05-16,10.5,10.58,10.29,10.41,196839
2022-05-17,10.39,10.6,10.29,10.59,174206
2022-05-18,10.6,10.85,10.54,10.66,197175
2022-05-19,10.44,11.07,10.36,11.02,294637
2022-05-20,11.01,11.3,10.93,11.18,202936
2022-05-23,11.14,11.29,11.03,11.2,166866
2022-05-24,11.19,11.2,10.66,10.66,234846
2022-05-25,10.67,10.88,10.54,10.76,190522
2022-05-26,10.74,10.92,10.52,10.86,182539
2022-05-27,10.9,11.09,10.66,10.74,159397
2022-05-30,10.8,10.99,10.59,10.82,175734
2022-05-31,10.82,11.02,10.69,10.94,228589
2022-06-01,10.94,11.23,10.89,11.01,234592
2022-06-02,11.05,11.26,10.84,11.2,231899
2022-06-06,11.18,11.73,11.16,11.63,339172
2022-06-07,11.69,11.69,11.38,11.52,207944
2022-06-08,11.52,11.6,11.11,11.43,290996
2022-06-09,11.4,11.56,11.15,11.31,202445
2022-06-10,11.17,11.67,11.13,11.66,285989
2022-06-13,11.51,12.03,11.44,11.87,338079
2022-06-14,11.64,12.52,11.64,12.39,466002
2022-06-15,12.63,12.79,12.13,12.14,424104
2022-06-16,12.1,12.54,12.04,12.17,287936
2022-06-17,12.04,12.28,11.91,12.17,270742
2022-06-20,12.21,12.43,12.02,12.24,269761
2022-06-21,12.49,12.49,11.79,11.95,265342
2022-06-22,11.92,12.06,11.56,11.61,236380
2022-06-23,11.56,11.88,11.43,11.86,240914
2022-06-24,11.84,12.38,11.77,12.28,262063
2022-06-27,12.31,12.53,12.22,12.39,229905
2022-06-28,12.39,12.87,12.19,12.75,321272
2022-06-29,12.75,12.75,12.09,12.24,273803
2022-06-30,12.38,12.81,12.27,12.54,299579
2022-07-01,12.55,12.87,12.45,12.68,273409
2022-07-04,12.74,13.53,12.62,13.51,530846
2022-07-05,13.39,13.57,13.18,13.49,385806
2022-07-06,13.44,13.47,13.06,13.2,283755
2022-07-07,13.07,13.31,12.89,13.2,236427
2022-07-08,13.28,13.36,12.73,13.04,320098
2022-07-11,12.96,12.97,12.39,12.62,301102
2022-07-12,12.61,12.68,12.27,12.29,213475
2022-07-13,12.3,12.88,12.06,12.83,283636
2022-07-14,12.8,13.51,12.69,13.51,415722
2022-07-15,14.09,14.89,13.84,13.99,906182
2022-07-18,14.27,15.45,13.87,15.45,957316
2022-07-19,15.45,16.57,15.19,16.07,900414
2022-07-20,15.91,16.49,15.91,16.17,494039
2022-07-21,16.18,16.22,15.67,15.91,348727
2022-07-22,15.85,16.02,14.87,15.15,562436
2022-07-25,15.16,15.95,15.09,15.46,380460
2022-07-26,15.65,15.79,15.08,15.41,251041
2022-07-27,15.39,15.74,15.24,15.54,251620
2022-07-28,15.59,16.45,15.48,16.15,446718
2022-07-29,16.24,16.99,16.1,16.68,529738
2022-08-01,16.95,17.08,16.48,16.82,367223
2022-08-02,16.4,16.54,15.86,16.15,480451
2022-08-03,16.24,16.6,15.69,15.81,350422
2022-08-04,15.89,16.07,15.38,15.59,346535
2022-08-05,15.7,16.34,15.45,16.26,304520
2022-08-08,16.16,16.25,15.67,16.02,299005
2022-08-09,15.88,16.18,15.76,16.03,315130
2022-08-10,16.03,16.49,15.9,16.3,368149
2022-08-11,16.55,17.56,16.14,17.48,637230
2022-08-12,17.41,17.74,16.01,16.32,600092
2022-08-15,16.33,16.97,16.19,16.59,378874
2022-08-16,16.7,16.77,16.35,16.51,256882
2022-08-17,16.51,16.61,15.79,16.26,289009
2022-08-18,16.26,16.65,16.16,16.36,241231
2022-08-19,16.35,16.4,15.7,15.88,237257
2022-08-22,15.94,16.86,15.74,16.79,302717
2022-08-23,16.74,16.97,16.47,16.84,231995
2022-08-24,17.05,17.06,15.54,15.61,377629
2022-08-25,15.73,15.95,14.99,15.9,371698
2022-08-26,16.3,16.56,15.39,15.57,398632
2022-08-29,15.45,15.89,15.25,15.69,253295
2022-08-30,15.57,15.7,14.97,15.13,289723
2022-08-31,15.26,15.44,14.79,15.09,308828
2022-09-01,15.09,15.19,14.64,14.81,202916
2022-09-02,14.83,15.34,14.67,15.03,232863
2022-09-05,15.05,15.79,14.97,15.57,284324
2022-09-06,15.65,16.11,15.5,15.99,234736
2022-09-07,15.79,16.11,15.79,15.93,148507
2022-09-08,15.84,16.12,15.79,15.87,161516
2022-09-09,15.92,16.21,15.73,15.87,154868
2022-09-13,15.96,16.2,15.46,15.54,318278
2022-09-14,15.24,15.5,14.94,15.04,254393
2022-09-15,15.11,15.15,13.95,14.22,322845
2022-09-16,14.24,14.37,13.74,13.86,313908
2022-09-19,13.81,14.34,13.77,13.95,197188
2022-09-20,14.05,14.39,14.01,14.08,170478
2022-09-21,14.08,14.14,13.75,13.87,156001
2022-09-22,13.76,14.25,13.72,14.09,175446
2022-09-23,13.96,14.13,13.55,13.69,190527
2022-09-26,13.54,14.08,13.46,13.72,217838
2022-09-27,13.69,13.91,13.56,13.78,165647
2022-09-28,13.87,13.88,13.28,13.28,212924
2022-09-29,13.37,13.69,13.37,13.45,161866
2022-09-30,13.53,13.64,13.22,13.28,146187
2022-10-10,13.27,13.57,13.06,13.18,208124
2022-10-11,13.29,13.66,13.2,13.54,249936
2022-10-12,13.5,13.79,13.04,13.75,314726
2022-10-13,13.69,13.84,13.55,13.61,175736
2022-10-14,13.74,14.09,13.47,13.95,253263
2022-10-17,13.89,14.05,13.65,13.85,179396
2022-10-18,13.99,14.71,13.88,14.48,322203
2022-10-19,15.07,15.51,14.89,15.21,508344
2022-10-20,15.18,15.89,14.99,15.53,475021
2022-10-21,15.45,15.89,15.39,15.55,273703
2022-10-24,15.44,15.71,15.15,15.32,338839
2022-10-25,15.16,15.71,14.82,15.54,333549
2022-10-26,15.59,16.3,15.41,16.16,387768
2022-10-27,16.17,16.26,15.52,15.52,346110
2022-10-28,15.72,15.74,15.09,15.15,345594
2022-10-31,15.04,15.29,14.91,15.07,247421
2022-11-01,15.23,16.14,15.1,16.11,400536
2022-11-02,15.91,16.22,15.87,15.99,251991
2022-11-03,15.84,17.43,15.8,17.3,546938
2022-11-04,17.18,17.52,17.07,17.39,371822
2022-11-07,17.31,17.47,16.97,17.28,297811
2022-11-08,17.33,17.75,17.2,17.44,320165
2022-11-09,17.31,18.25,17.26,17.71,428268
2022-11-10,17.69,17.7,16.91,16.97,348555
2022-11-11,17.43,17.72,17.16,17.53,368836
2022-11-14,17.31,17.59,16.55,16.67,357529
2022-11-15,16.71,17.03,16.61,16.89,212065
2022-11-16,17.01,17.33,16.7,16.8,188678
2022-11-17,16.77,16.79,16.29,16.66,214805
2022-11-18,16.68,17.17,16.39,16.67,222095
2022-11-21,16.57,17.16,16.53,16.9,251932
2022-11-22,16.83,17.01,16.37,16.48,210784
2022-11-23,16.41,16.79,16.31,16.52,156565
2022-11-24,16.56,16.92,16.4,16.63,153503
2022-11-25,16.5,16.59,16.19,16.3,176671
2022-11-28,15.88,16.4,15.6,16.25,178528
2022-11-29,16.3,16.43,15.96,16.01,205462
2022-11-30,16.11,16.38,15.81,16.24,224657
2022-12-01,16.19,16.52,16.09,16.27,234978
2022-12-02,16.31,16.59,16.19,16.22,193134
2022-12-05,16.19,16.31,15.58,15.6,324087
2022-12-06,15.6,16.04,15.47,15.95,230484
2022-12-07,15.89,16.18,15.73,15.94,173877
2022-12-08,15.89,16.67,15.79,16.27,226917
2022-12-09,16.28,16.44,16.03,16.12,186100
2022-12-12,16.02,16.32,15.74,15.87,180977
2022-12-13,15.89,16.01,15.43,15.45,197416
2022-12-14,15.46,15.8,15.36,15.37,194064
2022-12-15,15.35,15.66,15.31,15.58,126540
2022-12-16,15.49,15.54,14.99,15.17,205332
2022-12-19,15.17,15.36,15.08,15.15,190683
2022-12-20,15.08,15.26,14.93,15.03,147646
2022-12-21,15.07,15.22,14.85,15.04,112568
2022-12-22,15.2,15.2,14.57,14.61,144036
2022-12-23,14.62,14.73,14.36,14.51,124766
2022-12-26,14.51,15.11,14.4,15.06,141177
2022-12-27,15.14,15.14,14.58,14.89,184331
2022-12-28,14.9,14.95,14.54,14.65,162226
2022-12-29,14.54,15.16,14.5,14.92,145681
2022-12-30,14.94,15.34,14.85,14.9,164996
2023-01-03,14.93,15.39,14.77,15.29,271239
2023-01-04,15.29,15.54,15.16,15.39,215895
2023-01-05,15.5,15.59,15.31,15.5,159831
2023-01-06,15.54,15.96,15.42,15.79,189589
2023-01-09,15.79,16.07,15.79,15.82,135438
2023-01-10,15.89,15.95,15.64,15.82,128171
2023-01-11,15.89,15.92,15.59,15.65,129299
2023-01-12,15.76,15.91,15.6,15.73,99972
2023-01-13,16.1,16.14,15.25,15.45,278196
2023-01-16,15.41,15.85,15.22,15.4,270766
2023-01-17,15.4,15.54,15.3,15.44,117817
2023-01-18,15.53,15.66,15.38,15.57,147595
2023-01-19,15.57,15.57,15.23,15.42,174707
2023-01-20,15.45,15.66,15.38,15.66,192032
2023-01-30,15.69,15.95,15.43,15.49,283047
2023-01-31,15.46,16.02,15.3,15.96,367887
2023-02-01,15.92,16.09,15.74,16.02,378956
2023-02-02,16.09,16.5,15.94,16.32,357703
2023-02-03,16.29,16.32,15.81,15.99,333256
2023-02-06,15.89,15.99,15.3,15.44,326582
2023-02-07,15.5,15.54,15.22,15.44,189388
2023-02-08,15.37,15.41,15.22,15.23,163827
2023-02-09,15.2,15.38,15.16,15.36,151897
2023-02-10,15.3,16.69,15.27,16.29,654290
2023-02-13,16.57,16.69,16.15,16.48,455240
2023-02-14,16.54,17.27,16.48,17.07,596210
2023-02-15,17.09,17.57,17.0,17.44,558133
2023-02-16,17.38,17.64,16.63,16.81,534560
2023-02-17,16.87,17.0,16.57,16.87,302666
2023-02-20,16.7,17.23,16.7,17.19,308488
2023-02-21,17.19,17.46,17.07,17.21,201845
2023-02-22,17.17,17.19,16.84,17.07,206675
2023-02-23,17.07,17.37,17.07,17.2,208318
2023-02-24,17.24,18.01,17.13,17.68,424953
2023-02-27,17.53,18.86,17.36,18.46,538109
2023-02-28,18.34,18.48,18.04,18.23,329102
2023-03-01,18.31,18.65,18.15,18.55,309083
2023-03-02,18.45,18.55,18.18,18.34,208538
2023-03-03,18.33,18.73,18.08,18.56,273072
2023-03-06,18.44,18.63,18.02,18.43,291551
2023-03-07,18.24,18.47,17.95,17.97,210030
2023-03-08,17.89,18.14,17.74,17.93,223182
2023-03-09,17.99,18.23,17.85,17.89,131331
2023-03-10,17.8,17.94,17.4,17.54,197539
2023-03-13,17.49,17.61,17.23,17.46,231899
2023-03-14,17.48,17.51,17.02,17.18,183796
2023-03-15,17.31,17.83,17.25,17.31,188420
2023-03-16,17.19,17.34,16.7,16.79,222910
2023-03-17,17.0,17.12,16.69,16.74,161340
2023-03-20,16.59,16.96,16.39,16.72,164928
2023-03-21,16.77,17.15,16.64,16.9,154897
2023-03-22,16.99,17.18,16.47,16.5,199718
2023-03-23,16.45,16.6,16.21,16.43,166037
2023-03-24,16.43,16.43,15.9,16.15,239592
2023-03-27,16.09,16.43,15.89,16.38,227866
2023-03-28,16.59,17.06,16.48,16.55,313878
2023-03-29,16.53,16.91,16.39,16.41,220501
2023-03-30,16.35,16.68,16.19,16.66,220732
2023-03-31,16.59,17.12,16.55,17.07,241567
2023-04-03,17.09,17.24,16.71,16.96,251666
2023-04-04,16.88,16.88,16.23,16.33,259692
2023-04-06,16.3,16.35,15.7,15.99,268476
2023-04-07,15.94,16.91,15.84,16.6,258497
2023-04-10,16.79,17.63,16.69,17.58,452439
2023-04-11,17.39,17.54,17.08,17.19,206937
2023-04-12,17.22,17.78,17.2,17.55,330470
2023-04-13,17.44,17.76,17.05,17.18,271362
2023-04-14,17.12,17.29,16.92,16.95,195545
2023-04-17,17.14,17.71,17.14,17.71,309291
2023-04-18,17.59,17.93,17.46,17.78,210116
2023-04-19,17.64,18.3,17.55,18.09,325756
2023-04-20,18.08,18.44,17.66,17.89,343635
2023-04-21,17.29,17.29,16.09,16.48,796535
2023-04-24,16.31,16.84,15.82,16.04,420192
2023-04-25,15.95,16.07,14.96,15.26,429145
2023-04-26,15.19,15.66,15.19,15.63,247734
2023-04-27,15.62,15.64,14.93,15.31,337975
2023-04-28,15.19,15.45,14.38,14.54,492560
2023-05-04,14.5,14.55,14.19,14.35,284365
2023-05-05,14.39,14.45,13.88,14.21,250752
2023-05-08,14.18,14.55,13.95,14.24,243519
2023-05-09,14.2,14.52,13.79,13.84,336867
2023-05-10,13.79,13.99,13.67,13.94,169376
2023-05-11,13.94,13.98,13.53,13.55,237153
2023-05-12,13.55,13.67,13.25,13.28,172575
2023-05-15,13.31,13.51,13.24,13.44,147351
2023-05-16,13.45,13.49,13.19,13.26,162144
2023-05-17,13.25,13.39,13.09,13.16,175054
2023-05-18,13.19,13.24,12.9,12.97,151794
2023-05-19,12.95,13.12,12.8,12.96,118044
2023-05-22,13.0,13.37,12.91,13.27,210764
2023-05-23,13.29,13.44,13.19,13.23,176626
2023-05-24,13.19,13.61,13.05,13.4,199324
2023-05-25,13.39,13.48,13.08,13.29,173564
2023-05-26,13.28,13.28,12.99,13.0,110215
2023-05-29,12.99,13.08,12.72,12.89,189141
2023-05-30,12.89,12.92,12.52,12.78,176986
2023-05-31,12.77,12.86,12.39,12.54,170212
2023-06-01,12.53,12.82,12.42,12.62,130245
2023-06-02,12.62,13.3,12.62,13.24,243992
2023-06-05,13.38,13.39,13.11,13.29,118354
2023-06-06,13.49,13.74,13.11,13.17,263735
2023-06-07,13.2,13.24,12.8,12.89,150275
2023-06-08,12.93,12.99,12.71,12.87,95130
2023-06-09,12.87,12.92,12.66,12.73,161890
2023-06-12,12.79,13.09,12.7,13.05,149736
2023-06-13,13.05,13.11,12.87,12.95,84560
2023-06-14,13.17,13.55,13.06,13.31,252843
2023-06-15,13.33,13.57,13.19,13.51,194355
2023-06-16,13.49,13.49,12.86,12.88,359355
2023-06-19,12.88,13.04,12.77,12.96,216052
2023-06-20,12.82,13.3,12.8,13.19,220449
2023-06-21,13.19,13.19,12.67,12.68,175814
2023-06-26,12.62,12.87,12.51,12.7,141663
2023-06-27,12.7,13.07,12.65,12.95,153199
2023-06-28,12.97,12.99,12.65,12.78,105860
2023-06-29,12.81,12.81,12.44,12.59,172188
2023-06-30,12.52,13.21,12.48,13.17,311545
2023-07-03,13.22,13.28,12.96,12.99,187955
2023-07-04,13.03,13.05,12.74,12.75,215188
2023-07-05,12.77,12.8,12.46,12.57,222715
2023-07-06,12.55,12.61,12.41,12.52,116007
2023-07-07,12.55,12.6,12.41,12.49,105216
2023-07-10,12.54,13.48,12.51,13.34,538728
2023-07-11,13.19,13.34,12.87,13.22,295110
2023-07-12,13.21,13.97,13.14,13.84,552617
2023-07-13,13.86,14.24,13.71,14.11,414074
2023-07-14,14.11,14.35,13.89,14.19,364691
2023-07-17,14.19,14.9,14.08,14.56,401535
2023-07-18,14.64,14.78,14.36,14.61,266853
2023-07-19,14.61,15.01,14.58,14.63,231169
2023-07-20,14.64,15.16,14.64,14.92,356229
2023-07-21,14.76,15.78,14.71,15.52,384429
2023-07-24,15.33,15.62,14.98,15.04,254527
2023-07-25,15.12,15.41,14.86,14.89,251791
2023-07-26,14.89,15.2,14.86,15.01,172026
2023-07-27,15.11,15.11,14.6,14.65,244741
2023-07-28,14.77,14.84,14.5,14.73,234492
2023-07-31,14.77,14.85,14.55,14.58,149345
2023-08-01,14.66,14.66,14.3,14.35,131124
2023-08-02,14.31,14.42,14.03,14.27,158897
2023-08-03,14.19,14.66,14.14,14.58,142666
2023-08-04,14.66,14.77,14.4,14.4,136595
2023-08-07,14.36,14.66,14.26,14.52,143735
2023-08-08,14.52,16.01,14.42,16.01,477780
2023-08-09,16.36,16.78,15.74,16.32,739160
2023-08-10,16.5,16.66,15.93,16.01,555303
2023-08-11,16.09,16.54,15.96,16.15,318256
2023-08-14,15.97,16.56,15.87,16.36,336756
2023-08-15,16.33,16.69,15.96,16.14,232550
2023-08-16,16.16,16.32,15.92,15.95,152387
2023-08-17,15.89,16.02,15.42,15.68,178236
2023-08-18,15.81,16.07,15.71,15.79,159649
2023-08-21,15.73,16.02,15.56,15.6,114609
2023-08-22,15.56,15.67,15.21,15.52,172607
2023-08-23,15.53,15.56,15.25,15.27,86225
2023-08-24,15.27,15.41,15.0,15.11,152132
2023-08-25,15.09,15.31,14.94,15.12,152899
2023-08-28,15.94,15.94,14.99,15.02,203677
2023-08-29,14.86,15.64,14.78,15.48,206766
2023-08-30,15.47,15.81,15.25,15.68,152754
2023-08-31,15.68,16.21,15.68,16.05,171068
2023-09-01,16.06,16.11,15.67,15.74,100769
2023-09-04,15.82,16.47,15.78,16.16,152244
2023-09-05,16.16,16.16,15.83,15.94,98493
2023-09-06,15.87,15.87,15.47,15.7,168617
2023-09-07,15.71,15.86,15.58,15.68,97069
2023-09-08,15.64,15.82,15.38,15.68,93637
2023-09-11,15.84,16.06,15.67,15.82,98149
2023-09-12,15.78,16.42,15.71,16.31,172358
2023-09-13,16.33,16.54,15.36,15.51,252033
2023-09-14,15.52,15.7,15.45,15.66,106694
2023-09-15,15.73,15.75,14.82,15.15,224315
2023-09-18,15.12,15.42,14.91,15.33,112754
2023-09-19,15.3,15.57,15.02,15.26,137113
2023-09-20,15.27,15.8,15.18,15.53,152838
2023-09-21,15.4,15.52,14.96,15.01,102161
2023-09-22,14.91,15.09,14.33,14.48,268874
2023-09-25,14.49,14.72,14.44,14.55,110374
2023-09-26,14.5,15.06,14.37,14.9,135933
2023-09-27,14.91,15.13,14.82,14.94,86623
2023-09-28,14.94,15.19,14.81,14.88,75059
2023-10-09,14.89,15.61,14.89,15.21,123486
2023-10-10,15.22,15.3,15.02,15.06,64608
2023-10-11,15.08,15.15,14.77,14.78,83793
2023-10-12,14.91,15.2,14.82,15.01,75813
2023-10-13,14.88,14.89,14.53,14.56,105212
2023-10-16,14.55,14.6,13.95,14.28,152109
2023-10-17,14.37,14.37,14.02,14.31,76523
2023-10-18,14.24,14.29,13.99,14.01,57566
2023-10-19,13.96,14.11,13.86,13.88,64193
2023-10-20,13.86,14.07,13.68,13.94,79342
2023-10-23,13.83,13.95,13.48,13.56,82290
2023-10-24,13.59,13.88,13.56,13.64,87368
2023-10-25,13.82,14.24,13.82,13.93,91546
2023-10-26,13.87,13.87,13.46,13.69,104652
2023-10-27,13.7,14.51,13.62,14.42,203723
2023-10-30,14.4,14.86,14.31,14.67,143488
2023-10-31,14.65,14.88,14.59,14.81,83457
2023-11-01,14.9,14.9,14.51,14.63,75670
2023-11-02,14.66,14.75,14.43,14.46,58034
2023-11-03,14.46,14.83,14.39,14.7,110362
2023-11-06,14.77,15.01,14.71,14.77,95999
2023-11-07,14.79,14.99,14.64,14.86,75049
2023-11-08,14.83,14.87,14.48,14.56,92700
2023-11-09,14.56,14.72,14.48,14.51,81631
2023-11-10,14.47,14.51,14.31,14.38,70445
2023-11-13,14.41,14.5,14.22,14.42,77594
2023-11-14,14.43,14.71,14.34,14.5,73485
2023-11-15,14.61,15.35,14.58,15.05,225185
2023-11-16,14.99,14.99,14.68,14.71,131635
2023-11-17,14.69,14.89,14.59,14.71,71053
2023-11-20,14.75,14.94,14.63,14.86,96449
2023-11-21,14.86,15.26,14.77,15.13,137028
2023-11-22,15.04,15.17,14.88,14.96,84106
2023-11-23,15.32,16.1,15.32,15.86,337981
2023-11-24,15.92,16.25,15.66,15.83,200766
2023-11-27,16.0,16.0,15.51,15.76,105426
2023-11-28,15.91,16.01,15.68,15.82,129052
2023-11-29,15.82,16.16,15.76,15.84,148489
2023-11-30,15.86,15.88,15.47,15.55,114494
2023-12-01,15.57,15.57,15.33,15.53,112733
2023-12-04,15.55,15.95,15.53,15.72,109749
2023-12-05,15.72,15.9,15.38,15.42,113174
2023-12-06,16.2,16.35,15.63,15.8,219025
2023-12-07,15.76,16.01,15.73,15.87,128506
2023-12-08,15.81,15.96,15.68,15.77,111919
2023-12-11,15.66,16.25,15.54,16.16,175194
2023-12-12,16.12,16.75,16.05,16.58,248356
2023-12-13,16.54,16.74,16.18,16.35,164566
2023-12-14,16.35,16.79,16.27,16.54,198338
2023-12-15,16.52,16.72,16.35,16.39,104949
2023-12-18,16.33,16.44,16.06,16.17,132664
2023-12-19,16.14,16.39,15.96,16.17,119277
2023-12-20,16.19,16.43,16.1,16.17,118447
2023-12-21,16.04,16.15,15.76,16.11,127499
2023-12-22,16.1,16.11,15.8,16.02,113546
2023-12-25,15.91,16.03,15.74,15.84,77706
2023-12-26,15.91,16.08,15.59,15.68,88831
2023-12-27,15.73,16.02,15.46,15.9,135580
2023-12-28,15.94,16.2,15.86,16.07,165856
2023-12-29,16.03,16.25,15.74,16.15,119267
2024-01-02,16.16,16.34,15.78,15.86,157085
2024-01-03,15.82,16.04,15.73,15.91,135539
2024-01-04,15.9,16.24,15.77,16.05,240436
2024-01-05,16.14,17.0,16.11,16.36,320069
2024-01-08,16.64,16.68,16.28,16.41,306544
2024-01-09,16.4,16.51,15.79,15.91,230963
2024-01-10,15.78,16.01,15.49,15.65,153518
2024-01-11,15.54,15.83,15.21,15.57,142836
2024-01-12,15.87,16.26,15.46,15.51,195294
2024-01-15,15.52,15.58,15.12,15.25,161834
2024-01-16,15.24,15.44,15.01,15.34,134736
2024-01-17,15.29,15.46,14.96,15.01,106056
2024-01-18,14.86,15.24,14.44,15.2,208740
2024-01-19,15.16,15.34,14.91,15.09,87480
2024-01-22,15.02,15.08,14.14,14.31,156130
2024-01-23,14.34,14.78,14.01,14.67,151572
2024-01-24,14.76,15.2,14.58,15.14,173472
2024-01-25,15.29,15.66,15.17,15.66,152381
2024-01-26,15.6,15.69,15.36,15.43,104141
2024-01-29,15.46,15.99,15.46,15.55,180006
2024-01-30,15.51,16.04,15.36,15.73,178534
2024-01-31,15.67,15.81,15.33,15.61,157975
2024-02-01,15.51,15.88,15.28,15.58,135653
2024-02-02,15.61,15.67,14.76,15.18,190949
2024-02-05,15.01,15.66,14.48,15.6,233124
2024-02-06,15.37,16.43,15.32,16.38,236673
2024-02-07,16.38,17.76,16.29,17.64,482306
2024-02-08,17.91,18.54,17.31,17.51,496349
2024-02-19,18.22,18.24,17.76,18.05,377931
2024-02-20,17.95,19.54,17.81,19.4,491575
2024-02-21,19.31,19.54,18.84,18.95,381052
2024-02-22,19.01,19.16,18.71,19.03,228608
2024-02-23,19.21,19.96,18.99,19.72,372163
2024-02-26,19.83,21.01,19.83,20.03,387630
2024-02-27,20.03,20.57,19.78,20.12,291232
2024-02-28,20.34,21.01,20.09,20.36,409581
2024-02-29,20.36,20.99,19.56,20.07,618651
2024-03-01,20.14,20.68,19.76,20.56,391918
2024-03-04,20.74,20.84,19.64,20.07,422849
2024-03-05,19.94,20.49,19.94,20.12,292756
2024-03-06,20.12,20.6,20.0,20.08,335421
2024-03-07,19.88,20.71,19.88,20.18,314476
2024-03-08,19.99,20.3,19.59,19.9,396748
2024-03-11,19.93,20.07,19.21,19.41,524301
2024-03-12,19.4,19.54,18.51,18.8,521190
2024-03-13,18.81,19.16,18.67,18.8,304042
2024-03-14,18.76,19.19,18.71,18.87,266029
2024-03-15,18.9,20.79,18.78,20.79,699735
2024-03-18,21.35,22.12,20.58,21.71,893249
2024-03-19,21.55,22.32,21.46,21.84,554059
2024-03-20,21.73,22.48,21.65,22.21,467742
2024-03-21,22.06,22.21,21.46,21.72,348938
2024-03-22,21.71,22.8,21.51,22.08,518631
2024-03-25,21.96,22.61,21.64,21.67,391327
2024-03-26,21.86,23.6,21.56,23.17,680610
2024-03-27,23.19,23.81,22.8,22.9,492072
2024-03-28,22.91,23.71,22.8,23.08,419042
2024-03-29,23.21,23.9,22.78,23.32,395629
2024-04-01,22.83,23.04,22.37,22.79,500753
2024-04-02,22.73,23.41,22.73,23.23,402606
2024-04-03,23.36,23.56,21.86,21.96,642879
2024-04-08,21.66,22.47,21.54,21.9,343481
2024-04-09,21.96,22.4,21.56,22.03,330362
2024-04-10,21.98,22.21,21.4,21.43,299599
2024-04-11,21.34,22.48,21.1,22.16,447319
2024-04-12,22.09,22.46,21.82,22.16,268793
2024-04-15,22.27,23.13,22.06,22.79,385470
2024-04-16,22.79,22.96,22.11,22.31,332351
2024-04-17,22.56,23.25,22.29,23.23,382463
2024-04-18,23.01,23.6,22.56,23.16,429889
2024-04-19,23.24,23.55,22.77,22.94,245301
2024-04-22,22.84,22.99,21.85,21.98,353151
2024-04-23,21.65,21.94,20.53,21.52,581719
2024-04-24,21.52,21.97,21.34,21.66,247580
2024-04-25,21.54,21.95,21.06,21.22,276638
2024-04-26,21.76,23.38,21.71,23.31,623489
2024-04-29,23.16,23.76,23.09,23.64,428446
2024-04-30,23.52,23.91,23.24,23.31,233624
2024-05-06,23.61,23.86,22.52,23.74,532377
2024-05-07,23.92,25.54,23.92,24.9,567108
2024-05-08,24.67,24.94,24.36,24.52,262444
2024-05-09,24.66,25.16,24.59,24.86,257566
2024-05-10,24.86,25.09,24.35,24.94,230971
2024-05-13,25.01,25.2,24.46,25.02,230253
2024-05-14,25.1,25.76,24.98,25.0,300427
2024-05-15,24.99,25.71,24.96,25.49,250730
2024-05-16,25.52,25.66,24.76,25.08,266794
2024-05-17,24.99,24.99,24.43,24.82,217632
2024-05-20,24.61,24.8,24.04,24.64,335965
2024-05-21,24.71,24.9,24.23,24.49,259374
2024-05-22,24.36,24.51,24.0,24.2,219329
2024-05-23,24.08,24.4,23.47,23.54,291195
2024-05-24,23.57,23.91,23.14,23.18,199324
2024-05-27,23.17,23.8,23.07,23.73,220474
2024-05-28,23.67,23.79,22.9,22.96,269577
2024-05-29,22.89,23.3,22.79,23.18,199439
2024-05-30,23.11,23.96,22.94,23.15,255314
2024-05-31,23.25,23.46,22.87,23.44,190386
2024-06-03,22.89,23.26,22.51,23.15,255353
2024-06-04,23.12,23.96,23.02,23.88,260934
2024-06-05,23.93,23.96,23.35,23.35,184243
2024-06-06,23.32,23.83,23.2,23.36,173339
2024-06-07,23.52,23.7,22.7,22.82,260055
2024-06-11,22.82,23.13,22.57,22.95,189445
2024-06-12,22.95,23.32,22.7,22.8,168374
2024-06-13,22.69,23.03,22.34,22.56,234608
2024-06-14,22.54,22.57,21.92,22.39,388608
2024-06-17,21.99,22.29,21.57,22.13,375517
2024-06-18,22.11,22.22,21.79,22.04,206015
2024-06-19,22.12,22.33,21.95,22.11,168480
2024-06-20,22.13,22.6,21.97,22.17,209243
2024-06-21,22.05,22.37,21.99,22.26,137050
2024-06-24,21.97,22.35,21.85,22.02,160707
2024-06-25,23.07,24.12,22.92,23.49,510021
2024-06-26,23.5,24.08,22.7,24.02,330276
2024-06-27,23.86,23.98,23.05,23.18,252776
2024-06-28,23.29,23.95,23.23,23.9,256425
2024-07-01,23.9,24.92,23.9,24.77,253239
2024-07-02,24.77,24.92,24.32,24.39,192290
2024-07-03,24.32,24.69,23.52,24.38,231259
2024-07-04,24.27,24.72,24.22,24.37,139243
2024-07-05,24.47,24.87,24.05,24.81,187626
2024-07-08,24.81,24.81,24.23,24.35,167491
2024-07-09,24.54,24.54,22.93,23.72,422213
2024-07-10,22.82,23.55,22.27,22.87,478668
2024-07-11,23.07,23.66,22.8,23.43,219773
2024-07-12,23.42,23.52,22.47,22.49,236882
2024-07-15,22.26,22.88,22.15,22.67,140411
2024-07-16,22.59,22.65,20.38,20.67,772560
2024-07-17,21.27,21.47,19.74,19.91,515766
2024-07-18,19.77,20.27,19.55,20.02,260983
2024-07-19,19.97,20.06,19.34,19.37,338237
2024-07-22,19.29,20.54,19.19,19.93,331698
2024-07-23,19.82,19.83,18.92,18.95,348005
2024-07-24,18.87,19.17,18.68,18.92,219794
2024-07-25,18.77,19.19,18.53,18.92,190140
2024-07-26,18.85,19.67,18.85,19.26,209106
2024-07-29,19.21,19.37,18.82,18.95,135142
2024-07-30,18.87,18.97,18.41,18.8,186887
2024-07-31,18.87,19.76,18.53,19.61,248536
2024-08-01,19.65,20.0,19.23,19.29,178936
2024-08-02,19.07,20.09,19.02,19.48,235816
2024-08-05,19.37,19.82,18.89,18.91,193042
2024-08-06,19.19,19.22,18.65,18.9,125406
2024-08-07,18.85,19.01,18.58,18.81,105539
2024-08-08,18.67,19.11,18.47,18.78,128199
2024-08-09,18.85,19.07,18.15,18.42,234671
2024-08-12,18.35,18.54,18.07,18.42,129902
2024-08-13,18.45,18.51,17.95,18.21,177635
2024-08-14,18.46,18.46,17.62,17.87,203387
2024-08-15,17.78,18.12,17.62,17.72,152533
2024-08-16,17.8,17.84,17.43,17.58,179200
2024-08-19,17.65,18.17,17.48,17.57,171798
2024-08-20,17.63,17.65,17.12,17.2,119606
2024-08-21,17.13,17.35,17.07,17.12,77218
2024-08-22,17.1,17.12,16.75,17.04,145460
2024-08-23,17.17,17.92,17.12,17.45,346568
2024-08-26,17.53,17.75,16.54,16.77,303785
2024-08-27,16.72,16.81,15.95,16.17,350437
2024-08-28,16.2,16.27,15.88,16.02,154663
2024-08-29,16.02,16.26,15.78,15.82,247469
2024-08-30,15.84,16.51,15.68,16.19,377943
2024-09-02,16.16,16.16,15.23,15.25,338827
2024-09-03,15.23,15.48,15.16,15.27,203358
2024-09-04,15.16,15.34,14.83,15.03,210214
2024-09-05,14.78,14.98,14.03,14.2,518046
2024-09-06,14.22,14.34,14.1,14.19,240903
2024-09-09,14.21,14.75,14.02,14.46,344760
2024-09-10,14.46,15.07,14.42,14.78,408967
2024-09-11,14.98,15.46,14.79,15.27,467645
2024-09-12,15.37,15.67,15.15,15.49,291655
2024-09-13,15.43,16.16,15.43,15.73,336557
2024-09-18,16.19,16.67,16.07,16.46,468744
2024-09-19,16.75,16.76,16.01,16.35,381610
2024-09-20,16.28,16.69,16.07,16.67,299422
2024-09-23,16.57,16.87,16.28,16.39,275254
2024-09-24,16.5,17.35,16.17,17.17,365552
2024-09-25,17.42,17.77,17.2,17.39,331566
2024-09-26,17.43,19.15,17.39,19.15,436099
2024-09-27,19.76,20.6,19.48,20.37,322607
2024-09-30,22.01,22.43,21.47,22.04,804100
2024-10-08,24.26,24.27,20.87,21.77,969005
2024-10-09,21.23,21.86,20.42,20.67,724408
2024-10-10,20.75,21.42,20.29,20.68,400744
2024-10-11,20.77,20.91,19.67,20.02,364086
2024-10-14,20.07,20.39,19.72,20.25,332733
2024-10-15,20.09,20.22,19.45,19.46,357504
2024-10-16,19.24,19.84,19.1,19.49,346345
2024-10-17,19.62,19.8,19.03,19.05,281583
2024-10-18,18.96,19.83,18.87,19.35,423438
2024-10-21,19.6,20.85,19.28,20.38,530721
2024-10-22,20.27,20.85,20.27,20.57,297339
2024-10-23,20.67,20.97,20.28,20.77,332452
2024-10-24,20.62,20.62,19.98,20.05,292007
2024-10-25,19.3,20.87,19.25,20.76,512245
2024-10-28,20.62,20.82,19.72,20.35,401842
2024-10-29,20.17,20.52,19.97,20.31,238824
2024-10-30,20.13,21.22,20.13,21.07,341724
2024-10-31,21.07,21.07,20.47,20.69,281690
2024-11-01,20.83,22.27,20.82,21.57,473262
2024-11-04,21.65,22.15,21.59,21.77,301802
2024-11-05,21.92,22.57,21.71,22.21,377273
2024-11-06,22.22,22.87,21.97,22.12,380702
2024-11-07,21.97,22.34,21.71,22.22,282519
2024-11-08,22.36,22.47,21.67,21.86,294513
2024-11-11,21.45,22.68,21.35,22.35,357917
2024-11-12,22.19,23.03,22.19,22.4,402136
2024-11-13,22.47,22.88,22.09,22.34,223546
2024-11-14,22.28,22.57,21.79,21.82,254054
2024-11-15,21.77,22.93,21.42,22.08,321213
2024-11-18,22.22,22.47,21.11,21.22,333302
2024-11-19,21.31,21.4,20.68,21.16,266053
2024-11-20,21.12,21.76,21.12,21.41,240409
2024-11-21,21.29,21.69,21.22,21.5,138884
2024-11-22,21.42,21.58,20.32,20.36,248710
2024-11-25,20.27,20.61,20.14,20.31,162898
2024-11-26,20.59,21.36,20.59,20.78,202611
2024-11-27,20.78,22.12,20.3,22.06,290344
2024-11-28,22.06,22.11,21.7,21.86,206075
2024-11-29,21.97,22.33,21.59,22.14,254497
2024-12-02,22.62,22.95,22.42,22.61,353810
2024-12-03,22.62,22.74,22.28,22.58,193878
2024-12-04,22.48,22.62,22.01,22.24,188613
2024-12-05,22.12,22.21,21.76,21.97,193522
2024-12-06,21.97,22.17,21.77,21.99,174512
2024-12-09,22.05,22.79,21.88,22.07,243064
2024-12-10,22.47,22.84,22.27,22.58,346161
2024-12-11,22.75,23.12,22.45,22.47,286710
2024-12-12,22.47,22.65,21.92,22.38,376988
2024-12-13,22.32,22.83,21.82,21.9,775336
2024-12-16,21.8,21.92,21.06,21.35,379762
2024-12-17,21.44,21.61,21.0,21.25,180860
2024-12-18,21.67,22.25,21.22,21.52,188160
2024-12-19,21.17,22.7,21.13,22.52,298122
2024-12-20,22.54,22.97,22.5,22.68,248308
2024-12-23,23.03,24.04,22.87,23.77,466252
2024-12-24,23.77,24.0,23.47,23.92,349114
2024-12-25,24.08,24.32,23.63,23.86,231846
2024-12-26,24.11,24.22,23.64,23.93,193330
2024-12-27,23.77,24.1,23.17,23.17,334146
2024-12-30,22.97,23.85,22.97,23.64,304433
2024-12-31,23.76,24.55,23.48,23.89,403035
2025-01-02,24.78,24.97,23.51,23.71,318707
2025-01-03,23.42,23.76,22.97,22.99,214399
2025-01-06,23.37,25.31,23.37,24.52,570762
2025-01-07,24.57,25.14,24.23,25.03,466923
2025-01-08,24.83,24.97,23.64,24.09,369896
2025-01-09,24.08,25.94,24.05,24.93,571377
2025-01-10,25.02,25.52,24.68,24.82,363247
2025-01-13,24.42,24.9,24.14,24.37,260090
2025-01-14,24.35,25.07,23.95,24.95,358370
2025-01-15,24.86,25.15,24.27,24.84,265717
2025-01-16,24.97,24.98,24.22,24.58,239535
2025-01-17,24.51,25.43,24.37,25.14,255145
2025-01-20,25.62,26.37,25.47,25.97,384749
2025-01-21,25.99,26.16,25.67,25.85,233241
2025-01-22,25.89,26.14,25.52,26.08,263804
2025-01-23,26.49,26.49,25.14,25.14,430838
2025-01-24,25.07,25.52,24.94,25.35,196221
2025-01-27,25.45,25.56,25.17,25.44,164050
2025-02-05,25.44,25.56,24.79,25.43,158921
2025-02-06,25.33,25.74,25.03,25.17,217585
2025-02-07,25.08,25.22,24.02,24.5,470054
2025-02-10,24.5,24.63,24.28,24.59,203602
2025-02-11,24.65,25.07,24.3,24.74,251264
2025-02-12,24.63,24.87,24.55,24.76,140012
2025-02-13,24.77,24.78,24.28,24.36,166439
2025-02-14,24.36,24.97,24.27,24.71,172240
2025-02-17,24.44,24.65,23.79,24.36,248800
2025-02-18,24.37,25.32,24.3,24.58,283471
2025-02-19,24.95,24.95,22.79,23.67,661851
2025-02-20,23.65,23.83,23.15,23.72,288573
2025-02-21,23.65,23.72,22.92,23.02,386660
2025-02-24,22.93,23.87,22.84,23.75,314673
2025-02-25,23.6,23.76,23.3,23.45,165497
2025-02-26,23.92,25.21,23.92,24.49,406372
2025-02-27,24.38,24.97,24.36,24.49,204762
2025-02-28,24.63,24.76,24.05,24.15,174758
2025-03-03,24.1,24.29,23.75,23.82,167366
2025-03-04,23.78,24.0,23.57,23.64,125326
2025-03-05,23.59,24.55,23.55,24.42,198068
2025-03-06,24.59,24.59,24.18,24.46,175686
2025-03-07,24.44,25.07,24.35,25.02,230547
2025-03-10,25.07,25.87,24.85,25.77,321112
2025-03-11,25.57,25.95,25.32,25.95,226967
2025-03-12,26.17,26.19,25.49,25.53,209797
2025-03-13,25.55,25.74,25.36,25.57,156197
2025-03-14,25.67,25.8,25.23,25.31,212039
2025-03-17,25.31,25.68,25.25,25.27,111922
2025-03-18,25.52,25.91,24.98,25.02,268368
2025-03-19,25.07,25.87,24.88,25.04,270122
2025-03-20,25.05,25.26,24.77,24.8,170013
2025-03-21,24.77,24.89,23.42,23.42,348582
2025-03-24,23.45,24.19,23.37,24.07,229704
2025-03-25,24.07,24.31,23.12,23.67,238012
2025-03-26,23.67,23.95,23.48,23.54,144928
2025-03-27,23.5,24.29,23.47,24.05,193564
2025-03-28,24.19,24.4,23.88,24.17,168390
2025-03-31,24.33,24.61,23.94,24.48,195898
2025-04-01,24.52,24.91,24.29,24.63,155074
2025-04-02,24.73,25.39,24.57,25.16,244265
2025-04-03,24.93,24.93,23.96,24.17,248335
2025-04-07,21.78,22.57,21.73,22.21,505510
2025-04-08,22.65,23.47,22.07,23.4,379260
2025-04-09,23.17,23.61,22.77,23.6,257255
2025-04-10,23.96,23.96,23.38,23.55,235373
2025-04-11,23.5,23.5,23.07,23.34,166929
2025-04-14,23.77,24.72,23.55,24.14,344970
2025-04-15,24.08,24.32,23.62,23.81,183663
2025-04-16,23.8,23.86,23.36,23.86,155172
2025-04-17,23.87,24.02,23.7,23.88,99045
2025-04-18,23.76,23.76,23.52,23.63,79327
2025-04-21,23.44,23.69,23.29,23.56,102618
2025-04-22,23.54,24.42,23.47,24.22,183783
2025-04-23,24.22,24.51,24.1,24.43,127691
2025-04-24,24.39,24.52,23.87,24.51,140236
2025-04-25,24.57,25.16,24.39,24.92,222613
2025-04-28,25.02,25.32,25.0,25.13,197626
2025-04-29,25.27,25.7,24.93,25.27,197369
2025-04-30,25.24,25.69,24.98,25.18,197015
2025-05-06,25.54,27.53,25.33,27.18,541474
2025-05-07,27.41,27.46,26.87,27.46,338427
2025-05-08,27.33,27.42,26.64,26.75,293617
2025-05-09,26.78,27.08,26.54,26.58,188179
2025-05-12,26.77,26.86,26.34,26.61,165591
2025-05-13,26.69,26.69,26.27,26.5,157977
2025-05-14,26.5,26.96,26.44,26.79,201378
2025-05-15,26.77,26.9,26.08,26.42,198514
2025-05-16,26.23,26.65,25.89,25.99,238079
2025-05-19,26.02,26.19,25.83,25.92,135013
2025-05-20,25.96,26.4,25.88,26.09,139984
2025-05-21,26.22,26.44,25.97,26.1,170846
2025-05-22,26.02,26.02,25.52,25.84,152969
2025-05-23,25.87,26.21,25.78,26.0,126118
2025-05-26,25.97,26.28,25.77,25.82,126688
2025-05-27,25.83,25.88,25.28,25.37,136514
2025-05-28,25.38,25.49,25.27,25.37,81199
2025-05-29,25.47,26.24,25.38,26.13,191220
2025-05-30,26.08,26.46,26.08,26.21,129908
2025-06-03,26.1,26.77,25.92,26.56,185955
2025-06-04,26.55,26.97,26.4,26.57,147100
2025-06-05,26.48,26.69,26.19,26.33,125834
2025-06-06,26.38,27.94,26.27,26.98,334558
2025-06-09,27.07,27.46,26.99,27.29,192077
2025-06-10,27.3,27.58,27.08,27.36,159311
2025-06-11,27.48,27.5,27.15,27.32,114102
2025-06-12,27.27,27.48,27.11,27.22,129440
2025-06-13,27.13,27.92,27.1,27.83,229783
2025-06-16,28.1,28.85,27.96,28.3,230129
2025-06-17,28.58,28.84,28.28,28.4,134757
2025-06-18,28.6,29.1,28.09,28.6,187600
2025-06-19,28.62,29.13,28.01,28.22,224205
2025-06-20,28.28,28.49,27.78,27.9,181141
2025-06-23,27.8,28.0,27.08,27.17,239801
2025-06-24,27.25,27.38,27.05,27.18,170807
2025-06-25,27.54,28.01,27.23,27.49,242859
2025-06-26,27.85,27.85,27.3,27.34,144586
2025-06-27,27.49,28.15,27.43,27.61,276315
2025-06-30,27.77,28.9,27.71,28.68,358629
2025-07-01,28.64,29.15,28.57,29.0,250626
2025-07-02,29.02,29.29,28.79,28.98,195620
2025-07-03,28.93,29.0,28.13,28.34,216258
2025-07-04,28.41,28.56,28.3,28.31,124018
2025-07-07,28.52,28.76,28.35,28.52,125484
2025-07-08,28.5,28.95,28.46,28.79,164243
2025-07-09,29.38,29.46,27.49,27.55,566096
2025-07-10,27.55,27.69,26.7,26.75,420615
2025-07-11,26.81,27.15,26.71,26.72,305103
2025-07-14,26.86,27.28,26.86,27.18,241007
2025-07-15,27.21,27.4,26.98,27.11,173411
2025-07-16,27.08,27.26,26.94,27.15,129226
2025-07-17,27.0,27.18,26.85,26.95,202610
2025-07-18,26.95,26.95,26.23,26.92,345307
2025-07-21,26.85,27.07,26.6,27.04,223298
2025-07-22,27.01,27.53,27.01,27.5,273534
2025-07-23,27.5,27.68,27.32,27.45,181373
2025-07-24,27.36,27.4,26.9,27.18,223030
2025-07-25,27.18,27.26,26.64,26.92,204111
2025-07-28,26.95,26.95,26.5,26.61,219227
2025-07-29,26.55,26.74,26.39,26.42,183564
2025-07-30,26.34,26.97,26.11,26.8,270810
2025-07-31,26.61,27.35,26.57,26.77,280303
2025-08-01,26.73,27.5,26.7,26.93,335618
2025-08-04,27.16,27.85,27.16,27.38,357859
2025-08-05,27.51,27.6,27.17,27.36,182103
2025-08-06,27.42,27.63,27.28,27.56,264447
2025-08-07,27.51,28.5,27.5,28.41,426028
2025-08-08,28.43,28.75,28.36,28.46,197130
2025-08-11,28.6,28.69,28.02,28.14,260240
2025-08-12,28.14,29.06,28.08,28.95,339071
2025-08-13,29.05,29.65,28.83,29.02,358183
2025-08-14,29.15,29.35,28.61,28.64,287951
2025-08-15,28.62,30.08,28.62,29.86,428443
2025-08-18,31.0,32.19,30.4,31.2,853027
2025-08-19,31.67,32.12,30.65,31.13,618725
2025-08-20,30.98,31.48,30.65,31.23,369905
2025-08-21,31.35,32.13,31.17,31.31,372208
2025-08-22,31.25,33.11,31.02,33.0,634075
2025-08-25,33.69,36.26,32.82,34.69,925250
2025-08-26,34.65,36.33,34.48,35.6,590794
2025-08-27,35.7,36.95,35.42,35.84,683086
2025-08-28,35.62,36.32,35.08,36.2,766770
2025-08-29,36.58,39.46,36.4,38.69,792326
2025-09-01,39.59,40.1,38.2,39.02,732263
2025-09-02,38.79,39.0,36.8,37.05,728916
2025-09-03,37.3,37.56,35.89,36.59,554329
2025-09-04,36.31,36.56,34.5,35.09,737975
2025-09-05,35.0,36.28,34.76,35.9,520722
2025-09-08,35.9,36.35,35.22,36.27,443079
2025-09-09,35.99,36.57,35.3,35.85,337601
2025-09-10,35.66,36.45,35.48,35.77,253898
2025-09-11,35.77,37.3,35.7,37.21,512497
2025-09-12,36.49,38.35,35.81,37.29,734599
2025-09-15,37.47,37.49,36.2,36.8,386371
2025-09-16,37.09,37.27,35.8,36.45,364814
2025-09-17,36.4,37.77,36.23,37.18,396410
2025-09-18,37.0,37.55,36.27,36.76,425226
2025-09-19,36.73,37.41,36.43,36.62,280272
2025-09-22,36.61,36.85,35.48,36.85,354604
2025-09-23,36.04,36.78,35.2,35.85,350542
2025-09-24,35.87,36.84,35.7,36.49,313537
2025-09-25,36.2,37.12,36.16,36.64,256170
2025-09-26,36.5,37.38,36.18,36.67,355129
2025-09-29,36.79,39.71,36.72,39.6,717114
2025-09-30,39.41,40.21,38.84,40.01,494836
2025-10-09,41.0,41.95,40.13,41.54,477285
2025-10-10,41.0,41.66,40.25,40.59,430073
2025-10-13,39.0,39.76,38.03,38.7,541832
2025-10-14,39.5,39.6,36.18,36.39,581773
2025-10-15,36.4,37.42,35.88,37.3,296648
2025-10-16,36.91,37.1,36.41,36.65,232472
2025-10-17,36.58,36.72,35.25,35.3,324379
2025-10-20,35.49,36.16,35.49,36.02,245730
2025-10-21,35.9,36.59,35.8,36.16,233821
2025-10-22,36.03,36.3,35.45,35.8,166574
2025-10-23,35.51,35.76,34.72,35.63,241216
2025-10-24,35.02,35.54,34.8,35.46,380931
2025-10-27,35.7,36.52,35.31,35.77,359840
2025-10-28,35.79,36.4,35.5,35.73,298816
2025-10-29,35.83,37.45,35.8,37.38,406174
2025-10-30,37.44,37.45,36.0,36.08,332184
2025-10-31,35.99,36.43,35.22,35.32,303184
2025-11-03,35.32,35.4,33.18,33.81,462944
2025-11-04,34.0,34.05,32.95,33.15,284658
2025-11-05,32.8,33.63,32.57,33.41,189552
2025-11-06,33.55,34.95,33.45,34.84,360144
2025-11-07,34.8,35.5,34.31,35.0,285919
2025-11-10,35.05,36.1,35.05,35.85,319394
2025-11-11,35.68,35.73,34.63,34.7,237665
2025-11-12,34.6,35.56,34.07,35.08,235257
2025-11-13,35.22,36.38,35.04,36.27,368216
2025-11-14,36.0,36.16,35.6,35.6,215017
2025-11-17,35.6,36.18,35.02,35.2,188028
2025-11-18,35.2,35.9,34.36,34.66,203119
2025-11-19,34.4,35.18,34.37,34.75,142911
2025-11-20,34.75,35.31,34.4,34.43,143798
2025-11-21,34.15,34.2,33.2,33.2,183863
2025-11-24,33.48,33.9,32.99,33.14,167366
2025-11-25,33.58,33.75,33.3,33.44,130458
2025-11-26,33.45,33.84,33.15,33.5,106287
2025-11-27,33.5,34.13,33.46,33.55,116026
2025-11-28,33.5,33.78,33.31,33.52,89939
2025-12-01,33.63,33.95,33.46,33.66,134678
2025-12-02,33.58,33.74,33.25,33.41,94821
2025-12-03,33.5,34.1,33.5,33.81,165430
2025-12-04,33.84,34.28,33.58,34.09,145337
2025-12-05,34.26,34.26,33.7,33.99,140754
2025-12-08,34.18,35.49,34.14,35.34,298901
2025-12-09,35.44,36.95,35.29,36.28,394520
2025-12-10,36.15,36.88,35.53,36.79,250268
2025-12-11,36.8,37.07,35.96,35.98,207634
2025-12-12,35.9,36.3,35.51,36.15,174565
2025-12-15,35.95,36.0,35.35,35.79,149645
2025-12-16,35.72,35.98,34.95,35.1,137715
2025-12-17,35.3,36.48,35.27,36.25,188456
2025-12-18,36.51,36.6,35.8,35.8,177742
2025-12-19,36.06,36.51,35.67,36.5,179207
2025-12-22,36.69,37.7,36.37,37.57,321439
2025-12-23,37.68,37.88,37.25,37.49,188144
2025-12-24,37.71,37.8,37.21,37.4,156616
2025-12-25,37.13,38.79,37.13,38.22,251486
2025-12-26,38.12,38.53,37.5,37.87,182727
2025-12-29,37.86,37.99,37.33,37.49,197402
2025-12-30,37.2,38.75,37.1,38.44,230253
2025-12-31,38.4,38.66,38.06,38.42,151368
