date,open,high,low,close,volume
2015-01-05,14.75,16.54,14.75,16.54,1247142
2015-01-06,16.71,16.91,15.6,15.82,1066281
2015-01-07,15.71,16.66,15.58,15.99,660413
2015-01-08,15.89,16.15,15.08,15.31,521480
2015-01-09,15.21,15.66,14.97,14.99,445966
2015-01-12,14.76,14.78,14.15,14.35,405587
2015-01-13,14.2,14.53,13.86,14.05,311480
2015-01-14,13.85,14.02,13.34,13.52,476894
2015-01-15,13.27,13.77,12.78,13.76,547689
2015-01-16,13.68,14.19,13.58,13.87,409866
2015-01-19,13.21,13.81,12.47,12.68,487451
2015-01-20,12.65,13.18,12.65,13.1,294265
2015-01-21,13.17,13.91,13.07,13.83,413757
2015-01-22,13.96,15.03,13.96,14.55,690791
2015-01-23,15.06,15.26,14.2,14.28,482881
2015-01-26,14.28,14.85,14.01,14.55,340789
2015-01-27,14.61,14.9,14.19,14.6,356677
2015-01-28,14.27,14.46,14.16,14.25,226101
2015-01-29,14.0,14.21,13.76,13.8,278286
2015-01-30,13.84,14.21,13.79,13.83,187690
2015-02-02,13.66,14.14,13.45,13.85,188607
2015-02-03,14.04,14.19,13.76,14.16,167381
2015-02-04,14.68,14.85,14.26,14.29,328307
2015-02-05,14.76,14.81,13.67,13.72,288163
2015-02-06,13.6,13.78,12.84,13.48,275003
2015-02-09,13.32,13.52,13.15,13.45,139191
2015-02-10,13.38,13.65,13.35,13.6,151742
2015-02-11,13.54,13.64,13.36,13.39,116362
2015-02-12,13.41,13.45,13.04,13.24,155862
2015-02-13,13.43,13.96,13.4,13.61,284768
2015-02-16,13.64,13.81,13.58,13.71,135514
2015-02-17,13.71,13.94,13.71,13.88,143072
2015-02-25,13.95,13.95,13.53,13.58,146832
2015-02-26,13.56,14.49,13.52,14.45,344535
2015-02-27,14.66,14.66,14.15,14.33,253541
2015-03-02,14.58,15.34,14.58,14.98,497157
2015-03-03,14.84,15.53,14.55,14.92,580744
2015-03-04,14.81,15.06,14.56,14.71,290114
2015-03-05,14.61,14.64,14.27,14.57,254226
2015-03-06,14.52,15.33,14.45,14.98,477537
2015-03-09,14.71,14.87,14.3,14.85,280800
2015-03-10,14.86,15.18,14.71,14.74,266227
2015-03-11,14.64,14.83,14.37,14.56,203030
2015-03-12,14.75,14.85,14.47,14.84,248095
2015-03-13,14.88,15.33,14.84,15.02,397425
2015-03-16,15.08,15.61,14.88,15.58,465999
2015-03-17,15.86,16.05,15.36,15.72,576211
2015-03-18,15.73,16.06,15.51,16.05,572267
2015-03-19,16.16,16.72,15.78,15.99,642899
2015-03-20,16.0,16.21,15.69,15.88,469702
2015-03-23,17.06,17.46,16.44,16.64,825399
2015-03-24,16.87,18.13,16.38,18.11,1130417
2015-03-25,17.64,18.11,17.29,17.53,633132
2015-03-26,17.26,17.55,16.76,17.05,546140
2015-03-27,17.21,17.87,16.97,17.37,552081
2015-03-30,17.25,17.85,17.01,17.72,616364
2015-03-31,17.78,18.0,17.06,17.14,562803
2015-04-01,17.04,17.46,16.88,17.28,436590
2015-04-02,17.37,18.35,17.08,18.31,990169
2015-04-03,18.04,19.08,17.87,18.32,857271
2015-04-07,18.63,19.31,18.42,18.99,800744
2015-04-08,19.01,19.13,18.17,18.41,617129
2015-04-09,18.44,18.62,17.48,18.05,548238
2015-04-10,17.86,18.41,17.67,18.2,420662
2015-04-13,18.27,18.36,17.86,18.16,596057
2015-04-14,18.07,18.07,17.61,17.72,545262
2015-04-15,17.66,17.71,16.89,17.32,545132
2015-04-16,17.1,17.75,16.96,17.59,462397
2015-04-17,17.96,18.87,17.86,18.57,1147160
2015-04-20,18.62,19.4,18.06,18.24,1268798
2015-04-21,17.96,18.43,17.41,18.33,948093
2015-04-22,18.32,19.23,18.32,18.96,1067523
2015-04-23,18.85,20.87,18.8,20.52,1667618
2015-04-24,20.05,20.64,19.76,20.12,957514
2015-04-27,20.21,20.75,19.77,20.4,906490
2015-04-28,20.39,20.39,19.05,19.36,927140
2015-04-29,19.44,20.61,19.44,20.06,864540
2015-04-30,20.26,20.41,19.31,19.35,528534
2015-05-04,19.96,20.56,19.66,19.85,675770
2015-05-05,19.56,19.91,18.33,18.4,646801
2015-05-06,18.56,19.55,18.36,18.65,693642
2015-05-07,18.2,19.26,18.08,18.26,441529
2015-05-08,18.51,18.96,18.06,18.63,399596
2015-05-11,19.08,19.36,18.74,19.25,583950
2015-05-12,19.25,19.36,18.79,19.24,503152
2015-05-13,19.29,19.75,19.08,19.48,692106
2015-05-14,19.54,19.93,18.95,19.86,781608
2015-05-15,19.65,20.56,19.22,19.25,743757
2015-05-18,18.84,19.46,18.27,18.59,499979
2015-05-19,18.34,19.45,18.34,19.37,549251
2015-05-20,19.11,19.62,18.95,19.06,620466
2015-05-21,19.04,19.14,18.67,18.99,486172
2015-05-22,19.09,19.88,19.09,19.82,794925
2015-05-25,19.74,20.36,19.56,20.34,926058
2015-05-26,20.46,20.81,19.85,20.7,1049962
2015-05-27,20.76,22.65,20.14,21.95,1443204
2015-05-28,21.26,23.26,20.15,20.37,1651363
2015-05-29,20.85,21.76,19.37,21.12,1241586
2015-06-01,21.16,22.92,20.7,22.66,1176447
2015-06-02,22.63,22.92,22.02,22.7,910719
2015-06-03,22.76,22.87,21.56,21.91,688415
2015-06-04,21.85,22.61,19.98,22.37,874592
2015-06-05,22.46,24.86,22.46,24.44,1774639
2015-06-08,24.76,26.24,24.68,24.77,1425848
2015-06-09,25.06,25.92,23.79,25.2,934831
2015-06-10,24.86,25.86,24.36,25.15,734662
2015-06-11,25.12,25.36,24.16,24.51,717038
2015-06-12,24.45,24.92,24.12,24.37,671609
2015-06-15,24.44,24.92,23.78,23.99,648608
2015-06-16,23.46,23.46,22.39,22.5,575160
2015-06-17,22.5,23.84,21.98,23.77,628102
2015-06-18,23.76,24.41,22.36,22.42,497939
2015-06-19,22.05,22.76,20.47,20.65,508503
2015-06-23,20.64,21.57,19.27,21.55,485673
2015-06-24,21.68,22.9,21.28,22.64,692065
2015-06-25,22.46,22.94,20.95,21.08,535712
2015-06-26,20.26,20.65,18.6,18.6,563852
2015-06-29,19.32,19.49,16.37,16.38,801661
2015-06-30,15.91,17.79,14.57,17.77,783982
2015-07-01,17.64,18.21,15.62,15.62,639419
2015-07-02,15.86,16.11,13.68,13.68,838640
2015-07-03,13.27,14.38,11.94,13.47,960759
2015-07-06,15.11,15.11,11.93,13.12,890351
2015-07-07,12.38,12.53,11.43,11.47,1247995
2015-07-08,9.95,10.23,9.95,9.95,490597
2015-07-09,9.95,11.32,9.19,11.32,824265
2015-07-10,11.61,12.83,11.42,12.83,744121
2015-07-13,13.31,14.49,13.07,14.49,1173796
2015-07-14,13.96,14.84,13.12,13.45,932589
2015-07-15,12.97,13.14,11.73,11.73,673884
2015-07-16,11.73,12.52,10.89,12.16,499787
2015-07-17,12.36,13.37,12.11,13.06,476225
2015-07-20,12.99,13.59,12.66,13.1,523197
2015-07-21,12.77,13.36,12.67,13.15,457090
2015-07-22,13.16,13.61,12.75,13.23,550756
2015-07-23,13.24,13.94,12.91,13.85,750000
2015-07-24,13.75,14.53,13.32,13.46,990009
2015-07-27,12.86,13.24,11.76,11.76,684719
2015-07-28,11.05,11.76,10.24,11.18,711233
2015-07-29,11.49,12.14,11.16,12.08,479774
2015-07-30,12.04,12.42,11.46,11.5,385983
2015-07-31,11.27,12.01,11.19,11.95,329122
2015-08-03,11.5,12.43,11.5,12.4,434141
2015-08-04,12.4,13.06,12.21,12.96,380519
2015-08-05,12.94,13.06,12.32,12.4,297539
2015-08-06,12.07,12.37,11.96,12.14,218352
2015-08-07,12.27,12.73,12.22,12.5,297568
2015-08-10,12.62,13.68,12.57,13.5,489321
2015-08-11,13.76,14.64,13.76,14.15,771837
2015-08-12,13.74,14.46,13.35,13.77,536133
2015-08-13,13.9,14.57,13.8,14.51,609269
2015-08-14,14.45,14.71,13.77,13.98,530291
2015-08-17,13.93,14.41,13.59,14.38,422716
2015-08-18,14.46,14.54,12.59,12.59,558591
2015-08-19,12.26,13.44,11.6,13.26,363585
2015-08-20,13.04,13.94,12.94,13.03,366469
2015-08-21,12.94,13.32,11.87,12.19,297651
2015-08-24,11.46,11.81,10.62,10.62,360157
2015-08-25,9.37,9.69,9.2,9.2,489340
2015-08-26,9.34,9.66,7.97,8.37,586325
2015-08-27,8.71,9.0,8.36,8.98,344002
2015-08-28,9.45,10.23,9.31,10.23,706383
2015-08-31,10.13,10.15,9.43,10.09,453519
2015-09-01,9.86,10.38,9.26,10.29,489222
2015-09-02,9.57,10.82,9.33,10.56,698495
2015-09-07,10.42,11.16,9.97,10.02,275969
2015-09-08,9.93,10.65,9.61,10.59,177599
2015-09-09,11.06,11.48,11.03,11.39,396691
2015-09-10,10.95,11.29,10.78,10.86,259158
2015-09-11,11.01,11.22,10.62,10.86,166771
2015-09-14,10.99,11.1,9.42,10.22,352799
2015-09-15,9.96,10.14,9.06,9.33,182017
2015-09-16,9.48,10.62,9.33,10.4,221472
2015-09-17,10.81,11.14,10.47,10.55,391687
2015-09-18,10.75,10.82,10.16,10.36,229221
2015-09-21,9.98,10.62,9.9,10.61,218604
2015-09-22,10.58,11.04,10.38,10.67,275336
2015-09-23,10.22,10.34,9.92,10.09,226663
2015-09-24,10.1,10.26,9.9,10.17,145847
2015-09-25,10.16,10.16,9.62,9.73,182296
2015-09-28,9.73,9.84,9.52,9.75,105733
2015-09-29,9.46,9.51,9.18,9.29,179686
2015-09-30,9.38,9.6,9.33,9.45,115959
2015-10-08,10.04,10.34,9.97,10.02,234896
2015-10-09,10.07,10.73,10.04,10.53,290949
2015-10-12,10.81,11.27,10.7,11.14,369328
2015-10-13,10.89,11.06,10.69,10.95,232442
2015-10-14,10.89,11.32,10.73,10.74,238175
2015-10-15,10.81,11.08,10.75,11.07,224724
2015-10-16,11.11,11.19,10.91,11.11,320031
2015-10-19,11.11,11.88,10.9,11.47,474564
2015-10-20,11.19,11.33,10.99,11.27,290139
2015-10-21,11.26,11.36,9.86,10.12,340649
2015-10-22,10.24,10.64,9.99,10.55,233914
2015-10-23,10.58,10.91,10.54,10.88,273484
2015-10-26,11.26,11.26,10.86,10.94,262091
2015-10-27,10.83,10.86,10.32,10.79,225582
2015-10-28,10.66,11.11,10.6,10.79,253078
2015-10-29,10.7,10.97,10.67,10.81,174236
2015-10-30,10.7,10.75,10.37,10.52,180567
2015-11-02,10.36,10.56,10.26,10.31,136780
2015-11-03,10.37,10.51,10.28,10.37,106181
2015-11-04,10.45,11.04,10.42,11.03,290067
2015-11-05,11.09,11.93,11.02,11.43,590453
2015-11-06,11.31,11.97,11.24,11.8,451399
2015-11-09,11.54,12.1,11.41,11.87,456680
2015-11-10,11.76,13.31,11.63,13.15,759738
2015-11-11,12.75,12.86,12.27,12.47,496344
2015-11-12,12.45,12.96,12.22,12.37,403573
2015-11-13,12.01,12.02,11.48,11.58,408908
2015-11-16,11.35,11.91,11.27,11.84,226098
2015-11-17,11.86,12.15,11.62,11.63,291900
2015-11-18,11.59,11.91,11.46,11.51,177705
2015-11-19,11.58,11.85,11.58,11.84,155938
2015-11-20,11.86,12.14,11.76,11.94,244609
2015-11-23,11.94,12.66,11.7,12.05,408485
2015-11-24,11.95,11.97,11.57,11.83,217857
2015-11-25,12.1,12.31,12.0,12.13,318507
2015-11-26,12.14,13.14,11.93,12.54,587298
2015-11-27,12.42,12.45,11.07,11.33,362676
2015-11-30,11.31,11.46,10.38,11.0,274977
2015-12-01,10.95,11.32,10.74,11.24,169779
2015-12-02,11.32,11.92,11.24,11.79,269374
2015-12-03,11.59,11.83,11.5,11.75,200244
2015-12-04,11.63,11.75,11.23,11.3,201102
2015-12-07,11.47,11.59,11.35,11.45,143553
2015-12-08,11.22,11.26,10.83,10.96,183543
2015-12-09,10.88,11.16,10.82,10.94,121497
2015-12-10,10.93,11.34,10.88,11.04,203416
2015-12-11,10.96,12.4,10.88,11.87,442377
2015-12-14,11.57,13.41,11.56,12.85,727391
2015-12-15,12.76,12.76,12.2,12.36,395225
2015-12-16,12.27,13.26,12.27,12.89,489969
2015-12-17,13.01,13.44,12.74,13.07,550969
2015-12-18,12.86,13.66,12.46,13.19,602377
2015-12-21,13.24,13.55,12.94,13.31,454995
2015-12-22,13.34,13.98,13.24,13.55,442792
2015-12-23,13.36,13.81,13.05,13.08,357114
2015-12-24,13.16,13.44,12.66,12.94,259537
2015-12-25,12.99,13.11,12.77,13.05,155176
2015-12-28,13.07,13.08,12.16,12.22,284734
2015-12-29,12.22,12.41,12.05,12.38,165916
2015-12-30,12.55,12.62,12.16,12.37,161110
2015-12-31,12.38,12.6,12.19,12.2,166633
2016-01-04,12.17,12.23,10.74,10.79,173381
2016-01-05,10.37,11.12,10.14,10.66,285821
2016-01-06,10.83,11.74,10.57,11.45,324367
2016-01-07,11.18,11.23,9.96,9.99,90046
2016-01-08,10.46,11.16,9.96,10.95,315439
2016-01-11,10.76,11.02,9.86,9.91,305734
2016-01-12,10.01,10.25,9.7,9.97,191108
2016-01-13,10.02,10.32,9.72,9.77,188770
2016-01-14,9.46,10.09,9.37,10.06,204565
2016-01-15,10.05,10.05,9.0,9.37,223034
2016-01-18,9.06,9.84,9.06,9.46,185747
2016-01-19,9.51,10.0,9.46,9.91,153495
2016-01-20,9.77,10.11,9.67,9.93,195223
2016-01-21,9.77,10.04,9.39,9.41,166775
2016-01-22,9.56,9.83,9.41,9.69,117009
2016-01-25,9.81,10.06,9.77,9.92,131361
2016-01-26,9.79,9.84,8.76,8.93,183981
2016-01-27,9.15,9.41,8.66,9.23,161561
2016-01-28,9.15,9.36,8.46,8.55,188909
2016-01-29,8.26,9.04,8.26,8.87,146939
2016-02-01,8.7,8.88,8.32,8.55,101993
2016-02-02,8.59,8.88,8.59,8.84,97936
2016-02-03,8.69,8.85,8.48,8.79,84325
2016-02-04,9.09,9.72,9.09,9.5,243440
2016-02-05,9.51,9.71,9.31,9.33,164952
2016-02-15,9.06,10.2,9.01,9.91,281030
2016-02-26,9.42,9.76,8.83,9.47,303460
2016-02-29,9.41,9.41,8.26,9.0,262347
2016-03-01,9.04,9.91,8.86,9.87,333448
2016-03-02,9.81,11.21,9.76,11.21,535925
2016-03-03,11.61,12.34,11.12,11.15,653524
2016-03-04,11.57,12.06,10.91,11.58,570356
2016-03-07,12.34,13.09,11.78,12.42,665709
2016-03-08,12.36,12.36,11.69,12.14,500652
2016-03-09,11.16,11.26,10.66,11.0,440853
2016-03-10,11.04,11.17,10.27,10.38,305438
2016-03-11,10.37,10.98,10.26,10.86,310687
2016-03-14,10.74,11.56,10.52,11.03,425231
2016-03-15,10.76,10.85,10.36,10.56,253047
2016-03-16,10.56,10.73,10.33,10.64,233683
2016-03-17,10.89,11.17,10.64,11.0,286401
2016-03-18,11.34,11.93,11.29,11.47,482933
2016-03-21,11.41,11.79,11.15,11.67,454105
2016-03-22,11.43,11.7,11.27,11.39,308500
2016-03-23,11.31,11.56,11.11,11.44,277717
2016-03-24,10.96,10.96,10.56,10.59,385719
2016-03-25,10.59,10.68,10.19,10.55,243733
2016-03-28,10.63,10.81,10.38,10.43,204785
2016-03-29,10.43,10.56,10.16,10.26,182009
2016-03-30,10.42,10.65,10.42,10.61,198983
2016-03-31,10.61,10.69,10.36,10.62,229295
2016-04-01,10.56,10.86,10.46,10.83,270785
2016-04-05,10.62,10.93,10.56,10.91,222688
2016-04-06,10.87,11.03,10.64,10.79,200227
2016-04-07,10.8,10.87,10.46,10.5,198292
2016-04-08,10.21,10.3,9.92,10.07,293318
2016-04-11,10.1,10.49,10.1,10.34,241374
2016-04-12,10.35,10.47,10.18,10.46,182985
2016-04-13,10.86,11.86,10.86,11.63,1107850
2016-04-14,11.61,11.63,11.06,11.21,607324
2016-04-15,11.24,11.31,10.94,11.12,284210
2016-04-18,10.96,11.02,10.65,10.67,260961
2016-04-19,10.86,10.99,10.64,10.8,235436
2016-04-20,11.22,11.29,10.19,10.49,412192
2016-04-21,10.54,11.31,10.53,10.94,489979
2016-04-22,10.58,10.66,10.34,10.63,261117
2016-04-25,10.55,10.93,10.26,10.85,259785
2016-04-26,10.67,10.81,10.37,10.65,215124
2016-04-27,10.61,10.65,10.4,10.47,172623
2016-04-28,10.43,10.51,10.11,10.29,175940
2016-04-29,10.31,10.52,10.31,10.39,133056
2016-05-03,10.54,10.7,10.41,10.68,274753
2016-05-04,10.46,10.61,10.43,10.49,189373
2016-05-05,10.47,10.61,10.39,10.53,152749
2016-05-06,10.47,10.54,9.99,10.02,255883
2016-05-09,9.87,9.94,9.38,9.51,199965
2016-05-10,9.37,9.56,9.34,9.46,107033
2016-05-11,9.56,9.61,9.34,9.47,92553
2016-05-12,9.34,9.49,9.04,9.48,140286
2016-05-13,9.27,9.48,9.22,9.4,99719
2016-05-16,9.38,9.59,9.25,9.59,113898
2016-05-17,9.59,9.76,9.5,9.58,144721
2016-05-18,9.46,9.48,9.17,9.31,132277
2016-05-19,9.38,9.59,9.35,9.43,135703
2016-05-20,9.3,9.51,9.26,9.49,105244
2016-05-23,9.46,9.57,9.4,9.5,97930
2016-05-24,9.47,9.47,9.24,9.34,99032
2016-05-25,9.43,9.5,9.26,9.3,72383
2016-05-26,9.36,9.47,9.11,9.45,153513
2016-05-27,9.36,9.41,9.28,9.31,89051
2016-05-30,9.27,9.41,9.17,9.23,62275
2016-05-31,9.27,9.81,9.27,9.79,235338
2016-06-01,9.72,10.1,9.65,9.84,275378
2016-06-02,9.8,10.01,9.71,9.84,176150
2016-06-03,9.84,9.88,9.68,9.85,148768
2016-06-06,10.01,10.1,9.81,9.88,166176
2016-06-07,9.9,9.96,9.79,9.82,126284
2016-06-08,9.74,9.74,9.49,9.58,168095
2016-06-13,9.46,9.5,9.22,9.23,169143
2016-06-14,9.24,9.36,9.17,9.34,78541
2016-06-15,9.23,9.6,9.18,9.57,144678
2016-06-16,9.73,9.93,9.63,9.77,292083
2016-06-17,9.65,10.0,9.61,9.8,241743
2016-06-20,9.77,9.84,9.49,9.6,130962
2016-06-21,9.76,9.78,9.39,9.45,157716
2016-06-22,9.47,9.74,9.38,9.69,134982
2016-06-23,9.65,9.65,9.46,9.59,107784
2016-06-24,9.59,9.73,9.26,9.47,186537
2016-06-27,9.45,9.72,9.37,9.71,191274
2016-06-28,9.62,9.94,9.56,9.88,276938
2016-06-29,10.01,10.1,9.84,9.91,259868
2016-06-30,9.95,10.04,9.88,9.94,162001
2016-07-01,9.94,10.11,9.86,9.96,204400
2016-07-04,10.0,11.31,10.0,11.24,1046356
2016-07-05,10.95,11.02,10.63,10.91,537089
2016-07-06,10.69,11.4,10.65,11.01,623042
2016-07-07,10.96,11.71,10.89,11.27,679297
2016-07-08,10.89,11.24,10.85,10.95,307062
2016-07-11,11.1,12.31,11.09,11.71,680761
2016-07-12,11.86,12.66,11.73,12.1,615733
2016-07-13,12.47,13.41,12.18,13.08,830914
2016-07-14,12.85,12.89,12.35,12.68,545497
2016-07-15,12.52,12.82,12.4,12.57,370754
2016-07-18,12.39,12.44,12.02,12.13,418929
2016-07-19,12.26,12.51,11.9,12.32,380287
2016-07-20,12.41,12.42,11.77,11.82,370720
2016-07-21,11.71,12.13,11.7,12.06,323972
2016-07-22,12.04,12.04,11.65,11.73,271094
2016-07-25,11.66,11.84,11.54,11.78,163163
2016-07-26,11.69,11.98,11.68,11.97,219273
2016-07-27,12.01,12.02,10.84,11.04,440805
2016-07-28,11.04,11.26,10.88,11.2,264012
2016-07-29,11.21,11.31,10.92,10.95,180126
2016-08-01,11.01,11.29,10.89,11.27,224054
2016-08-02,11.04,11.28,10.98,11.22,133160
2016-08-03,11.23,11.34,11.06,11.14,171701
2016-08-04,11.17,11.22,10.94,11.16,150025
2016-08-05,11.13,11.21,10.98,11.08,138191
2016-08-08,10.94,11.44,10.84,11.42,258873
2016-08-09,11.35,11.45,11.29,11.41,170867
2016-08-10,11.4,11.91,11.35,11.64,281890
2016-08-11,11.52,11.8,11.47,11.48,221247
2016-08-12,11.51,11.64,11.17,11.61,185483
2016-08-15,11.54,11.95,11.39,11.88,289815
2016-08-16,11.87,11.95,11.71,11.86,262836
2016-08-17,11.78,11.82,11.58,11.72,194229
2016-08-18,11.71,11.79,11.59,11.77,171410
2016-08-19,11.69,11.75,11.51,11.65,140350
2016-08-22,11.65,11.68,11.22,11.23,171101
2016-08-23,11.24,11.34,11.14,11.27,111555
2016-08-24,11.18,11.32,11.18,11.23,96201
2016-08-25,11.08,11.17,10.96,11.16,136947
2016-08-26,11.21,11.31,11.12,11.14,117201
2016-08-29,11.13,11.16,10.97,11.07,107503
2016-08-30,11.09,11.18,11.04,11.09,98383
2016-08-31,11.11,11.14,10.94,11.07,111679
2016-09-01,11.09,11.16,11.02,11.03,113734
2016-09-02,11.04,11.11,10.84,10.91,123048
2016-09-05,10.94,11.26,10.92,11.13,184259
2016-09-06,11.08,11.2,10.88,11.18,134557
2016-09-07,11.21,11.3,11.16,11.17,176323
2016-09-08,11.13,11.17,11.05,11.1,97923
2016-09-09,11.13,11.17,10.96,10.97,110461
2016-09-12,10.71,10.73,10.26,10.39,209134
2016-09-13,10.52,10.53,10.33,10.4,85061
2016-09-14,10.34,10.46,10.27,10.41,70837
2016-09-19,10.5,10.63,10.49,10.54,79977
2016-09-20,10.51,10.56,10.43,10.5,45845
2016-09-21,10.47,10.71,10.47,10.56,76260
2016-09-22,10.67,10.71,10.58,10.61,81327
2016-09-23,10.69,10.78,10.59,10.63,93284
2016-09-26,10.65,10.65,10.34,10.4,115679
2016-09-27,10.36,10.49,10.32,10.49,69495
2016-09-28,10.49,10.49,10.37,10.41,51529
2016-09-29,10.46,10.62,10.46,10.51,101051
2016-09-30,10.46,10.58,10.42,10.5,78091
2016-10-10,10.54,10.68,10.51,10.68,107896
2016-10-11,10.76,10.8,10.66,10.76,121908
2016-10-12,10.69,10.69,10.6,10.65,77650
2016-10-13,10.64,10.75,10.61,10.66,74270
2016-10-14,10.57,10.6,10.45,10.58,92713
2016-10-17,10.62,10.73,10.51,10.55,124058
2016-10-18,10.53,10.75,10.49,10.74,148185
2016-10-19,10.8,11.18,10.8,10.89,269031
2016-10-20,10.81,10.89,10.77,10.85,99710
2016-10-21,10.86,11.06,10.76,10.93,168510
2016-10-24,10.96,11.24,10.88,11.18,253550
2016-10-25,11.25,11.42,11.08,11.41,256470
2016-10-26,11.4,11.54,11.18,11.21,246285
2016-10-27,11.21,11.28,11.13,11.18,124627
2016-10-28,11.26,11.28,10.91,11.03,143690
2016-10-31,11.15,11.22,11.0,11.17,149879
2016-11-01,11.2,11.41,11.12,11.32,201031
2016-11-02,11.37,11.39,11.06,11.13,222872
2016-11-03,11.06,11.41,10.95,11.37,202121
2016-11-04,11.52,11.62,11.25,11.27,240139
2016-11-07,11.33,12.53,11.23,12.26,758311
2016-11-08,12.16,12.32,12.02,12.08,449240
2016-11-09,12.45,12.74,12.11,12.52,751001
2016-11-10,13.68,14.12,13.67,14.11,2147992
2016-11-11,14.12,15.87,13.97,15.87,1540289
2016-11-14,15.89,17.73,15.88,17.02,2090180
2016-11-15,16.57,17.06,15.82,15.98,1334278
2016-11-16,15.98,17.01,15.81,16.68,1269883
2016-11-17,16.11,16.88,15.88,16.69,850402
2016-11-18,16.75,17.74,15.94,17.48,1099991
2016-11-21,16.94,19.12,16.84,17.45,1251141
2016-11-22,17.7,18.87,17.18,17.56,1657872
2016-11-23,17.18,17.46,16.77,16.92,768861
2016-11-24,17.56,18.6,17.26,17.49,1322814
2016-11-25,17.56,17.64,16.37,17.23,746349
2016-11-28,17.25,18.36,16.96,17.76,1082989
2016-11-29,17.27,17.31,16.5,16.61,868040
2016-11-30,16.01,16.41,15.39,15.67,866777
2016-12-01,15.96,16.15,15.77,15.87,505227
2016-12-02,15.76,15.8,15.01,15.41,486307
2016-12-05,15.09,16.0,15.09,15.67,471643
2016-12-06,16.07,16.07,14.91,14.98,624976
2016-12-07,15.02,15.82,14.88,15.65,563087
2016-12-08,15.36,15.89,15.21,15.54,524390
2016-12-09,15.28,15.84,15.27,15.82,382102
2016-12-12,15.96,16.11,14.41,14.48,538310
2016-12-13,14.26,14.5,13.91,14.45,492217
2016-12-14,14.23,14.46,13.78,14.36,393852
2016-12-15,14.47,14.81,14.21,14.47,355791
2016-12-16,14.36,14.41,13.85,14.05,441021
2016-12-19,13.87,14.21,13.68,13.82,346000
2016-12-20,13.65,13.96,13.49,13.93,460780
2016-12-21,14.02,14.08,13.78,14.03,354875
2016-12-22,13.91,14.03,13.6,13.88,264963
2016-12-23,13.99,14.04,13.46,13.67,309908
2016-12-26,13.36,13.67,12.94,13.62,426852
2016-12-27,13.52,13.88,13.46,13.71,345466
2016-12-28,13.91,14.14,13.72,13.87,438042
2016-12-29,13.72,13.91,13.46,13.84,283999
2016-12-30,13.8,13.92,13.25,13.29,328702
2017-01-03,13.56,13.81,13.39,13.64,337702
2017-01-04,13.51,13.94,13.36,13.91,438913
2017-01-05,14.16,14.8,14.1,14.51,769557
2017-01-06,14.28,14.53,14.21,14.43,345147
2017-01-09,14.45,14.61,14.27,14.55,264601
2017-01-10,14.49,15.01,14.27,14.67,543936
2017-01-11,14.96,15.38,14.62,14.64,715092
2017-01-12,14.59,14.7,14.03,14.23,369602
2017-01-13,14.46,14.76,13.96,14.11,356743
2017-01-16,14.14,14.81,13.31,14.47,524834
2017-01-17,14.2,14.34,13.62,14.17,321882
2017-01-18,13.96,14.44,13.82,14.25,274754
2017-01-19,14.14,14.24,13.86,14.01,213301
2017-01-20,13.93,14.12,13.72,13.82,265296
2017-01-23,13.91,15.35,13.87,14.81,624038
2017-01-24,14.66,15.06,14.58,14.96,414481
2017-01-25,15.36,15.85,15.18,15.45,654041
2017-01-26,15.44,17.34,15.41,17.34,825114
2017-02-03,16.96,17.06,16.36,16.63,628025
2017-02-06,16.39,16.48,15.58,16.18,608930
2017-02-07,16.03,16.39,15.81,16.28,459604
2017-02-08,16.13,16.7,15.93,16.67,584850
2017-02-09,16.6,16.87,16.24,16.33,524522
2017-02-10,16.16,17.12,16.09,16.83,622244
2017-02-13,18.56,18.8,17.35,17.54,899875
2017-02-14,17.69,18.43,17.37,18.05,695958
2017-02-15,17.51,17.56,16.91,16.93,621234
2017-02-16,16.96,17.41,16.67,16.85,484337
2017-02-17,16.66,16.74,16.28,16.47,381931
2017-02-20,16.36,16.79,16.33,16.77,327076
2017-02-21,16.96,17.05,16.49,16.66,320276
2017-02-22,16.72,16.92,16.51,16.61,279643
2017-02-23,16.55,16.72,16.12,16.28,438210
2017-02-24,15.66,15.66,15.3,15.56,583673
2017-02-27,15.45,15.58,15.27,15.38,265980
2017-02-28,15.42,15.68,15.38,15.48,239556
2017-03-01,15.54,16.24,15.31,16.03,544195
2017-03-02,16.03,16.04,15.56,15.68,320873
2017-03-03,15.26,15.29,14.93,15.22,352439
2017-03-06,15.19,15.42,15.06,15.25,266214
2017-03-07,15.11,15.22,15.0,15.18,281642
2017-03-08,15.05,15.26,14.88,15.24,349241
2017-03-09,15.0,15.01,14.71,14.82,259600
2017-03-10,14.82,14.96,14.77,14.87,204835
2017-03-13,14.9,15.51,14.86,15.49,519930
2017-03-14,15.55,15.55,15.28,15.34,276366
2017-03-15,15.34,15.66,15.32,15.54,327586
2017-03-16,15.84,16.0,15.59,15.69,368880
2017-03-17,15.7,15.7,15.11,15.16,285001
2017-03-20,15.24,15.29,14.74,14.9,325654
2017-03-21,14.76,14.82,14.41,14.63,381966
2017-03-22,14.36,14.51,14.19,14.34,422837
2017-03-23,14.45,14.51,14.18,14.49,292665
2017-03-24,14.34,14.48,13.99,14.39,398197
2017-03-27,14.22,14.25,14.04,14.11,308548
2017-03-28,14.18,14.28,14.14,14.22,222433
2017-03-29,14.39,14.51,14.27,14.38,314664
2017-03-30,14.32,14.32,13.6,13.67,367766
2017-03-31,13.76,13.89,13.69,13.81,167570
2017-04-05,13.96,14.31,13.91,14.26,295650
2017-04-06,14.38,14.52,14.29,14.35,322292
2017-04-07,14.27,14.83,14.15,14.41,404943
2017-04-10,14.28,14.36,14.13,14.18,213012
2017-04-11,14.13,14.13,13.71,14.09,312870
2017-04-12,14.01,14.22,13.83,13.97,199458
2017-04-13,13.74,14.11,13.71,14.04,153667
2017-04-14,14.04,14.04,13.76,13.79,176827
2017-04-17,13.86,13.97,13.56,13.77,179568
2017-04-18,13.76,13.86,13.36,13.37,189756
2017-04-19,13.21,13.21,12.72,12.76,289362
2017-04-20,12.76,12.87,12.44,12.65,257210
2017-04-21,12.72,12.87,12.67,12.83,139639
2017-04-24,12.78,12.81,12.34,12.35,179255
2017-04-25,12.38,12.64,12.38,12.44,141233
2017-04-26,12.51,12.86,12.51,12.7,183575
2017-04-27,12.61,12.89,12.38,12.84,205305
2017-04-28,12.77,13.11,12.73,12.98,163330
2017-05-02,13.08,13.21,12.86,12.93,142217
2017-05-03,12.87,13.0,12.72,12.77,149979
2017-05-04,12.4,12.5,12.24,12.3,284610
2017-05-05,12.21,12.21,11.65,11.8,285943
2017-05-08,11.81,11.96,11.58,11.71,180694
2017-05-09,11.64,11.92,11.58,11.84,133489
2017-05-10,11.83,11.88,11.35,11.37,159703
2017-05-11,11.25,11.35,10.69,11.25,249882
2017-05-12,11.21,11.39,11.09,11.26,129822
2017-05-15,11.32,11.46,11.28,11.39,119905
2017-05-16,11.38,11.72,11.16,11.71,174515
2017-05-17,11.69,11.79,11.58,11.65,147227
2017-05-18,11.46,11.65,11.37,11.42,114438
2017-05-19,11.41,11.67,11.39,11.53,124773
2017-05-22,11.69,11.98,11.55,11.61,252131
2017-05-23,11.64,11.65,11.18,11.46,162301
2017-05-24,11.26,11.43,11.09,11.3,130643
2017-05-25,11.31,11.91,11.26,11.8,236229
2017-05-26,11.76,11.91,11.72,11.78,155367
2017-05-31,11.81,12.02,11.62,11.66,166225
2017-06-01,11.65,11.65,11.34,11.36,162754
2017-06-02,11.36,11.61,11.28,11.56,116617
2017-06-05,11.55,11.72,11.53,11.65,113398
2017-06-06,11.65,11.76,11.54,11.75,113843
2017-06-07,11.77,12.12,11.69,12.07,232054
2017-06-08,12.02,12.11,11.86,12.06,155139
2017-06-09,12.22,12.27,11.99,12.13,203703
2017-06-12,12.23,12.24,11.84,11.87,178832
2017-06-13,11.78,12.53,11.78,12.42,369290
2017-06-14,12.31,12.37,12.16,12.34,185502
2017-06-15,12.27,12.41,12.19,12.33,152031
2017-06-16,12.26,12.47,12.1,12.23,209377
2017-06-19,12.16,12.4,12.11,12.38,186443
2017-06-20,12.45,12.48,12.26,12.31,184800
2017-06-21,12.34,12.34,12.11,12.24,156028
2017-06-22,12.29,12.61,12.26,12.28,353701
2017-06-23,12.23,12.73,12.2,12.71,291915
2017-06-26,12.78,13.01,12.64,13.0,334500
2017-06-27,12.94,13.04,12.7,12.97,283839
2017-06-28,12.92,13.4,12.89,13.22,411744
2017-06-29,13.39,13.64,13.27,13.36,406239
2017-06-30,13.31,13.58,13.24,13.42,255179
2017-07-03,13.36,13.5,13.12,13.49,283010
2017-07-04,13.33,13.4,12.98,13.04,305256
2017-07-05,13.04,13.49,13.01,13.47,319173
2017-07-06,13.33,13.74,13.26,13.61,361106
2017-07-07,13.48,14.22,13.42,14.15,478882
2017-07-10,14.06,14.48,13.86,13.94,533197
2017-07-11,13.87,13.95,13.48,13.58,364130
2017-07-12,13.7,13.84,13.33,13.83,322873
2017-07-13,13.71,14.47,13.71,13.96,680266
2017-07-14,13.82,14.01,13.6,13.82,282076
2017-07-17,13.84,14.24,13.01,13.85,570795
2017-07-18,13.81,14.66,13.78,14.55,786080
2017-07-19,14.49,15.51,14.39,15.5,1081804
2017-07-20,15.31,15.49,15.06,15.26,592111
2017-07-21,15.21,15.4,14.95,15.3,540085
2017-07-24,15.2,15.6,14.79,14.81,554489
2017-07-25,14.75,15.51,14.73,15.47,788825
2017-07-26,16.6,17.35,16.16,16.83,1922629
2017-07-27,16.5,16.81,15.69,16.33,1122267
2017-07-28,16.07,16.55,15.82,16.31,755543
2017-07-31,16.33,17.51,16.33,17.44,1122147
2017-08-01,16.99,17.29,16.53,16.62,803871
2017-08-02,16.58,17.31,16.22,16.33,892199
2017-08-03,16.36,16.91,16.09,16.42,680843
2017-08-04,16.44,17.25,16.26,16.31,833344
2017-08-07,16.05,16.66,15.43,16.63,844401
2017-08-08,16.76,17.31,16.44,16.5,899862
2017-08-09,16.81,17.21,16.23,17.2,842777
2017-08-10,16.76,16.94,16.25,16.32,697481
2017-08-11,15.7,15.86,14.36,14.47,1015823
2017-08-14,14.53,14.86,14.31,14.67,419102
2017-08-15,14.58,14.79,14.39,14.51,358159
2017-08-16,14.52,14.6,14.04,14.42,410599
2017-08-17,15.11,15.28,14.74,14.82,666686
2017-08-18,14.47,14.65,14.32,14.62,289759
2017-08-21,14.57,15.15,14.49,15.08,445928
2017-08-22,15.09,15.46,14.92,15.37,484364
2017-08-23,15.0,15.06,14.61,14.68,387918
2017-08-24,14.77,14.91,14.61,14.68,240279
2017-08-25,15.02,15.47,14.94,15.24,602586
2017-08-28,15.06,15.79,14.99,15.77,628417
2017-08-29,15.86,16.46,15.72,15.9,698482
2017-08-30,16.0,16.3,15.79,16.1,512152
2017-08-31,16.07,16.46,15.98,16.25,497790
2017-09-01,16.33,16.76,16.04,16.55,693446
2017-09-04,16.96,17.91,16.76,17.19,951028
2017-09-05,17.21,17.59,16.73,17.52,797931
2017-09-06,16.99,17.23,16.79,16.92,663873
2017-09-07,17.03,17.22,16.16,16.18,673104
2017-09-08,16.26,16.51,15.81,16.04,533662
2017-09-11,15.71,16.43,15.59,16.41,716068
2017-09-12,16.32,16.59,16.01,16.08,571281
2017-09-13,16.01,16.1,15.68,15.89,452129
2017-09-14,15.75,16.0,15.47,15.82,560223
2017-09-15,15.72,15.75,15.19,15.22,451390
2017-09-18,15.19,15.51,15.19,15.47,344426
2017-09-19,15.48,15.59,15.18,15.24,307560
2017-09-20,15.18,15.66,15.12,15.64,424013
2017-09-21,15.41,15.47,15.03,15.06,335571
2017-09-22,14.89,15.07,14.59,14.89,284806
2017-09-25,14.92,15.03,14.62,14.76,201067
2017-09-26,14.81,15.17,14.81,14.99,271836
2017-09-27,14.87,15.11,14.82,15.1,202212
2017-09-28,15.1,15.18,14.97,15.05,226081
2017-09-29,15.39,15.44,15.03,15.17,482984
2017-10-09,15.51,15.58,15.18,15.19,306331
2017-10-10,15.26,15.31,14.75,14.95,305243
2017-10-11,14.95,14.99,14.72,14.77,243118
2017-10-12,14.89,15.06,14.51,15.04,381428
2017-10-13,15.08,15.17,14.87,15.08,258442
2017-10-16,15.0,16.31,14.79,16.0,936642
2017-10-17,15.71,15.93,15.39,15.45,548633
2017-10-18,15.31,15.56,14.91,14.99,337798
2017-10-19,14.85,15.03,14.66,14.7,265533
2017-10-20,14.7,15.11,14.64,15.0,201675
2017-10-23,14.96,14.97,14.74,14.82,149038
2017-10-24,14.96,15.36,14.94,15.21,346548
2017-10-25,15.11,15.27,14.92,15.12,227839
2017-10-26,15.13,15.48,15.09,15.35,309513
2017-10-27,15.39,15.42,14.84,14.9,309764
2017-10-30,14.71,14.78,14.06,14.24,337134
2017-10-31,14.21,14.43,14.01,14.35,215616
2017-11-01,14.6,14.68,14.32,14.45,225137
2017-11-02,14.45,14.49,14.13,14.14,152978
2017-11-03,14.15,14.24,13.63,13.71,233103
2017-11-06,13.72,14.09,13.6,14.05,175966
2017-11-07,14.06,14.34,14.01,14.2,162458
2017-11-08,14.0,14.17,13.88,13.97,160366
2017-11-09,13.98,14.22,13.95,14.03,116054
2017-11-10,14.06,14.07,13.75,13.79,187218
2017-11-13,13.73,14.09,13.72,14.08,168055
2017-11-14,14.15,14.34,14.09,14.17,229568
2017-11-15,13.81,13.88,13.56,13.58,280629
2017-11-16,13.59,13.69,13.31,13.33,159552
2017-11-17,13.33,13.4,12.79,12.87,250302
2017-11-20,12.87,13.08,12.61,13.05,168191
2017-11-21,13.08,13.17,12.97,13.1,164459
2017-11-22,13.41,13.57,13.28,13.46,212300
2017-11-23,13.61,14.32,13.52,13.72,470806
2017-11-24,13.73,14.25,13.58,14.08,268121
2017-11-27,14.24,14.44,13.81,13.89,340430
2017-11-28,13.74,14.26,13.74,14.19,281317
2017-11-29,14.07,15.43,14.07,15.1,791819
2017-11-30,15.16,15.51,14.97,15.15,392552
2017-12-01,15.09,15.44,14.71,15.16,325208
2017-12-04,15.31,15.91,15.16,15.34,490482
2017-12-05,15.22,15.25,14.32,14.54,383187
2017-12-06,14.01,14.05,13.59,13.96,403869
2017-12-07,13.89,14.05,13.46,13.54,277443
2017-12-08,13.46,13.75,13.41,13.68,203114
2017-12-11,13.6,13.89,13.51,13.88,198082
2017-12-12,13.94,14.17,13.72,13.73,214487
2017-12-13,13.6,13.91,13.57,13.88,180168
2017-12-14,13.96,14.04,13.6,13.68,161311
2017-12-15,13.79,13.97,13.56,13.88,161494
2017-12-18,14.07,14.41,14.0,14.4,304849
2017-12-19,14.4,14.53,14.23,14.37,208836
2017-12-20,14.32,14.45,13.9,14.02,229141
2017-12-21,14.31,14.75,14.26,14.66,404227
2017-12-22,14.7,14.89,14.49,14.72,274635
2017-12-25,15.11,15.26,14.78,14.88,329833
2017-12-26,14.71,15.77,14.63,15.58,525969
2017-12-27,15.66,16.01,15.48,15.57,569256
2017-12-28,15.86,17.21,15.86,16.84,961707
2017-12-29,16.95,17.13,16.66,16.88,516925
2018-01-02,16.96,17.42,16.81,17.25,627841
2018-01-03,16.93,17.23,16.81,16.99,537115
2018-01-04,16.71,17.56,16.49,17.51,734293
2018-01-05,17.21,17.3,16.71,16.86,556531
2018-01-08,16.57,17.91,16.52,17.53,769410
2018-01-09,17.41,17.72,17.24,17.7,418356
2018-01-10,17.47,18.21,17.21,17.37,653375
2018-01-11,17.41,17.78,16.7,17.08,508146
2018-01-12,16.91,17.01,16.61,16.81,447258
2018-01-15,16.93,17.24,16.46,17.04,597417
2018-01-16,16.83,16.92,16.27,16.47,517019
2018-01-17,16.2,16.21,15.68,15.88,509881
2018-01-18,15.95,16.13,15.82,15.98,296435
2018-01-19,16.08,16.25,15.78,16.23,369246
2018-01-22,16.11,16.52,16.01,16.5,416378
2018-01-23,16.43,16.66,16.23,16.54,414733
2018-01-24,16.16,16.17,15.55,15.8,798857
2018-01-25,16.31,17.12,16.31,16.98,926082
2018-01-26,16.54,16.89,16.52,16.84,430728
2018-01-29,17.17,17.59,16.9,17.09,633795
2018-01-30,16.94,17.9,16.92,17.1,704877
2018-01-31,16.62,17.49,16.23,17.45,617678
2018-02-01,17.56,17.64,16.19,16.27,672293
2018-02-02,15.79,18.23,15.71,18.23,886489
2018-02-05,17.79,19.21,17.72,18.85,1227943
2018-02-06,18.51,19.58,18.23,18.34,1161382
2018-02-07,19.04,19.28,17.24,17.42,1151243
2018-02-08,16.61,16.82,15.78,16.15,859434
2018-02-09,15.35,15.56,14.21,14.21,958210
2018-02-12,14.26,14.58,13.79,14.44,554357
2018-02-13,14.68,15.04,14.53,14.8,539892
2018-02-14,15.08,15.11,14.76,14.91,426246
2018-02-22,15.11,15.55,14.91,15.38,599459
2018-02-23,15.6,15.69,15.09,15.52,442138
2018-02-26,15.54,16.07,15.21,15.92,580237
2018-02-27,15.89,15.89,15.23,15.28,516185
2018-02-28,14.91,15.46,14.73,15.14,415611
2018-03-01,14.88,15.16,14.76,15.03,356322
2018-03-02,14.82,15.17,14.77,14.89,328267
2018-03-05,14.87,15.14,14.63,14.69,303939
2018-03-06,14.82,15.41,14.55,15.33,632136
2018-03-07,15.16,15.26,14.86,14.89,408662
2018-03-08,14.89,15.29,14.82,15.05,382573
2018-03-09,14.87,15.01,14.69,14.95,389883
2018-03-12,15.16,15.35,15.03,15.25,525265
2018-03-13,15.2,15.2,14.93,14.95,324424
2018-03-14,14.95,15.37,14.93,15.22,498449
2018-03-15,15.21,15.27,14.89,15.11,324487
2018-03-16,14.94,15.02,14.64,14.69,392509
2018-03-19,14.5,14.6,14.22,14.41,306271
2018-03-20,14.26,14.57,14.12,14.48,215296
2018-03-21,14.34,14.59,14.11,14.38,315676
2018-03-22,14.52,14.59,14.25,14.39,217561
2018-03-23,13.62,14.21,13.28,14.19,706792
2018-03-26,13.75,14.04,13.64,13.97,198519
2018-03-27,14.21,14.28,14.03,14.18,226302
2018-03-28,13.91,14.05,13.69,13.84,204039
2018-03-29,13.84,14.2,13.68,14.05,269730
2018-03-30,14.09,14.13,13.93,14.0,165800
2018-04-02,13.97,14.39,13.95,14.17,258245
2018-04-03,14.0,14.06,13.72,13.85,182866
2018-04-04,13.93,13.96,13.61,13.63,206507
2018-04-09,13.56,13.79,13.4,13.58,165238
2018-04-10,13.72,14.04,13.7,14.01,262505
2018-04-11,14.27,14.34,13.99,14.06,252620
2018-04-12,13.96,13.96,13.69,13.72,228234
2018-04-13,13.84,13.84,13.7,13.75,109515
2018-04-16,13.69,13.82,13.51,13.76,167586
2018-04-17,13.86,14.01,13.57,13.59,176904
2018-04-18,13.72,13.79,13.19,13.64,220536
2018-04-19,13.96,14.2,13.86,14.14,430791
2018-04-20,13.9,14.02,13.57,13.96,308110
2018-04-23,13.96,14.11,13.78,14.09,223118
2018-04-24,13.94,14.33,13.88,14.19,403407
2018-04-25,14.11,14.14,13.81,13.87,228048
2018-04-26,13.89,13.89,13.52,13.76,210482
2018-04-27,13.75,13.99,13.57,13.87,158331
2018-05-02,13.66,13.8,13.62,13.72,113987
2018-05-03,13.72,13.88,13.59,13.81,139258
2018-05-04,13.82,13.94,13.76,13.8,130509
2018-05-07,13.82,14.09,13.76,14.04,224590
2018-05-08,14.03,14.28,13.99,14.13,269811
2018-05-09,14.01,14.16,13.97,14.03,142607
2018-05-10,14.13,14.26,14.03,14.16,193631
2018-05-11,14.27,14.56,14.16,14.4,447593
2018-05-14,14.42,14.59,14.28,14.5,280977
2018-05-15,14.36,14.48,14.17,14.43,207906
2018-05-16,14.21,14.34,14.08,14.1,175517
2018-05-17,14.16,14.23,14.03,14.12,102321
2018-05-18,14.12,14.55,13.96,14.52,330199
2018-05-21,14.59,14.69,14.3,14.48,328476
2018-05-22,14.45,14.46,14.18,14.39,199322
2018-05-23,14.38,14.44,14.05,14.07,183834
2018-05-24,13.97,14.03,13.74,13.81,195835
2018-05-25,13.84,13.9,13.71,13.89,134657
2018-05-28,13.84,13.89,13.6,13.68,126592
2018-05-29,13.67,13.89,13.66,13.83,131784
2018-05-30,13.61,13.61,12.93,13.02,230152
2018-05-31,13.14,13.25,13.01,13.21,142371
2018-06-01,13.16,13.35,13.09,13.15,114044
2018-06-04,13.36,13.4,13.17,13.21,108191
2018-06-05,13.3,13.36,13.18,13.35,108818
2018-06-06,13.66,14.07,13.66,13.92,348128
2018-06-07,14.21,14.36,13.91,13.98,329193
2018-06-08,14.01,14.21,13.66,13.83,278055
2018-06-11,13.94,14.16,13.87,14.0,203067
2018-06-12,13.83,13.93,13.56,13.78,190049
2018-06-13,13.74,13.82,13.4,13.65,176817
2018-06-14,13.54,13.84,13.51,13.72,144027
2018-06-15,13.59,13.71,13.22,13.68,224489
2018-06-19,13.18,13.86,12.99,13.71,702104
2018-06-20,13.43,13.54,13.03,13.38,145830
2018-06-21,13.33,13.65,13.15,13.17,152183
2018-06-22,13.01,13.14,12.57,13.07,126952
2018-06-25,13.2,13.28,12.79,12.81,127916
2018-06-26,12.61,12.71,12.41,12.62,130018
2018-06-27,12.6,12.73,12.36,12.62,100423
2018-06-28,12.49,12.63,12.36,12.38,79819
2018-06-29,12.36,12.62,12.15,12.56,119963
2018-07-02,12.54,12.57,11.51,11.78,196931
2018-07-03,11.77,11.83,11.34,11.71,148777
2018-07-04,11.57,11.74,11.31,11.65,122669
2018-07-05,11.51,11.88,11.21,11.87,250751
2018-07-06,11.62,11.81,11.39,11.63,106335
2018-07-09,11.72,11.96,11.72,11.93,91673
2018-07-10,11.93,12.14,11.84,12.0,99989
2018-07-11,11.61,11.61,11.29,11.38,154810
2018-07-12,11.34,11.78,11.32,11.7,153032
2018-07-13,11.71,11.81,11.57,11.75,118347
2018-07-16,11.8,11.8,11.51,11.65,74197
2018-07-17,11.64,11.67,11.46,11.54,69242
2018-07-18,11.57,11.62,11.43,11.44,80551
2018-07-19,11.52,11.58,11.36,11.41,74142
2018-07-20,11.31,11.67,11.29,11.63,113048
2018-07-23,11.64,12.1,11.59,12.08,188728
2018-07-24,12.01,12.66,11.96,12.44,272995
2018-07-25,12.65,12.69,12.31,12.5,188080
2018-07-26,12.46,12.65,12.27,12.36,118354
2018-07-27,12.29,12.42,12.21,12.22,73632
2018-07-30,12.38,12.58,12.26,12.32,127944
2018-07-31,12.26,12.44,12.19,12.33,92106
2018-08-01,12.43,12.46,12.1,12.12,104188
2018-08-02,11.98,11.98,11.35,11.68,139419
2018-08-03,11.61,11.8,11.47,11.5,107095
2018-08-06,11.42,11.55,11.08,11.11,113272
2018-08-07,11.15,11.91,11.07,11.74,196140
2018-08-08,11.61,11.8,11.56,11.57,103526
2018-08-09,11.54,11.94,11.48,11.87,161527
2018-08-10,11.8,11.89,11.7,11.83,87956
2018-08-13,11.66,11.7,11.41,11.62,123291
2018-08-14,11.6,11.82,11.5,11.81,125520
2018-08-15,11.7,11.71,11.37,11.38,98294
2018-08-16,11.04,11.36,10.96,11.15,109355
2018-08-17,11.27,11.34,10.98,10.99,76967
2018-08-20,10.99,11.17,10.91,11.15,66965
2018-08-21,11.15,11.39,11.14,11.3,89201
2018-08-22,11.29,11.37,11.18,11.23,62455
2018-08-23,11.23,11.33,11.1,11.24,56295
2018-08-24,11.26,11.3,11.09,11.2,58890
2018-08-27,11.3,11.49,11.27,11.47,90547
2018-08-28,11.51,11.72,11.42,11.61,125387
2018-08-29,11.6,11.7,11.49,11.53,87246
2018-08-30,11.47,11.62,11.23,11.28,91859
2018-08-31,11.23,11.42,11.12,11.42,68584
2018-09-03,11.35,11.35,11.02,11.18,77230
2018-09-04,11.18,11.31,11.12,11.23,62370
2018-09-05,11.14,11.18,11.04,11.04,60277
2018-09-06,11.07,11.14,10.93,10.95,67220
2018-09-07,10.95,11.16,10.94,10.99,65364
2018-09-10,10.98,11.02,10.76,10.79,90673
2018-09-11,10.79,10.85,10.7,10.78,43579
2018-09-12,10.78,10.87,10.74,10.81,37282
2018-09-13,10.99,11.08,10.86,10.98,70405
2018-09-14,11.01,11.12,10.94,10.98,59887
2018-09-17,10.85,10.86,10.73,10.75,52340
2018-09-18,10.71,10.97,10.71,10.97,87494
2018-09-19,11.06,11.28,11.05,11.14,149498
2018-09-20,11.12,11.31,11.09,11.1,116650
2018-09-21,11.14,11.45,11.11,11.41,186874
2018-09-25,11.39,11.52,11.29,11.38,115388
2018-09-26,11.38,11.55,11.31,11.36,155748
2018-09-27,11.4,11.46,11.27,11.28,109398
2018-09-28,11.22,11.41,11.21,11.38,96205
2018-10-08,11.24,11.31,10.93,11.01,121860
2018-10-09,10.99,11.27,10.99,11.2,102155
2018-10-10,11.29,11.58,11.26,11.4,158729
2018-10-11,10.97,11.07,10.22,10.44,217346
2018-10-12,10.45,10.63,10.07,10.53,125481
2018-10-15,10.57,10.58,10.2,10.21,88837
2018-10-16,10.24,10.35,9.74,9.85,100732
2018-10-17,10.03,10.08,9.76,9.93,68690
2018-10-18,9.91,9.91,9.46,9.52,94388
2018-10-19,9.47,9.77,9.33,9.77,90062
2018-10-22,9.83,10.46,9.73,10.25,187463
2018-10-23,10.24,10.24,9.94,9.98,102812
2018-10-24,9.99,10.25,9.95,10.21,111016
2018-10-25,9.81,10.16,9.77,10.11,90384
2018-10-26,10.19,10.38,10.06,10.11,110391
2018-10-29,10.09,10.17,9.8,9.91,83668
2018-10-30,9.91,10.2,9.86,10.13,89256
2018-10-31,10.13,10.58,10.03,10.4,210243
2018-11-01,10.38,10.56,10.26,10.37,173217
2018-11-02,10.64,10.79,10.41,10.78,259156
2018-11-05,10.69,10.73,10.46,10.6,144733
2018-11-06,10.53,10.59,10.4,10.54,92059
2018-11-07,10.55,10.76,10.43,10.46,169637
2018-11-08,10.57,10.61,10.27,10.33,102009
2018-11-09,10.27,10.36,10.2,10.2,72998
2018-11-12,10.15,10.41,10.12,10.41,86799
2018-11-13,10.26,10.63,10.23,10.51,160111
2018-11-14,10.47,10.6,10.37,10.39,126763
2018-11-15,10.35,10.63,10.35,10.61,131705
2018-11-16,10.68,10.69,10.55,10.6,142231
2018-11-19,10.64,10.78,10.54,10.78,139624
2018-11-20,10.65,10.95,10.57,10.58,191177
2018-11-21,10.36,10.55,10.19,10.5,106502
2018-11-22,10.51,10.57,10.44,10.54,72672
2018-11-23,10.55,10.57,10.01,10.06,113492
2018-11-26,10.04,10.12,9.91,9.96,81325
2018-11-27,10.11,10.13,9.96,10.03,52268
2018-11-28,9.98,10.23,9.96,10.18,84147
2018-11-29,10.4,10.53,10.16,10.16,133763
2018-11-30,10.17,10.3,10.11,10.19,76120
2018-12-03,10.51,10.66,10.42,10.54,132196
2018-12-04,10.5,10.51,10.37,10.49,106676
2018-12-05,10.31,10.5,10.21,10.36,106315
2018-12-06,10.27,10.34,10.18,10.19,76508
2018-12-07,10.25,10.28,10.15,10.2,39960
2018-12-10,10.15,10.23,10.08,10.16,57045
2018-12-11,10.17,10.28,10.13,10.21,46022
2018-12-12,10.26,10.29,10.18,10.19,35595
2018-12-13,10.22,10.43,10.1,10.38,92832
2018-12-14,10.34,10.37,10.11,10.15,74072
2018-12-17,10.14,10.22,10.11,10.2,45128
2018-12-18,10.3,10.3,10.04,10.12,52051
2018-12-19,10.05,10.21,10.03,10.13,60544
2018-12-20,10.08,10.14,9.96,10.04,46337
2018-12-21,10.04,10.06,9.88,9.98,47633
2018-12-24,9.97,10.08,9.88,9.93,36636
2018-12-25,9.81,9.93,9.62,9.89,70079
2018-12-26,9.85,10.11,9.85,10.09,77512
2018-12-27,10.2,10.23,9.97,9.98,55720
2018-12-28,10.06,10.13,9.99,10.07,41414
2019-01-02,10.06,10.07,9.86,9.9,44327
2019-01-03,9.9,9.97,9.81,9.88,49945
2019-01-04,9.74,10.12,9.71,10.09,90187
2019-01-07,10.19,10.57,10.13,10.45,162383
2019-01-08,10.41,10.44,10.28,10.29,58512
2019-01-09,10.35,10.49,10.27,10.29,88961
2019-01-10,10.27,10.36,10.23,10.26,55791
2019-01-11,10.3,10.4,10.26,10.37,58525
2019-01-14,10.31,10.46,10.26,10.29,63166
2019-01-15,10.29,10.39,10.21,10.34,86494
2019-01-16,10.33,10.38,10.27,10.36,50733
2019-01-17,10.35,10.48,10.25,10.31,95167
2019-01-18,10.32,10.54,10.29,10.52,152741
2019-01-21,10.6,10.64,10.41,10.46,112846
2019-01-22,10.41,10.41,10.19,10.19,92176
2019-01-23,10.19,10.19,10.03,10.06,91535
2019-01-24,10.07,10.12,9.93,10.05,107425
2019-01-25,10.09,10.1,10.0,10.0,68962
2019-01-28,10.14,10.16,9.99,10.04,87158
2019-01-29,10.01,10.03,9.79,9.9,87468
2019-01-30,9.93,10.01,9.83,9.91,48518
2019-01-31,10.05,10.36,10.05,10.18,169498
2019-02-01,10.23,10.37,10.11,10.35,125810
2019-02-11,10.35,10.51,10.3,10.51,157412
2019-02-12,10.45,10.6,10.4,10.52,155815
2019-02-13,10.52,10.93,10.49,10.78,255404
2019-02-14,10.76,10.95,10.67,10.77,155534
2019-02-15,10.75,10.84,10.57,10.63,139064
2019-02-18,10.81,11.06,10.69,11.05,241240
2019-02-19,11.07,11.23,10.86,10.95,239797
2019-02-20,11.21,11.66,11.21,11.32,338963
2019-02-21,11.49,11.59,11.22,11.28,290716
2019-02-22,11.2,11.51,11.03,11.48,225379
2019-02-25,11.83,12.94,11.74,12.94,713242
2019-02-26,12.97,13.89,12.66,13.12,734273
2019-02-27,12.96,13.24,12.51,12.71,443767
2019-02-28,12.79,12.88,12.33,12.46,279921
2019-03-01,12.55,12.62,12.29,12.6,235405
2019-03-04,12.76,13.07,12.66,12.76,526204
2019-03-05,12.99,13.11,12.74,12.99,422169
2019-03-06,13.11,13.6,13.01,13.43,617950
2019-03-07,13.31,14.26,13.07,13.71,697704
2019-03-08,13.11,13.33,12.42,12.44,578308
2019-03-11,12.56,12.9,12.37,12.85,303458
2019-03-12,12.96,13.07,12.59,12.76,348763
2019-03-13,12.79,12.86,12.41,12.49,251411
2019-03-14,12.55,12.82,12.2,12.32,258533
2019-03-15,12.34,12.66,12.33,12.61,201359
2019-03-18,12.78,12.99,12.66,12.97,325334
2019-03-19,13.01,13.04,12.73,12.86,216658
2019-03-20,12.84,12.92,12.57,12.8,214230
2019-03-21,12.99,13.29,12.89,13.24,466784
2019-03-22,13.06,13.14,12.65,12.96,272750
2019-03-25,12.5,12.65,12.32,12.44,289581
2019-03-26,12.49,12.59,12.11,12.17,194908
2019-03-27,12.26,12.31,12.05,12.22,117680
2019-03-28,12.13,12.2,12.0,12.03,130283
2019-03-29,12.09,12.53,12.04,12.51,211876
2019-04-01,12.77,13.87,12.77,13.56,696492
2019-04-02,13.57,13.69,13.15,13.46,494936
2019-04-03,13.32,13.57,13.26,13.57,328026
2019-04-04,13.74,14.03,13.41,13.58,460121
2019-04-08,13.65,14.36,13.6,14.0,629008
2019-04-09,13.94,13.94,13.51,13.75,315976
2019-04-10,13.5,13.65,13.18,13.4,312451
2019-04-11,13.41,13.58,13.0,13.08,230308
2019-04-12,13.03,13.22,13.01,13.19,153932
2019-04-15,13.9,14.01,13.19,13.23,328943
2019-04-16,13.11,14.5,13.06,13.97,812856
2019-04-17,13.91,14.12,13.77,13.95,394159
2019-04-18,13.95,14.46,13.86,13.87,389462
2019-04-19,13.71,13.8,13.22,13.7,379731
2019-04-22,13.69,13.69,13.26,13.27,276849
2019-04-23,13.26,13.41,13.01,13.02,252920
2019-04-24,13.03,13.16,12.91,13.15,178318
2019-04-25,13.09,13.1,12.36,12.48,295372
2019-04-26,12.51,12.55,12.31,12.32,186585
2019-04-29,12.34,12.45,12.04,12.11,184478
2019-04-30,12.16,12.38,12.14,12.24,141478
2019-05-06,11.41,11.61,10.82,10.99,320245
2019-05-07,11.04,11.21,10.87,11.16,171353
2019-05-08,10.8,11.19,10.8,11.06,146222
2019-05-09,10.96,11.11,10.84,10.93,121814
2019-05-10,11.11,11.24,10.71,11.21,179676
2019-05-13,11.07,11.08,10.91,10.97,106501
2019-05-14,10.87,11.05,10.83,10.87,102026
2019-05-15,11.0,11.09,10.94,11.05,114532
2019-05-16,11.1,11.79,11.02,11.64,340585
2019-05-17,11.5,11.54,10.88,10.96,220248
2019-05-20,10.9,11.38,10.71,11.28,186955
2019-05-21,11.31,12.27,11.15,11.87,401031
2019-05-22,11.79,11.86,11.47,11.47,238520
2019-05-23,11.42,11.56,11.22,11.3,138502
2019-05-24,11.23,11.61,11.17,11.27,129007
2019-05-27,11.31,11.74,11.25,11.63,166950
2019-05-28,11.56,11.66,11.48,11.63,145746
2019-05-29,11.69,11.99,11.69,11.84,274135
2019-05-30,11.67,11.89,11.46,11.78,209467
2019-05-31,11.68,11.99,11.57,11.78,211339
2019-06-03,11.71,11.81,11.4,11.49,168464
2019-06-04,11.49,11.66,11.12,11.19,137786
2019-06-05,11.35,11.55,11.32,11.41,123165
2019-06-06,11.3,11.65,11.29,11.4,137920
2019-06-10,11.58,11.62,11.3,11.56,130526
2019-06-11,11.51,12.06,11.5,12.02,283039
2019-06-12,12.0,12.55,11.93,12.02,403914
2019-06-13,11.9,12.06,11.77,11.94,183066
2019-06-14,11.95,12.23,11.79,12.01,224639
2019-06-17,11.91,12.26,11.84,12.07,180845
2019-06-18,12.07,12.15,11.78,11.92,131995
2019-06-19,12.24,12.3,11.97,12.03,198802
2019-06-20,12.16,12.49,12.03,12.44,303011
2019-06-21,12.4,12.86,12.29,12.45,372212
2019-06-24,12.45,12.79,12.37,12.7,276118
2019-06-25,12.86,13.16,12.56,13.01,504559
2019-06-26,12.76,12.9,12.54,12.55,267167
2019-06-27,12.51,12.75,12.42,12.57,187207
2019-06-28,12.67,12.86,12.45,12.65,214959
2019-07-01,12.76,12.85,12.62,12.82,293229
2019-07-02,12.69,12.7,12.45,12.49,226320
2019-07-03,12.62,12.72,12.35,12.38,204424
2019-07-04,12.4,12.66,12.33,12.43,176477
2019-07-05,12.45,12.5,12.31,12.44,102958
2019-07-08,12.37,12.37,11.69,11.69,219871
2019-07-09,11.67,11.74,11.55,11.61,99230
2019-07-10,11.62,11.67,11.41,11.42,108031
2019-07-11,11.7,11.83,11.62,11.65,150588
2019-07-12,11.64,11.78,11.59,11.72,76310
2019-07-15,11.71,11.94,11.51,11.92,131283
2019-07-16,11.89,12.06,11.84,11.99,107531
2019-07-17,11.96,12.09,11.86,11.87,74379
2019-07-18,11.96,12.11,11.8,11.81,110026
2019-07-19,12.09,12.6,12.07,12.46,361306
2019-07-22,12.34,12.53,12.15,12.25,195849
2019-07-23,12.18,12.28,12.04,12.15,114424
2019-07-24,12.16,12.28,12.08,12.19,145729
2019-07-25,12.18,12.18,11.92,12.02,123755
2019-07-26,11.99,12.0,11.81,11.94,99497
2019-07-29,12.01,12.06,11.83,11.85,68382
2019-07-30,11.96,12.17,11.92,12.14,150206
2019-07-31,11.95,11.98,11.72,11.86,122299
2019-08-01,11.72,11.75,11.61,11.65,122004
2019-08-02,11.43,11.65,11.41,11.57,106804
2019-08-05,11.46,11.76,11.38,11.51,146327
2019-08-06,11.38,11.61,11.14,11.31,149821
2019-08-07,11.46,12.06,11.46,11.94,333782
2019-08-08,12.05,12.1,11.85,11.88,128342
2019-08-09,11.95,12.04,11.66,11.71,107282
2019-08-12,11.69,11.76,11.47,11.71,98414
2019-08-13,11.67,11.82,11.56,11.79,136874
2019-08-14,11.84,11.88,11.52,11.57,134016
2019-08-15,11.39,11.51,11.32,11.45,93438
2019-08-16,11.48,11.55,11.4,11.44,79839
2019-08-19,11.48,11.75,11.41,11.75,150465
2019-08-20,11.67,12.05,11.64,11.83,171977
2019-08-21,11.77,11.8,11.64,11.69,82633
2019-08-22,11.72,11.77,11.53,11.61,74103
2019-08-23,11.61,11.68,11.44,11.53,92156
2019-08-26,11.3,11.51,11.28,11.41,78548
2019-08-27,11.46,11.65,11.44,11.61,101926
2019-08-28,11.61,11.61,11.47,11.48,65764
2019-08-29,11.47,11.56,11.35,11.36,100430
2019-08-30,11.5,11.52,11.31,11.42,90296
2019-09-02,11.41,11.73,11.39,11.66,164429
2019-09-03,11.66,11.67,11.54,11.61,85826
2019-09-04,11.66,11.84,11.66,11.8,165699
2019-09-05,12.08,12.25,11.96,11.98,324958
2019-09-06,12.1,12.17,11.87,11.99,131893
2019-09-09,12.08,12.12,11.96,12.11,152712
2019-09-10,12.04,12.24,12.03,12.17,164813
2019-09-11,12.21,12.28,11.97,12.11,171258
2019-09-12,12.17,12.24,12.04,12.16,120497
2019-09-16,12.39,12.49,12.25,12.29,204640
2019-09-17,12.25,12.29,11.89,11.9,164492
2019-09-18,11.91,12.01,11.77,11.85,122463
2019-09-19,11.9,11.91,11.67,11.87,118638
2019-09-20,11.89,11.89,11.76,11.85,112526
2019-09-23,11.81,11.82,11.49,11.59,123088
2019-09-24,11.64,11.68,11.58,11.6,67710
2019-09-25,11.6,11.6,11.45,11.53,74849
2019-09-26,11.55,11.63,11.43,11.56,86515
2019-09-27,11.52,11.57,11.43,11.51,75064
2019-09-30,11.47,11.6,11.47,11.48,54514
2019-10-08,11.47,11.56,11.45,11.47,60100
2019-10-09,11.4,11.46,11.32,11.42,67600
2019-10-10,11.43,11.52,11.39,11.52,56903
2019-10-11,11.62,11.67,11.47,11.61,98503
2019-10-14,11.69,11.76,11.61,11.71,99321
2019-10-15,11.66,11.67,11.5,11.51,68936
2019-10-16,11.52,11.57,11.36,11.39,92854
2019-10-17,11.39,11.61,11.31,11.46,107660
2019-10-18,11.42,11.47,11.21,11.22,97629
2019-10-21,11.21,11.32,11.11,11.29,68089
2019-10-22,11.29,11.49,11.23,11.41,61134
2019-10-23,11.4,11.42,11.27,11.3,46744
2019-10-24,11.38,11.64,11.36,11.54,128216
2019-10-25,11.41,11.52,11.33,11.49,76848
2019-10-28,11.41,11.55,11.41,11.51,71766
2019-10-29,11.55,11.56,11.27,11.27,79034
2019-10-30,11.25,11.38,11.25,11.35,51487
2019-10-31,11.34,11.34,11.23,11.25,40604
2019-11-01,11.23,11.32,11.21,11.31,63211
2019-11-04,11.34,11.47,11.28,11.36,84407
2019-11-05,11.37,11.58,11.29,11.57,144505
2019-11-06,11.49,11.75,11.49,11.61,158182
2019-11-07,11.52,11.65,11.49,11.54,68820
2019-11-08,11.68,11.71,11.51,11.53,78841
2019-11-11,11.44,11.44,11.12,11.16,102790
2019-11-12,11.14,11.26,11.12,11.18,51829
2019-11-13,11.17,11.23,11.12,11.23,46020
2019-11-14,11.23,11.25,11.18,11.22,38055
2019-11-15,11.25,11.25,11.07,11.09,60223
2019-11-18,11.11,11.14,11.03,11.06,69301
2019-11-19,11.08,11.15,11.03,11.15,58054
2019-11-20,11.14,11.17,11.1,11.14,47536
2019-11-21,11.15,11.15,10.98,11.0,61653
2019-11-22,11.03,11.13,10.91,10.98,61117
2019-11-25,11.01,11.38,11.0,11.29,154819
2019-11-26,11.25,11.32,11.16,11.18,91195
2019-11-27,11.25,11.39,11.18,11.33,105516
2019-11-28,11.29,11.32,11.16,11.2,69726
2019-11-29,11.25,11.26,11.16,11.2,37908
2019-12-02,11.22,11.45,11.22,11.4,128516
2019-12-03,11.35,11.42,11.28,11.37,64237
2019-12-04,11.37,11.43,11.31,11.43,79864
2019-12-05,11.45,11.54,11.39,11.42,75334
2019-12-06,11.41,11.45,11.32,11.41,66870
2019-12-09,11.58,11.66,11.49,11.61,167385
2019-12-10,11.91,12.6,11.9,12.2,490643
2019-12-11,12.26,12.4,12.12,12.31,264097
2019-12-12,12.61,12.7,12.26,12.3,250613
2019-12-13,12.36,12.59,12.25,12.39,249690
2019-12-16,12.31,12.39,12.19,12.38,199083
2019-12-17,12.48,12.9,12.46,12.76,353243
2019-12-18,12.69,12.81,12.57,12.59,173531
2019-12-19,12.59,12.68,12.53,12.66,118751
2019-12-20,12.78,12.84,12.32,12.35,152341
2019-12-23,12.35,12.35,11.93,12.01,163697
2019-12-24,12.14,13.42,12.06,13.34,541098
2019-12-25,13.26,13.59,13.16,13.35,392977
2019-12-26,13.25,13.8,13.12,13.28,352989
2019-12-27,13.37,14.73,13.3,13.9,702785
2019-12-30,13.69,14.63,13.58,14.4,619791
2019-12-31,14.21,14.36,13.87,14.04,346869
2020-01-02,14.17,14.61,14.14,14.24,351472
2020-01-03,14.21,14.47,14.0,14.28,268011
2020-01-06,14.21,14.38,13.96,14.1,388389
2020-01-07,14.16,14.37,13.97,14.21,332208
2020-01-08,14.29,14.3,13.74,13.96,330320
2020-01-09,14.11,14.16,13.79,13.95,219998
2020-01-10,13.96,14.02,13.65,13.94,237046
2020-01-13,13.78,13.99,13.66,13.96,179376
2020-01-14,14.12,14.31,13.97,14.01,316842
2020-01-15,13.96,14.01,13.57,13.61,208121
2020-01-16,13.65,13.8,13.47,13.56,138656
2020-01-17,13.6,13.65,13.37,13.4,125131
2020-01-20,13.39,13.5,13.31,13.49,121369
2020-01-21,13.44,13.45,12.71,12.72,322986
2020-01-22,12.63,12.87,12.33,12.79,269390
2020-01-23,12.5,12.78,12.06,12.24,255545
2020-02-03,10.73,10.89,10.73,10.73,231331
2020-02-04,10.63,10.89,10.53,10.81,396296
2020-02-05,10.81,11.27,10.81,10.99,378209
2020-02-06,11.04,11.18,10.85,11.15,444283
2020-02-07,10.99,11.11,10.89,11.09,265473
2020-02-10,10.98,11.38,10.94,11.35,365149
2020-02-11,11.37,11.48,11.21,11.36,323532
2020-02-12,11.3,11.53,11.21,11.45,322320
2020-02-13,11.49,11.69,11.36,11.43,318478
2020-02-14,11.43,11.92,11.36,11.71,362250
2020-02-17,11.7,12.02,11.63,12.01,369804
2020-02-18,11.92,12.02,11.71,11.89,322079
2020-02-19,11.91,12.01,11.78,11.81,305793
2020-02-20,11.81,12.06,11.53,12.0,424946
2020-02-21,11.91,12.19,11.87,12.02,369329
2020-02-24,11.98,12.16,11.79,11.98,379162
2020-02-25,11.71,11.8,11.3,11.66,420748
2020-02-26,11.37,11.93,11.36,11.63,336246
2020-02-27,11.67,11.77,11.48,11.49,236035
2020-02-28,11.12,11.29,10.8,10.8,389031
2020-03-02,10.88,11.44,10.87,11.41,281878
2020-03-03,11.68,11.76,11.28,11.37,271837
2020-03-04,11.41,11.58,11.34,11.58,244233
2020-03-05,11.67,11.95,11.55,11.86,437474
2020-03-06,11.66,11.76,11.47,11.54,305467
2020-03-09,11.21,11.22,10.89,11.02,401883
2020-03-10,10.95,11.27,10.9,11.26,243449
2020-03-11,11.21,11.26,11.08,11.08,169826
2020-03-12,11.01,11.04,10.82,10.9,196382
2020-03-13,10.4,10.73,10.24,10.68,277205
2020-03-16,10.71,10.79,10.34,10.37,198633
2020-03-17,10.38,10.58,10.12,10.35,178406
2020-03-18,10.37,10.47,9.89,9.91,243316
2020-03-19,9.57,9.69,9.21,9.42,319223
2020-03-20,9.48,9.74,9.34,9.72,172852
2020-03-23,9.29,9.47,9.26,9.3,141682
2020-03-24,9.63,9.74,9.46,9.71,205299
2020-03-25,10.11,10.17,9.84,9.98,195737
2020-03-26,9.85,9.96,9.72,9.79,136738
2020-03-27,9.92,9.96,9.78,9.81,111810
2020-03-30,9.63,9.72,9.46,9.57,95880
2020-03-31,9.75,9.88,9.59,9.74,103574
2020-04-01,9.71,9.93,9.66,9.68,120099
2020-04-02,9.52,9.84,9.51,9.84,101929
2020-04-03,9.82,9.82,9.7,9.77,83305
2020-04-07,9.98,10.34,9.92,10.27,248496
2020-04-08,10.11,10.45,10.09,10.37,187564
2020-04-09,10.56,10.6,10.23,10.25,141098
2020-04-10,10.36,10.36,9.99,10.18,130806
2020-04-13,10.19,10.49,10.04,10.49,190185
2020-04-14,10.51,10.76,10.37,10.65,254589
2020-04-15,10.54,10.55,10.25,10.27,169018
2020-04-16,10.21,10.21,10.05,10.17,116129
2020-04-17,10.31,10.37,10.19,10.2,107648
2020-04-20,10.26,10.26,10.13,10.21,93230
2020-04-21,10.13,10.13,9.91,10.0,110446
2020-04-22,9.91,9.98,9.8,9.98,90610
2020-04-23,10.0,10.03,9.85,9.91,91842
2020-04-24,9.89,9.94,9.75,9.78,86017
2020-04-27,9.75,9.99,9.75,9.84,82116
2020-04-28,9.83,9.84,9.44,9.65,95927
2020-04-29,9.52,9.68,9.49,9.62,64962
2020-04-30,9.66,9.94,9.66,9.91,112242
2020-05-06,9.74,10.05,9.71,10.02,117170
2020-05-07,10.03,10.03,9.92,9.97,89193
2020-05-08,10.06,10.19,9.99,10.1,122071
2020-05-11,10.15,10.21,10.0,10.07,90505
2020-05-12,10.06,10.06,9.86,9.92,79447
2020-05-13,9.84,9.88,9.76,9.83,57417
2020-05-14,9.83,10.0,9.77,9.83,64018
2020-05-15,9.82,9.87,9.72,9.72,92290
2020-05-18,9.82,10.21,9.76,10.1,232143
2020-05-19,10.29,10.39,10.1,10.13,189007
2020-05-20,10.13,10.2,9.94,9.98,104184
2020-05-21,10.07,10.19,9.92,9.95,124556
2020-05-22,9.84,9.9,9.61,9.74,126817
2020-05-25,9.7,9.79,9.67,9.7,54965
2020-05-26,9.74,9.81,9.7,9.8,66696
2020-05-27,9.79,9.8,9.61,9.72,72591
2020-05-28,9.71,9.87,9.68,9.81,85816
2020-05-29,9.77,9.86,9.68,9.86,81779
2020-06-01,9.84,10.12,9.84,10.11,167198
2020-06-02,10.18,10.19,10.01,10.06,112702
2020-06-03,10.15,10.31,10.14,10.15,201950
2020-06-04,10.18,10.19,9.93,9.99,104172
2020-06-05,10.02,10.18,9.92,10.16,97871
2020-06-08,10.6,10.98,10.51,10.72,538894
2020-06-09,10.69,11.03,10.62,10.71,289159
2020-06-10,11.01,11.03,10.55,10.61,204402
2020-06-11,10.88,10.89,10.36,10.43,223985
2020-06-12,10.09,10.22,9.93,10.19,235785
2020-06-15,10.07,10.18,9.98,9.99,145021
2020-06-16,10.07,10.36,10.04,10.34,179653
2020-06-17,10.21,10.35,10.12,10.32,124297
2020-06-18,10.32,10.57,10.17,10.42,146889
2020-06-19,10.45,10.5,10.34,10.46,132350
2020-06-22,10.53,10.64,10.38,10.42,168018
2020-06-23,10.45,10.6,10.37,10.45,123248
2020-06-24,10.48,10.56,10.38,10.39,96444
2020-06-29,10.52,10.57,10.3,10.46,153308
2020-06-30,10.54,10.58,10.46,10.57,152217
2020-07-01,10.66,11.08,10.66,11.04,440417
2020-07-02,11.01,11.48,10.98,11.42,519079
2020-07-03,11.46,11.93,11.33,11.59,555687
2020-07-06,11.84,12.93,11.84,12.89,767201
2020-07-07,13.31,13.53,12.49,12.5,748672
2020-07-08,12.51,13.6,12.41,13.2,813208
2020-07-09,13.47,13.75,13.0,13.61,889403
2020-07-10,13.26,13.38,12.76,12.82,582842
2020-07-13,13.31,14.07,13.27,13.83,849325
2020-07-14,13.46,13.87,13.17,13.49,564517
2020-07-15,13.57,13.74,12.77,12.98,464440
2020-07-16,12.8,13.08,12.12,12.13,421280
2020-07-17,12.15,12.46,12.03,12.22,304565
2020-07-20,12.4,13.25,12.29,13.1,439604
2020-07-21,13.22,13.33,12.79,12.91,259347
2020-07-22,13.51,13.69,13.13,13.18,423838
2020-07-23,13.15,13.32,12.76,13.14,323487
2020-07-24,13.0,13.24,12.39,12.44,324245
2020-07-27,12.59,13.3,12.59,13.23,492528
2020-07-28,13.74,13.83,12.83,13.01,530166
2020-07-29,12.98,13.09,12.53,13.09,316004
2020-07-30,13.03,13.16,12.75,12.9,262333
2020-07-31,12.91,13.8,12.86,13.4,596364
2020-08-03,13.36,13.61,13.13,13.5,502744
2020-08-04,13.57,14.55,13.37,14.07,785720
2020-08-05,14.16,14.33,13.72,14.13,486659
2020-08-06,14.26,14.54,13.85,14.29,596486
2020-08-07,14.47,14.47,13.53,13.82,447908
2020-08-10,13.3,13.4,13.01,13.16,354851
2020-08-11,13.24,13.35,12.55,12.57,354122
2020-08-12,12.25,12.36,11.89,12.22,349531
2020-08-13,12.35,12.4,12.18,12.23,192195
2020-08-14,12.14,12.34,12.03,12.31,174298
2020-08-17,12.31,12.76,12.23,12.75,261645
2020-08-18,12.96,13.04,12.69,12.84,229917
2020-08-19,13.11,13.31,12.93,12.94,304905
2020-08-20,12.81,12.98,12.69,12.81,156953
2020-08-21,12.75,12.97,12.75,12.8,143608
2020-08-24,12.71,12.75,12.46,12.66,125746
2020-08-25,12.7,12.71,12.24,12.34,177307
2020-08-26,12.34,12.48,12.13,12.21,129806
2020-08-27,12.31,12.38,12.21,12.32,75932
2020-08-28,12.32,12.66,12.27,12.66,133723
2020-08-31,12.69,13.23,12.69,12.83,282409
2020-09-01,12.87,13.47,12.86,13.44,397373
2020-09-02,13.24,13.34,12.97,13.16,256232
2020-09-03,13.16,13.37,13.03,13.09,172585
2020-09-04,12.7,12.89,12.58,12.66,209329
2020-09-07,12.91,13.41,12.91,13.03,364056
2020-09-08,13.09,13.29,12.73,13.16,253360
2020-09-09,12.81,12.88,12.56,12.62,173175
2020-09-10,12.8,12.92,12.34,12.36,156191
2020-09-11,12.22,12.4,12.09,12.37,146930
2020-09-14,12.42,12.64,12.09,12.48,105602
2020-09-15,12.51,12.65,12.32,12.62,107203
2020-09-16,12.5,12.58,12.27,12.34,104470
2020-09-17,12.25,12.32,12.08,12.2,118284
2020-09-18,12.36,13.27,12.36,13.2,348540
2020-09-21,13.25,13.45,13.2,13.24,312575
2020-09-22,13.1,13.11,12.64,12.66,199942
2020-09-23,12.66,12.76,12.29,12.38,167701
2020-09-24,12.11,12.19,11.85,11.85,241184
2020-09-25,11.96,12.03,11.73,11.8,151021
2020-09-28,11.87,11.92,11.62,11.65,148800
2020-09-29,11.81,11.81,11.39,11.46,217072
2020-09-30,11.49,11.5,11.28,11.38,131159
2020-10-09,11.68,11.84,11.62,11.76,177713
2020-10-12,11.78,12.15,11.78,12.12,168823
2020-10-13,12.11,12.15,11.88,12.06,118054
2020-10-14,11.98,11.98,11.79,11.83,105395
2020-10-15,11.85,12.0,11.81,11.85,65744
2020-10-16,11.92,12.04,11.81,11.87,97380
2020-10-19,11.91,12.36,11.85,12.01,185425
2020-10-20,11.94,11.96,11.66,11.94,116696
2020-10-21,12.23,12.29,11.96,12.15,191413
2020-10-22,12.06,12.36,11.88,12.04,151876
2020-10-23,11.92,12.23,11.86,12.05,147847
2020-10-26,12.0,12.22,11.84,12.14,163669
2020-10-27,12.0,12.03,11.69,11.83,162253
2020-10-28,11.83,12.63,11.77,12.48,346723
2020-10-29,12.22,12.62,11.93,12.43,292386
2020-10-30,12.34,12.34,12.01,12.01,163781
2020-11-02,12.0,12.28,11.91,12.26,143339
2020-11-03,12.34,13.41,12.34,13.31,622462
2020-11-04,13.13,13.19,12.69,12.85,356150
2020-11-05,13.06,13.15,12.77,12.97,245484
2020-11-06,13.11,13.35,12.98,13.16,220672
2020-11-09,13.54,13.74,13.36,13.41,432284
2020-11-10,13.41,13.67,13.24,13.33,351286
2020-11-11,13.29,13.84,13.24,13.51,425430
2020-11-12,13.34,13.34,13.01,13.09,253158
2020-11-13,13.1,13.3,12.89,13.13,211844
2020-11-16,13.39,14.72,13.32,14.65,1034971
2020-11-17,14.36,14.81,14.31,14.43,805399
2020-11-18,14.41,15.2,14.4,14.76,751612
2020-11-19,14.59,14.78,14.09,14.38,471002
2020-11-20,14.28,15.59,14.25,15.26,821908
2020-11-23,15.8,16.96,15.56,16.39,1048311
2020-11-24,16.39,17.66,15.92,17.36,966403
2020-11-25,17.36,17.96,16.82,16.95,869639
2020-11-26,17.06,17.78,16.82,17.78,895007
2020-11-27,17.6,18.26,16.86,18.06,957552
2020-11-30,18.21,20.09,18.11,19.21,1050625
2020-12-01,18.59,19.56,18.47,19.51,731508
2020-12-02,19.23,20.16,18.67,18.94,942592
2020-12-03,18.48,18.57,17.6,17.61,954738
2020-12-04,17.62,18.41,17.53,18.39,701089
2020-12-07,18.21,18.61,17.77,17.83,604502
2020-12-08,17.84,17.96,17.09,17.5,621115
2020-12-09,17.61,18.24,17.46,17.53,574054
2020-12-10,17.21,17.7,16.89,17.68,543582
2020-12-11,18.51,18.76,16.62,17.1,948543
2020-12-14,16.72,17.09,16.35,16.78,552059
2020-12-15,16.54,16.69,16.17,16.56,432882
2020-12-16,16.68,17.06,16.33,16.61,472063
2020-12-17,16.6,18.13,16.44,18.13,850027
2020-12-18,18.11,18.81,17.99,18.62,860492
2020-12-21,18.62,19.2,18.04,19.2,795475
2020-12-22,18.56,18.66,17.0,17.0,979790
2020-12-23,16.86,17.5,16.61,17.18,612813
2020-12-24,17.41,17.5,16.5,16.82,434206
2020-12-25,16.58,18.05,16.48,17.8,569567
2020-12-28,17.76,18.42,17.69,18.05,576289
2020-12-29,18.01,18.04,16.86,16.95,494575
2020-12-30,16.85,17.46,16.75,17.27,359583
2020-12-31,17.1,17.41,16.77,17.16,478959
2021-01-04,17.23,18.62,17.23,18.59,791014
2021-01-05,18.4,18.69,17.93,18.2,754030
2021-01-06,18.91,19.17,17.94,18.28,938360
2021-01-07,18.28,20.15,18.28,20.02,1328560
2021-01-08,20.51,22.17,19.43,22.05,1352700
2021-01-11,21.21,21.61,20.11,20.31,1151446
2021-01-12,19.31,20.65,19.06,20.56,836377
2021-01-13,20.36,21.56,19.61,19.76,924199
2021-01-14,20.01,20.02,18.61,19.01,622873
2021-01-15,19.4,19.75,18.54,19.06,554201
2021-01-18,18.56,19.43,17.87,19.18,521550
2021-01-19,19.1,19.11,18.02,18.08,512048
2021-01-20,18.07,18.67,18.01,18.58,388220
2021-01-21,18.59,20.26,18.4,20.13,776071
2021-01-22,19.66,19.9,19.14,19.52,562058
2021-01-25,19.47,20.61,19.21,19.93,647155
2021-01-26,19.51,19.6,18.22,18.38,600492
2021-01-27,18.38,18.61,17.54,18.08,394599
2021-01-28,17.03,17.47,16.52,16.6,562945
2021-01-29,16.92,17.03,15.63,16.05,488449
2021-02-01,16.05,16.83,15.91,16.76,379710
2021-02-02,16.71,17.1,16.43,16.76,301970
2021-02-03,16.71,17.26,16.24,16.6,407044
2021-02-04,16.7,17.11,16.0,16.51,399311
2021-02-05,16.59,16.81,15.82,15.87,366541
2021-02-08,16.41,17.14,16.21,17.0,401618
2021-02-09,17.52,18.49,17.42,18.38,568924
2021-02-10,18.3,20.36,18.21,20.13,814648
2021-02-18,22.42,22.42,21.71,22.42,938766
2021-02-19,22.42,24.75,22.16,24.15,1680233
2021-02-22,26.17,26.84,25.49,26.84,907200
2021-02-23,26.84,28.91,25.9,27.53,2019870
2021-02-24,27.19,27.71,25.29,25.5,1597581
2021-02-25,27.01,27.01,25.41,25.71,1302388
2021-02-26,23.93,26.39,23.91,25.11,1195415
2021-03-01,24.71,25.79,24.31,25.41,1135337
2021-03-02,24.63,24.71,23.23,23.86,1079501
2021-03-03,24.31,24.43,23.51,24.06,857079
2021-03-04,23.11,23.8,22.61,22.71,868823
2021-03-05,21.47,22.71,21.14,22.25,757846
2021-03-08,22.96,23.21,21.26,21.26,704046
2021-03-09,21.66,22.76,20.59,21.73,991237
2021-03-10,21.43,21.95,21.22,21.46,488089
2021-03-11,21.62,23.89,21.62,23.89,1143102
2021-03-12,23.89,24.21,23.08,24.21,969943
2021-03-15,24.36,25.1,23.47,23.99,847028
2021-03-16,23.61,23.7,21.92,22.33,812913
2021-03-17,21.51,22.39,21.11,22.21,589902
2021-03-18,22.59,22.86,21.81,21.87,539428
2021-03-19,21.23,21.88,21.11,21.32,439411
2021-03-22,21.42,21.86,20.89,21.74,443003
2021-03-23,22.04,22.17,20.31,20.51,604157
2021-03-24,20.01,20.1,18.76,18.83,702555
2021-03-25,18.84,19.28,18.82,18.85,373131
2021-03-26,18.79,19.41,18.65,19.24,409426
2021-03-29,19.41,19.44,18.87,19.23,372524
2021-03-30,18.91,19.9,18.43,19.74,627735
2021-03-31,19.4,19.5,18.99,19.33,323860
2021-04-01,19.22,19.65,18.93,19.41,327735
2021-04-02,19.32,20.4,19.18,20.31,555285
2021-04-06,20.91,21.09,20.27,20.29,466429
2021-04-07,20.04,20.58,19.63,20.46,413237
2021-04-08,20.71,22.79,20.71,22.67,1208798
2021-04-09,22.65,22.65,21.68,21.81,783500
2021-04-12,21.37,21.58,20.37,20.61,543734
2021-04-13,20.38,20.81,20.34,20.69,329562
2021-04-14,20.72,21.08,20.51,20.89,336522
2021-04-15,21.31,22.71,21.24,22.48,785942
2021-04-16,23.41,23.44,22.15,22.26,806263
2021-04-19,21.97,23.98,21.68,23.71,798101
2021-04-20,23.11,24.07,22.83,23.21,703378
2021-04-21,22.57,22.86,22.23,22.74,456441
2021-04-22,23.08,23.59,22.76,22.8,500835
2021-04-23,22.69,23.3,22.54,23.13,462270
2021-04-26,23.63,24.65,23.33,23.99,920118
2021-04-27,24.32,25.46,24.21,25.32,1017363
2021-04-28,24.37,24.55,23.71,24.26,766696
2021-04-29,24.99,25.09,24.38,24.54,592151
2021-04-30,24.11,24.2,23.38,23.77,604346
2021-05-06,24.99,25.28,24.23,24.66,678034
2021-05-07,25.21,25.92,24.93,25.24,816646
2021-05-10,26.22,28.03,26.01,28.02,1056378
2021-05-11,26.71,27.26,25.42,26.43,921560
2021-05-12,26.46,26.98,25.91,26.73,519711
2021-05-13,25.47,25.59,24.28,24.39,767880
2021-05-14,24.14,24.44,23.29,23.77,756152
2021-05-17,23.33,24.41,23.33,24.22,555683
2021-05-18,24.61,24.88,24.32,24.71,468617
2021-05-19,24.21,24.22,23.6,23.88,464260
2021-05-20,22.23,22.81,21.81,22.63,580427
2021-05-21,22.51,23.32,22.36,22.98,398164
2021-05-24,22.49,22.7,22.01,22.34,451731
2021-05-25,22.42,23.08,22.11,22.8,525387
2021-05-26,22.5,22.96,22.22,22.95,509807
2021-05-27,22.64,22.89,22.42,22.71,451548
2021-05-28,23.71,23.84,22.88,23.03,655012
2021-05-31,23.29,23.59,23.06,23.45,414394
2021-06-01,23.26,23.58,22.63,23.5,417937
2021-06-02,23.21,23.4,22.74,22.74,328999
2021-06-03,22.51,23.19,22.42,22.72,300483
2021-06-04,21.81,22.35,21.52,22.01,405646
2021-06-07,22.05,22.36,21.99,22.04,245503
2021-06-08,22.09,22.21,21.21,21.31,383144
2021-06-09,21.5,21.9,21.29,21.63,279332
2021-06-10,21.47,21.69,21.28,21.43,243232
2021-06-11,21.41,21.96,20.84,21.82,489003
2021-06-15,21.34,21.35,20.19,20.3,505842
2021-06-16,19.91,20.16,19.31,19.45,385568
2021-06-17,19.33,19.7,19.26,19.45,238322
2021-06-18,18.99,19.57,18.63,19.48,315084
2021-06-21,19.19,19.47,19.11,19.29,251579
2021-06-22,19.48,20.02,19.36,19.85,360511
2021-06-23,20.01,20.25,19.82,20.03,286856
2021-06-24,20.21,20.31,19.73,19.84,238344
2021-06-25,20.09,20.76,19.96,20.68,413140
2021-06-28,20.41,20.42,20.01,20.11,276166
2021-06-29,20.04,20.08,19.47,19.51,233749
2021-06-30,19.45,19.81,19.4,19.59,163307
2021-07-01,19.62,19.7,19.14,19.16,188344
2021-07-02,19.08,19.84,18.84,19.27,266272
2021-07-05,19.27,20.52,19.26,20.51,484718
2021-07-06,20.56,20.75,20.01,20.74,383657
2021-07-07,20.01,20.8,19.87,20.63,348813
2021-07-08,20.52,21.35,20.05,20.11,422500
2021-07-09,19.84,22.06,19.72,21.61,793900
2021-07-12,22.58,22.88,21.77,21.82,773263
2021-07-13,21.81,22.09,21.33,21.61,389026
2021-07-14,21.41,21.42,20.61,20.74,392624
2021-07-15,20.66,21.93,20.43,21.92,527450
2021-07-16,22.65,22.83,21.91,22.1,735386
2021-07-19,21.79,22.57,21.71,21.95,534527
2021-07-20,21.0,21.3,20.72,21.13,422993
2021-07-21,21.3,21.7,21.14,21.38,393726
2021-07-22,21.41,22.75,21.13,22.74,763592
2021-07-23,22.75,24.07,22.56,23.18,856312
2021-07-26,24.03,24.42,23.06,23.81,993783
2021-07-27,24.61,25.51,23.72,23.81,1138210
2021-07-28,23.31,23.49,21.86,22.41,662956
2021-07-29,22.98,23.29,22.49,23.19,567509
2021-07-30,22.72,23.25,22.42,23.13,530080
2021-08-02,22.98,23.89,22.17,23.75,697796
2021-08-03,23.06,23.1,21.51,21.81,687717
2021-08-04,21.82,22.35,21.54,22.17,375318
2021-08-05,21.68,21.83,20.89,21.08,608513
2021-08-06,21.01,22.24,20.96,22.09,543842
2021-08-09,21.32,21.93,20.99,21.78,396466
2021-08-10,21.52,21.74,21.16,21.6,343658
2021-08-11,22.08,22.18,21.6,21.72,394120
2021-08-12,21.69,22.81,21.39,22.81,706623
2021-08-13,22.41,22.79,22.14,22.58,492899
2021-08-16,23.11,23.28,21.47,21.55,560757
2021-08-17,21.31,22.07,20.82,21.06,460902
2021-08-18,20.77,21.27,20.53,21.05,300208
2021-08-19,20.48,20.49,19.96,20.17,421659
2021-08-20,20.11,20.12,19.71,20.01,301069
2021-08-23,20.31,20.56,20.16,20.44,300045
2021-08-24,20.59,21.59,20.59,21.29,526481
2021-08-25,21.31,21.92,21.0,21.86,529665
2021-08-26,21.51,22.75,21.45,22.06,689112
2021-08-27,22.02,22.78,22.02,22.73,658612
2021-08-30,23.33,23.6,22.66,23.15,812129
2021-08-31,22.81,23.9,22.31,23.84,869644
2021-09-01,23.61,24.18,21.82,22.18,855485
2021-09-02,21.82,23.66,21.81,23.03,652419
2021-09-03,23.03,25.31,22.87,23.61,1105511
2021-09-06,24.16,24.29,22.32,23.26,643316
2021-09-07,23.26,23.98,23.01,23.67,614968
2021-09-08,23.5,24.28,23.14,23.89,740617
2021-09-09,23.56,25.47,23.39,25.41,1192931
2021-09-10,25.31,26.9,25.12,25.89,1255572
2021-09-13,26.66,28.53,26.37,28.26,1301004
2021-09-14,27.29,27.29,25.59,25.88,1126641
2021-09-15,25.37,26.11,24.92,25.66,654953
2021-09-16,25.93,26.46,24.31,24.5,842298
2021-09-17,24.21,24.75,22.97,23.6,634667
2021-09-22,22.83,23.4,22.52,23.36,545526
2021-09-23,23.7,23.96,22.85,23.11,477114
2021-09-24,23.16,23.61,22.1,22.18,526610
2021-09-27,21.97,22.37,20.76,20.93,569119
2021-09-28,20.99,21.42,20.93,21.31,313816
2021-09-29,21.11,21.19,20.33,20.95,334210
2021-09-30,20.97,21.86,20.92,21.77,341333
2021-10-08,22.2,22.2,21.35,21.65,247720
2021-10-11,21.66,22.27,21.18,22.26,316430
2021-10-12,22.1,22.26,21.01,21.61,307006
2021-10-13,21.5,21.75,21.02,21.6,206406
2021-10-14,22.01,23.14,21.83,22.74,557856
2021-10-15,23.28,23.96,22.86,22.96,569556
2021-10-18,23.76,24.15,23.29,24.1,598430
2021-10-19,23.6,24.05,23.21,23.91,438917
2021-10-20,22.97,23.18,22.73,22.92,403975
2021-10-21,23.16,23.48,22.68,22.71,389521
2021-10-22,22.31,22.76,21.75,21.8,396172
2021-10-25,21.8,22.19,21.43,22.0,238376
2021-10-26,22.02,22.23,21.72,21.91,234341
2021-10-27,21.61,21.74,21.18,21.3,286309
2021-10-28,21.01,21.14,20.14,20.47,395560
2021-10-29,20.31,20.85,20.26,20.6,276966
2021-11-01,20.31,20.94,20.18,20.7,221727
2021-11-02,20.74,20.95,19.92,20.25,307901
2021-11-03,20.22,20.87,20.11,20.87,220439
2021-11-04,20.62,20.78,20.52,20.68,192594
2021-11-05,20.31,20.37,19.97,19.97,270126
2021-11-08,20.13,20.51,20.13,20.37,169461
2021-11-09,20.53,20.59,20.19,20.43,144161
2021-11-10,20.28,20.28,19.93,20.23,170938
2021-11-11,20.21,20.64,20.12,20.56,178878
2021-11-12,20.79,20.92,20.44,20.53,175133
2021-11-15,20.61,20.75,20.21,20.41,146155
2021-11-16,20.33,20.49,20.11,20.16,150147
2021-11-17,19.93,20.37,19.93,20.2,130076
2021-11-18,20.03,20.54,19.97,20.31,210312
2021-11-19,20.32,20.87,20.21,20.81,283093
2021-11-22,20.78,20.94,20.62,20.74,217121
2021-11-23,20.82,21.19,20.74,20.83,262035
2021-11-24,20.75,20.95,20.54,20.95,197512
2021-11-25,21.11,21.3,20.9,21.23,269350
2021-11-26,20.89,21.1,20.68,20.8,213682
2021-11-29,20.11,20.49,20.02,20.27,211988
2021-11-30,20.32,20.54,20.02,20.1,211230
2021-12-01,20.02,20.31,19.82,20.31,171360
2021-12-02,20.11,20.22,19.97,20.03,168563
2021-12-03,20.05,20.3,20.0,20.23,156112
2021-12-06,20.16,20.81,20.16,20.37,268023
2021-12-07,20.47,20.74,20.12,20.51,195134
2021-12-08,20.51,20.9,20.51,20.84,272741
2021-12-09,20.91,21.0,20.66,20.83,247052
2021-12-10,20.74,20.81,20.54,20.62,164632
2021-12-13,20.67,20.79,20.46,20.66,190838
2021-12-14,20.51,20.54,20.18,20.21,212410
2021-12-15,20.19,20.28,20.09,20.12,141311
2021-12-16,20.12,20.63,20.1,20.55,212490
2021-12-17,20.78,21.11,20.57,20.6,281567
2021-12-20,20.5,20.65,20.06,20.09,201651
2021-12-21,20.16,20.24,20.04,20.24,128271
2021-12-22,20.3,20.34,20.14,20.19,108632
2021-12-23,20.32,20.5,20.17,20.46,179385
2021-12-24,20.36,20.39,19.98,20.02,184947
2021-12-27,20.0,20.06,19.82,19.84,124778
2021-12-28,20.04,20.09,19.85,19.94,106210
2021-12-29,19.85,19.99,19.82,19.85,107692
2021-12-30,19.83,19.89,19.54,19.56,193047
2021-12-31,19.44,19.67,19.44,19.64,108586
2022-01-04,19.6,19.75,19.49,19.69,130856
2022-01-05,19.79,19.83,19.51,19.73,135055
2022-01-06,19.57,19.68,19.53,19.62,94663
2022-01-07,19.57,19.8,19.54,19.66,128705
2022-01-10,19.66,19.86,19.64,19.8,111039
2022-01-11,19.71,19.99,19.67,19.89,151789
2022-01-12,20.13,20.48,20.07,20.45,319024
2022-01-13,20.91,21.08,20.36,20.37,385168
2022-01-14,20.3,20.3,19.84,19.88,196676
2022-01-17,19.62,19.78,19.44,19.68,181523
2022-01-18,19.73,19.9,19.58,19.78,146712
2022-01-19,19.67,19.87,19.46,19.59,153991
2022-01-20,19.71,20.07,19.71,19.88,189128
2022-01-21,19.82,19.96,19.52,19.74,127140
2022-01-24,19.61,19.61,18.82,19.05,200643
2022-01-25,18.9,19.06,17.99,18.0,215194
2022-01-26,18.03,18.3,17.82,18.26,139884
2022-01-27,18.26,18.26,17.55,17.55,139012
2022-01-28,17.71,17.76,17.14,17.49,132004
2022-02-07,17.81,18.37,17.81,18.06,151497
2022-02-08,18.2,18.45,17.93,18.44,189477
2022-02-09,18.42,19.22,18.41,19.14,291907
2022-02-10,19.56,20.02,19.56,19.93,406532
2022-02-11,19.86,20.1,19.62,19.64,284513
2022-02-14,19.32,19.83,19.23,19.49,153305
2022-02-15,19.46,19.66,19.07,19.3,126686
2022-02-16,19.33,19.64,19.31,19.38,119874
2022-02-17,19.31,19.55,19.23,19.42,118787
2022-02-18,19.42,19.81,19.29,19.64,189139
2022-02-21,19.53,19.58,19.31,19.47,127066
2022-02-22,19.38,19.62,19.05,19.36,140529
2022-02-23,19.52,19.58,19.17,19.4,142097
2022-02-24,19.17,19.33,18.57,18.81,243402
2022-02-25,19.04,19.56,18.92,19.02,251632
2022-02-28,19.32,19.47,18.82,19.47,177232
2022-03-01,19.41,19.51,18.99,19.17,160331
2022-03-02,19.25,19.99,19.21,19.8,377774
2022-03-03,20.19,20.85,20.12,20.42,468882
2022-03-04,20.28,20.65,19.93,20.07,280024
2022-03-07,20.81,20.89,19.97,20.17,301693
2022-03-08,19.61,19.61,18.05,18.72,448613
2022-03-09,18.4,18.45,17.02,17.61,387817
2022-03-10,17.86,17.96,17.51,17.68,260559
2022-03-11,17.41,18.01,16.92,17.89,234098
2022-03-14,17.53,17.81,17.03,17.03,214713
2022-03-15,16.83,16.85,15.21,15.29,363471
2022-03-16,15.63,16.1,15.02,16.0,240412
2022-03-17,16.31,16.64,16.11,16.31,238077
2022-03-18,16.45,16.83,16.33,16.76,195072
2022-03-21,16.85,16.94,16.44,16.71,179077
2022-03-22,16.91,17.07,16.66,16.94,151215
2022-03-23,16.82,16.96,16.67,16.84,108673
2022-03-24,16.93,17.23,16.84,16.97,160594
2022-03-25,16.63,17.2,16.63,16.92,148910
2022-03-28,16.89,17.29,16.46,17.1,156995
2022-03-29,17.2,17.35,16.91,16.95,102177
2022-03-30,16.97,17.12,16.79,17.06,134358
2022-03-31,16.91,17.03,16.47,16.59,153584
2022-04-01,16.35,16.79,16.3,16.7,105212
2022-04-06,16.7,17.05,16.44,17.02,183033
2022-04-07,16.83,16.93,16.53,16.56,106155
2022-04-08,16.55,17.23,16.17,17.0,198375
2022-04-11,16.81,17.11,16.21,16.28,217046
2022-04-12,16.07,16.58,15.88,16.55,139413
2022-04-13,16.54,17.87,16.41,17.53,429913
2022-04-14,17.61,18.08,17.42,17.77,276663
2022-04-15,17.77,18.13,17.36,17.56,227169
2022-04-18,17.31,17.47,16.93,17.03,165561
2022-04-19,17.19,17.66,17.16,17.35,157245
2022-04-20,17.25,17.25,16.49,16.6,190676
2022-04-21,16.52,16.56,15.66,15.79,218561
2022-04-22,15.71,15.89,15.26,15.74,122675
2022-04-25,15.11,15.16,14.31,14.31,243431
2022-04-26,14.21,14.31,13.31,13.4,240410
2022-04-27,13.09,14.15,13.03,14.13,191465
2022-04-28,14.06,14.61,13.92,14.34,175034
2022-04-29,14.41,14.98,14.35,14.93,164051
2022-05-05,14.76,15.1,14.66,14.92,141627
2022-05-06,14.39,14.47,14.11,14.19,159286
2022-05-09,14.01,14.31,13.86,14.0,138971
2022-05-10,13.73,14.11,13.46,14.1,203696
2022-05-11,14.0,14.81,13.95,14.37,201073
2022-05-12,14.21,14.48,14.08,14.27,126453
2022-05-13,14.26,14.41,14.11,14.33,94429
2022-05-16,14.41,14.63,14.34,14.56,151302
2022-05-17,14.62,14.8,14.42,14.72,141014
2022-05-18,14.73,14.78,14.48,14.56,112284
2022-05-19,14.24,14.53,14.09,14.51,111912
2022-05-20,14.69,15.25,14.68,15.22,243964
2022-05-23,15.32,15.71,15.12,15.51,181618
2022-05-24,15.41,15.64,14.82,14.82,181009
2022-05-25,14.82,15.3,14.81,15.16,122950
2022-05-26,15.18,15.49,14.99,15.37,137867
2022-05-27,15.46,15.57,15.1,15.25,117489
2022-05-30,15.34,15.47,15.11,15.29,88022
2022-05-31,15.3,15.46,15.07,15.43,130771
2022-06-01,15.32,15.32,15.06,15.31,112310
2022-06-02,15.27,15.5,15.11,15.42,107277
2022-06-06,15.51,16.11,15.49,15.95,200103
2022-06-07,15.99,16.05,15.72,15.86,130193
2022-06-08,15.88,16.08,15.62,16.03,162018
2022-06-09,16.02,16.14,15.73,15.97,156778
2022-06-10,15.71,16.21,15.53,16.16,201032
2022-06-13,15.91,16.04,15.74,15.91,172066
2022-06-14,15.71,16.12,15.41,16.12,191391
2022-06-15,16.04,16.52,15.96,16.1,206726
2022-06-16,16.12,16.41,15.86,15.88,186989
2022-06-17,15.78,15.95,15.59,15.81,151595
2022-06-20,15.79,15.89,15.6,15.62,171818
2022-06-21,15.66,15.71,14.99,15.15,238589
2022-06-22,15.25,15.32,14.91,14.94,125025
2022-06-23,14.86,15.12,14.58,15.09,162775
2022-06-24,14.9,14.99,14.72,14.8,197255
2022-06-27,14.84,15.36,14.74,15.23,196171
2022-06-28,15.2,15.96,15.14,15.83,269721
2022-06-29,15.83,15.84,15.14,15.16,200865
2022-06-30,15.17,15.31,15.12,15.14,143385
2022-07-01,15.09,15.13,14.81,15.03,148328
2022-07-04,14.91,15.05,14.77,15.03,138729
2022-07-05,15.03,15.4,14.93,15.14,179179
2022-07-06,14.9,14.9,14.32,14.46,253705
2022-07-07,14.46,14.9,14.42,14.76,176412
2022-07-08,15.13,15.21,14.56,14.62,157572
2022-07-11,14.49,14.49,14.11,14.21,185513
2022-07-12,14.13,14.36,14.1,14.19,108130
2022-07-13,14.16,14.21,13.96,14.07,131425
2022-07-14,14.1,14.13,13.93,14.01,105951
2022-07-15,13.95,14.02,13.75,13.79,129467
2022-07-18,13.91,14.52,13.89,14.49,210060
2022-07-19,14.47,14.84,14.37,14.66,154229
2022-07-20,14.69,14.81,14.61,14.7,109033
2022-07-21,14.67,14.76,14.49,14.56,104231
2022-07-22,14.56,14.76,14.39,14.68,103063
2022-07-25,14.67,14.68,14.32,14.39,110354
2022-07-26,14.39,14.76,14.36,14.71,106304
2022-07-27,14.63,14.68,14.54,14.63,65589
2022-07-28,14.79,14.93,14.72,14.84,104730
2022-07-29,14.91,14.97,14.63,14.67,91183
2022-08-01,14.68,14.83,14.52,14.7,101045
2022-08-02,14.51,14.51,13.99,14.25,123376
2022-08-03,14.16,14.41,14.09,14.11,94417
2022-08-04,14.18,14.24,13.94,14.08,69712
2022-08-05,14.11,14.87,14.1,14.8,172222
2022-08-08,14.8,15.07,14.67,14.93,107731
2022-08-09,14.9,14.97,14.77,14.9,99191
2022-08-10,14.97,15.14,14.75,14.83,118129
2022-08-11,15.01,15.12,14.87,15.11,166563
2022-08-12,15.13,15.29,15.09,15.16,134116
2022-08-15,15.0,15.19,14.92,15.11,117707
2022-08-16,15.11,15.18,14.94,15.0,88870
2022-08-17,15.04,15.09,14.79,14.93,90221
2022-08-18,14.93,14.93,14.72,14.77,79853
2022-08-19,14.81,14.89,14.66,14.66,83405
2022-08-22,14.71,14.98,14.51,14.96,112586
2022-08-23,14.86,14.94,14.73,14.82,84356
2022-08-24,14.93,15.2,14.47,14.52,184482
2022-08-25,14.55,14.97,14.42,14.96,147595
2022-08-26,14.84,15.05,14.77,14.83,153237
2022-08-29,14.47,14.74,14.37,14.68,120655
2022-08-30,14.66,14.75,14.47,14.53,96252
2022-08-31,14.48,14.48,14.17,14.19,140121
2022-09-01,14.2,14.3,14.1,14.14,96640
2022-09-02,14.15,14.18,13.97,13.98,119546
2022-09-05,13.94,14.12,13.81,14.12,97001
2022-09-06,14.13,14.46,14.13,14.44,150609
2022-09-07,14.36,14.76,14.3,14.73,198797
2022-09-08,14.7,14.87,14.65,14.75,122912
2022-09-09,14.95,15.26,14.89,15.14,223833
2022-09-13,15.14,15.35,15.09,15.11,158061
2022-09-14,14.77,15.05,14.73,14.8,117489
2022-09-15,14.98,15.02,14.43,14.61,121648
2022-09-16,14.61,14.63,13.91,13.91,194146
2022-09-19,13.96,14.01,13.69,13.74,144891
2022-09-20,13.88,14.01,13.84,13.92,99129
2022-09-21,13.84,14.22,13.68,14.09,101309
2022-09-22,13.95,14.3,13.91,14.16,92445
2022-09-23,14.15,14.26,13.87,13.98,79641
2022-09-26,13.75,13.77,13.21,13.24,169086
2022-09-27,13.28,13.35,12.98,13.3,115376
2022-09-28,13.12,13.2,12.87,12.87,104680
2022-09-29,13.04,13.12,12.84,12.93,93726
2022-09-30,13.02,13.18,12.9,13.05,77340
2022-10-10,13.11,13.29,12.91,12.97,98957
2022-10-11,13.07,13.13,12.85,13.1,68617
2022-10-12,13.44,13.86,13.12,13.65,231081
2022-10-13,13.42,13.55,13.3,13.42,108873
2022-10-14,13.45,13.68,13.45,13.65,118066
2022-10-17,13.53,13.62,13.41,13.58,104777
2022-10-18,13.63,13.68,13.44,13.5,81372
2022-10-19,13.46,13.54,13.25,13.26,73447
2022-10-20,13.23,13.38,13.08,13.28,69519
2022-10-21,13.37,13.49,13.26,13.32,75186
2022-10-24,13.5,13.65,13.16,13.28,109537
2022-10-25,13.19,13.41,12.9,13.23,76140
2022-10-26,13.25,13.46,13.16,13.41,80551
2022-10-27,13.57,13.75,13.54,13.62,143055
2022-10-28,13.43,13.45,13.11,13.21,129750
2022-10-31,13.14,13.4,13.01,13.21,99874
2022-11-01,13.27,13.56,13.17,13.55,118338
2022-11-02,13.53,13.91,13.48,13.79,155484
2022-11-03,13.62,13.87,13.57,13.75,103222
2022-11-04,13.76,14.15,13.72,14.1,161256
2022-11-07,14.76,15.06,14.64,14.84,399935
2022-11-08,14.76,14.95,14.61,14.8,213523
2022-11-09,15.11,15.15,14.75,14.83,197164
2022-11-10,14.69,14.95,14.55,14.83,145641
2022-11-11,15.43,15.62,15.21,15.5,374364
2022-11-14,15.53,15.65,14.99,15.08,251864
2022-11-15,14.97,15.28,14.77,15.21,159774
2022-11-16,15.1,15.41,15.03,15.24,144647
2022-11-17,15.1,15.22,14.89,15.05,103202
2022-11-18,15.01,15.01,14.83,14.83,90815
2022-11-21,14.72,14.72,14.39,14.64,84769
2022-11-22,14.59,14.92,14.52,14.58,115580
2022-11-23,14.72,14.97,14.65,14.72,117514
2022-11-24,14.81,14.94,14.7,14.75,72502
2022-11-25,14.72,15.07,14.7,15.0,109348
2022-11-28,14.61,14.9,14.36,14.87,123904
2022-11-29,14.91,15.17,14.88,15.15,124861
2022-11-30,15.11,15.38,15.06,15.19,134485
2022-12-01,15.61,15.67,15.25,15.32,144676
2022-12-02,15.32,15.38,15.01,15.12,94358
2022-12-05,15.26,15.81,15.22,15.72,239287
2022-12-06,15.55,15.69,15.41,15.57,152283
2022-12-07,15.46,15.55,15.22,15.31,117570
2022-12-08,15.38,15.46,15.26,15.37,83621
2022-12-09,15.38,15.9,15.38,15.89,250273
2022-12-12,15.66,15.68,15.12,15.17,210983
2022-12-13,15.11,15.55,15.11,15.37,126157
2022-12-14,15.43,15.69,15.43,15.48,100943
2022-12-15,15.37,15.43,15.16,15.27,83613
2022-12-16,15.11,15.29,15.06,15.28,90102
2022-12-19,15.32,15.45,14.77,14.85,103478
2022-12-20,14.92,15.03,14.71,14.78,67888
2022-12-21,14.91,15.02,14.76,14.85,61031
2022-12-22,14.93,15.04,14.52,14.62,72413
2022-12-23,14.42,14.66,14.41,14.6,45272
2022-12-26,14.6,14.66,14.44,14.58,49164
2022-12-27,14.63,15.27,14.61,15.16,106785
2022-12-28,15.02,15.64,14.97,15.45,206096
2022-12-29,15.34,15.45,15.17,15.27,83421
2022-12-30,15.31,15.41,15.17,15.24,68885
2023-01-03,15.18,15.34,14.78,15.31,101359
2023-01-04,15.09,15.24,14.98,15.03,77552
2023-01-05,15.1,15.14,14.91,15.03,86227
2023-01-06,15.07,15.28,15.06,15.15,82814
2023-01-09,15.43,16.2,15.38,16.09,346515
2023-01-10,16.12,16.31,15.96,16.16,198623
2023-01-11,16.4,16.53,16.24,16.37,222563
2023-01-12,16.57,16.76,16.26,16.3,162185
2023-01-13,16.39,16.6,16.18,16.33,124338
2023-01-16,16.39,16.44,16.09,16.25,157012
2023-01-17,16.3,16.31,16.06,16.17,112904
2023-01-18,16.49,17.01,16.34,16.85,272134
2023-01-19,16.69,17.23,16.68,17.09,222580
2023-01-20,17.1,17.56,17.1,17.41,204314
2023-01-30,17.66,17.69,17.12,17.21,226036
2023-01-31,17.07,17.47,17.04,17.25,146082
2023-02-01,17.32,17.8,17.3,17.52,232084
2023-02-02,17.44,17.47,17.08,17.28,233670
2023-02-03,17.18,17.21,16.8,17.04,178519
2023-02-06,16.74,16.91,16.61,16.85,122678
2023-02-07,16.95,17.09,16.8,16.99,93210
2023-02-08,17.1,17.11,16.74,16.8,82859
2023-02-09,16.71,16.91,16.64,16.9,90386
2023-02-10,16.83,16.86,16.57,16.64,97972
2023-02-13,16.63,16.86,16.54,16.83,95452
2023-02-14,16.94,17.94,16.94,17.32,347874
2023-02-15,17.32,18.49,17.27,17.85,469410
2023-02-16,17.67,17.69,17.01,17.23,283251
2023-02-17,17.36,17.8,17.26,17.28,214268
2023-02-20,17.35,17.78,17.35,17.76,246805
2023-02-21,17.92,18.2,17.7,17.95,256291
2023-02-22,17.83,18.06,17.69,17.76,166329
2023-02-23,17.74,17.85,17.58,17.76,120241
2023-02-24,17.53,17.68,17.39,17.5,119380
2023-02-27,17.28,17.58,17.18,17.38,108049
2023-02-28,17.38,17.58,17.13,17.43,114121
2023-03-01,17.56,17.91,17.39,17.91,187802
2023-03-02,17.87,18.09,17.73,17.91,160501
2023-03-03,18.05,18.05,17.64,17.88,101373
2023-03-06,17.94,17.99,17.64,17.77,100811
2023-03-07,17.79,18.13,17.61,17.63,169120
2023-03-08,17.4,17.4,17.01,17.22,154823
2023-03-09,17.35,17.5,17.11,17.41,97792
2023-03-10,17.16,17.28,16.91,16.92,102151
2023-03-13,16.91,17.23,16.87,17.16,102240
2023-03-14,17.16,17.61,16.98,17.13,148895
2023-03-15,17.17,17.31,16.94,17.14,100986
2023-03-16,16.7,16.74,16.15,16.24,221392
2023-03-17,16.36,16.65,16.34,16.53,150231
2023-03-20,16.66,16.99,16.62,16.69,130396
2023-03-21,16.81,16.98,16.7,16.96,84872
2023-03-22,17.0,17.08,16.65,16.78,93614
2023-03-23,16.87,17.17,16.66,17.05,114262
2023-03-24,17.13,17.23,16.95,17.12,96976
2023-03-27,17.14,17.34,16.79,17.24,146007
2023-03-28,17.32,17.8,17.27,17.46,130968
2023-03-29,17.63,17.64,17.16,17.35,121089
2023-03-30,17.41,17.56,17.16,17.56,99464
2023-03-31,17.61,17.69,17.46,17.6,106184
2023-04-03,17.54,17.69,17.35,17.5,123754
2023-04-04,17.47,17.64,17.15,17.56,127132
2023-04-06,17.57,17.81,17.51,17.7,118708
2023-04-07,17.72,17.81,17.53,17.6,78975
2023-04-10,17.5,17.83,17.32,17.55,99813
2023-04-11,17.51,18.05,17.39,18.05,191616
2023-04-12,18.06,19.1,18.06,18.83,359407
2023-04-13,18.94,19.38,18.6,18.79,266020
2023-04-14,19.16,19.31,18.91,19.12,184277
2023-04-17,18.91,19.38,18.82,19.31,181372
2023-04-18,19.26,19.39,19.0,19.11,143631
2023-04-19,19.27,19.58,19.06,19.16,185931
2023-04-20,19.01,19.19,18.71,18.99,166391
2023-04-21,18.99,19.19,18.61,18.69,156676
2023-04-24,18.67,18.89,18.16,18.29,137502
2023-04-25,18.55,18.64,17.81,18.19,133958
2023-04-26,17.89,18.23,17.55,17.94,141843
2023-04-27,17.81,18.04,17.61,17.91,103659
2023-04-28,17.91,18.34,17.86,18.22,118710
2023-05-04,18.11,18.56,18.06,18.47,149034
2023-05-05,18.42,18.52,17.71,17.96,156914
2023-05-08,17.96,18.74,17.96,18.62,176136
2023-05-09,18.62,18.95,18.32,18.35,166174
2023-05-10,18.31,18.47,18.03,18.11,106543
2023-05-11,18.01,18.03,17.63,17.63,133148
2023-05-12,17.23,17.24,16.64,16.77,188693
2023-05-15,16.77,16.99,16.59,16.98,131139
2023-05-16,16.99,17.18,16.91,16.96,86223
2023-05-17,16.84,17.05,16.73,17.01,87580
2023-05-18,17.36,17.37,16.93,17.01,88747
2023-05-19,16.87,17.15,16.75,16.96,61744
2023-05-22,16.91,17.04,16.83,16.88,53990
2023-05-23,16.83,16.91,16.51,16.51,64559
2023-05-24,16.5,16.59,16.28,16.29,65727
2023-05-25,16.21,16.33,15.94,16.13,74829
2023-05-26,16.13,16.46,15.97,16.32,60120
2023-05-29,16.4,16.45,16.2,16.33,70184
2023-05-30,16.32,16.47,16.09,16.3,64673
2023-05-31,16.28,16.4,16.14,16.31,55924
2023-06-01,16.33,16.49,16.18,16.31,92845
2023-06-02,16.41,16.79,16.41,16.78,108878
2023-06-05,16.69,16.9,16.51,16.78,87778
2023-06-06,16.81,17.03,16.59,16.66,74941
2023-06-07,16.65,16.77,16.54,16.61,53806
2023-06-08,16.61,16.84,16.51,16.78,52926
2023-06-09,16.81,16.94,16.73,16.8,52926
2023-06-12,16.73,16.89,16.68,16.79,53517
2023-06-13,16.76,16.83,16.52,16.7,60981
2023-06-14,16.81,17.04,16.78,16.87,70987
2023-06-15,16.87,16.95,16.71,16.93,73707
2023-06-16,16.93,17.18,16.88,17.12,117689
2023-06-19,17.12,17.12,16.72,16.86,89394
2023-06-20,16.87,16.88,16.63,16.66,61511
2023-06-21,16.71,16.8,16.45,16.45,73074
2023-06-26,16.24,16.55,16.04,16.32,87285
2023-06-27,16.36,16.73,16.32,16.65,71520
2023-06-28,16.66,16.75,16.44,16.71,76122
2023-06-29,16.58,16.71,16.47,16.56,66249
2023-06-30,16.51,16.81,16.51,16.79,81910
2023-07-03,16.92,17.13,16.86,17.0,134484
2023-07-04,17.09,17.18,16.93,17.04,91641
2023-07-05,17.01,17.36,16.95,17.23,127351
2023-07-06,17.21,17.24,16.91,16.94,95105
2023-07-07,16.82,17.1,16.66,17.0,98636
2023-07-10,16.98,17.21,16.97,17.04,79220
2023-07-11,17.04,17.15,16.86,17.06,66057
2023-07-12,16.97,17.11,16.93,16.95,60550
2023-07-13,17.29,17.7,17.29,17.55,171863
2023-07-14,17.81,18.05,17.62,17.69,154706
2023-07-17,17.56,17.58,17.23,17.33,94484
2023-07-18,17.33,17.42,17.22,17.36,63739
2023-07-19,17.33,17.48,17.3,17.48,82578
2023-07-20,17.41,17.53,17.29,17.29,85682
2023-07-21,17.4,17.49,17.25,17.36,79093
2023-07-24,17.32,17.4,17.22,17.23,60338
2023-07-25,17.43,17.76,17.41,17.68,134723
2023-07-26,17.75,17.94,17.65,17.77,96249
2023-07-27,17.81,18.11,17.8,17.86,131165
2023-07-28,17.75,18.12,17.62,18.09,120384
2023-07-31,18.25,18.61,18.25,18.3,160747
2023-08-01,18.56,18.86,18.36,18.51,162153
2023-08-02,18.56,18.66,18.4,18.51,137209
2023-08-03,18.32,18.39,18.14,18.33,111541
2023-08-04,18.56,18.62,18.32,18.33,89886
2023-08-07,18.33,18.45,18.2,18.35,96938
2023-08-08,18.28,18.48,18.15,18.39,96941
2023-08-09,18.25,18.28,18.06,18.17,81816
2023-08-10,18.17,18.27,18.13,18.21,51250
2023-08-11,18.22,18.26,17.76,17.77,83743
2023-08-14,17.66,17.76,17.41,17.71,73798
2023-08-15,17.71,17.81,17.41,17.58,68170
2023-08-16,17.43,17.55,17.31,17.39,62029
2023-08-17,17.33,17.42,17.13,17.39,83829
2023-08-18,17.42,17.51,17.1,17.11,77946
2023-08-21,17.14,17.38,16.99,16.99,69641
2023-08-22,17.01,17.29,16.99,17.21,77991
2023-08-23,17.39,17.39,17.04,17.08,81133
2023-08-24,17.12,17.49,17.12,17.25,91234
2023-08-25,17.13,17.24,16.99,17.08,76052
2023-08-28,17.8,17.95,17.22,17.31,176082
2023-08-29,17.22,17.4,17.08,17.31,136519
2023-08-30,17.32,17.64,17.28,17.34,116981
2023-08-31,17.34,17.54,17.15,17.21,103935
2023-09-01,17.31,17.81,17.28,17.73,189363
2023-09-04,17.81,18.72,17.74,18.59,288836
2023-09-05,18.41,18.69,18.32,18.65,159055
2023-09-06,18.65,18.71,18.38,18.43,87120
2023-09-07,18.57,18.6,18.17,18.23,90290
2023-09-08,18.18,18.28,17.93,17.97,54653
2023-09-11,18.0,18.46,17.98,18.28,98241
2023-09-12,18.41,18.44,18.14,18.18,81357
2023-09-13,18.18,18.35,18.03,18.17,71011
2023-09-14,18.12,18.53,18.12,18.5,120671
2023-09-15,18.54,18.87,18.49,18.6,171602
2023-09-18,18.4,18.54,18.25,18.4,108751
2023-09-19,18.47,18.59,18.26,18.44,93492
2023-09-20,18.5,18.51,18.27,18.33,65605
2023-09-21,18.27,18.37,18.11,18.14,70763
2023-09-22,18.16,18.22,17.86,18.06,98374
2023-09-25,18.05,18.19,17.92,17.96,67408
2023-09-26,17.92,18.03,17.83,17.87,60404
2023-09-27,17.92,17.95,17.69,17.72,69479
2023-09-28,17.73,17.8,17.49,17.57,95172
2023-10-09,17.41,17.41,17.01,17.16,170316
2023-10-10,17.16,17.27,17.01,17.05,101644
2023-10-11,17.05,17.11,16.81,16.87,132052
2023-10-12,16.93,17.15,16.93,17.15,105296
2023-10-13,16.96,16.99,16.82,16.88,76475
2023-10-16,16.92,17.0,16.78,16.87,72227
2023-10-17,16.85,16.89,16.67,16.8,67858
2023-10-18,16.8,16.82,16.4,16.4,107461
2023-10-19,16.37,16.46,16.26,16.29,81585
2023-10-20,16.24,16.37,16.11,16.16,74777
2023-10-23,16.14,16.2,15.64,15.79,85788
2023-10-24,15.86,15.98,15.72,15.97,94848
2023-10-25,16.22,16.42,16.19,16.36,116964
2023-10-26,16.16,16.35,16.08,16.32,61511
2023-10-27,16.24,16.57,16.22,16.5,72068
2023-10-30,16.53,16.76,16.51,16.68,84395
2023-10-31,16.68,16.73,16.53,16.66,60644
2023-11-01,16.66,16.69,16.39,16.45,88177
2023-11-02,16.53,16.57,16.31,16.32,63071
2023-11-03,16.35,16.46,16.3,16.4,88530
2023-11-06,16.45,16.6,16.42,16.59,144990
2023-11-07,16.55,16.55,16.07,16.26,146853
2023-11-08,16.19,16.19,15.96,16.01,125447
2023-11-09,15.97,16.13,15.94,16.08,79319
2023-11-10,16.02,16.03,15.87,15.89,93409
2023-11-13,15.94,16.02,15.81,16.01,101183
2023-11-14,16.09,16.09,15.97,16.02,84818
2023-11-15,16.14,16.4,16.14,16.35,160835
2023-11-16,16.31,16.31,16.09,16.15,98170
2023-11-17,16.1,16.2,15.99,16.2,73202
2023-11-20,16.21,16.25,16.05,16.24,79319
2023-11-21,16.47,16.54,16.26,16.3,158700
2023-11-22,16.23,16.28,16.09,16.11,75935
2023-11-23,16.12,16.24,15.99,16.22,63282
2023-11-24,16.2,16.25,16.1,16.16,51844
2023-11-27,16.16,16.19,15.93,16.08,66839
2023-11-28,16.02,16.13,15.92,16.09,73548
2023-11-29,16.29,16.35,16.07,16.11,121332
2023-11-30,16.06,16.11,15.93,16.02,71541
2023-12-01,16.06,16.08,15.76,15.96,119585
2023-12-04,16.19,16.45,16.15,16.23,197983
2023-12-05,15.99,16.06,15.68,15.71,155855
2023-12-06,15.7,15.8,15.46,15.7,103280
2023-12-07,15.71,15.76,15.53,15.67,81287
2023-12-08,15.7,15.76,15.53,15.57,77682
2023-12-11,15.5,15.54,15.19,15.5,113118
2023-12-12,15.48,15.58,15.31,15.58,63386
2023-12-13,15.58,15.58,15.28,15.29,71022
2023-12-14,15.46,15.54,15.21,15.22,70229
2023-12-15,15.36,15.52,15.31,15.41,84594
2023-12-18,15.31,15.42,15.21,15.28,72165
2023-12-19,15.2,15.28,15.12,15.23,56879
2023-12-20,15.29,15.43,15.26,15.28,83175
2023-12-21,15.21,15.37,15.06,15.36,81092
2023-12-22,15.37,15.61,15.25,15.52,129869
2023-12-25,15.47,15.56,15.37,15.53,72917
2023-12-26,15.46,15.61,15.41,15.52,67581
2023-12-27,15.47,15.84,15.43,15.83,121048
2023-12-28,15.88,16.12,15.86,16.09,171075
2023-12-29,15.99,16.19,15.96,16.17,124913
2024-01-02,16.19,16.52,16.09,16.39,177171
2024-01-03,16.26,16.45,16.23,16.38,125691
2024-01-04,16.36,16.53,16.32,16.44,125381
2024-01-05,16.41,16.58,16.23,16.28,148571
2024-01-08,16.28,16.56,16.21,16.31,186436
2024-01-09,16.25,16.81,16.06,16.71,254907
2024-01-10,16.68,16.8,16.44,16.45,168937
2024-01-11,16.45,16.54,16.33,16.44,136137
2024-01-12,16.35,16.62,16.35,16.42,88364
2024-01-15,16.33,16.54,16.32,16.46,100073
2024-01-16,16.46,16.52,16.16,16.48,125339
2024-01-17,16.47,16.47,16.0,16.02,89988
2024-01-18,15.97,16.02,15.34,15.87,177229
2024-01-19,15.73,15.99,15.71,15.79,79696
2024-01-22,15.67,15.85,15.13,15.22,127286
2024-01-23,15.21,15.46,14.81,15.31,126140
2024-01-24,15.44,15.81,15.17,15.81,126269
2024-01-25,15.89,16.45,15.75,16.45,197739
2024-01-26,16.45,16.79,16.39,16.7,184814
2024-01-29,16.8,16.89,16.46,16.61,128768
2024-01-30,16.48,16.81,16.45,16.51,118663
2024-01-31,16.56,16.63,16.16,16.31,141715
2024-02-01,16.06,16.76,15.99,16.35,174795
2024-02-02,16.35,16.51,15.48,15.94,186594
2024-02-05,15.79,16.26,15.23,15.8,194179
2024-02-06,15.66,16.56,15.61,16.43,221672
2024-02-07,16.41,16.62,16.19,16.62,258146
2024-02-08,16.55,16.71,16.32,16.57,282340
2024-02-19,16.64,17.16,16.44,17.14,332637
2024-02-20,17.09,17.4,16.96,17.17,234627
2024-02-21,17.15,17.63,17.12,17.36,266864
2024-02-22,17.39,17.98,17.27,17.92,270715
2024-02-23,17.91,18.65,17.88,18.34,312990
2024-02-26,18.26,18.44,17.8,17.82,266636
2024-02-27,17.71,18.04,17.64,17.95,191085
2024-02-28,17.86,18.04,17.67,17.67,227582
2024-02-29,17.69,17.93,17.65,17.9,183222
2024-03-01,17.77,18.09,17.74,18.02,173630
2024-03-04,18.08,18.29,17.87,18.03,165559
2024-03-05,18.03,18.31,17.82,17.96,175017
2024-03-06,17.96,18.31,17.96,18.15,213809
2024-03-07,18.31,19.39,18.3,18.88,484208
2024-03-08,19.01,19.31,18.76,19.21,343846
2024-03-11,19.11,19.32,18.76,19.0,268455
2024-03-12,18.96,18.99,18.38,18.46,268800
2024-03-13,18.46,18.64,18.21,18.59,232925
2024-03-14,19.51,20.3,19.4,19.5,612046
2024-03-15,19.61,21.19,19.31,21.06,757635
2024-03-18,21.3,21.6,20.84,21.32,678548
2024-03-19,21.11,22.1,21.06,21.2,484558
2024-03-20,20.91,21.51,20.62,21.08,418961
2024-03-21,21.42,21.59,20.97,21.17,402531
2024-03-22,20.91,21.09,20.23,20.51,393844
2024-03-25,20.59,21.31,20.51,20.82,364253
2024-03-26,20.79,20.89,20.32,20.7,225954
2024-03-27,20.58,20.83,20.37,20.43,218383
2024-03-28,20.42,20.94,20.14,20.81,319890
2024-03-29,20.89,21.7,20.8,21.59,446233
2024-04-01,21.93,22.7,21.56,21.86,546112
2024-04-02,21.74,22.54,21.7,22.35,481840
2024-04-03,22.56,23.68,21.98,23.63,723413
2024-04-08,23.66,25.81,23.56,23.91,994848
2024-04-09,23.85,24.27,23.29,23.8,547130
2024-04-10,23.98,25.1,23.86,24.71,676658
2024-04-11,23.95,24.62,23.21,23.88,540382
2024-04-12,24.19,24.31,23.6,24.21,498488
2024-04-15,23.61,24.86,23.11,24.78,528534
2024-04-16,24.47,24.78,23.48,23.56,495504
2024-04-17,23.41,24.36,23.39,24.34,438453
2024-04-18,24.11,25.78,23.95,25.73,641070
2024-04-19,25.73,26.51,24.96,25.49,628282
2024-04-22,25.91,26.46,24.56,24.6,554033
2024-04-23,23.41,23.97,22.91,22.96,668444
2024-04-24,23.03,23.61,22.92,23.61,385714
2024-04-25,23.31,23.94,23.04,23.94,318320
2024-04-26,24.03,25.05,23.96,24.89,473688
2024-04-29,24.31,24.57,23.61,24.34,536681
2024-04-30,24.73,25.04,24.21,24.44,402675
2024-05-06,23.86,24.43,23.53,24.35,357894
2024-05-07,24.49,24.68,24.01,24.06,322207
2024-05-08,23.78,24.15,23.5,23.76,236655
2024-05-09,23.81,24.44,23.71,24.27,250923
2024-05-10,24.56,25.18,24.19,25.09,409469
2024-05-13,24.66,25.12,24.32,25.04,309328
2024-05-14,25.4,25.81,24.98,25.6,397415
2024-05-15,25.29,25.56,24.87,25.16,285545
2024-05-16,25.46,25.73,24.52,24.64,323675
2024-05-17,24.64,25.11,24.16,25.06,265592
2024-05-20,26.16,26.87,25.68,26.63,651905
2024-05-21,26.66,26.76,25.35,25.61,422422
2024-05-22,25.4,25.68,24.94,25.11,261955
2024-05-23,23.79,24.21,23.59,23.83,350186
2024-05-24,23.61,24.31,23.57,23.98,247686
2024-05-27,23.99,24.56,23.98,24.4,191008
2024-05-28,24.7,25.1,24.4,24.45,289953
2024-05-29,24.47,25.18,24.22,24.98,244964
2024-05-30,24.78,24.94,23.78,23.84,306859
2024-05-31,23.79,24.03,23.52,23.8,217039
2024-06-03,23.62,23.94,23.2,23.48,208508
2024-06-04,23.48,23.88,23.35,23.61,177659
2024-06-05,23.06,23.27,22.61,22.95,223443
2024-06-06,23.24,23.5,23.06,23.16,188221
2024-06-07,23.5,23.53,22.94,23.2,163900
2024-06-11,22.71,22.89,22.51,22.79,214164
2024-06-12,22.77,23.19,22.68,23.05,143812
2024-06-13,22.96,23.11,22.41,22.71,159493
2024-06-14,22.49,22.78,22.43,22.66,165611
2024-06-17,22.61,22.83,22.09,22.12,182962
2024-06-18,22.16,22.65,22.09,22.51,172464
2024-06-19,22.58,22.93,22.51,22.64,144956
2024-06-20,22.74,23.01,22.39,22.59,161965
2024-06-21,22.69,22.9,22.33,22.47,141578
2024-06-24,22.09,22.29,21.91,22.04,138795
2024-06-25,22.09,22.67,22.0,22.35,152174
2024-06-26,22.23,22.29,21.81,22.26,143897
2024-06-27,22.09,22.11,21.56,21.57,147459
2024-06-28,21.57,22.22,21.57,21.99,176635
2024-07-01,22.0,22.55,21.99,22.49,127860
2024-07-02,22.49,22.56,21.98,22.13,149510
2024-07-03,22.18,22.33,21.97,22.16,115534
2024-07-04,22.45,22.63,21.84,21.84,196819
2024-07-05,21.91,22.67,21.83,22.62,207870
2024-07-08,22.71,23.06,22.39,22.46,231899
2024-07-09,22.38,22.85,22.18,22.85,224537
2024-07-10,22.68,22.74,21.93,22.01,238048
2024-07-11,22.17,23.2,22.0,23.08,315427
2024-07-12,22.97,23.03,22.04,22.23,323345
2024-07-15,22.23,22.71,21.87,22.43,206491
2024-07-16,22.23,22.5,22.04,22.47,195531
2024-07-17,22.37,22.48,21.4,21.57,286083
2024-07-18,21.22,21.53,20.91,21.47,213518
2024-07-19,20.81,21.09,20.38,21.0,201611
2024-07-22,20.81,20.99,20.32,20.69,185528
2024-07-23,20.67,20.8,19.82,19.84,196588
2024-07-24,19.93,20.17,19.72,19.84,170020
2024-07-25,19.52,19.65,19.26,19.42,156226
2024-07-26,19.62,20.12,19.55,19.9,143282
2024-07-29,19.96,20.17,19.74,19.93,93388
2024-07-30,19.8,19.8,19.48,19.6,106097
2024-07-31,19.87,20.39,19.73,20.36,178718
2024-08-01,20.63,20.76,20.19,20.27,160830
2024-08-02,19.81,19.88,19.59,19.69,138016
2024-08-05,19.3,19.75,19.16,19.17,166563
2024-08-06,19.39,19.44,18.82,19.14,186477
2024-08-07,18.99,19.34,18.93,19.09,109289
2024-08-08,18.82,19.15,18.71,19.02,92103
2024-08-09,19.19,19.47,19.15,19.16,124353
2024-08-12,19.08,19.28,19.0,19.18,68134
2024-08-13,19.33,19.37,19.03,19.22,83652
2024-08-14,19.18,19.27,18.94,18.94,69533
2024-08-15,18.94,19.34,18.89,19.24,93489
2024-08-16,19.45,19.6,19.23,19.39,113280
2024-08-19,19.35,19.96,19.3,19.66,149594
2024-08-20,19.67,19.79,19.21,19.32,89253
2024-08-21,19.24,19.56,19.17,19.4,80083
2024-08-22,19.41,19.5,18.92,18.99,102658
2024-08-23,18.91,19.15,18.79,19.05,82096
2024-08-26,19.31,19.45,19.15,19.39,120350
2024-08-27,19.33,19.33,19.03,19.23,106471
2024-08-28,19.16,19.48,18.73,18.85,154004
2024-08-29,18.71,19.23,18.55,19.13,183591
2024-08-30,19.16,19.56,18.86,19.25,229202
2024-09-02,19.08,19.14,18.55,18.69,214295
2024-09-03,18.59,18.94,18.58,18.77,111093
2024-09-04,18.42,18.42,18.03,18.12,195687
2024-09-05,18.12,18.34,17.75,17.97,170755
2024-09-06,18.02,18.18,17.89,17.89,82670
2024-09-09,17.71,17.75,17.46,17.66,133564
2024-09-10,17.73,17.84,17.28,17.54,113151
2024-09-11,17.39,17.52,17.32,17.51,89314
2024-09-12,17.6,17.73,17.35,17.53,122688
2024-09-13,17.69,17.84,17.49,17.5,161740
2024-09-18,17.57,17.93,17.49,17.85,161980
2024-09-19,17.91,18.52,17.64,18.48,247472
2024-09-20,18.43,18.86,18.33,18.77,263420
2024-09-23,18.71,19.04,18.66,18.8,178566
2024-09-24,18.97,19.64,18.82,19.6,280046
2024-09-25,20.16,20.63,19.88,19.88,360417
2024-09-26,19.89,20.66,19.83,20.66,284152
2024-09-27,21.31,21.55,20.95,21.52,240517
2024-09-30,22.56,23.54,22.14,23.32,686626
2024-10-08,25.7,25.71,22.87,23.86,824578
2024-10-09,23.03,23.03,21.57,21.58,530629
2024-10-10,21.41,22.79,21.41,22.2,363302
2024-10-11,22.36,22.44,21.61,21.85,216976
2024-10-14,21.87,22.36,21.79,22.13,235414
2024-10-15,21.92,22.06,21.41,21.42,240233
2024-10-16,21.25,21.56,21.08,21.35,164071
2024-10-17,21.49,21.71,21.01,21.06,156645
2024-10-18,21.06,21.86,20.96,21.51,253609
2024-10-21,21.59,22.26,21.59,21.94,344500
2024-10-22,21.58,21.99,21.55,21.96,214512
2024-10-23,21.97,22.11,21.76,21.88,236382
2024-10-24,21.72,21.81,21.46,21.74,157830
2024-10-25,21.62,22.01,21.62,21.82,179723
2024-10-28,21.82,22.18,21.73,22.17,246171
2024-10-29,22.19,22.19,21.55,21.58,259540
2024-10-30,21.29,21.4,20.72,20.86,330839
2024-10-31,20.85,20.9,20.55,20.67,275554
2024-11-01,20.63,22.17,20.54,21.69,608423
2024-11-04,21.76,21.81,21.2,21.8,316440
2024-11-05,21.69,22.3,21.61,22.29,485909
2024-11-06,22.29,22.66,21.94,22.04,423273
2024-11-07,21.66,22.21,21.13,22.21,392069
2024-11-08,22.67,22.87,21.95,22.08,453975
2024-11-11,21.82,21.97,21.52,21.97,313509
2024-11-12,21.79,22.21,21.42,21.5,333201
2024-11-13,21.42,21.81,21.36,21.51,190751
2024-11-14,21.46,21.57,20.91,20.92,247547
2024-11-15,21.01,21.21,20.71,20.71,166642
2024-11-18,20.71,21.19,20.59,20.66,233073
2024-11-19,20.84,21.02,20.5,20.91,152382
2024-11-20,20.91,21.01,20.71,20.94,148280
2024-11-21,20.91,21.05,20.76,20.95,126412
2024-11-22,20.95,21.05,20.13,20.13,214954
2024-11-25,20.16,20.47,19.87,20.06,126345
2024-11-26,19.96,20.15,19.91,19.93,85388
2024-11-27,19.93,20.11,19.58,20.11,123139
2024-11-28,20.11,20.11,19.76,19.77,117551
2024-11-29,19.76,20.06,19.71,19.96,137917
2024-12-02,19.98,20.3,19.94,20.25,146785
2024-12-03,20.25,20.34,20.08,20.31,120690
2024-12-04,20.41,20.44,20.2,20.3,130931
2024-12-05,20.21,20.22,20.0,20.08,121371
2024-12-06,20.09,20.38,20.05,20.35,129506
2024-12-09,20.28,20.54,20.16,20.26,157288
2024-12-10,20.89,20.94,20.3,20.34,251378
2024-12-11,20.31,20.88,20.29,20.65,230006
2024-12-12,20.66,20.84,20.56,20.83,151075
2024-12-13,20.66,20.69,20.15,20.17,221895
2024-12-16,20.19,20.23,19.84,19.88,139014
2024-12-17,19.83,20.12,19.83,19.91,110791
2024-12-18,19.94,20.06,19.76,19.79,111157
2024-12-19,19.62,19.79,19.44,19.77,97097
2024-12-20,19.76,19.84,19.44,19.49,165199
2024-12-23,19.55,19.86,19.51,19.7,143593
2024-12-24,19.56,19.88,19.54,19.87,104294
2024-12-25,19.88,19.96,19.74,19.89,93343
2024-12-26,19.92,20.01,19.82,19.87,84766
2024-12-27,19.88,20.03,19.78,19.86,114033
2024-12-30,19.82,20.1,19.81,20.05,132044
2024-12-31,19.99,20.06,19.42,19.55,133968
2025-01-02,19.52,19.66,19.01,19.15,147336
2025-01-03,19.15,19.9,19.14,19.36,238124
2025-01-06,19.46,19.91,19.27,19.61,173228
2025-01-07,19.71,19.95,19.41,19.81,136163
2025-01-08,19.71,19.76,19.13,19.41,157115
2025-01-09,19.36,19.63,19.27,19.52,93520
2025-01-10,19.57,19.79,19.28,19.38,130717
2025-01-13,19.26,19.88,19.18,19.77,178264
2025-01-14,19.67,20.02,19.56,19.99,252050
2025-01-15,19.89,19.94,19.68,19.76,155384
2025-01-16,19.96,20.39,19.92,20.37,323383
2025-01-17,20.26,20.34,20.09,20.26,177483
2025-01-20,20.25,20.25,19.87,19.91,216794
2025-01-21,20.0,20.09,19.68,19.9,123107
2025-01-22,19.95,19.95,19.67,19.81,90254
2025-01-23,19.91,20.09,19.64,19.66,150319
2025-01-24,19.67,20.03,19.64,20.03,170350
2025-01-27,20.05,20.27,19.99,20.01,150919
2025-02-05,20.03,20.09,19.77,19.92,143245
2025-02-06,20.05,20.21,19.9,20.21,175665
2025-02-07,20.17,20.68,20.09,20.59,317483
2025-02-10,20.71,20.95,20.56,20.68,221626
2025-02-11,20.72,21.21,20.71,20.88,361807
2025-02-12,20.9,20.9,20.36,20.54,283369
2025-02-13,20.62,20.75,20.46,20.5,149213
2025-02-14,20.56,20.78,20.46,20.66,174081
2025-02-17,20.45,20.45,20.13,20.21,209457
2025-02-18,20.21,20.26,19.89,19.94,145111
2025-02-19,20.02,20.05,19.85,20.01,142134
2025-02-20,19.95,20.0,19.77,19.98,120899
2025-02-21,20.0,20.15,19.84,19.91,165764
2025-02-24,19.84,19.98,19.71,19.89,132999
2025-02-25,19.78,19.86,19.62,19.63,129186
2025-02-26,19.79,20.31,19.78,20.14,276672
2025-02-27,20.14,20.19,19.72,19.94,187008
2025-02-28,19.83,19.92,19.63,19.63,146112
2025-03-03,19.69,20.03,19.68,19.81,159447
2025-03-04,19.77,19.89,19.63,19.84,96538
2025-03-05,19.79,19.99,19.66,19.98,126174
2025-03-06,20.28,20.48,20.2,20.31,354292
2025-03-07,20.36,20.86,20.35,20.62,382544
2025-03-10,20.66,20.89,20.51,20.79,263700
2025-03-11,20.53,20.71,20.39,20.71,180248
2025-03-12,20.92,20.99,20.68,20.84,221475
2025-03-13,20.91,21.15,20.74,20.91,255299
2025-03-14,21.29,21.45,21.02,21.19,428159
2025-03-17,21.21,21.39,20.93,20.97,263910
2025-03-18,21.07,21.56,21.0,21.25,335077
2025-03-19,21.26,21.39,21.04,21.2,182163
2025-03-20,21.5,21.7,21.25,21.33,322256
2025-03-21,21.21,21.49,20.86,20.93,306098
2025-03-24,21.04,22.5,20.94,22.23,757289
2025-03-25,22.4,23.28,22.23,22.92,882235
2025-03-26,23.36,24.24,22.94,23.01,1103109
2025-03-27,22.21,22.75,22.14,22.28,546770
2025-03-28,22.36,22.68,22.13,22.39,434741
2025-03-31,22.11,22.38,21.72,21.95,374111
2025-04-01,22.07,22.25,21.85,22.12,268107
2025-04-02,21.91,22.1,21.69,21.77,220520
2025-04-03,21.42,21.58,21.21,21.25,289391
2025-04-07,19.02,19.4,19.02,19.02,419923
2025-04-08,18.93,18.93,18.22,18.71,463259
2025-04-09,18.33,18.95,17.92,18.95,361508
2025-04-10,19.4,19.73,19.11,19.65,414035
2025-04-11,19.61,19.74,19.44,19.62,268595
2025-04-14,19.9,20.54,19.86,20.19,358675
2025-04-15,20.24,20.24,19.82,20.02,179971
2025-04-16,20.25,20.27,19.53,19.84,216436
2025-04-17,20.17,20.18,19.83,19.94,227331
2025-04-18,19.87,20.04,19.81,20.01,120878
2025-04-21,20.01,20.79,19.95,20.77,319071
2025-04-22,20.78,21.3,20.62,21.11,323457
2025-04-23,21.11,21.17,20.72,20.78,221671
2025-04-24,20.72,20.87,20.42,20.55,144677
2025-04-25,20.71,20.8,20.46,20.51,149119
2025-04-28,20.43,20.52,20.21,20.44,114459
2025-04-29,20.5,20.53,20.31,20.33,110283
2025-04-30,20.33,20.45,20.17,20.19,135105
2025-05-06,20.31,20.7,20.29,20.7,159441
2025-05-07,20.93,20.96,20.52,20.71,144923
2025-05-08,20.51,20.69,20.41,20.59,116101
2025-05-09,20.59,20.61,20.36,20.44,95574
2025-05-12,20.53,20.84,20.53,20.83,152670
2025-05-13,20.89,20.93,20.68,20.79,109881
2025-05-14,20.88,21.09,20.8,21.08,184238
2025-05-15,20.93,20.95,20.67,20.7,126444
2025-05-16,20.71,20.84,20.49,20.63,126320
2025-05-19,20.53,20.57,20.44,20.51,88478
2025-05-20,20.52,20.6,20.48,20.51,80196
2025-05-21,20.59,20.89,20.54,20.88,164557
2025-05-22,20.76,20.8,20.61,20.63,98103
2025-05-23,20.62,20.86,20.57,20.57,115691
2025-05-26,20.74,20.91,20.62,20.75,148761
2025-05-27,20.71,20.75,20.14,20.19,174147
2025-05-28,20.21,20.37,20.21,20.25,66994
2025-05-29,20.21,20.39,20.09,20.35,91269
2025-05-30,20.27,20.31,20.09,20.16,83916
2025-06-03,20.23,20.51,20.23,20.36,123016
2025-06-04,20.38,21.04,20.38,20.96,292751
2025-06-05,20.96,21.06,20.73,20.77,139583
2025-06-06,20.95,21.25,20.95,21.18,219945
2025-06-09,21.11,21.14,20.88,21.05,164197
2025-06-10,21.16,21.2,20.86,20.99,148140
2025-06-11,20.99,21.35,20.99,21.21,159724
2025-06-12,21.21,21.39,21.01,21.36,128775
2025-06-13,21.27,21.53,21.16,21.23,176584
2025-06-16,21.23,21.38,21.08,21.14,138887
2025-06-17,21.12,21.25,21.06,21.1,85310
2025-06-18,21.12,21.15,20.81,21.04,106438
2025-06-19,20.94,21.03,20.46,20.54,133416
2025-06-20,20.54,20.65,20.45,20.5,91009
2025-06-23,20.46,20.63,20.44,20.56,81149
2025-06-24,20.66,20.95,20.57,20.83,141784
2025-06-25,20.89,21.04,20.8,21.04,139886
2025-06-26,21.08,21.3,21.04,21.12,179385
2025-06-27,21.54,22.66,21.52,22.48,613383
2025-06-30,22.91,22.95,22.0,22.34,434313
2025-07-01,22.22,22.7,21.86,22.7,399056
2025-07-02,22.43,23.27,22.37,22.7,618658
2025-07-03,22.8,23.0,22.54,22.74,363037
2025-07-04,22.57,22.57,22.22,22.39,312766
2025-07-07,22.26,22.41,22.14,22.18,185375
2025-07-08,22.23,22.47,22.23,22.32,180882
2025-07-09,22.74,22.77,21.77,21.82,523719
2025-07-10,21.81,22.05,21.76,21.97,255619
2025-07-11,22.01,22.84,21.96,22.39,538354
2025-07-14,22.51,22.84,22.48,22.51,333872
2025-07-15,22.37,22.67,22.21,22.32,233235
2025-07-16,22.32,22.4,22.01,22.12,159241
2025-07-17,22.11,22.18,21.98,22.08,174002
2025-07-18,22.15,22.54,22.15,22.48,272417
2025-07-21,22.61,23.38,22.59,23.31,525095
2025-07-22,23.33,23.7,23.1,23.69,522197
2025-07-23,23.69,23.71,23.33,23.44,381875
2025-07-24,23.48,24.09,23.39,23.98,437634
2025-07-25,23.82,23.96,23.52,23.56,292669
2025-07-28,23.34,23.51,23.11,23.49,246392
2025-07-29,23.35,23.47,23.09,23.25,227597
2025-07-30,23.26,23.45,22.88,23.05,232150
2025-07-31,22.6,22.6,22.0,22.08,486305
2025-08-01,22.05,22.31,21.95,22.16,210726
2025-08-04,22.09,22.32,22.04,22.31,198686
2025-08-05,22.38,22.62,22.29,22.53,220438
2025-08-06,22.4,23.33,22.36,23.12,430895
2025-08-07,23.12,23.25,22.74,23.06,269549
2025-08-08,23.04,23.56,22.94,23.43,343276
2025-08-11,23.58,23.83,23.32,23.62,317646
2025-08-12,23.61,23.7,23.42,23.63,215752
2025-08-13,23.88,24.86,23.85,24.51,548706
2025-08-14,24.49,24.95,24.31,24.32,405298
2025-08-15,24.27,25.27,24.27,24.94,425191
2025-08-18,24.97,24.97,24.34,24.48,480727
2025-08-19,24.42,24.55,23.99,24.11,345837
2025-08-20,24.09,24.53,24.05,24.42,267709
2025-08-21,24.45,24.68,24.16,24.24,223338
2025-08-22,24.2,24.36,24.01,24.32,244671
2025-08-25,24.76,26.79,24.76,26.57,935876
2025-08-26,26.5,26.71,26.23,26.43,523271
2025-08-27,26.41,26.52,25.68,25.69,441268
2025-08-28,25.31,25.82,25.0,25.68,413036
2025-08-29,26.09,28.01,26.04,27.5,811376
2025-09-01,28.05,28.77,27.19,28.56,977491
2025-09-02,28.78,29.54,28.18,28.6,885580
2025-09-03,29.5,30.4,28.88,29.3,986778
2025-09-04,29.32,30.26,27.7,28.21,822793
2025-09-05,28.05,29.06,28.05,28.99,619338
2025-09-08,29.29,29.3,27.96,28.13,563437
2025-09-09,28.0,28.9,27.99,28.26,582406
2025-09-10,27.6,28.37,27.37,28.2,450585
2025-09-11,28.3,28.73,28.13,28.6,453855
2025-09-12,29.08,31.25,29.08,30.57,909377
2025-09-15,30.15,30.57,29.77,29.88,589168
2025-09-16,30.5,30.76,28.75,29.66,679499
2025-09-17,29.33,31.01,29.03,30.66,727006
2025-09-18,29.65,29.65,28.32,28.67,792006
2025-09-19,28.28,28.95,28.1,28.6,394817
2025-09-22,29.06,29.1,27.8,28.25,409901
2025-09-23,28.19,28.72,27.64,28.04,365068
2025-09-24,27.75,28.25,27.57,28.12,302897
2025-09-25,30.47,30.49,29.38,29.86,1013714
2025-09-26,30.35,32.5,30.31,30.9,852110
2025-09-29,31.57,31.98,30.77,31.86,734324
2025-09-30,32.6,35.09,32.38,35.09,1037091
2025-10-09,38.63,38.64,37.95,38.64,354222
2025-10-10,39.6,42.54,39.2,41.7,1804480
2025-10-13,38.37,41.4,38.26,41.0,1545194
2025-10-14,41.6,42.83,38.05,38.18,1386754
2025-10-15,38.18,39.46,36.32,39.29,799817
2025-10-16,38.9,39.26,37.72,38.06,609059
2025-10-17,38.4,38.87,36.6,36.92,681954
2025-10-20,36.91,37.78,36.51,36.81,585070
2025-10-21,37.12,37.9,36.88,37.32,531129
2025-10-22,35.6,36.98,35.31,36.72,454769
2025-10-23,36.38,36.81,35.6,36.73,388420
2025-10-24,37.47,38.69,37.1,38.69,811942
2025-10-27,39.9,41.57,39.28,41.13,968302
2025-10-28,40.6,40.61,38.65,38.79,820748
2025-10-29,39.25,42.71,39.25,42.54,1029641
2025-10-30,41.6,44.75,41.5,42.95,1222189
2025-10-31,42.48,42.9,40.65,40.69,755746
2025-11-03,40.0,40.43,38.29,39.51,633643
2025-11-04,39.05,39.43,37.93,38.2,467643
2025-11-05,36.67,39.06,36.67,38.77,513750
2025-11-06,38.79,39.98,38.6,39.55,617776
2025-11-07,38.88,39.83,38.48,39.47,452743
2025-11-10,39.9,40.56,39.2,39.85,526068
2025-11-11,40.27,40.55,38.7,38.87,477743
2025-11-12,38.58,39.42,38.15,38.62,340189
2025-11-13,38.95,40.48,38.49,40.07,642218
2025-11-14,39.15,39.7,38.4,38.74,392920
2025-11-17,38.36,38.49,37.15,37.43,437922
2025-11-18,36.9,37.17,36.2,36.56,368420
2025-11-19,36.71,37.4,36.5,37.0,322371
2025-11-20,37.34,37.7,36.66,36.72,257200
2025-11-21,35.7,35.98,35.1,35.27,359338
2025-11-24,35.54,35.85,34.99,35.5,230120
2025-11-25,35.93,36.9,35.78,36.46,297288
2025-11-26,36.55,37.15,36.21,36.71,257091
2025-11-27,37.41,37.71,36.81,36.88,294549
2025-11-28,36.86,37.58,36.76,37.43,203019
2025-12-01,39.65,41.17,39.65,40.86,897515
2025-12-02,39.54,40.46,39.54,40.46,509686
2025-12-03,40.1,41.18,39.76,40.47,478388
2025-12-04,42.0,42.75,41.06,41.11,679405
2025-12-05,41.0,43.9,41.0,43.32,794338
2025-12-08,43.33,44.93,42.32,44.74,815408
2025-12-09,43.95,43.95,41.88,42.03,718089
2025-12-10,42.38,42.75,41.81,42.39,430776
2025-12-11,43.24,43.48,41.15,41.18,507626
2025-12-12,42.2,42.4,41.3,41.66,441117
2025-12-15,40.35,42.18,40.35,41.16,385758
2025-12-16,41.01,41.9,40.02,40.56,377135
2025-12-17,40.71,41.72,40.38,41.37,389542
2025-12-18,41.08,42.13,40.7,41.01,326746
2025-12-19,41.01,42.1,40.47,41.85,373231
2025-12-22,42.03,42.87,42.02,42.58,459278
2025-12-23,42.57,42.96,41.7,42.08,461031
2025-12-24,42.9,43.38,42.26,43.1,454485
2025-12-25,42.3,44.55,41.61,43.92,596494
2025-12-26,44.54,48.31,44.54,48.31,1004235
2025-12-29,50.41,51.5,48.88,48.99,1360939
2025-12-30,46.85,51.3,46.42,50.25,930508
2025-12-31,50.25,55.28,50.24,54.92,1288452
