date,open,high,low,close,volume
2015-01-05,5.32,5.65,5.13,5.55,559281
2015-01-06,5.5,6.34,5.38,5.85,1027346
2015-01-07,5.75,5.85,5.61,5.76,400901
2015-01-08,5.76,5.8,5.51,5.62,388501
2015-01-09,5.63,5.91,5.62,5.67,424276
2015-01-12,5.7,5.96,5.67,5.89,424484
2015-01-13,5.89,6.07,5.83,6.05,440685
2015-01-14,6.05,6.05,5.8,5.86,286082
2015-01-15,5.86,5.92,5.76,5.83,216158
2015-01-16,5.91,6.31,5.9,6.11,531795
2015-01-19,5.9,6.4,5.72,5.78,555138
2015-01-20,5.76,6.09,5.76,6.03,384060
2015-01-21,6.12,6.37,6.0,6.29,616551
2015-01-22,6.29,6.32,6.12,6.24,434386
2015-01-23,6.23,6.42,6.14,6.38,660948
2015-01-26,6.39,6.43,6.25,6.38,581419
2015-01-27,6.37,6.37,6.04,6.15,504009
2015-01-28,6.14,6.25,6.05,6.12,333138
2015-01-29,6.07,6.39,5.99,6.38,603280
2015-01-30,6.42,6.42,6.14,6.16,378703
2015-02-02,6.08,6.1,5.82,5.87,426256
2015-02-03,5.96,6.04,5.85,6.01,238784
2015-02-04,6.02,6.13,5.91,5.91,225378
2015-02-05,6.05,6.05,5.64,5.65,442494
2015-02-06,5.68,5.79,5.53,5.54,206533
2015-02-09,5.57,5.7,5.56,5.59,152405
2015-02-10,5.65,5.73,5.6,5.68,156941
2015-02-11,5.69,5.75,5.65,5.68,181448
2015-02-12,5.7,5.81,5.64,5.72,202138
2015-02-13,5.73,5.98,5.73,5.83,343228
2015-02-16,5.91,5.99,5.85,5.96,275974
2015-02-17,6.04,6.12,5.91,5.97,364497
2015-02-25,5.98,6.11,5.93,5.98,293934
2015-02-26,5.98,6.4,5.96,6.33,670048
2015-02-27,6.3,6.52,6.28,6.32,527999
2015-03-02,6.37,6.37,6.2,6.27,509240
2015-03-03,6.29,6.42,6.14,6.15,521330
2015-03-04,6.15,6.37,6.14,6.33,423734
2015-03-05,6.33,6.34,6.13,6.2,369787
2015-03-06,6.23,6.53,6.22,6.41,686047
2015-03-09,6.34,6.48,6.18,6.45,426071
2015-03-10,6.42,6.77,6.38,6.57,653248
2015-03-11,6.52,6.58,6.34,6.41,443247
2015-03-12,6.48,6.61,6.32,6.55,489430
2015-03-13,6.55,6.56,6.41,6.43,340771
2015-03-16,6.45,6.76,6.44,6.66,647567
2015-03-17,6.66,6.94,6.61,6.78,801470
2015-03-18,6.82,7.0,6.79,6.96,760569
2015-03-19,6.96,7.03,6.84,6.93,577191
2015-03-20,7.04,7.46,6.97,7.41,966391
2015-03-23,7.56,7.65,7.25,7.46,950292
2015-03-24,7.5,7.5,7.04,7.36,837036
2015-03-25,7.37,7.37,7.01,7.14,739124
2015-03-26,7.14,7.32,7.03,7.28,651850
2015-03-27,7.28,8.32,7.22,8.32,1321767
2015-03-30,8.63,9.43,8.55,8.92,1902992
2015-03-31,8.92,9.32,8.63,8.88,1217570
2015-04-01,8.95,10.08,8.95,10.08,805172
2015-04-02,10.65,11.18,10.31,10.57,1770354
2015-04-03,10.65,10.93,10.17,10.75,1165837
2015-04-07,10.68,10.93,10.27,10.42,1186469
2015-04-08,10.32,10.32,9.6,9.97,1205228
2015-04-09,9.7,10.53,9.69,10.26,1344437
2015-04-10,10.19,10.46,10.02,10.26,833142
2015-04-13,10.2,10.56,9.91,10.39,1014235
2015-04-14,10.34,10.83,10.2,10.43,1045078
2015-04-15,10.24,10.25,9.27,9.34,1122344
2015-04-16,9.14,9.87,9.12,9.52,801363
2015-04-17,9.62,9.91,9.55,9.68,865834
2015-04-20,9.71,10.41,9.33,9.84,1157314
2015-04-21,10.05,10.17,9.73,10.13,718174
2015-04-22,10.31,11.45,10.31,11.03,1458635
2015-04-23,11.06,11.45,10.61,10.85,1191080
2015-04-24,10.77,11.12,10.31,10.67,943836
2015-04-27,10.8,11.22,10.63,11.18,1261030
2015-04-28,11.19,11.23,10.12,10.3,1035564
2015-04-29,9.91,10.25,9.79,10.18,743350
2015-04-30,10.22,10.65,10.06,10.44,849266
2015-05-04,10.42,10.88,10.2,10.67,693730
2015-05-05,10.68,10.69,9.61,9.73,625271
2015-05-06,9.96,10.12,9.14,9.31,580439
2015-05-07,9.34,9.49,8.97,8.98,402825
2015-05-08,9.12,9.36,8.92,9.31,523309
2015-05-11,9.32,10.3,9.23,9.93,844612
2015-05-12,9.96,10.19,9.65,9.83,605231
2015-05-13,9.82,10.06,9.53,9.7,690129
2015-05-14,9.68,10.02,9.6,9.94,621875
2015-05-15,9.86,9.87,9.42,9.43,565185
2015-05-18,9.67,9.78,9.25,9.34,551275
2015-05-19,9.31,10.05,9.24,9.98,784724
2015-05-20,10.11,10.45,9.9,9.93,811641
2015-05-21,10.13,10.41,9.83,10.35,718833
2015-05-22,10.56,11.03,10.39,10.94,1053352
2015-05-25,10.93,12.08,10.83,11.78,1033831
2015-05-26,11.87,12.83,11.87,12.14,1096024
2015-05-27,12.29,12.3,11.47,11.77,901820
2015-05-28,11.63,12.51,10.77,11.09,1002889
2015-05-29,11.29,12.51,10.85,12.51,1221579
2015-06-01,13.02,13.84,12.71,13.69,1855127
2015-06-02,13.35,14.3,13.24,13.87,1241152
2015-06-03,13.99,14.33,12.95,13.92,1025812
2015-06-04,13.92,14.22,12.48,13.74,865144
2015-06-05,13.92,14.05,13.32,13.73,1041744
2015-06-08,13.99,14.02,13.0,13.25,789383
2015-06-09,13.28,13.93,13.18,13.52,692817
2015-06-10,13.75,14.51,13.51,13.83,997926
2015-06-11,13.69,13.69,13.17,13.37,661203
2015-06-12,13.36,13.86,13.31,13.59,725799
2015-06-15,13.6,14.04,13.43,13.57,759947
2015-06-16,13.24,13.24,11.9,11.99,815793
2015-06-17,11.99,12.3,11.21,12.14,725156
2015-06-18,12.0,12.43,11.15,11.36,793699
2015-06-19,11.21,11.55,10.34,10.52,636489
2015-06-23,10.54,10.79,9.51,10.76,571627
2015-06-24,10.86,11.82,10.85,11.42,787731
2015-06-25,11.5,11.7,10.45,10.71,552146
2015-06-26,10.28,10.51,9.34,9.34,759760
2015-06-29,9.78,9.9,8.1,8.11,918330
2015-06-30,8.12,9.13,7.0,8.95,988048
2015-07-01,8.71,9.35,7.77,7.87,693486
2015-07-02,7.97,8.31,6.78,6.78,874448
2015-07-03,6.58,7.07,5.81,5.81,1067299
2015-07-06,6.69,6.69,5.31,6.07,1398748
2015-07-07,5.7,6.12,5.16,5.16,1332055
2015-07-08,4.35,4.99,4.35,4.43,1981431
2015-07-09,4.6,5.18,4.51,5.18,928976
2015-07-10,5.63,6.0,5.24,6.0,882347
2015-07-13,6.52,6.9,6.41,6.9,1205118
2015-07-14,6.89,7.62,6.23,6.93,1197974
2015-07-15,6.64,6.75,5.94,6.28,819448
2015-07-16,6.28,6.7,5.66,6.49,627974
2015-07-17,6.66,7.19,6.49,7.04,677419
2015-07-20,7.04,7.32,6.67,6.95,729323
2015-07-21,6.78,7.95,6.54,7.79,1111255
2015-07-22,7.68,7.91,7.15,7.64,919544
2015-07-23,7.62,8.04,7.59,7.88,801625
2015-07-24,7.94,8.23,7.4,7.63,883123
2015-07-27,7.48,8.1,6.56,6.56,932963
2015-07-28,5.94,6.8,5.67,6.19,813475
2015-07-29,6.4,7.03,6.15,6.86,664035
2015-07-30,6.78,7.07,6.32,6.48,560511
2015-07-31,6.29,6.72,6.29,6.66,448802
2015-08-03,6.47,6.99,6.41,6.75,496588
2015-08-04,6.78,7.56,6.74,7.53,591824
2015-08-05,7.4,8.0,7.4,7.46,591599
2015-08-06,7.31,7.92,7.26,7.58,503987
2015-08-07,8.08,8.64,7.91,8.64,1385924
2015-08-10,8.88,9.29,8.53,9.1,1069646
2015-08-11,8.9,9.19,8.69,8.87,671271
2015-08-12,8.72,8.98,8.4,8.43,503790
2015-08-13,8.65,8.83,8.19,8.79,462987
2015-08-14,8.92,9.21,8.76,8.88,468738
2015-08-17,8.78,9.0,8.4,8.73,456483
2015-08-18,8.64,8.87,7.55,7.55,524843
2015-08-19,7.0,7.9,6.49,7.62,589930
2015-08-20,7.43,7.48,6.86,6.9,351720
2015-08-21,6.69,6.92,5.93,6.24,462166
2015-08-24,5.71,5.94,5.31,5.31,497133
2015-08-25,4.5,4.84,4.48,4.48,638136
2015-08-26,4.5,4.79,3.86,4.18,568596
2015-08-27,4.44,4.78,4.2,4.78,709381
2015-08-28,4.9,5.36,4.84,5.35,631007
2015-08-31,5.36,6.19,5.25,6.19,754510
2015-09-01,6.19,6.19,5.27,5.62,914237
2015-09-02,4.96,5.87,4.83,5.48,655882
2015-09-07,5.65,5.94,5.08,5.13,626087
2015-09-08,4.99,5.42,4.5,5.35,415621
2015-09-09,5.48,5.89,5.37,5.69,517951
2015-09-10,5.51,5.92,5.42,5.74,375890
2015-09-11,5.65,5.87,5.42,5.65,266620
2015-09-14,5.86,5.9,4.9,5.73,643342
2015-09-15,5.52,5.52,4.86,5.2,384524
2015-09-16,5.02,5.97,4.99,5.79,361766
2015-09-17,5.74,6.12,5.41,5.46,422255
2015-09-18,5.48,5.65,5.23,5.35,232914
2015-09-21,5.13,5.82,5.13,5.79,297712
2015-09-22,5.83,6.08,5.61,5.88,401400
2015-09-23,5.65,5.87,5.45,5.67,383512
2015-09-24,5.89,6.0,5.53,5.61,454784
2015-09-25,5.56,5.61,5.11,5.24,337624
2015-09-28,5.28,5.38,5.01,5.37,170549
2015-09-29,5.2,5.27,5.04,5.19,166454
2015-09-30,5.24,5.32,5.14,5.19,149673
2015-10-08,5.51,6.01,5.43,5.59,607046
2015-10-09,5.65,6.28,5.54,6.22,804574
2015-10-12,6.29,6.72,6.09,6.21,1077860
2015-10-13,6.12,6.69,6.03,6.66,726365
2015-10-14,6.52,6.79,6.29,6.44,607192
2015-10-15,6.3,6.63,6.24,6.59,548397
2015-10-16,6.69,7.15,6.62,6.75,594279
2015-10-19,6.8,6.88,6.36,6.52,541895
2015-10-20,6.58,6.8,6.38,6.69,461105
2015-10-21,6.63,6.8,5.72,6.29,672075
2015-10-22,6.12,6.44,5.97,6.38,439799
2015-10-23,6.52,6.81,6.47,6.74,599276
2015-10-26,6.99,7.05,6.59,6.96,777331
2015-10-27,6.78,6.81,6.37,6.72,465799
2015-10-28,6.7,7.01,6.53,6.6,481799
2015-10-29,6.73,6.85,6.59,6.66,337016
2015-10-30,6.64,7.03,6.47,6.81,566494
2015-11-02,6.7,6.8,6.41,6.42,349377
2015-11-03,6.47,6.54,6.08,6.16,345565
2015-11-04,6.2,6.65,6.14,6.63,418246
2015-11-05,6.64,7.04,6.55,6.68,852524
2015-11-06,6.75,7.33,6.74,7.21,841644
2015-11-09,7.11,7.3,6.88,7.12,827056
2015-11-10,7.09,7.39,7.0,7.14,595832
2015-11-11,7.22,7.26,6.95,7.12,476381
2015-11-12,7.12,7.22,6.72,7.08,939149
2015-11-13,6.93,7.49,6.88,7.12,903568
2015-11-16,6.93,7.06,6.75,7.04,482830
2015-11-17,7.28,7.35,6.83,6.86,786848
2015-11-18,6.98,7.46,6.89,6.93,777726
2015-11-19,7.01,7.15,6.82,7.12,416207
2015-11-20,7.1,7.17,6.88,6.96,597938
2015-11-23,6.92,6.99,6.59,6.67,543036
2015-11-24,6.7,6.7,6.36,6.56,372035
2015-11-25,6.53,6.82,6.49,6.66,366816
2015-11-26,6.64,6.92,6.64,6.73,423237
2015-11-27,6.75,6.75,5.83,5.9,461650
2015-11-30,5.95,6.08,5.42,5.89,379462
2015-12-01,5.91,6.03,5.82,5.92,204264
2015-12-02,5.94,6.08,5.74,6.07,278168
2015-12-03,6.06,6.17,5.97,6.13,260388
2015-12-04,6.09,6.09,5.82,5.88,266254
2015-12-07,5.87,5.98,5.82,5.93,208096
2015-12-08,5.87,5.88,5.59,5.65,232149
2015-12-09,5.63,5.87,5.52,5.54,307778
2015-12-10,5.62,5.72,5.5,5.56,207191
2015-12-11,5.57,5.64,5.28,5.35,331098
2015-12-14,5.31,5.57,5.24,5.53,294508
2015-12-15,5.57,5.57,5.43,5.56,262364
2015-12-16,5.59,5.86,5.57,5.68,398217
2015-12-17,5.78,5.99,5.72,5.9,390090
2015-12-18,5.9,5.92,5.71,5.74,282221
2015-12-21,5.65,5.92,5.65,5.85,295777
2015-12-22,5.85,5.97,5.81,5.93,247252
2015-12-23,5.93,5.98,5.83,5.86,259273
2015-12-24,5.87,6.04,5.72,6.02,248427
2015-12-25,6.01,6.06,5.95,6.0,161958
2015-12-28,6.0,6.12,5.6,5.63,306260
2015-12-29,5.65,5.8,5.63,5.79,172400
2015-12-30,5.89,6.4,5.87,6.32,587457
2015-12-31,6.39,7.07,6.33,6.63,1049546
2016-01-04,6.74,6.96,6.01,6.08,509832
2016-01-05,6.09,6.99,5.91,6.99,1319690
2016-01-06,6.96,7.32,6.86,7.18,1342431
2016-01-07,6.93,7.0,6.16,6.18,292121
2016-01-08,6.66,7.1,6.37,7.05,1270573
2016-01-11,6.64,6.89,6.04,6.05,984318
2016-01-12,6.23,6.32,5.57,5.7,606736
2016-01-13,5.75,5.87,4.91,4.94,544597
2016-01-14,4.65,5.5,4.54,5.31,504973
2016-01-15,5.32,5.53,4.81,5.01,414374
2016-01-18,4.7,5.37,4.7,5.12,315961
2016-01-19,5.14,5.72,5.09,5.65,436423
2016-01-20,5.54,5.71,5.34,5.44,372843
2016-01-21,5.26,5.48,4.91,4.95,286841
2016-01-22,5.06,5.16,4.87,5.04,226008
2016-01-25,5.18,5.46,5.08,5.38,316106
2016-01-26,5.25,5.38,4.59,4.75,361103
2016-01-27,4.79,4.9,4.27,4.73,356501
2016-01-28,4.54,4.72,4.15,4.16,307586
2016-01-29,4.17,4.61,4.17,4.49,264451
2016-02-01,4.44,4.56,4.21,4.34,190478
2016-02-02,4.38,4.69,4.34,4.65,252988
2016-02-03,4.56,4.74,4.48,4.68,176430
2016-02-04,4.73,4.93,4.67,4.79,233430
2016-02-05,4.82,4.93,4.54,4.58,203751
2016-02-15,4.29,4.54,4.24,4.47,145302
2016-02-16,4.57,4.86,4.53,4.79,247138
2016-02-17,4.79,4.92,4.71,4.85,278161
2016-02-18,4.9,4.97,4.75,4.79,226652
2016-02-19,4.73,4.91,4.72,4.82,192119
2016-02-22,4.96,5.28,4.86,5.13,315400
2016-02-23,5.16,5.17,4.95,5.07,174674
2016-02-24,5.07,5.28,5.0,5.24,241454
2016-02-25,5.33,5.33,4.42,4.57,377898
2016-02-26,4.66,4.73,4.43,4.64,186738
2016-02-29,4.64,4.66,4.02,4.25,250051
2016-03-01,4.27,4.43,4.06,4.34,206219
2016-03-02,4.34,4.73,4.29,4.65,242966
2016-03-03,4.68,4.82,4.62,4.7,206354
2016-03-04,4.61,4.81,4.44,4.74,298033
2016-03-07,4.8,4.93,4.6,4.73,213960
2016-03-08,4.67,4.72,4.29,4.71,220457
2016-03-09,4.6,4.62,4.41,4.6,116291
2016-03-10,4.6,4.75,4.46,4.48,189685
2016-03-11,4.32,4.46,4.21,4.34,177360
2016-03-14,4.39,4.62,4.39,4.52,234318
2016-03-15,4.49,4.58,4.41,4.47,150249
2016-03-16,4.45,4.54,4.4,4.47,174327
2016-03-17,4.51,4.7,4.46,4.67,261984
2016-03-18,4.63,4.91,4.63,4.83,499112
2016-03-21,4.89,5.01,4.86,4.93,383770
2016-03-22,4.86,5.04,4.8,4.92,306845
2016-03-23,4.87,5.71,4.84,5.44,631834
2016-03-24,5.2,5.38,5.19,5.23,349854
2016-03-25,5.23,5.35,5.1,5.31,233238
2016-03-28,5.34,5.5,5.11,5.19,320263
2016-03-29,5.17,5.17,4.83,4.93,213003
2016-03-30,5.01,5.21,4.98,5.18,215876
2016-03-31,5.29,5.39,5.08,5.31,284148
2016-04-01,5.26,5.57,5.24,5.53,386147
2016-04-05,5.51,5.93,5.51,5.67,518222
2016-04-06,5.67,5.82,5.54,5.7,372221
2016-04-07,5.74,5.74,5.39,5.44,271661
2016-04-08,5.37,5.57,5.35,5.49,207702
2016-04-11,5.65,5.68,5.5,5.54,245947
2016-04-12,5.52,5.63,5.43,5.56,200789
2016-04-13,5.61,5.76,5.5,5.53,410519
2016-04-14,5.59,5.62,5.45,5.54,207178
2016-04-15,5.56,5.73,5.52,5.63,293572
2016-04-18,5.6,5.6,5.38,5.42,177022
2016-04-19,5.48,5.52,5.24,5.33,205395
2016-04-20,5.38,5.39,4.72,4.96,346829
2016-04-21,4.89,5.0,4.83,4.86,163561
2016-04-22,4.81,5.0,4.78,4.99,130598
2016-04-25,4.98,5.05,4.83,4.98,123287
2016-04-26,4.99,5.22,4.96,5.21,218743
2016-04-27,5.19,5.27,5.02,5.06,189240
2016-04-28,5.06,5.12,4.86,4.94,150172
2016-04-29,4.94,5.06,4.91,5.06,133637
2016-05-03,5.06,5.34,5.01,5.28,282261
2016-05-04,5.28,5.28,5.12,5.19,238216
2016-05-05,5.16,5.3,5.12,5.26,169284
2016-05-06,5.24,5.26,4.84,4.86,203802
2016-05-09,4.78,4.91,4.6,4.69,172203
2016-05-10,4.69,4.82,4.66,4.71,121930
2016-05-11,4.73,4.78,4.62,4.67,133557
2016-05-12,4.59,4.85,4.45,4.78,165808
2016-05-13,4.73,4.84,4.62,4.67,78014
2016-05-16,4.67,4.75,4.59,4.74,79438
2016-05-17,4.75,4.82,4.71,4.74,98314
2016-05-18,4.7,4.71,4.51,4.62,130708
2016-05-19,4.61,4.68,4.56,4.6,139455
2016-05-20,4.56,4.65,4.5,4.64,90408
2016-05-23,4.68,4.79,4.61,4.69,99154
2016-05-24,4.65,4.68,4.54,4.58,83845
2016-05-25,4.64,4.66,4.5,4.51,102575
2016-05-26,4.49,4.56,4.36,4.49,110419
2016-05-27,4.5,4.63,4.47,4.59,132873
2016-05-30,4.6,4.61,4.53,4.55,78008
2016-05-31,4.6,4.93,4.55,4.9,247072
2016-06-01,4.91,4.91,4.82,4.85,148440
2016-06-02,4.86,4.88,4.74,4.84,128407
2016-06-03,4.86,5.16,4.83,5.04,317909
2016-06-06,5.02,5.04,4.93,4.95,137854
2016-06-07,5.01,5.03,4.88,4.97,107596
2016-06-08,4.96,4.96,4.81,4.86,141870
2016-06-13,4.79,4.79,4.59,4.6,153886
2016-06-14,4.6,4.67,4.52,4.6,85911
2016-06-15,4.54,4.82,4.51,4.74,179390
2016-06-16,4.79,4.97,4.68,4.8,220300
2016-06-17,4.78,4.9,4.71,4.76,152889
2016-06-20,4.76,4.91,4.76,4.89,190369
2016-06-21,4.93,4.98,4.78,4.84,155292
2016-06-22,4.79,4.88,4.71,4.87,107925
2016-06-23,4.86,4.86,4.73,4.75,94413
2016-06-24,4.75,4.81,4.47,4.6,171937
2016-06-27,4.57,4.72,4.56,4.71,125747
2016-06-28,4.68,4.79,4.64,4.77,109502
2016-06-29,4.79,4.82,4.7,4.76,148884
2016-06-30,4.77,4.92,4.73,4.87,166753
2016-07-01,4.84,4.88,4.76,4.78,92709
2016-07-04,4.78,4.9,4.73,4.87,196869
2016-07-05,4.87,4.94,4.83,4.9,243901
2016-07-06,4.87,4.89,4.8,4.87,185336
2016-07-07,4.85,5.09,4.82,5.01,356836
2016-07-08,4.98,5.02,4.9,4.91,177195
2016-07-11,4.93,5.04,4.89,4.94,205274
2016-07-12,5.12,5.28,4.97,5.18,579808
2016-07-13,5.2,5.39,5.2,5.24,370797
2016-07-14,5.24,5.28,5.16,5.24,199072
2016-07-15,5.29,5.44,5.19,5.35,290474
2016-07-18,5.37,5.57,5.3,5.45,302093
2016-07-19,5.46,5.53,5.38,5.48,234811
2016-07-20,5.48,5.54,5.31,5.33,206697
2016-07-21,5.38,5.48,5.34,5.42,194833
2016-07-22,5.44,5.44,5.3,5.31,156763
2016-07-25,5.33,5.35,5.23,5.29,149723
2016-07-26,5.29,5.44,5.26,5.44,163643
2016-07-27,5.44,5.55,5.16,5.32,359171
2016-07-28,5.26,5.61,5.23,5.6,408659
2016-07-29,5.58,5.94,5.58,5.77,517480
2016-08-01,5.7,5.75,5.41,5.65,268512
2016-08-02,5.58,5.81,5.53,5.8,162902
2016-08-03,5.75,5.81,5.68,5.69,185506
2016-08-04,5.68,5.75,5.49,5.59,235222
2016-08-05,5.53,5.68,5.44,5.57,178971
2016-08-08,5.52,5.75,5.43,5.75,178009
2016-08-09,5.7,5.74,5.61,5.71,182440
2016-08-10,5.68,5.72,5.54,5.57,124719
2016-08-11,5.57,5.67,5.42,5.43,188997
2016-08-12,5.44,5.64,5.36,5.6,147649
2016-08-15,5.58,5.83,5.56,5.83,341091
2016-08-16,5.87,5.91,5.73,5.75,199173
2016-08-17,5.75,5.98,5.74,5.96,310439
2016-08-18,5.98,6.13,5.89,5.91,287884
2016-08-19,5.9,6.0,5.85,5.94,131128
2016-08-22,5.96,6.12,5.84,6.05,230083
2016-08-23,6.03,6.25,5.94,6.09,255337
2016-08-24,6.1,6.23,6.0,6.16,207976
2016-08-25,6.09,6.12,5.87,5.95,212294
2016-08-26,5.94,6.06,5.89,5.94,99331
2016-08-29,5.97,6.09,5.87,5.91,166165
2016-08-30,5.93,6.0,5.87,5.91,89651
2016-08-31,5.93,6.01,5.82,5.92,107199
2016-09-01,5.87,6.2,5.85,6.05,270362
2016-09-02,6.02,6.49,6.02,6.35,416432
2016-09-05,6.35,6.41,6.19,6.25,165434
2016-09-06,6.25,6.47,6.22,6.37,317960
2016-09-07,6.39,6.47,6.33,6.37,208596
2016-09-08,6.37,6.6,6.37,6.45,264745
2016-09-09,6.45,6.48,6.19,6.2,214875
2016-09-12,6.03,6.2,5.97,6.18,305443
2016-09-13,6.15,6.24,6.09,6.21,131354
2016-09-14,6.18,6.23,6.07,6.16,119767
2016-09-19,6.15,6.37,6.15,6.33,159208
2016-09-20,6.33,6.35,6.25,6.32,118291
2016-09-21,6.33,6.62,6.33,6.56,268858
2016-09-22,6.58,6.64,6.48,6.6,190297
2016-09-23,6.62,6.62,6.53,6.56,106912
2016-09-26,6.55,6.65,6.37,6.37,168546
2016-09-27,6.34,6.44,6.27,6.4,98151
2016-09-28,6.42,6.46,6.3,6.31,77491
2016-09-29,6.33,6.38,6.29,6.31,74155
2016-09-30,6.29,6.6,6.29,6.58,126673
2016-10-10,6.55,6.71,6.49,6.66,153917
2016-10-11,6.62,6.88,6.6,6.8,195728
2016-10-12,6.84,7.01,6.74,6.77,226144
2016-10-13,6.8,6.85,6.71,6.76,106613
2016-10-14,6.82,6.82,6.67,6.77,91474
2016-10-17,6.79,6.79,6.59,6.67,115616
2016-10-18,6.68,6.89,6.66,6.88,182792
2016-10-19,6.89,6.96,6.78,6.87,119676
2016-10-20,6.85,6.9,6.75,6.81,94696
2016-10-21,6.79,6.79,6.6,6.62,138453
2016-10-24,6.69,6.79,6.62,6.68,139443
2016-10-25,6.78,6.85,6.69,6.84,148875
2016-10-26,6.84,6.85,6.68,6.75,109706
2016-10-27,6.74,6.74,6.61,6.68,125300
2016-10-28,6.68,6.75,6.65,6.67,103731
2016-10-31,6.67,6.68,5.83,5.98,545905
2016-11-01,5.98,6.19,5.94,6.14,202114
2016-11-02,6.11,6.19,6.04,6.11,121774
2016-11-03,6.12,6.12,5.88,6.0,160944
2016-11-04,5.98,6.11,5.86,5.87,161751
2016-11-07,5.89,5.98,5.82,5.93,126072
2016-11-08,5.96,6.01,5.9,5.96,75434
2016-11-09,5.95,5.95,5.72,5.79,163159
2016-11-10,5.89,5.92,5.86,5.92,100730
2016-11-11,5.92,6.05,5.9,6.0,147417
2016-11-14,5.98,6.14,5.94,6.03,161611
2016-11-15,6.08,6.67,5.93,6.5,399041
2016-11-16,6.41,6.47,6.3,6.34,171367
2016-11-17,6.29,6.71,6.24,6.49,292175
2016-11-18,6.46,6.56,6.42,6.49,118758
2016-11-21,6.53,6.53,6.26,6.33,166230
2016-11-22,6.3,6.4,6.25,6.27,171678
2016-11-23,6.36,6.36,6.19,6.25,158220
2016-11-24,6.21,6.24,5.96,6.04,251198
2016-11-25,6.08,6.08,5.94,6.04,163120
2016-11-28,6.1,6.24,6.09,6.15,239905
2016-11-29,6.14,6.29,6.09,6.11,150815
2016-11-30,6.11,6.15,6.03,6.08,94602
2016-12-01,6.08,6.19,6.05,6.09,101168
2016-12-02,6.09,6.24,6.07,6.16,172009
2016-12-05,6.08,6.31,5.99,6.29,213350
2016-12-06,6.33,6.55,6.25,6.44,315708
2016-12-07,6.48,6.51,6.37,6.48,184157
2016-12-08,6.53,6.53,6.29,6.32,178836
2016-12-09,6.26,6.37,6.2,6.29,179893
2016-12-12,6.3,6.34,6.06,6.25,285330
2016-12-13,6.2,6.25,5.98,6.01,214393
2016-12-14,6.07,6.9,6.03,6.6,800012
2016-12-15,6.57,6.72,6.41,6.67,436451
2016-12-16,6.69,6.74,6.51,6.55,286203
2016-12-19,6.56,6.75,6.52,6.59,231477
2016-12-20,6.61,6.62,6.2,6.34,274469
2016-12-21,6.36,6.55,6.34,6.46,260679
2016-12-22,6.67,6.9,6.57,6.78,487425
2016-12-23,6.71,6.9,6.65,6.88,376409
2016-12-26,6.83,6.84,6.57,6.81,350196
2016-12-27,6.79,7.06,6.72,6.84,437870
2016-12-28,6.79,6.89,6.7,6.75,167777
2017-06-08,7.26,7.26,6.24,6.52,1951257
2017-06-09,6.63,7.45,6.63,7.45,1325460
2017-06-12,7.68,7.93,7.52,7.64,1187209
2017-06-13,7.58,7.69,7.36,7.64,522415
2017-06-14,7.6,7.66,7.38,7.41,363545
2017-06-15,7.42,7.46,7.04,7.12,505636
2017-06-16,7.08,7.18,6.95,7.08,306407
2017-06-19,7.15,7.27,7.04,7.2,335718
2017-06-20,7.25,7.25,6.92,6.98,299126
2017-06-21,7.02,7.12,6.82,7.08,376465
2017-06-22,7.06,7.23,6.91,7.11,381642
2017-06-23,7.05,7.05,6.68,6.78,514681
2017-06-26,6.73,7.59,6.73,7.37,711016
2017-06-27,7.41,7.67,7.3,7.35,368252
2017-06-28,7.31,7.45,7.21,7.34,214152
2017-06-29,7.34,7.51,7.24,7.3,228249
2017-06-30,7.33,7.56,7.22,7.52,290156
2017-07-03,7.52,7.64,7.41,7.45,249827
2017-07-04,7.43,7.52,7.27,7.49,238368
2017-07-05,7.45,7.86,7.4,7.8,419704
2017-07-06,7.81,7.92,7.62,7.77,297031
2017-07-07,7.73,7.99,7.69,7.8,315495
2017-07-10,7.73,7.82,7.53,7.55,246236
2017-07-11,7.51,7.65,7.33,7.37,200458
2017-07-12,7.36,7.48,6.97,7.07,373906
2017-07-13,7.08,7.25,7.04,7.21,187799
2017-07-14,7.23,7.29,7.1,7.25,106118
2017-07-17,7.25,7.3,6.89,7.18,281392
2017-07-18,7.14,7.3,6.95,7.23,216473
2017-07-19,7.25,7.51,7.18,7.41,283660
2017-07-20,7.35,7.52,7.3,7.51,201944
2017-07-21,7.48,7.61,7.41,7.44,162032
2017-07-24,7.42,7.63,7.33,7.5,189993
2017-07-25,7.43,7.5,7.18,7.21,240148
2017-07-26,7.18,7.28,7.06,7.19,169010
2017-07-27,7.19,7.24,7.06,7.22,158034
2017-07-28,7.22,7.48,7.17,7.41,151682
2017-07-31,7.61,7.65,7.32,7.37,313667
2017-08-01,7.45,7.58,7.28,7.37,336173
2017-08-02,7.29,7.35,7.12,7.19,279299
2017-08-03,7.21,7.21,6.97,7.08,268834
2017-08-04,7.08,7.14,6.91,6.93,238732
2017-08-07,6.92,7.06,6.9,6.95,174835
2017-08-08,7.01,7.01,6.85,6.89,158830
2017-08-09,6.9,7.11,6.9,7.06,200497
2017-08-10,7.03,7.08,6.81,7.02,205280
2017-08-11,6.95,7.12,6.89,7.07,192168
2017-08-14,7.12,7.15,7.03,7.15,156013
2017-08-15,7.18,7.23,7.04,7.07,153802
2017-08-16,7.07,7.09,6.94,7.02,108208
2017-08-17,6.97,7.25,6.97,7.11,163472
2017-08-18,7.22,7.42,7.06,7.36,351821
2017-08-21,7.43,7.58,7.31,7.34,285423
2017-08-22,7.37,7.47,7.28,7.4,235861
2017-08-23,7.36,7.37,7.14,7.21,186174
2017-08-24,7.19,7.19,7.01,7.03,133816
2017-08-25,7.02,7.17,6.99,7.08,180299
2017-08-28,7.09,7.17,7.07,7.1,207434
2017-08-29,7.13,7.14,6.96,7.03,204420
2017-08-30,7.03,7.09,6.96,7.0,177010
2017-08-31,6.98,7.11,6.97,7.1,172663
2017-09-01,7.1,7.12,7.0,7.01,161839
2017-09-04,7.0,7.02,6.8,6.93,328467
2017-09-05,6.91,6.93,6.78,6.79,272522
2017-09-06,6.8,6.8,6.65,6.7,299567
2017-09-07,6.68,6.82,6.66,6.7,201992
2017-09-08,6.74,6.93,6.74,6.81,231768
2017-09-11,6.82,6.99,6.78,6.87,300273
2017-09-12,6.91,7.11,6.89,6.94,436401
2017-09-13,6.92,6.96,6.77,6.81,202137
2017-09-14,6.81,6.81,6.67,6.69,276536
2017-09-15,6.7,6.79,6.63,6.74,168009
2017-09-18,6.75,6.79,6.67,6.74,179333
2017-09-19,6.76,6.77,6.63,6.68,205961
2017-09-20,6.67,6.68,6.58,6.66,163348
2017-09-21,6.65,6.77,6.6,6.73,185052
2017-09-22,6.69,6.78,6.67,6.76,136513
2017-09-25,6.76,6.79,6.65,6.75,199699
2017-09-26,6.71,6.75,6.69,6.71,86150
2017-09-27,6.7,6.86,6.69,6.81,132128
2017-09-28,6.85,6.88,6.77,6.83,137517
2017-09-29,6.84,6.93,6.82,6.86,165786
2017-10-09,6.99,7.06,6.88,7.0,275626
2017-10-10,7.05,7.05,6.86,7.01,205416
2017-10-11,6.99,7.06,6.94,7.01,159442
2017-10-12,7.04,7.04,6.87,6.92,147410
2017-10-13,6.96,6.96,6.88,6.94,112293
2017-10-16,6.99,7.07,6.93,7.0,198992
2017-10-17,7.0,7.12,6.98,7.05,233487
2017-10-18,7.01,7.21,7.01,7.19,255986
2017-10-26,7.24,7.37,6.96,7.03,421790
2017-10-27,7.0,7.19,6.83,6.87,330535
2017-10-30,6.85,7.11,6.71,7.09,246592
2017-10-31,7.03,7.15,7.03,7.1,183539
2017-11-01,7.12,7.77,7.1,7.43,544427
2017-11-02,7.49,7.61,7.33,7.51,253755
2017-11-03,7.53,7.58,7.37,7.56,248366
2017-11-06,7.51,7.7,7.43,7.63,340747
2017-11-07,7.62,7.77,7.45,7.5,348106
2017-11-08,7.54,7.63,7.4,7.41,302324
2017-11-09,7.46,8.23,7.4,8.19,904880
2017-11-10,8.18,9.28,8.14,9.17,1417120
2017-11-13,9.15,9.26,8.92,9.1,659552
2017-11-14,9.1,9.13,8.76,8.95,532735
2017-11-15,8.87,9.03,8.47,8.61,768782
2017-11-16,8.53,9.2,8.51,9.18,619762
2017-11-17,9.16,9.5,8.97,9.27,683301
2017-11-20,9.13,9.55,8.71,9.51,439776
2017-11-21,9.58,9.96,9.3,9.33,508569
2017-11-22,9.31,9.51,9.05,9.36,440809
2017-11-23,9.34,9.34,8.65,8.69,463230
2017-11-24,8.65,8.85,8.42,8.72,303056
2017-11-27,8.76,8.78,8.44,8.74,204570
2017-11-28,8.62,8.86,8.53,8.79,181728
2017-11-29,8.69,8.97,8.24,8.28,337262
2017-11-30,8.29,8.41,8.13,8.28,226044
2017-12-01,8.24,8.46,8.21,8.34,211198
2017-12-04,8.34,8.47,8.13,8.25,271498
2017-12-05,8.25,8.58,8.19,8.51,386480
2017-12-06,8.43,8.73,8.31,8.55,322797
2017-12-07,8.56,8.66,8.15,8.23,272796
2017-12-08,8.18,8.23,7.95,8.09,250161
2017-12-11,8.21,8.5,8.11,8.46,242949
2017-12-12,8.49,8.49,8.24,8.25,140838
2017-12-13,8.31,8.64,8.21,8.57,248581
2017-12-14,8.57,8.57,7.91,8.05,360675
2017-12-15,8.06,8.21,7.98,8.01,190525
2017-12-18,8.06,8.07,7.74,7.96,246836
2017-12-19,7.92,8.09,7.89,7.99,232681
2017-12-20,8.05,8.09,7.83,7.91,167686
2017-12-21,7.94,8.25,7.89,8.14,309277
2017-12-22,8.13,8.31,8.06,8.06,211041
2017-12-25,8.07,8.18,7.58,7.66,348375
2017-12-26,7.68,7.84,7.58,7.77,229421
2017-12-27,7.79,7.8,7.55,7.59,198150
2017-12-28,7.61,7.77,7.56,7.64,151733
2017-12-29,7.66,7.89,7.62,7.88,164796
2018-01-02,7.9,7.98,7.77,7.92,252312
2018-01-03,7.95,8.21,7.81,8.07,311186
2018-01-04,8.07,8.21,7.92,7.99,302621
2018-01-05,7.96,7.98,7.73,7.8,323990
2018-01-08,7.8,7.8,7.61,7.7,231789
2018-01-09,7.71,7.8,7.59,7.73,267044
2018-01-10,7.74,7.76,7.56,7.61,156502
2018-01-11,7.62,7.81,7.56,7.78,208637
2018-01-12,7.78,7.78,7.44,7.44,320929
2018-01-15,7.39,7.4,6.75,6.99,553944
2018-01-16,6.92,7.0,6.75,6.97,245989
2018-01-17,6.96,7.18,6.91,7.0,192495
2018-01-18,6.95,7.22,6.89,7.21,204008
2018-01-19,7.22,7.69,7.21,7.5,418389
2018-01-22,7.46,7.63,7.42,7.53,190517
2018-01-23,7.54,7.69,7.51,7.61,181327
2018-01-24,7.62,7.71,7.52,7.65,124222
2018-01-25,7.66,7.96,7.61,7.7,250695
2018-01-26,7.61,7.76,7.5,7.53,110162
2018-01-29,7.43,7.66,7.41,7.59,139913
2018-01-30,7.52,7.8,7.52,7.76,153520
2018-01-31,7.66,7.66,6.84,7.1,519788
2018-02-01,7.06,7.23,6.93,7.22,312707
2018-02-02,7.19,7.19,6.92,7.12,182508
2018-02-05,6.88,7.05,6.77,6.78,168670
2018-02-06,6.56,6.79,6.48,6.78,272516
2018-02-07,6.8,6.9,6.55,6.73,190061
2018-02-08,6.63,6.76,6.58,6.71,102121
2018-02-09,6.55,6.65,5.81,6.24,287308
2018-02-12,6.24,6.37,6.05,6.34,171630
2018-02-13,6.36,6.55,6.29,6.3,132167
2018-02-14,6.33,6.51,6.32,6.45,81628
2018-02-22,6.56,6.73,6.47,6.68,82284
2018-02-23,6.71,6.75,6.59,6.69,88368
2018-02-26,6.72,6.89,6.71,6.85,150464
2018-02-27,6.9,6.92,6.7,6.85,183665
2018-02-28,6.74,6.75,6.64,6.7,135152
2018-03-01,6.65,6.86,6.62,6.85,142270
2018-03-02,6.79,7.01,6.74,6.77,104550
2018-03-05,6.85,6.88,6.7,6.86,77394
2018-03-06,6.84,6.9,6.78,6.88,92603
2018-03-07,6.9,7.06,6.82,6.89,123015
2018-03-08,6.93,6.95,6.84,6.9,70725
2018-03-09,6.91,7.1,6.89,7.06,120370
2018-03-12,7.08,7.34,7.06,7.25,158264
2018-03-13,7.25,7.29,7.13,7.19,96213
2018-03-14,7.22,7.36,7.1,7.11,106814
2018-03-15,7.09,7.1,6.86,6.92,106796
2018-03-16,6.91,7.12,6.88,6.97,97993
2018-03-19,7.01,7.01,6.85,6.91,83034
2018-03-20,6.9,7.23,6.8,7.0,110727
2018-03-21,7.09,7.25,7.06,7.1,194866
2018-03-22,7.03,7.59,6.76,7.1,313360
2018-03-23,6.74,7.13,6.63,7.1,374219
2018-03-26,6.92,7.06,6.81,7.03,140202
2018-03-27,7.17,7.23,7.0,7.06,201092
2018-03-28,7.07,7.21,6.85,6.96,162330
2018-03-29,6.98,7.01,6.88,6.99,103843
2018-03-30,6.99,7.05,6.89,7.03,121306
2018-04-02,7.04,7.12,6.95,6.95,112348
2018-04-03,6.97,7.15,6.92,7.12,227191
2018-04-04,7.11,7.12,6.97,7.02,136397
2018-04-09,6.97,7.0,6.68,6.85,183475
2018-04-10,6.85,6.95,6.74,6.85,120299
2018-04-11,6.88,7.07,6.81,7.04,116823
2018-04-12,7.01,7.22,6.98,7.14,171009
2018-04-13,7.28,7.45,7.28,7.3,275557
2018-04-16,7.25,7.31,7.03,7.14,171498
2018-04-17,7.14,7.19,6.9,6.92,102957
2018-04-18,7.01,7.03,6.79,6.98,115041
2018-04-19,7.03,7.18,6.97,7.1,117329
2018-04-20,7.13,7.15,6.99,7.1,153548
2018-04-23,7.08,7.14,7.0,7.08,118855
2018-04-24,7.08,7.28,7.08,7.26,146214
2018-04-25,7.28,7.34,7.17,7.3,92417
2018-04-26,7.3,7.36,7.15,7.3,108105
2018-04-27,7.29,7.35,7.15,7.32,122359
2018-05-02,7.3,7.61,7.24,7.51,241527
2018-05-03,7.48,7.78,7.47,7.69,237957
2018-05-04,7.69,7.94,7.65,7.74,168578
2018-05-07,7.75,8.07,7.72,8.0,206807
2018-05-08,8.01,8.06,7.86,7.9,164256
2018-05-09,7.9,8.06,7.88,8.0,132837
2018-05-10,7.96,8.27,7.96,8.19,147068
2018-05-11,8.21,8.25,7.92,7.94,128259
2018-05-14,7.93,8.06,7.84,7.96,119311
2018-05-15,7.99,8.0,7.66,7.77,141531
2018-05-16,7.81,8.03,7.77,7.91,144643
2018-05-17,7.91,7.98,7.66,7.74,105413
2018-05-18,7.74,7.85,7.69,7.76,79316
2018-05-21,7.81,7.98,7.8,7.84,92313
2018-05-22,7.9,7.9,7.53,7.58,153053
2018-05-23,7.58,7.69,7.5,7.58,93227
2018-05-24,7.61,7.62,7.3,7.34,117400
2018-05-25,7.36,7.44,7.23,7.38,75782
2018-05-28,7.36,7.4,7.2,7.22,81254
2018-05-29,7.23,7.32,7.16,7.28,81892
2018-05-30,7.15,7.2,7.04,7.06,110410
2018-05-31,7.06,7.23,7.06,7.18,65241
2018-06-01,7.19,7.2,6.82,6.89,99408
2018-06-04,6.88,6.99,6.67,6.82,111193
2018-06-05,6.94,7.11,6.84,7.06,92393
2018-06-06,7.06,7.27,7.05,7.21,94715
2018-06-07,7.24,7.37,7.18,7.28,82557
2018-06-08,7.27,7.29,7.07,7.27,81776
2018-06-11,7.22,7.25,7.07,7.19,79170
2018-06-12,7.19,7.19,7.01,7.18,72649
2018-06-13,7.11,7.29,7.04,7.18,75672
2018-06-14,7.12,7.22,7.09,7.18,47173
2018-06-15,7.17,7.18,6.79,7.17,107047
2018-06-19,7.07,7.29,6.99,7.23,437892
2018-06-20,7.12,7.14,6.84,6.97,86856
2018-06-21,6.98,7.06,6.85,6.86,58665
2018-06-22,6.87,6.96,6.6,6.74,93086
2018-06-25,6.82,6.88,6.6,6.6,41342
2018-06-26,6.57,6.57,6.36,6.42,94825
2018-06-27,6.45,6.5,6.26,6.45,63582
2018-06-28,6.45,6.53,6.36,6.45,47807
2018-06-29,6.57,6.69,6.46,6.66,47879
2018-07-02,6.65,6.73,6.48,6.55,65702
2018-07-03,6.52,6.53,6.32,6.42,102526
2018-07-04,6.47,6.47,5.96,6.03,124646
2018-07-05,6.08,6.17,5.79,6.15,131985
2018-07-06,6.11,6.16,5.86,6.07,68015
2018-07-09,6.02,6.24,6.02,6.19,64704
2018-07-10,6.3,6.37,6.18,6.32,64082
2018-07-11,6.25,6.3,6.09,6.26,40743
2018-07-12,6.27,6.53,6.2,6.43,78143
2018-07-13,6.5,6.64,6.44,6.59,76932
2018-07-16,6.64,6.64,6.47,6.55,38773
2018-07-17,6.5,6.58,6.37,6.52,48417
2018-07-18,6.51,6.63,6.4,6.43,37892
2018-07-19,6.51,6.51,6.24,6.26,45244
2018-07-20,6.26,6.57,6.16,6.45,73219
2018-07-23,6.43,6.63,6.41,6.56,62744
2018-07-24,6.63,6.93,6.57,6.86,92507
2018-07-25,6.85,6.95,6.74,6.78,63544
2018-07-26,6.77,6.86,6.67,6.74,57239
2018-07-27,6.83,6.83,6.63,6.66,31619
2018-07-30,6.67,6.92,6.61,6.67,64888
2018-07-31,6.64,6.74,6.52,6.71,53201
2018-08-01,6.67,6.7,6.48,6.5,54559
2018-08-02,6.46,6.53,6.17,6.2,123926
2018-08-03,6.29,6.53,6.17,6.19,137538
2018-08-06,6.24,6.34,6.14,6.21,58909
2018-08-07,6.25,6.31,6.13,6.28,58367
2018-08-08,6.27,6.52,6.23,6.41,94654
2018-08-09,6.37,6.63,6.36,6.59,63866
2018-08-10,6.58,6.66,6.53,6.57,50385
2018-08-13,6.46,6.56,6.34,6.39,72789
2018-08-14,6.4,6.51,6.38,6.49,82523
2018-08-15,6.52,6.52,6.33,6.38,57908
2018-08-16,6.31,6.48,6.26,6.34,40807
2018-08-17,6.45,6.46,6.27,6.28,52425
2018-08-20,6.36,6.36,6.16,6.33,47072
2018-08-21,6.33,6.43,6.28,6.36,28371
2018-08-22,6.36,6.4,6.21,6.36,41990
2018-08-23,6.36,6.4,6.24,6.34,49093
2018-08-24,6.29,6.34,6.03,6.09,117672
2018-08-27,6.12,6.22,6.08,6.22,96516
2018-08-28,6.4,6.79,6.37,6.74,189495
2018-08-29,6.74,6.89,6.67,6.84,121389
2018-08-30,6.89,7.0,6.74,6.81,108859
2018-08-31,6.95,6.97,6.77,6.81,152649
2018-09-03,6.82,6.88,6.66,6.71,92360
2018-09-04,6.76,6.92,6.73,6.84,89579
2018-09-05,6.82,6.87,6.73,6.76,54107
2018-09-06,6.68,6.81,6.53,6.57,96229
2018-09-07,6.69,6.79,6.6,6.72,64176
2018-09-10,7.35,7.63,7.06,7.06,451880
2018-09-11,7.17,7.17,6.9,6.97,158014
2018-09-12,7.0,7.03,6.83,6.85,104658
2018-09-13,6.93,7.18,6.73,7.15,131956
2018-09-14,7.1,7.26,7.09,7.13,132988
2018-09-17,7.12,7.23,7.03,7.14,70976
2018-09-18,7.13,7.52,7.09,7.5,208437
2018-09-19,7.46,7.66,7.39,7.45,139961
2018-09-20,7.43,7.6,7.36,7.44,80579
2018-09-21,7.4,7.52,7.32,7.5,146033
2018-09-25,7.37,7.54,7.37,7.5,80435
2018-09-26,7.48,7.84,7.48,7.64,163269
2018-09-27,7.67,7.76,7.59,7.65,66497
2018-09-28,7.65,7.73,7.51,7.73,86231
2018-10-08,7.69,7.69,7.28,7.35,97955
2018-10-09,7.3,7.5,7.21,7.34,91173
2018-10-10,7.38,7.51,7.26,7.38,122704
2018-10-11,7.18,7.37,6.78,6.95,180594
2018-10-12,6.85,7.19,6.83,7.15,112921
2018-10-15,7.15,7.36,7.08,7.1,106696
2018-10-16,7.15,7.29,6.89,6.93,102875
2018-10-17,7.06,7.4,7.01,7.26,159730
2018-10-18,7.23,7.23,6.97,6.99,101049
2018-10-19,6.88,7.44,6.81,7.35,191692
2018-10-22,7.41,7.8,7.41,7.54,213171
2018-10-23,7.6,7.7,7.5,7.55,141300
2018-10-24,7.54,7.83,7.52,7.73,175042
2018-10-25,7.51,7.81,7.47,7.8,135800
2018-10-26,7.76,7.88,7.51,7.63,152900
2018-10-29,7.59,7.9,7.49,7.55,211040
2018-10-30,7.57,7.67,7.41,7.56,165045
2018-10-31,7.54,7.62,7.41,7.55,132935
2018-11-01,7.84,7.97,7.67,7.75,210712
2018-11-02,7.84,8.02,7.74,8.0,168393
2018-11-05,7.96,7.96,7.71,7.83,159366
2018-11-06,7.8,7.84,7.61,7.78,79984
2018-11-07,7.79,7.92,7.7,7.7,78793
2018-11-08,7.73,7.75,7.54,7.55,77337
2018-11-09,7.51,7.73,7.51,7.65,59991
2018-11-12,7.65,7.92,7.59,7.9,120926
2018-11-13,7.76,7.91,7.74,7.78,115518
2018-11-14,7.81,8.0,7.75,7.96,168610
2018-11-15,7.95,7.98,7.81,7.89,107116
2018-11-16,7.91,8.04,7.84,7.87,106345
2018-11-19,7.85,7.98,7.79,7.95,132860
2018-11-20,7.89,7.89,7.73,7.8,88556
2018-11-21,7.76,7.76,7.66,7.7,63057
2018-11-22,7.8,7.81,7.63,7.67,42822
2018-11-23,7.67,7.74,7.4,7.41,102808
2018-11-26,7.41,7.62,7.41,7.52,74986
2018-11-27,7.62,7.62,7.44,7.45,44320
2018-11-28,7.49,7.61,7.35,7.55,81639
2018-11-29,7.62,7.69,7.52,7.64,92158
2018-11-30,7.67,7.69,7.41,7.69,89558
2018-12-03,7.72,7.95,7.72,7.84,140983
2018-12-04,7.81,7.93,7.79,7.89,53233
2018-12-05,7.79,8.08,7.79,8.06,162243
2018-12-06,8.07,8.2,7.92,7.94,162189
2018-12-07,7.88,8.2,7.88,8.09,110149
2018-12-10,8.08,8.43,8.05,8.4,243236
2018-12-11,8.4,8.51,8.3,8.38,154340
2018-12-12,8.51,8.51,8.25,8.29,145262
2018-12-13,8.36,8.57,8.31,8.37,129694
2018-12-14,8.33,8.59,8.33,8.39,124812
2018-12-17,8.34,8.49,8.29,8.33,112873
2018-12-18,8.38,8.49,8.11,8.3,134437
2018-12-19,8.35,8.47,7.99,8.12,139319
2018-12-20,8.2,8.25,7.9,8.11,112020
2018-12-21,8.02,8.22,7.94,8.07,87293
2018-12-24,7.94,8.16,7.94,8.07,59888
2018-12-25,8.03,8.04,7.87,7.98,99968
2018-12-26,8.1,8.55,7.99,8.11,167486
2018-12-27,8.24,8.27,7.95,7.98,96172
2018-12-28,7.98,8.25,7.87,8.24,109575
2019-01-02,8.24,8.27,7.78,8.0,130583
2019-01-03,7.93,8.04,7.85,8.03,87365
2019-01-04,7.97,8.33,7.88,8.29,161678
2019-01-07,8.33,8.9,8.33,8.82,287298
2019-01-08,8.73,8.82,8.54,8.6,152750
2019-01-09,8.64,8.71,8.53,8.55,143260
2019-01-10,8.53,8.76,8.48,8.71,149276
2019-01-11,8.68,8.7,8.44,8.61,102689
2019-01-14,8.65,8.67,8.4,8.46,86178
2019-01-15,8.48,8.79,8.42,8.69,130948
2019-01-16,8.69,8.77,8.51,8.56,107636
2019-01-17,8.61,8.67,8.42,8.48,83849
2019-01-18,8.53,8.76,8.51,8.73,146587
2019-01-21,8.8,8.88,8.72,8.78,132203
2019-01-22,8.72,8.75,8.57,8.58,86613
2019-01-23,8.57,8.95,8.54,8.79,131257
2019-01-24,8.81,8.91,8.72,8.86,96361
2019-01-25,8.86,8.95,8.72,8.8,89846
2019-01-28,8.81,9.08,8.75,8.92,129920
2019-01-29,8.84,8.95,8.74,8.91,69217
2019-01-30,8.88,8.98,8.63,8.66,104977
2019-01-31,8.58,8.74,8.51,8.59,71434
2019-02-01,8.57,8.94,8.57,8.9,89262
2019-02-11,8.97,9.03,8.86,8.91,139717
2019-02-12,9.01,9.06,8.8,8.97,193112
2019-02-13,8.97,9.05,8.78,8.98,230094
2019-02-14,8.94,9.12,8.77,8.97,206051
2019-02-15,8.93,9.2,8.9,8.95,200881
2019-02-18,9.02,9.27,9.02,9.14,282468
2019-02-19,9.14,9.17,8.84,8.96,225544
2019-02-20,8.9,8.91,8.51,8.64,286788
2019-02-21,8.65,8.84,8.54,8.63,207999
2019-02-22,8.66,8.83,8.61,8.83,165360
2019-02-25,8.97,9.15,8.65,9.14,468017
2019-02-26,9.09,9.09,8.74,8.8,407262
2019-02-27,8.75,8.76,8.04,8.17,596863
2019-02-28,8.06,8.36,8.06,8.21,256189
2019-03-01,8.28,8.29,8.14,8.25,171911
2019-03-04,8.45,8.88,8.45,8.61,531743
2019-03-05,8.62,8.69,8.44,8.58,285922
2019-03-06,8.57,8.68,8.46,8.57,268323
2019-03-07,8.5,8.57,8.25,8.37,325281
2019-03-08,8.22,8.68,8.16,8.47,355811
2019-03-11,9.57,9.57,9.57,9.57,335569
2019-03-12,10.77,10.77,10.77,10.77,230530
2019-03-13,10.82,12.08,10.63,11.05,1833361
2019-03-14,10.82,10.82,9.7,9.75,1075155
2019-03-15,9.75,10.35,9.75,9.95,584068
2019-03-18,9.95,10.3,9.47,10.11,538339
2019-03-19,10.01,10.69,9.98,10.4,508083
2019-03-20,10.3,10.61,10.03,10.16,357175
2019-03-21,10.12,10.67,10.12,10.3,425937
2019-03-22,10.19,10.3,9.9,10.09,279836
2019-03-25,9.88,10.01,9.51,9.59,292831
2019-03-26,9.61,9.89,9.49,9.56,209572
2019-03-27,9.79,9.86,9.51,9.7,160363
2019-03-28,9.65,9.82,9.47,9.49,188325
2019-03-29,9.5,9.77,9.32,9.73,321896
2019-04-01,9.87,10.17,9.67,10.06,344740
2019-04-02,10.02,10.34,10.02,10.11,342224
2019-04-03,9.94,9.94,9.43,9.79,448404
2019-04-04,9.62,10.06,9.61,9.9,373923
2019-04-08,9.94,9.98,9.5,9.61,342351
2019-04-09,9.57,9.75,9.38,9.71,213167
2019-04-10,9.67,9.7,9.46,9.61,202062
2019-04-11,9.62,10.23,9.62,9.95,411460
2019-04-12,10.0,10.24,9.74,10.04,394217
2019-04-15,10.27,10.36,9.72,9.76,261682
2019-04-16,9.8,9.85,9.45,9.82,247045
2019-04-17,9.72,10.17,9.67,10.09,340267
2019-04-18,10.06,10.09,9.86,9.97,177746
2019-04-19,10.12,10.16,9.81,10.01,166547
2019-04-22,10.1,10.1,9.67,9.76,165745
2019-04-23,9.9,10.05,9.73,9.81,215941
2019-04-24,9.79,9.98,9.58,9.84,182252
2019-04-25,9.94,10.06,9.72,9.74,277084
2019-04-26,9.75,9.88,8.96,9.01,360991
2019-04-29,9.03,9.23,8.77,9.0,272087
2019-04-30,9.14,9.14,8.8,9.05,166026
2019-05-06,8.8,8.93,8.17,8.36,281516
2019-05-07,8.51,8.6,8.24,8.48,152690
2019-05-08,8.33,8.43,8.11,8.22,151833
2019-05-09,8.1,8.32,8.07,8.15,110535
2019-05-10,8.22,8.48,8.06,8.47,126491
2019-05-13,8.38,8.4,8.09,8.17,132694
2019-05-14,8.06,8.22,8.03,8.16,89247
2019-05-15,8.26,8.44,8.13,8.43,148713
2019-05-16,8.44,9.02,8.35,8.87,203279
2019-05-17,8.83,8.83,8.57,8.59,156153
2019-05-20,8.67,8.67,8.22,8.43,144495
2019-05-21,8.45,8.61,8.34,8.5,118658
2019-05-22,8.55,8.74,8.44,8.58,114579
2019-05-23,8.58,8.67,8.28,8.57,108077
2019-05-24,8.48,8.56,8.37,8.54,75391
2019-05-27,8.46,8.62,8.31,8.58,112945
2019-05-28,8.61,8.9,8.6,8.9,180545
2019-05-29,8.74,8.8,8.63,8.73,97343
2019-05-30,8.63,8.66,8.13,8.24,237058
2019-05-31,8.26,8.26,8.06,8.1,144249
2019-06-03,8.11,8.15,7.44,7.64,326681
2019-06-04,7.64,7.64,7.28,7.51,186897
2019-06-05,7.57,7.63,7.43,7.51,109421
2019-06-06,7.51,7.56,7.41,7.49,82474
2019-06-10,7.55,7.72,7.45,7.62,120863
2019-06-11,7.62,7.94,7.57,7.89,163440
2019-06-12,7.89,7.98,7.81,7.89,125290
2019-06-13,7.89,7.9,7.74,7.8,79232
2019-06-14,7.83,7.87,7.62,7.8,126952
2019-06-17,7.84,7.84,7.62,7.7,72344
2019-06-18,7.76,7.78,7.66,7.69,61760
2019-06-19,7.89,8.09,7.88,7.94,159829
2019-06-20,8.02,8.3,7.96,8.24,167193
2019-06-21,8.37,8.55,8.28,8.38,175733
2019-06-24,8.39,8.5,8.3,8.47,82065
2019-06-25,8.35,8.44,8.22,8.28,77369
2019-06-26,8.26,8.46,8.21,8.37,92686
2019-06-27,8.42,8.5,8.31,8.44,94668
2019-06-28,8.47,8.47,8.21,8.3,58022
2019-07-01,8.44,8.58,8.36,8.43,96848
2019-07-02,8.46,8.55,8.38,8.47,99720
2019-07-03,8.45,8.67,8.38,8.53,107887
2019-07-04,8.52,8.65,8.48,8.59,83144
2019-07-05,8.66,8.66,8.43,8.51,70088
2019-07-08,8.51,8.52,8.18,8.28,75223
2019-07-09,8.25,8.32,8.0,8.16,80710
2019-07-10,8.25,8.44,8.21,8.37,87255
2019-07-11,8.39,8.46,8.22,8.25,66665
2019-07-12,8.25,8.34,8.21,8.23,50525
2019-07-15,8.18,8.31,8.06,8.22,73454
2019-07-16,8.3,8.32,8.09,8.13,71345
2019-07-17,8.1,8.18,8.06,8.12,73296
2019-07-18,8.08,8.1,7.93,7.94,48966
2019-07-19,7.96,8.05,7.89,7.97,57217
2019-07-22,7.96,8.28,7.83,8.06,103798
2019-07-23,8.03,8.29,8.03,8.2,127431
2019-07-24,8.25,8.77,8.24,8.54,231074
2019-07-25,8.66,8.68,8.53,8.59,94665
2019-07-26,8.54,8.66,8.53,8.58,111818
2019-07-29,8.69,8.75,8.58,8.68,75679
2019-07-30,8.68,8.78,8.61,8.63,69764
2019-07-31,8.63,8.73,8.59,8.64,72032
2019-08-01,8.68,8.68,8.48,8.55,67831
2019-08-02,8.4,8.47,8.26,8.29,79152
2019-08-05,8.18,8.3,8.03,8.03,98247
2019-08-06,7.87,8.03,7.65,7.88,104163
2019-08-07,8.04,8.14,7.88,8.06,69446
2019-08-08,8.07,8.11,7.91,8.04,81508
2019-08-09,8.13,8.13,7.86,7.88,60815
2019-08-12,7.94,8.08,7.89,8.03,53158
2019-08-13,7.98,8.11,7.91,8.06,49378
2019-08-14,8.14,8.2,8.1,8.12,87986
2019-08-15,8.03,8.18,8.0,8.1,88486
2019-08-16,8.17,8.17,7.98,8.02,87844
2019-08-19,8.13,8.26,8.02,8.25,127700
2019-08-20,8.28,8.29,8.18,8.22,59577
2019-08-21,8.17,8.23,7.96,8.04,143608
2019-08-22,7.97,8.08,7.91,7.98,81250
2019-08-23,7.98,8.01,7.73,7.8,141594
2019-08-26,7.63,7.74,7.62,7.7,64937
2019-08-27,7.74,7.96,7.74,7.8,131308
2019-08-28,7.8,7.87,7.73,7.8,61658
2019-08-29,7.74,7.81,7.73,7.74,49057
2019-08-30,7.78,7.83,7.71,7.74,67518
2019-09-02,7.66,8.22,7.66,8.14,161645
2019-09-03,8.17,8.48,8.09,8.46,178180
2019-09-04,8.49,8.9,8.46,8.82,304878
2019-09-05,8.84,9.24,8.84,9.01,298236
2019-09-06,9.03,9.39,9.03,9.24,338744
2019-09-09,9.5,9.73,9.29,9.42,302130
2019-09-10,9.68,9.71,9.33,9.45,175097
2019-09-11,9.59,9.61,9.31,9.36,156693
2019-09-12,9.45,9.47,9.18,9.31,172087
2019-09-16,9.38,9.4,9.1,9.29,132462
2019-09-17,9.3,9.39,8.95,9.01,167983
2019-09-18,9.19,9.42,9.14,9.2,209978
2019-09-19,9.33,9.35,9.02,9.16,141416
2019-09-20,9.24,9.73,9.17,9.57,412376
2019-09-23,9.71,9.78,9.45,9.69,327470
2019-09-24,9.64,10.27,9.59,10.17,325997
2019-09-25,10.12,10.37,9.91,9.97,175239
2019-09-26,10.05,10.05,9.56,9.66,187951
2019-09-27,9.76,9.78,9.42,9.66,150304
2019-09-30,9.55,9.75,9.38,9.56,104831
2019-10-08,9.42,9.84,9.42,9.61,124085
2019-10-09,9.61,10.05,9.5,9.93,151499
2019-10-10,9.93,10.36,9.88,10.26,200028
2019-10-11,10.23,10.38,10.12,10.23,113462
2019-10-14,10.38,11.3,10.38,10.75,265843
2019-10-15,10.75,10.75,10.24,10.32,114225
2019-10-16,10.52,10.61,10.17,10.34,127434
2019-10-17,10.52,10.73,10.3,10.37,92191
2019-10-18,10.69,10.79,10.16,10.32,113865
2019-10-21,10.22,10.41,9.94,10.01,124790
2019-10-22,10.14,10.32,9.95,10.2,121230
2019-10-23,10.11,10.22,9.96,10.0,84953
2019-10-24,10.02,10.11,9.82,9.89,86572
2019-10-25,9.94,10.04,9.66,10.0,87733
2019-10-28,10.04,10.3,9.83,10.22,186133
2019-10-29,10.22,10.22,10.01,10.11,117405
2019-10-30,9.85,10.38,9.82,10.25,137129
2019-10-31,10.31,10.54,10.23,10.43,107868
2019-11-01,10.56,10.75,10.44,10.69,111716
2019-11-04,10.78,10.98,10.59,10.67,157169
2019-11-05,10.72,10.97,10.68,10.72,123363
2019-11-06,10.72,10.83,10.54,10.59,108766
2019-11-07,10.64,10.9,10.6,10.78,85491
2019-11-08,10.85,10.95,10.72,10.75,119925
2019-11-11,10.74,11.01,10.55,10.75,109153
2019-11-12,10.82,11.05,10.76,11.05,129484
2019-11-13,11.12,11.12,10.7,10.85,115995
2019-11-14,10.94,11.6,10.85,11.37,252782
2019-11-15,11.44,11.75,11.27,11.44,184162
2019-11-18,11.42,11.82,11.18,11.72,159044
2019-11-19,11.68,11.8,11.5,11.64,157096
2019-11-20,11.75,11.77,11.46,11.59,126615
2019-11-21,11.55,11.67,11.41,11.55,176652
2019-11-22,11.62,11.66,11.19,11.32,117949
2019-11-25,11.31,11.6,11.23,11.34,148909
2019-11-26,11.47,11.47,11.09,11.26,177661
2019-11-27,11.37,11.38,11.04,11.15,114367
2019-11-28,11.16,11.37,11.04,11.15,64581
2019-11-29,11.14,11.24,10.87,11.01,74212
2019-12-02,11.03,11.56,10.98,11.04,157034
2019-12-03,10.98,11.12,10.63,10.72,217749
2019-12-04,10.76,10.78,9.58,9.82,492830
2019-12-05,9.89,10.1,9.38,9.67,480461
2019-12-06,9.67,9.78,9.56,9.71,225205
2019-12-09,9.82,9.95,9.68,9.78,219818
2019-12-10,9.76,9.76,9.53,9.65,124101
2019-12-11,9.6,10.04,9.46,9.68,277199
2019-12-12,9.69,9.69,9.39,9.44,204037
2019-12-13,9.53,9.91,9.45,9.66,340627
2019-12-16,9.73,9.95,9.68,9.91,207278
2019-12-17,9.94,10.34,9.82,10.17,232984
2019-12-18,10.24,10.26,10.0,10.11,220450
2019-12-19,10.52,11.03,10.29,10.38,364322
2019-12-20,10.5,10.51,9.97,9.98,217669
2019-12-23,9.9,10.08,9.86,9.99,102801
2019-12-24,9.91,10.02,9.71,9.89,84323
2019-12-25,9.88,10.34,9.85,10.27,122261
2019-12-26,10.27,10.34,10.07,10.23,82561
2019-12-27,10.22,10.34,10.1,10.12,94061
2019-12-30,10.08,10.18,9.94,10.08,125208
2019-12-31,10.07,10.16,9.83,9.98,154695
2020-01-02,10.11,10.65,10.06,10.4,199850
2020-01-03,10.4,10.57,10.34,10.44,109558
2020-01-06,10.39,10.68,10.33,10.43,143959
2020-01-07,10.43,10.57,10.39,10.53,87767
2020-01-08,10.55,10.55,10.15,10.22,116486
2020-01-09,10.34,10.46,10.24,10.35,99091
2020-01-10,10.42,10.42,9.91,10.09,226882
2020-01-13,10.04,10.17,9.95,10.15,141940
2020-01-14,10.18,10.24,10.04,10.07,134809
2020-01-15,10.05,10.07,9.8,9.88,149000
2020-01-16,9.84,9.87,9.27,9.39,369472
2020-01-17,9.34,9.34,8.22,8.37,1129574
2020-01-20,8.47,8.87,8.43,8.83,565669
2020-01-21,8.83,8.91,8.59,8.61,282845
2020-01-22,8.69,8.77,8.46,8.65,260448
2020-01-23,8.57,8.71,8.15,8.24,253391
2020-02-03,7.19,7.33,7.19,7.25,384091
2020-02-04,7.23,7.74,7.23,7.71,275357
2020-02-05,7.83,8.02,7.61,7.7,356628
2020-02-06,7.76,7.93,7.63,7.84,253335
2020-02-07,7.79,7.95,7.67,7.88,188597
2020-02-10,7.87,8.54,7.87,8.52,400705
2020-02-11,8.58,8.6,8.41,8.51,216016
2020-02-12,8.58,8.76,8.47,8.72,204969
2020-02-13,8.73,8.82,8.63,8.65,196860
2020-02-14,8.68,9.09,8.68,8.86,234954
2020-02-17,8.86,9.06,8.73,8.95,318545
2020-02-18,8.84,8.96,8.66,8.92,259031
2020-02-19,8.96,9.07,8.87,8.92,227880
2020-02-20,8.97,9.19,8.84,9.1,285373
2020-02-21,9.08,9.64,9.07,9.42,356176
2020-02-24,9.36,9.51,9.2,9.38,271372
2020-02-25,9.17,9.17,8.56,8.9,351367
2020-02-26,8.73,9.0,8.64,8.74,228935
2020-02-27,8.86,9.65,8.76,9.46,510700
2020-02-28,9.12,9.62,8.93,9.2,456200
2020-03-02,9.31,10.22,9.31,10.04,413791
2020-03-03,10.38,10.49,9.69,9.87,362219
2020-03-04,9.72,10.03,9.6,9.81,181943
2020-03-05,10.43,10.66,10.13,10.23,453022
2020-03-06,10.34,10.69,9.98,10.08,448202
2020-03-09,10.08,10.6,9.79,10.22,465557
2020-03-10,9.89,10.46,9.64,10.39,382621
2020-03-11,10.57,10.65,10.05,10.11,316199
2020-03-12,10.12,10.78,10.11,10.24,489213
2020-03-13,9.62,10.86,9.49,10.65,748854
2020-03-16,10.84,10.84,9.65,9.82,556175
2020-03-17,9.96,10.16,9.22,10.05,455574
2020-03-18,10.17,10.4,9.59,9.64,429133
2020-03-19,9.37,9.73,8.83,9.31,516109
2020-03-20,9.43,9.58,9.06,9.22,270659
2020-03-23,8.91,9.6,8.84,9.3,302840
2020-03-24,9.54,9.82,9.42,9.78,291530
2020-03-25,10.12,10.33,9.52,9.71,379858
2020-03-26,9.57,9.58,9.25,9.3,266586
2020-03-27,9.46,9.47,9.23,9.3,191022
2020-03-30,9.01,9.5,8.98,9.33,183281
2020-03-31,9.47,9.47,9.13,9.16,130337
2020-04-01,9.27,9.46,8.78,8.9,213592
2020-04-02,8.84,9.05,8.78,9.02,177331
2020-04-03,9.01,9.09,8.81,8.9,129003
2020-04-07,9.13,9.42,9.12,9.32,185777
2020-04-08,9.24,9.45,9.19,9.34,98537
2020-04-09,9.38,9.81,9.38,9.6,196015
2020-04-10,9.62,9.73,9.43,9.54,120274
2020-04-13,9.45,9.7,9.33,9.38,108195
2020-04-14,9.48,9.87,9.35,9.75,241259
2020-04-15,9.81,9.96,9.64,9.69,227307
2020-04-16,9.59,10.27,9.54,10.09,328893
2020-04-17,10.08,10.2,9.81,9.91,251787
2020-04-20,9.97,10.27,9.97,10.22,240011
2020-04-21,10.16,10.17,9.75,9.89,217312
2020-04-22,9.75,10.2,9.66,10.01,210445
2020-04-23,10.04,10.09,9.59,9.66,268205
2020-04-24,9.58,9.64,9.14,9.16,292640
2020-04-27,9.16,9.4,9.0,9.04,191062
2020-04-28,9.05,9.17,8.61,9.05,240603
2020-04-29,9.04,9.15,8.9,9.03,107263
2020-04-30,9.23,9.47,9.23,9.36,206936
2020-05-06,9.23,9.38,9.09,9.31,370491
2020-05-07,9.32,9.5,9.24,9.31,254690
2020-05-08,9.36,9.42,9.26,9.3,256980
2020-05-11,9.36,9.39,9.12,9.15,272693
2020-05-12,9.14,9.22,9.05,9.16,215714
2020-05-13,9.13,9.37,9.06,9.33,282243
2020-05-14,9.3,9.46,9.15,9.29,240019
2020-05-15,9.35,9.45,9.2,9.22,159051
2020-05-18,9.24,9.29,8.97,8.98,247715
2020-05-19,9.05,9.1,8.9,9.04,180836
2020-05-20,9.06,9.1,8.87,8.94,150151
2020-05-21,8.98,8.98,8.72,8.76,172458
2020-05-22,8.82,8.82,8.47,8.57,141231
2020-05-25,8.57,8.57,8.37,8.47,130061
2020-05-26,8.5,8.66,8.46,8.58,110886
2020-05-27,8.57,8.65,8.46,8.52,95030
2020-05-28,8.53,8.7,8.42,8.55,144464
2020-05-29,8.53,8.59,8.42,8.44,134211
2020-06-01,8.49,8.89,8.49,8.86,214631
2020-06-02,8.9,8.97,8.84,8.94,121768
2020-06-03,8.95,8.99,8.87,8.93,130781
2020-06-04,8.94,8.98,8.72,8.79,100721
2020-06-05,8.91,8.91,8.67,8.72,132212
2020-06-08,8.77,8.88,8.64,8.84,184870
2020-06-09,8.84,8.84,8.7,8.71,123573
2020-06-10,8.71,8.78,8.54,8.76,176882
2020-06-11,8.72,8.91,8.65,8.81,217671
2020-06-12,8.66,9.37,8.59,9.36,383822
2020-06-15,9.3,9.45,9.22,9.27,183681
2020-06-16,9.58,9.79,9.3,9.31,307159
2020-06-17,9.43,9.49,9.25,9.3,198112
2020-06-18,9.37,9.57,9.27,9.49,163476
2020-06-19,9.53,9.58,9.4,9.43,173697
2020-06-22,9.47,9.65,9.23,9.43,282471
2020-06-23,9.56,9.84,9.48,9.72,359013
2020-06-24,9.76,9.86,9.61,9.72,160080
2020-06-29,9.72,9.72,9.29,9.48,212517
2020-06-30,9.58,9.65,9.39,9.45,159958
2020-07-01,9.48,9.53,9.29,9.45,164692
2020-07-02,9.46,9.8,9.43,9.61,296525
2020-07-03,9.67,9.91,9.61,9.85,305804
2020-07-06,10.11,10.3,9.91,10.17,342226
2020-07-07,10.34,10.5,10.19,10.27,470526
2020-07-08,10.34,10.59,10.22,10.59,390375
2020-07-09,10.63,10.75,10.46,10.74,381824
2020-07-10,10.74,10.74,10.38,10.63,349499
2020-07-13,10.56,10.71,10.45,10.64,371140
2020-07-14,10.64,10.96,10.5,10.86,414860
2020-07-15,10.97,11.04,10.44,10.63,327260
2020-07-16,10.65,10.85,10.12,10.18,281953
2020-07-17,10.16,10.27,9.78,10.05,248919
2020-07-20,10.21,11.25,10.13,11.18,601173
2020-07-21,11.32,11.42,11.05,11.2,319065
2020-07-22,11.2,11.29,10.9,11.0,292462
2020-07-23,10.86,11.0,10.58,10.76,226217
2020-07-24,10.76,11.0,9.87,10.0,336165
2020-07-27,10.11,10.23,9.79,9.92,219291
2020-07-28,10.0,10.09,9.83,9.93,201227
2020-07-29,9.87,10.13,9.76,10.13,218204
2020-07-30,10.05,10.2,9.97,10.13,173489
2020-07-31,10.13,10.42,10.04,10.19,216175
2020-08-03,10.21,10.49,10.2,10.46,245426
2020-08-04,10.44,10.61,10.33,10.5,210483
2020-08-05,10.5,10.74,10.39,10.66,217516
2020-08-06,10.64,10.77,10.37,10.4,249330
2020-08-07,10.45,10.61,10.27,10.55,202103
2020-08-10,10.48,10.6,10.32,10.46,152912
2020-08-11,10.42,10.53,9.94,9.98,211945
2020-08-12,10.0,10.11,9.72,10.09,165670
2020-08-13,10.04,10.28,10.0,10.0,115092
2020-08-14,10.0,10.19,9.9,10.15,110101
2020-08-17,10.19,10.72,10.19,10.64,208539
2020-08-18,10.68,11.0,10.62,10.87,207799
2020-08-19,10.86,11.3,10.74,11.0,307002
2020-08-20,10.97,11.14,10.79,10.88,164201
2020-08-21,11.07,11.09,10.69,10.85,141752
2020-08-24,10.96,11.27,10.87,11.09,196674
2020-08-25,11.15,11.53,11.1,11.23,253154
2020-08-26,11.15,11.37,10.83,11.11,183699
2020-08-27,11.07,11.08,10.79,10.92,105832
2020-08-28,10.91,11.32,10.84,11.29,145795
2020-08-31,11.26,11.57,10.8,10.86,211123
2020-09-01,10.86,11.12,10.85,11.03,144292
2020-09-02,11.12,11.4,10.9,11.22,207419
2020-09-03,11.22,11.34,10.81,10.87,211707
2020-09-04,10.63,10.68,10.28,10.36,243870
2020-09-07,10.32,10.39,9.95,9.96,228582
2020-09-08,9.96,10.14,9.87,10.01,171801
2020-09-09,9.88,9.98,9.58,9.6,265157
2020-09-10,9.69,9.74,9.47,9.58,187523
2020-09-11,9.54,9.55,9.27,9.41,185863
2020-09-14,9.53,9.61,9.35,9.57,170791
2020-09-15,9.57,9.76,9.47,9.61,191572
2020-09-16,9.56,9.72,9.5,9.69,124346
2020-09-17,9.62,9.72,9.51,9.6,119129
2020-09-18,9.63,9.73,9.49,9.72,147581
2020-09-21,9.79,9.83,9.55,9.57,130301
2020-09-22,9.57,9.61,9.32,9.36,155606
2020-09-23,9.42,9.44,9.28,9.36,93259
2020-09-24,9.32,9.5,9.06,9.08,165613
2020-09-25,9.13,9.31,9.09,9.28,108832
2020-09-28,9.37,9.46,9.32,9.36,83104
2020-09-29,9.34,9.44,9.18,9.25,125594
2020-09-30,9.27,9.38,9.2,9.31,145205
2020-10-09,9.41,9.57,9.39,9.53,197498
2020-10-12,9.61,9.99,9.58,9.99,274315
2020-10-13,9.95,9.95,9.79,9.95,116461
2020-10-14,10.05,10.12,9.94,10.11,185542
2020-10-15,10.08,10.1,9.94,10.02,83900
2020-10-16,10.04,10.13,9.79,9.82,121148
2020-10-19,9.98,9.99,9.73,9.84,81756
2020-10-20,9.75,9.9,9.71,9.84,107548
2020-10-21,9.82,9.86,9.4,9.46,148657
2020-10-22,9.5,9.84,9.35,9.81,152804
2020-10-23,9.86,9.91,9.58,9.64,96375
2020-10-26,9.72,9.84,9.55,9.77,77415
2020-10-27,9.73,9.78,9.58,9.76,74384
2020-10-28,9.86,10.34,9.73,10.24,283946
2020-10-29,10.13,10.39,10.11,10.17,146553
2020-10-30,10.17,10.25,9.76,9.91,171808
2020-11-02,10.11,10.72,10.08,10.63,310881
2020-11-03,10.77,10.79,10.52,10.64,190314
2020-11-04,10.68,10.8,10.44,10.52,195065
2020-11-05,10.68,10.88,10.57,10.7,268411
2020-11-06,10.73,11.1,10.63,10.83,280758
2020-11-09,11.03,11.3,10.89,11.29,371096
2020-11-10,11.23,11.35,11.01,11.07,239350
2020-11-11,11.16,11.29,11.07,11.14,195927
2020-11-12,11.2,11.54,10.93,11.41,234758
2020-11-13,11.37,11.59,11.25,11.55,222928
2020-11-16,11.67,11.72,11.43,11.7,241126
2020-11-17,11.67,11.91,11.53,11.75,269319
2020-11-18,11.73,11.76,11.31,11.52,280756
2020-11-19,11.48,11.59,11.33,11.49,150559
2020-11-20,11.53,11.84,11.45,11.75,201840
2020-11-23,11.78,12.06,11.64,11.89,236765
2020-11-24,11.89,12.98,11.85,12.77,556980
2020-11-25,12.76,12.77,12.25,12.26,333311
2020-11-26,12.24,12.24,11.17,11.28,415889
2020-11-27,11.38,11.9,11.32,11.78,376517
2020-11-30,11.79,11.79,11.4,11.55,188861
2020-12-01,11.51,11.58,11.23,11.46,217689
2020-12-02,11.41,11.45,11.05,11.11,233050
2020-12-03,11.11,11.17,10.85,10.95,208135
2020-12-04,10.94,11.02,10.77,10.94,148038
2020-12-07,10.86,11.1,10.81,10.92,137261
2020-12-08,10.87,11.06,10.87,10.98,114014
2020-12-09,11.12,11.26,10.79,10.83,161971
2020-12-10,10.88,10.96,10.7,10.88,106565
2020-12-11,10.87,10.92,10.62,10.81,159857
2020-12-14,10.71,10.81,10.54,10.68,101117
2020-12-15,10.71,11.08,10.66,11.07,152294
2020-12-16,11.14,11.79,11.03,11.34,269243
2020-12-17,11.4,11.59,11.27,11.48,172547
2020-12-18,11.7,11.9,11.54,11.87,240295
2020-12-21,11.87,12.48,11.79,12.47,302468
2020-12-22,12.48,12.75,12.06,12.15,326761
2020-12-23,12.29,13.0,12.25,12.88,348572
2020-12-24,12.95,13.11,12.65,12.86,139097
2020-12-25,12.85,13.23,12.66,12.83,167317
2020-12-28,12.98,13.57,12.96,13.39,292596
2020-12-29,13.31,13.39,12.94,13.14,172292
2020-12-30,13.11,13.4,12.91,13.06,165127
2020-12-31,13.0,13.28,12.85,13.27,159180
2021-01-04,13.42,13.91,13.32,13.34,251191
2021-01-05,13.29,13.59,13.0,13.59,261020
2021-01-06,13.52,13.59,12.87,13.11,289740
2021-01-07,13.02,13.64,12.99,13.64,262385
2021-01-08,13.69,14.38,13.68,13.99,337429
2021-01-11,14.1,14.36,13.3,13.39,401390
2021-01-12,13.46,13.81,13.26,13.76,224533
2021-01-13,13.86,14.13,13.42,13.81,252062
2021-01-14,13.81,14.23,13.54,13.81,303446
2021-01-15,13.72,14.01,13.29,13.46,185685
2021-01-18,13.37,15.02,13.25,14.61,558822
2021-01-19,14.73,14.91,14.48,14.86,399857
2021-01-20,14.69,15.33,14.61,14.93,235948
2021-01-21,15.14,15.48,14.79,15.14,244131
2021-01-22,15.4,16.31,15.09,15.89,367187
2021-01-25,15.72,16.41,15.53,16.33,348466
2021-01-26,16.36,16.4,15.48,15.76,285667
2021-01-27,15.63,16.12,15.37,16.07,205403
2021-01-28,15.64,15.75,14.79,14.92,287713
2021-01-29,15.14,15.31,14.62,14.92,176041
2021-02-01,14.82,15.35,14.71,15.08,184698
2021-02-02,15.08,15.64,14.91,15.5,196112
2021-02-03,15.5,15.71,15.29,15.41,184898
2021-02-04,15.43,15.54,14.62,15.0,255066
2021-02-05,15.09,15.28,14.65,14.82,273871
2021-02-08,14.85,15.83,14.62,15.82,245596
2021-02-09,15.92,17.22,15.9,17.21,360616
2021-02-10,17.15,17.53,16.82,17.44,206382
2021-02-18,17.77,18.01,16.72,16.92,267347
2021-02-19,17.05,17.06,16.48,16.7,233796
2021-02-22,16.64,16.73,15.75,15.79,233074
2021-02-23,15.72,15.92,15.15,15.22,246904
2021-02-24,15.34,15.42,14.28,14.56,231289
2021-02-25,14.75,14.84,14.21,14.23,209023
2021-02-26,14.05,14.58,13.86,14.32,265712
2021-03-01,14.55,15.21,14.53,14.84,270983
2021-03-02,15.37,16.54,15.37,16.16,574416
2021-03-03,15.83,15.83,14.93,15.11,459696
2021-03-04,14.73,14.92,14.1,14.35,228550
2021-03-05,14.19,14.9,14.16,14.58,176543
2021-03-08,14.65,14.74,13.32,13.37,311503
2021-03-09,13.37,14.04,12.94,13.31,284548
2021-03-10,13.81,13.94,13.35,13.4,148942
2021-03-11,13.43,13.72,13.35,13.7,129174
2021-03-12,13.7,14.5,13.57,14.46,267377
2021-03-15,14.22,14.68,14.1,14.45,202758
2021-03-16,14.47,15.49,14.47,15.2,315940
2021-03-17,15.02,15.63,14.78,15.59,219318
2021-03-18,15.42,15.73,15.25,15.6,165773
2021-03-19,15.26,15.46,14.79,14.91,175007
2021-03-22,15.16,16.38,15.13,16.25,257625
2021-03-23,16.33,16.59,16.03,16.41,188037
2021-03-24,16.07,16.38,15.59,15.72,182860
2021-03-25,15.54,16.29,15.39,15.89,127924
2021-03-26,15.89,16.53,15.84,16.19,145605
2021-03-29,16.36,17.03,16.36,16.71,152205
2021-03-30,16.44,16.67,16.04,16.11,195060
2021-03-31,16.21,16.21,15.52,15.92,160740
2021-04-01,15.89,16.67,15.76,16.28,114427
2021-04-02,16.33,16.59,16.05,16.14,82756
2021-04-06,16.12,16.38,15.75,16.29,82133
2021-04-07,16.24,16.25,15.79,16.12,115593
2021-04-08,15.95,16.47,15.82,16.3,94175
2021-04-09,16.41,17.03,16.23,16.3,150232
2021-04-12,16.58,16.67,15.53,15.59,235102
2021-04-13,15.37,15.65,15.05,15.52,137336
2021-04-14,15.33,16.01,15.13,15.85,124111
2021-04-15,15.76,15.84,15.2,15.65,129839
2021-04-16,15.63,15.74,15.12,15.37,155458
2021-04-19,15.55,16.01,15.2,15.95,126179
2021-04-20,15.95,16.41,15.84,16.3,93776
2021-04-21,16.2,16.53,16.02,16.3,120213
2021-04-22,16.4,16.47,15.93,16.12,80615
2021-04-23,16.03,17.32,15.9,16.87,234866
2021-04-26,16.88,17.06,16.24,16.37,166450
2021-04-27,16.28,16.36,15.6,15.76,172588
2021-04-28,15.86,16.57,15.76,16.52,161395
2021-04-29,16.42,16.71,16.24,16.45,133500
2021-04-30,16.7,16.7,16.12,16.4,128820
2021-05-06,16.12,16.38,15.61,15.76,178128
2021-05-07,15.78,16.09,15.08,15.14,161767
2021-05-10,15.2,15.48,14.73,15.04,151016
2021-05-11,14.96,14.96,14.42,14.94,129993
2021-05-12,14.81,14.98,14.63,14.91,98400
2021-05-13,14.71,14.87,14.39,14.53,110511
2021-05-14,14.53,15.12,14.5,15.02,166637
2021-05-17,15.08,15.32,14.77,14.94,131267
2021-05-18,14.94,15.16,14.68,14.85,72486
2021-05-19,14.68,14.94,14.58,14.84,76203
2021-05-20,15.28,15.46,15.06,15.3,164390
2021-05-21,15.3,15.35,14.7,14.7,142344
2021-05-24,14.53,14.68,13.81,14.0,323306
2021-05-25,13.97,14.56,13.8,14.56,213665
2021-05-26,14.56,15.31,14.5,15.06,177772
2021-05-27,15.17,15.57,14.86,15.55,163929
2021-05-28,15.57,15.67,15.22,15.41,106621
2021-05-31,15.61,15.9,15.37,15.9,129064
2021-06-01,15.92,15.94,15.21,15.43,128435
2021-06-02,15.4,15.65,15.26,15.42,88745
2021-06-03,15.26,15.49,14.97,14.98,91719
2021-06-04,14.98,16.0,14.86,15.83,179974
2021-06-07,15.83,15.83,15.14,15.22,124055
2021-06-08,15.18,16.16,15.18,15.99,229425
2021-06-09,15.83,16.08,15.56,15.79,114388
2021-06-10,15.82,15.83,15.37,15.5,161230
2021-06-11,15.46,15.49,14.59,14.84,294515
2021-06-15,14.83,14.83,14.3,14.55,160363
2021-06-16,14.49,14.56,14.18,14.28,111528
2021-06-17,14.39,14.5,13.94,14.03,159842
2021-06-18,14.08,14.67,14.04,14.48,141725
2021-06-21,14.4,14.4,13.99,14.3,150831
2021-06-22,14.36,14.37,14.08,14.16,108547
2021-06-23,14.25,14.71,14.24,14.37,139294
2021-06-24,14.32,14.73,13.89,14.6,201960
2021-06-25,14.62,14.88,14.45,14.71,152082
2021-06-28,14.72,14.94,14.36,14.49,160598
2021-06-29,14.58,14.61,14.18,14.37,144711
2021-06-30,14.28,14.33,14.05,14.28,129455
2021-07-01,14.4,14.8,14.3,14.35,170657
2021-07-02,14.49,14.69,14.25,14.6,240308
2021-07-05,14.55,14.91,14.44,14.9,176990
2021-07-06,14.9,14.9,14.55,14.7,120547
2021-07-07,14.69,15.53,14.6,15.41,261790
2021-07-08,15.43,15.79,15.27,15.51,188622
2021-07-09,15.57,15.77,15.34,15.71,178309
2021-07-12,15.78,16.47,15.5,16.26,239310
2021-07-13,16.51,16.62,16.08,16.41,173787
2021-07-14,16.41,16.59,16.05,16.39,154775
2021-07-15,16.37,16.87,16.23,16.67,141792
2021-07-16,16.61,16.71,16.08,16.12,166922
2021-07-19,16.14,16.65,15.96,16.16,136609
2021-07-20,16.03,16.47,15.85,16.36,125123
2021-07-21,16.44,16.99,16.17,16.85,193219
2021-07-22,16.89,17.03,16.25,16.47,188981
2021-07-23,16.44,17.58,16.34,17.23,283530
2021-07-26,17.25,19.14,17.25,18.84,608092
2021-07-27,18.81,18.82,17.6,17.73,427470
2021-07-28,17.08,18.1,17.05,17.33,352232
2021-07-29,17.76,18.69,17.58,18.14,349536
2021-07-30,18.27,20.14,18.23,19.92,573341
2021-08-02,20.71,20.98,18.89,20.39,547474
2021-08-03,20.17,21.16,19.69,19.94,321177
2021-08-04,19.94,20.46,19.36,20.38,299541
2021-08-05,20.5,20.57,19.23,19.6,302973
2021-08-06,19.21,19.99,19.17,19.3,244240
2021-08-09,19.32,19.32,18.59,19.12,219988
2021-08-10,19.01,20.08,18.89,19.27,276353
2021-08-11,19.67,20.3,19.2,20.17,367494
2021-08-12,20.1,20.48,19.46,19.77,212429
2021-08-13,19.78,20.36,19.51,19.94,204378
2021-08-16,19.63,19.8,18.39,18.46,355029
2021-08-17,18.38,19.23,18.33,18.48,300032
2021-08-18,18.8,19.76,18.48,19.37,268474
2021-08-19,19.86,19.86,19.01,19.54,235314
2021-08-20,19.53,19.85,18.96,19.7,250002
2021-08-23,19.75,20.71,19.49,20.64,345219
2021-08-24,20.81,21.6,20.37,20.78,335003
2021-08-25,20.71,21.73,20.45,21.65,238301
2021-08-26,21.74,21.83,20.26,20.28,220948
2021-08-27,20.28,20.49,19.67,20.12,201293
2021-08-30,20.34,21.2,20.28,20.85,245628
2021-08-31,20.54,23.12,20.38,22.45,457848
2021-09-01,22.79,23.97,21.13,21.36,724223
2021-09-02,21.75,23.68,21.61,23.68,693304
2021-09-03,23.97,25.22,22.67,23.0,676391
2021-09-06,23.28,23.48,20.66,21.75,544347
2021-09-07,21.82,21.88,20.92,21.39,448402
2021-09-08,21.29,21.94,19.74,20.29,706670
2021-09-09,20.22,20.22,18.96,19.64,602112
2021-09-10,20.07,21.26,19.93,20.45,746985
2021-09-13,20.92,21.37,20.34,20.5,410538
2021-09-14,20.72,20.8,19.74,20.14,261462
2021-09-15,20.14,20.9,19.77,20.85,290897
2021-09-16,21.44,21.87,20.84,21.25,409357
2021-09-17,21.05,23.48,20.92,22.87,484868
2021-09-22,22.51,25.01,22.51,24.18,489372
2021-09-23,23.92,24.96,22.42,22.68,638919
2021-09-24,22.44,22.64,21.49,22.13,380363
2021-09-27,22.52,23.43,21.72,21.89,352507
2021-09-28,21.82,22.94,21.63,22.69,312925
2021-09-29,22.3,22.95,21.62,21.89,291497
2021-09-30,21.75,23.27,21.75,23.08,370467
2021-10-08,23.37,23.86,22.14,22.81,377247
2021-10-11,22.64,22.98,20.95,20.97,441349
2021-10-12,21.33,21.6,20.12,20.56,275183
2021-10-13,20.36,20.94,20.08,20.71,168713
2021-10-14,20.71,21.62,20.51,21.4,150004
2021-10-15,21.19,22.27,20.71,21.98,261831
2021-10-18,21.98,23.51,21.8,23.44,351062
2021-10-19,22.92,23.66,22.83,23.38,215173
2021-10-20,23.6,23.82,23.21,23.59,217516
2021-10-21,23.6,24.23,23.16,23.94,228987
2021-10-22,24.13,24.13,22.86,23.48,187483
2021-10-25,23.55,26.02,23.55,26.02,538837
2021-10-26,25.78,26.4,24.91,25.42,421470
2021-10-27,25.64,26.12,24.92,25.57,274691
2021-10-28,25.62,26.04,25.08,25.84,255523
2021-10-29,25.88,26.05,24.53,25.17,314160
2021-11-01,25.35,25.43,22.86,23.69,547689
2021-11-02,23.69,23.9,22.95,23.42,275567
2021-11-03,23.42,23.72,22.86,23.45,243985
2021-11-04,24.03,25.0,23.76,24.37,307908
2021-11-05,24.35,24.35,23.14,23.82,205271
2021-11-08,24.18,24.93,23.49,24.32,211231
2021-11-09,24.5,24.86,24.1,24.63,165537
2021-11-10,24.53,24.53,22.98,23.16,257478
2021-11-11,23.07,23.59,22.63,23.4,253111
2021-11-12,24.18,25.92,23.69,25.22,569444
2021-11-15,26.12,27.75,25.0,25.1,730316
2021-11-16,25.36,25.5,24.46,24.61,286188
2021-11-17,24.64,25.71,23.85,25.45,344998
2021-11-18,24.95,26.58,24.71,26.18,287398
2021-11-19,25.92,26.58,25.5,26.0,262937
2021-11-22,26.19,26.46,25.6,26.0,294629
2021-11-23,26.01,27.13,25.71,26.54,279075
2021-11-24,26.19,26.87,25.92,26.55,187849
2021-11-25,26.61,29.39,26.61,29.39,660853
2021-11-26,29.04,29.46,27.66,29.32,582575
2021-11-29,28.65,30.53,27.95,28.02,541924
2021-11-30,28.01,28.17,26.68,26.89,565707
2021-12-01,26.71,27.13,26.1,26.76,422972
2021-12-02,26.56,27.48,26.19,27.35,292107
2021-12-03,27.03,27.6,26.33,27.42,218844
2021-12-06,27.28,28.53,27.02,27.24,267084
2021-12-07,27.17,27.64,26.53,26.98,282966
2021-12-08,27.12,28.17,26.64,27.95,279838
2021-12-09,27.94,28.21,26.54,26.63,391329
2021-12-10,26.61,26.92,26.04,26.37,352332
2021-12-13,26.59,29.2,26.59,28.6,791256
2021-12-14,28.3,30.14,27.85,29.46,502852
2021-12-15,29.35,31.38,28.85,29.64,621613
2021-12-16,29.94,30.07,28.84,29.45,262586
2021-12-17,29.09,29.86,28.26,28.35,406607
2021-12-20,28.0,28.83,27.37,27.51,308032
2021-12-21,27.3,28.35,27.04,28.24,273462
2021-12-22,28.24,28.62,27.58,27.89,183851
2021-12-23,28.07,29.61,27.55,29.6,372587
2021-12-24,29.38,30.06,28.69,29.18,258289
2021-12-27,29.04,30.01,26.08,26.88,676506
2021-12-28,26.96,27.34,25.89,26.9,461714
2021-12-29,26.92,27.36,24.92,25.64,604113
2021-12-30,25.98,26.82,25.57,26.09,367036
2021-12-31,26.61,26.68,25.57,25.94,232578
2022-01-04,25.97,26.11,24.8,25.02,400649
2022-01-05,24.96,25.15,23.82,24.28,439494
2022-01-06,23.89,24.46,23.48,24.26,471437
2022-01-07,24.21,24.52,23.58,23.67,329603
2022-01-10,23.65,24.18,23.03,23.87,339799
2022-01-11,23.81,24.58,23.57,24.35,360519
2022-01-12,25.66,26.33,25.05,25.36,646651
2022-01-13,25.62,25.67,25.08,25.55,357756
2022-01-14,25.22,25.36,24.45,24.69,311210
2022-01-17,24.69,25.33,24.1,24.27,315936
2022-01-18,24.28,25.49,24.14,25.29,365185
2022-01-19,25.53,26.76,25.22,26.14,433785
2022-01-20,26.19,26.75,25.22,25.63,238250
2022-01-21,25.71,25.78,24.37,24.66,243704
2022-01-24,24.45,25.08,24.29,24.6,166615
2022-01-25,24.28,24.67,22.94,23.12,327018
2022-01-26,23.48,24.73,23.42,24.72,344344
2022-01-27,24.97,24.97,23.61,23.66,287581
2022-01-28,23.97,24.08,22.03,22.44,438358
2022-02-07,23.14,23.31,22.51,22.96,225398
2022-02-08,23.05,23.06,21.75,22.12,288091
2022-02-09,21.99,22.14,20.96,22.11,385927
2022-02-10,21.95,22.06,21.05,21.47,274440
2022-02-11,21.33,21.47,20.58,20.65,397796
2022-02-14,20.38,20.69,20.04,20.32,310764
2022-02-15,20.55,21.39,20.32,21.28,263108
2022-02-16,21.64,21.64,20.91,20.96,231297
2022-02-17,21.08,22.07,20.88,21.9,412329
2022-02-18,21.74,21.82,21.2,21.57,213570
2022-02-21,21.67,22.23,21.21,21.65,299758
2022-02-22,21.36,21.51,20.92,21.44,203081
2022-02-23,21.44,22.42,21.28,22.39,272124
2022-02-24,22.1,22.91,21.78,22.17,306012
2022-02-25,22.52,23.09,22.21,22.37,193697
2022-02-28,22.37,22.82,22.08,22.69,200565
2022-03-01,23.03,23.17,22.58,22.65,203865
2022-03-02,22.53,22.85,21.75,21.88,308036
2022-03-03,22.1,22.35,21.37,21.46,210264
2022-03-04,21.19,21.67,21.05,21.35,202498
2022-03-07,21.35,21.37,20.43,20.64,295318
2022-03-08,20.87,21.45,20.52,20.85,358257
2022-03-09,21.2,21.9,20.65,21.78,463849
2022-03-10,22.62,23.05,22.14,22.8,400825
2022-03-11,22.55,22.79,21.97,22.61,293680
2022-03-14,22.21,22.61,21.88,21.92,230938
2022-03-15,21.69,22.33,20.5,20.67,359100
2022-03-16,20.96,21.12,18.42,18.91,1067548
2022-03-17,19.28,20.34,18.96,19.72,718881
2022-03-18,19.67,19.67,18.53,19.53,401571
2022-03-21,19.49,20.16,19.26,19.86,240267
2022-03-22,19.81,20.12,19.06,19.26,230938
2022-03-23,19.62,20.54,19.36,20.31,380884
2022-03-24,20.15,20.33,19.84,20.19,193938
2022-03-25,20.19,20.26,19.5,19.56,194812
2022-03-28,19.14,19.55,18.96,19.17,166329
2022-03-29,19.18,19.32,18.64,18.75,253777
2022-03-30,19.03,20.01,18.84,19.99,342977
2022-03-31,19.98,20.12,19.42,20.01,286806
2022-04-01,19.85,20.01,19.46,19.53,207411
2022-04-06,19.67,19.77,18.86,19.04,209035
2022-04-07,18.97,19.42,18.85,19.04,166926
2022-04-08,19.08,19.48,18.84,19.06,138571
2022-04-11,18.83,18.83,17.45,17.58,323442
2022-04-12,17.93,18.44,17.69,18.28,220959
2022-04-13,18.27,18.28,17.58,17.93,160457
2022-04-14,17.98,18.54,17.86,18.29,150130
2022-04-15,18.1,18.23,17.78,17.95,114248
2022-04-18,17.72,18.67,17.66,18.48,130246
2022-04-19,18.65,18.82,18.08,18.14,124592
2022-04-20,18.12,18.23,17.6,17.64,162649
2022-04-21,17.26,17.62,16.62,16.78,224442
2022-04-22,16.61,16.95,16.4,16.73,167549
2022-04-25,16.37,16.59,16.09,16.19,243479
2022-04-26,16.23,16.42,15.9,16.07,241258
2022-04-27,16.36,17.86,16.26,17.86,411426
2022-04-28,18.0,18.67,17.86,18.44,300490
2022-04-29,19.14,20.46,18.38,20.36,403225
2022-05-05,21.46,21.46,19.67,19.91,350315
2022-05-06,19.43,20.53,19.34,20.01,187478
2022-05-09,19.67,20.47,19.61,20.3,118708
2022-05-10,20.51,21.01,20.01,20.37,330117
2022-05-11,20.37,21.15,20.15,20.78,276934
2022-05-12,20.53,21.44,20.46,21.33,239002
2022-05-13,21.39,21.4,20.75,21.01,159027
2022-05-16,21.26,21.61,20.88,21.25,99370
2022-05-17,21.31,21.93,20.94,21.89,160646
2022-05-18,21.94,21.99,21.17,21.51,181907
2022-05-19,21.17,21.88,21.0,21.64,109976
2022-05-20,21.85,22.3,21.23,22.23,304310
2022-05-23,22.05,22.05,20.94,21.65,232711
2022-05-24,21.47,21.78,20.67,20.69,228375
2022-05-25,20.64,21.7,20.3,21.53,240490
2022-05-26,21.28,21.61,20.75,21.37,166635
2022-05-27,21.48,22.07,21.12,21.26,120998
2022-05-30,21.35,21.85,20.96,21.76,164137
2022-05-31,22.42,22.65,21.76,21.92,376662
2022-06-01,21.89,22.69,21.75,22.6,293830
2022-06-02,22.98,22.98,22.17,22.62,214517
2022-06-06,22.45,22.69,21.85,22.14,322437
2022-06-07,21.99,22.1,21.26,21.89,249430
2022-06-08,21.75,21.88,20.74,21.34,358816
2022-06-09,21.44,21.85,21.05,21.33,214406
2022-06-10,20.98,21.55,20.92,21.54,212105
2022-06-13,21.19,21.51,20.9,21.27,209273
2022-06-14,20.85,21.05,19.69,20.42,330528
2022-06-15,20.22,20.77,20.01,20.28,217664
2022-06-16,20.27,20.92,20.23,20.7,193121
2022-06-17,20.74,21.31,20.43,21.02,215960
2022-06-20,21.27,21.46,20.73,20.82,253549
2022-06-21,20.98,21.12,20.44,20.83,201984
2022-06-22,21.09,21.29,20.43,20.47,210764
2022-06-23,20.42,21.91,20.18,21.73,315859
2022-06-24,22.07,22.25,21.64,22.06,228306
2022-06-27,22.31,22.31,21.64,21.87,274584
2022-06-28,21.93,21.93,21.26,21.74,203916
2022-06-29,21.76,21.81,20.67,20.72,354286
2022-06-30,20.67,21.16,20.67,20.92,165712
2022-07-01,20.92,21.3,20.82,20.99,140795
2022-07-04,20.76,21.73,20.69,21.71,345266
2022-07-05,21.83,22.15,21.51,22.01,380539
2022-07-06,21.99,22.59,21.34,21.66,313942
2022-07-07,21.68,22.81,21.35,22.57,380755
2022-07-08,22.81,23.01,22.09,22.23,384376
2022-07-11,22.49,23.25,22.2,22.67,549564
2022-07-12,22.49,23.42,22.37,22.43,449407
2022-07-13,22.26,23.37,22.21,23.19,545015
2022-07-14,23.18,23.7,22.76,23.06,385263
2022-07-15,23.07,24.16,23.01,23.54,504430
2022-07-18,23.54,23.84,23.01,23.59,372563
2022-07-19,23.6,23.6,22.6,22.68,334653
2022-07-20,22.82,22.9,22.46,22.69,189755
2022-07-21,22.59,23.41,22.35,22.86,273483
2022-07-22,22.86,23.51,22.86,23.21,239159
2022-07-25,23.09,23.11,21.98,22.11,250297
2022-07-26,21.96,22.55,21.94,22.46,151699
2022-07-27,22.46,22.6,21.84,22.56,257751
2022-07-28,22.56,22.66,22.09,22.13,167987
2022-07-29,22.42,23.98,22.42,22.74,498764
2022-08-01,22.82,22.82,21.92,22.64,244723
2022-08-02,22.31,22.31,21.42,21.86,278412
2022-08-03,22.14,22.88,21.99,22.21,303140
2022-08-04,22.71,23.32,22.46,22.8,306734
2022-08-05,22.76,22.79,22.21,22.57,185041
2022-08-08,22.32,22.71,22.07,22.51,141940
2022-08-09,22.5,22.96,22.26,22.36,191674
2022-08-10,22.26,22.38,21.96,22.17,132364
2022-08-11,22.45,22.45,22.02,22.27,168613
2022-08-12,22.23,22.44,21.82,21.84,193131
2022-08-15,21.83,22.3,21.77,22.26,176272
2022-08-16,22.26,22.9,22.21,22.23,235990
2022-08-17,22.51,22.92,22.31,22.53,287419
2022-08-18,22.51,22.96,22.4,22.56,255270
2022-08-19,22.47,22.56,21.99,22.3,173422
2022-08-22,22.43,22.66,22.26,22.48,159218
2022-08-23,22.42,22.86,22.2,22.69,268730
2022-08-24,22.74,23.07,22.05,22.07,265068
2022-08-25,22.2,22.24,20.71,21.11,319747
2022-08-26,21.17,21.98,21.17,21.64,228773
2022-08-29,21.37,22.46,21.17,22.42,240769
2022-08-30,22.57,22.81,22.18,22.24,179137
2022-08-31,22.01,22.17,21.3,21.3,320799
2022-09-01,21.48,21.88,21.05,21.18,186807
2022-09-02,21.01,21.19,20.17,20.39,243193
2022-09-05,20.39,20.58,19.92,20.2,152313
2022-09-06,20.31,20.71,20.01,20.55,157769
2022-09-07,20.21,20.62,20.21,20.51,177980
2022-09-08,20.55,20.58,20.2,20.21,142850
2022-09-09,20.33,20.71,20.09,20.49,200250
2022-09-13,20.5,20.64,20.18,20.39,127467
2022-09-14,20.16,20.25,19.43,19.66,273203
2022-09-15,19.76,19.83,18.7,18.92,293705
2022-09-16,18.96,19.36,18.67,18.8,212203
2022-09-19,18.8,19.31,18.72,19.09,131450
2022-09-20,19.11,19.24,19.01,19.12,102721
2022-09-21,19.06,19.35,18.76,19.0,131105
2022-09-22,18.66,19.16,18.26,19.0,154784
2022-09-23,19.06,19.3,18.97,19.2,159775
2022-09-26,19.01,19.28,18.66,18.67,142611
2022-09-27,18.75,19.2,18.74,19.13,137131
2022-09-28,19.11,19.11,18.22,18.3,160038
2022-09-29,18.38,19.08,18.38,18.95,190689
2022-09-30,18.83,19.31,18.83,19.15,159917
2022-10-10,19.83,19.83,18.81,18.82,166761
2022-10-11,18.76,19.34,18.76,19.29,149865
2022-10-12,19.48,19.84,19.14,19.84,163069
2022-10-13,19.77,19.91,19.51,19.76,122097
2022-10-14,20.01,20.16,19.76,19.96,162961
2022-10-17,19.88,19.96,19.42,19.66,161991
2022-10-18,19.75,19.97,19.57,19.77,96431
2022-10-19,19.82,20.07,19.63,19.67,113273
2022-10-20,19.59,19.92,19.26,19.76,130616
2022-10-21,19.71,20.09,19.66,19.74,110093
2022-10-24,19.63,20.06,19.3,19.46,158565
2022-10-25,19.46,19.83,19.09,19.56,178251
2022-10-26,19.56,20.31,19.39,20.16,191791
2022-10-27,20.3,20.48,19.82,19.86,142537
2022-10-28,19.76,20.16,18.67,18.97,209456
2022-10-31,18.51,19.07,18.26,18.76,204715
2022-11-01,19.16,20.17,18.88,20.14,323366
2022-11-02,20.18,20.66,19.72,20.3,252807
2022-11-03,20.25,20.46,20.01,20.26,169143
2022-11-04,20.2,21.07,20.1,20.67,294729
2022-11-07,20.67,20.88,20.45,20.63,175765
2022-11-08,20.64,20.77,20.32,20.71,203229
2022-11-09,20.71,20.72,20.09,20.25,157299
2022-11-10,20.14,20.17,19.48,19.77,223887
2022-11-11,20.24,20.41,19.96,20.21,188235
2022-11-14,20.5,20.66,19.83,19.91,172351
2022-11-15,19.7,20.08,19.61,19.9,202805
2022-11-16,19.91,19.91,19.26,19.4,248124
2022-11-17,19.34,19.56,19.26,19.55,127344
2022-11-18,19.59,20.63,19.51,20.42,366624
2022-11-21,20.42,21.34,20.4,20.76,434774
2022-11-22,20.96,21.02,20.13,20.57,181496
2022-11-23,20.36,21.14,20.35,21.05,208468
2022-11-24,21.13,21.26,20.8,20.9,124946
2022-11-25,20.76,21.05,20.42,20.88,142220
2022-11-28,20.88,21.16,20.55,20.85,231502
2022-11-29,20.66,21.04,20.57,20.83,182869
2022-11-30,20.91,20.91,20.17,20.56,311466
2022-12-01,20.52,20.62,20.08,20.16,355552
2022-12-02,20.09,20.43,20.0,20.28,178826
2022-12-05,20.38,20.48,20.14,20.41,205519
2022-12-06,20.36,20.72,20.28,20.7,236739
2022-12-07,20.7,20.89,20.51,20.68,179523
2022-12-08,20.5,20.86,20.35,20.56,210912
2022-12-09,20.38,20.55,19.82,20.42,669586
2022-12-12,20.09,20.26,19.71,20.21,271495
2022-12-13,20.07,20.41,19.72,19.81,167183
2022-12-14,19.67,19.88,19.09,19.09,298517
2022-12-15,19.09,19.42,19.09,19.42,168094
2022-12-16,19.28,19.66,19.26,19.59,151328
2022-12-19,19.53,19.57,19.3,19.41,95607
2022-12-20,19.26,19.48,18.97,19.09,104792
2022-12-21,18.99,19.17,18.69,18.81,139473
2022-12-22,18.96,19.07,18.55,18.78,151784
2022-12-23,18.73,19.06,18.66,18.81,73618
2022-12-26,18.84,19.88,18.84,19.79,187337
2022-12-27,19.85,19.96,19.57,19.64,77249
2022-12-28,19.63,19.73,19.32,19.44,121430
2022-12-29,19.2,19.56,19.2,19.4,92127
2022-12-30,19.41,19.57,18.74,18.76,271977
2023-01-03,18.68,19.46,18.62,19.36,243132
2023-01-04,19.4,19.44,18.41,18.56,292062
2023-01-05,18.58,18.88,18.51,18.77,301322
2023-01-06,18.66,19.15,18.56,18.89,323240
2023-01-09,19.2,20.05,19.2,19.95,485940
2023-01-10,19.88,20.51,19.61,20.26,288392
2023-01-11,20.25,20.49,19.96,20.02,149368
2023-01-12,20.03,20.71,20.03,20.51,235974
2023-01-13,20.46,20.57,20.21,20.51,188784
2023-01-16,20.59,21.0,20.42,20.75,233637
2023-01-17,21.06,21.43,20.92,21.09,216847
2023-01-18,21.21,21.32,20.81,20.95,150578
2023-01-19,21.09,21.09,20.65,20.86,212624
2023-01-20,20.84,20.97,20.61,20.75,241888
2023-01-30,21.09,21.09,20.36,20.39,259754
2023-01-31,20.34,20.59,20.24,20.41,185105
2023-02-01,20.46,20.57,20.13,20.51,168515
2023-02-02,20.51,20.61,20.26,20.28,176315
2023-02-03,20.26,20.37,19.96,20.2,193665
2023-02-06,20.36,20.55,19.94,20.11,199948
2023-02-07,20.21,20.32,20.01,20.21,115585
2023-02-08,20.3,20.39,20.1,20.16,101324
2023-02-09,20.06,20.27,19.99,20.16,138317
2023-02-10,20.03,20.1,19.69,19.78,198887
2023-02-13,19.82,19.91,19.68,19.75,157199
2023-02-14,19.88,20.57,19.81,20.57,335226
2023-02-15,20.7,20.7,20.17,20.43,198572
2023-02-16,20.34,20.37,19.61,19.8,246353
2023-02-17,19.8,19.87,19.51,19.59,162515
2023-02-20,19.62,19.82,19.28,19.77,167834
2023-02-21,19.76,20.13,19.72,20.05,165534
2023-02-22,19.99,20.05,19.84,19.86,106405
2023-02-23,19.86,20.01,19.7,19.92,97406
2023-02-24,19.92,20.29,19.86,20.01,204359
2023-02-27,19.92,20.47,19.88,20.3,197678
2023-02-28,20.3,20.41,20.01,20.3,119036
2023-03-01,20.34,20.46,20.13,20.31,160250
2023-03-02,20.26,20.51,20.25,20.39,133053
2023-03-03,20.46,20.85,20.31,20.63,257201
2023-03-06,20.65,20.88,20.27,20.82,283711
2023-03-07,20.83,20.95,20.47,20.56,182490
2023-03-08,20.42,20.66,20.26,20.47,133001
2023-03-09,20.58,20.58,20.18,20.21,109222
2023-03-10,20.2,20.36,20.06,20.14,133173
2023-03-13,20.09,20.76,19.99,20.67,199842
2023-03-14,20.59,20.67,20.11,20.3,173670
2023-03-15,20.45,20.85,20.35,20.6,148070
2023-03-16,20.51,20.68,19.93,20.01,197542
2023-03-17,20.22,21.31,20.19,21.22,480106
2023-03-20,21.21,21.45,21.02,21.31,264513
2023-03-21,21.44,21.47,21.06,21.18,179096
2023-03-22,21.26,21.3,20.86,21.02,140006
2023-03-23,20.92,21.06,20.67,20.9,160789
2023-03-24,21.01,21.56,20.74,21.41,292359
2023-03-27,21.18,21.7,21.01,21.44,253740
2023-03-28,21.58,22.0,21.36,21.47,292233
2023-03-29,21.62,21.77,21.22,21.24,135741
2023-03-30,21.16,21.41,21.05,21.38,125704
2023-03-31,21.26,21.38,20.86,21.01,155613
2023-04-03,21.17,21.17,20.88,21.01,129447
2023-04-04,21.06,21.06,20.42,20.84,177528
2023-04-06,20.76,20.82,20.47,20.64,123278
2023-04-07,20.64,21.06,20.51,21.06,109048
2023-04-10,20.92,21.16,20.64,20.99,147799
2023-04-11,20.79,20.96,20.44,20.81,147237
2023-04-12,20.92,21.04,20.59,20.67,134399
2023-04-13,20.67,20.96,20.49,20.86,197859
2023-04-14,20.92,20.99,20.57,20.8,165912
2023-04-17,20.74,21.0,20.57,20.66,166482
2023-04-18,20.72,21.42,20.72,21.08,250152
2023-04-19,21.09,21.13,20.68,20.77,150651
2023-04-20,20.78,20.85,20.51,20.63,136621
2023-04-21,20.63,20.76,20.08,20.16,163284
2023-04-24,20.09,20.33,19.96,20.13,116731
2023-04-25,20.13,20.21,19.34,19.58,208818
2023-04-26,19.76,20.06,19.66,19.76,119945
2023-04-27,19.74,19.85,19.44,19.69,141811
2023-04-28,20.06,20.33,19.77,20.19,150780
2023-05-04,20.19,20.57,20.07,20.49,159724
2023-05-05,20.42,20.46,20.07,20.15,101621
2023-05-08,20.16,20.66,20.16,20.31,168319
2023-05-09,20.21,20.46,19.85,20.31,169585
2023-05-10,20.26,21.37,20.24,20.92,294468
2023-05-11,20.96,21.16,20.76,21.06,162789
2023-05-12,20.96,21.17,20.81,20.89,89993
2023-05-15,21.12,21.45,20.91,21.26,167147
2023-05-16,21.42,21.91,21.34,21.66,270457
2023-05-17,21.67,21.88,21.39,21.66,162545
2023-05-18,21.67,21.88,21.47,21.61,156304
2023-05-19,21.76,21.99,21.47,21.68,154598
2023-05-22,21.66,21.96,21.45,21.61,163229
2023-05-23,21.74,21.74,20.95,20.96,179990
2023-05-24,21.07,21.16,20.83,20.91,144410
2023-05-25,20.76,21.13,20.59,20.84,118711
2023-05-26,20.78,20.84,20.54,20.79,65157
2023-05-29,20.75,20.96,20.66,20.81,103034
2023-05-30,20.8,21.51,20.8,21.36,179826
2023-05-31,21.54,21.56,21.04,21.29,140104
2023-06-01,21.25,21.51,20.86,20.91,168196
2023-06-02,20.96,21.2,20.72,20.77,132025
2023-06-05,20.91,20.98,20.6,20.71,87990
2023-06-06,20.71,20.96,20.68,20.74,119901
2023-06-07,20.69,20.81,20.34,20.46,124271
2023-06-08,20.46,20.51,20.15,20.35,136726
2023-06-09,20.35,20.73,20.13,20.66,164392
2023-06-12,20.66,20.8,20.43,20.46,97727
2023-06-13,20.47,20.67,20.09,20.6,109335
2023-06-14,20.6,20.71,20.39,20.4,126208
2023-06-15,20.6,21.32,20.46,21.27,226333
2023-06-16,21.34,21.7,21.26,21.62,167777
2023-06-19,21.59,22.17,21.51,21.8,230720
2023-06-20,21.91,22.07,21.64,21.73,106105
2023-06-21,21.73,21.92,21.5,21.54,156466
2023-06-26,21.96,21.96,21.09,21.42,201322
2023-06-27,21.53,21.72,21.15,21.42,150116
2023-06-28,21.42,21.73,21.25,21.71,132234
2023-06-29,21.68,22.14,21.57,22.04,154213
2023-06-30,22.04,22.2,21.85,21.85,126491
2023-07-03,21.9,22.27,21.81,21.84,122153
2023-07-04,21.84,22.34,21.83,22.18,161705
2023-07-05,22.42,23.0,22.4,22.5,238075
2023-07-06,22.67,22.84,22.15,22.2,121863
2023-07-07,22.38,22.66,22.09,22.25,168635
2023-07-10,22.31,22.57,21.97,22.31,134869
2023-07-11,22.1,22.38,22.07,22.25,103517
2023-07-12,22.55,22.85,22.41,22.62,204196
2023-07-13,22.61,23.0,22.55,22.93,238095
2023-07-14,22.85,23.16,22.35,22.38,182026
2023-07-17,22.39,23.12,22.2,23.09,217634
2023-07-18,23.03,23.22,22.95,23.21,231097
2023-07-19,23.21,23.59,23.07,23.35,223367
2023-07-20,23.35,23.6,22.89,22.98,187752
2023-07-21,22.9,23.07,22.65,22.81,130323
2023-07-24,22.64,22.73,22.47,22.58,118735
2023-07-25,22.81,22.82,22.25,22.53,194992
2023-07-26,22.37,22.7,22.28,22.67,193286
2023-07-27,22.7,23.02,22.39,22.45,140019
2023-07-28,22.44,22.74,22.17,22.74,177499
2023-07-31,22.9,23.16,22.66,23.07,205705
2023-08-01,23.03,23.17,22.3,22.74,237139
2023-08-02,22.67,22.87,21.98,22.27,215137
2023-08-03,22.22,22.6,22.15,22.59,160395
2023-08-04,22.63,22.76,22.4,22.57,127915
2023-08-07,22.55,23.05,22.5,23.05,173122
2023-08-08,22.95,23.42,22.83,23.15,165357
2023-08-09,23.21,23.21,22.75,22.91,148228
2023-08-10,22.95,23.22,22.91,23.14,102046
2023-08-11,22.97,23.09,22.34,22.34,141222
2023-08-14,22.26,22.46,21.99,22.15,99423
2023-08-15,22.16,22.61,22.1,22.32,118039
2023-08-16,22.33,22.42,21.95,22.18,94339
2023-08-17,22.0,22.19,21.76,21.93,112689
2023-08-18,22.04,22.14,21.76,21.76,78169
2023-08-21,21.76,21.99,21.55,21.55,126248
2023-08-22,21.6,22.08,21.6,21.86,170078
2023-08-23,21.91,22.07,21.32,21.39,137579
2023-08-24,21.35,21.63,21.26,21.45,96140
2023-08-25,21.27,21.54,21.23,21.33,124161
2023-08-28,22.13,22.26,21.47,21.62,191821
2023-08-29,21.5,22.27,21.5,22.15,186112
2023-08-30,22.25,22.55,22.16,22.41,134756
2023-08-31,22.42,22.73,22.25,22.57,167836
2023-09-01,22.45,22.54,21.87,21.99,107325
2023-09-04,22.14,22.35,22.07,22.32,146333
2023-09-05,22.32,22.41,22.15,22.26,106073
2023-09-06,22.11,22.28,22.02,22.12,72444
2023-09-07,22.07,22.17,21.71,21.76,121419
2023-09-08,21.85,21.95,21.62,21.75,69016
2023-09-11,21.64,22.08,21.64,21.91,136081
2023-09-12,21.82,22.01,21.77,21.95,91485
2023-09-13,21.96,21.96,21.42,21.51,127901
2023-09-14,21.53,21.85,21.49,21.7,124299
2023-09-15,21.7,21.8,21.12,21.8,366281
2023-09-18,21.49,21.55,21.21,21.3,210689
2023-09-19,21.3,21.4,21.08,21.38,118939
2023-09-20,21.44,21.44,20.94,20.97,134197
2023-09-21,20.83,21.12,20.78,20.78,163389
2023-09-22,20.97,21.53,20.8,21.53,239287
2023-09-25,21.7,21.7,21.33,21.46,127198
2023-09-26,21.51,21.68,21.17,21.21,101960
2023-09-27,20.87,21.32,20.66,20.79,199888
2023-09-28,20.97,21.01,20.81,20.94,119152
2023-10-09,20.94,21.33,20.82,21.04,148838
2023-10-10,21.31,21.31,20.95,21.13,107016
2023-10-11,21.33,21.54,21.07,21.08,186582
2023-10-12,21.4,21.42,21.1,21.35,106102
2023-10-13,21.1,21.19,20.78,20.88,115016
2023-10-16,20.86,20.93,20.42,20.53,134187
2023-10-17,20.65,20.95,20.45,20.89,99299
2023-10-18,20.75,21.1,20.71,21.08,157703
2023-10-19,21.01,21.35,20.95,21.18,202961
2023-10-20,21.15,21.23,20.73,20.85,130886
2023-10-23,20.8,20.8,20.25,20.41,136885
2023-10-24,20.04,20.4,19.75,20.33,193908
2023-10-25,20.61,20.93,20.25,20.44,180482
2023-10-26,20.4,20.9,20.31,20.84,174770
2023-10-27,20.7,21.38,20.7,21.29,137282
2023-10-30,21.17,21.46,21.08,21.25,106553
2023-10-31,21.25,21.41,21.05,21.3,118199
2023-11-01,21.18,21.53,20.95,21.41,171817
2023-11-02,21.6,21.69,21.36,21.42,87302
2023-11-03,21.4,21.57,21.27,21.33,107732
2023-11-06,21.37,21.75,21.33,21.41,170941
2023-11-07,21.37,21.47,21.21,21.37,87220
2023-11-08,21.36,21.48,21.2,21.26,91922
2023-11-09,21.4,21.46,21.17,21.42,92821
2023-11-10,21.27,21.47,21.24,21.27,82253
2023-11-13,21.34,21.46,21.0,21.07,134663
2023-11-14,21.18,21.31,20.68,20.76,164386
2023-11-15,20.9,21.4,20.81,21.18,226061
2023-11-16,21.12,21.23,20.77,20.96,216273
2023-11-17,20.8,21.04,20.76,20.95,148908
2023-11-20,21.05,21.33,20.94,21.21,119380
2023-11-21,21.38,21.38,20.96,20.97,174278
2023-11-22,20.85,21.09,20.81,20.81,88703
2023-11-23,20.78,21.03,20.78,20.99,101690
2023-11-24,20.95,20.99,20.79,20.81,74905
2023-11-27,20.76,20.89,20.6,20.85,115604
2023-11-28,20.89,20.89,20.63,20.76,111860
2023-11-29,20.82,20.82,20.54,20.65,106210
2023-11-30,20.72,21.04,20.63,20.76,145468
2023-12-01,20.76,20.77,20.3,20.73,221454
2023-12-04,20.73,20.92,20.65,20.74,132870
2023-12-05,20.86,20.86,20.35,20.35,148375
2023-12-06,20.3,20.45,20.16,20.16,136384
2023-12-07,20.14,20.21,19.95,20.06,151268
2023-12-08,20.06,20.2,19.89,20.01,189101
2023-12-11,18.95,20.12,18.83,20.07,210468
2023-12-12,19.97,20.03,19.75,19.96,114574
2023-12-13,19.95,19.97,19.63,19.63,129719
2023-12-14,19.63,20.05,19.6,19.85,163997
2023-12-15,19.95,20.1,19.4,19.4,223820
2023-12-18,19.43,19.8,19.2,19.59,173243
2023-12-19,19.57,20.03,19.47,19.89,153248
2023-12-20,19.73,20.08,19.73,19.77,109879
2023-12-21,19.71,20.13,19.66,20.07,154677
2023-12-22,20.06,20.41,19.83,20.34,178689
2023-12-25,20.4,20.51,20.15,20.3,94387
2023-12-26,20.3,20.33,20.03,20.2,73970
2023-12-27,20.26,20.45,20.02,20.4,142312
2023-12-28,20.4,20.71,20.3,20.63,177675
2023-12-29,20.75,21.09,20.63,21.07,253060
2024-01-02,20.97,21.07,20.74,20.85,164618
2024-01-03,20.85,21.21,20.76,21.15,166047
2024-01-04,21.34,21.35,20.86,21.13,222724
2024-01-05,21.04,21.27,20.77,20.94,182253
2024-01-08,21.17,21.17,20.66,20.67,189385
2024-01-09,20.85,20.85,20.37,20.58,183489
2024-01-10,20.52,20.71,20.3,20.38,141522
2024-01-11,20.3,20.44,19.81,19.85,198674
2024-01-12,19.69,19.91,19.36,19.72,236844
2024-01-15,19.56,20.11,19.56,19.88,160088
2024-01-16,19.97,20.1,19.57,19.94,217134
2024-01-17,19.93,19.99,19.54,19.54,226964
2024-01-18,19.55,20.14,19.16,19.94,377577
2024-01-19,19.83,20.01,19.61,19.77,312333
2024-01-22,19.69,19.97,19.36,19.62,301913
2024-01-23,19.41,19.74,19.1,19.3,280789
2024-01-24,19.49,19.49,18.99,19.41,253084
2024-01-25,19.45,20.04,19.3,19.99,269425
2024-01-26,19.94,20.05,19.66,19.91,224941
2024-01-29,19.94,20.3,19.87,20.14,237233
2024-01-30,20.05,20.3,19.67,19.7,251621
2024-01-31,19.95,20.09,19.61,19.76,256717
2024-02-01,19.65,20.09,19.58,19.63,251275
2024-02-02,19.63,19.76,18.95,19.35,237999
2024-02-05,19.41,20.17,19.12,19.9,300306
2024-02-06,19.7,20.97,19.67,20.89,358995
2024-02-07,20.96,21.2,20.7,21.2,371097
2024-02-08,21.09,21.7,21.01,21.22,341467
2024-02-19,21.55,21.58,21.12,21.44,254906
2024-02-20,21.45,21.69,21.28,21.64,132931
2024-02-21,21.29,21.7,21.29,21.31,261700
2024-02-22,21.17,21.6,21.1,21.51,162307
2024-02-23,21.27,21.54,20.88,21.47,280601
2024-02-26,21.47,21.89,21.38,21.5,178789
2024-02-27,21.43,21.7,21.35,21.66,123027
2024-02-28,21.75,21.8,21.37,21.53,206688
2024-02-29,21.51,21.97,21.49,21.93,193521
2024-03-01,21.78,22.15,21.68,22.05,171364
2024-03-04,22.05,22.85,22.04,22.61,261957
2024-03-05,22.45,23.43,22.41,23.28,364056
2024-03-06,23.28,24.22,23.28,23.76,394820
2024-03-07,23.76,23.88,23.52,23.64,244034
2024-03-08,23.42,23.79,23.24,23.6,315327
2024-03-11,23.6,24.08,23.52,23.77,262167
2024-03-12,23.96,23.99,23.38,23.41,250560
2024-03-13,23.05,23.66,22.99,23.29,257228
2024-03-14,23.36,23.36,22.95,23.07,269875
2024-03-15,22.95,23.12,22.51,22.85,287185
2024-03-18,22.92,23.4,22.75,23.33,249306
2024-03-19,23.35,23.4,23.03,23.08,169211
2024-03-20,23.22,23.43,22.95,23.34,200557
2024-03-21,23.55,23.65,23.26,23.35,185837
2024-03-22,23.41,23.42,23.01,23.26,241593
2024-03-25,23.42,23.51,23.2,23.31,161393
2024-03-26,23.18,23.55,23.05,23.11,168710
2024-03-27,23.13,23.23,22.83,22.83,205210
2024-03-28,22.83,23.2,22.65,22.86,194745
2024-03-29,22.86,23.2,22.8,23.09,97426
2024-04-01,23.11,23.67,23.02,23.18,186801
2024-04-02,23.14,23.21,22.82,23.01,261855
2024-04-03,22.87,23.0,22.35,22.37,238485
2024-04-08,22.38,23.13,22.35,22.62,261171
2024-04-09,22.72,22.78,22.29,22.42,145543
2024-04-10,22.45,22.54,22.17,22.23,128685
2024-04-11,22.2,23.37,22.14,23.26,325812
2024-04-12,23.15,23.8,23.13,23.45,291839
2024-04-15,23.21,24.21,23.21,23.85,336490
2024-04-16,23.66,24.11,23.51,23.78,265754
2024-04-17,23.52,24.45,23.43,24.3,304884
2024-04-18,24.25,25.05,24.17,24.8,369565
2024-04-19,24.55,24.79,24.08,24.26,247126
2024-04-22,24.43,24.68,24.2,24.33,185132
2024-04-23,24.35,24.55,23.87,24.22,227864
2024-04-24,24.33,24.65,24.22,24.53,193618
2024-04-25,24.3,24.48,23.86,23.93,189768
2024-04-26,24.05,24.12,22.77,22.85,545043
2024-04-29,22.75,23.0,22.3,22.4,530124
2024-04-30,22.4,22.55,21.65,22.29,564498
2024-05-06,22.76,22.8,21.68,21.89,872356
2024-05-07,21.89,22.24,21.72,21.98,407125
2024-05-08,21.7,21.99,21.62,21.7,347696
2024-05-09,21.69,22.25,21.69,22.02,397097
2024-05-10,22.02,22.36,21.73,22.16,475018
2024-05-13,22.17,23.1,22.0,22.97,769837
2024-05-14,22.97,23.22,22.6,22.9,481938
2024-05-15,22.89,23.15,22.27,22.3,305704
2024-05-16,22.13,22.25,21.73,21.76,495551
2024-05-17,21.75,21.9,21.62,21.83,263353
2024-05-20,21.83,21.92,21.45,21.55,556383
2024-05-21,21.47,21.55,21.19,21.26,347508
2024-05-22,21.24,21.35,21.1,21.21,284599
2024-05-23,21.2,21.2,20.9,20.99,244081
2024-05-24,20.95,21.43,20.9,20.99,403912
2024-05-27,21.01,21.87,21.0,21.75,647241
2024-05-28,21.71,21.98,21.65,21.75,350649
2024-05-29,21.65,21.97,21.46,21.66,279074
2024-05-30,21.75,22.25,21.75,21.89,419244
2024-05-31,21.91,21.96,21.26,21.26,472325
2024-06-03,21.15,21.8,21.03,21.64,351472
2024-06-04,21.58,22.91,21.52,22.83,669637
2024-06-05,22.83,23.25,22.48,22.56,478183
2024-06-06,22.45,23.2,22.45,22.7,337211
2024-06-07,22.75,22.9,22.35,22.52,275319
2024-06-11,22.35,22.7,22.3,22.41,232249
2024-06-12,22.46,22.63,22.18,22.35,250333
2024-06-13,22.44,23.08,22.35,22.89,392484
2024-06-14,22.99,23.52,22.71,23.19,417011
2024-06-17,23.18,24.26,23.1,23.99,645992
2024-06-18,23.94,24.21,23.65,24.09,305182
2024-06-19,24.09,24.34,23.68,23.81,251705
2024-06-20,23.83,24.05,23.59,23.82,245926
2024-06-21,23.97,24.07,23.49,23.86,291836
2024-06-24,23.79,24.39,23.7,24.08,361089
2024-06-25,24.07,24.17,23.41,23.62,315854
2024-06-26,23.57,23.76,23.29,23.65,194200
2024-06-27,23.61,23.65,23.34,23.5,208460
2024-06-28,23.5,24.49,23.44,24.25,413815
2024-07-01,24.22,24.31,23.84,24.14,214414
2024-07-02,23.96,24.08,23.4,23.71,248444
2024-07-03,23.6,23.73,23.44,23.63,131344
2024-07-04,23.74,24.39,23.65,23.99,239210
2024-07-05,24.01,24.04,23.36,23.92,247234
2024-07-08,23.92,24.41,23.89,24.08,279354
2024-07-09,24.02,24.57,23.79,24.49,294558
2024-07-10,24.46,24.74,23.77,23.98,290018
2024-07-11,23.93,24.08,23.59,23.83,244187
2024-07-12,23.89,23.89,23.41,23.64,256513
2024-07-15,23.62,23.73,23.19,23.44,236735
2024-07-16,23.45,23.66,23.1,23.52,226024
2024-07-17,23.52,23.57,23.01,23.5,228288
2024-07-18,23.5,24.33,23.37,24.01,335991
2024-07-19,23.94,24.16,23.41,24.09,372598
2024-07-22,24.08,24.39,23.71,23.78,279258
2024-07-23,23.89,24.02,23.11,23.37,277452
2024-07-24,23.25,23.57,23.16,23.31,165564
2024-07-25,23.29,23.35,22.88,23.25,210251
2024-07-26,23.17,23.78,23.01,23.68,231834
2024-07-29,23.94,24.29,23.56,23.7,232178
2024-07-30,23.55,23.58,23.06,23.34,195588
2024-07-31,23.25,23.54,22.82,23.31,297766
2024-08-01,23.29,23.69,23.05,23.09,248195
2024-08-02,23.08,23.37,22.81,22.96,156738
2024-08-05,22.99,23.29,22.85,23.01,218148
2024-08-06,23.07,23.19,22.53,22.82,261441
2024-08-07,22.84,23.32,22.84,23.11,231857
2024-08-08,23.0,23.18,22.65,22.94,219257
2024-08-09,22.89,23.32,22.72,22.82,123497
2024-08-12,22.99,23.14,22.8,22.82,101142
2024-08-13,22.82,23.34,22.8,23.09,193121
2024-08-14,23.26,23.26,22.64,22.64,192562
2024-08-15,22.6,23.04,22.32,22.96,158394
2024-08-16,22.92,23.05,22.74,22.92,160880
2024-08-19,22.98,23.23,22.84,22.98,110269
2024-08-20,23.12,23.12,22.51,22.69,159357
2024-08-21,22.68,22.79,22.5,22.77,131089
2024-08-22,22.76,23.32,22.64,23.19,187833
2024-08-23,23.0,23.47,22.92,23.05,134077
2024-08-26,23.05,23.18,22.74,22.87,125181
2024-08-27,22.75,22.89,22.41,22.61,153591
2024-08-28,22.7,22.94,22.28,22.59,177931
2024-08-29,22.59,23.12,22.14,23.05,268682
2024-08-30,22.93,24.04,22.93,23.91,380757
2024-09-02,23.87,24.27,23.82,24.01,270996
2024-09-03,23.94,24.76,23.85,24.63,277624
2024-09-04,24.58,24.76,24.2,24.67,222843
2024-09-05,24.72,24.77,24.08,24.5,221363
2024-09-06,24.6,24.74,24.39,24.4,125743
2024-09-09,24.67,24.69,24.11,24.43,277979
2024-09-10,24.48,24.56,24.26,24.47,201127
2024-09-11,24.46,24.97,24.4,24.85,183802
2024-09-12,24.89,25.34,24.79,24.89,206983
2024-09-13,24.89,25.28,24.69,25.13,169366
2024-09-18,25.13,25.67,25.04,25.36,169599
2024-09-19,25.66,25.66,24.79,25.0,298906
2024-09-20,24.94,25.19,24.7,25.03,236665
2024-09-23,24.91,25.32,24.87,24.93,116598
2024-09-24,25.35,25.38,24.53,24.98,374827
2024-09-25,25.4,26.28,25.06,25.76,463980
2024-09-26,26.28,26.29,24.89,25.34,553812
2024-09-27,25.47,26.29,24.49,25.41,428370
2024-09-30,25.93,27.2,25.65,26.96,1062523
2024-10-08,29.73,29.73,26.79,27.19,1196924
2024-10-09,26.92,27.93,26.22,26.44,902323
2024-10-10,26.47,27.28,26.18,26.41,699748
2024-10-11,26.49,26.54,25.65,25.94,328406
2024-10-14,26.31,26.54,25.66,26.17,347829
2024-10-15,26.04,26.13,25.2,25.23,409172
2024-10-16,25.04,25.57,24.8,25.28,269697
2024-10-17,25.43,25.56,24.95,25.05,247983
2024-10-18,25.14,26.01,24.97,25.65,351497
2024-10-21,25.83,25.83,25.09,25.18,412501
2024-10-22,25.19,26.27,25.19,25.98,382182
2024-10-23,26.08,26.38,25.8,25.86,285429
2024-10-24,25.96,25.96,25.64,25.77,136813
2024-10-25,25.87,25.89,25.52,25.72,204730
2024-10-28,25.69,26.43,25.44,26.39,336703
2024-10-29,26.37,26.99,26.3,26.77,289386
2024-10-30,26.72,27.08,26.08,26.33,265857
2024-10-31,26.32,26.39,25.23,25.38,419881
2024-11-01,25.38,26.16,25.25,25.96,291742
2024-11-04,26.02,26.45,25.84,26.06,219313
2024-11-05,25.92,26.45,25.8,26.42,264406
2024-11-06,26.37,26.78,26.13,26.25,240345
2024-11-07,26.26,26.79,26.26,26.68,230552
2024-11-08,26.81,27.3,26.63,26.72,332136
2024-11-11,26.27,26.69,26.26,26.44,283076
2024-11-12,26.09,26.94,25.61,25.66,477526
2024-11-13,25.66,26.41,25.63,26.32,344273
2024-11-14,26.09,26.57,25.78,25.84,230133
2024-11-15,25.63,26.21,25.33,25.63,260460
2024-11-18,25.63,26.08,25.55,25.74,202661
2024-11-19,25.75,26.16,25.54,25.81,159739
2024-11-20,25.83,25.97,25.54,25.89,153580
2024-11-21,25.97,26.21,25.82,26.17,227609
2024-11-22,26.26,26.27,25.22,25.23,279375
2024-11-25,25.22,25.33,24.45,24.49,330958
2024-11-26,24.42,24.66,24.23,24.35,196877
2024-11-27,24.35,24.45,24.01,24.42,206784
2024-11-28,24.44,24.44,23.93,24.03,231294
2024-11-29,24.2,24.4,23.93,24.1,193222
2024-12-02,24.23,24.23,23.85,24.06,273313
2024-12-03,24.09,24.55,23.96,24.44,349342
2024-12-04,24.42,24.5,24.04,24.31,196171
2024-12-05,24.22,24.24,23.95,24.0,197157
2024-12-06,24.02,24.42,23.95,24.28,207406
2024-12-09,24.28,24.5,24.14,24.34,177841
2024-12-10,24.72,24.86,24.24,24.33,280056
2024-12-11,24.45,24.45,24.13,24.37,228525
2024-12-12,24.28,24.48,24.17,24.47,196441
2024-12-13,24.23,24.39,23.85,23.88,315228
2024-12-16,23.89,24.25,23.42,23.5,314574
2024-12-17,23.43,24.17,23.37,23.93,254857
2024-12-18,24.07,24.2,23.87,23.97,152643
2024-12-19,23.95,24.56,23.75,24.5,271771
2024-12-20,24.51,24.6,24.03,24.27,219649
2024-12-23,24.19,24.53,24.12,24.14,195180
2024-12-24,24.27,24.68,24.15,24.66,264970
2024-12-25,24.66,24.86,24.32,24.42,147309
2024-12-26,24.43,24.61,24.2,24.48,124647
2024-12-27,24.33,24.6,24.23,24.49,145783
2024-12-30,24.45,24.9,24.42,24.52,173392
2024-12-31,24.45,24.84,24.32,24.64,306032
2025-01-02,24.62,24.67,23.49,23.64,349585
2025-01-03,23.57,23.86,23.2,23.28,200125
2025-01-06,23.47,23.57,23.05,23.21,193497
2025-01-07,23.2,23.57,23.05,23.17,171627
2025-01-08,23.18,23.28,22.71,23.02,187876
2025-01-09,22.97,23.48,22.77,23.13,195129
2025-01-10,23.27,23.27,22.87,22.87,127945
2025-01-13,22.76,23.04,22.5,22.62,164636
2025-01-14,22.62,23.29,22.31,23.12,220539
2025-01-15,23.02,23.18,22.64,22.66,187975
2025-01-16,22.69,22.95,22.18,22.32,285364
2025-01-17,22.32,22.69,22.08,22.39,232028
2025-01-20,22.65,22.94,22.23,22.29,328232
2025-01-21,22.47,23.02,22.35,22.84,298859
2025-01-22,23.12,23.24,22.5,22.95,270150
2025-01-23,23.01,23.13,22.16,22.26,415259
2025-01-24,22.2,22.99,22.16,22.74,364663
2025-01-27,22.75,22.96,22.5,22.5,199538
2025-02-05,22.65,22.68,22.23,22.32,269508
2025-02-06,22.24,22.49,22.23,22.48,290753
2025-02-07,22.5,22.83,22.29,22.55,381988
2025-02-10,22.57,22.77,22.42,22.64,327693
2025-02-11,22.64,22.67,22.34,22.48,221862
2025-02-12,22.5,22.68,22.39,22.56,348938
2025-02-13,22.6,22.76,22.44,22.47,324456
2025-02-14,22.44,23.17,22.43,23.11,531515
2025-02-17,23.38,23.39,22.87,23.04,313379
2025-02-18,23.02,23.3,22.81,22.92,249482
2025-02-19,22.82,22.93,22.64,22.75,301112
2025-02-20,22.75,22.76,22.43,22.64,265395
2025-02-21,22.82,23.2,22.67,23.04,423658
2025-02-24,23.08,23.15,22.77,22.89,329135
2025-02-25,22.71,22.9,22.52,22.56,336465
2025-02-26,22.52,22.62,22.37,22.59,320057
2025-02-27,22.54,22.66,22.39,22.57,324616
2025-02-28,22.57,23.46,22.49,22.87,603065
2025-03-03,22.98,23.34,22.92,23.01,327667
2025-03-04,22.87,23.3,22.84,23.04,241329
2025-03-05,22.93,23.21,22.87,22.9,262466
2025-03-06,23.01,23.01,22.65,22.72,376906
2025-03-07,22.68,22.72,22.29,22.32,445682
2025-03-10,22.32,22.35,21.75,21.81,540798
2025-03-11,21.52,21.87,21.52,21.8,327413
2025-03-12,21.89,21.9,21.54,21.82,381758
2025-03-13,21.71,22.03,21.68,21.82,309379
2025-03-14,21.87,22.2,21.82,21.98,505074
2025-03-17,22.03,22.14,21.84,21.9,332760
2025-03-18,21.98,22.09,21.8,21.87,279699
2025-03-19,21.89,21.92,21.67,21.77,293638
2025-03-20,21.73,21.98,21.61,21.91,283951
2025-03-21,21.86,22.09,21.57,21.57,370082
2025-03-24,21.58,21.85,21.52,21.67,277764
2025-03-25,21.66,22.12,21.57,21.92,347885
2025-03-26,21.87,22.1,21.7,21.88,269883
2025-03-27,21.82,21.94,21.71,21.9,192267
2025-03-28,21.89,21.96,21.67,21.75,234534
2025-03-31,21.69,21.79,21.32,21.32,317964
2025-04-01,21.3,21.56,21.14,21.53,250376
2025-04-02,21.49,21.64,21.32,21.32,194019
2025-04-03,21.02,21.84,21.02,21.75,419894
2025-04-07,21.12,21.85,20.73,21.28,887174
2025-04-08,21.42,22.67,21.32,22.59,1161179
2025-04-09,22.62,23.38,22.42,23.38,994364
2025-04-10,24.02,24.07,22.72,22.78,652490
2025-04-11,23.36,23.38,22.43,22.78,446750
2025-04-14,22.8,22.9,22.5,22.83,283125
2025-04-15,22.87,22.96,22.65,22.93,230756
2025-04-16,22.94,23.06,22.59,23.05,304010
2025-04-17,22.99,23.02,22.75,23.02,217065
2025-04-18,22.82,22.85,22.68,22.72,150920
2025-04-21,22.63,22.81,22.52,22.59,155516
2025-04-22,22.59,22.8,22.47,22.48,171649
2025-04-23,22.63,22.63,22.24,22.32,234076
2025-04-24,22.32,22.62,22.29,22.55,178208
2025-04-25,22.62,22.7,22.27,22.3,232908
2025-04-28,22.3,22.6,22.3,22.52,154808
2025-04-29,22.38,22.42,21.57,21.63,529897
2025-04-30,21.63,21.71,21.52,21.57,235748
2025-05-06,21.55,21.74,21.45,21.74,323778
2025-05-07,22.13,22.13,21.72,22.02,388321
2025-05-08,21.92,22.38,21.8,22.34,301937
2025-05-09,22.34,22.4,22.16,22.31,180444
2025-05-12,22.38,22.6,22.21,22.38,215737
2025-05-13,22.41,22.47,22.14,22.41,210626
2025-05-14,22.35,22.52,22.2,22.46,192608
2025-05-15,22.39,22.52,22.22,22.25,149479
2025-05-16,22.22,22.3,21.97,22.08,192870
2025-05-19,22.14,22.36,22.04,22.32,134193
2025-05-20,22.37,22.4,22.14,22.34,199887
2025-05-21,22.29,22.4,22.19,22.19,151124
2025-05-22,22.16,22.51,22.16,22.5,224777
2025-05-23,22.42,22.57,21.87,21.87,269720
2025-05-26,21.86,22.14,21.6,21.66,214489
2025-05-27,21.66,21.75,21.53,21.53,159024
2025-05-28,21.56,21.72,21.46,21.46,168084
2025-05-29,21.53,21.68,21.42,21.6,161751
2025-05-30,21.53,21.72,21.29,21.61,275842
2025-06-03,21.39,21.54,21.22,21.27,418700
2025-06-04,21.27,21.41,21.14,21.28,402194
2025-06-05,21.4,21.56,21.3,21.53,339748
2025-06-06,21.56,21.89,21.45,21.79,347272
2025-06-09,21.79,21.86,21.57,21.72,267915
2025-06-10,21.73,21.81,21.52,21.6,269640
2025-06-11,21.6,21.76,21.55,21.69,274671
2025-06-12,21.7,22.0,21.65,21.81,224137
2025-06-13,21.81,21.92,21.73,21.8,229356
2025-06-16,21.77,21.91,21.58,21.87,222186
2025-06-17,21.87,21.98,21.8,21.96,178836
2025-06-18,21.92,22.21,21.91,22.0,211673
2025-06-19,21.96,22.18,21.77,21.9,388750
2025-06-20,22.03,22.35,21.91,22.24,295902
2025-06-23,22.12,22.25,21.81,22.18,223395
2025-06-24,22.19,22.25,21.97,22.04,291003
2025-06-25,22.04,22.33,21.89,22.25,261752
2025-06-26,22.19,22.35,22.15,22.15,216777
2025-06-27,22.22,22.23,22.02,22.11,208417
2025-06-30,22.15,22.31,22.03,22.26,235653
2025-07-01,22.27,22.28,22.03,22.06,208879
2025-07-02,22.05,22.12,21.91,22.03,166821
2025-07-03,21.96,22.03,21.85,21.92,204020
2025-07-04,21.91,22.0,21.82,21.88,173676
2025-07-07,21.93,22.08,21.89,22.01,173316
2025-07-08,22.05,22.12,21.9,21.94,340062
2025-07-09,21.94,22.04,21.88,21.94,238833
2025-07-10,21.94,22.02,21.72,21.72,411836
2025-07-11,21.75,21.86,21.69,21.71,411373
2025-07-14,21.72,21.88,21.68,21.7,360775
2025-07-15,21.74,21.8,21.57,21.67,254831
2025-07-16,21.65,21.67,21.56,21.56,238981
2025-07-17,21.6,21.75,21.55,21.75,215537
2025-07-18,21.75,21.77,21.52,21.64,341694
2025-07-21,22.65,22.93,22.31,22.78,2004047
2025-07-22,23.12,23.84,22.47,23.49,2150023
2025-07-23,23.84,23.84,22.38,22.5,1852291
2025-07-24,22.35,22.4,22.1,22.29,867751
2025-07-25,22.24,22.42,22.07,22.07,626143
2025-07-28,22.12,22.15,21.97,21.99,478375
2025-07-29,21.94,22.01,21.82,21.95,502043
2025-07-30,21.95,22.01,21.81,21.85,449505
2025-07-31,21.82,21.88,21.72,21.73,446015
2025-08-01,21.77,21.77,21.57,21.65,404089
2025-08-04,21.58,21.74,21.55,21.74,259139
2025-08-05,21.75,21.79,21.65,21.77,280320
2025-08-06,21.76,21.82,21.67,21.81,243249
2025-08-07,21.82,21.99,21.77,21.95,383821
2025-08-08,21.95,21.98,21.85,21.93,334051
2025-08-11,21.94,21.95,21.83,21.86,346687
2025-08-12,21.84,21.87,21.76,21.78,295890
2025-08-13,21.78,21.82,21.7,21.72,467726
2025-08-14,21.73,21.82,21.61,21.63,417988
2025-08-15,21.56,21.73,21.56,21.64,400694
2025-08-18,21.64,21.88,21.61,21.64,796146
2025-08-19,21.69,21.83,21.65,21.66,462352
2025-08-20,21.66,21.67,21.56,21.66,508325
2025-08-21,21.69,21.84,21.68,21.81,648848
2025-08-22,21.8,21.8,21.6,21.71,766839
2025-08-25,21.77,22.19,21.76,22.13,1109995
2025-08-26,22.19,22.35,22.02,22.2,650623
2025-08-27,22.23,22.3,21.85,21.85,820320
2025-08-28,21.86,22.13,21.7,21.94,794714
2025-08-29,21.94,22.05,21.58,21.6,1227251
2025-09-01,21.68,21.72,21.43,21.45,868422
2025-09-02,21.46,21.63,21.36,21.54,585732
2025-09-03,21.54,21.58,21.1,21.23,862084
2025-09-04,21.06,21.32,20.93,21.15,868088
2025-09-05,20.97,21.33,20.97,21.28,505486
2025-09-08,21.34,22.13,21.29,22.1,1279802
2025-09-09,22.07,22.15,21.9,22.07,745956
2025-09-10,22.08,22.13,21.85,22.06,590045
2025-09-11,22.06,22.29,22.0,22.26,833429
2025-09-12,22.24,22.3,22.07,22.09,452295
2025-09-15,22.1,22.5,22.1,22.29,592177
2025-09-16,22.28,22.29,21.86,22.02,435635
2025-09-17,21.99,22.29,21.99,22.27,487206
2025-09-18,22.3,22.44,22.06,22.14,572672
2025-09-19,22.14,22.4,21.96,22.15,808554
2025-09-22,22.16,22.38,22.06,22.17,413075
2025-09-23,22.23,22.38,21.9,22.17,590856
2025-09-24,22.14,22.14,21.92,22.08,390121
2025-09-25,22.07,22.5,22.01,22.45,723077
2025-09-26,22.54,22.99,22.43,22.69,832399
2025-09-29,22.69,22.75,22.24,22.54,646102
2025-09-30,22.6,23.1,22.52,22.96,830777
2025-10-09,23.3,23.48,23.0,23.38,968251
2025-10-10,23.38,23.84,23.23,23.53,850366
2025-10-13,23.02,23.57,22.98,23.49,714070
2025-10-14,23.6,23.98,23.34,23.53,781086
2025-10-15,23.44,23.74,23.18,23.69,626134
2025-10-16,24.04,24.14,23.57,23.9,857094
2025-10-17,23.73,23.83,23.0,23.01,736497
2025-10-20,23.2,23.43,22.97,23.13,411565
2025-10-21,23.15,23.6,23.0,23.46,451502
2025-10-22,23.45,23.45,22.98,23.01,373965
2025-10-23,22.9,23.05,22.62,23.01,387684
2025-10-24,23.08,23.3,23.03,23.12,286619
2025-10-27,23.25,23.73,23.25,23.55,456777
2025-10-28,23.46,23.63,23.35,23.52,388674
2025-10-29,23.52,24.99,23.46,24.93,1102198
2025-10-30,24.98,25.0,24.2,24.34,672061
2025-10-31,24.42,25.06,24.19,24.23,684467
2025-11-03,24.27,24.51,23.92,24.48,557386
2025-11-04,24.53,24.99,24.14,24.17,548525
2025-11-05,23.97,25.15,23.76,24.73,1100711
2025-11-06,24.94,25.85,24.94,25.35,1361983
2025-11-07,25.29,25.86,25.0,25.15,870104
2025-11-10,25.41,25.47,24.88,25.05,621490
2025-11-11,25.33,25.56,24.9,25.01,601456
2025-11-12,24.94,24.97,23.86,24.1,769792
2025-11-13,24.03,24.45,23.88,24.4,501202
2025-11-14,24.28,24.28,23.78,23.8,464339
2025-11-17,23.77,23.85,23.41,23.69,396581
2025-11-18,23.69,23.69,23.15,23.27,346076
2025-11-19,23.24,23.37,23.01,23.08,312417
2025-11-20,23.12,23.26,22.75,22.79,400708
2025-11-21,22.61,22.74,22.23,22.24,496037
2025-11-24,22.47,22.53,22.1,22.15,411410
2025-11-25,22.24,22.42,22.16,22.19,461997
2025-11-26,22.16,22.25,22.03,22.12,334354
2025-11-27,22.14,22.27,22.06,22.09,341809
2025-11-28,22.08,22.24,21.98,22.16,373950
2025-12-01,22.27,22.44,22.24,22.37,402634
2025-12-02,22.37,22.42,22.22,22.32,279107
2025-12-03,22.33,22.36,22.13,22.28,304190
2025-12-04,22.29,22.57,22.25,22.41,336013
2025-12-05,22.42,22.74,22.3,22.7,449196
2025-12-08,22.75,22.94,22.67,22.73,367038
2025-12-09,22.73,22.73,22.43,22.47,283981
2025-12-10,22.45,22.64,22.33,22.62,235882
2025-12-11,22.61,23.13,22.6,22.72,391021
2025-12-12,22.72,23.3,22.67,23.22,557570
2025-12-15,23.3,23.47,23.0,23.02,447612
2025-12-16,22.95,23.02,22.68,22.84,338913
2025-12-17,22.73,23.1,22.68,23.06,334923
2025-12-18,22.92,22.99,22.8,22.9,231927
2025-12-19,22.9,23.1,22.82,22.84,315178
2025-12-22,22.75,23.03,22.75,22.96,289741
2025-12-23,22.96,23.05,22.73,23.0,291776
2025-12-24,22.95,23.14,22.75,23.05,270879
2025-12-25,23.02,23.09,22.89,22.95,225760
2025-12-26,22.93,23.01,22.71,22.77,338086
2025-12-29,22.8,22.97,22.68,22.74,415894
2025-12-30,22.65,22.82,22.54,22.58,307060
2025-12-31,22.6,22.62,22.41,22.48,245954
