date,open,high,low,close,volume
2015-01-05,5.2,5.28,5.05,5.15,296932
2015-01-06,5.12,5.34,5.03,5.05,284603
2015-01-07,5.24,5.49,5.07,5.43,586067
2015-01-08,5.27,5.39,5.17,5.23,309029
2015-01-09,5.17,5.39,5.05,5.07,332833
2015-01-12,5.05,5.05,4.8,4.85,258689
2015-01-13,4.8,4.94,4.78,4.83,146771
2015-01-14,4.85,4.97,4.82,4.86,120895
2015-01-15,4.86,4.88,4.57,4.82,308688
2015-01-16,4.84,4.9,4.71,4.78,177728
2015-01-19,4.51,4.65,4.19,4.34,274991
2015-01-20,4.34,4.81,4.34,4.8,341712
2015-01-21,4.82,5.3,4.79,5.23,506429
2015-01-22,5.65,5.87,5.65,5.87,907970
2015-01-23,6.35,6.36,5.82,6.24,1003015
2015-01-26,6.14,6.14,5.72,6.0,712096
2015-01-27,6.08,6.2,5.84,6.03,533841
2015-01-28,5.9,6.12,5.79,5.93,325388
2015-01-29,5.82,5.92,5.65,5.67,263756
2015-01-30,5.66,5.74,5.52,5.59,236379
2015-02-02,5.38,5.49,5.2,5.46,263779
2015-02-03,5.46,5.94,5.46,5.91,379047
2015-02-04,5.87,5.96,5.67,5.75,254636
2015-02-05,5.87,5.88,5.45,5.52,266079
2015-02-06,5.41,5.5,5.07,5.19,292411
2015-02-09,5.25,5.37,5.15,5.27,196163
2015-02-10,5.17,5.39,5.17,5.32,129809
2015-02-11,5.33,5.95,5.33,5.9,410481
2015-02-12,5.9,5.99,5.75,5.82,327066
2015-02-13,5.87,6.26,5.8,5.88,407086
2015-02-16,6.02,6.58,5.88,6.58,760742
2015-02-17,6.62,6.73,6.35,6.58,411993
2015-02-25,6.57,6.57,6.17,6.22,314063
2015-02-26,6.27,6.41,6.05,6.39,266245
2015-02-27,6.42,6.44,6.23,6.3,207642
2015-03-02,6.37,7.0,6.25,6.92,538664
2015-03-03,6.82,6.89,6.69,6.76,293050
2015-03-04,6.76,7.29,6.75,7.1,332532
2015-03-05,7.08,7.39,6.82,6.96,383648
2015-03-06,6.99,7.27,6.62,7.07,399730
2015-03-09,7.12,7.19,6.82,7.08,234794
2015-03-10,7.09,7.09,6.89,6.95,225682
2015-03-11,6.96,7.11,6.85,6.93,237167
2015-03-12,6.95,7.31,6.95,7.26,386606
2015-03-13,7.5,8.09,7.35,8.03,624520
2015-03-16,8.32,8.95,8.06,8.95,716645
2015-03-17,9.31,9.44,8.74,8.93,783283
2015-03-18,9.05,9.35,8.83,9.08,552803
2015-03-19,9.09,9.09,8.81,8.96,350528
2015-03-20,9.05,9.82,8.9,9.55,604406
2015-03-23,9.49,10.38,9.31,10.31,543842
2015-03-24,10.37,11.45,10.15,11.45,757441
2015-03-25,11.67,12.67,11.46,12.18,717787
2015-03-26,12.17,12.59,11.4,11.9,565065
2015-03-27,11.85,11.91,11.54,11.87,401239
2015-03-30,12.01,12.66,11.55,11.88,603518
2015-03-31,11.85,12.07,11.59,11.77,445658
2015-04-01,11.9,11.94,11.53,11.72,448096
2015-04-02,11.99,12.48,11.8,12.14,792579
2015-04-03,12.15,12.17,11.65,11.93,555735
2015-04-07,11.97,12.0,11.67,11.84,447208
2015-04-08,11.81,11.82,10.9,11.24,675488
2015-04-09,11.29,11.85,11.03,11.84,610652
2015-04-10,11.91,12.14,11.73,11.87,525482
2015-04-13,12.1,13.17,12.1,13.17,906170
2015-04-14,13.4,14.14,13.08,13.14,820917
2015-04-16,13.45,13.75,11.86,12.87,632053
2015-04-17,12.87,13.14,12.32,12.91,590072
2015-04-20,12.55,12.73,12.07,12.12,539009
2015-04-21,12.1,12.66,11.98,12.51,433470
2015-04-22,12.59,12.67,12.34,12.57,475934
2015-04-23,12.64,12.73,12.29,12.37,441690
2015-04-24,12.16,12.17,11.59,11.83,570101
2015-04-27,11.87,12.47,11.87,11.97,494474
2015-04-28,11.9,11.9,11.0,11.07,547140
2015-04-29,11.04,11.45,10.65,11.23,351533
2015-04-30,11.4,11.44,10.97,11.12,351200
2015-05-04,11.2,12.15,11.13,11.59,670894
2015-05-11,11.64,12.86,11.35,12.64,1340638
2015-05-12,13.06,14.01,13.03,14.01,1244107
2015-05-13,13.96,14.84,12.97,13.82,2811104
2015-05-14,13.59,13.75,13.12,13.34,1550097
2015-05-15,13.16,13.76,12.66,13.39,1581156
2015-05-18,13.35,13.82,12.96,13.18,1357347
2015-05-19,13.19,13.21,12.66,13.1,1658510
2015-05-20,13.1,13.55,12.96,13.39,1854118
2015-05-21,13.41,14.83,13.14,14.8,2926160
2015-05-22,14.99,14.99,13.96,14.45,2791831
2015-05-25,14.18,14.76,13.86,14.46,2077575
2015-05-26,14.65,15.54,14.21,15.43,2826830
2015-05-27,15.44,15.88,14.86,15.55,2185147
2015-05-28,15.53,16.02,13.89,13.89,3013854
2015-05-29,13.51,14.05,12.44,13.34,1908025
2015-06-01,13.36,14.66,13.15,14.41,1963997
2015-06-02,14.44,15.96,13.94,15.96,3715686
2015-06-03,16.45,17.14,15.77,16.18,3753237
2015-06-04,16.18,16.26,14.46,15.68,2225831
2015-06-05,15.82,16.08,15.04,15.65,2305680
2015-06-08,15.99,16.36,15.65,15.97,2422000
2015-06-09,16.22,16.81,15.79,16.4,2380305
2015-06-10,16.09,17.55,15.74,17.16,3118858
2015-06-11,17.95,18.46,17.16,17.29,4446555
2015-06-12,16.96,18.02,16.36,17.91,3513381
2015-06-15,17.96,18.16,16.97,17.39,2651140
2015-06-16,17.39,17.82,16.77,17.04,2680623
2015-06-17,16.71,17.36,15.35,17.35,2766319
2015-06-18,17.1,17.71,16.75,16.77,2352747
2015-06-19,16.66,17.16,16.07,16.09,2610532
2015-06-23,16.24,17.11,15.46,17.06,2918889
2015-06-24,17.06,17.41,16.55,16.92,2869908
2015-06-25,17.07,17.2,16.26,17.02,3092516
2015-06-26,16.46,16.82,15.21,15.39,3184694
2015-06-29,15.83,15.95,13.75,13.88,2215047
2015-06-30,13.96,14.5,12.39,14.24,3069224
2015-07-01,14.16,15.34,13.47,14.28,3251131
2015-07-02,14.31,14.51,12.75,12.75,2472475
2015-07-03,12.71,12.71,11.37,11.37,1663274
2015-07-06,12.45,12.45,10.13,10.13,2196452
2015-07-07,9.11,9.56,9.01,9.01,2152763
2015-07-13,10.02,10.02,10.02,10.02,266914
2015-07-14,11.13,11.13,11.13,11.13,93179
2015-07-15,11.77,11.77,9.91,9.91,2763091
2015-07-16,9.86,10.44,8.82,10.32,2952076
2015-07-17,10.32,11.16,10.02,10.9,2970755
2015-07-20,10.94,11.46,10.66,11.05,2413644
2015-07-21,10.76,11.66,10.59,11.65,2823802
2015-07-22,11.55,12.17,11.37,11.95,3062713
2015-07-23,11.81,12.24,11.74,11.99,2701221
2015-07-24,12.0,12.04,11.08,11.27,2459977
2015-07-27,11.09,11.56,10.04,10.04,1635428
2015-07-28,9.66,10.18,8.93,9.4,1945516
2015-07-29,9.62,10.26,9.22,10.11,1282666
2015-07-30,10.13,10.96,9.84,10.48,2090172
2015-07-31,10.24,10.81,9.97,10.45,1877288
2015-08-03,10.14,10.38,9.49,10.29,1286029
2015-08-04,10.19,10.88,10.19,10.75,1115321
2015-08-05,10.66,10.68,10.07,10.18,977028
2015-08-06,9.93,10.13,9.72,10.05,807687
2015-08-07,10.26,10.41,10.09,10.2,1040035
2015-08-10,10.22,10.91,10.2,10.81,1550084
2015-08-11,11.15,12.0,11.06,12.0,1856830
2015-08-12,11.96,12.42,11.26,11.34,2668084
2015-08-13,10.96,11.51,10.89,11.49,1475601
2015-08-14,11.59,11.84,11.19,11.31,1397541
2015-08-17,11.31,11.51,10.98,11.37,1185868
2015-08-18,11.38,11.46,10.13,10.13,1419801
2015-08-19,9.56,10.74,9.07,10.7,1375437
2015-08-20,11.36,11.7,10.71,10.89,1967284
2015-08-21,10.33,10.63,9.74,9.86,1038199
2015-08-24,9.16,9.45,8.77,8.77,823521
2015-08-25,7.79,8.11,7.79,7.79,939043
2015-08-26,7.8,8.11,6.96,6.97,1266044
2015-08-27,7.2,7.37,6.31,7.11,1241473
2015-08-28,7.32,7.91,7.0,7.89,1401388
2015-08-31,7.82,7.82,7.26,7.72,1079134
2015-09-01,7.41,7.5,6.86,7.39,1175583
2015-09-02,6.91,7.53,6.56,6.58,726143
2015-09-07,6.82,7.05,6.58,6.68,644245
2015-09-08,6.56,7.02,6.4,6.97,575438
2015-09-09,7.06,7.41,6.97,7.36,928269
2015-09-10,7.17,7.27,6.98,7.04,602151
2015-09-11,6.98,7.41,6.98,7.23,712143
2015-09-14,7.26,7.33,6.4,6.94,918988
2015-09-15,6.71,6.88,6.14,6.14,539542
2015-09-16,6.21,6.86,6.05,6.75,720752
2015-09-17,6.64,6.91,6.35,6.37,709181
2015-09-18,6.43,6.67,6.32,6.44,373641
2015-09-21,6.37,6.7,6.26,6.63,530109
2015-09-22,6.66,7.4,6.6,7.4,1227728
2015-09-23,7.14,7.25,6.94,7.07,1120787
2015-09-24,7.03,7.2,6.99,7.1,642470
2015-09-25,7.06,7.13,6.62,6.69,655625
2015-09-28,6.7,6.82,6.43,6.76,363860
2015-09-29,6.57,6.7,6.42,6.47,365785
2015-09-30,6.48,6.62,6.48,6.5,251228
2015-10-08,6.76,6.94,6.65,6.82,517384
2015-10-09,6.83,7.21,6.77,7.05,705085
2015-10-12,7.19,7.84,7.19,7.72,1157798
2015-10-13,7.57,7.8,7.53,7.73,860279
2015-10-14,7.7,8.16,7.48,8.03,1368351
2015-10-15,8.01,8.44,7.94,8.34,1365697
2015-10-16,8.35,8.43,8.07,8.26,1132158
2015-10-19,8.28,8.37,7.96,8.09,923187
2015-10-20,8.07,9.0,8.06,9.0,1940211
2015-10-21,9.31,9.55,8.46,8.67,3149474
2015-10-22,9.05,9.64,9.01,9.64,2923627
2015-10-23,9.78,9.86,9.34,9.72,2398814
2015-10-26,9.84,9.85,9.27,9.46,1510494
2015-10-27,9.29,9.64,8.75,9.44,1250624
2015-10-28,9.33,9.62,9.02,9.09,1011459
2015-10-29,9.21,9.55,9.04,9.25,1033133
2015-10-30,9.25,9.45,8.99,9.34,948292
2015-11-02,9.06,10.06,8.96,9.55,1563850
2015-11-03,9.68,9.8,9.06,9.25,982811
2015-11-04,9.26,9.95,9.18,9.8,1562111
2015-11-05,9.71,10.03,9.52,9.74,2085760
2015-11-06,9.8,9.93,9.71,9.89,1508089
2015-11-09,9.71,9.9,9.46,9.82,1415839
2015-11-10,9.81,10.14,9.51,9.71,1463011
2015-11-11,9.71,9.77,9.31,9.49,1319510
2015-11-12,9.48,9.48,9.02,9.09,1355557
2015-11-13,9.02,9.24,8.88,9.09,806734
2015-11-16,8.96,9.09,8.84,9.07,784035
2015-11-17,9.16,9.24,8.94,8.97,811414
2015-11-18,9.04,9.2,8.96,9.05,659894
2015-11-19,9.14,9.15,8.86,9.1,669001
2015-11-20,9.1,9.1,8.97,9.02,593488
2015-11-23,9.21,10.02,9.1,9.88,2376993
2015-11-24,9.71,9.82,9.42,9.55,1267165
2015-11-25,9.56,9.72,9.26,9.49,1094197
2015-11-26,9.49,9.66,9.33,9.35,940005
2015-11-27,9.24,9.34,8.31,8.31,1173213
2015-11-30,8.31,8.49,7.47,8.09,853968
2015-12-01,8.12,8.21,7.82,8.08,635109
2015-12-02,8.08,8.4,7.88,8.35,650255
2015-12-03,8.41,8.86,8.28,8.77,1036473
2015-12-04,8.91,9.24,8.56,8.63,1200313
2015-12-07,8.56,8.64,8.34,8.55,544153
2015-12-08,8.44,8.44,8.1,8.13,498121
2015-12-09,8.06,8.33,8.0,8.15,397676
2015-12-10,8.12,8.24,8.04,8.07,370464
2015-12-11,8.06,8.1,7.97,8.02,283177
2015-12-14,7.96,8.2,7.87,8.19,351346
2015-12-15,8.19,8.34,8.14,8.18,344359
2015-12-16,8.21,8.26,8.11,8.12,327914
2015-12-17,8.18,8.45,8.16,8.44,625886
2015-12-18,8.46,8.46,8.24,8.27,488268
2015-12-21,8.25,8.46,8.2,8.37,493923
2015-12-22,8.37,8.6,8.36,8.52,706016
2015-12-23,8.56,8.96,8.46,8.67,1002010
2015-12-24,8.66,8.74,8.38,8.51,540161
2015-12-25,8.56,9.16,8.56,9.0,1155353
2015-12-28,9.0,9.04,8.51,8.53,909483
2015-12-29,8.46,8.6,8.24,8.56,501577
2015-12-30,8.54,8.6,8.29,8.35,593150
2015-12-31,8.37,8.43,8.13,8.15,422676
2016-01-04,8.14,8.17,7.24,7.25,488164
2016-01-05,6.86,7.4,6.67,7.13,625447
2016-01-06,7.18,7.44,7.14,7.4,468982
2016-01-07,7.31,7.32,6.57,6.58,128229
2016-01-08,6.87,6.99,6.12,6.73,528378
2016-01-11,6.56,6.7,5.96,6.09,524070
2016-01-12,6.12,6.23,5.98,6.16,307140
2016-01-13,6.2,6.26,5.86,5.92,303366
2016-01-14,5.76,6.17,5.66,6.1,375485
2016-01-15,6.11,6.11,5.67,5.74,355996
2016-01-18,5.53,5.92,5.47,5.8,266662
2016-01-19,5.81,6.06,5.77,6.05,306280
2016-01-20,6.04,6.42,5.97,6.13,461374
2016-01-21,6.05,6.23,5.86,5.88,317263
2016-01-22,5.96,6.03,5.79,5.97,191906
2016-01-25,6.05,6.1,5.97,6.04,173161
2016-01-26,5.96,6.0,5.33,5.35,345022
2016-01-27,5.35,5.45,4.76,5.15,382806
2016-01-28,5.11,5.13,4.62,4.63,309516
2016-01-29,4.65,4.93,4.64,4.89,294932
2016-02-01,4.92,5.04,4.81,4.93,258265
2016-02-02,4.9,5.14,4.9,5.07,240009
2016-02-03,4.99,5.15,4.98,5.12,233916
2016-02-04,5.18,5.3,5.15,5.24,246750
2016-02-05,5.31,5.32,5.19,5.2,154316
2016-02-15,5.06,5.25,4.97,5.23,181143
2016-02-16,5.27,5.62,5.27,5.59,341295
2016-02-17,5.63,6.25,5.57,6.25,1061424
2016-02-18,6.4,6.65,6.13,6.35,1051246
2016-02-19,6.31,6.37,6.07,6.19,663493
2016-02-22,6.27,6.4,6.16,6.27,559813
2016-02-23,6.22,6.22,5.99,6.09,344429
2016-02-24,6.04,6.41,6.01,6.39,449793
2016-02-25,6.31,6.54,5.82,5.91,615000
2016-02-26,5.92,6.08,5.73,6.0,306832
2016-02-29,6.0,6.0,5.31,5.43,349536
2016-03-01,5.5,6.08,5.38,6.08,614023
2016-03-02,6.08,6.6,6.01,6.54,971812
2016-03-03,6.41,6.6,6.21,6.28,1640124
2016-03-04,6.13,6.23,5.86,5.98,704569
2016-03-07,6.03,6.19,6.03,6.07,357435
2016-03-08,6.02,6.18,5.72,6.14,489718
2016-03-09,6.16,6.25,5.97,6.03,404181
2016-03-10,6.03,6.12,5.91,5.93,386053
2016-03-11,5.86,5.95,5.71,5.84,267746
2016-03-14,5.96,6.17,5.94,6.05,457386
2016-03-15,5.98,6.13,5.94,5.95,432979
2016-03-16,5.98,6.03,5.81,5.82,281699
2016-03-17,5.85,6.13,5.83,6.04,453797
2016-03-18,6.07,6.58,6.04,6.54,1233698
2016-03-21,6.56,6.62,6.47,6.57,1001446
2016-03-22,6.5,6.67,6.42,6.53,828531
2016-03-23,6.47,6.81,6.45,6.66,849054
2016-03-24,6.58,6.6,6.35,6.36,542241
2016-03-25,6.38,6.49,6.32,6.43,249742
2016-03-28,6.44,6.55,6.31,6.34,275554
2016-03-29,6.38,6.45,6.24,6.35,443349
2016-03-30,6.37,6.57,6.37,6.55,575010
2016-03-31,6.59,6.7,6.51,6.61,736629
2016-04-01,6.56,6.68,6.48,6.66,730240
2016-04-05,6.72,6.91,6.67,6.87,795469
2016-04-06,6.86,6.88,6.7,6.8,506447
2016-04-07,6.81,6.82,6.51,6.53,524240
2016-04-08,6.5,6.65,6.4,6.53,422678
2016-04-11,6.58,6.81,6.55,6.74,672921
2016-04-12,6.65,6.95,6.58,6.67,469668
2016-04-13,6.73,6.81,6.66,6.79,737335
2016-04-14,6.81,7.01,6.78,6.94,782284
2016-04-15,6.97,7.21,6.81,6.85,1212973
2016-04-18,6.72,6.72,6.56,6.6,442189
2016-04-19,6.62,6.75,6.55,6.61,232159
2016-04-20,6.63,6.65,5.96,6.15,548804
2016-04-21,6.14,6.46,6.09,6.26,693421
2016-04-22,6.16,6.4,6.14,6.34,382406
2016-04-25,6.32,6.45,6.24,6.33,422997
2016-04-26,6.33,6.37,6.16,6.27,392434
2016-04-27,6.27,6.28,6.11,6.14,286938
2016-04-28,6.15,6.19,6.0,6.04,310200
2016-04-29,6.02,6.11,5.99,6.02,198756
2016-05-03,6.03,6.19,6.01,6.19,249642
2016-05-04,6.17,6.2,6.1,6.14,209229
2016-05-05,6.15,6.19,6.12,6.18,172003
2016-05-06,6.18,6.28,5.97,5.97,306240
2016-05-09,6.02,6.02,5.61,5.68,262125
2016-05-10,5.66,5.74,5.63,5.69,174166
2016-05-11,5.75,5.79,5.59,5.61,147005
2016-05-12,5.56,5.58,5.34,5.55,189239
2016-05-13,5.54,5.61,5.44,5.48,118158
2016-05-16,5.52,5.57,5.44,5.57,127032
2016-05-17,5.57,5.63,5.49,5.57,134069
2016-05-18,5.55,5.55,5.24,5.31,214129
2016-05-19,5.31,5.4,5.28,5.3,132029
2016-05-20,5.25,5.33,5.18,5.32,127193
2016-05-23,5.33,5.4,5.33,5.36,118679
2016-05-24,5.36,5.36,5.25,5.26,108828
2016-05-25,5.32,5.35,5.26,5.27,97874
2016-05-26,5.26,5.3,5.05,5.18,238630
2016-05-27,5.15,5.19,5.11,5.15,128814
2016-05-30,5.15,5.2,5.05,5.18,129922
2016-05-31,5.2,5.46,5.18,5.45,295172
2016-06-01,5.46,5.49,5.4,5.42,237375
2016-06-02,5.45,5.45,5.36,5.42,171360
2016-06-03,5.46,5.72,5.43,5.56,441113
2016-06-06,5.56,5.57,5.47,5.49,220131
2016-06-07,5.48,5.51,5.4,5.45,164969
2016-06-08,5.45,5.45,5.34,5.38,161622
2016-06-13,5.34,5.35,5.09,5.1,289054
2016-06-14,5.09,5.24,5.05,5.15,162593
2016-06-15,5.07,5.29,5.05,5.25,204506
2016-06-16,5.25,5.26,5.16,5.17,157155
2016-06-17,5.17,5.26,5.17,5.2,136567
2016-06-20,5.23,5.24,5.16,5.18,109628
2016-06-21,5.22,5.26,5.14,5.16,134561
2016-06-22,5.14,5.2,5.14,5.2,130264
2016-06-23,5.2,5.21,5.1,5.14,180295
2016-06-24,5.12,5.19,4.89,5.05,225516
2016-06-27,5.01,5.13,4.97,5.13,159033
2016-06-28,5.11,5.16,5.08,5.16,187160
2016-06-29,5.18,5.23,5.16,5.22,246354
2016-06-30,5.26,5.26,5.17,5.19,156818
2016-07-01,5.2,5.22,5.15,5.16,123638
2016-07-04,5.07,5.34,5.07,5.31,347958
2016-07-05,5.31,5.49,5.27,5.4,401780
2016-07-06,5.36,5.47,5.35,5.4,232016
2016-07-07,5.36,5.42,5.29,5.38,214691
2016-07-08,5.38,5.45,5.33,5.4,214213
2016-07-11,5.39,5.47,5.38,5.4,274902
2016-07-12,5.4,5.53,5.31,5.51,358602
2016-07-13,5.58,5.64,5.51,5.54,332861
2016-07-14,5.55,5.56,5.45,5.51,202326
2016-07-15,5.52,5.6,5.48,5.56,278590
2016-07-18,5.56,5.56,5.42,5.45,219288
2016-07-19,5.45,5.47,5.39,5.46,158097
2016-07-20,5.5,5.74,5.41,5.65,522883
2016-07-21,5.66,5.99,5.63,5.86,862525
2016-07-22,5.76,5.83,5.71,5.72,369752
2016-07-25,5.72,5.76,5.64,5.75,258972
2016-07-26,5.75,5.86,5.72,5.86,310889
2016-07-27,5.86,5.9,5.42,5.66,430170
2016-07-28,5.6,5.66,5.51,5.63,234505
2016-07-29,5.64,5.67,5.52,5.52,158271
2016-08-01,5.48,5.48,5.34,5.37,179623
2016-08-02,5.36,5.44,5.36,5.44,97112
2016-08-03,5.44,5.44,5.38,5.41,115754
2016-08-04,5.43,5.49,5.38,5.49,128195
2016-08-05,5.48,5.57,5.43,5.51,157788
2016-08-08,5.49,5.58,5.41,5.57,164749
2016-08-09,5.53,5.81,5.52,5.75,404248
2016-08-10,5.73,5.86,5.72,5.8,337755
2016-08-11,5.76,5.86,5.75,5.82,432891
2016-08-12,5.82,5.85,5.71,5.83,235426
2016-08-15,5.82,5.99,5.8,5.95,466492
2016-08-16,5.95,5.96,5.84,5.87,345787
2016-08-17,5.85,5.88,5.79,5.83,259197
2016-08-18,5.82,5.97,5.82,5.85,289779
2016-08-19,5.84,5.85,5.72,5.79,203485
2016-08-22,5.8,5.91,5.74,5.75,164746
2016-08-23,5.74,5.82,5.72,5.76,165583
2016-08-24,5.76,5.82,5.74,5.76,168322
2016-08-25,5.72,5.8,5.61,5.78,240316
2016-08-26,5.82,6.05,5.82,5.96,534325
2016-08-29,6.01,6.27,6.01,6.18,814316
2016-08-30,6.15,6.46,6.12,6.22,660495
2016-08-31,6.26,6.38,6.2,6.23,350849
2016-09-01,6.2,6.28,6.11,6.12,295675
2016-09-02,6.09,6.32,6.08,6.31,395227
2016-09-05,6.39,6.39,6.18,6.26,347350
2016-09-06,6.25,6.34,6.12,6.28,323178
2016-09-07,6.3,6.4,6.21,6.29,351226
2016-09-08,6.26,6.36,6.13,6.19,278450
2016-09-09,6.19,6.2,6.07,6.11,231113
2016-09-12,6.02,6.4,5.93,6.38,493779
2016-09-13,6.34,6.56,6.23,6.41,710225
2016-09-14,6.34,6.54,6.21,6.29,358186
2016-09-19,6.33,6.63,6.29,6.62,635010
2016-09-20,6.59,6.68,6.46,6.58,418970
2016-09-21,6.57,6.65,6.47,6.56,306541
2016-09-22,6.63,6.86,6.63,6.84,766657
2016-09-23,6.81,6.86,6.74,6.84,411606
2016-09-26,6.84,6.86,6.53,6.56,450422
2016-09-27,6.51,6.84,6.47,6.83,419963
2016-09-28,6.89,7.26,6.86,7.17,1026124
2016-09-29,7.19,7.26,6.97,7.13,536496
2016-09-30,7.09,7.19,7.04,7.13,276025
2016-10-10,7.15,7.2,6.84,7.15,600505
2016-10-11,7.1,7.17,6.98,7.05,370005
2016-10-12,7.01,7.36,6.94,7.35,696345
2016-10-13,7.29,7.34,7.19,7.25,371493
2016-10-14,7.21,7.36,7.15,7.21,317023
2016-10-17,7.21,7.28,6.91,6.97,515659
2016-10-18,6.97,7.03,6.87,7.01,419199
2016-10-19,7.02,7.07,6.89,6.92,319461
2016-10-20,6.94,7.03,6.91,6.93,288743
2016-10-21,6.92,6.92,6.72,6.83,446222
2016-10-24,6.84,6.9,6.79,6.83,422822
2016-10-25,6.84,7.03,6.84,6.98,420541
2016-10-26,6.98,7.04,6.93,6.99,361174
2016-10-27,7.0,7.03,6.78,6.87,350522
2016-10-28,6.86,6.88,6.69,6.74,320595
2016-10-31,6.72,6.72,6.6,6.61,185582
2016-11-01,6.62,6.78,6.62,6.75,183010
2016-11-02,6.78,6.78,6.66,6.68,147945
2016-11-03,6.7,6.83,6.62,6.8,294720
2016-11-04,6.75,6.79,6.61,6.66,269154
2016-11-07,6.68,6.7,6.6,6.64,135184
2016-11-08,6.69,7.28,6.65,7.18,1182321
2016-11-09,7.22,7.71,7.11,7.59,2158632
2016-11-10,7.49,7.69,7.4,7.57,1156338
2016-11-11,7.53,7.78,7.43,7.52,997962
2016-11-14,7.58,7.87,7.51,7.73,1640837
2016-11-15,7.76,7.76,7.41,7.43,929023
2016-11-16,7.43,7.49,7.27,7.46,546419
2016-11-17,7.46,7.59,7.31,7.48,592414
2016-11-18,7.46,7.55,7.32,7.49,401344
2016-11-21,7.37,7.52,7.29,7.39,480398
2016-11-22,7.43,7.43,7.32,7.35,330607
2016-11-23,7.39,7.4,7.23,7.3,349815
2016-11-24,7.23,7.49,7.22,7.37,442537
2016-11-25,7.37,7.46,7.27,7.43,309782
2016-11-28,7.44,7.49,7.32,7.35,297273
2016-11-29,7.44,7.44,7.25,7.32,319848
2016-11-30,7.31,7.39,7.14,7.33,349203
2016-12-01,7.31,7.34,7.24,7.25,146114
2016-12-02,7.25,7.31,7.04,7.08,302213
2016-12-05,7.06,7.29,6.96,7.09,274389
2016-12-06,7.12,7.27,7.11,7.24,226382
2016-12-07,7.24,7.56,7.2,7.51,629365
2016-12-08,7.5,7.52,7.31,7.33,490005
2016-12-09,7.26,7.36,7.17,7.18,313445
2016-12-12,7.18,7.38,7.06,7.18,435662
2016-12-13,7.07,7.46,6.92,7.34,549073
2016-12-14,7.27,7.42,7.13,7.15,259353
2016-12-15,7.18,7.45,7.14,7.41,544325
2016-12-16,7.44,7.63,7.36,7.6,936326
2016-12-19,7.56,7.61,7.4,7.55,535987
2016-12-20,7.51,7.65,7.43,7.56,494383
2016-12-21,7.56,7.62,7.41,7.46,435429
2016-12-22,7.44,7.48,7.34,7.43,345145
2016-12-23,7.45,7.49,7.34,7.39,228887
2016-12-26,7.31,7.37,7.16,7.33,282444
2016-12-27,7.29,7.37,7.19,7.34,279428
2016-12-28,7.34,7.37,7.24,7.29,172818
2016-12-29,7.35,8.0,7.31,7.94,1366478
2016-12-30,7.96,7.99,7.56,7.66,1023096
2017-01-03,7.64,7.72,7.49,7.68,513760
2017-01-04,7.67,7.71,7.53,7.68,436267
2017-01-05,7.69,7.71,7.53,7.62,341328
2017-01-06,7.55,7.58,7.43,7.49,399583
2017-01-09,7.49,7.57,7.44,7.49,253874
2017-01-10,7.49,7.54,7.32,7.49,485665
2017-01-11,7.46,7.46,7.22,7.29,444356
2017-01-12,7.31,7.32,6.97,7.09,429488
2017-01-13,7.1,7.19,6.96,7.16,259046
2017-01-16,7.15,7.31,7.0,7.23,491816
2017-01-17,7.16,7.26,7.03,7.23,193930
2017-01-18,7.17,7.23,7.1,7.14,116995
2017-01-19,7.14,7.15,6.99,7.03,174522
2017-01-20,7.04,7.06,6.91,6.96,336994
2017-01-23,6.92,7.05,6.92,7.01,315044
2017-01-24,6.98,7.06,6.96,7.03,115512
2017-01-25,7.03,7.05,6.99,7.0,95466
2017-01-26,7.0,7.11,6.87,7.05,136882
2017-02-03,7.06,7.08,6.98,7.01,77885
2017-02-06,7.01,7.04,6.98,7.02,89794
2017-02-07,7.03,7.04,6.94,7.0,147203
2017-02-08,6.97,7.02,6.91,7.01,118393
2017-02-09,7.01,7.08,6.98,7.02,170115
2017-02-10,7.03,7.11,7.01,7.11,195892
2017-02-13,7.11,7.13,7.06,7.13,150185
2017-02-14,7.13,7.14,7.06,7.09,106337
2017-02-15,7.09,7.15,7.01,7.02,165334
2017-02-16,7.01,7.1,6.98,7.08,130993
2017-02-17,7.08,7.12,6.99,7.0,141450
2017-02-20,7.01,7.06,6.9,7.0,216654
2017-02-21,7.01,7.25,6.97,7.23,428484
2017-02-22,7.22,7.22,7.09,7.12,259701
2017-02-23,7.12,7.14,6.97,7.02,233853
2017-02-24,7.01,7.05,6.96,7.0,179969
2017-02-27,7.0,7.0,6.91,6.93,166749
2017-02-28,6.93,6.99,6.87,6.94,178300
2017-03-01,6.95,6.95,6.81,6.84,248619
2017-03-02,6.82,6.88,6.71,6.73,238523
2017-03-03,6.71,6.72,6.61,6.67,217100
2017-03-06,6.72,6.87,6.72,6.81,223771
2017-03-07,6.81,6.84,6.67,6.72,228374
2017-03-08,6.74,6.75,6.68,6.74,125195
2017-03-09,6.73,6.74,6.64,6.69,115902
2017-03-10,6.65,6.72,6.62,6.63,108247
2017-03-13,6.63,6.64,6.41,6.57,182703
2017-03-14,6.57,6.63,6.5,6.62,224771
2017-03-15,6.61,6.72,6.53,6.7,265915
2017-03-16,6.68,6.79,6.67,6.75,175254
2017-03-17,6.75,6.97,6.72,6.9,541547
2017-03-20,6.91,7.12,6.84,7.06,599320
2017-03-21,7.06,7.07,6.89,7.06,361655
2017-03-22,7.01,7.06,6.86,6.9,220775
2017-03-23,6.87,6.92,6.8,6.84,243768
2017-03-24,6.77,6.89,6.74,6.85,171757
2017-03-27,6.86,6.88,6.72,6.86,177384
2017-03-28,6.85,6.89,6.79,6.87,128169
2017-03-29,6.86,7.03,6.84,6.95,237795
2017-03-30,6.92,7.0,6.83,6.96,239650
2017-03-31,6.93,7.03,6.89,6.93,335670
2017-04-05,6.94,7.11,6.84,6.89,369584
2017-04-06,6.88,6.93,6.79,6.9,260632
2017-04-07,6.86,6.93,6.79,6.79,236942
2017-04-10,6.79,6.79,6.63,6.64,187480
2017-04-11,6.64,6.68,6.48,6.64,227255
2017-04-12,6.64,6.68,6.51,6.68,208773
2017-04-13,6.66,6.72,6.53,6.69,319766
2017-04-14,6.69,6.69,6.59,6.62,193521
2017-04-17,6.62,6.64,6.49,6.63,156270
2017-04-18,6.61,6.76,6.39,6.45,304127
2017-04-19,6.41,6.53,6.3,6.46,238045
2017-04-20,6.45,6.5,6.36,6.48,144644
2017-04-21,6.48,6.56,6.38,6.53,181386
2017-04-24,6.44,6.63,6.28,6.62,300564
2017-04-25,6.56,6.57,6.42,6.44,146481
2017-04-26,6.44,6.46,6.33,6.34,125063
2017-04-27,6.32,6.32,6.09,6.21,193381
2017-04-28,6.21,6.24,6.13,6.19,132954
2017-05-02,6.23,6.4,6.23,6.3,130181
2017-05-03,6.3,6.34,6.22,6.29,99051
2017-05-04,6.3,6.32,6.22,6.29,133276
2017-05-05,6.27,6.33,6.2,6.32,148468
2017-05-08,6.32,6.44,6.24,6.42,217053
2017-05-09,6.38,6.41,6.34,6.36,98586
2017-05-10,6.37,6.4,6.24,6.35,108304
2017-05-11,6.24,6.48,6.24,6.43,271428
2017-05-12,6.4,6.45,6.37,6.39,65461
2017-05-15,6.42,6.54,6.4,6.49,137806
2017-05-16,6.48,6.56,6.41,6.54,118164
2017-05-17,6.54,6.56,6.48,6.48,95371
2017-05-18,6.45,6.67,6.43,6.65,226193
2017-05-19,6.61,6.85,6.54,6.78,212004
2017-05-22,6.74,6.8,6.64,6.67,118482
2017-05-23,6.65,6.67,6.46,6.58,179389
2017-05-24,6.52,6.78,6.46,6.77,466832
2017-05-25,6.75,6.88,6.59,6.85,472334
2017-05-26,6.76,6.91,6.71,6.89,276988
2017-05-31,6.86,6.91,6.77,6.84,210986
2017-06-01,6.78,6.82,6.65,6.73,208813
2017-06-02,6.67,6.72,6.55,6.64,201813
2017-06-05,6.63,6.7,6.61,6.64,128244
2017-06-06,6.61,6.62,6.39,6.53,264201
2017-06-07,6.51,6.62,6.48,6.61,244902
2017-06-08,6.6,6.6,6.52,6.54,153432
2017-06-09,6.52,6.56,6.37,6.42,242895
2017-06-12,6.38,6.38,6.26,6.29,207298
2017-06-13,6.29,6.34,6.25,6.32,143808
2017-06-14,6.32,6.34,6.28,6.32,93624
2017-06-15,6.32,6.36,6.29,6.35,103429
2017-06-16,6.35,6.42,6.29,6.39,135034
2017-06-19,6.38,6.42,6.37,6.41,130522
2017-06-20,6.41,6.45,6.37,6.43,121101
2017-06-21,6.46,6.48,6.37,6.41,109669
2017-06-22,6.42,6.43,6.33,6.4,193979
2017-06-23,6.37,6.37,6.21,6.35,260542
2017-06-26,6.33,6.39,6.29,6.37,200576
2017-06-27,6.37,6.41,6.33,6.37,161644
2017-06-28,6.35,6.37,6.3,6.35,124255
2017-06-29,6.34,6.38,6.33,6.35,79204
2017-06-30,6.33,6.33,6.27,6.31,106776
2017-07-03,6.29,6.32,6.28,6.31,91615
2017-07-04,6.31,6.37,6.29,6.31,124459
2017-07-05,6.31,6.36,6.28,6.34,127814
2017-07-06,6.35,6.35,6.28,6.32,129351
2017-07-07,6.31,6.39,6.26,6.35,211967
2017-07-10,6.37,6.37,6.33,6.34,122996
2017-07-11,6.32,6.34,6.28,6.3,144785
2017-07-12,6.28,6.3,6.2,6.26,162842
2017-07-13,6.26,6.31,6.21,6.28,145901
2017-07-14,6.3,6.3,6.2,6.27,134933
2017-07-17,6.23,6.33,6.08,6.17,203548
2017-07-18,6.14,6.26,6.12,6.16,123079
2017-07-19,6.17,6.23,6.14,6.21,182861
2017-07-20,6.22,6.23,6.18,6.19,136616
2017-07-21,6.19,6.32,6.17,6.26,214260
2017-07-24,6.27,6.37,6.23,6.34,258748
2017-07-25,6.31,6.34,6.25,6.31,139677
2017-07-26,6.36,6.43,6.31,6.37,339256
2017-07-27,6.34,6.41,6.29,6.36,206261
2017-07-28,6.35,6.36,6.32,6.32,110452
2017-07-31,6.34,6.41,6.29,6.4,235363
2017-08-01,6.38,6.4,6.34,6.36,133976
2017-08-02,6.34,6.53,6.33,6.36,285598
2017-08-03,6.34,6.4,6.33,6.34,151316
2017-08-04,6.34,6.38,6.23,6.24,172156
2017-08-07,6.24,6.27,6.22,6.25,97766
2017-08-08,6.25,6.27,6.2,6.24,119042
2017-08-09,6.24,6.26,6.21,6.24,96537
2017-08-10,6.22,6.25,6.21,6.22,107763
2017-08-11,6.19,6.21,6.11,6.18,150825
2017-08-14,6.17,6.24,6.15,6.23,108697
2017-08-15,6.24,6.26,6.18,6.19,102197
2017-08-16,6.18,6.19,6.15,6.17,98750
2017-08-17,6.15,6.21,6.15,6.2,131290
2017-08-18,6.18,6.21,6.15,6.18,93553
2017-08-21,6.16,6.19,6.15,6.19,147155
2017-08-22,6.18,6.19,6.14,6.15,130502
2017-08-23,6.17,6.19,6.15,6.18,92610
2017-08-24,6.17,6.18,6.1,6.11,117376
2017-08-25,6.11,6.17,6.11,6.17,133428
2017-08-28,6.4,6.5,6.32,6.32,482035
2017-08-29,6.35,6.35,6.23,6.25,210873
2017-08-30,6.28,6.38,6.26,6.28,168330
2017-08-31,6.3,6.31,6.25,6.29,119668
2017-09-01,6.28,6.3,6.24,6.25,174988
2017-09-04,6.25,6.26,6.2,6.23,182953
2017-09-05,6.23,6.24,6.2,6.23,152660
2017-09-06,6.22,6.27,6.18,6.25,187018
2017-09-07,6.24,6.25,6.18,6.19,223263
2017-09-08,6.19,6.21,6.17,6.19,117675
2017-09-11,6.19,6.19,6.16,6.17,164052
2017-09-12,6.17,6.18,6.13,6.16,182382
2017-09-13,6.16,6.24,6.14,6.21,134318
2017-09-14,6.2,6.23,6.17,6.19,117032
2017-09-15,6.19,6.24,6.15,6.21,177874
2017-09-18,6.22,6.35,6.19,6.31,305854
2017-09-19,6.33,6.39,6.21,6.22,305957
2017-09-20,6.25,6.29,6.17,6.23,199609
2017-09-21,6.23,6.26,6.17,6.17,166574
2017-09-22,6.17,6.21,6.13,6.16,341740
2017-09-25,6.16,6.19,6.13,6.14,121674
2017-09-26,6.14,6.16,6.12,6.15,136985
2017-09-27,6.15,6.15,6.09,6.12,294418
2017-09-28,6.12,6.12,6.08,6.08,140622
2017-09-29,6.09,6.11,6.09,6.1,94255
2017-10-09,6.13,6.17,6.12,6.13,163817
2017-10-10,6.13,6.15,6.12,6.14,172149
2017-10-11,6.15,6.15,6.1,6.13,255680
2017-10-12,6.13,6.21,6.12,6.15,310042
2017-10-13,6.15,6.15,6.11,6.15,192619
2017-10-16,6.14,6.15,6.04,6.05,276283
2017-10-17,6.07,6.07,5.95,5.97,273621
2017-10-18,6.0,6.0,5.92,5.93,167237
2017-10-19,5.94,5.95,5.82,5.84,186095
2017-10-20,5.84,5.91,5.82,5.91,100766
2017-10-23,5.89,5.94,5.89,5.93,110051
2017-10-24,5.93,6.07,5.91,6.05,253125
2017-10-25,6.05,6.07,6.01,6.05,113090
2017-10-26,6.04,6.06,6.01,6.05,94394
2017-10-27,6.04,6.12,6.02,6.04,130221
2017-10-30,6.01,6.08,5.87,6.06,211790
2017-10-31,6.05,6.11,6.0,6.08,148002
2017-11-01,6.07,6.07,6.01,6.04,116772
2017-11-02,6.03,6.07,5.92,6.06,190794
2017-11-03,6.0,6.1,5.93,6.09,216948
2017-11-06,6.08,6.19,6.05,6.17,269450
2017-11-07,6.17,6.18,6.1,6.13,171307
2017-11-08,6.11,6.15,6.02,6.05,273523
2017-11-09,6.03,6.05,5.97,6.02,181662
2017-11-10,6.03,6.05,5.91,5.92,219257
2017-11-13,5.91,5.94,5.75,5.77,399803
2017-11-14,5.77,5.78,5.68,5.73,218729
2017-11-15,5.7,5.79,5.7,5.73,118740
2017-11-16,5.75,5.77,5.69,5.7,103813
2017-11-17,5.68,5.9,5.53,5.77,495430
2017-11-20,5.73,5.79,5.64,5.75,129342
2017-11-21,5.75,5.81,5.7,5.71,119438
2017-11-22,5.71,5.74,5.51,5.52,361317
2017-11-23,5.5,5.5,5.28,5.35,301845
2017-11-24,5.31,5.4,5.29,5.36,91982
2017-11-27,5.34,5.38,5.32,5.37,97394
2017-11-28,5.37,5.39,5.34,5.37,71238
2017-11-29,5.36,5.36,5.13,5.21,273034
2017-11-30,5.2,5.23,5.11,5.19,170450
2017-12-01,5.17,5.2,5.12,5.19,89579
2017-12-04,5.19,5.2,5.11,5.18,127765
2017-12-05,5.19,5.37,5.17,5.33,331734
2017-12-06,5.33,5.34,5.27,5.32,82789
2017-12-07,5.32,5.33,5.25,5.26,67474
2017-12-08,5.25,5.34,5.25,5.27,79741
2017-12-11,5.27,5.33,5.25,5.3,74765
2017-12-12,5.3,5.31,5.22,5.23,68043
2017-12-13,5.2,5.2,5.12,5.16,125915
2017-12-14,5.14,5.21,5.13,5.19,94651
2017-12-15,5.18,5.44,5.14,5.33,248861
2017-12-18,5.29,5.3,5.18,5.21,119928
2017-12-19,5.19,5.23,5.17,5.18,93541
2017-12-20,5.17,5.2,5.1,5.11,131906
2017-12-21,5.11,5.12,5.01,5.02,155188
2017-12-22,5.01,5.02,4.96,4.97,111558
2017-12-25,4.96,5.0,4.83,4.84,126790
2017-12-26,4.83,4.91,4.82,4.88,101135
2017-12-27,4.87,4.9,4.8,4.82,93528
2017-12-28,4.82,4.82,4.77,4.8,99180
2017-12-29,4.8,4.87,4.78,4.85,89728
2018-01-02,4.86,4.93,4.86,4.92,101909
2018-01-03,4.92,4.96,4.89,4.91,191262
2018-01-04,4.91,4.94,4.88,4.92,108321
2018-01-05,4.91,5.04,4.89,5.0,208991
2018-01-08,5.0,5.17,4.95,5.11,243563
2018-01-09,5.11,5.11,5.01,5.03,151382
2018-01-10,5.01,5.03,4.92,4.95,116930
2018-01-11,4.92,5.03,4.89,5.02,106027
2018-01-12,4.99,5.03,4.96,5.02,115245
2018-01-15,5.02,5.02,4.84,4.85,135620
2018-01-16,4.83,5.02,4.82,5.02,157920
2018-01-17,5.09,5.15,4.98,4.99,254881
2018-01-18,5.0,5.02,4.92,4.96,106093
2018-01-19,4.95,4.98,4.93,4.96,104966
2018-01-22,4.94,5.09,4.91,5.06,191576
2018-01-23,5.13,5.19,5.03,5.14,275977
2018-01-24,5.1,5.16,5.06,5.13,156022
2018-01-25,5.16,5.18,5.09,5.11,166838
2018-01-26,5.09,5.13,5.06,5.1,108658
2018-01-29,5.1,5.12,5.01,5.02,128384
2018-01-30,5.01,5.1,5.0,5.04,101377
2018-01-31,5.03,5.14,4.98,5.02,166455
2018-02-01,5.02,5.03,4.74,4.76,209142
2018-02-02,4.74,4.8,4.6,4.77,113057
2018-02-05,4.73,4.84,4.7,4.79,76943
2018-02-06,4.75,4.75,4.34,4.36,197236
2018-02-07,4.43,4.6,4.31,4.4,120305
2018-02-08,4.4,4.5,4.39,4.43,96696
2018-02-09,4.31,4.39,4.09,4.12,194472
2018-02-12,4.14,4.27,4.14,4.25,96859
2018-02-13,4.27,4.32,4.25,4.27,84596
2018-02-14,4.22,4.3,4.22,4.29,55421
2018-02-22,4.32,4.37,4.31,4.35,66862
2018-02-23,4.36,4.4,4.32,4.37,67322
2018-02-26,4.38,4.47,4.36,4.46,85026
2018-02-27,4.47,4.52,4.43,4.46,88046
2018-02-28,4.42,4.48,4.39,4.44,59950
2018-03-01,4.42,4.47,4.4,4.47,77249
2018-03-02,4.4,4.43,4.37,4.4,82555
2018-03-05,4.42,4.46,4.42,4.44,55614
2018-03-06,4.42,4.51,4.41,4.51,91345
2018-03-07,4.48,4.62,4.48,4.51,105323
2018-03-08,4.51,4.55,4.49,4.53,54752
2018-03-09,4.52,4.57,4.49,4.55,75507
2018-03-12,4.56,4.6,4.54,4.6,91080
2018-03-13,4.6,4.62,4.55,4.56,84027
2018-03-14,4.55,4.56,4.44,4.46,105769
2018-03-15,4.47,4.52,4.45,4.48,87473
2018-03-16,4.51,4.82,4.49,4.66,338746
2018-03-19,4.62,4.72,4.58,4.63,145368
2018-03-20,4.57,4.66,4.55,4.64,113619
2018-03-21,4.6,4.82,4.6,4.71,283022
2018-03-22,4.74,4.93,4.73,4.88,433409
2018-03-23,4.73,4.74,4.42,4.53,340969
2018-03-26,4.43,4.49,4.23,4.48,181687
2018-03-27,4.55,4.58,4.49,4.54,149706
2018-03-28,4.44,4.48,4.39,4.41,145592
2018-03-29,4.41,4.45,4.39,4.44,107217
2018-03-30,4.44,4.48,4.41,4.42,111251
2018-04-02,4.43,4.43,4.37,4.38,111917
2018-04-03,4.28,4.32,4.25,4.3,101117
2018-04-04,4.34,4.34,4.2,4.22,107403
2018-04-09,4.2,4.27,4.13,4.24,88305
2018-04-10,4.24,4.35,4.22,4.35,106771
2018-04-11,4.37,4.39,4.3,4.32,97409
2018-04-12,4.29,4.45,4.28,4.36,119149
2018-04-13,4.33,4.37,4.31,4.33,77513
2018-04-16,4.31,4.33,4.22,4.24,85762
2018-04-17,4.26,4.27,4.12,4.14,96752
2018-04-18,4.22,4.23,4.12,4.2,109623
2018-04-19,4.19,4.24,4.17,4.21,69380
2018-04-20,4.21,4.22,4.12,4.12,77149
2018-04-23,4.12,4.14,4.06,4.08,95908
2018-04-24,4.07,4.18,4.07,4.17,81526
2018-04-25,4.14,4.19,4.13,4.19,63163
2018-04-26,4.18,4.18,4.08,4.08,78774
2018-04-27,4.1,4.12,4.05,4.09,76023
2018-05-02,4.1,4.17,4.06,4.1,84051
2018-05-03,4.12,4.15,4.07,4.14,89441
2018-05-04,4.13,4.14,4.1,4.12,65797
2018-05-07,4.11,4.17,4.11,4.16,91811
2018-05-08,4.16,4.21,4.14,4.2,107587
2018-05-09,4.19,4.21,4.16,4.19,70159
2018-05-10,4.19,4.21,4.16,4.2,81797
2018-05-11,4.2,4.2,4.14,4.15,77681
2018-05-14,4.16,4.17,4.1,4.11,87941
2018-05-15,4.14,4.15,4.1,4.13,87512
2018-05-16,4.13,4.21,4.11,4.19,156617
2018-05-17,4.18,4.19,4.13,4.14,90573
2018-05-18,4.14,4.17,4.11,4.17,95014
2018-05-21,4.21,4.31,4.18,4.26,177581
2018-05-22,4.27,4.27,4.21,4.25,85707
2018-05-23,4.22,4.24,4.19,4.21,76591
2018-05-24,4.21,4.22,4.17,4.2,86697
2018-05-25,4.2,4.21,4.13,4.14,90611
2018-05-28,4.15,4.15,4.1,4.14,68253
2018-05-29,4.14,4.14,4.1,4.11,78007
2018-05-30,4.08,4.1,4.01,4.02,154354
2018-05-31,4.05,4.32,4.03,4.23,209756
2018-06-01,4.18,4.21,4.13,4.17,147434
2018-06-04,4.19,4.23,4.14,4.18,107260
2018-06-05,4.16,4.18,4.1,4.17,111862
2018-06-06,4.14,4.16,4.07,4.1,127237
2018-06-07,4.11,4.12,4.05,4.06,119587
2018-06-08,4.06,4.06,4.0,4.04,116606
2018-06-11,4.03,4.03,3.97,3.99,81958
2018-06-12,3.99,4.03,3.98,4.01,65750
2018-06-13,4.03,4.03,3.96,3.96,63931
2018-06-14,3.94,3.98,3.9,3.91,82997
2018-06-15,3.91,3.95,3.79,3.81,103971
2018-06-19,3.76,3.76,3.34,3.37,241454
2018-06-20,3.35,3.49,3.31,3.44,125255
2018-06-21,3.42,3.47,3.28,3.3,116445
2018-06-22,3.26,3.37,3.25,3.33,81755
2018-06-25,3.39,3.42,3.35,3.35,78060
2018-06-26,3.29,3.4,3.27,3.37,65537
2018-06-27,3.39,3.39,3.34,3.34,57903
2018-06-28,3.33,3.37,3.29,3.31,53891
2018-06-29,3.31,3.39,3.29,3.38,68658
2018-07-02,3.39,3.41,3.32,3.34,73013
2018-07-03,3.32,3.44,3.32,3.44,89195
2018-07-04,3.44,3.45,3.38,3.4,62633
2018-07-05,3.37,3.4,3.3,3.3,66217
2018-07-06,3.3,3.37,3.26,3.33,76895
2018-07-09,3.36,3.39,3.34,3.38,55417
2018-07-10,3.38,3.42,3.37,3.42,68632
2018-07-11,3.42,3.42,3.34,3.37,80022
2018-07-12,3.36,3.46,3.36,3.43,75095
2018-07-13,3.44,3.44,3.38,3.42,67445
2018-07-16,3.4,3.43,3.39,3.41,41075
2018-07-17,3.41,3.41,3.37,3.39,52442
2018-07-18,3.4,3.43,3.39,3.41,55957
2018-07-19,3.42,3.42,3.36,3.37,47708
2018-07-20,3.39,3.41,3.34,3.41,68510
2018-07-23,3.37,3.46,3.37,3.45,95439
2018-07-24,3.43,3.57,3.42,3.55,157390
2018-07-25,3.54,3.55,3.5,3.51,81450
2018-07-26,3.51,3.6,3.5,3.55,126481
2018-07-27,3.53,3.57,3.52,3.53,76958
2018-07-30,3.53,3.57,3.49,3.51,65426
2018-07-31,3.53,3.53,3.48,3.53,53468
2018-08-01,3.53,3.56,3.47,3.47,89542
2018-08-02,3.45,3.46,3.27,3.36,132476
2018-08-03,3.34,3.46,3.34,3.35,58704
2018-08-06,3.36,3.36,3.27,3.29,70081
2018-08-07,3.29,3.4,3.29,3.38,68641
2018-08-08,3.42,3.42,3.32,3.34,56116
2018-08-09,3.33,3.39,3.29,3.37,95734
2018-08-10,3.35,3.4,3.35,3.38,66286
2018-08-13,3.35,3.39,3.29,3.37,54879
2018-08-14,3.37,3.38,3.34,3.37,37327
2018-08-15,3.38,3.39,3.29,3.29,67881
2018-08-16,3.29,3.33,3.25,3.28,62933
2018-08-17,3.3,3.33,3.25,3.25,65902
2018-08-20,3.26,3.28,3.17,3.21,79819
2018-08-21,3.22,3.29,3.22,3.29,48946
2018-08-22,3.27,3.28,3.25,3.27,42204
2018-08-23,3.26,3.28,3.23,3.25,53094
2018-08-24,3.25,3.28,3.22,3.25,45709
2018-08-27,3.25,3.32,3.24,3.32,60985
2018-08-28,3.32,3.35,3.3,3.32,48325
2018-08-29,3.32,3.33,3.3,3.32,36131
2018-08-30,3.33,3.33,3.25,3.25,48919
2018-08-31,3.26,3.28,3.21,3.24,61528
2018-09-03,3.22,3.25,3.2,3.23,49212
2018-09-04,3.22,3.28,3.22,3.27,49328
2018-09-05,3.27,3.3,3.24,3.24,48551
2018-09-06,3.22,3.26,3.2,3.21,45829
2018-09-07,3.22,3.26,3.21,3.23,44806
2018-09-10,3.22,3.25,3.19,3.2,55810
2018-09-11,3.2,3.22,3.18,3.2,38714
2018-09-12,3.2,3.22,3.19,3.2,55312
2018-09-13,3.21,3.24,3.2,3.22,42772
2018-09-14,3.22,3.23,3.17,3.19,48174
2018-09-17,3.18,3.18,3.1,3.12,56576
2018-09-18,3.11,3.16,3.11,3.15,61588
2018-09-19,3.14,3.2,3.13,3.18,79818
2018-09-20,3.18,3.2,3.17,3.18,52561
2018-09-21,3.19,3.24,3.18,3.23,62509
2018-09-25,3.21,3.26,3.21,3.26,68695
2018-09-26,3.25,3.27,3.24,3.24,61643
2018-09-27,3.24,3.25,3.18,3.2,65807
2018-09-28,3.22,3.23,3.18,3.22,47144
2018-10-08,3.2,3.2,3.11,3.11,76185
2018-10-09,3.11,3.14,3.1,3.12,57918
2018-10-10,3.12,3.16,3.11,3.15,39876
2018-10-11,3.07,3.08,2.75,2.78,170094
2018-10-12,2.75,2.77,2.52,2.71,135702
2018-10-15,2.7,2.73,2.57,2.57,75686
2018-10-16,2.59,2.66,2.57,2.58,70870
2018-10-17,2.63,2.66,2.58,2.64,49676
2018-10-18,2.64,2.64,2.55,2.57,50387
2018-10-19,2.56,2.67,2.52,2.66,63140
2018-10-22,2.65,2.87,2.65,2.81,116543
2018-10-23,2.83,2.85,2.73,2.76,94568
2018-10-24,2.71,2.82,2.71,2.78,60864
2018-10-25,2.71,2.79,2.66,2.77,64727
2018-10-26,2.8,2.88,2.78,2.82,70554
2018-10-29,2.82,2.85,2.74,2.77,61433
2018-10-30,2.77,2.82,2.74,2.78,57950
2018-10-31,2.81,2.84,2.78,2.81,67456
2018-11-01,2.82,2.87,2.8,2.82,92164
2018-11-02,2.86,2.91,2.83,2.9,120486
2018-11-05,2.89,2.91,2.85,2.89,85293
2018-11-06,2.89,2.89,2.84,2.87,77157
2018-11-07,2.88,2.93,2.87,2.9,113588
2018-11-08,2.91,2.92,2.84,2.84,81282
2018-11-09,2.83,2.86,2.79,2.81,78776
2018-11-12,2.8,2.91,2.8,2.91,105169
2018-11-13,2.88,3.02,2.87,3.01,201885
2018-11-14,3.02,3.03,2.95,2.97,144601
2018-11-15,2.97,3.01,2.95,3.01,136986
2018-11-16,3.01,3.11,2.99,3.08,210792
2018-11-19,3.09,3.18,3.06,3.11,181541
2018-11-20,3.08,3.09,3.0,3.01,144140
2018-11-21,2.98,3.0,2.94,2.99,112774
2018-11-22,3.01,3.01,2.96,2.97,79570
2018-11-23,2.97,2.97,2.8,2.81,129004
2018-11-26,2.81,2.84,2.76,2.78,78570
2018-11-27,2.79,2.82,2.77,2.79,57498
2018-11-28,2.81,2.83,2.7,2.83,77128
2018-11-29,2.83,2.85,2.72,2.75,85449
2018-11-30,2.74,2.77,2.69,2.77,77618
2018-12-03,2.85,2.89,2.81,2.85,128372
2018-12-04,2.86,2.86,2.83,2.86,64263
2018-12-05,2.8,2.85,2.76,2.82,83359
2018-12-06,2.8,2.8,2.75,2.77,64411
2018-12-07,2.77,2.78,2.75,2.77,44180
2018-12-10,2.75,2.75,2.7,2.73,62013
2018-12-11,2.74,2.74,2.7,2.73,48253
2018-12-12,2.73,2.75,2.72,2.73,48757
2018-12-13,2.75,2.79,2.7,2.77,70200
2018-12-14,2.76,2.76,2.66,2.66,79363
2018-12-17,2.67,2.69,2.63,2.67,57971
2018-12-18,2.66,2.68,2.64,2.66,49911
2018-12-19,2.66,2.67,2.63,2.64,48758
2018-12-20,2.65,2.65,2.61,2.64,53810
2018-12-21,2.64,2.64,2.61,2.64,54662
2018-12-24,2.63,2.67,2.62,2.66,58564
2018-12-25,2.63,2.63,2.52,2.59,108970
2018-12-26,2.58,2.62,2.56,2.58,64515
2018-12-27,2.63,2.65,2.59,2.59,73645
2018-12-28,2.6,2.65,2.59,2.64,60409
2019-01-02,2.64,2.69,2.63,2.66,64203
2019-01-03,2.68,2.73,2.66,2.71,70917
2019-01-04,2.69,2.79,2.67,2.77,100001
2019-01-07,2.83,3.07,2.8,3.01,346489
2019-01-08,3.0,3.06,2.96,3.0,180703
2019-01-09,3.01,3.03,2.94,2.94,160644
2019-01-10,2.97,2.98,2.9,2.92,99688
2019-01-11,2.91,3.09,2.9,3.04,259881
2019-01-14,3.0,3.04,2.98,2.99,106380
2019-01-15,2.97,3.0,2.95,2.99,76907
2019-01-16,3.0,3.0,2.93,2.94,71445
2019-01-17,2.91,2.96,2.87,2.89,80401
2019-01-18,2.93,2.94,2.87,2.9,64668
2019-01-21,2.9,2.94,2.88,2.9,60392
2019-01-22,2.9,2.9,2.83,2.85,55869
2019-01-23,2.83,2.87,2.82,2.86,48084
2019-01-24,2.86,2.91,2.84,2.9,67595
2019-01-25,2.9,2.92,2.88,2.89,40690
2019-01-28,2.88,2.92,2.87,2.87,51675
2019-01-29,2.85,2.86,2.71,2.82,91451
2019-01-30,2.77,2.84,2.76,2.79,37124
2019-01-31,2.78,2.82,2.72,2.74,63388
2019-02-01,2.76,2.83,2.75,2.82,40761
2019-02-11,2.84,2.87,2.82,2.87,68136
2019-02-12,2.87,2.94,2.86,2.94,84186
2019-02-13,2.94,3.0,2.93,2.98,120721
2019-02-14,2.99,2.99,2.93,2.95,105410
2019-02-15,2.95,2.99,2.93,2.94,79204
2019-02-18,2.96,3.03,2.95,3.02,119759
2019-02-19,3.03,3.09,2.99,3.02,149015
2019-02-20,3.02,3.03,2.98,3.02,89400
2019-02-21,3.02,3.08,2.99,3.0,206368
2019-02-22,3.0,3.08,2.96,3.08,162834
2019-02-25,3.15,3.47,3.12,3.47,774553
2019-02-26,3.53,3.57,3.42,3.43,649224
2019-02-27,3.44,3.6,3.42,3.5,401404
2019-02-28,3.59,3.59,3.47,3.51,237638
2019-03-01,3.58,3.9,3.52,3.77,581724
2019-03-04,3.8,4.09,3.8,4.01,758765
2019-03-05,3.96,4.12,3.86,4.08,509482
2019-03-06,4.05,4.17,4.01,4.09,450650
2019-03-07,4.1,4.1,4.0,4.03,464935
2019-03-08,3.92,4.0,3.74,3.74,479234
2019-03-11,3.74,3.9,3.73,3.88,316108
2019-03-12,3.9,4.03,3.81,3.87,362145
2019-03-13,3.86,3.92,3.74,3.78,302926
2019-03-14,3.81,3.89,3.59,3.66,370817
2019-03-15,3.65,3.78,3.65,3.7,285776
2019-03-18,3.77,3.84,3.69,3.83,270835
2019-03-19,3.83,3.92,3.79,3.83,234603
2019-03-20,3.85,3.86,3.71,3.81,238094
2019-03-21,3.81,4.04,3.77,3.95,427038
2019-03-22,3.93,3.96,3.78,3.87,302336
2019-03-25,3.92,4.33,3.92,4.08,843895
2019-03-26,4.15,4.15,3.86,3.87,438823
2019-03-27,3.9,3.94,3.77,3.81,210638
2019-03-28,3.82,3.88,3.75,3.76,169745
2019-03-29,3.76,3.92,3.71,3.91,239509
2019-04-01,3.95,4.07,3.95,4.02,300621
2019-04-02,4.05,4.2,3.99,4.07,411124
2019-04-03,4.11,4.26,4.05,4.18,397880
2019-04-04,4.18,4.24,4.12,4.16,316405
2019-04-08,4.19,4.22,4.01,4.1,344938
2019-04-09,4.12,4.14,4.05,4.12,187818
2019-04-10,4.08,4.12,4.04,4.08,198543
2019-04-11,4.09,4.12,3.97,3.98,240986
2019-04-12,3.96,4.2,3.96,4.11,294019
2019-04-15,4.16,4.19,4.01,4.02,263120
2019-04-16,4.0,4.08,3.86,4.07,236031
2019-04-17,4.1,4.1,4.01,4.04,173798
2019-04-18,4.04,4.04,3.98,3.99,111027
2019-04-19,4.01,4.03,3.92,3.98,120363
2019-04-22,4.0,4.03,3.9,3.92,161364
2019-04-23,3.9,3.92,3.81,3.84,196478
2019-04-24,3.86,3.87,3.77,3.85,145235
2019-04-25,3.85,3.86,3.66,3.67,182880
2019-04-26,3.62,3.63,3.5,3.51,270883
2019-04-29,3.5,3.54,3.33,3.35,207961
2019-04-30,3.35,3.5,3.35,3.45,147766
2019-05-06,3.33,3.41,3.11,3.17,293543
2019-05-07,3.17,3.28,3.17,3.24,141666
2019-05-08,3.16,3.35,3.13,3.3,191766
2019-05-09,3.25,3.31,3.21,3.23,107042
2019-05-10,3.27,3.33,3.16,3.33,176442
2019-05-13,3.28,3.33,3.22,3.25,128486
2019-05-14,3.22,3.28,3.17,3.24,89098
2019-05-15,3.25,3.29,3.24,3.28,106132
2019-05-16,3.27,3.32,3.26,3.3,100305
2019-05-17,3.31,3.31,3.13,3.15,184272
2019-05-20,3.15,3.19,3.07,3.13,90708
2019-05-21,3.12,3.22,3.11,3.19,78030
2019-05-22,3.19,3.19,3.13,3.17,63764
2019-05-23,3.17,3.18,3.09,3.1,80187
2019-05-24,3.11,3.14,3.07,3.09,71236
2019-05-27,3.1,3.18,3.09,3.17,84621
2019-05-28,3.21,3.25,3.16,3.22,153409
2019-05-29,3.2,3.23,3.16,3.18,84902
2019-05-30,3.15,3.18,3.12,3.16,69454
2019-05-31,3.16,3.19,3.14,3.15,56400
2019-06-03,3.15,3.18,3.1,3.14,81468
2019-06-04,3.16,3.16,3.04,3.07,90357
2019-06-05,3.12,3.12,3.06,3.09,61490
2019-06-06,3.03,3.08,3.01,3.02,81225
2019-06-10,3.04,3.11,3.02,3.05,65821
2019-06-11,3.06,3.16,3.04,3.15,109450
2019-06-12,3.15,3.18,3.1,3.12,80108
2019-06-13,3.12,3.18,3.1,3.15,79950
2019-06-14,3.2,3.21,3.1,3.12,77558
2019-06-17,3.13,3.24,3.11,3.21,138096
2019-06-18,3.23,3.51,3.23,3.37,303231
2019-06-19,3.46,3.47,3.33,3.37,169672
2019-06-20,3.46,3.5,3.38,3.42,249254
2019-06-21,3.41,3.45,3.38,3.4,174630
2019-06-24,3.4,3.42,3.37,3.4,96791
2019-06-25,3.39,3.4,3.31,3.36,114188
2019-06-26,3.4,3.41,3.36,3.38,83885
2019-06-27,3.39,3.42,3.35,3.37,99956
2019-06-28,3.37,3.37,3.28,3.33,77875
2019-07-01,3.42,3.44,3.39,3.41,133192
2019-07-02,3.41,3.42,3.37,3.38,86817
2019-07-03,3.38,3.38,3.35,3.38,74171
2019-07-04,3.38,3.48,3.37,3.42,133843
2019-07-05,3.41,3.42,3.38,3.39,65073
2019-07-08,3.4,3.4,3.22,3.25,133746
2019-07-09,3.26,3.28,3.21,3.24,63376
2019-07-10,3.24,3.24,3.2,3.22,45259
2019-07-11,3.22,3.26,3.2,3.22,43795
2019-07-12,3.23,3.24,3.18,3.23,51695
2019-07-15,3.23,3.29,3.18,3.26,67971
2019-07-16,3.25,3.36,3.25,3.32,79997
2019-07-17,3.3,3.36,3.29,3.33,67420
2019-07-18,3.3,3.32,3.25,3.26,78517
2019-07-19,3.27,3.34,3.27,3.3,81906
2019-07-22,3.29,3.34,3.24,3.29,71051
2019-07-23,3.27,3.31,3.27,3.28,52084
2019-07-24,3.29,3.33,3.27,3.28,60296
2019-07-25,3.28,3.29,3.24,3.25,51394
2019-07-26,3.22,3.25,3.22,3.25,57814
2019-07-29,3.24,3.25,3.19,3.2,81336
2019-07-30,3.2,3.24,3.19,3.22,57162
2019-07-31,3.22,3.22,3.19,3.19,39419
2019-08-01,3.2,3.21,3.15,3.15,56887
2019-08-02,3.01,3.09,3.01,3.07,104244
2019-08-05,3.06,3.08,3.01,3.03,66218
2019-08-06,2.98,3.0,2.85,2.91,130321
2019-08-07,2.96,2.97,2.89,2.92,52551
2019-08-08,2.93,2.97,2.92,2.94,45974
2019-08-09,2.96,2.96,2.88,2.91,38961
2019-08-12,2.91,2.94,2.89,2.93,36122
2019-08-13,2.91,2.96,2.9,2.93,45059
2019-08-14,2.99,3.0,2.94,2.94,46934
2019-08-15,2.9,3.0,2.89,2.97,66205
2019-08-16,2.99,3.0,2.94,2.95,42586
2019-08-19,2.94,3.05,2.93,3.04,82527
2019-08-20,3.04,3.06,3.0,3.02,53619
2019-08-21,3.02,3.03,2.99,3.01,42527
2019-08-22,3.03,3.03,2.98,3.01,43628
2019-08-23,3.02,3.04,2.99,3.0,43940
2019-08-26,2.95,2.98,2.92,2.96,56412
2019-08-27,2.99,3.08,2.95,2.95,128479
2019-08-28,2.98,3.16,2.97,3.08,174063
2019-08-29,3.07,3.07,3.0,3.02,88197
2019-08-30,3.03,3.07,2.98,3.02,81942
2019-09-02,3.02,3.07,2.98,3.05,88543
2019-09-03,3.05,3.07,3.02,3.04,48732
2019-09-04,3.03,3.07,3.02,3.06,79007
2019-09-05,3.09,3.17,3.09,3.11,145475
2019-09-06,3.13,3.14,3.09,3.12,69496
2019-09-09,3.17,3.17,3.14,3.17,83869
2019-09-10,3.17,3.18,3.13,3.16,67966
2019-09-11,3.17,3.2,3.16,3.18,88329
2019-09-12,3.2,3.26,3.18,3.24,92998
2019-09-16,3.27,3.29,3.23,3.25,84918
2019-09-17,3.23,3.23,3.13,3.14,108723
2019-09-18,3.15,3.17,3.09,3.11,96056
2019-09-19,3.1,3.13,3.08,3.11,74874
2019-09-20,3.12,3.17,3.1,3.15,131127
2019-09-23,3.15,3.15,3.1,3.13,61739
2019-09-24,3.11,3.15,3.06,3.09,83509
2019-09-25,3.07,3.09,3.05,3.05,64573
2019-09-26,3.07,3.09,3.01,3.04,62707
2019-09-27,3.05,3.05,3.01,3.03,38775
2019-09-30,3.03,3.05,2.99,2.99,46815
2019-10-08,2.98,3.02,2.97,2.97,59639
2019-10-09,2.96,3.01,2.94,3.01,41228
2019-10-10,3.02,3.07,3.01,3.05,54238
2019-10-11,3.04,3.11,3.03,3.09,69222
2019-10-14,3.11,3.14,3.09,3.09,90367
2019-10-15,3.11,3.11,3.08,3.11,60689
2019-10-16,3.09,3.13,3.08,3.1,64110
2019-10-17,3.08,3.1,3.04,3.06,53751
2019-10-18,3.05,3.07,2.99,3.0,68456
2019-10-21,3.0,3.03,2.97,3.0,55886
2019-10-22,3.01,3.01,2.97,3.0,55288
2019-10-23,2.99,3.01,2.98,3.0,49098
2019-10-24,2.99,3.02,2.97,3.0,41808
2019-10-25,3.01,3.07,2.98,3.06,57237
2019-10-28,3.06,3.13,3.06,3.1,72486
2019-10-29,3.11,3.11,3.03,3.04,65078
2019-10-30,3.06,3.06,3.01,3.04,59590
2019-10-31,3.05,3.16,3.04,3.11,115610
2019-11-01,3.11,3.11,3.04,3.09,89199
2019-11-04,3.09,3.14,3.08,3.12,81409
2019-11-05,3.12,3.17,3.1,3.14,98041
2019-11-06,3.13,3.15,3.08,3.11,69466
2019-11-07,3.1,3.15,3.09,3.11,62238
2019-11-08,3.12,3.15,3.08,3.1,59057
2019-11-11,3.1,3.1,3.02,3.04,64996
2019-11-12,3.04,3.06,2.99,3.01,51711
2019-11-13,3.01,3.02,2.96,2.99,57002
2019-11-14,2.99,3.01,2.96,2.98,45325
2019-11-15,3.0,3.0,2.95,2.95,46934
2019-11-18,2.95,2.99,2.91,2.97,40321
2019-11-19,2.97,3.01,2.95,3.0,55420
2019-11-20,3.01,3.01,2.95,2.97,46590
2019-11-21,2.95,2.96,2.92,2.94,57109
2019-11-22,2.93,2.99,2.93,2.97,71281
2019-11-25,2.95,3.01,2.95,2.99,56295
2019-11-26,2.99,3.03,2.96,2.96,112992
2019-11-27,2.98,3.01,2.95,2.99,58388
2019-11-28,2.99,3.01,2.97,2.99,39879
2019-11-29,3.06,3.21,3.01,3.02,132439
2019-12-02,3.04,3.09,2.99,3.08,98217
2019-12-03,3.08,3.11,3.05,3.1,77469
2019-12-04,3.09,3.13,3.08,3.12,91446
2019-12-05,3.11,3.18,3.11,3.16,132263
2019-12-06,3.15,3.19,3.14,3.18,129905
2019-12-09,3.13,3.16,3.09,3.12,176404
2019-12-10,3.1,3.12,3.06,3.07,127441
2019-12-11,3.07,3.07,3.0,3.02,173841
2019-12-12,3.03,3.03,2.95,2.96,234445
2019-12-13,2.97,3.03,2.95,2.95,492582
2019-12-16,2.99,3.01,2.97,3.0,197663
2019-12-17,3.01,3.07,2.99,3.05,210908
2019-12-18,3.04,3.08,3.04,3.06,155352
2019-12-19,3.06,3.08,3.03,3.08,138694
2019-12-20,3.07,3.09,3.01,3.01,124396
2019-12-23,3.01,3.06,2.97,2.98,106917
2019-12-24,2.97,3.06,2.97,3.03,104730
2019-12-25,3.02,3.03,2.98,2.99,99506
2019-12-26,2.98,3.07,2.98,3.07,161759
2019-12-27,3.08,3.11,3.03,3.05,113413
2019-12-30,3.04,3.09,3.01,3.08,142931
2019-12-31,3.06,3.1,3.06,3.08,90058
2020-01-02,3.1,3.23,3.1,3.22,276233
2020-01-03,3.31,3.5,3.27,3.35,477944
2020-01-06,3.31,3.33,3.25,3.26,321765
2020-01-07,3.29,3.34,3.27,3.3,140679
2020-01-08,3.28,3.29,3.17,3.2,207354
2020-01-09,3.22,3.27,3.21,3.24,129847
2020-01-10,3.24,3.33,3.24,3.27,168091
2020-01-13,3.27,3.3,3.21,3.3,150468
2020-01-14,3.3,3.31,3.24,3.25,122538
2020-01-15,3.26,3.26,3.17,3.19,137757
2020-01-16,3.21,3.26,3.19,3.23,146013
2020-01-17,3.23,3.31,3.22,3.26,172416
2020-01-20,3.26,3.28,3.21,3.26,101911
2020-01-21,3.28,3.28,3.21,3.21,141673
2020-01-22,3.19,3.27,3.14,3.23,134881
2020-01-23,3.22,3.22,3.04,3.12,201598
2020-02-03,2.73,2.73,2.73,2.73,64260
2020-02-04,2.38,2.68,2.38,2.56,372682
2020-02-05,2.57,2.66,2.54,2.6,206995
2020-02-06,2.62,2.64,2.56,2.63,204343
2020-02-07,2.61,2.61,2.57,2.6,138123
2020-02-10,2.61,2.76,2.59,2.7,214388
2020-02-11,2.73,2.73,2.66,2.69,149089
2020-02-12,2.7,2.72,2.66,2.71,118866
2020-02-13,2.69,2.7,2.64,2.66,123916
2020-02-14,2.66,2.68,2.64,2.67,89555
2020-02-17,2.67,2.83,2.67,2.82,225192
2020-02-18,2.84,2.85,2.79,2.82,179029
2020-02-19,2.84,2.85,2.8,2.8,113974
2020-02-20,2.82,2.94,2.79,2.91,193640
2020-02-21,2.89,2.96,2.88,2.92,163275
2020-02-24,2.9,2.91,2.82,2.84,194104
2020-02-25,2.8,2.8,2.71,2.78,219092
2020-02-26,2.73,2.92,2.69,2.89,328110
2020-02-27,2.89,2.9,2.82,2.82,201255
2020-02-28,2.77,2.77,2.65,2.66,279709
2020-03-02,2.69,2.78,2.69,2.75,153343
2020-03-03,2.78,2.82,2.74,2.76,165362
2020-03-04,2.73,2.8,2.71,2.8,152297
2020-03-05,2.81,2.86,2.8,2.86,209105
2020-03-06,2.82,2.86,2.78,2.83,172316
2020-03-09,2.79,2.82,2.71,2.73,190468
2020-03-10,2.67,2.79,2.67,2.78,184902
2020-03-11,2.79,2.8,2.73,2.73,156633
2020-03-12,2.69,2.72,2.67,2.68,138942
2020-03-13,2.61,2.74,2.54,2.7,239453
2020-03-16,2.81,2.85,2.65,2.69,237471
2020-03-17,2.69,2.76,2.65,2.69,192093
2020-03-18,2.71,2.72,2.57,2.58,198922
2020-03-19,2.56,2.68,2.56,2.61,205599
2020-03-20,2.62,2.64,2.55,2.62,134771
2020-03-23,2.57,2.57,2.51,2.52,134712
2020-03-24,2.53,2.6,2.53,2.57,121161
2020-03-25,2.62,2.64,2.57,2.59,113575
2020-03-26,2.6,2.6,2.53,2.54,104499
2020-03-27,2.59,2.63,2.56,2.59,134443
2020-03-30,2.55,2.57,2.51,2.54,126979
2020-03-31,2.57,2.58,2.52,2.52,83711
2020-04-01,2.54,2.58,2.51,2.54,103679
2020-04-02,2.53,2.58,2.52,2.58,98862
2020-04-03,2.59,2.59,2.52,2.53,97132
2020-04-07,2.56,2.59,2.56,2.57,111582
2020-04-08,2.68,2.73,2.61,2.64,226615
2020-04-09,2.61,2.65,2.61,2.62,138392
2020-04-10,2.6,2.62,2.55,2.57,109407
2020-04-13,2.55,2.55,2.51,2.54,102979
2020-04-14,2.54,2.56,2.53,2.55,91819
2020-04-15,2.55,2.57,2.53,2.55,92799
2020-04-16,2.53,2.57,2.53,2.56,74089
2020-04-17,2.56,2.58,2.53,2.54,93184
2020-04-20,2.54,2.58,2.53,2.56,117538
2020-04-21,2.55,2.56,2.51,2.53,94025
2020-04-22,2.52,2.55,2.5,2.54,81663
2020-04-23,2.56,2.56,2.52,2.53,74788
2020-04-24,2.53,2.53,2.49,2.5,82246
2020-04-27,2.49,2.52,2.48,2.48,82585
2020-04-28,2.49,2.5,2.38,2.41,117782
2020-04-29,2.4,2.44,2.38,2.42,73419
2020-04-30,2.47,2.51,2.44,2.5,100724
2020-05-06,2.48,2.57,2.47,2.57,152208
2020-05-07,2.57,2.59,2.52,2.54,85066
2020-05-08,2.55,2.56,2.52,2.54,71719
2020-05-11,2.53,2.56,2.5,2.5,117942
2020-05-12,2.51,2.53,2.5,2.5,80291
2020-05-13,2.49,2.51,2.46,2.5,80742
2020-05-14,2.5,2.51,2.47,2.48,75835
2020-05-15,2.5,2.51,2.48,2.49,62559
2020-05-18,2.49,2.56,2.47,2.54,118432
2020-05-19,2.58,2.58,2.53,2.54,97735
2020-05-20,2.55,2.55,2.48,2.51,117274
2020-05-21,2.52,2.52,2.47,2.48,71801
2020-05-22,2.47,2.49,2.46,2.47,98261
2020-05-25,2.49,2.53,2.46,2.5,95353
2020-05-26,2.52,2.54,2.5,2.53,93037
2020-05-27,2.53,2.53,2.49,2.51,85605
2020-05-28,2.52,2.56,2.51,2.55,161374
2020-05-29,2.55,2.69,2.53,2.66,279008
2020-06-01,2.79,3.01,2.71,3.01,532686
2020-06-02,3.39,3.39,3.39,3.39,139746
2020-06-03,3.81,3.81,3.81,3.81,146706
2020-06-04,4.27,4.27,4.27,4.27,117122
2020-06-05,4.78,4.78,4.78,4.78,188704
2020-06-08,4.81,5.16,4.66,4.9,5514876
2020-06-09,4.53,4.7,4.33,4.42,4258483
2020-06-10,4.27,4.37,4.01,4.28,3348474
2020-06-11,4.19,4.57,4.14,4.38,3471573
2020-06-12,4.16,4.89,4.15,4.67,3722349
2020-06-15,4.6,4.83,4.36,4.42,3195148
2020-06-16,4.46,4.91,4.28,4.82,3505829
2020-06-17,4.68,5.02,4.61,4.84,3004702
2020-06-18,4.78,4.78,4.28,4.28,3213590
2020-06-19,4.46,4.79,4.43,4.79,1961401
2020-06-22,5.31,5.31,4.61,4.66,3981805
2020-06-23,4.53,4.61,4.34,4.36,2385402
2020-06-24,4.38,4.44,4.23,4.26,1513917
2020-06-29,4.23,4.23,3.94,4.01,1622915
2020-06-30,4.07,4.1,3.99,4.08,1231152
2020-07-01,4.07,4.24,4.0,4.14,1475900
2020-07-02,4.1,4.34,4.06,4.27,1685118
2020-07-03,4.21,4.36,4.13,4.22,1587017
2020-07-06,4.23,4.72,4.17,4.72,2112855
2020-07-07,5.12,5.27,4.96,5.27,3012958
2020-07-08,5.71,5.88,4.97,5.88,4273666
2020-07-09,5.96,6.55,5.96,6.55,2412915
2020-07-10,6.6,7.27,6.29,6.62,4224947
2020-07-13,6.62,7.36,6.38,7.36,2986780
2020-07-14,7.56,7.7,6.56,6.8,3417376
2020-07-15,6.65,7.1,6.22,6.87,2663607
2020-07-16,6.68,7.15,6.55,6.6,2454482
2020-07-17,6.78,7.01,6.41,6.87,1971583
2020-07-20,6.93,7.03,6.24,6.76,2051481
2020-07-21,6.67,7.51,6.55,7.32,2909008
2020-07-22,7.03,7.3,6.78,7.08,2081365
2020-07-23,6.9,6.98,6.51,6.73,1817907
2020-07-24,6.73,6.87,6.13,6.17,1662834
2020-07-27,6.04,6.14,5.77,5.88,1167009
2020-07-28,5.91,6.33,5.9,6.1,1079739
2020-07-29,6.13,6.3,5.91,6.29,1024930
2020-07-30,6.29,6.63,6.24,6.39,1201518
2020-07-31,6.36,6.68,6.29,6.67,1330613
2020-08-03,6.93,7.0,6.49,6.69,1528449
2020-08-04,6.61,6.61,6.22,6.26,1536679
2020-08-05,6.18,6.44,5.99,6.32,816191
2020-08-06,6.26,6.32,6.01,6.16,910361
2020-08-07,6.14,6.2,5.99,6.02,644519
2020-08-10,5.95,6.22,5.86,6.06,646859
2020-08-11,6.04,6.17,5.86,5.88,676217
2020-08-12,5.83,5.86,5.43,5.6,804079
2020-08-13,5.63,5.74,5.56,5.59,446232
2020-08-14,5.73,5.83,5.53,5.66,631639
2020-08-17,5.73,6.01,5.64,5.98,845292
2020-08-18,5.93,6.11,5.82,6.01,788782
2020-08-19,5.97,5.98,5.75,5.75,572605
2020-08-20,5.65,5.8,5.55,5.57,541886
2020-08-21,5.62,5.65,5.51,5.56,349637
2020-08-24,5.63,5.74,5.56,5.63,371724
2020-08-25,5.65,5.66,5.44,5.45,392447
2020-08-26,5.45,5.48,5.24,5.26,479061
2020-08-27,5.27,5.32,5.08,5.26,541191
2020-08-28,5.28,5.35,5.14,5.31,494702
2020-08-31,5.31,5.4,5.27,5.29,449890
2020-09-01,5.28,5.33,5.21,5.27,350614
2020-09-02,5.33,5.87,5.32,5.81,1484559
2020-09-03,5.7,5.7,5.48,5.49,815703
2020-09-04,5.36,5.56,5.29,5.53,456735
2020-09-07,5.6,5.8,5.53,5.61,695330
2020-09-08,5.63,5.67,5.44,5.54,441468
2020-09-09,5.41,5.5,5.26,5.26,497531
2020-09-10,5.28,5.42,5.16,5.18,332531
2020-09-11,5.16,5.22,4.98,5.22,413663
2020-09-14,5.21,5.24,5.13,5.18,292633
2020-09-15,5.16,5.32,5.14,5.3,307772
2020-09-16,5.27,5.33,5.19,5.21,216832
2020-09-17,5.26,5.49,5.21,5.37,449110
2020-09-18,5.39,5.78,5.39,5.5,830581
2020-09-21,5.57,5.71,5.46,5.55,461743
2020-09-22,5.46,5.53,5.35,5.4,359879
2020-09-23,5.43,5.48,5.36,5.37,239944
2020-09-24,5.31,5.31,5.12,5.15,376780
2020-09-25,5.13,5.2,5.1,5.18,176627
2020-09-28,5.13,5.19,4.92,4.93,312419
2020-09-29,4.96,5.03,4.9,4.94,206799
2020-09-30,4.95,4.99,4.84,4.88,187716
2020-10-09,4.98,5.04,4.93,5.0,197829
2020-10-12,5.05,5.18,4.98,5.13,296433
2020-10-13,5.15,5.17,5.01,5.07,256471
2020-10-14,5.07,5.09,4.9,4.92,318696
2020-10-15,4.91,4.91,4.75,4.76,348506
2020-10-16,4.74,4.83,4.67,4.8,288956
2020-10-19,4.8,4.86,4.7,4.71,238953
2020-10-20,4.69,5.25,4.59,5.12,933994
2020-10-21,5.03,5.35,5.0,5.22,1056283
2020-10-22,5.3,5.31,5.11,5.18,527796
2020-10-23,5.17,5.17,4.96,5.01,491800
2020-10-26,5.12,5.18,4.89,4.94,352848
2020-10-27,4.91,5.0,4.8,4.94,301740
2020-10-28,4.91,4.92,4.81,4.85,185896
2020-10-29,4.78,4.88,4.68,4.78,287050
2020-10-30,4.78,4.82,4.56,4.59,328762
2020-11-02,4.54,4.67,4.52,4.55,262550
2020-11-03,4.56,4.69,4.49,4.66,230905
2020-11-04,4.64,4.67,4.54,4.61,232843
2020-11-05,4.64,4.9,4.63,4.86,497437
2020-11-06,4.88,4.88,4.69,4.72,287938
2020-11-09,4.76,4.83,4.73,4.77,335340
2020-11-10,4.78,4.81,4.58,4.62,354573
2020-11-11,4.61,4.81,4.49,4.65,445908
2020-11-12,4.62,4.65,4.56,4.57,223833
2020-11-13,4.53,4.61,4.52,4.54,160643
2020-11-16,4.63,4.77,4.56,4.72,401375
2020-11-17,4.68,4.78,4.58,4.72,309844
2020-11-18,4.73,4.8,4.65,4.68,249641
2020-11-19,4.66,4.68,4.59,4.61,185838
2020-11-20,4.63,4.65,4.58,4.62,143061
2020-11-23,4.6,4.65,4.56,4.62,203077
2020-11-24,4.62,4.78,4.61,4.66,271692
2020-11-25,4.67,4.72,4.59,4.61,192988
2020-11-26,4.59,4.62,4.56,4.58,121343
2020-11-27,4.58,4.6,4.55,4.6,115754
2020-11-30,4.6,4.79,4.57,4.75,482177
2020-12-01,4.73,4.74,4.65,4.74,309594
2020-12-02,4.73,4.77,4.68,4.73,237223
2020-12-03,4.71,4.81,4.69,4.76,251196
2020-12-04,4.78,4.84,4.74,4.8,241424
2020-12-07,4.83,4.92,4.72,4.79,203910
2020-12-08,4.79,4.79,4.71,4.75,134730
2020-12-09,4.73,4.76,4.61,4.62,164719
2020-12-10,4.6,4.66,4.56,4.63,113357
2020-12-11,4.64,4.65,4.38,4.39,300763
2020-12-14,4.4,4.41,4.26,4.33,164547
2020-12-15,4.33,4.33,4.16,4.25,212251
2020-12-16,4.23,4.52,4.17,4.42,322558
2020-12-17,4.41,4.41,4.31,4.36,163829
2020-12-18,4.36,4.36,4.25,4.26,157042
2020-12-21,4.26,4.31,4.22,4.27,125462
2020-12-22,4.27,4.27,4.08,4.12,288492
2020-12-23,4.12,4.17,3.99,4.06,297609
2020-12-24,4.04,4.04,3.8,3.83,382339
2020-12-25,3.8,3.91,3.74,3.83,296802
2020-12-28,3.81,4.29,3.68,4.29,674265
2020-12-29,4.73,4.79,4.56,4.79,1348508
2020-12-30,4.87,5.23,4.56,4.61,2339472
2020-12-31,4.64,4.98,4.48,4.79,1955867
2021-01-04,4.63,5.12,4.58,4.78,1905193
2021-01-05,4.77,5.33,4.66,5.33,1756739
2021-01-06,5.33,5.72,5.23,5.4,2351332
2021-01-07,5.25,5.58,5.21,5.22,1314930
2021-01-08,5.19,5.45,5.02,5.29,1184552
2021-01-11,5.19,5.38,5.02,5.37,1139118
2021-01-12,5.27,5.48,5.14,5.18,872637
2021-01-13,5.1,5.16,4.83,4.92,1070365
2021-01-14,4.87,4.93,4.7,4.82,647966
2021-01-15,4.84,4.99,4.76,4.78,600802
2021-01-18,4.78,5.0,4.66,4.78,933896
2021-01-19,4.76,5.12,4.7,4.92,1131114
2021-01-20,4.88,4.96,4.76,4.8,654310
2021-01-21,4.81,4.87,4.69,4.72,647214
2021-01-22,4.69,4.69,4.45,4.46,727540
2021-01-25,4.36,4.55,4.31,4.41,491832
2021-01-26,4.41,4.56,4.33,4.39,483155
2021-01-27,4.39,4.43,4.3,4.34,305816
2021-01-28,4.29,4.4,4.24,4.25,380083
2021-01-29,4.31,4.53,4.26,4.42,666772
2021-02-01,4.46,4.64,4.39,4.44,490632
2021-02-02,4.4,4.4,4.27,4.28,454024
2021-02-03,4.25,4.59,4.05,4.48,840013
2021-02-04,4.41,4.57,4.37,4.39,486270
2021-02-05,4.39,4.49,4.25,4.25,348605
2021-02-08,4.25,4.35,4.21,4.24,309684
2021-02-09,4.18,4.3,4.15,4.27,290754
2021-02-10,4.25,4.31,4.24,4.24,241628
2021-02-18,4.26,4.31,4.2,4.24,540286
2021-02-19,4.22,4.52,4.21,4.52,709772
2021-02-22,4.51,4.96,4.49,4.73,1079036
2021-02-23,4.67,4.78,4.6,4.61,586031
2021-02-24,4.65,4.69,4.49,4.53,424225
2021-02-25,4.58,4.67,4.47,4.48,453352
2021-02-26,4.43,4.47,4.33,4.36,364290
2021-03-01,4.36,4.41,4.35,4.36,376031
2021-03-02,4.38,4.38,4.27,4.29,310952
2021-03-03,4.3,4.35,4.28,4.29,442051
2021-03-04,4.28,4.42,4.26,4.41,621162
2021-03-05,4.39,4.44,4.34,4.42,357012
2021-03-08,4.44,4.53,4.38,4.39,415568
2021-03-09,4.38,4.42,4.18,4.29,385623
2021-03-10,4.31,4.36,4.25,4.26,209610
2021-03-11,4.31,4.31,4.22,4.29,234370
2021-03-12,4.28,4.28,4.2,4.24,276998
2021-03-15,4.24,4.37,4.19,4.31,295537
2021-03-16,4.29,4.33,4.25,4.32,201344
2021-03-17,4.31,4.49,4.28,4.46,405630
2021-03-18,4.43,4.45,4.35,4.36,266575
2021-03-19,4.34,4.43,4.3,4.43,320090
2021-03-22,4.38,4.5,4.37,4.46,277094
2021-03-23,4.46,4.47,4.35,4.37,205225
2021-03-24,4.36,4.41,4.32,4.38,184667
2021-03-25,4.36,4.46,4.32,4.37,194523
2021-03-26,4.35,4.41,4.34,4.37,217438
2021-03-29,4.37,4.37,4.3,4.31,213245
2021-03-30,4.3,4.33,4.28,4.3,153133
2021-03-31,4.27,4.3,4.26,4.29,162963
2021-04-01,4.28,4.31,4.22,4.23,228466
2021-04-02,4.24,4.27,4.23,4.27,129398
2021-04-06,4.26,4.27,4.23,4.25,122193
2021-04-07,4.25,4.32,4.21,4.31,223232
2021-04-08,4.31,4.31,4.24,4.25,145980
2021-04-09,4.25,4.27,4.23,4.26,114125
2021-04-12,4.36,4.41,4.29,4.31,312352
2021-04-13,4.26,4.3,4.12,4.16,317396
2021-04-14,4.14,4.42,4.14,4.29,294819
2021-04-15,4.24,4.29,4.22,4.26,178302
2021-04-16,4.25,4.31,4.23,4.3,188821
2021-04-19,4.35,4.35,4.28,4.29,220450
2021-04-20,4.28,4.31,4.25,4.25,165059
2021-04-21,4.23,4.26,4.21,4.23,133313
2021-04-22,4.23,4.25,4.19,4.2,140433
2021-04-23,4.2,4.21,4.15,4.19,191971
2021-04-26,4.19,4.24,4.18,4.2,145508
2021-04-27,4.2,4.22,4.12,4.13,157643
2021-04-28,4.14,4.23,4.1,4.16,137513
2021-04-29,4.16,4.26,4.14,4.23,221715
2021-04-30,4.25,4.25,4.14,4.17,183728
2021-05-06,4.14,4.16,4.03,4.06,276096
2021-05-07,4.06,4.13,3.98,4.07,229562
2021-05-10,4.06,4.06,4.01,4.01,141613
2021-05-11,3.99,4.04,3.97,4.03,125527
2021-05-12,4.02,4.11,3.99,4.09,158306
2021-05-13,4.06,4.42,4.04,4.31,658063
2021-05-14,4.27,4.57,4.24,4.35,1266547
2021-05-17,4.38,4.56,4.31,4.43,908077
2021-05-18,4.43,4.53,4.4,4.51,499464
2021-05-19,4.48,4.56,4.44,4.47,395667
2021-05-20,4.45,4.55,4.43,4.51,320427
2021-05-21,4.53,4.56,4.46,4.47,218943
2021-05-24,4.44,4.5,4.42,4.46,272493
2021-05-25,4.51,4.56,4.45,4.5,297311
2021-05-26,4.51,4.53,4.46,4.5,258511
2021-05-27,4.49,4.55,4.45,4.48,463668
2021-05-28,4.48,4.54,4.33,4.48,470047
2021-05-31,4.46,4.47,4.36,4.39,338659
2021-06-01,4.38,4.87,4.33,4.74,997590
2021-06-02,4.7,4.84,4.58,4.61,512954
2021-06-03,4.64,4.9,4.58,4.78,852417
2021-06-04,4.79,4.81,4.69,4.79,422327
2021-06-07,4.76,5.08,4.66,4.95,888551
2021-06-08,4.89,4.97,4.81,4.82,398931
2021-06-09,4.85,4.9,4.73,4.75,298667
2021-06-10,4.78,4.95,4.74,4.79,416597
2021-06-11,4.98,4.98,4.69,4.71,532617
2021-06-15,4.68,4.84,4.52,4.73,462740
2021-06-16,4.78,5.28,4.68,5.28,1437300
2021-06-17,5.22,5.25,4.92,4.99,1380931
2021-06-18,4.99,4.99,4.73,4.8,799273
2021-06-21,4.73,4.9,4.66,4.82,624754
2021-06-22,4.8,4.92,4.72,4.83,562965
2021-06-23,4.8,4.9,4.73,4.85,459017
2021-06-24,4.88,4.9,4.79,4.82,324725
2021-06-25,4.78,4.8,4.61,4.62,546530
2021-06-28,4.6,4.65,4.55,4.57,254660
2021-06-29,4.57,4.65,4.51,4.52,274613
2021-06-30,4.53,4.56,4.45,4.48,263492
2021-07-01,4.48,4.53,4.46,4.46,210701
2021-07-02,4.5,4.5,4.36,4.41,283180
2021-07-05,4.43,4.44,4.3,4.34,325866
2021-07-06,4.34,4.38,4.29,4.36,306784
2021-07-07,4.34,4.36,4.25,4.28,363926
2021-07-08,4.29,4.31,4.17,4.19,353600
2021-07-09,4.16,4.23,4.14,4.19,248600
2021-07-12,4.26,4.28,4.19,4.19,325118
2021-07-13,4.19,4.27,4.16,4.23,284222
2021-07-14,4.23,4.27,4.13,4.14,362236
2021-07-15,4.14,4.15,4.05,4.11,263391
2021-07-16,4.11,4.17,4.1,4.17,188239
2021-07-19,4.17,4.18,4.09,4.14,160205
2021-07-20,4.14,4.18,4.12,4.16,153084
2021-07-21,4.16,4.19,4.12,4.15,180127
2021-07-22,4.15,4.16,4.06,4.1,247567
2021-07-23,4.11,4.11,3.98,4.02,340420
2021-07-26,4.01,4.02,3.83,3.87,309307
2021-07-27,3.88,3.92,3.83,3.87,230983
2021-07-28,3.86,3.95,3.83,3.86,252167
2021-07-29,3.89,3.9,3.82,3.85,219936
2021-07-30,3.86,3.86,3.74,3.74,269112
2021-08-02,3.74,3.95,3.69,3.92,383674
2021-08-03,3.9,3.97,3.87,3.92,196073
2021-08-04,3.91,3.99,3.86,3.95,230928
2021-08-05,3.92,3.99,3.89,3.97,252581
2021-08-06,3.96,3.96,3.86,3.87,212182
2021-08-09,3.91,4.23,3.89,4.13,547116
2021-08-10,4.15,4.16,4.08,4.14,216504
2021-08-11,4.14,4.18,4.04,4.06,295586
2021-08-12,4.07,4.09,4.04,4.04,185181
2021-08-13,4.03,4.03,3.93,3.96,220319
2021-08-16,3.96,4.05,3.95,4.03,181450
2021-08-17,4.02,4.06,3.88,3.91,218362
2021-08-18,3.88,3.96,3.85,3.94,166433
2021-08-19,3.93,3.96,3.88,3.89,126586
2021-08-20,3.91,3.91,3.83,3.89,134177
2021-08-23,3.89,3.97,3.88,3.89,235903
2021-08-24,3.9,3.91,3.84,3.85,213736
2021-08-25,3.86,3.86,3.8,3.84,165644
2021-08-26,3.82,3.94,3.8,3.89,282502
2021-08-27,3.88,3.89,3.82,3.84,171764
2021-08-30,3.83,3.85,3.78,3.79,215446
2021-08-31,3.8,3.87,3.78,3.84,179761
2021-09-01,3.84,3.93,3.81,3.92,298700
2021-09-02,3.89,3.97,3.89,3.94,214808
2021-09-03,3.95,3.98,3.9,3.94,216060
2021-09-06,3.94,4.11,3.93,4.07,435172
2021-09-07,4.05,4.15,4.04,4.09,379969
2021-09-08,4.09,4.14,4.05,4.11,338371
2021-09-09,4.11,4.21,4.09,4.16,424590
2021-09-10,4.16,4.25,4.15,4.19,376057
2021-09-13,4.22,4.35,4.14,4.32,580701
2021-09-14,4.33,4.52,4.27,4.29,703317
2021-09-15,4.27,4.35,4.2,4.21,367104
2021-09-16,4.23,4.35,4.16,4.16,378516
2021-09-17,4.17,4.26,4.08,4.16,329764
2021-09-22,4.1,4.22,4.05,4.17,312783
2021-09-23,4.17,4.26,4.17,4.26,346658
2021-09-24,4.26,4.3,4.15,4.16,281129
2021-09-27,4.16,4.2,4.06,4.15,317441
2021-09-28,4.13,4.16,4.09,4.12,176178
2021-09-29,4.1,4.11,3.99,4.01,241988
2021-09-30,4.01,4.05,3.99,4.03,176320
2021-10-08,4.06,4.16,4.05,4.14,209461
2021-10-11,4.14,4.21,4.12,4.15,169604
2021-10-12,4.13,4.16,4.04,4.06,181728
2021-10-13,4.06,4.08,4.0,4.04,136251
2021-10-14,4.04,4.05,3.95,3.98,171593
2021-10-15,3.98,4.01,3.95,3.97,156787
2021-10-18,3.98,3.98,3.87,3.88,223014
2021-10-19,3.87,3.9,3.83,3.84,252632
2021-10-20,3.84,3.87,3.81,3.82,179475
2021-10-21,3.82,3.86,3.8,3.83,159646
2021-10-22,3.85,4.12,3.83,3.99,589564
2021-10-25,3.91,3.93,3.81,3.85,368317
2021-10-26,3.82,3.85,3.8,3.81,205834
2021-10-27,3.83,3.84,3.74,3.77,162421
2021-10-28,3.77,3.89,3.76,3.86,315939
2021-10-29,3.87,4.26,3.86,4.21,853015
2021-11-01,4.19,4.47,4.15,4.42,894240
2021-11-02,4.42,4.48,4.33,4.43,730420
2021-11-03,4.46,4.51,4.39,4.48,470987
2021-11-04,4.52,4.52,4.38,4.43,427215
2021-11-05,4.45,4.45,4.23,4.25,446284
2021-11-08,4.26,4.29,4.17,4.17,277751
2021-11-09,4.2,4.25,4.12,4.13,260584
2021-11-10,4.14,4.17,4.08,4.12,263777
2021-11-11,4.1,4.14,4.08,4.11,249342
2021-11-12,4.14,4.15,4.01,4.05,304750
2021-11-15,4.02,4.11,3.98,4.02,317010
2021-11-16,4.02,4.13,4.01,4.02,364654
2021-11-17,4.03,4.04,3.93,3.97,288169
2021-11-18,3.96,4.02,3.93,3.94,273512
2021-11-19,3.95,4.0,3.94,3.97,215034
2021-11-22,4.08,4.09,3.97,3.97,316056
2021-11-23,3.97,4.08,3.95,4.0,277645
2021-11-24,4.07,4.07,4.0,4.01,219659
2021-11-25,4.0,4.04,3.99,4.02,177084
2021-11-26,4.01,4.02,3.95,3.97,213844
2021-11-29,3.91,3.96,3.86,3.94,205236
2021-11-30,3.94,3.97,3.92,3.93,175064
2021-12-01,3.91,4.01,3.89,4.01,192752
2021-12-02,3.99,4.03,3.98,3.99,201303
2021-12-03,4.01,4.05,3.98,4.04,206055
2021-12-06,4.08,4.1,4.02,4.03,242236
2021-12-07,4.08,4.08,3.97,3.99,214368
2021-12-08,3.99,4.05,3.96,4.02,194244
2021-12-09,4.02,4.11,4.0,4.09,336117
2021-12-10,4.09,4.13,4.04,4.05,217355
2021-12-13,4.05,4.08,4.04,4.05,182655
2021-12-14,4.04,4.09,4.01,4.06,195228
2021-12-15,4.07,4.07,4.01,4.02,179327
2021-12-16,4.02,4.03,3.97,4.0,191655
2021-12-17,4.0,4.01,3.96,3.99,168653
2021-12-20,3.93,3.98,3.93,3.97,209092
2021-12-21,3.95,4.06,3.94,4.05,283063
2021-12-22,4.06,4.1,4.04,4.08,253134
2021-12-23,4.07,4.1,4.03,4.05,188785
2021-12-24,4.05,4.1,3.99,4.08,273007
2021-12-27,4.07,4.1,4.04,4.06,189868
2021-12-28,4.05,4.06,4.01,4.05,131021
2021-12-29,4.03,4.09,4.0,4.09,212825
2021-12-30,4.09,4.21,4.07,4.12,286312
2021-12-31,4.14,4.2,4.1,4.18,282683
2022-01-04,4.23,4.33,4.21,4.32,570965
2022-01-05,4.38,4.38,4.21,4.23,423405
2022-01-06,4.24,4.25,4.14,4.16,299165
2022-01-07,4.17,4.22,4.11,4.13,243919
2022-01-10,4.13,4.28,4.1,4.18,384725
2022-01-11,4.23,4.23,4.14,4.16,340354
2022-01-12,4.16,4.17,4.11,4.14,206475
2022-01-13,4.14,4.18,4.11,4.15,246378
2022-01-14,4.14,4.15,4.03,4.04,285674
2022-01-17,4.04,4.16,4.03,4.13,253574
2022-01-18,4.17,4.18,4.1,4.13,194659
2022-01-19,4.13,4.18,4.09,4.15,159981
2022-01-20,4.13,4.17,4.1,4.11,172636
2022-01-21,4.11,4.23,4.09,4.2,359950
2022-01-24,4.2,4.2,3.99,4.02,381284
2022-01-25,4.01,4.01,3.77,3.78,361689
2022-01-26,3.78,3.89,3.75,3.85,208348
2022-01-27,3.85,3.87,3.76,3.78,211607
2022-01-28,3.82,3.84,3.76,3.82,186562
2022-02-07,3.83,3.91,3.82,3.89,217307
2022-02-08,3.89,4.02,3.87,4.02,271842
2022-02-09,4.04,4.11,4.03,4.05,243468
2022-02-10,4.05,4.12,4.01,4.1,270732
2022-02-11,4.29,4.33,4.08,4.11,418286
2022-02-14,4.07,4.16,3.99,4.01,270191
2022-02-15,4.02,4.07,3.99,4.04,148336
2022-02-16,4.04,4.18,4.04,4.17,253483
2022-02-17,4.21,4.34,4.08,4.21,497684
2022-02-18,4.12,4.15,4.06,4.12,376896
2022-02-21,4.17,4.27,4.1,4.23,332654
2022-02-22,4.19,4.21,4.08,4.11,272906
2022-02-23,4.13,4.15,4.09,4.1,183080
2022-02-24,4.08,4.13,3.93,3.99,348622
2022-02-25,4.02,4.06,3.95,3.99,201507
2022-02-28,4.02,4.02,3.92,3.98,168468
2022-03-01,3.95,3.99,3.92,3.95,176000
2022-03-02,3.94,4.03,3.93,4.02,224022
2022-03-03,4.02,4.45,4.01,4.32,887605
2022-03-04,4.39,4.56,4.3,4.37,972569
2022-03-07,4.33,4.4,4.17,4.19,506847
2022-03-08,4.23,4.26,3.96,3.96,522274
2022-03-09,3.98,4.0,3.67,3.8,564134
2022-03-10,3.88,4.16,3.87,4.11,578323
2022-03-11,4.08,4.27,3.96,4.21,459353
2022-03-14,4.15,4.32,4.13,4.2,403058
2022-03-15,4.17,4.18,3.96,3.97,511662
2022-03-16,4.03,4.28,3.99,4.25,553965
2022-03-17,4.3,4.35,4.19,4.23,519800
2022-03-18,4.23,4.29,4.2,4.27,283771
2022-03-21,4.33,4.46,4.32,4.35,537657
2022-03-22,4.34,4.42,4.26,4.32,428063
2022-03-23,4.35,4.37,4.23,4.27,351909
2022-03-24,4.24,4.29,4.13,4.15,304045
2022-03-25,4.18,4.35,4.15,4.18,496326
2022-03-28,4.13,4.27,4.08,4.27,571336
2022-03-29,4.33,4.35,4.23,4.29,450225
2022-03-30,4.27,4.37,4.23,4.35,390410
2022-03-31,4.34,4.42,4.32,4.36,411826
2022-04-01,4.46,4.63,4.41,4.53,1196600
2022-04-06,4.47,4.87,4.47,4.8,1469033
2022-04-07,4.73,4.82,4.63,4.64,822138
2022-04-08,4.63,4.68,4.45,4.63,764988
2022-04-11,4.66,4.75,4.52,4.55,721318
2022-04-12,4.5,5.07,4.49,4.94,1311168
2022-04-13,4.95,5.06,4.81,4.86,994606
2022-04-14,4.77,4.84,4.69,4.79,683768
2022-04-15,4.81,4.97,4.77,4.87,762289
2022-04-18,4.74,4.97,4.66,4.88,636299
2022-04-19,4.82,4.86,4.75,4.81,486239
2022-04-20,4.78,4.86,4.65,4.69,514137
2022-04-21,4.66,4.68,4.43,4.45,544019
2022-04-22,4.42,4.61,4.36,4.53,428578
2022-04-25,4.43,4.46,4.09,4.1,578094
2022-04-26,4.16,4.24,4.0,4.02,489031
2022-04-27,3.93,4.1,3.86,4.07,522769
2022-04-28,4.09,4.26,4.0,4.15,523505
2022-04-29,4.16,4.45,4.09,4.44,605942
2022-05-05,4.39,4.47,4.35,4.37,465456
2022-05-06,4.26,4.35,4.21,4.29,345449
2022-05-09,4.28,4.4,4.24,4.37,318495
2022-05-10,4.29,4.47,4.23,4.43,513089
2022-05-11,4.45,4.72,4.45,4.57,688601
2022-05-12,4.52,4.59,4.44,4.49,387846
2022-05-13,4.52,4.65,4.5,4.62,375829
2022-05-16,4.58,4.67,4.54,4.62,431936
2022-05-17,4.58,4.64,4.46,4.5,332621
2022-05-18,4.52,4.62,4.47,4.51,335585
2022-05-19,4.4,4.5,4.36,4.48,306245
2022-05-20,4.48,4.56,4.47,4.51,289843
2022-05-23,4.51,4.51,4.43,4.46,263694
2022-05-24,4.45,4.46,4.24,4.26,378345
2022-05-25,4.25,4.48,4.23,4.46,380480
2022-05-26,4.48,4.59,4.43,4.53,321917
2022-05-27,4.57,4.74,4.51,4.67,552563
2022-05-30,4.68,4.75,4.63,4.73,454809
2022-05-31,4.71,4.82,4.69,4.74,419382
2022-06-01,4.72,4.81,4.67,4.71,338090
2022-06-02,4.7,4.7,4.64,4.65,329310
2022-06-06,4.63,4.81,4.59,4.81,452462
2022-06-07,4.81,4.85,4.74,4.83,351313
2022-06-08,4.79,4.83,4.68,4.79,358566
2022-06-09,4.81,4.81,4.63,4.69,294797
2022-06-10,4.68,4.84,4.67,4.84,408709
2022-06-13,4.81,4.81,4.64,4.72,327535
2022-06-14,4.68,4.84,4.64,4.84,356932
2022-06-15,4.84,4.95,4.77,4.79,410833
2022-06-16,4.83,4.88,4.76,4.78,301116
2022-06-17,4.76,4.82,4.7,4.8,277792
2022-06-20,4.85,4.9,4.75,4.76,356215
2022-06-21,4.7,4.89,4.64,4.7,417510
2022-06-22,4.7,4.81,4.58,4.59,367658
2022-06-23,4.64,4.64,4.52,4.62,340577
2022-06-24,4.62,4.68,4.59,4.63,280183
2022-06-27,5.15,5.15,4.77,4.82,2355391
2022-06-28,4.81,4.99,4.6,4.92,1742400
2022-06-29,4.9,5.02,4.76,4.76,750321
2022-06-30,4.78,5.21,4.76,4.98,1256011
2022-07-01,5.01,5.4,5.01,5.2,1498713
2022-07-04,5.13,5.3,5.07,5.12,799563
2022-07-05,5.17,5.38,5.1,5.28,996640
2022-07-06,5.27,5.27,4.97,5.02,801174
2022-07-07,4.94,5.11,4.94,5.02,534229
2022-07-08,5.04,5.07,4.92,4.93,466594
2022-07-11,4.89,5.01,4.85,4.95,385056
2022-07-12,4.93,4.94,4.79,4.8,395179
2022-07-13,4.81,4.84,4.76,4.8,346756
2022-07-14,4.8,4.88,4.74,4.8,348103
2022-07-15,4.78,4.81,4.67,4.67,433540
2022-07-18,4.67,4.76,4.67,4.75,327970
2022-07-19,4.74,4.84,4.72,4.77,278191
2022-07-20,4.75,4.82,4.75,4.78,240643
2022-07-21,4.81,4.85,4.73,4.79,324235
2022-07-22,4.79,4.85,4.76,4.82,274459
2022-07-25,4.82,4.83,4.68,4.7,284723
2022-07-26,4.68,4.86,4.68,4.85,302751
2022-07-27,4.84,4.84,4.76,4.77,180861
2022-07-28,4.8,4.81,4.73,4.74,200735
2022-07-29,4.74,4.76,4.64,4.7,260947
2022-08-01,4.66,4.67,4.52,4.56,320350
2022-08-02,4.51,4.51,4.32,4.39,429412
2022-08-03,4.38,4.51,4.31,4.31,280615
2022-08-04,4.35,4.39,4.27,4.34,340770
2022-08-05,4.31,4.4,4.31,4.39,229801
2022-08-08,4.38,4.42,4.36,4.37,205639
2022-08-09,4.38,4.47,4.33,4.46,288726
2022-08-10,4.44,4.44,4.33,4.37,230588
2022-08-11,4.35,4.56,4.35,4.53,376883
2022-08-12,4.52,4.71,4.49,4.61,356234
2022-08-15,4.56,4.68,4.53,4.58,260066
2022-08-16,4.58,4.63,4.54,4.55,198398
2022-08-17,4.57,4.63,4.48,4.58,276406
2022-08-18,4.58,4.59,4.41,4.42,468471
2022-08-19,4.39,4.41,4.29,4.32,479792
2022-08-22,4.31,4.35,4.21,4.34,339067
2022-08-23,4.33,4.33,4.24,4.31,343181
2022-08-24,4.29,4.33,4.21,4.21,323170
2022-08-25,4.25,4.26,4.16,4.25,212630
2022-08-26,4.26,4.3,4.24,4.27,186587
2022-08-29,4.19,4.24,4.17,4.23,197848
2022-08-30,4.21,4.32,4.2,4.31,213023
2022-08-31,4.31,4.39,4.25,4.3,300736
2022-09-01,4.29,4.31,4.22,4.22,214995
2022-09-02,4.22,4.33,4.22,4.31,222048
2022-09-05,4.29,4.3,4.25,4.27,197253
2022-09-06,4.29,4.32,4.27,4.31,208687
2022-09-07,4.31,4.32,4.24,4.25,187603
2022-09-08,4.26,4.28,4.17,4.23,243841
2022-09-09,4.24,4.29,4.22,4.28,214144
2022-09-13,4.28,4.32,4.27,4.29,208446
2022-09-14,4.24,4.33,4.21,4.25,190884
2022-09-15,4.27,4.34,4.18,4.22,345475
2022-09-16,4.2,4.21,3.99,3.99,372880
2022-09-19,3.99,4.03,3.92,4.0,204052
2022-09-20,4.01,4.11,4.01,4.1,189485
2022-09-21,4.08,4.09,4.01,4.06,151814
2022-09-22,4.05,4.07,3.95,3.96,206706
2022-09-23,3.97,4.02,3.86,3.93,231340
2022-09-26,3.99,4.0,3.88,3.89,249744
2022-09-27,3.86,4.03,3.85,4.03,247764
2022-09-28,4.01,4.01,3.91,3.92,197784
2022-09-29,3.95,3.99,3.86,3.88,198895
2022-09-30,3.87,3.91,3.83,3.87,126205
2022-10-10,3.86,3.91,3.79,3.81,189244
2022-10-11,3.77,3.83,3.74,3.81,149082
2022-10-12,3.81,3.9,3.74,3.89,197891
2022-10-13,3.85,3.94,3.85,3.91,146437
2022-10-14,3.94,3.98,3.91,3.95,222987
2022-10-17,3.92,3.98,3.91,3.96,242000
2022-10-18,3.98,4.0,3.91,3.93,205032
2022-10-19,3.91,3.95,3.84,3.88,205995
2022-10-20,3.86,3.88,3.75,3.8,356887
2022-10-21,3.83,3.85,3.75,3.77,264109
2022-10-24,3.79,3.85,3.74,3.78,293616
2022-10-25,3.74,3.78,3.66,3.71,261995
2022-10-26,3.68,3.76,3.68,3.72,293387
2022-10-27,3.71,3.77,3.7,3.72,251820
2022-10-28,3.7,3.72,3.54,3.58,286318
2022-10-31,3.57,3.62,3.54,3.6,193399
2022-11-01,3.59,3.7,3.58,3.69,280459
2022-11-02,3.68,3.75,3.66,3.73,268819
2022-11-03,3.7,3.76,3.67,3.75,213377
2022-11-04,3.74,3.84,3.72,3.82,300576
2022-11-07,3.8,3.86,3.79,3.85,219807
2022-11-08,3.83,3.85,3.77,3.82,300933
2022-11-09,3.84,3.89,3.83,3.87,230895
2022-11-10,3.87,3.89,3.79,3.83,362657
2022-11-11,3.89,3.94,3.85,3.87,447009
2022-11-14,3.78,3.88,3.76,3.81,347455
2022-11-15,3.83,3.9,3.81,3.9,313443
2022-11-16,3.91,3.91,3.86,3.88,202930
2022-11-17,3.88,3.91,3.85,3.9,205477
2022-11-18,3.91,3.91,3.86,3.87,219621
2022-11-21,3.84,3.87,3.78,3.82,229404
2022-11-22,3.83,3.85,3.79,3.8,202853
2022-11-23,3.81,3.83,3.76,3.78,228777
2022-11-24,3.77,3.8,3.72,3.73,201916
2022-11-25,3.75,3.84,3.74,3.83,302261
2022-11-28,3.79,3.8,3.71,3.77,242592
2022-11-29,3.81,3.93,3.78,3.92,457497
2022-11-30,3.92,3.94,3.84,3.84,349365
2022-12-01,3.89,4.0,3.89,3.96,579265
2022-12-02,3.95,3.96,3.88,3.9,330365
2022-12-05,3.94,4.03,3.94,4.0,455105
2022-12-06,4.01,4.46,3.98,4.46,2070877
2022-12-07,4.97,4.97,4.76,4.97,3235689
2022-12-08,5.17,5.51,5.13,5.27,5259066
2022-12-09,5.37,5.57,5.06,5.11,4205624
2022-12-12,5.12,5.19,4.9,4.99,2971495
2022-12-13,4.95,5.13,4.76,4.8,2991177
2022-12-14,4.84,4.9,4.64,4.85,2106064
2022-12-15,4.78,4.88,4.6,4.63,1941816
2022-12-16,4.58,4.68,4.57,4.66,1254169
2022-12-19,4.61,4.71,4.53,4.55,1153318
2022-12-20,4.56,4.63,4.49,4.58,843352
2022-12-21,4.54,4.75,4.52,4.66,1562919
2022-12-22,4.65,4.81,4.57,4.64,1474140
2022-12-23,4.63,4.65,4.4,4.45,1263249
2022-12-26,4.49,4.59,4.37,4.53,768240
2022-12-27,4.56,4.61,4.46,4.59,908241
2022-12-28,4.56,4.7,4.5,4.58,889397
2022-12-29,4.56,4.7,4.5,4.66,1118176
2022-12-30,4.69,4.74,4.6,4.65,1004649
2023-01-03,4.57,4.64,4.48,4.57,1073576
2023-01-04,4.52,4.69,4.51,4.65,971870
2023-01-05,4.62,4.71,4.55,4.63,885190
2023-01-06,4.61,4.63,4.49,4.52,807054
2023-01-09,4.55,4.6,4.47,4.5,602766
2023-01-10,4.5,4.54,4.41,4.45,626820
2023-01-11,4.43,4.48,4.33,4.35,626727
2023-01-12,4.38,4.43,4.36,4.38,334723
2023-01-13,4.41,4.43,4.33,4.4,360613
2023-01-16,4.4,4.48,4.38,4.45,384867
2023-01-17,4.45,4.45,4.38,4.4,262986
2023-01-18,4.41,4.43,4.37,4.37,234869
2023-01-19,4.39,4.43,4.31,4.42,321839
2023-01-20,4.42,4.47,4.41,4.46,338138
2023-01-30,4.55,4.56,4.44,4.45,478509
2023-01-31,4.54,4.56,4.48,4.51,573337
2023-02-01,4.51,4.58,4.48,4.57,625597
2023-02-02,4.57,4.65,4.55,4.63,701937
2023-02-03,4.63,4.63,4.47,4.51,709595
2023-02-06,4.47,4.47,4.42,4.42,385855
2023-02-07,4.43,4.46,4.39,4.43,405869
2023-02-08,4.42,4.43,4.34,4.35,368582
2023-02-09,4.34,4.38,4.31,4.37,261689
2023-02-10,4.37,4.41,4.35,4.38,257147
2023-02-13,4.38,4.49,4.37,4.47,519896
2023-02-14,4.47,4.51,4.43,4.45,324954
2023-02-15,4.46,4.46,4.39,4.41,311958
2023-02-16,4.41,4.48,4.29,4.34,542902
2023-02-17,4.34,4.38,4.29,4.3,329034
2023-02-20,4.31,4.79,4.29,4.79,1437868
2023-02-21,4.8,4.86,4.63,4.77,2040588
2023-02-22,4.69,4.94,4.67,4.79,1573218
2023-02-23,4.89,4.92,4.7,4.73,1026871
2023-02-24,4.77,4.79,4.67,4.7,589373
2023-02-27,4.64,4.75,4.64,4.65,479021
2023-02-28,4.67,4.72,4.63,4.71,603060
2023-03-01,4.71,4.78,4.69,4.72,747964
2023-03-02,4.72,4.76,4.7,4.71,419167
2023-03-03,4.72,4.89,4.69,4.76,1073387
2023-03-06,4.74,4.76,4.67,4.72,557296
2023-03-07,4.71,4.73,4.58,4.58,565710
2023-03-08,4.56,4.6,4.53,4.58,270747
2023-03-09,4.57,4.58,4.47,4.48,456602
2023-03-10,4.45,4.47,4.39,4.39,334755
2023-03-13,4.48,4.6,4.45,4.59,640451
2023-03-14,4.53,4.65,4.5,4.52,498794
2023-03-15,4.56,4.57,4.51,4.52,291580
2023-03-16,4.5,4.61,4.46,4.55,449881
2023-03-17,4.57,4.64,4.55,4.59,470060
2023-03-20,4.65,4.74,4.58,4.62,605228
2023-03-21,4.59,4.89,4.58,4.8,918276
2023-03-22,4.77,4.91,4.75,4.89,1042803
2023-03-23,4.86,4.86,4.76,4.8,698175
2023-03-24,4.8,4.82,4.7,4.79,484991
2023-03-27,4.8,4.96,4.78,4.93,935222
2023-03-28,4.92,5.36,4.89,5.19,1932138
2023-03-29,5.24,5.31,5.03,5.05,1088991
2023-03-30,5.05,5.06,4.94,5.01,709640
2023-03-31,5.06,5.28,5.0,5.19,1114438
2023-04-03,5.19,5.31,5.13,5.22,958066
2023-04-04,5.23,5.66,5.17,5.5,1672523
2023-04-06,5.44,5.56,5.41,5.53,814415
2023-04-07,5.52,5.56,5.29,5.33,967584
2023-04-10,5.29,5.43,5.27,5.35,666027
2023-04-11,5.35,5.86,5.34,5.77,1722691
2023-04-12,6.06,6.41,5.91,6.41,3254994
2023-04-13,6.41,7.11,6.31,7.11,4511322
2023-04-14,7.11,7.37,6.71,6.9,3515217
2023-04-17,6.92,7.59,6.87,7.37,3961985
2023-04-18,7.36,7.56,7.04,7.28,2612641
2023-04-19,7.21,7.66,6.94,7.02,3850931
2023-04-20,7.11,7.13,6.79,6.96,3005927
2023-04-21,6.97,7.17,6.77,6.81,2096901
2023-04-24,6.97,7.48,6.85,7.33,3627762
2023-04-25,7.44,7.53,7.09,7.51,3395076
2023-04-26,7.51,8.28,7.42,8.2,3915659
2023-04-27,7.96,8.79,7.89,8.21,4057999
2023-04-28,8.21,9.09,7.96,9.09,3896698
2023-05-04,9.51,10.06,9.26,9.38,6208142
2023-05-05,9.46,10.29,9.37,10.01,5314217
2023-05-08,9.81,9.81,9.27,9.39,4310590
2023-05-09,9.19,9.98,9.12,9.35,4015315
2023-05-10,9.32,9.91,9.0,9.81,3921265
2023-05-11,9.84,9.99,8.77,8.77,4858753
2023-05-12,8.42,9.1,8.29,8.66,3151364
2023-05-15,8.64,8.76,7.93,8.36,3283000
2023-05-16,8.35,8.38,7.87,7.93,2167027
2023-05-17,7.91,8.07,7.78,7.92,1670008
2023-05-18,7.9,8.24,7.84,8.08,2173919
2023-05-19,7.96,8.06,7.69,7.82,1689656
2023-05-22,7.96,8.1,7.62,7.65,1629321
2023-05-23,7.77,7.77,7.35,7.36,1588537
2023-05-24,7.36,7.45,7.14,7.32,1362640
2023-05-25,7.3,7.51,7.27,7.48,1502737
2023-05-26,7.45,7.7,7.28,7.58,1505567
2023-05-29,7.64,7.65,7.41,7.51,1263751
2023-05-30,7.47,7.71,7.36,7.65,1605778
2023-05-31,7.66,7.89,7.59,7.7,1918892
2023-06-01,7.64,8.11,7.58,7.77,2204031
2023-06-02,7.75,8.03,7.71,7.81,1745085
2023-06-05,7.88,8.64,7.88,8.64,3735405
2023-06-06,8.54,9.07,8.28,8.74,3538192
2023-06-07,8.64,9.64,8.49,9.29,3434325
2023-06-08,9.12,9.6,9.01,9.1,2530023
2023-06-09,9.07,9.35,8.98,9.16,1857938
2023-06-12,9.07,9.41,8.88,9.06,1763056
2023-06-13,9.04,9.13,8.77,8.91,1847329
2023-06-14,8.94,9.85,8.81,9.85,3405131
2023-06-15,9.8,9.94,9.53,9.72,2429003
2023-06-16,9.65,10.14,9.54,9.79,2208960
2023-06-19,9.62,9.64,8.76,8.76,3237547
2023-06-20,8.57,8.72,8.23,8.25,3020775
2023-06-21,8.23,8.37,8.0,8.04,1551086
2023-06-26,7.89,8.16,7.77,7.93,1486278
2023-06-27,7.99,8.25,7.87,8.16,1513966
2023-06-28,8.07,8.15,7.84,8.1,1031673
2023-06-29,8.07,8.35,8.05,8.21,1289695
2023-06-30,8.21,8.24,7.95,8.0,1030299
2023-07-03,7.92,7.93,7.52,7.84,1337325
2023-07-04,7.81,7.96,7.78,7.87,748674
2023-07-05,7.93,8.28,7.92,8.1,1728432
2023-07-06,8.01,8.16,7.78,7.99,881501
2023-07-07,7.9,7.98,7.7,7.86,821775
2023-07-10,7.87,7.96,7.77,7.83,557228
2023-07-11,8.02,8.12,7.65,8.06,1147296
2023-07-12,8.05,8.13,7.43,7.52,1386178
2023-07-13,7.52,7.89,7.52,7.83,1119929
2023-07-14,7.83,8.07,7.8,7.94,830456
2023-07-17,7.95,7.97,7.72,7.87,475916
2023-07-18,7.89,8.07,7.84,7.93,755730
2023-07-19,7.94,8.22,7.9,8.04,926143
2023-07-20,8.08,8.73,7.97,8.51,2271535
2023-07-21,8.37,8.43,8.0,8.01,1525767
2023-07-24,7.87,7.92,7.62,7.64,1193037
2023-07-25,7.76,8.03,7.74,7.79,1261463
2023-07-26,7.76,7.79,7.52,7.59,1012494
2023-07-27,7.5,7.65,7.48,7.55,495560
2023-07-28,7.5,7.75,7.5,7.72,744029
2023-07-31,7.75,8.01,7.69,7.98,1019605
2023-08-01,8.02,8.02,7.78,7.84,712718
2023-08-02,7.77,7.87,7.67,7.72,587562
2023-08-03,7.68,7.76,7.64,7.7,408380
2023-08-04,7.67,8.02,7.65,7.92,1016113
2023-08-07,7.9,8.02,7.76,7.9,664410
2023-08-08,7.91,8.11,7.87,7.91,760700
2023-08-09,7.87,7.93,7.77,7.81,478382
2023-08-10,7.81,7.86,7.69,7.75,401744
2023-08-11,7.73,7.84,7.58,7.61,453869
2023-08-14,7.48,7.81,7.44,7.8,587729
2023-08-15,7.78,8.12,7.78,7.96,1122405
2023-08-16,7.87,7.92,7.63,7.66,689312
2023-08-17,7.6,7.91,7.6,7.9,721794
2023-08-18,7.93,8.42,7.92,8.18,1919833
2023-08-21,8.12,8.24,7.87,7.87,1087244
2023-08-22,7.87,8.21,7.75,8.17,1211900
2023-08-23,8.14,8.3,8.02,8.03,856908
2023-08-24,7.97,8.09,7.69,7.76,1118178
2023-08-25,7.71,7.89,7.57,7.66,638862
2023-08-28,8.17,8.17,7.64,7.73,917983
2023-08-29,7.68,8.06,7.61,8.04,1029770
2023-08-30,8.03,8.07,7.82,7.92,704651
2023-08-31,7.89,7.89,7.65,7.69,661214
2023-09-01,7.87,8.34,7.83,8.04,1581724
2023-09-04,7.97,8.37,7.89,8.34,1566839
2023-09-05,8.35,8.79,8.28,8.45,1865801
2023-09-06,8.47,8.67,8.26,8.4,1314898
2023-09-07,8.3,8.69,8.16,8.47,1405551
2023-09-08,8.38,8.52,8.18,8.3,840468
2023-09-11,8.27,9.18,8.23,9.18,2214436
2023-09-12,9.21,9.34,9.06,9.27,1958863
2023-09-13,9.18,9.31,9.0,9.22,1368844
2023-09-14,9.24,9.24,8.6,8.64,1632289
2023-09-15,8.7,8.92,8.61,8.73,974049
2023-09-18,8.75,9.56,8.75,9.35,1807247
2023-09-19,9.27,9.52,8.99,9.16,1737788
2023-09-20,9.27,9.39,8.77,8.83,1694799
2023-09-21,8.66,8.67,8.07,8.11,1675714
2023-09-22,8.13,8.38,8.07,8.17,1091429
2023-09-25,8.12,8.37,7.97,8.04,1036633
2023-09-26,8.04,8.13,7.93,8.07,643192
2023-09-27,8.12,8.54,8.01,8.48,1364540
2023-09-28,8.48,8.57,8.32,8.51,829062
2023-10-09,8.56,8.71,8.42,8.48,732245
2023-10-10,8.5,8.53,8.04,8.15,1044008
2023-10-11,8.09,8.22,8.08,8.13,521726
2023-10-12,8.15,8.2,8.05,8.08,452796
2023-10-13,8.05,8.06,7.65,7.75,980926
2023-10-16,7.72,7.98,7.66,7.86,768844
2023-10-17,7.89,8.22,7.8,8.16,966172
2023-10-18,8.03,8.25,7.86,7.9,712419
2023-10-19,7.77,7.78,7.5,7.53,854350
2023-10-20,7.47,7.65,7.44,7.55,441982
2023-10-23,7.59,7.6,7.09,7.18,723089
2023-10-24,7.18,7.35,7.14,7.2,481645
2023-10-25,7.27,7.57,7.25,7.44,753335
2023-10-26,7.4,7.43,7.17,7.27,490385
2023-10-27,7.23,7.33,7.18,7.3,405700
2023-10-30,7.26,7.4,7.21,7.37,401860
2023-10-31,7.37,7.4,7.15,7.25,476457
2023-11-01,7.27,7.34,7.17,7.19,346257
2023-11-02,7.17,7.18,6.9,7.0,573024
2023-11-03,7.02,7.05,6.93,6.97,493855
2023-11-06,7.0,7.18,7.0,7.18,617852
2023-11-07,7.26,7.41,7.15,7.3,740652
2023-11-08,7.27,7.44,7.23,7.36,664549
2023-11-09,7.35,7.35,7.15,7.2,523668
2023-11-10,7.19,7.25,7.03,7.18,445346
2023-11-13,7.19,7.46,7.19,7.42,653706
2023-11-14,7.46,7.46,7.29,7.35,397724
2023-11-15,7.45,7.79,7.43,7.71,1171626
2023-11-16,7.67,7.67,7.47,7.54,638080
2023-11-17,7.51,7.62,7.43,7.5,423154
2023-11-20,7.52,7.57,7.39,7.52,376613
2023-11-21,7.56,7.63,7.46,7.48,479666
2023-11-22,7.42,7.53,7.35,7.35,349993
2023-11-23,7.33,7.42,7.25,7.38,273181
2023-11-24,7.34,7.44,7.25,7.27,354441
2023-11-27,7.28,7.34,7.2,7.26,280908
2023-11-28,7.3,7.39,7.19,7.33,341970
2023-11-29,7.31,7.37,7.21,7.24,239797
2023-11-30,7.22,7.52,7.22,7.42,673644
2023-12-01,7.43,7.5,7.35,7.47,479286
2023-12-04,7.48,7.64,7.47,7.49,625995
2023-12-05,7.44,7.45,7.24,7.25,419934
2023-12-06,7.24,7.29,7.17,7.25,296526
2023-12-07,7.19,7.3,7.14,7.24,261659
2023-12-08,7.21,7.38,7.2,7.21,320294
2023-12-11,7.19,7.55,7.11,7.55,693904
2023-12-12,7.57,7.58,7.39,7.48,465563
2023-12-13,7.47,7.49,7.38,7.38,226238
2023-12-14,7.38,7.51,7.34,7.36,296200
2023-12-15,7.35,7.41,7.24,7.32,331903
2023-12-18,7.28,7.28,7.14,7.17,291134
2023-12-19,7.15,7.19,6.96,7.04,434769
2023-12-20,7.04,7.08,6.79,6.81,385398
2023-12-21,6.75,6.81,6.32,6.56,671999
2023-12-22,6.52,6.58,6.45,6.47,351878
2023-12-25,6.45,6.55,6.41,6.51,198884
2023-12-26,6.52,6.6,6.44,6.49,182040
2023-12-27,6.47,6.5,6.4,6.44,240352
2023-12-28,6.43,6.8,6.32,6.7,558794
2023-12-29,6.75,6.82,6.67,6.79,356606
2024-01-02,6.8,6.85,6.7,6.74,254363
2024-01-03,6.72,6.78,6.65,6.73,180646
2024-01-04,6.73,6.73,6.62,6.68,168090
2024-01-05,6.64,6.73,6.53,6.57,184660
2024-01-08,6.57,6.58,6.4,6.42,217790
2024-01-09,6.37,6.57,6.37,6.46,204177
2024-01-10,6.89,6.92,6.6,6.67,640541
2024-01-11,6.64,6.85,6.61,6.8,523381
2024-01-12,6.79,6.84,6.68,6.69,304385
2024-01-15,6.62,6.84,6.58,6.76,327093
2024-01-16,6.75,6.77,6.66,6.77,232484
2024-01-17,6.74,6.78,6.61,6.62,227757
2024-01-18,6.57,6.61,6.25,6.53,491642
2024-01-19,6.48,6.8,6.45,6.76,557436
2024-01-22,6.73,6.73,6.47,6.56,349187
2024-01-23,6.53,6.62,6.41,6.56,271618
2024-01-24,6.63,6.72,6.46,6.7,415716
2024-01-25,6.73,7.31,6.66,7.15,812426
2024-01-26,7.06,7.09,6.86,6.89,513920
2024-01-29,6.92,7.11,6.89,6.92,406044
2024-01-30,6.84,7.02,6.75,6.87,307784
2024-01-31,6.82,7.01,6.71,6.91,450545
2024-02-01,6.82,7.15,6.77,7.1,570052
2024-02-02,7.11,7.27,6.47,6.84,662331
2024-02-05,6.65,6.81,6.35,6.73,534068
2024-02-06,6.57,7.25,6.51,7.13,620050
2024-02-07,7.12,7.57,7.07,7.54,985184
2024-02-08,7.68,7.93,7.43,7.49,1064419
2024-02-19,7.6,7.6,7.27,7.39,747989
2024-02-20,7.32,7.48,7.29,7.45,467345
2024-02-21,7.43,7.78,7.36,7.42,810286
2024-02-22,7.39,7.46,7.33,7.41,524701
2024-02-23,7.46,7.61,7.37,7.49,594885
2024-02-26,7.51,7.52,7.3,7.36,562643
2024-02-27,7.35,7.52,7.3,7.52,569426
2024-02-28,7.55,7.77,7.39,7.39,793444
2024-02-29,7.34,7.69,7.33,7.69,730112
2024-03-01,7.67,8.12,7.65,8.02,1072681
2024-03-04,7.94,8.2,7.92,8.06,755620
2024-03-05,8.05,8.12,7.97,8.01,488237
2024-03-06,7.97,8.31,7.82,8.16,858573
2024-03-07,8.15,8.25,7.94,7.96,491838
2024-03-08,8.01,8.16,8.0,8.11,451759
2024-03-11,8.1,8.64,8.05,8.49,956909
2024-03-12,8.4,8.48,8.29,8.37,502756
2024-03-13,8.31,8.5,8.26,8.38,477751
2024-03-14,8.32,8.49,8.3,8.33,464342
2024-03-15,8.3,8.53,8.3,8.45,519680
2024-03-18,8.51,8.85,8.49,8.69,679571
2024-03-19,8.64,8.68,8.48,8.49,498191
2024-03-20,8.46,8.56,8.4,8.51,305079
2024-03-21,8.51,8.63,8.37,8.54,416193
2024-03-22,8.52,8.66,8.45,8.62,514700
2024-03-25,8.62,8.63,8.25,8.26,568734
2024-03-26,8.32,8.44,8.22,8.27,408016
2024-03-27,8.29,8.33,8.05,8.1,409996
2024-03-28,8.1,8.35,8.08,8.24,321754
2024-03-29,8.21,8.27,8.02,8.1,392671
2024-04-01,8.14,8.36,8.13,8.27,366902
2024-04-02,8.12,8.26,7.88,8.23,520128
2024-04-03,8.17,8.36,8.14,8.26,349102
2024-04-08,8.19,8.25,8.04,8.07,366814
2024-04-09,8.01,8.22,8.0,8.16,263927
2024-04-10,8.17,8.25,7.98,8.04,282025
2024-04-11,8.02,8.19,7.95,8.09,282175
2024-04-12,8.09,8.21,8.07,8.1,278226
2024-04-15,8.12,8.33,7.96,8.23,461582
2024-04-16,8.26,8.28,7.82,7.88,583111
2024-04-17,7.82,8.01,7.72,7.93,695007
2024-04-18,7.92,8.14,7.79,8.06,706533
2024-04-19,8.07,8.15,7.9,7.95,364770
2024-04-22,7.97,8.0,7.74,7.77,378276
2024-04-23,7.81,7.83,7.58,7.67,338486
2024-04-24,7.67,7.75,7.62,7.68,289622
2024-04-25,7.63,7.71,7.51,7.67,285464
2024-04-26,7.63,7.94,7.63,7.89,390128
2024-04-29,7.9,8.34,7.88,8.22,534344
2024-04-30,8.24,8.28,8.1,8.22,293561
2024-05-06,8.35,8.38,8.17,8.23,436545
2024-05-07,8.23,8.4,8.2,8.24,321808
2024-05-08,8.2,8.22,7.89,7.9,384118
2024-05-09,7.89,8.19,7.89,8.15,336858
2024-05-10,8.2,8.27,8.14,8.17,279475
2024-05-13,8.12,8.13,7.94,7.99,284632
2024-05-14,7.94,8.04,7.86,7.95,229261
2024-05-15,7.92,7.96,7.86,7.87,181194
2024-05-16,7.86,7.91,7.76,7.78,244042
2024-05-17,7.78,7.96,7.77,7.92,299598
2024-05-20,7.9,7.95,7.74,7.78,330298
2024-05-21,7.78,7.8,7.65,7.71,221995
2024-05-22,7.71,7.75,7.64,7.7,177088
2024-05-23,7.67,7.69,7.49,7.52,263371
2024-05-24,7.53,7.62,7.44,7.47,232060
2024-05-27,7.64,7.7,7.47,7.61,419039
2024-05-28,7.55,7.55,7.25,7.35,567469
2024-05-29,7.34,7.4,7.29,7.34,271180
2024-05-30,7.34,7.53,7.27,7.51,400013
2024-05-31,7.54,7.57,7.34,7.35,321351
2024-06-03,7.48,7.69,7.39,7.61,559637
2024-06-04,7.62,7.79,7.5,7.77,446544
2024-06-05,7.77,7.84,7.72,7.73,277143
2024-06-06,7.8,7.82,7.64,7.66,324957
2024-06-07,7.76,7.92,7.73,7.89,387712
2024-06-11,7.87,7.99,7.77,7.95,369555
2024-06-12,8.03,8.16,7.93,7.97,423500
2024-06-13,7.97,8.02,7.83,7.89,430053
2024-06-14,7.9,7.9,7.58,7.58,1027462
2024-06-17,7.66,7.77,7.48,7.53,559646
2024-06-18,7.52,7.55,7.31,7.4,464960
2024-06-19,7.4,7.45,7.33,7.35,260838
2024-06-20,7.34,7.4,7.18,7.25,328966
2024-06-21,7.25,7.36,7.19,7.26,242289
2024-06-24,7.22,7.32,7.09,7.14,305626
2024-06-25,7.14,7.32,7.08,7.31,334041
2024-06-26,7.31,7.37,7.14,7.36,272153
2024-06-27,7.35,7.39,7.22,7.22,185721
2024-06-28,7.22,7.25,7.04,7.09,300359
2024-07-01,7.08,7.24,7.0,7.23,256667
2024-07-02,7.23,7.24,7.04,7.06,248050
2024-07-03,7.05,7.43,7.05,7.26,475510
2024-07-04,7.2,7.28,7.02,7.04,295353
2024-07-05,7.02,7.09,6.98,7.04,182353
2024-07-08,7.03,7.05,6.93,6.96,197571
2024-07-09,6.94,7.04,6.84,7.02,221616
2024-07-10,6.99,7.04,6.89,6.91,200127
2024-07-11,7.05,7.25,7.05,7.24,368145
2024-07-12,7.24,7.29,7.17,7.21,172463
2024-07-15,7.21,7.29,7.15,7.23,186587
2024-07-16,7.22,7.38,7.15,7.36,248512
2024-07-17,7.35,7.45,7.33,7.42,301085
2024-07-18,7.39,7.41,7.3,7.37,192081
2024-07-19,7.35,7.48,7.3,7.43,226128
2024-07-22,7.42,7.44,7.21,7.26,220204
2024-07-23,7.25,7.27,7.04,7.05,194659
2024-07-24,7.03,7.06,6.88,6.92,239139
2024-07-25,6.88,7.09,6.88,7.05,238817
2024-07-26,7.05,7.25,7.04,7.23,199598
2024-07-29,7.23,7.29,7.12,7.25,154203
2024-07-30,7.24,7.29,7.1,7.14,145583
2024-07-31,7.12,7.4,7.12,7.39,268675
2024-08-01,7.4,7.47,7.32,7.33,145187
2024-08-02,7.3,7.41,7.28,7.33,160055
2024-08-05,7.3,7.42,7.22,7.22,210919
2024-08-06,7.31,7.44,7.28,7.38,256711
2024-08-07,7.38,7.38,7.29,7.33,131985
2024-08-08,7.29,7.37,7.27,7.32,126818
2024-08-09,7.33,7.36,7.18,7.2,172952
2024-08-12,7.17,7.24,7.04,7.15,158558
2024-08-13,7.16,7.19,7.02,7.11,135179
2024-08-14,7.12,7.16,7.02,7.11,104195
2024-08-15,7.05,7.21,7.05,7.15,160356
2024-08-16,7.1,7.14,6.94,7.01,267611
2024-08-19,6.99,7.47,6.99,7.46,545461
2024-08-20,7.43,7.51,7.34,7.44,289463
2024-08-21,7.44,7.63,7.42,7.56,272360
2024-08-22,7.56,7.6,7.45,7.5,187892
2024-08-23,7.48,7.72,7.44,7.6,240051
2024-08-26,7.62,7.88,7.54,7.76,379937
2024-08-27,7.77,7.84,7.73,7.79,223556
2024-08-28,7.91,7.95,7.78,7.88,361257
2024-08-29,7.81,7.94,7.77,7.9,200112
2024-08-30,7.87,7.94,7.77,7.94,325989
2024-09-02,7.86,8.13,7.84,8.04,403522
2024-09-03,8.07,8.23,8.02,8.18,338173
2024-09-04,8.17,8.32,8.12,8.3,346995
2024-09-05,8.27,8.46,8.15,8.4,392882
2024-09-06,8.44,8.48,8.27,8.29,281062
2024-09-09,8.29,8.39,8.25,8.31,310756
2024-09-10,8.33,8.36,8.17,8.25,299951
2024-09-11,8.21,8.28,8.1,8.24,289288
2024-09-12,8.23,8.27,8.14,8.18,190829
2024-09-13,8.22,8.35,8.11,8.21,273635
2024-09-18,8.17,8.36,8.17,8.27,268431
2024-09-19,8.31,8.34,8.09,8.26,359149
2024-09-20,8.22,8.39,8.19,8.34,280022
2024-09-23,8.36,8.4,8.17,8.23,222683
2024-09-24,8.32,8.46,8.07,8.43,574449
2024-09-25,8.52,8.6,8.41,8.55,602040
2024-09-26,8.57,8.72,8.37,8.7,614109
2024-09-27,8.72,8.91,8.7,8.73,445754
2024-09-30,8.95,9.39,8.85,9.32,1253317
2024-10-08,10.29,10.29,9.48,9.93,1244331
2024-10-09,9.8,9.8,9.12,9.15,936032
2024-10-10,9.14,10.1,9.02,9.76,1433175
2024-10-11,10.17,10.77,10.12,10.77,1948324
2024-10-14,11.69,11.88,10.18,10.47,4181580
2024-10-15,10.47,11.55,10.47,11.21,4292655
2024-10-16,10.67,10.74,10.06,10.22,3094656
2024-10-17,10.47,10.9,10.28,10.71,2424909
2024-10-18,10.43,10.92,9.98,10.62,2369854
2024-10-21,10.64,11.36,10.64,11.26,2421349
2024-10-22,11.25,11.25,10.67,10.82,1585682
2024-10-23,10.77,10.95,10.47,10.57,1350657
2024-10-24,10.65,10.65,10.28,10.39,748289
2024-10-25,10.45,10.53,10.26,10.41,861775
2024-10-28,10.37,10.76,10.2,10.57,1124425
2024-10-29,10.47,10.56,10.32,10.33,724435
2024-10-30,10.27,10.35,10.12,10.28,592384
2024-10-31,10.24,10.52,10.19,10.33,977465
2024-11-01,10.27,10.42,10.0,10.1,858454
2024-11-04,10.07,10.22,9.94,10.09,815306
2024-11-05,10.23,10.97,10.2,10.94,1743244
2024-11-06,11.02,11.8,11.0,11.32,1761426
2024-11-07,11.19,11.99,10.98,11.87,1491144
2024-11-08,11.97,12.67,11.75,12.23,1596357
2024-11-11,12.01,12.37,11.84,12.23,985300
2024-11-12,12.26,12.27,11.67,11.78,967141
2024-11-13,11.7,11.93,11.56,11.78,512574
2024-11-14,11.78,11.89,11.45,11.48,502721
2024-11-15,11.45,11.73,11.14,11.18,614760
2024-11-18,11.18,11.38,10.95,11.12,534658
2024-11-19,11.12,11.53,11.07,11.43,518277
2024-11-20,11.43,12.61,11.4,12.41,1860426
2024-11-21,12.33,12.92,11.97,12.83,1501645
2024-11-22,12.67,12.82,12.13,12.19,1081679
2024-11-25,12.04,12.16,11.61,11.83,760257
2024-11-26,11.71,12.02,11.57,11.59,567586
2024-11-27,11.77,12.66,11.66,12.55,1144930
2024-11-28,12.59,13.37,12.48,12.86,1336382
2024-11-29,13.02,14.16,12.83,13.9,1621724
2024-12-02,13.9,14.0,13.46,13.83,1294198
2024-12-03,13.83,14.55,13.65,13.88,1159774
2024-12-04,13.51,13.96,13.37,13.54,887662
2024-12-05,13.46,13.69,13.37,13.6,665083
2024-12-06,13.56,14.07,13.38,13.85,793073
2024-12-09,13.77,13.93,13.47,13.72,563229
2024-12-10,14.28,14.37,13.58,13.69,732739
2024-12-11,13.58,14.84,13.55,14.8,1290395
2024-12-12,14.99,15.55,14.09,14.84,1796550
2024-12-13,14.47,14.63,13.97,14.01,1050097
2024-12-16,13.84,14.44,13.61,13.97,826763
2024-12-17,14.07,14.07,13.47,13.74,507123
2024-12-18,13.59,13.99,13.57,13.76,458387
2024-12-19,13.62,13.95,13.39,13.88,589257
2024-12-20,13.97,14.42,13.82,14.24,649609
2024-12-23,14.24,14.24,13.43,13.59,840508
2024-12-24,13.68,14.3,13.48,14.01,700823
2024-12-25,13.87,13.89,13.0,13.28,1018825
2024-12-26,13.28,13.55,13.17,13.38,506688
2024-12-27,13.37,13.67,13.1,13.42,470641
2024-12-30,13.42,13.63,13.21,13.3,402986
2024-12-31,13.32,13.44,13.06,13.08,428518
2025-01-02,13.09,13.4,12.84,12.98,484355
2025-01-03,12.93,12.99,12.27,12.28,690673
2025-01-06,12.28,12.43,11.97,12.13,542509
2025-01-07,12.09,12.33,12.06,12.26,338636
2025-01-08,12.22,12.47,11.97,12.36,518636
2025-01-09,12.27,12.5,12.21,12.36,437541
2025-01-10,12.37,12.52,12.25,12.35,409457
2025-01-13,12.21,12.47,12.13,12.35,293827
2025-01-14,12.37,12.79,12.34,12.76,525725
2025-01-15,12.67,13.02,12.57,12.88,445367
2025-01-16,12.95,13.1,12.69,12.75,418991
2025-01-17,12.67,12.82,12.53,12.58,272687
2025-01-20,12.67,12.87,12.49,12.54,307936
2025-01-21,12.63,12.87,12.46,12.7,334733
2025-01-22,12.73,12.87,12.27,12.66,421622
2025-01-23,12.72,13.08,12.6,12.65,359497
2025-01-24,12.59,12.97,12.57,12.9,347295
2025-01-27,12.89,13.0,12.53,12.54,313331
2025-02-05,12.59,12.67,12.25,12.51,270030
2025-02-06,12.39,12.58,12.3,12.44,378451
2025-02-07,12.43,12.89,12.36,12.8,565669
2025-02-10,12.84,13.27,12.65,13.05,573668
2025-02-11,13.07,13.27,12.91,13.21,402552
2025-02-12,13.23,13.23,12.76,12.9,519296
2025-02-13,12.91,12.93,12.18,12.32,730984
2025-02-14,12.32,12.58,12.29,12.57,398014
2025-02-17,12.37,12.52,12.18,12.24,466770
2025-02-18,12.25,12.27,11.86,11.9,472911
2025-02-19,12.01,12.2,11.89,12.15,308088
2025-02-20,12.14,12.4,12.02,12.28,298148
2025-02-21,12.29,12.95,12.15,12.83,667491
2025-02-24,12.83,13.22,12.6,12.88,591656
2025-02-25,12.82,13.15,12.72,12.92,472244
2025-02-26,12.75,13.05,12.75,12.85,366388
2025-02-27,12.85,13.16,12.8,13.04,471203
2025-02-28,13.06,13.11,12.42,12.46,392609
2025-03-03,12.55,12.82,12.34,12.74,371598
2025-03-04,12.7,12.78,12.51,12.59,217076
2025-03-05,12.61,13.02,12.57,12.93,429200
2025-03-06,13.0,13.37,12.82,13.27,507073
2025-03-07,13.25,13.26,13.03,13.12,273477
2025-03-10,12.97,13.03,12.29,12.46,594957
2025-03-11,12.44,12.92,12.33,12.77,508102
2025-03-12,12.82,12.85,12.36,12.43,468009
2025-03-13,12.37,12.44,12.22,12.27,255851
2025-03-14,12.29,12.87,12.28,12.65,426227
2025-03-17,12.65,12.96,12.64,12.81,344154
2025-03-18,12.82,13.61,12.81,13.56,889403
2025-03-19,13.49,13.65,13.3,13.45,380137
2025-03-20,13.44,13.54,13.21,13.26,259014
2025-03-21,13.17,13.24,12.74,12.85,298829
2025-03-24,12.9,13.31,12.85,13.16,395700
2025-03-25,13.14,13.25,12.99,13.06,201528
2025-03-26,13.0,13.55,12.97,13.49,387851
2025-03-27,13.55,14.55,13.54,14.49,1092439
2025-03-28,14.61,14.91,14.46,14.6,922723
2025-03-31,14.61,15.07,14.5,14.9,700331
2025-04-01,14.87,15.46,14.71,15.18,798868
2025-04-02,15.15,15.25,14.93,15.01,486628
2025-04-03,14.65,14.84,14.25,14.37,933285
2025-04-07,12.9,12.9,12.9,12.9,188046
2025-04-08,12.71,12.9,11.58,11.82,1851030
2025-04-09,11.58,13.04,11.38,13.04,1329517
2025-04-10,13.57,13.97,13.16,13.92,1278553
2025-04-11,13.97,14.1,13.59,14.06,920939
2025-04-14,13.97,14.56,13.84,14.48,771451
2025-04-15,14.48,14.52,14.12,14.27,489398
2025-04-16,14.93,14.93,14.02,14.62,830231
2025-04-17,14.38,14.73,14.25,14.47,484794
2025-04-18,14.42,14.53,14.05,14.42,393698
2025-04-21,14.4,15.42,14.4,15.08,654697
2025-04-22,15.3,16.62,15.2,15.7,1119036
2025-04-23,15.66,15.66,14.93,15.13,869871
2025-04-24,15.19,15.62,15.08,15.41,728883
2025-04-25,15.4,15.56,15.09,15.17,452507
2025-04-28,15.28,15.36,14.99,15.12,401578
2025-04-29,15.03,15.28,14.77,15.14,307681
2025-04-30,15.21,15.21,14.91,15.0,267196
2025-05-06,15.12,15.12,14.8,14.87,363293
2025-05-07,15.18,15.29,14.87,14.98,361353
2025-05-08,14.87,14.99,14.79,14.84,244974
2025-05-09,14.87,15.45,14.76,15.3,580664
2025-05-12,15.4,15.7,15.32,15.62,478478
2025-05-13,15.9,15.95,15.42,15.82,424446
2025-05-14,15.81,16.73,15.71,16.65,723235
2025-05-15,16.66,16.71,16.3,16.38,385505
2025-05-16,16.26,16.71,15.98,16.66,408952
2025-05-19,16.55,16.62,16.11,16.15,361492
2025-05-20,16.27,16.9,15.92,16.82,483992
2025-05-21,16.68,16.96,16.55,16.67,290245
2025-05-22,16.7,17.07,16.58,16.78,342745
2025-05-23,16.78,16.91,16.65,16.68,250884
2025-05-26,16.67,16.71,16.38,16.67,272406
2025-05-27,16.67,16.76,16.52,16.53,178036
2025-05-28,16.53,16.82,16.47,16.61,225765
2025-05-29,16.57,17.21,16.49,16.93,360514
2025-05-30,16.94,17.72,16.89,17.29,535661
2025-06-03,17.3,18.15,17.27,17.84,649379
2025-06-04,18.07,18.12,17.69,17.99,384834
2025-06-05,18.36,18.66,17.93,18.1,596533
2025-06-06,18.08,18.25,17.9,18.15,238945
2025-06-09,18.19,18.27,17.77,17.94,318240
2025-06-10,17.96,18.22,17.78,18.15,307193
2025-06-11,18.17,18.66,18.1,18.47,318525
2025-06-12,18.7,18.81,18.38,18.73,355461
2025-06-13,18.73,19.36,18.7,19.3,533467
2025-06-16,19.27,19.77,18.85,19.14,619712
2025-06-17,19.01,19.97,18.97,19.94,671099
2025-06-18,20.01,20.06,18.0,19.78,1314750
2025-06-19,19.94,20.12,19.0,19.47,795203
2025-06-20,19.46,19.5,18.7,18.94,574735
2025-06-23,18.67,19.4,18.67,19.35,398555
2025-06-24,19.33,20.9,19.33,20.7,777880
2025-06-25,20.77,22.03,20.58,21.91,819947
2025-06-26,21.91,22.08,21.07,21.73,753442
2025-06-27,21.65,21.88,19.56,19.58,2484609
2025-06-30,19.65,20.78,19.12,20.68,1966488
2025-07-01,20.45,20.45,19.19,19.43,1392411
2025-07-02,19.33,19.33,18.7,18.78,752261
2025-07-03,18.61,18.86,18.25,18.65,724932
2025-07-04,18.67,19.77,18.58,19.46,992428
2025-07-07,19.52,19.59,19.1,19.34,428324
2025-07-08,19.2,19.33,18.81,18.93,610800
2025-07-09,18.9,19.54,18.85,19.26,654876
2025-07-10,19.3,19.3,18.45,18.65,746817
2025-07-11,18.65,18.94,18.54,18.59,499799
2025-07-14,18.61,18.8,18.35,18.71,497127
2025-07-15,18.6,19.07,18.58,18.88,443447
2025-07-16,18.8,19.5,18.75,19.36,714740
2025-07-17,19.85,21.05,19.85,20.68,1226166
2025-07-18,20.4,21.14,20.4,21.05,643795
2025-07-21,20.84,21.16,20.52,20.99,528666
2025-07-22,21.1,21.5,20.3,20.45,563377
2025-07-23,20.3,20.83,20.2,20.52,428794
2025-07-24,20.63,20.78,20.12,20.21,447149
2025-07-25,20.46,21.5,20.46,20.98,715813
2025-07-28,20.9,22.29,20.85,21.98,843503
2025-07-29,22.01,22.3,21.8,22.02,455172
2025-07-30,21.96,22.17,21.41,21.65,399335
2025-07-31,21.01,21.63,20.99,21.3,360864
2025-08-01,21.45,21.46,20.35,20.5,491995
2025-08-04,20.4,20.49,19.74,20.06,691737
2025-08-05,20.0,20.18,19.87,19.91,376126
2025-08-06,19.95,19.95,19.44,19.64,507245
2025-08-07,19.6,19.69,19.29,19.47,438512
2025-08-08,19.51,19.63,19.21,19.3,453592
2025-08-11,19.3,19.43,19.08,19.17,468038
2025-08-12,19.24,19.28,18.6,18.87,719616
2025-08-13,18.92,19.03,18.69,18.78,618486
2025-08-14,18.85,19.78,18.85,19.58,1463764
2025-08-15,19.56,19.56,18.76,19.07,936073
2025-08-18,19.12,20.45,19.12,20.12,1247584
2025-08-19,20.25,20.51,20.01,20.25,852463
2025-08-20,20.2,20.48,19.78,19.95,625563
2025-08-21,20.71,21.9,20.24,20.33,1112628
2025-08-22,20.33,21.18,20.05,20.93,879211
2025-08-25,20.93,23.02,20.55,23.02,1597863
2025-08-26,22.92,23.4,22.2,22.35,1036318
2025-08-27,22.38,22.95,21.96,22.0,686759
2025-08-28,21.87,21.95,21.28,21.75,635679
2025-08-29,21.8,22.74,21.8,22.5,842002
2025-09-01,22.7,23.19,22.34,22.49,622262
2025-09-02,22.33,22.33,20.58,20.85,896640
2025-09-03,20.85,20.85,19.92,20.14,626219
2025-09-04,20.1,20.67,19.62,19.99,678420
2025-09-05,20.0,20.25,19.7,20.2,516229
2025-09-08,20.21,20.65,19.78,19.87,528181
2025-09-09,19.7,20.18,19.55,19.61,427974
2025-09-10,19.52,19.73,19.32,19.4,452427
2025-09-11,19.4,20.3,19.27,20.16,606843
2025-09-12,20.0,20.1,19.58,19.76,561672
2025-09-15,19.71,20.1,19.62,19.86,489024
2025-09-16,20.03,20.11,19.66,19.81,480685
2025-09-17,19.7,19.8,19.41,19.65,538724
2025-09-18,19.69,19.85,19.03,19.19,800101
2025-09-19,19.19,19.93,19.01,19.64,626233
2025-09-22,19.61,19.61,18.68,19.4,529867
2025-09-23,19.34,19.55,18.0,18.27,985078
2025-09-24,18.26,19.06,18.2,18.96,601238
2025-09-25,18.95,18.95,18.46,18.49,569417
2025-09-26,18.48,18.86,18.43,18.57,439427
2025-09-29,18.35,19.09,18.02,18.88,629637
2025-09-30,18.87,18.96,18.4,18.55,498806
2025-10-09,18.0,18.5,17.99,18.22,687413
2025-10-10,18.4,18.5,18.06,18.12,492845
2025-10-13,17.6,18.49,17.3,18.37,533376
2025-10-14,18.6,19.18,18.5,19.04,1029467
2025-10-15,19.8,20.12,19.33,19.61,1615874
2025-10-16,19.4,20.31,19.32,19.92,1140467
2025-10-17,19.98,20.12,19.1,19.18,748089
2025-10-20,19.2,19.77,19.04,19.27,555816
2025-10-21,19.2,19.27,18.73,18.84,587709
2025-10-22,18.8,19.05,18.5,18.66,477724
2025-10-23,18.55,18.6,18.15,18.42,409969
2025-10-24,18.42,18.5,18.19,18.3,337944
2025-10-27,18.44,18.59,18.02,18.38,688665
2025-10-28,18.36,18.48,18.18,18.26,454465
2025-10-29,18.26,18.44,18.06,18.38,410828
2025-10-30,18.35,18.35,17.81,17.86,555559
2025-10-31,18.05,18.47,17.98,18.43,607743
2025-11-03,18.43,18.45,17.87,18.1,458613
2025-11-04,18.01,18.03,17.36,17.45,601436
2025-11-05,17.38,17.88,17.25,17.66,410807
2025-11-06,17.57,17.72,17.35,17.6,357024
2025-11-07,17.53,17.8,17.45,17.61,263075
2025-11-10,17.4,17.4,16.23,16.49,1315006
2025-11-11,16.52,16.7,16.3,16.44,565963
2025-11-12,16.43,16.55,16.17,16.33,353187
2025-11-13,16.28,16.64,16.18,16.63,433647
2025-11-14,16.53,16.87,16.47,16.48,339934
2025-11-17,16.42,16.78,16.35,16.62,323032
2025-11-18,16.5,16.58,16.2,16.39,327389
2025-11-19,16.32,16.45,15.81,15.95,546133
2025-11-20,16.05,16.08,15.72,15.79,390352
2025-11-21,15.61,15.95,15.58,15.72,382084
2025-11-24,15.75,16.06,15.7,16.0,400154
2025-11-25,16.02,16.25,15.93,16.03,319572
2025-11-26,16.01,16.23,16.0,16.14,258117
2025-11-27,16.22,16.3,15.9,15.91,302705
2025-11-28,15.87,16.49,15.86,16.46,518405
2025-12-01,16.41,16.41,16.07,16.2,433101
2025-12-02,16.15,16.38,16.11,16.26,279070
2025-12-03,16.2,16.31,16.08,16.14,246538
2025-12-04,16.22,16.27,15.95,16.15,214519
2025-12-05,16.19,16.39,16.06,16.36,335451
2025-12-08,16.42,16.68,16.36,16.39,313759
2025-12-09,16.41,16.45,16.17,16.26,296569
2025-12-10,16.21,16.48,16.16,16.43,341724
2025-12-11,16.42,16.5,16.18,16.24,304408
2025-12-12,16.25,16.29,15.94,16.25,408543
2025-12-15,16.2,16.52,16.14,16.17,360808
2025-12-16,16.16,16.37,15.97,16.11,393956
2025-12-17,16.16,16.48,15.95,16.36,513430
2025-12-18,16.28,16.47,16.12,16.26,350504
2025-12-19,16.24,16.76,16.04,16.64,690558
2025-12-22,16.65,16.69,16.25,16.58,637936
2025-12-23,16.6,16.7,16.26,16.53,512795
2025-12-24,16.41,16.66,16.36,16.53,314587
2025-12-25,16.5,16.65,16.37,16.41,380019
2025-12-26,16.37,16.53,15.78,15.8,926626
2025-12-29,16.09,16.83,15.95,16.29,1035362
2025-12-30,16.23,16.3,15.78,15.87,655706
2025-12-31,15.85,16.1,15.8,15.95,454222
