date,open,high,low,close,volume
2015-01-05,11.59,11.83,11.35,11.77,144440
2015-01-06,11.63,12.23,11.54,12.13,116115
2015-01-07,12.08,12.09,11.89,11.99,68465
2015-01-08,11.99,12.06,11.84,11.88,62353
2015-01-09,11.88,12.14,11.88,11.92,63397
2015-01-12,11.78,11.83,11.4,11.44,63784
2015-01-13,11.49,11.78,11.49,11.75,53157
2015-01-14,11.73,12.04,11.68,11.9,59201
2015-01-15,11.97,12.55,11.9,12.48,152861
2015-01-16,12.38,12.54,12.19,12.45,157880
2015-01-19,12.08,12.36,11.41,11.71,101883
2015-01-20,11.75,12.45,11.75,12.33,115832
2015-01-21,12.39,12.82,12.39,12.76,120457
2015-01-22,12.78,13.19,12.61,13.01,147632
2015-01-23,12.93,13.01,12.66,12.74,103426
2015-01-26,12.71,13.13,12.71,13.06,120832
2015-01-27,13.05,13.23,12.77,13.01,129905
2015-01-28,12.98,13.2,12.78,12.84,105473
2015-01-29,12.69,12.83,12.6,12.69,68191
2015-01-30,12.68,12.91,12.56,12.73,63021
2015-02-02,12.76,12.89,12.55,12.77,67049
2015-02-03,12.74,13.03,12.74,12.88,56159
2015-02-04,12.9,13.34,12.9,13.21,141960
2015-02-05,13.28,13.4,13.08,13.12,119490
2015-02-06,13.08,13.17,12.66,12.75,80456
2015-02-09,12.75,12.82,12.57,12.68,57395
2015-02-10,12.68,12.79,12.6,12.74,37205
2015-02-11,12.63,13.02,12.63,12.89,41699
2015-02-12,12.98,13.11,12.86,12.93,48733
2015-02-13,13.01,13.25,12.94,13.16,98106
2015-02-16,13.19,13.64,13.19,13.51,120207
2015-02-17,13.58,13.73,13.39,13.7,114390
2015-02-25,13.78,13.85,13.43,13.62,90536
2015-02-26,13.62,13.67,13.42,13.63,71002
2015-02-27,13.65,14.0,13.57,13.78,124805
2015-03-02,13.81,14.1,13.73,14.08,163517
2015-03-03,14.16,14.38,13.95,14.08,195215
2015-03-04,14.13,14.37,14.08,14.26,105603
2015-03-05,14.18,14.74,14.18,14.71,213394
2015-03-06,14.76,14.76,14.06,14.08,168747
2015-03-09,13.96,14.18,13.76,14.1,102001
2015-03-10,14.23,14.63,14.18,14.37,154503
2015-03-11,14.27,14.54,14.08,14.16,102487
2015-03-12,14.16,14.35,13.98,14.17,99998
2015-03-13,14.17,14.31,13.98,14.08,101044
2015-03-16,14.08,14.54,14.08,14.51,188618
2015-03-17,14.58,16.07,14.39,16.07,520070
2015-03-18,16.07,16.18,15.76,16.11,453802
2015-03-19,16.18,16.2,15.61,15.91,248741
2015-03-20,16.15,17.61,15.97,17.61,591873
2015-03-23,17.74,18.64,17.58,17.75,516579
2015-03-24,17.88,18.26,17.17,18.22,415219
2015-03-25,18.03,18.25,17.54,17.92,383813
2015-03-26,18.36,19.82,18.36,19.57,660475
2015-03-27,19.48,19.48,17.65,18.64,466726
2015-03-30,18.38,19.07,18.16,18.86,305622
2015-03-31,18.93,19.46,18.53,18.56,348447
2015-04-01,18.62,19.3,18.51,19.07,219710
2015-04-02,19.04,19.28,18.68,19.12,211352
2015-04-03,19.12,19.48,18.86,19.27,188361
2015-04-07,19.33,20.43,19.11,20.03,310406
2015-04-08,20.08,20.17,18.73,19.08,275792
2015-04-09,18.98,19.2,17.62,19.14,272181
2015-04-10,19.08,19.51,18.58,19.06,240505
2015-04-13,19.14,19.16,18.58,18.9,179316
2015-04-14,18.72,19.74,18.48,19.13,312358
2015-04-15,18.68,19.48,17.97,17.99,194468
2015-04-16,17.61,18.68,17.34,18.14,191721
2015-04-17,18.34,19.18,18.18,18.85,256520
2015-04-20,18.38,19.68,18.33,18.67,361988
2015-04-21,18.73,20.65,18.58,20.65,494166
2015-04-22,21.18,22.83,21.18,22.83,558496
2015-04-23,23.56,23.56,22.08,22.45,461240
2015-04-24,22.18,22.74,21.51,22.29,243730
2015-04-27,22.55,24.15,22.55,23.09,327587
2015-04-28,22.88,23.17,21.46,21.75,312309
2015-04-29,21.38,23.08,21.24,22.4,210683
2015-04-30,22.44,22.99,21.75,21.87,212593
2015-05-04,22.58,23.88,22.16,23.39,342514
2015-05-05,23.12,23.37,22.47,22.48,261898
2015-05-06,22.47,23.38,21.38,21.77,202790
2015-05-07,21.8,22.46,20.89,21.61,168687
2015-05-08,21.98,23.12,21.54,22.81,208679
2015-05-11,23.58,23.78,22.59,23.34,261702
2015-05-12,23.39,25.79,22.98,25.79,380308
2015-05-13,26.25,27.14,24.87,25.56,389918
2015-05-14,25.71,26.34,24.86,25.97,241841
2015-05-15,26.08,28.68,25.44,27.63,484118
2015-05-18,28.23,30.45,27.64,30.28,331551
2015-05-19,29.78,30.38,29.28,30.06,224108
2015-05-20,30.07,33.07,30.07,30.99,210374
2015-05-21,30.96,32.16,30.38,31.78,212518
2015-05-22,31.93,32.18,30.38,31.28,215703
2015-05-25,31.23,34.45,30.28,33.97,276614
2015-05-26,34.89,37.48,34.88,37.48,282513
2015-05-27,38.18,41.34,38.11,41.34,365402
2015-10-22,37.1,39.74,37.1,37.1,615591
2015-10-23,39.16,40.91,39.16,40.91,641168
2015-10-26,42.96,44.96,36.72,38.87,890505
2015-10-27,37.96,40.67,36.96,39.08,409004
2015-10-28,38.16,40.96,37.54,37.89,289126
2015-10-29,38.86,39.36,35.32,36.46,297683
2015-10-30,35.96,37.24,34.02,37.19,282048
2015-11-02,35.86,38.73,35.62,37.65,204296
2015-11-03,37.96,37.96,36.14,36.82,115158
2015-11-04,36.83,38.76,36.56,38.65,156950
2015-11-05,38.43,39.76,38.14,39.37,215536
2015-11-06,39.02,39.94,38.89,39.42,138505
2015-11-09,38.97,42.21,38.36,40.95,222547
2015-11-10,40.54,41.32,39.21,39.68,148171
2015-11-11,39.49,40.76,39.24,40.05,103175
2015-11-12,39.95,40.26,38.9,38.95,115142
2015-11-13,38.46,40.75,37.94,39.63,125888
2015-11-16,38.76,40.59,38.45,40.34,115165
2015-11-17,41.05,42.2,39.55,39.67,148980
2015-11-18,39.91,40.24,37.59,37.98,89801
2015-11-19,38.24,39.31,37.73,38.97,57111
2015-11-20,38.97,41.82,38.02,41.21,146437
2015-11-23,41.56,41.95,39.06,39.65,134612
2015-11-24,40.96,40.96,39.48,40.44,89445
2015-11-25,40.51,41.64,40.46,41.39,130453
2015-11-26,41.46,45.61,41.06,44.66,280124
2015-11-27,44.26,45.92,41.36,43.25,258468
2015-11-30,43.25,45.62,41.76,43.33,230658
2015-12-01,42.96,43.11,40.27,40.74,153445
2015-12-02,40.38,41.15,36.96,39.63,101665
2015-12-03,39.65,40.23,38.94,40.14,55359
2015-12-04,40.23,40.83,39.87,40.55,67038
2015-12-07,40.96,42.31,40.59,40.95,78863
2015-12-08,40.72,41.46,40.29,40.57,64985
2015-12-09,40.34,41.97,40.31,41.6,124923
2015-12-10,41.51,43.46,41.49,42.74,170581
2015-12-11,43.26,45.16,42.77,43.6,164527
2015-12-14,43.96,45.06,41.46,43.45,150170
2015-12-15,42.96,44.84,42.34,44.03,107331
2015-12-16,44.34,45.66,43.94,44.38,126878
2015-12-17,44.27,44.96,43.76,44.87,115908
2015-12-18,44.98,45.45,44.25,44.93,101048
2015-12-21,44.96,45.78,44.04,45.34,88689
2015-12-22,45.41,49.98,44.82,49.98,306814
2015-12-23,49.86,51.76,47.83,47.86,245897
2015-12-24,47.86,49.25,46.84,48.92,105694
2015-12-25,48.96,49.4,48.36,48.49,81990
2015-12-28,48.96,49.06,46.56,46.59,112736
2015-12-29,46.34,48.24,46.34,47.08,68538
2015-12-30,47.16,47.59,46.46,47.3,81863
2015-12-31,47.29,47.39,45.56,46.01,79303
2016-01-04,46.85,47.3,41.31,41.31,88182
2016-01-05,37.58,42.19,37.58,39.36,153844
2016-01-06,39.32,41.8,39.26,40.54,96651
2016-01-07,39.55,39.66,36.38,36.38,28644
2016-01-08,38.25,39.54,33.58,38.25,139395
2016-01-11,38.16,38.96,34.41,34.54,118534
2016-01-12,33.88,35.16,31.54,33.46,141100
2016-01-13,33.46,33.98,30.46,30.95,89531
2016-01-14,27.84,32.16,27.84,31.4,136242
2016-01-15,30.96,33.31,30.31,31.96,148805
2016-01-18,31.97,35.26,31.96,35.26,135521
2016-01-19,35.26,37.21,34.96,36.83,121387
2016-01-20,36.18,36.56,35.76,36.29,81619
2016-01-21,35.58,38.34,35.09,36.2,158098
2016-01-22,36.96,37.46,35.11,36.29,86885
2016-01-25,36.66,37.16,35.26,35.85,65899
2016-01-26,35.19,36.33,32.26,32.32,92565
2016-01-27,32.29,32.76,28.98,31.17,135500
2016-01-28,30.75,31.86,27.95,27.95,80293
2016-01-29,28.46,30.34,28.11,29.78,108325
2016-02-01,29.56,30.43,28.65,29.16,87759
2016-02-02,29.56,31.54,29.51,31.2,87766
2016-02-03,30.56,32.62,30.44,32.18,80362
2016-02-04,32.28,33.29,32.12,32.41,74201
2016-02-05,32.51,33.16,31.68,31.74,63111
2016-02-15,30.96,32.46,30.01,31.95,51936
2016-02-16,32.46,33.84,32.1,33.58,65857
2016-02-17,33.29,34.85,33.11,33.98,79329
2016-02-18,34.16,34.43,33.14,33.53,55150
2016-02-19,33.18,33.85,32.84,33.36,45407
2016-02-22,33.67,34.38,33.46,34.02,56207
2016-02-23,34.2,34.29,32.16,32.99,51679
2016-02-24,32.96,33.48,31.96,33.02,60011
2016-02-25,33.3,33.3,29.61,29.64,93521
2016-02-26,30.18,30.46,29.11,29.83,60941
2016-02-29,29.96,30.29,27.86,28.92,138309
2016-03-01,29.04,29.91,28.38,29.41,55125
2016-03-02,29.36,30.95,29.05,30.83,67028
2016-03-03,30.61,31.88,30.46,31.03,66340
2016-03-04,30.81,31.66,29.76,30.08,54421
2016-03-07,30.19,30.95,29.46,29.94,64103
2016-03-08,30.06,31.13,28.46,30.92,98766
2016-03-09,30.46,30.86,29.76,30.13,50644
2016-03-10,30.11,30.44,28.98,29.12,75146
2016-03-18,31.06,32.14,31.04,32.14,200829
2016-03-21,33.3,33.3,31.61,32.42,239131
2016-03-22,32.06,34.26,31.81,33.3,236399
2016-03-23,33.26,33.26,32.6,33.02,117430
2016-03-24,32.81,32.94,31.47,31.56,110608
2016-03-25,31.56,31.71,30.63,31.41,104414
2016-03-28,31.56,32.07,31.04,31.16,93074
2016-03-29,31.07,31.8,30.45,30.63,90663
2016-03-30,30.81,31.71,30.62,31.69,80794
2016-03-31,31.69,32.36,31.5,31.86,88213
2016-04-01,31.95,32.06,30.72,31.04,70921
2016-04-05,31.61,32.26,31.11,32.26,93279
2016-04-06,32.86,33.86,32.46,32.76,135802
2016-04-07,33.03,36.06,32.76,34.97,259633
2016-04-08,34.58,36.55,34.58,35.37,210096
2016-04-11,35.94,36.06,35.26,35.49,142305
2016-04-12,35.26,36.26,35.08,35.84,124859
2016-04-13,35.61,36.61,35.61,36.17,152165
2016-04-14,36.46,36.76,35.77,36.28,101138
2016-04-15,36.14,37.46,36.14,37.44,140934
2016-04-18,37.08,37.16,35.96,36.6,118335
2016-04-19,36.71,36.91,35.81,36.13,87593
2016-04-20,36.13,36.41,32.51,33.1,169511
2016-04-21,33.04,34.16,33.04,33.78,109938
2016-04-22,33.78,33.78,32.66,33.22,59924
2016-04-25,33.34,33.44,32.62,32.66,43755
2016-04-26,32.66,33.46,32.63,33.44,58536
2016-04-27,33.45,33.84,32.99,33.12,47106
2016-04-28,33.17,33.57,32.0,32.62,46291
2016-04-29,32.49,33.04,32.27,32.64,37419
2016-05-03,33.14,34.06,32.64,34.02,77078
2016-05-04,34.75,36.56,34.3,34.97,152892
2016-05-05,34.88,35.31,34.46,35.16,67687
2016-05-06,35.36,36.05,33.84,33.91,119536
2016-05-09,34.28,34.46,33.17,33.86,102707
2016-05-10,32.96,33.86,30.37,30.37,177072
2016-05-11,30.42,30.65,27.98,29.53,140760
2016-05-12,28.76,29.81,28.36,29.3,76963
2016-05-13,29.1,29.96,28.98,29.28,57611
2016-05-16,29.51,31.44,29.45,31.22,112422
2016-05-17,30.89,31.64,30.59,31.47,83402
2016-05-18,31.32,31.54,30.46,31.5,89262
2016-05-19,31.41,31.75,31.06,31.52,63914
2016-05-20,31.83,31.96,31.08,31.85,94137
2016-05-23,32.05,32.23,31.51,31.99,127462
2016-05-24,31.76,31.92,31.21,31.67,66746
2016-05-25,31.86,31.94,30.9,31.0,49373
2016-05-26,31.14,31.34,29.56,30.25,72241
2016-05-27,30.06,30.39,29.86,30.03,33298
2016-05-30,29.8,29.8,28.88,29.22,56851
2016-05-31,29.6,30.56,29.6,30.5,86007
2016-06-01,30.5,31.32,30.48,31.08,75024
2016-06-02,31.07,31.3,30.69,30.96,48804
2016-06-03,30.96,31.45,30.71,30.75,67970
2016-06-06,30.85,31.31,30.56,30.8,50414
2016-06-07,30.82,30.88,30.34,30.5,59347
2016-06-08,30.24,33.52,30.24,32.51,158580
2016-06-13,31.96,33.56,31.65,32.56,192501
2016-06-14,31.86,33.27,31.86,33.12,151146
2016-06-15,32.61,34.13,32.36,34.11,250024
2016-06-16,33.46,33.84,32.76,32.83,162387
2016-06-17,33.63,34.01,32.78,32.82,164582
2016-06-20,32.94,32.95,31.16,31.8,151288
2016-06-21,31.9,32.24,31.06,31.44,110424
2016-06-22,31.48,31.84,31.06,31.7,63118
2016-06-23,31.7,32.4,31.36,31.95,86998
2016-06-24,31.83,32.1,29.86,30.79,87625
2016-06-27,30.46,31.46,30.46,31.4,78548
2016-06-28,31.2,32.06,30.96,31.83,81996
2016-06-29,31.89,32.26,31.72,31.75,63411
2016-06-30,31.73,31.93,31.37,31.73,57088
2016-07-01,31.86,32.36,31.56,31.78,59019
2016-07-04,31.73,32.96,31.53,32.75,104468
2016-07-05,33.06,34.36,32.78,33.29,203234
2016-07-06,33.01,33.26,32.79,33.01,81183
2016-07-07,33.65,33.94,32.64,32.83,129898
2016-07-08,32.84,33.16,32.66,32.8,83427
2016-07-11,33.11,33.68,32.96,33.11,127536
2016-07-12,33.06,33.18,32.36,32.94,103326
2016-07-13,33.21,33.21,32.69,32.83,92449
2016-07-14,32.93,33.34,31.98,32.82,100250
2016-07-15,33.66,34.26,33.08,33.9,184084
2016-07-18,33.86,33.86,32.81,32.89,131421
2016-07-19,32.88,33.07,32.31,32.71,67430
2016-07-20,32.73,32.86,32.52,32.67,44259
2016-07-21,32.56,32.72,32.24,32.3,74308
2016-07-22,32.51,32.52,31.98,31.99,53162
2016-07-25,31.83,32.27,31.53,31.67,80673
2016-07-26,31.64,31.8,31.51,31.79,55401
2016-07-27,31.81,31.84,29.87,30.01,111214
2016-07-28,30.21,30.54,29.86,30.45,60013
2016-07-29,30.67,30.67,30.01,30.06,34014
2016-08-01,29.98,30.21,29.47,29.73,38104
2016-08-02,29.67,30.05,29.58,29.93,20656
2016-08-03,29.94,30.64,29.77,30.47,44972
2016-08-04,30.45,30.54,30.16,30.33,32350
2016-08-05,30.26,30.27,29.98,30.07,22691
2016-08-08,30.36,30.61,30.02,30.59,30542
2016-08-09,30.49,30.75,30.36,30.58,35933
2016-08-10,30.6,30.83,30.38,30.51,26263
2016-08-11,30.56,30.56,29.76,29.79,42135
2016-08-12,29.76,30.0,29.25,29.83,47421
2016-08-15,29.91,30.56,29.66,30.31,50865
2016-08-16,30.31,30.55,30.14,30.28,47219
2016-08-17,30.26,30.45,30.08,30.35,37728
2016-08-18,30.36,30.39,30.07,30.11,33429
2016-08-19,30.15,30.15,29.61,29.81,44540
2016-08-22,29.81,29.83,29.34,29.41,38444
2016-08-23,29.39,29.72,29.32,29.57,30628
2016-08-24,29.83,29.83,29.46,29.66,29926
2016-08-25,29.66,29.66,29.21,29.38,33090
2016-08-26,29.36,29.61,29.32,29.43,27782
2016-08-29,30.06,30.61,29.97,30.05,68080
2016-08-30,30.11,30.44,29.66,30.06,41491
2016-08-31,29.92,30.21,29.66,29.84,26034
2016-09-01,29.74,30.22,29.64,29.67,35729
2016-09-02,29.62,29.67,29.25,29.41,32339
2016-09-05,29.41,29.64,29.31,29.38,24431
2016-09-06,29.43,30.02,29.31,29.99,53017
2016-09-07,30.18,30.63,29.93,30.51,73594
2016-09-08,30.46,31.86,30.46,31.72,136397
2016-09-09,31.75,32.12,31.26,31.28,103317
2016-09-12,30.87,31.92,30.79,31.28,79079
2016-09-13,31.17,32.26,31.17,32.22,83384
2016-09-14,31.97,32.44,31.56,32.23,59244
2016-09-19,32.16,32.93,31.93,32.4,78943
2016-09-20,32.46,32.46,31.81,32.06,52159
2016-09-21,32.26,32.26,31.89,31.92,34843
2016-09-22,32.02,32.13,31.86,32.0,41003
2016-09-23,32.07,32.84,31.94,32.45,71243
2016-09-26,32.44,32.44,31.56,31.58,57206
2016-09-27,31.56,31.96,31.39,31.87,31752
2016-09-28,32.15,32.74,31.84,32.33,55093
2016-09-29,32.68,32.68,31.69,31.79,48829
2016-09-30,31.66,32.06,31.63,31.83,32887
2016-10-10,32.06,32.66,31.75,32.56,64143
2016-10-11,32.86,33.26,32.58,32.99,70386
2016-10-12,32.67,32.84,32.32,32.55,54840
2016-10-13,32.51,33.15,32.51,32.9,50377
2016-10-14,32.99,32.99,32.48,32.73,38150
2016-10-17,33.52,33.53,31.9,31.97,56972
2016-10-18,31.86,32.53,31.82,32.44,36461
2016-10-19,32.55,32.82,32.02,32.29,35046
2016-10-20,32.3,32.62,32.22,32.27,28087
2016-10-21,32.39,32.39,31.73,31.82,31986
2016-10-24,31.87,32.26,31.8,32.01,54924
2016-10-25,32.01,32.13,31.76,31.99,26723
2016-10-26,31.95,32.1,31.84,32.0,24510
2016-10-27,32.01,32.1,31.76,31.84,24038
2016-10-28,31.96,32.0,31.67,31.71,16275
2016-10-31,31.72,31.8,31.09,31.36,31373
2016-11-01,31.53,32.06,31.27,32.02,41295
2016-11-02,31.95,31.97,31.74,31.75,26665
2016-11-03,31.66,32.04,31.66,31.85,32196
2016-11-04,31.86,31.96,31.56,31.73,25728
2016-11-07,31.72,31.76,30.84,31.13,44108
2016-11-08,31.16,31.31,30.77,31.02,31147
2016-11-09,30.98,31.19,30.29,31.1,37486
2016-11-10,31.2,31.56,30.96,31.45,31728
2016-11-11,31.06,31.45,31.06,31.31,33215
2016-11-14,31.2,31.94,31.16,31.72,29687
2016-11-15,31.72,31.91,31.59,31.78,24872
2016-11-16,31.79,31.83,31.33,31.34,25801
2016-11-17,31.46,31.91,31.25,31.8,64243
2016-11-18,31.82,32.29,31.67,31.91,37811
2016-11-21,31.76,32.11,31.66,31.71,32577
2016-11-22,31.82,31.9,31.46,31.7,25970
2016-11-23,31.76,32.04,31.67,31.9,44660
2016-11-24,31.91,32.05,31.0,31.03,58221
2016-11-25,31.02,31.38,30.56,31.36,39047
2016-11-28,31.47,31.8,30.86,30.9,35211
2016-11-29,30.86,31.23,30.76,31.03,42639
2016-11-30,31.03,31.05,30.49,30.54,37227
2016-12-01,30.54,31.3,30.54,30.96,45649
2016-12-02,30.91,31.5,30.73,30.96,43355
2016-12-05,30.91,31.45,30.49,30.98,49657
2016-12-06,30.89,31.36,30.89,31.08,55757
2016-12-07,31.18,33.51,30.86,33.12,203269
2016-12-08,33.16,33.58,32.77,33.21,120418
2016-12-09,33.16,33.16,32.33,32.55,84191
2016-12-12,32.53,32.79,31.36,31.48,73544
2016-12-13,31.49,32.31,31.0,32.23,75512
2016-12-14,32.19,32.23,30.85,31.01,89455
2016-12-15,30.66,31.36,30.36,30.67,80716
2016-12-16,30.51,30.67,29.76,29.9,85765
2016-12-19,29.84,30.24,29.51,30.21,61557
2016-12-20,30.15,30.15,29.61,29.85,45275
2016-12-21,29.95,30.71,29.87,30.27,57298
2016-12-22,30.26,30.56,30.11,30.28,31055
2016-12-23,30.22,30.62,29.79,29.83,34940
2016-12-26,29.81,30.06,29.46,30.03,22012
2016-12-27,30.06,30.12,29.83,30.02,24784
2016-12-28,30.11,30.23,29.87,29.87,20533
2016-12-29,29.91,30.05,29.61,29.63,23471
2016-12-30,29.82,29.86,29.37,29.5,23982
2017-01-03,29.56,30.35,29.51,30.14,43130
2017-01-04,30.18,30.34,29.94,30.28,34109
2017-01-05,30.01,30.55,30.01,30.29,39424
2017-01-06,30.34,31.48,30.34,31.04,92764
2017-01-09,30.94,31.98,30.86,31.72,71895
2017-01-10,31.66,31.66,31.05,31.14,40316
2017-01-11,30.95,31.3,30.92,30.95,28760
2017-01-12,30.95,31.06,30.53,30.6,23721
2017-01-13,30.76,30.76,30.01,30.18,29278
2017-01-16,30.24,30.57,29.46,30.37,69768
2017-01-17,30.25,30.28,29.68,30.17,29207
2017-01-18,30.06,30.46,29.66,29.84,34432
2017-01-19,29.89,30.11,29.51,29.62,28572
2017-01-20,29.59,29.99,29.47,29.81,30724
2017-01-23,29.91,30.53,29.9,30.23,28370
2017-01-24,30.14,30.4,30.08,30.15,14489
2017-01-25,30.14,30.29,29.94,30.11,16806
2017-01-26,30.13,30.43,29.96,30.17,15446
2017-02-03,30.35,31.16,29.96,30.8,44752
2017-02-06,30.66,30.84,30.48,30.77,24704
2017-02-07,30.62,30.89,30.51,30.65,20898
2017-02-08,30.65,31.16,30.57,30.98,39999
2017-02-09,31.04,31.04,30.82,30.86,22439
2017-02-10,30.98,31.36,30.52,30.98,39283
2017-02-13,31.06,31.13,30.81,31.0,31322
2017-02-14,30.99,31.16,30.84,31.13,27712
2017-02-15,31.13,31.18,30.51,30.63,31304
2017-02-16,30.61,30.93,30.53,30.83,23706
2017-02-17,30.6,31.09,30.47,30.93,43813
2017-02-20,30.92,31.51,30.72,31.32,44512
2017-02-21,31.46,32.16,31.29,31.96,91859
2017-02-22,31.86,32.11,31.58,31.88,54509
2017-02-23,31.85,32.15,31.62,32.06,82772
2017-02-24,32.16,32.17,31.63,31.8,49076
2017-02-27,31.78,32.5,31.76,32.15,97386
2017-02-28,31.66,31.66,30.6,30.75,118467
2017-03-01,30.71,31.04,30.67,30.75,35802
2017-03-02,30.92,31.06,30.47,30.84,43453
2017-03-03,30.81,31.07,30.57,30.93,39420
2017-03-06,30.93,31.85,30.66,31.61,57588
2017-03-07,31.54,31.91,31.44,31.66,43876
2017-03-08,31.51,31.86,31.45,31.47,36713
2017-03-09,31.59,31.92,31.34,31.87,45561
2017-03-10,31.78,31.96,31.56,31.57,30035
2017-03-13,31.83,32.14,31.59,31.63,59070
2017-03-14,31.34,31.79,31.26,31.5,32903
2017-03-15,31.4,31.49,30.83,31.25,26646
2017-03-16,31.26,31.54,31.16,31.35,26241
2017-03-17,31.33,31.44,30.87,30.89,33759
2017-03-20,30.9,31.16,30.86,31.0,17224
2017-03-21,31.01,31.24,30.84,31.12,27163
2017-03-22,31.0,31.12,30.82,30.82,24622
2017-03-23,30.82,30.98,30.54,30.9,28460
2017-03-24,30.9,30.94,30.44,30.51,28324
2017-03-27,30.63,31.62,30.26,31.46,53866
2017-03-28,31.76,32.06,31.46,31.51,93566
2017-03-29,31.36,31.36,30.85,31.0,43775
2017-03-30,30.97,31.0,30.46,30.48,33944
2017-03-31,30.69,31.62,30.66,31.29,73524
2017-04-05,34.52,34.52,33.46,34.52,779578
2017-04-06,34.76,34.76,32.16,32.33,615497
2017-04-07,33.16,34.16,32.98,33.3,490956
2017-04-10,33.11,35.96,32.35,34.95,515445
2017-04-11,34.63,38.55,34.27,37.6,798178
2017-04-12,35.96,36.96,34.19,34.44,573874
2017-04-13,33.96,35.85,33.96,35.19,287420
2017-04-14,35.56,35.96,34.66,34.87,249837
2017-04-17,34.36,34.95,32.57,33.33,220315
2017-04-18,33.27,33.92,33.06,33.23,156496
2017-04-19,32.95,33.29,32.1,32.67,164198
2017-04-20,32.71,33.13,32.18,32.52,141517
2017-04-21,32.42,32.73,31.62,31.77,127779
2017-04-24,31.91,32.24,30.46,30.53,118261
2017-04-25,30.53,31.5,30.51,31.22,153841
2017-04-26,31.21,31.31,30.53,31.04,147763
2017-04-27,30.81,30.82,28.86,29.53,250137
2017-04-28,29.53,29.86,29.19,29.6,120877
2017-05-02,29.71,29.94,29.36,29.93,115944
2017-05-03,29.71,29.81,29.0,29.05,132105
2017-05-04,28.85,29.92,28.41,29.23,132838
2017-05-05,29.24,29.9,29.09,29.14,109982
2017-05-08,28.96,28.96,26.76,26.87,158880
2017-05-09,26.66,27.16,25.96,26.93,107216
2017-05-10,27.09,27.33,26.46,26.73,98967
2017-05-11,26.47,26.95,25.97,26.79,87934
2017-05-12,26.85,26.85,26.11,26.45,77329
2017-05-15,26.47,26.86,26.38,26.49,68638
2017-05-16,26.65,27.2,26.06,27.16,126068
2017-05-17,27.04,28.24,26.97,27.81,161385
2017-05-18,27.38,27.67,26.88,26.97,114789
2017-05-19,27.06,27.31,26.7,27.26,70771
2017-05-22,27.43,28.06,26.95,27.02,122343
2017-05-23,27.02,27.02,24.24,24.48,195479
2017-05-24,24.3,24.38,23.22,23.97,114375
2017-05-25,24.21,24.3,23.39,24.07,95898
2017-05-26,24.13,24.34,23.78,24.13,78308
2017-05-31,24.59,24.72,23.93,23.95,63889
2017-06-01,23.78,24.18,23.5,23.65,59181
2017-06-02,23.65,23.92,23.23,23.8,66205
2017-06-05,23.81,24.07,23.76,23.93,49955
2017-06-06,23.84,24.54,23.79,24.52,90728
2017-06-07,24.6,25.36,24.31,25.19,121030
2017-06-08,25.16,25.27,24.89,24.9,68337
2017-06-09,24.83,26.08,24.73,25.77,144170
2017-06-12,25.55,25.76,24.96,25.0,74238
2017-06-13,24.83,25.4,24.72,25.18,50961
2017-06-14,25.18,25.66,25.08,25.33,74191
2017-06-15,25.33,25.64,25.22,25.47,59640
2017-06-16,25.47,25.64,25.3,25.55,48002
2017-06-19,25.6,25.93,25.39,25.79,52138
2017-06-20,25.75,25.85,25.36,25.84,82495
2017-06-21,25.95,26.01,25.42,25.48,73552
2017-06-22,25.49,25.54,24.48,24.51,88263
2017-06-23,24.51,24.7,24.0,24.45,62624
2017-06-26,24.37,24.93,24.22,24.8,55756
2017-06-27,24.79,25.12,24.79,24.97,59110
2017-06-28,24.96,24.96,24.45,24.5,51787
2017-06-29,24.63,24.96,24.54,24.69,41451
2017-06-30,24.54,24.68,24.37,24.47,40165
2017-07-03,24.48,24.54,24.07,24.19,71959
2017-07-04,24.21,24.38,24.17,24.25,41328
2017-07-05,24.18,24.18,23.55,23.92,111518
2017-07-06,23.82,24.35,23.58,24.25,96509
2017-07-07,24.12,24.2,23.79,23.99,64879
2017-07-10,23.98,24.84,23.98,24.69,123862
2017-07-11,24.71,25.1,24.67,24.7,106868
2017-07-12,24.58,24.69,23.93,24.22,76965
2017-07-13,24.27,24.76,24.01,24.7,72228
2017-07-14,24.55,24.94,24.49,24.7,63597
2017-07-17,24.7,24.71,22.61,23.48,103632
2017-07-18,23.38,23.56,22.87,23.52,60132
2017-07-19,23.38,23.7,23.21,23.66,59178
2017-07-20,23.63,23.87,23.49,23.67,42846
2017-07-21,23.76,24.25,23.37,24.08,85461
2017-07-24,23.92,24.58,23.83,24.46,114010
2017-07-25,24.43,24.43,23.79,23.93,80735
2017-07-26,23.95,24.11,23.82,23.95,58405
2017-07-27,23.9,24.18,23.58,24.15,80095
2017-07-28,24.15,24.15,23.86,23.91,46909
2017-07-31,23.91,24.03,23.48,23.56,71740
2017-08-01,23.57,23.79,23.43,23.59,60166
2017-08-02,23.64,23.67,23.13,23.46,101840
2017-08-03,23.51,23.64,23.33,23.47,46522
2017-08-04,23.43,24.53,23.38,24.14,200862
2017-08-07,24.12,24.12,23.73,23.92,85775
2017-08-08,23.87,24.26,23.83,24.03,86194
2017-08-09,24.01,24.01,23.59,23.72,87577
2017-08-10,23.6,23.94,23.44,23.63,68554
2017-08-11,23.57,23.76,23.28,23.44,73194
2017-08-14,23.58,23.96,23.56,23.85,81200
2017-08-15,24.02,26.18,23.98,25.64,356823
2017-08-16,25.48,25.55,25.01,25.34,167040
2017-08-17,25.56,26.41,25.42,25.76,251219
2017-08-18,25.48,26.33,25.36,26.06,184037
2017-08-21,26.18,26.66,25.77,25.96,163073
2017-08-22,25.98,26.08,25.19,25.3,149918
2017-08-23,25.39,25.64,25.1,25.45,77963
2017-08-24,25.29,25.47,25.04,25.09,73449
2017-08-25,25.09,25.23,24.8,25.15,94194
2017-08-28,25.17,25.51,24.95,25.44,112190
2017-08-29,25.43,25.43,24.96,24.99,87781
2017-08-30,24.98,25.14,24.68,25.02,108673
2017-08-31,25.01,25.01,24.76,24.87,63834
2017-09-01,24.84,25.01,24.84,24.97,69608
2017-09-04,25.08,25.43,24.97,25.33,110082
2017-09-05,25.33,25.35,25.08,25.14,67881
2017-09-06,24.98,25.17,24.74,24.91,93541
2017-09-07,24.88,24.97,24.66,24.67,73874
2017-09-08,24.73,24.81,24.32,24.41,77285
2017-09-11,24.42,25.09,24.38,25.07,105973
2017-09-12,25.14,25.64,24.78,25.36,179394
2017-09-13,25.18,25.25,24.94,25.06,84521
2017-09-14,25.14,25.34,24.85,24.89,73345
2017-09-15,24.78,25.11,24.78,24.9,51479
2017-09-18,24.97,25.05,24.55,24.67,75912
2017-09-19,24.78,24.78,24.38,24.48,53935
2017-09-20,24.45,24.75,24.44,24.67,59139
2017-09-21,24.59,24.65,24.18,24.27,58554
2017-09-22,24.29,24.34,23.88,23.97,61384
2017-09-25,24.07,24.12,23.87,23.88,38436
2017-09-26,23.98,24.06,23.78,24.03,35405
2017-09-27,24.78,25.18,24.29,24.34,83386
2017-09-28,24.18,24.33,24.04,24.07,61725
2017-09-29,24.13,24.44,24.1,24.22,54462
2017-10-09,24.48,24.57,24.26,24.31,48024
2017-10-10,24.35,24.41,24.21,24.37,40957
2017-10-11,24.36,24.82,24.34,24.72,84624
2017-10-12,24.76,25.01,24.48,24.81,97343
2017-10-13,24.84,25.07,24.84,24.96,81286
2017-10-16,25.02,25.13,24.65,24.68,91678
2017-10-17,24.58,24.77,24.5,24.58,43937
2017-10-18,24.66,25.04,24.53,24.84,72496
2017-10-19,24.84,24.85,24.08,24.18,68943
2017-10-20,24.08,24.36,24.04,24.17,58158
2017-10-23,24.27,24.33,24.13,24.28,30104
2017-10-24,24.34,24.52,24.09,24.49,64696
2017-10-25,24.5,24.64,24.38,24.46,41826
2017-10-26,24.51,24.72,24.2,24.7,70803
2017-10-27,24.72,26.14,24.69,25.61,260597
2017-10-30,25.58,26.14,25.29,25.84,197410
2017-10-31,25.86,25.93,25.31,25.64,117633
2017-11-01,25.47,25.94,25.34,25.71,110606
2017-11-02,25.61,25.91,25.43,25.73,110471
2017-11-03,25.72,25.89,25.38,25.85,96248
2017-11-06,25.86,26.47,25.41,25.45,130459
2017-11-07,25.38,25.69,25.38,25.58,81001
2017-11-08,25.59,26.05,25.55,25.86,104150
2017-11-09,25.82,26.63,25.79,26.6,180711
2017-11-10,26.58,27.48,26.28,27.1,196134
2017-11-13,27.18,27.47,26.79,27.17,166949
2017-11-14,27.06,27.97,26.82,27.84,203916
2017-11-15,27.83,27.83,26.85,26.97,128554
2017-11-16,26.85,27.06,26.63,26.77,68020
2017-11-17,26.7,27.07,25.88,27.03,163109
2017-11-20,26.99,26.99,25.85,26.76,80644
2017-11-21,26.76,26.78,25.89,26.26,102128
2017-11-22,26.18,27.27,25.93,27.15,141757
2017-11-23,27.17,27.17,25.35,25.62,116412
2017-11-24,25.37,25.84,25.37,25.49,60754
2017-11-27,25.18,25.39,24.45,24.86,89995
2017-11-28,24.69,25.07,24.57,24.86,40604
2017-11-29,24.77,24.91,24.09,24.44,55387
2017-11-30,24.56,25.13,24.29,24.7,65218
2017-12-01,24.74,24.97,24.51,24.75,51095
2017-12-04,24.8,24.8,24.33,24.53,43857
2017-12-05,24.6,25.3,24.6,25.12,137136
2017-12-06,24.9,25.3,24.88,25.29,54656
2017-12-07,25.23,25.83,25.12,25.42,74231
2017-12-08,25.43,25.74,25.18,25.25,87004
2017-12-11,25.35,25.53,25.21,25.31,73670
2017-12-12,25.22,25.82,25.07,25.4,107722
2017-12-13,25.38,26.23,25.3,26.12,96655
2017-12-14,26.11,26.36,25.67,25.76,70617
2017-12-15,25.77,26.14,25.39,25.62,49023
2017-12-18,25.65,25.84,24.73,25.09,68108
2017-12-19,24.85,25.16,24.77,25.1,58761
2017-12-20,25.06,25.08,24.41,24.81,51553
2017-12-21,24.58,24.94,24.43,24.81,32780
2017-12-22,24.78,24.87,24.46,24.47,26917
2017-12-25,24.43,24.64,23.41,23.78,66735
2017-12-26,23.78,23.98,23.56,23.86,17576
2017-12-27,23.97,24.13,23.74,24.08,38432
2017-12-28,24.08,24.13,23.8,23.93,30410
2017-12-29,23.83,24.28,23.83,23.99,28851
2018-01-02,24.17,24.33,24.02,24.24,37720
2018-01-03,24.28,24.71,24.19,24.49,45435
2018-01-04,24.53,24.62,24.3,24.32,37929
2018-01-05,24.34,24.52,24.17,24.35,36448
2018-01-08,24.33,24.33,23.88,23.98,54123
2018-01-09,24.01,24.28,23.89,23.96,29605
2018-01-10,23.98,24.09,23.52,23.57,47561
2018-01-11,23.53,23.91,23.52,23.82,29497
2018-01-12,23.84,23.88,23.59,23.67,30401
2018-01-15,23.66,23.69,22.7,22.81,52511
2018-01-16,22.78,23.3,22.61,23.23,45247
2018-01-17,23.23,23.3,22.76,23.24,33708
2018-01-18,23.37,23.43,23.16,23.25,23050
2018-01-19,23.23,23.67,23.23,23.28,32363
2018-01-22,23.21,23.43,22.98,23.29,28608
2018-01-23,23.33,23.44,23.14,23.26,25892
2018-01-24,23.19,23.84,23.0,23.77,52289
2018-01-25,23.66,24.43,23.64,23.98,63341
2018-01-26,23.98,24.03,23.68,23.87,31304
2018-01-29,23.88,23.88,23.26,23.39,37855
2018-01-30,23.4,23.47,23.26,23.38,16360
2018-01-31,23.2,23.41,22.95,23.28,31884
2018-02-01,23.19,23.68,22.93,23.64,49760
2018-02-02,23.4,23.4,22.61,23.25,24193
2018-02-05,22.88,23.25,22.78,23.21,40044
2018-02-06,22.84,23.23,22.18,23.21,93753
2018-02-07,23.08,23.38,22.63,23.22,54984
2018-02-08,23.19,23.35,22.74,23.21,32146
2018-02-09,22.8,23.21,22.28,23.19,97735
2018-02-12,23.05,23.63,23.05,23.53,51159
2018-02-13,23.53,23.62,23.15,23.2,42188
2018-02-14,23.18,23.23,22.74,23.21,35956
2018-02-22,23.17,23.28,23.09,23.21,32649
2018-02-23,23.28,23.64,23.22,23.39,37925
2018-02-26,23.41,24.23,23.41,24.11,74298
2018-02-27,24.08,24.56,23.78,24.12,84456
2018-02-28,24.09,25.33,23.84,24.88,117147
2018-03-01,24.68,25.01,24.51,24.78,70780
2018-03-02,24.68,25.18,24.54,24.72,63676
2018-03-05,24.91,25.35,24.59,25.01,84758
2018-03-06,24.86,24.98,24.38,24.41,103127
2018-03-07,24.47,24.57,23.91,23.98,67450
2018-03-08,24.02,24.32,23.83,24.29,46180
2018-03-09,24.26,24.44,24.11,24.31,63528
2018-03-12,24.36,24.53,24.23,24.5,71669
2018-03-13,24.57,24.83,24.08,24.15,80697
2018-03-14,24.18,24.18,23.57,23.59,64912
2018-03-15,23.61,23.76,23.41,23.63,42007
2018-03-16,23.58,23.77,23.23,23.28,47422
2018-03-19,23.28,23.83,23.04,23.56,55502
2018-03-20,23.21,23.51,23.12,23.42,42266
2018-03-21,23.38,23.97,23.33,23.65,58977
2018-03-22,23.7,23.7,23.2,23.46,59844
2018-03-23,22.94,23.48,22.69,23.46,119508
2018-03-26,23.19,23.78,23.0,23.64,70997
2018-03-27,23.78,24.21,23.58,23.91,84781
2018-03-28,23.63,24.11,23.55,23.92,72557
2018-03-29,23.92,24.08,23.42,23.45,71105
2018-03-30,23.51,24.44,23.42,24.16,139215
2018-04-02,24.1,25.12,23.96,24.82,175751
2018-04-03,24.58,24.92,24.12,24.59,120666
2018-04-04,24.63,25.25,24.52,24.76,147679
2018-04-09,24.84,25.34,24.58,25.32,162662
2018-04-10,25.41,25.49,24.41,24.67,107981
2018-04-11,24.65,24.85,24.51,24.72,55844
2018-04-12,24.72,24.72,23.98,24.0,76066
2018-04-13,24.19,24.61,24.08,24.39,74085
2018-04-16,24.56,24.92,24.28,24.86,85153
2018-04-17,24.71,25.19,24.3,24.33,81299
2018-04-18,24.31,24.59,23.49,24.44,62341
2018-04-19,24.31,25.05,24.09,24.95,83605
2018-04-20,24.78,25.11,24.62,24.96,64988
2018-04-23,24.97,25.1,23.98,24.16,80252
2018-04-24,24.16,24.33,23.36,24.07,44557
2018-04-25,24.09,24.17,23.65,23.8,45872
2018-04-26,23.83,23.96,23.06,23.48,65136
2018-04-27,23.44,23.65,23.09,23.58,46374
2018-05-02,23.53,23.54,22.78,23.21,61446
2018-05-03,23.18,23.26,22.91,23.2,35988
2018-05-04,23.17,23.27,22.94,22.99,39859
2018-05-07,23.09,23.42,22.99,23.37,44033
2018-05-08,23.26,23.61,23.26,23.51,38610
2018-05-09,23.51,23.57,23.34,23.47,19828
2018-05-10,23.47,23.56,23.39,23.48,30677
2018-05-11,23.55,23.63,23.12,23.2,38692
2018-05-14,23.47,23.56,23.01,23.08,34639
2018-05-15,23.17,23.28,22.9,23.16,26004
2018-05-16,23.17,23.48,22.96,23.15,47429
2018-05-17,23.05,23.33,22.88,22.98,38691
2018-05-18,23.07,23.17,22.8,23.1,28657
2018-05-21,23.28,23.33,23.12,23.21,35167
2018-05-22,23.21,23.27,23.12,23.22,28106
2018-05-23,23.18,23.41,23.13,23.18,44915
2018-05-24,23.13,23.27,22.36,23.11,98727
2018-05-25,22.93,23.16,22.68,23.14,47311
2018-05-28,23.09,23.11,22.75,23.1,48086
2018-05-29,23.03,23.26,22.93,23.23,29790
2018-05-30,22.95,23.1,22.44,22.97,78048
2018-05-31,22.93,22.93,22.5,22.53,66906
2018-06-01,22.38,22.46,20.6,20.65,82223
2018-06-04,20.63,20.91,18.5,18.51,125440
2018-06-05,18.54,19.29,18.54,18.95,103653
2018-06-06,18.78,19.08,18.5,19.03,55003
2018-06-07,19.17,19.17,18.67,18.68,44018
2018-06-08,18.74,18.86,18.18,18.52,48599
2018-06-11,18.55,18.63,17.98,18.41,33945
2018-06-12,18.21,18.56,18.15,18.27,47174
2018-06-13,18.32,18.37,17.98,18.07,45438
2018-06-14,17.95,18.03,16.19,16.53,112355
2018-06-15,16.52,17.15,16.4,16.73,98811
2018-06-19,16.49,17.03,16.26,17.01,133821
2018-06-20,17.04,17.04,16.2,16.68,68637
2018-06-21,16.39,16.65,16.17,16.19,54083
2018-06-22,16.03,16.39,14.88,16.27,71050
2018-06-25,16.46,16.57,16.2,16.21,75214
2018-06-26,15.97,16.48,15.54,16.44,67573
2018-06-27,16.44,16.64,16.23,16.58,83442
2018-06-28,16.57,16.57,16.3,16.39,72010
2018-06-29,16.38,16.66,16.34,16.63,44299
2018-07-02,16.64,16.92,16.27,16.51,32283
2018-07-03,16.29,16.77,16.29,16.71,43575
2018-07-04,16.66,16.97,16.48,16.59,39933
2018-07-05,16.62,16.89,16.16,16.88,53114
2018-07-06,16.84,16.87,16.44,16.48,46441
2018-07-09,16.68,16.75,16.45,16.7,43293
2018-07-10,16.78,17.65,16.64,17.58,84152
2018-07-11,17.38,17.97,17.01,17.64,81886
2018-07-12,17.59,17.86,17.48,17.69,57095
2018-07-13,17.73,17.77,17.56,17.7,25289
2018-07-16,17.53,17.84,17.53,17.65,23121
2018-07-17,17.58,17.68,17.08,17.42,37600
2018-07-18,17.68,17.68,17.12,17.13,25683
2018-07-19,17.13,17.4,16.98,17.04,21759
2018-07-20,17.18,17.18,16.75,17.07,23921
2018-07-23,17.08,17.65,17.08,17.55,48719
2018-07-24,17.6,17.82,17.48,17.75,43627
2018-07-25,17.96,18.44,17.75,17.87,63662
2018-07-26,17.79,17.87,17.59,17.72,35159
2018-07-27,17.59,17.84,17.41,17.61,25336
2018-07-30,17.59,17.68,17.31,17.5,27762
2018-07-31,17.41,17.6,17.25,17.52,18352
2018-08-01,17.64,17.69,17.2,17.22,26179
2018-08-02,17.19,17.19,16.1,16.25,37963
2018-08-03,16.25,16.45,15.97,15.98,26946
2018-08-06,16.27,16.27,15.51,15.85,29842
2018-08-07,16.09,16.43,15.87,16.15,29521
2018-08-08,16.15,17.57,16.15,17.49,94518
2018-08-09,17.39,17.69,17.19,17.57,68477
2018-08-10,17.51,17.67,17.32,17.44,37896
2018-08-13,17.34,17.63,17.23,17.54,43790
2018-08-14,17.53,17.65,17.39,17.55,37614
2018-08-15,17.55,17.69,17.49,17.6,45727
2018-08-16,17.56,17.56,17.05,17.17,23626
2018-08-17,17.38,17.49,17.07,17.48,34163
2018-08-20,17.51,17.63,17.19,17.52,33327
2018-08-21,17.52,17.77,17.4,17.71,40580
2018-08-22,17.69,17.81,17.54,17.7,26886
2018-08-23,17.77,17.8,17.43,17.46,23743
2018-08-24,17.46,17.54,17.22,17.29,18251
2018-08-27,17.45,17.67,17.35,17.48,24740
2018-08-28,17.49,18.15,17.49,17.86,52112
2018-08-29,17.96,18.05,17.69,17.89,31284
2018-08-30,17.77,17.89,17.4,17.44,26884
2018-08-31,17.38,18.89,17.31,18.39,82273
2018-09-03,18.73,19.26,18.5,18.98,148836
2018-09-04,18.86,19.99,18.59,19.78,145270
2018-09-05,19.47,20.17,19.29,19.82,114814
2018-09-06,19.79,20.69,19.49,20.27,132626
2018-09-07,20.27,20.89,20.04,20.59,88060
2018-09-10,20.3,20.39,19.69,20.16,78761
2018-09-11,20.06,20.55,19.62,20.43,94123
2018-09-12,20.25,20.6,20.09,20.46,61605
2018-09-13,20.51,21.8,20.3,21.69,119917
2018-09-14,21.59,22.54,20.97,21.92,170381
2018-09-17,21.68,22.25,21.46,22.0,60078
2018-09-18,21.95,22.4,21.64,22.13,67834
2018-09-19,21.89,22.97,21.7,22.45,83483
2018-09-20,22.3,22.57,22.27,22.47,46168
2018-09-21,22.39,22.67,22.28,22.49,53503
2018-09-25,22.49,22.68,22.07,22.49,54612
2018-09-26,22.44,22.64,22.29,22.51,48964
2018-09-27,22.48,22.61,22.31,22.59,41788
2018-09-28,22.59,22.64,22.25,22.56,40839
2018-10-08,22.17,22.56,22.07,22.42,55437
2018-10-09,22.27,22.31,20.22,20.23,62676
2018-10-10,20.79,21.76,20.69,21.47,58576
2018-10-11,20.59,21.42,20.04,20.09,45601
2018-10-12,20.39,20.89,19.89,20.62,40225
2018-10-15,20.78,21.35,20.59,20.6,30655
2018-10-16,20.49,21.01,20.27,20.38,22254
2018-10-17,21.17,21.17,18.72,19.89,44006
2018-10-18,19.73,20.24,19.4,19.72,28789
2018-10-19,19.5,20.24,19.4,20.09,24185
2018-10-22,20.47,21.27,20.11,20.86,52410
2018-10-23,20.86,20.97,19.89,20.0,29751
2018-10-24,19.94,21.14,19.93,21.03,43315
2018-10-25,20.63,20.63,19.91,20.31,42852
2018-10-26,20.3,20.82,20.04,20.13,29208
2018-10-29,19.87,20.29,19.67,19.74,19558
2018-10-30,19.85,20.13,19.54,20.0,18987
2018-10-31,20.02,20.29,19.9,20.19,14353
2018-11-01,20.2,21.36,20.13,21.04,40904
2018-11-02,21.36,21.62,21.17,21.49,44488
2018-11-05,21.69,22.35,21.32,22.26,49260
2018-11-06,22.27,22.35,22.06,22.2,27055
2018-11-07,22.2,22.5,21.84,21.95,47919
2018-11-08,22.19,22.77,21.99,22.13,39855
2018-11-09,21.95,22.3,21.69,21.94,27827
2018-11-12,22.09,22.64,21.94,22.29,35860
2018-11-13,21.95,22.38,21.95,22.29,25326
2018-11-14,22.33,22.33,21.51,22.01,29310
2018-11-15,21.87,22.29,21.85,22.18,35512
2018-11-16,22.48,22.49,21.88,21.99,44622
2018-11-19,22.14,22.36,21.95,22.21,41800
2018-11-20,22.21,22.34,21.54,21.72,43962
2018-11-21,21.54,21.88,21.24,21.64,24873
2018-11-22,21.73,21.96,21.39,21.79,21536
2018-11-23,21.77,21.78,20.99,21.34,34444
2018-11-26,21.23,21.39,21.05,21.19,14844
2018-11-27,21.24,21.96,21.21,21.89,25446
2018-11-28,21.89,22.15,21.7,21.84,19230
2018-11-29,21.91,22.19,21.79,21.84,20562
2018-11-30,21.72,22.34,21.69,22.23,25134
2018-12-03,22.35,22.68,22.29,22.54,37876
2018-12-04,22.47,22.51,22.16,22.38,29625
2018-12-05,22.05,22.31,21.84,22.07,26861
2018-12-06,22.07,22.33,21.78,22.01,25713
2018-12-07,21.91,22.29,21.5,21.85,35211
2018-12-10,21.8,22.38,21.59,21.85,35605
2018-12-11,22.07,22.09,21.03,21.64,52324
2018-12-12,21.69,21.78,21.17,21.33,40860
2018-12-13,21.59,21.59,21.23,21.46,36009
2018-12-28,20.55,21.72,19.25,21.66,127291
2019-01-02,21.3,21.95,20.55,21.38,67027
2019-01-03,21.23,21.43,20.83,21.26,29708
2019-01-04,21.04,21.61,21.0,21.39,21507
2019-01-07,21.46,21.88,21.16,21.29,43880
2019-01-08,21.29,21.74,21.28,21.43,34956
2019-01-09,21.65,21.77,21.39,21.39,24306
2019-01-10,21.4,21.57,21.2,21.31,21446
2019-01-11,21.46,21.72,21.38,21.69,20042
2019-01-14,21.55,21.74,21.29,21.32,29663
2019-01-15,21.3,21.46,21.2,21.38,26753
2019-01-16,21.54,21.59,21.21,21.32,25899
2019-01-17,21.38,22.44,21.26,21.68,40889
2019-01-18,21.61,22.07,21.41,21.75,26313
2019-01-21,21.74,22.09,21.64,22.0,21141
2019-01-22,21.83,22.27,21.83,22.17,21459
2019-01-23,22.26,22.35,21.94,22.09,19678
2019-01-24,22.22,22.28,21.83,22.0,22879
2019-01-25,22.15,22.37,22.03,22.17,19868
2019-01-28,22.2,22.49,22.2,22.24,22189
2019-01-29,22.2,22.35,21.81,22.17,19577
2019-01-30,22.29,22.29,21.93,21.99,11983
2019-01-31,22.16,22.16,21.44,21.48,16137
2019-02-01,21.79,21.79,21.24,21.56,15101
2019-02-11,21.57,21.79,21.49,21.62,19217
2019-02-12,21.55,21.83,21.55,21.83,24598
2019-02-13,21.83,22.19,21.74,22.16,28277
2019-02-14,22.15,22.88,22.11,22.86,57354
2019-02-15,22.86,22.86,22.57,22.64,26906
2019-02-18,22.71,24.04,22.58,23.44,55560
2019-02-19,23.45,23.64,23.1,23.27,40362
2019-02-20,23.29,23.55,22.97,23.26,35620
2019-02-21,23.26,23.44,22.64,22.69,41814
2019-02-22,22.62,23.27,22.54,23.02,33920
2019-02-25,23.2,24.62,23.2,24.32,76236
2019-02-26,24.37,24.87,23.89,23.91,60418
2019-02-27,23.93,25.54,23.89,24.95,100020
2019-02-28,25.19,25.4,24.39,24.39,46660
2019-03-01,24.69,24.9,24.1,24.73,39623
2019-03-04,24.88,25.27,24.4,24.94,66136
2019-03-05,24.96,25.08,24.71,24.99,45933
2019-03-06,24.98,25.38,24.67,24.94,54380
2019-03-07,25.04,25.75,24.9,24.94,100009
2019-03-08,24.41,24.69,23.44,23.45,84955
2019-03-11,23.55,24.01,23.27,23.49,113249
2019-03-12,23.73,24.79,23.37,24.5,166909
2019-03-13,24.39,24.59,23.31,23.65,134779
2019-03-14,23.4,23.42,22.7,23.24,71612
2019-03-15,23.37,23.37,22.91,23.15,52669
2019-03-18,23.63,23.78,23.25,23.68,78470
2019-03-19,23.67,23.88,23.42,23.79,65720
2019-03-20,23.78,23.78,23.07,23.31,57537
2019-03-21,23.38,23.79,23.26,23.6,57396
2019-03-22,23.52,23.96,23.21,23.83,60517
2019-03-25,23.84,25.65,23.84,24.89,151931
2019-03-26,24.94,25.1,24.13,24.14,82587
2019-03-27,24.44,24.87,24.26,24.45,72777
2019-03-28,24.49,24.89,24.2,24.44,61481
2019-03-29,25.07,26.19,25.07,25.83,154283
2019-04-01,26.47,28.38,26.05,28.38,196418
2019-04-02,28.38,29.2,27.66,27.96,201045
2019-04-03,27.49,28.21,27.19,27.76,119422
2019-04-04,27.69,28.14,27.3,27.59,118872
2019-04-08,29.38,29.39,26.9,27.21,130927
2019-04-09,27.29,27.67,26.27,26.54,108137
2019-04-10,26.79,26.8,26.09,26.39,74186
2019-04-11,26.53,26.69,26.11,26.12,57434
2019-04-12,25.91,26.34,25.87,26.1,41515
2019-04-15,26.49,26.73,25.7,25.76,62722
2019-04-16,25.49,26.14,25.49,26.11,51905
2019-04-17,26.03,26.87,26.03,26.69,74606
2019-04-18,26.54,27.49,26.11,26.83,118187
2019-04-19,26.39,26.79,26.14,26.56,67268
2019-04-22,26.63,27.51,26.56,26.86,90300
2019-04-23,26.82,26.82,24.69,25.02,95470
2019-04-24,24.94,25.38,24.56,25.08,48768
2019-04-25,24.95,25.04,23.68,23.74,64460
2019-04-26,23.48,23.78,22.87,23.16,54409
2019-04-29,22.99,23.39,22.39,22.39,49953
2019-04-30,22.39,23.44,22.39,23.19,52581
2019-05-06,22.07,22.58,20.87,21.29,73056
2019-05-07,21.39,21.94,21.16,21.43,35626
2019-05-08,21.1,22.02,20.87,21.64,43086
2019-05-09,21.4,21.85,21.36,21.55,35321
2019-05-10,21.84,22.14,21.2,22.04,45776
2019-05-13,22.16,22.17,21.81,21.99,27093
2019-05-14,21.72,22.23,21.69,21.79,27633
2019-05-15,22.07,22.07,21.59,21.81,36668
2019-05-16,21.82,22.13,21.66,21.81,31789
2019-05-17,21.86,21.93,20.77,21.22,57940
2019-05-20,20.99,21.69,20.8,21.42,39827
2019-05-21,21.51,21.77,21.39,21.64,23469
2019-05-22,21.66,21.84,21.39,21.74,28020
2019-05-23,21.77,21.77,21.29,21.47,28795
2019-05-24,21.28,21.55,21.01,21.02,22401
2019-05-27,20.99,21.81,20.95,21.63,26866
2019-05-28,21.79,22.37,21.58,22.08,61622
2019-05-29,21.89,22.18,21.88,22.01,20172
2019-05-30,22.12,22.12,21.57,21.68,18810
2019-05-31,21.84,21.97,21.69,21.69,16640
2019-06-03,21.65,22.04,21.6,21.96,24793
2019-06-04,21.96,21.99,21.23,21.34,29563
2019-06-05,21.52,21.69,21.38,21.41,12046
2019-06-06,21.42,21.58,21.11,21.29,19320
2019-06-10,21.29,21.59,21.26,21.49,12897
2019-06-11,21.59,22.27,21.47,22.15,27924
2019-06-12,22.05,22.21,21.95,22.06,18149
2019-06-13,21.89,22.19,21.89,22.03,18794
2019-06-14,21.99,23.27,21.99,22.21,50132
2019-06-17,22.67,22.67,21.94,22.3,20156
2019-06-18,22.16,22.25,21.79,21.99,17948
2019-06-19,22.32,22.64,22.2,22.38,22988
2019-06-20,22.36,22.97,22.2,22.8,31837
2019-06-21,23.01,23.15,22.81,22.96,28811
2019-06-24,22.96,23.14,22.86,23.07,19083
2019-06-25,22.88,23.09,22.55,22.79,18923
2019-06-26,22.66,23.31,22.55,23.24,23652
2019-06-27,25.62,25.63,23.7,23.77,111336
2019-06-28,23.77,23.92,22.92,23.01,50596
2019-07-01,23.17,23.48,23.08,23.29,44501
2019-07-02,25.59,25.68,24.4,24.65,133832
2019-07-03,24.64,26.54,24.05,25.8,155162
2019-07-04,25.39,26.88,25.07,25.36,177126
2019-07-05,25.22,25.22,24.21,24.41,84083
2019-07-08,24.24,24.57,23.17,23.49,77366
2019-07-09,23.56,24.07,23.21,23.72,44145
2019-07-10,23.57,24.04,23.4,23.75,36307
2019-07-11,23.75,24.08,23.56,23.65,33095
2019-07-12,23.55,23.81,23.27,23.27,24821
2019-07-15,23.38,24.12,23.09,24.0,54127
2019-07-16,23.77,24.05,23.52,23.7,31182
2019-07-17,23.84,24.07,23.67,23.74,25660
2019-07-18,23.49,23.49,23.05,23.05,32265
2019-07-19,23.12,23.44,22.86,23.17,20530
2019-07-22,23.09,23.25,22.45,22.71,33757
2019-07-23,22.73,23.2,22.73,23.0,20682
2019-07-24,23.24,23.52,23.09,23.34,24912
2019-07-25,23.33,23.47,23.12,23.42,16813
2019-07-26,23.23,23.97,23.23,23.77,25474
2019-07-29,23.64,24.08,23.58,24.03,30835
2019-07-30,24.07,24.23,23.8,24.01,30447
2019-07-31,24.08,24.8,23.7,24.7,56095
2019-08-01,24.47,24.65,24.2,24.2,36880
2019-08-02,23.68,24.07,23.43,23.92,32812
2019-08-05,23.79,24.07,23.17,23.17,35465
2019-08-06,22.79,22.79,21.62,22.23,46417
2019-08-07,22.25,22.59,21.72,21.76,26465
2019-08-08,21.95,23.57,21.85,23.41,70025
2019-08-09,23.38,23.39,22.28,22.4,44983
2019-08-12,22.47,22.63,22.08,22.48,23752
2019-08-13,22.22,23.04,22.14,22.79,31954
2019-08-14,22.95,24.35,22.7,24.06,50923
2019-08-15,23.35,25.08,23.1,23.99,73017
2019-08-16,24.17,24.19,23.39,23.57,42354
2019-08-19,23.57,24.08,23.43,23.96,47457
2019-08-20,23.89,24.25,23.72,23.95,43516
2019-08-21,23.87,24.12,23.69,23.75,31577
2019-08-22,23.88,24.34,23.69,23.99,37385
2019-08-23,23.89,24.18,23.72,23.87,25017
2019-08-26,23.25,23.78,23.22,23.32,28395
2019-08-27,23.66,24.16,23.39,23.89,51327
2019-08-28,23.89,24.44,23.69,24.07,47934
2019-08-29,24.07,24.23,23.75,23.77,33447
2019-08-30,24.09,24.56,23.85,24.49,73281
2019-09-02,24.44,25.15,24.44,25.01,87205
2019-09-03,24.83,25.14,24.52,24.83,55559
2019-09-04,24.83,24.83,24.17,24.46,49119
2019-09-05,24.54,24.89,24.4,24.57,58493
2019-09-06,24.57,24.73,24.36,24.56,37007
2019-09-09,24.67,24.91,24.51,24.79,50512
2019-09-10,24.79,25.2,24.28,24.35,80466
2019-09-11,24.41,24.41,23.71,23.74,53907
2019-09-12,23.82,24.07,23.73,24.03,32507
2019-09-16,24.04,24.52,24.01,24.45,48062
2019-09-17,24.19,24.54,23.85,24.06,49575
2019-09-18,23.9,24.05,23.07,23.31,52155
2019-09-19,23.3,23.51,23.19,23.45,23481
2019-09-20,23.39,23.55,23.19,23.45,31254
2019-09-23,23.39,23.67,23.2,23.3,26212
2019-09-24,23.36,23.47,23.06,23.15,22287
2019-09-25,23.11,23.49,22.94,23.02,30844
2019-09-26,22.91,23.18,22.14,22.25,37780
2019-09-27,22.17,22.61,22.17,22.5,23808
2019-09-30,22.5,22.75,22.25,22.25,16476
2019-10-08,22.31,22.65,22.2,22.53,21325
2019-10-09,22.49,22.58,22.3,22.54,10982
2019-10-10,22.53,22.63,22.44,22.55,14481
2019-10-11,22.63,22.63,22.2,22.56,16123
2019-10-14,22.66,22.93,22.61,22.76,23353
2019-10-15,22.82,22.84,22.21,22.23,21653
2019-10-16,22.28,22.37,21.84,21.86,22469
2019-10-17,22.05,22.05,21.25,21.25,34497
2019-10-18,21.39,21.69,21.01,21.09,23373
2019-10-21,21.11,21.24,20.75,21.0,17650
2019-10-22,21.03,21.17,20.77,20.98,20335
2019-10-23,20.98,21.06,20.45,20.58,28637
2019-10-24,20.61,20.81,20.14,20.77,41744
2019-10-25,20.72,20.74,20.21,20.37,32200
2019-10-28,20.58,21.07,20.41,20.66,36243
2019-10-29,20.72,20.72,20.36,20.4,24330
2019-10-30,20.38,20.38,19.85,19.9,23060
2019-10-31,19.9,20.46,19.9,20.35,25727
2019-11-01,20.33,20.6,19.9,20.57,22076
2019-11-04,20.59,20.66,20.29,20.57,18502
2019-11-05,20.59,20.78,20.47,20.65,16645
2019-11-06,20.65,21.14,20.51,20.87,29691
2019-11-07,20.81,20.99,20.68,20.74,17584
2019-11-08,20.99,20.99,20.59,20.6,17817
2019-11-11,20.94,20.94,20.15,20.29,17172
2019-11-12,20.0,20.59,20.0,20.49,13130
2019-11-13,20.69,20.69,20.19,20.29,11431
2019-11-14,20.24,20.39,20.15,20.25,15078
2019-11-15,20.22,20.37,19.95,20.24,13300
2019-11-18,20.15,20.7,20.11,20.63,20324
2019-11-19,20.63,20.76,20.5,20.72,16116
2019-11-20,20.78,20.78,20.54,20.62,13595
2019-11-21,20.62,21.18,20.54,20.79,16913
2019-11-22,20.63,20.97,20.51,20.6,25650
2019-11-25,20.61,20.81,20.57,20.75,14557
2019-11-26,20.75,21.27,20.74,21.24,36181
2019-11-27,21.27,21.27,20.9,21.06,17770
2019-11-28,20.99,21.36,20.99,21.16,19097
2019-11-29,21.29,21.51,21.2,21.36,18796
2019-12-02,21.36,21.49,20.39,20.69,32136
2019-12-03,20.49,20.54,20.12,20.34,27541
2019-12-04,20.33,20.65,20.26,20.56,18865
2019-12-05,20.58,21.02,20.49,21.0,23377
2019-12-06,20.94,21.14,20.85,21.13,21024
2019-12-09,20.39,21.22,20.39,20.92,31541
2019-12-10,20.88,20.88,20.27,20.37,50402
2019-12-11,20.57,20.61,19.86,19.96,63703
2019-12-12,19.98,20.11,19.56,19.64,63213
2019-12-13,19.39,19.67,18.62,18.62,143888
2019-12-16,18.69,19.07,18.5,19.06,76891
2019-12-17,19.08,19.76,18.97,19.58,87480
2019-12-19,20.49,20.49,19.69,19.83,134423
2019-12-20,19.61,19.83,19.28,19.28,63800
2019-12-23,19.28,19.35,18.76,18.76,54502
2019-12-24,18.94,19.27,18.9,19.2,43982
2019-12-25,19.09,19.38,19.09,19.19,36538
2019-12-26,19.17,19.54,19.17,19.52,42399
2019-12-27,19.41,19.77,19.41,19.49,48295
2019-12-30,19.47,19.48,18.98,19.33,37559
2019-12-31,19.33,19.62,19.17,19.39,32934
2020-01-02,19.54,19.66,19.5,19.54,41938
2020-01-03,19.57,19.88,19.49,19.84,57103
2020-01-06,20.07,20.34,19.97,20.09,64495
2020-01-07,20.12,20.17,19.88,20.01,46924
2020-01-08,20.15,21.14,20.04,20.95,118645
2020-01-09,20.64,20.64,20.09,20.36,68508
2020-01-10,20.38,20.38,19.97,20.04,46445
2020-01-13,20.29,20.37,19.99,20.09,38129
2020-01-14,20.14,20.26,20.07,20.12,39650
2020-01-15,19.99,20.05,19.62,19.66,41754
2020-01-16,19.7,19.96,19.68,19.69,25058
2020-01-17,19.72,19.87,19.46,19.53,29981
2020-01-20,19.53,19.69,19.5,19.64,24560
2020-01-21,19.49,19.52,18.86,18.87,60116
2020-01-22,18.87,19.15,18.67,19.07,30205
2020-01-23,18.97,19.34,18.55,18.67,44513
2020-02-03,16.74,16.74,16.74,16.74,14557
2020-02-04,15.01,16.29,15.01,15.69,88039
2020-02-05,15.79,16.27,15.72,16.06,46656
2020-02-06,16.1,16.64,15.85,16.47,48123
2020-02-07,16.39,16.83,16.28,16.49,46329
2020-02-10,16.5,16.86,16.3,16.8,36099
2020-02-11,16.83,17.23,16.7,17.03,37910
2020-02-12,17.07,17.29,17.04,17.2,35921
2020-02-13,17.16,17.28,16.83,16.86,38037
2020-02-14,16.92,16.94,16.72,16.79,28486
2020-02-17,16.89,17.82,16.89,17.79,66534
2020-02-18,17.89,18.37,17.89,18.17,72781
2020-02-19,18.07,18.36,17.8,18.04,58764
2020-02-20,18.07,18.14,17.74,18.12,56329
2020-02-21,18.1,18.35,18.02,18.2,61447
2020-02-24,18.14,18.16,17.8,17.96,60330
2020-02-25,17.68,17.68,17.0,17.54,68218
2020-02-26,17.42,18.65,17.25,17.82,118557
2020-02-27,17.67,17.96,17.22,17.32,90888
2020-02-28,16.8,17.14,16.12,16.17,93496
2020-03-02,16.26,16.95,16.26,16.65,62546
2020-03-03,16.99,17.19,16.7,16.82,66958
2020-03-04,16.79,16.98,16.45,16.82,47353
2020-03-05,17.0,17.25,16.89,17.22,70734
2020-03-06,17.07,17.2,16.92,17.09,41322
2020-03-09,16.85,16.92,16.48,16.49,60996
2020-03-10,16.2,16.66,15.99,16.64,62168
2020-03-11,16.78,17.17,16.67,16.69,64865
2020-03-12,16.49,16.49,16.18,16.29,47620
2020-03-13,15.67,16.24,15.39,16.08,50727
2020-03-16,16.3,16.35,15.54,15.59,40501
2020-03-17,15.74,15.79,15.26,15.56,37185
2020-03-18,15.65,15.84,15.32,15.36,35749
2020-03-19,15.45,15.54,15.13,15.41,34232
2020-03-20,15.54,15.64,15.36,15.59,26713
2020-03-23,15.05,15.35,15.02,15.04,33285
2020-03-24,15.22,15.32,15.02,15.25,31989
2020-03-25,15.56,15.75,15.42,15.66,32559
2020-03-26,15.67,15.67,15.41,15.43,22497
2020-03-27,15.57,15.63,15.41,15.44,23126
2020-03-30,15.36,17.05,15.0,16.67,124685
2020-03-31,16.27,16.84,16.07,16.09,88405
2020-04-01,15.99,16.13,15.66,15.69,45188
2020-04-02,15.61,16.06,15.59,15.99,44180
2020-04-03,16.03,16.1,15.73,15.8,33621
2020-04-07,16.09,16.33,15.92,16.13,54666
2020-04-08,16.12,16.56,16.01,16.47,67656
2020-04-09,16.48,16.59,16.22,16.28,54590
2020-04-10,16.19,16.45,16.1,16.19,41647
2020-04-13,16.14,16.14,15.89,15.9,31451
2020-04-14,15.94,16.05,15.85,15.99,27796
2020-04-15,15.99,16.49,15.93,16.07,50866
2020-04-16,15.97,16.28,15.91,16.15,34818
2020-04-17,16.29,16.41,16.1,16.14,42464
2020-04-20,16.26,16.29,16.07,16.16,26550
2020-04-21,16.09,16.27,15.97,16.12,32998
2020-04-22,16.09,16.61,15.96,16.38,59408
2020-04-23,16.4,17.02,16.27,16.84,101178
2020-04-24,16.79,16.79,16.35,16.58,62010
2020-04-27,16.55,16.63,16.3,16.37,35240
2020-04-28,16.33,16.46,15.21,15.75,48958
2020-04-29,15.39,15.69,15.19,15.48,42284
2020-04-30,15.58,15.9,15.58,15.64,39610
2020-05-06,15.57,15.81,15.48,15.74,37279
2020-05-07,15.74,15.82,15.54,15.6,32348
2020-05-08,15.61,15.92,15.6,15.72,30912
2020-05-11,15.83,16.01,15.72,15.96,43772
2020-05-12,15.92,16.02,15.74,15.87,26906
2020-05-13,15.86,15.86,15.63,15.66,34164
2020-05-14,15.63,15.8,15.48,15.6,30677
2020-05-15,15.64,15.75,15.54,15.55,26022
2020-05-18,15.63,16.04,15.49,15.86,50033
2020-05-19,15.95,15.95,15.69,15.78,35811
2020-05-20,15.82,15.84,15.52,15.55,30880
2020-05-21,15.55,15.63,15.39,15.47,24634
2020-05-22,15.49,15.53,15.09,15.27,23991
2020-05-25,15.28,15.35,15.14,15.17,15664
2020-05-26,15.19,15.36,15.18,15.33,22432
2020-05-27,15.31,15.37,15.19,15.21,15260
2020-05-28,15.24,15.27,15.01,15.07,26836
2020-05-29,15.0,15.15,14.99,15.08,21287
2020-06-01,15.09,15.42,15.09,15.39,29144
2020-06-02,15.43,15.67,15.35,15.5,34942
2020-06-03,15.77,15.82,15.51,15.6,47544
2020-06-04,16.89,16.89,15.74,15.79,85483
2020-06-05,15.8,15.82,15.54,15.56,41218
2020-06-08,15.6,15.75,15.51,15.65,43125
2020-06-09,15.69,15.72,15.51,15.55,31668
2020-06-10,15.51,15.57,15.32,15.36,44871
2020-06-11,15.36,15.43,15.21,15.29,45790
2020-06-12,15.1,15.46,15.04,15.38,84776
2020-06-15,15.39,15.55,15.18,15.49,58071
2020-06-16,15.5,15.61,15.42,15.49,40666
2020-06-17,15.61,15.72,15.5,15.54,51494
2020-06-18,15.49,15.53,15.31,15.33,44595
2020-06-19,15.33,15.4,15.29,15.37,36882
2020-06-22,15.37,15.48,15.31,15.31,38862
2020-06-23,15.31,15.33,15.15,15.15,41344
2020-06-24,15.18,15.23,15.05,15.06,42759
2020-06-29,15.07,15.18,15.0,15.09,32892
2020-06-30,15.13,15.17,15.08,15.09,28903
2020-07-01,15.15,15.17,15.04,15.14,36119
2020-07-02,15.12,15.43,15.11,15.4,55198
2020-07-03,15.47,15.64,15.44,15.62,75423
2020-07-06,15.66,16.46,15.66,16.37,140967
2020-07-07,16.67,16.85,16.09,16.51,142033
2020-07-08,16.43,18.19,16.4,18.16,231053
2020-07-09,18.39,19.28,18.24,18.39,254329
2020-07-10,18.4,18.4,17.58,17.61,162828
2020-07-13,17.57,18.05,17.49,17.83,130456
2020-07-14,17.79,18.67,17.79,18.06,159905
2020-07-15,18.06,18.24,17.35,17.51,100047
2020-07-16,17.5,17.68,16.45,16.64,92813
2020-07-17,16.69,17.34,16.68,16.89,71230
2020-07-20,17.19,18.26,17.07,18.24,150974
2020-07-21,18.39,19.8,17.96,19.39,344723
2020-07-22,19.24,20.62,18.99,19.42,344842
2020-07-23,19.84,20.59,19.19,20.23,328724
2020-07-24,19.99,21.59,19.4,20.37,446727
2020-07-27,19.89,20.18,18.4,19.15,238305
2020-07-28,19.39,19.94,19.15,19.53,177042
2020-07-29,19.22,19.7,19.0,19.44,166743
2020-07-30,19.39,19.62,18.72,18.83,166912
2020-07-31,18.63,19.01,18.44,18.87,121814
2020-08-03,19.07,20.34,18.98,19.87,256627
2020-08-04,19.78,19.78,18.95,19.09,183923
2020-08-05,18.99,19.66,18.94,19.37,168408
2020-08-06,19.39,20.09,19.21,19.64,227536
2020-08-07,19.53,20.63,18.92,20.4,303218
2020-08-10,20.19,21.29,19.69,19.83,267221
2020-08-11,19.62,21.19,19.27,20.59,349597
2020-08-12,20.01,20.34,19.32,19.68,191860
2020-08-13,19.61,20.86,19.48,20.37,215288
2020-08-14,20.39,21.37,20.29,20.85,220969
2020-08-17,21.03,21.22,20.45,20.87,209611
2020-08-18,20.69,21.19,20.57,20.88,142499
2020-08-19,20.81,21.59,20.63,21.01,206398
2020-08-20,20.92,21.3,20.13,20.48,153629
2020-08-21,20.15,20.66,19.98,20.07,106978
2020-08-24,20.04,20.34,19.8,19.99,82677
2020-08-25,20.1,20.16,19.17,19.2,128992
2020-08-26,19.2,19.5,18.84,18.94,82988
2020-08-27,18.86,19.24,18.82,19.19,50104
2020-08-28,19.29,19.79,19.29,19.55,80117
2020-08-31,19.65,19.73,19.29,19.33,78586
2020-09-01,19.56,19.65,19.25,19.4,81139
2020-09-02,19.49,19.59,18.89,19.04,89027
2020-09-03,18.89,19.19,18.84,19.04,55018
2020-09-04,18.76,18.96,18.69,18.89,40365
2020-09-07,19.01,19.14,18.49,18.5,52060
2020-09-08,18.68,18.74,18.26,18.38,48765
2020-09-09,18.32,18.46,17.65,17.84,82977
2020-09-10,17.94,18.15,17.1,17.18,65688
2020-09-11,17.21,17.38,16.99,17.37,46460
2020-09-14,17.37,17.58,17.07,17.27,37536
2020-09-15,17.39,17.57,17.19,17.42,39220
2020-09-16,17.3,17.42,17.11,17.24,30018
2020-09-17,17.28,17.37,16.89,17.19,45375
2020-09-18,17.23,17.57,17.16,17.49,53964
2020-09-21,17.59,18.09,17.45,17.86,61940
2020-09-22,17.77,17.77,17.3,17.34,55277
2020-09-23,17.33,17.48,17.21,17.25,28670
2020-09-24,17.15,17.24,16.74,16.78,41170
2020-09-25,16.95,16.97,16.7,16.85,25033
2020-09-28,16.81,17.05,16.72,16.78,20773
2020-09-29,16.78,17.22,16.78,16.96,37899
2020-09-30,16.96,17.17,16.9,17.12,32508
2020-10-09,17.31,17.46,17.31,17.42,37500
2020-10-12,17.5,17.85,17.41,17.74,58892
2020-10-13,17.66,17.7,17.46,17.5,46905
2020-10-14,17.59,17.75,17.3,17.34,45290
2020-10-15,17.31,17.39,17.19,17.21,26463
2020-10-16,17.15,17.37,17.07,17.17,27928
2020-10-19,17.17,17.34,17.09,17.17,25878
2020-10-20,17.15,17.24,16.96,17.23,25650
2020-10-21,17.31,17.31,16.79,16.86,32308
2020-10-22,16.81,16.85,16.61,16.69,24578
2020-10-23,16.77,17.15,16.73,16.84,37290
2020-10-26,16.84,17.04,16.72,16.87,27800
2020-10-27,16.88,17.36,16.79,17.25,40566
2020-10-28,17.25,17.26,16.91,17.09,27977
2020-10-29,16.88,16.97,16.74,16.91,34391
2020-10-30,16.93,17.13,16.72,16.76,40966
2020-11-02,16.69,16.78,15.75,15.86,72646
2020-11-03,15.95,16.34,15.92,16.21,37427
2020-11-04,16.39,16.44,16.05,16.21,32396
2020-11-05,16.3,16.48,16.13,16.31,38501
2020-11-06,16.36,16.44,16.12,16.2,33537
2020-11-09,16.2,16.53,16.2,16.52,43451
2020-11-10,16.53,16.55,16.22,16.27,44366
2020-11-11,16.26,16.26,16.05,16.08,28607
2020-11-12,16.09,16.19,15.98,15.99,21770
2020-11-13,15.96,16.41,15.87,16.29,44575
2020-11-16,16.31,16.35,16.1,16.31,34253
2020-11-17,16.34,16.34,16.0,16.11,31053
2020-11-18,16.05,16.29,16.05,16.22,26203
2020-11-19,16.22,16.64,16.14,16.54,64846
2020-11-20,16.67,16.93,16.56,16.63,62207
2020-11-23,16.69,16.89,16.67,16.74,56716
2020-11-24,16.79,17.01,16.76,16.8,42867
2020-11-25,17.06,17.06,16.39,16.51,51283
2020-11-26,16.5,17.14,16.48,17.06,81348
2020-11-27,16.99,17.44,16.89,17.18,72187
2020-11-30,17.18,17.48,17.02,17.08,75546
2020-12-01,17.16,17.29,16.98,17.14,54468
2020-12-02,17.11,17.15,16.88,16.94,56111
2020-12-03,16.97,17.04,16.69,16.75,48117
2020-12-04,16.75,16.88,16.63,16.87,32711
2020-12-07,16.89,16.9,16.69,16.7,32083
2020-12-08,16.7,16.84,16.64,16.64,26580
2020-12-09,16.63,17.01,16.29,16.61,81921
2020-12-10,16.4,16.49,16.19,16.31,42950
2020-12-11,16.32,16.32,15.81,15.9,68599
2020-12-14,15.9,16.0,15.6,15.96,38491
2020-12-15,15.95,16.16,15.86,16.1,33898
2020-12-16,16.12,16.17,15.95,15.99,24439
2020-12-17,16.16,16.16,15.75,16.05,27751
2020-12-18,16.01,16.14,15.88,15.9,28717
2020-12-21,15.94,16.16,15.85,16.13,37117
2020-12-22,16.14,16.35,15.99,16.04,43742
2020-12-23,15.94,16.38,15.94,16.37,52584
2020-12-24,16.39,16.98,16.37,16.42,96037
2020-12-25,16.45,16.95,16.36,16.94,82792
2020-12-28,16.9,17.25,16.64,16.87,74704
2020-12-29,16.76,17.03,16.67,16.67,54115
2020-12-30,16.72,17.05,16.44,16.82,64118
2020-12-31,16.66,17.48,16.52,17.31,127131
2021-01-04,17.49,18.32,17.45,18.2,157273
2021-01-05,18.2,18.81,17.89,18.32,138168
2021-01-06,18.17,18.74,18.0,18.46,129225
2021-01-07,18.39,18.79,18.05,18.4,123445
2021-01-08,18.29,18.44,17.71,17.93,100213
2021-01-11,17.91,18.17,17.32,17.53,108485
2021-01-12,17.39,19.34,17.25,19.32,232850
2021-01-13,19.37,19.39,18.77,19.24,169288
2021-01-14,18.96,19.19,18.47,18.47,108045
2021-01-15,18.23,18.39,17.72,18.08,97971
2021-01-18,17.98,18.84,17.94,18.54,94966
2021-01-19,18.49,18.79,17.99,18.12,66549
2021-01-20,18.08,18.81,17.96,18.66,86465
2021-01-21,18.47,18.76,18.4,18.47,73158
2021-01-22,18.39,18.49,17.85,17.99,78897
2021-01-25,18.05,18.2,17.47,17.5,85195
2021-01-26,17.46,18.05,17.25,17.72,78868
2021-01-27,17.74,18.13,17.5,17.6,53862
2021-01-28,17.36,17.99,17.3,17.82,69046
2021-01-29,17.84,17.97,17.37,17.73,53502
2021-02-01,17.69,17.89,17.09,17.14,53130
2021-02-02,17.15,17.16,16.39,16.93,78491
2021-02-03,16.81,17.05,16.54,16.64,39814
2021-02-04,16.39,16.59,15.75,16.1,59161
2021-02-05,16.26,16.44,15.99,16.13,31895
2021-02-08,16.09,16.09,15.77,15.92,33151
2021-02-09,15.96,16.47,15.85,16.34,34907
2021-02-10,16.37,16.46,16.18,16.35,34683
2021-02-18,16.5,16.85,16.5,16.61,34559
2021-02-19,16.68,16.96,16.49,16.84,35309
2021-02-22,16.97,17.09,16.79,16.82,54078
2021-02-23,16.67,17.09,16.67,16.76,51497
2021-02-24,16.85,17.04,16.64,16.86,43675
2021-02-25,16.87,16.96,16.41,16.45,43407
2021-02-26,16.32,16.72,16.27,16.37,36781
2021-03-01,16.33,16.55,16.31,16.52,39715
2021-03-02,16.44,16.62,16.25,16.41,34924
2021-03-03,16.39,16.6,16.32,16.58,31387
2021-03-04,16.57,16.9,16.5,16.69,50395
2021-03-05,16.67,16.83,16.59,16.78,37006
2021-03-08,16.78,16.89,16.39,16.45,37348
2021-03-09,16.47,16.56,15.84,16.07,40187
2021-03-10,16.11,16.24,15.85,15.85,31697
2021-03-11,15.85,15.99,15.78,15.92,43284
2021-03-12,15.89,16.11,15.79,16.07,37479
2021-03-15,16.01,16.15,15.88,16.02,30873
2021-03-16,16.05,16.12,15.93,16.09,23697
2021-03-17,16.12,16.27,15.99,16.14,28432
2021-03-18,16.19,16.23,16.04,16.1,26198
2021-03-19,16.02,16.44,15.95,16.19,39292
2021-03-22,16.18,16.37,16.14,16.26,29548
2021-03-23,16.27,16.3,15.96,16.03,30680
2021-03-24,16.03,16.13,15.89,15.97,22506
2021-03-25,15.99,16.16,15.92,16.0,20881
2021-03-26,16.01,16.14,16.0,16.09,21103
2021-03-29,16.1,16.23,16.04,16.16,26517
2021-03-30,16.16,16.5,16.07,16.24,42344
2021-03-31,16.4,16.49,16.25,16.34,32969
2021-04-01,16.29,16.37,16.12,16.25,26226
2021-04-02,16.24,16.29,16.1,16.24,21087
2021-04-06,16.29,16.93,16.28,16.61,64603
2021-04-07,16.58,16.98,16.54,16.6,45571
2021-04-08,16.67,16.68,16.29,16.29,36015
2021-04-09,16.37,16.51,16.22,16.27,30825
2021-04-12,16.35,16.51,16.15,16.26,30967
2021-04-13,16.24,16.31,15.9,16.0,25126
2021-04-14,15.97,16.11,15.91,16.04,16969
2021-04-15,16.0,16.17,15.96,16.11,21443
2021-04-16,16.08,16.42,16.02,16.33,23664
2021-04-19,16.29,16.58,16.29,16.5,33693
2021-04-20,16.5,16.55,16.37,16.39,29408
2021-04-21,16.39,16.43,16.23,16.28,18889
2021-04-22,16.38,16.55,16.23,16.31,21381
2021-04-23,16.27,16.3,16.04,16.19,20941
2021-04-26,16.24,16.52,16.22,16.28,32777
2021-04-27,16.28,16.36,15.99,16.12,20855
2021-04-28,16.14,16.16,15.98,16.13,14121
2021-04-29,16.14,16.28,16.09,16.28,18031
2021-04-30,16.17,16.43,16.11,16.22,33204
2021-05-06,16.31,16.75,16.31,16.48,50248
2021-05-07,16.47,16.54,16.31,16.36,33316
2021-05-10,16.31,16.31,15.91,16.07,38034
2021-05-11,16.07,16.11,15.77,15.81,52687
2021-05-12,15.78,15.91,15.66,15.88,34286
2021-05-13,15.75,16.22,15.7,16.0,32850
2021-05-14,16.03,16.14,15.85,16.11,34428
2021-05-17,16.14,16.34,16.12,16.2,36697
2021-05-18,16.24,16.43,16.11,16.29,34604
2021-05-19,16.3,16.37,16.05,16.07,36308
2021-05-20,16.07,16.25,16.04,16.07,23934
2021-05-21,16.09,16.14,15.9,15.92,24670
2021-05-24,15.89,16.22,15.88,16.19,26427
2021-05-25,16.15,16.35,16.04,16.32,43750
2021-05-26,16.39,16.53,16.26,16.3,36846
2021-05-27,16.31,16.4,16.21,16.34,27833
2021-05-28,16.32,16.59,16.31,16.37,44360
2021-05-31,16.43,16.54,16.32,16.51,43005
2021-06-01,16.49,16.94,16.45,16.65,62328
2021-06-02,16.59,16.82,16.3,16.37,48438
2021-06-03,16.35,16.73,16.35,16.53,42378
2021-06-04,16.57,16.97,16.52,16.96,64043
2021-06-07,17.37,17.37,16.8,17.05,70300
2021-06-08,17.03,17.16,16.77,17.14,54713
2021-06-09,17.14,17.62,17.09,17.2,73436
2021-06-10,17.27,17.3,16.99,17.15,58217
2021-06-11,17.18,17.18,16.7,16.86,69065
2021-06-15,16.79,16.97,16.58,16.8,46021
2021-06-16,16.83,16.98,16.56,16.58,38491
2021-06-17,16.54,16.73,16.43,16.55,40370
2021-06-18,16.51,16.83,16.49,16.69,46464
2021-06-21,16.69,16.88,16.61,16.86,46869
2021-06-22,16.79,17.0,16.74,17.0,48407
2021-06-23,16.99,17.05,16.78,16.91,33099
2021-06-24,16.99,17.35,16.86,16.88,57111
2021-06-25,16.9,17.03,16.71,16.82,41390
2021-06-28,16.89,17.3,16.89,16.91,39830
2021-06-29,16.91,17.14,16.59,16.6,42744
2021-06-30,16.62,16.81,16.59,16.81,31546
2021-07-01,16.96,16.97,16.34,16.34,43631
2021-07-02,16.41,16.79,16.3,16.34,40670
2021-07-05,16.34,16.49,16.08,16.27,37380
2021-07-06,16.32,16.39,16.14,16.35,26670
2021-07-07,16.28,16.44,16.27,16.29,25229
2021-07-08,16.39,16.54,16.29,16.41,47768
2021-07-09,16.42,16.48,16.23,16.29,34053
2021-07-12,16.37,16.65,16.29,16.54,46785
2021-07-13,16.59,16.66,16.4,16.51,34884
2021-07-14,16.58,16.64,16.25,16.32,40680
2021-07-15,16.25,16.35,16.04,16.17,26807
2021-07-16,16.17,16.45,16.06,16.28,44139
2021-07-19,16.28,16.37,15.98,16.06,46809
2021-07-20,16.04,16.15,15.97,16.1,30114
2021-07-21,16.09,16.16,15.95,16.03,47590
2021-07-22,16.0,16.18,16.0,16.05,37672
2021-07-23,16.09,16.1,15.78,15.94,59970
2021-07-26,15.95,16.37,15.87,15.96,71904
2021-07-27,15.97,16.1,15.79,15.83,64472
2021-07-28,15.86,15.86,15.16,15.27,53792
2021-07-29,15.32,15.54,15.21,15.46,45981
2021-07-30,15.46,15.61,15.3,15.55,35660
2021-08-02,15.53,16.27,15.43,16.21,81379
2021-08-03,16.23,16.65,16.09,16.32,74044
2021-08-04,16.32,16.47,16.17,16.26,56344
2021-08-05,16.26,17.02,16.19,16.74,138541
2021-08-06,16.9,16.95,16.47,16.75,112527
2021-08-09,16.75,16.95,16.51,16.71,77757
2021-08-10,16.71,16.99,16.6,16.84,117418
2021-08-11,16.88,17.01,16.62,16.9,108790
2021-08-12,17.03,17.32,16.8,17.1,133054
2021-08-13,17.06,17.61,17.04,17.33,141340
2021-08-16,17.33,17.46,17.02,17.06,94289
2021-08-17,17.04,17.41,16.6,16.7,106306
2021-08-18,16.79,18.21,16.64,17.92,207051
2021-08-19,17.67,18.65,17.6,18.07,219965
2021-08-20,17.78,18.33,17.55,17.88,133269
2021-08-23,17.96,18.39,17.84,18.15,144502
2021-08-24,17.94,18.14,17.52,18.02,145504
2021-08-25,18.01,18.91,17.72,18.66,191452
2021-08-26,18.6,18.94,18.34,18.65,170366
2021-08-27,18.35,18.55,17.95,18.33,150529
2021-08-30,18.34,18.61,18.06,18.09,131919
2021-08-31,18.02,18.87,17.79,18.68,153314
2021-09-01,18.56,19.36,18.51,18.68,188459
2021-09-02,18.56,18.96,18.36,18.75,119537
2021-09-03,18.68,19.29,18.2,18.43,139566
2021-09-06,18.26,18.54,18.03,18.31,102334
2021-09-07,18.33,18.95,18.26,18.81,119053
2021-09-08,18.79,19.09,18.53,18.62,120305
2021-09-09,18.62,20.11,18.31,19.91,262572
2021-09-10,20.03,20.04,19.22,19.36,167897
2021-09-13,19.35,20.64,18.96,20.36,166786
2021-09-14,20.34,21.01,19.8,19.96,167950
2021-09-15,20.26,20.5,19.54,20.08,115204
2021-09-16,19.96,20.57,19.75,19.75,99749
2021-09-17,19.69,20.3,19.14,19.56,115478
2021-09-22,19.01,20.33,19.01,19.96,112336
2021-09-23,19.99,20.96,19.78,20.64,158042
2021-09-24,20.52,20.73,19.93,20.07,108371
2021-09-27,20.07,20.12,18.31,18.42,129567
2021-09-28,18.29,18.74,18.15,18.16,69803
2021-09-29,18.1,18.1,17.33,17.52,100380
2021-09-30,17.52,17.81,17.49,17.67,49494
2021-10-08,17.84,18.29,17.71,17.78,68035
2021-10-11,17.91,18.25,17.66,17.85,48117
2021-10-12,17.76,17.9,17.16,17.29,66036
2021-10-13,17.29,17.41,16.81,17.19,76592
2021-10-14,17.18,17.35,17.07,17.25,43904
2021-10-15,17.26,17.35,16.89,16.97,51322
2021-10-18,17.07,17.49,16.94,17.34,65330
2021-10-19,17.42,17.46,17.14,17.3,49313
2021-10-20,17.28,17.34,17.06,17.16,50050
2021-10-21,17.14,17.32,16.99,17.13,47030
2021-10-22,17.11,17.4,17.06,17.11,44664
2021-10-25,16.96,17.26,16.88,17.25,46156
2021-10-26,17.34,17.35,17.07,17.2,44243
2021-10-27,17.36,17.45,16.83,16.87,44982
2021-10-28,16.94,17.13,16.44,16.44,60318
2021-10-29,16.01,16.55,15.9,16.46,71884
2021-11-01,16.44,16.63,16.32,16.48,49936
2021-11-02,16.61,17.61,16.51,17.6,127635
2021-11-03,17.27,17.32,16.87,16.96,81694
2021-11-04,16.82,17.62,16.81,17.49,85939
2021-11-05,17.48,17.59,17.18,17.26,57386
2021-11-08,17.31,17.48,16.99,17.17,40876
2021-11-09,17.17,17.47,17.09,17.3,61116
2021-11-10,17.22,17.52,17.14,17.3,53370
2021-11-11,17.26,17.35,17.13,17.2,53280
2021-11-12,17.15,17.51,17.1,17.43,74111
2021-11-15,17.44,18.43,17.37,17.89,125796
2021-11-16,17.89,17.95,17.27,17.35,75322
2021-11-17,17.29,17.6,17.24,17.53,59014
2021-11-18,17.54,17.83,17.41,17.71,65934
2021-11-19,17.71,17.89,17.47,17.85,61212
2021-11-22,18.01,18.03,17.76,17.84,56794
2021-11-23,17.81,18.26,17.77,18.09,68216
2021-11-24,18.06,18.16,17.66,17.82,69549
2021-11-25,17.73,17.86,17.49,17.64,52527
2021-11-26,17.59,17.76,17.01,17.01,103921
2021-11-29,16.55,17.04,16.46,16.95,68451
2021-11-30,16.94,17.75,16.94,17.34,104157
2021-12-01,17.35,17.55,17.14,17.28,60193
2021-12-02,17.28,17.8,17.27,17.74,98843
2021-12-03,17.73,18.01,17.64,17.77,74282
2021-12-06,17.74,18.24,17.62,17.91,86087
2021-12-07,17.91,18.34,17.58,18.19,112275
2021-12-08,18.16,18.88,18.02,18.76,157777
2021-12-09,18.96,19.31,18.58,19.1,171840
2021-12-10,18.92,19.11,18.59,18.88,163058
2021-12-13,18.86,19.22,18.74,18.83,96057
2021-12-14,18.89,19.09,18.81,18.83,82692
2021-12-15,18.84,19.0,18.56,18.67,91269
2021-12-16,18.68,18.96,18.57,18.72,67980
2021-12-17,18.74,19.03,18.62,18.87,84475
2021-12-20,18.86,19.12,18.53,18.65,73976
2021-12-21,18.58,18.78,18.29,18.64,77099
2021-12-22,18.64,18.75,18.38,18.6,60098
2021-12-23,18.66,18.93,18.55,18.61,54147
2021-12-24,18.62,18.87,18.45,18.66,57933
2021-12-27,18.64,18.83,18.46,18.75,62053
2021-12-28,18.83,19.42,18.74,19.09,103272
2021-12-29,19.94,20.96,19.46,19.69,203900
2021-12-30,19.65,19.75,19.23,19.45,131494
2021-12-31,19.46,19.55,19.11,19.16,87864
2022-01-04,19.08,19.43,19.03,19.39,90125
2022-01-05,19.27,19.4,18.92,18.97,89166
2022-01-06,18.85,18.91,18.5,18.77,73867
2022-01-07,18.74,19.06,18.62,18.83,60935
2022-01-10,18.69,18.86,18.65,18.85,44934
2022-01-11,18.81,18.94,18.57,18.71,48437
2022-01-12,18.9,19.0,18.69,18.86,60381
2022-01-13,19.04,19.12,18.51,18.51,68956
2022-01-14,18.41,18.61,18.06,18.12,61235
2022-01-17,18.06,18.43,18.06,18.29,47158
2022-01-18,18.25,18.28,17.8,17.91,65426
2022-01-19,17.86,18.08,17.74,17.91,41793
2022-01-20,17.98,18.01,17.6,17.88,46439
2022-01-21,17.88,17.9,17.64,17.69,42327
2022-01-24,17.58,18.05,17.54,17.81,51427
2022-01-25,17.89,18.01,17.16,17.2,59691
2022-01-26,17.2,17.29,16.91,16.95,49214
2022-01-27,16.87,17.59,16.39,16.97,76825
2022-01-28,17.46,17.46,16.71,16.86,43447
2022-02-07,17.06,17.21,16.91,17.02,32661
2022-02-08,17.06,17.33,16.99,17.31,42276
2022-02-09,17.27,17.55,17.26,17.4,38608
2022-02-10,17.41,17.46,17.23,17.29,33862
2022-02-11,17.2,17.4,17.2,17.38,35597
2022-02-14,17.42,17.83,17.24,17.58,57046
2022-02-15,17.61,17.61,17.25,17.41,35279
2022-02-16,17.41,17.43,17.05,17.12,50318
2022-02-17,17.11,17.19,16.89,16.97,46438
2022-02-18,16.94,17.25,16.88,17.25,38836
2022-02-21,17.25,17.41,17.14,17.36,40780
2022-02-22,17.43,17.5,17.07,17.16,45003
2022-02-23,17.16,17.43,17.08,17.35,48199
2022-02-24,17.32,17.93,17.09,17.55,120166
2022-02-25,17.41,17.61,17.29,17.33,64272
2022-02-28,17.39,17.64,17.22,17.54,61995
2022-03-01,17.61,17.68,17.46,17.62,50193
2022-03-02,17.56,17.62,17.38,17.47,42875
2022-03-03,17.57,17.58,17.38,17.41,37447
2022-03-04,17.35,17.45,17.14,17.22,40595
2022-03-07,17.22,17.32,16.78,16.8,43378
2022-03-08,16.74,16.94,16.56,16.56,56316
2022-03-09,16.66,16.79,15.64,16.06,84493
2022-03-10,16.27,16.37,16.01,16.08,47946
2022-03-11,16.02,16.24,15.61,16.2,40755
2022-03-14,16.1,16.56,16.06,16.07,43986
2022-03-15,16.16,16.24,15.26,15.29,53869
2022-03-16,15.46,16.02,15.22,15.96,66937
2022-03-17,16.17,16.2,15.97,15.99,36705
2022-03-18,15.99,16.26,15.84,16.17,36949
2022-03-21,16.06,16.22,15.95,16.17,32235
2022-03-22,16.14,16.24,15.97,16.12,26158
2022-03-23,16.2,16.35,16.14,16.18,31902
2022-03-24,16.23,16.23,15.87,15.93,23974
2022-03-25,15.92,16.12,15.76,15.8,26649
2022-03-28,15.64,15.79,15.42,15.74,34364
2022-03-29,15.74,15.9,15.53,15.66,23946
2022-03-30,15.66,15.93,15.66,15.88,27689
2022-03-31,15.94,15.94,15.8,15.82,19346
2022-04-01,15.8,15.88,15.7,15.85,23792
2022-04-06,15.85,15.85,15.71,15.82,30385
2022-04-07,15.82,16.04,15.35,15.35,52841
2022-04-08,15.37,15.41,14.81,14.9,69828
2022-04-11,14.85,14.89,14.32,14.4,50728
2022-04-12,14.46,15.5,14.31,15.35,86126
2022-04-13,15.26,15.41,15.11,15.15,41204
2022-04-14,15.16,15.29,14.96,15.15,26576
2022-04-15,15.24,15.49,15.02,15.31,41130
2022-04-18,15.22,15.33,14.98,15.3,31184
2022-04-19,15.26,15.3,15.04,15.08,25431
2022-04-20,15.09,15.16,14.77,14.79,23913
2022-04-21,14.81,14.94,14.35,14.4,40990
2022-04-22,14.41,14.5,13.97,14.31,39454
2022-04-25,14.16,14.21,13.24,13.28,53611
2022-04-26,13.28,13.48,12.76,12.77,51292
2022-04-27,12.76,13.4,12.56,13.34,44382
2022-04-28,13.24,13.46,13.14,13.34,32345
2022-04-29,13.42,13.94,13.27,13.77,39099
2022-05-05,13.98,14.17,13.74,13.89,40790
2022-05-06,13.74,14.11,13.63,13.86,36879
2022-05-09,13.92,14.12,13.78,13.87,22429
2022-05-10,13.72,14.08,13.66,13.98,28417
2022-05-11,14.1,14.32,13.96,14.07,46826
2022-05-12,13.9,14.2,13.9,14.09,23369
2022-05-13,14.12,14.21,13.97,14.12,22265
2022-05-16,14.15,14.34,14.06,14.16,29886
2022-05-17,14.1,14.27,13.97,14.26,21151
2022-05-18,14.25,14.43,14.15,14.29,27986
2022-05-19,14.12,14.49,14.12,14.46,38879
2022-05-20,14.46,14.74,14.33,14.54,40627
2022-05-23,14.53,14.63,14.38,14.6,28209
2022-05-24,14.56,14.84,14.22,14.24,53106
2022-05-25,14.28,14.47,14.11,14.43,32588
2022-05-26,14.46,14.79,14.28,14.72,41355
2022-05-27,14.74,14.86,14.55,14.65,34466
2022-05-30,14.71,15.13,14.71,15.1,61210
2022-05-31,15.04,15.43,14.9,15.36,55024
2022-06-01,15.32,15.75,15.28,15.69,66879
2022-06-02,15.79,15.79,15.55,15.72,44052
2022-06-06,15.61,15.95,15.48,15.87,49050
2022-06-07,15.91,15.91,15.51,15.64,41720
2022-06-08,15.64,15.81,15.41,15.61,43227
2022-06-09,15.65,15.65,15.26,15.39,41211
2022-06-10,15.37,15.82,15.26,15.56,78329
2022-06-13,15.57,15.88,15.46,15.62,57560
2022-06-14,15.56,15.76,15.17,15.71,37672
2022-06-15,15.68,16.17,15.65,15.66,60826
2022-06-16,15.67,15.94,15.66,15.71,39247
2022-06-17,15.61,16.22,15.49,15.83,57334
2022-06-20,15.71,15.8,15.46,15.49,50484
2022-06-21,15.54,15.54,15.13,15.31,41045
2022-06-22,15.31,15.44,15.03,15.03,35778
2022-06-23,15.07,15.55,15.07,15.46,56459
2022-06-24,15.48,15.81,15.47,15.59,67216
2022-06-27,15.73,15.78,15.49,15.52,50916
2022-06-28,15.49,15.7,15.44,15.7,35543
2022-06-29,15.65,15.71,15.19,15.2,47880
2022-06-30,15.3,15.5,15.16,15.17,52103
2022-07-01,15.19,15.3,15.04,15.06,28465
2022-07-04,15.12,15.34,14.85,15.22,40501
2022-07-05,15.2,15.32,15.11,15.28,48707
2022-07-06,15.25,15.32,14.95,15.06,29841
2022-07-07,14.97,15.22,14.96,14.97,35047
2022-07-08,14.99,15.08,14.89,14.92,26893
2022-07-11,14.94,14.95,14.64,14.81,26889
2022-07-12,14.81,14.93,14.63,14.64,25188
2022-07-13,14.63,14.9,14.63,14.8,24194
2022-07-14,14.89,15.34,14.74,15.27,57158
2022-07-15,15.26,15.41,15.07,15.08,40059
2022-07-18,14.84,15.51,14.83,15.51,44669
2022-07-19,15.53,15.83,15.41,15.67,47245
2022-07-20,15.65,16.4,15.57,16.17,101948
2022-07-21,16.06,16.11,15.73,15.8,61140
2022-07-22,15.81,16.05,15.66,15.87,48256
2022-07-25,16.01,16.1,15.81,15.86,49895
2022-07-26,15.86,15.88,15.63,15.81,29603
2022-07-27,15.79,16.19,15.74,16.02,42278
2022-07-28,16.04,16.12,15.94,16.07,37629
2022-07-29,16.07,16.08,15.73,15.8,36160
2022-08-01,15.81,16.03,15.73,15.99,36368
2022-08-02,16.27,16.61,15.84,16.21,127853
2022-08-03,16.04,16.6,15.72,16.13,129934
2022-08-04,16.14,16.31,15.59,15.67,94726
2022-08-05,15.68,15.94,15.4,15.73,59002
2022-08-08,15.74,15.76,15.49,15.65,44636
2022-08-09,15.67,15.77,15.5,15.59,38136
2022-08-10,15.62,15.78,15.51,15.65,39299
2022-08-11,15.68,16.21,15.67,16.13,67823
2022-08-12,16.06,16.18,15.74,15.78,49909
2022-08-15,15.78,15.97,15.64,15.66,43229
2022-08-16,15.66,15.83,15.61,15.66,32668
2022-08-17,15.65,16.16,15.62,16.11,68408
2022-08-18,16.05,16.32,15.97,16.1,46398
2022-08-19,16.14,16.16,15.78,15.78,35678
2022-08-22,15.76,15.95,15.58,15.87,40112
2022-08-23,15.85,15.86,15.68,15.82,28782
2022-08-24,17.46,17.46,16.38,17.46,317733
2022-08-25,17.46,19.05,17.01,17.93,365722
2022-08-26,17.92,18.26,17.05,17.25,254655
2022-08-29,16.75,17.27,16.58,17.04,155499
2022-08-30,16.91,16.93,16.3,16.51,140363
2022-08-31,16.45,16.51,15.47,15.48,144731
2022-09-01,15.75,15.75,15.29,15.31,66292
2022-09-02,15.33,16.0,15.26,15.78,80359
2022-09-05,15.83,16.23,15.72,15.99,76877
2022-09-06,16.0,16.29,15.9,16.18,61019
2022-09-07,16.14,16.35,15.94,16.23,64064
2022-09-08,16.32,16.53,16.16,16.47,63176
2022-09-09,16.35,16.63,16.27,16.33,55228
2022-09-13,16.36,16.45,16.05,16.2,56725
2022-09-14,15.99,16.23,15.96,16.01,37538
2022-09-15,16.12,16.17,15.48,15.62,62229
2022-09-16,15.59,15.76,15.26,15.26,49695
2022-09-19,15.26,15.33,14.85,14.9,39040
2022-09-20,15.04,15.25,14.93,14.98,34839
2022-09-21,14.94,15.11,14.72,15.05,32651
2022-09-22,14.88,15.57,14.88,15.47,53446
2022-09-23,15.39,15.74,15.16,15.5,51885
2022-09-26,15.46,15.47,14.96,14.97,44307
2022-09-27,15.11,15.24,14.89,15.1,38486
2022-09-28,15.14,15.28,14.73,14.74,42107
2022-09-29,14.9,15.03,14.51,14.63,34576
2022-09-30,14.63,14.76,14.4,14.43,31124
2022-10-10,14.54,14.63,14.19,14.4,31555
2022-10-11,14.28,14.6,14.18,14.5,30272
2022-10-12,14.46,14.99,14.31,14.97,31770
2022-10-13,14.93,15.1,14.85,14.87,30068
2022-10-14,14.99,15.23,14.96,15.15,27886
2022-10-17,15.16,15.49,15.12,15.45,31923
2022-10-18,15.46,15.48,15.19,15.22,37714
2022-10-19,15.15,15.46,15.08,15.23,38069
2022-10-20,15.06,15.27,14.92,15.08,32022
2022-10-21,15.06,15.43,15.02,15.39,39725
2022-10-24,15.39,15.7,15.27,15.4,54845
2022-10-25,15.29,15.67,15.21,15.58,51749
2022-10-26,15.58,15.85,15.48,15.7,45585
2022-10-27,15.72,15.86,15.6,15.71,33210
2022-10-28,15.65,15.81,15.08,15.22,43903
2022-10-31,14.94,15.77,14.78,15.67,63082
2022-11-01,15.55,16.05,15.5,15.97,60694
2022-11-02,15.97,16.11,15.86,15.88,35374
2022-11-03,15.71,16.27,15.68,16.12,43922
2022-11-04,16.12,16.3,16.05,16.27,46397
2022-11-07,16.17,16.34,16.0,16.17,43073
2022-11-08,16.13,16.23,15.97,16.16,28682
2022-11-09,16.33,16.33,15.86,15.86,32672
2022-11-10,15.77,16.01,15.75,15.86,35442
2022-11-11,16.05,16.3,15.95,16.09,62723
2022-11-14,15.97,16.13,15.76,15.84,28809
2022-11-15,15.83,15.99,15.79,15.95,31353
2022-11-16,15.95,16.13,15.92,15.99,35038
2022-11-17,15.9,15.97,15.7,15.96,35025
2022-11-18,16.0,16.03,15.89,15.97,32563
2022-11-21,15.86,16.1,15.76,15.92,37990
2022-11-22,15.87,16.84,15.85,16.43,118402
2022-11-23,16.4,16.85,16.2,16.45,106429
2022-11-24,16.46,16.5,16.13,16.15,54800
2022-11-25,16.17,16.34,16.06,16.25,35367
2022-11-28,16.02,16.11,15.76,16.01,45937
2022-11-29,16.03,16.2,15.96,16.04,44985
2022-11-30,16.02,16.11,15.76,15.82,43195
2022-12-01,15.92,16.03,15.9,15.97,34924
2022-12-02,15.94,16.01,15.81,15.85,27500
2022-12-05,15.84,16.47,15.84,16.35,88484
2022-12-06,16.28,16.36,16.16,16.3,45611
2022-12-07,16.31,16.49,16.05,16.14,46950
2022-12-08,16.05,16.13,15.79,15.84,45040
2022-12-09,15.83,15.89,15.25,15.29,86655
2022-12-12,15.25,15.29,15.06,15.26,43910
2022-12-13,15.26,15.45,15.18,15.4,34438
2022-12-14,15.35,15.48,15.31,15.33,25508
2022-12-15,15.3,15.39,15.13,15.18,25826
2022-12-16,15.15,15.25,15.04,15.23,22703
2022-12-19,15.23,15.39,14.78,14.89,34165
2022-12-20,14.97,15.11,14.82,15.06,25996
2022-12-21,15.03,15.13,14.98,15.11,19384
2022-12-22,15.06,15.14,14.86,14.93,17737
2022-12-23,14.83,15.07,14.83,14.88,19736
2022-12-26,14.89,15.19,14.88,14.98,23401
2022-12-27,15.15,15.16,15.02,15.06,18143
2022-12-28,15.1,15.14,14.87,14.9,24617
2022-12-29,14.86,15.03,14.83,14.86,15253
2022-12-30,14.78,14.94,14.78,14.84,16246
2023-01-03,14.86,15.04,14.86,15.0,27296
2023-01-04,14.97,15.06,14.96,14.99,28966
2023-01-05,15.0,15.19,14.99,15.12,30132
2023-01-06,15.11,15.2,15.0,15.02,28493
2023-01-09,14.98,15.16,14.98,15.08,28073
2023-01-10,15.08,15.09,14.86,14.9,24305
2023-01-11,14.93,14.96,14.73,14.76,35726
2023-01-12,14.84,14.86,14.51,14.59,47624
2023-01-13,14.55,14.76,14.55,14.7,21451
2023-01-16,14.74,14.99,14.72,14.86,42844
2023-01-17,14.82,15.02,14.82,14.98,26315
2023-01-18,15.03,15.13,14.89,15.08,23990
2023-01-19,15.03,15.13,15.0,15.13,19619
2023-01-20,15.13,15.25,15.11,15.17,24567
2023-01-30,15.39,15.48,15.24,15.24,47759
2023-01-31,15.22,15.55,15.2,15.43,46439
2023-02-01,15.43,15.7,15.43,15.63,45166
2023-02-02,15.71,15.71,15.46,15.48,30833
2023-02-03,15.45,15.59,15.26,15.53,36589
2023-02-06,15.45,15.85,15.38,15.66,37357
2023-02-07,15.71,15.76,15.55,15.62,29322
2023-02-08,15.61,15.7,15.43,15.46,24941
2023-02-09,15.45,15.96,15.36,15.87,80141
2023-02-10,15.87,15.87,15.62,15.73,46171
2023-02-13,15.79,16.12,15.79,15.9,61371
2023-02-14,15.91,16.0,15.8,15.85,33902
2023-02-15,15.87,15.97,15.73,15.9,42955
2023-02-16,15.99,16.06,15.5,15.68,58968
2023-02-17,15.75,15.83,15.59,15.68,32439
2023-02-20,15.68,15.92,15.57,15.83,43733
2023-02-21,15.9,15.99,15.7,15.8,50346
2023-02-22,15.79,15.89,15.75,15.82,26362
2023-02-23,15.87,15.87,15.79,15.86,36481
2023-02-24,15.86,16.2,15.86,15.96,69435
2023-02-27,15.85,16.04,15.57,15.64,84810
2023-02-28,15.69,15.89,15.65,15.87,45903
2023-03-01,15.87,15.94,15.8,15.86,62030
2023-03-02,15.92,16.5,15.87,16.26,138355
2023-03-03,16.27,16.94,16.16,16.76,185995
2023-03-06,16.97,17.07,16.55,16.63,191316
2023-03-07,16.76,17.01,16.46,16.51,142635
2023-03-08,16.48,16.7,16.25,16.66,80278
2023-03-09,16.65,16.74,16.29,16.43,72313
2023-03-10,16.46,16.46,16.1,16.1,59017
2023-03-13,16.13,16.28,15.96,16.05,64526
2023-03-14,16.01,16.27,15.76,16.12,80952
2023-03-15,16.14,16.41,16.11,16.39,68651
2023-03-16,16.36,16.36,15.75,15.8,65204
2023-03-17,15.9,16.11,15.88,16.01,53352
2023-03-20,16.01,16.32,15.99,16.09,56907
2023-03-21,16.34,16.68,16.29,16.4,87524
2023-03-22,16.35,16.56,16.26,16.5,73048
2023-03-23,16.51,16.72,16.38,16.64,61284
2023-03-24,16.64,16.74,16.35,16.64,65112
2023-03-27,16.58,17.04,16.55,16.77,89857
2023-03-28,16.77,16.97,16.57,16.59,73562
2023-03-29,16.6,16.75,16.36,16.4,56014
2023-03-30,16.45,16.54,16.32,16.42,45679
2023-03-31,16.43,16.47,16.22,16.3,45914
2023-04-03,16.3,16.6,16.22,16.41,61615
2023-04-04,16.45,16.52,16.26,16.5,57048
2023-04-06,16.45,16.57,16.25,16.39,55615
2023-04-07,16.33,16.41,16.16,16.21,47627
2023-04-10,16.57,16.71,16.35,16.42,77232
2023-04-11,16.41,16.41,16.09,16.11,46724
2023-04-12,16.11,16.32,16.06,16.15,44428
2023-04-13,16.13,16.52,16.13,16.36,57301
2023-04-14,16.32,16.43,16.15,16.19,42569
2023-04-17,16.15,16.35,16.14,16.2,95425
2023-04-18,16.23,16.28,15.95,16.04,53388
2023-04-19,16.07,16.15,15.91,16.03,46569
2023-04-20,15.94,16.09,15.93,16.01,33969
2023-04-21,15.98,16.72,15.93,16.26,133558
2023-04-24,16.16,16.22,15.55,15.87,107373
2023-04-25,15.82,16.14,15.51,15.68,79666
2023-04-26,15.58,16.32,15.57,16.05,85598
2023-04-27,16.01,16.99,15.91,16.97,147285
2023-04-28,16.65,16.65,16.35,16.56,138516
2023-05-04,16.55,17.69,16.45,16.83,305253
2023-05-05,16.83,17.48,16.83,17.06,208677
2023-05-08,17.3,18.81,17.23,18.81,902782
2023-05-09,18.55,18.81,18.0,18.01,724107
2023-05-10,17.74,18.45,17.55,17.9,373860
2023-05-11,17.89,17.93,17.08,17.43,268834
2023-05-12,17.38,17.54,16.78,16.9,207273
2023-05-15,17.15,18.27,16.68,18.19,402247
2023-05-16,18.05,20.05,17.86,19.34,739262
2023-05-17,18.99,21.31,18.63,21.14,818946
2023-05-18,20.55,20.8,19.95,20.21,705315
2023-05-19,19.3,19.76,18.83,18.88,569450
2023-05-22,18.78,19.13,18.17,18.3,361692
2023-05-23,18.24,18.84,17.86,18.74,516223
2023-05-24,18.23,18.66,17.95,17.98,379324
2023-05-25,17.6,17.93,17.4,17.78,317221
2023-05-26,17.7,18.18,17.23,17.93,262391
2023-05-29,18.02,18.68,17.94,18.21,325443
2023-05-30,17.93,18.25,17.73,17.97,245172
2023-05-31,17.94,18.4,17.8,18.0,264287
2023-06-01,17.83,18.52,17.4,18.37,313536
2023-06-02,18.54,18.99,17.92,17.93,329389
2023-06-05,17.87,18.31,17.75,17.96,164162
2023-06-06,18.01,18.14,17.4,17.43,192518
2023-06-07,17.53,17.82,17.35,17.57,175893
2023-06-08,17.64,18.67,17.64,18.27,362515
2023-06-09,18.05,18.37,18.0,18.11,222291
2023-06-12,18.06,18.35,17.85,18.07,209544
2023-06-13,18.03,18.11,17.53,17.94,195848
2023-06-14,17.9,18.64,17.79,18.31,301217
2023-06-15,18.2,18.39,18.0,18.37,216620
2023-06-16,18.43,19.23,18.43,19.13,387198
2023-06-19,19.05,19.76,18.95,19.57,359908
2023-06-20,19.74,21.06,19.41,20.45,532112
2023-06-21,20.45,21.12,20.26,20.53,420853
2023-06-26,20.53,21.0,19.93,20.1,272847
2023-06-27,20.15,22.16,19.98,22.16,402371
2023-06-28,22.95,24.42,22.65,23.89,985808
2023-06-29,23.65,23.88,23.05,23.25,699643
2023-06-30,23.32,23.54,22.56,22.99,527304
2023-07-03,22.55,23.41,22.19,22.89,559363
2023-07-04,22.49,23.16,22.07,22.62,432709
2023-07-05,22.25,22.43,21.49,21.58,450317
2023-07-06,21.6,22.04,21.4,21.8,256281
2023-07-07,21.63,22.08,21.6,21.72,226405
2023-07-10,21.84,22.51,21.7,21.91,258446
2023-07-11,21.92,22.11,21.47,21.69,181083
2023-07-12,21.6,21.76,21.2,21.34,202702
2023-07-13,21.33,22.35,21.15,21.9,271278
2023-07-14,21.77,22.4,21.66,22.3,333803
2023-07-17,22.03,23.03,21.41,22.79,341741
2023-07-18,22.57,22.98,22.36,22.48,198244
2023-07-19,22.25,22.51,21.88,22.16,141239
2023-07-20,22.16,22.22,21.12,21.26,264869
2023-07-21,20.98,21.45,20.49,20.77,229584
2023-07-24,20.71,21.7,20.62,21.35,167779
2023-07-25,21.71,21.72,21.02,21.21,126637
2023-07-26,21.23,21.69,20.72,20.88,176261
2023-07-27,20.73,21.89,20.69,21.04,231365
2023-07-28,21.14,21.14,20.31,20.92,245071
2023-07-31,20.99,21.42,20.82,21.39,213699
2023-08-01,21.47,21.51,20.94,21.08,133463
2023-08-02,21.1,21.43,20.84,21.06,127851
2023-08-03,20.81,21.24,20.79,20.8,158206
2023-08-04,20.79,21.06,19.9,19.99,360586
2023-08-07,19.85,20.25,19.82,20.24,195148
2023-08-08,20.24,20.25,19.32,19.48,232977
2023-08-09,19.39,19.57,19.19,19.38,140470
2023-08-10,19.48,19.71,19.38,19.41,99737
2023-08-11,19.36,19.48,18.85,18.87,132842
2023-08-14,18.68,19.56,18.52,19.54,179308
2023-08-15,19.53,19.67,19.15,19.23,105138
2023-08-16,19.21,19.4,18.91,18.96,66740
2023-08-17,18.87,19.64,18.84,19.49,142185
2023-08-18,19.45,19.59,18.97,18.97,93188
2023-08-21,19.01,19.37,18.73,18.73,87387
2023-08-22,18.79,19.21,18.74,19.15,106783
2023-08-23,19.04,19.08,18.47,18.48,88363
2023-08-24,18.56,18.78,18.39,18.5,98495
2023-08-25,18.42,18.6,18.17,18.3,86763
2023-08-28,19.54,19.55,18.1,18.23,121871
2023-08-29,18.19,19.15,18.11,19.02,149533
2023-08-30,19.12,19.53,18.96,19.12,106775
2023-08-31,19.33,19.33,18.74,18.78,107921
2023-09-01,18.74,19.14,18.69,19.04,83247
2023-09-04,19.14,19.4,19.09,19.35,81175
2023-09-05,19.3,19.54,19.17,19.22,78129
2023-09-06,19.17,19.18,18.91,19.1,66804
2023-09-07,19.04,19.24,18.51,18.54,114887
2023-09-08,18.44,18.73,18.4,18.56,75296
2023-09-11,18.56,18.86,18.44,18.73,106528
2023-09-12,18.73,19.08,18.59,18.86,81000
2023-09-13,18.72,18.85,18.41,18.49,62098
2023-09-14,18.45,19.09,18.45,18.91,116338
2023-09-15,18.8,19.25,18.69,18.91,118893
2023-09-18,18.79,19.02,18.29,18.96,109404
2023-09-19,18.96,19.01,18.44,18.51,102112
2023-09-20,18.49,18.77,18.44,18.59,69325
2023-09-21,18.54,19.39,18.46,19.14,193190
2023-09-22,19.02,19.29,18.9,19.26,135153
2023-09-25,19.29,19.3,18.55,18.64,154612
2023-09-26,18.51,18.91,18.51,18.55,92609
2023-09-27,18.58,18.68,17.42,17.76,230961
2023-09-28,17.74,18.24,17.74,18.14,157846
2023-10-09,18.11,18.87,18.09,18.53,162929
2023-10-10,18.44,18.61,18.12,18.6,89821
2023-10-11,18.56,18.56,18.0,18.06,109334
2023-10-12,18.14,18.32,17.97,18.18,67655
2023-10-13,18.13,18.19,17.59,17.68,83116
2023-10-16,17.75,17.9,17.55,17.62,64441
2023-10-17,17.62,17.85,17.5,17.68,54278
2023-10-18,17.64,17.77,17.38,17.45,84742
2023-10-19,17.37,17.58,17.26,17.27,64209
2023-10-20,17.19,17.56,17.16,17.22,68785
2023-10-23,17.19,17.37,16.66,16.78,82034
2023-10-24,16.77,16.99,16.62,16.84,80753
2023-10-25,16.92,17.23,16.89,16.94,59983
2023-10-26,16.85,17.24,16.67,17.17,67441
2023-10-27,17.11,17.52,17.02,17.4,61677
2023-10-30,17.38,17.67,17.14,17.53,86907
2023-10-31,17.4,17.84,17.39,17.56,74506
2023-11-01,17.55,17.69,17.2,17.3,67894
2023-11-02,17.21,17.43,16.86,16.94,71629
2023-11-03,16.9,17.22,16.9,17.1,65610
2023-11-06,17.1,17.42,16.99,17.31,109008
2023-11-07,17.34,17.34,16.9,17.05,97794
2023-11-08,16.99,17.05,16.65,16.74,133742
2023-11-09,16.79,16.93,16.72,16.72,96672
2023-11-10,16.65,16.81,16.45,16.78,85778
2023-11-13,16.79,17.26,16.59,17.24,120470
2023-11-14,17.2,17.8,17.19,17.49,116145
2023-11-15,17.65,17.73,17.34,17.49,78460
2023-11-16,17.43,17.64,17.27,17.33,74058
2023-11-17,17.3,17.32,17.1,17.17,58005
2023-11-20,17.14,17.67,17.14,17.62,147531
2023-11-21,17.64,17.68,17.26,17.31,120073
2023-11-22,17.31,17.43,17.02,17.02,68461
2023-11-23,17.03,17.24,16.91,17.19,57831
2023-11-24,17.19,17.19,16.8,16.8,72510
2023-11-27,16.76,17.04,16.6,16.96,80361
2023-11-28,16.95,17.23,16.88,17.15,53961
2023-11-29,17.12,17.3,16.99,17.03,58563
2023-11-30,17.05,17.8,16.98,17.31,166691
2023-12-01,17.39,17.52,16.99,17.33,114473
2023-12-04,17.29,17.74,17.24,17.49,142808
2023-12-05,17.46,17.48,16.88,16.88,93218
2023-12-06,16.89,17.19,16.84,17.01,81536
2023-12-07,16.96,17.14,16.77,17.04,74694
2023-12-08,17.02,17.42,16.79,16.86,152290
2023-12-11,16.77,17.09,15.95,16.94,212524
2023-12-12,16.9,17.73,16.9,17.38,207344
2023-12-13,17.38,17.64,17.19,17.35,150728
2023-12-14,17.44,17.66,17.2,17.32,113924
2023-12-15,17.39,17.92,16.94,17.68,260621
2023-12-18,17.5,17.54,16.83,16.95,228587
2023-12-19,16.92,17.27,16.81,17.16,159121
2023-12-20,17.16,17.32,16.46,16.55,169538
2023-12-21,16.32,16.68,16.25,16.44,127264
2023-12-22,16.41,16.83,16.37,16.51,133341
2023-12-25,16.59,16.89,16.27,16.51,163412
2023-12-26,16.51,16.53,16.04,16.29,117310
2023-12-27,16.24,16.63,16.09,16.55,93387
2023-12-28,16.53,16.95,16.46,16.83,112261
2023-12-29,16.89,17.74,16.83,17.6,198432
2024-01-02,17.59,18.04,17.57,17.62,147162
2024-01-03,17.58,17.77,17.39,17.64,104335
2024-01-04,17.69,17.79,17.37,17.45,77935
2024-01-05,17.45,17.59,16.91,17.21,107008
2024-01-08,17.0,17.09,16.59,16.6,111717
2024-01-09,16.58,16.93,16.34,16.93,121298
2024-01-10,16.83,17.24,16.56,16.99,97428
2024-01-11,16.85,17.84,16.83,17.72,172359
2024-01-12,17.72,17.97,17.34,17.45,130071
2024-01-15,17.35,17.76,17.26,17.47,94483
2024-01-16,17.48,18.02,17.19,17.56,140657
2024-01-17,17.48,17.56,17.16,17.16,76413
2024-01-18,17.05,17.06,16.41,16.9,144448
2024-01-19,16.81,17.06,16.71,16.89,91367
2024-01-22,16.77,16.79,15.55,15.55,204989
2024-01-23,15.51,15.82,14.79,15.65,117853
2024-01-24,16.39,16.9,16.11,16.75,245619
2024-01-25,16.66,18.47,16.66,18.47,393974
2024-01-26,18.89,19.08,18.4,18.61,444064
2024-01-29,18.61,19.68,18.46,18.64,438041
2024-01-30,18.36,19.38,18.36,18.67,327161
2024-01-31,18.5,19.09,18.28,18.69,303960
2024-02-01,18.17,18.69,17.75,18.3,287018
2024-02-02,18.3,19.27,18.16,18.89,413901
2024-02-05,18.47,19.58,18.18,19.26,494040
2024-02-06,18.61,19.25,17.29,19.02,484813
2024-02-07,18.65,20.67,18.5,20.58,522104
2024-02-08,20.46,21.37,19.99,20.42,403757
2024-02-19,20.3,21.54,19.82,21.51,390961
2024-02-20,21.0,21.38,20.14,20.7,417116
2024-02-21,20.34,21.18,20.1,20.35,344473
2024-02-22,20.06,20.59,19.96,20.37,292566
2024-02-23,20.34,20.52,19.62,20.08,318769
2024-02-26,20.14,20.39,19.89,19.95,240115
2024-02-27,19.72,20.36,19.69,20.36,254236
2024-02-28,20.34,21.04,20.02,20.03,426113
2024-02-29,19.84,21.69,19.79,21.69,499452
2024-03-01,21.59,21.61,20.93,21.33,294987
2024-03-04,21.25,22.07,21.0,21.53,395981
2024-03-05,21.24,21.54,20.65,20.77,333338
2024-03-06,20.67,21.04,20.55,20.78,194544
2024-03-07,20.79,21.17,20.34,20.49,200647
2024-03-08,20.49,21.16,20.46,21.04,225357
2024-03-11,21.09,21.25,20.59,20.97,206677
2024-03-12,20.96,21.14,19.76,19.78,356394
2024-03-13,19.58,19.85,19.15,19.7,398662
2024-03-14,19.53,19.93,19.32,19.52,207908
2024-03-15,19.33,19.52,19.2,19.47,201195
2024-03-18,19.4,19.94,19.4,19.88,240213
2024-03-19,19.74,20.1,19.62,19.68,195405
2024-03-20,19.6,20.02,19.57,19.87,198675
2024-03-21,19.91,20.06,19.45,19.45,239755
2024-03-22,19.54,19.54,18.92,19.26,192229
2024-03-25,19.2,19.49,18.93,19.19,154527
2024-03-26,19.09,19.72,19.09,19.4,210013
2024-03-27,19.29,19.4,18.94,18.94,157280
2024-03-28,18.9,19.39,18.89,19.1,172969
2024-03-29,19.1,20.15,19.05,19.88,323153
2024-04-01,19.88,20.17,19.71,20.14,255565
2024-04-02,20.04,20.54,19.99,20.27,232618
2024-04-03,20.17,20.98,20.17,20.63,312527
2024-04-08,20.39,21.25,20.17,20.64,312545
2024-04-09,20.53,20.64,20.01,20.32,235650
2024-04-10,20.21,20.63,20.01,20.32,167009
2024-04-11,20.19,21.02,20.19,20.67,244913
2024-04-12,20.67,20.81,20.09,20.18,184648
2024-04-15,20.29,21.59,20.19,21.38,373310
2024-04-16,21.46,21.68,20.75,21.06,344974
2024-04-17,20.79,21.61,20.44,21.61,348188
2024-04-18,21.27,21.99,21.14,21.52,343017
2024-04-19,21.4,22.17,21.31,21.34,307109
2024-04-22,21.25,21.74,20.59,20.81,281370
2024-04-23,20.58,20.78,19.92,20.04,274835
2024-04-24,20.06,20.69,20.04,20.58,190613
2024-04-25,20.49,20.91,20.31,20.55,135001
2024-04-26,20.64,21.3,20.62,21.3,194643
2024-04-29,20.94,20.99,19.78,20.15,518842
2024-04-30,19.97,20.28,19.55,19.92,290584
2024-05-06,20.08,20.19,19.83,19.97,254993
2024-05-07,19.94,20.34,19.79,19.9,255097
2024-05-08,19.88,19.94,19.55,19.67,155683
2024-05-09,19.6,20.32,19.59,20.22,286780
2024-05-10,20.39,20.68,20.07,20.24,257593
2024-05-13,20.12,20.94,19.79,20.69,319457
2024-05-14,20.64,21.29,20.6,20.99,315616
2024-05-15,20.87,20.87,19.88,19.93,278745
2024-05-16,19.91,20.08,19.74,19.81,188470
2024-05-17,19.75,19.89,19.57,19.85,189820
2024-05-20,19.78,20.03,19.69,19.86,225914
2024-05-21,19.79,20.06,19.69,19.82,125029
2024-05-22,19.82,19.86,19.19,19.34,282567
2024-05-23,19.33,19.62,19.21,19.41,184184
2024-05-24,19.29,19.45,19.12,19.22,147893
2024-05-27,19.12,19.39,19.08,19.39,143881
2024-05-28,19.36,19.59,19.24,19.48,164710
2024-05-29,19.47,19.69,19.2,19.38,130935
2024-05-30,19.32,19.99,19.17,19.83,282025
2024-05-31,19.83,19.97,19.66,19.79,135041
2024-06-03,19.75,20.17,19.74,19.88,203952
2024-06-04,19.84,20.21,19.68,20.15,169311
2024-06-05,19.59,20.05,19.59,19.65,188080
2024-06-06,19.65,19.74,19.23,19.3,201738
2024-06-07,19.31,19.64,19.27,19.51,144776
2024-06-11,19.52,19.64,18.2,18.69,324044
2024-06-12,18.57,19.06,18.48,18.97,170867
2024-06-13,18.95,19.28,18.45,18.61,198198
2024-06-14,18.57,18.58,17.82,17.92,365665
2024-06-17,18.02,18.08,17.79,17.85,189276
2024-06-18,17.87,18.46,17.67,18.3,213302
2024-06-19,18.28,18.58,17.98,18.36,173100
2024-06-20,18.44,18.7,18.14,18.27,139239
2024-06-21,18.12,18.59,17.95,18.42,109611
2024-06-24,18.34,18.66,18.17,18.18,135321
2024-06-25,18.16,18.53,17.6,17.87,168870
2024-06-26,17.9,18.35,17.67,18.33,123369
2024-06-27,18.2,18.51,18.15,18.33,91910
2024-06-28,18.3,19.52,18.22,19.07,260268
2024-07-01,18.91,19.49,18.72,19.4,195379
2024-07-02,19.39,19.47,19.16,19.29,113610
2024-07-03,19.29,19.34,18.73,18.79,111304
2024-07-04,18.71,19.38,18.71,19.27,154250
2024-07-05,19.32,19.61,19.17,19.45,162860
2024-07-08,19.44,20.02,19.44,19.86,248070
2024-07-09,19.86,20.94,19.7,20.74,419258
2024-07-10,20.62,21.77,20.62,21.29,547469
2024-07-11,21.5,21.88,21.26,21.68,388509
2024-07-12,21.94,22.37,21.45,21.89,365689
2024-07-15,21.88,22.21,21.58,21.62,254836
2024-07-16,21.63,22.07,21.58,22.07,204487
2024-07-17,22.05,22.55,21.8,21.81,168136
2024-07-18,21.8,23.14,21.44,22.95,326381
2024-07-19,22.81,23.34,22.68,22.94,205217
2024-07-22,22.87,23.74,22.87,23.31,310769
2024-07-23,23.31,23.51,22.52,22.59,185479
2024-07-24,22.36,23.68,22.34,23.43,288895
2024-07-25,23.38,23.38,22.37,22.84,253838
2024-07-26,23.07,23.51,22.61,23.24,200833
2024-07-29,23.27,24.36,23.17,23.46,297144
2024-07-30,23.39,23.58,22.86,23.32,168566
2024-07-31,22.92,23.44,22.44,22.85,288509
2024-08-01,22.94,23.34,22.59,22.68,173499
2024-08-02,22.69,23.68,22.59,23.22,219922
2024-08-05,22.78,23.19,22.07,22.16,195776
2024-08-06,22.16,22.47,21.92,22.45,145276
2024-08-07,22.34,23.32,22.32,22.62,156709
2024-08-08,22.4,22.57,22.05,22.29,122396
2024-08-09,22.4,22.54,21.91,22.04,107845
2024-08-12,21.9,22.35,21.66,21.79,81685
2024-08-13,22.0,22.8,22.0,22.29,205426
2024-08-14,22.26,22.49,21.96,22.25,87348
2024-08-15,22.06,22.76,21.9,22.18,126988
2024-08-16,22.04,22.84,22.04,22.5,131283
2024-08-19,22.36,22.88,21.92,22.16,166440
2024-08-20,22.06,22.2,21.21,21.68,171826
2024-08-21,21.62,22.18,21.4,21.94,108401
2024-08-22,21.94,22.45,21.8,22.18,95519
2024-08-23,21.95,22.63,21.95,22.31,109821
2024-08-26,22.3,22.38,21.66,22.14,103174
2024-08-27,22.05,22.18,21.57,21.67,87684
2024-08-28,21.56,22.18,21.56,21.81,75518
2024-08-29,21.79,22.43,21.66,22.05,103246
2024-08-30,22.06,22.23,21.34,21.55,252334
2024-09-02,21.35,21.4,20.1,20.42,291512
2024-09-03,21.95,22.1,21.24,21.35,347305
2024-09-04,20.76,21.25,20.55,21.11,165532
2024-09-05,21.2,21.46,20.94,21.14,108919
2024-09-06,21.24,21.54,21.0,21.31,83664
2024-09-09,21.12,21.53,21.05,21.38,106960
2024-09-10,21.43,22.44,21.35,22.16,202816
2024-09-11,22.09,22.45,21.85,22.42,148306
2024-09-12,22.39,22.98,22.25,22.82,183700
2024-09-13,22.9,23.08,22.41,22.48,116299
2024-09-18,22.47,23.12,22.2,23.05,143904
2024-09-19,22.7,22.9,21.25,21.79,254299
2024-09-20,21.6,21.77,20.25,20.7,264535
2024-09-23,20.7,21.07,20.52,20.55,108608
2024-09-24,20.6,20.95,20.18,20.89,174167
2024-09-25,20.94,21.7,20.93,21.16,203321
2024-09-26,21.15,21.25,20.55,21.25,197684
2024-09-27,21.36,22.08,21.35,21.97,194657
2024-09-30,22.95,24.04,22.57,23.81,410790
2024-10-08,26.21,26.21,23.69,24.78,533303
2024-10-09,24.08,24.63,22.58,22.88,467785
2024-10-10,23.0,25.0,23.0,23.85,461278
2024-10-11,23.8,24.17,22.88,23.22,312303
2024-10-14,23.68,24.3,23.23,23.7,344943
2024-10-15,23.65,23.71,23.03,23.05,215044
2024-10-16,22.75,23.27,22.5,22.89,190857
2024-10-17,22.9,22.99,21.72,21.77,489260
2024-10-18,21.57,22.12,21.31,21.86,452960
2024-10-21,21.92,22.9,21.37,22.62,440506
2024-10-22,22.49,22.49,21.88,22.38,320712
2024-10-23,22.18,23.4,22.15,22.97,483093
2024-10-24,22.8,22.85,22.31,22.65,208577
2024-10-25,22.55,23.5,22.55,23.26,325117
2024-11-11,25.62,25.62,25.62,25.62,137546
2024-11-12,28.21,28.21,24.21,25.05,1513526
2024-11-13,24.56,25.5,23.98,24.7,718235
2024-11-14,24.3,24.45,23.51,23.53,514252
2024-11-15,23.35,23.7,22.76,22.89,340540
2024-11-18,22.93,23.39,22.41,23.03,375096
2024-11-19,23.05,23.14,22.4,22.93,279505
2024-11-20,22.93,22.93,22.48,22.82,264039
2024-11-21,22.7,23.55,22.55,23.39,381992
2024-11-22,23.29,23.3,22.59,22.71,281964
2024-11-25,22.53,22.7,21.97,22.28,268177
2024-11-26,22.09,22.32,21.92,21.92,171574
2024-11-27,21.85,22.37,21.53,22.27,223518
2024-11-28,22.27,22.41,22.03,22.04,147702
2024-11-29,21.98,22.33,21.79,22.18,156785
2024-12-02,22.93,23.42,22.76,22.91,351275
2024-12-03,22.93,23.28,22.74,23.03,169012
2024-12-04,23.01,23.87,22.78,23.6,366610
2024-12-05,23.51,23.6,23.24,23.53,178261
2024-12-06,23.5,23.8,23.38,23.58,203180
2024-12-09,23.59,23.6,22.83,22.9,228216
2024-12-10,23.31,23.42,22.81,22.83,260911
2024-12-11,22.89,22.96,22.56,22.68,222691
2024-12-12,22.68,23.69,22.64,23.62,422471
2024-12-13,23.73,24.65,23.61,24.62,789112
2024-12-16,24.53,24.73,24.0,24.62,403895
2024-12-17,24.63,24.73,23.94,24.3,314354
2024-12-18,24.53,25.5,24.4,24.68,421649
2024-12-19,24.33,25.01,24.2,24.53,307549
2024-12-20,24.49,24.95,24.05,24.08,206300
2024-12-23,24.06,24.51,23.83,24.22,223929
2024-12-24,24.13,24.39,23.95,24.2,189305
2024-12-25,24.19,24.71,24.05,24.17,201533
2024-12-26,24.08,24.51,24.06,24.22,174602
2024-12-27,24.34,24.83,24.27,24.57,257005
2024-12-30,24.58,25.01,24.45,24.81,258654
2024-12-31,24.73,24.93,24.17,24.2,241233
2025-01-02,24.11,24.2,23.21,23.39,244137
2025-01-03,23.33,23.7,23.17,23.19,172443
2025-01-06,23.18,23.53,22.53,22.71,202601
2025-01-07,22.68,23.27,22.53,23.27,147172
2025-01-08,23.41,23.46,22.73,23.28,149050
2025-01-09,23.09,23.16,22.6,22.7,156963
2025-01-10,22.52,22.85,22.21,22.21,169071
2025-01-13,21.88,22.53,21.73,22.25,117467
2025-01-14,22.26,23.25,22.16,23.25,166625
2025-01-15,23.19,23.38,22.96,23.24,100480
2025-01-16,23.25,23.47,23.03,23.25,119363
2025-01-17,23.25,23.34,22.55,22.73,185049
2025-01-20,23.09,24.23,23.04,23.65,248376
2025-01-21,23.73,23.73,23.38,23.54,98623
2025-01-22,23.65,23.69,23.3,23.53,102765
2025-01-23,23.73,24.07,23.55,23.75,171911
2025-01-24,23.54,24.03,23.53,23.94,167118
2025-01-27,24.14,24.41,23.89,24.08,157715
2025-02-05,24.08,24.52,23.86,24.34,171248
2025-02-06,24.34,24.41,24.13,24.34,144520
2025-02-07,24.33,24.35,23.53,23.96,344785
2025-02-10,23.79,23.96,23.61,23.62,215682
2025-02-11,23.63,23.77,23.4,23.46,145753
2025-02-12,23.35,23.47,23.14,23.38,153700
2025-02-13,23.26,23.62,23.17,23.17,140260
2025-02-14,23.03,23.38,22.95,23.09,136939
2025-02-17,23.01,23.41,22.77,23.24,211511
2025-02-18,23.2,23.21,22.53,22.57,169726
2025-02-19,22.52,22.75,22.45,22.6,138046
2025-02-20,22.48,22.48,22.03,22.22,239818
2025-02-21,22.05,22.29,21.94,22.03,287950
2025-02-24,21.86,22.18,21.73,22.12,247658
2025-02-25,22.04,22.2,21.74,21.79,194907
2025-02-26,21.68,21.95,21.4,21.56,267571
2025-02-27,21.5,21.69,21.29,21.46,191246
2025-02-28,21.38,21.85,21.33,21.39,215991
2025-03-03,21.39,21.88,21.39,21.67,243411
2025-03-04,21.61,21.77,21.52,21.7,188339
2025-03-05,21.69,21.71,20.93,21.07,280854
2025-03-06,21.11,21.27,20.96,21.16,239357
2025-03-07,21.16,21.62,20.94,21.33,232076
2025-03-10,21.58,22.41,21.58,22.12,367573
2025-03-11,21.86,22.6,21.78,22.58,329657
2025-03-12,22.57,22.67,22.28,22.38,218754
2025-03-13,22.24,22.83,22.1,22.76,258437
2025-03-14,22.86,23.08,22.67,22.78,292119
2025-03-17,22.88,23.23,22.4,22.47,234774
2025-03-18,22.46,22.53,22.22,22.27,177778
2025-03-19,22.27,22.27,22.0,22.04,136417
2025-03-20,22.04,22.51,22.04,22.33,168767
2025-03-21,22.4,23.63,22.38,23.13,616091
2025-03-24,23.35,23.54,22.73,23.21,317809
2025-03-25,23.08,23.17,22.18,22.27,329349
2025-03-26,22.22,22.44,22.11,22.3,130209
2025-03-27,22.3,22.33,21.69,21.87,180891
2025-03-28,21.85,21.93,21.44,21.64,164034
2025-03-31,21.72,21.96,21.42,21.51,156062
2025-04-01,21.63,22.06,21.61,21.84,158317
2025-04-02,21.85,21.9,21.54,21.65,113022
2025-04-03,21.49,21.65,21.44,21.55,80334
2025-04-07,20.25,20.31,19.37,19.37,230176
2025-04-08,19.45,20.41,18.33,20.35,491262
2025-04-09,19.7,21.06,19.39,21.06,387525
2025-04-10,21.03,21.2,20.68,21.1,316721
2025-04-11,20.93,20.94,20.53,20.7,183890
2025-04-14,20.73,20.75,20.3,20.33,211785
2025-04-15,20.28,20.3,19.93,20.26,146645
2025-04-16,20.26,20.35,19.85,20.11,151781
2025-04-17,20.01,20.32,19.93,20.22,132757
2025-04-18,20.07,20.27,19.95,20.23,105885
2025-04-21,20.14,20.51,20.03,20.42,94370
2025-04-22,20.38,20.38,20.22,20.28,79610
2025-04-23,20.38,20.41,20.14,20.19,83325
2025-04-24,20.21,20.41,20.1,20.27,112745
2025-04-25,20.32,20.78,20.29,20.58,146634
2025-04-28,20.72,20.96,20.59,20.83,195577
2025-04-29,20.78,21.11,20.68,20.94,122617
2025-04-30,21.1,21.48,20.84,20.85,157469
2025-05-06,20.88,21.36,20.88,21.36,154707
2025-05-07,21.65,21.7,21.13,21.49,224747
2025-05-08,21.43,21.58,21.22,21.51,133159
2025-05-09,21.5,21.7,21.43,21.43,175774
2025-05-12,21.54,22.68,21.42,22.43,364179
2025-05-13,22.43,22.43,21.68,21.74,195016
2025-05-14,21.74,21.88,21.53,21.81,113032
2025-05-15,21.8,21.89,21.42,21.43,89653
2025-05-16,21.43,21.58,21.23,21.36,84386
2025-05-19,21.36,21.61,21.23,21.53,87285
2025-05-20,21.52,21.59,21.25,21.33,84168
2025-05-21,21.33,21.79,21.28,21.73,107133
2025-05-22,21.63,21.81,21.49,21.5,82439
2025-05-23,21.51,21.66,21.28,21.31,71597
2025-05-26,21.3,21.35,21.05,21.32,90584
2025-05-27,21.31,21.31,20.96,21.08,75251
2025-05-28,21.08,21.19,21.0,21.04,51381
2025-05-29,21.05,21.19,21.02,21.16,68887
2025-05-30,21.15,21.6,21.04,21.52,108244
2025-06-03,21.29,21.74,21.29,21.53,94339
2025-06-04,21.54,21.75,21.45,21.57,94913
2025-06-05,21.56,21.57,21.16,21.19,128294
2025-06-06,21.22,21.42,21.2,21.25,108418
2025-06-09,21.23,21.55,21.19,21.46,101668
2025-06-10,21.45,21.52,21.07,21.2,85087
2025-06-11,21.25,21.57,21.19,21.39,87397
2025-06-12,21.36,21.36,21.09,21.15,90248
2025-06-13,21.22,21.42,21.15,21.34,104829
2025-06-16,21.45,21.97,21.24,21.9,166242
2025-06-17,21.87,22.16,21.79,22.14,117365
2025-06-18,22.11,22.5,22.11,22.27,127169
2025-06-19,22.25,22.37,21.95,22.09,128808
2025-06-20,22.09,22.62,22.0,22.45,139043
2025-06-23,22.45,22.6,22.22,22.52,137092
2025-06-24,22.42,22.73,22.26,22.59,145644
2025-06-25,22.55,23.09,22.55,22.93,160313
2025-06-26,22.91,23.22,22.72,22.74,188411
2025-06-27,22.63,22.89,22.52,22.59,147933
2025-06-30,22.62,23.1,22.62,22.99,168757
2025-07-01,23.12,23.62,22.88,23.42,246119
2025-07-02,23.84,23.89,23.26,23.29,219960
2025-07-03,23.13,23.44,22.99,23.12,177040
2025-07-04,23.13,23.13,22.78,22.92,114213
2025-07-07,23.02,23.39,22.88,23.27,133825
2025-07-08,23.3,23.43,22.59,22.99,223099
2025-07-09,22.92,23.02,22.65,22.72,148002
2025-07-10,22.7,22.79,22.39,22.47,164940
2025-07-11,22.46,23.25,22.43,22.64,287874
2025-07-14,22.64,22.92,22.64,22.67,166626
2025-07-15,22.64,22.91,22.62,22.68,111233
2025-07-16,22.63,22.8,22.54,22.56,106953
2025-07-17,22.52,22.97,22.43,22.89,140425
2025-07-18,22.85,22.97,22.74,22.96,124094
2025-07-21,23.07,23.62,22.87,23.39,230843
2025-07-22,23.5,23.51,23.21,23.35,190836
2025-07-23,23.42,23.46,22.94,23.06,200531
2025-07-24,23.02,23.44,22.89,23.34,177069
2025-07-25,23.34,23.37,22.96,23.01,199355
2025-07-28,23.02,23.31,22.93,23.08,152398
2025-07-29,23.08,23.46,23.02,23.29,179229
2025-07-30,23.22,23.52,22.98,23.04,210667
2025-07-31,22.99,23.11,22.63,22.76,180100
2025-08-01,22.69,23.02,22.65,22.72,141398
2025-08-04,22.59,22.84,22.53,22.82,145676
2025-08-05,22.92,23.39,22.77,23.28,229905
2025-08-06,23.37,24.58,23.23,24.55,678097
2025-08-07,24.51,24.55,23.92,23.95,371784
2025-08-08,23.91,24.47,23.75,24.14,289828
2025-08-11,24.14,24.26,23.49,23.53,343081
2025-08-12,23.57,23.76,23.44,23.66,252883
2025-08-13,23.72,23.84,23.43,23.52,252126
2025-08-14,23.5,23.56,23.07,23.09,242095
2025-08-15,23.09,23.42,23.07,23.37,203240
2025-08-18,23.5,23.72,23.37,23.45,322959
2025-08-19,23.8,23.8,23.09,23.12,308908
2025-08-20,23.08,23.22,22.89,23.16,197104
2025-08-21,23.23,23.26,23.03,23.15,214145
2025-08-22,23.06,23.27,22.9,23.27,279537
2025-08-25,23.32,23.82,23.31,23.82,412698
2025-08-26,23.82,23.97,23.54,23.74,280293
2025-08-27,23.75,23.84,23.24,23.36,330251
2025-08-28,23.12,23.39,22.77,23.39,282826
2025-08-29,23.32,23.94,23.3,23.82,348102
2025-09-01,23.97,23.98,23.13,23.52,438919
2025-09-02,23.43,23.47,22.78,22.88,282861
2025-09-03,22.99,23.02,22.01,22.21,282184
2025-09-04,22.2,22.36,21.93,22.18,184349
2025-09-05,22.05,22.35,22.05,22.22,189139
2025-09-08,22.21,22.33,21.96,22.14,226719
2025-09-09,22.11,22.21,21.92,21.96,154707
2025-09-10,21.92,22.02,21.79,21.94,140466
2025-09-11,21.93,22.34,21.77,22.25,226635
2025-09-12,22.26,22.29,22.02,22.02,164022
2025-09-15,22.0,22.18,21.87,22.13,186134
2025-09-16,22.07,22.07,21.63,21.71,206930
2025-09-17,21.62,21.84,21.58,21.71,164865
2025-09-18,21.71,21.75,21.27,21.39,217398
2025-09-19,21.33,21.61,21.33,21.43,118907
2025-09-22,21.43,21.49,21.27,21.39,120604
2025-09-23,21.77,21.94,21.08,21.27,192338
2025-09-24,21.02,21.67,20.95,21.52,154695
2025-09-25,21.45,21.58,21.32,21.47,141262
2025-09-26,21.52,22.04,21.44,21.68,203412
2025-09-29,21.62,22.03,21.44,21.98,200304
2025-09-30,22.0,22.17,21.88,22.14,177603
2025-10-09,22.14,23.1,22.05,23.01,360825
2025-10-10,22.87,23.18,22.8,22.84,245381
2025-10-13,22.32,22.83,22.32,22.67,192837
2025-10-14,22.79,23.28,22.7,22.83,248511
2025-10-15,22.73,22.97,22.51,22.83,163010
2025-10-16,22.81,22.89,22.56,22.59,131208
2025-10-17,22.57,22.74,21.69,21.75,184476
2025-10-20,21.78,22.04,21.45,21.56,163435
2025-10-21,21.68,22.27,21.67,22.2,220902
2025-10-22,22.03,22.11,21.68,21.71,150830
2025-10-23,21.67,21.71,21.18,21.49,155217
2025-10-24,21.5,21.77,21.48,21.61,143782
2025-10-27,21.78,22.33,21.78,22.3,252515
2025-10-28,22.12,22.24,21.94,22.07,170895
2025-10-29,22.05,22.15,21.91,22.07,177544
2025-10-30,22.02,22.11,21.64,21.82,183943
2025-10-31,21.42,21.42,20.73,20.82,616389
2025-11-03,20.84,20.95,20.55,20.95,285269
2025-11-04,20.89,21.01,20.65,20.75,196530
2025-11-05,20.62,20.96,20.58,20.85,207477
2025-11-06,20.79,21.09,20.77,21.0,252438
2025-11-07,20.99,21.27,20.84,20.87,259434
2025-11-10,20.84,20.9,20.72,20.85,181647
2025-11-11,21.1,21.52,20.89,20.92,256736
2025-11-12,20.92,20.93,20.6,20.64,240167
2025-11-13,20.64,20.71,20.6,20.7,151056
2025-11-14,20.6,20.7,20.44,20.44,228890
2025-11-17,20.55,20.68,20.46,20.5,185466
2025-11-18,20.46,20.46,20.18,20.31,196413
2025-11-19,20.3,20.79,20.19,20.74,408440
2025-11-20,20.52,20.52,20.24,20.26,254493
2025-11-21,20.1,20.45,19.8,20.0,324044
2025-11-24,19.92,20.59,19.91,20.54,338217
2025-11-25,20.74,21.15,20.39,20.84,452236
2025-11-26,20.6,20.66,20.09,20.17,292735
2025-11-27,20.18,20.24,20.12,20.14,132915
2025-11-28,20.21,20.36,20.14,20.29,128446
2025-12-01,20.27,20.32,20.13,20.17,167725
2025-12-02,20.13,20.31,20.01,20.1,158384
2025-12-03,20.1,20.12,19.76,19.79,230210
2025-12-04,19.78,19.83,19.41,19.47,175082
2025-12-05,19.49,19.65,19.44,19.63,149683
2025-12-08,19.65,20.09,19.65,19.8,244335
2025-12-09,20.0,20.81,20.0,20.39,503319
2025-12-10,20.23,20.44,20.12,20.39,186977
2025-12-11,20.41,20.53,20.1,20.15,128273
2025-12-12,20.18,20.72,20.13,20.52,227021
2025-12-15,20.56,20.61,20.22,20.24,159302
2025-12-16,20.14,20.18,19.51,19.62,241833
2025-12-17,19.56,20.09,19.45,20.09,227798
2025-12-18,19.93,20.26,19.83,20.08,126512
2025-12-19,20.05,20.4,20.04,20.3,138647
2025-12-22,20.5,20.53,20.3,20.4,146645
2025-12-23,20.41,20.5,20.25,20.33,106921
2025-12-24,20.3,20.69,20.21,20.68,197496
2025-12-25,20.6,20.98,20.55,20.93,234955
2025-12-26,20.89,20.98,20.66,20.93,224502
2025-12-29,20.93,21.31,20.91,20.99,229357
2025-12-30,21.0,21.11,20.66,20.8,197047
2025-12-31,20.88,20.92,20.66,20.7,164960
