date,open,high,low,close,volume
2015-01-05,9.08,9.93,8.98,9.82,760078
2015-01-06,9.79,10.23,9.6,9.94,545851
2015-01-07,10.12,11.04,10.12,11.04,1105810
2015-01-08,10.69,10.87,10.49,10.72,601389
2015-01-09,10.58,10.94,10.38,10.48,430947
2015-01-12,10.65,10.78,10.48,10.63,375212
2015-01-13,10.86,11.08,10.21,10.35,494853
2015-01-14,10.19,10.3,9.74,9.94,353414
2015-01-15,9.97,10.16,9.78,10.14,228639
2015-01-16,11.2,11.22,10.64,10.94,706783
2015-01-19,10.94,11.9,10.78,11.28,887830
2015-01-20,11.09,11.78,10.94,11.7,631652
2015-01-21,12.24,12.83,12.03,12.74,768776
2015-01-22,12.3,14.12,12.25,13.53,938617
2015-01-23,14.0,14.26,13.24,13.38,740227
2015-01-26,13.39,13.81,13.07,13.54,425971
2015-01-27,13.24,13.29,12.78,13.09,556429
2015-01-28,13.19,13.41,12.82,12.84,340269
2015-01-29,12.55,12.55,12.02,12.31,432473
2015-01-30,11.87,12.44,11.86,12.04,358658
2015-02-02,12.22,12.62,12.06,12.49,364437
2015-02-03,12.52,12.53,12.04,12.51,308109
2015-02-04,12.15,12.32,12.1,12.29,231480
2015-02-05,12.52,12.57,12.0,12.03,249019
2015-02-06,11.91,11.91,11.35,11.42,324433
2015-02-09,11.05,11.11,10.58,11.03,343288
2015-02-10,11.02,11.27,10.89,11.21,199136
2015-02-11,11.14,11.49,10.99,11.27,193638
2015-02-12,11.06,11.17,10.87,11.11,220753
2015-02-13,11.2,11.69,11.14,11.42,271492
2015-02-16,11.47,11.52,11.27,11.45,162753
2015-02-17,11.44,11.54,11.4,11.48,158370
2015-02-25,11.24,11.24,11.02,11.19,189993
2015-02-26,11.18,11.74,11.04,11.72,264621
2015-02-27,11.71,12.15,11.55,12.02,285947
2015-03-02,12.16,12.52,12.16,12.32,282148
2015-03-03,12.21,12.21,11.77,11.8,309752
2015-03-04,11.7,11.9,11.49,11.83,188450
2015-03-05,11.71,11.73,11.43,11.5,206819
2015-03-06,11.39,11.7,11.35,11.57,168600
2015-03-09,10.94,11.45,10.94,11.33,282825
2015-03-10,11.27,11.34,11.15,11.22,157718
2015-03-11,11.2,11.3,10.99,11.11,167925
2015-03-12,11.11,11.45,10.99,11.42,251548
2015-03-13,11.45,11.51,11.23,11.38,213792
2015-03-16,11.38,11.7,11.29,11.66,275260
2015-03-17,11.68,11.88,11.55,11.84,406580
2015-03-18,11.79,12.21,11.66,12.08,416787
2015-03-19,12.42,12.98,12.42,12.6,729131
2015-03-20,12.65,12.8,12.34,12.39,434232
2015-03-23,12.64,12.83,12.54,12.67,444264
2015-03-24,12.68,13.69,12.5,13.28,686941
2015-03-25,13.21,13.21,12.73,12.79,418077
2015-03-26,12.88,13.1,12.56,13.07,411347
2015-03-27,13.31,13.49,13.06,13.09,485365
2015-03-30,12.93,12.98,12.59,12.89,421386
2015-03-31,12.75,12.91,12.58,12.62,385566
2015-04-01,12.62,12.82,12.53,12.75,278724
2015-04-02,13.08,13.18,12.78,13.0,425730
2015-04-03,12.87,12.98,12.71,12.83,368400
2015-04-07,13.08,13.45,13.01,13.41,665995
2015-04-08,13.4,13.4,12.93,13.12,461735
2015-04-09,13.0,13.04,12.48,12.65,409085
2015-04-10,12.56,12.81,12.47,12.8,309131
2015-04-13,12.93,13.1,12.81,12.98,389625
2015-04-14,12.93,13.07,12.68,12.96,432169
2015-04-15,12.9,13.43,12.82,13.25,742931
2015-04-16,13.26,13.9,13.25,13.89,815446
2015-04-17,13.91,14.26,13.71,13.91,883161
2015-04-20,14.0,14.6,13.73,14.04,851372
2015-04-21,13.84,14.04,13.44,14.01,604819
2015-04-22,14.09,14.43,14.01,14.26,597789
2015-04-23,14.05,14.77,13.75,14.55,793501
2015-04-24,14.25,14.55,14.04,14.27,481426
2015-04-27,14.26,14.88,14.0,14.68,739561
2015-04-28,14.97,15.1,14.39,14.81,744641
2015-04-29,14.82,16.4,14.82,16.4,883105
2015-04-30,16.4,16.44,15.48,15.5,962309
2015-05-04,14.99,15.12,14.54,14.61,588946
2015-05-05,14.61,14.84,13.71,14.07,490048
2015-05-06,14.13,14.3,13.19,13.53,368023
2015-05-07,13.75,13.9,13.35,13.61,283301
2015-05-08,13.69,13.84,13.39,13.73,259411
2015-05-11,13.93,14.1,13.65,14.04,360373
2015-05-12,14.03,14.04,13.74,13.93,354355
2015-05-13,13.99,14.75,13.93,14.62,595060
2015-05-14,15.43,15.43,14.66,15.01,491885
2015-05-15,15.02,15.07,13.98,14.08,357157
2015-05-18,14.09,14.76,14.07,14.64,322438
2015-05-19,14.38,14.85,14.27,14.64,330724
2015-05-20,14.47,14.64,14.22,14.35,417069
2015-05-21,14.32,14.41,14.15,14.39,311626
2015-05-22,14.4,15.08,14.27,14.97,561123
2015-05-25,15.0,15.33,14.92,15.27,656819
2015-05-26,15.29,15.58,14.87,15.57,682742
2015-05-27,15.34,15.53,15.09,15.4,568095
2015-05-28,15.28,15.34,13.8,13.81,592383
2015-05-29,13.78,14.0,13.13,13.52,410163
2015-06-01,13.55,14.14,13.52,14.1,361915
2015-06-02,14.05,14.14,13.8,14.12,394495
2015-06-03,14.13,14.51,13.91,14.22,384566
2015-06-04,14.0,14.07,13.16,13.98,415424
2015-06-05,13.99,14.81,13.98,14.68,678850
2015-06-08,14.72,15.05,14.5,14.99,555016
2015-06-09,15.05,15.27,14.72,15.02,491592
2015-06-10,14.88,14.96,14.62,14.72,464245
2015-06-11,14.74,15.02,14.64,14.87,443204
2015-06-12,14.89,14.89,14.41,14.62,392944
2015-06-15,14.69,15.33,14.56,14.9,661724
2015-06-16,14.74,15.46,14.62,15.11,789427
2015-06-17,15.24,15.93,15.08,15.72,857475
2015-06-18,15.73,16.6,15.5,15.71,881540
2015-06-19,15.75,16.53,15.07,15.1,835973
2015-06-23,14.77,14.81,13.52,14.31,590868
2015-06-24,14.31,15.02,13.99,14.68,529560
2015-06-25,14.56,14.66,13.49,13.63,472099
2015-06-26,13.24,13.24,12.16,12.16,434090
2015-06-29,12.52,12.65,10.85,10.86,490330
2015-06-30,10.76,11.74,9.7,11.6,481590
2015-07-01,11.48,11.68,10.42,10.5,388115
2015-07-02,10.54,10.79,9.35,9.35,468250
2015-07-03,9.21,9.76,8.32,8.47,449348
2015-07-06,9.41,9.41,7.9,8.85,578763
2015-07-07,8.39,8.7,7.86,8.02,570888
2015-07-08,7.12,7.32,7.12,7.12,483988
2015-07-09,7.12,7.93,6.44,7.93,659106
2015-07-10,8.19,8.82,8.19,8.82,480312
2015-07-13,9.15,9.81,8.85,9.81,712593
2015-07-14,9.46,9.81,9.08,9.17,564806
2015-07-15,8.85,9.0,8.15,8.15,434547
2015-07-16,8.15,8.57,7.68,8.3,346822
2015-07-17,8.31,9.04,8.3,8.89,351478
2015-07-20,8.7,9.03,8.54,8.73,476470
2015-07-21,8.4,9.11,8.25,8.95,540809
2015-07-22,8.75,8.95,8.48,8.67,410674
2015-07-23,8.68,8.93,8.54,8.89,482163
2015-07-24,8.82,9.26,8.73,8.94,657389
2015-07-27,8.63,8.88,7.94,7.94,439908
2015-07-28,7.58,8.18,7.2,7.92,454628
2015-07-29,7.97,8.33,7.73,8.27,304578
2015-07-30,8.19,8.27,7.78,7.82,286845
2015-07-31,7.68,7.95,7.52,7.92,259113
2015-08-03,7.84,8.31,7.77,8.3,327324
2015-08-04,8.27,8.58,8.09,8.55,297093
2015-08-05,8.4,8.56,8.24,8.36,191014
2015-08-06,8.19,8.34,8.09,8.24,119693
2015-08-07,8.33,8.47,8.28,8.4,175876
2015-08-10,8.43,8.99,8.39,8.92,389622
2015-08-11,9.0,9.91,8.94,9.91,527827
2015-08-12,10.73,11.0,10.19,11.0,1323113
2015-08-13,11.09,11.57,10.5,11.01,1198266
2015-08-14,10.63,10.89,10.43,10.57,758112
2015-08-17,10.47,10.83,10.39,10.64,502122
2015-08-18,10.63,10.63,9.48,9.48,588404
2015-08-19,9.08,9.77,8.75,9.73,459755
2015-08-20,9.96,10.56,9.87,10.06,576884
2015-08-21,10.66,10.94,10.03,10.27,819825
2015-08-24,9.6,10.99,9.14,9.88,972712
2015-08-25,9.31,10.38,8.79,8.79,650719
2015-08-26,8.24,8.78,7.81,7.81,666830
2015-08-27,7.57,8.09,7.1,8.0,526270
2015-08-28,8.0,8.59,7.61,8.51,516755
2015-08-31,8.19,8.34,7.82,8.01,309899
2015-09-01,8.07,8.36,7.62,8.33,503113
2015-09-02,7.73,8.11,7.45,7.69,368753
2015-09-07,7.37,7.93,7.37,7.61,261401
2015-09-08,7.53,7.82,7.42,7.78,173266
2015-09-09,7.96,8.28,7.87,8.25,372259
2015-09-10,8.03,8.04,7.79,7.86,295057
2015-09-11,7.96,8.04,7.72,7.83,147568
2015-09-14,7.83,8.17,7.2,7.77,387428
2015-09-15,7.47,7.61,7.01,7.03,234399
2015-09-16,6.96,7.75,6.96,7.58,258161
2015-09-17,7.77,8.0,7.57,7.6,317838
2015-09-18,7.88,7.9,7.41,7.55,230036
2015-09-21,7.64,7.86,7.62,7.8,206679
2015-09-22,7.8,7.94,7.71,7.84,218529
2015-10-08,8.19,8.34,8.07,8.2,276732
2015-10-09,8.17,9.12,8.03,8.89,372729
2015-10-12,8.93,9.72,8.88,9.22,680135
2015-10-13,8.95,9.02,8.75,8.93,271318
2015-10-14,9.08,9.36,8.91,8.94,347395
2015-10-15,9.21,9.31,8.98,9.2,372640
2015-10-16,9.21,9.22,8.95,9.18,302364
2015-10-19,9.16,9.18,8.91,9.02,285411
2015-10-20,8.95,9.07,8.8,9.06,217785
2015-10-21,9.1,9.33,8.38,8.44,469484
2015-10-22,8.2,8.56,8.11,8.56,334518
2015-10-23,8.52,8.77,8.34,8.72,305891
2015-10-26,8.71,8.79,8.54,8.67,256386
2015-10-27,8.54,8.66,8.35,8.63,218850
2015-10-28,8.55,8.96,8.52,8.78,379251
2015-10-29,8.54,8.64,8.47,8.57,247501
2015-10-30,8.39,8.43,8.14,8.31,244599
2015-11-02,8.19,8.26,8.11,8.14,167194
2015-11-03,8.18,8.25,8.1,8.22,151200
2015-11-04,8.11,8.5,8.1,8.49,312200
2015-11-05,8.4,8.81,8.34,8.62,467741
2015-11-06,8.62,8.91,8.51,8.89,439765
2015-11-09,8.76,8.84,8.52,8.76,462697
2015-11-10,8.98,9.72,8.87,9.55,820238
2015-11-11,9.33,9.33,9.05,9.16,543855
2015-11-12,9.13,9.3,8.91,9.04,367308
2015-11-13,8.89,9.0,8.7,8.88,284574
2015-11-16,9.17,9.5,9.1,9.46,656940
2015-11-17,9.21,9.3,9.01,9.07,607533
2015-11-18,8.93,9.01,8.85,8.95,221911
2015-11-19,9.02,9.08,8.9,9.05,208275
2015-11-20,9.21,9.26,8.99,9.05,234621
2015-11-23,8.95,9.15,8.88,8.93,269368
2015-11-24,8.94,8.94,8.72,8.83,203576
2015-11-25,9.13,9.33,9.06,9.24,570431
2015-11-26,9.04,9.29,8.95,9.08,394478
2015-11-27,9.04,9.04,8.37,8.68,357054
2015-11-30,8.49,8.54,8.12,8.37,313535
2015-12-01,8.41,8.63,8.35,8.45,200121
2015-12-02,8.4,8.62,8.26,8.59,217070
2015-12-03,8.44,8.61,8.39,8.59,171721
2015-12-04,8.69,9.02,8.68,8.69,334285
2015-12-07,9.1,9.26,9.01,9.18,534900
2015-12-08,8.95,9.29,8.86,9.18,338462
2015-12-09,9.16,9.77,9.15,9.41,447738
2015-12-10,9.41,9.46,9.21,9.27,204181
2015-12-11,9.19,9.85,9.0,9.63,422465
2015-12-14,9.7,10.69,9.63,10.69,675580
2015-12-15,10.48,10.74,10.21,10.55,563377
2015-12-16,10.58,10.83,10.35,10.6,399615
2015-12-17,10.68,10.68,10.16,10.43,578171
2015-12-18,10.15,10.17,9.91,10.08,414041
2015-12-21,10.16,10.23,10.05,10.14,334650
2015-12-22,10.33,10.39,10.04,10.14,345237
2015-12-23,10.09,10.11,9.72,9.87,275182
2015-12-24,9.8,10.06,9.79,10.0,210126
2015-12-25,10.08,10.08,9.82,9.86,162576
2015-12-28,9.87,10.03,9.72,9.75,289759
2015-12-29,9.66,9.97,9.57,9.93,220318
2015-12-30,10.01,10.01,9.79,9.94,164292
2015-12-31,9.82,9.95,9.66,9.72,125748
2016-01-04,9.68,9.95,8.7,9.04,234802
2016-01-05,9.21,9.69,9.05,9.68,331260
2016-01-06,9.47,10.39,9.41,10.17,481691
2016-01-07,10.28,10.57,9.72,9.77,188670
2016-01-08,10.35,10.74,9.95,10.56,647717
2016-01-11,10.23,10.95,10.16,10.26,531773
2016-01-12,9.84,9.86,9.13,9.13,481654
2016-01-13,8.96,8.98,8.47,8.49,345614
2016-01-14,8.26,8.67,8.19,8.57,232542
2016-01-15,8.29,8.34,7.98,8.11,221007
2016-01-18,7.93,8.36,7.83,8.15,146441
2016-01-19,8.08,8.36,7.97,8.35,175516
2016-01-20,8.19,8.98,8.15,8.64,251401
2016-01-21,8.68,8.95,8.49,8.58,273049
2016-01-22,8.49,8.52,8.19,8.37,152044
2016-01-25,8.38,8.57,8.33,8.51,108065
2016-01-26,8.67,8.83,8.14,8.59,276178
2016-01-27,8.63,8.75,8.13,8.3,235628
2016-01-28,8.1,8.25,7.37,7.39,212924
2016-01-29,7.37,7.66,7.16,7.52,153283
2016-02-01,7.52,8.06,7.5,7.87,219762
2016-02-02,7.94,8.13,7.83,8.02,134791
2016-02-03,7.93,8.44,7.86,8.24,133765
2016-02-04,8.78,9.1,8.54,8.58,262348
2016-02-05,8.98,9.54,8.98,9.54,602243
2016-02-15,10.6,10.6,10.32,10.6,384218
2016-02-16,10.55,10.94,10.34,10.68,1076857
2016-02-17,10.28,10.7,10.18,10.55,654450
2016-02-18,10.55,10.63,10.24,10.33,518880
2016-02-19,10.53,10.57,9.89,10.07,571071
2016-02-22,9.92,10.26,9.81,10.18,398153
2016-02-23,10.02,10.94,9.92,10.88,703006
2016-02-24,10.74,12.06,10.58,11.44,801238
2016-02-25,11.56,12.16,10.99,11.21,786702
2016-02-26,11.31,11.7,10.73,11.66,503432
2016-02-29,11.23,12.29,11.0,11.89,653751
2016-03-01,12.07,12.92,12.07,12.75,756021
2016-03-02,12.25,12.9,12.16,12.85,587358
2016-03-03,12.83,13.29,12.39,13.27,639370
2016-03-04,13.69,13.88,13.09,13.18,601746
2016-03-07,13.19,14.48,12.59,14.12,692686
2016-03-08,13.81,14.27,13.15,13.63,564448
2016-03-09,12.8,13.13,12.53,12.56,447417
2016-03-10,12.32,13.36,12.19,12.83,518469
2016-03-11,13.44,13.9,13.08,13.19,487061
2016-03-14,12.75,13.44,12.56,13.37,499916
2016-03-15,12.77,12.77,12.17,12.32,538649
2016-03-16,12.18,12.7,12.1,12.54,410743
2016-03-17,12.98,13.04,12.5,12.68,540088
2016-03-18,12.79,13.24,12.71,12.91,491291
2016-03-21,12.65,13.01,12.41,12.86,577707
2016-03-22,12.57,13.32,12.47,13.27,720357
2016-03-23,12.99,13.35,12.56,12.8,537863
2016-03-24,12.17,12.68,11.96,12.29,512766
2016-03-25,12.2,12.3,11.8,11.91,312327
2016-03-28,11.86,12.25,11.8,12.08,302712
2016-03-29,12.05,12.45,11.76,12.23,400039
2016-03-30,12.77,12.84,12.29,12.46,437079
2016-03-31,12.27,12.57,12.12,12.41,297570
2016-04-01,12.41,12.93,12.28,12.68,406111
2016-04-05,12.51,12.84,12.21,12.78,326806
2016-04-06,12.84,13.29,12.78,12.87,450964
2016-04-07,12.68,13.01,12.5,12.9,322225
2016-04-08,13.05,14.26,13.05,14.24,774437
2016-04-11,14.31,15.27,13.83,14.5,628750
2016-04-12,14.53,15.19,14.29,14.5,551497
2016-04-13,14.31,14.86,14.27,14.72,455092
2016-04-14,14.31,14.43,14.11,14.2,358394
2016-04-15,13.94,14.49,13.75,14.22,315805
2016-04-18,14.31,14.56,14.05,14.21,319122
2016-04-19,14.0,14.55,13.79,14.52,273417
2016-04-20,14.89,15.11,13.75,14.26,527262
2016-04-21,13.97,15.07,13.85,14.83,450313
2016-04-22,14.21,14.56,13.85,14.01,325728
2016-04-25,13.64,13.8,13.3,13.46,246424
2016-04-26,13.62,13.73,13.06,13.24,234925
2016-04-27,13.49,14.1,13.3,14.08,319612
2016-04-28,13.74,14.46,13.59,14.15,390253
2016-04-29,14.6,15.1,14.47,14.56,444743
2016-05-03,15.33,15.74,15.09,15.58,471264
2016-05-04,15.24,15.49,15.13,15.34,316731
2016-05-05,15.28,15.82,15.18,15.3,339121
2016-05-06,15.11,15.61,14.83,15.08,384720
2016-05-09,15.11,15.12,13.78,14.07,389793
2016-05-10,13.48,13.98,13.47,13.88,251425
2016-05-11,14.03,14.76,13.81,14.66,304896
2016-05-12,14.38,14.79,14.31,14.47,269144
2016-05-13,14.31,15.23,14.13,15.06,336565
2016-05-16,14.82,15.82,14.78,15.64,401667
2016-05-17,15.48,16.09,15.21,15.24,384869
2016-05-18,15.4,15.63,14.83,15.31,290072
2016-05-19,14.56,15.15,14.54,15.0,379340
2016-05-20,14.77,14.91,14.26,14.56,314845
2016-05-23,14.56,14.79,14.41,14.65,211516
2016-05-24,14.44,14.56,14.23,14.47,208306
2016-05-25,14.05,14.23,13.8,13.95,338765
2016-05-26,14.1,14.3,13.95,14.17,248578
2016-05-27,13.95,14.21,13.85,14.05,218458
2016-05-30,13.75,13.77,13.42,13.59,248246
2016-05-31,13.69,14.13,13.69,14.1,294360
2016-06-01,14.21,14.28,13.95,14.11,273584
2016-06-02,14.01,14.34,13.88,14.15,254170
2016-06-03,13.95,14.05,13.86,13.97,234904
2016-06-06,14.81,15.26,14.72,15.09,556776
2016-06-07,15.1,15.16,14.6,14.73,291811
2016-06-08,14.75,15.06,14.75,14.94,259314
2016-06-13,15.53,16.45,15.18,16.28,657834
2016-06-14,16.18,16.63,15.84,16.21,455449
2016-06-15,16.37,17.71,15.84,17.33,576605
2016-06-16,17.51,18.81,17.27,18.73,591523
2016-06-17,17.91,18.49,17.82,17.99,585065
2016-06-20,18.02,18.02,17.32,17.58,374190
2016-06-21,17.52,17.52,16.7,17.2,530007
2016-06-22,16.8,17.21,16.46,16.95,431686
2016-06-23,16.86,17.25,16.55,17.04,395801
2016-06-24,17.4,18.84,16.89,18.84,1021333
2016-06-27,19.21,19.75,18.95,19.18,780371
2016-06-28,19.09,19.65,18.59,19.2,629012
2016-06-29,18.9,19.6,18.72,19.45,553249
2016-06-30,19.03,19.41,18.71,18.9,384965
2016-07-01,19.13,20.48,19.11,19.87,587655
2016-07-04,20.53,21.71,20.02,21.05,568938
2016-07-05,20.66,21.47,20.28,21.33,524319
2016-07-06,22.01,23.53,22.01,23.03,774963
2016-07-07,23.05,25.06,22.59,23.65,774871
2016-07-08,22.78,23.38,22.58,22.79,435116
2016-07-11,23.54,24.95,23.54,23.9,718884
2016-07-12,23.29,23.88,22.9,23.41,428340
2016-07-13,22.25,23.7,22.11,23.48,475189
2016-07-14,23.57,23.96,22.88,22.98,393203
2016-07-15,22.68,23.73,22.41,23.09,439105
2016-07-18,23.03,23.63,22.52,23.21,398709
2016-07-19,22.93,23.39,22.69,23.03,266381
2016-07-20,23.01,23.13,21.76,21.93,447722
2016-07-21,21.45,21.73,20.95,21.39,398370
2016-07-22,21.81,21.86,21.04,21.18,324105
2016-07-25,20.76,20.96,20.39,20.55,306772
2016-07-26,20.78,22.16,20.74,22.1,560088
2016-07-27,21.86,23.03,20.85,22.99,711890
2016-07-28,23.54,23.54,22.63,22.91,646229
2016-07-29,22.6,23.3,22.32,22.43,389263
2016-08-01,22.93,23.29,22.53,22.74,392507
2016-08-02,22.52,22.88,22.14,22.65,319893
2016-08-03,23.15,23.28,22.83,22.99,356593
2016-08-04,22.48,22.62,22.15,22.27,349050
2016-08-05,22.47,22.51,22.12,22.42,248340
2016-08-08,21.18,21.44,20.23,20.46,768385
2016-08-09,20.38,20.58,20.23,20.5,309867
2016-08-10,20.8,21.92,20.74,21.76,614416
2016-08-11,21.19,21.42,20.96,21.08,345222
2016-08-12,20.84,21.1,20.79,21.06,207041
2016-08-15,20.9,21.39,20.76,21.25,345740
2016-08-16,21.34,22.21,21.04,21.84,539260
2016-08-17,21.5,21.54,21.2,21.26,319900
2016-08-18,21.53,21.84,21.28,21.31,294982
2016-08-19,21.07,21.07,20.75,20.93,243125
2016-08-22,20.48,20.82,20.38,20.68,192911
2016-08-23,20.68,21.05,20.49,20.96,211154
2016-08-24,20.75,21.03,20.74,20.84,161420
2016-08-25,20.18,20.57,20.08,20.49,220796
2016-08-26,20.43,20.79,20.4,20.54,158197
2016-08-29,20.18,20.43,20.09,20.36,178608
2016-08-30,20.61,20.67,20.15,20.26,230407
2016-08-31,20.03,20.43,19.97,20.35,198134
2016-09-01,20.23,20.93,20.19,20.66,318758
2016-09-02,20.74,21.23,20.64,20.7,320896
2016-09-05,21.12,21.28,20.72,20.91,248901
2016-09-06,20.85,20.85,20.18,20.7,221426
2016-09-07,21.25,21.43,20.94,21.07,402542
2016-09-08,20.9,20.97,20.71,20.87,167801
2016-09-09,20.53,20.69,20.31,20.38,213860
2016-09-12,19.84,19.84,18.9,19.06,375257
2016-09-13,19.21,19.35,18.91,19.05,174359
2016-09-14,18.7,19.56,18.13,19.37,309192
2016-09-19,19.07,19.53,19.07,19.33,165235
2016-09-20,19.38,19.56,19.09,19.21,158502
2016-09-21,19.24,19.72,19.04,19.66,324009
2016-09-22,20.18,20.32,19.71,19.72,352699
2016-09-23,19.77,19.91,19.46,19.55,152229
2016-09-26,19.51,19.51,18.71,18.77,184917
2016-09-27,18.56,19.1,18.56,18.86,141698
2016-09-28,18.59,18.7,18.28,18.29,212266
2016-09-29,18.36,18.41,18.21,18.22,167247
2016-09-30,18.26,18.57,18.24,18.54,202072
2016-10-10,17.42,17.97,17.32,17.93,356751
2016-10-11,17.77,18.49,17.68,18.37,322096
2016-10-12,18.15,18.37,18.1,18.22,151190
2016-10-13,18.21,18.6,18.21,18.37,185615
2016-10-14,18.19,18.31,17.86,18.06,176009
2016-10-17,18.06,19.04,17.99,18.94,360751
2016-10-18,18.75,19.1,18.6,19.05,305276
2016-10-19,19.08,19.23,18.89,18.94,204922
2016-10-20,19.02,19.15,18.82,18.93,176141
2016-10-21,18.7,18.89,18.45,18.74,164635
2016-10-24,18.67,18.73,18.32,18.72,216301
2016-10-25,18.69,19.38,18.63,19.25,345423
2016-10-26,19.35,19.81,19.12,19.45,331833
2016-10-27,19.12,19.51,18.98,19.26,169970
2016-10-28,19.21,19.69,19.15,19.25,180820
2016-10-31,19.62,20.08,19.51,19.83,395631
2016-11-01,19.85,20.44,19.57,20.43,355630
2016-11-02,20.94,22.13,20.7,21.86,671183
2016-11-03,22.01,22.01,21.37,21.49,570827
2016-11-04,21.38,21.38,20.74,20.79,402504
2016-11-07,20.37,20.66,20.27,20.52,308805
2016-11-08,20.06,20.45,20.05,20.41,299313
2016-11-09,20.24,22.55,20.19,22.55,1253241
2016-11-10,20.99,21.44,20.81,21.35,747284
2016-11-11,20.84,20.87,20.39,20.7,661449
2016-11-14,19.67,19.87,19.48,19.66,684316
2016-11-15,19.8,19.98,19.7,19.79,415378
2016-11-16,19.8,19.96,19.59,19.82,303738
2016-11-17,19.77,19.91,19.65,19.74,239905
2016-11-18,19.48,19.48,18.95,19.05,441934
2016-11-21,19.0,19.24,18.97,19.22,293739
2016-11-22,19.29,19.38,19.11,19.18,278503
2016-11-23,19.17,19.31,19.0,19.28,309819
2016-11-24,18.58,18.95,18.45,18.72,488929
2016-11-25,18.5,18.59,18.22,18.37,353479
2016-11-28,18.61,18.85,18.57,18.68,452873
2016-11-29,18.7,18.77,18.43,18.55,333489
2016-11-30,18.44,18.64,18.34,18.51,243976
2016-12-01,18.23,18.84,18.11,18.82,390173
2016-12-02,18.78,19.12,18.64,18.86,462046
2016-12-05,18.78,18.78,18.06,18.09,352475
2016-12-06,18.08,18.27,17.88,17.91,260188
2016-12-07,17.91,17.97,17.68,17.96,163287
2016-12-08,18.1,18.49,18.01,18.33,339716
2016-12-09,18.03,18.53,17.99,18.44,264625
2016-12-12,18.18,18.77,18.12,18.47,481765
2016-12-13,18.55,18.72,17.68,18.05,290190
2016-12-14,17.99,19.09,17.83,19.0,645672
2016-12-15,18.24,18.34,17.83,18.03,664979
2016-12-16,17.57,17.68,17.23,17.65,493738
2016-12-19,17.7,17.72,17.41,17.62,246211
2016-12-20,17.47,17.59,17.33,17.36,203109
2016-12-21,17.23,17.53,17.18,17.49,189346
2016-12-22,17.41,17.41,17.19,17.25,192813
2016-12-23,17.23,17.39,17.07,17.12,160658
2016-12-26,17.06,17.07,16.57,16.87,230483
2016-12-27,16.81,17.19,16.71,17.12,177349
2016-12-28,17.18,17.36,17.11,17.24,195588
2016-12-29,17.42,17.88,17.42,17.64,423127
2016-12-30,18.11,18.19,17.63,17.68,263941
2017-01-03,17.62,17.87,17.51,17.81,157655
2017-01-04,17.83,17.95,17.68,17.88,184021
2017-01-05,18.08,18.54,17.94,18.25,401908
2017-01-06,18.37,18.59,18.03,18.08,308373
2017-01-09,18.02,18.02,17.69,17.82,188816
2017-01-10,18.01,18.17,17.88,18.15,228129
2017-01-11,18.17,18.19,17.87,17.99,138440
2017-01-12,18.08,18.29,18.03,18.28,221514
2017-01-13,18.11,18.11,17.64,17.71,191172
2017-01-16,17.73,18.03,17.28,17.95,262276
2017-01-17,17.86,18.47,17.74,18.34,298405
2017-01-18,18.47,18.67,18.28,18.49,358512
2017-01-19,18.19,18.19,17.87,18.0,192378
2017-01-20,17.99,18.23,17.94,18.08,142859
2017-01-23,18.22,18.63,18.22,18.36,220191
2017-01-24,18.56,18.56,18.25,18.27,150925
2017-01-25,17.93,18.14,17.86,18.0,166950
2017-01-26,17.86,17.99,17.78,17.94,157135
2017-02-03,18.36,18.49,18.12,18.13,214280
2017-02-06,18.28,18.5,18.28,18.35,162485
2017-02-07,18.57,18.89,18.39,18.8,378648
2017-02-08,18.64,18.85,18.55,18.66,216695
2017-02-09,18.78,18.84,18.59,18.69,221739
2017-02-10,18.34,18.43,18.27,18.36,218962
2017-02-13,18.34,18.48,18.28,18.38,178252
2017-02-14,18.27,18.32,18.09,18.31,166229
2017-02-15,18.2,18.23,17.93,17.96,201258
2017-02-16,18.09,18.15,17.96,18.04,142255
2017-02-17,18.18,18.18,17.97,18.03,126219
2017-02-20,17.93,17.99,17.71,17.97,126515
2017-02-21,17.87,18.05,17.71,18.04,169541
2017-02-22,18.02,18.12,17.86,17.93,145540
2017-02-23,17.89,18.06,17.78,17.96,197389
2017-02-24,18.24,18.24,17.99,18.19,247857
2017-02-27,18.21,18.44,18.13,18.16,255702
2017-02-28,17.99,18.05,17.88,17.97,155176
2017-03-01,17.78,17.87,17.73,17.84,156766
2017-03-02,17.82,17.86,17.62,17.66,172187
2017-03-03,17.42,17.42,17.1,17.19,267847
2017-03-06,17.19,17.29,17.12,17.25,126655
2017-03-07,17.18,17.32,17.11,17.29,140913
2017-03-08,17.18,17.26,17.12,17.17,132288
2017-03-09,17.11,17.11,16.91,17.0,160088
2017-03-10,16.86,17.04,16.85,17.0,114546
2017-03-13,17.0,17.53,17.0,17.5,302746
2017-03-14,17.37,17.51,17.28,17.41,145009
2017-03-15,17.37,17.6,17.31,17.52,163834
2017-03-16,17.85,18.01,17.53,17.59,277477
2017-03-17,17.59,17.69,17.38,17.43,175474
2017-03-20,17.56,17.63,17.31,17.4,148611
2017-03-21,17.41,17.41,17.12,17.19,157504
2017-03-22,17.42,17.6,17.33,17.41,219414
2017-03-23,17.42,17.83,17.18,17.68,342038
2017-03-24,17.48,17.53,17.32,17.37,194686
2017-03-27,17.57,17.86,17.44,17.82,357199
2017-03-28,17.69,17.86,17.59,17.66,224225
2017-03-29,18.19,18.19,17.66,17.71,390975
2017-03-30,17.78,17.8,17.24,17.29,216955
2017-03-31,17.14,17.32,17.11,17.31,130708
2017-04-05,17.31,17.52,17.22,17.48,156821
2017-05-18,15.74,16.65,15.64,15.64,524798
2017-05-19,14.93,15.16,14.41,14.51,392328
2017-05-22,14.51,14.7,14.32,14.38,183745
2017-05-23,14.53,14.6,13.35,13.68,262850
2017-05-24,13.49,13.49,12.6,13.09,265949
2017-05-25,13.08,13.22,12.84,13.17,185189
2017-05-26,13.09,13.73,13.04,13.59,209406
2017-05-31,13.59,13.66,13.45,13.62,120326
2017-06-01,13.67,13.67,13.07,13.18,149629
2017-06-02,13.11,13.32,12.86,13.26,130897
2017-06-05,13.54,14.25,13.49,14.06,300371
2017-06-06,14.1,14.29,13.83,14.21,178695
2017-06-07,14.39,14.4,14.09,14.3,195510
2017-06-08,14.18,14.22,14.05,14.12,143002
2017-06-09,13.9,13.95,13.77,13.88,147573
2017-06-12,13.69,14.06,13.62,13.93,147924
2017-06-13,13.81,14.12,13.78,14.02,123690
2017-06-14,14.02,14.23,13.99,14.13,147630
2017-06-15,14.01,14.07,13.8,13.99,151292
2017-06-16,13.8,13.88,13.69,13.8,147414
2017-06-19,13.78,13.79,13.68,13.75,91440
2017-06-20,13.72,13.93,13.69,13.86,126209
2017-06-21,13.88,13.9,13.78,13.85,103907
2017-06-22,13.96,14.19,13.86,14.02,212008
2017-06-23,13.95,13.99,13.68,13.92,149616
2017-06-26,13.91,14.04,13.84,13.96,128642
2017-06-27,13.82,14.08,13.75,13.99,179570
2017-06-28,13.9,14.09,13.88,14.0,165869
2017-06-29,13.96,14.07,13.9,13.95,114712
2017-06-30,13.82,14.0,13.77,13.86,115615
2017-07-03,13.8,13.87,13.68,13.8,128584
2017-07-04,13.64,13.86,13.59,13.85,159701
2017-07-05,13.82,13.87,13.78,13.85,100686
2017-07-06,13.88,14.23,13.85,14.15,269587
2017-07-07,14.05,14.39,13.97,14.34,224362
2017-07-10,14.17,14.33,14.05,14.06,185915
2017-07-11,14.08,14.15,13.93,13.96,134921
2017-07-12,14.09,14.24,14.0,14.13,143367
2017-07-13,14.21,15.0,14.03,14.86,445326
2017-07-14,14.61,14.84,14.56,14.73,199748
2017-07-17,14.91,15.63,14.36,15.09,494752
2017-07-18,15.07,15.42,14.94,15.25,320767
2017-07-19,15.35,15.94,15.35,15.65,434759
2017-07-20,15.43,15.48,15.28,15.35,270116
2017-07-21,15.38,15.68,15.05,15.34,242127
2017-07-24,15.51,15.61,15.12,15.23,204128
2017-07-25,15.1,15.11,14.77,14.9,236382
2017-07-26,14.69,15.07,14.68,14.9,168739
2017-07-27,15.13,15.26,14.93,15.02,205110
2017-07-28,15.0,15.0,14.75,14.85,161699
2017-07-31,15.0,15.41,14.95,15.39,298296
2017-08-01,15.41,15.84,15.1,15.58,354334
2017-08-02,15.37,15.78,15.28,15.31,274046
2017-08-03,15.24,15.47,15.19,15.29,169867
2017-08-04,15.33,16.19,15.31,16.02,512016
2017-08-07,15.6,15.76,15.46,15.71,276948
2017-08-08,15.54,16.07,15.53,15.64,263550
2017-08-09,15.74,16.0,15.63,15.88,219559
2017-08-10,16.18,16.59,16.03,16.43,529959
2017-08-11,16.76,17.55,16.48,16.54,774677
2017-08-14,16.57,16.57,16.0,16.43,361661
2017-08-15,16.04,16.14,15.86,16.09,325492
2017-08-16,15.89,15.94,15.7,15.75,259175
2017-08-17,16.04,16.16,15.89,16.03,277668
2017-08-18,16.0,16.27,15.89,15.97,222689
2017-08-21,15.88,16.02,15.74,15.99,172301
2017-08-22,15.98,16.03,15.85,15.87,127369
2017-08-23,15.72,15.77,15.45,15.52,204250
2017-08-24,15.52,15.61,15.22,15.29,150147
2017-08-25,15.21,15.51,15.16,15.45,122072
2017-08-28,15.59,15.92,15.48,15.91,232630
2017-08-29,16.42,16.43,16.0,16.06,331426
2017-08-30,15.92,16.03,15.79,15.93,163351
2017-08-31,15.69,15.85,15.68,15.76,144421
2017-09-01,15.9,16.18,15.84,16.09,259683
2017-09-04,16.44,16.69,16.19,16.68,442335
2017-09-05,16.45,16.58,16.3,16.34,244759
2017-09-06,16.48,16.69,16.36,16.39,269284
2017-09-07,16.19,16.34,16.07,16.15,184482
2017-09-08,16.35,16.65,16.26,16.42,286689
2017-09-11,16.06,16.14,15.95,16.08,224789
2017-09-12,15.89,15.93,15.77,15.87,220540
2017-09-13,15.87,15.93,15.73,15.81,135749
2017-09-14,15.69,15.72,15.54,15.72,120711
2017-09-15,15.84,15.86,15.71,15.78,101904
2017-09-18,15.63,15.66,15.51,15.62,113719
2017-09-19,15.62,15.62,15.39,15.5,134669
2017-09-20,15.54,15.71,15.49,15.69,125807
2017-09-21,15.43,15.43,15.09,15.1,243061
2017-09-22,15.1,15.21,14.82,15.17,150437
2017-09-25,14.97,15.25,14.92,15.22,117039
2017-09-26,15.41,15.43,15.26,15.3,91777
2017-09-27,15.11,15.2,15.02,15.11,73198
2017-09-28,14.92,15.12,14.92,15.02,89090
2017-09-29,15.01,15.15,15.01,15.14,79746
2017-10-09,15.12,15.25,15.06,15.21,110853
2017-10-10,15.2,15.25,15.1,15.17,99581
2017-10-11,15.23,15.23,14.99,15.02,115359
2017-10-12,15.07,15.13,14.93,15.07,98745
2017-10-13,15.07,15.1,14.97,15.01,76461
2017-10-16,14.97,15.01,14.51,14.71,183094
2017-10-17,14.56,14.56,14.31,14.36,110035
2017-10-18,14.26,14.55,14.19,14.54,100339
2017-10-19,14.46,14.57,14.31,14.56,103143
2017-10-20,14.56,14.56,14.39,14.5,48750
2017-10-23,14.5,14.5,14.28,14.35,53977
2017-10-24,14.36,14.65,14.33,14.57,85343
2017-10-25,14.47,14.65,14.37,14.55,72107
2017-10-26,14.55,14.63,14.5,14.6,68492
2017-10-27,14.41,14.45,14.27,14.3,100137
2017-10-30,14.32,14.36,13.85,14.04,126613
2017-10-31,14.07,14.23,14.04,14.16,51636
2017-11-01,14.0,14.24,14.0,14.23,70620
2017-11-02,14.22,14.6,14.18,14.5,145429
2017-11-03,14.46,14.56,14.26,14.55,117753
2017-11-06,14.36,14.49,14.31,14.4,69661
2017-11-07,14.46,14.7,14.41,14.5,111678
2017-11-08,14.51,14.56,14.36,14.51,90425
2017-11-09,14.51,14.59,14.42,14.52,84121
2017-11-10,14.56,14.59,14.38,14.4,94210
2017-11-13,14.25,14.29,13.99,14.11,133798
2017-11-14,14.06,14.17,14.01,14.11,68303
2017-11-15,14.16,14.75,14.16,14.74,303110
2017-11-16,14.61,14.75,14.49,14.7,154263
2017-11-17,14.69,15.05,14.63,14.94,270322
2017-11-20,15.08,15.26,14.72,14.83,195220
2017-11-21,14.63,14.93,14.46,14.91,161073
2017-11-22,14.92,15.23,14.67,15.2,260219
2017-11-23,15.22,15.36,15.07,15.14,237931
2017-11-24,15.0,15.14,14.77,15.0,144631
2017-11-27,14.92,15.06,14.57,15.04,163851
2017-11-28,14.94,15.25,14.94,14.98,130388
2017-11-29,14.91,15.15,14.77,15.11,169336
2017-11-30,14.87,14.95,14.37,14.48,219979
2017-12-01,14.24,14.46,14.15,14.37,129760
2017-12-04,14.33,14.33,14.01,14.11,147518
2017-12-05,14.14,14.55,14.12,14.45,211356
2017-12-06,14.23,14.51,14.06,14.3,134047
2017-12-07,14.21,14.83,14.13,14.46,186733
2017-12-08,14.25,14.41,14.16,14.28,152032
2017-12-11,14.26,14.35,14.13,14.33,92890
2017-12-12,14.24,14.45,14.2,14.36,99284
2017-12-13,14.32,14.44,14.27,14.39,93332
2017-12-14,14.56,14.79,14.52,14.53,187168
2017-12-15,14.45,14.84,14.41,14.8,193828
2017-12-18,14.71,14.9,14.56,14.76,152419
2017-12-19,14.72,14.74,14.55,14.6,134552
2017-12-20,14.59,14.66,14.34,14.35,106066
2017-12-21,14.31,14.46,14.26,14.32,99738
2017-12-22,14.29,14.44,14.23,14.34,59403
2017-12-25,14.41,14.66,14.27,14.64,174731
2017-12-26,14.64,14.64,14.46,14.56,89865
2017-12-27,14.61,14.74,14.5,14.55,117353
2017-12-28,14.63,15.15,14.48,14.94,265563
2017-12-29,14.94,15.1,14.8,15.01,172719
2018-01-02,15.15,15.26,14.93,15.21,205354
2018-01-03,15.48,15.75,15.23,15.24,309203
2018-01-04,15.07,15.22,14.93,15.21,171752
2018-01-05,15.34,15.62,15.24,15.41,274222
2018-01-08,15.34,15.76,15.27,15.62,280367
2018-01-09,15.53,15.57,15.35,15.37,146491
2018-01-10,15.23,15.42,14.9,15.05,176728
2018-01-11,15.15,15.4,15.07,15.22,152866
2018-01-12,15.1,15.86,15.1,15.73,346776
2018-01-15,16.09,16.26,15.84,15.94,419308
2018-01-16,15.94,16.11,15.71,16.07,236874
2018-01-17,16.02,16.5,15.79,16.0,334582
2018-01-18,15.58,15.69,15.37,15.52,234075
2018-01-19,15.4,15.73,15.28,15.7,194391
2018-01-22,15.61,15.65,15.44,15.53,151812
2018-01-23,15.51,15.96,15.5,15.8,218503
2018-01-24,15.88,15.98,15.66,15.87,196328
2018-01-25,16.23,16.55,16.09,16.36,458637
2018-01-26,15.94,16.12,15.9,16.0,240793
2018-01-29,15.89,16.09,15.51,15.62,246108
2018-01-30,15.41,15.52,15.15,15.19,188428
2018-01-31,15.24,15.41,14.99,15.32,185796
2018-02-01,15.21,15.27,14.41,14.52,242505
2018-02-02,14.42,14.8,14.28,14.7,178729
2018-02-05,14.26,14.49,14.09,14.44,175190
2018-02-06,14.47,15.26,14.47,14.74,381103
2018-02-07,14.22,14.74,14.22,14.47,248921
2018-02-08,14.19,14.19,12.98,13.05,455930
2018-02-09,13.06,13.33,11.68,12.18,400413
2018-02-12,11.99,12.33,11.9,12.24,182809
2018-02-13,12.27,12.52,12.21,12.35,161165
2018-02-14,12.43,12.75,12.36,12.71,158230
2018-02-22,12.46,12.68,12.36,12.62,231688
2018-02-23,12.58,12.59,12.41,12.5,148421
2018-02-26,12.5,12.76,12.46,12.73,198667
2018-02-27,12.69,12.69,12.41,12.56,164198
2018-02-28,12.31,12.44,12.16,12.38,134347
2018-03-01,12.27,12.38,12.21,12.36,100570
2018-03-02,12.37,12.86,12.36,12.81,299506
2018-03-05,12.86,13.01,12.66,12.78,185918
2018-03-06,12.69,12.82,12.54,12.81,160539
2018-03-07,13.06,13.12,12.86,12.88,240154
2018-03-08,12.7,13.18,12.66,13.06,193399
2018-03-09,12.92,13.01,12.8,12.98,185625
2018-03-12,12.98,13.07,12.87,13.01,176472
2018-03-13,13.02,13.13,12.95,12.97,143545
2018-03-14,13.09,13.16,13.01,13.04,165936
2018-03-15,13.04,13.04,12.76,12.78,128553
2018-03-16,12.66,12.95,12.58,12.79,115861
2018-03-19,12.73,12.9,12.7,12.75,111762
2018-03-20,12.89,13.06,12.85,12.93,171659
2018-03-21,12.82,13.69,12.79,13.52,364025
2018-03-22,13.49,13.58,13.18,13.19,302747
2018-03-23,13.63,14.43,13.33,14.01,779664
2018-03-26,14.25,14.96,13.85,13.95,676552
2018-03-27,13.66,14.73,13.44,14.53,551709
2018-03-28,14.16,14.71,14.06,14.2,431240
2018-03-29,13.84,14.11,13.7,13.86,316974
2018-03-30,13.76,13.99,13.7,13.96,226469
2018-04-02,14.06,14.96,14.06,14.89,533856
2018-04-03,15.06,15.33,14.57,15.0,593719
2018-04-04,14.69,15.47,14.6,15.28,578258
2018-04-09,14.96,15.57,14.85,14.98,452349
2018-04-10,14.99,15.09,14.61,14.66,292165
2018-04-11,14.68,15.54,14.36,15.47,540426
2018-04-12,15.31,15.92,15.22,15.5,599527
2018-04-13,14.88,15.21,14.79,15.05,334843
2018-04-16,15.24,15.54,15.04,15.07,358088
2018-04-17,15.07,15.26,14.6,15.24,337566
2018-04-18,14.89,15.06,14.68,14.9,242538
2018-04-19,14.82,15.19,14.68,15.06,273611
2018-04-20,14.88,15.13,14.76,14.79,221474
2018-04-23,14.38,14.47,13.56,13.66,330315
2018-04-24,13.43,13.65,13.21,13.64,234360
2018-04-25,13.66,13.81,13.53,13.55,178712
2018-04-26,13.47,13.76,13.34,13.55,157835
2018-04-27,13.33,13.52,13.26,13.39,122623
2018-05-02,13.28,13.28,12.99,13.14,145683
2018-05-03,13.2,13.37,13.15,13.29,122787
2018-05-04,13.29,13.63,13.25,13.57,176188
2018-05-07,13.61,13.64,13.44,13.62,147500
2018-05-08,13.61,13.85,13.54,13.84,152946
2018-05-09,13.63,13.77,13.57,13.67,113018
2018-05-10,13.68,13.79,13.59,13.67,89881
2018-05-11,13.75,13.91,13.7,13.81,134338
2018-05-14,13.79,13.8,13.45,13.46,149067
2018-05-15,13.3,13.43,13.18,13.36,133387
2018-05-16,13.07,13.07,12.87,13.04,223191
2018-05-17,12.97,13.12,12.94,12.95,138806
2018-05-18,12.92,13.2,12.88,13.08,101020
2018-05-21,12.93,13.12,12.87,13.04,158413
2018-05-22,13.08,13.14,13.01,13.1,106801
2018-05-23,13.13,13.16,12.95,12.99,101688
2018-05-24,13.04,13.12,12.98,13.11,90150
2018-05-25,13.34,13.36,13.18,13.23,151779
2018-05-28,13.07,13.07,12.72,12.77,144106
2018-05-29,12.75,12.96,12.75,12.86,67849
2018-05-30,13.07,13.91,13.07,13.75,415697
2018-05-31,13.4,13.88,13.25,13.63,296603
2018-06-01,13.6,13.7,13.36,13.45,203558
2018-06-04,13.06,13.28,13.04,13.1,147814
2018-06-05,13.03,13.26,12.95,13.23,103854
2018-06-06,13.27,13.53,13.24,13.49,161165
2018-06-07,13.35,13.62,13.32,13.54,131040
2018-06-08,13.51,13.56,13.07,13.23,133030
2018-06-11,13.27,13.55,13.24,13.47,153017
2018-06-12,13.35,13.47,13.24,13.39,101113
2018-06-13,13.24,13.51,13.23,13.39,126903
2018-06-14,13.36,13.57,13.3,13.54,166442
2018-06-15,13.54,13.55,12.58,12.9,246848
2018-06-19,12.51,13.03,11.68,11.99,277603
2018-06-20,11.95,11.95,11.49,11.79,166421
2018-06-21,11.67,11.79,11.36,11.39,163769
2018-06-22,11.39,11.61,11.36,11.6,115769
2018-06-25,11.66,11.66,11.49,11.54,92974
2018-06-26,11.45,11.45,11.22,11.43,101045
2018-06-27,11.28,11.51,11.27,11.47,111199
2018-06-28,11.38,11.45,11.16,11.22,97674
2018-06-29,11.16,11.38,10.97,11.37,126566
2018-07-02,11.35,11.43,11.0,11.07,122127
2018-07-03,10.95,11.14,10.87,11.12,89867
2018-07-04,11.45,12.07,11.36,11.91,297573
2018-07-05,11.72,11.89,11.54,11.56,173232
2018-07-06,11.52,11.75,11.16,11.62,154490
2018-07-09,11.54,11.7,11.35,11.69,118408
2018-07-10,11.66,11.69,11.39,11.52,150477
2018-07-11,11.46,11.74,11.32,11.41,149543
2018-07-12,11.06,11.49,11.02,11.46,160019
2018-07-13,11.36,11.43,11.3,11.36,94943
2018-07-16,11.34,11.39,11.23,11.33,68111
2018-07-17,11.16,11.33,11.16,11.33,53536
2018-07-18,11.16,11.34,11.13,11.25,83870
2018-07-19,11.19,11.29,10.98,11.01,102219
2018-07-20,11.04,11.21,10.95,11.16,125057
2018-07-23,11.33,11.37,11.21,11.32,108110
2018-07-24,11.2,11.49,11.15,11.48,178475
2018-07-25,11.48,11.74,11.46,11.67,204048
2018-07-26,11.7,11.71,11.47,11.54,122297
2018-07-27,11.41,11.46,11.33,11.38,94168
2018-07-30,11.41,11.65,11.39,11.52,127203
2018-07-31,11.51,11.71,11.47,11.64,119563
2018-08-01,11.57,11.64,11.42,11.45,84953
2018-08-02,11.45,11.56,10.76,10.95,171095
2018-08-03,10.8,10.84,10.57,10.59,121350
2018-08-06,10.6,10.68,10.07,10.19,128697
2018-08-07,10.18,10.42,9.9,10.39,104414
2018-08-08,10.32,10.88,10.26,10.61,145178
2018-08-09,10.6,10.79,10.35,10.66,113071
2018-08-10,10.56,10.73,10.55,10.59,69834
2018-08-13,10.67,10.98,10.67,10.86,149742
2018-08-14,10.61,10.77,10.49,10.73,88660
2018-08-15,10.69,10.69,10.49,10.54,67870
2018-08-16,10.16,10.47,10.12,10.39,80987
2018-08-17,10.39,10.46,10.14,10.19,68836
2018-08-20,10.22,10.36,10.15,10.32,45578
2018-08-21,10.41,10.61,10.41,10.58,80794
2018-08-22,10.63,10.67,10.54,10.56,74446
2018-08-23,10.55,10.61,10.5,10.54,54519
2018-08-24,10.44,10.57,10.35,10.52,54386
2018-08-27,10.68,10.74,10.61,10.7,88091
2018-08-28,10.75,10.81,10.66,10.8,82009
2018-08-29,10.7,10.78,10.65,10.69,58440
2018-08-30,10.69,10.76,10.6,10.61,57904
2018-08-31,10.49,10.72,10.49,10.7,57829
2018-09-03,10.53,10.59,10.41,10.55,57860
2018-09-04,10.55,10.6,10.46,10.57,50681
2018-09-05,10.51,10.62,10.44,10.47,53789
2018-09-06,10.51,10.87,10.51,10.79,169963
2018-09-07,10.76,11.33,10.65,11.13,239688
2018-09-10,10.99,11.1,10.83,10.9,112732
2018-09-11,10.91,11.24,10.9,11.11,145744
2018-09-12,11.12,11.15,10.93,11.02,79407
2018-09-13,11.22,11.32,11.06,11.13,127292
2018-09-14,11.08,11.21,10.98,11.14,68926
2018-09-17,10.95,10.96,10.5,10.5,132435
2018-09-18,10.58,10.66,10.5,10.65,66953
2018-09-19,10.61,10.93,10.55,10.87,82070
2018-09-20,10.9,11.09,10.84,10.89,103617
2018-09-21,11.02,11.15,10.99,11.15,119405
2018-09-25,11.02,11.38,10.99,11.31,157883
2018-09-26,11.31,11.58,11.26,11.4,161459
2018-09-27,11.27,11.37,11.21,11.26,108872
2018-09-28,11.09,11.24,11.01,11.24,93805
2018-10-08,11.18,11.63,11.12,11.31,198285
2018-10-09,11.1,12.11,11.05,11.88,316475
2018-10-10,11.8,12.57,11.7,12.48,325566
2018-10-11,12.53,12.95,12.1,12.32,396868
2018-10-12,12.86,12.94,12.33,12.46,322035
2018-10-15,12.42,12.82,12.35,12.68,210189
2018-10-16,12.53,12.65,12.16,12.26,194462
2018-10-17,12.04,12.43,12.02,12.2,172454
2018-10-18,12.17,12.21,11.64,11.69,170796
2018-10-19,11.85,12.22,11.76,12.16,153919
2018-10-22,12.0,12.57,11.96,12.45,216370
2018-10-23,12.28,12.98,12.2,12.89,296746
2018-10-24,12.69,13.19,12.63,12.82,286852
2018-10-25,13.09,13.23,12.88,12.95,256710
2018-10-26,12.73,13.07,12.58,12.84,159103
2018-10-29,12.78,13.15,12.77,12.87,156834
2018-10-30,12.69,12.93,12.38,12.66,136888
2018-10-31,12.51,12.65,12.33,12.58,128149
2018-11-01,12.44,13.2,12.39,13.14,256957
2018-11-02,12.94,13.2,12.89,13.09,227496
2018-11-05,12.99,13.11,12.64,12.79,201736
2018-11-06,12.71,12.96,12.66,12.78,128122
2018-11-07,12.58,13.03,12.52,12.93,188853
2018-11-08,12.74,12.81,12.54,12.57,163398
2018-11-09,12.44,12.52,12.06,12.1,150315
2018-11-12,11.95,12.05,11.84,12.0,185519
2018-11-13,11.97,12.26,11.96,12.2,191638
2018-11-14,12.1,12.35,12.06,12.23,134403
2018-11-15,12.27,12.38,12.21,12.33,133743
2018-11-16,12.33,12.46,12.27,12.44,169785
2018-11-19,12.52,12.56,12.25,12.33,133869
2018-11-20,12.33,12.93,12.33,12.79,299932
2018-11-21,12.74,12.81,12.47,12.63,165289
2018-11-22,12.68,12.93,12.63,12.67,140497
2018-11-23,12.7,12.88,12.24,12.25,162631
2018-11-26,12.15,12.29,11.81,12.22,97622
2018-11-27,12.16,12.43,12.06,12.34,91064
2018-11-28,12.16,12.36,12.09,12.28,74519
2018-11-29,12.48,13.3,12.47,13.01,398597
2018-11-30,12.94,13.12,12.79,12.97,185656
2018-12-03,12.76,13.17,12.59,13.13,239009
2018-12-04,13.08,13.63,13.02,13.47,361924
2018-12-05,13.59,13.74,13.35,13.49,267836
2018-12-06,13.61,13.89,13.52,13.57,262211
2018-12-07,13.57,13.88,13.38,13.5,195375
2018-12-10,13.94,14.11,13.76,13.85,263461
2018-12-11,13.71,14.39,13.58,14.25,250222
2018-12-12,14.06,14.38,14.03,14.33,204327
2018-12-13,14.27,14.36,14.07,14.22,159513
2018-12-14,14.1,14.29,13.65,13.75,213095
2018-12-17,13.71,13.96,13.46,13.88,150282
2018-12-18,14.15,14.44,14.09,14.22,215044
2018-12-19,14.24,14.44,13.92,14.02,158682
2018-12-20,13.71,14.19,13.58,14.1,133639
2018-12-21,14.53,14.72,14.26,14.29,184666
2018-12-24,14.47,14.5,14.1,14.31,133859
2018-12-25,14.68,14.72,14.3,14.41,183524
2018-12-26,14.32,14.71,14.22,14.68,196730
2018-12-27,14.48,14.6,14.37,14.4,172511
2018-12-28,14.4,14.63,14.37,14.6,130035
2019-01-02,14.5,14.83,14.09,14.73,214451
2019-01-03,14.57,15.06,14.49,15.03,191784
2019-01-04,15.17,15.49,14.83,15.0,212533
2019-01-07,14.68,15.06,14.62,14.93,175097
2019-01-08,14.79,14.88,13.97,14.06,290153
2019-01-09,13.96,14.21,13.91,14.21,195098
2019-01-10,14.25,14.89,14.2,14.72,290377
2019-01-11,14.52,14.89,14.51,14.7,157479
2019-01-14,14.68,14.83,14.48,14.64,117802
2019-01-15,14.62,14.76,14.53,14.68,122457
2019-01-16,14.58,14.68,14.06,14.38,238075
2019-01-17,14.37,14.51,14.14,14.37,141168
2019-01-18,14.24,14.34,13.97,14.23,131404
2019-01-21,13.94,14.29,13.91,14.2,145760
2019-01-22,14.13,14.58,14.07,14.42,185403
2019-01-23,14.43,14.53,14.27,14.37,105113
2019-01-24,14.34,14.39,14.11,14.25,103021
2019-01-25,14.19,14.35,14.12,14.35,95162
2019-01-28,14.8,15.03,14.69,14.86,256797
2019-01-29,15.01,15.15,14.61,14.87,214071
2019-01-30,15.13,15.19,14.86,15.11,170478
2019-01-31,15.13,15.23,14.78,14.82,185422
2019-02-01,14.83,14.97,14.77,14.93,125140
2019-02-11,14.73,14.88,14.47,14.88,209689
2019-02-12,14.75,15.18,14.63,15.18,216142
2019-02-13,14.98,15.32,14.94,15.24,217642
2019-02-14,15.19,15.24,14.96,15.08,170940
2019-02-15,15.1,15.48,15.1,15.28,222677
2019-02-18,15.47,15.66,15.33,15.59,202276
2019-02-19,15.75,16.16,15.56,15.9,246409
2019-02-20,16.31,16.59,16.08,16.18,292784
2019-02-21,16.0,16.68,15.95,16.55,267777
2019-02-22,16.11,16.2,15.91,16.07,269137
2019-02-25,16.0,16.56,15.94,16.51,322023
2019-02-26,16.32,16.94,16.08,16.11,365335
2019-02-27,16.03,16.25,15.8,15.97,297942
2019-02-28,15.69,15.87,15.39,15.8,338069
2019-03-01,15.58,15.8,15.52,15.71,223660
2019-03-04,15.39,15.99,15.34,15.98,494147
2019-03-05,15.71,15.8,15.57,15.71,320207
2019-03-06,15.69,16.24,15.62,16.02,469650
2019-03-07,15.93,16.23,15.77,15.87,402947
2019-03-08,15.9,16.1,15.44,15.44,396724
2019-03-11,15.54,15.59,15.28,15.49,284033
2019-03-12,15.36,15.76,15.34,15.59,302419
2019-03-13,15.69,15.84,15.51,15.59,275134
2019-03-14,15.62,15.64,14.91,14.95,284575
2019-03-15,14.86,14.87,14.51,14.73,267800
2019-03-18,14.68,14.97,14.56,14.97,221052
2019-03-19,14.97,15.27,14.88,15.03,238572
2019-03-20,14.99,15.1,14.71,14.79,217077
2019-03-21,15.13,15.64,15.13,15.59,473586
2019-03-22,15.43,15.56,15.3,15.49,188905
2019-03-25,15.79,15.95,15.6,15.71,275667
2019-03-26,15.81,16.09,15.71,15.92,350626
2019-03-27,15.7,15.87,15.49,15.71,212433
2019-03-28,15.53,15.59,15.15,15.3,185829
2019-03-29,14.81,15.04,14.61,15.02,355077
2019-04-01,14.9,15.31,14.8,15.2,333052
2019-04-02,15.08,15.52,15.02,15.44,305558
2019-04-03,15.3,15.43,15.24,15.34,193857
2019-04-04,15.31,15.52,15.26,15.41,238629
2019-04-08,15.38,15.58,15.15,15.3,291817
2019-04-09,15.31,15.39,14.91,14.98,320010
2019-04-10,15.06,15.25,14.96,15.21,250831
2019-04-11,15.19,15.2,14.85,14.86,211755
2019-04-12,14.61,14.71,14.47,14.57,208900
2019-04-15,14.57,14.72,14.43,14.43,187859
2019-04-16,14.44,14.6,14.35,14.57,152877
2019-04-17,14.27,14.55,14.27,14.55,187860
2019-04-18,14.47,14.52,14.33,14.41,162983
2019-04-19,14.41,14.47,14.36,14.43,122290
2019-04-22,14.41,14.81,14.37,14.7,285088
2019-04-23,14.56,14.59,14.28,14.32,187389
2019-04-24,14.22,14.28,13.97,14.22,142046
2019-04-25,14.23,14.35,14.04,14.09,140700
2019-04-26,14.14,14.3,14.07,14.22,111006
2019-04-29,14.3,14.3,13.64,13.66,146999
2019-04-30,13.69,14.16,13.68,14.05,119466
2019-05-06,14.45,14.61,13.86,14.18,367469
2019-05-07,13.9,14.3,13.67,13.99,180378
2019-05-08,14.22,14.9,14.04,14.82,403924
2019-05-09,14.63,14.88,14.47,14.67,276577
2019-05-10,14.45,15.14,14.31,14.78,358428
2019-05-13,14.78,15.06,14.66,14.9,278811
2019-05-14,15.45,15.59,15.17,15.38,454807
2019-05-15,15.12,15.31,14.98,15.26,292770
2019-05-16,15.13,15.52,15.11,15.45,286859
2019-05-17,15.08,15.22,14.84,14.95,259452
2019-05-20,14.6,14.72,14.21,14.32,220670
2019-05-21,14.3,14.46,14.13,14.37,152534
2019-05-22,14.28,14.52,14.2,14.43,153152
2019-05-23,14.32,14.33,14.0,14.14,143400
2019-05-24,14.34,14.44,14.22,14.22,131709
2019-05-27,14.23,14.39,14.15,14.37,114926
2019-05-28,14.27,14.47,14.22,14.45,154605
2019-05-29,14.33,14.71,14.25,14.71,166391
2019-05-30,14.47,14.58,14.35,14.47,133243
2019-05-31,14.83,15.12,14.68,15.03,293460
2019-06-03,15.47,15.97,15.35,15.64,419844
2019-06-04,15.9,16.27,15.71,15.83,383170
2019-06-05,15.64,16.26,15.59,16.24,409258
2019-06-06,15.99,16.35,15.94,15.99,311923
2019-06-10,15.93,16.15,15.72,15.9,223533
2019-06-11,15.85,16.07,15.7,15.91,237710
2019-06-12,15.94,16.8,15.82,16.69,435483
2019-06-13,16.44,16.84,16.26,16.72,272464
2019-06-14,16.97,17.44,16.61,17.27,422003
2019-06-17,16.9,17.52,16.87,16.96,305313
2019-06-18,17.02,17.56,16.91,17.54,332794
2019-06-19,17.07,17.34,16.92,17.28,399603
2019-06-20,17.96,18.58,17.58,18.18,537315
2019-06-21,18.52,19.91,18.3,19.22,592810
2019-06-24,19.52,20.14,19.51,19.8,528959
2019-06-25,20.54,21.87,20.39,21.87,767674
2019-06-26,20.85,21.08,19.75,20.08,757818
2019-06-27,19.98,20.48,19.66,20.03,509803
2019-06-28,20.47,21.03,20.09,20.17,518604
2019-07-01,19.07,19.51,18.86,19.45,638592
2019-07-02,19.42,20.24,19.34,20.12,512064
2019-07-03,21.61,21.66,20.76,20.83,563337
2019-07-04,20.72,21.19,19.86,20.16,449879
2019-07-05,20.28,20.53,19.96,20.52,290631
2019-07-08,20.03,20.18,19.13,19.91,444172
2019-07-09,19.32,19.71,19.18,19.57,241004
2019-07-10,19.46,19.65,18.81,19.01,282406
2019-07-11,19.98,20.47,19.75,20.29,520237
2019-07-12,19.96,19.96,19.54,19.91,272929
2019-07-15,19.82,20.12,19.58,20.06,220245
2019-07-16,19.88,20.32,19.8,20.02,194552
2019-07-17,19.73,19.73,19.37,19.45,228816
2019-07-18,20.09,20.21,19.59,19.6,293297
2019-07-19,20.49,21.07,20.18,20.72,461102
2019-07-22,20.16,20.5,20.03,20.24,248535
2019-07-23,19.9,20.15,19.65,20.15,200234
2019-07-24,20.03,20.53,19.89,20.47,221515
2019-07-25,20.19,20.39,20.03,20.31,177210
2019-07-26,19.98,20.16,19.88,20.0,175046
2019-07-29,20.24,20.31,19.94,20.06,147565
2019-07-30,20.1,20.55,19.84,20.55,304069
2019-07-31,20.5,20.83,20.39,20.66,289852
2019-08-01,19.58,19.92,19.48,19.62,348991
2019-08-02,20.57,20.57,19.98,20.06,330170
2019-08-05,20.53,22.15,20.51,22.15,639320
2019-08-06,22.6,23.22,21.61,22.22,713681
2019-08-07,22.76,23.39,22.69,23.09,509454
2019-08-08,23.31,23.35,22.51,22.67,456352
2019-08-09,22.7,23.08,22.39,22.69,342699
2019-08-12,22.38,22.99,22.13,22.68,273638
2019-08-13,23.4,24.93,23.26,24.65,540148
2019-08-14,23.25,24.27,23.01,24.08,531435
2019-08-15,24.78,25.7,24.69,24.98,600608
2019-08-16,25.28,25.63,24.9,25.31,413361
2019-08-19,24.6,24.91,24.36,24.9,506133
2019-08-20,24.48,26.21,24.39,26.07,542224
2019-08-21,25.64,26.04,25.36,25.64,548643
2019-08-22,25.29,25.49,24.95,25.19,483686
2019-08-23,24.9,25.52,24.64,25.21,501930
2019-08-26,27.05,27.07,26.29,26.43,876143
2019-08-27,26.19,27.36,25.89,27.22,742908
2019-08-28,27.44,27.93,27.08,27.29,603924
2019-08-29,27.14,28.13,27.03,28.07,573637
2019-08-30,27.22,28.29,26.95,27.7,784467
2019-09-02,27.43,27.61,27.08,27.46,527526
2019-09-03,27.29,27.52,27.18,27.39,344739
2019-09-04,28.0,28.32,27.62,27.67,701392
2019-09-05,27.67,27.93,27.39,27.79,528068
2019-09-06,26.47,26.84,26.34,26.36,846660
2019-09-09,26.24,26.54,25.86,26.53,489865
2019-09-10,25.93,26.13,25.66,25.99,549037
2019-09-11,25.79,26.27,25.72,26.11,534529
2019-09-12,25.85,25.97,25.65,25.85,362441
2019-09-16,26.12,26.59,25.79,26.49,602508
2019-09-17,26.15,26.47,25.87,25.88,450172
2019-09-18,26.0,26.09,25.44,25.51,402464
2019-09-19,25.14,25.39,24.77,25.32,392434
2019-09-20,25.3,25.99,25.2,25.99,434021
2019-09-23,26.26,26.64,26.0,26.09,507254
2019-09-24,26.22,26.47,25.94,26.15,326248
2019-09-25,26.5,26.59,25.8,25.87,345049
2019-09-26,25.14,25.19,23.53,23.63,742423
2019-09-27,23.39,24.16,22.64,23.54,501300
2019-09-30,23.66,23.87,23.29,23.42,255120
2019-10-08,23.43,23.7,23.07,23.28,290261
2019-10-09,23.56,24.49,23.55,24.41,494837
2019-10-10,24.43,24.63,24.06,24.34,314330
2019-10-11,23.97,24.06,23.54,24.02,373480
2019-10-14,23.22,23.57,22.92,23.5,415659
2019-10-15,23.44,23.87,22.99,23.07,337111
2019-10-16,22.56,22.89,22.44,22.56,363473
2019-10-17,22.81,22.94,22.37,22.77,261673
2019-10-18,22.72,22.72,22.05,22.19,285562
2019-10-21,22.12,22.5,21.93,22.44,226399
2019-10-22,22.16,22.43,22.09,22.37,167274
2019-10-23,22.35,22.75,22.31,22.62,250019
2019-10-24,22.44,22.54,21.44,21.5,454984
2019-10-25,21.84,22.49,21.51,22.37,405960
2019-10-28,22.29,22.9,22.04,22.84,306488
2019-10-29,22.37,22.53,22.07,22.22,282876
2019-10-30,21.93,22.29,21.79,22.07,193479
2019-10-31,22.23,22.49,21.71,21.92,233570
2019-11-01,22.36,22.5,22.13,22.24,252207
2019-11-04,22.07,22.37,21.99,22.34,220577
2019-11-05,22.14,22.18,21.72,21.92,344392
2019-11-06,21.26,21.43,21.04,21.17,371986
2019-11-07,21.29,21.3,21.04,21.12,187606
2019-11-08,20.49,20.72,20.34,20.7,422520
2019-11-11,20.61,20.62,20.29,20.37,257595
2019-11-12,20.27,20.39,19.73,19.9,337398
2019-11-13,20.0,21.04,20.0,20.89,582069
2019-11-14,20.74,20.78,20.47,20.71,273193
2019-11-15,20.59,20.82,20.15,20.23,274515
2019-11-18,20.02,20.37,19.94,20.17,183541
2019-11-19,20.46,20.52,20.19,20.37,232496
2019-11-20,20.42,21.12,20.32,20.99,479109
2019-11-21,20.85,21.2,20.56,20.95,402170
2019-11-22,20.68,21.52,20.57,21.43,533953
2019-11-25,21.04,21.37,20.79,20.84,365221
2019-11-26,20.62,21.11,20.42,21.07,310302
2019-11-27,20.97,21.12,20.78,20.99,210457
2019-11-28,20.99,21.12,20.83,20.89,186980
2019-11-29,20.92,21.0,20.54,20.71,219570
2019-12-02,20.64,20.77,20.52,20.56,202759
2019-12-03,20.73,20.89,20.53,20.57,233451
2019-12-04,21.09,22.39,20.87,22.23,843501
2019-12-05,21.72,21.99,21.68,21.92,446728
2019-12-06,21.79,22.15,21.58,21.84,397194
2019-12-09,21.22,21.47,21.11,21.44,420222
2019-12-10,21.37,21.63,21.29,21.44,344284
2019-12-11,21.37,21.59,21.29,21.54,278252
2019-12-12,21.79,21.84,21.55,21.64,377499
2019-12-13,21.19,21.44,21.12,21.27,412456
2019-12-16,21.28,21.47,21.19,21.45,330296
2019-12-17,21.37,21.77,21.32,21.75,428632
2019-12-18,21.61,21.96,21.47,21.94,496732
2019-12-19,21.75,21.95,21.53,21.57,412912
2019-12-20,21.47,21.75,21.47,21.62,311500
2019-12-23,21.62,21.78,21.44,21.67,303196
2019-12-24,21.68,21.97,21.56,21.87,401957
2019-12-25,22.29,22.41,21.93,22.03,492685
2019-12-26,21.86,22.21,21.81,22.03,322748
2019-12-27,22.2,22.97,22.19,22.29,648476
2019-12-30,22.43,22.72,21.97,22.16,464912
2019-12-31,22.39,22.64,22.23,22.52,422904
2020-01-02,22.29,22.76,22.26,22.72,489106
2020-01-03,22.94,24.39,22.86,24.06,987249
2020-01-06,25.29,26.34,25.29,26.29,1234005
2020-01-07,25.49,25.69,24.94,25.47,707043
2020-01-08,27.08,27.27,25.74,26.71,1326358
2020-01-09,24.5,25.22,24.5,24.74,1006374
2020-01-10,24.49,24.49,23.94,24.26,627513
2020-01-13,24.1,24.29,23.86,24.08,386362
2020-01-14,23.59,23.96,23.44,23.78,544289
2020-01-15,23.81,24.06,23.56,23.83,416085
2020-01-16,23.99,24.0,23.5,23.56,327362
2020-01-17,23.37,23.84,23.34,23.7,322165
2020-01-20,23.61,23.82,23.4,23.79,280754
2020-01-21,23.89,24.21,23.79,23.95,438523
2020-01-22,23.36,23.45,22.61,22.9,475233
2020-01-23,23.01,23.14,22.1,22.41,370297
2020-02-03,21.35,22.79,20.31,21.79,698320
2020-02-04,21.35,21.7,21.06,21.59,370996
2020-02-05,21.0,22.57,21.0,22.27,633295
2020-02-06,21.94,22.42,21.84,22.24,485029
2020-02-07,22.43,22.92,22.3,22.37,505095
2020-02-10,22.49,22.93,22.19,22.84,523211
2020-02-11,22.52,22.87,22.44,22.49,384199
2020-02-12,22.27,22.62,22.17,22.53,316993
2020-02-13,22.55,23.33,22.45,23.32,719172
2020-02-14,23.14,23.42,22.94,23.07,488777
2020-02-17,23.22,23.52,23.09,23.46,474686
2020-02-18,23.64,24.28,23.53,24.07,631336
2020-02-19,24.95,25.19,24.39,24.58,801061
2020-02-20,24.54,24.72,24.27,24.41,624308
2020-02-21,24.93,26.11,24.74,25.78,955657
2020-02-24,27.07,27.25,26.44,26.72,1128759
2020-02-25,25.89,27.24,25.65,25.79,1200011
2020-02-26,25.77,25.84,24.61,24.67,882485
2020-02-27,24.66,25.12,24.36,24.96,539501
2020-02-28,24.09,24.5,23.29,23.44,766709
2020-03-02,22.79,23.91,22.79,23.74,604375
2020-03-03,23.58,24.33,23.51,23.91,517930
2020-03-04,24.77,24.88,24.13,24.29,693099
2020-03-05,24.07,24.59,23.96,24.58,426623
2020-03-06,25.14,25.64,24.95,25.29,785750
2020-03-09,25.82,25.87,23.72,24.23,748374
2020-03-10,23.52,23.84,22.79,23.77,660975
2020-03-11,23.51,24.16,23.27,24.07,448239
2020-03-12,23.33,23.48,22.9,23.22,444108
2020-03-13,20.91,22.36,20.9,22.09,649038
2020-03-16,21.52,22.69,21.52,21.84,485414
2020-03-17,21.72,21.86,20.06,20.69,517865
2020-03-18,21.19,21.39,20.22,20.27,412706
2020-03-19,19.93,20.34,19.07,19.88,437918
2020-03-20,19.97,20.89,19.67,20.72,431387
2020-03-23,19.95,21.37,19.95,20.64,490843
2020-03-24,22.64,22.79,22.0,22.79,935719
2020-03-25,24.22,24.22,23.32,23.5,781924
2020-03-26,23.29,24.0,22.91,23.79,639148
2020-03-27,23.79,24.64,23.57,24.33,709424
2020-03-30,23.81,24.5,23.31,23.69,581793
2020-03-31,23.47,24.16,23.18,23.74,379958
2020-04-01,22.9,24.14,22.67,24.04,562402
2020-04-02,23.62,23.63,23.09,23.43,406199
2020-04-03,23.72,24.29,23.59,23.73,450174
2020-04-07,24.93,25.72,24.67,25.62,733629
2020-04-08,25.02,25.37,24.91,25.14,388700
2020-04-09,25.0,25.34,24.69,25.29,329457
2020-04-10,26.27,26.36,24.89,24.97,573493
2020-04-13,24.92,25.26,24.51,25.09,270824
2020-04-14,25.64,26.38,25.49,25.77,656726
2020-04-15,25.64,25.97,25.49,25.49,335060
2020-04-16,25.27,26.04,25.18,25.99,308696
2020-04-17,25.64,25.69,24.94,25.17,474722
2020-04-20,24.59,25.12,24.49,24.97,307523
2020-04-21,24.9,25.24,24.69,25.05,236069
2020-04-22,24.93,25.14,24.8,24.95,188803
2020-04-23,25.39,25.79,25.26,25.7,426199
2020-04-24,25.57,26.29,25.42,25.97,405371
2020-04-27,25.72,26.25,25.42,25.72,303623
2020-04-28,25.43,25.44,24.68,25.04,333796
2020-04-29,25.15,25.47,25.01,25.03,210423
2020-04-30,24.93,25.22,24.54,25.14,365304
2020-05-06,24.92,25.39,24.84,25.26,292200
2020-05-07,24.85,25.17,24.77,24.86,248389
2020-05-08,25.43,25.56,25.22,25.38,368551
2020-05-11,25.07,25.11,24.72,24.87,367577
2020-05-12,24.67,24.83,24.39,24.72,225163
2020-05-13,24.75,24.9,24.55,24.71,156589
2020-05-14,24.84,24.97,24.57,24.94,255856
2020-05-15,25.22,25.75,25.14,25.58,521440
2020-05-18,26.27,28.04,26.14,27.72,858378
2020-05-19,26.82,26.99,26.23,26.23,640455
2020-05-20,26.72,27.03,26.35,26.74,418209
2020-05-21,26.37,26.49,25.79,25.86,333179
2020-05-22,25.52,25.73,24.74,25.51,418315
2020-05-25,25.15,25.39,24.94,25.22,179983
2020-05-26,25.5,25.89,25.29,25.67,198742
2020-05-27,25.14,25.31,24.84,25.02,271976
2020-05-28,25.16,25.8,25.09,25.67,286514
2020-05-29,25.43,25.79,25.37,25.72,195000
2020-06-01,25.78,26.34,25.65,26.19,297973
2020-06-02,26.08,26.11,25.7,25.81,253524
2020-06-03,25.39,25.51,25.27,25.39,251807
2020-06-04,24.93,25.13,24.78,24.97,319712
2020-06-05,25.2,25.2,24.89,25.02,186245
2020-06-08,24.74,25.17,24.59,25.14,300821
2020-06-09,25.17,25.24,24.84,24.89,243820
2020-06-10,25.22,25.27,24.97,25.04,225388
2020-06-11,25.29,25.37,25.02,25.24,297384
2020-06-12,24.87,25.06,24.7,24.83,260027
2020-06-15,24.84,25.07,24.46,24.48,263548
2020-06-16,24.68,24.84,24.52,24.66,205301
2020-06-17,24.54,24.82,24.34,24.79,240759
2020-06-18,24.7,24.76,24.11,24.27,370541
2020-06-19,24.28,24.46,23.97,24.42,278089
2020-06-22,24.92,25.39,24.89,25.17,467500
2020-06-23,25.34,25.38,24.75,24.77,354229
2020-06-24,25.36,25.65,25.22,25.27,455899
2020-06-29,25.39,25.62,25.14,25.44,320402
2020-06-30,25.29,25.44,24.99,25.37,239653
2020-07-01,25.73,25.78,25.38,25.64,333223
2020-07-02,25.08,25.34,24.94,25.3,408973
2020-07-03,25.26,25.54,25.07,25.32,413675
2020-07-06,25.26,26.14,25.19,26.12,732937
2020-07-07,26.35,27.13,26.23,26.67,707272
2020-07-08,27.14,27.67,26.67,27.34,639285
2020-07-09,27.99,29.22,27.79,28.89,835206
2020-07-10,28.29,28.31,27.08,27.29,719559
2020-07-13,27.43,27.7,27.12,27.68,487701
2020-07-14,27.0,27.28,26.48,26.89,496185
2020-07-15,27.34,27.42,26.94,27.01,382403
2020-07-16,27.0,27.16,25.79,25.89,403763
2020-07-17,25.64,26.0,25.32,25.81,285685
2020-07-20,25.93,26.79,25.84,26.67,343527
2020-07-21,27.05,27.31,26.72,27.17,420179
2020-07-22,28.68,28.72,27.34,27.39,676081
2020-07-23,27.79,28.3,27.31,27.89,597627
2020-07-24,28.07,28.97,27.47,28.11,794040
2020-07-27,29.0,30.64,28.69,30.63,1018932
2020-07-28,32.2,32.67,29.14,29.5,1084161
2020-07-29,29.86,29.88,29.13,29.78,577303
2020-07-30,29.79,29.8,28.72,28.75,598406
2020-07-31,28.75,30.18,28.71,29.94,669780
2020-08-03,29.49,30.06,29.08,29.67,530129
2020-08-04,29.67,29.91,29.22,29.32,421162
2020-08-05,30.37,31.31,29.86,31.26,783587
2020-08-06,31.26,32.77,31.0,31.79,862224
2020-08-07,32.19,33.19,30.52,31.02,819332
2020-08-10,30.17,30.34,29.54,30.04,497973
2020-08-11,29.47,29.9,28.61,28.78,546962
2020-08-12,26.79,27.3,26.0,27.29,841270
2020-08-13,27.22,27.22,26.72,26.99,383924
2020-08-14,27.27,27.49,26.92,27.22,319801
2020-08-17,27.2,28.55,27.06,28.46,414477
2020-08-18,28.97,29.62,28.94,29.57,497950
2020-08-19,29.99,30.28,29.47,29.57,511721
2020-08-20,28.07,28.92,27.52,28.36,564694
2020-08-21,28.43,28.58,27.94,28.07,348985
2020-08-24,27.77,28.58,27.67,28.32,307323
2020-08-25,28.09,28.22,27.57,27.78,372210
2020-08-26,27.64,27.95,27.29,27.45,332490
2020-08-27,27.93,28.07,27.58,27.97,266145
2020-08-28,27.52,28.34,27.41,28.27,353688
2020-08-31,28.59,29.14,28.28,28.28,557076
2020-09-01,28.36,29.16,28.36,29.08,533014
2020-09-02,28.54,28.54,28.08,28.17,475138
2020-09-03,27.86,28.07,27.52,27.62,352787
2020-09-04,27.54,27.89,27.37,27.75,245872
2020-09-07,27.63,27.94,26.8,27.01,382519
2020-09-08,26.81,26.95,25.69,26.5,430914
2020-09-09,26.09,26.35,25.8,26.33,263944
2020-09-10,26.75,26.82,26.03,26.16,235420
2020-09-11,26.04,26.34,25.8,26.33,169454
2020-09-14,26.34,26.62,26.16,26.34,198804
2020-09-15,26.44,27.01,26.38,26.93,298677
2020-09-16,26.46,26.57,26.3,26.4,191446
2020-09-17,26.18,26.18,25.19,25.45,417600
2020-09-18,25.51,26.04,25.35,26.04,231115
2020-09-21,25.87,26.07,25.76,25.91,158822
2020-09-22,25.22,25.39,25.0,25.1,284420
2020-09-23,25.1,25.18,24.68,24.8,264975
2020-09-24,24.59,24.94,24.29,24.45,300490
2020-09-25,24.56,24.73,24.44,24.65,153623
2020-09-28,24.66,25.03,24.4,24.84,183791
2020-09-29,25.1,25.19,24.7,24.79,185919
2020-10-09,24.9,25.54,24.9,25.2,277530
2020-10-12,25.46,25.76,25.46,25.74,276358
2020-10-13,25.54,25.79,25.28,25.66,232509
2020-10-14,25.25,25.31,25.06,25.17,214005
2020-10-15,25.01,25.35,25.01,25.16,139935
2020-10-16,25.36,25.64,25.19,25.3,196041
2020-10-19,25.19,25.51,25.0,25.41,242733
2020-10-20,25.15,25.15,24.83,25.11,165750
2020-10-21,25.25,25.49,25.2,25.37,278538
2020-10-22,25.29,25.29,24.67,24.87,245640
2020-10-23,24.64,24.95,24.61,24.74,160236
2020-10-26,24.69,24.87,24.39,24.43,163720
2020-10-27,24.49,24.65,24.47,24.58,136918
2020-10-28,24.5,24.54,24.24,24.34,216112
2020-10-29,23.66,23.77,23.53,23.76,296576
2020-10-30,23.59,23.79,22.98,23.07,299745
2020-11-02,23.03,23.56,22.97,23.48,251406
2020-11-03,23.54,24.27,23.48,24.13,306425
2020-11-04,24.04,24.04,23.69,23.89,201889
2020-11-05,24.1,24.24,23.89,24.18,210686
2020-11-06,24.69,25.54,24.61,25.11,538486
2020-11-09,25.1,25.4,24.64,25.19,450117
2020-11-10,23.8,24.2,23.69,24.18,492185
2020-11-11,23.95,24.06,23.8,23.95,214426
2020-11-12,23.81,23.87,23.64,23.69,212919
2020-11-13,23.8,23.86,23.61,23.74,154690
2020-11-16,23.81,24.28,23.78,24.03,311702
2020-11-17,23.9,23.94,23.5,23.6,263143
2020-11-18,23.39,23.79,23.37,23.66,181370
2020-11-19,23.53,23.56,23.38,23.49,177517
2020-11-20,23.39,23.77,23.39,23.74,199426
2020-11-23,23.77,24.02,23.54,23.91,309106
2020-11-24,23.44,23.44,23.14,23.26,434425
2020-11-25,23.09,23.25,23.04,23.17,222480
2020-11-26,23.19,23.25,23.03,23.09,159526
2020-11-27,23.13,23.22,23.01,23.2,156584
2020-11-30,22.95,23.15,22.64,23.13,309051
2020-12-01,23.12,23.41,23.0,23.4,279013
2020-12-02,23.79,23.99,23.58,23.61,326666
2020-12-03,23.83,23.87,23.51,23.62,195961
2020-12-04,23.61,23.74,23.49,23.65,167140
2020-12-07,23.61,23.61,23.26,23.36,177024
2020-12-08,23.59,23.92,23.59,23.79,282918
2020-12-09,23.66,23.83,23.29,23.32,195855
2020-12-10,23.11,23.21,22.9,22.99,165848
2020-12-11,22.99,23.14,22.64,22.77,170120
2020-12-14,22.69,22.85,22.41,22.82,138837
2020-12-15,22.77,23.14,22.52,23.12,171155
2020-12-16,23.11,23.28,22.89,23.04,151577
2020-12-17,23.04,23.24,22.89,23.2,191716
2020-12-18,23.37,23.42,23.12,23.23,243429
2020-12-21,23.44,23.79,23.35,23.74,348000
2020-12-22,23.31,23.4,22.74,22.8,338702
2020-12-23,22.65,22.75,22.55,22.67,183544
2020-12-24,22.79,22.86,22.54,22.6,137878
2020-12-25,22.59,22.76,22.43,22.7,122582
2020-12-28,22.89,23.25,22.79,22.95,208823
2020-12-29,22.79,22.8,22.56,22.69,146151
2020-12-30,22.67,22.84,22.58,22.73,133180
2020-12-31,22.89,23.04,22.77,22.91,213787
2021-01-04,23.25,23.63,23.17,23.46,420503
2021-01-05,23.74,24.13,23.48,24.02,565365
2021-01-06,23.95,24.14,23.4,23.65,374758
2021-01-07,23.29,23.94,23.17,23.93,425325
2021-01-08,23.69,23.75,23.31,23.55,350395
2021-01-11,22.79,22.97,22.53,22.68,427150
2021-01-12,22.59,22.79,22.47,22.79,258457
2021-01-13,22.68,22.77,22.5,22.63,244674
2021-01-14,22.54,22.6,22.0,22.07,419096
2021-01-15,22.09,22.24,22.09,22.17,189658
2021-01-18,21.89,22.36,21.73,22.36,223308
2021-01-19,22.38,22.48,22.14,22.43,192149
2021-01-20,22.29,22.39,22.19,22.31,166181
2021-01-21,22.45,22.48,22.22,22.35,242223
2021-01-22,22.18,22.18,21.83,21.87,264806
2021-01-25,21.82,21.84,21.31,21.33,320229
2021-01-26,21.29,22.66,20.92,22.3,484852
2021-01-27,21.79,22.05,21.5,21.52,274158
2021-01-28,21.29,21.78,21.18,21.35,197241
2021-01-29,21.55,21.67,21.19,21.5,190874
2021-02-01,21.59,22.29,21.59,22.12,316548
2021-02-02,21.89,21.95,21.55,21.59,230305
2021-02-03,21.32,21.59,21.19,21.35,186065
2021-02-04,21.36,21.36,20.38,20.54,311071
2021-02-05,20.06,20.52,20.04,20.1,218157
2021-02-08,20.28,20.63,20.19,20.47,163615
2021-02-09,20.67,20.92,20.57,20.68,207038
2021-02-10,20.61,21.06,20.39,21.02,217332
2021-02-18,20.92,21.69,20.79,21.39,398851
2021-02-19,21.19,21.77,21.09,21.68,362442
2021-02-22,21.84,23.79,21.83,23.23,1082681
2021-02-23,23.29,23.79,22.69,23.37,827591
2021-02-24,23.09,23.29,22.09,22.39,593974
2021-02-25,22.64,22.73,22.03,22.08,315402
2021-02-26,21.62,21.81,21.44,21.5,294940
2021-03-01,21.64,21.67,21.29,21.65,233444
2021-03-02,21.39,21.7,20.97,21.7,371846
2021-03-03,21.67,21.89,21.51,21.78,214284
2021-03-04,21.46,21.97,21.38,21.57,256473
2021-03-05,21.29,21.55,21.14,21.45,165811
2021-03-08,21.62,21.92,21.39,21.45,254590
2021-03-09,21.25,21.44,20.65,20.83,255644
2021-03-10,21.16,21.25,20.54,20.58,202109
2021-03-11,20.59,21.59,20.59,21.45,291830
2021-03-12,21.29,21.37,21.0,21.07,167355
2021-03-15,21.24,21.52,21.03,21.2,172025
2021-03-16,21.22,21.46,21.07,21.3,125169
2021-03-17,21.19,21.43,21.11,21.34,133398
2021-03-18,21.64,21.83,21.51,21.56,209813
2021-03-19,21.19,21.44,21.0,21.44,183860
2021-03-22,21.24,21.36,21.09,21.3,130221
2021-03-23,21.26,21.3,20.96,21.14,146036
2021-03-24,21.0,21.15,20.9,21.09,145508
2021-03-25,21.05,21.24,20.97,20.98,119936
2021-03-26,20.97,21.03,20.69,21.03,150210
2021-03-29,21.02,21.04,20.82,20.88,117987
2021-03-30,20.74,20.74,20.58,20.68,149889
2021-03-31,20.39,20.64,20.37,20.6,107177
2021-04-01,20.74,20.77,20.59,20.66,88893
2021-04-02,20.96,21.0,20.67,20.72,141062
2021-04-06,20.69,20.79,20.45,20.51,178044
2021-04-07,20.54,20.63,20.49,20.58,130865
2021-04-08,20.48,20.8,20.39,20.72,157470
2021-04-09,20.82,21.03,20.58,20.64,204920
2021-04-12,20.61,20.64,20.3,20.31,179818
2021-04-13,19.74,19.74,19.03,19.12,406116
2021-04-14,19.19,19.33,19.03,19.28,137766
2021-04-15,19.19,19.19,18.98,19.15,121802
2021-04-16,19.29,19.58,19.29,19.46,165695
2021-04-19,19.49,19.69,19.37,19.65,136027
2021-04-20,19.47,19.59,19.42,19.5,119965
2021-04-21,19.5,19.55,19.37,19.53,122627
2021-04-22,19.65,19.73,19.41,19.48,124747
2021-04-23,19.3,19.44,19.3,19.39,107006
2021-04-26,19.3,19.47,19.3,19.3,126124
2021-04-27,19.3,19.35,18.81,18.95,167264
2021-04-28,18.82,18.83,18.55,18.62,180125
2021-04-29,18.72,19.07,18.72,19.01,154286
2021-04-30,18.89,18.89,18.4,18.65,196178
2021-05-06,18.72,19.02,18.72,18.93,132108
2021-05-07,19.24,20.4,19.24,20.11,527486
2021-05-10,20.29,21.68,20.29,21.53,701568
2021-05-11,21.18,21.19,20.63,20.99,370275
2021-05-12,20.79,20.94,20.44,20.56,283835
2021-05-13,20.18,20.27,19.82,19.98,239655
2021-05-14,20.04,20.17,19.82,20.1,273985
2021-05-17,20.59,20.79,20.12,20.48,327197
2021-05-18,21.11,21.24,20.66,20.76,329856
2021-05-19,20.59,20.94,20.39,20.82,200675
2021-05-20,20.44,20.89,20.14,20.58,237657
2021-05-21,20.47,20.67,20.27,20.3,168217
2021-05-24,20.44,20.64,20.35,20.41,129130
2021-05-25,20.17,20.4,19.91,20.4,213149
2021-05-26,20.63,21.53,20.59,21.14,502269
2021-05-27,20.84,20.96,20.66,20.79,221999
2021-05-28,20.79,20.86,20.41,20.46,212048
2021-05-31,20.7,20.84,20.53,20.66,181201
2021-06-01,20.79,20.84,20.59,20.81,189401
2021-06-02,20.64,20.64,20.14,20.16,253045
2021-06-03,20.19,20.29,20.07,20.09,123273
2021-06-04,19.68,19.94,19.41,19.76,189780
2021-06-07,19.79,19.91,19.63,19.69,110079
2021-06-08,19.86,19.87,19.5,19.53,134818
2021-06-09,19.59,19.62,19.44,19.5,116046
2021-06-10,19.46,19.46,19.27,19.3,209083
2021-06-11,19.44,19.62,19.32,19.61,198128
2021-06-15,19.19,19.23,18.94,19.06,239294
2021-06-16,18.89,19.1,18.89,19.01,103197
2021-06-17,18.74,18.89,18.64,18.77,139937
2021-06-18,18.47,18.76,18.29,18.68,164276
2021-06-21,18.59,18.85,18.51,18.85,116537
2021-06-22,18.87,19.01,18.72,18.74,129261
2021-06-23,18.76,18.78,18.57,18.65,101106
2021-06-24,18.61,18.75,18.54,18.65,88501
2021-06-25,18.63,18.9,18.58,18.84,115457
2021-06-28,18.85,18.86,18.69,18.82,87378
2021-06-29,18.75,18.75,18.5,18.52,122487
2021-06-30,18.41,18.63,18.39,18.51,92980
2021-07-01,18.51,18.7,18.46,18.69,116841
2021-07-02,18.59,18.86,18.45,18.48,161197
2021-07-05,18.59,18.64,18.43,18.55,117788
2021-07-06,18.56,18.88,18.5,18.87,183510
2021-07-07,18.73,18.79,18.65,18.76,124284
2021-07-08,18.76,18.76,18.39,18.43,173795
2021-07-09,18.42,18.72,18.4,18.62,191441
2021-07-12,18.69,18.79,18.37,18.42,290107
2021-07-13,18.39,18.42,17.94,18.0,413977
2021-07-14,17.99,18.0,17.37,17.63,318368
2021-07-15,17.39,17.4,16.29,16.6,636718
2021-07-16,16.47,16.73,16.41,16.65,245735
2021-07-19,16.61,16.61,16.3,16.5,188652
2021-07-20,16.55,16.75,16.54,16.71,157582
2021-07-21,16.57,16.69,16.52,16.62,120627
2021-07-22,16.65,16.83,16.54,16.77,163179
2021-07-23,16.78,17.24,16.73,16.88,265275
2021-07-26,16.89,16.97,16.57,16.65,184757
2021-07-27,16.74,17.05,16.66,16.82,216770
2021-07-28,16.79,16.84,16.17,16.32,192502
2021-07-29,16.56,16.76,16.36,16.62,163790
2021-07-30,16.8,17.09,16.67,16.9,230375
2021-08-02,16.72,17.0,16.53,16.82,204180
2021-08-03,16.7,16.85,16.53,16.62,178910
2021-08-04,16.62,16.67,16.5,16.64,121579
2021-08-05,16.59,16.65,16.48,16.52,116698
2021-08-06,16.8,17.13,16.7,16.83,309144
2021-08-09,16.35,16.77,16.25,16.75,206540
2021-08-10,16.65,16.75,16.55,16.71,139142
2021-08-11,16.64,17.09,16.61,16.86,209208
2021-08-12,16.89,17.68,16.89,17.56,527703
2021-08-13,17.36,17.7,17.24,17.54,289543
2021-08-16,17.7,18.0,17.29,17.37,289851
2021-08-17,17.44,17.54,17.1,17.15,195365
2021-08-18,17.12,17.28,16.96,17.27,149312
2021-08-19,17.09,17.17,16.84,16.89,198352
2021-08-20,16.72,16.94,16.67,16.93,143153
2021-08-23,16.84,17.01,16.84,16.93,123787
2021-08-24,17.07,17.23,16.94,17.17,199747
2021-08-25,17.11,17.11,16.87,17.05,153692
2021-08-26,17.02,17.3,16.9,17.07,192687
2021-08-27,16.96,17.4,16.91,17.4,248265
2021-08-30,17.52,17.62,17.06,17.19,237217
2021-08-31,17.16,17.34,16.92,17.34,198066
2021-09-01,17.22,17.6,17.15,17.57,326122
2021-09-02,17.46,17.7,17.44,17.56,252916
2021-09-03,17.46,17.78,17.44,17.7,257103
2021-09-06,17.84,17.99,17.66,17.84,256428
2021-09-07,17.75,17.83,17.6,17.74,211852
2021-09-08,17.51,18.42,17.51,18.3,497210
2021-09-09,18.14,18.95,18.14,18.63,530375
2021-09-10,18.66,19.99,18.66,19.32,735562
2021-09-13,19.94,21.25,19.42,21.07,1208119
2021-09-14,20.93,21.29,20.39,20.59,704460
2021-09-15,20.61,21.19,20.44,20.65,473821
2021-09-16,20.65,21.22,20.34,20.37,490454
2021-09-17,19.83,20.0,19.01,19.54,468769
2021-09-22,19.62,19.78,19.24,19.44,240167
2021-09-23,19.64,19.72,18.99,19.12,318634
2021-09-24,18.9,19.1,18.67,18.71,269206
2021-09-27,18.62,18.69,18.07,18.29,261374
2021-09-28,18.19,18.48,18.16,18.33,137234
2021-09-29,18.33,19.55,18.26,19.29,492660
2021-09-30,19.02,19.18,18.75,18.95,215462
2021-10-08,19.12,19.33,18.85,19.2,177395
2021-10-11,19.23,19.63,19.05,19.38,198708
2021-10-12,19.26,19.35,18.74,18.94,171421
2021-10-13,18.87,18.93,18.34,18.49,194575
2021-10-14,18.99,19.94,18.94,19.63,476449
2021-10-15,19.34,19.89,19.28,19.41,233516
2021-10-18,19.04,19.32,18.95,19.31,181594
2021-10-19,19.31,19.48,18.97,19.47,177824
2021-10-20,19.11,19.26,19.0,19.03,170917
2021-10-21,19.16,19.68,19.09,19.37,293042
2021-10-22,19.21,19.5,18.99,19.18,180458
2021-10-25,19.14,19.52,18.94,19.33,168455
2021-10-26,19.5,19.77,19.24,19.47,186262
2021-10-27,19.24,19.29,18.89,19.06,180501
2021-10-28,19.08,19.54,19.0,19.14,208434
2021-10-29,19.24,19.41,19.06,19.26,136375
2021-11-01,19.09,19.32,19.01,19.23,116365
2021-11-02,19.25,20.43,18.84,19.72,375969
2021-11-03,19.27,19.39,19.11,19.16,188361
2021-11-04,19.1,19.23,19.01,19.12,122924
2021-11-05,19.25,19.62,19.24,19.29,173971
2021-11-08,19.7,19.77,19.4,19.53,219808
2021-11-09,19.58,19.78,19.31,19.41,151008
2021-11-10,19.54,19.94,19.4,19.66,342093
2021-11-11,20.09,20.4,19.85,20.3,494576
2021-11-12,20.4,20.69,20.06,20.21,287884
2021-11-15,20.15,20.45,19.97,20.06,170263
2021-11-16,20.22,20.29,20.0,20.19,151578
2021-11-17,19.92,20.03,19.49,19.56,268609
2021-11-18,19.75,19.94,19.36,19.4,188972
2021-11-19,19.34,19.52,19.25,19.46,125117
2021-11-22,19.24,19.38,18.96,19.18,222413
2021-11-23,18.88,19.11,18.85,18.99,217822
2021-11-24,18.9,18.93,18.65,18.73,208868
2021-11-25,18.85,18.86,18.72,18.75,136670
2021-11-26,18.75,18.77,18.53,18.67,156373
2021-11-29,18.6,18.6,18.36,18.44,173694
2021-11-30,18.34,18.53,18.34,18.44,169922
2021-12-01,18.34,18.43,18.2,18.39,204240
2021-12-02,18.31,18.37,18.16,18.18,160366
2021-12-03,18.18,18.23,17.9,18.22,229861
2021-12-06,18.3,18.53,18.21,18.46,184601
2021-12-07,18.44,18.45,18.24,18.37,112581
2021-12-08,18.43,18.6,18.37,18.58,135491
2021-12-09,18.5,18.69,18.48,18.65,142871
2021-12-10,18.54,18.68,18.47,18.55,152288
2021-12-13,18.57,18.6,18.44,18.46,160374
2021-12-14,18.49,18.52,18.26,18.33,133220
2021-12-15,18.24,18.38,18.19,18.37,120127
2021-12-16,18.32,18.41,18.3,18.37,108646
2021-12-17,18.62,18.69,18.49,18.63,253066
2021-12-20,18.51,18.52,18.21,18.3,134833
2021-12-21,18.25,18.35,18.17,18.33,101567
2021-12-22,18.3,18.35,18.19,18.2,139997
2021-12-23,18.32,18.36,18.17,18.22,120697
2021-12-24,18.2,18.21,17.91,17.92,186238
2021-12-27,17.93,18.04,17.8,17.83,143528
2021-12-28,17.84,18.04,17.84,18.04,126871
2021-12-29,17.98,17.99,17.86,17.96,109856
2021-12-30,17.95,18.03,17.9,17.93,116304
2021-12-31,18.04,18.21,17.99,18.16,144503
2022-01-04,18.01,18.28,17.97,18.25,155238
2022-01-05,18.25,18.52,18.2,18.42,193517
2022-01-06,18.42,18.48,18.24,18.44,142717
2022-01-07,18.24,18.46,18.22,18.34,134781
2022-01-10,18.32,18.6,18.29,18.54,159768
2022-01-11,18.62,18.79,18.52,18.68,202672
2022-01-12,18.79,18.89,18.53,18.81,179768
2022-01-13,18.88,19.42,18.81,18.96,290457
2022-01-14,19.0,19.1,18.64,18.7,177633
2022-01-17,18.62,18.69,18.43,18.51,137853
2022-01-18,18.52,18.59,18.38,18.43,134303
2022-01-19,18.35,18.64,18.3,18.59,154220
2022-01-20,18.95,19.19,18.8,18.84,324753
2022-01-21,18.74,19.22,18.6,19.13,303078
2022-01-24,18.94,19.27,18.9,19.01,191225
2022-01-25,19.19,19.58,18.93,19.51,584899
2022-01-26,19.24,19.45,18.99,19.21,332600
2022-01-27,18.74,18.79,17.84,17.9,459846
2022-01-28,17.64,18.11,17.42,18.09,199185
2022-02-07,18.15,18.47,18.05,18.13,163532
2022-02-08,18.3,18.44,18.18,18.43,131366
2022-02-09,18.55,18.68,18.42,18.59,125580
2022-02-10,18.69,18.89,18.49,18.63,151295
2022-02-11,18.45,18.59,18.28,18.31,125164
2022-02-14,18.83,19.83,18.79,19.31,580020
2022-02-15,19.67,19.73,19.25,19.47,320034
2022-02-16,18.8,18.88,18.63,18.65,323440
2022-02-17,18.84,19.74,18.78,19.57,539671
2022-02-18,19.86,19.89,19.14,19.25,343827
2022-02-21,19.29,19.42,19.09,19.19,182568
2022-02-22,19.67,19.92,19.49,19.8,617416
2022-02-23,19.4,19.54,19.19,19.28,375933
2022-02-24,19.44,21.18,19.29,20.75,1369560
2022-02-25,19.72,20.29,19.35,20.1,939091
2022-02-28,20.04,20.68,19.84,20.1,595328
2022-03-01,19.71,19.84,19.49,19.75,343554
2022-03-02,20.08,20.23,19.76,19.88,354825
2022-03-03,19.57,19.95,19.55,19.74,265420
2022-03-04,19.9,20.04,19.56,19.57,337810
2022-03-07,20.16,21.0,20.05,20.47,959283
2022-03-08,20.33,20.63,19.85,20.46,531395
2022-03-09,20.64,21.72,20.47,21.16,1129145
2022-03-10,20.07,20.83,19.51,20.8,725724
2022-03-11,20.59,20.94,19.95,20.29,559894
2022-03-14,19.92,20.38,19.62,19.65,406082
2022-03-15,19.14,19.36,17.88,18.32,685559
2022-03-16,18.25,18.39,17.42,18.19,425346
2022-03-17,18.25,18.49,17.85,18.4,497042
2022-03-18,18.49,18.53,18.11,18.3,292554
2022-03-21,18.11,18.68,18.05,18.41,268179
2022-03-22,18.31,18.97,18.29,18.84,341842
2022-03-23,18.64,18.92,18.52,18.85,198930
2022-03-24,19.03,20.59,19.0,20.36,846574
2022-03-25,20.52,21.34,20.43,20.89,767939
2022-03-28,20.86,21.54,20.63,21.12,614129
2022-03-29,20.59,21.47,20.52,21.14,520375
2022-03-30,20.95,21.13,20.72,20.9,322575
2022-03-31,20.91,21.12,20.68,20.84,287808
2022-04-01,20.89,21.03,20.52,20.92,228612
2022-04-06,20.8,21.48,20.73,21.11,335460
2022-04-07,20.93,21.4,20.84,21.25,247228
2022-04-08,21.44,22.69,21.44,22.49,794329
2022-04-11,22.68,23.04,22.14,22.39,530253
2022-04-12,22.16,22.67,21.99,22.67,382110
2022-04-13,22.77,23.16,22.33,22.4,389627
2022-04-14,22.39,22.69,22.0,22.04,348295
2022-04-15,21.95,22.15,20.75,21.04,447858
2022-04-18,21.34,21.48,21.04,21.37,271939
2022-04-19,21.11,21.48,20.79,21.33,229004
2022-04-20,20.84,21.03,20.07,20.16,390702
2022-04-21,20.34,20.34,19.29,19.36,329863
2022-04-22,19.34,19.69,19.02,19.55,298310
2022-04-25,19.03,19.2,17.92,18.0,467737
2022-04-26,18.0,18.12,17.39,17.47,411683
2022-04-27,17.29,17.99,17.25,17.96,336960
2022-04-28,17.64,17.82,17.34,17.63,261742
2022-04-29,17.82,18.54,17.81,18.5,347431
2022-05-05,18.33,18.58,18.15,18.36,257490
2022-05-06,17.84,17.91,17.64,17.77,213626
2022-05-09,17.79,17.91,17.55,17.67,188207
2022-05-10,17.42,17.61,17.09,17.6,267802
2022-05-11,17.31,17.77,17.24,17.55,308835
2022-05-12,17.56,17.56,17.12,17.28,304394
2022-05-13,17.1,17.42,17.09,17.39,197883
2022-05-16,17.38,17.46,17.2,17.25,210011
2022-05-17,17.34,17.43,17.24,17.37,202817
2022-05-18,17.23,17.29,17.09,17.14,240074
2022-05-19,17.06,17.12,16.73,17.12,246913
2022-05-20,17.28,17.49,17.27,17.46,275216
2022-05-23,17.54,17.92,17.39,17.84,340763
2022-05-24,17.69,17.8,17.24,17.26,258699
2022-05-25,17.38,18.12,17.36,17.82,432743
2022-05-26,17.69,17.89,17.5,17.83,209814
2022-05-27,17.86,18.09,17.71,17.85,246273
2022-05-30,17.71,17.94,17.62,17.83,185186
2022-05-31,17.69,17.74,17.48,17.73,247783
2022-06-01,17.56,17.62,17.28,17.5,260040
2022-06-02,17.52,17.66,17.42,17.58,190649
2022-06-06,17.35,17.64,17.3,17.62,343769
2022-06-07,17.5,17.63,17.39,17.5,241672
2022-06-08,17.55,17.68,17.35,17.68,288491
2022-06-09,17.66,18.16,17.49,17.99,495264
2022-06-10,17.74,17.94,17.46,17.74,457370
2022-06-13,18.13,18.53,18.0,18.23,625462
2022-06-14,17.67,17.86,17.49,17.86,419007
2022-06-15,17.65,18.22,17.64,18.06,430814
2022-06-16,18.11,18.44,17.92,18.07,390925
2022-06-17,18.27,18.79,18.22,18.55,601034
2022-06-20,18.37,18.48,17.94,18.42,407321
2022-06-21,18.23,18.37,17.97,18.11,235517
2022-06-22,18.03,18.09,17.72,17.78,225661
2022-06-23,17.77,18.09,17.74,17.96,186953
2022-06-24,17.79,17.99,17.71,17.97,190060
2022-06-27,18.15,18.23,18.05,18.17,296973
2022-06-28,18.15,18.19,17.96,18.17,220888
2022-06-29,18.14,18.14,17.86,17.9,236925
2022-06-30,17.91,17.99,17.86,17.9,182197
2022-07-01,17.84,17.84,17.57,17.62,258947
2022-07-04,17.64,17.78,17.64,17.78,225523
2022-07-05,17.69,17.88,17.54,17.65,196308
2022-07-06,17.4,17.48,17.24,17.34,308392
2022-07-07,17.29,17.38,17.22,17.25,206703
2022-07-08,17.32,17.52,17.25,17.4,155205
2022-07-11,17.39,17.39,17.07,17.1,221513
2022-07-12,17.08,17.09,16.96,17.07,142983
2022-07-13,17.01,17.1,16.95,17.09,181877
2022-07-14,17.1,17.18,16.99,17.12,135607
2022-07-15,16.98,17.07,16.8,16.83,194525
2022-07-18,16.86,17.16,16.85,17.14,171203
2022-07-19,17.03,17.17,17.0,17.09,132875
2022-07-20,17.14,17.24,17.11,17.17,133238
2022-07-21,17.04,17.25,17.01,17.07,152740
2022-07-22,17.24,17.33,17.0,17.13,144025
2022-07-25,17.14,17.58,17.08,17.44,295551
2022-07-26,17.38,17.46,17.26,17.4,161530
2022-07-27,17.42,17.46,17.3,17.43,138008
2022-07-28,17.52,17.9,17.5,17.51,261615
2022-07-29,17.76,17.8,17.55,17.68,248641
2022-08-01,17.69,17.92,17.55,17.57,209066
2022-08-02,17.83,18.14,17.63,17.81,510872
2022-08-03,17.22,17.74,17.12,17.54,335682
2022-08-04,17.43,17.54,17.29,17.41,184577
2022-08-05,17.61,17.97,17.61,17.93,468421
2022-08-08,17.75,17.75,17.51,17.74,216514
2022-08-09,17.75,17.87,17.52,17.61,194505
2022-08-10,17.59,18.45,17.59,18.27,749591
2022-08-11,18.03,18.23,17.93,18.02,380000
2022-08-12,17.9,18.49,17.85,18.25,364704
2022-08-15,18.32,18.38,18.08,18.11,207108
2022-08-16,17.93,18.07,17.8,17.83,242006
2022-08-17,17.84,17.88,17.55,17.77,212300
2022-08-18,17.69,17.71,17.43,17.45,261085
2022-08-19,17.42,17.44,17.3,17.31,204564
2022-08-22,17.23,17.39,17.2,17.34,186311
2022-08-23,17.34,17.36,17.24,17.35,126073
2022-08-24,17.38,17.44,17.09,17.11,201242
2022-08-25,17.12,17.43,17.12,17.42,205947
2022-08-26,17.34,17.49,17.29,17.48,174978
2022-08-29,17.18,17.29,17.08,17.29,179533
2022-08-30,17.32,17.42,17.18,17.31,125741
2022-08-31,17.19,17.33,17.14,17.29,127943
2022-09-01,17.21,17.3,17.17,17.21,103095
2022-09-02,17.15,17.21,16.9,17.08,230215
2022-09-05,17.04,17.16,17.01,17.14,119005
2022-09-06,17.19,17.44,17.15,17.4,223564
2022-09-07,17.24,17.44,17.19,17.43,183751
2022-09-08,17.51,17.97,17.4,17.76,423026
2022-09-09,17.73,17.99,17.69,17.85,283755
2022-09-13,17.94,18.14,17.87,17.94,291035
2022-09-14,17.61,17.8,17.59,17.61,190167
2022-09-15,17.69,17.72,17.32,17.42,217447
2022-09-16,17.31,17.39,16.75,16.76,345275
2022-09-19,16.77,16.86,16.4,16.48,248528
2022-09-20,16.58,16.91,16.55,16.85,148448
2022-09-21,16.69,17.11,16.56,17.01,149753
2022-09-22,16.83,17.6,16.76,17.24,251555
2022-09-23,17.18,17.37,17.05,17.18,143074
2022-09-26,16.84,16.9,16.39,16.41,248409
2022-09-27,16.39,16.48,15.97,16.42,224895
2022-09-28,16.29,16.35,15.98,15.99,181790
2022-09-29,16.29,16.44,16.11,16.21,170604
2022-09-30,16.29,16.56,16.19,16.52,155891
2022-10-10,16.7,16.8,16.39,16.48,183065
2022-10-11,16.3,16.42,16.1,16.36,111924
2022-10-12,16.24,16.45,16.07,16.45,134164
2022-10-13,16.42,16.47,16.2,16.42,90878
2022-10-14,16.35,16.64,16.32,16.64,128731
2022-10-17,16.45,16.68,16.44,16.65,142058
2022-10-18,16.66,16.71,16.5,16.59,134178
2022-10-19,16.57,16.62,16.25,16.3,130353
2022-10-20,16.15,16.42,16.07,16.32,119108
2022-10-21,16.29,16.39,16.21,16.27,77428
2022-10-24,16.53,17.01,16.44,16.59,342468
2022-10-25,16.52,16.57,16.25,16.34,147393
2022-10-26,16.37,16.69,16.35,16.67,187748
2022-10-27,16.67,17.05,16.64,16.94,246852
2022-10-28,16.89,17.25,16.72,16.82,268158
2022-10-31,16.39,16.81,16.25,16.69,178592
2022-11-01,16.65,16.96,16.58,16.93,151831
2022-11-02,16.95,17.17,16.79,17.05,164924
2022-11-03,16.78,17.05,16.77,16.93,96474
2022-11-04,16.84,17.11,16.77,17.06,174660
2022-11-07,17.39,17.55,17.22,17.28,277000
2022-11-08,17.26,17.61,17.2,17.41,226486
2022-11-09,18.02,18.29,17.99,18.07,652593
2022-11-10,17.9,18.16,17.78,17.97,222872
2022-11-11,18.9,19.81,18.9,19.47,1011137
2022-11-14,19.4,19.57,18.69,18.89,425799
2022-11-15,18.79,19.27,18.73,18.94,240981
2022-11-16,19.24,19.89,18.89,19.44,399759
2022-11-17,19.32,19.63,19.13,19.24,237382
2022-11-18,19.29,19.29,18.76,19.03,280814
2022-11-21,18.89,18.9,18.6,18.8,159734
2022-11-22,18.73,19.19,18.71,19.0,149267
2022-11-23,18.99,19.19,18.75,18.93,119248
2022-11-24,19.29,19.62,19.21,19.44,314987
2022-11-25,19.44,20.99,19.41,20.28,516641
2022-11-28,20.13,20.5,19.94,20.25,275264
2022-11-29,19.97,20.0,19.42,19.8,351287
2022-11-30,19.69,20.11,19.55,19.84,226312
2022-12-01,20.42,20.55,20.07,20.36,263766
2022-12-02,20.76,20.94,19.84,20.19,487472
2022-12-05,20.06,20.71,20.03,20.33,341840
2022-12-06,19.94,20.19,19.81,20.1,224939
2022-12-07,20.06,20.22,19.66,19.76,240348
2022-12-08,19.76,20.08,19.75,19.9,163984
2022-12-09,19.93,20.02,19.65,19.98,150489
2022-12-12,19.89,19.96,18.61,18.68,451802
2022-12-13,18.81,19.19,18.74,19.19,201925
2022-12-14,19.31,19.54,19.12,19.27,158188
2022-12-15,19.09,19.1,18.34,18.66,291780
2022-12-16,18.55,18.69,18.43,18.66,140536
2022-12-19,18.7,18.97,18.39,18.46,137337
2022-12-20,18.43,18.54,18.27,18.37,90508
2022-12-21,18.89,18.95,18.32,18.39,164496
2022-12-22,18.5,18.61,18.15,18.23,120079
2022-12-23,17.99,18.34,17.86,18.2,96576
2022-12-26,18.16,18.19,17.96,18.04,99525
2022-12-27,18.13,18.47,18.05,18.38,155796
2022-12-28,18.41,18.67,18.31,18.45,123237
2022-12-29,18.39,18.42,18.09,18.3,85796
2022-12-30,18.44,18.67,18.33,18.55,109560
2023-01-03,18.58,18.92,18.44,18.88,217819
2023-01-04,18.83,19.17,18.74,18.97,211682
2023-01-05,19.24,19.25,18.72,18.77,231602
2023-01-06,18.62,18.78,18.52,18.59,150584
2023-01-09,19.0,19.45,18.79,19.35,338949
2023-01-10,19.33,19.47,19.13,19.29,189939
2023-01-11,19.34,19.43,19.07,19.17,154342
2023-01-12,19.11,19.32,18.95,18.97,134904
2023-01-13,19.2,19.25,18.88,18.99,172521
2023-01-16,19.39,19.48,19.13,19.21,228373
2023-01-17,19.13,19.19,18.75,19.01,162814
2023-01-18,18.95,19.08,18.93,19.04,105932
2023-01-19,19.0,19.03,18.59,18.76,275069
2023-01-20,18.83,19.47,18.83,19.39,438574
2023-01-30,19.47,19.51,19.09,19.24,314843
2023-01-31,19.23,19.51,19.11,19.18,243879
2023-02-01,19.37,19.74,19.24,19.58,328984
2023-02-02,19.89,20.11,19.57,19.8,439264
2023-02-03,19.39,19.44,19.17,19.34,286185
2023-02-06,18.84,18.87,18.31,18.5,513291
2023-02-07,18.48,18.67,18.4,18.64,227207
2023-02-08,18.61,18.64,18.49,18.5,139899
2023-02-09,18.5,18.59,18.33,18.57,142495
2023-02-10,18.47,18.54,18.37,18.43,212463
2023-02-13,18.36,18.58,18.35,18.52,192863
2023-02-14,18.52,18.67,18.48,18.65,194530
2023-02-15,18.59,18.75,18.52,18.54,186994
2023-02-16,18.41,18.57,18.11,18.28,249724
2023-02-17,18.27,18.34,18.07,18.15,198803
2023-02-20,18.28,18.37,18.13,18.37,179092
2023-02-21,18.3,18.57,18.3,18.49,168758
2023-02-22,18.42,18.64,18.41,18.61,182044
2023-02-23,18.49,18.59,18.41,18.56,126974
2023-02-24,18.53,18.55,18.3,18.34,123280
2023-02-27,18.25,18.44,18.14,18.22,136731
2023-02-28,18.23,18.39,18.23,18.37,97736
2023-03-01,18.48,18.58,18.4,18.54,160020
2023-03-02,18.49,18.7,18.47,18.59,170635
2023-03-03,18.67,18.71,18.54,18.62,131820
2023-03-06,18.69,19.09,18.69,18.96,322995
2023-03-07,18.98,19.48,18.89,19.1,382515
2023-03-08,18.8,18.81,18.26,18.5,315729
2023-03-09,18.53,18.64,18.41,18.52,124796
2023-03-10,18.7,18.93,18.55,18.84,267510
2023-03-13,19.57,19.69,19.17,19.44,531753
2023-03-14,19.94,20.7,19.94,20.19,882720
2023-03-15,19.99,20.19,19.69,19.98,408568
2023-03-16,20.19,20.42,19.98,20.2,465770
2023-03-17,19.91,20.36,19.75,20.25,324773
2023-03-20,20.88,21.36,20.61,21.19,927959
2023-03-21,20.74,21.07,20.69,20.92,450476
2023-03-22,20.47,20.84,20.36,20.69,343841
2023-03-23,20.82,21.54,20.62,21.36,547101
2023-03-24,21.62,21.65,21.12,21.2,323370
2023-03-27,21.2,21.28,20.71,21.18,355206
2023-03-28,20.97,21.25,20.85,20.86,219481
2023-03-29,21.03,21.06,20.75,20.83,203772
2023-03-30,20.69,20.98,20.49,20.73,222998
2023-03-31,20.91,21.67,20.89,21.43,416878
2023-04-03,21.11,21.39,20.93,21.0,235695
2023-04-04,21.33,22.3,21.29,22.15,520012
2023-04-06,22.72,24.39,22.71,24.24,843671
2023-04-07,23.89,24.46,23.89,24.36,440358
2023-04-10,24.35,24.49,23.7,23.91,345980
2023-04-11,23.8,25.47,23.73,25.25,648590
2023-04-12,25.23,26.04,25.09,25.57,505185
2023-04-13,25.61,26.46,25.37,25.78,709169
2023-04-14,26.45,26.99,26.28,26.68,599765
2023-04-17,25.51,26.41,25.29,26.21,509952
2023-04-18,26.05,26.75,25.89,26.29,340595
2023-04-19,26.29,26.84,25.79,25.87,419451
2023-04-20,25.81,25.92,24.84,25.39,673442
2023-04-21,25.39,25.57,24.93,25.04,339648
2023-04-24,24.89,25.17,24.17,24.38,360914
2023-04-25,24.84,25.5,24.61,24.84,391742
2023-04-26,24.89,25.09,24.31,24.64,257149
2023-04-27,24.29,25.8,24.26,25.35,456537
2023-04-28,24.9,25.19,24.46,25.09,302803
2023-05-04,26.59,26.78,25.92,26.04,453445
2023-05-05,26.24,26.54,25.44,25.77,321854
2023-05-08,25.29,25.94,25.09,25.89,261259
2023-05-09,25.86,25.86,24.96,25.06,235541
2023-05-10,25.25,25.64,24.35,24.76,297783
2023-05-11,24.76,25.17,24.07,24.28,342092
2023-05-12,23.96,23.96,23.3,23.38,427056
2023-05-15,23.46,23.71,23.06,23.52,247679
2023-05-16,23.49,23.92,23.3,23.48,206587
2023-05-17,23.04,23.49,22.92,23.36,150398
2023-05-18,23.35,24.77,23.35,24.23,329292
2023-05-19,24.39,24.5,22.94,23.97,465485
2023-05-22,23.98,24.34,23.87,24.15,230437
2023-05-23,23.89,24.02,23.47,23.5,176895
2023-05-24,23.5,24.24,23.5,23.9,208764
2023-05-25,23.55,23.75,23.24,23.48,156192
2023-05-26,23.17,24.73,23.1,24.25,281571
2023-05-29,24.11,24.42,23.93,24.33,162056
2023-05-30,24.34,24.69,23.95,24.14,188218
2023-05-31,24.42,24.99,24.27,24.64,270213
2023-06-01,24.79,25.86,24.77,24.92,337546
2023-06-02,25.18,26.17,25.18,25.53,366951
2023-06-05,24.91,25.01,24.4,24.45,287605
2023-06-06,24.82,25.47,24.26,24.39,279698
2023-06-07,24.45,24.71,24.12,24.22,155348
2023-06-08,23.9,24.19,23.64,24.08,188723
2023-06-09,24.48,24.93,24.13,24.79,236810
2023-06-12,24.65,24.65,24.03,24.33,180375
2023-06-13,24.22,24.45,24.0,24.4,138988
2023-06-14,24.04,24.49,23.8,24.39,296372
2023-06-15,23.88,23.88,22.4,22.94,757753
2023-06-16,22.99,23.49,22.87,23.31,397897
2023-06-19,23.25,23.35,22.69,23.28,231691
2023-06-20,23.0,23.43,22.73,23.16,183243
2023-06-21,22.89,23.27,22.7,22.74,158650
2023-06-26,22.74,23.38,22.6,22.83,226912
2023-06-27,22.57,23.22,22.57,23.16,158808
2023-06-28,23.01,23.19,22.81,23.01,138925
2023-06-29,22.95,23.44,22.56,23.27,175262
2023-06-30,23.27,23.28,22.73,22.87,168019
2023-07-03,22.97,23.61,22.92,23.41,222178
2023-07-04,23.47,23.56,22.94,23.18,135116
2023-07-05,23.19,23.45,23.06,23.33,141380
2023-07-06,23.29,23.29,22.97,23.04,133134
2023-07-07,22.96,23.06,22.47,22.86,162833
2023-07-10,23.15,23.49,23.09,23.37,207623
2023-07-11,23.51,24.43,23.3,24.33,312229
2023-07-12,24.33,25.07,24.33,24.59,300352
2023-07-13,25.35,25.58,24.89,24.99,358679
2023-07-14,25.0,25.38,24.56,24.69,327265
2023-07-17,24.48,25.01,24.22,24.9,177673
2023-07-18,24.91,25.45,24.76,25.03,163880
2023-07-19,25.43,25.61,25.04,25.36,284577
2023-07-20,25.34,25.55,25.01,25.07,226364
2023-07-21,24.9,25.06,24.66,24.81,104259
2023-07-24,24.51,25.16,24.51,25.03,130034
2023-07-25,25.03,25.1,24.52,24.67,195314
2023-07-26,24.73,25.45,24.66,25.34,202265
2023-07-27,25.21,25.37,24.95,25.17,154306
2023-07-28,24.76,24.91,24.31,24.34,358711
2023-07-31,24.41,24.51,23.76,23.85,429657
2023-08-01,23.97,24.31,23.91,24.18,205938
2023-08-02,23.85,23.93,23.66,23.85,188318
2023-08-03,23.61,23.84,23.61,23.76,112397
2023-08-04,23.71,24.06,23.57,23.87,186939
2023-08-07,23.84,24.17,23.73,24.04,165342
2023-08-08,23.91,25.01,23.79,24.77,325264
2023-08-09,24.61,25.14,24.34,24.44,187071
2023-08-10,24.36,24.63,24.07,24.55,103955
2023-08-11,24.71,24.76,23.82,23.86,178376
2023-08-14,23.81,24.75,23.71,23.97,238001
2023-08-15,23.92,24.01,23.47,23.68,176127
2023-08-16,23.58,23.74,22.95,23.59,198136
2023-08-17,23.33,23.79,23.22,23.75,135653
2023-08-18,23.62,23.84,23.29,23.29,106303
2023-08-21,23.34,23.49,23.15,23.16,89970
2023-08-22,23.37,23.86,23.26,23.84,167217
2023-08-23,23.86,24.11,23.74,23.9,141741
2023-08-24,24.34,25.54,24.11,25.43,552438
2023-08-25,25.28,25.46,24.91,25.21,261259
2023-08-28,25.89,26.07,24.58,25.15,306735
2023-08-29,25.16,25.41,25.04,25.34,234430
2023-08-30,25.76,25.95,25.52,25.8,262782
2023-08-31,25.83,26.61,25.65,25.69,345276
2023-09-01,25.46,25.81,25.33,25.71,137899
2023-09-04,25.65,25.94,25.28,25.4,210273
2023-09-05,25.3,25.51,25.11,25.28,107564
2023-09-06,24.91,25.23,24.91,25.0,124869
2023-09-07,25.0,25.25,24.77,25.01,130947
2023-09-08,25.25,25.66,25.24,25.46,189058
2023-09-11,25.36,25.96,25.2,25.7,227703
2023-09-12,25.55,25.91,25.44,25.49,110578
2023-09-13,25.46,25.61,25.18,25.54,117629
2023-09-14,25.54,26.09,25.46,25.85,348815
2023-09-15,26.0,26.23,25.43,25.62,260423
2023-09-18,25.66,25.75,25.29,25.54,133116
2023-09-19,25.66,26.11,25.51,25.74,137437
2023-09-20,25.77,25.85,25.41,25.53,90893
2023-09-21,25.33,25.49,25.06,25.24,141736
2023-09-22,25.24,25.24,24.61,24.97,208776
2023-09-25,24.97,25.42,24.85,25.23,193133
2023-09-26,25.11,25.19,24.8,25.02,143000
2023-09-27,24.87,25.06,24.66,24.84,137834
2023-09-28,24.43,24.72,24.12,24.57,140350
2023-10-09,24.46,25.05,23.55,24.88,257552
2023-10-10,24.9,25.4,24.76,25.17,194128
2023-10-11,25.17,25.21,24.3,24.43,194253
2023-10-12,24.48,24.94,24.48,24.77,149340
2023-10-13,24.61,25.07,24.32,24.77,133922
2023-10-16,25.41,25.47,24.78,24.9,299968
2023-10-17,24.66,25.06,24.42,24.97,225804
2023-10-18,25.03,25.21,24.55,24.64,201220
2023-10-19,24.69,24.83,24.28,24.45,152639
2023-10-20,24.69,24.9,24.24,24.52,203218
2023-10-23,24.12,24.61,24.02,24.24,149966
2023-10-24,24.16,24.4,24.01,24.31,134960
2023-10-25,24.26,24.55,24.18,24.35,140337
2023-10-26,24.35,24.61,24.27,24.46,141591
2023-10-27,24.42,24.71,23.46,24.16,279159
2023-10-30,24.3,24.39,23.44,23.48,418787
2023-10-31,23.51,23.52,23.16,23.35,215926
2023-11-01,23.17,23.28,23.06,23.24,159033
2023-11-02,23.25,23.33,23.06,23.08,106324
2023-11-03,23.08,23.11,22.78,22.93,167869
2023-11-06,22.99,23.08,22.38,22.68,320024
2023-11-07,22.52,22.61,22.21,22.6,220029
2023-11-08,22.58,22.63,22.26,22.5,151439
2023-11-09,22.26,22.41,22.22,22.29,162630
2023-11-10,22.26,22.26,21.84,22.14,219653
2023-11-13,22.06,22.33,21.8,22.32,165388
2023-11-14,22.24,22.31,22.05,22.16,150660
2023-11-15,22.32,22.36,22.07,22.18,203733
2023-11-16,22.06,22.08,21.61,21.99,281868
2023-11-17,22.04,22.3,21.79,22.22,255716
2023-11-20,22.06,22.28,21.96,22.06,160382
2023-11-21,22.05,22.24,22.03,22.2,193336
2023-11-22,22.26,22.44,22.09,22.2,193624
2023-11-23,22.09,22.1,21.77,21.95,197452
2023-11-24,21.91,22.02,21.81,21.88,97308
2023-11-27,21.99,22.31,21.79,22.14,225751
2023-11-28,22.14,22.18,21.78,21.91,129280
2023-11-29,22.28,22.71,22.08,22.59,533863
2023-11-30,22.48,22.71,22.4,22.66,211235
2023-12-01,22.56,22.67,22.41,22.62,143594
2023-12-04,23.26,24.01,23.26,23.67,516232
2023-12-05,23.16,23.22,22.84,22.86,226705
2023-12-06,22.66,22.76,22.48,22.74,145261
2023-12-07,22.66,22.66,22.31,22.5,128299
2023-12-08,22.4,22.46,22.23,22.24,134894
2023-12-11,21.89,21.92,21.18,21.59,291803
2023-12-12,21.37,21.89,21.29,21.84,154278
2023-12-13,21.66,21.89,21.35,21.38,145775
2023-12-14,22.28,22.32,21.72,21.9,224899
2023-12-15,21.96,22.21,21.41,21.46,164861
2023-12-18,21.26,21.42,21.16,21.19,124725
2023-12-19,21.24,21.34,21.07,21.31,129110
2023-12-20,21.33,21.86,21.33,21.56,178209
2023-12-21,21.45,21.63,21.14,21.56,143722
2023-12-22,21.66,21.89,21.41,21.56,162492
2023-12-25,21.52,22.04,21.46,21.91,160727
2023-12-26,21.94,22.52,21.84,22.45,232024
2023-12-27,22.43,22.63,22.28,22.58,165810
2023-12-28,22.74,22.81,22.29,22.66,242055
2023-12-29,22.45,22.75,22.28,22.33,183615
2024-01-02,22.34,22.61,22.23,22.45,145365
2024-01-03,22.27,22.59,22.19,22.31,109408
2024-01-04,22.11,22.4,21.87,22.36,139191
2024-01-05,22.29,22.66,22.21,22.31,139741
2024-01-08,22.25,22.31,21.71,21.79,126560
2024-01-09,21.71,21.98,21.56,21.85,103601
2024-01-10,21.82,22.12,21.7,22.03,115273
2024-01-11,21.91,21.91,21.51,21.55,161379
2024-01-12,21.43,21.91,21.33,21.75,147427
2024-01-15,21.73,21.91,21.58,21.7,84858
2024-01-16,21.59,21.66,21.11,21.46,107835
2024-01-17,21.34,21.38,20.54,20.56,206533
2024-01-18,20.1,20.24,19.26,20.14,331595
2024-01-19,19.97,20.45,19.88,20.37,156362
2024-01-22,20.35,20.35,19.38,19.48,174672
2024-01-23,19.43,19.65,19.09,19.59,132039
2024-01-24,19.54,19.79,19.18,19.75,139425
2024-01-25,19.64,20.06,19.54,20.05,175551
2024-01-26,20.0,20.19,19.86,20.1,120972
2024-01-29,20.16,20.61,20.15,20.21,168009
2024-01-30,20.11,20.35,19.85,20.02,164474
2024-01-31,20.15,20.31,19.94,20.03,168817
2024-02-01,19.81,20.21,19.71,19.94,123161
2024-02-02,20.08,20.72,19.76,20.34,281688
2024-02-05,20.06,20.46,19.76,20.4,201496
2024-02-06,20.36,20.74,20.06,20.73,239029
2024-02-07,20.73,20.93,20.34,20.92,247469
2024-02-08,20.94,21.28,20.56,21.26,243204
2024-02-19,20.97,20.97,20.47,20.7,328596
2024-02-20,20.51,20.87,20.49,20.84,257219
2024-02-21,20.73,21.54,20.65,21.18,255250
2024-02-22,21.08,21.46,21.04,21.38,149605
2024-02-23,21.27,21.72,21.26,21.49,156086
2024-02-26,21.52,21.64,21.17,21.27,166873
2024-02-27,21.16,21.46,21.11,21.45,119869
2024-02-28,21.45,21.66,21.06,21.06,216115
2024-02-29,21.02,21.24,20.91,21.15,204941
2024-03-01,21.15,22.2,21.13,22.11,374916
2024-03-04,22.79,23.11,22.56,22.61,342032
2024-03-05,23.21,24.12,23.21,23.68,440957
2024-03-06,24.06,24.21,23.68,24.1,386455
2024-03-07,24.44,25.33,24.29,24.85,449623
2024-03-08,24.85,24.86,24.41,24.81,245557
2024-03-11,25.16,25.26,24.61,24.9,251797
2024-03-12,24.96,25.0,23.96,24.1,336308
2024-03-13,23.61,24.06,23.5,23.93,240443
2024-03-14,24.15,24.59,23.99,24.1,233616
2024-03-15,24.05,24.71,23.66,24.52,283698
2024-03-18,24.39,24.66,24.14,24.44,223163
2024-03-19,24.5,25.04,24.44,24.6,175467
2024-03-20,24.5,24.84,24.39,24.64,130531
2024-03-21,25.76,25.94,25.19,25.39,277459
2024-03-22,25.07,25.3,24.51,24.87,234329
2024-03-25,24.91,25.32,24.89,25.02,179183
2024-03-26,25.06,25.15,24.78,24.96,161258
2024-03-27,25.14,25.37,24.96,25.07,203914
2024-03-28,25.09,25.82,24.93,25.62,241470
2024-03-29,26.46,27.76,26.46,27.69,612114
2024-04-01,28.26,29.26,28.16,28.95,520136
2024-04-02,28.52,28.96,28.23,28.53,379019
2024-04-03,29.26,29.56,28.75,29.2,515705
2024-04-08,29.64,31.84,29.56,31.24,743970
2024-04-09,30.62,30.98,30.09,30.82,438229
2024-04-10,30.91,31.42,30.59,31.07,419222
2024-04-11,30.26,31.63,30.21,30.73,412771
2024-04-12,32.12,32.71,31.16,32.57,663664
2024-04-15,30.67,31.47,30.47,31.4,597708
2024-04-16,31.46,31.77,30.06,30.07,552177
2024-04-17,30.11,30.81,30.04,30.49,379876
2024-04-18,30.21,30.74,29.66,30.56,407518
2024-04-19,30.76,31.56,30.6,30.89,401573
2024-04-22,30.46,30.89,29.66,29.85,439944
2024-04-23,29.03,29.15,28.29,28.46,666166
2024-04-24,28.66,28.89,28.37,28.77,278940
2024-04-25,28.6,28.96,28.19,28.76,238909
2024-04-26,28.81,29.7,28.81,29.45,364824
2024-04-29,28.85,28.9,28.16,28.7,433673
2024-04-30,28.7,28.84,28.22,28.33,258872
2024-05-06,27.75,28.73,27.47,28.73,402447
2024-05-07,28.79,29.22,28.6,28.91,258341
2024-05-08,28.78,29.59,28.46,29.35,265013
2024-05-09,29.12,29.93,29.09,29.59,274095
2024-05-10,30.33,30.45,29.54,30.12,368786
2024-05-13,29.71,30.07,29.27,29.77,213770
2024-05-14,29.65,30.12,29.44,29.91,216042
2024-05-15,29.95,31.11,29.86,30.64,269264
2024-05-16,31.34,31.46,29.81,29.9,304292
2024-05-17,29.69,29.93,29.26,29.77,180329
2024-05-20,30.74,31.68,30.02,31.26,487661
2024-05-21,30.92,31.11,29.49,29.56,353851
2024-05-22,29.56,29.86,29.06,29.32,211796
2024-05-23,28.17,28.84,27.8,28.53,291752
2024-05-24,28.16,28.68,28.08,28.34,240946
2024-05-27,28.35,29.39,28.35,28.81,228234
2024-05-28,28.99,29.16,28.51,28.54,164812
2024-05-29,28.65,29.07,28.28,28.77,213173
2024-05-30,28.56,28.64,27.85,28.05,231168
2024-05-31,28.07,28.47,27.96,28.27,210305
2024-06-03,27.96,28.07,27.14,27.46,376578
2024-06-04,27.81,28.12,27.43,27.84,204058
2024-06-05,27.46,27.84,27.19,27.58,224484
2024-06-06,28.01,28.76,27.99,28.57,320778
2024-06-07,28.73,28.85,27.83,28.31,278750
2024-06-11,26.97,27.38,26.81,27.15,391673
2024-06-12,27.06,27.71,27.01,27.58,191909
2024-06-13,27.59,27.63,26.67,27.24,231074
2024-06-14,27.16,27.34,26.87,27.04,139453
2024-06-17,27.04,27.47,26.8,26.96,152580
2024-06-18,26.96,27.45,26.85,27.23,133521
2024-06-19,27.42,28.04,27.25,27.64,211335
2024-06-20,27.71,27.97,27.09,27.45,172108
2024-06-21,27.82,27.93,27.34,27.43,235654
2024-06-24,26.81,27.4,26.76,27.21,146679
2024-06-25,27.21,27.24,26.8,27.06,132683
2024-06-26,26.86,27.0,26.39,26.82,168422
2024-06-27,26.56,26.63,26.21,26.34,145086
2024-06-28,26.54,27.06,26.37,26.84,182403
2024-07-01,26.77,27.04,26.38,26.92,191206
2024-07-02,26.97,27.28,26.71,26.93,161254
2024-07-03,26.97,27.01,26.48,26.64,154323
2024-07-04,26.96,28.12,26.96,27.32,352749
2024-07-05,27.13,28.71,26.95,28.67,409131
2024-07-08,29.06,29.42,28.84,28.88,296741
2024-07-09,28.66,29.11,28.48,28.94,229332
2024-07-10,28.81,29.52,28.8,28.93,246283
2024-07-11,28.94,29.34,28.71,29.18,309074
2024-07-12,29.46,29.54,27.42,27.76,663569
2024-07-15,27.7,28.97,27.45,28.82,422042
2024-07-16,28.86,30.4,28.83,30.32,379880
2024-07-17,31.26,31.37,30.27,30.62,387639
2024-07-18,30.6,30.91,29.95,30.85,229759
2024-07-19,29.68,30.19,29.21,30.1,248931
2024-07-22,29.66,30.19,29.36,29.78,208720
2024-07-23,29.78,29.99,28.43,28.51,243965
2024-07-24,28.62,29.21,28.6,29.14,205419
2024-07-25,28.7,28.7,27.31,27.58,285713
2024-07-26,27.58,27.92,27.46,27.64,154657
2024-07-29,27.96,28.23,27.69,27.98,152478
2024-07-30,27.98,28.3,27.5,28.18,153325
2024-07-31,28.38,29.05,28.23,29.02,206465
2024-08-01,29.29,30.03,28.87,29.09,215786
2024-08-02,28.48,30.08,28.48,29.9,308039
2024-08-05,28.8,29.79,28.58,29.26,372594
2024-08-06,28.92,29.18,28.22,28.62,252291
2024-08-07,28.2,28.91,28.17,28.52,144334
2024-08-08,28.3,28.58,27.86,28.13,158085
2024-08-09,28.55,28.92,28.43,28.58,166728
2024-08-12,28.66,28.69,28.11,28.48,88038
2024-08-13,28.9,29.1,28.31,28.57,170713
2024-08-14,28.46,28.75,28.36,28.5,87381
2024-08-15,28.22,28.64,28.05,28.6,112067
2024-08-16,28.64,28.84,27.45,27.97,245860
2024-08-19,28.33,29.38,28.22,29.06,280002
2024-08-20,29.11,29.4,28.88,29.12,143922
2024-08-21,29.2,30.48,28.8,30.16,294251
2024-08-22,29.85,30.28,29.79,29.98,153504
2024-08-23,29.65,30.09,29.38,30.04,134655
2024-08-26,30.36,30.54,29.06,29.4,210685
2024-08-27,29.41,29.43,28.14,28.42,215486
2024-08-28,28.42,28.69,27.49,27.63,224995
2024-08-29,27.63,27.66,27.0,27.32,236940
2024-08-30,27.18,27.2,26.31,26.6,482965
2024-09-02,26.39,26.44,25.48,25.77,393903
2024-09-03,25.51,25.68,25.11,25.29,297238
2024-09-04,25.1,25.27,24.74,24.95,187588
2024-09-05,24.95,25.4,24.91,25.14,225278
2024-09-06,25.2,25.46,25.05,25.27,171215
2024-09-09,24.89,24.89,24.09,24.3,283363
2024-09-10,24.3,24.45,23.95,24.22,168030
2024-09-11,24.25,24.81,24.13,24.65,202997
2024-09-12,24.59,24.59,24.13,24.45,145323
2024-09-13,25.08,25.58,24.84,25.17,373651
2024-09-18,25.46,25.78,24.85,25.24,188835
2024-09-19,25.27,25.37,24.28,25.33,244833
2024-09-20,25.34,25.96,25.09,25.9,290540
2024-09-23,26.2,26.6,26.08,26.28,263882
2024-09-24,26.28,26.6,25.95,26.59,334967
2024-09-25,26.86,27.58,26.86,27.29,323650
2024-09-26,27.17,27.51,26.95,27.51,255124
2024-09-27,27.51,27.78,26.8,27.46,431605
2024-09-30,27.47,29.55,27.0,28.89,1002881
2024-10-08,31.06,31.26,27.61,28.54,1188235
2024-10-09,27.78,28.05,26.43,26.51,652274
2024-10-10,26.51,27.2,26.3,26.76,426526
2024-10-11,27.26,27.56,26.85,26.99,403777
2024-10-14,26.96,27.67,26.52,27.55,391697
2024-10-15,27.0,27.14,26.36,26.65,416741
2024-10-16,26.7,27.75,26.65,27.65,529278
2024-10-17,27.7,27.7,27.1,27.31,328757
2024-10-18,27.67,28.23,27.55,27.9,563526
2024-10-21,28.28,28.76,28.05,28.46,484089
2024-10-22,28.3,28.63,27.98,28.26,349921
2024-10-23,28.67,28.75,28.11,28.4,303298
2024-10-24,27.83,27.84,27.12,27.38,373081
2024-10-25,27.14,27.23,26.88,27.0,247102
2024-10-28,26.95,27.07,26.75,26.93,245590
2024-10-29,26.95,27.19,26.62,26.81,388186
2024-10-30,27.07,27.2,26.45,26.69,387741
2024-10-31,26.5,26.55,25.93,26.0,432106
2024-11-01,25.63,26.22,25.48,25.78,396077
2024-11-04,25.81,26.05,25.49,26.05,228582
2024-11-05,25.97,26.23,25.8,26.23,385896
2024-11-06,26.12,26.65,25.92,26.09,472571
2024-11-07,25.3,25.36,24.67,25.35,622303
2024-11-08,25.54,25.77,25.01,25.07,480970
2024-11-11,24.94,24.94,24.47,24.72,430820
2024-11-12,24.41,24.8,24.16,24.27,457916
2024-11-13,24.27,24.87,24.17,24.69,381275
2024-11-14,24.47,24.7,24.26,24.35,283005
2024-11-15,24.42,24.88,24.42,24.44,296929
2024-11-18,24.6,24.7,24.26,24.45,235008
2024-11-19,24.65,25.05,24.58,24.83,365926
2024-11-20,24.92,24.93,24.63,24.75,249591
2024-11-21,24.78,25.19,24.66,25.18,317642
2024-11-22,25.18,25.35,24.78,24.83,317108
2024-11-25,24.88,25.19,24.08,24.26,321598
2024-11-26,23.95,24.31,23.83,23.92,212303
2024-11-27,23.96,24.08,23.65,24.08,177567
2024-11-28,23.9,24.0,23.75,23.8,149419
2024-11-29,23.89,24.16,23.78,24.14,156907
2024-12-02,23.86,24.23,23.79,24.17,254566
2024-12-03,24.17,24.38,23.99,24.12,179854
2024-12-04,24.14,24.25,24.0,24.1,176150
2024-12-05,24.01,24.02,23.82,23.87,167616
2024-12-06,23.77,23.96,23.7,23.96,188959
2024-12-09,24.17,24.77,24.1,24.54,393059
2024-12-10,24.83,24.88,24.28,24.37,322316
2024-12-11,24.53,24.78,24.49,24.53,234403
2024-12-12,24.64,24.93,24.6,24.71,303300
2024-12-13,24.23,24.42,24.08,24.1,282139
2024-12-16,24.09,24.1,23.35,23.38,299262
2024-12-17,23.38,23.45,23.19,23.25,190348
2024-12-18,23.21,23.44,23.08,23.28,164763
2024-12-19,22.89,23.29,22.57,23.23,186192
2024-12-20,23.22,23.32,22.88,22.93,239272
2024-12-23,23.01,23.34,22.95,23.12,202542
2024-12-24,22.94,23.08,22.71,22.95,195460
2024-12-25,22.95,22.95,22.71,22.75,148695
2024-12-26,22.78,23.01,22.71,22.79,159916
2024-12-27,22.79,22.95,22.73,22.84,159971
2024-12-30,22.78,22.97,22.49,22.65,226793
2024-12-31,22.56,22.73,22.3,22.31,191223
2025-01-02,22.35,23.23,22.32,22.83,466968
2025-01-03,22.98,23.9,22.98,23.8,676357
2025-01-06,23.67,24.11,23.17,23.72,446718
2025-01-07,23.59,24.11,23.46,24.09,360724
2025-01-08,24.05,24.59,23.9,24.16,370721
2025-01-09,24.22,24.28,23.77,23.95,239446
2025-01-10,23.99,24.21,23.67,23.87,255139
2025-01-13,23.7,24.48,23.68,24.22,356591
2025-01-14,23.9,24.29,23.8,24.19,286464
2025-01-15,24.08,24.16,23.39,23.8,266219
2025-01-16,23.98,24.29,23.97,24.1,294804
2025-01-17,24.31,24.37,23.98,23.99,168988
2025-01-20,24.0,24.0,23.39,23.64,264488
2025-01-21,23.56,23.67,23.3,23.52,163859
2025-01-22,23.67,24.78,23.61,24.67,575923
2025-01-23,24.5,24.93,24.35,24.49,344925
2025-01-24,24.5,24.73,23.99,24.43,273190
2025-01-27,24.18,24.67,23.99,24.01,315943
2025-02-05,24.88,25.64,24.86,25.61,721968
2025-02-06,25.61,25.78,25.28,25.5,396991
2025-02-07,25.47,25.63,25.17,25.58,371054
2025-02-10,25.68,25.98,25.3,25.88,368485
2025-02-11,26.17,26.66,25.82,25.87,683252
2025-02-12,25.46,25.57,25.25,25.39,329164
2025-02-13,25.41,25.82,25.35,25.41,273948
2025-02-14,25.66,25.79,25.17,25.33,247334
2025-02-17,24.68,24.68,24.19,24.3,420408
2025-02-18,24.3,24.55,24.07,24.41,248978
2025-02-19,24.67,24.8,24.31,24.41,254337
2025-02-20,24.56,24.77,24.34,24.7,259162
2025-02-21,24.61,24.77,24.11,24.18,349876
2025-02-24,24.07,24.52,23.86,24.29,245388
2025-02-25,24.47,24.68,23.93,23.94,307538
2025-02-26,23.74,24.03,23.64,23.79,238357
2025-02-27,23.78,23.78,23.21,23.34,316128
2025-02-28,23.18,23.32,22.99,23.01,233415
2025-03-03,23.17,23.4,23.09,23.17,188498
2025-03-04,23.27,23.66,23.2,23.64,268507
2025-03-05,23.63,23.92,23.56,23.89,262179
2025-03-06,23.9,23.98,23.57,23.84,224230
2025-03-07,23.7,24.17,23.66,23.88,239293
2025-03-10,24.03,24.06,23.71,23.96,163670
2025-03-11,23.68,24.02,23.57,24.02,181056
2025-03-12,24.02,24.22,23.93,24.15,197749
2025-03-13,24.28,24.33,24.03,24.12,202068
2025-03-14,24.73,25.05,24.58,25.01,546933
2025-03-17,24.95,25.28,24.85,25.2,316106
2025-03-18,25.35,26.87,25.28,26.69,831658
2025-03-19,26.92,27.23,26.73,27.15,536769
2025-03-20,27.35,27.56,26.83,26.84,403532
2025-03-21,26.8,26.84,25.69,25.89,410506
2025-03-24,25.87,26.11,25.36,25.81,277586
2025-03-25,25.78,26.05,25.51,25.86,199008
2025-03-26,25.98,26.22,25.55,25.64,244166
2025-03-27,25.51,25.86,25.25,25.65,232731
2025-03-28,26.03,26.56,25.74,26.28,460509
2025-03-31,26.29,26.81,26.21,26.56,506134
2025-04-01,26.68,27.03,26.06,26.24,509978
2025-04-02,26.08,26.36,25.53,25.6,268760
2025-04-03,26.06,26.34,25.8,25.87,428038
2025-04-07,23.68,25.48,23.68,25.04,704856
2025-04-08,24.98,25.97,24.48,25.96,509914
2025-04-09,25.54,26.98,25.21,26.98,557815
2025-04-10,27.26,28.78,26.69,28.43,774041
2025-04-11,29.58,30.04,29.08,29.33,946673
2025-04-14,29.08,30.83,29.0,30.58,647412
2025-04-15,29.88,30.74,29.58,30.45,451700
2025-04-16,31.33,31.43,30.61,31.39,525799
2025-04-17,32.16,33.11,30.87,31.32,701827
2025-04-18,30.93,31.4,30.28,30.98,366907
2025-04-21,31.81,33.48,31.78,33.48,711119
2025-04-22,33.68,34.97,33.48,33.63,788364
2025-04-23,31.68,32.64,30.89,31.02,912827
2025-04-24,31.38,31.68,30.88,30.93,398023
2025-04-25,31.13,31.31,30.23,30.34,416309
2025-04-28,29.73,30.73,29.72,30.53,321365
2025-04-29,30.77,30.83,30.06,30.13,232414
2025-04-30,30.12,30.51,29.77,29.98,228306
2025-05-06,30.68,31.01,30.39,30.59,363847
2025-05-07,30.38,30.98,30.16,30.8,357450
2025-05-08,30.62,30.86,29.96,30.04,317257
2025-05-09,29.3,30.05,29.29,29.89,292813
2025-05-12,29.26,29.51,28.66,28.99,483682
2025-05-13,28.78,29.69,28.67,29.47,454875
2025-05-14,29.24,29.54,28.78,28.96,274281
2025-05-15,28.68,28.98,28.53,28.83,273672
2025-05-16,29.06,29.23,28.84,29.03,216578
2025-05-19,29.18,29.51,28.74,28.89,186711
2025-05-20,28.86,29.47,28.78,29.03,228789
2025-05-21,29.74,30.44,29.13,30.38,594738
2025-05-22,30.41,31.02,30.29,30.41,382523
2025-05-23,30.24,30.76,29.88,30.5,353707
2025-05-26,30.18,30.97,30.08,30.7,331600
2025-05-27,30.51,30.88,29.51,29.74,227291
2025-05-28,29.68,29.98,29.6,29.77,117367
2025-05-29,29.08,29.61,28.92,29.56,218996
2025-05-30,29.85,29.98,29.48,29.68,142899
2025-06-03,30.62,30.83,30.12,30.26,293197
2025-06-04,30.31,30.62,30.13,30.17,177139
2025-06-05,30.23,30.56,29.83,29.9,195838
2025-06-06,29.89,30.53,29.83,30.03,210359
2025-06-09,29.68,29.68,29.05,29.5,315443
2025-06-10,29.28,29.63,29.16,29.58,208650
2025-06-11,29.57,30.03,29.39,29.83,177629
2025-06-12,30.18,30.47,29.78,30.45,246138
2025-06-13,31.07,31.86,30.8,31.67,616103
2025-06-16,31.66,31.88,30.77,30.89,408338
2025-06-17,30.48,31.55,30.48,31.06,277826
2025-06-18,30.93,31.88,30.88,31.77,283420
2025-06-19,31.68,32.45,31.56,32.05,331689
2025-06-20,31.68,32.12,31.33,31.68,255587
2025-06-23,31.68,31.86,31.15,31.66,235582
2025-06-24,31.18,31.66,30.9,30.98,341568
2025-06-25,31.04,31.68,30.73,31.68,305412
2025-06-26,31.64,32.8,31.34,32.39,331892
2025-06-27,32.08,32.4,31.38,31.47,342912
2025-06-30,31.01,31.61,31.01,31.61,250986
2025-07-01,31.66,33.37,31.63,32.99,383877
2025-07-02,32.83,34.58,32.83,33.72,385159
2025-07-03,33.68,33.98,32.78,32.98,285887
2025-07-04,32.48,33.13,32.13,32.6,242571
2025-07-07,32.13,32.67,31.92,32.02,267723
2025-07-08,32.32,32.56,31.74,31.9,220865
2025-07-09,31.58,31.77,31.01,31.08,293099
2025-07-10,31.18,31.28,30.78,30.8,262270
2025-07-11,30.97,31.2,30.51,30.82,350926
2025-07-14,31.08,31.46,30.92,31.17,571071
2025-07-15,31.26,31.29,30.58,31.09,404221
2025-07-16,30.8,31.14,30.68,30.94,251581
2025-07-17,30.91,31.06,30.14,30.29,382289
2025-07-18,30.25,30.66,30.18,30.63,274434
2025-07-21,30.63,30.95,30.38,30.77,249799
2025-07-22,31.18,31.83,31.11,31.58,491131
2025-07-23,32.02,32.06,31.39,31.47,263285
2025-07-24,31.1,31.1,30.5,30.67,359904
2025-07-25,30.54,30.83,30.39,30.48,249117
2025-07-28,30.35,30.35,29.86,30.02,277644
2025-07-29,29.8,29.89,29.48,29.73,270289
2025-07-30,29.8,30.22,29.65,29.9,295051
2025-07-31,29.56,29.56,28.99,29.2,340986
2025-08-01,29.01,29.55,28.94,29.32,205195
2025-08-04,29.91,31.41,29.9,31.32,811880
2025-08-05,31.42,32.08,31.32,31.58,407594
2025-08-06,31.58,32.18,31.53,32.08,326448
2025-08-07,32.06,32.71,31.87,32.63,296005
2025-08-08,32.88,33.08,32.36,32.71,311987
2025-08-11,31.83,31.99,31.03,31.11,526817
2025-08-12,31.04,31.66,31.04,31.38,260535
2025-08-13,31.38,31.75,31.18,31.43,280459
2025-08-14,31.61,31.71,31.17,31.3,270313
2025-08-15,31.0,31.48,30.85,31.09,292588
2025-08-18,31.1,31.18,30.55,30.71,439539
2025-08-19,30.55,30.75,30.31,30.35,291777
2025-08-20,30.13,30.58,30.05,30.5,234390
2025-08-21,30.58,30.83,30.27,30.37,331992
2025-08-22,30.33,30.61,30.28,30.56,261875
2025-08-25,31.08,31.81,31.01,31.79,501160
2025-08-26,31.81,32.41,31.58,32.41,406277
2025-08-27,32.43,32.58,31.88,31.97,366419
2025-08-28,32.45,33.3,32.13,32.82,504080
2025-08-29,32.93,33.68,32.93,33.19,555713
2025-09-01,33.83,36.02,33.48,35.77,988645
2025-09-02,35.83,36.61,35.44,35.74,655919
2025-09-03,37.18,37.49,35.93,36.53,587382
2025-09-04,36.47,36.78,35.35,36.08,512162
2025-09-05,35.95,38.21,35.95,37.52,545408
2025-09-08,38.3,38.61,36.38,37.01,581464
2025-09-09,37.93,40.26,37.59,39.38,858698
2025-09-10,37.83,38.71,37.53,38.4,587928
2025-09-11,38.04,38.34,37.33,37.88,476108
2025-09-12,37.82,38.68,37.47,37.82,581859
2025-09-15,37.43,38.42,37.19,37.82,432366
2025-09-16,38.73,38.94,37.26,37.59,577956
2025-09-17,37.43,37.75,36.53,37.26,410929
2025-09-18,36.96,37.01,35.52,35.93,500608
2025-09-19,35.79,36.95,35.71,36.33,363602
2025-09-22,37.73,38.39,36.71,38.32,539060
2025-09-23,38.82,40.38,38.33,39.21,636597
2025-09-24,38.65,39.69,38.53,39.62,435108
2025-09-25,38.83,39.05,37.39,37.73,789576
2025-09-26,37.73,38.41,37.71,38.05,373893
2025-09-29,38.49,39.0,37.37,38.83,569589
2025-09-30,39.34,39.58,38.58,39.16,570617
2025-10-09,42.13,43.09,41.83,43.09,685917
2025-10-10,41.83,42.25,40.84,41.08,702958
2025-10-13,41.13,43.78,40.66,43.43,932147
2025-10-14,45.13,45.71,41.53,42.72,892198
2025-10-15,41.81,41.83,39.61,41.53,1116937
2025-10-16,41.49,41.84,39.55,39.7,737123
2025-10-17,40.91,41.94,39.83,40.34,892761
2025-10-20,38.53,39.33,37.43,37.77,816272
2025-10-21,38.71,39.04,37.83,37.99,655874
2025-10-22,35.18,36.93,35.18,36.83,727113
2025-10-23,36.41,37.16,35.61,36.91,452739
2025-10-24,37.03,37.12,36.3,36.5,312849
2025-10-27,36.14,36.86,36.14,36.62,465503
2025-10-28,36.15,36.45,35.52,35.61,516643
2025-10-29,35.85,36.88,35.73,36.82,530912
2025-10-30,36.01,36.9,35.95,36.31,463755
2025-10-31,36.88,36.97,35.8,36.04,522933
2025-11-03,35.6,35.78,34.61,35.69,457182
2025-11-04,35.24,35.47,34.05,34.33,494059
2025-11-05,33.6,35.09,33.55,34.87,368233
2025-11-06,34.77,35.2,34.71,35.18,282473
2025-11-07,35.03,35.45,35.01,35.21,213045
2025-11-10,35.62,36.49,35.62,36.41,483053
2025-11-11,36.98,37.19,36.06,36.1,476422
2025-11-12,36.15,36.31,35.38,35.56,303347
2025-11-13,36.17,36.69,35.9,36.53,434841
2025-11-14,35.9,36.35,35.55,35.83,286412
2025-11-17,35.08,35.65,35.0,35.12,329752
2025-11-18,34.94,35.03,34.2,34.42,237313
2025-11-19,34.75,36.56,34.7,36.48,460305
2025-11-20,36.0,36.55,35.72,35.78,262076
2025-11-21,35.23,35.7,34.75,35.1,314366
2025-11-24,34.82,35.2,34.33,34.72,255982
2025-11-25,35.43,36.08,35.34,35.6,318789
2025-11-26,35.62,36.19,35.46,35.92,239029
2025-11-27,36.08,36.48,35.88,36.29,273968
2025-11-28,36.66,36.82,36.28,36.46,276187
2025-12-01,37.02,37.68,36.8,37.1,437619
2025-12-02,36.66,37.07,36.52,36.66,210593
2025-12-03,36.71,36.83,36.22,36.31,207061
2025-12-04,36.4,36.9,35.55,35.67,276846
2025-12-05,35.51,36.39,35.51,36.33,225064
2025-12-08,36.28,36.29,35.37,35.74,332607
2025-12-09,35.4,35.5,34.6,34.74,319473
2025-12-10,35.0,35.34,34.87,35.08,232575
2025-12-11,35.44,35.98,34.8,34.98,325779
2025-12-12,35.78,36.05,35.46,36.0,376544
2025-12-15,36.0,36.8,35.88,36.67,342431
2025-12-16,36.3,36.38,34.81,35.11,346853
2025-12-17,35.35,36.5,35.31,36.18,329498
2025-12-18,36.2,37.57,35.85,37.09,431148
2025-12-19,36.76,36.8,35.86,36.42,314164
2025-12-22,36.91,38.24,36.88,38.08,560977
2025-12-23,38.93,41.36,38.81,40.71,952618
2025-12-24,41.51,41.7,39.71,40.08,539544
2025-12-25,39.31,39.5,38.7,38.97,352731
2025-12-26,39.54,40.1,39.35,39.7,357706
2025-12-29,39.7,39.96,38.5,38.65,396547
2025-12-30,37.2,38.92,37.02,38.51,410030
2025-12-31,38.3,39.28,38.1,38.71,346602
