date,open,high,low,close,volume
2015-01-05,16.72,16.73,15.31,15.76,174594
2015-01-06,15.49,16.99,15.06,16.58,206370
2015-01-07,16.46,17.12,15.98,16.78,144658
2015-01-08,16.47,17.18,16.33,16.75,126898
2015-01-09,16.79,17.6,16.63,16.91,160727
2015-01-12,17.12,18.29,17.12,18.13,186487
2015-01-13,18.15,19.04,17.7,18.82,161019
2015-01-14,18.86,19.28,18.37,18.5,95670
2015-01-15,18.45,18.9,18.03,18.46,103289
2015-01-16,18.41,19.88,18.12,19.44,177790
2015-01-19,18.03,19.44,17.67,18.2,189760
2015-01-20,18.41,19.68,17.96,19.41,229537
2015-01-21,19.5,19.8,19.0,19.31,144831
2015-01-22,19.07,19.63,18.7,18.83,132841
2015-01-23,18.87,19.06,17.77,18.08,145338
2015-01-26,18.16,18.63,17.93,18.45,138795
2015-01-27,18.46,19.88,18.45,19.39,212482
2015-01-28,19.28,19.59,18.34,18.47,138294
2015-01-29,18.09,18.83,17.77,18.57,142365
2015-01-30,18.6,18.65,17.97,18.35,94874
2015-02-02,18.12,18.78,17.86,18.54,91201
2015-02-03,18.71,19.82,18.26,19.39,223777
2015-02-04,19.17,19.87,19.1,19.22,128700
2015-02-05,19.23,20.37,19.1,19.56,197295
2015-02-06,19.39,19.91,18.37,18.66,138571
2015-02-09,18.58,19.65,18.42,19.44,137308
2015-02-10,19.3,19.84,19.23,19.81,99421
2015-02-11,20.08,21.9,19.91,21.9,258151
2015-02-12,22.64,22.97,21.44,21.59,267079
2015-02-13,22.58,22.58,21.6,22.03,214524
2015-02-16,21.99,24.34,21.77,24.27,293351
2015-02-17,24.49,25.34,23.62,24.8,167408
2015-02-25,24.83,25.36,22.97,23.28,134750
2015-02-26,22.9,23.75,21.83,23.69,148879
2015-02-27,23.5,24.25,23.29,24.08,121817
2015-03-02,24.08,25.9,23.62,25.7,214787
2015-03-03,25.83,26.41,24.76,25.65,210724
2015-03-04,25.65,25.75,24.7,25.23,122393
2015-03-05,25.83,27.15,25.54,25.63,193723
2015-03-06,25.36,26.03,24.75,25.3,93942
2015-03-09,24.78,25.65,24.43,25.36,98525
2015-03-10,25.38,25.96,25.18,25.58,102285
2015-03-11,25.45,25.89,25.19,25.62,79427
2015-03-12,25.57,27.62,25.35,27.45,228664
2015-03-13,27.24,28.4,26.71,28.15,202619
2015-03-16,28.82,30.99,28.53,30.82,264368
2015-03-17,30.93,31.16,30.06,30.28,115819
2015-03-18,29.08,30.61,27.2,30.29,210747
2015-03-19,30.32,30.69,29.47,30.49,112764
2015-03-20,31.1,32.58,30.77,31.72,169084
2015-03-23,32.72,35.0,32.72,34.66,170949
2015-03-24,34.66,36.62,33.37,35.69,205219
2015-03-25,35.0,36.62,34.11,34.2,136673
2015-03-26,33.37,33.86,31.1,32.29,237889
2015-03-27,31.87,34.48,31.05,33.79,185338
2015-03-30,33.31,34.93,31.42,33.06,164612
2015-03-31,33.04,35.08,32.14,34.31,131192
2015-04-01,34.67,37.66,34.63,37.3,135789
2015-04-02,38.47,38.82,37.27,38.31,130454
2015-04-03,37.94,42.25,37.6,42.25,196449
2015-04-07,44.04,44.43,41.34,42.19,166368
2015-04-08,42.19,42.19,40.1,40.89,172406
2015-04-09,40.53,45.08,38.61,45.02,204925
2015-04-10,43.4,46.05,42.26,44.68,166084
2015-04-13,44.78,46.38,43.17,44.78,150233
2015-04-14,43.94,44.76,41.78,44.65,244982
2015-04-15,43.45,44.26,40.08,40.47,203384
2015-04-16,38.9,42.55,37.92,40.09,189042
2015-04-17,39.55,40.81,38.51,40.48,160298
2015-04-20,39.54,39.55,36.95,37.74,244268
2015-04-21,36.95,39.51,36.84,39.25,157720
2015-04-22,38.9,41.14,38.9,41.02,171684
2015-04-23,41.47,41.5,38.12,39.26,163302
2015-04-24,38.05,39.39,36.95,38.41,215493
2015-04-27,39.88,40.11,37.76,38.39,152217
2015-04-28,38.25,38.37,34.45,34.45,205207
2015-04-29,33.37,37.85,33.37,37.72,200990
2015-04-30,38.21,41.18,37.6,39.54,231899
2015-05-04,39.22,39.22,36.81,37.27,130469
2015-05-05,36.62,36.95,34.25,35.9,145891
2015-05-06,36.62,38.27,35.25,36.28,165345
2015-05-07,35.62,37.92,35.0,37.2,128030
2015-05-08,37.89,41.01,37.89,40.93,276775
2015-05-11,41.5,45.13,40.9,45.13,286618
2015-05-12,46.35,46.78,43.49,45.88,258000
2015-05-13,44.43,48.65,43.35,45.33,187998
2015-05-14,46.05,47.59,41.83,42.02,187087
2015-05-15,40.59,42.15,39.44,41.38,108605
2015-05-18,41.39,44.69,41.18,44.19,169788
2015-05-19,44.44,44.94,42.15,43.7,122986
2015-05-20,45.13,45.13,42.31,42.72,179263
2015-05-21,43.45,43.63,40.84,41.25,211281
2015-05-22,41.69,41.69,39.65,41.25,160440
2015-05-25,38.74,40.51,38.71,40.18,193264
2015-05-26,40.2,43.13,40.15,42.74,153304
2015-05-27,42.8,43.29,40.3,40.83,168399
2015-05-28,40.83,40.83,37.33,37.9,234181
2015-05-29,37.72,40.51,37.56,38.67,158950
2015-06-01,39.12,40.91,39.12,40.63,168525
2015-06-02,41.07,44.79,40.49,44.79,250514
2015-06-03,46.08,49.38,46.07,49.35,320922
2015-06-04,49.35,50.99,44.81,48.3,220820
2015-06-05,49.11,50.85,45.79,46.04,203670
2015-06-09,45.46,50.74,44.1,47.37,357754
2015-06-10,48.06,52.21,45.14,52.21,355290
2015-06-11,52.21,57.43,51.56,55.3,263381
2015-06-12,54.24,55.86,52.62,52.99,148841
2015-06-15,52.13,52.13,47.59,47.59,166277
2015-06-16,44.0,47.17,42.73,44.14,247056
2015-06-17,44.06,48.66,43.02,48.66,226460
2015-06-18,49.67,51.43,44.12,46.17,225932
2015-06-19,46.17,50.26,45.15,47.41,271892
2015-06-23,48.33,48.88,42.86,46.5,238964
2015-06-24,47.15,47.99,43.08,44.45,242694
2015-06-25,44.49,45.13,39.9,39.9,250342
2015-06-26,37.32,37.32,35.81,35.81,209142
2015-06-29,33.76,35.35,32.12,32.12,278052
2015-06-30,28.81,35.44,28.81,35.4,500316
2015-07-01,34.41,37.5,31.76,31.76,334265
2015-07-02,31.72,31.72,28.48,28.48,368192
2015-07-03,25.95,30.33,25.53,25.53,432107
2015-07-06,28.18,28.18,22.87,22.87,582711
2015-07-13,25.26,25.26,24.0,25.26,677011
2015-07-14,25.04,27.89,24.98,27.89,866020
2015-07-15,26.92,27.74,25.0,25.0,280580
2015-07-16,22.39,24.98,22.39,22.39,947531
2015-07-17,22.39,24.74,21.08,24.74,726726
2015-07-20,25.47,27.32,25.37,27.32,765923
2015-07-21,26.93,27.83,26.28,26.72,589005
2015-07-22,26.21,28.88,26.21,27.85,559949
2015-07-23,28.21,29.29,26.94,28.62,449346
2015-07-24,28.64,29.62,26.4,26.83,511526
2015-07-27,25.31,25.95,24.04,24.04,473292
2015-07-28,21.53,23.35,21.53,21.53,680494
2015-07-29,22.05,22.73,19.39,22.38,669979
2015-07-30,22.05,22.33,20.04,20.04,532584
2015-07-31,19.61,21.46,18.78,20.4,498947
2015-08-03,19.26,19.74,18.26,18.41,587652
2015-08-04,18.48,20.26,18.28,20.11,470615
2015-08-05,19.78,20.19,18.6,18.89,457169
2015-08-06,18.15,19.92,17.83,19.42,364130
2015-08-07,19.68,21.46,19.64,21.46,656053
2015-08-10,22.12,23.09,21.39,22.53,570476
2015-08-11,22.47,23.96,21.99,23.29,559705
2015-08-12,22.7,23.18,21.16,21.36,428782
2015-08-13,21.17,22.8,21.17,22.77,413903
2015-08-14,23.03,23.97,23.03,23.06,439950
2015-08-17,22.57,22.86,21.69,22.48,333250
2015-08-18,22.51,23.35,20.13,20.13,461037
2015-08-19,19.45,22.25,19.32,22.25,560537
2015-08-20,21.4,21.86,20.5,20.75,423438
2015-08-21,20.12,20.37,18.82,18.92,323319
2015-08-24,17.5,17.98,16.93,16.93,223997
2015-08-25,15.13,15.44,15.13,15.13,281263
2015-08-26,14.7,15.71,13.51,13.51,501619
2015-08-27,14.12,14.86,12.95,14.75,450623
2015-08-28,14.9,15.95,14.29,15.63,532147
2015-08-31,15.28,15.44,14.33,15.15,447173
2015-09-01,14.77,14.96,14.09,14.3,318874
2015-09-02,13.16,14.96,12.77,13.82,418193
2015-09-07,12.49,13.99,12.36,12.52,665643
2015-09-08,12.19,13.6,11.65,13.47,538222
2015-09-09,13.6,14.92,13.46,14.92,631627
2015-09-10,14.54,14.74,14.18,14.22,399811
2015-09-11,14.28,14.7,13.89,14.35,315115
2015-09-14,14.18,14.27,12.81,12.81,326523
2015-09-15,12.01,12.39,11.42,11.42,293515
2015-09-16,11.42,12.67,11.39,12.67,354536
2015-09-17,12.98,13.44,12.34,12.4,363596
2015-09-18,12.42,13.07,12.34,12.92,223881
2015-09-21,12.62,14.02,12.53,13.87,326390
2015-09-22,13.92,14.33,13.44,13.84,332555
2015-09-23,13.75,14.57,13.44,14.13,346010
2015-09-24,14.21,14.77,13.96,14.13,317349
2015-09-25,14.1,14.18,12.91,13.06,277446
2015-09-28,13.08,13.76,12.85,13.68,191751
2015-09-29,13.29,13.4,12.87,13.13,182895
2015-09-30,13.25,13.38,12.91,13.17,119733
2015-10-08,13.79,14.36,13.69,14.16,244646
2015-10-09,14.12,14.67,14.03,14.44,262608
2015-10-12,14.65,15.99,14.54,15.99,267423
2015-10-13,16.48,17.56,16.24,17.16,571178
2015-10-14,16.85,18.01,16.53,17.45,403967
2015-10-15,17.33,19.05,17.01,18.68,380554
2015-10-16,18.69,20.65,18.69,20.65,500090
2015-10-19,21.21,21.52,19.84,20.33,420293
2015-10-20,20.11,22.47,19.97,22.46,419805
2015-10-21,22.38,22.38,20.11,20.11,494215
2015-10-22,19.82,21.08,19.39,20.58,484751
2015-10-23,20.58,20.83,19.68,20.38,411087
2015-10-26,20.81,20.92,19.3,19.82,403343
2015-10-27,19.78,21.79,19.22,21.31,501862
2015-10-28,21.04,21.27,19.61,19.86,390503
2015-10-29,19.85,20.75,19.26,20.06,326534
2015-10-30,19.97,20.87,19.37,20.01,318957
2015-11-02,19.09,20.23,18.82,18.88,307222
2015-11-03,19.09,19.5,18.73,18.87,231754
2015-11-04,19.13,20.86,19.13,20.86,506260
2015-11-05,20.75,22.27,20.64,20.74,556534
2015-11-06,20.85,22.46,20.8,22.1,443451
2015-11-09,22.07,24.42,21.73,24.42,557976
2015-11-10,24.78,25.87,24.01,24.53,493939
2015-11-11,24.49,24.53,23.35,24.3,324432
2015-11-12,24.38,24.9,22.74,23.33,395370
2015-11-13,22.41,23.68,22.33,22.92,347360
2015-11-16,21.91,23.58,21.82,23.43,296389
2015-11-17,23.68,24.13,22.05,22.28,472396
2015-11-18,22.25,22.53,21.08,21.3,301321
2015-11-19,21.5,22.1,21.08,22.01,273459
2015-11-20,22.02,22.02,21.27,21.56,284396
2015-11-23,21.62,22.26,21.4,21.57,278800
2015-11-24,21.47,22.08,20.82,22.05,298539
2015-11-25,22.04,23.87,21.6,23.34,418713
2015-11-26,23.6,23.65,22.18,22.25,358965
2015-11-27,22.15,22.15,19.92,20.12,372925
2015-11-30,20.06,20.34,18.75,19.73,290563
2015-12-01,19.68,20.1,19.33,19.51,201722
2015-12-02,19.53,20.03,18.8,19.89,202452
2015-12-03,19.78,20.62,19.68,20.61,239330
2015-12-04,20.41,20.48,19.56,19.72,228613
2015-12-07,19.74,20.7,19.62,20.14,231871
2015-12-08,19.78,19.92,19.25,19.38,188114
2015-12-09,19.16,19.99,19.1,19.51,192501
2015-12-10,19.51,20.53,19.42,19.8,271755
2015-12-11,19.74,20.39,19.61,20.05,202408
2015-12-14,19.84,20.36,19.39,20.34,195705
2015-12-15,20.41,21.22,20.39,20.55,210912
2015-12-16,20.95,21.04,20.16,20.19,207776
2015-12-17,20.36,20.95,20.19,20.82,301074
2015-12-18,20.75,20.75,20.1,20.22,221009
2015-12-21,20.02,20.2,19.62,20.09,182663
2015-12-22,20.13,20.57,20.04,20.25,255298
2015-12-23,20.2,20.2,19.13,19.18,388501
2015-12-24,19.18,19.19,18.74,18.94,195688
2015-12-25,18.98,19.09,18.76,18.96,141713
2015-12-28,19.0,19.91,19.0,19.06,289056
2015-12-29,19.06,19.66,18.96,19.58,213277
2015-12-30,19.6,19.9,19.46,19.64,174583
2015-12-31,19.58,19.68,18.76,18.79,175808
2016-01-04,18.67,18.75,16.81,16.81,260040
2016-01-05,15.06,16.2,15.06,15.71,294243
2016-01-06,15.62,16.08,15.21,15.92,252908
2016-01-07,15.41,15.41,14.23,14.23,70760
2016-01-08,14.55,14.82,12.7,14.06,304600
2016-01-11,13.38,14.05,12.79,12.89,266839
2016-01-12,12.92,13.27,12.51,13.06,255961
2016-01-13,13.14,13.2,12.27,12.31,192086
2016-01-14,11.72,13.27,11.64,13.13,325655
2016-01-15,12.94,13.09,12.21,12.33,230459
2016-01-18,11.94,13.49,11.94,12.98,289257
2016-01-19,12.95,13.6,12.79,13.59,297398
2016-01-20,13.44,13.53,12.96,13.13,263672
2016-01-21,12.89,13.74,12.71,12.76,310922
2016-01-22,13.03,13.27,12.62,13.22,217261
2016-01-25,13.34,13.41,12.98,13.13,172035
2016-01-26,12.85,12.92,11.71,11.71,223349
2016-01-27,11.75,11.84,10.93,11.68,229395
2016-01-28,11.49,11.84,11.19,11.31,183089
2016-01-29,11.31,12.12,11.31,11.93,191662
2016-02-01,11.93,11.95,11.29,11.61,145977
2016-02-02,11.61,12.46,11.61,12.25,186561
2016-02-03,11.97,12.23,11.83,12.15,141297
2016-02-04,12.3,12.72,12.23,12.43,170263
2016-02-05,12.44,12.53,12.14,12.17,114653
2016-02-15,11.65,12.07,11.53,12.0,110711
2016-02-16,12.14,13.3,12.05,13.14,273301
2016-02-17,13.05,13.25,12.79,13.21,245069
2016-02-18,13.37,13.92,13.04,13.17,257091
2016-02-19,12.95,13.34,12.89,13.14,209729
2016-02-22,13.4,13.56,13.02,13.42,242324
2016-02-23,13.53,13.54,12.82,13.11,221505
2016-02-24,12.95,13.13,12.53,13.02,207893
2016-02-25,12.92,12.92,11.62,11.62,257532
2016-02-26,11.63,11.78,11.16,11.45,163165
2016-02-29,11.32,11.32,10.21,10.29,255741
2016-03-01,10.33,10.79,9.89,10.6,213338
2016-03-02,10.6,11.32,10.58,11.27,215160
2016-03-03,11.21,11.9,11.2,11.27,273432
2016-03-04,11.16,11.27,10.51,10.64,203447
2016-03-07,10.71,11.8,10.71,11.8,508647
2016-03-08,11.8,12.1,11.09,11.94,436235
2016-03-09,11.61,11.84,11.4,11.5,236679
2016-03-10,11.58,11.72,10.87,10.93,236901
2016-03-11,10.71,11.16,10.58,11.03,170492
2016-03-14,11.33,12.23,11.33,12.23,180674
2016-03-15,12.62,13.06,12.25,12.29,520285
2016-03-16,13.12,13.51,12.66,12.89,600434
2016-03-17,12.69,14.28,12.64,14.28,513389
2016-03-18,15.68,15.81,15.42,15.81,503445
2016-03-21,17.5,17.5,17.5,17.5,254553
2016-03-22,18.15,18.8,17.78,17.89,1260018
2016-03-23,17.83,18.12,16.82,18.02,1154491
2016-03-24,17.25,19.55,16.95,18.12,1242844
2016-03-25,17.76,17.95,16.84,17.25,657893
2016-03-28,17.18,17.76,16.92,17.48,571403
2016-03-29,17.44,18.15,16.92,17.42,725804
2016-03-30,17.76,18.22,17.28,17.97,721922
2016-03-31,17.76,19.26,17.7,17.94,789118
2016-04-01,17.5,18.01,17.18,17.49,478540
2016-04-05,17.59,19.34,17.54,19.34,616648
2016-04-06,19.74,19.77,18.52,18.79,720228
2016-04-07,18.82,18.86,17.96,18.06,510101
2016-04-08,17.84,18.31,17.7,18.12,371586
2016-04-11,18.51,18.74,18.02,18.05,481083
2016-04-12,17.79,17.82,17.28,17.66,384924
2016-04-13,17.85,18.74,17.76,18.01,536852
2016-04-14,18.14,18.47,17.78,18.36,382599
2016-04-15,18.46,19.12,18.25,18.53,488628
2016-04-18,17.73,17.98,17.55,17.79,361523
2016-04-19,17.99,18.35,17.71,17.91,275303
2016-04-20,17.95,18.27,16.53,17.03,519345
2016-04-21,16.86,16.91,15.53,15.69,470328
2016-04-22,15.55,16.05,15.45,15.97,269851
2016-04-25,15.79,15.79,15.18,15.56,261642
2016-04-26,15.58,16.2,15.49,16.15,246055
2016-04-27,16.21,16.27,15.77,15.8,242684
2016-04-28,15.79,16.92,15.72,16.64,495028
2016-04-29,16.46,17.01,16.23,16.71,306892
2016-05-03,16.69,17.99,16.55,17.77,360189
2016-05-04,17.57,18.0,17.51,17.7,263347
2016-05-05,17.61,18.25,17.61,18.07,323689
2016-05-06,18.13,18.44,17.03,17.06,442582
2016-05-09,16.72,16.74,15.88,16.1,289857
2016-05-10,16.36,16.36,15.88,16.05,172255
2016-05-11,16.2,16.38,15.77,16.08,220521
2016-05-12,15.78,16.28,15.39,16.26,210826
2016-05-13,16.1,16.28,15.28,15.47,300380
2016-05-16,15.29,15.8,15.29,15.68,187057
2016-05-17,15.78,17.35,15.43,17.07,557265
2016-05-18,16.53,16.62,15.91,16.19,348902
2016-05-19,16.24,17.35,16.24,16.52,423478
2016-05-20,16.3,18.19,16.24,18.02,596193
2016-05-23,17.86,18.52,17.69,18.12,511164
2016-05-24,17.92,18.0,17.56,17.87,282198
2016-05-25,18.47,19.08,17.84,17.87,477566
2016-05-26,17.83,18.57,17.01,18.42,456096
2016-05-27,18.15,18.31,17.72,17.75,335003
2016-05-30,17.44,17.81,17.15,17.33,193708
2016-05-31,17.59,19.16,17.49,18.94,676208
2016-06-01,18.85,19.69,18.46,19.13,694016
2016-06-02,18.89,19.79,18.79,19.4,507653
2016-06-03,19.21,21.43,19.05,20.83,772934
2016-06-06,21.03,22.43,20.83,21.66,673945
2016-06-07,21.49,22.09,21.23,21.82,449143
2016-06-08,21.72,22.29,21.26,21.32,466100
2016-06-13,20.93,21.65,19.34,19.46,515429
2016-06-14,19.37,19.54,18.76,19.37,514738
2016-06-15,18.95,21.09,18.95,20.2,585160
2016-06-16,20.15,20.41,19.57,19.77,372332
2016-06-17,19.96,20.95,19.95,20.18,453567
2016-06-20,20.27,20.58,19.54,20.43,313168
2016-06-21,20.72,21.29,19.7,19.89,475998
2016-06-22,19.7,20.84,19.6,20.83,433057
2016-06-23,20.67,20.89,20.09,20.49,309704
2016-06-24,20.48,21.0,19.38,20.33,478728
2016-06-27,20.45,20.93,20.28,20.79,395870
2016-06-28,20.53,20.9,20.15,20.66,397709
2016-06-29,20.78,21.16,20.39,20.57,324250
2016-06-30,20.51,21.16,20.47,20.76,378150
2016-07-01,20.84,20.9,19.93,20.08,381205
2016-07-04,19.73,20.67,19.73,20.22,338865
2016-07-05,20.19,20.22,19.76,20.01,253520
2016-07-06,19.99,20.31,19.8,20.05,200703
2016-07-07,19.94,19.99,19.33,19.58,323676
2016-07-08,19.59,19.81,19.44,19.58,168809
2016-07-11,19.45,19.69,19.07,19.18,235008
2016-07-12,19.17,19.95,18.82,19.92,412445
2016-07-13,20.12,20.12,19.54,19.77,202277
2016-07-14,19.81,20.02,19.58,19.75,164024
2016-07-15,19.83,19.9,19.11,19.25,252193
2016-07-18,19.11,19.45,18.85,19.2,183246
2016-07-19,19.21,19.45,19.11,19.37,148980
2016-07-20,19.47,19.49,19.22,19.24,117533
2016-07-21,19.25,19.63,19.21,19.26,182069
2016-07-22,19.04,19.17,18.85,18.89,179175
2016-07-25,18.87,19.16,18.85,19.0,116042
2016-07-26,19.0,19.64,19.0,19.51,209823
2016-07-27,19.54,19.58,17.64,17.91,356286
2016-07-28,17.91,18.11,17.02,17.47,257316
2016-07-29,17.4,17.52,16.98,17.32,136621
2016-08-01,17.33,17.33,16.51,16.87,164303
2016-08-02,16.92,17.11,16.81,17.05,124171
2016-08-03,17.0,17.0,16.72,16.88,114844
2016-08-04,16.85,17.18,16.81,17.07,139415
2016-08-05,17.05,17.61,16.97,17.12,182458
2016-08-08,17.0,17.57,16.86,17.55,187573
2016-08-09,17.52,17.62,17.36,17.61,132722
2016-08-10,17.68,17.87,17.42,17.53,144759
2016-08-11,17.42,18.09,17.42,17.56,191907
2016-08-12,17.48,17.67,17.1,17.5,180830
2016-08-15,17.56,19.34,17.55,19.34,602857
2016-08-16,19.21,19.6,18.95,19.45,451857
2016-08-17,19.46,19.8,18.95,19.06,340114
2016-08-18,18.89,19.17,18.8,18.92,204173
2016-08-19,18.92,19.17,18.71,18.94,176030
2016-08-22,19.86,20.83,19.47,19.82,547778
2016-08-23,19.24,20.07,19.24,19.46,335899
2016-08-24,19.51,20.01,19.28,19.32,248599
2016-08-25,18.62,18.81,18.16,18.46,318512
2016-08-26,18.62,18.75,18.27,18.32,153268
2016-08-29,18.37,18.71,18.28,18.43,118513
2016-08-30,18.59,18.59,18.35,18.45,93064
2016-08-31,18.4,18.52,18.04,18.3,138842
2016-09-01,18.31,18.65,18.23,18.3,172483
2016-09-02,18.34,18.72,18.25,18.5,160427
2016-09-05,18.56,18.72,18.29,18.36,143056
2016-09-06,18.2,18.63,17.65,18.55,248531
2016-09-07,18.42,18.55,18.19,18.23,148114
2016-09-08,18.14,18.55,18.11,18.24,108640
2016-09-09,18.27,18.36,17.85,17.86,122286
2016-09-12,17.39,17.51,17.03,17.07,166505
2016-09-13,17.33,17.41,17.1,17.14,87073
2016-09-14,17.03,17.55,16.95,17.27,133170
2016-09-19,17.37,17.83,17.36,17.56,118196
2016-09-20,17.59,17.59,17.33,17.42,77355
2016-09-21,17.49,17.52,17.34,17.41,63768
2016-09-22,17.64,17.75,17.47,17.49,99463
2016-09-23,17.5,17.68,17.24,17.26,89910
2016-09-26,17.26,17.36,16.94,17.0,103111
2016-09-27,17.0,17.24,16.94,17.23,90227
2016-09-28,17.22,17.22,17.08,17.1,53141
2016-09-29,17.2,17.29,17.07,17.11,74329
2016-09-30,17.15,17.25,17.12,17.24,70704
2016-10-10,17.43,18.06,17.43,17.9,192757
2016-10-11,17.93,17.99,17.7,17.86,109696
2016-10-12,17.81,17.81,17.56,17.69,89201
2016-10-13,17.74,17.91,17.65,17.81,116781
2016-10-14,17.67,17.72,17.46,17.59,100607
2016-10-17,17.59,17.67,17.11,17.26,115210
2016-10-18,17.2,17.68,17.19,17.58,124146
2016-10-19,17.58,17.71,17.41,17.46,112130
2016-10-20,17.46,17.91,17.4,17.75,160367
2016-10-21,17.68,17.68,17.36,17.49,106287
2016-10-24,17.46,17.98,17.39,17.75,170714
2016-10-25,17.62,18.02,17.62,17.84,142596
2016-10-26,17.72,17.81,17.6,17.71,103926
2016-10-27,17.87,18.94,17.87,18.14,367865
2016-10-28,17.97,18.85,17.96,18.31,308293
2016-10-31,18.3,18.32,17.95,18.25,141778
2016-11-01,18.27,18.63,18.27,18.47,146073
2016-11-02,18.47,18.98,18.35,18.71,291413
2016-11-03,18.69,18.92,18.44,18.65,224886
2016-11-04,18.66,18.97,18.3,18.34,189218
2016-11-07,18.31,18.47,18.04,18.27,117591
2016-11-08,18.63,18.68,18.3,18.35,122794
2016-11-09,18.36,18.39,17.66,17.86,203382
2016-11-10,18.11,18.28,17.97,18.11,138970
2016-11-11,18.24,18.42,17.85,18.41,200762
2016-11-14,18.41,18.95,18.28,18.45,230519
2016-11-15,18.46,18.62,18.19,18.52,161276
2016-11-16,18.66,18.86,18.4,18.44,207874
2016-11-17,18.3,18.4,18.1,18.31,113361
2016-11-18,18.37,18.37,18.05,18.1,86919
2016-11-21,17.98,18.15,17.91,18.07,99765
2016-11-22,18.06,18.48,17.91,18.34,157028
2016-11-23,18.36,18.45,18.11,18.14,136693
2016-11-24,18.02,18.07,17.77,17.8,117914
2016-11-25,17.77,17.97,17.42,17.88,121475
2016-11-28,18.05,18.4,17.91,17.95,161032
2016-11-29,17.85,17.85,17.45,17.46,184182
2016-11-30,17.31,18.0,17.3,17.61,150729
2016-12-01,17.54,17.57,17.43,17.51,78334
2016-12-02,17.52,17.63,17.27,17.28,88826
2016-12-05,17.1,17.46,16.95,16.97,92751
2016-12-06,17.09,17.2,16.93,16.97,66439
2016-12-07,16.99,17.07,16.74,17.0,72330
2016-12-08,17.09,17.11,16.77,16.79,66285
2016-12-09,16.78,16.83,16.19,16.25,149005
2016-12-12,16.06,16.11,14.53,14.53,270469
2016-12-13,14.46,14.48,13.94,14.36,135981
2016-12-14,14.3,14.3,13.94,14.02,144571
2016-12-15,13.98,14.36,13.85,14.14,107585
2016-12-16,14.15,15.65,14.15,15.25,351340
2016-12-19,14.85,15.04,14.68,14.84,151638
2016-12-20,14.92,15.25,14.82,14.88,108329
2016-12-21,15.0,15.1,14.66,14.84,94666
2016-12-22,14.86,14.97,14.63,14.84,75253
2016-12-23,14.83,14.97,14.49,14.5,74633
2016-12-26,14.43,14.56,13.91,14.55,105435
2016-12-27,14.55,14.65,14.43,14.44,48272
2016-12-28,14.45,14.45,14.23,14.27,59569
2016-12-29,14.23,14.74,14.19,14.43,108498
2016-12-30,14.33,14.56,14.3,14.38,52564
2017-01-03,14.5,14.7,14.44,14.66,74774
2017-01-04,14.72,14.85,14.57,14.75,98662
2017-01-05,14.75,14.79,14.63,14.63,66934
2017-01-06,14.56,14.63,14.19,14.21,100728
2017-01-09,14.18,14.35,14.12,14.3,58606
2017-01-10,14.31,14.39,14.16,14.19,54610
2017-01-11,13.88,14.13,13.75,13.81,104162
2017-01-12,13.82,14.01,13.78,13.84,64891
2017-01-13,13.84,13.9,13.25,13.29,123067
2017-01-18,13.03,13.03,12.52,12.83,134958
2017-01-19,12.7,12.98,12.61,12.83,74569
2017-01-20,12.81,13.45,12.78,13.25,131768
2017-01-23,13.25,13.45,13.24,13.3,72021
2017-01-24,13.26,13.29,13.12,13.16,41267
2017-01-25,13.22,13.36,13.11,13.19,54524
2017-01-26,13.28,13.5,13.26,13.44,78329
2017-02-03,13.51,13.52,13.22,13.33,44183
2017-02-06,13.33,13.46,13.25,13.39,44285
2017-02-07,13.38,13.38,13.14,13.2,56493
2017-02-08,13.23,13.61,13.21,13.55,125702
2017-02-09,13.6,13.77,13.49,13.6,92402
2017-02-10,13.62,13.68,13.49,13.56,80975
2017-02-13,13.46,14.0,13.37,13.65,149316
2017-02-14,13.57,13.79,13.52,13.67,88764
2017-02-15,13.86,14.01,13.62,13.7,180492
2017-02-16,13.59,13.71,13.52,13.64,86705
2017-02-17,13.59,13.94,13.46,13.47,133332
2017-02-20,13.47,13.49,13.13,13.45,97816
2017-02-21,13.41,13.77,13.41,13.63,107954
2017-02-22,13.64,13.81,13.59,13.72,86575
2017-02-23,13.68,13.77,13.52,13.75,89629
2017-02-24,13.78,14.56,13.73,14.09,219942
2017-02-27,14.24,14.55,14.04,14.23,181807
2017-02-28,14.07,14.29,14.01,14.19,91293
2017-03-01,14.07,14.56,14.07,14.35,173340
2017-03-02,14.34,14.54,14.15,14.16,120562
2017-03-03,14.12,14.12,13.91,14.0,77551
2017-03-06,13.98,14.17,13.91,14.12,68147
2017-03-07,14.14,14.23,14.02,14.21,79670
2017-03-08,14.23,14.26,13.94,13.96,75640
2017-03-09,13.91,13.94,13.68,13.7,79645
2017-03-10,13.7,13.78,13.31,13.35,110499
2017-03-13,13.25,13.73,13.25,13.65,106479
2017-03-14,13.68,13.81,13.51,13.73,95832
2017-03-15,13.67,13.78,13.58,13.68,55916
2017-03-16,13.63,13.86,13.63,13.71,79947
2017-03-17,13.72,14.05,13.55,13.58,169195
2017-03-20,13.6,13.62,13.38,13.49,69490
2017-03-21,13.49,13.57,13.44,13.51,44572
2017-03-22,13.45,13.45,12.97,13.05,158476
2017-03-23,13.07,13.18,12.83,12.99,89926
2017-03-24,13.0,13.29,12.94,13.17,77901
2017-03-27,13.13,13.16,13.0,13.06,59894
2017-03-28,13.05,13.43,13.02,13.21,106587
2017-03-29,13.23,13.24,13.0,13.01,65841
2017-03-30,13.02,13.1,12.64,12.67,94715
2017-03-31,12.68,12.87,12.68,12.79,48729
2017-04-05,12.71,13.03,12.66,12.97,97869
2017-04-06,12.95,12.97,12.79,12.85,68909
2017-04-07,12.85,12.85,12.68,12.73,72552
2017-04-10,12.73,12.73,12.12,12.15,145794
2017-04-11,12.16,12.26,11.99,12.23,109530
2017-04-12,12.08,12.31,12.03,12.05,71284
2017-04-13,12.07,12.23,12.04,12.09,63173
2017-04-14,12.07,12.57,12.07,12.26,135937
2017-04-17,12.03,12.19,11.82,12.1,72534
2017-04-18,12.08,12.18,11.83,11.83,69711
2017-04-19,11.73,11.73,11.36,11.44,91966
2017-04-20,11.45,11.99,11.41,11.86,151503
2017-04-21,11.75,11.76,11.47,11.5,88538
2017-04-24,11.47,11.53,11.02,11.33,98594
2017-04-25,11.41,11.62,11.15,11.34,88925
2017-04-26,11.37,11.62,11.36,11.51,79488
2017-04-27,11.5,11.9,11.25,11.79,157662
2017-04-28,11.73,11.83,11.64,11.73,70008
2017-05-02,11.74,11.81,11.68,11.76,50066
2017-05-03,11.7,11.78,11.46,11.54,75187
2017-05-04,11.42,11.67,11.34,11.46,75727
2017-05-05,11.44,11.49,11.22,11.23,90799
2017-05-08,11.23,11.62,11.15,11.47,122111
2017-05-09,11.39,11.72,11.32,11.64,121745
2017-05-10,11.68,11.9,11.27,11.27,139222
2017-05-11,11.05,11.3,10.58,11.11,149513
2017-05-12,11.0,11.21,10.82,10.99,92188
2017-05-15,11.15,11.19,10.89,10.99,51444
2017-05-16,10.94,11.38,10.7,11.37,104563
2017-05-17,11.45,11.9,11.28,11.5,156777
2017-05-18,11.32,11.51,11.25,11.34,76408
2017-05-19,11.37,11.53,11.24,11.48,74198
2017-05-22,11.47,11.59,11.02,11.06,84861
2017-05-23,11.05,11.19,10.76,10.81,80815
2017-05-24,10.82,11.05,10.63,11.02,68153
2017-05-25,10.97,11.38,10.82,11.3,114447
2017-05-26,11.3,11.52,11.26,11.28,75490
2017-05-31,11.44,11.5,11.21,11.24,85802
2017-06-01,11.15,11.19,10.82,10.84,88331
2017-06-02,10.8,11.33,10.75,11.24,89819
2017-06-05,11.28,11.49,11.2,11.39,93494
2017-06-06,11.4,12.08,11.25,12.03,267023
2017-06-07,11.89,12.48,11.85,12.17,263851
2017-06-08,12.09,13.33,12.09,12.88,332416
2017-06-09,12.87,13.23,12.57,12.81,229760
2017-06-12,12.77,13.32,12.74,12.84,201753
2017-06-13,12.76,13.2,12.7,13.03,194061
2017-06-14,12.91,13.01,12.66,12.77,145572
2017-06-15,12.73,13.79,12.72,13.68,346351
2017-06-16,13.56,13.7,13.36,13.39,177530
2017-06-19,13.36,13.66,13.16,13.39,151103
2017-06-20,13.4,13.71,13.28,13.46,169060
2017-06-21,13.55,14.12,13.51,13.67,256998
2017-06-22,13.65,13.87,12.87,12.9,293757
2017-06-23,12.87,13.29,12.87,13.24,197757
2017-06-26,13.29,13.77,13.08,13.7,215887
2017-06-27,13.72,14.12,13.57,13.83,198977
2017-06-28,13.71,13.86,13.48,13.65,138509
2017-06-29,13.7,14.67,13.7,14.38,402266
2017-06-30,14.21,14.33,14.06,14.26,180100
2017-07-03,14.24,14.46,14.05,14.33,171658
2017-07-04,14.21,14.22,13.77,13.85,238390
2017-07-05,13.75,13.97,13.57,13.9,183834
2017-07-06,13.85,14.04,13.67,13.72,178654
2017-07-07,13.69,13.9,13.58,13.64,164703
2017-07-10,13.56,13.76,13.21,13.25,174577
2017-07-11,13.2,13.51,13.13,13.27,127303
2017-07-12,13.23,13.34,12.82,13.1,154702
2017-07-13,13.1,13.35,12.97,13.3,119631
2017-07-14,13.3,13.3,12.94,12.98,99460
2017-07-17,12.73,12.73,11.59,11.59,347475
2017-07-18,11.56,11.89,11.16,11.68,157991
2017-07-19,11.58,11.91,11.46,11.9,130426
2017-07-20,11.86,12.22,11.8,11.84,144583
2017-07-21,12.06,12.32,11.91,11.96,127409
2017-07-24,11.8,12.18,11.66,12.09,94972
2017-07-25,12.07,12.29,11.77,12.09,99618
2017-07-26,12.06,12.37,11.99,12.26,115100
2017-07-27,12.11,13.25,12.09,13.19,279914
2017-07-28,13.15,13.21,12.85,12.9,147480
2017-07-31,12.75,13.03,12.64,12.82,132898
2017-08-01,12.82,12.98,12.67,12.93,115193
2017-08-02,12.85,13.19,12.7,12.99,158055
2017-08-03,12.95,13.75,12.75,13.22,275046
2017-08-04,13.07,13.32,12.9,12.93,147448
2017-08-07,12.89,13.21,12.83,12.96,81616
2017-08-08,12.93,13.54,12.9,13.48,218524
2017-08-09,13.39,13.42,13.13,13.25,122127
2017-08-10,13.2,13.61,13.11,13.25,165568
2017-08-11,13.03,13.13,12.63,12.67,172828
2017-08-14,12.68,13.72,12.68,13.59,335564
2017-08-15,13.68,13.68,13.37,13.56,154865
2017-08-16,13.41,14.22,13.25,13.95,342569
2017-08-17,13.81,15.28,13.73,14.77,477543
2017-08-18,14.63,15.01,14.3,14.45,277178
2017-08-21,14.37,14.82,14.2,14.46,247615
2017-08-22,14.39,15.49,14.3,15.24,417826
2017-08-23,15.02,15.21,14.66,14.85,235232
2017-08-24,14.69,14.79,14.2,14.37,257346
2017-08-25,14.46,14.71,14.16,14.54,225309
2017-08-28,14.4,15.55,14.4,15.08,400900
2017-08-29,14.93,15.33,14.86,14.96,186959
2017-08-30,15.02,15.73,14.92,15.47,323878
2017-08-31,15.95,16.15,15.43,15.78,327615
2017-09-01,15.86,17.45,15.57,16.97,559672
2017-09-04,16.97,17.92,16.79,17.22,457058
2017-09-05,17.06,17.44,16.61,17.02,285158
2017-09-06,16.84,17.51,16.74,17.46,284034
2017-09-07,17.39,18.12,16.64,16.82,425786
2017-09-08,16.66,16.94,16.48,16.75,242640
2017-09-11,16.56,16.8,16.5,16.73,170890
2017-09-12,16.72,17.24,16.25,16.81,364977
2017-09-13,16.68,16.82,16.46,16.62,135718
2017-09-14,16.68,16.82,16.22,16.26,187931
2017-09-15,16.17,16.59,15.99,16.15,200047
2017-09-18,16.19,16.71,16.16,16.66,179851
2017-09-19,16.71,16.95,16.37,16.42,144704
2017-09-20,16.32,16.83,16.17,16.82,192606
2017-09-21,16.79,17.0,16.46,16.5,181359
2017-09-22,16.33,16.33,15.83,15.85,186291
2017-09-25,15.71,16.09,15.49,15.52,117430
2017-09-26,15.5,15.8,15.46,15.75,95834
2017-09-27,15.75,15.86,15.61,15.76,90362
2017-09-28,15.64,15.95,15.6,15.64,99809
2017-09-29,15.63,15.86,15.62,15.68,70659
2017-10-09,16.25,16.31,15.93,16.21,128671
2017-10-10,16.27,17.17,16.19,16.92,246968
2017-10-11,16.89,16.9,16.43,16.67,153012
2017-10-12,16.65,17.16,16.51,16.74,139419
2017-10-13,16.64,16.8,16.44,16.65,90540
2017-10-16,16.66,16.97,15.85,15.87,186796
2017-10-17,15.75,16.06,15.67,15.89,98772
2017-10-18,15.95,16.01,15.44,15.56,117120
2017-10-19,15.58,15.72,14.89,15.04,151280
2017-10-20,15.01,15.34,15.0,15.28,75391
2017-10-23,15.28,15.62,15.28,15.49,72741
2017-10-24,15.5,15.56,15.07,15.35,80542
2017-10-25,15.41,15.92,15.36,15.82,120601
2017-10-26,15.74,16.17,15.67,16.13,137032
2017-10-27,16.15,16.15,15.84,16.03,93259
2017-10-30,16.0,16.21,15.47,15.49,128741
2017-10-31,15.5,15.8,15.44,15.69,84131
2017-11-01,15.71,16.54,15.59,16.21,167332
2017-11-02,16.25,16.76,16.09,16.43,236400
2017-11-03,16.43,16.68,16.01,16.27,177347
2017-11-06,16.25,16.81,16.15,16.79,203694
2017-11-07,16.71,16.89,16.51,16.87,189990
2017-11-08,16.96,16.96,16.42,16.43,193956
2017-11-09,16.32,16.57,16.26,16.48,121138
2017-11-10,16.45,17.52,16.39,17.5,355178
2017-11-13,17.36,17.88,17.16,17.78,291406
2017-11-14,17.62,17.73,17.26,17.4,203990
2017-11-15,17.29,17.61,16.6,16.62,233389
2017-11-16,16.55,16.9,16.48,16.61,144262
2017-11-17,16.74,17.2,15.91,16.04,255521
2017-11-20,15.67,15.94,15.05,15.78,202287
2017-11-21,15.76,16.41,15.67,16.08,199897
2017-11-22,15.96,16.54,15.83,16.1,170514
2017-11-23,15.93,16.04,15.31,15.34,154824
2017-11-24,15.18,15.54,14.98,15.01,120567
2017-11-27,15.12,15.47,14.64,14.8,124886
2017-11-28,14.84,15.23,14.76,15.17,100691
2017-11-29,15.18,15.18,14.56,14.85,110656
2017-11-30,14.7,14.85,14.3,14.35,120669
2017-12-01,14.43,14.79,14.37,14.66,102368
2017-12-04,14.59,14.64,14.39,14.46,74850
2017-12-05,14.46,14.62,13.03,13.38,231788
2017-12-06,13.45,13.74,13.29,13.7,110468
2017-12-07,13.62,13.91,13.56,13.67,81824
2017-12-08,13.71,13.93,13.62,13.64,98481
2017-12-11,13.88,15.08,13.81,14.86,253667
2017-12-12,14.66,15.16,14.53,14.85,193197
2017-12-13,14.74,15.17,14.7,14.93,111757
2017-12-14,14.91,15.41,14.89,15.08,125217
2017-12-15,15.09,15.18,14.4,14.48,133493
2017-12-18,14.61,15.07,14.5,14.59,123513
2017-12-19,14.73,15.47,14.73,15.32,223424
2017-12-20,15.24,15.28,14.86,14.98,135691
2017-12-21,14.95,15.19,14.73,15.03,108088
2017-12-22,15.03,15.23,14.59,14.59,119904
2017-12-25,14.53,14.72,13.98,14.04,137923
2017-12-26,14.17,14.4,13.9,14.33,81588
2017-12-27,14.36,14.48,13.99,14.12,77815
2017-12-28,14.14,14.36,13.96,14.17,74018
2017-12-29,14.13,14.27,13.88,14.17,104553
2018-01-02,14.19,14.64,14.11,14.56,112653
2018-01-03,14.55,14.73,14.4,14.71,108955
2018-01-04,14.63,14.86,14.47,14.62,100217
2018-01-05,14.95,15.12,14.66,14.71,151439
2018-01-08,14.79,14.81,14.2,14.66,147321
2018-01-09,14.64,14.64,14.3,14.45,90513
2018-01-10,14.57,15.92,14.57,15.54,378787
2018-01-11,15.65,16.81,15.47,16.49,478173
2018-01-12,16.49,16.49,15.65,15.73,319450
2018-01-15,15.31,15.46,14.91,15.12,245082
2018-01-16,15.22,15.47,15.11,15.42,153321
2018-01-17,14.86,14.97,14.43,14.71,195905
2018-01-18,14.69,14.83,14.5,14.55,95103
2018-01-19,14.57,15.04,14.53,14.85,125721
2018-01-22,14.84,15.81,14.72,15.56,226145
2018-01-23,15.44,15.53,15.25,15.48,119382
2018-01-24,15.48,16.4,15.35,16.2,330701
2018-01-25,16.15,16.41,15.63,15.64,223360
2018-01-26,15.63,15.98,15.5,15.79,140589
2018-01-29,15.79,15.97,15.17,15.49,150745
2018-01-30,15.67,16.08,15.33,16.06,176899
2018-01-31,15.86,15.99,15.54,15.83,178732
2018-02-01,15.9,16.15,14.49,14.95,237826
2018-02-02,15.02,15.28,14.53,15.04,131155
2018-02-05,14.63,14.97,14.56,14.72,86270
2018-02-06,14.14,14.36,13.16,13.16,237718
2018-02-07,13.58,13.71,12.71,13.32,170133
2018-02-08,13.34,13.72,13.25,13.6,100831
2018-02-09,12.97,13.33,12.58,13.21,145928
2018-02-12,13.29,13.71,13.29,13.64,95485
2018-02-13,13.78,13.93,13.49,13.57,84913
2018-02-14,13.59,13.65,13.35,13.54,52867
2018-02-22,13.72,14.16,13.67,14.04,99421
2018-02-23,13.98,14.14,13.84,13.97,63852
2018-02-26,14.12,14.48,14.06,14.36,121046
2018-02-27,14.54,15.02,14.39,14.43,158552
2018-02-28,14.36,14.85,14.14,14.61,121427
2018-03-01,14.53,15.49,14.48,15.48,322846
2018-03-02,15.3,15.5,14.95,15.1,219109
2018-03-05,15.46,15.78,15.3,15.57,221166
2018-03-06,15.68,16.28,15.6,15.78,308255
2018-03-07,15.46,15.56,15.22,15.23,188041
2018-03-08,15.23,15.59,15.23,15.34,125073
2018-03-09,15.37,16.14,15.29,16.01,257074
2018-03-12,15.99,16.67,15.99,16.08,278667
2018-03-13,16.06,16.71,15.86,16.42,283264
2018-03-14,16.27,16.43,15.73,15.8,184621
2018-03-15,15.79,16.16,15.57,16.12,165037
2018-03-16,16.76,17.12,16.22,16.25,290338
2018-03-19,15.99,16.57,15.82,16.17,184563
2018-03-20,15.75,16.35,15.63,16.18,156293
2018-03-21,16.12,16.48,15.53,15.57,185087
2018-03-22,15.67,16.28,15.58,15.87,192114
2018-03-23,15.16,15.56,14.49,15.08,243136
2018-03-26,14.89,15.83,14.89,15.79,173399
2018-03-27,16.15,17.47,16.09,17.47,320311
2018-03-28,17.81,18.5,17.58,18.03,631153
2018-03-29,17.99,18.35,17.52,17.82,345747
2018-03-30,18.16,18.65,18.01,18.52,398534
2018-04-02,18.91,20.44,18.76,19.52,479151
2018-04-03,19.3,20.22,19.19,20.21,321893
2018-04-04,20.47,20.47,19.14,19.18,279818
2018-04-09,19.24,19.96,18.84,19.38,242019
2018-04-10,19.45,19.55,18.31,18.92,275146
2018-04-11,18.99,19.71,18.9,19.04,222979
2018-04-12,19.21,19.63,18.88,18.94,176854
2018-04-13,19.21,20.4,19.2,19.89,330072
2018-04-16,19.89,21.0,19.41,20.98,433433
2018-04-17,20.57,20.8,18.92,19.71,355800
2018-04-18,19.73,20.6,18.89,20.19,340986
2018-04-19,19.92,19.96,19.05,19.13,266867
2018-04-20,19.06,19.46,18.27,18.32,292467
2018-04-23,18.56,18.7,17.58,18.14,225989
2018-04-24,18.19,18.91,17.84,18.81,259355
2018-04-25,18.46,19.31,18.44,18.84,200676
2018-04-26,18.76,19.05,18.27,18.32,152727
2018-04-27,18.51,19.09,17.85,18.88,208328
2018-05-02,18.82,19.55,18.81,19.22,203161
2018-05-03,19.08,19.5,18.43,19.49,194360
2018-05-04,19.37,19.75,19.14,19.15,156498
2018-05-07,19.34,20.1,19.28,20.02,219787
2018-05-08,19.93,20.38,19.7,20.01,150197
2018-05-09,20.02,20.03,19.41,19.48,146773
2018-05-10,19.48,19.56,18.6,18.79,204256
2018-05-11,18.82,19.02,18.5,18.59,139898
2018-05-14,18.66,18.79,18.1,18.32,158142
2018-05-15,18.4,18.81,18.27,18.8,129530
2018-05-16,18.69,18.78,18.34,18.38,114039
2018-05-17,18.34,18.56,18.16,18.26,76389
2018-05-18,18.3,18.48,17.88,18.37,112415
2018-05-21,18.5,19.1,18.5,18.96,157517
2018-05-22,18.89,18.94,18.54,18.84,103733
2018-05-23,18.79,19.52,18.66,19.08,194919
2018-05-24,19.34,20.14,19.11,19.84,262039
2018-05-25,19.71,19.84,19.28,19.63,149439
2018-05-28,19.66,19.66,18.73,18.76,165640
2018-05-29,18.76,19.11,18.46,18.49,110911
2018-05-30,18.05,18.34,17.66,17.73,182470
2018-05-31,17.95,18.13,17.31,17.94,130558
2018-06-01,17.78,18.23,17.67,17.94,102100
2018-06-04,18.06,18.13,17.01,17.12,186307
2018-06-05,17.08,17.58,17.07,17.55,111405
2018-06-06,17.58,18.04,17.55,17.82,109075
2018-06-07,18.04,18.35,17.78,17.79,98296
2018-06-08,17.86,17.99,17.36,17.67,93059
2018-06-11,17.67,18.04,17.51,18.0,90938
2018-06-12,18.08,18.12,17.46,17.95,105664
2018-06-13,17.89,17.95,17.44,17.44,86737
2018-06-14,17.39,17.64,17.22,17.23,78482
2018-06-15,17.22,17.34,16.37,16.43,160420
2018-06-19,16.04,16.04,14.7,15.11,204831
2018-06-20,14.95,15.6,14.95,15.35,142779
2018-06-21,15.25,15.42,14.43,14.5,148669
2018-06-22,14.25,15.05,14.14,14.86,106070
2018-06-25,15.05,15.18,14.69,14.79,104093
2018-06-26,14.61,15.58,14.55,15.42,132087
2018-06-27,15.36,15.56,15.18,15.34,111712
2018-06-28,15.39,15.59,15.18,15.3,93970
2018-06-29,15.33,16.5,15.33,16.4,162460
2018-07-02,16.28,16.7,16.09,16.35,147591
2018-07-03,16.45,17.24,16.28,17.09,151105
2018-07-04,17.01,17.03,16.4,16.54,112087
2018-07-05,16.51,16.81,16.34,16.4,88911
2018-07-06,16.47,16.79,14.68,14.68,434805
2018-07-09,15.1,15.55,14.85,15.37,230453
2018-07-10,15.5,15.68,15.26,15.61,151433
2018-07-11,15.31,15.49,14.87,15.27,116739
2018-07-12,15.4,16.41,15.37,16.06,159220
2018-07-13,16.15,16.31,15.92,16.09,95110
2018-07-16,16.0,16.09,15.63,15.88,119713
2018-07-17,15.87,15.87,15.27,15.68,116209
2018-07-18,15.76,16.02,15.58,15.66,90831
2018-07-19,15.53,15.97,15.34,15.69,93185
2018-07-20,15.62,16.25,15.47,16.13,174576
2018-07-23,16.12,16.86,16.05,16.58,175819
2018-07-24,16.57,17.14,16.5,16.69,167922
2018-07-25,16.74,17.06,16.56,16.67,99897
2018-07-26,16.64,16.72,16.09,16.28,102223
2018-07-27,16.25,16.36,15.96,16.1,77386
2018-07-30,16.09,16.35,15.58,15.75,90080
2018-07-31,15.7,15.93,15.58,15.81,57874
2018-08-01,15.88,16.12,15.7,15.73,59338
2018-08-02,15.63,15.69,14.47,15.2,129084
2018-08-03,15.07,15.27,14.81,14.84,55072
2018-08-06,14.9,14.99,14.42,14.62,65630
2018-08-07,14.62,14.95,14.1,14.94,122842
2018-08-08,14.85,14.88,14.24,14.27,100640
2018-08-09,14.26,15.21,14.2,15.1,142897
2018-08-10,15.04,15.57,15.04,15.43,136231
2018-08-13,15.15,16.12,15.12,16.03,154190
2018-08-14,15.93,16.03,15.64,15.75,74619
2018-08-15,15.75,15.96,15.2,15.34,89075
2018-08-16,15.22,15.75,14.96,15.37,91216
2018-08-17,15.6,15.83,15.06,15.13,83576
2018-08-20,15.18,15.78,14.97,15.76,94770
2018-08-21,15.76,15.86,15.47,15.74,92423
2018-08-22,15.65,16.03,15.57,15.7,64707
2018-08-23,16.22,16.79,16.22,16.64,244847
2018-08-24,16.5,17.12,16.43,16.96,220393
2018-08-27,16.94,17.24,16.83,17.06,160537
2018-08-28,17.0,17.35,16.83,17.0,115762
2018-08-29,17.07,17.11,16.68,16.84,76815
2018-08-30,16.87,16.98,16.54,16.78,79312
2018-08-31,16.79,16.9,16.45,16.52,83837
2018-09-03,16.52,17.48,16.25,17.43,169386
2018-09-04,17.33,17.84,17.1,17.56,175911
2018-09-05,17.39,17.65,17.13,17.22,111892
2018-09-06,17.21,18.19,17.21,17.52,186313
2018-09-07,17.55,17.84,16.42,16.79,202321
2018-09-10,16.74,17.0,16.31,16.31,119501
2018-09-11,16.38,16.84,16.28,16.66,85211
2018-09-12,16.66,17.16,16.57,16.8,107555
2018-09-13,16.94,17.25,16.37,16.83,132100
2018-09-14,16.91,16.96,15.99,16.06,168833
2018-09-17,15.96,16.35,15.88,16.02,75212
2018-09-18,15.99,16.36,15.6,16.28,124572
2018-09-19,16.25,16.78,16.05,16.52,138517
2018-09-20,16.69,16.93,16.51,16.58,100340
2018-09-21,16.69,17.05,16.37,17.01,120932
2018-09-25,16.9,17.32,16.84,17.15,104788
2018-09-26,17.08,17.37,16.86,17.14,116198
2018-09-27,17.16,17.32,16.98,17.13,86390
2018-09-28,17.14,17.24,16.7,17.13,115020
2018-10-08,16.69,16.85,16.22,16.28,105667
2018-10-09,16.32,16.6,15.43,15.84,142577
2018-10-10,15.84,15.92,15.34,15.75,88069
2018-10-11,15.01,15.24,14.14,14.46,167154
2018-10-12,14.35,14.81,14.04,14.59,118967
2018-10-15,14.61,14.95,14.57,14.58,77307
2018-10-16,14.58,14.79,13.58,13.91,122219
2018-10-17,14.2,14.48,13.67,14.34,113796
2018-10-18,14.19,14.61,14.04,14.2,100642
2018-10-19,14.01,15.1,13.94,15.01,156785
2018-10-22,15.49,16.51,15.34,16.16,241756
2018-10-23,16.28,16.43,15.88,16.03,123939
2018-10-24,16.01,16.27,15.72,16.04,109562
2018-10-25,15.44,15.75,15.08,15.65,162979
2018-10-26,15.89,15.89,14.4,14.85,191344
2018-10-29,14.62,14.62,13.36,13.87,186912
2018-10-30,13.74,14.49,13.22,14.37,165555
2018-10-31,14.28,14.62,14.1,14.37,94837
2018-11-01,14.83,15.22,14.62,14.69,174079
2018-11-02,15.37,15.74,15.37,15.67,209634
2018-11-05,15.44,15.72,15.08,15.42,120162
2018-11-06,15.4,15.79,15.11,15.75,123693
2018-11-07,15.66,15.87,15.52,15.66,119114
2018-11-08,15.85,15.88,15.09,15.12,111467
2018-11-09,15.1,15.57,15.04,15.37,90132
2018-11-12,15.37,16.85,15.21,16.74,236868
2018-11-13,16.56,17.76,16.51,17.19,282650
2018-11-14,17.2,17.65,17.05,17.32,159703
2018-11-15,17.34,17.74,17.02,17.55,156986
2018-11-16,17.58,18.31,17.58,18.0,193549
2018-11-19,17.97,18.02,17.47,17.78,105656
2018-11-20,17.46,17.67,17.19,17.36,108838
2018-11-21,17.19,17.51,17.06,17.32,88936
2018-11-22,17.33,17.68,17.14,17.35,89990
2018-11-23,17.36,17.37,16.39,16.48,133007
2018-11-26,16.45,16.69,16.31,16.41,72363
2018-11-27,16.55,16.99,16.48,16.78,95897
2018-11-28,16.74,17.16,16.37,17.01,116974
2018-11-29,17.16,17.39,16.41,16.42,112940
2018-11-30,16.48,16.8,16.43,16.8,71534
2018-12-03,17.73,17.87,17.38,17.44,140570
2018-12-04,17.47,17.57,17.19,17.53,78228
2018-12-05,17.14,17.48,17.06,17.33,66343
2018-12-06,17.19,17.19,16.71,16.79,78021
2018-12-07,16.94,17.23,16.88,17.19,63288
2018-12-10,17.06,17.58,17.06,17.51,82823
2018-12-11,17.64,17.64,17.05,17.24,62414
2018-12-12,17.27,17.38,17.06,17.19,33535
2018-12-13,17.26,17.6,16.93,17.42,106241
2018-12-14,17.35,17.35,16.83,16.83,80974
2018-12-17,16.69,16.77,16.41,16.58,63382
2018-12-18,16.44,16.64,16.1,16.38,71256
2018-12-19,16.39,16.56,16.15,16.17,52207
2018-12-20,16.25,16.56,16.17,16.54,67292
2018-12-21,16.45,16.66,16.28,16.51,54491
2018-12-24,16.54,16.85,16.45,16.64,56608
2018-12-25,16.5,16.83,16.25,16.69,79504
2018-12-26,16.61,16.8,16.5,16.7,63887
2018-12-27,16.96,17.25,16.6,16.61,91581
2018-12-28,16.7,16.72,15.6,16.08,139335
2019-01-02,16.01,16.02,15.53,15.61,80078
2019-01-03,15.45,16.14,15.44,15.79,96858
2019-01-04,15.59,16.65,15.55,16.52,94664
2019-01-07,16.67,17.33,16.58,17.15,146384
2019-01-08,17.13,17.38,16.96,17.07,86175
2019-01-09,17.18,17.42,16.9,16.92,97293
2019-01-10,16.99,17.35,16.93,17.05,79395
2019-01-11,17.07,17.41,16.93,17.39,83625
2019-01-14,17.39,17.67,17.13,17.21,70513
2019-01-15,17.13,18.02,16.99,18.0,128539
2019-01-16,19.37,19.66,18.17,18.39,261788
2019-01-17,18.43,18.67,18.07,18.09,97176
2019-01-18,18.04,18.56,18.04,18.54,90036
2019-01-21,18.57,19.37,18.24,18.71,131192
2019-01-22,18.69,18.85,18.16,18.31,73114
2019-01-23,18.31,18.44,18.02,18.13,88721
2019-01-24,18.27,18.93,18.15,18.58,138752
2019-01-25,18.59,18.83,18.4,18.42,81533
2019-01-28,18.65,19.44,18.6,18.98,157048
2019-01-29,19.83,20.15,19.46,19.91,237671
2019-01-30,19.91,20.41,19.58,19.66,150421
2019-01-31,19.89,19.91,19.27,19.46,105240
2019-02-01,19.63,20.64,19.55,20.56,166283
2019-02-11,20.96,21.61,20.8,21.61,240083
2019-02-12,21.39,21.54,21.16,21.29,147088
2019-02-13,21.29,21.99,21.19,21.45,182624
2019-02-14,21.42,21.66,21.17,21.37,129422
2019-02-15,21.35,21.6,20.95,21.0,143472
2019-02-18,21.19,22.27,21.19,22.27,218443
2019-02-19,22.48,22.63,21.65,22.13,200017
2019-02-20,22.08,22.1,21.31,21.74,144627
2019-02-21,21.68,23.08,21.61,22.16,240748
2019-02-22,22.13,24.46,21.77,24.46,268217
2019-02-25,26.99,26.99,26.99,26.99,66146
2019-02-26,29.76,29.76,27.13,27.47,634604
2019-02-27,27.51,28.43,26.49,27.13,387682
2019-02-28,26.88,27.64,26.2,27.28,236839
2019-03-01,27.63,28.99,26.98,27.88,311649
2019-03-04,28.41,29.64,27.37,27.89,394514
2019-03-05,27.19,27.78,26.98,27.67,240351
2019-03-06,27.72,28.53,27.3,28.34,324488
2019-03-07,27.79,31.26,27.4,29.06,455255
2019-03-08,26.65,28.55,26.65,26.66,354064
2019-03-11,27.05,27.82,26.69,27.43,233962
2019-03-12,27.47,30.26,27.47,30.16,508144
2019-03-13,30.07,30.07,27.47,27.83,367939
2019-03-14,27.27,27.27,25.51,26.0,297944
2019-03-15,26.3,26.75,25.13,25.57,223610
2019-03-18,25.63,26.45,24.99,26.39,211766
2019-03-19,26.65,27.17,26.1,26.64,181950
2019-03-20,26.6,27.3,26.0,26.45,165946
2019-03-21,26.56,28.21,26.55,27.74,290713
2019-03-22,27.75,27.86,26.59,27.27,159398
2019-03-25,26.47,26.79,26.07,26.16,160101
2019-03-26,26.49,26.7,26.04,26.31,158336
2019-03-27,26.49,26.58,25.19,25.51,177160
2019-03-28,25.4,26.23,25.22,25.58,116522
2019-03-29,25.84,27.72,25.84,27.65,256296
2019-04-01,30.5,30.5,29.13,30.49,395434
2019-04-02,30.5,33.38,29.77,30.84,444923
2019-04-03,30.48,32.56,30.45,31.72,261523
2019-04-04,31.69,31.69,30.49,30.82,210943
2019-04-08,31.29,31.8,29.84,31.37,302235
2019-04-09,30.72,30.85,29.56,29.95,242979
2019-04-10,29.43,29.58,28.47,28.87,224513
2019-04-11,29.09,29.58,28.77,29.07,176014
2019-04-12,28.94,29.45,28.7,29.09,126771
2019-04-15,29.77,29.9,28.13,28.25,161106
2019-04-16,27.95,28.82,27.45,28.67,211443
2019-04-17,28.45,28.86,28.18,28.48,124131
2019-04-18,28.59,28.59,27.87,27.89,106546
2019-04-19,27.99,28.87,27.99,28.53,133715
2019-04-22,28.55,28.59,27.37,27.39,165197
2019-04-23,27.27,27.89,26.78,27.28,157113
2019-04-24,27.52,28.63,27.43,28.57,209672
2019-04-25,28.28,28.75,27.36,27.39,177451
2019-04-26,27.18,27.95,26.91,27.1,149521
2019-04-29,27.11,27.29,25.71,26.01,199272
2019-04-30,26.02,26.47,25.77,26.18,113946
2019-05-06,24.4,25.23,23.48,23.48,233996
2019-05-07,23.69,24.13,22.91,23.87,166186
2019-05-08,23.3,24.86,23.14,24.16,156215
2019-05-09,24.16,24.95,24.05,24.55,147073
2019-05-10,25.19,26.68,24.77,26.32,270946
2019-05-13,25.94,26.65,25.61,25.96,152809
2019-05-14,25.68,26.55,25.68,26.21,147974
2019-05-15,26.76,27.92,26.39,27.43,188387
2019-05-16,27.08,27.35,26.55,26.61,164794
2019-05-17,26.84,27.28,25.51,25.81,211097
2019-05-20,25.81,26.48,25.42,26.22,166952
2019-05-21,26.2,27.04,25.57,26.68,194001
2019-05-22,26.68,26.97,26.4,26.87,137963
2019-05-23,26.84,26.84,25.35,25.62,188226
2019-05-24,25.49,26.14,25.33,25.34,122308
2019-05-27,25.65,26.5,25.19,26.32,191601
2019-05-28,26.44,26.72,26.04,26.55,164571
2019-05-29,26.32,26.62,26.08,26.24,108116
2019-05-30,25.99,26.1,25.43,25.64,113570
2019-05-31,25.78,26.18,25.58,25.63,114438
2019-06-03,25.91,26.03,25.32,25.45,112763
2019-06-04,25.48,25.55,23.95,24.36,219896
2019-06-05,24.65,25.14,24.47,24.71,134004
2019-06-06,24.64,25.02,24.43,24.57,119493
2019-06-10,24.57,24.94,23.8,24.5,127288
2019-06-11,24.61,26.6,24.43,26.49,265695
2019-06-12,26.19,26.53,25.86,25.91,163793
2019-06-13,25.91,26.96,25.81,26.71,212000
2019-06-14,26.67,26.85,25.78,25.81,145331
2019-06-17,25.71,26.22,25.67,25.99,87162
2019-06-18,26.06,26.85,25.75,26.42,153130
2019-06-19,27.9,28.02,26.99,26.99,283054
2019-06-20,27.07,28.99,27.0,28.47,361551
2019-06-21,28.57,29.54,28.49,28.87,342409
2019-06-24,29.08,29.36,28.39,28.65,201820
2019-06-25,28.52,28.79,27.44,28.24,233231
2019-06-26,27.71,28.32,27.6,27.97,123939
2019-06-27,28.24,28.9,28.13,28.53,191660
2019-06-28,28.27,28.5,27.85,28.09,121697
2019-07-01,29.29,29.49,28.7,28.98,259048
2019-07-02,28.87,29.14,28.49,28.79,139290
2019-07-03,28.64,28.65,27.86,28.01,145289
2019-07-04,28.15,28.29,27.8,28.1,93147
2019-07-05,28.06,28.3,28.03,28.22,85469
2019-07-08,28.07,28.11,27.0,27.1,171190
2019-07-09,27.12,27.46,26.8,27.14,107087
2019-07-10,27.26,27.34,26.94,26.98,70807
2019-07-11,27.16,27.43,26.76,26.85,118861
2019-07-12,26.84,27.02,26.59,26.83,89997
2019-07-15,26.97,28.65,26.55,28.19,240848
2019-07-16,27.93,28.42,27.9,28.22,116463
2019-07-17,28.03,28.47,28.03,28.07,115388
2019-07-18,27.98,27.98,27.43,27.47,102971
2019-07-19,27.67,28.23,27.49,27.82,116656
2019-07-22,28.02,28.39,27.42,27.71,128768
2019-07-23,27.97,29.0,27.82,28.94,251248
2019-07-24,29.03,29.5,28.76,28.87,229209
2019-07-25,28.87,29.58,28.79,29.33,186217
2019-07-26,29.69,29.69,28.74,28.98,204108
2019-07-29,28.98,29.27,28.82,29.02,112935
2019-07-30,29.14,29.66,29.02,29.17,178831
2019-07-31,29.05,29.53,28.71,29.33,144666
2019-08-01,29.29,29.66,29.14,29.45,141477
2019-08-02,28.53,28.74,28.27,28.43,225904
2019-08-05,28.27,28.7,27.52,27.57,206208
2019-08-06,26.78,26.97,25.81,26.78,251229
2019-08-07,26.96,26.99,26.49,26.49,118382
2019-08-08,26.9,27.29,26.9,27.18,142869
2019-08-09,27.26,27.67,26.59,26.86,137492
2019-08-12,26.88,27.64,26.86,27.64,127471
2019-08-13,27.39,27.46,26.92,27.01,98932
2019-08-14,27.73,27.77,27.0,27.1,118590
2019-08-15,26.33,27.26,26.2,27.22,120436
2019-08-16,27.18,28.02,27.1,27.55,170519
2019-08-19,28.04,29.71,28.04,29.69,337894
2019-08-20,29.67,29.97,29.16,29.23,210256
2019-08-21,29.17,29.57,29.09,29.25,119787
2019-08-22,29.31,29.5,29.01,29.25,116546
2019-08-23,29.94,30.6,29.51,29.76,299064
2019-08-26,29.08,29.52,29.0,29.22,146008
2019-08-27,29.61,31.84,29.59,31.15,331038
2019-08-28,31.02,31.55,30.87,31.33,181032
2019-08-29,31.34,31.34,30.61,30.96,188077
2019-08-30,30.99,31.91,30.43,30.69,209909
2019-09-02,30.96,32.96,30.77,32.61,304726
2019-09-03,32.5,32.95,32.1,32.75,199520
2019-09-04,32.53,33.31,32.25,32.89,214609
2019-09-05,33.9,35.24,33.52,33.52,404003
2019-09-06,34.12,34.61,33.33,33.9,238002
2019-09-09,34.57,35.24,34.17,34.94,250293
2019-09-10,35.15,35.34,33.99,34.4,243019
2019-09-11,34.53,34.65,33.39,33.46,227157
2019-09-12,33.65,34.18,33.47,33.97,166550
2019-09-16,34.14,34.36,33.52,33.68,137631
2019-09-17,33.49,33.49,32.41,32.71,210162
2019-09-18,32.9,32.93,32.34,32.67,128586
2019-09-19,32.99,33.39,32.8,33.17,124145
2019-09-20,33.22,33.3,32.71,33.01,113793
2019-09-23,32.78,32.78,31.36,32.01,222186
2019-09-24,32.01,32.58,32.01,32.07,161712
2019-09-25,31.83,32.18,31.41,31.55,130071
2019-09-26,31.83,31.91,30.5,30.61,160148
2019-09-27,30.84,31.25,30.69,31.0,111457
2019-09-30,31.08,31.2,30.52,30.53,95838
2019-10-08,30.73,31.19,30.22,30.25,115199
2019-10-09,30.09,30.6,29.7,30.6,90269
2019-10-10,30.67,31.26,30.56,31.24,137900
2019-10-11,31.28,32.04,30.92,31.54,196404
2019-10-14,31.96,32.35,31.51,31.9,173754
2019-10-15,31.69,31.83,30.93,30.94,135944
2019-10-16,30.98,31.28,30.84,30.96,80577
2019-10-17,30.9,31.07,30.52,30.56,79563
2019-10-18,30.71,30.86,29.76,29.78,123423
2019-10-21,29.8,30.18,29.24,29.91,90152
2019-10-22,30.05,30.51,29.91,30.5,85248
2019-10-23,30.55,30.74,29.95,30.02,78525
2019-10-24,30.06,30.23,29.76,30.07,61448
2019-10-25,30.01,30.98,29.85,30.98,101840
2019-10-28,34.15,34.15,32.89,34.15,616225
2019-10-29,34.79,36.83,33.52,33.54,874899
2019-10-30,33.66,34.23,32.3,32.7,475983
2019-10-31,32.67,32.87,31.44,31.52,307603
2019-11-01,31.41,32.04,31.33,31.86,202362
2019-11-04,32.08,32.57,31.87,32.06,219013
2019-11-05,31.45,32.45,31.33,32.24,233928
2019-11-06,32.1,32.29,31.38,31.51,163953
2019-11-07,31.41,31.94,31.41,31.85,122401
2019-11-08,32.24,32.78,31.96,32.01,204487
2019-11-11,31.67,32.07,31.41,31.54,127728
2019-11-12,31.52,31.7,30.63,31.27,146818
2019-11-13,31.27,31.65,30.98,31.59,100139
2019-11-14,31.41,31.8,31.28,31.68,104083
2019-11-15,31.62,31.65,30.9,30.9,117818
2019-11-18,30.77,31.21,30.64,30.96,69631
2019-11-19,31.06,31.68,30.91,31.66,115493
2019-11-20,31.79,32.58,31.78,31.96,183671
2019-11-21,31.66,32.23,31.58,31.88,83412
2019-11-22,31.87,32.5,31.58,31.74,142840
2019-11-25,31.67,31.69,30.52,30.55,147070
2019-11-26,30.56,30.94,30.21,30.72,111452
2019-11-27,30.48,30.69,30.21,30.34,72915
2019-11-28,30.37,30.57,30.27,30.34,47741
2019-11-29,30.28,30.47,29.88,30.06,79876
2019-12-02,30.28,30.76,30.17,30.27,89878
2019-12-03,30.1,30.1,29.36,29.93,112414
2019-12-04,29.71,29.71,29.38,29.66,96895
2019-12-05,29.88,30.65,29.73,30.47,140778
2019-12-06,30.52,30.56,30.05,30.46,95934
2019-12-09,30.76,30.85,30.19,30.68,105979
2019-12-10,30.69,31.81,30.66,31.76,180208
2019-12-11,31.82,32.05,31.49,31.7,116512
2019-12-12,31.88,31.9,31.36,31.36,88791
2019-12-13,31.85,32.94,31.84,32.79,292870
2019-12-16,32.82,33.33,32.53,33.03,204382
2019-12-17,33.12,34.3,32.72,33.27,267039
2019-12-18,33.15,33.46,32.79,32.88,147305
2019-12-19,32.87,33.19,32.3,32.94,135347
2019-12-20,33.36,33.43,32.39,32.42,117306
2019-12-23,32.42,32.43,31.36,31.48,160837
2019-12-24,31.58,31.82,31.24,31.76,93879
2019-12-25,31.72,32.06,31.41,31.63,107838
2019-12-26,31.81,32.08,31.49,32.07,90542
2019-12-27,32.17,32.24,31.22,31.23,143440
2019-12-30,30.99,32.25,30.65,32.0,194946
2019-12-31,32.01,32.18,31.64,32.14,116146
2020-01-02,32.59,33.09,32.23,32.86,175683
2020-01-03,32.74,33.22,32.27,32.69,163653
2020-01-06,32.38,33.56,32.26,33.1,210236
2020-01-07,33.12,34.16,32.81,33.77,227288
2020-01-08,33.43,34.36,33.32,33.48,230314
2020-01-09,33.94,34.78,33.81,33.97,179525
2020-01-10,34.34,34.5,33.52,33.68,130013
2020-01-13,33.5,34.26,33.26,34.14,158667
2020-01-14,34.47,34.56,33.73,33.77,125122
2020-01-15,33.67,34.56,33.57,34.53,179759
2020-01-16,34.66,34.94,34.15,34.64,170847
2020-01-17,34.94,36.6,34.71,36.22,296268
2020-01-20,37.33,37.51,35.29,36.23,289745
2020-01-21,36.13,37.09,35.97,36.39,203083
2020-01-22,36.29,38.73,36.06,38.27,266181
2020-01-23,37.81,38.75,36.01,36.77,288501
2020-02-03,33.02,33.31,33.02,33.02,200184
2020-02-04,33.02,34.64,33.02,34.37,311948
2020-02-05,34.39,35.5,33.94,34.32,281927
2020-02-06,34.53,36.95,34.2,36.5,327193
2020-02-07,36.28,38.13,36.11,37.86,276806
2020-02-10,37.87,41.08,37.67,39.1,304454
2020-02-11,39.09,39.75,38.31,38.84,194752
2020-02-12,38.87,41.07,38.76,40.64,263363
2020-02-13,40.75,41.52,39.77,39.88,214805
2020-02-14,39.66,41.38,39.18,39.77,232035
2020-02-17,40.79,41.11,40.08,40.92,221540
2020-02-18,40.7,41.19,40.48,41.12,156761
2020-02-19,41.04,41.08,40.02,40.05,211709
2020-02-20,40.29,44.13,40.2,43.62,435686
2020-02-21,42.87,44.11,42.53,42.88,309554
2020-02-24,42.28,43.56,41.92,42.61,252705
2020-02-25,41.55,42.72,40.27,42.2,277496
2020-02-26,41.47,41.76,39.34,39.44,326645
2020-02-27,40.05,43.45,40.05,41.93,387240
2020-02-28,41.09,41.76,39.83,39.94,302334
2020-03-02,40.49,41.68,39.47,40.7,255229
2020-03-03,41.55,44.85,41.55,43.05,453683
2020-03-04,42.86,44.0,41.14,42.73,254260
2020-03-05,43.53,43.87,41.13,41.9,269626
2020-03-06,41.04,41.84,40.76,40.89,137330
2020-03-09,39.77,39.77,37.61,37.81,332827
2020-03-10,37.75,40.17,37.75,40.1,267181
2020-03-11,40.19,40.41,38.75,38.84,150006
2020-03-12,37.56,38.51,37.2,37.82,194671
2020-03-13,35.8,38.46,35.21,38.08,234582
2020-03-16,38.08,38.08,34.91,35.21,262898
2020-03-17,35.84,36.61,34.58,36.06,238243
2020-03-18,36.6,37.82,35.62,36.0,212321
2020-03-19,36.15,37.2,35.24,36.56,203155
2020-03-20,37.07,37.32,36.08,36.85,135124
2020-03-23,35.55,36.05,34.58,34.73,174495
2020-03-24,35.76,36.17,35.02,36.17,183987
2020-03-25,37.1,37.7,36.86,37.13,163053
2020-03-26,36.73,37.66,36.62,37.1,114886
2020-03-27,37.64,37.73,36.92,36.92,100067
2020-03-30,36.22,36.84,35.72,36.35,105623
2020-03-31,36.98,37.2,36.39,36.44,84920
2020-04-01,36.32,37.07,35.84,35.96,95731
2020-04-02,35.89,37.2,35.77,37.2,117781
2020-04-03,36.91,37.11,36.48,36.56,82528
2020-04-07,37.75,38.75,37.58,38.31,176322
2020-04-08,38.18,38.72,37.96,38.13,95975
2020-04-09,38.51,39.64,38.49,38.81,125858
2020-04-10,38.81,38.81,37.46,37.78,104785
2020-04-13,37.28,37.95,36.99,37.33,77959
2020-04-14,37.73,38.22,37.58,38.19,92065
2020-04-15,38.51,38.85,38.05,38.08,107358
2020-04-16,37.92,39.17,37.6,38.88,145381
2020-04-17,39.42,40.36,39.4,39.53,202041
2020-04-20,39.44,40.56,39.44,40.21,118329
2020-04-21,40.06,40.22,39.29,39.71,85388
2020-04-22,39.35,40.03,39.25,39.9,70984
2020-04-23,40.0,40.26,39.45,39.5,58602
2020-04-24,39.55,39.77,39.06,39.31,61196
2020-04-27,40.31,42.18,40.3,41.55,248832
2020-04-28,40.71,42.86,40.25,41.9,220879
2020-04-29,41.9,42.05,41.13,41.32,76399
2020-04-30,41.59,43.41,41.59,42.65,139850
2020-05-06,42.31,43.45,42.08,43.19,118816
2020-05-07,43.24,43.61,42.37,42.82,86175
2020-05-08,43.24,44.22,42.86,42.98,98927
2020-05-11,43.54,43.83,42.08,42.6,97173
2020-05-12,42.6,43.57,42.34,43.44,87749
2020-05-13,43.24,43.76,42.86,43.66,71043
2020-05-14,43.46,44.17,43.24,43.52,68932
2020-05-15,43.71,44.46,43.26,43.34,83840
2020-05-18,43.33,43.64,42.4,43.2,92623
2020-05-19,44.08,45.6,43.79,45.1,176014
2020-05-20,45.14,45.99,44.59,44.91,109076
2020-05-21,44.93,45.14,42.73,43.12,137758
2020-05-22,43.24,44.0,42.34,42.69,104534
2020-05-25,42.69,43.0,41.72,42.55,78392
2020-05-26,42.99,43.99,42.94,43.79,89912
2020-05-27,43.79,44.17,43.13,43.19,62861
2020-05-28,43.96,45.14,43.27,43.31,138700
2020-05-29,43.37,44.27,42.94,43.79,103397
2020-06-01,45.99,46.81,45.14,46.35,179365
2020-06-02,46.36,46.62,45.45,45.56,81990
2020-06-03,45.93,46.35,45.06,45.4,90360
2020-06-04,45.78,45.81,44.64,45.4,65028
2020-06-05,45.66,45.88,44.37,45.59,134560
2020-06-08,45.67,47.08,45.66,46.5,174100
2020-06-09,46.54,47.21,46.2,46.76,107806
2020-06-10,46.79,49.1,46.76,48.58,176773
2020-06-11,48.58,51.03,48.44,50.01,179867
2020-06-12,49.01,50.82,48.98,49.52,169266
2020-06-15,49.71,51.38,49.71,50.48,175933
2020-06-16,51.52,51.79,50.82,51.29,115907
2020-06-17,51.54,52.09,50.82,51.9,116874
2020-06-18,51.87,52.21,48.96,50.77,221586
2020-06-19,50.98,52.2,50.85,51.54,166301
2020-06-22,52.04,54.16,51.71,53.54,179246
2020-06-23,53.07,56.59,52.84,56.1,202623
2020-06-24,55.83,57.17,55.56,56.63,138681
2020-06-29,57.89,58.19,55.44,56.52,161173
2020-06-30,56.65,60.5,56.57,58.68,251524
2020-07-01,58.48,59.21,56.43,58.29,186231
2020-07-02,58.17,58.31,56.27,56.79,244786
2020-07-03,56.22,58.29,55.83,57.72,225513
2020-07-06,58.19,62.68,58.19,61.93,291184
2020-07-07,62.7,65.58,62.7,63.79,267492
2020-07-08,63.94,66.66,63.1,65.72,213849
2020-07-09,65.44,66.76,64.89,65.16,219509
2020-07-10,64.34,64.9,62.98,63.85,205063
2020-07-13,63.63,65.26,63.57,64.73,181595
2020-07-14,64.35,64.72,61.67,63.26,224001
2020-07-15,64.07,65.32,62.69,62.97,199260
2020-07-16,63.68,65.16,57.99,58.19,354534
2020-07-17,57.76,59.33,54.12,56.29,346403
2020-07-20,58.5,58.62,55.94,57.97,198755
2020-07-21,63.24,63.24,57.24,58.49,520648
2020-07-22,56.82,60.0,56.82,58.37,272432
2020-07-23,57.32,59.17,56.16,57.7,238343
2020-07-24,57.52,58.77,54.99,55.72,268173
2020-07-27,56.01,58.23,55.79,57.75,201349
2020-07-28,59.01,59.49,57.36,58.03,138679
2020-07-29,57.26,59.72,57.24,59.59,190208
2020-07-30,59.62,59.92,58.24,58.36,143159
2020-07-31,58.13,60.77,58.13,59.69,171091
2020-08-03,59.95,60.21,59.12,59.93,151817
2020-08-04,60.33,60.38,58.48,58.82,146376
2020-08-05,59.46,60.82,58.85,60.26,167674
2020-08-06,60.06,60.26,58.95,60.04,122315
2020-08-07,60.04,60.22,56.26,57.85,182476
2020-08-10,57.23,57.81,55.55,56.89,149718
2020-08-11,57.26,57.75,55.55,55.65,127461
2020-08-12,55.55,55.55,52.53,53.71,233548
2020-08-13,54.93,55.85,54.1,54.26,121798
2020-08-14,54.76,56.38,54.08,56.16,139223
2020-08-17,56.93,58.19,56.71,56.76,170856
2020-08-18,56.55,57.3,56.13,57.23,121101
2020-08-19,56.84,57.02,55.0,55.24,116838
2020-08-20,54.35,55.72,54.04,55.06,87303
2020-08-21,54.51,55.67,54.29,54.79,113199
2020-08-24,55.0,56.66,55.0,56.04,116744
2020-08-25,55.98,59.73,55.94,58.31,237558
2020-08-26,59.22,59.77,57.48,58.08,158090
2020-08-27,57.75,60.03,57.75,59.15,176524
2020-08-28,59.19,62.42,58.44,62.28,220558
2020-08-31,62.42,62.7,60.54,60.74,156862
2020-09-01,60.78,61.59,60.29,60.83,103204
2020-09-02,60.91,61.32,59.95,60.21,97415
2020-09-03,60.21,60.5,59.15,59.4,88816
2020-09-04,58.17,58.84,57.24,58.02,135888
2020-09-07,57.86,58.68,55.93,56.05,132255
2020-09-08,56.64,57.21,55.55,56.39,92254
2020-09-09,55.55,56.12,54.2,54.92,105949
2020-09-10,55.14,56.63,54.82,55.02,100194
2020-09-11,55.04,55.77,54.07,55.23,91652
2020-09-14,55.58,55.83,54.82,55.66,76491
2020-09-15,55.6,55.77,53.88,54.73,114142
2020-09-16,54.51,54.73,51.28,51.73,255138
2020-09-17,51.98,52.79,50.03,52.18,157139
2020-09-18,52.13,54.45,51.82,54.16,140712
2020-09-21,54.45,54.71,53.29,53.67,102459
2020-09-22,53.3,54.45,53.13,53.45,67316
2020-09-23,53.45,53.84,52.53,53.41,75259
2020-09-24,53.35,53.35,51.98,52.18,73529
2020-09-25,52.81,53.46,52.47,53.05,63924
2020-09-28,53.45,54.95,53.35,53.59,74762
2020-09-29,54.24,54.7,53.52,53.59,70120
2020-09-30,53.63,54.09,53.23,53.68,62244
2020-10-09,54.54,55.37,54.18,54.47,92827
2020-10-12,54.88,56.32,54.88,56.23,152754
2020-10-13,56.02,57.2,55.78,57.15,105968
2020-10-14,56.65,56.82,54.45,54.73,122701
2020-10-15,54.45,54.72,50.06,52.59,423467
2020-10-16,52.09,52.96,51.65,52.65,125167
2020-10-19,52.83,53.97,51.93,52.26,94619
2020-10-20,52.26,52.87,51.86,52.68,56182
2020-10-21,52.81,52.97,52.03,52.27,67476
2020-10-22,52.15,53.67,51.46,53.16,112800
2020-10-23,53.1,54.05,51.71,51.91,96202
2020-10-26,51.9,51.9,48.94,49.48,219183
2020-10-27,49.52,49.84,48.85,49.66,103871
2020-10-28,49.89,50.96,49.18,50.66,126104
2020-10-29,49.78,50.27,49.17,49.86,98352
2020-10-30,49.51,51.7,48.85,50.57,209087
2020-11-02,50.17,50.25,46.37,47.86,353243
2020-11-03,47.86,49.22,47.08,49.15,183229
2020-11-04,47.31,48.9,46.68,47.92,182546
2020-11-05,48.68,51.04,48.13,50.7,270233
2020-11-06,51.56,51.71,49.98,50.39,127255
2020-11-09,50.7,52.13,50.39,51.21,171617
2020-11-10,51.19,52.18,51.01,51.52,119929
2020-11-11,51.32,51.35,48.29,48.5,199239
2020-11-12,48.5,49.07,48.3,48.34,81080
2020-11-13,48.07,48.83,47.59,48.23,79961
2020-11-16,48.28,51.27,47.79,50.94,180794
2020-11-17,51.05,51.7,50.06,50.47,117683
2020-11-18,50.05,50.33,48.96,49.12,97742
2020-11-19,48.73,50.29,48.41,50.17,78416
2020-11-20,50.06,50.33,49.09,49.34,85406
2020-11-23,49.34,49.67,48.85,48.98,101720
2020-11-24,48.98,48.98,47.84,47.96,117600
2020-11-25,47.94,48.24,46.42,46.48,135443
2020-11-26,46.38,46.75,45.38,46.44,110496
2020-11-27,46.49,47.31,45.97,46.62,77855
2020-11-30,47.08,49.01,46.86,48.1,188944
2020-12-01,47.86,49.12,47.42,49.04,119538
2020-12-02,49.07,49.88,48.87,49.33,132609
2020-12-03,49.94,50.97,49.66,50.71,136402
2020-12-04,50.61,51.34,50.06,51.32,103958
2020-12-07,51.29,53.07,51.16,52.74,161906
2020-12-08,53.16,54.43,52.09,53.44,151749
2020-12-09,54.98,57.49,54.95,55.81,316072
2020-12-10,55.5,56.46,54.63,55.88,133020
2020-12-11,56.34,56.51,54.45,54.45,146269
2020-12-14,55.01,56.26,54.84,55.74,108730
2020-12-15,55.54,56.15,54.82,55.16,91934
2020-12-16,54.95,55.84,54.43,54.61,93991
2020-12-17,55.1,55.82,53.78,55.11,106154
2020-12-18,55.55,55.79,54.73,55.22,74886
2020-12-21,54.87,55.55,53.23,54.45,110254
2020-12-22,54.45,54.89,52.15,52.15,143889
2020-12-23,53.06,53.89,52.01,53.53,95867
2020-12-24,52.86,53.15,49.57,49.98,185409
2020-12-25,49.78,51.37,49.52,51.16,117118
2020-12-28,51.43,52.48,50.55,50.61,111290
2020-12-29,51.38,51.82,50.85,51.26,104102
2020-12-30,50.88,55.55,50.77,55.14,185896
2020-12-31,56.04,57.2,55.75,57.15,182603
2021-01-04,57.71,58.56,56.76,57.84,138877
2021-01-05,57.49,60.27,57.37,59.73,151787
2021-01-06,59.33,59.75,55.56,56.21,278792
2021-01-07,56.21,56.59,52.04,53.44,412598
2021-01-08,53.5,54.48,52.39,54.18,240747
2021-01-11,54.12,54.7,52.57,52.84,189523
2021-01-12,52.7,55.55,52.15,55.0,214039
2021-01-13,55.0,55.0,51.38,51.71,306105
2021-01-14,51.69,53.49,51.16,52.15,167410
2021-01-15,52.81,53.52,50.95,52.03,155416
2021-01-18,51.81,53.38,51.31,52.81,180871
2021-01-19,52.7,54.37,52.32,53.08,155832
2021-01-20,53.13,54.39,52.16,53.79,150035
2021-01-21,53.9,55.76,52.95,55.55,204277
2021-01-22,55.01,56.04,54.18,54.33,164463
2021-01-25,53.89,53.96,52.14,52.18,223547
2021-01-26,52.18,52.8,50.77,50.83,170324
2021-01-27,50.83,52.53,50.39,52.07,145967
2021-01-28,51.38,52.65,51.22,51.33,103799
2021-01-29,52.09,54.89,51.98,52.88,212391
2021-02-01,53.72,56.23,53.45,56.22,258707
2021-02-02,56.76,59.18,56.76,58.76,220706
2021-02-03,57.92,58.9,57.37,57.7,127337
2021-02-04,57.26,57.4,54.99,56.38,157446
2021-02-05,56.1,56.54,53.95,54.04,140476
2021-02-08,55.74,56.38,54.52,55.69,117235
2021-02-09,56.32,58.12,55.94,57.56,137013
2021-02-10,57.2,58.67,57.01,57.94,122582
2021-02-18,59.7,59.89,55.28,55.4,155239
2021-02-19,54.99,55.5,51.85,53.25,190255
2021-02-22,53.45,55.4,52.26,52.52,170089
2021-02-23,52.36,53.24,51.98,52.18,122025
2021-02-24,52.34,52.7,50.06,50.72,211474
2021-02-25,51.12,51.23,49.66,49.78,121903
2021-02-26,48.35,48.9,46.76,47.53,213754
2021-03-01,48.57,49.23,47.49,49.16,146471
2021-03-02,49.81,50.5,49.01,49.33,128477
2021-03-03,48.96,50.6,48.33,50.25,97582
2021-03-04,49.89,50.02,47.55,47.84,132949
2021-03-05,47.12,48.96,47.04,48.44,85616
2021-03-08,48.99,49.12,45.28,45.96,164125
2021-03-09,45.85,47.31,45.18,46.38,119771
2021-03-10,46.93,47.79,45.66,46.09,94636
2021-03-11,46.27,47.06,45.88,46.67,70951
2021-03-12,47.2,47.78,46.1,47.75,105579
2021-03-15,46.51,48.07,46.51,47.7,95529
2021-03-16,47.29,48.08,46.0,46.61,109014
2021-03-17,46.54,48.73,45.66,48.68,119076
2021-03-18,48.95,49.18,48.04,48.41,100816
2021-03-19,47.83,47.83,46.21,46.22,145163
2021-03-22,46.4,47.79,46.28,47.52,72904
2021-03-23,47.27,47.81,45.54,45.88,125449
2021-03-24,45.94,46.17,44.73,44.99,86955
2021-03-25,44.8,45.77,43.54,44.98,86696
2021-03-26,44.8,46.49,44.79,45.96,85004
2021-03-29,46.25,46.27,44.29,44.73,129245
2021-03-30,44.73,45.87,44.62,45.29,102102
2021-03-31,45.15,45.89,44.89,45.66,65910
2021-04-01,45.5,46.09,45.37,45.99,62435
2021-04-02,46.1,46.45,45.78,46.09,60688
2021-04-06,46.1,46.88,45.55,46.76,62214
2021-04-07,46.46,46.54,45.01,45.85,87343
2021-04-08,45.64,46.34,45.28,45.77,71271
2021-04-09,46.21,46.21,44.47,45.02,71577
2021-04-12,44.5,45.22,43.54,44.44,104127
2021-04-13,44.18,44.64,43.77,44.06,65773
2021-04-14,44.07,44.89,43.69,44.67,72084
2021-04-15,44.66,45.06,44.34,44.94,39672
2021-04-16,45.1,45.65,44.57,44.73,49650
2021-04-19,44.84,47.18,44.84,47.02,135324
2021-04-20,47.01,49.45,47.01,47.7,154090
2021-04-21,47.5,47.95,46.53,47.05,74653
2021-04-22,47.32,48.56,47.15,48.11,87750
2021-04-23,47.86,48.48,47.54,48.02,57959
2021-04-26,48.08,48.94,47.0,47.21,77311
2021-04-27,48.05,49.55,47.99,49.12,156721
2021-04-28,48.96,50.83,48.25,50.8,176873
2021-04-29,50.52,51.53,49.29,51.47,150885
2021-04-30,51.16,51.45,49.94,50.0,78159
2021-05-06,49.95,49.95,48.13,48.98,72125
2021-05-07,48.97,49.21,47.14,47.31,74691
2021-05-10,47.59,47.98,46.04,46.49,68278
2021-05-11,46.0,46.38,45.51,46.23,62854
2021-05-12,46.09,46.52,45.49,46.38,59225
2021-05-13,46.1,46.21,45.43,45.72,50663
2021-05-14,45.6,47.62,45.34,47.47,100855
2021-05-17,46.99,49.45,46.94,48.25,99531
2021-05-18,48.24,48.7,47.39,48.41,51560
2021-05-19,48.41,49.05,47.29,48.85,78192
2021-05-20,48.85,50.61,48.46,50.1,104332
2021-05-21,50.27,50.55,48.13,48.42,81014
2021-05-24,48.95,50.06,48.72,49.98,78865
2021-05-25,49.98,53.79,49.62,53.63,210197
2021-05-26,53.88,54.77,52.53,52.9,131376
2021-05-27,52.86,53.3,51.25,51.75,135298
2021-05-28,51.48,51.71,50.16,50.99,121244
2021-05-31,50.97,51.32,50.33,51.09,121745
2021-06-01,50.62,51.15,49.5,49.95,130513
2021-06-02,50.12,50.22,48.19,48.51,159206
2021-06-03,48.68,48.85,47.63,47.73,113837
2021-06-04,47.59,48.6,47.31,47.79,126589
2021-06-07,47.85,48.34,47.53,48.23,105227
2021-06-08,48.35,48.68,47.78,48.52,100293
2021-06-09,48.41,48.83,48.01,48.41,71735
2021-06-10,47.79,48.85,47.79,48.39,111616
2021-06-11,48.39,48.95,47.24,47.75,129369
2021-06-15,47.33,49.51,47.23,49.29,172746
2021-06-16,48.96,49.99,47.87,48.16,127703
2021-06-17,47.81,48.81,47.7,48.13,76628
2021-06-18,48.02,48.6,46.13,46.54,171412
2021-06-21,46.54,48.29,46.28,47.4,173542
2021-06-22,47.32,49.1,46.82,48.4,129173
2021-06-23,48.4,48.54,47.31,47.55,115266
2021-06-24,47.67,47.79,46.76,46.83,77695
2021-06-25,46.83,47.55,46.43,47.35,100097
2021-06-28,47.44,47.7,46.71,47.44,90471
2021-06-29,47.83,50.54,47.83,50.4,315034
2021-06-30,50.01,51.27,49.51,50.74,155502
2021-07-01,50.77,51.06,49.48,50.46,126765
2021-07-02,50.06,50.06,49.29,49.41,115329
2021-07-05,48.4,48.4,46.33,46.71,299602
2021-07-06,46.71,47.16,45.94,46.33,118351
2021-07-07,46.43,46.49,45.6,45.87,123979
2021-07-08,45.99,46.24,45.61,45.81,119317
2021-07-09,45.7,45.82,44.78,45.71,118746
2021-07-12,46.05,46.68,45.76,46.48,133179
2021-07-13,46.54,47.27,46.32,47.09,91489
2021-07-14,47.27,47.79,46.54,47.13,89505
2021-07-15,46.76,47.31,46.34,47.04,65081
2021-07-16,48.41,49.93,47.57,48.09,169763
2021-07-19,47.26,47.28,45.76,46.89,141041
2021-07-20,46.87,46.89,46.33,46.89,78196
2021-07-21,47.02,48.66,46.97,47.86,161241
2021-07-22,48.18,48.55,47.56,47.66,124977
2021-07-23,47.6,48.0,45.82,46.07,167233
2021-07-26,45.87,46.41,43.87,44.7,170925
2021-07-27,45.03,45.16,40.19,40.49,439405
2021-07-28,39.72,40.72,38.92,39.94,244170
2021-07-29,40.76,41.58,40.55,40.85,164231
2021-07-30,40.79,42.5,40.17,42.42,157915
2021-08-02,41.83,43.24,41.45,41.97,170600
2021-08-03,42.39,42.49,41.56,41.99,118735
2021-08-04,42.31,42.59,41.78,42.1,99065
2021-08-05,42.06,42.06,40.42,40.81,150328
2021-08-06,40.82,41.05,39.33,39.73,201209
2021-08-09,39.33,41.5,39.32,41.42,162459
2021-08-10,41.06,41.48,40.49,41.35,96613
2021-08-11,41.11,41.51,40.6,40.78,137693
2021-08-12,40.64,41.19,40.02,40.21,139751
2021-08-13,40.18,40.43,39.06,39.13,177814
2021-08-16,39.02,39.69,38.7,39.33,128929
2021-08-17,39.4,39.48,37.94,38.82,184080
2021-08-18,38.52,41.09,38.09,40.37,303067
2021-08-19,40.55,43.01,40.55,42.46,384108
2021-08-20,42.26,42.63,39.79,40.71,220385
2021-08-23,40.52,43.24,40.52,42.12,248854
2021-08-24,42.53,43.09,41.68,42.39,180261
2021-08-25,42.55,43.79,42.33,43.38,190854
2021-08-26,43.33,43.33,41.08,41.29,211045
2021-08-27,41.22,41.26,39.33,39.68,233780
2021-08-30,39.33,39.58,36.81,38.02,286714
2021-08-31,37.64,38.12,36.61,37.69,200282
2021-09-01,37.97,38.87,36.87,38.24,272679
2021-09-02,38.41,39.16,37.09,37.31,274213
2021-09-03,40.33,41.09,40.28,41.09,331924
2021-09-06,43.02,45.01,41.09,44.58,704431
2021-09-07,45.72,45.95,44.64,45.23,439808
2021-09-08,45.72,47.05,44.84,45.71,399609
2021-09-09,44.95,45.54,42.53,42.72,387734
2021-09-10,43.36,44.6,42.78,43.2,393119
2021-09-13,43.45,45.29,42.55,43.89,375238
2021-09-14,44.41,44.41,41.79,41.93,336353
2021-09-15,41.95,42.26,40.64,41.44,182048
2021-09-16,40.95,41.3,40.5,40.79,140967
2021-09-17,40.78,41.86,40.69,41.71,126129
2021-09-22,41.02,41.66,40.37,40.65,116470
2021-09-23,40.87,41.76,40.66,41.39,146585
2021-09-24,41.4,41.95,41.01,41.61,128299
2021-09-27,41.37,42.96,41.33,41.89,165620
2021-09-28,42.26,42.49,40.96,42.26,136415
2021-09-29,41.87,42.1,40.33,41.68,158035
2021-09-30,41.68,44.39,41.33,43.62,201783
2021-10-08,43.68,44.95,43.42,44.76,166173
2021-10-11,44.31,44.75,43.17,43.22,143064
2021-10-12,43.26,43.79,42.56,43.26,107047
2021-10-13,43.18,44.01,42.24,43.76,99083
2021-10-14,42.74,44.09,42.74,43.49,71804
2021-10-15,43.41,44.48,43.11,44.27,151694
2021-10-18,44.24,44.56,42.69,43.49,109828
2021-10-19,43.52,47.88,43.25,45.15,429296
2021-10-20,45.15,45.62,43.95,44.06,181891
2021-10-21,44.06,44.71,43.32,43.49,103241
2021-10-22,43.65,44.83,43.5,44.2,118005
2021-10-25,44.25,46.16,43.85,45.76,152231
2021-10-26,45.52,47.09,45.5,46.37,170720
2021-10-27,46.18,47.06,45.26,46.69,129617
2021-10-28,46.49,47.2,45.72,46.22,165147
2021-10-29,45.87,48.28,45.72,48.02,317294
2021-11-01,48.37,48.39,46.66,47.45,169923
2021-11-02,47.63,48.12,46.78,47.44,110000
2021-11-03,47.26,47.86,47.14,47.26,69681
2021-11-04,47.12,48.59,46.87,48.49,132236
2021-11-05,48.41,49.65,48.06,48.34,143907
2021-11-08,48.65,49.16,47.11,47.38,114959
2021-11-09,46.79,46.79,44.78,46.55,185773
2021-11-10,46.38,47.16,45.42,45.79,106214
2021-11-11,45.64,47.39,45.16,47.25,125509
2021-11-12,47.22,49.13,47.22,48.04,136912
2021-11-15,48.3,49.02,47.16,48.33,113668
2021-11-16,48.33,48.78,47.01,47.33,92749
2021-11-17,47.01,47.78,46.92,47.15,66157
2021-11-18,46.72,46.89,44.46,44.78,187519
2021-11-19,44.67,45.14,44.41,44.64,83135
2021-11-22,44.6,44.92,43.8,44.1,172270
2021-11-23,44.18,45.22,43.86,44.84,148039
2021-11-24,45.26,45.41,43.87,44.05,107912
2021-11-25,44.41,44.41,43.1,43.41,95861
2021-11-26,43.41,43.95,42.69,43.52,78484
2021-11-29,43.33,44.63,43.27,44.42,143332
2021-11-30,44.56,45.24,44.18,44.49,99686
2021-12-01,44.52,45.32,44.33,44.6,86422
2021-12-02,44.54,44.79,43.92,44.06,84003
2021-12-03,44.26,45.06,44.18,44.76,85812
2021-12-06,44.76,45.69,44.59,44.82,108363
2021-12-07,45.26,45.93,45.02,45.72,132180
2021-12-08,45.7,47.16,45.37,46.69,132928
2021-12-09,46.49,48.86,46.49,47.83,188569
2021-12-10,47.77,47.77,46.55,47.29,113039
2021-12-13,47.64,49.56,47.38,47.96,157655
2021-12-14,47.84,48.33,47.61,48.33,96250
2021-12-15,48.45,48.49,47.64,47.71,94995
2021-12-16,48.33,48.33,47.26,47.98,69641
2021-12-17,48.02,48.34,47.49,47.78,68697
2021-12-20,47.78,48.47,47.26,47.49,89369
2021-12-21,47.75,48.95,47.31,48.92,162015
2021-12-22,49.02,49.47,48.42,48.48,133631
2021-12-23,48.48,49.6,48.48,48.8,141846
2021-12-24,48.76,48.81,47.89,48.56,97052
2021-12-27,48.59,48.72,47.25,47.56,74604
2021-12-28,47.95,48.76,47.64,48.42,76960
2021-12-29,48.42,48.64,47.03,47.56,70468
2021-12-30,47.52,48.1,46.6,47.1,103615
2021-12-31,47.26,47.76,46.89,47.37,80659
2022-01-04,47.42,48.02,46.56,47.62,106763
2022-01-05,47.93,48.71,47.65,47.87,97428
2022-01-06,47.8,47.8,45.26,45.45,147758
2022-01-07,45.48,45.87,44.75,44.79,108660
2022-01-10,44.72,45.34,44.56,44.93,79472
2022-01-11,44.83,45.18,44.1,44.12,67016
2022-01-12,44.33,45.05,44.1,44.95,88375
2022-01-13,45.06,45.61,44.49,44.56,70266
2022-01-14,44.29,44.94,43.79,43.89,87033
2022-01-17,44.16,44.79,43.5,44.52,117823
2022-01-18,44.64,45.87,44.22,45.6,197846
2022-01-19,45.19,45.91,45.02,45.66,92581
2022-01-20,45.96,46.17,45.33,45.87,84732
2022-01-21,45.95,47.38,45.87,46.06,124440
2022-01-24,46.32,47.02,46.22,46.66,79998
2022-01-25,46.49,46.72,44.64,44.68,101508
2022-01-26,44.79,45.99,44.49,45.25,75171
2022-01-27,45.33,47.64,44.96,45.56,227022
2022-01-28,45.77,47.1,44.57,44.62,138633
2022-02-07,45.2,45.56,44.02,44.42,97729
2022-02-08,44.26,44.41,41.88,44.22,148803
2022-02-09,44.55,45.37,43.72,45.01,86113
2022-02-10,44.78,44.95,42.84,43.0,133906
2022-02-11,42.84,43.24,40.68,40.86,177649
2022-02-14,40.37,40.89,39.49,39.73,132406
2022-02-15,39.94,41.83,39.87,41.71,100930
2022-02-16,41.86,42.06,41.16,41.33,52895
2022-02-17,41.15,41.4,40.78,40.92,68416
2022-02-18,40.86,41.1,40.24,40.71,98816
2022-02-21,40.72,41.1,40.22,40.5,119879
2022-02-22,40.2,40.2,39.02,39.4,152785
2022-02-23,39.47,40.45,38.99,40.33,177425
2022-02-24,39.99,40.05,38.02,38.85,176658
2022-02-25,39.05,39.79,39.02,39.77,122233
2022-02-28,40.04,40.24,39.18,39.75,69369
2022-03-01,39.75,39.94,39.45,39.69,62295
2022-03-02,39.41,39.72,39.05,39.11,69999
2022-03-03,39.21,39.43,38.56,38.97,85235
2022-03-04,38.6,38.92,38.02,38.26,122823
2022-03-07,38.16,38.16,36.86,37.52,123366
2022-03-08,37.59,38.4,36.61,37.1,131327
2022-03-09,37.46,37.55,34.41,36.49,177149
2022-03-10,37.09,37.53,35.41,35.48,155634
2022-03-11,34.95,36.13,34.39,36.05,145907
2022-03-14,35.68,35.97,34.47,34.47,159821
2022-03-15,34.33,35.33,33.03,33.33,185200
2022-03-16,34.02,34.32,32.38,34.19,185248
2022-03-17,35.18,36.16,34.82,35.42,187880
2022-03-18,35.39,35.68,34.69,35.18,100251
2022-03-21,35.44,35.95,34.79,35.18,83648
2022-03-22,35.18,35.99,34.82,35.66,94285
2022-03-23,35.68,36.02,35.34,35.46,70623
2022-03-24,35.25,35.56,34.96,35.26,42902
2022-03-25,35.49,35.82,34.69,34.73,69347
2022-03-28,34.18,34.49,33.6,34.12,92049
2022-03-29,34.4,34.52,33.78,33.83,58808
2022-03-30,34.18,35.56,34.08,35.45,98564
2022-03-31,35.45,35.45,33.49,33.76,206112
2022-04-01,33.49,33.89,32.56,32.66,257113
2022-04-06,32.68,33.22,32.12,32.29,152851
2022-04-07,32.49,32.75,31.88,31.91,136627
2022-04-08,31.51,32.16,31.23,31.48,99476
2022-04-11,31.36,31.45,29.98,30.06,158031
2022-04-12,30.12,30.38,29.29,30.33,167723
2022-04-13,30.03,30.21,29.37,29.5,131689
2022-04-14,29.72,29.91,29.34,29.81,154118
2022-04-15,29.49,29.64,28.87,29.02,137112
2022-04-18,28.95,29.49,28.53,29.36,105286
2022-04-19,29.54,29.62,28.64,28.91,125625
2022-04-20,29.02,29.24,28.42,28.47,115596
2022-04-21,27.81,28.62,27.29,27.49,180283
2022-04-22,27.32,27.52,26.39,26.86,217170
2022-04-25,26.32,26.54,25.35,25.35,270183
2022-04-26,25.33,25.62,24.2,24.21,212261
2022-04-27,24.21,26.67,24.06,26.49,338860
2022-04-28,26.01,27.24,25.91,26.19,256526
2022-04-29,26.33,28.86,25.7,28.86,345158
2022-05-05,28.41,28.49,27.37,27.7,327216
2022-05-06,27.18,28.31,26.72,27.47,185349
2022-05-09,27.41,28.09,27.26,27.54,114304
2022-05-10,27.27,28.29,27.11,27.99,184683
2022-05-11,27.95,29.42,27.87,28.73,216439
2022-05-12,28.66,28.88,28.34,28.53,79654
2022-05-13,28.7,28.97,28.18,28.45,73792
2022-05-16,28.62,29.0,28.08,28.32,76063
2022-05-17,28.21,28.5,27.91,28.29,64735
2022-05-18,28.46,28.58,28.12,28.22,77818
2022-05-19,27.65,27.96,27.39,27.82,70343
2022-05-20,27.81,28.43,27.69,28.09,122708
2022-05-23,28.27,28.41,27.53,27.88,93888
2022-05-24,27.95,27.95,26.33,26.33,121359
2022-05-25,26.09,26.74,26.04,26.49,108209
2022-05-26,26.64,27.56,25.76,27.4,141796
2022-05-27,27.91,28.17,27.27,27.37,108698
2022-05-30,27.49,28.48,26.96,28.33,145028
2022-05-31,28.36,30.67,28.09,30.41,303724
2022-06-01,30.29,30.59,29.6,29.87,198797
2022-06-02,29.86,30.86,29.32,30.55,228511
2022-06-06,30.49,32.26,30.26,32.02,268419
2022-06-07,32.02,33.59,31.26,32.83,244205
2022-06-08,32.82,33.02,31.79,32.52,134376
2022-06-09,32.52,33.13,31.29,31.4,174911
2022-06-10,31.09,32.82,30.79,32.56,176068
2022-06-13,32.22,32.52,31.74,31.89,103570
2022-06-14,31.1,32.12,30.59,32.01,141199
2022-06-15,32.02,35.18,32.02,33.3,351414
2022-06-16,33.58,33.58,31.54,31.69,257260
2022-06-17,31.26,32.49,31.11,32.47,175769
2022-06-20,32.55,33.18,32.05,32.48,161813
2022-06-21,32.64,34.68,32.13,34.33,274932
2022-06-22,34.11,34.22,32.72,32.77,193711
2022-06-23,32.72,34.6,32.41,34.19,243733
2022-06-24,34.26,34.68,33.64,34.37,163811
2022-06-27,34.49,35.7,34.29,34.71,188520
2022-06-28,34.69,34.95,33.71,34.72,109683
2022-06-29,34.73,34.92,33.39,33.62,194442
2022-06-30,33.62,33.95,32.77,33.06,166279
2022-07-01,33.18,33.39,32.43,32.64,89374
2022-07-04,32.99,35.33,32.78,34.96,244325
2022-07-05,34.79,35.37,33.69,34.25,127745
2022-07-06,34.25,34.91,33.3,33.8,125076
2022-07-07,33.78,34.06,32.86,33.1,106813
2022-07-08,33.26,33.79,33.1,33.18,77584
2022-07-11,32.95,33.07,31.49,31.73,161613
2022-07-12,31.74,32.06,30.72,30.86,133011
2022-07-13,31.05,31.47,30.86,30.99,79294
2022-07-14,30.99,32.08,30.87,31.59,97009
2022-07-15,30.83,31.22,28.99,29.34,311574
2022-07-18,29.34,31.48,29.33,31.26,196341
2022-07-19,31.16,31.48,30.62,30.92,84321
2022-07-20,31.26,31.62,30.68,31.41,98357
2022-07-21,31.27,31.87,31.1,31.11,99138
2022-07-22,31.26,31.63,30.74,31.23,116432
2022-07-25,31.39,31.44,30.59,31.26,84083
2022-07-26,31.22,32.13,31.19,31.95,113990
2022-07-27,31.86,32.58,31.76,32.35,101066
2022-07-28,32.52,33.08,32.14,32.42,116643
2022-07-29,32.42,32.92,32.12,32.22,103541
2022-08-01,32.1,32.18,31.33,32.06,90814
2022-08-02,31.78,31.78,30.43,31.17,101842
2022-08-03,31.41,31.86,31.06,31.18,88286
2022-08-04,31.62,32.21,31.22,31.42,67423
2022-08-05,31.67,34.02,31.56,33.77,187165
2022-08-08,33.87,34.0,33.09,33.35,83697
2022-08-09,33.03,33.3,32.28,32.68,80286
2022-08-10,32.64,32.68,31.52,31.81,87106
2022-08-11,32.01,33.33,31.86,33.15,107867
2022-08-12,33.02,33.36,32.58,32.89,57901
2022-08-15,33.04,33.1,32.13,32.34,65879
2022-08-16,32.57,32.59,30.89,31.16,182976
2022-08-17,31.18,31.66,30.89,31.45,91243
2022-08-18,31.93,32.08,30.84,30.92,90051
2022-08-19,30.66,31.7,30.54,30.86,86235
2022-08-22,30.64,31.44,30.55,30.81,120602
2022-08-23,30.83,31.52,30.66,30.97,85268
2022-08-24,31.08,31.37,29.7,29.95,101296
2022-08-25,30.04,30.29,29.4,30.11,75127
2022-08-26,30.3,32.72,30.14,32.08,322445
2022-08-29,31.63,32.97,31.34,32.34,185504
2022-08-30,32.24,33.21,32.15,32.97,157072
2022-08-31,32.69,33.8,32.64,33.28,169785
2022-09-01,33.39,34.92,32.85,34.14,189721
2022-09-02,34.14,34.39,33.65,34.01,91981
2022-09-05,33.84,34.11,33.02,33.37,134083
2022-09-06,33.61,33.62,33.0,33.3,77779
2022-09-07,33.19,33.33,32.8,33.23,96410
2022-09-08,33.25,34.29,33.04,33.63,98484
2022-09-09,33.6,35.14,33.14,34.94,174599
2022-09-13,35.22,36.19,34.65,35.79,172314
2022-09-14,35.42,36.2,35.14,35.94,158009
2022-09-15,35.9,36.22,35.07,35.35,119621
2022-09-16,35.44,35.94,33.52,33.63,352262
2022-09-19,33.78,34.02,33.06,33.33,152996
2022-09-20,33.33,33.74,32.11,32.41,128915
2022-09-21,32.3,32.99,31.39,32.38,114324
2022-09-22,32.07,32.78,31.86,32.44,71269
2022-09-23,32.45,33.0,31.84,32.16,76432
2022-09-26,32.1,32.94,31.5,31.68,107828
2022-09-27,31.95,33.54,31.68,33.31,136166
2022-09-28,33.24,33.6,32.56,33.15,85975
2022-09-29,33.51,34.29,32.95,33.16,118994
2022-09-30,33.43,34.38,33.24,33.53,101961
2022-10-10,33.53,33.92,32.97,33.1,87162
2022-10-11,33.44,33.49,31.78,32.08,114250
2022-10-12,32.04,33.16,31.1,33.05,127448
2022-10-13,32.88,34.64,32.65,33.95,155020
2022-10-14,34.13,35.12,33.84,34.69,107610
2022-10-17,34.65,35.31,34.53,35.02,101086
2022-10-18,35.0,35.36,33.66,33.93,105860
2022-10-19,33.93,34.38,33.44,34.07,90834
2022-10-20,33.86,34.8,33.66,34.59,133198
2022-10-21,34.85,35.02,33.7,33.91,106814
2022-10-24,33.64,34.63,32.89,33.35,197874
2022-10-25,33.63,33.63,31.17,31.68,235610
2022-10-26,31.62,33.87,31.5,33.62,225884
2022-10-27,34.84,37.02,34.84,37.02,367863
2022-10-28,37.02,38.94,36.54,38.09,623133
2022-10-31,37.64,41.93,36.88,41.32,548589
2022-11-01,41.27,42.79,39.6,41.56,378715
2022-11-02,41.29,41.79,40.25,40.44,321498
2022-11-03,39.67,40.83,37.45,38.32,446756
2022-11-04,38.31,40.54,38.14,40.12,347880
2022-11-07,39.34,40.97,38.82,39.25,270345
2022-11-08,39.3,40.23,38.44,40.09,191296
2022-11-09,39.66,40.07,39.14,39.29,136424
2022-11-10,39.2,40.79,38.94,40.03,190068
2022-11-11,41.64,43.14,39.95,40.74,276048
2022-11-14,41.62,41.74,40.14,41.17,189023
2022-11-15,40.58,43.59,40.58,42.74,283242
2022-11-16,42.69,43.61,41.92,42.43,124169
2022-11-17,42.44,43.31,41.86,42.84,174616
2022-11-18,42.85,44.74,42.84,43.32,207736
2022-11-21,43.16,43.65,41.44,42.02,175479
2022-11-22,41.99,42.71,41.24,41.93,109270
2022-11-23,41.75,42.52,41.55,42.3,119774
2022-11-24,42.34,42.58,40.42,40.59,165689
2022-11-25,40.67,40.88,39.67,40.09,199861
2022-11-28,39.64,40.36,39.14,39.58,151202
2022-11-29,39.68,40.22,38.95,39.74,153463
2022-11-30,39.54,40.19,39.12,39.6,118962
2022-12-01,40.14,40.89,39.58,40.54,163277
2022-12-02,40.09,41.14,39.68,39.74,149368
2022-12-05,40.14,40.77,39.54,39.94,135536
2022-12-06,39.84,40.31,39.44,39.61,115028
2022-12-07,39.66,39.99,39.17,39.35,113146
2022-12-08,39.36,39.54,38.56,39.26,118173
2022-12-09,39.25,39.64,38.44,39.14,219333
2022-12-12,39.09,40.14,38.91,39.58,168160
2022-12-13,39.43,39.94,38.4,38.43,118468
2022-12-14,38.45,38.93,38.04,38.54,84870
2022-12-15,38.53,38.84,38.15,38.43,76721
2022-12-16,38.32,38.36,37.54,38.03,132602
2022-12-19,38.01,38.42,37.14,38.14,67495
2022-12-20,37.64,37.94,36.08,36.43,160930
2022-12-21,36.71,37.4,36.24,36.5,80346
2022-12-22,36.77,37.87,36.54,37.31,115010
2022-12-23,37.3,38.84,37.11,38.14,138332
2022-12-26,38.13,39.55,38.13,39.23,118840
2022-12-27,39.36,39.61,38.75,39.38,79882
2022-12-28,39.47,39.83,38.76,38.95,97620
2022-12-29,38.99,40.14,38.54,40.01,126678
2022-12-30,39.95,40.82,39.84,40.1,93064
2023-01-03,39.99,41.81,39.75,41.54,188785
2023-01-04,41.71,42.69,41.01,42.4,257842
2023-01-05,41.96,42.38,41.34,41.73,99206
2023-01-06,42.07,43.64,41.34,41.85,218465
2023-01-09,41.22,42.75,40.54,42.17,191544
2023-01-10,42.23,43.42,41.77,42.62,137950
2023-01-11,42.59,42.59,41.34,41.62,168145
2023-01-12,41.55,42.08,41.04,41.72,127882
2023-01-13,41.88,42.01,41.25,41.85,79005
2023-01-16,42.13,44.06,41.85,43.64,240107
2023-01-17,43.41,44.13,43.2,43.63,108525
2023-01-18,43.64,46.36,43.56,45.64,237826
2023-01-19,45.64,46.41,45.18,46.03,158647
2023-01-20,45.89,46.61,45.39,45.85,114014
2023-01-30,46.64,47.99,45.64,45.93,182078
2023-01-31,46.33,47.29,45.72,46.86,197319
2023-02-01,46.85,47.74,46.6,47.42,193598
2023-02-02,49.44,50.04,45.99,46.86,523178
2023-02-03,47.06,47.86,46.53,47.48,252948
2023-02-06,47.29,47.64,46.48,47.01,151822
2023-02-07,46.76,46.94,45.54,46.3,213009
2023-02-08,46.54,47.64,46.09,47.44,140765
2023-02-09,47.43,47.43,46.04,46.92,198446
2023-02-10,46.7,46.71,45.46,46.04,193934
2023-02-13,45.82,46.89,45.82,46.0,204557
2023-02-14,46.09,46.41,45.56,46.0,132790
2023-02-15,45.94,46.51,45.79,45.95,99245
2023-02-16,45.95,46.14,44.64,45.07,192101
2023-02-17,44.84,45.19,43.57,43.61,200409
2023-02-20,44.14,44.59,43.69,44.4,108991
2023-02-21,44.42,45.71,43.95,44.94,207585
2023-02-22,44.52,44.63,43.58,44.19,171763
2023-02-23,44.0,44.44,43.42,43.84,93827
2023-02-24,43.74,44.74,43.74,44.15,149651
2023-02-27,43.55,45.63,43.54,43.96,162185
2023-02-28,44.15,44.94,43.52,44.04,171308
2023-03-01,44.04,45.02,43.75,44.92,156280
2023-03-02,44.66,45.75,44.31,45.01,118735
2023-03-03,44.99,45.38,44.5,45.13,103870
2023-03-06,45.54,46.19,44.92,45.85,136622
2023-03-07,45.76,45.76,43.64,43.72,182142
2023-03-08,43.73,44.58,43.65,44.41,116872
2023-03-09,44.09,45.43,43.4,45.23,145396
2023-03-10,45.06,45.48,44.74,44.91,92411
2023-03-13,44.74,47.22,44.14,46.63,231144
2023-03-14,46.63,46.71,45.71,46.1,103446
2023-03-15,46.44,47.24,45.58,45.73,113505
2023-03-16,45.34,45.73,44.57,44.8,112816
2023-03-17,45.3,47.63,45.3,46.89,230457
2023-03-20,46.69,47.39,44.72,44.83,177169
2023-03-21,45.22,45.75,44.44,44.96,137402
2023-03-22,45.32,45.32,44.22,44.54,170005
2023-03-23,44.24,45.66,43.15,45.57,243316
2023-03-24,45.51,47.14,44.98,47.04,295970
2023-03-27,46.84,51.78,46.84,50.24,664685
2023-03-28,49.51,49.76,48.04,48.64,288055
2023-03-29,49.25,49.78,47.89,48.57,222491
2023-03-30,48.24,48.72,47.33,48.02,156615
2023-03-31,47.85,52.86,47.14,52.86,522448
2023-04-03,53.64,57.82,53.52,57.21,839718
2023-04-04,58.36,58.74,55.33,56.85,593371
2023-04-06,54.45,54.84,51.23,52.45,636754
2023-04-07,52.34,54.03,51.25,52.84,346600
2023-04-10,52.84,53.1,48.4,48.64,582942
2023-04-11,48.64,49.58,48.06,48.82,365347
2023-04-12,48.96,51.17,48.84,50.24,397818
2023-04-13,50.64,52.94,50.24,50.51,494122
2023-04-14,50.32,50.86,49.18,50.14,206860
2023-04-17,50.03,50.63,48.9,49.73,212811
2023-04-18,49.64,50.78,49.17,49.65,223158
2023-04-19,49.64,52.05,49.41,50.75,332002
2023-04-20,51.02,52.52,47.85,49.7,507603
2023-04-21,49.71,51.09,48.54,48.8,297419
2023-04-24,48.52,48.94,46.54,47.08,261106
2023-04-25,46.89,47.82,45.91,46.34,285752
2023-04-26,46.74,47.19,45.04,45.24,234639
2023-04-27,44.75,46.02,44.19,45.63,218268
2023-04-28,46.24,49.26,46.24,49.04,411862
2023-05-04,49.25,49.25,45.77,46.44,312887
2023-05-05,46.1,47.69,45.83,46.86,212173
2023-05-08,46.86,47.11,45.36,46.5,244460
2023-05-09,46.14,48.02,45.76,46.08,214088
2023-05-10,45.64,46.84,45.53,45.89,138715
2023-05-11,45.9,46.21,44.92,44.94,159473
2023-05-12,44.65,45.07,44.39,44.53,123797
2023-05-15,44.53,44.55,42.64,43.78,263997
2023-05-16,43.94,44.03,41.8,42.09,325043
2023-05-17,41.95,42.98,41.84,42.2,169918
2023-05-18,42.52,43.51,42.33,42.71,177076
2023-05-19,42.64,42.77,41.77,42.42,149790
2023-05-22,42.28,42.73,41.71,42.59,149163
2023-05-23,42.58,42.89,41.94,42.14,92844
2023-05-24,42.05,42.16,41.44,41.7,109263
2023-05-25,41.6,41.93,40.61,41.22,162900
2023-05-26,41.23,41.96,40.84,41.77,105932
2023-05-29,42.22,42.52,41.56,41.98,127710
2023-05-30,41.98,42.1,40.78,41.94,238355
2023-05-31,41.73,42.32,41.56,42.12,118796
2023-06-01,41.74,44.19,41.45,43.57,312399
2023-06-02,43.52,43.74,42.78,43.38,201176
2023-06-05,43.5,43.88,42.95,43.25,124425
2023-06-06,43.14,43.34,41.9,42.16,129377
2023-06-07,42.03,43.23,41.84,42.63,100214
2023-06-08,42.52,42.64,41.37,41.92,149765
2023-06-09,42.18,42.41,40.74,41.44,219129
2023-06-12,41.37,41.6,40.12,40.35,251865
2023-06-13,40.59,42.62,39.69,42.28,277074
2023-06-14,42.45,44.24,42.45,43.54,267118
2023-06-15,43.54,43.74,42.67,43.36,179841
2023-06-16,43.29,44.57,42.71,44.28,226922
2023-06-19,44.96,46.41,44.52,45.96,424819
2023-06-20,46.78,50.58,46.45,50.58,811736
2023-06-21,49.48,50.85,49.01,49.17,569656
2023-06-26,48.27,48.44,44.64,45.0,488899
2023-06-27,44.88,45.92,44.03,44.65,377188
2023-06-28,45.57,45.57,42.66,44.17,372542
2023-06-29,44.83,45.93,43.37,45.07,369226
2023-06-30,44.62,44.92,43.54,44.06,250044
2023-07-03,44.53,45.07,42.85,44.24,272616
2023-07-04,43.91,44.37,43.64,43.92,210078
2023-07-05,43.91,44.27,42.75,42.77,199016
2023-07-06,42.28,42.77,41.89,42.12,218082
2023-07-07,41.94,42.09,40.78,41.34,219495
2023-07-10,42.22,42.52,39.88,40.18,433172
2023-07-11,40.21,40.21,36.14,36.99,933152
2023-07-12,37.27,37.71,36.14,36.24,422500
2023-07-13,36.65,36.7,35.95,36.43,386790
2023-07-14,37.16,38.45,36.77,37.47,491695
2023-07-17,37.77,38.46,37.47,38.09,331790
2023-07-18,37.87,38.16,37.37,37.52,257669
2023-07-19,37.88,38.12,37.29,37.51,209938
2023-07-20,37.51,37.56,36.47,36.55,250361
2023-07-21,36.27,36.7,36.07,36.22,157375
2023-07-24,36.23,36.65,35.99,36.41,145045
2023-07-25,37.39,38.52,37.15,38.16,471918
2023-07-26,37.78,37.87,37.14,37.43,221673
2023-07-27,37.41,37.47,36.47,36.75,263091
2023-07-28,36.56,39.87,36.37,39.66,663844
2023-07-31,40.26,41.18,39.75,40.89,605751
2023-08-01,40.31,41.17,40.07,40.59,240284
2023-08-02,40.41,41.56,40.28,40.68,227432
2023-08-03,40.38,41.43,40.17,41.15,267346
2023-08-04,42.17,43.05,41.27,41.31,703925
2023-08-07,40.77,41.57,40.45,41.17,315186
2023-08-08,40.89,41.23,40.47,40.62,220446
2023-08-09,40.57,41.13,40.23,40.29,156117
2023-08-10,40.29,40.76,39.67,40.64,206218
2023-08-11,41.06,41.06,39.16,39.19,283263
2023-08-14,38.17,39.17,38.02,38.82,241381
2023-08-15,38.66,38.95,38.15,38.7,179118
2023-08-16,38.35,39.0,37.73,37.98,186486
2023-08-17,37.78,37.96,37.32,37.77,179990
2023-08-18,37.68,38.22,36.97,37.0,165750
2023-08-21,36.85,37.32,36.14,36.56,171362
2023-08-22,36.65,37.02,35.66,36.48,250407
2023-08-23,36.32,36.37,34.84,34.88,300211
2023-08-24,35.16,35.75,34.62,35.08,229203
2023-08-25,34.82,35.05,33.67,33.93,253344
2023-08-28,37.35,37.35,35.15,35.24,509904
2023-08-29,35.12,35.97,34.68,35.45,387582
2023-08-30,35.5,36.11,35.33,35.75,264222
2023-08-31,35.76,36.35,35.52,35.77,232424
2023-09-01,35.81,36.47,35.7,35.94,175237
2023-09-04,36.12,36.17,35.27,36.0,222384
2023-09-05,35.83,35.9,35.21,35.21,198028
2023-09-06,34.97,35.07,34.59,34.9,151902
2023-09-07,34.94,34.94,33.86,34.0,188962
2023-09-08,33.8,34.07,33.35,33.75,120306
2023-09-11,33.77,34.32,33.47,33.95,219725
2023-09-12,33.75,33.87,33.37,33.38,169777
2023-09-13,33.37,33.44,32.27,32.66,214186
2023-09-14,32.85,32.87,31.78,32.01,170391
2023-09-15,32.07,32.47,31.67,31.87,198231
2023-09-18,32.12,32.87,31.95,32.45,231272
2023-09-19,32.49,32.62,31.71,31.81,173269
2023-09-20,31.81,32.6,31.77,31.83,153565
2023-09-21,31.77,32.19,31.5,31.92,150468
2023-09-22,31.77,32.7,31.7,32.59,274619
2023-09-25,32.72,32.75,31.92,32.2,218857
2023-09-26,32.21,32.85,32.08,32.38,178988
2023-09-27,32.18,32.53,32.03,32.25,152540
2023-09-28,32.31,32.36,31.95,32.22,151141
2023-10-09,32.15,32.16,31.58,31.7,190700
2023-10-10,31.74,32.39,31.58,31.59,223870
2023-10-11,31.83,32.66,31.48,32.2,279021
2023-10-12,32.85,32.87,31.95,32.13,225082
2023-10-13,31.87,31.88,31.16,31.58,230238
2023-10-16,31.55,31.55,30.76,30.88,171854
2023-10-17,31.06,31.49,30.87,31.26,152927
2023-10-18,30.91,31.03,30.17,30.7,184740
2023-10-19,30.36,30.98,30.25,30.28,172472
2023-10-20,30.17,30.35,29.54,29.69,194088
2023-10-23,29.57,30.07,29.23,29.57,173440
2023-10-24,29.57,30.7,29.19,30.47,326883
2023-10-25,30.72,31.31,30.42,30.63,258063
2023-10-26,30.48,30.76,29.97,30.33,194756
2023-10-27,30.44,31.03,29.67,30.9,314411
2023-10-30,30.63,31.77,30.57,31.45,299334
2023-10-31,31.58,31.64,30.61,30.89,217964
2023-11-01,31.2,31.22,30.52,30.57,170181
2023-11-02,30.63,30.99,30.06,30.07,162245
2023-11-03,30.18,31.27,30.09,31.07,279204
2023-11-06,31.5,32.53,31.42,32.32,398202
2023-11-07,32.23,32.55,31.92,32.41,222457
2023-11-08,32.45,33.01,32.09,32.53,253519
2023-11-09,32.46,32.65,32.17,32.4,156689
2023-11-10,32.28,32.6,32.0,32.37,193369
2023-11-13,33.1,33.84,32.77,33.19,363051
2023-11-14,33.08,33.85,32.88,33.57,274540
2023-11-15,33.98,34.11,33.21,33.27,240490
2023-11-16,33.12,33.54,32.89,32.92,157533
2023-11-17,32.67,33.18,32.12,32.27,300805
2023-11-20,32.27,32.87,31.87,32.53,237760
2023-11-21,32.65,32.81,32.09,32.22,160027
2023-11-22,32.07,32.43,31.65,31.73,140843
2023-11-23,31.59,31.75,30.98,31.61,165211
2023-11-24,31.62,31.62,30.84,30.9,151318
2023-11-27,30.82,30.96,30.38,30.57,127432
2023-11-28,30.56,30.8,30.29,30.61,113086
2023-11-29,30.61,30.75,30.07,30.12,133961
2023-11-30,30.08,30.27,29.61,29.8,133599
2023-12-01,29.79,30.69,29.71,30.53,186780
2023-12-04,30.38,30.63,30.18,30.35,170717
2023-12-05,30.26,30.27,29.16,29.16,238848
2023-12-06,29.17,29.27,28.5,28.91,256413
2023-12-07,28.87,29.14,28.47,28.91,200658
2023-12-08,28.84,29.51,28.81,29.23,223224
2023-12-11,29.15,30.16,28.65,29.98,273567
2023-12-12,29.94,30.01,29.33,29.49,223229
2023-12-13,29.55,29.93,29.1,29.11,235863
2023-12-14,29.37,29.64,28.92,28.94,155482
2023-12-15,29.09,29.13,28.48,28.54,185556
2023-12-18,28.32,28.95,28.07,28.26,160454
2023-12-19,28.25,28.58,28.04,28.43,150101
2023-12-20,28.32,28.39,27.17,27.18,306143
2023-12-21,27.02,27.9,26.88,27.77,278352
2023-12-22,27.71,27.9,27.25,27.44,214531
2023-12-25,27.43,27.77,27.1,27.22,171085
2023-12-26,27.13,27.34,26.61,26.77,136353
2023-12-27,26.8,26.97,26.44,26.8,200169
2023-12-28,26.71,28.65,26.35,28.34,397239
2023-12-29,28.32,28.82,28.18,28.53,246187
2024-01-02,28.92,28.97,27.91,27.95,221371
2024-01-03,27.94,27.94,26.48,27.01,366391
2024-01-04,26.78,26.82,25.47,25.75,485268
2024-01-05,25.74,26.06,25.39,25.61,247274
2024-01-08,25.37,25.53,24.75,24.79,278548
2024-01-09,24.89,25.25,24.47,24.76,217169
2024-01-10,24.67,24.87,24.2,24.46,191851
2024-01-11,24.37,24.89,24.37,24.79,239279
2024-01-12,24.65,24.84,24.47,24.56,187041
2024-01-15,24.42,24.76,24.21,24.37,174721
2024-01-16,24.26,24.45,23.91,24.44,206706
2024-01-17,24.3,24.32,23.67,23.67,207593
2024-01-18,23.47,24.38,23.23,24.28,311407
2024-01-19,24.16,24.26,23.86,23.93,172900
2024-01-22,23.82,24.04,22.77,22.97,263229
2024-01-23,22.97,23.83,22.83,23.67,261311
2024-01-24,24.06,24.52,22.98,24.27,352420
2024-01-25,24.07,24.63,23.64,24.45,414441
2024-01-26,24.26,24.5,23.97,24.06,260570
2024-01-29,24.07,24.07,22.42,22.48,570455
2024-01-30,22.31,22.73,21.71,21.74,304765
2024-01-31,21.69,21.87,20.56,20.81,444422
2024-02-01,20.74,21.43,20.42,20.8,362124
2024-02-02,20.9,21.19,19.1,19.82,446171
2024-02-05,19.7,19.81,18.37,19.07,480875
2024-02-06,18.97,20.53,18.8,20.41,483398
2024-02-07,20.41,21.13,20.35,20.67,465557
2024-02-08,20.85,21.56,20.75,21.52,466094
2024-02-19,22.01,22.21,21.37,22.04,446850
2024-02-20,21.82,21.9,21.53,21.84,270266
2024-02-21,21.67,23.22,21.53,22.41,479616
2024-02-22,22.45,23.03,22.37,22.94,359502
2024-02-23,22.97,23.08,22.67,23.03,322681
2024-02-26,23.0,23.43,22.76,23.04,319234
2024-02-27,22.88,24.15,22.85,24.15,514056
2024-02-28,24.29,25.01,23.07,23.07,656755
2024-02-29,22.83,24.4,22.83,24.19,481399
2024-03-01,24.17,25.17,24.02,25.0,631156
2024-03-04,25.27,25.32,24.33,24.56,468590
2024-03-05,24.38,24.5,23.84,24.1,391527
2024-03-06,23.92,24.24,23.41,23.88,343300
2024-03-07,24.0,24.06,23.0,23.02,363598
2024-03-08,23.02,24.14,22.75,23.79,377909
2024-03-11,23.52,24.03,23.22,24.02,354228
2024-03-12,24.02,24.31,23.87,24.27,364163
2024-03-13,24.3,24.67,24.09,24.21,420409
2024-03-14,24.18,24.18,23.45,23.88,381672
2024-03-15,23.75,23.92,23.23,23.85,318536
2024-03-18,23.81,24.75,23.79,24.75,508061
2024-03-19,24.72,24.83,24.38,24.41,311532
2024-03-20,24.41,24.97,24.34,24.73,390984
2024-03-21,24.95,26.07,24.92,25.2,757619
2024-03-22,25.12,25.17,24.19,24.64,534863
2024-03-25,24.94,25.03,23.65,23.7,415082
2024-03-26,23.57,23.8,22.96,23.2,327206
2024-03-27,23.12,23.17,21.79,21.85,389174
2024-03-28,21.77,22.7,21.68,22.51,329557
2024-03-29,22.51,22.51,21.97,22.33,217141
2024-04-01,22.52,23.05,22.48,23.04,272310
2024-04-02,22.97,22.99,22.55,22.69,231767
2024-04-03,22.63,22.85,21.97,22.0,399721
2024-04-08,21.77,21.84,21.13,21.14,395269
2024-04-09,21.27,21.45,21.03,21.29,208857
2024-04-10,21.22,21.23,20.47,20.63,266833
2024-04-11,20.51,20.97,20.45,20.64,215387
2024-04-12,20.64,20.83,20.23,20.29,200133
2024-04-15,20.38,21.15,20.13,20.79,329643
2024-04-16,20.75,21.15,20.17,20.23,264631
2024-04-17,20.36,20.87,20.36,20.8,291921
2024-04-18,20.67,21.32,20.37,20.76,339345
2024-04-19,20.55,20.6,19.99,20.08,315283
2024-04-22,19.77,20.52,19.5,20.34,300021
2024-04-23,20.35,20.56,20.19,20.32,171269
2024-04-24,20.41,20.56,20.21,20.55,207522
2024-04-25,21.19,21.21,20.17,20.22,360911
2024-04-26,20.32,21.35,20.28,21.28,549986
2024-04-29,21.17,22.24,21.1,22.02,562579
2024-04-30,21.57,21.57,20.35,20.38,810590
2024-05-06,20.81,21.54,20.77,20.98,572531
2024-05-07,20.97,21.26,20.75,21.05,269985
2024-05-08,20.91,20.91,20.49,20.56,289682
2024-05-09,20.54,21.24,20.53,21.02,291323
2024-05-10,21.01,21.2,20.64,20.86,214065
2024-05-13,20.67,21.14,20.45,20.6,296053
2024-05-14,20.6,20.79,20.52,20.7,182055
2024-05-15,20.72,20.73,20.27,20.33,207069
2024-05-16,20.43,20.9,20.25,20.68,318879
2024-05-17,20.6,21.06,20.53,21.03,249956
2024-05-20,21.03,21.77,20.92,21.48,374785
2024-05-21,21.43,21.5,21.01,21.07,210066
2024-05-22,21.06,21.27,20.84,21.18,161789
2024-05-23,21.12,21.2,20.63,20.67,216923
2024-05-24,20.59,20.72,19.95,20.02,280213
2024-05-27,20.09,20.14,19.57,20.07,219357
2024-05-28,20.02,20.09,19.75,19.88,129246
2024-05-29,19.78,20.07,19.69,19.83,124115
2024-05-30,19.8,19.89,19.6,19.8,104379
2024-05-31,19.86,20.05,19.8,19.84,142338
2024-06-03,19.76,19.82,19.24,19.42,209447
2024-06-04,19.42,19.62,19.25,19.6,147788
2024-06-05,19.5,19.99,19.48,19.65,167494
2024-06-06,19.71,19.77,19.07,19.16,186979
2024-06-07,19.27,19.44,18.97,19.16,124391
2024-06-11,18.96,19.39,18.9,19.28,123147
2024-06-12,19.28,19.43,19.23,19.28,126241
2024-06-13,19.28,19.34,19.03,19.09,120952
2024-06-14,19.06,19.44,18.85,19.41,183539
2024-06-17,19.21,19.4,19.02,19.11,175740
2024-06-18,19.11,19.49,19.03,19.27,157959
2024-06-19,19.35,19.37,18.87,18.93,156689
2024-06-20,18.78,18.83,18.03,18.04,322487
2024-06-21,17.98,18.2,17.78,18.12,168606
2024-06-24,18.0,18.03,17.54,17.55,183425
2024-06-25,17.54,17.68,17.1,17.29,218474
2024-06-26,17.2,18.08,17.15,18.02,199059
2024-06-27,17.89,18.16,17.75,17.82,131326
2024-06-28,17.8,18.08,17.5,17.56,177908
2024-07-01,17.4,17.56,16.92,17.36,196125
2024-07-02,17.36,17.64,17.19,17.23,150100
2024-07-03,17.17,17.28,16.91,17.05,134185
2024-07-04,17.04,17.15,16.49,16.5,215747
2024-07-05,16.51,16.79,16.35,16.69,162026
2024-07-08,16.61,16.69,16.21,16.27,139987
2024-07-09,16.29,16.56,16.03,16.44,171792
2024-07-10,16.05,16.68,15.81,16.24,220119
2024-07-11,16.54,16.9,16.36,16.74,190589
2024-07-12,16.76,16.81,16.6,16.62,104896
2024-07-15,16.6,16.66,16.36,16.4,110285
2024-07-16,16.37,16.78,16.17,16.73,147337
2024-07-17,16.72,16.98,16.67,16.84,140263
2024-07-18,16.77,16.99,16.55,16.91,136201
2024-07-19,16.87,17.52,16.8,17.39,248558
2024-07-22,17.59,17.9,17.33,17.66,220778
2024-07-23,17.71,17.71,17.22,17.22,145893
2024-07-24,17.22,17.29,16.91,16.98,130744
2024-07-25,16.88,17.58,16.88,17.33,154662
2024-07-26,17.34,17.58,17.22,17.33,115132
2024-07-29,17.33,17.39,17.05,17.17,101163
2024-07-30,17.15,17.31,17.01,17.22,81252
2024-07-31,17.22,18.3,17.2,18.22,296319
2024-08-01,18.14,18.28,17.98,18.03,146223
2024-08-02,17.97,18.18,17.69,17.72,120629
2024-08-05,17.58,18.13,17.42,17.53,172177
2024-08-06,17.75,17.86,17.38,17.57,144860
2024-08-07,17.57,17.69,17.34,17.39,102616
2024-08-08,17.26,17.44,16.89,17.16,152308
2024-08-09,17.3,17.33,16.87,16.87,103328
2024-08-12,16.78,16.92,16.55,16.63,100191
2024-08-13,16.63,16.78,16.51,16.76,91254
2024-08-14,16.69,16.81,16.37,16.39,119556
2024-08-15,16.36,16.8,16.28,16.48,167228
2024-08-16,16.5,16.58,16.3,16.3,105722
2024-08-19,16.3,16.58,16.24,16.33,111666
2024-08-20,16.32,16.35,15.85,15.89,144462
2024-08-21,15.84,15.99,15.7,15.73,99849
2024-08-22,15.8,15.87,15.23,15.26,157327
2024-08-23,15.26,15.72,15.26,15.6,139383
2024-08-26,15.65,15.92,15.38,15.48,151859
2024-08-27,15.43,15.45,15.18,15.24,110670
2024-08-28,15.25,15.49,15.13,15.45,108244
2024-08-29,15.39,15.83,15.34,15.69,110254
2024-08-30,15.65,16.44,15.6,16.23,212146
2024-09-02,16.21,16.28,15.72,15.74,158050
2024-09-03,15.71,16.1,15.71,16.06,115982
2024-09-04,15.94,16.23,15.88,16.01,103726
2024-09-05,16.02,16.34,16.02,16.23,126561
2024-09-06,16.46,16.46,15.99,16.0,99705
2024-09-09,15.88,16.06,15.7,15.78,104487
2024-09-10,15.82,16.33,15.6,16.1,139498
2024-09-11,16.04,16.29,15.97,16.21,97274
2024-09-12,16.22,16.4,16.07,16.1,90564
2024-09-13,16.09,16.2,15.87,15.89,91625
2024-09-18,15.83,15.97,15.57,15.82,86231
2024-09-19,15.96,16.46,15.77,16.38,188841
2024-09-20,16.42,16.58,16.25,16.53,195158
2024-09-23,16.54,16.61,16.31,16.33,135614
2024-09-24,16.58,17.52,16.41,17.45,455013
2024-09-25,17.9,18.28,17.69,17.8,503063
2024-09-26,17.85,18.91,17.7,18.8,509317
2024-09-27,19.89,20.69,19.74,20.69,580857
2024-09-30,22.77,22.77,22.77,22.77,123541
2024-10-08,25.06,25.06,25.06,25.06,82030
2024-10-09,27.58,27.58,26.78,27.58,1575350
2024-10-10,27.9,28.02,24.9,25.36,2488343
2024-10-11,24.28,25.12,23.01,23.28,1287194
2024-10-14,23.42,25.42,22.39,24.84,1263944
2024-10-15,24.35,27.2,24.15,25.48,1440156
2024-10-16,24.74,26.34,24.51,25.48,901240
2024-10-17,26.02,26.4,25.08,25.66,975131
2024-10-18,25.4,28.24,24.99,28.0,1629888
2024-10-21,27.9,28.57,27.17,27.91,1363296
2024-10-22,27.85,27.85,26.4,27.0,940446
2024-10-23,26.89,27.84,26.62,26.76,783547
2024-10-24,26.42,26.98,25.96,26.2,596449
2024-10-25,26.32,26.73,25.84,26.28,580125
2024-10-28,26.19,26.55,25.9,26.37,473829
2024-10-29,26.37,26.99,25.75,25.78,666751
2024-10-30,25.48,26.01,25.28,25.77,473703
2024-10-31,25.89,27.43,25.6,26.71,986472
2024-11-01,26.44,27.05,25.63,25.73,721128
2024-11-04,25.6,26.45,25.56,26.4,498080
2024-11-05,27.12,29.05,26.68,29.05,1411061
2024-11-06,30.4,31.96,29.78,30.39,2033755
2024-11-07,29.6,32.78,28.99,32.5,1763494
2024-11-08,33.42,33.69,31.49,31.56,1363796
2024-11-11,31.09,34.73,30.92,34.33,1346046
2024-11-12,34.9,37.2,34.14,34.23,1638672
2024-11-13,33.7,34.09,32.2,32.7,1108958
2024-11-14,32.4,33.06,31.44,31.56,776983
2024-11-15,31.24,32.05,29.71,29.72,947998
2024-11-18,29.83,30.48,28.56,29.2,721212
2024-11-19,29.2,30.15,28.84,29.9,623694
2024-11-20,29.87,31.19,29.62,30.53,684196
2024-11-21,30.01,31.0,30.01,30.52,494525
2024-11-22,30.4,30.68,28.8,28.86,644206
2024-11-25,28.84,29.08,27.33,28.0,645462
2024-11-26,28.0,28.69,27.73,27.98,341260
2024-11-27,27.98,28.88,27.42,28.88,496806
2024-11-28,29.7,30.7,29.22,29.28,715102
2024-11-29,29.11,31.6,29.05,30.58,898028
2024-12-02,30.38,31.77,30.11,31.24,772276
2024-12-03,31.03,31.55,30.5,31.07,594136
2024-12-04,30.9,31.19,30.34,30.5,449559
2024-12-05,30.29,31.25,30.29,30.92,503535
2024-12-06,30.92,32.03,30.54,31.01,672215
2024-12-09,31.11,32.46,30.9,31.17,597694
2024-12-10,33.13,33.17,31.59,31.76,877333
2024-12-11,31.61,31.79,30.32,30.72,647680
2024-12-12,30.72,32.18,30.3,31.69,681634
2024-12-13,31.1,31.15,29.91,30.02,626517
2024-12-16,30.02,30.13,29.53,29.71,334063
2024-12-17,29.79,30.21,29.6,29.65,330988
2024-12-18,29.9,30.12,29.45,29.78,297369
2024-12-19,29.36,29.83,29.2,29.82,316899
2024-12-20,29.7,30.27,29.51,29.89,322383
2024-12-23,29.8,30.08,29.08,29.15,320673
2024-12-24,29.23,29.65,29.04,29.55,253978
2024-12-25,29.58,29.65,28.84,29.02,261979
2024-12-26,29.17,29.41,28.99,29.04,253929
2024-12-27,29.11,29.99,28.93,29.31,411213
2024-12-30,29.31,29.53,29.03,29.33,222361
2024-12-31,29.4,29.45,27.89,27.89,459251
2025-01-02,27.58,27.72,25.6,26.32,624820
2025-01-03,26.4,26.64,25.21,25.26,409953
2025-01-06,25.23,25.56,24.88,25.06,314142
2025-01-07,25.15,25.51,24.91,25.5,277218
2025-01-08,25.42,25.62,24.53,25.27,343518
2025-01-09,25.09,25.55,25.07,25.32,198036
2025-01-10,25.31,25.66,24.8,24.8,210878
2025-01-13,24.64,25.38,24.4,25.18,250640
2025-01-14,25.4,26.6,25.22,26.56,412659
2025-01-15,26.52,26.56,26.12,26.2,229303
2025-01-16,26.54,26.87,25.79,25.98,268757
2025-01-17,25.82,26.35,25.76,26.05,211600
2025-01-20,26.47,26.56,26.03,26.09,222675
2025-01-21,26.6,26.67,26.01,26.3,210388
2025-01-22,26.28,26.3,25.85,26.01,182566
2025-01-23,26.6,27.39,26.2,26.2,425675
2025-01-24,26.12,26.59,26.01,26.39,269267
2025-01-27,26.75,26.84,25.83,25.84,257915
2025-02-05,26.7,27.98,26.61,27.14,618091
2025-02-06,27.2,28.75,26.79,28.37,571481
2025-02-07,28.4,30.55,28.3,30.05,1008179
2025-02-10,30.5,30.86,29.71,30.66,773001
2025-02-11,30.66,32.25,30.02,31.1,989058
2025-02-12,31.4,32.8,31.24,32.79,1120420
2025-02-13,32.3,32.83,31.82,32.1,852781
2025-02-14,32.05,35.32,32.05,34.86,1723339
2025-02-17,35.2,37.08,33.6,34.53,2022640
2025-02-18,34.32,34.91,32.58,32.64,1313665
2025-02-19,32.9,33.66,32.6,33.48,894054
2025-02-20,33.27,34.1,32.8,32.92,656952
2025-02-21,33.81,35.18,32.96,34.98,1300940
2025-02-24,34.68,34.98,33.38,33.81,922056
2025-02-25,32.46,33.36,32.25,32.63,702203
2025-02-26,32.9,33.33,32.35,33.1,543129
2025-02-27,33.05,33.1,31.6,32.27,613009
2025-02-28,32.27,32.45,30.3,30.45,645413
2025-03-03,30.45,31.31,29.96,30.6,431743
2025-03-04,30.29,31.07,30.2,30.85,322400
2025-03-05,30.9,31.15,30.6,30.83,306721
2025-03-06,31.8,32.75,31.21,32.23,706269
2025-03-07,32.25,32.28,30.94,31.1,594195
2025-03-10,31.0,31.2,30.54,31.03,341612
2025-03-11,30.34,30.88,30.29,30.74,363857
2025-03-12,31.02,31.6,30.71,30.88,403126
2025-03-13,30.65,30.91,29.9,30.15,362212
2025-03-14,30.15,31.8,29.97,31.59,673599
2025-03-17,31.55,31.56,30.94,31.01,357752
2025-03-18,31.4,31.5,30.8,30.95,289458
2025-03-19,30.82,30.99,30.45,30.63,257043
2025-03-20,30.55,30.95,30.13,30.16,411434
2025-03-21,29.95,30.19,29.16,29.21,410914
2025-03-24,29.21,29.39,28.5,29.06,349080
2025-03-25,29.0,29.42,28.75,28.88,230823
2025-03-26,28.9,29.08,28.76,28.9,186253
2025-03-27,28.83,29.33,28.54,28.9,255496
2025-03-28,29.0,29.07,28.78,28.82,173312
2025-03-31,27.78,28.15,27.49,27.94,374563
2025-04-01,28.11,28.18,27.49,27.51,286042
2025-04-02,27.45,27.97,27.4,27.75,184011
2025-04-03,27.45,27.97,27.4,27.46,193310
2025-04-07,25.2,26.23,24.7,24.7,471507
2025-04-08,24.96,24.96,23.51,24.15,600757
2025-04-09,23.77,25.11,23.4,25.11,523407
2025-04-10,26.05,26.11,25.46,25.53,401325
2025-04-11,25.61,25.95,25.38,25.73,281800
2025-04-14,26.0,26.69,25.91,25.97,279119
2025-04-15,25.92,26.05,25.53,25.74,160125
2025-04-16,25.72,25.75,25.17,25.56,186256
2025-04-17,25.4,25.8,25.32,25.63,170673
2025-04-18,25.51,25.7,25.33,25.51,122483
2025-04-21,25.47,25.95,25.25,25.92,178626
2025-04-22,25.9,26.12,25.72,25.8,184935
2025-04-23,26.1,26.45,25.86,26.13,293856
2025-04-24,26.14,26.41,25.62,25.64,251363
2025-04-25,25.73,25.98,25.6,25.75,194964
2025-04-28,25.75,25.92,25.18,25.2,218191
2025-04-29,25.11,25.55,25.04,25.32,152083
2025-04-30,25.39,25.96,25.28,25.85,231342
2025-05-06,26.28,26.67,26.19,26.58,294140
2025-05-07,27.64,27.84,26.38,26.59,446855
2025-05-08,26.5,26.71,26.35,26.62,214879
2025-05-09,26.61,26.61,25.93,25.98,197294
2025-05-12,26.34,27.1,26.21,27.0,324569
2025-05-13,27.2,27.22,26.58,26.58,239553
2025-05-14,26.52,27.84,26.23,27.3,476214
2025-05-15,27.07,27.07,26.4,26.44,280417
2025-05-16,26.3,26.44,26.15,26.32,157090
2025-05-19,26.16,26.25,25.68,26.03,177237
2025-05-20,26.15,26.24,25.95,26.13,120368
2025-05-21,26.24,26.63,26.16,26.39,187655
2025-05-22,26.32,26.35,26.0,26.04,133113
2025-05-23,26.05,26.09,25.4,25.4,202450
2025-05-26,25.39,25.51,25.18,25.51,125584
2025-05-27,25.4,25.4,25.21,25.24,100269
2025-05-28,25.24,25.4,25.08,25.1,95152
2025-05-29,25.14,26.17,25.1,26.13,291807
2025-05-30,26.01,27.03,25.9,26.21,336144
2025-06-03,26.82,27.32,26.48,26.61,391728
2025-06-04,26.5,26.66,26.22,26.59,243723
2025-06-05,26.72,27.58,26.67,27.28,453450
2025-06-06,27.28,27.36,26.8,26.88,226954
2025-06-09,27.05,27.25,26.78,27.1,235398
2025-06-10,27.1,27.1,26.05,26.3,321275
2025-06-11,26.31,26.97,26.08,26.42,265760
2025-06-12,26.15,27.26,26.06,26.72,294183
2025-06-13,27.42,28.39,27.42,27.75,998473
2025-06-16,27.75,30.53,27.75,30.53,1239722
2025-06-17,30.53,31.7,30.04,30.58,1656808
2025-06-18,30.15,30.69,29.77,29.88,946893
2025-06-19,30.29,30.62,28.66,28.8,823563
2025-06-20,28.5,28.84,27.71,28.01,576096
2025-06-23,27.65,30.1,27.59,29.79,947923
2025-06-24,29.69,30.48,29.23,30.09,848949
2025-06-25,29.88,33.0,29.71,32.3,1546879
2025-06-26,32.5,35.53,32.44,33.62,2316013
2025-06-27,33.37,35.77,32.88,33.72,1804249
2025-06-30,33.85,34.68,33.01,33.54,1180055
2025-07-01,33.25,33.45,31.88,32.09,1012055
2025-07-02,32.09,32.29,31.54,31.61,557500
2025-07-03,31.63,32.19,31.45,31.97,660421
2025-07-04,32.11,33.76,31.45,32.75,1151745
2025-07-07,32.44,33.62,32.31,32.94,810697
2025-07-08,32.94,34.06,32.63,33.42,878798
2025-07-09,33.76,34.55,33.1,33.78,1133917
2025-07-10,33.45,34.27,32.8,33.4,944722
2025-07-11,33.4,35.1,33.26,34.52,1291473
2025-07-14,34.31,34.31,33.01,33.26,793063
2025-07-15,33.6,34.36,33.35,33.7,749872
2025-07-16,33.33,33.5,32.8,33.07,555656
2025-07-17,33.38,33.74,33.03,33.42,480463
2025-07-18,33.42,34.1,33.35,33.68,495386
2025-07-21,33.5,33.85,32.95,33.1,590124
2025-07-22,33.0,33.17,32.4,32.64,605000
2025-07-23,32.63,33.5,32.5,33.05,629003
2025-07-24,32.75,34.1,32.7,33.88,635531
2025-07-25,33.88,34.24,33.34,33.53,480999
2025-07-28,33.88,34.66,33.25,34.38,869567
2025-07-29,34.18,37.82,33.8,37.82,1635793
2025-07-30,38.49,38.49,36.39,37.0,1826842
2025-07-31,36.77,37.86,35.94,36.2,1196814
2025-08-01,36.0,36.34,35.02,35.53,890275
2025-08-04,35.13,35.4,34.4,34.85,684245
2025-08-05,34.85,35.53,34.44,35.03,669893
2025-08-06,34.96,35.0,34.54,34.88,524115
2025-08-07,34.66,35.2,34.04,34.41,654191
2025-08-08,34.4,34.85,33.64,34.41,583734
2025-08-11,34.4,35.47,34.27,35.16,664741
2025-08-12,35.2,35.64,34.82,35.61,637764
2025-08-13,35.85,36.3,35.11,35.69,856946
2025-08-14,35.71,37.24,35.71,35.81,1091031
2025-08-15,35.4,37.47,34.88,36.86,1274653
2025-08-18,36.95,38.47,36.4,37.65,1217075
2025-08-19,37.55,38.07,36.55,36.58,961955
2025-08-20,36.48,37.09,35.73,37.04,766270
2025-08-21,38.1,39.4,37.14,37.45,1450451
2025-08-22,36.98,38.46,36.88,38.46,1053196
2025-08-25,39.3,40.22,38.46,39.04,1255249
2025-08-26,38.29,38.59,37.51,38.15,889581
2025-08-27,38.18,38.91,37.12,37.15,929232
2025-08-28,36.99,37.68,36.21,37.66,822850
2025-08-29,38.0,38.19,37.2,37.49,626194
2025-09-01,38.21,39.33,37.5,38.66,1105117
2025-09-02,38.23,38.27,35.65,35.9,1137486
2025-09-03,35.88,36.23,34.6,34.83,607100
2025-09-04,34.88,35.28,33.34,33.98,574053
2025-09-05,34.1,34.67,33.52,34.54,455061
2025-09-08,34.6,35.34,34.2,35.2,407079
2025-09-09,35.22,35.25,34.34,34.43,310996
2025-09-10,34.6,35.28,34.43,34.46,310581
2025-09-11,34.46,35.32,34.0,35.32,562937
2025-09-12,35.79,36.07,34.93,35.0,539565
2025-09-15,34.88,34.99,34.44,34.48,372947
2025-09-16,34.49,34.72,34.03,34.56,355835
2025-09-17,34.62,35.3,34.35,35.04,447416
2025-09-18,34.8,35.47,33.75,34.16,648430
2025-09-19,34.01,34.39,33.48,33.5,377265
2025-09-22,33.6,34.08,33.34,34.04,325337
2025-09-23,33.9,33.9,32.09,32.73,615702
2025-09-24,32.54,33.48,32.43,33.42,424731
2025-09-25,33.8,34.98,33.62,34.58,654378
2025-09-26,34.5,34.75,33.47,33.47,425678
2025-09-29,33.28,34.78,32.81,34.23,603636
2025-09-30,34.25,34.66,34.16,34.52,422756
2025-10-09,34.52,35.52,34.16,35.33,667091
2025-10-10,35.01,35.04,33.91,34.02,505558
2025-10-13,32.36,33.73,32.28,33.47,394724
2025-10-14,33.84,34.35,32.65,32.8,409999
2025-10-15,32.8,33.15,32.53,33.07,239825
2025-10-16,33.0,33.0,32.04,32.16,376543
2025-10-17,32.18,32.37,31.02,31.14,354864
2025-10-20,31.5,31.79,31.11,31.27,252003
2025-10-21,31.39,32.08,31.35,31.83,278572
2025-10-22,31.6,31.79,31.42,31.56,152093
2025-10-23,31.56,32.0,31.17,31.96,217380
2025-10-24,32.2,32.35,31.88,32.24,261290
2025-10-27,32.5,32.75,32.23,32.5,295404
2025-10-28,32.51,32.81,32.24,32.32,288923
2025-10-29,32.18,32.65,32.0,32.56,304792
2025-10-30,32.5,32.55,31.93,31.97,322661
2025-10-31,31.2,31.88,31.06,31.46,386922
2025-11-03,31.48,31.6,30.68,31.24,325069
2025-11-04,31.08,31.2,30.09,30.26,423667
2025-11-05,29.97,30.19,29.36,29.82,397857
2025-11-06,29.8,30.27,29.8,30.08,230347
2025-11-07,29.83,29.94,29.61,29.62,207670
2025-11-10,29.62,29.84,29.48,29.81,220028
2025-11-11,29.81,29.85,29.07,29.13,297407
2025-11-12,29.1,29.11,28.8,28.95,195283
2025-11-13,29.09,29.57,28.96,29.55,241277
2025-11-14,29.23,29.37,28.86,28.86,208200
2025-11-17,28.79,29.19,28.71,28.98,172608
2025-11-18,28.95,30.05,28.83,29.8,494403
2025-11-19,29.9,30.28,29.4,29.51,312688
2025-11-20,29.86,29.88,28.88,28.98,241313
2025-11-21,28.6,28.98,28.15,28.35,293531
2025-11-24,28.53,29.54,28.39,29.5,369110
2025-11-25,29.6,30.32,29.45,29.7,381185
2025-11-26,29.4,30.14,29.36,29.61,270854
2025-11-27,29.48,29.74,29.18,29.24,231349
2025-11-28,29.15,29.38,28.98,29.32,173027
2025-12-01,29.19,29.45,29.0,29.44,198767
2025-12-02,29.42,29.42,28.9,28.98,211906
2025-12-03,28.95,29.08,28.11,28.29,260137
2025-12-04,28.3,28.55,28.12,28.38,160914
2025-12-05,28.38,29.47,28.11,29.22,431730
2025-12-08,29.52,30.18,29.44,29.93,458929
2025-12-09,29.7,29.87,29.33,29.42,236004
2025-12-10,29.3,29.75,28.9,29.7,252091
2025-12-11,29.69,29.83,29.0,29.0,202516
2025-12-12,29.0,29.48,28.73,29.35,233883
2025-12-15,29.1,29.38,28.71,28.84,190688
2025-12-16,28.78,29.3,28.51,28.99,250726
2025-12-17,28.98,29.68,28.48,29.53,371325
2025-12-18,29.35,29.47,29.02,29.02,228470
2025-12-19,29.12,29.55,28.99,29.17,234490
2025-12-22,29.23,29.73,29.23,29.49,264161
2025-12-23,29.5,29.55,29.13,29.2,195258
2025-12-24,29.1,29.71,29.05,29.61,281718
2025-12-25,29.65,30.17,29.6,30.09,382349
2025-12-26,29.99,30.5,29.88,29.98,377786
2025-12-29,29.93,30.52,29.89,30.2,379593
2025-12-30,30.2,30.58,30.08,30.27,403705
2025-12-31,30.26,30.42,30.03,30.15,297806
