date,open,high,low,close,volume
2015-01-05,6.89,7.44,6.83,7.23,537752
2015-01-06,7.25,7.45,6.99,7.41,331907
2015-01-07,7.46,7.82,7.39,7.6,312626
2015-01-08,7.63,7.64,7.12,7.15,200939
2015-01-09,7.16,7.35,6.83,6.9,303358
2015-01-12,6.78,7.04,6.68,6.98,248999
2015-01-13,6.96,7.11,6.87,6.95,111560
2015-01-14,6.96,7.08,6.79,6.89,102960
2015-01-15,6.89,7.13,6.84,7.09,135861
2015-01-16,7.16,7.39,7.16,7.26,147609
2015-01-19,6.79,7.01,6.24,6.38,331922
2015-01-20,6.51,6.75,6.38,6.65,200957
2015-01-21,6.69,7.07,6.62,7.02,198240
2015-01-22,7.07,7.11,6.9,6.98,137394
2015-01-23,7.01,7.21,6.89,6.96,140052
2015-01-26,6.96,7.01,6.76,6.97,128151
2015-01-27,6.97,7.18,6.79,6.98,151519
2015-01-28,6.97,6.98,6.69,6.75,119752
2015-01-29,6.54,6.78,6.54,6.63,124994
2015-01-30,6.72,6.76,6.44,6.48,128179
2015-02-02,6.34,6.45,6.21,6.33,205682
2015-02-03,6.46,6.48,6.28,6.42,111252
2015-02-04,6.43,6.76,6.41,6.65,149113
2015-02-05,6.84,6.86,6.29,6.37,119843
2015-02-06,6.37,6.38,5.88,6.0,198814
2015-02-09,6.0,6.02,5.67,5.69,220591
2015-02-10,5.7,5.92,5.7,5.9,141055
2015-02-11,5.94,6.14,5.89,6.06,83289
2015-02-12,6.06,6.14,5.94,6.06,81830
2015-02-13,6.09,6.37,6.07,6.23,115584
2015-02-16,6.23,6.36,6.23,6.31,87648
2015-02-17,6.35,6.43,6.3,6.34,68387
2015-02-25,6.36,6.79,6.3,6.53,176686
2015-02-26,6.53,6.7,6.51,6.68,95302
2015-02-27,6.68,6.99,6.66,6.86,160210
2015-03-02,7.11,7.13,6.85,6.95,204087
2015-03-03,6.9,6.94,6.6,6.64,181028
2015-03-04,6.63,6.83,6.63,6.7,107257
2015-03-05,6.69,6.7,6.27,6.38,214145
2015-03-06,6.39,6.39,6.21,6.35,185872
2015-03-09,6.35,6.64,6.3,6.61,171434
2015-03-10,6.62,6.88,6.61,6.85,189126
2015-03-11,6.87,7.08,6.76,6.76,147391
2015-03-12,6.88,6.98,6.72,6.9,123753
2015-03-13,6.99,7.1,6.9,7.02,119549
2015-03-16,7.04,7.45,6.96,7.42,236029
2015-03-17,7.34,7.61,7.33,7.53,247551
2015-03-18,7.53,7.59,7.36,7.56,188413
2015-03-19,7.55,7.83,7.44,7.74,237835
2015-03-20,7.72,7.82,7.54,7.7,249170
2015-03-23,7.82,8.26,7.82,7.95,323235
2015-03-24,8.05,8.07,7.69,7.79,282697
2015-03-25,7.71,7.73,7.46,7.51,284286
2015-03-26,7.51,7.73,7.43,7.45,258856
2015-03-27,7.46,7.62,7.43,7.49,185548
2015-03-30,7.49,7.87,7.49,7.79,200802
2015-03-31,7.89,8.03,7.58,7.65,233958
2015-04-01,7.68,7.92,7.57,7.8,212061
2015-04-02,7.84,7.85,7.38,7.48,688993
2015-04-03,7.41,7.45,7.21,7.4,447689
2015-04-07,7.44,7.78,7.35,7.76,504747
2015-04-08,7.94,8.14,7.54,7.61,755060
2015-04-09,7.65,7.78,7.14,7.63,547362
2015-04-10,7.63,7.94,7.62,7.81,466466
2015-04-13,7.89,8.43,7.74,8.4,661512
2015-04-14,8.43,8.9,8.21,8.54,550453
2015-04-15,8.57,8.64,7.89,7.91,414798
2015-04-16,7.89,8.38,7.76,8.27,310751
2015-04-17,8.53,8.77,8.35,8.48,514631
2015-04-20,8.37,8.65,8.06,8.24,569916
2015-04-21,8.16,8.76,8.16,8.71,437026
2015-04-22,8.97,9.45,8.91,9.18,566929
2015-04-23,9.89,10.36,9.66,9.82,893903
2015-04-24,9.64,10.02,9.27,9.5,532013
2015-04-27,9.66,9.67,9.14,9.36,536018
2015-04-28,9.28,9.5,8.86,8.95,434159
2015-04-29,8.98,9.11,8.84,9.04,319948
2015-04-30,9.04,9.4,9.0,9.11,305098
2015-05-04,9.11,9.7,8.83,9.68,544089
2015-05-05,9.69,9.69,8.74,8.79,474620
2015-05-06,8.93,8.96,8.24,8.34,420370
2015-05-07,8.34,8.34,7.97,7.99,266470
2015-05-08,8.16,8.23,7.94,8.21,229084
2015-05-11,8.32,8.91,8.1,8.69,380199
2015-05-12,8.7,8.92,8.54,8.82,377256
2015-05-13,8.78,8.83,8.43,8.54,297101
2015-05-14,8.55,8.62,8.35,8.52,188404
2015-05-15,8.49,8.49,8.04,8.15,238174
2015-05-18,8.09,8.33,7.99,8.14,183197
2015-05-19,8.16,8.66,8.16,8.63,271379
2015-05-20,8.66,9.01,8.66,8.74,358070
2015-05-21,8.74,9.21,8.7,9.19,316819
2015-05-22,9.33,9.48,9.06,9.35,379514
2015-05-25,9.34,9.66,9.29,9.63,527438
2015-05-26,9.69,9.9,9.47,9.71,570361
2015-05-27,9.77,9.98,9.54,9.8,616154
2015-05-28,9.81,9.91,8.51,8.69,628512
2015-05-29,8.72,9.12,8.29,8.96,433572
2015-06-01,8.9,9.69,8.9,9.67,461298
2015-06-02,9.84,10.57,9.74,10.47,623930
2015-06-03,10.58,10.58,9.86,10.08,424118
2015-06-04,10.06,10.68,9.18,10.63,623325
2015-06-05,11.0,11.4,10.74,11.39,804194
2015-06-08,11.39,11.48,10.77,11.15,600615
2015-06-09,11.15,11.6,10.98,11.2,494260
2015-06-10,11.04,11.37,10.8,11.16,340450
2015-06-11,11.16,11.4,11.07,11.38,448185
2015-06-12,11.46,11.88,11.24,11.78,551380
2015-06-15,11.92,12.02,11.14,11.3,455327
2015-06-16,11.46,11.46,10.64,10.73,394907
2015-06-17,10.95,12.17,10.76,12.17,691649
2015-06-18,12.35,12.53,11.3,11.4,580932
2015-06-19,11.29,11.29,10.47,10.75,415067
2015-06-23,10.89,11.53,10.35,11.47,500866
2015-06-24,11.76,12.47,11.54,12.1,751670
2015-06-25,12.28,12.3,11.03,11.1,707618
2015-06-26,10.64,11.1,9.65,9.75,616972
2015-06-29,10.12,10.12,8.43,8.43,1371002
2015-06-30,8.24,9.39,7.64,9.05,1208138
2015-07-01,9.08,9.48,8.16,8.25,935757
2015-07-02,8.21,8.34,7.08,7.25,1165773
2015-07-03,7.09,7.72,6.18,6.62,1395862
2015-07-06,7.63,7.63,6.34,7.11,1864375
2015-07-07,6.81,7.07,6.09,6.44,1908275
2015-07-08,5.55,6.32,5.45,5.45,2690070
2015-07-09,5.69,6.34,5.69,6.34,1259749
2015-07-10,7.09,7.32,6.82,7.32,546345
2015-07-13,8.13,8.4,7.79,8.4,1618842
2015-07-14,8.42,9.14,8.08,8.44,1985017
2015-07-15,8.05,8.29,7.57,7.71,1185094
2015-07-16,7.71,8.49,7.56,8.21,999369
2015-07-17,8.42,9.1,8.38,8.92,933646
2015-07-20,8.88,9.37,8.7,8.94,969602
2015-07-21,8.74,8.98,8.49,8.75,717719
2015-07-22,8.73,9.08,8.44,8.84,773306
2015-07-23,8.8,9.13,8.67,8.94,1027258
2015-07-24,8.94,9.5,8.84,9.04,1200661
2015-07-27,8.82,8.89,7.79,7.79,1042297
2015-07-28,7.44,8.17,7.19,7.9,1171533
2015-07-29,7.96,8.37,7.83,8.36,741391
2015-07-30,8.32,8.42,7.76,7.84,582003
2015-07-31,7.65,8.2,7.61,8.09,777494
2015-08-03,7.88,8.44,7.85,8.43,734643
2015-08-04,8.27,8.74,8.05,8.72,690249
2015-08-05,8.59,8.75,8.28,8.32,488989
2015-08-06,8.2,8.44,8.12,8.27,293747
2015-08-07,8.34,8.69,8.34,8.51,502360
2015-08-10,8.6,9.12,8.53,9.03,821581
2015-08-11,8.98,9.62,8.86,9.51,1251242
2015-08-12,9.26,9.69,9.25,9.33,849387
2015-08-13,9.3,9.91,9.22,9.76,850940
2015-08-14,9.85,10.34,9.65,10.29,1384881
2015-08-17,10.44,10.81,9.9,10.05,2969707
2015-08-18,10.04,10.04,8.7,8.7,1717395
2015-08-19,8.29,8.99,7.76,8.74,1093171
2015-08-20,8.6,8.72,8.16,8.18,652252
2015-08-21,8.04,8.14,7.59,7.64,673375
2015-08-24,7.2,7.39,6.53,6.53,1417985
2015-08-25,5.95,6.94,5.95,6.24,1425532
2015-08-26,6.54,6.93,6.27,6.56,981952
2015-08-27,6.87,7.06,6.54,7.04,935904
2015-08-28,7.21,7.52,6.95,7.34,1030482
2015-08-31,7.2,7.54,6.94,7.5,906918
2015-09-01,7.29,7.43,6.77,7.13,1358019
2015-09-02,6.65,7.34,6.64,7.03,1179706
2015-09-07,7.05,7.41,6.85,6.91,496704
2015-09-08,6.85,7.66,6.79,7.57,437977
2015-09-09,7.55,7.93,7.47,7.81,672126
2015-09-10,7.69,7.73,7.37,7.45,448706
2015-09-11,7.45,7.52,7.2,7.29,255622
2015-09-14,7.39,7.46,6.87,7.17,617824
2015-09-15,7.04,7.12,6.79,6.84,325337
2015-09-16,6.91,7.76,6.89,7.46,473156
2015-09-17,7.38,7.64,7.17,7.21,379594
2015-09-18,7.16,7.39,7.15,7.3,225162
2015-09-21,7.2,7.46,7.16,7.43,251419
2015-09-22,7.41,7.52,7.3,7.39,288412
2015-09-23,7.26,7.34,7.0,7.07,284734
2015-09-24,7.08,7.36,7.04,7.23,197552
2015-09-25,7.23,7.33,6.91,6.98,228234
2015-09-28,7.0,7.08,6.83,6.97,154495
2015-09-29,6.87,7.04,6.74,6.8,175507
2015-09-30,6.84,7.0,6.82,6.88,125942
2015-10-08,7.25,7.33,7.16,7.2,224336
2015-10-09,7.18,7.26,7.09,7.2,273833
2015-10-12,7.23,7.58,7.14,7.5,865399
2015-10-13,7.38,7.73,7.34,7.53,507798
2015-10-14,7.52,7.64,7.26,7.29,380443
2015-10-15,7.27,7.57,7.24,7.54,368195
2015-10-16,7.69,7.71,7.35,7.66,654579
2015-10-19,7.72,7.79,7.56,7.78,514644
2015-10-20,7.74,7.88,7.67,7.79,372388
2015-10-21,7.83,7.87,7.15,7.22,511214
2015-10-22,7.27,7.41,7.13,7.37,294431
2015-10-23,7.39,7.55,7.19,7.53,597756
2015-10-26,7.61,7.79,7.54,7.62,528839
2015-10-27,7.62,7.66,7.25,7.46,354991
2015-10-28,7.39,7.54,7.23,7.28,310311
2015-10-29,7.28,7.36,7.24,7.3,406914
2015-10-30,7.28,7.28,7.14,7.19,349127
2015-11-02,7.06,7.16,6.96,7.01,285853
2015-11-03,7.05,7.1,6.94,6.99,177169
2015-11-04,7.04,7.34,6.99,7.33,449653
2015-11-05,7.33,7.84,7.26,7.63,1094488
2015-11-06,7.64,7.79,7.51,7.72,598565
2015-11-09,7.72,8.0,7.72,7.84,653874
2015-11-10,7.76,7.82,7.57,7.64,545920
2015-11-11,7.62,7.72,7.44,7.56,544249
2015-11-12,7.55,7.59,7.22,7.34,762271
2015-11-13,7.25,7.53,7.24,7.34,533087
2015-11-16,7.18,7.39,7.16,7.37,286267
2015-11-17,7.44,7.67,7.36,7.41,564853
2015-11-18,7.43,7.48,7.29,7.32,277984
2015-11-19,7.34,7.39,7.26,7.36,262274
2015-11-20,7.34,7.36,7.23,7.29,328829
2015-11-23,7.26,7.33,7.19,7.21,373948
2015-11-24,7.19,7.3,7.15,7.29,256802
2015-11-25,7.35,7.39,7.29,7.35,335650
2015-11-26,7.36,7.39,7.29,7.31,297467
2015-11-27,7.3,7.3,6.82,6.9,461715
2015-11-30,6.95,7.17,6.84,7.03,387016
2015-12-01,7.04,7.23,6.98,7.22,324181
2015-12-02,7.22,7.72,7.18,7.59,920953
2015-12-03,7.58,7.79,7.54,7.65,566632
2015-12-04,7.55,7.58,7.34,7.41,364755
2015-12-07,7.38,7.39,7.25,7.3,271548
2015-12-08,7.25,7.27,7.01,7.04,307062
2015-12-09,7.03,7.26,7.01,7.17,209481
2015-12-10,7.17,7.19,7.04,7.04,182795
2015-12-11,7.06,7.09,6.98,7.03,148440
2015-12-14,6.96,7.25,6.93,7.22,213636
2015-12-15,7.18,7.24,7.03,7.08,210224
2015-12-16,7.09,7.13,7.03,7.05,149433
2015-12-17,7.1,7.3,7.09,7.23,334102
2015-12-18,7.21,7.35,7.2,7.23,293305
2015-12-21,7.23,7.87,7.2,7.67,877693
2015-12-22,7.6,7.63,7.42,7.52,441697
2015-12-23,7.49,7.96,7.46,7.73,828295
2015-12-24,7.78,7.87,7.44,7.64,444648
2015-12-25,7.57,7.74,7.42,7.47,327397
2015-12-28,7.5,7.66,7.2,7.24,423810
2015-12-29,7.16,7.31,7.14,7.3,266151
2015-12-30,7.3,7.31,7.14,7.19,294675
2015-12-31,7.19,7.4,7.19,7.3,318811
2016-01-04,7.29,7.42,6.65,6.69,343218
2016-01-05,6.64,6.93,6.55,6.74,409470
2016-01-06,6.82,6.96,6.74,6.93,247569
2016-01-07,6.81,6.83,6.25,6.39,118127
2016-01-08,6.64,6.73,6.34,6.53,452091
2016-01-11,6.44,6.56,5.98,6.02,472733
2016-01-12,6.05,6.14,5.87,5.99,229365
2016-01-13,5.9,5.99,5.29,5.36,733781
2016-01-14,5.04,5.51,5.04,5.44,380787
2016-01-15,5.44,5.46,4.93,4.97,376431
2016-01-18,4.94,4.98,4.57,4.83,545591
2016-01-19,4.84,5.09,4.8,5.04,447000
2016-01-20,5.02,5.2,4.8,4.89,520179
2016-01-21,4.84,5.0,4.72,4.73,326838
2016-01-22,4.83,4.87,4.64,4.79,233039
2016-01-25,4.8,4.9,4.76,4.82,186929
2016-01-26,4.76,4.77,4.33,4.38,385468
2016-01-27,4.39,4.47,4.11,4.23,410645
2016-01-28,4.21,4.35,3.95,4.05,302878
2016-01-29,4.04,4.39,4.04,4.29,219487
2016-02-01,4.31,4.45,4.24,4.34,203200
2016-02-02,4.35,4.56,4.33,4.52,198982
2016-02-03,4.42,4.48,4.36,4.45,138901
2016-02-04,4.46,4.58,4.45,4.5,158338
2016-02-05,4.51,4.55,4.38,4.39,163564
2016-02-15,4.16,4.35,4.16,4.3,131229
2016-02-16,4.31,4.57,4.31,4.55,208918
2016-02-17,4.49,4.57,4.48,4.57,193243
2016-02-18,4.62,4.67,4.57,4.58,234686
2016-02-19,4.56,4.62,4.5,4.55,146418
2016-02-22,4.63,4.77,4.52,4.71,343169
2016-02-23,4.72,4.81,4.54,4.63,256892
2016-02-24,4.62,4.87,4.58,4.78,371217
2016-02-25,4.74,4.77,4.16,4.24,398769
2016-02-26,4.32,4.47,4.23,4.4,232039
2016-02-29,4.4,4.4,4.06,4.26,288904
2016-03-01,4.29,4.38,4.15,4.34,157514
2016-03-02,4.35,4.67,4.35,4.64,305025
2016-03-03,4.62,4.73,4.6,4.67,273232
2016-03-04,4.66,4.9,4.57,4.84,471899
2016-03-07,4.96,4.97,4.75,4.84,262094
2016-03-08,4.79,4.86,4.56,4.84,210998
2016-03-09,4.74,4.78,4.61,4.77,166518
2016-03-10,4.69,4.76,4.55,4.56,145391
2016-03-11,4.53,4.58,4.44,4.51,154072
2016-03-14,4.56,4.76,4.54,4.71,193399
2016-03-15,4.69,4.72,4.61,4.7,146440
2016-03-16,4.68,4.85,4.62,4.85,383314
2016-03-17,4.82,4.93,4.75,4.92,267905
2016-03-18,4.93,5.12,4.92,4.98,512558
2016-03-21,5.03,5.17,5.0,5.07,330240
2016-03-22,5.05,5.2,5.02,5.09,226540
2016-03-23,5.09,5.11,4.93,4.98,179218
2016-03-24,4.96,4.96,4.79,4.8,181074
2016-03-25,4.8,4.91,4.79,4.89,173535
2016-03-28,4.91,5.01,4.85,4.86,136666
2016-03-29,4.9,4.99,4.83,4.86,190338
2016-03-30,4.9,5.08,4.9,5.08,207358
2016-03-31,5.09,5.18,5.01,5.09,273114
2016-04-01,5.09,5.12,4.99,5.11,183046
2016-04-05,5.12,5.22,5.05,5.19,317982
2016-04-06,5.14,5.2,5.09,5.14,159268
2016-04-07,5.15,5.19,5.01,5.07,209272
2016-04-08,5.08,5.1,4.87,4.92,239201
2016-04-11,4.97,5.12,4.97,5.06,158099
2016-04-12,5.07,5.12,5.0,5.05,115350
2016-04-13,5.08,5.31,5.08,5.25,376071
2016-04-14,5.27,5.38,5.24,5.32,218111
2016-04-15,5.32,5.34,5.24,5.26,115746
2016-04-18,5.22,5.23,4.99,5.04,235611
2016-04-19,5.07,5.13,5.0,5.07,151305
2016-04-20,5.06,5.13,4.73,4.91,423825
2016-04-21,4.86,4.93,4.82,4.85,133831
2016-04-22,4.85,4.89,4.81,4.87,79494
2016-04-25,4.86,4.87,4.78,4.84,87382
2016-04-26,4.83,4.87,4.79,4.85,82111
2016-04-27,4.87,4.97,4.85,4.91,112191
2016-04-28,4.91,4.96,4.85,4.91,112314
2016-04-29,4.95,5.04,4.88,5.0,121831
2016-05-03,5.04,5.16,4.99,5.09,293587
2016-05-04,5.06,5.11,5.03,5.06,114048
2016-05-05,5.06,5.06,4.96,5.02,83395
2016-05-06,5.02,5.11,4.85,4.87,133982
2016-05-09,4.86,4.86,4.65,4.67,220071
2016-05-10,4.67,4.76,4.64,4.73,78255
2016-05-11,4.79,5.05,4.76,4.98,302948
2016-05-12,4.9,5.53,4.89,5.32,808517
2016-05-13,5.22,5.31,5.16,5.17,233124
2016-05-16,5.17,5.25,5.07,5.15,182877
2016-05-17,5.18,5.21,4.93,5.01,252977
2016-05-18,4.96,5.03,4.86,4.97,220850
2016-05-19,4.95,5.09,4.92,4.95,114084
2016-05-20,4.93,5.01,4.87,4.97,123105
2016-05-23,4.98,5.03,4.96,4.97,84796
2016-05-24,4.95,5.02,4.92,4.94,84334
2016-05-25,5.01,5.01,4.92,4.93,58770
2016-05-26,4.93,4.97,4.79,4.88,139931
2016-05-27,4.89,4.92,4.85,4.88,69116
2016-05-30,4.88,4.91,4.82,4.85,62660
2016-05-31,4.87,5.08,4.85,5.08,287691
2016-06-01,5.05,5.08,5.01,5.03,132513
2016-06-02,5.02,5.05,4.98,5.01,95208
2016-06-03,5.02,5.22,5.01,5.15,225562
2016-06-06,5.15,5.18,5.09,5.12,149862
2016-06-07,5.1,5.12,5.03,5.06,123183
2016-06-08,5.08,5.1,5.01,5.07,107803
2016-06-13,5.01,5.02,4.83,4.86,196311
2016-06-14,4.86,4.9,4.81,4.84,120126
2016-06-15,4.84,4.96,4.82,4.94,133966
2016-06-16,4.94,4.96,4.84,4.88,76312
2016-06-17,4.92,4.96,4.9,4.93,97878
2016-06-20,4.92,5.05,4.91,5.03,140987
2016-06-21,5.03,5.08,5.0,5.01,113458
2016-06-22,5.01,5.2,4.98,5.19,225845
2016-06-23,5.19,5.22,5.07,5.08,142424
2016-06-24,5.09,5.14,4.89,4.98,193235
2016-06-27,5.0,5.06,4.91,5.04,128215
2016-06-28,5.02,5.05,4.95,5.01,137866
2016-06-29,5.03,5.12,4.99,5.08,212864
2016-06-30,5.07,5.14,5.05,5.07,125352
2016-07-01,5.11,5.12,5.07,5.11,113571
2016-07-04,5.1,5.28,5.09,5.23,249436
2016-07-05,5.27,5.3,5.23,5.27,132806
2016-07-06,5.26,5.54,5.21,5.46,351965
2016-07-07,5.38,5.41,5.3,5.32,278728
2016-07-08,5.31,5.34,5.26,5.32,140672
2016-07-11,5.32,5.35,5.21,5.28,178866
2016-07-12,5.27,5.69,5.25,5.64,615467
2016-07-13,5.78,6.03,5.62,5.69,619919
2016-07-14,5.65,5.69,5.59,5.62,190787
2016-07-15,5.64,5.73,5.6,5.7,200529
2016-07-18,5.68,5.83,5.67,5.75,223124
2016-07-19,5.76,5.84,5.69,5.73,162148
2016-07-20,5.71,5.82,5.67,5.73,148399
2016-07-21,5.72,5.87,5.7,5.74,184904
2016-07-22,5.73,5.8,5.62,5.67,194711
2016-07-25,5.59,5.71,5.59,5.65,135612
2016-07-26,5.66,5.77,5.64,5.76,133611
2016-07-27,5.75,6.05,5.74,5.85,626060
2016-07-28,5.82,6.27,5.81,6.03,541358
2016-07-29,6.05,6.17,5.93,5.95,229904
2016-08-01,5.93,6.09,5.86,5.99,212961
2016-08-02,5.96,6.03,5.86,5.93,177354
2016-08-03,5.9,5.98,5.88,5.93,136271
2016-08-04,5.89,5.93,5.84,5.93,106450
2016-08-05,5.9,5.92,5.83,5.88,160160
2016-08-08,5.85,6.02,5.83,6.01,144547
2016-08-09,6.0,6.09,5.96,6.05,142393
2016-08-10,6.07,6.19,6.05,6.14,238556
2016-08-11,6.12,6.18,6.03,6.06,148548
2016-08-12,6.05,6.31,6.05,6.28,243948
2016-08-15,6.33,6.61,6.33,6.5,356884
2016-08-16,6.48,6.66,6.37,6.41,306233
2016-08-17,6.41,6.48,6.36,6.41,112975
2016-08-18,6.42,6.46,6.33,6.34,125442
2016-08-19,6.37,6.37,6.16,6.24,231352
2016-08-22,6.23,6.33,6.21,6.23,137091
2016-08-23,6.21,6.27,6.05,6.1,176876
2016-08-24,6.11,6.18,6.09,6.13,121199
2016-08-25,6.09,6.09,5.93,5.95,207618
2016-08-26,5.98,6.02,5.95,5.97,119552
2016-08-29,5.96,5.98,5.85,5.9,206615
2016-08-30,5.9,5.98,5.89,5.91,102718
2016-08-31,5.89,5.96,5.82,5.95,120472
2016-09-01,5.97,6.04,5.9,5.92,170885
2016-09-02,5.89,5.94,5.84,5.92,143500
2016-09-05,5.93,5.96,5.86,5.94,119221
2016-09-06,5.93,5.98,5.87,5.95,125270
2016-09-07,5.97,5.97,5.88,5.91,113683
2016-09-08,5.94,5.95,5.82,5.86,98701
2016-09-09,5.86,5.88,5.71,5.72,261526
2016-09-12,5.62,5.67,5.51,5.61,470911
2016-09-13,5.63,5.65,5.51,5.54,127502
2016-09-14,5.5,5.55,5.44,5.46,133646
2016-09-19,5.48,5.6,5.48,5.54,155048
2016-09-20,5.56,5.59,5.52,5.56,50516
2016-09-21,5.58,5.59,5.53,5.55,60921
2016-09-22,5.6,5.62,5.54,5.57,134479
2016-09-23,5.57,5.59,5.48,5.51,93951
2016-09-26,5.49,5.5,5.36,5.37,118825
2016-09-27,5.41,5.45,5.37,5.45,99510
2016-09-28,5.45,5.53,5.42,5.49,84568
2016-09-29,5.49,5.54,5.46,5.48,68763
2016-09-30,5.47,5.51,5.46,5.48,59874
2016-10-10,5.51,5.66,5.49,5.64,137462
2016-10-11,5.58,5.67,5.54,5.67,146752
2016-10-12,5.63,5.7,5.61,5.66,125854
2016-10-13,5.66,5.68,5.56,5.63,94183
2016-10-14,5.6,5.63,5.53,5.57,93238
2016-10-17,5.59,5.59,5.45,5.46,101549
2016-10-18,5.46,5.53,5.42,5.52,298114
2016-10-19,5.52,5.57,5.5,5.5,168574
2016-10-20,5.53,5.54,5.43,5.51,142067
2016-10-21,5.51,5.56,5.46,5.54,144710
2016-10-24,5.54,5.67,5.5,5.66,262922
2016-10-25,5.67,5.68,5.56,5.63,246882
2016-10-26,5.62,5.67,5.59,5.61,163957
2016-10-27,5.61,5.66,5.59,5.65,108810
2016-10-28,5.66,5.66,5.59,5.6,79395
2016-10-31,5.57,5.58,5.47,5.51,203458
2016-11-01,5.51,5.58,5.48,5.58,94002
2016-11-02,5.55,5.6,5.48,5.49,109514
2016-11-03,5.49,5.61,5.47,5.59,139477
2016-11-04,5.55,5.6,5.5,5.53,109802
2016-11-07,5.54,5.58,5.5,5.55,70148
2016-11-08,5.58,5.68,5.56,5.63,119481
2016-11-09,5.64,5.66,5.48,5.52,116185
2016-11-10,5.56,5.66,5.56,5.61,128885
2016-11-11,5.6,5.68,5.58,5.68,143988
2016-11-14,5.71,5.73,5.65,5.66,156666
2016-11-15,5.69,5.69,5.64,5.67,73599
2016-11-16,5.67,5.79,5.66,5.76,142919
2016-11-17,5.75,5.93,5.73,5.86,256291
2016-11-18,5.87,5.94,5.79,5.82,152279
2016-11-21,5.81,6.04,5.78,5.88,274304
2016-11-22,5.89,5.9,5.84,5.86,128362
2016-11-23,5.89,5.9,5.79,5.81,208519
2016-11-24,5.79,5.9,5.77,5.8,187627
2016-11-25,5.83,5.91,5.79,5.88,230233
2016-11-28,5.9,5.99,5.81,5.85,319381
2016-11-29,5.87,6.19,5.84,6.13,542871
2016-11-30,6.1,6.14,5.93,6.0,258891
2016-12-01,5.99,6.19,5.96,6.09,279681
2016-12-02,6.11,6.24,6.05,6.14,310930
2016-12-05,6.0,6.06,5.83,5.87,326495
2016-12-06,5.89,5.94,5.85,5.86,98236
2016-12-07,5.86,5.91,5.81,5.91,117952
2016-12-08,5.92,5.94,5.83,5.86,103703
2016-12-09,5.87,5.98,5.83,5.92,122905
2016-12-12,5.91,5.93,5.72,5.73,305961
2016-12-13,5.73,5.76,5.6,5.71,150266
2016-12-14,5.69,5.73,5.64,5.65,118465
2016-12-15,5.64,5.66,5.41,5.43,290003
2016-12-16,5.45,5.48,5.44,5.46,141167
2016-12-19,5.46,5.57,5.44,5.49,87254
2016-12-20,5.51,5.53,5.4,5.44,111533
2016-12-21,5.48,5.59,5.47,5.55,96267
2016-12-22,5.51,5.62,5.51,5.59,108365
2016-12-23,5.56,5.59,5.45,5.52,69537
2016-12-26,5.5,5.5,5.38,5.46,96017
2016-12-27,5.46,5.52,5.43,5.44,79952
2016-12-28,5.44,5.47,5.35,5.39,94376
2016-12-29,5.39,5.45,5.35,5.43,63873
2016-12-30,5.44,5.51,5.43,5.51,98942
2017-01-03,5.51,5.56,5.48,5.54,101966
2017-01-04,5.56,5.6,5.52,5.58,76529
2017-01-05,5.58,5.63,5.53,5.55,89780
2017-01-06,5.55,5.65,5.54,5.55,89160
2017-01-09,5.56,5.59,5.53,5.56,99726
2017-01-10,5.55,5.6,5.5,5.53,89397
2017-01-11,5.52,5.56,5.46,5.5,143796
2017-01-12,5.5,5.51,5.4,5.44,120157
2017-01-13,5.43,5.5,5.38,5.46,139272
2017-01-16,5.44,5.65,5.39,5.59,386510
2017-01-17,5.56,5.59,5.51,5.56,123346
2017-01-18,5.56,5.64,5.54,5.61,118015
2017-01-19,5.6,5.64,5.58,5.61,51569
2017-01-20,5.59,5.64,5.58,5.63,90604
2017-01-23,5.63,5.66,5.58,5.63,150833
2017-01-24,5.62,5.71,5.61,5.68,135397
2017-01-25,5.66,5.71,5.65,5.66,59033
2017-01-26,5.67,5.69,5.62,5.65,95545
2017-02-03,5.65,5.67,5.55,5.56,62834
2017-02-06,5.56,5.65,5.55,5.63,81153
2017-02-07,5.61,5.66,5.57,5.58,85183
2017-02-08,5.59,5.67,5.57,5.65,106648
2017-02-09,5.66,5.67,5.6,5.63,151940
2017-02-10,5.62,5.67,5.59,5.65,174046
2017-02-13,5.65,5.74,5.63,5.69,216136
2017-02-14,5.68,5.72,5.67,5.69,137012
2017-02-15,5.7,5.82,5.67,5.7,229866
2017-02-16,5.7,5.82,5.69,5.8,194060
2017-02-17,5.78,5.82,5.69,5.7,154240
2017-02-20,5.7,5.78,5.67,5.73,386775
2017-02-21,5.74,5.8,5.73,5.77,212414
2017-02-22,5.77,5.8,5.73,5.79,157118
2017-02-23,5.79,5.85,5.74,5.77,209775
2017-02-24,5.76,5.8,5.74,5.75,118586
2017-02-27,5.74,5.77,5.66,5.66,156212
2017-02-28,5.67,5.68,5.62,5.65,113823
2017-03-01,5.67,5.7,5.64,5.66,86870
2017-03-02,5.68,5.72,5.61,5.63,148641
2017-03-03,5.61,5.62,5.55,5.61,186521
2017-03-06,5.6,5.64,5.58,5.63,131953
2017-03-07,5.62,5.63,5.56,5.6,103317
2017-03-08,5.61,5.62,5.57,5.61,90626
2017-03-09,5.63,5.63,5.55,5.62,113516
2017-03-10,5.6,5.63,5.59,5.61,109961
2017-03-13,5.6,5.64,5.56,5.63,153298
2017-03-14,5.65,5.69,5.62,5.68,102439
2017-03-15,5.81,6.07,5.81,5.88,659361
2017-03-16,5.83,5.92,5.81,5.84,178899
2017-03-17,5.85,6.02,5.82,5.88,323629
2017-03-20,5.91,6.06,5.91,6.03,388326
2017-03-21,6.02,6.1,5.99,6.03,205743
2017-03-22,6.01,6.01,5.89,5.96,159118
2017-03-23,5.93,6.02,5.86,5.9,197452
2017-03-24,5.92,5.99,5.87,5.91,212324
2017-03-27,5.92,5.96,5.82,5.85,163587
2017-03-28,5.88,5.88,5.72,5.78,158854
2017-03-29,5.8,5.84,5.73,5.78,124432
2017-03-30,5.78,5.84,5.71,5.81,191946
2017-03-31,5.8,5.93,5.79,5.86,201763
2017-04-05,5.87,5.93,5.84,5.88,137613
2017-04-06,5.88,5.95,5.88,5.94,141250
2017-04-07,5.93,6.1,5.92,6.06,295027
2017-04-10,6.07,6.14,6.01,6.09,171670
2017-04-11,6.05,6.12,5.87,5.98,271544
2017-04-12,5.96,6.22,5.93,6.17,293119
2017-04-13,6.14,6.36,6.09,6.27,243533
2017-04-14,6.25,6.31,6.03,6.1,163387
2017-04-17,6.09,6.1,5.98,6.04,199059
2017-04-18,6.02,6.09,6.01,6.04,102172
2017-04-19,6.01,6.1,5.91,6.07,275407
2017-04-20,6.06,6.19,6.04,6.09,154490
2017-04-21,6.1,6.21,6.06,6.2,142813
2017-04-24,6.21,6.28,6.02,6.27,264012
2017-04-25,6.2,6.27,6.18,6.22,129440
2017-04-26,6.26,6.31,6.14,6.28,208350
2017-04-27,6.24,6.25,6.12,6.2,120109
2017-04-28,6.18,6.21,6.13,6.2,68193
2017-05-02,6.19,6.29,6.15,6.18,99026
2017-05-03,6.19,6.26,6.1,6.13,160408
2017-05-04,6.13,6.15,6.04,6.11,126754
2017-05-05,6.07,6.17,6.06,6.14,166049
2017-05-08,6.1,6.25,6.06,6.24,266692
2017-05-09,6.21,6.25,6.1,6.11,161260
2017-05-10,6.12,6.16,6.06,6.1,95278
2017-05-11,6.06,6.23,6.03,6.21,243583
2017-05-12,6.2,6.23,6.15,6.2,91502
2017-05-15,6.2,6.24,6.14,6.19,129889
2017-05-16,6.18,6.34,6.15,6.33,183654
2017-05-17,6.34,6.49,6.28,6.3,212870
2017-05-18,6.26,6.35,6.24,6.3,120852
2017-05-19,6.14,6.22,6.05,6.11,356293
2017-05-22,6.12,6.12,6.0,6.11,285182
2017-05-23,6.09,6.24,6.08,6.23,331694
2017-05-24,6.2,6.2,6.05,6.15,200980
2017-05-25,6.15,6.21,6.09,6.18,146740
2017-05-26,6.15,6.28,6.13,6.22,143251
2017-05-31,6.23,6.38,6.15,6.36,293267
2017-06-01,6.33,6.51,6.3,6.45,287072
2017-06-02,6.42,6.51,6.39,6.42,158258
2017-06-05,6.43,6.52,6.35,6.39,138440
2017-06-06,6.39,6.47,6.3,6.4,184943
2017-06-07,6.45,6.45,6.32,6.35,346678
2017-06-08,6.37,6.42,6.32,6.42,202642
2017-06-09,6.42,6.52,6.38,6.46,342385
2017-06-12,6.48,6.57,6.43,6.48,203201
2017-06-13,6.48,6.5,6.42,6.45,124719
2017-06-14,6.44,6.47,6.3,6.32,183786
2017-06-15,6.29,6.36,6.29,6.34,122508
2017-06-16,6.33,6.34,6.3,6.32,65670
2017-06-19,6.31,6.36,6.29,6.35,85304
2017-06-20,6.36,6.38,6.3,6.33,79508
2017-06-21,6.36,6.47,6.31,6.46,158360
2017-06-22,6.5,6.65,6.44,6.45,318470
2017-06-23,6.43,6.57,6.43,6.56,181373
2017-06-26,6.56,6.66,6.53,6.63,235641
2017-06-27,6.61,6.69,6.56,6.63,117842
2017-06-28,6.6,6.64,6.55,6.59,88050
2017-06-29,6.56,6.66,6.56,6.66,137261
2017-06-30,6.63,6.66,6.58,6.63,101903
2017-07-03,6.62,6.65,6.55,6.57,127100
2017-07-04,6.58,6.59,6.53,6.57,87575
2017-07-05,6.54,6.68,6.54,6.67,161388
2017-07-06,6.69,6.74,6.63,6.7,136443
2017-07-07,6.67,6.86,6.65,6.85,147485
2017-07-10,6.82,6.85,6.72,6.76,140590
2017-07-11,6.75,6.81,6.73,6.78,117504
2017-07-12,6.78,6.86,6.69,6.74,125297
2017-07-13,6.77,6.77,6.68,6.71,153120
2017-07-14,6.81,6.84,6.72,6.81,114265
2017-07-17,6.82,6.85,6.53,6.65,184114
2017-07-18,6.62,6.75,6.6,6.71,106028
2017-07-19,6.69,6.84,6.68,6.77,193437
2017-07-20,6.77,6.99,6.74,6.96,223330
2017-07-21,6.92,7.19,6.92,7.12,253025
2017-07-24,7.15,7.5,7.07,7.34,263194
2017-07-25,7.33,7.33,7.16,7.18,145729
2017-07-26,7.19,7.26,7.13,7.17,104741
2017-07-27,7.18,7.2,7.01,7.08,183445
2017-07-28,7.09,7.27,7.02,7.19,143517
2017-07-31,7.19,7.2,7.09,7.11,129232
2017-08-01,7.13,7.23,7.09,7.23,104234
2017-08-02,7.26,7.33,7.09,7.11,122779
2017-08-03,7.09,7.16,7.03,7.06,125861
2017-08-04,7.06,7.1,6.98,6.99,120407
2017-08-07,7.01,7.01,6.81,6.85,255487
2017-08-08,6.87,6.93,6.82,6.92,111575
2017-08-09,6.9,6.91,6.76,6.88,135109
2017-08-10,6.81,7.09,6.81,7.06,161719
2017-08-11,7.01,7.04,6.88,6.88,157130
2017-08-14,6.86,6.91,6.82,6.85,166236
2017-08-15,6.89,6.97,6.85,6.96,90080
2017-08-16,6.95,6.98,6.86,6.91,86377
2017-08-17,6.92,6.93,6.87,6.92,94480
2017-08-18,6.91,6.95,6.89,6.91,61975
2017-08-21,6.93,6.96,6.91,6.92,60007
2017-08-22,6.93,6.95,6.85,6.88,92566
2017-08-23,6.88,6.9,6.84,6.88,67126
2017-08-24,6.88,6.9,6.8,6.82,116492
2017-08-25,6.86,6.89,6.82,6.88,77342
2017-08-28,6.88,6.93,6.78,6.82,261925
2017-08-29,6.83,6.89,6.82,6.86,102396
2017-08-30,6.85,6.87,6.78,6.83,126355
2017-08-31,6.78,6.85,6.78,6.8,103119
2017-09-01,6.79,6.83,6.65,6.65,282774
2017-09-04,6.65,6.72,6.6,6.7,132665
2017-09-05,6.71,6.72,6.64,6.68,90509
2017-09-06,6.68,6.71,6.63,6.67,66967
2017-09-07,6.67,6.69,6.64,6.64,97564
2017-09-08,6.65,6.81,6.64,6.8,166365
2017-09-11,6.81,6.89,6.8,6.85,120205
2017-09-12,6.85,6.89,6.77,6.8,140371
2017-09-13,6.78,6.82,6.76,6.77,56135
2017-09-14,6.78,6.78,6.71,6.72,90575
2017-09-15,6.71,6.75,6.68,6.72,97109
2017-09-18,6.68,6.76,6.68,6.72,105661
2017-09-19,6.72,6.78,6.69,6.73,121677
2017-09-20,6.72,6.77,6.7,6.72,40614
2017-09-21,6.72,6.75,6.64,6.65,88442
2017-09-22,6.64,6.66,6.57,6.61,83965
2017-09-25,6.59,6.61,6.54,6.57,93368
2017-09-26,6.57,6.62,6.57,6.58,38813
2017-09-27,6.6,6.61,6.57,6.59,41157
2017-09-28,6.59,6.6,6.5,6.52,90999
2017-09-29,6.53,6.58,6.49,6.53,67207
2017-10-09,6.59,6.62,6.54,6.58,81639
2017-10-10,6.57,6.67,6.51,6.64,89506
2017-10-11,6.7,6.79,6.66,6.78,135987
2017-10-12,6.78,6.83,6.76,6.77,97453
2017-10-13,6.77,6.82,6.75,6.75,59400
2017-10-16,6.77,6.82,6.68,6.7,111743
2017-10-17,6.72,6.74,6.68,6.68,47421
2017-10-18,6.68,6.76,6.66,6.75,91001
2017-10-19,6.76,6.93,6.73,6.89,133541
2017-10-20,6.88,7.04,6.79,6.96,164774
2017-10-23,7.01,7.03,6.93,6.98,86085
2017-10-24,6.99,7.01,6.92,6.98,94134
2017-10-25,7.07,7.09,6.98,6.99,95619
2017-10-26,7.02,7.16,7.01,7.12,215431
2017-10-27,7.16,7.24,7.12,7.16,132262
2017-10-30,7.15,7.26,7.09,7.21,157261
2017-10-31,7.22,7.24,7.06,7.12,135545
2017-11-01,7.14,7.22,7.06,7.17,193995
2017-11-02,7.18,7.18,7.03,7.05,105851
2017-11-03,7.05,7.07,6.91,6.95,101355
2017-11-06,6.99,7.16,6.91,7.11,130509
2017-11-07,7.16,7.34,7.09,7.31,172498
2017-11-08,7.41,7.46,7.21,7.23,217030
2017-11-09,7.3,7.4,7.26,7.4,102945
2017-11-10,7.42,7.54,7.37,7.48,175371
2017-11-13,7.52,7.58,7.29,7.34,164517
2017-11-14,7.38,7.46,7.23,7.27,138531
2017-11-15,7.27,7.33,7.13,7.16,162617
2017-11-16,7.18,7.21,7.12,7.17,118016
2017-11-17,7.22,7.29,7.13,7.21,210421
2017-11-20,7.22,7.39,7.17,7.27,177590
2017-11-21,7.26,7.67,7.26,7.65,274837
2017-11-22,7.73,7.95,7.64,7.72,318847
2017-11-23,7.78,7.87,7.52,7.57,244914
2017-11-24,7.6,7.63,7.41,7.46,175077
2017-11-27,7.45,7.5,7.26,7.31,132140
2017-11-28,7.27,7.38,7.23,7.32,101901
2017-11-29,7.28,7.36,7.08,7.14,175970
2017-11-30,7.11,7.19,7.01,7.05,95283
2017-12-01,7.04,7.15,7.02,7.09,128700
2017-12-04,7.08,7.11,7.02,7.04,117912
2017-12-05,7.03,7.16,7.01,7.03,156081
2017-12-06,7.03,7.04,6.9,6.95,127243
2017-12-07,6.96,7.06,6.9,6.93,149616
2017-12-08,6.91,7.04,6.88,7.02,115178
2017-12-11,7.01,7.15,6.96,7.14,106534
2017-12-12,7.12,7.12,7.03,7.07,78907
2017-12-13,7.06,7.13,6.97,7.12,103925
2017-12-14,7.14,7.14,7.04,7.11,74905
2017-12-15,7.12,7.18,7.03,7.05,101938
2017-12-18,7.04,7.08,7.02,7.06,79262
2017-12-19,7.03,7.08,7.01,7.05,61265
2017-12-20,7.07,7.15,7.06,7.14,81546
2017-12-21,7.15,7.35,7.11,7.32,161048
2017-12-22,7.3,7.39,7.24,7.3,136443
2017-12-25,7.3,7.49,7.2,7.23,174266
2017-12-26,7.25,7.36,7.09,7.35,266925
2017-12-27,7.33,7.37,7.22,7.23,189304
2017-12-28,7.24,7.41,7.16,7.29,168227
2017-12-29,7.33,7.37,7.24,7.29,86896
2018-01-02,7.33,7.59,7.27,7.53,273891
2018-01-03,7.51,7.65,7.48,7.54,230584
2018-01-04,7.55,7.67,7.47,7.54,171209
2018-01-05,7.51,7.66,7.48,7.58,179490
2018-01-08,7.58,7.71,7.5,7.69,187268
2018-01-09,7.36,7.49,7.17,7.24,564026
2018-01-10,7.23,7.27,7.07,7.19,227937
2018-01-11,7.16,7.22,7.13,7.17,79977
2018-01-12,7.17,7.22,7.08,7.11,163611
2018-01-15,7.06,7.08,6.95,7.0,179852
2018-01-16,6.98,7.06,6.92,6.98,194733
2018-01-17,6.95,6.99,6.85,6.96,166484
2018-01-18,6.95,6.98,6.86,6.96,151931
2018-01-19,6.95,7.04,6.89,6.99,160326
2018-01-22,6.97,7.02,6.93,7.01,111037
2018-01-23,7.01,7.05,6.96,7.0,147308
2018-01-24,7.01,7.02,6.88,6.98,159043
2018-01-25,6.95,7.08,6.92,7.04,133628
2018-01-26,7.02,7.1,7.01,7.05,104313
2018-01-29,7.05,7.07,6.84,6.88,177054
2018-01-30,6.87,6.95,6.84,6.87,127738
2018-01-31,6.87,6.94,6.83,6.84,91677
2018-02-01,6.88,6.88,6.64,6.68,123279
2018-02-02,6.68,6.8,6.61,6.76,99680
2018-02-05,6.68,6.83,6.66,6.76,149052
2018-02-06,6.66,6.72,6.46,6.47,160272
2018-02-07,6.53,6.61,6.34,6.39,152758
2018-02-08,6.38,6.45,6.27,6.38,139087
2018-02-09,6.21,6.26,5.77,5.91,239857
2018-02-12,5.95,6.2,5.91,6.05,130077
2018-02-13,6.11,6.28,6.03,6.08,95759
2018-02-14,6.08,6.31,6.05,6.2,89533
2018-02-22,6.29,6.29,6.06,6.14,406582
2018-02-23,6.15,6.23,6.09,6.16,208522
2018-02-26,6.23,6.28,6.15,6.26,162549
2018-02-27,6.23,6.37,6.21,6.33,176112
2018-02-28,6.28,6.35,6.27,6.29,89713
2018-03-01,6.28,6.42,6.25,6.39,120232
2018-03-02,6.35,6.42,6.32,6.37,106847
2018-03-05,6.37,6.42,6.36,6.42,61235
2018-03-06,6.42,6.49,6.35,6.47,72405
2018-03-07,6.47,6.55,6.44,6.48,69572
2018-03-08,6.47,6.62,6.47,6.61,64569
2018-03-09,6.63,6.66,6.52,6.58,78937
2018-03-12,6.59,6.63,6.52,6.56,83424
2018-03-13,6.56,6.57,6.5,6.5,65313
2018-03-14,6.51,6.61,6.5,6.56,66232
2018-03-15,6.55,6.58,6.42,6.45,62897
2018-03-16,6.49,6.49,6.38,6.41,45510
2018-03-19,6.39,6.39,6.26,6.29,86307
2018-03-20,6.28,6.29,6.2,6.28,63785
2018-03-21,6.26,6.4,6.24,6.29,86471
2018-03-22,6.25,6.31,6.19,6.2,76066
2018-03-23,6.03,6.11,5.9,5.99,188660
2018-03-26,5.9,6.06,5.85,6.05,84783
2018-03-27,6.08,6.17,6.02,6.06,80030
2018-03-28,5.98,6.13,5.95,5.97,117387
2018-03-29,5.99,6.13,5.94,6.05,96286
2018-03-30,6.29,6.47,6.17,6.21,204627
2018-04-02,6.12,6.28,6.11,6.13,134087
2018-04-03,6.11,6.24,6.09,6.2,113881
2018-04-04,6.21,6.35,6.18,6.22,110917
2018-04-09,6.19,6.26,6.11,6.15,96974
2018-04-10,6.15,6.2,6.13,6.2,92633
2018-04-11,6.21,6.29,6.19,6.26,90767
2018-04-12,6.25,6.26,6.16,6.19,55931
2018-04-13,6.21,6.23,6.08,6.08,61357
2018-04-16,6.03,6.1,5.98,6.0,98176
2018-04-17,6.01,6.06,5.93,5.95,80367
2018-04-18,5.99,6.01,5.85,5.94,98626
2018-04-19,5.96,6.0,5.83,5.88,109503
2018-04-20,5.86,5.93,5.84,5.86,103320
2018-04-23,5.89,5.91,5.81,5.86,80962
2018-04-24,5.88,6.01,5.88,5.99,109634
2018-04-25,5.97,6.04,5.94,5.99,54322
2018-04-26,5.98,6.01,5.86,5.89,72642
2018-04-27,5.89,5.98,5.86,5.95,65411
2018-05-02,5.95,6.04,5.85,5.91,162390
2018-05-03,5.87,5.94,5.85,5.9,115357
2018-05-04,5.89,5.92,5.82,5.9,146275
2018-05-07,5.9,6.08,5.87,6.04,161959
2018-05-08,6.03,6.15,6.01,6.1,85769
2018-05-09,6.1,6.25,6.07,6.23,89407
2018-05-10,6.21,6.3,6.17,6.21,114568
2018-05-11,6.22,6.25,6.18,6.22,53181
2018-05-14,6.27,6.29,6.13,6.18,90363
2018-05-15,6.2,6.34,6.17,6.33,119100
2018-05-16,6.32,6.33,6.22,6.26,115284
2018-05-17,6.24,6.48,6.24,6.44,152161
2018-05-18,6.41,6.46,6.33,6.45,99052
2018-05-21,6.45,6.51,6.41,6.46,81830
2018-05-22,6.47,6.48,6.4,6.45,62679
2018-05-23,6.4,6.61,6.4,6.55,158519
2018-05-24,6.55,6.57,6.4,6.45,79085
2018-05-25,6.43,6.55,6.37,6.44,91675
2018-05-28,6.46,6.5,6.4,6.48,76417
2018-05-29,6.47,6.58,6.4,6.56,102205
2018-05-30,6.51,6.53,6.36,6.37,148476
2018-05-31,6.41,6.53,6.34,6.5,92512
2018-06-01,6.44,6.47,6.37,6.39,72920
2018-06-04,6.41,6.56,6.4,6.54,69998
2018-06-05,6.53,6.61,6.43,6.57,101653
2018-06-06,6.57,6.7,6.5,6.68,93301
2018-06-07,6.68,6.68,6.48,6.51,88135
2018-06-08,6.53,6.53,6.34,6.36,75949
2018-06-11,6.34,6.38,6.27,6.31,59178
2018-06-12,6.33,6.4,6.25,6.35,66806
2018-06-13,6.33,6.62,6.32,6.52,109565
2018-06-14,6.48,6.72,6.47,6.6,137251
2018-06-15,6.62,6.67,6.47,6.51,80706
2018-06-19,6.46,6.49,6.04,6.15,131140
2018-06-20,6.17,6.21,6.1,6.11,85190
2018-06-21,6.13,6.26,6.12,6.15,63081
2018-06-22,6.12,6.16,6.06,6.13,63259
2018-06-25,6.16,6.17,6.05,6.08,65449
2018-06-26,6.01,6.07,5.8,5.85,104895
2018-06-27,5.88,5.96,5.67,5.73,90342
2018-06-28,5.83,5.83,5.66,5.72,67815
2018-06-29,5.74,5.84,5.65,5.83,134138
2018-07-02,5.81,5.89,5.6,5.63,113653
2018-07-03,5.62,5.67,5.51,5.66,99225
2018-07-04,5.66,5.73,5.61,5.66,91098
2018-07-05,5.63,5.69,5.4,5.43,118536
2018-07-06,5.44,5.46,5.27,5.31,101606
2018-07-09,5.38,5.49,5.33,5.46,124300
2018-07-10,5.45,5.54,5.45,5.51,91772
2018-07-11,5.37,5.4,5.3,5.39,73920
2018-07-12,5.43,5.63,5.41,5.62,88478
2018-07-13,5.61,5.61,5.54,5.6,51568
2018-07-16,5.59,5.62,5.57,5.61,55431
2018-07-17,5.64,5.67,5.58,5.63,52500
2018-07-18,5.63,5.96,5.62,5.79,91339
2018-07-19,5.84,5.98,5.8,5.97,97292
2018-07-20,5.94,5.97,5.83,5.95,70228
2018-07-23,5.96,6.05,5.89,6.03,62103
2018-07-24,6.01,6.06,5.98,6.03,77553
2018-07-25,6.01,6.01,5.88,5.92,72049
2018-07-26,5.94,6.06,5.89,6.03,85858
2018-07-27,6.03,6.2,6.0,6.07,63221
2018-07-30,6.08,6.24,6.04,6.19,101262
2018-07-31,6.22,6.27,6.13,6.23,82784
2018-08-01,6.22,6.26,6.14,6.18,75952
2018-08-02,6.14,6.18,5.9,5.96,89114
2018-08-03,5.97,6.08,5.92,5.98,88895
2018-08-06,5.98,6.08,5.85,5.97,112771
2018-08-07,5.96,6.15,5.95,6.07,79277
2018-08-08,6.04,6.18,6.02,6.13,89102
2018-08-09,6.11,6.31,6.02,6.2,98332
2018-08-10,6.18,6.29,6.05,6.15,79700
2018-08-13,6.12,6.12,6.0,6.07,46750
2018-08-14,6.08,6.1,5.92,5.93,46226
2018-08-15,6.01,6.03,5.76,5.78,75026
2018-08-16,5.72,5.79,5.66,5.68,71838
2018-08-17,5.7,5.79,5.66,5.68,75754
2018-08-20,5.74,5.74,5.59,5.7,109483
2018-08-21,5.71,5.77,5.65,5.71,61356
2018-08-22,5.71,5.72,5.56,5.58,66478
2018-08-23,5.59,5.62,5.52,5.6,48883
2018-08-24,5.59,5.59,5.49,5.58,51043
2018-08-27,5.55,5.7,5.54,5.67,69127
2018-08-28,5.68,5.71,5.61,5.63,50181
2018-08-29,5.65,5.66,5.55,5.58,41010
2018-08-30,5.54,5.6,5.54,5.58,33680
2018-08-31,5.55,5.57,5.46,5.49,72671
2018-09-03,5.48,5.48,5.38,5.43,69324
2018-09-04,5.43,5.49,5.41,5.48,50721
2018-09-05,5.45,5.53,5.42,5.45,41169
2018-09-06,5.45,5.48,5.37,5.41,26367
2018-09-07,5.41,5.47,5.39,5.41,27930
2018-09-10,5.44,5.6,5.42,5.44,66913
2018-09-11,5.46,5.49,5.38,5.42,46829
2018-09-12,5.42,5.45,5.39,5.39,23583
2018-09-13,5.42,5.44,5.36,5.4,56631
2018-09-14,5.4,5.42,5.34,5.36,52776
2018-09-17,5.36,5.4,5.33,5.35,31820
2018-09-18,5.35,5.45,5.32,5.43,73775
2018-09-19,5.42,5.57,5.41,5.47,112874
2018-09-20,5.5,5.5,5.42,5.46,39657
2018-09-21,5.45,5.62,5.43,5.59,73425
2018-09-25,5.53,5.6,5.53,5.55,28739
2018-09-26,5.57,5.67,5.54,5.59,58809
2018-09-27,5.61,5.77,5.59,5.72,75053
2018-09-28,5.71,5.84,5.71,5.76,56289
2018-10-08,5.58,5.75,5.58,5.66,87994
2018-10-09,5.67,5.72,5.55,5.56,54245
2018-10-10,5.57,5.67,5.57,5.63,34664
2018-10-11,5.51,5.55,5.27,5.3,101796
2018-10-12,5.29,5.43,5.27,5.41,68362
2018-10-15,5.46,5.47,5.36,5.41,37153
2018-10-16,5.41,5.42,5.31,5.39,44284
2018-10-17,5.43,5.46,5.33,5.35,45914
2018-10-18,5.34,5.34,5.15,5.21,80538
2018-10-19,5.19,5.35,5.08,5.34,70034
2018-10-22,5.33,5.66,5.31,5.6,95674
2018-10-23,5.59,5.6,5.43,5.45,54606
2018-10-24,5.45,5.55,5.4,5.45,46707
2018-10-25,5.3,5.42,5.3,5.38,52608
2018-10-26,5.39,5.52,5.39,5.47,47634
2018-10-29,5.48,5.51,5.28,5.33,73767
2018-10-30,5.29,5.47,5.29,5.31,77462
2018-10-31,5.41,5.49,5.4,5.44,70324
2018-11-01,5.45,5.53,5.43,5.47,84046
2018-11-02,5.53,5.6,5.49,5.6,115199
2018-11-05,5.58,5.61,5.47,5.54,58406
2018-11-06,5.54,5.56,5.5,5.52,42024
2018-11-07,5.53,5.56,5.45,5.46,68305
2018-11-08,5.51,5.53,5.41,5.42,53832
2018-11-09,5.41,5.46,5.26,5.32,85419
2018-11-12,5.34,5.49,5.29,5.46,80206
2018-11-13,5.39,5.56,5.36,5.53,67252
2018-11-14,5.5,5.64,5.5,5.57,76259
2018-11-15,5.54,5.62,5.53,5.62,49955
2018-11-16,5.61,5.68,5.58,5.67,57004
2018-11-19,5.65,5.7,5.62,5.7,67417
2018-11-20,5.68,5.72,5.54,5.54,50154
2018-11-21,5.56,5.71,5.54,5.71,63268
2018-11-22,5.71,5.72,5.61,5.61,30392
2018-11-23,5.63,5.63,5.44,5.48,56340
2018-11-26,5.44,5.48,5.42,5.43,60971
2018-11-27,5.46,5.47,5.36,5.36,48457
2018-11-28,5.37,5.42,5.35,5.41,44898
2018-11-29,5.43,5.47,5.34,5.36,44822
2018-11-30,5.33,5.42,5.33,5.39,35497
2018-12-03,5.5,5.58,5.48,5.55,70598
2018-12-04,5.55,5.6,5.53,5.59,43454
2018-12-05,5.54,5.64,5.51,5.61,53579
2018-12-06,5.58,5.59,5.48,5.49,57060
2018-12-07,5.51,5.55,5.48,5.55,47594
2018-12-10,5.55,5.58,5.49,5.52,54697
2018-12-11,5.52,5.54,5.45,5.49,61059
2018-12-12,5.49,5.55,5.47,5.55,60820
2018-12-13,5.56,5.7,5.51,5.68,88956
2018-12-14,5.65,5.71,5.61,5.64,89232
2018-12-17,5.67,5.67,5.58,5.66,102456
2018-12-18,5.6,5.76,5.6,5.74,126156
2018-12-19,5.73,5.82,5.69,5.74,105618
2018-12-20,5.74,5.8,5.63,5.7,93095
2018-12-21,5.7,5.78,5.66,5.78,127264
2018-12-24,5.78,5.8,5.68,5.74,58543
2018-12-25,5.68,5.72,5.59,5.7,88449
2018-12-26,5.68,5.79,5.66,5.77,75846
2018-12-27,5.84,5.99,5.79,5.95,114264
2018-12-28,5.94,6.06,5.84,6.05,126990
2019-01-02,6.05,6.06,5.8,5.85,59801
2019-01-03,5.82,5.9,5.71,5.75,63769
2019-01-04,5.74,5.82,5.69,5.75,88912
2019-01-07,5.76,5.79,5.69,5.77,85358
2019-01-08,5.77,5.8,5.67,5.77,77534
2019-01-09,5.77,5.88,5.74,5.74,67409
2019-01-10,5.75,5.77,5.63,5.66,83892
2019-01-11,5.69,5.71,5.63,5.67,36108
2019-01-14,5.74,5.78,5.7,5.74,74795
2019-01-15,5.76,5.76,5.63,5.73,65692
2019-01-16,5.73,5.78,5.7,5.77,74991
2019-01-17,5.79,5.93,5.76,5.9,101144
2019-01-18,5.88,6.21,5.86,6.14,158337
2019-01-21,6.2,6.3,6.11,6.19,122831
2019-01-22,6.23,6.3,6.07,6.17,96448
2019-01-23,6.19,6.28,6.14,6.22,67718
2019-01-24,6.26,6.3,6.23,6.26,65774
2019-01-25,6.3,6.34,6.22,6.25,71436
2019-01-28,6.27,6.39,6.24,6.29,76147
2019-01-29,6.28,6.54,6.25,6.51,112921
2019-01-30,6.48,6.5,6.3,6.36,97306
2019-01-31,6.36,6.58,6.33,6.48,104413
2019-02-01,6.46,6.61,6.46,6.52,100710
2019-02-11,6.56,6.73,6.55,6.67,75557
2019-02-12,6.68,6.73,6.57,6.65,96131
2019-02-13,6.65,6.71,6.61,6.64,78755
2019-02-14,6.66,6.68,6.61,6.66,57557
2019-02-15,6.63,6.64,6.38,6.45,128034
2019-02-18,6.51,6.59,6.48,6.53,138893
2019-02-19,6.58,6.58,6.43,6.44,110074
2019-02-20,6.47,6.53,6.41,6.43,153167
2019-02-21,6.43,6.5,6.38,6.43,82210
2019-02-22,6.41,6.43,6.3,6.42,146754
2019-02-25,6.44,6.69,6.39,6.66,217108
2019-02-26,6.66,6.83,6.59,6.73,178332
2019-02-27,6.68,6.76,6.61,6.66,154522
2019-02-28,6.65,6.7,6.53,6.58,123804
2019-03-01,6.6,6.65,6.55,6.65,123034
2019-03-04,6.65,6.72,6.58,6.68,272484
2019-03-05,6.65,6.66,6.57,6.63,157020
2019-03-06,6.59,6.81,6.58,6.8,241082
2019-03-07,6.76,6.82,6.6,6.73,205532
2019-03-08,6.57,6.7,6.48,6.49,150827
2019-03-11,6.52,6.59,6.44,6.59,152310
2019-03-12,6.61,6.84,6.54,6.73,222861
2019-03-13,6.72,6.76,6.58,6.64,148687
2019-03-14,6.64,6.73,6.6,6.71,116406
2019-03-15,6.71,6.78,6.59,6.65,109945
2019-03-18,6.93,6.95,6.75,6.85,178983
2019-03-19,6.89,7.23,6.84,7.18,251330
2019-03-20,7.14,7.15,6.95,7.13,173563
2019-03-21,7.07,7.11,7.0,7.03,133801
2019-03-22,7.02,7.07,6.93,7.02,94777
2019-03-25,6.89,6.96,6.86,6.87,148938
2019-03-26,6.91,6.91,6.63,6.64,138105
2019-03-27,6.65,6.75,6.47,6.52,182678
2019-03-28,6.51,6.7,6.5,6.59,173017
2019-03-29,6.59,6.77,6.58,6.71,211866
2019-04-01,6.75,6.84,6.67,6.78,300351
2019-04-02,6.78,6.8,6.73,6.74,163997
2019-04-03,6.69,6.94,6.67,6.92,216475
2019-04-04,6.92,6.97,6.83,6.87,173369
2019-04-08,6.92,6.95,6.77,6.84,197380
2019-04-09,6.84,6.87,6.76,6.8,89814
2019-04-10,6.79,6.86,6.72,6.85,95548
2019-04-11,6.83,6.88,6.71,6.72,93958
2019-04-12,6.71,6.92,6.69,6.88,158577
2019-04-15,6.93,6.96,6.74,6.75,125567
2019-04-16,6.74,6.76,6.6,6.76,183448
2019-04-17,6.74,6.84,6.7,6.84,106296
2019-04-18,6.72,6.72,6.52,6.52,283999
2019-04-19,6.53,6.54,6.42,6.5,192503
2019-04-22,6.51,6.52,6.43,6.45,117521
2019-04-23,6.46,6.47,6.41,6.44,95297
2019-04-24,6.43,6.44,6.36,6.41,113021
2019-04-25,6.41,6.44,6.24,6.28,112962
2019-04-26,6.26,6.28,6.16,6.2,101220
2019-04-29,6.23,6.31,6.19,6.25,87984
2019-04-30,6.25,6.34,6.19,6.24,77864
2019-05-06,6.15,6.15,5.93,5.93,171193
2019-05-07,6.0,6.13,5.93,6.06,118809
2019-05-08,5.99,6.02,5.94,5.97,105324
2019-05-09,5.95,5.97,5.86,5.88,122998
2019-05-10,5.9,6.05,5.88,6.04,97308
2019-05-13,5.96,5.99,5.92,5.96,54937
2019-05-14,5.9,5.97,5.88,5.92,43269
2019-05-15,5.96,6.1,5.93,6.05,60766
2019-05-16,6.01,6.17,6.0,6.15,72671
2019-05-17,6.15,6.15,6.04,6.06,71795
2019-05-20,6.04,6.06,5.87,5.92,95882
2019-05-21,5.94,6.06,5.91,6.05,48712
2019-05-22,6.05,6.19,6.0,6.11,51545
2019-05-23,6.07,6.17,6.06,6.08,39321
2019-05-24,6.08,6.15,6.05,6.1,36098
2019-05-27,6.13,6.2,6.09,6.16,52095
2019-05-28,6.16,6.31,6.13,6.17,144652
2019-05-29,6.22,6.32,6.18,6.27,95481
2019-05-30,6.23,6.39,6.23,6.38,89911
2019-05-31,6.34,6.51,6.34,6.39,68834
2019-06-03,6.39,6.48,6.33,6.47,80212
2019-06-04,6.45,6.51,6.36,6.42,67804
2019-06-05,6.45,6.5,6.35,6.41,61619
2019-06-06,6.39,6.48,6.39,6.47,74434
2019-06-10,6.46,6.6,6.44,6.57,101653
2019-06-11,6.55,6.64,6.53,6.58,102603
2019-06-12,6.57,6.61,6.52,6.58,62048
2019-06-13,6.54,6.62,6.51,6.55,61543
2019-06-14,6.57,6.62,6.44,6.49,87862
2019-06-17,6.51,6.59,6.47,6.5,61330
2019-06-18,6.56,6.68,6.51,6.6,98187
2019-06-19,6.7,6.7,6.51,6.52,99773
2019-06-20,6.54,6.63,6.46,6.53,114159
2019-06-21,6.56,6.62,6.48,6.5,96858
2019-06-24,6.5,6.52,6.47,6.51,53539
2019-06-25,6.48,6.5,6.35,6.39,76338
2019-06-26,6.38,6.4,6.36,6.38,44265
2019-06-27,6.39,6.44,6.37,6.41,55078
2019-06-28,6.4,6.41,6.24,6.28,60981
2019-07-01,6.34,6.44,6.31,6.42,71012
2019-07-02,6.41,6.59,6.38,6.59,93954
2019-07-03,6.56,6.64,6.51,6.62,83751
2019-07-04,6.62,6.66,6.56,6.61,59882
2019-07-05,6.61,6.72,6.58,6.69,89339
2019-07-08,6.65,6.68,6.46,6.6,78262
2019-07-09,6.61,6.71,6.55,6.65,73513
2019-07-10,6.68,6.69,6.64,6.66,36896
2019-07-11,6.67,6.69,6.6,6.66,36512
2019-07-12,6.68,6.71,6.58,6.61,72786
2019-07-15,6.65,6.7,6.5,6.67,75476
2019-07-16,6.69,6.71,6.57,6.64,61961
2019-07-17,6.7,6.7,6.54,6.56,45761
2019-07-18,6.57,6.57,6.48,6.48,35524
2019-07-19,6.5,6.59,6.44,6.5,92233
2019-07-22,6.58,6.58,6.4,6.47,72014
2019-07-23,6.47,6.73,6.45,6.7,73013
2019-07-24,6.73,6.84,6.68,6.77,101127
2019-07-25,6.75,6.85,6.73,6.81,58035
2019-07-26,6.83,6.89,6.8,6.89,58324
2019-07-29,6.9,7.06,6.89,7.03,125475
2019-07-30,7.04,7.11,7.0,7.04,77135
2019-07-31,7.04,7.07,6.98,7.05,56935
2019-08-01,7.09,7.19,7.02,7.16,115985
2019-08-02,7.07,7.1,6.96,7.07,86888
2019-08-05,7.06,7.07,6.88,6.88,107444
2019-08-06,6.83,6.88,6.69,6.87,109703
2019-08-07,6.9,7.17,6.84,6.97,125618
2019-08-08,6.98,7.08,6.94,7.03,87308
2019-08-09,7.03,7.09,6.95,6.96,66591
2019-08-12,7.01,7.03,6.92,6.98,43524
2019-08-13,6.98,7.09,6.92,7.05,78505
2019-08-14,7.12,7.12,7.03,7.07,60935
2019-08-15,7.0,7.12,6.96,7.08,97870
2019-08-16,7.08,7.12,7.01,7.02,63776
2019-08-19,7.05,7.46,7.02,7.4,218803
2019-08-20,7.39,7.45,7.21,7.28,114868
2019-08-21,7.28,7.33,7.1,7.16,98885
2019-08-22,7.16,7.27,7.09,7.25,116053
2019-08-23,7.24,7.38,7.17,7.31,109065
2019-08-26,7.26,7.34,7.2,7.29,116521
2019-08-27,7.31,7.67,7.28,7.51,185642
2019-08-28,7.56,7.75,7.5,7.73,143713
2019-08-29,7.72,7.73,7.59,7.64,79961
2019-08-30,7.69,7.73,7.47,7.57,102512
2019-09-02,7.57,7.72,7.49,7.51,103704
2019-09-03,7.51,7.56,7.45,7.53,82093
2019-09-04,7.51,7.53,7.3,7.36,119396
2019-09-05,7.36,7.53,7.3,7.34,95575
2019-09-06,7.34,7.44,7.26,7.31,90569
2019-09-09,7.36,7.45,7.33,7.43,93253
2019-09-10,7.45,7.45,7.29,7.36,79849
2019-09-11,7.36,7.37,7.27,7.32,48380
2019-09-12,7.32,7.38,7.27,7.37,55398
2019-09-16,7.39,7.59,7.3,7.59,93204
2019-09-17,7.56,7.6,7.29,7.33,89250
2019-09-18,7.34,7.53,7.32,7.42,65901
2019-09-19,7.5,7.55,7.41,7.53,68464
2019-09-20,7.52,7.73,7.51,7.59,169513
2019-09-23,7.71,7.72,7.52,7.6,120468
2019-09-24,7.63,7.76,7.62,7.74,92429
2019-09-25,7.72,7.83,7.66,7.66,87550
2019-09-26,7.7,7.93,7.68,7.72,115325
2019-09-27,7.71,7.76,7.39,7.48,142356
2019-09-30,7.44,7.89,7.43,7.66,120991
2019-10-08,7.66,7.73,7.52,7.68,86950
2019-10-09,7.67,7.68,7.53,7.67,66752
2019-10-10,7.64,7.68,7.53,7.63,61986
2019-10-11,7.62,7.82,7.6,7.8,89376
2019-10-14,7.8,7.87,7.75,7.85,79281
2019-10-15,7.86,7.88,7.79,7.8,65561
2019-10-16,7.78,7.86,7.77,7.83,61663
2019-10-17,7.83,7.87,7.73,7.83,43618
2019-10-18,7.85,7.86,7.76,7.84,64637
2019-10-21,7.78,7.82,7.6,7.77,75192
2019-10-22,7.77,7.8,7.53,7.57,143394
2019-10-23,7.58,7.63,7.37,7.4,64963
2019-10-24,7.47,7.47,7.26,7.34,58943
2019-10-25,7.29,7.38,7.19,7.38,69681
2019-10-28,7.28,7.42,7.28,7.38,54338
2019-10-29,7.38,7.42,7.33,7.36,47765
2019-10-30,7.36,7.48,7.25,7.44,62432
2019-10-31,7.49,7.5,7.23,7.34,69383
2019-11-01,7.29,7.48,7.26,7.46,74821
2019-11-04,7.48,7.54,7.41,7.5,49150
2019-11-05,7.52,7.62,7.41,7.58,77151
2019-11-06,7.6,7.64,7.53,7.6,59737
2019-11-07,7.69,7.85,7.61,7.74,227080
2019-11-08,7.75,7.77,7.59,7.73,218499
2019-11-11,7.56,7.56,7.13,7.22,231244
2019-11-12,7.19,7.3,7.16,7.19,133163
2019-11-13,7.18,7.22,7.02,7.05,68327
2019-11-14,7.05,7.19,7.01,7.02,57812
2019-11-15,7.02,7.06,6.89,6.94,63699
2019-11-18,6.95,7.11,6.8,7.07,73922
2019-11-19,7.04,7.14,7.02,7.08,58315
2019-11-20,7.09,7.11,6.96,6.96,39335
2019-11-21,6.94,7.11,6.93,7.08,37461
2019-11-22,7.1,7.11,6.91,7.08,62065
2019-11-25,7.08,7.21,7.05,7.2,52635
2019-11-26,7.22,7.39,7.19,7.39,180301
2019-11-27,7.32,7.36,7.18,7.22,61357
2019-11-28,7.22,7.29,7.18,7.23,48148
2019-11-29,7.23,7.28,7.17,7.23,48658
2019-12-02,7.21,7.4,7.21,7.37,97083
2019-12-03,7.37,7.41,7.34,7.39,60214
2019-12-04,7.42,7.43,7.37,7.42,43333
2019-12-05,7.42,7.62,7.42,7.62,93444
2019-12-06,7.61,7.61,7.51,7.57,50223
2019-12-09,7.54,7.63,7.41,7.53,70789
2019-12-10,7.5,7.54,7.41,7.48,46233
2019-12-11,7.48,7.54,7.42,7.5,53084
2019-12-12,7.46,7.53,7.42,7.49,64718
2019-12-13,7.49,7.59,7.4,7.49,103789
2019-12-16,7.51,7.52,7.4,7.44,92779
2019-12-17,7.46,7.56,7.41,7.49,78906
2019-12-18,7.5,7.54,7.37,7.39,78604
2019-12-19,7.4,7.61,7.4,7.59,82003
2019-12-20,7.6,7.61,7.45,7.47,82412
2019-12-23,7.47,7.52,7.34,7.36,101339
2019-12-24,7.39,7.42,7.34,7.4,59233
2019-12-25,7.39,7.41,7.33,7.38,39302
2019-12-26,7.39,7.41,7.31,7.39,53308
2019-12-27,7.38,7.44,7.34,7.38,61108
2019-12-30,7.38,7.48,7.29,7.46,85276
2019-12-31,7.48,7.56,7.42,7.53,56319
2020-01-02,7.54,7.63,7.52,7.57,86377
2020-01-03,7.53,7.59,7.45,7.49,63899
2020-01-06,7.49,7.5,7.34,7.37,141967
2020-01-07,7.36,7.48,7.35,7.45,112726
2020-01-08,7.41,7.53,7.4,7.45,132957
2020-01-09,7.44,7.51,7.34,7.39,98033
2020-01-10,7.38,7.47,7.34,7.44,62446
2020-01-13,7.21,7.26,6.95,7.08,302478
2020-01-14,7.06,7.09,7.01,7.04,149920
2020-01-15,7.05,7.08,6.98,7.06,143200
2020-01-16,7.06,7.06,6.89,6.9,90203
2020-01-17,6.94,6.99,6.78,6.84,129163
2020-01-20,6.79,6.84,6.73,6.81,125946
2020-01-21,6.8,6.83,6.69,6.72,133661
2020-01-22,6.69,6.83,6.6,6.79,96273
2020-01-23,6.78,6.88,6.69,6.79,189046
2020-02-03,6.0,6.36,6.0,6.07,161115
2020-02-04,6.1,6.43,6.09,6.38,141969
2020-02-05,6.41,6.5,6.28,6.41,113252
2020-02-06,6.41,6.5,6.31,6.5,99657
2020-02-07,6.43,6.52,6.4,6.52,53632
2020-02-10,6.45,6.68,6.44,6.57,88813
2020-02-11,6.56,6.63,6.5,6.6,66888
2020-02-12,6.58,6.65,6.55,6.62,53500
2020-02-13,6.66,6.66,6.57,6.62,68473
2020-02-14,6.6,6.64,6.56,6.63,65111
2020-02-17,6.61,6.73,6.6,6.72,67772
2020-02-18,6.71,6.75,6.64,6.69,94460
2020-02-19,6.66,6.73,6.65,6.72,80789
2020-02-20,6.76,6.83,6.71,6.83,64194
2020-02-21,6.82,6.95,6.78,6.94,84976
2020-02-24,6.88,6.95,6.79,6.83,171980
2020-02-25,6.77,6.77,6.58,6.68,146248
2020-02-26,6.67,6.8,6.49,6.71,149535
2020-02-27,6.73,6.92,6.72,6.89,104769
2020-02-28,6.76,6.85,6.64,6.83,100672
2020-03-02,6.76,6.93,6.7,6.93,129536
2020-03-03,6.96,7.02,6.82,6.91,109421
2020-03-04,6.9,6.9,6.74,6.82,84318
2020-03-05,6.86,6.94,6.79,6.87,92090
2020-03-06,6.82,6.84,6.77,6.77,68618
2020-03-09,6.71,6.79,6.53,6.72,113422
2020-03-10,6.58,6.89,6.58,6.87,109204
2020-03-11,6.82,6.92,6.8,6.88,64781
2020-03-12,6.85,6.85,6.71,6.75,44147
2020-03-13,6.5,6.7,6.4,6.57,96434
2020-03-16,6.6,6.69,6.53,6.54,86721
2020-03-17,6.47,6.77,6.47,6.62,111723
2020-03-18,6.71,6.74,6.58,6.58,82967
2020-03-19,6.54,6.66,6.41,6.45,112590
2020-03-20,6.49,6.5,6.26,6.31,88266
2020-03-23,6.32,6.32,6.19,6.25,64884
2020-03-24,6.34,6.58,6.34,6.53,68238
2020-03-25,6.65,6.87,6.58,6.77,87318
2020-03-26,6.81,6.96,6.76,6.92,68082
2020-03-27,6.97,6.97,6.86,6.9,65153
2020-03-30,6.85,6.85,6.72,6.75,96156
2020-03-31,6.79,6.88,6.75,6.88,90318
2020-04-01,6.9,6.98,6.82,6.92,52915
2020-04-02,6.93,7.02,6.86,7.02,60400
2020-04-03,7.03,7.07,6.88,6.98,38535
2020-04-07,7.04,7.08,6.95,7.01,52168
2020-04-08,7.02,7.05,6.84,7.02,45269
2020-04-09,7.04,7.06,6.96,6.97,36187
2020-04-10,6.96,6.97,6.87,6.9,32805
2020-04-13,6.88,6.91,6.8,6.82,26760
2020-04-14,6.81,6.87,6.8,6.85,26906
2020-04-15,6.91,6.91,6.68,6.68,34979
2020-04-16,6.68,6.73,6.6,6.6,46901
2020-04-17,6.64,6.68,6.5,6.53,42248
2020-04-20,6.56,6.56,6.42,6.42,69889
2020-04-21,6.41,6.44,6.3,6.32,69884
2020-04-22,6.34,6.41,6.3,6.35,50625
2020-04-23,6.38,6.38,6.17,6.19,76144
2020-04-24,6.21,6.24,6.16,6.22,57287
2020-04-27,6.26,6.44,6.26,6.36,87246
2020-04-28,6.34,6.42,6.28,6.38,79712
2020-04-29,6.37,6.62,6.35,6.55,68849
2020-04-30,6.55,6.74,6.53,6.65,82634
2020-05-06,6.6,6.65,6.41,6.5,120718
2020-05-07,6.44,6.48,6.4,6.46,72989
2020-05-08,6.49,6.6,6.46,6.55,52154
2020-05-11,6.61,6.69,6.53,6.64,76707
2020-05-12,6.69,6.71,6.64,6.66,45804
2020-05-13,6.66,6.68,6.59,6.64,39344
2020-05-14,6.63,6.65,6.56,6.61,36454
2020-05-15,6.65,6.65,6.53,6.62,33828
2020-05-18,6.65,6.65,6.6,6.62,27618
2020-05-19,6.64,6.66,6.53,6.56,81203
2020-05-20,6.53,6.53,6.41,6.44,75080
2020-05-21,6.45,6.46,6.35,6.38,47453
2020-05-22,6.36,6.4,6.33,6.35,46850
2020-05-25,6.37,6.47,6.32,6.44,34328
2020-05-26,6.41,6.45,6.4,6.43,29895
2020-05-27,6.43,6.57,6.39,6.53,45972
2020-05-28,6.57,6.6,6.43,6.46,44037
2020-05-29,6.48,6.57,6.41,6.56,54969
2020-06-01,6.56,6.7,6.55,6.67,68475
2020-06-02,6.69,6.69,6.61,6.64,42702
2020-06-03,6.67,6.7,6.6,6.63,51512
2020-06-04,6.65,6.67,6.6,6.62,40040
2020-06-05,6.61,6.64,6.54,6.61,75128
2020-06-08,6.6,6.71,6.58,6.68,61445
2020-06-09,6.73,6.89,6.7,6.84,88367
2020-06-10,6.84,6.86,6.77,6.82,70108
2020-06-11,6.83,6.83,6.75,6.77,70724
2020-06-12,6.69,6.77,6.64,6.77,117751
2020-06-15,6.72,6.72,6.6,6.63,92368
2020-06-16,6.65,6.88,6.64,6.88,104628
2020-06-17,6.87,7.02,6.84,6.93,102559
2020-06-18,6.93,7.03,6.92,6.95,59581
2020-06-19,6.95,7.01,6.92,6.95,69726
2020-06-22,6.9,7.02,6.9,6.96,46412
2020-06-23,6.94,6.98,6.89,6.93,49054
2020-06-24,6.95,7.05,6.92,6.98,42081
2020-06-29,6.98,7.01,6.91,6.97,36895
2020-06-30,6.94,7.02,6.91,6.95,47498
2020-07-01,6.99,7.06,6.86,7.05,107713
2020-07-02,7.05,7.28,7.01,7.26,80573
2020-07-03,7.25,7.26,7.1,7.18,103078
2020-07-06,7.2,7.46,7.16,7.45,105611
2020-07-07,7.43,7.56,7.3,7.3,144802
2020-07-08,7.31,7.43,7.27,7.33,120296
2020-07-09,7.41,7.5,7.28,7.46,141120
2020-07-10,7.48,7.5,7.34,7.36,98576
2020-07-13,7.31,7.9,7.31,7.8,177251
2020-07-14,7.8,7.85,7.57,7.64,143538
2020-07-15,7.69,7.74,7.6,7.64,111014
2020-07-16,7.64,7.8,7.42,7.44,165888
2020-07-17,7.48,7.52,7.4,7.46,90037
2020-07-20,7.48,7.62,7.43,7.6,84461
2020-07-21,7.66,7.67,7.5,7.56,66490
2020-07-22,7.58,7.58,7.42,7.47,84073
2020-07-23,7.45,7.51,7.37,7.44,78833
2020-07-24,7.46,7.53,7.24,7.33,100075
2020-07-27,7.36,7.56,7.3,7.52,95614
2020-07-28,7.56,7.64,7.49,7.54,50930
2020-07-29,7.49,7.63,7.43,7.6,42676
2020-07-30,7.64,7.64,7.54,7.61,40900
2020-07-31,7.58,7.68,7.48,7.57,63848
2020-08-03,7.59,7.66,7.55,7.63,77628
2020-08-04,7.62,7.83,7.57,7.76,91284
2020-08-05,7.76,7.81,7.64,7.71,57521
2020-08-06,7.73,7.73,7.58,7.68,55119
2020-08-07,7.71,7.71,7.51,7.59,59227
2020-08-10,7.62,7.96,7.6,7.89,112723
2020-08-11,7.96,7.98,7.73,7.79,94885
2020-08-12,7.76,7.9,7.63,7.7,89351
2020-08-13,7.72,7.9,7.7,7.84,64844
2020-08-14,7.78,7.93,7.76,7.93,60667
2020-08-17,7.95,8.04,7.85,7.91,128421
2020-08-18,7.9,8.04,7.85,7.93,93758
2020-08-19,7.93,8.29,7.83,8.08,219761
2020-08-20,8.02,8.11,7.85,7.9,150228
2020-08-21,7.91,8.0,7.87,7.9,76573
2020-08-24,7.95,8.06,7.93,7.96,84144
2020-08-25,8.02,8.11,7.93,8.0,73185
2020-08-26,8.07,8.2,8.02,8.17,99234
2020-08-27,8.26,8.29,8.06,8.08,69543
2020-08-28,8.07,8.11,7.96,8.04,79537
2020-08-31,8.05,8.1,8.01,8.04,103779
2020-09-01,8.04,8.25,8.04,8.24,107096
2020-09-02,8.25,8.28,8.0,8.03,97202
2020-09-03,8.05,8.18,8.04,8.13,69727
2020-09-04,8.06,8.07,7.96,8.02,82466
2020-09-07,8.04,8.14,7.99,8.0,65925
2020-09-08,8.02,8.16,7.96,8.13,68997
2020-09-09,8.08,8.17,7.91,7.94,96247
2020-09-10,7.99,8.07,7.87,7.94,103791
2020-09-11,7.97,8.04,7.94,7.96,44430
2020-09-14,7.98,8.17,7.92,8.14,96467
2020-09-15,8.16,8.18,8.0,8.05,57297
2020-09-16,8.05,8.15,8.02,8.13,45394
2020-09-17,8.09,8.14,8.03,8.05,34258
2020-09-18,8.1,8.16,8.03,8.14,47890
2020-09-21,8.2,8.21,8.07,8.13,42678
2020-09-22,8.09,8.1,7.98,8.01,47980
2020-09-23,8.05,8.1,8.0,8.04,35438
2020-09-24,8.0,8.06,7.8,7.86,85303
2020-09-25,7.86,7.9,7.76,7.81,42156
2020-09-28,7.84,7.96,7.83,7.9,37799
2020-09-29,7.93,7.97,7.82,7.88,36710
2020-09-30,7.85,7.96,7.79,7.83,39320
2020-10-09,7.91,7.94,7.82,7.85,48956
2020-10-12,7.86,7.94,7.82,7.9,60397
2020-10-13,7.89,7.94,7.88,7.91,43779
2020-10-14,7.94,7.94,7.85,7.9,30684
2020-10-15,7.93,7.94,7.82,7.89,28447
2020-10-16,7.9,7.94,7.79,7.83,91757
2020-10-19,7.83,7.87,7.72,7.74,48191
2020-10-20,7.74,7.85,7.72,7.82,30275
2020-10-21,7.82,7.89,7.78,7.86,31003
2020-10-22,7.85,7.86,7.74,7.79,60486
2020-10-23,7.78,7.81,7.73,7.74,21060
2020-10-26,7.72,7.78,7.72,7.77,25188
2020-10-27,7.77,7.85,7.76,7.83,37506
2020-10-28,7.85,8.04,7.84,7.95,81451
2020-10-29,7.93,8.0,7.89,7.97,54445
2020-10-30,7.97,8.2,7.93,8.09,97186
2020-11-02,8.07,8.24,7.95,8.03,93118
2020-11-03,8.12,8.14,8.02,8.08,64568
2020-11-04,8.04,8.08,7.98,8.04,33156
2020-11-05,8.07,8.2,8.06,8.16,74995
2020-11-06,8.19,8.26,8.14,8.19,63305
2020-11-09,8.2,8.45,8.2,8.33,89099
2020-11-10,8.38,8.59,8.28,8.5,105702
2020-11-11,8.48,8.5,8.33,8.35,70184
2020-11-12,8.34,8.42,8.31,8.34,50787
2020-11-13,8.35,8.41,8.21,8.27,49541
2020-11-16,8.25,8.37,8.23,8.28,47231
2020-11-17,8.26,8.44,8.25,8.39,83941
2020-11-18,8.36,8.4,8.27,8.3,90912
2020-11-19,8.29,8.32,8.18,8.25,78374
2020-11-20,8.29,8.31,8.22,8.31,56328
2020-11-23,8.26,8.37,8.24,8.33,79404
2020-11-24,8.3,8.37,8.25,8.3,52609
2020-11-25,8.32,8.45,8.27,8.35,127430
2020-11-26,8.37,8.55,8.23,8.51,129379
2020-11-27,8.5,8.68,8.45,8.54,97458
2020-11-30,8.56,8.66,8.38,8.45,149434
2020-12-01,8.39,8.5,8.32,8.49,78605
2020-12-02,8.47,8.54,8.41,8.44,89244
2020-12-03,8.41,8.52,8.38,8.46,58556
2020-12-04,8.4,8.46,8.32,8.38,75784
2020-12-07,8.37,8.37,8.13,8.17,70506
2020-12-08,8.17,8.2,8.11,8.14,42577
2020-12-09,8.14,8.18,7.94,7.98,117528
2020-12-10,7.98,8.03,7.88,7.91,114695
2020-12-11,7.96,7.97,7.72,7.97,189190
2020-12-14,7.91,7.91,7.71,7.76,143033
2020-12-15,7.79,7.91,7.67,7.86,67373
2020-12-16,7.86,8.07,7.86,7.98,74358
2020-12-17,7.98,8.17,7.96,8.11,53498
2020-12-18,8.11,8.24,8.07,8.2,52031
2020-12-21,8.14,8.18,7.99,8.06,67912
2020-12-22,8.03,8.07,7.96,7.98,75947
2020-12-23,8.05,8.2,7.96,8.16,59160
2020-12-24,8.22,8.23,8.03,8.09,44089
2020-12-25,8.05,8.36,8.03,8.27,73371
2020-12-28,8.33,8.4,8.1,8.24,67897
2020-12-29,8.2,8.25,8.01,8.02,50708
2020-12-30,7.99,8.13,7.99,8.05,50393
2020-12-31,8.02,8.09,7.98,8.07,83838
2021-01-04,8.03,8.17,8.01,8.11,56562
2021-01-05,8.07,8.07,7.84,7.95,82131
2021-01-06,7.95,8.05,7.88,8.04,73817
2021-01-07,8.01,8.12,7.93,8.03,62119
2021-01-08,7.99,8.16,7.96,8.02,73267
2021-01-11,8.02,8.04,7.87,7.9,64731
2021-01-12,7.94,7.99,7.89,7.97,71694
2021-01-13,7.97,8.44,7.93,8.42,163819
2021-01-14,8.44,8.45,8.3,8.32,82795
2021-01-15,8.33,8.36,8.19,8.19,62197
2021-01-18,8.28,8.31,8.13,8.27,65473
2021-01-19,8.34,8.58,8.21,8.58,129289
2021-01-20,8.45,8.5,8.22,8.35,123770
2021-01-21,8.35,8.45,8.22,8.27,84595
2021-01-22,8.3,8.55,8.23,8.43,84749
2021-01-25,8.36,8.38,8.15,8.38,86925
2021-01-26,8.31,8.67,8.22,8.66,179176
2021-01-27,8.57,9.12,8.54,9.09,240999
2021-01-28,9.05,9.05,8.71,8.82,172078
2021-01-29,8.87,9.06,8.76,8.97,159451
2021-02-01,8.98,9.35,8.97,9.21,209413
2021-02-02,9.11,9.21,8.77,8.9,166868
2021-02-03,8.82,8.95,8.72,8.72,104200
2021-02-04,8.7,8.74,8.53,8.62,108740
2021-02-05,8.59,8.92,8.58,8.75,107026
2021-02-08,8.76,8.87,8.62,8.87,92988
2021-02-09,8.81,8.89,8.68,8.89,83514
2021-02-10,8.84,8.97,8.74,8.91,84182
2021-02-18,8.92,9.25,8.86,9.12,208826
2021-02-19,9.17,9.26,8.92,9.25,162568
2021-02-22,9.24,9.24,8.87,8.88,197312
2021-02-23,8.88,9.04,8.78,8.86,127459
2021-02-24,8.85,8.91,8.44,8.5,167027
2021-02-25,8.55,8.75,8.42,8.69,105247
2021-02-26,8.62,8.81,8.47,8.75,98508
2021-03-01,8.73,8.79,8.57,8.62,81040
2021-03-02,8.66,9.07,8.61,9.0,110324
2021-03-03,8.89,9.07,8.88,9.02,65861
2021-03-04,9.11,9.18,8.94,9.12,100375
2021-03-05,9.07,9.29,8.97,9.02,74403
2021-03-08,9.04,9.58,8.95,9.4,230606
2021-03-09,9.37,9.37,8.73,9.02,155234
2021-03-10,9.07,9.49,8.97,9.45,163937
2021-03-11,9.37,9.9,9.35,9.76,212733
2021-03-12,9.71,10.93,9.63,10.88,680564
2021-03-15,10.54,10.76,9.95,10.27,487478
2021-03-16,10.17,10.57,10.12,10.43,233041
2021-03-17,10.43,10.44,9.94,9.96,176308
2021-03-18,9.87,10.14,9.82,9.99,151713
2021-03-19,9.87,10.17,9.66,9.9,162572
2021-03-22,10.0,10.58,9.99,10.42,283372
2021-03-23,10.78,10.91,9.79,9.94,240721
2021-03-24,9.87,10.26,9.82,9.93,127700
2021-03-25,10.02,10.17,9.54,10.11,170102
2021-03-26,10.02,10.42,10.0,10.06,188748
2021-03-29,10.01,10.4,9.94,10.31,156694
2021-03-30,10.2,10.44,10.04,10.35,134035
2021-03-31,10.32,10.75,10.24,10.56,194842
2021-04-01,10.54,10.77,10.36,10.62,120631
2021-04-02,10.56,10.62,10.28,10.37,140311
2021-04-06,10.51,10.53,10.14,10.45,106247
2021-04-07,10.38,10.56,10.31,10.34,87658
2021-04-08,10.42,10.42,10.09,10.11,131535
2021-04-09,10.06,10.13,9.92,9.96,134582
2021-04-12,10.0,10.46,9.92,10.19,148229
2021-04-13,10.25,10.39,10.03,10.08,99919
2021-04-14,10.08,10.25,9.96,10.14,83620
2021-04-15,10.14,10.22,9.81,9.86,86797
2021-04-16,9.93,10.21,9.86,10.19,110812
2021-04-19,10.15,10.27,9.97,10.0,107570
2021-04-20,9.95,10.03,9.86,9.9,92393
2021-04-21,9.89,9.96,9.71,9.9,91789
2021-04-22,9.82,9.89,9.57,9.59,183566
2021-04-23,9.65,9.74,9.55,9.62,103428
2021-04-26,9.67,9.75,9.4,9.42,153326
2021-04-27,9.43,9.61,9.43,9.5,91382
2021-04-28,9.46,9.67,9.4,9.5,71506
2021-04-29,9.48,9.62,9.31,9.55,99557
2021-04-30,9.55,9.55,9.23,9.28,111193
2021-05-06,9.32,9.39,9.22,9.3,105739
2021-05-07,9.32,9.5,9.28,9.37,147890
2021-05-10,9.39,9.57,9.32,9.55,83446
2021-05-11,9.56,9.78,9.5,9.73,132981
2021-05-12,9.75,9.87,9.68,9.84,128602
2021-05-13,9.78,9.79,9.54,9.61,113852
2021-05-14,9.66,9.66,9.3,9.4,124537
2021-05-17,9.52,10.1,9.47,9.99,225549
2021-05-18,9.92,10.03,9.76,9.92,79398
2021-05-19,10.05,10.25,9.95,10.13,107573
2021-05-20,10.08,10.08,9.82,9.9,90674
2021-05-21,9.87,9.97,9.75,9.92,59621
2021-05-24,9.92,10.0,9.67,9.71,74998
2021-05-25,9.68,9.77,9.54,9.75,63956
2021-05-26,9.69,9.77,9.55,9.72,73493
2021-05-27,9.7,9.88,9.67,9.82,95423
2021-05-28,9.78,9.82,9.46,9.55,87200
2021-05-31,9.53,9.82,9.47,9.76,104434
2021-06-01,9.73,9.83,9.65,9.83,69958
2021-06-02,9.82,10.05,9.76,10.0,101161
2021-06-03,10.01,10.02,9.72,9.82,112412
2021-06-04,9.81,9.87,9.73,9.77,55450
2021-06-07,9.76,9.83,9.67,9.74,61412
2021-06-08,9.78,9.88,9.71,9.85,69885
2021-06-09,9.82,10.17,9.78,9.99,127282
2021-06-10,10.02,10.15,9.97,10.0,76985
2021-06-11,10.04,10.2,9.98,10.02,121541
2021-06-15,10.09,10.11,9.91,10.01,79339
2021-06-16,10.01,10.01,9.79,9.79,60407
2021-06-17,9.76,9.91,9.76,9.78,85145
2021-06-18,9.82,9.82,9.62,9.72,75058
2021-06-21,9.66,9.76,9.57,9.71,75278
2021-06-22,9.69,9.91,9.63,9.71,102379
2021-06-23,9.72,9.81,9.67,9.72,55021
2021-06-24,9.75,9.93,9.7,9.93,73561
2021-06-25,9.88,9.98,9.83,9.97,89396
2021-06-28,10.02,10.55,10.02,10.52,205943
2021-06-29,10.39,10.44,10.21,10.28,90366
2021-06-30,10.28,10.43,10.2,10.35,69755
2021-07-01,10.37,10.45,10.23,10.35,58574
2021-07-02,10.32,10.47,10.24,10.32,70657
2021-07-05,10.35,10.41,10.18,10.24,46531
2021-07-06,10.17,10.58,10.17,10.42,106404
2021-07-07,10.39,10.57,10.35,10.47,74669
2021-07-08,10.5,10.72,10.29,10.3,80560
2021-07-09,10.22,10.47,10.22,10.44,58289
2021-07-12,10.44,10.45,10.18,10.21,87057
2021-07-13,10.18,10.75,10.18,10.72,134583
2021-07-14,10.72,10.81,10.48,10.63,117921
2021-07-15,10.73,10.74,10.46,10.64,60153
2021-07-16,10.58,10.77,10.48,10.63,62060
2021-07-19,10.7,10.73,10.37,10.41,77575
2021-07-20,10.43,10.43,10.05,10.12,107713
2021-07-21,10.16,10.22,10.07,10.17,64996
2021-07-22,10.1,10.24,10.06,10.16,51414
2021-07-23,10.21,10.21,9.57,9.6,163156
2021-07-26,9.59,9.73,9.43,9.59,83604
2021-07-27,9.6,9.64,8.93,9.02,127951
2021-07-28,9.0,9.18,8.78,9.17,114079
2021-07-29,9.19,9.34,9.01,9.07,103861
2021-07-30,9.08,9.66,9.07,9.35,138705
2021-08-02,9.35,9.48,9.08,9.39,87466
2021-08-03,9.4,9.44,9.24,9.44,54846
2021-08-04,9.55,9.55,9.31,9.48,65887
2021-08-05,9.42,9.53,9.4,9.45,46781
2021-08-06,9.41,9.46,9.33,9.35,55143
2021-08-09,9.33,9.52,9.31,9.46,51832
2021-08-10,9.45,9.62,9.41,9.59,53735
2021-08-11,9.58,9.72,9.55,9.64,66671
2021-08-12,9.6,9.78,9.55,9.7,60928
2021-08-13,9.71,9.9,9.66,9.82,55041
2021-08-16,9.86,9.92,9.65,9.73,45197
2021-08-17,9.66,9.8,9.61,9.67,54576
2021-08-18,9.62,9.73,9.54,9.66,57206
2021-08-19,9.66,9.8,9.55,9.66,53410
2021-08-20,9.66,9.69,9.24,9.41,121051
2021-08-23,9.41,9.58,9.39,9.52,72178
2021-08-24,9.51,9.94,9.45,9.91,122400
2021-08-25,9.88,9.91,9.78,9.84,45431
2021-08-26,9.8,9.86,9.73,9.73,41579
2021-08-27,9.74,9.86,9.71,9.85,47544
2021-08-30,9.85,10.05,9.63,9.93,70028
2021-08-31,9.92,9.94,9.75,9.78,45048
2021-09-01,9.83,10.09,9.76,9.98,81157
2021-09-02,9.95,10.3,9.88,10.28,105508
2021-09-03,10.24,10.74,10.18,10.24,188467
2021-09-06,10.27,10.7,10.26,10.6,193136
2021-09-07,10.63,10.75,10.33,10.58,135111
2021-09-08,10.62,11.79,10.62,11.66,422213
2021-09-09,11.42,11.69,11.08,11.65,291355
2021-09-10,11.65,11.65,10.93,10.94,228964
2021-09-13,10.97,11.42,10.93,11.38,284268
2021-09-14,11.25,11.71,10.95,11.27,252654
2021-09-15,11.29,11.38,10.96,11.07,170622
2021-09-16,11.0,11.3,10.95,10.99,127010
2021-09-17,11.0,11.8,10.92,11.69,247488
2021-09-22,11.68,13.02,11.62,12.87,548990
2021-09-23,13.0,13.55,12.2,12.3,508504
2021-09-24,12.23,12.29,11.58,11.95,416493
2021-09-27,12.1,12.26,11.64,12.14,269030
2021-09-28,12.0,13.2,11.84,12.98,516239
2021-09-29,12.6,13.15,12.4,12.57,409295
2021-09-30,12.45,12.86,12.1,12.77,316558
2021-10-08,12.89,12.96,11.78,11.84,300927
2021-10-11,11.98,12.01,11.29,11.31,238695
2021-10-12,11.4,11.5,10.9,11.21,213568
2021-10-13,11.15,11.2,10.64,10.81,178396
2021-10-14,10.73,10.97,10.62,10.75,96147
2021-10-15,10.76,10.87,10.57,10.75,132778
2021-10-18,10.78,11.3,10.77,11.22,169341
2021-10-19,11.23,11.43,11.07,11.23,162529
2021-10-20,11.16,11.85,11.14,11.5,306309
2021-10-21,11.51,11.62,11.22,11.52,137969
2021-10-22,11.42,11.45,10.9,10.92,225700
2021-10-25,11.02,11.58,10.93,11.3,166651
2021-10-26,11.39,11.65,11.28,11.46,157556
2021-10-27,11.46,11.84,11.36,11.71,183822
2021-10-28,11.61,11.93,11.52,11.6,165010
2021-10-29,11.7,11.7,11.1,11.49,167039
2021-11-01,11.39,11.62,11.23,11.51,107767
2021-11-02,11.56,11.56,10.98,11.15,162183
2021-11-03,11.13,11.43,11.04,11.27,108797
2021-11-04,11.23,11.56,11.21,11.53,110257
2021-11-05,11.45,11.49,10.82,10.85,139320
2021-11-08,10.9,10.91,10.48,10.57,165289
2021-11-09,10.59,10.79,10.45,10.54,93572
2021-11-10,10.1,10.1,9.71,9.93,302082
2021-11-11,9.85,10.1,9.81,9.9,112143
2021-11-12,9.9,10.07,9.72,10.01,123042
2021-11-15,9.98,10.27,9.93,10.2,103901
2021-11-16,10.23,10.25,9.89,9.9,110625
2021-11-17,9.85,9.96,9.79,9.87,86419
2021-11-18,9.87,9.94,9.76,9.84,102038
2021-11-19,9.83,9.96,9.75,9.92,98977
2021-11-22,9.93,9.98,9.83,9.92,94568
2021-11-23,9.92,9.99,9.7,9.84,101195
2021-11-24,9.89,9.97,9.73,9.88,139023
2021-11-25,9.89,10.18,9.87,9.9,172488
2021-11-26,9.9,9.93,9.75,9.77,99818
2021-11-29,9.7,9.89,9.6,9.89,125998
2021-11-30,9.85,10.02,9.82,9.82,127673
2021-12-01,9.83,10.26,9.83,10.23,182878
2021-12-02,10.21,10.21,10.05,10.11,96220
2021-12-03,10.11,10.46,9.99,10.4,158527
2021-12-06,10.34,10.46,10.21,10.22,107352
2021-12-07,10.28,10.46,10.17,10.4,112459
2021-12-08,10.4,10.44,10.23,10.34,128301
2021-12-09,10.34,10.47,10.3,10.43,112096
2021-12-10,10.49,10.55,10.34,10.35,152685
2021-12-13,10.42,10.57,10.26,10.32,215507
2021-12-14,10.31,10.38,10.13,10.19,149913
2021-12-15,10.23,10.5,10.21,10.31,198205
2021-12-16,10.33,10.55,10.3,10.45,246139
2021-12-17,10.43,10.69,10.42,10.51,263219
2021-12-20,10.52,10.54,10.12,10.19,161907
2021-12-21,10.15,10.3,10.14,10.2,122073
2021-12-22,10.22,10.28,10.17,10.2,100682
2021-12-23,10.19,10.46,10.11,10.38,262352
2021-12-24,10.36,10.96,10.36,10.7,329625
2021-12-27,10.78,11.1,10.66,10.81,232260
2021-12-28,10.77,10.78,10.44,10.54,156668
2021-12-29,10.54,10.56,10.29,10.4,142271
2021-12-30,10.31,10.59,10.28,10.56,102299
2021-12-31,10.59,10.91,10.53,10.9,165030
2022-01-04,10.89,10.89,10.6,10.61,164360
2022-01-05,10.6,10.64,10.41,10.48,145372
2022-01-06,10.43,10.49,10.35,10.35,122501
2022-01-07,10.39,10.47,10.11,10.11,172381
2022-01-10,10.06,10.21,10.01,10.2,75634
2022-01-11,10.2,10.36,10.14,10.26,67746
2022-01-12,10.17,10.22,10.02,10.12,113494
2022-01-13,10.12,10.12,9.89,9.9,105617
2022-01-14,9.84,9.98,9.7,9.98,96218
2022-01-17,9.98,9.98,9.87,9.88,76929
2022-01-18,9.9,10.12,9.87,10.03,90345
2022-01-19,10.03,10.06,9.94,9.98,69153
2022-01-20,9.97,10.16,9.97,10.1,84072
2022-01-21,10.05,10.12,9.96,9.98,75956
2022-01-24,9.96,10.04,9.89,9.95,59280
2022-01-25,9.92,10.0,9.71,9.72,96937
2022-01-26,9.73,9.84,9.62,9.68,83783
2022-01-27,9.7,9.74,9.59,9.6,66190
2022-01-28,9.61,9.66,9.44,9.5,68324
2022-02-07,9.59,9.85,9.57,9.8,67555
2022-02-08,9.74,10.16,9.74,10.16,118485
2022-02-09,10.12,10.5,10.07,10.48,166636
2022-02-10,10.42,10.63,10.42,10.59,128010
2022-02-11,10.51,10.61,10.49,10.53,90204
2022-02-14,10.54,10.55,10.34,10.37,104931
2022-02-15,10.39,10.46,10.27,10.43,80757
2022-02-16,10.49,10.55,10.41,10.5,75495
2022-02-17,10.47,10.53,10.39,10.47,57732
2022-02-18,10.41,10.52,10.32,10.48,50788
2022-02-21,10.46,10.48,10.4,10.41,49001
2022-02-22,10.41,10.51,10.4,10.45,96234
2022-02-23,10.45,10.62,10.39,10.6,81404
2022-02-24,10.59,10.72,10.31,10.4,83279
2022-02-25,10.45,10.53,10.4,10.53,64472
2022-02-28,10.48,10.59,10.32,10.43,82391
2022-03-01,10.38,10.52,10.33,10.5,59804
2022-03-02,10.43,10.53,10.42,10.53,42870
2022-03-03,10.55,10.74,10.51,10.68,97552
2022-03-04,10.61,10.7,10.45,10.57,78800
2022-03-07,10.57,10.77,10.41,10.43,95223
2022-03-08,10.43,10.45,9.89,9.9,121293
2022-03-09,10.01,10.32,9.77,10.01,198263
2022-03-10,10.15,10.57,10.13,10.37,150018
2022-03-11,10.32,10.33,9.82,10.08,139108
2022-03-14,10.0,10.05,9.73,9.79,77442
2022-03-15,9.71,9.75,8.82,8.86,195873
2022-03-16,9.16,9.28,8.59,9.24,184081
2022-03-17,9.3,9.45,9.24,9.3,107548
2022-03-18,9.34,9.52,9.28,9.42,73581
2022-03-21,9.42,9.5,9.31,9.36,82662
2022-03-22,9.33,9.47,9.27,9.36,54191
2022-03-23,9.37,9.5,9.36,9.37,41764
2022-03-24,9.35,9.35,9.22,9.26,57972
2022-03-25,9.23,9.29,9.02,9.06,68008
2022-03-28,9.06,9.09,8.86,9.03,70197
2022-03-29,9.01,9.13,8.98,9.1,48862
2022-03-30,9.14,9.21,9.07,9.16,66263
2022-03-31,9.12,9.17,9.08,9.14,58575
2022-04-01,9.06,9.26,9.02,9.22,62522
2022-04-06,9.15,9.73,9.15,9.69,161725
2022-04-07,9.64,9.69,9.5,9.53,63375
2022-04-08,9.53,9.7,9.46,9.69,93436
2022-04-11,9.72,9.72,9.5,9.51,76527
2022-04-12,9.46,9.53,9.13,9.42,133192
2022-04-13,9.49,9.49,9.28,9.35,82871
2022-04-14,9.32,9.42,9.31,9.32,59267
2022-04-15,9.31,9.44,9.28,9.29,60674
2022-04-18,9.28,9.59,9.22,9.54,98096
2022-04-19,9.52,9.65,9.51,9.55,65339
2022-04-20,9.55,9.57,9.32,9.34,62316
2022-04-21,9.4,9.42,9.1,9.13,143703
2022-04-22,9.11,9.58,9.06,9.58,205447
2022-04-25,9.54,9.54,9.02,9.06,142689
2022-04-26,9.14,9.35,8.94,9.0,117218
2022-04-27,8.91,9.14,8.8,9.13,111530
2022-04-28,9.05,9.42,9.02,9.39,103438
2022-04-29,9.39,9.47,9.24,9.43,110456
2022-05-05,9.46,9.69,9.36,9.69,117085
2022-05-06,9.56,9.58,9.4,9.45,53430
2022-05-09,9.41,9.57,9.41,9.5,36759
2022-05-10,9.4,9.75,9.36,9.75,158982
2022-05-11,9.73,9.82,9.56,9.6,91208
2022-05-12,9.61,9.79,9.45,9.5,105674
2022-05-13,9.55,9.94,9.53,9.93,143498
2022-05-16,9.92,9.95,9.73,9.82,76433
2022-05-17,9.81,9.85,9.67,9.72,63745
2022-05-18,9.75,9.93,9.69,9.88,66838
2022-05-19,9.77,9.98,9.68,9.98,78146
2022-05-20,9.95,10.21,9.93,10.14,123653
2022-05-23,10.16,10.17,9.93,10.05,75790
2022-05-24,10.08,10.09,9.72,9.79,97271
2022-05-25,9.81,10.15,9.75,10.15,84615
2022-05-26,10.15,10.38,10.11,10.34,115146
2022-05-27,10.36,10.38,10.18,10.24,78361
2022-05-30,10.25,10.37,10.22,10.35,58179
2022-05-31,10.34,10.51,10.3,10.44,111917
2022-06-01,10.37,10.41,10.13,10.27,91998
2022-06-02,10.25,10.26,10.07,10.09,58807
2022-06-06,10.05,10.21,9.98,10.14,86331
2022-06-07,10.14,10.28,10.03,10.1,76868
2022-06-08,10.11,10.22,9.98,10.19,80235
2022-06-09,10.17,10.45,10.15,10.24,117758
2022-06-10,10.21,10.55,10.14,10.48,166870
2022-06-13,10.41,10.45,10.17,10.24,94723
2022-06-14,10.2,10.4,10.18,10.38,82196
2022-06-15,10.39,10.45,10.31,10.36,70439
2022-06-16,10.35,10.43,10.14,10.15,82503
2022-06-17,10.12,10.35,10.12,10.3,83661
2022-06-20,10.31,10.37,10.23,10.32,51727
2022-06-21,10.33,10.46,10.3,10.42,69303
2022-06-22,10.42,10.49,10.26,10.28,61882
2022-06-23,10.38,10.38,10.26,10.3,62856
2022-06-24,10.3,10.34,10.21,10.25,55692
2022-06-27,10.3,10.36,10.21,10.25,89305
2022-06-28,10.25,10.45,10.23,10.42,70399
2022-06-29,10.41,10.48,10.35,10.37,53578
2022-06-30,10.4,10.47,10.32,10.32,51723
2022-07-01,10.39,10.7,10.35,10.62,125023
2022-07-04,10.59,10.9,10.53,10.88,126601
2022-07-05,10.85,10.91,10.75,10.84,79133
2022-07-06,11.08,11.65,11.05,11.42,477910
2022-07-07,11.41,11.78,11.37,11.63,243355
2022-07-08,11.68,12.25,11.63,12.21,316325
2022-07-11,12.21,12.55,11.72,11.96,231738
2022-07-12,11.96,12.79,11.94,12.67,472011
2022-07-13,12.5,12.89,12.31,12.73,301766
2022-07-14,12.72,12.73,12.32,12.48,154738
2022-07-15,12.42,12.63,12.08,12.13,224873
2022-07-18,12.13,12.42,12.11,12.38,144754
2022-07-19,12.38,12.38,11.97,12.09,110958
2022-07-20,12.18,12.18,11.87,11.96,110652
2022-07-21,12.08,12.11,11.81,11.82,78835
2022-07-22,11.88,11.94,11.8,11.88,81597
2022-07-25,11.95,11.95,11.61,11.73,90144
2022-07-26,11.68,11.8,11.66,11.72,66423
2022-07-27,11.73,11.85,11.49,11.58,85379
2022-07-28,11.53,11.69,11.31,11.41,214636
2022-07-29,11.44,11.64,11.22,11.27,176298
2022-08-01,11.28,11.75,11.15,11.58,154986
2022-08-02,11.56,11.56,11.07,11.2,180252
2022-08-03,11.16,11.41,11.16,11.23,97561
2022-08-04,11.22,11.67,11.22,11.63,107234
2022-08-05,11.65,11.65,11.33,11.51,139530
2022-08-08,11.48,11.91,11.42,11.85,116821
2022-08-09,11.83,11.84,11.5,11.52,82231
2022-08-10,11.52,11.58,11.31,11.33,94191
2022-08-11,11.45,11.64,11.38,11.61,79441
2022-08-12,11.65,11.73,11.59,11.67,69795
2022-08-15,11.63,11.72,11.4,11.49,127481
2022-08-16,11.55,11.89,11.55,11.69,128812
2022-08-17,11.74,11.8,11.56,11.63,107917
2022-08-18,11.63,11.9,11.47,11.52,140527
2022-08-19,11.55,11.96,11.32,11.89,169894
2022-08-22,11.98,12.37,11.91,11.98,255685
2022-08-23,12.03,12.32,11.9,12.22,201955
2022-08-24,12.16,12.18,11.81,12.07,156746
2022-08-25,12.06,12.71,12.01,12.62,291950
2022-08-26,12.53,12.54,12.18,12.3,171986
2022-08-29,12.29,12.29,11.96,12.14,136339
2022-08-30,12.1,12.23,11.87,11.92,85818
2022-08-31,11.9,12.16,11.86,11.99,172829
2022-09-01,11.92,12.28,11.9,12.11,213791
2022-09-02,12.08,12.37,12.08,12.12,139818
2022-09-05,12.13,12.24,11.98,12.01,88360
2022-09-06,12.05,12.18,12.0,12.18,95280
2022-09-07,12.18,12.18,11.89,12.1,120278
2022-09-08,12.14,12.38,12.01,12.06,126851
2022-09-09,12.07,12.14,11.9,11.93,96859
2022-09-13,12.0,12.01,11.64,11.85,114567
2022-09-14,11.73,11.79,11.62,11.63,87326
2022-09-15,11.65,11.83,11.55,11.64,106208
2022-09-16,11.6,11.64,11.28,11.28,83320
2022-09-19,11.3,11.35,11.17,11.27,64268
2022-09-20,11.3,11.39,11.22,11.27,65050
2022-09-21,11.2,11.58,11.12,11.49,92248
2022-09-22,11.46,11.5,11.3,11.43,59658
2022-09-23,11.43,11.6,11.33,11.44,82289
2022-09-26,11.39,11.44,11.17,11.18,67623
2022-09-27,11.18,11.26,11.0,11.09,77104
2022-09-28,11.1,11.22,10.9,10.97,70008
2022-09-29,11.06,11.08,10.75,10.78,108886
2022-09-30,10.75,10.95,10.75,10.83,76329
2022-10-10,10.89,11.09,10.86,10.95,139839
2022-10-11,10.95,11.17,10.82,11.1,123070
2022-10-12,11.15,11.37,11.01,11.34,107699
2022-10-13,11.25,11.37,11.2,11.28,81860
2022-10-14,11.3,11.39,11.19,11.29,102007
2022-10-17,11.22,11.35,11.03,11.13,107080
2022-10-18,11.19,11.26,11.05,11.09,129894
2022-10-19,11.09,11.11,10.98,11.02,94773
2022-10-20,10.95,10.99,10.38,10.41,214231
2022-10-21,10.38,10.61,10.37,10.55,191630
2022-10-24,10.55,10.55,10.05,10.12,179485
2022-10-25,10.19,10.26,10.03,10.24,139434
2022-10-26,10.26,10.27,10.0,10.05,146566
2022-10-27,10.05,10.08,9.89,10.0,227212
2022-10-28,9.99,10.05,9.73,9.79,214445
2022-10-31,9.76,9.93,9.72,9.85,85057
2022-11-01,9.87,10.0,9.71,9.87,181866
2022-11-02,9.83,10.03,9.71,10.03,113936
2022-11-03,9.91,10.06,9.91,10.04,61216
2022-11-04,10.03,10.22,9.98,10.1,93559
2022-11-07,10.12,10.15,10.01,10.13,74773
2022-11-08,10.1,10.16,10.07,10.14,65172
2022-11-09,10.14,10.17,10.05,10.08,73443
2022-11-10,10.08,10.15,10.01,10.11,80944
2022-11-11,10.23,10.25,10.14,10.23,123888
2022-11-14,10.2,10.27,10.0,10.05,138700
2022-11-15,10.03,10.17,10.01,10.16,91769
2022-11-16,10.17,10.38,10.15,10.26,124822
2022-11-17,10.25,10.25,10.02,10.07,186103
2022-11-18,10.07,10.24,10.04,10.17,102764
2022-11-21,10.1,10.18,10.08,10.14,64696
2022-11-22,10.1,10.49,10.1,10.47,126710
2022-11-23,10.45,10.57,10.42,10.48,98132
2022-11-24,10.54,10.72,10.5,10.6,92055
2022-11-25,10.62,10.78,10.55,10.75,101870
2022-11-28,10.74,10.87,10.64,10.8,157895
2022-11-29,10.79,10.83,10.66,10.74,106842
2022-11-30,10.7,10.82,10.67,10.73,144849
2022-12-01,10.76,10.84,10.63,10.65,109822
2022-12-02,10.65,10.71,10.57,10.67,89552
2022-12-05,10.61,10.86,10.61,10.7,154201
2022-12-06,10.71,10.74,10.54,10.58,125123
2022-12-07,10.56,10.59,10.49,10.5,88719
2022-12-08,10.5,10.59,10.38,10.46,145532
2022-12-09,10.44,10.54,10.3,10.39,304929
2022-12-12,10.6,10.73,10.32,10.36,287855
2022-12-13,10.32,10.54,10.31,10.4,90456
2022-12-14,10.4,10.47,10.33,10.37,62897
2022-12-15,10.33,10.44,10.32,10.33,61682
2022-12-16,10.33,10.45,10.3,10.45,86352
2022-12-19,10.45,10.46,10.14,10.2,81457
2022-12-20,10.16,10.23,10.06,10.09,58751
2022-12-21,10.16,10.2,10.08,10.14,43890
2022-12-22,10.13,10.27,10.1,10.14,72696
2022-12-23,10.11,10.39,10.09,10.27,82546
2022-12-26,10.3,10.35,10.23,10.34,56837
2022-12-27,10.35,10.57,10.34,10.55,54407
2022-12-28,10.55,10.75,10.46,10.7,91374
2022-12-29,10.63,10.78,10.57,10.72,85957
2022-12-30,10.77,11.08,10.72,11.03,139461
2023-01-03,11.05,11.15,10.96,11.02,127002
2023-01-04,11.08,11.13,10.87,10.9,87698
2023-01-05,10.92,11.02,10.91,10.96,73630
2023-01-06,10.96,11.07,10.91,11.03,54567
2023-01-09,11.03,11.07,10.92,10.96,85365
2023-01-10,11.2,11.38,10.96,10.99,141275
2023-01-11,11.02,11.06,10.92,10.92,60010
2023-01-12,11.0,11.26,10.95,11.2,134230
2023-01-13,11.23,11.28,11.09,11.12,98559
2023-01-16,11.15,11.31,11.05,11.17,169284
2023-01-17,11.19,11.22,11.14,11.18,57788
2023-01-18,11.21,11.39,11.18,11.35,77961
2023-01-19,11.34,11.34,11.2,11.34,74010
2023-01-20,11.34,11.44,11.3,11.41,71310
2023-01-30,11.46,11.69,11.43,11.45,141819
2023-01-31,11.45,11.55,11.3,11.32,72587
2023-02-01,11.33,11.44,11.3,11.39,104720
2023-02-02,11.39,11.42,11.25,11.35,70802
2023-02-03,11.34,11.4,11.18,11.25,51307
2023-02-06,11.28,11.31,11.2,11.22,56065
2023-02-07,11.23,11.43,11.22,11.39,49797
2023-02-08,11.41,11.48,11.37,11.37,42881
2023-02-09,11.41,11.52,11.41,11.44,49472
2023-02-10,11.43,11.54,11.4,11.5,44931
2023-02-13,11.69,11.69,11.48,11.53,82904
2023-02-14,11.56,11.62,11.5,11.55,62167
2023-02-15,11.52,11.57,11.36,11.4,77890
2023-02-16,11.37,11.6,11.36,11.39,79295
2023-02-17,11.41,11.5,11.34,11.34,63133
2023-02-20,11.33,11.62,11.27,11.62,93913
2023-02-21,11.59,11.67,11.55,11.65,48912
2023-02-22,11.6,11.72,11.53,11.55,55480
2023-02-23,11.57,11.59,11.42,11.49,81326
2023-02-24,11.46,11.54,11.43,11.47,40726
2023-02-27,11.43,11.59,11.41,11.54,63354
2023-02-28,11.55,11.79,11.55,11.78,126279
2023-03-01,11.76,11.95,11.73,11.9,103222
2023-03-02,11.92,12.05,11.85,12.03,80430
2023-03-03,12.03,12.08,11.95,12.03,86433
2023-03-06,12.05,12.14,11.91,11.95,76364
2023-03-07,11.97,12.07,11.82,11.86,92450
2023-03-08,11.84,11.92,11.7,11.81,72094
2023-03-09,11.84,11.89,11.74,11.81,44585
2023-03-10,11.78,11.95,11.72,11.84,67559
2023-03-13,11.84,12.14,11.83,12.08,84801
2023-03-14,12.05,12.5,12.02,12.37,180548
2023-03-15,12.38,12.43,12.26,12.33,83924
2023-03-16,12.36,12.45,12.13,12.24,102187
2023-03-17,12.29,12.42,12.17,12.22,130515
2023-03-20,12.26,12.45,12.07,12.1,122522
2023-03-21,12.15,12.24,11.94,11.96,91290
2023-03-22,11.98,12.25,11.98,12.13,89898
2023-03-23,12.1,12.17,11.99,12.13,66002
2023-03-24,12.12,12.12,11.91,11.91,58912
2023-03-27,11.9,11.95,11.68,11.74,98498
2023-03-28,11.78,11.95,11.73,11.9,69843
2023-03-29,11.94,11.95,11.78,11.81,41527
2023-03-30,11.78,12.11,11.76,12.09,69849
2023-03-31,12.09,12.12,12.0,12.02,50082
2023-04-03,12.07,12.15,11.95,12.01,67672
2023-04-04,12.02,12.1,11.97,12.07,65778
2023-04-06,12.07,12.22,11.99,12.15,63209
2023-04-07,12.14,12.23,12.12,12.16,54498
2023-04-10,12.43,12.94,12.4,12.69,277414
2023-04-11,12.7,12.75,12.54,12.64,132262
2023-04-12,12.6,12.83,12.6,12.7,122442
2023-04-13,12.71,12.78,12.61,12.64,92212
2023-04-14,12.65,12.75,12.57,12.73,91805
2023-04-17,12.76,13.07,12.72,13.03,130818
2023-04-18,13.03,13.05,12.9,13.01,64042
2023-04-19,13.08,13.19,12.86,12.93,92703
2023-04-20,12.93,12.99,12.81,12.97,82981
2023-04-21,12.78,12.89,12.59,12.67,218728
2023-04-24,12.7,12.96,12.68,12.79,180139
2023-04-25,12.75,12.99,12.7,12.87,131117
2023-04-26,12.9,12.97,12.72,12.84,131997
2023-04-27,12.86,13.2,12.8,13.14,165163
2023-04-28,13.17,13.41,13.1,13.18,151841
2023-05-04,13.22,13.73,13.19,13.51,277740
2023-05-05,13.58,13.71,13.36,13.68,157202
2023-05-08,13.73,13.8,13.59,13.61,140539
2023-05-09,13.61,13.78,13.51,13.59,120042
2023-05-10,13.55,13.79,13.4,13.48,116547
2023-05-11,13.44,13.97,13.41,13.74,145125
2023-05-12,13.72,13.92,13.59,13.65,130906
2023-05-15,13.7,13.7,13.4,13.59,125462
2023-05-16,13.59,13.8,13.53,13.66,110801
2023-05-17,13.66,13.86,13.57,13.85,137196
2023-05-18,13.85,14.17,13.81,14.14,197783
2023-05-19,14.15,14.15,13.78,13.82,116574
2023-05-22,14.01,14.49,13.98,14.05,321589
2023-05-23,14.16,14.23,13.67,13.72,234747
2023-05-24,13.7,13.85,13.48,13.65,123086
2023-05-25,13.63,13.85,13.6,13.8,121042
2023-05-26,13.8,13.91,13.65,13.71,83421
2023-05-29,13.69,13.98,13.63,13.98,152654
2023-05-30,13.91,14.05,13.58,13.7,179203
2023-05-31,13.66,13.73,13.43,13.7,239823
2023-06-01,13.66,13.74,13.32,13.39,148889
2023-06-02,13.4,13.51,13.37,13.45,91917
2023-06-05,13.4,13.55,13.3,13.36,103467
2023-06-06,13.39,13.39,13.11,13.34,145822
2023-06-07,13.31,13.45,13.27,13.33,65440
2023-06-08,13.26,13.6,13.26,13.55,80387
2023-06-09,13.53,14.26,13.42,14.17,280169
2023-06-12,14.08,14.22,13.64,13.7,204454
2023-06-13,13.66,13.77,13.5,13.55,99098
2023-06-14,13.57,13.82,13.55,13.67,96687
2023-06-15,13.62,13.72,13.39,13.58,97654
2023-06-16,13.6,13.68,13.18,13.31,177543
2023-06-19,13.26,13.55,13.18,13.51,82386
2023-06-20,13.53,13.63,13.36,13.52,72785
2023-06-21,13.52,13.85,13.48,13.65,105107
2023-06-26,13.65,13.84,13.54,13.73,132487
2023-06-27,13.67,13.78,13.4,13.78,107941
2023-06-28,13.88,14.04,13.76,13.94,134937
2023-06-29,14.01,14.08,13.78,14.04,104258
2023-06-30,14.02,14.13,13.75,13.85,95553
2023-07-03,13.85,13.89,13.66,13.84,106049
2023-07-04,13.85,13.85,13.36,13.49,197872
2023-07-05,13.49,13.61,13.45,13.57,82866
2023-07-06,13.57,13.63,13.23,13.27,133267
2023-07-07,13.23,13.38,13.21,13.3,74659
2023-07-10,13.41,13.58,13.3,13.41,113277
2023-07-11,13.43,13.52,13.25,13.42,111171
2023-07-12,13.42,13.55,13.38,13.51,92860
2023-07-13,13.55,13.7,13.38,13.66,131620
2023-07-14,13.76,13.89,13.72,13.82,110517
2023-07-17,13.83,13.93,13.75,13.9,63619
2023-07-18,13.87,13.9,13.75,13.84,76216
2023-07-19,13.79,13.9,13.78,13.83,56809
2023-07-20,13.83,13.88,13.78,13.79,49768
2023-07-21,13.8,13.95,13.76,13.84,69536
2023-07-24,13.82,14.12,13.81,14.01,84491
2023-07-25,14.05,14.07,13.62,13.66,183355
2023-07-26,13.7,13.9,13.63,13.8,94869
2023-07-27,13.8,13.9,13.66,13.66,60690
2023-07-28,13.65,13.79,13.56,13.74,84916
2023-07-31,13.75,13.85,13.63,13.66,96331
2023-08-01,13.68,13.89,13.64,13.85,123941
2023-08-02,13.85,13.9,13.71,13.75,59491
2023-08-03,13.71,14.03,13.7,14.01,102915
2023-08-04,14.01,14.1,13.88,14.03,82002
2023-08-07,13.98,14.17,13.82,14.14,92816
2023-08-08,14.08,14.33,14.07,14.17,93819
2023-08-09,14.13,14.18,14.01,14.07,67264
2023-08-10,14.05,14.16,14.05,14.13,41184
2023-08-11,14.15,14.15,13.98,13.99,78326
2023-08-14,13.98,14.21,13.9,14.15,101040
2023-08-15,14.12,14.45,14.1,14.34,116213
2023-08-16,14.36,14.37,14.22,14.28,55695
2023-08-17,14.25,14.29,14.05,14.22,76106
2023-08-18,14.25,14.53,14.21,14.23,88734
2023-08-21,14.2,14.28,14.05,14.07,90519
2023-08-22,14.13,14.17,14.01,14.09,70147
2023-08-23,14.08,14.27,14.06,14.09,80095
2023-08-24,14.09,14.14,13.92,13.96,68316
2023-08-25,13.96,14.24,13.94,14.15,92670
2023-08-28,14.4,14.49,14.01,14.01,135328
2023-08-29,14.02,14.19,14.01,14.06,93437
2023-08-30,14.04,14.32,13.97,14.0,98727
2023-08-31,13.97,14.16,13.91,14.16,132927
2023-09-01,14.14,14.14,13.92,14.01,79490
2023-09-04,14.05,14.07,13.85,13.94,121184
2023-09-05,13.91,14.15,13.9,14.08,112049
2023-09-06,14.05,14.1,13.96,13.96,44972
2023-09-07,13.96,14.08,13.92,13.98,67341
2023-09-08,13.99,14.06,13.89,14.03,52379
2023-09-11,14.04,14.24,14.04,14.22,88530
2023-09-12,14.18,14.24,14.15,14.2,48123
2023-09-13,14.22,14.38,14.17,14.33,102376
2023-09-14,14.34,14.67,14.32,14.57,135819
2023-09-15,14.56,14.61,14.25,14.26,84365
2023-09-18,14.26,14.31,14.02,14.3,99191
2023-09-19,14.24,14.38,14.15,14.38,78311
2023-09-20,14.34,14.35,14.21,14.29,54123
2023-09-21,14.31,14.39,14.1,14.11,67992
2023-09-22,14.14,14.21,14.03,14.12,70627
2023-09-25,14.07,14.25,14.07,14.14,77155
2023-09-26,14.13,14.17,14.07,14.14,44175
2023-09-27,14.27,14.27,14.09,14.11,56415
2023-09-28,14.13,14.16,13.99,14.0,59859
2023-10-09,13.99,14.1,13.99,14.04,76999
2023-10-10,14.15,14.15,13.86,14.02,75666
2023-10-11,14.05,14.34,14.03,14.12,95981
2023-10-12,14.13,14.21,14.08,14.2,57039
2023-10-13,14.17,14.3,14.16,14.22,45004
2023-10-16,14.23,14.3,14.18,14.3,93993
2023-10-17,14.26,14.48,14.26,14.45,113991
2023-10-18,14.49,14.52,14.09,14.1,173667
2023-10-19,14.08,14.14,13.84,13.91,142492
2023-10-20,13.87,13.9,13.7,13.7,140569
2023-10-23,13.71,13.73,13.33,13.4,96822
2023-10-24,13.45,13.81,13.41,13.75,105896
2023-10-25,13.8,13.85,13.34,13.5,88753
2023-10-26,13.45,13.86,13.45,13.86,81469
2023-10-27,13.83,13.98,13.81,13.85,72015
2023-10-30,13.88,13.93,13.75,13.79,79064
2023-10-31,13.78,13.95,13.74,13.91,97116
2023-11-01,13.9,13.99,13.78,13.95,85710
2023-11-02,13.92,14.12,13.92,14.0,80043
2023-11-03,14.02,14.11,13.89,13.91,82228
2023-11-06,13.91,13.98,13.5,13.53,133638
2023-11-07,13.53,13.64,13.53,13.55,48152
2023-11-08,13.54,13.67,13.46,13.48,68465
2023-11-09,13.47,13.71,13.47,13.65,74148
2023-11-10,13.65,13.73,13.53,13.66,55369
2023-11-13,13.62,13.66,13.31,13.39,136842
2023-11-14,13.4,13.63,13.38,13.44,106677
2023-11-15,13.51,13.57,13.45,13.54,78873
2023-11-16,13.51,13.66,13.51,13.52,75084
2023-11-17,13.54,13.58,13.34,13.41,86547
2023-11-20,13.41,13.47,13.27,13.3,109735
2023-11-21,13.29,13.33,13.22,13.28,116521
2023-11-22,13.3,13.33,13.24,13.26,129362
2023-11-23,13.26,13.29,13.18,13.25,98201
2023-11-24,13.24,13.38,13.22,13.24,130861
2023-11-27,13.21,13.25,13.06,13.17,139306
2023-11-28,13.15,13.24,13.05,13.2,126711
2023-11-29,13.16,13.26,13.13,13.14,69401
2023-11-30,13.13,13.49,13.11,13.48,230221
2023-12-01,13.48,13.5,13.35,13.43,146839
2023-12-04,13.41,13.55,13.36,13.51,105954
2023-12-05,13.53,13.8,13.5,13.56,158639
2023-12-06,13.55,13.56,13.4,13.45,113785
2023-12-07,13.45,13.65,13.41,13.63,133001
2023-12-08,13.6,13.82,13.54,13.78,199859
2023-12-11,13.72,13.86,13.56,13.84,136687
2023-12-12,13.81,14.0,13.81,13.96,90127
2023-12-13,13.95,14.02,13.91,13.95,98437
2023-12-14,13.95,14.04,13.83,13.92,106042
2023-12-15,13.94,13.99,13.77,13.79,93586
2023-12-18,13.8,13.94,13.71,13.86,91239
2023-12-19,13.86,13.88,13.71,13.75,59064
2023-12-20,13.84,13.95,13.78,13.83,171256
2023-12-21,13.86,13.87,13.72,13.79,134592
2023-12-22,13.79,13.91,13.78,13.87,127578
2023-12-25,13.83,13.96,13.77,13.91,157844
2023-12-26,13.88,14.25,13.86,14.15,336495
2023-12-27,14.12,14.44,14.11,14.39,204695
2023-12-28,14.55,14.78,14.11,14.28,311348
2023-12-29,14.24,14.43,14.23,14.32,200715
2024-01-02,14.25,14.44,14.23,14.36,297178
2024-01-03,14.36,14.56,14.34,14.51,329631
2024-01-04,14.51,14.6,14.33,14.45,228008
2024-01-05,14.4,14.47,14.26,14.3,215323
2024-01-08,14.3,14.35,14.18,14.28,194025
2024-01-09,14.24,14.26,13.98,14.12,248019
2024-01-10,14.06,14.26,13.93,14.09,196889
2024-01-11,14.06,14.08,13.72,13.77,297198
2024-01-12,13.78,14.1,13.75,14.05,282344
2024-01-15,14.03,14.18,13.98,14.13,185639
2024-01-16,14.08,14.1,13.92,14.06,213611
2024-01-17,14.0,14.12,13.91,13.91,248766
2024-01-18,13.86,13.94,13.43,13.79,366074
2024-01-19,13.73,13.85,13.61,13.75,167103
2024-01-22,13.68,13.7,13.26,13.33,368124
2024-01-23,13.34,13.41,13.14,13.38,335087
2024-01-24,13.4,13.9,13.39,13.81,362125
2024-01-25,13.83,14.19,13.83,14.19,231978
2024-01-26,14.13,14.47,14.06,14.42,234794
2024-01-29,14.37,14.75,14.37,14.6,266468
2024-01-30,14.6,14.71,14.48,14.52,177762
2024-01-31,14.53,14.88,14.46,14.73,264284
2024-02-01,14.69,14.79,14.56,14.67,164223
2024-02-02,14.67,14.92,14.5,14.71,226409
2024-02-05,14.75,14.96,14.57,14.79,295656
2024-02-06,14.7,15.09,14.7,14.78,319181
2024-02-07,14.82,14.95,14.66,14.9,328808
2024-02-08,14.85,14.88,14.41,14.6,328796
2024-02-19,14.57,15.4,14.53,15.39,265443
2024-02-20,15.34,15.62,15.28,15.38,155418
2024-02-21,15.36,15.39,15.12,15.15,188921
2024-02-22,15.15,15.42,15.14,15.31,131212
2024-02-23,15.29,15.38,15.2,15.24,115331
2024-02-26,15.22,15.22,14.81,14.87,172591
2024-02-27,14.82,15.02,14.76,14.93,143778
2024-02-28,14.91,15.15,14.71,14.97,196906
2024-02-29,14.94,15.09,14.83,14.86,168903
2024-03-01,14.96,15.22,14.89,14.99,158642
2024-03-04,14.94,15.49,14.9,15.45,241655
2024-03-05,15.5,15.73,15.4,15.64,180414
2024-03-06,15.65,16.02,15.64,15.67,155952
2024-03-07,15.69,15.99,15.6,15.91,135353
2024-03-08,15.9,16.04,15.65,16.0,128656
2024-03-11,16.07,16.16,15.63,15.78,139850
2024-03-12,15.81,15.82,15.07,15.16,200288
2024-03-13,15.17,15.36,15.01,15.24,119368
2024-03-14,15.14,15.39,15.13,15.32,113686
2024-03-15,15.36,15.59,15.32,15.38,108078
2024-03-18,15.38,15.56,15.26,15.51,113798
2024-03-19,15.51,15.61,15.4,15.43,133975
2024-03-20,15.41,15.95,15.3,15.67,182255
2024-03-21,15.61,15.71,15.5,15.55,81703
2024-03-22,15.55,15.8,15.38,15.7,141379
2024-03-25,15.64,15.89,15.61,15.68,128035
2024-03-26,15.69,15.77,15.51,15.62,148471
2024-03-27,15.6,15.88,15.59,15.73,96972
2024-03-28,15.72,15.85,15.53,15.8,103457
2024-03-29,15.76,15.92,15.75,15.85,83850
2024-04-01,15.89,15.97,15.53,15.65,153612
2024-04-02,15.67,15.76,15.45,15.53,172192
2024-04-03,15.54,15.55,15.36,15.48,156806
2024-04-08,15.47,16.02,15.41,15.99,219354
2024-04-09,15.94,16.0,15.63,15.83,219861
2024-04-10,15.85,16.22,15.85,16.05,163018
2024-04-11,16.16,16.28,15.96,16.08,154768
2024-04-12,16.08,16.3,15.98,16.18,201022
2024-04-15,16.2,16.41,16.11,16.41,192143
2024-04-16,16.39,16.54,16.11,16.14,175334
2024-04-17,16.17,16.4,15.91,16.34,183172
2024-04-18,16.37,16.64,16.14,16.29,187950
2024-04-19,16.18,16.42,16.15,16.26,141586
2024-04-22,16.22,16.42,16.02,16.06,142037
2024-04-23,16.02,16.11,15.84,15.92,131955
2024-04-24,16.0,16.17,15.9,16.14,110699
2024-04-25,16.09,16.19,15.92,16.0,87523
2024-04-26,15.97,16.13,15.84,15.85,140000
2024-04-29,15.85,15.87,15.5,15.64,204285
2024-04-30,15.61,16.07,15.57,15.95,204026
2024-05-06,15.99,16.04,15.6,15.85,265997
2024-05-07,15.8,15.88,15.55,15.59,155224
2024-05-08,15.59,15.8,15.55,15.68,106866
2024-05-09,15.69,15.73,15.5,15.72,114860
2024-05-10,15.74,15.91,15.65,15.81,145728
2024-05-13,15.88,16.13,15.71,16.08,226041
2024-05-14,16.07,16.28,15.88,16.24,192650
2024-05-15,16.3,16.37,16.09,16.12,120338
2024-05-16,16.1,16.25,15.9,15.9,177248
2024-05-17,15.95,16.18,15.91,15.95,142028
2024-05-20,15.93,16.34,15.89,16.22,164636
2024-05-21,16.2,16.49,16.18,16.39,136646
2024-05-22,16.4,16.46,16.17,16.24,121290
2024-05-23,16.26,16.44,16.11,16.3,135838
2024-05-24,16.25,16.84,16.24,16.76,271951
2024-05-27,16.72,16.99,16.67,16.77,209358
2024-05-28,16.79,17.13,16.72,17.03,137550
2024-05-29,16.99,17.08,16.68,17.05,124885
2024-05-30,17.02,17.5,16.99,17.27,213695
2024-05-31,17.26,17.5,17.15,17.21,222304
2024-06-03,17.2,17.49,17.19,17.27,228206
2024-06-04,17.35,17.54,17.21,17.47,201940
2024-06-05,17.53,17.75,17.46,17.61,179540
2024-06-06,17.6,17.77,17.4,17.46,250016
2024-06-07,17.47,17.89,17.4,17.88,181780
2024-06-11,17.88,17.92,17.4,17.66,217985
2024-06-12,17.64,18.04,17.53,17.96,167898
2024-06-13,17.94,18.12,17.89,18.02,166833
2024-06-14,17.98,17.99,17.48,17.8,410927
2024-06-17,17.57,17.6,17.2,17.4,218623
2024-06-18,17.4,17.4,16.97,17.23,223398
2024-06-19,17.23,17.32,17.05,17.13,129250
2024-06-20,17.13,17.41,17.11,17.4,132958
2024-06-21,17.35,17.42,17.11,17.22,156162
2024-06-24,17.21,17.71,17.2,17.54,199488
2024-06-25,17.58,17.75,17.26,17.44,168636
2024-06-26,17.38,17.5,17.15,17.43,125985
2024-06-27,17.43,17.7,17.39,17.64,168694
2024-06-28,17.62,18.02,17.37,17.95,168595
2024-07-01,17.94,18.51,17.93,18.4,193748
2024-07-02,18.42,18.95,18.33,18.85,179773
2024-07-03,18.88,18.95,18.58,18.91,123210
2024-07-04,18.87,19.12,18.81,18.9,140188
2024-07-05,18.9,18.96,18.49,18.6,199030
2024-07-08,18.6,19.26,18.54,19.19,180362
2024-07-09,19.2,19.37,18.99,19.3,153620
2024-07-10,19.29,19.36,18.66,18.84,181116
2024-07-11,18.86,19.09,18.6,19.03,133188
2024-07-12,19.01,19.35,18.88,18.93,122616
2024-07-15,18.78,18.96,18.5,18.85,153342
2024-07-16,19.03,19.17,18.68,19.07,133476
2024-07-17,19.07,19.15,18.66,18.71,134174
2024-07-18,18.77,19.2,18.57,19.15,120536
2024-07-19,19.18,19.33,19.06,19.2,140411
2024-07-22,19.17,19.21,18.66,18.96,138973
2024-07-23,18.92,19.35,18.83,19.24,142168
2024-07-24,19.23,19.83,19.11,19.74,199771
2024-07-25,19.75,19.79,19.07,19.33,252149
2024-07-26,19.32,19.37,18.65,18.83,203322
2024-07-29,18.79,19.02,18.7,18.95,131867
2024-07-30,18.9,18.96,18.4,18.51,146920
2024-07-31,18.42,18.45,18.05,18.33,169722
2024-08-01,18.28,18.78,18.26,18.71,144771
2024-08-02,18.71,18.86,18.5,18.68,115724
2024-08-05,18.65,18.69,18.31,18.37,108294
2024-08-06,18.43,18.53,18.02,18.15,140572
2024-08-07,18.14,18.73,18.14,18.44,121702
2024-08-08,18.49,18.51,18.11,18.12,100735
2024-08-09,18.17,18.2,17.93,18.0,104152
2024-08-12,18.1,18.3,17.84,17.89,119409
2024-08-13,17.91,17.94,17.69,17.82,95418
2024-08-14,17.82,18.28,17.72,18.19,132409
2024-08-15,18.14,18.49,18.06,18.32,133217
2024-08-16,18.32,18.32,17.64,17.88,248424
2024-08-19,17.82,18.08,17.74,17.79,146849
2024-08-20,17.78,17.84,17.48,17.63,121502
2024-08-21,17.63,17.74,17.49,17.65,111087
2024-08-22,17.68,18.05,17.62,18.05,140098
2024-08-23,18.01,18.01,17.48,17.53,125041
2024-08-26,17.57,17.64,17.32,17.55,118555
2024-08-27,17.52,17.52,17.25,17.35,88799
2024-08-28,17.33,17.68,17.33,17.47,89431
2024-08-29,17.44,17.5,17.0,17.08,158058
2024-08-30,17.05,17.17,16.61,16.8,267939
2024-09-02,17.0,17.5,16.95,17.32,239209
2024-09-03,17.3,17.7,16.91,16.97,176252
2024-09-04,16.93,17.4,16.84,17.19,125338
2024-09-05,17.17,17.25,16.92,17.1,89470
2024-09-06,17.15,17.55,17.14,17.21,117285
2024-09-09,17.15,17.51,17.15,17.34,212568
2024-09-10,17.35,17.82,17.35,17.71,208763
2024-09-11,17.67,17.75,16.85,16.95,238345
2024-09-12,16.98,16.99,16.63,16.66,186824
2024-09-13,16.72,16.97,16.61,16.8,134113
2024-09-18,16.79,17.31,16.7,17.14,174257
2024-09-19,17.14,17.18,16.67,17.03,198978
2024-09-20,16.98,17.12,16.57,16.8,226948
2024-09-23,16.77,17.37,16.76,17.32,198853
2024-09-24,17.33,17.9,17.06,17.83,215767
2024-09-25,17.94,18.13,17.75,17.85,213096
2024-09-26,17.89,17.98,17.05,17.25,475352
2024-09-27,17.35,17.72,17.03,17.44,311339
2024-09-30,17.5,18.71,17.44,18.45,679305
2024-10-08,19.8,20.07,17.38,17.92,1090468
2024-10-09,17.64,17.79,17.07,17.22,627234
2024-10-10,17.55,18.17,17.55,17.6,706023
2024-10-11,17.63,18.08,17.41,17.75,331836
2024-10-14,17.76,17.94,17.32,17.72,417651
2024-10-15,17.77,17.8,17.16,17.16,403643
2024-10-16,17.21,17.77,17.14,17.61,455407
2024-10-17,17.69,17.77,17.27,17.28,332107
2024-10-18,17.25,17.38,16.91,17.17,343804
2024-10-21,17.17,17.2,16.76,16.85,427655
2024-10-22,16.8,16.9,16.74,16.85,336302
2024-10-23,16.8,16.95,16.71,16.73,359295
2024-10-24,16.7,16.81,16.47,16.79,316332
2024-10-25,16.73,16.78,16.37,16.48,425341
2024-10-28,16.48,16.58,16.19,16.53,316440
2024-10-29,16.55,16.65,16.38,16.49,296101
2024-10-30,16.49,16.55,16.19,16.51,326113
2024-10-31,16.5,16.58,16.29,16.34,290171
2024-11-01,16.34,16.74,16.22,16.69,398766
2024-11-04,16.7,16.71,16.45,16.62,208978
2024-11-05,16.63,16.8,16.55,16.63,372646
2024-11-06,16.61,16.72,16.48,16.59,304010
2024-11-07,16.56,16.75,16.5,16.72,261617
2024-11-08,16.73,17.06,16.61,16.79,400237
2024-11-11,16.74,16.74,16.42,16.5,331238
2024-11-12,16.45,16.63,16.27,16.34,383278
2024-11-13,16.35,16.69,16.22,16.62,351002
2024-11-14,16.65,16.84,16.43,16.44,258654
2024-11-15,16.44,16.54,16.27,16.27,238795
2024-11-18,16.33,16.64,16.3,16.46,262532
2024-11-19,16.45,16.47,16.19,16.33,244159
2024-11-20,16.3,16.5,16.2,16.43,224028
2024-11-21,16.44,16.74,16.38,16.68,308625
2024-11-22,16.68,16.82,16.26,16.26,248418
2024-11-25,16.32,16.6,16.25,16.34,293726
2024-11-26,16.39,16.4,16.15,16.17,206421
2024-11-27,16.15,16.32,16.12,16.27,167849
2024-11-28,16.24,16.26,15.98,16.06,215565
2024-11-29,16.03,16.22,16.01,16.08,176713
2024-12-02,16.7,16.8,16.36,16.65,1081546
2024-12-03,16.64,18.26,16.35,17.16,1218538
2024-12-04,17.03,17.09,16.71,16.79,682330
2024-12-05,16.73,16.85,16.55,16.61,404982
2024-12-06,16.64,16.7,16.56,16.61,284070
2024-12-09,16.61,16.7,16.43,16.64,328616
2024-12-10,16.73,16.77,16.53,16.57,432567
2024-12-11,16.51,16.57,16.43,16.49,256146
2024-12-12,16.47,16.58,16.44,16.5,225673
2024-12-13,16.46,16.53,16.4,16.4,292384
2024-12-16,16.4,16.96,16.4,16.95,646834
2024-12-17,16.94,17.19,16.78,16.8,382840
2024-12-18,16.85,17.13,16.85,16.94,236647
2024-12-19,16.88,16.92,16.61,16.61,270965
2024-12-20,16.65,16.8,16.53,16.68,214417
2024-12-23,16.59,16.85,16.4,16.78,405316
2024-12-24,16.73,16.96,16.62,16.84,251514
2024-12-25,16.84,17.14,16.83,17.09,269746
2024-12-26,17.08,17.08,16.71,16.75,273240
2024-12-27,16.75,16.9,16.67,16.85,199908
2024-12-30,16.85,16.98,16.64,16.69,238228
2024-12-31,16.72,17.04,16.69,16.85,291670
2025-01-02,16.88,16.93,16.23,16.28,412200
2025-01-03,16.32,16.38,16.02,16.15,315573
2025-01-06,16.21,16.21,15.86,15.93,248793
2025-01-07,15.93,15.93,15.66,15.73,196011
2025-01-08,15.73,16.09,15.66,16.05,287674
2025-01-09,16.06,16.07,15.75,15.79,174628
2025-01-10,15.77,15.81,15.56,15.57,149285
2025-01-13,15.48,15.6,15.17,15.25,254798
2025-01-14,15.26,15.46,15.21,15.42,223418
2025-01-15,15.4,15.73,15.24,15.47,198232
2025-01-16,15.45,15.55,15.29,15.34,170408
2025-01-17,15.3,15.42,15.15,15.29,158408
2025-01-20,15.36,15.62,15.33,15.4,201375
2025-01-21,15.44,15.54,15.26,15.4,159115
2025-01-22,15.41,15.52,15.17,15.2,138013
2025-01-23,15.21,15.32,15.09,15.12,209950
2025-01-24,15.11,15.17,14.95,15.09,170239
2025-01-27,15.12,15.55,15.09,15.49,271547
2025-02-05,15.49,15.49,15.08,15.13,204780
2025-02-06,15.13,15.3,15.08,15.3,165650
2025-02-07,15.29,15.33,15.18,15.23,205820
2025-02-10,15.21,15.27,14.99,15.12,230845
2025-02-11,15.12,15.27,15.1,15.21,188880
2025-02-12,15.2,15.25,15.11,15.23,125811
2025-02-13,15.23,15.32,15.12,15.13,203170
2025-02-14,15.14,15.25,15.06,15.15,184366
2025-02-17,15.1,15.19,14.7,15.19,377739
2025-02-18,15.16,15.42,15.12,15.21,292719
2025-02-19,15.22,15.27,15.07,15.14,179935
2025-02-20,15.1,15.44,15.01,15.35,261878
2025-02-21,15.34,15.37,15.04,15.06,300660
2025-02-24,15.02,15.16,14.71,14.73,371297
2025-02-25,14.73,14.76,14.44,14.48,346678
2025-02-26,14.52,14.84,14.48,14.78,284835
2025-02-27,14.83,14.85,14.63,14.67,225435
2025-02-28,14.67,14.77,14.57,14.57,167363
2025-03-03,14.57,14.66,14.41,14.45,208013
2025-03-04,14.46,14.58,14.38,14.54,123701
2025-03-05,14.52,14.71,14.49,14.62,150398
2025-03-06,14.66,14.68,14.49,14.64,143441
2025-03-07,14.59,14.76,14.58,14.61,155931
2025-03-10,14.61,14.8,14.56,14.72,178725
2025-03-11,14.69,14.78,14.53,14.65,168695
2025-03-12,14.64,14.76,14.53,14.76,158928
2025-03-13,14.74,14.88,14.74,14.81,199329
2025-03-14,14.81,14.87,14.74,14.86,169691
2025-03-17,14.88,15.01,14.8,14.81,197790
2025-03-18,14.85,14.85,14.69,14.71,162566
2025-03-19,14.73,15.18,14.68,15.01,363630
2025-03-20,15.01,15.17,14.97,15.04,155889
2025-03-21,15.0,15.22,15.0,15.11,223510
2025-03-24,15.14,15.26,15.05,15.13,180159
2025-03-25,15.15,15.69,15.06,15.66,443850
2025-03-26,15.67,15.68,15.41,15.57,212633
2025-03-27,15.57,15.61,15.4,15.48,193529
2025-03-28,15.44,15.75,15.42,15.73,235397
2025-03-31,15.68,15.91,15.6,15.64,249621
2025-04-01,15.64,15.88,15.6,15.8,218497
2025-04-02,15.8,15.89,15.67,15.81,159886
2025-04-03,15.76,16.34,15.76,16.3,384517
2025-04-07,15.9,16.59,15.51,16.19,767003
2025-04-08,16.15,16.44,15.84,16.38,477182
2025-04-09,16.39,16.7,16.17,16.57,447096
2025-04-10,16.57,16.57,16.27,16.57,290775
2025-04-11,16.59,16.59,16.24,16.43,230883
2025-04-14,16.26,16.38,15.93,16.32,325129
2025-04-15,16.32,16.35,16.05,16.27,201285
2025-04-16,16.28,16.51,16.1,16.51,248461
2025-04-17,16.49,16.49,16.2,16.39,196595
2025-04-18,16.31,16.44,16.25,16.28,134248
2025-04-21,16.29,16.41,16.2,16.22,132392
2025-04-22,16.22,16.57,16.19,16.43,194861
2025-04-23,16.38,16.42,16.15,16.19,155334
2025-04-24,16.21,16.51,16.2,16.37,162652
2025-04-25,16.41,16.5,16.25,16.43,161102
2025-04-28,16.46,16.69,16.33,16.6,213717
2025-04-29,16.6,16.63,16.39,16.59,173491
2025-04-30,16.58,16.62,16.46,16.59,139720
2025-05-06,16.55,16.6,16.35,16.58,224685
2025-05-07,16.67,16.84,16.44,16.71,213353
2025-05-08,16.63,16.75,16.54,16.71,137519
2025-05-09,16.71,16.98,16.66,16.83,165793
2025-05-12,16.78,16.83,16.63,16.69,141831
2025-05-13,16.69,16.72,16.55,16.68,116438
2025-05-14,16.69,16.69,16.54,16.61,127927
2025-05-15,16.63,16.93,16.63,16.87,198005
2025-05-16,16.83,17.04,16.63,16.65,158466
2025-05-19,16.65,16.85,16.62,16.79,142215
2025-05-20,16.81,17.25,16.77,17.1,233363
2025-05-21,17.15,17.3,17.03,17.06,139279
2025-05-22,17.03,17.18,16.92,17.12,128024
2025-05-23,17.09,17.13,16.83,16.83,132323
2025-05-26,16.78,16.91,16.73,16.84,95909
2025-05-27,16.9,16.95,16.67,16.67,145634
2025-05-28,16.69,16.75,16.62,16.7,85753
2025-05-29,16.7,16.71,16.44,16.55,164369
2025-05-30,16.54,16.67,16.4,16.45,196450
2025-06-03,16.42,16.43,16.09,16.24,303053
2025-06-04,16.18,16.27,15.95,15.97,307288
2025-06-05,15.98,16.07,15.8,15.86,189125
2025-06-06,15.89,16.02,15.88,16.02,129769
2025-06-09,16.01,16.01,15.81,15.99,149492
2025-06-10,15.97,16.17,15.95,15.97,178657
2025-06-11,15.97,16.08,15.92,15.97,133448
2025-06-12,15.96,16.01,15.8,15.85,136221
2025-06-13,15.83,15.95,15.83,15.9,142042
2025-06-16,15.84,15.9,15.6,15.74,215488
2025-06-17,15.72,15.88,15.68,15.83,132319
2025-06-18,15.81,16.03,15.78,15.9,162815
2025-06-19,15.97,15.98,15.61,15.7,169243
2025-06-20,15.68,15.8,15.62,15.62,127928
2025-06-23,15.61,15.66,15.46,15.54,162455
2025-06-24,15.56,15.61,15.51,15.53,166110
2025-06-25,15.56,15.68,15.53,15.67,184258
2025-06-26,15.68,15.77,15.6,15.7,183392
2025-06-27,15.7,15.71,15.5,15.61,252632
2025-06-30,15.6,15.76,15.59,15.64,196280
2025-07-01,15.65,16.11,15.64,15.95,319035
2025-07-02,15.98,16.04,15.82,15.83,138504
2025-07-03,15.88,15.89,15.71,15.77,139522
2025-07-04,15.76,15.92,15.76,15.85,127725
2025-07-07,15.93,15.98,15.77,15.92,167283
2025-07-08,15.91,15.92,15.63,15.78,253905
2025-07-09,15.75,15.92,15.74,15.76,178259
2025-07-10,15.79,15.85,15.7,15.72,156425
2025-07-11,15.83,15.87,15.72,15.72,227035
2025-07-14,15.77,15.96,15.74,15.85,215734
2025-07-15,15.9,15.9,15.69,15.74,216304
2025-07-16,15.76,15.84,15.74,15.81,121501
2025-07-17,15.85,15.89,15.75,15.76,159669
2025-07-18,15.83,15.89,15.65,15.85,182628
2025-07-21,16.1,16.14,15.9,16.05,336952
2025-07-22,16.06,16.45,16.02,16.22,347163
2025-07-23,16.29,16.42,16.06,16.1,328732
2025-07-24,16.12,16.12,15.78,15.94,361446
2025-07-25,15.9,15.97,15.79,15.81,336024
2025-07-28,15.81,15.87,15.65,15.86,393578
2025-07-29,15.8,15.85,15.72,15.8,246559
2025-07-30,15.83,16.11,15.8,15.94,427382
2025-07-31,15.9,15.93,15.53,15.59,415507
2025-08-01,15.54,15.62,15.51,15.54,156718
2025-08-04,15.5,15.6,15.47,15.56,157014
2025-08-05,15.6,15.62,15.5,15.58,110833
2025-08-06,15.58,15.61,15.52,15.55,122377
2025-08-07,15.56,15.59,15.48,15.55,137675
2025-08-08,15.53,15.59,15.51,15.53,134535
2025-08-11,15.53,15.55,15.42,15.51,155716
2025-08-12,15.5,15.5,15.44,15.46,163233
2025-08-13,15.44,15.49,15.44,15.45,142239
2025-08-14,15.45,15.6,15.45,15.5,237272
2025-08-15,15.45,15.47,15.29,15.32,311834
2025-08-18,15.33,15.37,15.25,15.34,216300
2025-08-19,15.34,15.42,15.33,15.36,177092
2025-08-20,15.35,15.39,15.3,15.37,144500
2025-08-21,15.37,15.57,15.35,15.55,247755
2025-08-22,15.54,15.57,15.4,15.51,191356
2025-08-25,15.62,15.63,15.54,15.6,201315
2025-08-26,15.6,15.61,15.52,15.54,196643
2025-08-27,15.55,15.55,15.26,15.28,373291
2025-08-28,15.28,15.34,15.05,15.2,282983
2025-08-29,15.21,15.37,14.89,14.89,666120
2025-09-01,14.89,14.94,14.63,14.65,567793
2025-09-02,14.66,15.05,14.65,15.02,443205
2025-09-03,15.0,15.02,14.85,14.96,229890
2025-09-04,14.95,14.96,14.7,14.87,196720
2025-09-05,14.8,14.9,14.77,14.88,182234
2025-09-08,14.89,15.0,14.78,14.83,413225
2025-09-09,14.83,14.89,14.72,14.77,221210
2025-09-10,14.78,14.81,14.7,14.75,171122
2025-09-11,14.75,14.8,14.71,14.8,137241
2025-09-12,14.81,14.87,14.5,14.53,651218
2025-09-15,14.55,14.58,14.33,14.42,402377
2025-09-16,14.41,14.45,14.25,14.29,417549
2025-09-17,14.29,14.4,14.24,14.34,270501
2025-09-18,14.36,14.36,14.14,14.15,310933
2025-09-19,14.18,14.37,14.08,14.34,288041
2025-09-22,14.32,14.33,14.1,14.15,200288
2025-09-23,14.15,14.35,14.08,14.3,295359
2025-09-24,14.25,14.4,14.24,14.33,201499
2025-09-25,14.32,14.32,14.17,14.22,152199
2025-09-26,14.24,14.37,14.21,14.34,192177
2025-09-29,14.36,14.4,14.24,14.34,168459
2025-09-30,14.29,14.31,14.2,14.28,147398
2025-10-09,14.34,14.5,14.26,14.5,313550
2025-10-10,14.47,14.75,14.45,14.72,334381
2025-10-13,14.57,14.86,14.46,14.82,352989
2025-10-14,14.77,14.99,14.73,14.99,379868
2025-10-15,14.97,15.02,14.83,14.9,225352
2025-10-16,14.89,14.99,14.82,14.96,271286
2025-10-17,14.93,15.0,14.77,14.84,259395
2025-10-20,14.86,14.95,14.61,14.85,255343
2025-10-21,14.82,14.89,14.71,14.73,217889
2025-10-22,14.74,14.9,14.71,14.86,178482
2025-10-23,14.87,15.06,14.85,14.93,214403
2025-10-24,14.9,14.93,14.79,14.84,180104
2025-10-27,14.83,15.13,14.77,15.02,313552
2025-10-28,15.04,15.08,14.96,15.06,162713
2025-10-29,15.05,15.06,14.9,14.96,184400
2025-10-30,14.94,15.13,14.9,15.01,222212
2025-10-31,15.0,15.02,14.7,14.72,388443
2025-11-03,14.73,14.86,14.72,14.86,174303
2025-11-04,14.86,15.04,14.81,14.98,271615
2025-11-05,14.98,15.03,14.89,14.99,148640
2025-11-06,14.99,15.2,14.95,15.02,249659
2025-11-07,15.03,15.23,15.02,15.09,247333
2025-11-10,15.12,15.14,15.01,15.06,158526
2025-11-11,15.11,15.12,14.98,15.06,164279
2025-11-12,15.05,15.13,15.01,15.01,170671
2025-11-13,15.02,15.05,14.74,14.77,346965
2025-11-14,14.78,14.89,14.64,14.65,198989
2025-11-17,14.66,14.69,14.45,14.54,186029
2025-11-18,14.54,14.61,14.42,14.46,121270
2025-11-19,14.46,14.58,14.43,14.5,115428
2025-11-20,14.5,14.61,14.47,14.48,154756
2025-11-21,14.47,14.51,14.34,14.35,193944
2025-11-24,14.38,14.4,14.26,14.33,178911
2025-11-25,14.37,14.47,14.32,14.44,147366
2025-11-26,14.44,14.61,14.41,14.46,190945
2025-11-27,14.48,14.77,14.44,14.73,266835
2025-11-28,14.73,14.73,14.56,14.58,131779
2025-12-01,14.57,14.67,14.52,14.61,130296
2025-12-02,14.62,14.66,14.56,14.61,82057
2025-12-03,14.6,14.78,14.54,14.69,145540
2025-12-04,14.71,14.75,14.63,14.73,93399
2025-12-05,14.71,14.71,14.56,14.61,118130
2025-12-08,14.61,14.61,14.46,14.46,137182
2025-12-09,14.47,14.62,14.45,14.51,139103
2025-12-10,14.48,14.71,14.46,14.55,198283
2025-12-11,14.54,14.66,14.43,14.46,163771
2025-12-12,14.46,14.5,14.39,14.45,192660
2025-12-15,14.45,14.54,14.4,14.43,122055
2025-12-16,14.42,14.44,14.28,14.34,137400
2025-12-17,14.34,14.35,14.23,14.27,148101
2025-12-18,14.29,14.52,14.26,14.46,194157
2025-12-19,14.45,14.46,14.32,14.34,137610
2025-12-22,14.35,14.36,14.25,14.27,196293
2025-12-23,14.25,14.31,14.18,14.19,141111
2025-12-24,14.19,14.24,14.13,14.23,114118
2025-12-25,14.23,14.29,14.2,14.24,95785
2025-12-26,14.25,14.26,14.2,14.24,80923
2025-12-29,14.24,14.25,13.95,13.99,307492
2025-12-30,13.99,13.99,13.85,13.9,164606
2025-12-31,13.9,14.04,13.87,13.9,161520
