date,open,high,low,close,volume
2015-01-12,2.33,2.44,2.11,2.23,23832
2015-01-13,2.18,2.56,1.92,2.38,28629
2015-01-14,2.36,2.36,2.07,2.1,12956
2015-01-15,2.11,2.14,1.95,2.03,10444
2015-01-16,2.03,2.34,2.02,2.32,20060
2015-01-19,2.32,2.6,2.22,2.4,42334
2015-01-20,2.46,2.74,2.34,2.69,34145
2015-01-21,2.67,2.7,2.55,2.65,26244
2015-01-22,2.63,2.76,2.58,2.68,16758
2015-01-23,2.72,2.73,2.47,2.47,15893
2015-01-26,2.53,2.65,2.48,2.59,14021
2015-01-27,2.5,2.68,2.43,2.65,16215
2015-01-28,2.62,2.97,2.6,2.75,27226
2015-01-29,2.65,2.84,2.6,2.68,13341
2015-01-30,2.72,2.77,2.45,2.47,13613
2015-02-02,2.33,2.63,2.33,2.54,8699
2015-02-03,2.55,2.89,2.52,2.75,19429
2015-02-04,2.76,3.05,2.73,2.81,23621
2015-02-05,2.81,3.42,2.66,3.41,46705
2015-02-06,3.28,3.32,2.97,3.05,23220
2015-02-09,3.25,3.47,3.12,3.14,30285
2015-02-10,3.05,3.34,2.78,3.27,29459
2015-02-11,3.2,3.76,3.12,3.63,32601
2015-02-12,3.55,4.33,3.55,4.08,56468
2015-02-13,4.21,4.39,3.92,4.33,36808
2015-02-16,4.22,4.39,4.09,4.28,30821
2015-02-17,4.26,4.39,4.09,4.18,18650
2015-02-25,4.18,4.18,3.76,3.99,14185
2015-02-26,3.9,4.12,3.74,3.87,16469
2015-02-27,3.91,4.39,3.87,4.2,19993
2015-03-02,4.23,4.55,4.12,4.53,17679
2015-03-03,4.42,4.42,3.99,4.08,27094
2015-03-04,3.97,4.1,3.77,4.09,29204
2015-03-05,3.99,4.14,3.89,4.03,17798
2015-03-06,4.03,4.21,3.83,4.03,34087
2015-03-09,4.07,4.69,4.0,4.6,54028
2015-03-10,4.59,4.79,4.37,4.65,22902
2015-03-11,4.66,4.71,4.24,4.25,42537
2015-03-12,4.22,4.31,4.04,4.08,17191
2015-03-13,4.08,4.32,4.08,4.26,16162
2015-03-16,4.38,4.53,4.28,4.43,18902
2015-03-17,4.47,4.54,4.28,4.36,19848
2015-03-18,4.31,4.52,4.25,4.51,24193
2015-03-19,4.51,4.86,4.47,4.7,32888
2015-03-20,4.69,5.21,4.65,4.82,51282
2015-03-23,4.8,5.64,4.66,5.64,62011
2015-03-24,6.02,6.54,5.34,6.33,73694
2015-03-25,6.34,7.18,5.97,6.69,46445
2015-03-26,6.76,7.07,5.81,5.93,49750
2015-03-27,5.94,6.1,5.63,5.81,26117
2015-03-30,5.86,5.87,5.42,5.65,31755
2015-03-31,5.64,6.07,5.59,5.97,29217
2015-04-01,5.95,6.15,5.82,6.14,30653
2015-04-02,6.42,7.06,6.28,6.79,37522
2015-04-03,6.6,7.08,6.52,6.79,23263
2015-04-07,6.85,6.85,6.41,6.64,33269
2015-04-08,6.6,6.6,5.72,5.93,54380
2015-04-09,5.89,5.89,5.36,5.81,38336
2015-04-10,5.72,5.96,5.6,5.91,27563
2015-04-13,5.86,6.0,5.65,5.89,25522
2015-04-14,5.81,5.89,5.35,5.56,36936
2015-04-15,5.49,5.51,5.23,5.25,21468
2015-04-16,5.1,5.45,4.83,5.38,19017
2015-04-17,5.35,5.44,5.04,5.17,28570
2015-04-20,5.09,5.44,4.87,5.17,22292
2015-04-21,5.16,5.62,5.12,5.61,24294
2015-04-22,5.67,5.96,5.67,5.79,29517
2015-04-23,5.79,5.79,5.47,5.5,29218
2015-04-24,5.22,5.7,5.16,5.65,30366
2015-04-27,5.81,6.05,5.7,5.86,44179
2015-04-28,5.95,5.95,5.34,5.36,24918
2015-04-29,5.34,5.73,5.16,5.6,19864
2015-04-30,5.5,6.13,5.5,6.08,42264
2015-05-04,6.13,6.21,5.83,5.84,26691
2015-05-05,5.81,5.94,5.3,5.34,23035
2015-05-06,5.29,5.62,5.28,5.3,16818
2015-05-07,5.18,5.45,5.1,5.4,18157
2015-05-08,5.57,6.05,5.43,6.04,36488
2015-05-11,6.09,6.98,5.85,6.74,56135
2015-05-12,6.74,6.74,6.22,6.52,40630
2015-05-13,6.37,7.04,6.19,6.75,42761
2015-05-14,6.64,6.89,6.43,6.44,26134
2015-05-15,6.4,6.8,6.09,6.77,33996
2015-05-18,6.67,7.36,6.66,7.12,37227
2015-05-19,7.28,8.12,6.91,7.81,48167
2015-05-20,8.23,8.93,7.75,7.82,69843
2015-05-21,7.78,8.77,7.78,8.57,59175
2015-05-22,8.53,8.98,8.07,8.45,35290
2015-05-25,8.28,8.57,7.83,8.29,30629
2015-05-26,8.3,8.88,8.3,8.72,29951
2015-05-27,8.86,9.36,8.37,9.12,32363
2015-05-28,9.02,9.82,8.22,8.25,42623
2015-05-29,8.08,8.89,7.78,8.84,34926
2015-06-01,9.0,9.94,9.0,9.86,39553
2015-06-02,9.89,11.03,9.89,10.2,43870
2015-06-03,10.51,10.52,9.7,9.96,16901
2015-06-04,10.09,10.12,8.7,9.93,22881
2015-06-05,10.04,11.02,10.04,10.58,38461
2015-06-08,10.53,10.6,9.19,10.0,40450
2015-06-09,9.81,9.81,9.26,9.62,22119
2015-06-10,9.46,9.97,9.31,9.76,16650
2015-06-11,9.74,9.79,9.17,9.59,24422
2015-06-12,9.58,9.81,9.33,9.73,23997
2015-06-15,9.65,9.73,8.7,8.93,21228
2015-06-16,8.55,9.23,8.47,9.06,19531
2015-06-17,9.08,9.23,8.62,9.1,13336
2015-06-18,9.15,9.96,8.94,9.9,24329
2015-06-19,9.63,9.76,8.67,9.25,18573
2015-06-23,8.71,9.57,8.07,9.54,21441
2015-06-24,9.7,9.92,9.17,9.64,19915
2015-06-25,9.59,9.94,8.71,9.39,25280
2015-06-26,8.86,8.98,8.12,8.12,14939
2015-06-29,8.23,8.35,6.98,6.98,21642
2015-06-30,6.42,7.99,5.95,7.94,29427
2015-07-01,7.75,8.16,6.96,7.7,26305
2015-07-02,7.43,7.43,6.6,6.6,10862
2015-07-03,5.61,7.18,5.61,6.71,42500
2015-07-06,7.67,7.67,5.71,6.07,20170
2015-07-07,5.7,6.08,5.13,5.43,20673
2015-07-13,6.3,6.3,5.94,6.3,21709
2015-07-14,6.57,7.26,6.57,7.26,27254
2015-07-15,6.87,7.13,6.21,6.21,17142
2015-07-16,5.26,6.49,5.26,6.34,15788
2015-07-17,6.25,7.17,6.03,6.93,17681
2015-07-20,6.8,7.16,6.49,6.92,11987
2015-07-21,6.65,7.71,6.57,7.44,19826
2015-07-22,7.28,7.55,6.94,7.14,14600
2015-07-23,7.12,7.61,6.87,7.47,14020
2015-07-24,7.28,7.75,6.9,7.36,13491
2015-07-27,6.96,7.37,6.29,6.59,15712
2015-07-28,5.66,6.95,5.66,6.32,15263
2015-07-29,6.33,6.68,5.78,6.66,9481
2015-07-30,6.49,6.8,5.7,6.04,11222
2015-07-31,5.85,5.85,5.27,5.78,20192
2015-08-03,5.47,5.69,5.07,5.36,10050
2015-08-04,5.13,5.93,5.13,5.88,12738
2015-08-05,5.78,5.95,5.66,5.76,9579
2015-08-06,5.46,5.79,5.46,5.6,6159
2015-08-07,5.65,6.04,5.65,5.98,14384
2015-08-10,6.02,6.64,6.02,6.55,11932
2015-08-11,6.61,6.66,6.34,6.51,10040
2015-08-12,6.47,6.94,6.32,6.8,9595
2015-08-13,6.8,7.0,6.66,6.81,8957
2015-08-14,7.04,7.37,6.8,7.24,13210
2015-08-17,7.14,7.22,6.8,6.94,9829
2015-08-18,7.0,7.09,5.95,6.08,11544
2015-08-19,5.89,6.57,5.7,6.56,7410
2015-08-20,6.4,6.7,6.17,6.23,4396
2015-08-21,5.98,6.17,5.38,6.09,6409
2015-08-24,5.55,5.99,5.15,5.15,9250
2015-08-25,4.43,5.06,4.31,4.82,7093
2015-08-26,4.97,4.98,4.13,4.87,11807
2015-08-27,4.59,5.23,4.31,4.78,24900
2015-08-28,4.73,5.19,4.53,5.13,13227
2015-08-31,5.1,5.1,4.53,4.61,5477
2015-09-01,4.56,4.56,3.81,4.15,6030
2015-09-02,3.61,4.11,3.4,3.56,9625
2015-09-07,3.43,4.01,3.43,3.91,12956
2015-09-08,3.79,4.26,3.49,4.19,5505
2015-09-09,4.19,4.67,4.06,4.49,12155
2015-09-10,4.28,4.49,4.14,4.27,3583
2015-09-11,4.27,4.51,3.99,4.3,5019
2015-09-14,4.31,4.49,3.66,4.04,6884
2015-09-15,3.72,3.94,3.31,3.31,6220
2015-09-16,3.32,3.97,3.04,3.87,16294
2015-09-17,3.64,4.16,3.52,3.53,14783
2015-09-18,3.52,3.7,3.18,3.43,9300
2015-09-21,3.33,3.89,3.33,3.87,11839
2015-09-22,4.08,4.34,3.87,4.22,22237
2015-09-23,4.02,4.25,3.97,4.1,6058
2015-09-24,4.0,4.25,3.95,4.24,9589
2015-09-25,4.25,4.29,3.87,4.1,6857
2015-09-28,4.12,4.56,3.88,4.52,7890
2015-09-29,4.27,4.67,4.24,4.53,7562
2015-09-30,4.35,4.68,4.35,4.5,4883
2015-10-08,4.61,5.03,4.61,4.93,4466
2015-10-09,4.98,4.98,4.75,4.97,3058
2015-10-12,5.22,5.75,5.06,5.09,10675
2015-10-13,5.09,5.35,5.07,5.17,7992
2015-10-14,5.09,5.24,4.93,5.07,8407
2015-10-15,4.98,5.26,4.93,5.24,15524
2015-10-16,5.25,5.36,5.08,5.31,9573
2015-10-19,5.38,6.17,5.22,6.17,18998
2015-10-20,6.18,6.88,5.85,6.59,16604
2015-10-21,6.94,6.99,6.01,6.34,26280
2015-10-22,6.26,6.79,6.03,6.62,15940
2015-10-23,6.73,6.73,6.17,6.5,12679
2015-10-26,6.49,6.64,6.19,6.32,10224
2015-10-27,6.17,6.42,5.72,6.24,7803
2015-10-28,6.14,6.96,6.14,6.45,12182
2015-10-29,6.57,6.64,6.0,6.26,5476
2015-10-30,6.17,6.63,5.99,6.29,6682
2015-11-02,6.24,6.93,6.1,6.6,14558
2015-11-03,6.58,6.92,6.47,6.64,16135
2015-11-04,6.5,7.44,6.47,7.43,26481
2015-11-05,7.4,7.68,7.01,7.12,17661
2015-11-06,7.13,7.6,7.01,7.39,9335
2015-11-09,7.28,7.91,7.28,7.54,20039
2015-11-10,7.75,8.01,7.28,7.54,20255
2015-11-11,7.43,8.0,7.28,7.86,15949
2015-11-12,7.77,7.91,7.26,7.54,12704
2015-11-13,7.28,7.42,6.97,7.11,9283
2015-11-16,6.84,7.37,6.74,7.36,12314
2015-11-17,7.36,7.62,7.06,7.34,13419
2015-11-18,7.41,7.41,7.05,7.07,5046
2015-11-19,7.13,7.97,7.07,7.62,4986
2015-11-20,7.59,7.86,7.44,7.64,7663
2015-11-23,7.59,7.67,7.28,7.35,4459
2015-11-24,7.23,7.56,7.07,7.5,4463
2015-11-25,8.46,8.46,7.67,7.78,9476
2015-11-26,7.96,7.96,7.45,7.48,6119
2015-11-27,7.43,7.43,6.64,6.79,7532
2015-11-30,6.79,6.96,6.17,6.59,7767
2015-12-01,6.71,6.88,6.09,6.52,12130
2015-12-02,6.41,6.48,5.7,6.33,14855
2015-12-03,6.23,6.96,6.2,6.86,10978
2015-12-04,6.8,7.12,6.53,6.72,8988
2015-12-07,6.61,6.96,6.61,6.9,4174
2015-12-08,6.85,6.95,6.5,6.88,6962
2015-12-09,6.8,7.04,6.71,6.9,3675
2015-12-10,6.91,7.23,6.8,6.98,7963
2015-12-11,6.85,7.04,6.61,6.71,3829
2015-12-14,6.61,6.8,6.33,6.62,5022
2015-12-15,6.52,6.77,6.52,6.63,5120
2015-12-16,6.6,6.69,6.44,6.59,5863
2015-12-17,6.59,7.12,6.55,7.12,11503
2015-12-18,7.12,7.12,6.07,6.96,9325
2015-12-21,6.79,6.94,6.74,6.8,7169
2015-12-22,6.78,7.05,6.77,6.92,10863
2015-12-23,6.96,6.99,6.53,6.56,8849
2015-12-24,6.52,6.59,6.18,6.41,6705
2015-12-25,6.42,6.61,6.34,6.5,3871
2015-12-28,6.45,6.64,6.14,6.18,5002
2015-12-29,6.21,6.44,5.8,5.98,14414
2015-12-30,5.99,6.08,5.74,5.86,24254
2015-12-31,5.87,5.99,5.72,5.83,16733
2016-01-04,5.78,5.85,4.92,4.94,9584
2016-01-05,4.49,4.97,4.3,4.59,11195
2016-01-06,4.67,4.9,4.54,4.86,11557
2016-01-07,4.7,4.7,4.04,4.04,2031
2016-01-08,4.26,4.29,3.64,4.13,8459
2016-01-11,3.91,4.15,3.46,3.53,10619
2016-01-12,3.55,3.94,3.29,3.62,15341
2016-01-13,3.69,3.69,3.3,3.31,11253
2016-01-14,3.09,3.72,2.99,3.69,17149
2016-01-15,3.61,3.61,3.0,3.09,16383
2016-01-18,2.85,3.48,2.84,3.25,23932
2016-01-19,3.27,3.61,3.11,3.58,19370
2016-01-20,3.55,3.63,3.4,3.48,14952
2016-01-21,3.37,3.72,3.25,3.35,15308
2016-01-22,3.44,3.51,3.25,3.5,9730
2016-01-25,3.51,3.64,3.33,3.41,12846
2016-01-26,3.27,3.39,2.74,3.01,14347
2016-01-27,2.93,3.48,2.54,3.15,20049
2016-01-28,2.93,3.01,2.75,2.84,6157
2016-01-29,2.74,3.2,2.66,3.12,17878
2016-02-01,3.05,3.1,2.77,2.88,12951
2016-02-02,2.87,3.27,2.87,3.19,18252
2016-02-03,3.07,3.21,2.96,3.2,12395
2016-02-04,3.2,3.56,3.2,3.49,17514
2016-02-05,3.4,3.53,3.35,3.44,7109
2016-02-15,3.28,3.46,3.03,3.41,5473
2016-02-16,3.43,3.72,3.43,3.68,14022
2016-02-17,3.7,3.76,3.56,3.75,12468
2016-02-18,3.82,3.94,3.56,3.6,14908
2016-02-19,3.61,3.89,3.46,3.77,12925
2016-02-22,3.93,3.98,3.69,3.85,11193
2016-02-23,3.89,3.94,3.56,3.64,10050
2016-02-24,3.62,3.67,3.39,3.54,11194
2016-02-25,3.53,3.54,2.86,2.86,15700
2016-02-26,2.86,2.93,2.55,2.65,19636
2016-02-29,2.61,2.61,2.06,2.18,13786
2016-03-01,2.16,2.23,1.79,2.18,29980
2016-03-02,2.06,2.54,2.03,2.47,24003
2016-03-03,2.41,2.69,2.38,2.46,32181
2016-03-04,2.42,2.46,1.93,2.06,21775
2016-03-07,2.1,2.33,2.1,2.17,16591
2016-03-08,2.16,2.3,1.86,2.25,17010
2016-03-09,2.19,2.25,2.07,2.12,9281
2016-03-10,2.18,2.21,1.95,2.03,9624
2016-03-11,1.9,2.06,1.89,2.03,7930
2016-03-14,2.07,2.44,2.07,2.42,23616
2016-03-15,2.39,2.42,2.28,2.33,13945
2016-03-16,2.37,2.41,2.14,2.19,14111
2016-03-17,2.23,2.57,2.16,2.52,23480
2016-03-18,2.54,3.0,2.51,2.85,31673
2016-03-21,2.95,3.23,2.89,3.23,36486
2016-03-22,3.01,3.27,2.99,3.15,22073
2016-03-23,3.09,3.62,3.08,3.61,36585
2016-03-24,3.78,3.96,3.59,3.72,90403
2016-03-25,3.54,3.64,3.3,3.38,35747
2016-03-28,3.36,3.5,3.12,3.16,25825
2016-03-29,3.2,3.22,2.85,2.97,32715
2016-03-30,3.02,3.37,3.01,3.34,39754
2016-03-31,3.47,3.47,3.31,3.33,38114
2016-04-01,3.3,3.3,3.05,3.17,26831
2016-04-05,3.13,3.43,3.09,3.42,38766
2016-04-06,3.33,3.58,3.32,3.54,38130
2016-04-07,3.57,3.6,3.38,3.38,35883
2016-04-08,3.32,3.37,3.14,3.24,23510
2016-04-11,3.31,3.44,3.26,3.4,22984
2016-04-12,3.4,3.4,3.19,3.26,23496
2016-04-13,3.33,3.51,3.26,3.36,29066
2016-04-14,3.44,3.44,3.29,3.41,23726
2016-04-15,3.42,3.58,3.39,3.43,31794
2016-04-18,3.33,3.36,3.23,3.31,16807
2016-04-19,3.33,3.38,3.18,3.2,22771
2016-04-20,3.24,3.26,2.55,2.67,37264
2016-04-21,2.68,2.71,2.55,2.55,19438
2016-04-22,2.5,2.66,2.48,2.63,11951
2016-04-25,2.6,2.87,2.54,2.85,20632
2016-04-26,2.79,2.92,2.76,2.85,13421
2016-04-27,2.85,2.9,2.75,2.78,10109
2016-04-28,2.84,2.84,2.58,2.75,11708
2016-04-29,2.75,2.9,2.74,2.84,13185
2016-05-03,2.87,3.17,2.87,3.15,21105
2016-05-04,3.24,3.41,3.18,3.37,28061
2016-05-05,3.36,3.7,3.25,3.65,50461
2016-05-06,3.7,3.7,3.11,3.14,54237
2016-05-09,3.21,3.78,3.14,3.44,93435
2016-05-10,2.89,2.97,2.77,2.77,107506
2016-05-11,2.67,2.72,2.35,2.37,73490
2016-05-12,2.21,2.29,1.98,2.21,56125
2016-05-13,2.16,2.4,2.16,2.25,47959
2016-05-16,2.1,2.37,2.07,2.33,34985
2016-05-17,2.32,2.54,2.19,2.37,45180
2016-05-18,2.27,2.33,1.95,2.09,42881
2016-05-19,2.08,2.4,2.08,2.15,46941
2016-05-20,2.07,2.24,1.98,2.23,26610
2016-05-23,2.26,2.39,2.26,2.29,33383
2016-05-24,2.3,2.37,2.23,2.3,33493
2016-05-25,2.37,2.6,2.3,2.32,64618
2016-05-26,2.27,2.38,2.06,2.37,43197
2016-05-27,2.35,2.37,2.13,2.28,29505
2016-05-30,2.23,2.37,2.21,2.26,26310
2016-05-31,2.27,2.81,2.27,2.7,80750
2016-06-01,2.74,2.97,2.71,2.74,80561
2016-06-02,2.78,2.87,2.69,2.87,47750
2016-06-03,2.94,2.95,2.76,2.81,45411
2016-06-06,2.81,2.87,2.69,2.74,34043
2016-06-07,2.74,2.76,2.64,2.71,28769
2016-06-08,2.72,2.76,2.67,2.72,28835
2016-06-13,2.53,2.62,2.15,2.17,38420
2016-06-14,2.17,2.25,2.1,2.16,31272
2016-06-15,2.12,2.4,2.07,2.36,32962
2016-06-16,2.35,2.35,2.21,2.23,30041
2016-06-17,2.25,2.37,2.23,2.29,26601
2016-06-20,2.55,2.56,2.34,2.41,32300
2016-06-21,2.44,2.61,2.28,2.35,37088
2016-06-22,2.35,2.5,2.24,2.48,33639
2016-06-23,2.44,2.62,2.42,2.54,38780
2016-06-24,2.54,2.61,2.25,2.39,46579
2016-06-27,2.61,2.95,2.61,2.95,81271
2016-06-28,3.14,3.58,3.11,3.58,184693
2016-06-29,3.62,3.66,3.37,3.48,175188
2016-06-30,3.38,3.98,3.31,3.78,190444
2016-07-01,3.81,4.48,3.7,4.27,190337
2016-07-04,4.23,4.46,4.1,4.42,158449
2016-07-05,4.32,4.32,4.12,4.19,127798
2016-07-06,4.18,4.34,4.06,4.14,83665
2016-07-07,4.07,4.19,3.92,4.05,95414
2016-07-08,4.03,4.11,3.96,4.04,67064
2016-07-11,4.08,4.1,3.78,3.82,99208
2016-07-12,3.85,4.19,3.65,4.18,136096
2016-07-13,4.14,4.28,4.0,4.06,89397
2016-07-14,4.04,4.11,3.92,4.04,52888
2016-07-15,4.09,4.15,3.8,3.83,52878
2016-07-18,3.79,3.93,3.72,3.85,33560
2016-07-19,3.85,4.29,3.76,4.28,89684
2016-07-20,4.2,4.88,4.17,4.56,187019
2016-07-21,4.47,4.71,4.41,4.48,111654
2016-07-22,4.44,5.0,4.39,4.93,153779
2016-07-25,5.01,5.22,4.75,4.88,136044
2016-07-26,4.77,4.88,4.57,4.76,85594
2016-07-27,4.78,4.82,3.96,3.96,120490
2016-07-28,3.96,4.04,3.44,3.84,96897
2016-07-29,3.96,3.99,3.59,3.62,68324
2016-08-01,3.65,3.68,3.37,3.67,54330
2016-08-02,3.67,3.73,3.59,3.71,47340
2016-08-03,3.68,3.71,3.56,3.68,44849
2016-08-04,3.67,3.98,3.57,3.92,74421
2016-08-05,3.93,3.93,3.71,3.72,47407
2016-08-08,3.69,3.76,3.52,3.74,33219
2016-08-09,3.76,3.88,3.72,3.86,39203
2016-08-10,3.87,3.93,3.76,3.77,39468
2016-08-11,3.77,3.82,3.58,3.59,35045
2016-08-12,3.53,3.71,3.53,3.68,29775
2016-08-15,3.69,4.11,3.6,4.0,74159
2016-08-16,4.09,4.09,3.93,3.96,50670
2016-08-17,3.93,4.03,3.86,3.98,37008
2016-08-18,3.98,4.52,3.94,4.29,98476
2016-08-19,4.25,4.71,4.19,4.69,140445
2016-08-22,4.59,4.59,4.08,4.15,129284
2016-08-23,4.1,4.21,3.9,3.98,72776
2016-08-24,3.99,4.26,3.98,4.12,56357
2016-08-25,4.0,4.06,3.89,4.04,44922
2016-08-26,4.04,4.36,4.04,4.32,83924
2016-08-29,4.28,4.38,4.2,4.33,52862
2016-08-30,4.39,4.57,4.1,4.14,74788
2016-08-31,4.14,4.27,4.04,4.22,41263
2016-09-01,4.22,4.4,4.12,4.22,77762
2016-09-02,4.11,4.25,4.05,4.06,44092
2016-09-05,4.12,4.22,4.0,4.03,29808
2016-09-06,4.03,4.14,3.9,4.1,54625
2016-09-07,4.09,4.31,4.03,4.17,68544
2016-09-08,4.14,4.22,4.09,4.14,30109
2016-09-09,4.15,4.21,4.02,4.03,41125
2016-09-12,3.84,3.89,3.66,3.67,56232
2016-09-13,3.73,3.75,3.67,3.71,24303
2016-09-14,3.66,3.96,3.55,3.73,32958
2016-09-19,3.9,4.15,3.9,3.94,60779
2016-09-20,3.91,4.1,3.91,4.09,47865
2016-09-21,4.02,4.09,3.93,3.98,44623
2016-09-22,4.09,4.12,3.99,4.01,31384
2016-09-23,4.06,4.12,4.01,4.02,30291
2016-09-26,4.0,4.03,3.71,3.72,36389
2016-09-27,3.7,3.79,3.65,3.78,24168
2016-09-28,3.74,3.84,3.74,3.76,15220
2016-09-29,3.78,3.83,3.74,3.76,13022
2016-09-30,3.78,3.78,3.73,3.76,13109
2016-10-10,3.92,4.1,3.92,4.03,47399
2016-10-11,4.0,4.25,3.92,4.14,65796
2016-10-12,4.01,4.11,3.97,4.04,36606
2016-10-13,4.04,4.11,4.0,4.06,26194
2016-10-14,4.06,4.06,3.91,3.95,26094
2016-10-17,3.94,4.03,3.79,3.84,20340
2016-10-18,3.84,3.93,3.79,3.9,29469
2016-10-19,3.92,3.97,3.79,3.79,32784
2016-10-20,3.8,3.87,3.74,3.79,23738
2016-10-21,3.81,3.83,3.55,3.63,70865
2016-10-24,3.65,3.76,3.62,3.68,48129
2016-10-25,3.69,3.76,3.63,3.67,36248
2016-10-26,3.68,3.76,3.64,3.76,40359
2016-10-27,3.75,3.75,3.68,3.69,24131
2016-10-28,3.7,3.71,3.47,3.48,39302
2016-10-31,3.46,3.46,3.19,3.27,56437
2016-11-01,3.3,3.38,3.27,3.35,25163
2016-11-02,3.35,3.35,3.24,3.29,20220
2016-11-03,3.25,3.36,3.23,3.28,23471
2016-11-04,3.28,3.32,3.2,3.21,24808
2016-11-07,3.21,3.36,3.21,3.33,23890
2016-11-08,3.33,3.37,3.3,3.32,17373
2016-11-09,3.35,3.36,3.13,3.23,27951
2016-11-10,3.3,3.34,3.29,3.31,20053
2016-11-11,3.32,3.33,3.28,3.3,27018
2016-11-14,3.32,3.43,3.27,3.39,31640
2016-11-15,3.37,3.4,3.24,3.38,26956
2016-11-16,3.41,3.45,3.38,3.39,29692
2016-11-17,3.37,3.38,3.25,3.3,24943
2016-11-18,3.3,3.33,3.27,3.3,16502
2016-11-21,3.37,3.37,3.24,3.32,15824
2016-11-22,3.29,3.44,3.27,3.38,23019
2016-11-23,3.38,3.43,3.32,3.32,29328
2016-11-24,3.3,3.34,3.1,3.15,38506
2016-11-25,3.09,3.42,3.09,3.42,58170
2016-11-28,3.44,3.55,3.37,3.38,41353
2016-11-29,3.38,3.38,3.23,3.23,25470
2016-11-30,3.21,3.36,3.18,3.24,23436
2016-12-01,3.24,3.31,3.23,3.27,22970
2016-12-02,3.24,3.28,3.07,3.08,28975
2016-12-05,3.04,3.15,3.02,3.09,15813
2016-12-06,3.1,3.16,3.1,3.12,12893
2016-12-07,3.12,3.18,3.11,3.18,13711
2016-12-08,3.24,3.24,3.08,3.09,19816
2016-12-09,3.09,3.13,3.03,3.05,19986
2016-12-12,3.05,3.05,2.69,2.69,33594
2016-12-13,2.69,2.7,2.39,2.62,34158
2016-12-14,2.62,2.62,2.43,2.54,23856
2016-12-15,2.54,2.66,2.49,2.58,12853
2016-12-16,2.58,2.66,2.56,2.62,11000
2016-12-19,2.64,2.64,2.53,2.61,11619
2016-12-20,2.59,2.61,2.5,2.51,13483
2016-12-21,2.51,2.58,2.51,2.54,23252
2016-12-22,2.55,2.57,2.5,2.51,26222
2016-12-23,2.51,2.54,2.46,2.46,16933
2016-12-26,2.38,2.51,2.35,2.49,13278
2016-12-27,2.49,2.59,2.46,2.53,13827
2016-12-28,2.51,2.55,2.43,2.43,18531
2016-12-29,2.43,2.51,2.4,2.41,16900
2016-12-30,2.39,2.43,2.28,2.3,27645
2017-01-03,2.3,2.48,2.3,2.47,27013
2017-01-04,2.51,2.61,2.46,2.6,24610
2017-01-05,2.6,2.69,2.55,2.64,23117
2017-01-06,2.67,2.67,2.57,2.58,13008
2017-01-09,2.58,2.58,2.5,2.57,14229
2017-01-10,2.57,2.61,2.51,2.52,10100
2017-01-11,2.53,2.58,2.49,2.53,9187
2017-01-12,2.51,2.54,2.37,2.37,15705
2017-01-13,2.34,2.41,2.24,2.25,22162
2017-01-16,2.2,2.27,1.85,2.2,25825
2017-01-17,2.16,2.67,2.03,2.36,52358
2017-01-18,2.23,2.34,2.2,2.22,25199
2017-01-19,2.19,2.2,2.08,2.09,18145
2017-01-20,2.09,2.26,2.09,2.21,19739
2017-01-23,2.21,2.32,2.19,2.27,19473
2017-01-24,2.26,2.31,2.17,2.18,12751
2017-01-25,2.18,2.27,2.18,2.23,12522
2017-01-26,2.22,2.28,2.22,2.27,9104
2017-02-03,2.28,2.35,2.17,2.24,14063
2017-02-06,2.23,2.29,2.2,2.27,14895
2017-02-07,2.27,2.27,2.14,2.18,20545
2017-02-08,2.18,2.21,2.11,2.21,17624
2017-02-09,2.21,2.29,2.2,2.28,22925
2017-02-10,2.28,2.29,2.23,2.25,16777
2017-02-13,2.25,2.37,2.22,2.37,28062
2017-02-14,2.81,2.93,2.73,2.93,201394
2017-02-15,2.78,3.51,2.75,3.23,209699
2017-02-16,3.05,3.21,2.99,3.08,132838
2017-02-17,3.14,3.14,2.83,2.88,94604
2017-02-20,2.88,2.99,2.79,2.94,61470
2017-02-21,2.9,3.03,2.89,2.94,71060
2017-02-22,2.89,2.91,2.8,2.88,48074
2017-02-23,2.87,3.01,2.85,2.98,68062
2017-02-24,2.97,3.0,2.86,2.94,41444
2017-02-27,2.94,2.95,2.76,2.79,37866
2017-02-28,2.82,2.82,2.68,2.78,33447
2017-03-01,2.8,2.82,2.73,2.73,37305
2017-03-02,2.74,2.75,2.54,2.56,61824
2017-03-03,2.56,2.63,2.53,2.62,26875
2017-03-06,2.58,2.75,2.57,2.73,34236
2017-03-07,2.69,2.72,2.6,2.69,38665
2017-03-08,2.67,2.74,2.63,2.65,35722
2017-03-09,2.66,2.68,2.54,2.55,24079
2017-03-10,2.56,2.66,2.56,2.61,20433
2017-03-13,2.61,2.71,2.56,2.7,28534
2017-03-14,2.7,2.75,2.64,2.67,20669
2017-03-15,2.65,2.69,2.56,2.66,22459
2017-03-16,2.66,2.74,2.66,2.72,34115
2017-03-17,2.67,2.72,2.62,2.67,36419
2017-03-20,2.67,2.68,2.56,2.61,20522
2017-03-21,2.58,2.65,2.57,2.6,16553
2017-03-22,2.57,2.57,2.44,2.45,33892
2017-03-23,2.41,2.52,2.39,2.46,27212
2017-03-24,2.46,2.47,2.4,2.45,20608
2017-03-27,2.45,2.5,2.41,2.46,20075
2017-03-28,2.47,2.47,2.4,2.45,13160
2017-03-29,2.46,2.49,2.38,2.44,22126
2017-03-30,2.44,2.44,2.21,2.29,33140
2017-03-31,2.29,2.34,2.26,2.34,17212
2017-04-05,2.35,2.51,2.34,2.5,24545
2017-04-06,2.5,2.53,2.43,2.48,19629
2017-04-07,2.48,2.51,2.43,2.44,14849
2017-04-10,2.44,2.46,2.35,2.36,17613
2017-04-11,2.34,2.51,2.33,2.48,22039
2017-04-12,2.48,2.51,2.39,2.48,18136
2017-04-13,2.48,2.52,2.44,2.51,23007
2017-04-14,2.48,2.51,2.36,2.37,17374
2017-04-17,2.38,2.51,2.3,2.48,17274
2017-04-18,2.45,2.5,2.31,2.33,16219
2017-04-19,2.35,2.4,2.03,2.12,34516
2017-04-20,2.15,2.16,1.95,1.97,32229
2017-04-21,2.02,2.02,1.94,1.99,15059
2017-04-24,1.99,1.99,1.82,1.83,21011
2017-04-25,1.88,1.94,1.84,1.9,11278
2017-04-26,1.91,1.96,1.86,1.9,13150
2017-04-27,1.9,1.96,1.79,1.95,15259
2017-04-28,1.97,2.08,1.93,2.01,11649
2017-05-02,1.99,2.13,1.97,2.05,13539
2017-05-03,2.05,2.16,2.03,2.1,15180
2017-05-04,2.09,2.12,2.04,2.06,9998
2017-05-05,2.04,2.09,2.01,2.02,7906
2017-05-08,2.03,2.07,1.85,1.9,8479
2017-05-09,1.88,2.0,1.87,1.98,11132
2017-05-10,1.98,2.01,1.86,1.87,9415
2017-05-11,1.86,1.86,1.48,1.7,18553
2017-05-12,1.7,1.72,1.55,1.6,14402
2017-05-15,1.65,1.79,1.65,1.73,13778
2017-05-16,1.71,1.79,1.53,1.78,24507
2017-05-17,1.78,1.83,1.72,1.79,16303
2017-05-18,1.73,1.8,1.66,1.67,13226
2017-05-19,1.68,2.08,1.63,1.92,34438
2017-05-22,1.85,1.92,1.67,1.73,28402
2017-05-23,1.73,1.73,1.49,1.51,15151
2017-05-24,1.48,1.65,1.45,1.55,14607
2017-05-25,1.55,1.6,1.47,1.57,17877
2017-05-26,1.57,1.6,1.53,1.55,13215
2017-05-31,1.6,1.63,1.51,1.51,14861
2017-06-01,1.52,1.55,1.36,1.37,21866
2017-06-02,1.38,1.51,1.32,1.46,16852
2017-06-05,1.47,1.53,1.44,1.5,15014
2017-06-06,1.5,1.55,1.47,1.54,15701
2017-06-07,1.54,1.67,1.52,1.64,26581
2017-06-08,1.62,1.67,1.6,1.61,14256
2017-06-09,1.65,1.78,1.6,1.76,27873
2017-06-13,2.26,2.26,2.14,2.26,59466
2017-06-14,2.51,2.51,2.1,2.17,122494
2017-06-15,2.16,2.39,1.97,2.32,103088
2017-06-16,2.2,2.25,2.05,2.06,70311
2017-06-19,2.02,2.12,1.95,2.05,38920
2017-06-20,2.07,2.09,1.96,1.98,29274
2017-06-21,1.98,2.05,1.96,2.01,24702
2017-06-22,2.01,2.05,1.82,1.83,33042
2017-06-23,1.83,1.93,1.77,1.89,28790
2017-06-26,1.86,2.03,1.81,2.02,30863
2017-06-27,2.0,2.02,1.96,1.98,14413
2017-06-28,1.98,2.03,1.9,2.02,22226
2017-06-29,2.27,2.39,2.12,2.14,71567
2017-06-30,2.08,2.14,2.05,2.09,31845
2017-07-03,2.05,2.1,2.03,2.06,28456
2017-07-04,2.1,2.1,1.96,1.96,26378
2017-07-05,1.95,2.01,1.93,1.99,20307
2017-07-06,1.99,1.99,1.93,1.96,17233
2017-07-07,1.95,2.02,1.93,2.02,19373
2017-07-10,2.0,2.02,1.97,1.99,13573
2017-07-11,1.99,2.03,1.92,1.93,13095
2017-07-12,1.91,1.95,1.79,1.82,21118
2017-07-13,1.83,1.87,1.79,1.84,10668
2017-07-14,1.85,1.88,1.8,1.83,12965
2017-07-17,1.8,1.82,1.51,1.54,29288
2017-07-18,1.54,1.64,1.48,1.62,15594
2017-07-19,1.64,1.69,1.53,1.68,17078
2017-07-20,1.69,1.75,1.67,1.68,11723
2017-07-21,1.67,1.75,1.65,1.69,10371
2017-07-24,1.72,1.74,1.67,1.7,10988
2017-07-25,1.7,1.87,1.68,1.83,24464
2017-07-26,1.82,1.85,1.74,1.78,14621
2017-07-27,1.78,1.95,1.75,1.94,30139
2017-07-28,1.94,1.94,1.84,1.9,17338
2017-07-31,1.85,1.86,1.79,1.8,18319
2017-08-01,1.8,1.88,1.79,1.85,20550
2017-08-02,1.84,1.86,1.77,1.78,14451
2017-08-03,1.77,1.87,1.74,1.82,12731
2017-08-04,1.85,1.85,1.67,1.7,17565
2017-08-07,1.68,1.82,1.68,1.82,13879
2017-08-08,1.82,1.9,1.8,1.86,12856
2017-08-09,1.86,1.97,1.84,1.94,19891
2017-08-10,1.94,2.01,1.88,1.89,24503
2017-08-11,1.88,1.92,1.84,1.85,16331
2017-08-14,1.85,2.05,1.83,2.03,36872
2017-08-15,2.03,2.05,1.97,2.01,19050
2017-08-16,1.98,2.14,1.98,2.07,30095
2017-08-17,2.05,2.42,2.03,2.24,61587
2017-08-18,2.25,2.32,2.17,2.19,29059
2017-08-21,2.18,2.36,2.14,2.2,31009
2017-08-22,2.2,2.24,2.05,2.07,25560
2017-08-23,2.07,2.14,2.06,2.09,18289
2017-08-24,2.09,2.12,1.91,1.94,31238
2017-08-25,1.96,2.03,1.95,2.01,18027
2017-08-28,2.02,2.2,2.02,2.13,34703
2017-08-29,2.17,2.2,2.08,2.11,16511
2017-08-30,2.13,2.14,2.06,2.1,16193
2017-08-31,2.09,2.13,2.06,2.1,13198
2017-09-01,2.11,2.22,2.05,2.2,34970
2017-09-04,2.23,2.39,2.17,2.32,60130
2017-09-05,2.32,2.32,2.2,2.22,28165
2017-09-06,2.21,2.48,2.16,2.48,72333
2017-09-07,2.46,2.54,2.39,2.39,59311
2017-09-08,2.39,2.53,2.35,2.45,49231
2017-09-11,2.45,2.46,2.29,2.34,41633
2017-09-12,2.34,2.36,2.22,2.27,47627
2017-09-13,2.27,2.32,2.21,2.26,23481
2017-09-14,2.25,2.3,2.17,2.18,28799
2017-09-15,2.18,2.19,2.06,2.1,32366
2017-09-18,2.08,2.2,2.08,2.2,19243
2017-09-19,2.2,2.21,2.08,2.14,20791
2017-09-20,2.14,2.19,2.1,2.17,16823
2017-09-21,2.18,2.25,2.11,2.23,30799
2017-09-22,2.2,2.23,2.11,2.19,26884
2017-09-25,2.15,2.2,2.08,2.09,16425
2017-09-26,2.11,2.12,2.03,2.11,12219
2017-09-27,2.13,2.16,2.05,2.14,18032
2017-09-28,2.15,2.19,2.1,2.14,20534
2017-09-29,2.15,2.17,2.13,2.15,17805
2017-10-09,2.17,2.3,2.17,2.28,27148
2017-10-10,2.27,2.42,2.24,2.34,44011
2017-10-11,2.34,2.38,2.27,2.34,35328
2017-10-12,2.36,2.42,2.34,2.37,43246
2017-10-13,2.37,2.37,2.24,2.29,30008
2017-10-16,2.28,2.3,2.1,2.17,36176
2017-10-17,2.17,2.21,2.12,2.15,10949
2017-10-18,2.19,2.19,2.08,2.14,11740
2017-10-19,2.14,2.16,2.07,2.08,13751
2017-10-20,2.05,2.15,2.03,2.15,12466
2017-10-23,2.15,2.22,2.14,2.16,15010
2017-10-24,2.18,2.19,2.09,2.15,12597
2017-10-25,2.15,2.2,2.14,2.19,12312
2017-10-26,2.19,2.25,2.15,2.24,14852
2017-10-27,2.21,2.26,2.2,2.24,11956
2017-10-30,2.27,2.29,2.14,2.19,22094
2017-10-31,2.2,2.44,2.2,2.39,54852
2017-11-01,2.39,2.39,2.32,2.38,33840
2017-11-02,2.37,2.39,2.24,2.25,33075
2017-11-03,2.21,2.29,1.99,2.04,50145
2017-11-06,1.96,2.14,1.96,2.12,19642
2017-11-07,2.14,2.14,2.06,2.1,20899
2017-11-08,2.11,2.21,2.1,2.17,23150
2017-11-09,2.17,2.27,2.15,2.25,25451
2017-11-10,2.26,2.39,2.22,2.37,52321
2017-11-13,2.36,2.45,2.33,2.45,56478
2017-11-14,2.47,2.73,2.41,2.66,87563
2017-11-15,2.79,2.88,2.66,2.71,133045
2017-11-16,2.66,2.79,2.57,2.76,106888
2017-11-17,2.55,2.64,2.29,2.32,108164
2017-11-20,2.33,2.44,2.14,2.4,42723
2017-11-21,2.39,2.4,2.23,2.25,55226
2017-11-22,2.24,2.4,2.22,2.39,54959
2017-11-23,2.36,2.39,2.14,2.15,39250
2017-11-24,2.13,2.26,2.09,2.24,30204
2017-11-27,2.2,2.23,2.08,2.09,20496
2017-11-28,2.14,2.23,2.08,2.21,24155
2017-11-29,2.19,2.23,2.02,2.11,28455
2017-11-30,2.1,2.29,2.08,2.25,44326
2017-12-01,2.25,2.31,2.19,2.27,37593
2017-12-04,2.27,2.27,2.09,2.14,22785
2017-12-05,2.11,2.15,1.83,1.84,42609
2017-12-06,1.83,1.9,1.76,1.9,22027
2017-12-07,1.89,2.0,1.86,1.97,15655
2017-12-08,2.02,2.15,1.98,2.07,28638
2017-12-11,2.2,2.53,2.2,2.3,65948
2017-12-12,2.33,2.35,2.19,2.3,60111
2017-12-13,2.23,2.35,2.21,2.29,27127
2017-12-14,2.28,2.43,2.27,2.34,44549
2017-12-15,2.35,2.43,2.31,2.41,41357
2017-12-18,2.41,2.56,2.37,2.39,50905
2017-12-19,2.36,2.64,2.3,2.6,76993
2017-12-20,2.53,2.7,2.46,2.53,75960
2017-12-21,2.58,2.68,2.45,2.57,62156
2017-12-22,2.54,2.55,2.43,2.53,40222
2017-12-25,2.5,2.67,2.46,2.58,39668
2017-12-26,2.55,2.62,2.48,2.61,32227
2017-12-27,2.61,2.66,2.52,2.52,24344
2017-12-28,2.48,2.57,2.39,2.53,29677
2017-12-29,2.53,2.65,2.48,2.63,21426
2018-01-02,2.64,2.7,2.54,2.69,39754
2018-01-03,2.69,2.69,2.58,2.64,29552
2018-01-04,2.6,2.84,2.58,2.76,48498
2018-01-05,2.74,3.0,2.72,2.9,57028
2018-01-08,2.89,2.95,2.71,2.76,43034
2018-01-09,2.77,2.82,2.63,2.69,36367
2018-01-10,2.63,2.84,2.63,2.78,43011
2018-01-11,2.75,3.34,2.72,3.25,89817
2018-01-12,3.27,3.34,3.0,3.02,46611
2018-01-15,3.03,3.06,2.81,2.85,38958
2018-01-16,2.86,3.0,2.75,2.89,41941
2018-01-17,2.8,2.83,2.51,2.75,36138
2018-01-18,2.69,2.88,2.65,2.68,36388
2018-01-19,2.66,2.84,2.66,2.81,25170
2018-01-22,2.79,3.15,2.73,3.05,65755
2018-01-23,3.06,3.11,2.71,2.75,57953
2018-01-24,2.71,3.3,2.57,3.21,120041
2018-01-25,3.12,3.4,3.01,3.06,95684
2018-01-26,3.08,3.09,2.85,3.08,59256
2018-01-29,3.03,3.08,2.77,2.78,61894
2018-01-30,2.77,2.92,2.72,2.84,47015
2018-01-31,2.78,3.05,2.77,2.88,59481
2018-02-01,2.78,2.86,2.6,2.7,36140
2018-02-02,2.65,2.92,2.62,2.92,31037
2018-02-05,2.81,3.12,2.8,3.02,47205
2018-02-06,2.92,3.08,2.86,2.94,48834
2018-02-07,3.04,3.08,2.64,2.9,53382
2018-02-08,2.79,3.14,2.75,3.13,60282
2018-02-09,2.98,3.11,2.78,3.02,72476
2018-02-12,2.96,3.56,2.96,3.55,130100
2018-02-13,3.53,4.02,3.5,3.72,186104
2018-02-14,3.7,3.71,3.58,3.66,51262
2018-02-22,3.7,3.97,3.64,3.81,86716
2018-02-23,3.76,3.78,3.55,3.6,68288
2018-02-26,3.75,3.99,3.74,3.86,98091
2018-02-27,3.89,4.57,3.86,4.33,133479
2018-02-28,4.26,4.85,4.05,4.54,173704
2018-03-01,4.43,5.32,4.37,5.32,207357
2018-03-02,5.32,5.52,4.84,4.95,214534
2018-03-05,4.97,5.3,4.76,5.17,195359
2018-03-06,5.02,5.04,4.67,4.84,153675
2018-03-07,4.81,4.98,4.72,4.86,112996
2018-03-08,4.81,5.04,4.77,4.89,112042
2018-03-09,4.86,5.31,4.51,5.17,219178
2018-03-12,5.15,5.22,4.94,5.1,153718
2018-03-13,5.02,5.02,4.67,4.68,109936
2018-03-14,4.6,4.88,4.36,4.46,137308
2018-03-15,4.46,4.67,4.32,4.64,110207
2018-03-16,4.63,4.73,4.53,4.6,81690
2018-03-19,4.54,4.97,4.51,4.89,106128
2018-03-20,4.67,4.98,4.63,4.88,88722
2018-03-21,4.94,4.94,4.35,4.36,102765
2018-03-22,4.32,4.57,4.31,4.37,68969
2018-03-23,3.91,4.53,3.9,4.13,90305
2018-03-26,4.04,4.54,3.99,4.53,92932
2018-03-27,4.62,5.26,4.62,5.08,149220
2018-03-28,5.03,5.17,4.94,5.06,89075
2018-03-29,5.04,5.48,4.84,4.99,113491
2018-03-30,5.1,5.78,5.1,5.52,129461
2018-04-02,5.56,5.92,5.32,5.67,122806
2018-04-03,5.49,5.56,5.16,5.45,89167
2018-04-04,5.45,5.7,5.16,5.18,55846
2018-04-09,5.18,5.51,4.93,5.33,65743
2018-04-10,5.33,5.33,5.01,5.13,45923
2018-04-11,5.36,5.9,5.35,5.56,132406
2018-04-12,5.65,5.7,5.35,5.42,61324
2018-04-13,5.54,5.81,5.32,5.73,85400
2018-04-16,5.61,6.62,5.56,6.59,119631
2018-04-17,6.53,6.57,6.11,6.34,85538
2018-04-18,6.25,7.15,5.97,6.98,100578
2018-04-19,6.9,7.19,6.44,6.67,110026
2018-04-20,6.45,6.81,6.12,6.23,71733
2018-04-23,6.35,6.35,5.5,5.68,87615
2018-04-24,5.81,6.28,5.63,6.23,72242
2018-04-25,6.01,6.6,6.01,6.3,90883
2018-04-26,6.27,6.45,5.99,6.07,58482
2018-04-27,6.21,6.25,5.62,5.97,53228
2018-05-02,5.97,6.05,5.53,5.75,64939
2018-05-03,5.64,6.23,5.26,6.19,93912
2018-05-04,6.03,6.24,5.94,6.05,57606
2018-05-07,6.06,6.74,6.06,6.67,93606
2018-05-08,6.69,6.69,6.31,6.41,68408
2018-05-09,6.46,6.62,6.36,6.56,49991
2018-05-10,6.56,6.59,6.0,6.05,74259
2018-05-11,5.99,6.07,5.76,5.81,52812
2018-05-14,5.76,5.92,5.36,5.54,81474
2018-05-15,5.55,5.79,5.46,5.76,56147
2018-05-16,5.74,5.85,5.41,5.5,59686
2018-05-17,5.38,5.54,5.32,5.4,44813
2018-05-18,5.4,5.65,5.29,5.63,57061
2018-05-21,5.67,6.18,5.67,5.96,94796
2018-05-22,5.89,5.9,5.59,5.79,78451
2018-05-23,5.77,5.89,5.58,5.61,64179
2018-05-24,5.38,5.43,4.82,5.0,185432
2018-05-25,4.98,5.0,4.69,4.7,106286
2018-05-28,4.74,4.78,4.35,4.37,137026
2018-05-29,4.49,4.68,4.43,4.57,98494
2018-05-30,4.41,4.75,4.3,4.59,86470
2018-05-31,4.72,4.75,4.41,4.66,62265
2018-06-01,4.65,4.89,4.53,4.7,82436
2018-06-04,4.69,4.96,4.64,4.86,81646
2018-06-05,4.87,5.1,4.83,5.04,64059
2018-06-06,4.97,5.16,4.93,5.01,68907
2018-06-07,5.01,5.07,4.7,4.75,69425
2018-06-08,4.81,5.0,4.76,4.79,80508
2018-06-11,4.8,5.02,4.8,4.89,63738
2018-06-12,4.89,4.97,4.47,4.78,54625
2018-06-13,4.88,4.88,4.61,4.62,48091
2018-06-14,4.57,4.71,4.34,4.38,53179
2018-06-15,4.39,4.46,4.0,4.14,72707
2018-06-19,3.97,4.09,3.46,3.61,92083
2018-06-20,3.44,4.01,3.41,3.88,92043
2018-06-21,3.91,3.96,3.61,3.69,62571
2018-06-22,3.68,4.07,3.48,4.06,98727
2018-06-25,4.08,4.28,4.03,4.05,89171
2018-06-26,3.93,4.46,3.86,4.3,130698
2018-06-27,4.32,4.5,4.21,4.33,106454
2018-06-28,4.29,4.71,4.29,4.49,105493
2018-06-29,4.51,5.22,4.45,5.15,132880
2018-07-02,5.14,5.28,4.9,5.06,106244
2018-07-03,5.03,5.51,4.89,5.3,139776
2018-07-04,5.2,5.25,4.71,4.85,100117
2018-07-05,4.81,5.2,4.77,5.02,115645
2018-07-06,5.0,5.54,4.79,5.06,126034
2018-07-09,4.98,5.39,4.98,5.35,88292
2018-07-10,5.29,5.34,4.99,5.25,100909
2018-07-11,5.04,5.04,4.6,4.84,111139
2018-07-12,4.86,5.45,4.84,5.18,118452
2018-07-13,5.2,5.26,4.86,5.08,114642
2018-07-16,5.07,5.36,5.04,5.18,110495
2018-07-17,5.1,5.35,4.89,5.31,89229
2018-07-18,5.36,5.9,5.3,5.61,172577
2018-07-19,5.51,5.76,5.36,5.6,99381
2018-07-20,5.63,6.14,5.44,5.93,152663
2018-07-23,5.94,6.19,5.73,5.89,116510
2018-07-24,5.9,5.9,5.54,5.66,149907
2018-07-25,5.61,5.99,5.6,5.75,151296
2018-07-26,5.63,5.7,5.29,5.38,105786
2018-07-27,5.34,5.36,5.03,5.11,120247
2018-07-30,5.13,5.16,4.98,5.1,61898
2018-07-31,5.15,5.22,5.01,5.1,74338
2018-08-01,5.08,5.33,5.06,5.07,75012
2018-08-02,5.01,5.01,4.24,4.47,131536
2018-08-03,4.47,4.59,4.29,4.34,54834
2018-08-06,4.33,4.48,3.93,4.03,81831
2018-08-07,4.1,4.61,4.09,4.53,101440
2018-08-08,4.46,4.69,4.38,4.39,73586
2018-08-09,4.43,5.14,4.4,5.14,142558
2018-08-10,5.05,5.14,4.99,5.11,93442
2018-08-13,5.01,5.59,4.98,5.42,164752
2018-08-14,5.38,5.38,5.1,5.3,86572
2018-08-15,5.2,5.41,4.95,5.08,86443
2018-08-16,4.95,5.26,4.75,5.03,92948
2018-08-17,5.23,5.26,4.21,4.3,186884
2018-08-20,4.18,4.53,3.98,4.52,133493
2018-08-21,4.45,4.69,4.36,4.54,93778
2018-08-22,4.51,4.69,4.47,4.53,58554
2018-08-23,4.53,4.8,4.5,4.73,78141
2018-08-24,4.74,4.79,4.57,4.59,51041
2018-08-27,4.57,5.04,4.5,4.94,95785
2018-08-28,4.94,5.13,4.92,5.02,67614
2018-08-29,4.97,5.1,4.77,4.87,51413
2018-08-30,4.87,4.95,4.55,4.57,53031
2018-08-31,4.56,4.79,4.51,4.51,46082
2018-09-03,4.49,4.81,4.38,4.8,55478
2018-09-04,4.82,5.2,4.76,5.08,107053
2018-09-05,5.04,5.26,5.0,5.05,74843
2018-09-06,5.05,5.31,5.01,5.18,70246
2018-09-07,5.2,5.33,4.41,4.69,122661
2018-09-10,4.6,4.69,4.3,4.3,88444
2018-09-11,4.34,4.55,4.25,4.53,49006
2018-09-12,4.5,4.56,4.0,4.22,76433
2018-09-13,4.34,4.47,4.2,4.46,80940
2018-09-14,4.46,4.49,4.1,4.16,91111
2018-09-17,4.12,4.19,3.97,4.04,48363
2018-09-18,4.06,4.24,3.97,4.22,47714
2018-09-19,4.2,4.47,4.19,4.35,69176
2018-09-20,4.37,4.46,4.32,4.4,40974
2018-09-21,4.37,4.42,4.03,4.28,105598
2018-09-25,4.23,4.46,4.2,4.31,61763
2018-09-26,4.28,4.45,4.21,4.42,59353
2018-09-27,4.44,4.53,4.29,4.36,50437
2018-09-28,4.36,4.59,4.13,4.57,86725
2018-10-08,4.37,4.47,4.19,4.32,57469
2018-10-09,4.36,4.47,4.06,4.09,66371
2018-10-10,4.09,4.16,3.5,3.62,118795
2018-10-11,3.14,3.4,2.94,3.01,96927
2018-10-12,2.97,3.12,2.6,2.87,93229
2018-10-15,2.89,3.04,2.69,2.72,62363
2018-10-16,2.71,2.81,2.25,2.32,115589
2018-10-17,2.8,2.87,2.69,2.87,189073
2018-10-18,2.89,3.3,2.83,3.08,194911
2018-10-19,2.95,3.71,2.94,3.65,205238
2018-10-22,3.84,4.19,3.68,3.99,197864
2018-10-23,3.89,4.07,3.82,3.93,152049
2018-10-24,3.9,4.02,3.68,3.84,105263
2018-10-25,3.56,3.81,3.38,3.74,149954
2018-10-26,3.82,3.9,3.48,3.64,129271
2018-10-29,3.58,3.83,3.47,3.65,126825
2018-10-30,3.62,3.84,3.27,3.65,120998
2018-10-31,3.72,4.01,3.54,3.85,111325
2018-11-01,3.98,4.22,3.82,3.87,138074
2018-11-02,4.05,4.12,3.89,4.04,137581
2018-11-05,3.98,4.06,3.64,3.89,116714
2018-11-06,3.82,3.84,3.66,3.74,58920
2018-11-07,3.76,3.97,3.71,3.74,98902
2018-11-08,3.82,3.85,3.49,3.53,88308
2018-11-09,3.47,3.68,3.42,3.61,63658
2018-11-12,3.57,4.22,3.57,4.16,157685
2018-11-13,4.03,4.21,3.98,4.13,108656
2018-11-14,4.12,4.18,4.01,4.08,56597
2018-11-15,4.03,4.27,3.93,4.26,99844
2018-11-16,4.24,4.48,4.19,4.26,100867
2018-11-19,4.21,4.29,4.01,4.13,59148
2018-11-20,4.03,4.19,3.76,3.78,84282
2018-11-21,3.7,4.12,3.66,4.08,104039
2018-11-22,3.98,4.11,3.88,3.94,56515
2018-11-23,3.93,3.94,3.7,3.77,50693
2018-11-26,3.72,3.74,3.37,3.46,89388
2018-11-27,3.52,3.56,3.36,3.41,57891
2018-11-28,3.42,3.49,3.19,3.46,69819
2018-11-29,3.57,3.62,3.17,3.2,86184
2018-11-30,3.2,3.49,3.04,3.43,100026
2018-12-03,3.65,3.85,3.55,3.74,103093
2018-12-04,3.74,3.76,3.63,3.74,53353
2018-12-05,3.59,3.7,3.59,3.63,35137
2018-12-06,3.53,3.63,3.37,3.55,52670
2018-12-07,3.55,3.76,3.54,3.72,59814
2018-12-10,3.63,3.67,3.51,3.53,37191
2018-12-11,3.6,3.63,3.53,3.61,28264
2018-12-12,3.67,3.69,3.56,3.63,26452
2018-12-13,3.62,3.82,3.56,3.72,43517
2018-12-14,3.72,3.79,3.59,3.59,31583
2018-12-17,3.55,3.58,3.35,3.52,41302
2018-12-18,3.42,3.58,3.36,3.49,33962
2018-12-19,3.51,3.55,3.3,3.3,38926
2018-12-20,3.3,3.43,3.24,3.38,31275
2018-12-21,3.34,3.51,3.3,3.43,29588
2018-12-24,3.45,3.67,3.37,3.59,48492
2018-12-25,3.52,3.8,3.52,3.78,68729
2018-12-26,3.74,3.8,3.67,3.67,41060
2018-12-27,3.76,3.79,3.52,3.53,48033
2018-12-28,3.58,3.64,3.38,3.41,45865
2019-01-02,3.42,3.66,3.38,3.58,53080
2019-01-03,3.56,3.88,3.55,3.8,75613
2019-01-04,3.77,4.08,3.72,4.06,80385
2019-01-07,4.09,4.2,4.02,4.12,92162
2019-01-08,4.08,4.13,3.97,4.04,46781
2019-01-09,4.03,4.31,4.03,4.03,53850
2019-01-10,4.09,4.4,4.08,4.28,69486
2019-01-11,4.27,4.44,4.11,4.16,52574
2019-01-14,4.17,4.24,3.99,4.08,45607
2019-01-15,4.25,4.59,4.25,4.39,106314
2019-01-16,4.36,4.88,4.35,4.63,109103
2019-01-17,4.64,4.72,4.51,4.58,65001
2019-01-18,4.56,4.72,4.42,4.7,88629
2019-01-21,4.7,4.7,4.57,4.65,62879
2019-01-22,4.65,4.78,4.51,4.56,73638
2019-01-23,4.53,4.72,4.53,4.69,68199
2019-01-24,4.74,4.9,4.66,4.87,55479
2019-01-25,4.84,4.87,4.69,4.74,60297
2019-01-28,4.77,4.83,4.63,4.7,50238
2019-01-29,4.69,4.79,4.46,4.63,52047
2019-01-30,4.68,4.84,4.61,4.71,43822
2019-01-31,4.69,4.85,4.5,4.79,65299
2019-02-01,4.82,5.23,4.76,5.2,68260
2019-02-11,5.14,5.39,5.14,5.29,74654
2019-02-12,5.25,5.25,5.09,5.13,67188
2019-02-13,5.1,5.29,5.1,5.21,81685
2019-02-14,5.19,5.27,5.07,5.21,73552
2019-02-15,5.2,5.38,5.15,5.18,64453
2019-02-18,5.18,5.53,5.18,5.42,78036
2019-02-19,5.4,5.88,5.37,5.51,82790
2019-02-20,5.45,5.5,5.25,5.36,46244
2019-02-21,5.4,5.66,5.29,5.38,67754
2019-02-22,5.37,5.61,5.16,5.53,79170
2019-02-25,5.61,6.37,5.56,6.27,118188
2019-02-26,6.26,6.45,5.89,6.14,95429
2019-02-27,6.05,6.37,5.64,5.88,97599
2019-02-28,5.87,6.01,5.75,5.84,42532
2019-03-01,5.86,5.99,5.74,5.99,39403
2019-03-04,6.15,6.62,6.15,6.36,108154
2019-03-05,6.29,6.77,6.25,6.75,95718
2019-03-06,6.97,7.75,6.78,7.38,134361
2019-03-07,7.16,8.36,7.13,7.63,135249
2019-03-08,7.25,8.41,6.86,7.25,152167
2019-03-11,7.34,7.87,6.81,7.73,125523
2019-03-12,7.58,8.22,7.58,8.04,95193
2019-03-13,8.04,8.12,7.25,7.37,116547
2019-03-14,7.24,7.24,6.55,6.73,104712
2019-03-15,6.81,6.93,6.67,6.73,62698
2019-03-18,6.73,7.14,6.64,7.03,67371
2019-03-19,7.03,7.55,6.97,7.42,80394
2019-03-20,7.41,7.49,6.91,7.16,67063
2019-03-21,7.15,7.51,6.97,7.4,73587
2019-03-22,7.25,7.4,7.06,7.26,55883
2019-03-25,7.07,7.33,6.88,6.9,76848
2019-03-26,7.01,7.11,6.75,6.78,57310
2019-03-27,6.89,6.93,6.37,6.57,71220
2019-03-28,6.64,6.91,6.57,6.59,51648
2019-03-29,6.78,7.26,6.65,7.2,74141
2019-04-01,7.36,7.6,7.26,7.57,70021
2019-04-02,7.63,7.67,7.3,7.34,75778
2019-04-03,7.43,7.57,7.11,7.26,64087
2019-04-04,7.32,7.44,7.09,7.22,65993
2019-04-08,7.24,7.28,6.85,6.94,70961
2019-04-09,6.98,7.12,6.86,7.08,51154
2019-04-10,7.0,7.0,6.58,6.8,88417
2019-04-11,6.8,7.08,6.72,6.85,77809
2019-04-12,6.8,6.98,6.65,6.83,38669
2019-04-15,7.09,7.49,7.03,7.24,125488
2019-04-16,7.2,8.28,7.2,8.17,162372
2019-04-17,8.28,8.3,7.85,7.91,91824
2019-04-18,7.89,8.01,7.61,7.76,51705
2019-04-19,7.81,8.14,7.61,7.87,62256
2019-04-22,7.88,7.88,7.39,7.46,62553
2019-04-23,7.46,7.57,7.22,7.29,36025
2019-04-24,7.37,7.82,7.06,7.75,78190
2019-04-25,7.76,8.16,7.44,7.57,95442
2019-04-26,7.3,8.19,7.3,8.0,110473
2019-04-29,8.06,8.22,7.43,7.55,73345
2019-04-30,7.55,8.03,7.44,7.7,48400
2019-05-06,6.91,7.09,6.62,6.62,87196
2019-05-07,6.64,6.76,6.11,6.3,111968
2019-05-08,5.88,6.61,5.88,6.28,66250
2019-05-09,6.15,6.44,6.07,6.27,40687
2019-05-10,6.45,7.02,6.18,6.91,67358
2019-05-13,6.68,7.06,6.6,6.96,59259
2019-05-14,6.89,7.0,6.73,6.74,29568
2019-05-15,6.89,7.12,6.73,7.09,53721
2019-05-16,7.03,7.03,6.78,6.85,38949
2019-05-17,6.89,7.06,6.42,6.5,39085
2019-05-20,6.45,6.6,6.31,6.39,52680
2019-05-21,6.46,6.61,6.26,6.48,40718
2019-05-22,6.5,6.67,6.36,6.67,50301
2019-05-23,6.77,6.77,6.27,6.36,50232
2019-05-24,6.31,6.4,6.11,6.12,30750
2019-05-27,6.14,6.6,6.08,6.5,48644
2019-05-28,6.52,6.68,6.46,6.55,38869
2019-05-29,6.56,6.61,6.43,6.49,23657
2019-05-30,6.43,6.47,6.18,6.35,25420
2019-05-31,6.31,6.52,6.31,6.42,20874
2019-06-03,6.68,7.03,6.65,6.78,72258
2019-06-04,6.77,6.94,6.61,6.73,30010
2019-06-05,6.78,7.0,6.75,6.93,40857
2019-06-06,6.93,6.99,6.57,6.79,42775
2019-06-10,6.74,6.96,6.73,6.9,29391
2019-06-11,6.88,7.36,6.81,7.33,49017
2019-06-12,7.31,7.52,7.22,7.4,37028
2019-06-13,7.41,7.8,7.35,7.68,47560
2019-06-14,7.67,7.85,7.22,7.29,55950
2019-06-17,7.26,7.64,7.19,7.51,47486
2019-06-18,7.56,7.6,7.29,7.32,30993
2019-06-19,7.72,7.78,7.44,7.47,40890
2019-06-20,7.41,8.17,7.41,8.03,72742
2019-06-21,8.17,8.52,8.12,8.38,65721
2019-06-24,8.42,8.52,8.2,8.43,55345
2019-06-25,8.26,8.26,7.76,8.11,83975
2019-06-26,8.03,8.45,7.94,8.28,45048
2019-06-27,8.29,8.83,8.2,8.7,63717
2019-06-28,8.69,8.99,8.41,8.65,59333
2019-07-01,9.0,9.18,8.52,8.94,108637
2019-07-02,8.82,9.13,8.77,8.94,61012
2019-07-03,8.81,8.93,8.64,8.82,49215
2019-07-04,8.82,8.86,8.56,8.68,41717
2019-07-05,8.72,8.95,8.72,8.86,49410
2019-07-08,8.8,8.84,8.55,8.57,49555
2019-07-09,8.71,8.82,8.51,8.6,51927
2019-07-10,8.76,8.77,8.56,8.61,34201
2019-07-11,8.72,8.79,8.38,8.47,43561
2019-07-12,8.56,8.92,8.39,8.87,64980
2019-07-15,8.79,9.42,8.68,9.01,99335
2019-07-16,8.98,9.06,8.73,8.82,62029
2019-07-17,8.86,8.89,8.69,8.7,35080
2019-07-18,8.65,8.79,8.45,8.65,43592
2019-07-19,8.63,8.76,8.28,8.37,85262
2019-07-22,8.44,8.75,8.22,8.39,73487
2019-07-23,8.39,8.57,8.31,8.45,57955
2019-07-24,8.5,9.1,8.5,8.93,91444
2019-07-25,8.93,9.18,8.88,9.16,66752
2019-07-26,9.18,9.22,8.99,9.2,66279
2019-07-29,9.2,9.46,9.03,9.21,45265
2019-07-30,9.23,9.62,9.23,9.48,75342
2019-07-31,9.46,9.59,9.36,9.47,47425
2019-08-01,9.47,9.57,9.19,9.32,62234
2019-08-02,8.99,9.62,8.99,9.6,72008
2019-08-05,9.47,9.51,9.04,9.11,71594
2019-08-06,8.86,9.3,8.72,9.18,75703
2019-08-07,9.26,9.31,8.91,8.93,43694
2019-08-08,8.99,9.31,8.99,9.08,43682
2019-08-09,9.27,9.4,8.87,9.0,52948
2019-08-12,9.0,9.17,8.74,9.17,72599
2019-08-13,8.98,9.04,8.65,8.76,70278
2019-08-14,8.94,9.45,8.93,9.27,100953
2019-08-15,9.04,9.91,8.96,9.91,109472
2019-08-16,9.76,9.91,9.61,9.74,91452
2019-08-19,9.88,10.35,9.71,10.24,100257
2019-08-20,10.31,10.4,9.91,9.97,84767
2019-08-21,9.96,10.18,9.91,10.04,66677
2019-08-22,10.09,10.16,9.76,9.88,64045
2019-08-23,9.95,10.08,9.81,9.96,51710
2019-08-26,9.77,9.95,9.67,9.8,46951
2019-08-27,9.87,10.21,9.86,10.05,59936
2019-08-28,9.99,10.75,9.99,10.57,90866
2019-08-29,10.57,10.95,10.44,10.91,72627
2019-08-30,10.84,11.1,10.41,10.57,65817
2019-09-02,10.52,11.53,10.52,11.45,87089
2019-09-03,11.43,11.8,11.24,11.76,67482
2019-09-04,11.69,12.34,11.41,11.8,96975
2019-09-05,11.76,12.56,11.67,12.11,98403
2019-09-06,12.14,12.32,11.6,11.78,90657
2019-09-09,11.85,12.16,11.68,12.11,70366
2019-09-10,12.09,12.34,11.69,11.86,73516
2019-09-11,11.99,12.14,11.64,11.8,57248
2019-09-12,11.9,11.94,11.25,11.66,85404
2019-09-16,11.81,12.18,11.54,11.65,92574
2019-09-17,11.69,11.7,11.28,11.34,54007
2019-09-18,11.36,11.63,11.25,11.57,53188
2019-09-19,11.65,11.78,11.41,11.75,51149
2019-09-20,11.78,11.83,11.45,11.69,60664
2019-09-23,12.0,12.0,11.44,11.69,75381
2019-09-24,11.58,12.06,11.55,11.79,68800
2019-09-25,11.74,12.07,11.41,11.95,76676
2019-09-26,11.94,12.12,11.35,11.42,60753
2019-09-27,11.55,11.67,11.23,11.5,52507
2019-09-30,11.51,11.83,11.31,11.64,55236
2019-10-08,11.58,11.72,10.75,11.0,93831
2019-10-09,11.04,11.37,10.93,11.32,68594
2019-10-10,11.5,12.75,11.37,12.75,144813
2019-10-11,12.72,12.72,12.27,12.37,101196
2019-10-14,12.52,12.56,12.13,12.24,78946
2019-10-15,12.18,12.31,11.76,11.92,60645
2019-10-16,11.85,12.19,11.76,11.93,48837
2019-10-17,12.0,12.06,11.78,11.94,39601
2019-10-18,11.95,12.1,11.53,11.54,56258
2019-10-21,11.55,11.63,11.17,11.39,60312
2019-10-22,11.46,11.94,11.45,11.81,65865
2019-10-23,11.81,11.9,11.42,11.5,42846
2019-10-24,11.45,11.5,10.87,11.32,64624
2019-10-25,10.82,10.83,9.88,9.89,276426
2019-10-28,10.1,10.91,10.01,10.69,189527
2019-10-29,10.65,10.65,10.12,10.12,135553
2019-10-30,10.05,10.31,9.95,10.01,69444
2019-10-31,9.99,10.22,9.76,9.94,62642
2019-11-01,9.88,10.08,9.69,9.89,72458
2019-11-04,10.01,10.39,9.82,10.28,122204
2019-11-05,10.12,10.4,10.04,10.31,74317
2019-11-06,10.26,10.42,10.05,10.13,53052
2019-11-07,10.13,10.48,10.12,10.4,59628
2019-11-08,10.58,10.86,10.45,10.59,71154
2019-11-11,10.51,10.95,10.31,10.68,73262
2019-11-12,10.91,10.95,10.61,10.75,49922
2019-11-13,10.78,11.04,10.71,10.93,57804
2019-11-14,10.83,11.35,10.83,11.23,55272
2019-11-15,11.25,11.38,10.9,10.93,61922
2019-11-18,10.97,11.02,10.68,10.91,52028
2019-11-19,10.84,11.22,10.7,11.09,54721
2019-11-20,11.04,11.69,11.03,11.36,75097
2019-11-21,11.32,11.55,11.2,11.37,46304
2019-11-22,11.48,11.71,11.12,11.25,67457
2019-11-25,11.25,11.32,10.61,10.96,54646
2019-11-26,11.13,11.45,11.0,11.45,87722
2019-11-27,11.28,11.54,11.14,11.25,49938
2019-11-28,11.18,11.37,11.05,11.2,29859
2019-11-29,11.18,11.27,10.88,11.14,39753
2019-12-02,11.13,11.16,10.82,10.84,42163
2019-12-03,10.87,10.99,10.75,10.91,25459
2019-12-04,10.83,10.94,10.68,10.78,33300
2019-12-05,10.78,11.22,10.75,11.11,48433
2019-12-06,11.2,11.2,10.83,10.98,47388
2019-12-09,11.0,11.48,10.87,11.41,70955
2019-12-10,11.28,11.43,11.06,11.41,61702
2019-12-11,11.4,11.4,11.13,11.21,34819
2019-12-12,11.2,11.2,10.92,11.0,40099
2019-12-13,11.1,11.26,10.95,11.2,48527
2019-12-16,11.21,11.5,11.12,11.41,69018
2019-12-17,11.44,11.59,11.29,11.51,82790
2019-12-18,11.45,11.56,11.28,11.3,72164
2019-12-19,11.28,11.44,11.11,11.24,49274
2019-12-20,11.19,11.25,10.46,10.52,125716
2019-12-23,10.43,10.64,10.14,10.51,95389
2019-12-24,10.48,10.77,10.39,10.56,45797
2019-12-25,10.56,10.86,10.56,10.84,56635
2019-12-26,10.78,10.95,10.5,10.57,50653
2019-12-27,10.66,10.7,10.4,10.48,53569
2019-12-30,10.38,10.56,10.15,10.5,45090
2019-12-31,10.36,10.56,10.29,10.46,51122
2020-01-02,10.5,10.82,10.39,10.71,62618
2020-01-03,10.78,10.79,10.61,10.64,43110
2020-01-06,10.45,10.69,10.38,10.49,68558
2020-01-07,10.5,10.75,10.42,10.75,59222
2020-01-08,10.64,10.68,10.38,10.42,46524
2020-01-09,10.54,10.86,10.51,10.81,80599
2020-01-10,10.91,11.19,10.83,10.86,81908
2020-01-13,10.79,11.2,10.76,11.19,75343
2020-01-14,11.28,11.39,10.98,11.01,59274
2020-01-15,10.97,11.26,10.97,11.25,53895
2020-01-16,11.25,12.45,11.21,12.33,163519
2020-01-17,12.33,12.55,12.19,12.41,87030
2020-01-20,12.41,12.76,12.15,12.72,72140
2020-01-21,12.72,12.87,12.3,12.65,57837
2020-01-22,12.33,13.0,12.08,12.87,59220
2020-01-23,12.84,13.08,12.06,12.4,68290
2020-02-03,10.86,12.23,10.86,11.65,110129
2020-02-04,12.12,13.12,11.99,13.12,122638
2020-02-05,13.58,14.56,12.97,14.08,159532
2020-02-06,13.81,15.8,13.67,15.8,147811
2020-02-07,16.27,17.68,15.84,17.68,202142
2020-02-10,17.84,18.15,15.92,16.9,220932
2020-02-11,16.7,16.85,16.05,16.2,157230
2020-02-12,15.99,17.78,15.99,17.75,198692
2020-02-13,17.04,17.48,16.26,16.4,176125
2020-02-14,15.99,16.73,15.72,15.97,163385
2020-02-17,15.99,16.85,15.98,16.65,135766
2020-02-18,16.81,17.32,16.55,17.15,120200
2020-02-19,16.95,17.01,16.19,16.24,123949
2020-02-20,16.38,16.41,15.6,16.16,159712
2020-02-21,16.18,16.75,16.17,16.36,181469
2020-02-24,16.63,17.23,16.38,16.95,187080
2020-02-25,16.54,18.5,16.12,18.19,244470
2020-02-26,17.78,18.1,16.26,16.54,177974
2020-02-27,16.54,17.97,15.96,17.12,179822
2020-02-28,16.01,16.66,15.22,15.59,148678
2020-03-02,15.93,16.73,15.06,16.26,164022
2020-03-03,16.72,17.85,16.51,16.88,175748
2020-03-04,16.58,17.69,16.48,17.26,139349
2020-03-05,18.76,18.8,16.78,16.85,186031
2020-03-06,16.27,17.23,16.06,16.71,91442
2020-03-09,16.34,16.62,15.41,15.84,138901
2020-03-10,15.55,17.16,15.55,16.75,137298
2020-03-11,16.79,17.4,16.67,16.83,104684
2020-03-12,16.26,16.44,15.73,15.98,84792
2020-03-13,15.03,16.66,15.03,16.42,109499
2020-03-16,16.73,16.83,14.6,15.13,118102
2020-03-17,15.43,15.71,14.26,15.27,104768
2020-03-18,15.56,16.0,14.85,14.86,76780
2020-03-19,14.95,15.35,14.43,15.15,85512
2020-03-20,15.4,16.21,15.27,16.06,109514
2020-03-23,15.44,16.15,15.17,15.54,84707
2020-03-24,15.84,16.17,14.49,15.24,156044
2020-03-25,15.64,15.64,14.83,15.29,99400
2020-03-26,15.02,15.54,14.61,14.74,81884
2020-03-27,14.94,15.01,13.79,13.88,145146
2020-03-30,13.76,13.76,12.78,12.9,104508
2020-03-31,13.16,13.64,13.16,13.28,88938
2020-04-01,13.37,13.64,13.04,13.22,53815
2020-04-02,13.36,13.83,13.1,13.8,69430
2020-04-03,13.85,14.1,13.42,13.49,54527
2020-04-07,13.87,14.11,13.79,13.98,68031
2020-04-08,13.89,14.17,13.87,14.03,45333
2020-04-09,14.19,14.37,14.07,14.32,48746
2020-04-10,14.24,14.43,13.47,13.7,68637
2020-04-13,13.7,14.04,13.4,13.95,49117
2020-04-14,14.32,15.66,14.32,15.66,160738
2020-04-15,15.45,15.86,15.26,15.67,123825
2020-04-16,15.63,16.24,15.36,16.03,107684
2020-04-17,16.25,16.44,15.97,16.02,85228
2020-04-20,16.13,17.04,16.13,16.58,113585
2020-04-21,16.71,17.0,16.4,16.84,75670
2020-04-22,16.83,17.23,16.37,16.88,89672
2020-04-23,16.89,17.05,16.34,16.5,66911
2020-04-24,16.48,16.94,16.37,16.56,51446
2020-04-27,16.58,16.77,16.26,16.35,53747
2020-04-28,16.39,17.04,15.95,16.63,70007
2020-04-29,16.79,17.68,16.64,17.49,84595
2020-04-30,17.59,18.52,17.59,17.78,113800
2020-05-06,17.98,18.8,17.89,18.49,105108
2020-05-07,18.39,19.21,17.81,18.93,114945
2020-05-08,18.8,19.65,18.8,19.02,74907
2020-05-11,19.12,19.28,18.78,18.97,59515
2020-05-12,18.92,19.36,18.43,19.24,56968
2020-05-13,19.24,19.66,19.03,19.49,44326
2020-05-14,19.49,19.6,19.13,19.13,39695
2020-05-15,19.19,20.17,19.19,19.83,72462
2020-05-18,19.9,20.47,19.14,19.87,68951
2020-05-19,19.89,20.59,19.68,20.33,46002
2020-05-20,20.27,20.51,19.36,19.52,64777
2020-05-21,19.69,20.12,19.47,19.51,52108
2020-05-22,19.6,19.93,18.97,19.16,71224
2020-05-25,19.28,20.08,19.05,19.28,59170
2020-05-26,19.57,20.53,19.32,20.23,56647
2020-05-27,20.23,20.42,19.26,19.34,63303
2020-05-28,19.71,20.22,19.44,19.87,58500
2020-05-29,19.77,20.2,19.56,20.2,56256
2020-06-01,20.19,20.89,20.1,20.51,80443
2020-06-02,20.54,20.61,19.17,19.32,109113
2020-06-03,19.5,19.87,19.05,19.81,67000
2020-06-04,19.63,20.03,19.55,19.67,36549
2020-06-05,19.82,20.16,19.51,19.8,43618
2020-06-08,20.12,20.13,18.95,19.07,72838
2020-06-09,19.14,19.99,18.56,19.69,71074
2020-06-10,19.71,19.95,19.38,19.53,46775
2020-06-11,19.79,20.04,19.38,19.6,50970
2020-06-12,19.21,19.52,18.89,19.32,93687
2020-06-15,19.25,19.6,18.7,18.7,68659
2020-06-16,18.96,19.78,18.89,19.51,74284
2020-06-17,19.71,19.81,18.98,19.16,45926
2020-06-18,19.28,19.44,18.62,19.11,71383
2020-06-19,19.21,20.11,19.18,19.79,73533
2020-06-22,19.99,20.42,19.71,20.08,67688
2020-06-23,20.09,22.08,19.98,21.93,122967
2020-06-24,21.76,22.04,20.99,21.18,103192
2020-06-29,21.04,21.26,20.73,20.91,66098
2020-06-30,21.18,21.48,21.05,21.38,83074
2020-07-01,21.47,21.6,20.12,20.62,106968
2020-07-02,20.53,20.73,20.15,20.26,97072
2020-07-03,20.28,20.39,19.62,20.15,84483
2020-07-06,20.36,20.96,19.95,20.86,115451
2020-07-07,20.92,22.37,20.6,21.8,147671
2020-07-08,24.1,24.27,22.99,24.27,188802
2020-07-09,24.76,25.58,24.61,25.17,164159
2020-07-10,24.91,27.63,24.64,26.7,138343
2020-07-13,26.27,27.26,25.88,27.0,120563
2020-07-14,26.65,26.9,26.15,26.67,93069
2020-07-15,26.52,26.96,25.52,25.9,96615
2020-07-16,26.21,27.1,24.7,24.97,115829
2020-07-17,25.58,26.46,25.3,25.72,108142
2020-07-20,26.08,26.34,24.01,25.96,104497
2020-07-21,25.82,26.61,25.46,26.28,74676
2020-07-22,25.98,27.41,25.98,26.6,91523
2020-07-23,26.36,27.06,25.91,26.85,71603
2020-07-24,26.85,27.47,25.75,26.07,80723
2020-07-27,26.08,26.85,25.05,25.38,79522
2020-07-28,25.46,26.57,25.46,25.95,66183
2020-07-29,26.28,27.29,26.09,27.26,89685
2020-07-30,27.64,27.65,25.67,25.93,103582
2020-07-31,25.87,26.97,25.75,26.38,71130
2020-08-03,26.56,26.98,26.29,26.61,64516
2020-08-04,26.69,27.19,26.01,26.25,66369
2020-08-05,26.9,29.17,26.44,29.17,111410
2020-08-06,28.67,28.74,27.1,27.51,143352
2020-08-07,27.1,27.74,26.48,26.75,78992
2020-08-10,26.42,26.42,25.29,25.78,80307
2020-08-11,25.87,26.16,25.07,25.16,63654
2020-08-12,25.27,25.41,23.82,24.57,67249
2020-08-13,24.68,25.23,24.23,24.5,41214
2020-08-14,24.43,25.24,24.39,24.98,45413
2020-08-17,25.15,25.21,24.23,24.8,68059
2020-08-18,25.0,25.22,24.66,25.15,42882
2020-08-19,25.05,25.41,24.43,24.51,55210
2020-08-20,24.62,24.92,24.09,24.64,50913
2020-08-21,25.25,25.25,24.23,24.4,55976
2020-08-24,24.61,26.15,24.6,25.82,97855
2020-08-25,25.89,25.98,25.3,25.36,50933
2020-08-26,25.17,25.86,25.08,25.62,46605
2020-08-27,25.51,26.65,25.05,26.25,66083
2020-08-28,26.25,26.63,25.88,26.62,49340
2020-08-31,26.81,26.89,25.67,25.67,74802
2020-09-01,25.6,25.85,25.21,25.71,44370
2020-09-02,25.79,26.63,25.48,26.43,66238
2020-09-03,26.61,26.89,26.29,26.53,44339
2020-09-04,26.15,26.7,25.53,25.78,45082
2020-09-07,25.92,26.49,25.34,25.53,51056
2020-09-08,25.55,25.63,24.51,24.68,52764
2020-09-09,24.43,25.09,23.33,24.72,75381
2020-09-10,24.64,25.5,24.16,24.27,45930
2020-09-11,24.23,25.38,24.23,25.3,44508
2020-09-14,25.32,26.58,25.32,26.04,52320
2020-09-15,25.87,26.26,25.87,26.07,24724
2020-09-16,25.91,26.41,25.7,25.93,23233
2020-09-17,26.02,26.24,25.46,25.71,37033
2020-09-18,25.77,26.11,25.45,25.75,35582
2020-09-21,26.06,26.3,25.16,25.23,39732
2020-09-22,25.15,25.5,24.81,24.81,34347
2020-09-23,25.12,25.66,24.91,25.54,33947
2020-09-24,25.35,25.95,25.35,25.52,41988
2020-09-25,25.81,27.06,25.38,26.04,72586
2020-09-28,26.28,26.76,25.97,26.38,49647
2020-09-29,26.48,27.24,26.23,26.84,55446
2020-09-30,26.99,27.27,26.52,26.83,54660
2020-10-09,27.44,27.9,26.98,27.72,67480
2020-10-12,28.05,28.09,27.54,27.78,68047
2020-10-13,27.8,28.24,27.11,28.15,51375
2020-10-14,27.43,27.49,25.05,25.42,181456
2020-10-15,25.42,25.95,24.47,25.43,94826
2020-10-16,25.31,26.33,25.17,25.97,57324
2020-10-19,26.23,26.28,24.64,24.65,62631
2020-10-20,24.79,25.18,24.64,25.17,32194
2020-10-21,25.05,25.17,24.25,24.62,43233
2020-10-22,24.55,24.68,24.02,24.27,28747
2020-10-23,24.15,24.46,22.32,22.56,71317
2020-10-26,22.57,23.38,22.34,22.62,64566
2020-10-27,22.6,23.04,22.37,22.87,58388
2020-10-28,23.05,24.08,22.63,23.74,58566
2020-10-29,23.43,23.81,23.04,23.59,38051
2020-10-30,23.8,23.98,23.08,23.21,33183
2020-11-02,23.39,23.39,22.53,22.56,72665
2020-11-03,22.91,23.02,22.33,22.72,59539
2020-11-04,22.65,23.14,22.46,22.99,35095
2020-11-05,23.32,24.1,23.06,23.92,54008
2020-11-06,23.92,23.92,23.0,23.28,38585
2020-11-09,23.43,24.43,23.29,23.91,60452
2020-11-10,24.01,24.01,22.99,23.08,52037
2020-11-11,22.89,23.46,22.37,22.43,41891
2020-11-12,22.56,22.98,21.48,21.71,62261
2020-11-13,21.59,22.16,21.19,22.14,49232
2020-11-16,21.96,23.61,21.59,23.42,77031
2020-11-17,23.48,23.53,21.76,22.21,68020
2020-11-18,22.28,22.5,21.63,21.93,43522
2020-11-19,22.3,23.08,21.76,22.88,47020
2020-11-20,22.92,23.2,22.62,22.69,29104
2020-11-23,22.89,22.89,22.26,22.63,32317
2020-11-24,22.46,22.72,22.09,22.53,29226
2020-11-25,22.67,22.67,21.79,21.82,30135
2020-11-26,21.93,22.14,21.57,21.84,25931
2020-11-27,21.86,22.16,21.61,21.75,25638
2020-11-30,22.07,22.75,21.45,21.96,67673
2020-12-01,22.12,22.25,21.66,21.93,64166
2020-12-02,22.11,22.13,21.56,21.72,49934
2020-12-03,21.76,22.73,21.49,22.63,69097
2020-12-04,22.58,22.76,22.36,22.49,24695
2020-12-07,22.62,23.59,22.51,23.4,62417
2020-12-08,23.45,23.73,23.11,23.43,37389
2020-12-09,23.39,23.75,22.69,22.76,43605
2020-12-10,22.67,23.5,22.63,23.45,48584
2020-12-11,23.45,23.69,22.96,23.07,72752
2020-12-14,23.28,23.28,22.17,22.35,83127
2020-12-15,22.42,23.42,22.18,23.28,64673
2020-12-16,23.41,23.61,23.02,23.3,32836
2020-12-17,23.14,23.59,22.84,23.04,37593
2020-12-18,23.17,23.3,22.81,22.91,27059
2020-12-21,22.93,23.71,22.75,23.55,46240
2020-12-22,23.36,24.63,23.3,23.68,57454
2020-12-23,23.88,24.17,23.41,24.09,44536
2020-12-24,24.09,24.74,24.01,24.31,35839
2020-12-25,24.09,24.33,23.03,23.14,51527
2020-12-28,23.3,24.29,23.1,24.01,50741
2020-12-29,23.78,24.16,23.53,23.97,38075
2020-12-30,23.82,24.31,23.82,24.2,38580
2020-12-31,24.01,25.67,24.01,25.45,78380
2021-01-04,25.67,26.18,25.25,25.79,70642
2021-01-05,25.71,25.99,25.13,25.65,78252
2021-01-06,25.88,25.95,24.25,24.53,86003
2021-01-07,24.69,24.8,22.79,23.4,115224
2021-01-08,23.17,23.78,23.12,23.45,68184
2021-01-11,23.69,23.69,22.3,22.55,91620
2021-01-12,22.78,22.91,22.46,22.79,49329
2021-01-13,22.79,22.99,21.79,21.97,80476
2021-01-14,22.38,23.51,22.0,22.95,81739
2021-01-15,22.99,22.99,22.2,22.29,50228
2021-01-18,22.29,23.18,21.82,22.95,59562
2021-01-19,22.88,23.48,22.8,23.19,58840
2021-01-20,23.19,23.92,22.93,23.85,66036
2021-01-21,24.09,24.55,23.69,24.26,58715
2021-01-22,24.26,24.55,22.69,22.74,98590
2021-01-25,22.74,23.97,22.69,23.73,85127
2021-01-26,23.68,24.13,23.2,23.55,73409
2021-01-27,23.42,24.5,23.36,24.43,64207
2021-01-28,24.01,24.93,23.85,24.1,73943
2021-01-29,23.92,24.65,23.73,24.47,75073
2021-02-01,23.82,24.42,22.85,23.32,105238
2021-02-02,23.2,24.92,23.2,24.9,90405
2021-02-03,24.91,25.45,24.52,24.95,62986
2021-02-04,24.81,25.05,23.82,24.31,51770
2021-02-05,24.23,25.57,24.18,24.78,63914
2021-02-08,25.05,25.3,24.07,24.49,61443
2021-02-09,24.49,25.52,23.99,25.49,72576
2021-02-10,25.3,25.32,24.44,24.47,68484
2021-02-18,24.77,25.69,24.23,25.12,88600
2021-02-19,24.98,25.03,22.57,23.57,125152
2021-02-22,23.57,23.6,22.48,22.83,87316
2021-02-23,22.5,22.73,22.17,22.21,53320
2021-02-24,22.3,22.54,21.79,21.89,52353
2021-02-25,21.98,22.16,20.48,20.56,101823
2021-02-26,20.04,20.71,19.56,20.64,83145
2021-03-01,20.4,21.22,20.33,20.94,48876
2021-03-02,20.95,21.15,20.24,20.49,39219
2021-03-03,20.53,21.12,20.1,21.02,37898
2021-03-04,20.76,20.85,19.21,19.3,68649
2021-03-05,19.22,19.79,19.2,19.54,33187
2021-03-08,19.66,19.66,18.71,18.98,43234
2021-03-09,18.81,19.13,18.17,18.28,67146
2021-03-10,18.59,18.96,17.97,18.06,54964
2021-03-11,18.08,18.38,17.78,18.25,44636
2021-03-12,18.17,18.22,17.69,18.1,45235
2021-03-15,17.89,18.96,17.86,18.01,53613
2021-03-16,18.15,18.42,17.88,18.31,44086
2021-03-17,18.39,19.78,18.2,19.51,79229
2021-03-18,19.51,19.81,19.3,19.52,33762
2021-03-19,19.1,19.62,19.09,19.44,37925
2021-03-22,19.54,20.02,19.26,19.39,40150
2021-03-23,19.39,19.79,19.15,19.62,30775
2021-03-24,19.58,20.31,19.46,19.61,50454
2021-03-25,19.7,20.14,19.51,20.13,34584
2021-03-26,20.28,20.51,19.95,20.34,30915
2021-03-29,20.35,20.48,19.88,20.2,24694
2021-03-30,20.07,21.19,20.04,21.06,46001
2021-03-31,21.07,21.24,20.82,21.12,33516
2021-04-01,21.1,21.22,20.77,20.89,21975
2021-04-02,21.12,21.38,20.33,20.49,46219
2021-04-06,20.51,21.29,20.5,21.23,31993
2021-04-07,21.23,21.34,20.86,21.06,34057
2021-04-08,21.01,21.72,20.96,21.68,38408
2021-04-09,21.62,21.75,20.73,21.19,39384
2021-04-12,21.15,21.15,20.57,20.68,20652
2021-04-13,21.01,21.26,20.55,20.83,26851
2021-04-14,21.01,22.09,20.82,22.08,54123
2021-04-15,22.38,22.39,21.43,22.26,54668
2021-04-16,22.41,22.69,22.19,22.58,42481
2021-04-19,22.52,23.05,22.17,22.99,42366
2021-04-20,23.49,23.92,22.65,23.24,84755
2021-04-21,22.85,23.49,22.85,23.06,33410
2021-04-22,23.32,24.12,23.07,24.01,55086
2021-04-23,24.06,24.28,23.61,23.81,40006
2021-04-26,23.65,24.02,22.97,22.99,56687
2021-04-27,22.99,23.59,22.95,23.36,32674
2021-04-28,23.4,23.71,23.15,23.28,31537
2021-04-29,23.28,23.53,23.01,23.22,27853
2021-04-30,23.0,23.45,22.95,23.16,19645
2021-05-06,23.18,24.0,23.16,23.81,50227
2021-05-07,23.92,23.92,23.15,23.15,32762
2021-05-10,23.19,23.32,22.46,23.09,38549
2021-05-11,23.06,23.78,22.95,23.51,36678
2021-05-13,23.41,23.41,21.79,22.35,51586
2021-05-14,22.5,22.5,21.47,21.86,55388
2021-05-17,21.99,23.32,21.88,23.22,54247
2021-05-18,23.19,23.32,22.74,23.0,30297
2021-05-19,23.01,23.28,22.67,22.8,21155
2021-05-20,22.91,22.99,22.55,22.62,24156
2021-05-21,22.67,23.11,22.13,22.53,47089
2021-05-24,22.28,24.15,22.21,24.02,79518
2021-05-25,24.22,24.59,24.06,24.52,40437
2021-05-26,24.5,24.72,24.09,24.11,23550
2021-05-27,24.14,24.5,23.86,24.3,28720
2021-05-28,24.29,24.78,24.06,24.2,28844
2021-05-31,24.42,24.61,23.97,24.39,31371
2021-06-01,24.41,24.5,23.85,24.22,28223
2021-06-02,24.33,24.33,23.5,23.66,32470
2021-06-03,23.73,23.98,23.22,23.28,23140
2021-06-04,23.2,23.47,22.79,22.88,32968
2021-06-07,23.15,23.81,22.87,23.73,30332
2021-06-08,23.73,23.85,23.06,23.32,30009
2021-06-09,23.88,23.92,23.17,23.68,34808
2021-06-10,23.32,24.26,23.32,24.11,75070
2021-06-11,24.11,25.09,23.74,24.51,103766
2021-06-15,24.72,25.12,24.12,24.18,78673
2021-06-16,24.48,24.62,23.83,24.06,45303
2021-06-17,23.97,24.45,23.59,24.35,38341
2021-06-18,24.6,24.64,24.11,24.33,39143
2021-06-21,24.19,24.53,23.97,24.33,43101
2021-06-22,24.12,24.45,23.59,23.64,42047
2021-06-23,23.64,24.12,23.24,23.71,43950
2021-06-24,23.7,23.86,23.2,23.59,38413
2021-06-25,23.53,23.82,23.37,23.52,39088
2021-06-28,23.57,24.69,23.48,24.47,59095
2021-06-29,24.47,24.96,24.3,24.67,42887
2021-06-30,24.67,24.95,24.28,24.67,39284
2021-07-01,25.68,27.39,25.66,26.97,157039
2021-07-02,26.75,28.11,26.59,27.24,124659
2021-07-05,27.94,28.72,27.5,28.56,115490
2021-07-06,28.56,28.91,27.93,28.33,80697
2021-07-07,28.65,28.65,27.73,28.19,70324
2021-07-08,28.61,28.61,27.24,27.75,71551
2021-07-09,27.82,27.86,26.53,27.02,86570
2021-07-12,27.34,28.66,26.85,28.57,109472
2021-07-13,28.93,29.39,28.09,28.94,70524
2021-07-14,28.59,29.06,28.25,28.59,52321
2021-07-15,28.57,29.31,28.35,28.99,75088
2021-07-16,29.42,30.21,28.99,29.53,79396
2021-07-19,29.53,29.58,28.2,29.55,85478
2021-07-20,29.27,29.74,28.5,29.69,81609
2021-07-21,29.68,30.84,29.15,30.2,64936
2021-07-22,30.12,30.37,29.59,30.07,48368
2021-07-23,29.83,30.86,29.57,30.38,51822
2021-07-26,30.62,30.96,29.52,30.42,56330
2021-07-27,31.17,33.72,31.13,32.27,204454
2021-07-28,31.6,34.51,30.86,33.89,160674
2021-07-29,34.31,36.53,32.73,36.34,160168
2021-07-30,35.4,35.99,32.46,33.16,157819
2021-08-02,33.16,34.86,32.73,34.16,125398
2021-08-03,34.87,36.29,34.48,35.66,114286
2021-08-04,35.62,36.5,34.1,36.22,109907
2021-08-05,35.8,35.8,33.8,34.05,83886
2021-08-06,34.54,34.81,33.16,33.29,68904
2021-08-09,33.52,34.96,33.27,34.34,71903
2021-08-10,33.86,34.59,33.62,34.19,47944
2021-08-11,34.18,34.18,32.73,33.37,58892
2021-08-12,33.65,34.31,33.06,33.59,57113
2021-08-13,33.61,33.61,32.2,32.36,64958
2021-08-16,32.36,33.16,31.93,32.73,44312
2021-08-17,32.47,32.59,31.34,31.64,65568
2021-08-18,31.63,32.32,31.35,31.99,43191
2021-08-19,31.88,34.11,31.66,33.48,57329
2021-08-20,33.52,34.8,33.0,34.55,87776
2021-08-23,34.98,36.32,34.72,36.27,89902
2021-08-24,36.79,37.72,36.53,37.01,81852
2021-08-25,37.3,37.65,36.22,37.42,71254
2021-08-26,37.07,37.59,36.29,36.39,40917
2021-08-27,36.37,36.98,35.76,36.21,38463
2021-08-30,37.2,37.21,34.65,35.02,60053
2021-08-31,35.08,35.31,34.23,35.03,60430
2021-09-01,34.96,35.28,33.97,34.86,38450
2021-09-02,34.67,36.74,34.29,36.39,62477
2021-09-03,36.42,37.68,35.94,36.92,70978
2021-09-06,36.52,37.52,36.3,36.8,42456
2021-09-07,36.53,37.05,36.1,36.33,35893
2021-09-08,36.1,36.23,35.19,35.4,37173
2021-09-09,35.4,36.05,35.19,35.49,27674
2021-09-10,35.02,35.82,34.92,35.64,34197
2021-09-13,35.65,35.77,33.68,34.84,58179
2021-09-14,34.96,36.07,34.18,34.31,47737
2021-09-15,34.28,34.76,33.42,34.51,35437
2021-09-16,34.62,35.22,33.59,33.62,42662
2021-09-17,33.59,34.07,33.32,33.63,19937
2021-09-22,33.27,34.26,33.19,34.06,20125
2021-09-23,33.81,34.39,33.1,33.16,40152
2021-09-24,33.17,35.48,33.04,34.26,51375
2021-09-27,34.65,35.12,32.63,33.0,53996
2021-09-28,32.96,33.96,32.63,33.84,31116
2021-09-29,33.51,33.76,31.56,31.91,58680
2021-09-30,31.82,33.69,31.82,32.73,44535
2021-10-08,33.12,34.8,32.55,33.87,51403
2021-10-11,33.8,33.95,32.62,32.73,50499
2021-10-12,32.83,33.2,32.41,32.71,28918
2021-10-13,32.63,33.09,32.32,32.82,22909
2021-10-14,32.82,33.53,32.47,33.48,17555
2021-10-15,33.62,35.19,32.96,34.82,44900
2021-10-18,34.83,35.13,33.68,34.69,33713
2021-10-19,34.69,35.34,34.18,35.28,34832
2021-10-20,35.38,38.52,35.15,36.63,95576
2021-10-21,36.63,36.94,35.77,36.05,36189
2021-10-22,35.87,36.73,35.79,35.87,26094
2021-10-25,35.94,35.95,34.76,35.4,38749
2021-10-26,35.41,35.84,34.63,34.82,27834
2021-10-27,34.8,35.08,34.29,34.43,24773
2021-10-28,34.52,35.11,33.91,34.16,28733
2021-10-29,34.19,34.94,33.9,34.87,33418
2021-11-01,33.8,37.27,33.8,34.78,79494
2021-11-02,34.76,36.19,34.34,35.5,60090
2021-11-03,35.74,37.08,35.4,36.57,57936
2021-11-04,36.97,36.97,35.84,36.26,45121
2021-11-05,36.26,37.11,36.01,36.15,33928
2021-11-08,35.95,36.5,35.67,36.03,29329
2021-11-09,36.02,37.54,35.89,37.0,38748
2021-11-10,36.98,37.42,36.18,36.95,26687
2021-11-11,36.8,36.95,35.7,35.93,32052
2021-11-12,36.21,36.21,35.23,35.49,57440
2021-11-15,35.35,36.71,35.35,36.26,72815
2021-11-16,36.08,37.69,36.0,36.81,49627
2021-11-17,36.56,37.33,35.94,36.47,36854
2021-11-18,36.6,36.85,35.55,35.83,32307
2021-11-19,35.73,35.97,35.13,35.14,31358
2021-11-22,35.14,35.37,34.46,34.5,52632
2021-11-23,34.62,34.75,33.68,34.27,45338
2021-11-24,34.13,34.27,33.74,33.9,25637
2021-11-25,33.79,34.22,32.99,33.57,35342
2021-11-26,33.56,33.94,32.85,33.1,34371
2021-11-29,32.93,33.05,32.03,32.51,95479
2021-11-30,32.74,33.44,32.6,32.89,61985
2021-12-01,33.16,33.51,32.65,32.87,54701
2021-12-02,32.87,33.36,32.44,32.51,42265
2021-12-03,32.46,32.93,31.79,32.1,69933
2021-12-06,32.18,32.39,31.4,31.72,50475
2021-12-07,31.72,31.91,30.79,31.11,41860
2021-12-08,31.3,32.2,31.17,31.6,43189
2021-12-09,31.54,33.03,31.52,32.89,81789
2021-12-10,32.63,32.88,31.13,31.87,100898
2021-12-13,31.66,31.66,30.28,30.29,117444
2021-12-14,30.08,30.83,29.85,30.54,74466
2021-12-15,30.54,31.01,29.69,29.69,57786
2021-12-16,29.69,30.23,29.69,30.0,36017
2021-12-17,30.12,30.23,29.25,29.34,44029
2021-12-20,29.26,29.85,29.19,29.19,55436
2021-12-21,29.37,29.64,29.0,29.41,45913
2021-12-22,29.54,30.22,29.42,29.92,46254
2021-12-23,29.93,30.06,29.42,29.66,29290
2021-12-24,29.75,30.91,29.74,30.6,57368
2021-12-27,30.6,30.81,30.12,30.37,25978
2021-12-28,30.38,30.47,29.52,29.92,34286
2021-12-29,29.93,30.06,29.21,29.34,30513
2021-12-30,29.46,30.47,29.16,30.32,46092
2021-12-31,29.92,30.76,29.74,29.97,40990
2022-01-04,30.37,30.91,29.8,30.76,52994
2022-01-05,30.95,31.11,29.68,29.82,62877
2022-01-06,29.55,29.99,29.14,29.59,32420
2022-01-07,29.89,30.52,29.26,29.33,29518
2022-01-10,29.1,29.8,28.03,29.7,68730
2022-01-11,29.71,30.02,27.77,28.02,57860
2022-01-12,28.09,29.42,27.87,29.03,52270
2022-01-13,29.9,30.25,28.6,28.74,62778
2022-01-14,28.51,29.51,28.51,29.35,35152
2022-01-17,30.0,31.97,29.76,31.5,114280
2022-01-18,31.92,32.4,31.39,31.83,73835
2022-01-19,31.81,32.25,30.98,31.31,63982
2022-01-20,31.5,31.64,30.2,30.91,54536
2022-01-21,30.86,31.79,30.39,30.84,50552
2022-01-24,30.6,31.24,30.14,30.53,54432
2022-01-25,30.43,30.92,29.74,29.91,45234
2022-01-26,30.24,30.43,28.88,29.57,65514
2022-01-27,29.42,29.61,27.95,27.95,60259
2022-01-28,28.13,28.37,26.08,26.31,73897
2022-02-07,26.85,27.47,26.31,26.77,72635
2022-02-08,26.7,26.76,25.52,26.07,51888
2022-02-09,26.16,26.49,25.74,26.37,55466
2022-02-10,26.37,26.49,25.68,25.89,44254
2022-02-11,25.79,26.06,25.33,25.48,34640
2022-02-14,25.37,25.41,24.72,24.84,34894
2022-02-15,25.15,25.79,24.8,25.66,40767
2022-02-16,26.08,26.09,25.09,25.34,40942
2022-02-17,25.15,25.61,25.1,25.27,29546
2022-02-18,26.11,27.03,25.3,25.94,119305
2022-02-21,26.8,28.23,26.76,27.51,181472
2022-02-22,27.18,27.18,26.14,26.3,111697
2022-02-23,26.22,26.96,25.84,26.54,81094
2022-02-24,26.32,26.35,25.04,25.28,86615
2022-02-25,25.75,26.19,25.47,25.81,53602
2022-02-28,25.8,26.21,25.55,26.17,47185
2022-03-01,26.26,26.36,25.91,26.02,42369
2022-03-02,25.79,25.93,25.31,25.4,40621
2022-03-03,25.51,25.66,24.8,24.84,43531
2022-03-04,24.62,24.89,24.18,24.38,42449
2022-03-07,24.27,24.27,23.06,23.18,66201
2022-03-08,23.39,23.8,22.64,22.82,56073
2022-03-09,23.01,24.05,22.86,23.98,97564
2022-03-10,24.7,25.0,24.27,24.87,64493
2022-03-11,24.46,24.5,23.59,24.4,64083
2022-03-14,24.13,24.44,23.32,23.33,44467
2022-03-15,23.17,23.65,22.17,22.19,60557
2022-03-16,22.6,23.63,21.84,23.41,58516
2022-03-17,23.91,25.09,23.6,25.02,83349
2022-03-18,24.85,24.85,23.82,23.95,54264
2022-03-21,24.19,24.28,23.35,23.65,44230
2022-03-22,23.6,23.74,23.36,23.58,32745
2022-03-23,23.59,23.6,23.02,23.11,48629
2022-03-24,23.0,23.08,22.5,22.93,33902
2022-03-25,23.05,23.27,22.58,22.83,35627
2022-03-28,22.58,23.01,21.97,22.64,40023
2022-03-29,23.12,23.22,22.28,22.68,40952
2022-03-30,22.94,23.89,22.59,23.82,54234
2022-03-31,23.65,23.77,23.33,23.52,28810
2022-04-01,23.76,24.53,23.41,23.84,43990
2022-04-06,23.63,23.79,23.14,23.68,40647
2022-04-07,23.66,24.17,23.6,23.69,48493
2022-04-08,23.22,23.65,22.05,22.4,99608
2022-04-11,21.95,22.26,20.29,20.39,96621
2022-04-12,20.31,22.56,20.31,22.52,103611
2022-04-13,21.86,22.74,21.66,22.37,52314
2022-04-14,23.2,23.28,22.09,22.96,51553
2022-04-15,22.92,23.09,22.45,22.74,24693
2022-04-18,22.47,23.08,22.16,22.86,21484
2022-04-19,22.86,23.11,22.52,22.69,28178
2022-04-20,22.74,23.05,22.34,22.48,28324
2022-04-21,22.19,22.69,21.61,21.76,31352
2022-04-22,21.3,21.62,20.98,21.17,39444
2022-04-25,20.79,21.61,20.34,20.74,65072
2022-04-26,20.68,20.97,18.84,19.07,68959
2022-04-27,18.84,21.09,18.18,21.09,83391
2022-04-28,20.77,22.62,20.77,22.07,90935
2022-04-29,22.25,23.2,21.52,22.9,64201
2022-05-05,22.9,23.65,22.64,23.56,52273
2022-05-06,23.1,23.92,22.65,23.37,38527
2022-05-09,23.12,23.97,23.12,23.59,36722
2022-05-10,23.45,24.45,23.18,24.33,44676
2022-05-11,24.33,24.99,24.02,24.19,44628
2022-05-12,24.18,24.94,24.01,24.54,24737
2022-05-13,24.72,24.91,24.37,24.43,17326
2022-05-16,24.62,24.62,23.76,24.08,32388
2022-05-17,24.24,24.24,23.79,23.94,30041
2022-05-18,24.13,24.39,23.4,23.64,33495
2022-05-19,23.45,23.62,22.92,23.44,25738
2022-05-20,23.49,23.75,23.24,23.55,24685
2022-05-23,23.6,23.81,23.28,23.63,22371
2022-05-24,23.69,23.69,22.68,22.72,22975
2022-05-25,22.67,23.55,21.92,23.34,24529
2022-05-26,23.18,23.55,22.63,23.2,26237
2022-05-27,23.28,23.65,23.04,23.06,20652
2022-05-30,23.38,25.51,23.22,25.25,69905
2022-05-31,25.25,25.55,24.89,25.35,41723
2022-06-01,25.47,25.47,24.42,24.62,36508
2022-06-02,24.62,25.78,24.59,25.7,40439
2022-06-06,25.47,27.1,25.37,26.76,60772
2022-06-07,26.75,27.05,26.38,26.72,26183
2022-06-08,26.53,26.94,26.06,26.58,31155
2022-06-09,26.59,26.59,25.7,26.17,37103
2022-06-10,25.79,26.75,25.79,26.31,52139
2022-06-13,25.85,26.29,25.68,26.11,32014
2022-06-14,26.27,26.36,25.61,26.29,30894
2022-06-15,26.11,27.08,26.06,26.79,40657
2022-06-16,26.79,26.96,26.41,26.6,24506
2022-06-17,26.65,26.85,26.02,26.59,29748
2022-06-20,26.75,26.84,26.15,26.33,30643
2022-06-21,26.59,26.91,26.06,26.78,21060
2022-06-22,26.53,26.85,26.11,26.23,21138
2022-06-23,26.17,26.96,26.11,26.91,30454
2022-06-24,27.02,27.69,26.65,27.19,44279
2022-06-27,27.12,27.85,27.01,27.39,27987
2022-06-28,27.23,27.46,26.78,27.32,38999
2022-06-29,27.32,27.73,26.78,26.97,35578
2022-06-30,27.11,27.15,25.6,26.64,87182
2022-07-01,26.64,27.02,25.92,26.11,28377
2022-07-04,26.25,26.86,25.79,26.45,38528
2022-07-05,26.43,26.73,25.76,25.99,28846
2022-07-06,25.79,26.23,25.67,25.9,29211
2022-07-07,25.69,26.06,25.58,25.58,31665
2022-07-08,26.14,26.57,25.9,26.1,30402
2022-07-11,26.09,26.09,24.72,25.39,35026
2022-07-12,25.23,25.63,24.84,25.13,19583
2022-07-13,25.44,26.3,24.96,25.86,31902
2022-07-14,25.86,26.11,25.57,25.98,25830
2022-07-15,26.07,27.21,25.86,25.94,41478
2022-07-18,25.94,27.1,25.65,26.83,42756
2022-07-19,26.93,27.87,26.69,27.74,69817
2022-07-20,27.87,27.93,27.29,27.49,28652
2022-07-21,27.42,28.14,27.32,27.69,45849
2022-07-22,27.99,28.21,26.98,27.3,51427
2022-07-25,27.18,27.48,26.41,26.93,46170
2022-07-26,26.93,27.27,26.68,26.88,34570
2022-07-27,26.93,27.13,26.62,26.91,25152
2022-07-28,27.15,27.21,26.48,26.66,43541
2022-07-29,26.5,26.83,25.76,25.92,58782
2022-08-01,25.78,26.37,25.48,26.06,42636
2022-08-02,25.81,26.13,24.96,25.48,58172
2022-08-03,25.68,26.64,25.55,25.93,54190
2022-08-04,26.09,26.31,25.64,26.14,28142
2022-08-05,26.07,27.25,25.93,27.04,55022
2022-08-08,27.72,27.77,26.48,27.32,39660
2022-08-09,27.37,27.47,26.77,27.07,43545
2022-08-10,27.01,27.02,26.28,26.45,38089
2022-08-11,26.49,26.72,26.11,26.42,42502
2022-08-12,26.07,26.34,25.28,25.82,68274
2022-08-15,25.84,25.93,25.25,25.31,66968
2022-08-16,25.31,25.48,25.0,25.39,43769
2022-08-17,25.4,25.91,25.03,25.16,42231
2022-08-18,25.1,25.3,24.96,25.05,26896
2022-08-19,25.05,25.28,24.4,24.41,48242
2022-08-22,24.26,25.46,24.03,25.23,53355
2022-08-23,25.23,25.71,25.05,25.38,39301
2022-08-24,25.62,25.64,24.64,24.72,39256
2022-08-25,25.0,25.02,23.62,23.91,44735
2022-08-26,23.78,24.71,23.78,24.07,33266
2022-08-29,23.71,24.43,23.53,24.33,28321
2022-08-30,24.11,24.45,23.84,24.26,19758
2022-08-31,24.26,24.73,24.08,24.41,28067
2022-09-01,24.37,25.48,24.25,24.68,46467
2022-09-02,24.68,25.01,24.21,24.49,30133
2022-09-05,24.38,25.07,23.91,24.98,42476
2022-09-06,25.14,25.43,24.68,25.21,46100
2022-09-07,25.25,26.47,25.02,25.94,81499
2022-09-08,26.12,26.69,25.87,26.59,53600
2022-09-09,26.75,27.07,26.28,26.75,57166
2022-09-13,27.03,27.43,26.48,26.83,55503
2022-09-14,26.49,27.14,26.43,26.65,40668
2022-09-15,26.82,26.95,26.06,26.31,54805
2022-09-16,26.42,27.11,26.21,26.25,49462
2022-09-19,26.16,26.41,25.71,25.89,37129
2022-09-20,26.05,26.16,25.66,25.83,34277
2022-09-21,25.72,25.91,25.39,25.39,29554
2022-09-22,25.37,25.52,24.98,25.09,49652
2022-09-23,25.0,25.14,24.16,24.57,63689
2022-09-26,24.35,24.94,24.12,24.45,42359
2022-09-27,24.43,24.92,24.43,24.85,20729
2022-09-28,24.85,24.85,24.23,24.23,19577
2022-09-29,24.23,24.78,24.14,24.23,25202
2022-09-30,24.13,24.39,23.41,23.56,46116
2022-10-10,23.64,23.91,23.07,23.29,47393
2022-10-11,23.14,23.46,22.56,22.73,48646
2022-10-12,22.77,23.32,22.47,23.13,55653
2022-10-13,23.11,24.11,23.02,23.72,63756
2022-10-14,23.77,24.39,23.65,24.16,42743
2022-10-17,24.14,25.29,24.11,24.82,47288
2022-10-18,24.82,24.96,24.47,24.82,38678
2022-10-19,24.77,24.87,24.47,24.67,19760
2022-10-20,24.65,25.26,24.42,24.88,37536
2022-10-21,24.84,25.22,24.4,24.98,31725
2022-10-24,24.98,25.68,24.58,25.12,67585
2022-10-25,25.09,25.91,24.68,24.99,60858
2022-10-26,24.9,26.49,24.79,25.82,87749
2022-10-27,25.72,27.18,25.48,26.59,84375
2022-10-28,26.48,27.52,26.35,26.78,98147
2022-10-31,26.68,27.71,26.59,27.4,75770
2022-11-01,27.25,27.84,27.14,27.63,52483
2022-11-02,27.47,27.69,27.25,27.49,38368
2022-11-03,27.3,27.59,26.78,27.19,75126
2022-11-04,27.18,27.58,26.83,27.21,49403
2022-11-07,27.11,27.43,26.83,27.16,39482
2022-11-08,27.25,27.34,26.62,27.11,39965
2022-11-09,26.83,27.27,26.4,26.88,36167
2022-11-10,26.63,27.56,26.56,26.83,29243
2022-11-11,27.27,27.63,26.42,26.43,47751
2022-11-14,26.47,27.09,26.37,26.87,33951
2022-11-15,26.93,27.99,26.67,27.49,64868
2022-11-16,27.52,27.87,26.69,26.76,39260
2022-11-17,26.77,27.72,26.48,27.56,52936
2022-11-18,27.72,28.74,27.11,27.21,85137
2022-11-21,27.23,28.07,26.7,27.74,53369
2022-11-22,27.64,27.73,26.99,27.13,39377
2022-11-23,27.22,27.99,26.84,27.05,31363
2022-11-24,27.14,27.37,26.54,26.58,22331
2022-11-25,26.57,26.72,26.07,26.17,43128
2022-11-28,25.64,26.47,25.52,26.09,23386
2022-11-29,26.16,26.26,24.96,25.32,94840
2022-11-30,25.43,25.5,24.86,25.36,71382
2022-12-01,25.5,26.47,25.38,26.43,58896
2022-12-02,26.3,26.68,26.19,26.25,27177
2022-12-05,26.48,26.94,26.13,26.25,33836
2022-12-06,26.48,26.83,26.07,26.41,53445
2022-12-07,26.42,26.82,26.27,26.63,30912
2022-12-08,26.62,26.69,26.08,26.48,47907
2022-12-09,26.31,26.52,26.12,26.32,35101
2022-12-12,26.51,26.97,26.21,26.89,42513
2022-12-13,26.8,27.02,26.28,26.31,28844
2022-12-14,26.21,26.57,26.1,26.34,26468
2022-12-15,26.32,26.51,26.12,26.17,25487
2022-12-16,26.17,26.34,25.87,26.18,33769
2022-12-19,26.21,26.41,25.57,25.84,27743
2022-12-20,25.82,25.99,25.23,25.34,24722
2022-12-21,25.19,25.57,25.14,25.32,21916
2022-12-22,25.72,25.84,25.23,25.32,26285
2022-12-23,25.3,25.82,25.16,25.57,21993
2022-12-26,25.61,26.21,25.6,26.11,30154
2022-12-27,26.11,26.51,26.03,26.41,23429
2022-12-28,26.51,26.66,26.02,26.12,30122
2022-12-29,25.93,26.64,25.81,26.57,39059
2022-12-30,28.51,29.42,28.21,29.12,199122
2023-01-03,29.11,30.41,28.91,30.22,128781
2023-01-04,30.18,30.75,29.63,30.05,69151
2023-01-05,30.07,30.39,29.84,29.96,40353
2023-01-06,29.96,30.16,29.64,29.68,35871
2023-01-09,29.74,29.87,29.41,29.41,39844
2023-01-10,29.47,29.74,29.16,29.46,35230
2023-01-11,29.48,29.52,28.87,29.19,43423
2023-01-12,29.12,30.01,28.99,29.71,40779
2023-01-13,29.61,29.96,29.33,29.92,34391
2023-01-16,29.93,30.34,29.75,29.84,35997
2023-01-17,29.87,30.3,29.68,30.12,50871
2023-01-18,30.21,31.26,30.01,30.86,74434
2023-01-19,31.18,31.68,30.93,31.52,53741
2023-01-20,31.97,34.82,31.97,32.94,163034
2023-01-30,33.21,33.5,32.35,32.79,80900
2023-01-31,32.91,33.29,32.59,32.75,60723
2023-02-01,32.75,32.77,32.04,32.39,60605
2023-02-02,32.55,32.66,31.8,31.93,71209
2023-02-03,31.77,32.94,31.73,32.82,57866
2023-02-06,32.82,33.3,32.48,33.14,53960
2023-02-07,32.96,33.07,32.39,32.39,32343
2023-02-08,32.46,32.64,31.96,32.07,35196
2023-02-09,32.46,32.46,31.76,32.25,45307
2023-02-10,32.35,32.64,31.41,31.7,62695
2023-02-13,31.73,32.15,31.48,31.66,59207
2023-02-14,31.83,32.27,31.73,31.87,53931
2023-02-15,31.81,32.71,31.81,32.62,49125
2023-02-16,32.44,34.37,32.44,32.88,118535
2023-02-17,32.91,33.22,31.12,31.22,90175
2023-02-20,31.27,32.87,31.06,32.75,66509
2023-02-21,32.67,32.93,31.62,31.87,61001
2023-02-22,31.72,32.31,31.66,31.89,46891
2023-02-23,31.83,31.96,31.13,31.29,39346
2023-02-24,31.34,32.41,31.2,32.16,52768
2023-02-27,32.04,33.01,31.73,32.5,40660
2023-02-28,33.26,33.66,32.17,32.38,77193
2023-03-01,32.21,33.72,32.15,33.68,67384
2023-03-02,33.64,33.93,33.14,33.44,42699
2023-03-03,33.23,33.42,32.93,33.18,28288
2023-03-06,33.43,34.82,33.09,34.52,95176
2023-03-07,34.51,34.67,33.57,33.83,56668
2023-03-08,33.87,34.19,33.62,34.06,36634
2023-03-09,34.05,35.07,33.71,34.79,52276
2023-03-10,34.47,35.29,34.47,34.51,45787
2023-03-13,34.5,36.23,34.04,36.14,65866
2023-03-14,36.12,36.18,35.16,35.45,59265
2023-03-15,35.73,35.84,34.52,34.61,50625
2023-03-16,34.47,35.64,34.46,34.64,52731
2023-03-17,34.85,36.07,34.85,35.52,53014
2023-03-20,35.52,36.16,35.21,35.27,42417
2023-03-21,35.25,35.63,34.12,34.57,61165
2023-03-22,34.57,35.49,34.29,35.48,45106
2023-03-23,35.34,36.33,34.68,36.16,61436
2023-03-24,36.07,36.9,35.62,36.76,60838
2023-03-27,36.84,37.61,36.42,36.82,66581
2023-03-28,36.43,37.46,36.37,36.62,48961
2023-03-29,36.62,37.7,36.55,37.1,50871
2023-03-30,37.0,37.49,36.83,37.13,44160
2023-03-31,36.9,38.66,36.69,38.43,66962
2023-04-03,38.43,38.64,35.77,37.34,102469
2023-04-04,36.55,38.12,36.36,38.01,66969
2023-04-06,38.72,40.71,38.15,38.45,74862
2023-04-07,38.46,40.37,38.31,40.07,67495
2023-04-10,39.59,40.14,38.84,39.23,56303
2023-04-11,38.97,39.22,37.87,38.51,74287
2023-04-12,38.51,38.89,37.95,38.73,54581
2023-04-13,38.7,38.9,37.94,38.12,53436
2023-04-14,38.14,38.96,37.77,38.36,41246
2023-04-17,38.27,38.41,37.32,37.89,89787
2023-04-18,37.6,38.27,37.33,37.87,70117
2023-04-19,37.94,38.68,37.46,37.6,56733
2023-04-20,39.11,39.14,37.43,37.94,85215
2023-04-21,37.57,37.91,36.71,36.76,78307
2023-04-24,36.8,37.01,36.23,36.34,58315
2023-04-25,36.34,37.11,36.07,36.66,51524
2023-04-26,36.49,36.59,34.83,35.25,72169
2023-04-27,35.25,36.53,35.18,35.83,62473
2023-04-28,35.15,35.58,34.61,35.51,111225
2023-05-04,36.2,36.21,34.12,35.07,63221
2023-05-05,34.92,35.25,34.48,35.04,40079
2023-05-08,34.82,35.75,34.66,35.38,45459
2023-05-09,35.5,35.72,34.68,35.07,51249
2023-05-10,35.07,35.98,34.68,34.87,44717
2023-05-11,35.03,35.11,34.26,34.47,34664
2023-05-12,34.42,34.99,34.12,34.12,27502
2023-05-15,34.12,34.58,33.66,34.5,36799
2023-05-16,34.76,34.8,34.05,34.1,27379
2023-05-17,34.15,34.43,33.83,34.23,44655
2023-05-18,34.23,34.91,34.23,34.59,33209
2023-05-19,34.59,35.16,34.39,34.88,36557
2023-05-22,34.78,34.98,34.11,34.71,42773
2023-05-23,34.47,34.66,34.09,34.33,23865
2023-05-24,34.23,35.13,34.02,34.61,31548
2023-05-25,34.58,35.16,34.06,34.98,37113
2023-05-26,34.48,36.55,34.48,36.34,62732
2023-05-29,36.34,36.73,32.89,34.12,167399
2023-05-30,34.12,35.37,33.85,35.08,87391
2023-05-31,35.08,35.18,34.39,34.84,55158
2023-06-01,34.54,35.79,34.26,35.48,49555
2023-06-02,35.63,35.82,35.07,35.25,40210
2023-06-05,34.98,35.39,34.75,34.89,39697
2023-06-06,35.16,35.16,34.26,34.27,42774
2023-06-07,34.32,34.68,33.55,34.55,60222
2023-06-08,36.17,37.79,35.43,35.78,111220
2023-06-09,35.96,36.69,35.12,36.48,110891
2023-06-12,36.94,36.98,35.82,36.37,69652
2023-06-13,36.35,37.0,35.77,36.27,65943
2023-06-14,36.28,36.9,35.97,36.61,70528
2023-06-15,36.57,40.42,36.57,40.42,214015
2023-06-16,40.22,43.11,39.95,42.4,171120
2023-06-19,42.57,44.44,41.9,44.0,155386
2023-06-20,43.57,44.73,43.2,43.52,109994
2023-06-21,43.15,44.02,42.62,42.98,73907
2023-06-26,42.61,43.07,41.32,41.79,98282
2023-06-27,41.52,41.73,40.72,41.14,81967
2023-06-28,41.07,41.14,39.8,40.47,71884
2023-06-29,40.27,41.3,40.01,40.82,68688
2023-06-30,40.7,41.61,40.23,40.91,66524
2023-07-03,41.07,41.39,39.99,40.87,77027
2023-07-04,40.4,40.97,39.9,40.76,45887
2023-07-05,40.98,41.18,40.07,40.23,37913
2023-07-06,40.25,40.63,39.42,39.92,47306
2023-07-07,40.05,40.07,38.92,39.48,43739
2023-07-10,39.57,39.98,38.82,39.85,58744
2023-07-11,40.19,42.34,40.07,42.23,128665
2023-07-12,42.25,42.82,41.73,42.07,72709
2023-07-13,42.12,42.73,40.53,42.47,81594
2023-07-14,42.23,42.8,41.97,42.2,49465
2023-07-17,42.22,43.18,41.63,42.11,34114
2023-07-18,42.32,42.38,41.77,41.86,31025
2023-07-19,42.13,42.78,41.87,42.49,38742
2023-07-20,42.48,42.57,41.23,41.32,40071
2023-07-21,41.15,41.23,40.25,40.72,57103
2023-07-24,40.77,41.12,40.32,40.59,29528
2023-07-25,41.06,41.06,39.82,39.85,65233
2023-07-26,39.82,40.63,39.48,39.7,38980
2023-07-27,39.58,39.95,38.99,39.27,44436
2023-07-28,39.11,39.37,38.59,38.75,80937
2023-07-31,38.75,39.12,38.05,38.58,75614
2023-08-01,38.58,39.65,38.48,39.3,51377
2023-08-02,39.3,39.55,38.99,39.42,31471
2023-08-03,39.31,39.6,39.07,39.27,29959
2023-08-04,39.47,40.37,39.28,40.07,55827
2023-08-07,40.08,41.15,40.07,40.59,52189
2023-08-08,40.62,41.57,40.54,40.94,39458
2023-08-09,40.79,40.82,39.8,39.97,38448
2023-08-10,39.9,40.31,39.68,40.22,33560
2023-08-11,40.27,40.84,40.08,40.17,32470
2023-08-14,39.87,40.56,39.42,40.42,40058
2023-08-15,40.64,40.68,39.74,40.33,24110
2023-08-16,40.35,40.63,39.51,39.7,29992
2023-08-17,39.57,40.01,39.18,39.91,24956
2023-08-18,39.91,40.02,39.32,39.4,31938
2023-08-21,39.4,40.52,38.9,39.86,61818
2023-08-22,40.4,40.55,38.83,39.59,45553
2023-08-23,39.37,39.57,38.54,38.57,37657
2023-08-24,38.57,39.72,38.48,39.33,43127
2023-08-25,38.92,39.36,37.9,38.19,47952
2023-08-28,39.65,39.82,38.02,38.02,59965
2023-08-29,37.81,39.03,37.81,38.32,44091
2023-08-30,38.51,39.32,38.36,38.74,40039
2023-08-31,38.58,38.98,38.32,38.51,46057
2023-09-01,38.57,38.98,38.35,38.47,46432
2023-09-04,38.48,38.56,37.15,38.0,69968
2023-09-05,37.82,38.18,37.4,37.52,45910
2023-09-06,37.22,37.52,36.8,36.87,66576
2023-09-07,37.12,37.52,36.62,36.75,46466
2023-09-08,36.73,37.04,36.28,36.47,25477
2023-09-11,36.57,37.87,36.48,37.52,48232
2023-09-12,37.39,37.87,37.32,37.72,24577
2023-09-13,37.44,37.7,36.65,36.76,30942
2023-09-14,36.58,37.15,36.58,37.07,28580
2023-09-15,36.95,37.31,36.36,36.47,37253
2023-09-18,36.3,36.68,35.99,36.34,47270
2023-09-19,36.39,36.39,35.7,36.3,58180
2023-09-20,36.44,36.86,35.72,35.77,28814
2023-09-21,35.97,35.99,35.57,35.72,28146
2023-09-22,35.82,36.52,35.13,36.44,40699
2023-09-25,36.72,37.22,35.86,35.94,41387
2023-09-26,35.93,36.79,35.86,36.32,47000
2023-09-27,36.32,36.42,35.66,35.93,33686
2023-09-28,35.96,36.32,35.52,36.22,43126
2023-10-09,35.9,36.02,35.41,35.59,49119
2023-10-10,35.6,35.78,35.35,35.5,29081
2023-10-11,35.5,36.11,35.26,35.87,44535
2023-10-12,35.94,36.52,35.82,36.02,38767
2023-10-13,36.15,36.15,35.32,35.39,35557
2023-10-16,35.37,35.98,35.18,35.56,33606
2023-10-17,35.77,36.07,35.23,35.91,30630
2023-10-18,35.73,35.77,34.86,35.18,28877
2023-10-19,34.97,35.68,34.82,34.94,23406
2023-10-20,34.72,34.99,33.77,33.98,55098
2023-10-23,34.3,34.77,33.57,33.82,35378
2023-10-24,33.7,34.17,33.0,33.39,61835
2023-10-25,33.67,33.98,33.0,33.59,51512
2023-10-26,33.49,33.77,33.19,33.6,34157
2023-10-27,33.4,33.82,33.0,33.68,56889
2023-10-30,33.58,35.19,33.46,34.52,55855
2023-10-31,34.48,34.78,33.73,34.12,29593
2023-11-01,34.2,34.32,33.33,33.55,39327
2023-11-02,33.57,33.57,33.17,33.19,21143
2023-11-03,33.17,33.73,33.07,33.38,41001
2023-11-06,33.52,34.82,33.38,34.44,73345
2023-11-07,34.37,34.72,34.11,34.38,36767
2023-11-08,34.42,35.65,34.32,34.8,65162
2023-11-09,34.8,35.29,34.49,35.07,34986
2023-11-10,34.69,35.05,34.48,34.86,19089
2023-11-13,35.03,35.04,34.47,34.61,31399
2023-11-14,34.63,34.95,34.5,34.77,20498
2023-11-15,35.06,35.2,34.4,34.49,39313
2023-11-16,34.36,34.65,34.13,34.45,30114
2023-11-17,34.43,35.14,34.26,34.59,34920
2023-11-20,34.57,35.51,34.28,34.97,55757
2023-11-21,35.07,35.32,34.59,34.72,31265
2023-11-22,34.61,34.87,33.88,33.88,33109
2023-11-23,33.79,34.18,33.38,34.09,27502
2023-11-24,34.17,34.17,33.05,33.24,44747
2023-11-27,33.07,34.26,33.07,33.6,36422
2023-11-28,33.53,34.3,33.28,33.89,30831
2023-11-29,33.85,34.06,33.27,33.28,41400
2023-11-30,33.32,34.03,33.32,33.57,36012
2023-12-01,33.4,34.82,33.4,34.49,49443
2023-12-04,34.94,36.48,34.94,35.94,94855
2023-12-05,36.07,36.24,35.25,35.27,62572
2023-12-06,35.21,35.84,34.6,35.28,58869
2023-12-07,35.3,35.9,35.08,35.73,59721
2023-12-08,36.77,37.83,36.11,37.67,127512
2023-12-11,37.63,38.59,37.07,38.5,92930
2023-12-12,38.5,38.87,38.07,38.66,51695
2023-12-13,38.66,38.82,38.19,38.25,39565
2023-12-14,38.45,38.55,37.91,38.28,35190
2023-12-15,38.27,38.5,37.39,37.57,62094
2023-12-18,37.57,38.64,37.4,37.78,58371
2023-12-19,37.88,38.3,37.67,38.1,34213
2023-12-20,38.32,38.48,37.43,37.6,40807
2023-12-21,37.4,38.12,37.2,37.77,41019
2023-12-22,37.77,37.94,37.44,37.57,43823
2023-12-25,37.62,38.12,37.52,37.59,39662
2023-12-26,37.87,37.97,37.1,37.94,39726
2023-12-27,37.97,38.73,37.82,38.6,53953
2023-12-28,38.61,39.57,38.25,38.93,60626
2023-12-29,38.94,39.67,38.71,39.23,64739
2024-01-02,39.07,39.19,38.18,38.18,45667
2024-01-03,38.19,38.54,37.24,37.57,61448
2024-01-04,37.62,37.89,37.32,37.57,33167
2024-01-05,37.62,37.87,37.15,37.43,40468
2024-01-08,37.43,37.44,36.44,36.78,56890
2024-01-09,36.73,37.09,36.02,36.38,53525
2024-01-10,36.12,36.49,35.92,36.2,36546
2024-01-11,36.07,36.35,35.94,36.15,43590
2024-01-12,36.04,36.23,35.28,35.63,64406
2024-01-15,35.62,35.77,35.21,35.44,51452
2024-01-16,35.43,35.49,34.31,34.75,80020
2024-01-17,35.83,35.87,34.37,34.37,60953
2024-01-18,33.81,35.07,33.65,34.87,65070
2024-01-19,34.73,35.22,34.57,34.92,46763
2024-01-22,34.75,35.16,33.78,34.15,49172
2024-01-23,34.11,34.57,33.78,34.4,47260
2024-01-24,34.48,34.82,33.98,34.67,42950
2024-01-25,34.67,35.9,34.3,35.73,53699
2024-01-26,35.56,36.15,35.48,35.81,41571
2024-01-29,35.66,36.06,34.49,34.57,57766
2024-01-30,34.51,34.82,33.77,33.79,37757
2024-01-31,33.61,33.92,32.73,32.73,59398
2024-02-01,32.65,33.16,31.65,32.73,64726
2024-02-02,32.87,33.19,29.98,31.69,79491
2024-02-05,31.79,32.51,30.54,31.73,91975
2024-02-06,31.98,34.56,31.74,34.5,86362
2024-02-07,34.61,35.13,33.93,34.55,72703
2024-02-08,34.47,35.02,33.66,34.08,81695
2024-02-19,34.81,35.02,34.23,34.98,69737
2024-02-20,34.67,34.69,33.4,34.17,66891
2024-02-21,33.65,34.33,33.36,33.73,61034
2024-02-22,34.22,35.15,34.0,34.7,67103
2024-02-23,34.82,35.1,33.92,34.34,53469
2024-02-26,34.37,35.54,34.12,35.12,87542
2024-02-27,34.72,36.53,34.62,36.38,90930
2024-02-28,36.54,37.48,36.17,36.39,112257
2024-02-29,36.12,37.57,36.08,37.57,79962
2024-03-01,37.64,38.17,36.99,37.82,92033
2024-03-04,37.77,38.15,37.19,37.49,82873
2024-03-05,37.25,37.8,36.9,37.09,75261
2024-03-06,37.28,37.36,36.54,36.64,77633
2024-03-07,36.82,37.36,35.57,35.68,99795
2024-03-08,35.86,36.05,35.07,35.36,97095
2024-03-11,35.23,35.28,34.41,35.01,100364
2024-03-12,35.12,35.33,34.76,34.94,86146
2024-03-13,35.23,35.47,34.43,35.04,122711
2024-03-14,34.5,35.86,34.48,35.48,158057
2024-03-15,35.48,35.48,33.72,34.28,167458
2024-03-18,34.27,34.27,32.32,33.29,266052
2024-03-19,32.79,33.15,32.58,33.02,127822
2024-03-20,33.07,33.38,32.86,33.2,111329
2024-03-21,33.22,33.41,32.32,32.45,148357
2024-03-22,32.19,32.28,31.13,31.48,162210
2024-03-25,31.47,31.55,30.82,30.82,115770
2024-03-26,31.06,31.39,30.52,30.69,95135
2024-03-27,30.61,30.69,29.89,29.9,97036
2024-03-28,29.81,30.82,29.32,30.62,135659
2024-03-29,30.41,30.49,29.57,30.19,111799
2024-04-01,30.23,30.4,29.12,29.57,239674
2024-04-02,29.37,29.4,28.02,28.4,275528
2024-04-03,28.22,29.01,27.97,28.67,162257
2024-04-08,28.57,29.67,28.32,29.15,174202
2024-04-09,29.15,30.86,29.15,30.79,221146
2024-04-10,30.88,31.49,30.48,30.9,168410
2024-04-11,30.73,31.12,30.27,30.27,115955
2024-04-12,30.24,30.44,29.43,29.49,101601
2024-04-15,29.41,30.61,29.34,30.33,109786
2024-04-16,30.23,30.64,29.87,30.0,89637
2024-04-17,29.91,30.48,29.91,30.46,79343
2024-04-18,30.36,30.6,30.03,30.24,64076
2024-04-19,30.27,30.41,29.71,29.82,65279
2024-04-22,29.69,29.92,29.03,29.48,72708
2024-04-23,29.23,29.69,28.9,29.32,60171
2024-04-24,29.86,32.32,29.86,31.97,218152
2024-04-25,31.83,31.91,31.07,31.73,104350
2024-04-26,31.57,31.98,31.57,31.71,74125
2024-04-29,32.3,32.73,31.73,32.24,118642
2024-04-30,32.24,33.37,32.16,32.76,113595
2024-05-06,33.15,33.95,32.95,33.49,96649
2024-05-07,33.65,33.65,32.31,32.44,89075
2024-05-08,31.88,32.32,31.74,31.91,60796
2024-05-09,31.77,32.04,31.72,31.92,54297
2024-05-10,31.93,32.12,31.41,31.9,55183
2024-05-13,31.57,32.06,31.52,31.73,60953
2024-05-14,31.73,32.44,31.69,31.86,61017
2024-05-15,31.65,31.86,31.0,31.01,49427
2024-05-16,31.34,31.42,30.66,31.07,61811
2024-05-17,31.07,31.7,30.79,31.64,53282
2024-05-20,31.63,32.47,31.58,32.07,69293
2024-05-21,32.07,32.92,32.04,32.51,64707
2024-05-22,32.32,32.72,31.98,32.5,52257
2024-05-23,32.47,32.86,31.77,31.86,46385
2024-05-24,32.01,32.1,31.07,31.23,48410
2024-05-27,31.07,31.98,31.05,31.92,41728
2024-05-28,31.85,31.92,31.01,31.18,51911
2024-05-29,31.07,31.43,30.82,31.05,33771
2024-05-30,30.83,31.62,30.7,31.41,42187
2024-05-31,31.52,32.12,31.49,31.52,48682
2024-06-03,31.47,31.9,31.26,31.87,46677
2024-06-04,31.98,32.45,31.57,32.33,57757
2024-06-05,32.32,33.42,32.05,33.0,70552
2024-06-06,33.16,33.39,32.72,32.98,61864
2024-06-07,32.98,33.25,32.65,32.97,62600
2024-06-11,32.57,33.53,32.57,33.42,77461
2024-06-12,33.7,33.7,33.0,33.4,76368
2024-06-13,33.31,33.45,32.97,33.42,54842
2024-06-14,33.25,33.48,32.8,33.17,83753
2024-06-17,33.08,33.6,32.75,33.22,59220
2024-06-18,33.29,33.51,33.05,33.37,34861
2024-06-19,33.37,33.48,32.84,33.0,36292
2024-06-20,32.89,32.98,32.3,32.47,50562
2024-06-21,32.48,32.69,32.22,32.61,45911
2024-06-24,32.44,32.89,32.3,32.41,62153
2024-06-25,32.41,32.6,31.21,31.42,68583
2024-06-26,31.6,32.37,31.22,32.28,47166
2024-06-27,32.25,32.62,31.97,32.03,42078
2024-06-28,31.97,32.27,31.21,31.33,70202
2024-07-01,31.32,31.53,30.56,31.33,60868
2024-07-02,31.58,31.69,30.61,30.77,49457
2024-07-03,30.4,30.53,28.82,30.22,115461
2024-07-04,30.11,30.39,29.76,29.8,52160
2024-07-05,29.9,30.57,29.62,30.36,74318
2024-07-08,30.23,30.38,29.51,29.85,67658
2024-07-09,29.51,29.75,29.08,29.4,95226
2024-07-10,29.24,29.55,28.94,29.4,48523
2024-07-11,29.74,30.71,29.36,30.7,85950
2024-07-12,30.49,30.66,29.83,30.12,72933
2024-07-15,30.0,30.01,29.31,29.41,45074
2024-07-16,29.32,30.12,29.1,30.05,77931
2024-07-17,29.91,30.52,29.74,30.2,71050
2024-07-18,30.22,30.58,29.71,30.47,51478
2024-07-19,30.3,31.47,30.21,31.28,82643
2024-07-22,31.7,31.85,30.86,31.4,83781
2024-07-23,31.25,31.33,30.61,30.68,59505
2024-07-24,30.5,31.18,30.42,31.18,69665
2024-07-25,31.0,31.0,29.92,30.71,67331
2024-07-26,30.52,31.42,29.93,31.38,71759
2024-07-29,31.08,31.52,30.8,31.0,52074
2024-07-30,30.95,31.36,30.53,31.2,41088
2024-07-31,31.11,31.6,30.95,31.54,90179
2024-08-01,31.52,31.52,30.2,30.26,100359
2024-08-02,29.98,30.27,29.52,30.17,77860
2024-08-05,29.88,30.41,29.62,30.2,87833
2024-08-06,30.25,30.34,29.66,30.0,39850
2024-08-07,30.0,30.51,29.84,29.84,28964
2024-08-08,29.79,30.16,29.36,30.03,39606
2024-08-09,30.15,30.51,29.73,30.08,37076
2024-08-12,30.0,30.15,29.66,29.99,28723
2024-08-13,29.83,30.12,29.71,29.92,18582
2024-08-14,29.94,29.94,29.55,29.61,27558
2024-08-15,29.48,30.17,29.0,30.01,45655
2024-08-16,29.9,30.08,29.62,29.74,42464
2024-08-19,29.59,29.89,29.35,29.48,36684
2024-08-20,29.44,29.44,28.8,29.26,52196
2024-08-21,29.05,29.49,28.88,29.29,36827
2024-08-22,29.28,29.61,28.92,29.29,31141
2024-08-23,29.11,29.25,28.79,29.19,71372
2024-08-26,29.08,29.17,27.51,27.59,75266
2024-08-27,27.5,28.56,27.43,28.29,68259
2024-08-28,28.77,28.77,27.67,28.5,50911
2024-08-29,28.47,28.81,28.35,28.55,55417
2024-08-30,28.53,28.92,28.31,28.68,76605
2024-09-02,28.65,28.65,28.11,28.3,58053
2024-09-03,28.3,29.27,28.05,29.0,64761
2024-09-04,28.8,29.62,28.77,29.4,58128
2024-09-05,29.49,29.66,28.77,28.94,55394
2024-09-06,28.91,29.1,28.25,28.5,48915
2024-09-09,28.41,28.66,27.96,28.46,60353
2024-09-10,28.18,28.97,28.18,28.69,44827
2024-09-11,28.57,29.22,28.52,29.07,41639
2024-09-12,29.07,29.5,28.7,29.08,32091
2024-09-13,29.2,29.25,28.58,28.59,32169
2024-09-18,28.7,28.97,28.28,28.77,40703
2024-09-19,28.77,28.89,27.96,28.3,80388
2024-09-20,28.27,28.58,27.64,27.91,71437
2024-09-23,28.83,28.84,27.64,27.69,83249
2024-09-24,27.7,28.27,26.87,28.25,141651
2024-09-25,28.3,29.06,27.74,27.87,256989
2024-09-26,27.76,27.88,26.96,27.88,275021
2024-09-27,28.27,29.84,28.25,29.7,285462
2024-09-30,31.4,32.53,30.83,32.39,513804
2024-10-08,35.69,35.69,31.66,34.32,686133
2024-10-09,33.2,33.2,30.89,30.9,465999
2024-10-10,30.8,31.9,30.3,31.24,270625
2024-10-11,31.15,31.15,28.92,29.42,292699
2024-10-14,29.42,29.6,27.88,29.27,343193
2024-10-15,29.18,29.54,27.85,27.91,379668
2024-10-16,27.41,27.61,26.9,27.18,274423
2024-10-17,27.4,28.07,27.09,27.34,259656
2024-10-18,27.2,28.38,26.98,27.93,377825
2024-10-21,28.01,29.17,27.76,28.69,340258
2024-10-22,28.42,28.7,28.04,28.56,203531
2024-10-23,28.59,28.87,28.25,28.68,206557
2024-10-24,28.72,28.76,28.05,28.06,171186
2024-10-25,27.99,28.53,27.83,28.3,196854
2024-10-28,28.39,28.5,28.12,28.48,177035
2024-10-29,28.55,28.77,28.11,28.15,179839
2024-10-30,27.77,27.77,26.27,26.59,479940
2024-10-31,26.43,26.49,25.78,26.28,323324
2024-11-01,26.09,26.94,26.0,26.51,245570
2024-11-04,26.52,26.7,25.98,26.21,293727
2024-11-05,26.2,27.06,25.98,26.93,353258
2024-11-06,26.99,27.51,26.69,27.08,332165
2024-11-07,26.9,27.95,26.7,27.94,339089
2024-11-08,28.38,29.72,28.08,28.96,524665
2024-11-11,29.05,29.93,28.72,29.91,540239
2024-11-12,30.29,30.29,29.03,29.29,444221
2024-11-13,29.21,29.56,28.96,29.42,259386
2024-11-14,29.43,29.45,28.34,28.4,257182
2024-11-15,28.38,29.02,28.01,28.05,222280
2024-11-18,28.05,28.17,26.9,27.21,230830
2024-11-19,27.2,27.53,26.82,27.41,174658
2024-11-20,27.42,27.65,27.25,27.47,161071
2024-11-21,27.49,27.58,27.21,27.53,141299
2024-11-22,27.54,28.79,27.38,27.7,320273
2024-11-25,27.85,28.3,27.11,27.35,197712
2024-11-26,27.28,27.38,26.68,26.78,168526
2024-11-27,26.75,27.36,26.51,27.36,132673
2024-11-28,27.26,27.56,27.05,27.06,114686
2024-11-29,27.13,27.68,27.01,27.42,136016
2024-12-02,27.56,27.78,27.21,27.71,153602
2024-12-03,27.73,27.8,27.31,27.5,119554
2024-12-04,27.43,27.59,26.91,27.05,125779
2024-12-05,27.1,27.34,27.03,27.15,73592
2024-12-06,27.15,27.45,26.96,27.34,121126
2024-12-09,27.31,27.53,27.08,27.14,114646
2024-12-10,27.71,27.85,27.21,27.25,169810
2024-12-11,27.27,27.78,27.23,27.7,166969
2024-12-12,27.71,27.71,27.35,27.68,129999
2024-12-13,27.55,27.55,27.05,27.08,166696
2024-12-16,27.08,27.18,26.6,26.67,122832
2024-12-17,26.68,26.97,26.46,26.75,93898
2024-12-18,26.88,26.91,26.6,26.64,88170
2024-12-19,26.4,28.75,26.29,28.26,394997
2024-12-20,27.91,28.38,27.8,28.08,264390
2024-12-23,28.1,28.17,27.13,27.2,182968
2024-12-24,27.2,27.4,26.97,27.3,144399
2024-12-25,27.3,28.48,27.21,28.14,323440
2024-12-26,28.19,30.03,27.92,29.69,548095
2024-12-27,29.68,30.25,29.15,29.28,330621
2024-12-30,30.2,30.37,29.4,29.43,255418
2024-12-31,29.44,30.03,28.66,28.66,272159
2025-01-02,28.67,28.84,26.96,27.2,282556
2025-01-03,27.2,27.38,26.41,26.46,203238
2025-01-06,26.6,26.94,26.27,26.54,162601
2025-01-07,26.55,27.34,26.27,27.16,162471
2025-01-08,26.94,26.94,25.84,26.47,224005
2025-01-09,26.4,26.73,26.2,26.54,108708
2025-01-10,26.44,26.55,26.02,26.07,133083
2025-01-13,25.89,26.6,25.87,26.48,115236
2025-01-14,26.48,27.37,26.46,27.3,188389
2025-01-15,27.28,27.69,27.06,27.22,155351
2025-01-16,27.37,27.69,26.9,27.06,113708
2025-01-17,26.97,27.31,26.92,27.04,83869
2025-01-20,27.22,27.37,27.01,27.11,94454
2025-01-21,27.22,27.73,26.66,27.34,135054
2025-01-22,27.19,28.38,27.11,28.22,292655
2025-01-23,28.34,28.69,27.6,27.68,222779
2025-01-24,27.55,29.03,27.54,28.89,283546
2025-01-27,28.88,29.04,28.21,28.28,168714
2025-02-05,29.37,29.39,28.4,28.9,338121
2025-02-06,28.62,29.07,28.48,28.91,273904
2025-02-07,29.02,30.89,28.81,30.16,553253
2025-02-10,30.8,30.97,29.7,30.03,458947
2025-02-11,30.0,30.56,29.75,30.03,294067
2025-02-12,30.7,33.09,30.7,33.09,744038
2025-02-13,33.2,33.29,31.22,31.68,601737
2025-02-14,31.8,34.91,31.55,34.26,716647
2025-02-17,35.38,37.69,34.46,34.7,782602
2025-02-18,34.16,34.8,32.58,32.76,570815
2025-02-19,33.2,33.98,32.95,33.22,398916
2025-02-20,33.22,33.8,32.6,33.08,299079
2025-02-21,34.76,36.45,34.27,36.45,718248
2025-02-24,36.45,38.12,36.1,36.77,647255
2025-02-25,35.3,36.35,34.98,35.18,412434
2025-02-26,35.26,35.85,34.43,35.06,271347
2025-02-27,35.0,35.05,33.13,33.65,345680
2025-02-28,33.25,33.38,31.9,32.09,302046
2025-03-03,32.18,32.54,31.42,31.65,251190
2025-03-04,31.1,32.0,31.1,31.66,187137
2025-03-05,31.8,32.1,31.41,31.9,218427
2025-03-06,32.6,34.3,32.51,34.13,518499
2025-03-07,34.19,34.19,33.15,33.36,282073
2025-03-10,33.4,33.4,32.11,32.58,198778
2025-03-11,31.79,33.44,31.78,32.98,218302
2025-03-12,33.1,33.69,32.68,32.85,263939
2025-03-13,32.46,32.78,31.51,31.83,242491
2025-03-14,31.83,32.4,31.27,32.27,230199
2025-03-17,32.13,32.3,31.76,31.88,141171
2025-03-18,32.15,32.54,31.93,32.05,125315
2025-03-19,31.9,31.99,31.3,31.62,151994
2025-03-20,31.5,31.55,30.66,30.81,253254
2025-03-21,30.63,30.79,29.75,29.78,251649
2025-03-24,29.56,30.38,29.51,29.97,164376
2025-03-25,29.97,30.06,29.23,29.35,159589
2025-03-26,29.35,29.69,29.21,29.32,93081
2025-03-27,29.41,29.71,29.36,29.44,96567
2025-03-28,29.53,30.78,29.53,29.92,267187
2025-03-31,29.58,30.09,29.33,29.89,160646
2025-04-01,29.4,29.4,28.02,28.06,437877
2025-04-02,28.06,28.41,27.88,28.17,138094
2025-04-03,27.87,28.17,27.7,27.86,117651
2025-04-07,26.2,26.87,25.01,25.44,298797
2025-04-08,25.4,25.89,24.95,25.55,243041
2025-04-09,25.29,26.7,24.98,26.7,264676
2025-04-10,27.46,27.67,26.65,27.2,281536
2025-04-11,26.98,27.02,26.3,26.86,226413
2025-04-14,26.9,27.09,26.64,26.71,154544
2025-04-15,26.8,26.8,26.05,26.19,145048
2025-04-16,26.16,26.16,25.56,26.08,141529
2025-04-17,25.8,26.1,25.74,26.07,96774
2025-04-18,25.98,26.25,25.8,26.19,83247
2025-04-21,26.3,26.69,26.03,26.58,119098
2025-04-22,26.42,26.51,26.06,26.11,107882
2025-04-23,26.35,26.45,26.15,26.26,112160
2025-04-24,26.43,26.43,25.88,25.89,101835
2025-04-25,25.88,26.26,25.87,25.99,91325
2025-04-28,25.56,25.64,25.05,25.21,180177
2025-04-29,25.08,25.26,24.85,25.2,97904
2025-04-30,25.34,26.58,25.2,26.21,212681
2025-05-06,26.4,26.73,26.1,26.68,169433
2025-05-07,27.25,27.25,26.33,26.61,162420
2025-05-08,26.58,26.76,26.43,26.7,110896
2025-05-09,26.65,26.65,26.11,26.21,112708
2025-05-12,26.3,26.53,26.29,26.49,91318
2025-05-13,26.85,26.85,26.37,26.43,87687
2025-05-14,26.46,26.68,26.31,26.54,89298
2025-05-15,26.5,26.96,26.25,26.33,137420
2025-05-16,26.21,26.24,25.78,25.91,141239
2025-05-19,25.91,25.92,25.36,25.59,114173
2025-05-20,25.62,25.68,25.45,25.59,87962
2025-05-21,25.68,25.68,25.46,25.54,67526
2025-05-22,25.48,25.58,25.26,25.3,103221
2025-05-23,25.23,25.38,24.99,25.0,111437
2025-05-26,25.0,25.14,24.82,25.11,110180
2025-05-27,25.07,25.07,24.83,24.89,73885
2025-05-28,24.95,24.96,24.38,24.44,138588
2025-05-29,24.44,25.19,24.44,25.18,130485
2025-05-30,24.98,25.01,24.42,24.48,152359
2025-06-03,24.37,24.59,24.31,24.53,82080
2025-06-04,24.6,24.77,24.53,24.63,93544
2025-06-05,24.72,25.11,24.68,25.08,175893
2025-06-06,25.2,25.21,24.92,25.02,115966
2025-06-09,25.05,25.26,25.02,25.19,109924
2025-06-10,25.21,25.26,24.64,24.78,146773
2025-06-11,24.79,24.91,24.64,24.76,93635
2025-06-12,24.73,24.73,24.4,24.47,145898
2025-06-13,24.39,24.42,23.88,24.0,161665
2025-06-16,23.8,24.0,23.69,23.8,121216
2025-06-17,23.8,23.93,23.7,23.92,110512
2025-06-18,23.87,23.88,23.56,23.67,107778
2025-06-19,23.65,23.75,23.26,23.28,104704
2025-06-20,23.25,23.34,22.66,22.9,183301
2025-06-23,22.6,22.99,22.53,22.91,125324
2025-06-24,22.98,23.36,22.93,23.32,171023
2025-06-25,23.32,23.69,23.23,23.66,179862
2025-06-26,23.67,23.86,23.51,23.52,172205
2025-06-27,23.52,23.73,23.39,23.4,152427
2025-06-30,23.55,23.63,23.45,23.62,131614
2025-07-01,23.63,23.66,23.32,23.4,132538
2025-07-02,23.35,23.35,22.91,22.98,180011
2025-07-03,22.97,23.32,22.96,23.13,135332
2025-07-04,23.21,24.05,23.06,23.57,385682
2025-07-07,23.5,23.57,23.31,23.45,122691
2025-07-08,23.44,23.83,23.35,23.81,185868
2025-07-09,23.83,23.85,23.53,23.57,151453
2025-07-10,23.63,23.63,23.35,23.42,149707
2025-07-11,23.46,23.98,23.38,23.85,257124
2025-07-14,24.05,24.06,23.7,23.76,175973
2025-07-15,23.69,24.39,23.67,24.38,352069
2025-07-16,24.49,24.57,24.27,24.4,257878
2025-07-17,24.23,24.45,24.15,24.42,176279
2025-07-18,24.45,24.68,24.37,24.49,179116
2025-07-21,24.43,24.55,24.33,24.55,149900
2025-07-22,24.56,25.35,24.28,24.94,350597
2025-07-23,24.97,25.24,24.74,24.81,262118
2025-07-24,24.78,25.27,24.78,25.12,192711
2025-07-25,25.28,25.9,25.14,25.9,420811
2025-07-28,26.26,26.29,25.55,25.6,318766
2025-07-29,25.45,25.63,25.05,25.39,243335
2025-07-30,25.39,25.44,24.74,24.86,237399
2025-07-31,24.9,25.13,24.57,24.74,200309
2025-08-01,24.89,24.89,24.39,24.75,183324
2025-08-04,24.64,24.94,24.52,24.94,129674
2025-08-05,24.93,24.94,24.7,24.85,122420
2025-08-06,24.91,25.29,24.8,25.18,201510
2025-08-07,25.28,25.28,24.86,24.87,199449
2025-08-08,24.88,24.92,24.44,24.44,170998
2025-08-11,24.44,24.76,24.44,24.67,132504
2025-08-12,24.67,24.7,24.47,24.61,115856
2025-08-13,24.63,24.86,24.59,24.72,177352
2025-08-14,24.74,24.85,24.36,24.38,194902
2025-08-15,24.35,24.58,24.24,24.49,189026
2025-08-18,24.5,25.4,24.48,25.36,424718
2025-08-19,24.8,25.08,24.6,24.95,405443
2025-08-20,24.88,25.29,24.65,25.29,329930
2025-08-21,25.37,25.47,24.97,25.06,293231
2025-08-22,25.2,25.81,25.1,25.81,475891
2025-08-25,26.08,26.25,25.55,25.8,469820
2025-08-26,25.85,26.16,25.8,25.82,320207
2025-08-27,26.05,26.68,25.63,25.64,595670
2025-08-28,25.56,25.9,25.0,25.89,454663
2025-08-29,25.9,25.95,25.31,25.32,285891
2025-09-01,25.68,26.5,25.5,25.63,363835
2025-09-02,25.5,25.58,24.61,24.71,344174
2025-09-03,24.77,24.8,23.74,23.82,277923
2025-09-04,23.85,23.99,23.19,23.46,276308
2025-09-05,23.45,23.69,23.25,23.65,193994
2025-09-08,23.65,24.02,23.5,24.01,180298
2025-09-09,23.95,23.96,23.43,23.52,176585
2025-09-10,23.53,23.62,23.24,23.31,181335
2025-09-11,23.42,23.77,23.21,23.74,204826
2025-09-12,23.79,24.57,23.79,24.02,295126
2025-09-15,23.91,23.98,23.61,23.66,180415
2025-09-16,23.64,23.83,23.52,23.77,161125
2025-09-17,23.81,23.81,23.52,23.72,151964
2025-09-18,23.63,24.14,23.37,23.46,312554
2025-09-19,23.41,23.63,23.24,23.24,202403
2025-09-22,23.26,23.33,22.95,23.09,174617
2025-09-23,23.1,23.16,22.35,22.66,247695
2025-09-24,22.55,23.39,22.48,23.36,225393
2025-09-25,23.37,24.02,23.29,23.76,286708
2025-09-26,23.7,23.7,22.94,22.96,269361
2025-09-29,22.97,23.2,22.79,23.04,159591
2025-09-30,23.1,23.27,23.03,23.22,160176
2025-10-09,23.22,24.15,23.15,23.97,347239
2025-10-10,23.8,23.8,23.44,23.5,202218
2025-10-13,23.1,24.38,22.96,23.91,374991
2025-10-14,23.84,23.87,23.36,23.45,251892
2025-10-15,23.45,23.76,23.21,23.56,157693
2025-10-16,23.49,23.49,23.1,23.22,151057
2025-10-17,23.15,23.28,22.78,22.8,150513
2025-10-20,23.0,23.1,22.65,22.74,102091
2025-10-21,22.8,22.89,22.68,22.83,98496
2025-10-22,22.79,22.8,22.62,22.67,84958
2025-10-23,22.74,22.95,22.5,22.93,100073
2025-10-24,22.96,23.16,22.55,22.87,115079
2025-10-27,22.89,23.04,22.81,22.91,113062
2025-10-28,22.86,23.04,22.7,22.82,144250
2025-10-29,22.79,22.79,22.6,22.71,116968
2025-10-30,22.7,23.08,22.53,22.83,165390
2025-10-31,22.74,23.15,22.71,22.99,168398
2025-11-03,23.04,23.3,22.98,23.3,160408
2025-11-04,23.21,23.3,22.97,23.07,125766
2025-11-05,22.93,23.1,22.77,23.03,106498
2025-11-06,23.0,23.0,22.71,22.87,116343
2025-11-07,22.79,22.86,22.74,22.8,78110
2025-11-10,22.84,23.09,22.78,23.0,95027
2025-11-11,23.1,23.1,22.82,22.9,81303
2025-11-12,22.88,22.9,22.7,22.79,86977
2025-11-13,22.75,22.88,22.7,22.85,77086
2025-11-14,22.75,22.9,22.71,22.73,73457
2025-11-17,22.71,23.0,22.66,22.87,105839
2025-11-18,22.83,23.04,22.76,23.0,122911
2025-11-19,23.0,23.04,22.61,22.67,124033
2025-11-20,22.66,22.74,22.51,22.55,80614
2025-11-21,22.35,22.6,22.0,22.02,145001
2025-11-24,22.1,22.29,21.91,22.23,99978
2025-11-25,22.19,22.36,22.13,22.14,93564
2025-11-26,22.1,22.15,21.8,21.8,126568
2025-11-27,21.75,21.76,21.3,21.31,173822
2025-11-28,21.26,21.37,21.18,21.35,73404
2025-12-01,21.34,21.45,21.22,21.43,80586
2025-12-02,21.43,21.47,21.18,21.2,69668
2025-12-03,21.2,21.23,20.78,20.8,114329
2025-12-04,20.73,20.95,20.41,20.95,120460
2025-12-05,20.96,20.98,20.71,20.92,70352
2025-12-08,20.98,21.07,20.92,20.99,71015
2025-12-09,20.95,21.13,20.8,20.8,65642
2025-12-10,20.77,20.78,20.51,20.68,77037
2025-12-11,20.74,20.74,20.32,20.32,105234
2025-12-12,20.3,20.45,20.15,20.17,157695
2025-12-15,20.12,20.16,19.81,20.01,130805
2025-12-16,19.96,20.1,19.86,20.03,85031
2025-12-17,19.88,20.1,19.61,20.03,139162
2025-12-18,19.88,20.18,19.84,20.09,96066
2025-12-19,20.13,20.48,20.13,20.16,111378
2025-12-22,20.24,20.52,20.21,20.38,102739
2025-12-23,20.38,20.39,20.0,20.02,92099
2025-12-24,20.01,20.12,19.92,20.07,59481
2025-12-25,20.1,20.35,20.05,20.34,88421
2025-12-26,20.35,21.05,20.26,20.7,180002
2025-12-29,20.64,20.7,20.45,20.52,99578
2025-12-30,20.45,20.63,20.42,20.43,73594
2025-12-31,20.4,20.83,20.39,20.71,125355
