date,open,high,low,close,volume
2015-01-05,18.26,19.01,17.94,18.79,620200
2015-01-06,18.79,19.4,18.29,18.99,592582
2015-01-07,18.71,21.1,18.5,21.1,1103267
2015-01-08,21.01,23.06,20.36,20.88,1241690
2015-01-09,20.31,20.93,19.88,19.91,666734
2015-01-12,19.41,19.88,19.14,19.4,367850
2015-01-13,19.51,20.77,19.51,20.22,514502
2015-01-14,20.39,20.39,19.41,19.99,431254
2015-01-15,20.06,20.17,19.31,20.03,341076
2015-01-16,21.51,21.66,20.18,20.38,824448
2015-01-19,18.91,19.9,18.21,18.43,559512
2015-01-20,18.58,19.31,18.58,18.99,361029
2015-01-21,19.08,20.19,18.96,20.02,545308
2015-01-22,19.97,19.97,19.43,19.74,462198
2015-01-23,19.74,21.51,19.73,20.2,787316
2015-01-26,20.31,21.39,19.96,20.85,567744
2015-01-27,20.96,21.59,20.32,21.3,674277
2015-01-28,20.95,21.11,20.22,20.36,410592
2015-01-29,20.62,21.36,20.13,20.94,624211
2015-01-30,20.68,20.79,19.56,19.67,501895
2015-02-02,18.78,18.84,17.49,17.84,627880
2015-02-03,17.48,17.94,17.32,17.79,503962
2015-02-04,17.52,17.83,17.03,17.14,707527
2015-02-05,17.43,17.54,16.21,16.54,815875
2015-02-06,16.71,16.8,16.22,16.64,532155
2015-02-09,16.36,16.5,15.89,16.02,516084
2015-02-10,16.02,16.59,16.0,16.57,489748
2015-02-11,16.59,16.74,16.5,16.59,445957
2015-02-12,16.57,16.99,16.26,16.93,567341
2015-02-13,17.05,17.41,16.81,17.11,627026
2015-02-16,17.07,17.3,16.98,17.12,449988
2015-02-17,17.15,17.38,17.12,17.15,310055
2015-02-25,17.13,17.14,16.76,16.81,313912
2015-02-26,16.78,17.28,16.48,17.25,482123
2015-02-27,17.21,17.59,17.16,17.38,467167
2015-03-02,17.64,18.08,17.36,18.06,629793
2015-03-03,18.11,19.39,17.84,18.68,1032263
2015-03-04,19.23,19.39,18.34,18.7,774569
2015-03-05,18.66,18.66,17.82,17.97,625790
2015-03-06,17.97,18.35,17.72,17.83,462666
2015-03-09,17.71,17.76,17.11,17.71,413740
2015-03-10,17.72,18.33,17.46,18.14,435184
2015-03-11,18.3,18.67,17.61,17.75,613143
2015-03-12,17.99,18.5,17.63,18.06,462352
2015-03-13,18.27,18.28,17.8,17.94,336528
2015-03-16,18.03,18.39,17.89,18.31,539377
2015-03-17,18.42,19.0,18.3,18.96,865104
2015-03-18,18.98,19.16,18.72,19.1,682343
2015-03-19,19.1,20.21,18.83,19.72,1149814
2015-03-20,19.73,19.78,19.19,19.41,734738
2015-03-23,19.46,19.69,19.31,19.68,767063
2015-03-24,19.71,20.28,18.92,19.54,977455
2015-03-25,19.49,19.49,18.82,19.0,722952
2015-03-26,18.82,19.3,18.62,19.06,520280
2015-03-27,19.08,19.31,18.97,19.11,395081
2015-03-30,19.16,20.38,19.16,20.07,1183225
2015-03-31,20.16,20.26,19.5,19.58,910576
2015-04-01,19.61,20.39,19.51,20.12,973776
2015-04-02,20.18,21.1,19.98,20.74,1254318
2015-04-03,20.41,20.8,20.2,20.63,875693
2015-04-07,20.71,21.21,20.47,20.92,945498
2015-04-08,21.01,21.63,20.53,21.44,1349672
2015-04-09,21.48,21.69,20.0,20.62,992718
2015-04-10,20.49,21.1,20.23,20.85,713072
2015-04-13,20.94,21.05,20.46,20.85,837906
2015-04-14,20.91,21.9,20.71,21.75,1433738
2015-04-15,21.79,21.81,20.44,20.56,991741
2015-04-16,21.41,22.83,21.01,22.83,1556807
2015-04-17,25.17,25.32,23.51,25.32,3105256
2015-04-20,25.39,26.56,24.21,24.75,2849230
2015-04-21,24.51,25.01,23.43,24.17,1312963
2015-04-22,25.51,26.8,25.51,26.8,2069225
2015-04-23,27.11,28.74,26.22,26.6,2505759
2015-04-24,25.51,26.56,24.83,25.67,1388213
2015-04-27,25.81,26.68,25.26,25.94,1175544
2015-04-28,26.01,26.01,24.41,24.63,1046099
2015-04-29,24.16,25.5,23.63,25.2,861368
2015-04-30,24.86,26.41,24.72,25.16,1021728
2015-05-04,24.81,24.91,24.11,24.71,780339
2015-05-05,24.51,25.57,23.69,23.72,802043
2015-05-06,23.71,24.06,22.39,22.67,838936
2015-05-07,23.11,23.46,22.23,22.31,703978
2015-05-08,22.41,23.07,22.04,22.76,610212
2015-05-11,23.17,24.79,22.81,24.63,936135
2015-05-12,24.8,26.88,24.8,26.62,1777613
2015-05-13,26.59,26.59,24.72,24.93,1322220
2015-05-14,24.91,26.15,24.53,25.01,969305
2015-05-15,24.91,24.91,23.73,23.94,802901
2015-05-18,23.81,25.16,23.56,24.36,779722
2015-05-19,24.3,25.09,23.99,25.07,769656
2015-05-20,25.31,25.8,24.85,24.92,870197
2015-05-21,24.81,27.31,24.41,26.97,1322428
2015-05-22,27.27,27.86,26.41,27.33,1617694
2015-05-25,27.31,28.63,26.91,28.37,1415158
2015-05-26,28.46,30.13,27.81,28.96,1530620
2015-05-27,29.01,29.7,27.97,28.32,1277850
2015-05-28,28.7,29.12,25.28,25.3,1452385
2015-05-29,25.3,25.91,23.3,24.94,1013429
2015-06-01,25.71,27.21,25.51,26.91,1014429
2015-06-02,27.75,28.01,26.21,27.07,1011769
2015-06-03,27.09,27.16,25.78,26.59,883700
2015-06-04,26.71,27.5,24.22,26.88,782106
2015-06-05,27.49,28.16,26.89,27.76,1244427
2015-06-08,28.06,28.41,26.98,28.16,1159200
2015-06-09,28.51,30.9,28.17,30.34,1648980
2015-06-10,28.9,29.16,27.56,27.73,1282962
2015-06-11,27.35,27.6,26.47,26.96,842897
2015-06-12,26.96,27.38,26.53,26.95,632533
2015-06-15,26.99,27.09,26.24,26.64,664789
2015-06-16,27.31,27.53,26.47,26.93,991503
2015-06-17,26.81,26.97,25.01,26.74,804082
2015-06-18,26.49,26.49,24.79,24.8,569977
2015-06-19,24.47,24.65,22.11,22.11,614492
2015-06-23,21.89,22.7,20.27,22.6,557285
2015-06-24,22.81,23.47,22.41,23.12,599706
2015-06-25,23.12,23.59,21.29,21.64,563307
2015-06-26,20.89,21.08,19.27,19.27,600166
2015-06-29,19.93,20.13,17.13,17.14,730672
2015-06-30,16.91,18.5,15.26,18.38,789308
2015-07-01,17.92,19.41,16.61,16.81,734515
2015-07-02,16.81,17.21,14.92,14.92,692929
2015-07-03,14.69,15.31,13.22,13.22,724850
2015-07-06,14.75,14.75,12.11,13.32,862249
2015-07-07,12.78,13.43,11.78,11.79,967574
2015-07-08,10.4,10.91,10.4,10.4,807058
2015-07-09,10.4,11.65,9.91,11.65,870154
2015-07-10,12.31,13.02,12.01,13.02,575279
2015-07-13,14.31,14.53,13.52,14.53,1034075
2015-07-14,14.71,15.89,14.02,14.69,1352639
2015-07-15,14.28,14.61,13.01,13.01,801333
2015-07-16,13.01,14.11,12.02,13.58,720194
2015-07-17,13.81,14.8,13.59,14.74,705129
2015-07-20,14.81,15.59,14.31,15.1,885195
2015-07-21,14.32,15.53,14.16,14.92,951831
2015-07-22,14.67,15.01,14.12,14.65,824979
2015-07-23,14.66,16.32,14.66,16.32,1020420
2015-07-24,16.71,16.87,15.41,15.68,1511538
2015-07-27,15.11,16.17,13.9,13.9,1003347
2015-07-28,12.92,14.16,12.34,13.39,871215
2015-07-29,13.88,14.81,13.33,14.7,637586
2015-07-30,14.7,15.7,14.22,14.37,801663
2015-07-31,14.05,14.58,13.39,13.89,509862
2015-08-03,13.51,13.85,12.47,12.87,460143
2015-08-04,13.06,14.16,12.96,14.13,498909
2015-08-05,14.09,14.4,13.48,13.71,496078
2015-08-06,13.29,14.47,13.13,14.1,548877
2015-08-07,14.36,15.71,14.23,15.05,805163
2015-08-10,15.71,16.71,15.42,16.43,1097486
2015-08-11,16.2,16.93,15.93,16.11,1069206
2015-08-12,15.76,16.14,15.41,15.45,584749
2015-08-13,15.37,16.26,15.36,16.19,661656
2015-08-14,16.67,16.85,15.88,16.03,708142
2015-08-17,15.81,16.46,15.73,16.33,534715
2015-08-18,16.36,16.44,14.49,14.49,772479
2015-08-19,13.91,14.9,13.11,14.8,592085
2015-08-20,14.46,14.76,13.71,13.77,383241
2015-08-21,13.42,13.87,12.81,13.1,426061
2015-08-24,12.46,12.61,11.58,11.58,371506
2015-08-25,10.29,10.8,10.22,10.22,553013
2015-08-26,10.47,10.86,9.22,9.6,493279
2015-08-27,10.03,10.3,9.3,10.29,446844
2015-08-28,10.5,11.36,10.37,11.33,533760
2015-08-31,11.0,11.17,10.37,11.04,516917
2015-09-01,10.7,11.06,10.06,10.97,532212
2015-09-02,10.38,11.39,10.07,11.1,587500
2015-09-07,11.1,11.78,10.83,10.92,374457
2015-09-08,10.92,11.7,10.71,11.56,275743
2015-09-09,11.65,12.13,11.52,11.9,449419
2015-09-10,11.68,12.46,11.42,11.62,469093
2015-09-11,11.62,11.79,11.28,11.54,235000
2015-09-14,11.87,11.95,10.19,10.92,429305
2015-09-15,10.52,10.75,9.63,9.63,349676
2015-09-16,9.8,10.79,9.63,10.7,375623
2015-09-17,10.59,11.3,10.23,10.28,454644
2015-09-18,10.48,10.61,10.2,10.44,247821
2015-09-21,10.37,11.26,10.26,11.18,387092
2015-09-22,11.28,11.37,10.9,11.17,368392
2015-09-23,10.92,11.45,10.89,11.1,353040
2015-09-24,11.24,11.47,11.05,11.38,366126
2015-09-25,11.2,11.3,10.54,10.64,315544
2015-09-28,10.8,10.89,10.38,10.74,279230
2015-09-29,10.4,10.52,10.2,10.33,196443
2015-09-30,10.43,10.66,10.3,10.5,192056
2015-10-08,11.1,11.65,10.88,11.27,391206
2015-10-09,11.27,11.64,11.17,11.54,395224
2015-10-12,11.77,12.55,11.7,12.23,633805
2015-10-13,12.1,12.89,12.01,12.8,662653
2015-10-14,12.67,13.0,12.45,12.5,587175
2015-10-15,12.38,13.03,12.34,13.0,534874
2015-10-16,13.29,13.86,13.03,13.52,769511
2015-10-19,13.93,14.28,13.45,13.68,722351
2015-10-20,13.62,13.95,13.31,13.91,468591
2015-10-21,14.09,14.09,12.32,12.32,674385
2015-10-22,12.47,12.95,12.02,12.94,484354
2015-10-23,13.05,13.23,12.61,13.09,482967
2015-10-26,13.29,13.34,12.87,12.97,481317
2015-10-27,12.82,12.9,12.0,12.79,406078
2015-10-28,12.68,13.06,12.35,12.43,314262
2015-10-29,12.56,12.68,12.3,12.45,321509
2015-10-30,12.4,12.9,12.33,12.58,330181
2015-11-02,12.12,12.48,11.83,11.89,344391
2015-11-03,11.97,12.08,11.61,11.71,269062
2015-11-04,11.77,12.5,11.77,12.47,401623
2015-11-05,12.5,13.35,12.43,12.91,740946
2015-11-06,12.92,13.21,12.8,13.11,575718
2015-11-09,13.0,13.34,12.83,13.13,671855
2015-11-10,13.03,13.52,12.96,13.3,575466
2015-11-11,13.37,13.44,13.08,13.31,445278
2015-11-12,13.34,13.65,13.02,13.51,693621
2015-11-13,13.29,13.38,12.87,12.9,493949
2015-11-16,12.55,12.89,12.54,12.89,353595
2015-11-17,13.07,13.34,12.83,12.96,424334
2015-11-18,12.98,13.04,12.5,12.55,296646
2015-11-19,12.62,12.81,12.55,12.79,210503
2015-11-20,12.82,13.15,12.8,12.97,343548
2015-11-23,13.0,13.15,12.75,12.85,286997
2015-11-24,12.86,12.88,12.52,12.76,200296
2015-11-25,12.69,12.98,12.62,12.92,273714
2015-11-26,12.97,13.22,12.92,12.97,398254
2015-11-27,12.96,12.96,11.65,11.77,446186
2015-11-30,11.89,11.97,11.03,11.56,316353
2015-12-01,11.56,11.72,11.4,11.6,234440
2015-12-02,11.56,11.9,11.46,11.89,256554
2015-12-03,11.9,12.07,11.79,12.06,264128
2015-12-04,11.94,12.0,11.73,11.77,213454
2015-12-07,12.0,12.44,12.0,12.22,398455
2015-12-08,12.13,12.14,11.63,11.64,239553
2015-12-09,11.6,11.7,11.28,11.4,201478
2015-12-10,11.43,11.53,11.31,11.37,149584
2015-12-11,11.34,11.39,11.12,11.29,140276
2015-12-14,11.15,11.76,11.08,11.72,241880
2015-12-15,11.64,11.78,11.58,11.64,156648
2015-12-16,11.7,11.82,11.6,11.8,185917
2015-12-17,12.0,12.38,12.0,12.28,458673
2015-12-18,12.28,12.57,12.16,12.2,322460
2015-12-21,11.98,12.45,11.9,12.38,336231
2015-12-22,12.37,12.5,12.21,12.42,239601
2015-12-23,12.41,12.5,12.13,12.16,266420
2015-12-24,12.12,12.25,11.92,12.02,192305
2015-12-25,12.02,12.2,11.99,12.13,130439
2015-12-28,12.14,12.28,11.55,11.59,245476
2015-12-29,11.56,11.71,11.44,11.7,163252
2015-12-30,11.7,11.79,11.57,11.7,135351
2015-12-31,11.69,11.82,11.6,11.63,133680
2016-01-04,11.64,11.65,10.3,10.42,157565
2016-01-05,10.14,10.6,9.95,10.48,283104
2016-01-06,10.5,10.96,10.42,10.93,243650
2016-01-07,10.69,10.69,9.68,9.71,74978
2016-01-08,10.12,10.21,9.51,9.99,248882
2016-01-11,9.8,10.1,9.3,9.32,248610
2016-01-12,9.36,10.35,9.2,9.93,307837
2016-01-13,9.87,9.9,9.35,9.36,212715
2016-01-14,9.06,9.71,9.0,9.65,197852
2016-01-15,9.66,9.68,9.12,9.19,156282
2016-01-18,8.95,9.35,8.95,9.2,164959
2016-01-19,9.19,9.65,9.06,9.55,217612
2016-01-20,9.5,10.5,9.48,9.92,490779
2016-01-21,9.66,10.1,9.25,9.3,328064
2016-01-22,9.23,9.66,9.23,9.56,179900
2016-01-25,9.75,10.05,9.57,9.78,270204
2016-01-26,9.55,9.62,8.69,8.7,245310
2016-01-27,8.86,8.95,8.2,8.72,241984
2016-01-28,8.63,8.79,8.2,8.23,195374
2016-01-29,8.26,8.65,8.22,8.57,151085
2016-02-01,8.59,8.61,8.05,8.24,146962
2016-02-02,8.33,8.74,8.24,8.57,154430
2016-02-03,8.4,8.55,8.3,8.51,130168
2016-02-04,8.54,8.71,8.51,8.66,162977
2016-02-05,8.67,8.74,8.55,8.57,125071
2016-02-15,8.17,8.45,8.12,8.38,114095
2016-02-16,8.48,8.82,8.43,8.79,213123
2016-02-17,8.75,9.15,8.71,8.96,258674
2016-02-18,9.01,9.1,8.89,8.92,230422
2016-02-19,8.87,8.96,8.8,8.91,130938
2016-02-22,9.03,9.23,8.96,9.19,235778
2016-02-23,9.21,9.25,8.88,9.01,210573
2016-02-24,8.95,9.37,8.85,9.29,331816
2016-02-25,9.2,9.23,8.23,8.29,326709
2016-02-26,8.36,8.49,8.13,8.37,171405
2016-02-29,8.43,8.43,7.84,8.01,222107
2016-03-01,8.08,8.26,7.97,8.19,152341
2016-03-02,8.26,8.78,8.2,8.7,253410
2016-03-03,8.69,8.79,8.62,8.66,235048
2016-03-04,8.62,8.75,8.32,8.5,212111
2016-03-07,8.64,8.77,8.6,8.75,173685
2016-03-08,8.75,8.77,8.33,8.76,177648
2016-03-09,8.54,8.58,8.38,8.46,124465
2016-03-10,8.46,8.55,8.3,8.31,101669
2016-03-11,8.25,8.34,8.18,8.32,84775
2016-03-14,8.41,8.81,8.41,8.63,191044
2016-03-15,8.59,8.65,8.44,8.56,118255
2016-03-16,8.56,8.62,8.4,8.43,102628
2016-03-17,8.47,8.74,8.41,8.69,202903
2016-03-18,8.75,9.14,8.69,8.96,335132
2016-03-21,9.1,9.25,9.0,9.19,289752
2016-03-22,9.16,9.36,9.06,9.2,321968
2016-03-23,9.16,9.2,9.03,9.16,200584
2016-03-24,9.1,9.54,9.05,9.11,364272
2016-03-25,9.05,9.33,9.02,9.32,218625
2016-03-28,9.35,9.41,9.11,9.21,211179
2016-03-29,9.21,9.23,8.85,8.98,167993
2016-03-30,9.03,9.3,9.02,9.29,192320
2016-03-31,9.33,9.47,9.18,9.22,252827
2016-04-01,9.2,9.2,8.9,9.06,223952
2016-04-05,9.03,9.3,8.98,9.25,238547
2016-04-06,9.2,9.33,9.16,9.28,224545
2016-04-07,9.32,9.37,9.07,9.11,234820
2016-04-08,9.0,9.05,8.77,8.92,190165
2016-04-11,8.94,9.21,8.94,9.11,178558
2016-04-12,9.09,9.19,8.92,9.03,133799
2016-04-13,9.12,9.31,9.11,9.22,330281
2016-04-14,9.3,9.32,9.18,9.27,158055
2016-04-15,9.28,9.32,9.15,9.21,154520
2016-04-18,9.13,9.14,8.93,9.0,131113
2016-04-19,9.06,9.09,8.94,9.02,99463
2016-04-20,9.07,9.08,8.37,8.52,261674
2016-04-21,8.49,8.55,8.36,8.38,169647
2016-04-22,8.35,8.42,8.28,8.41,134030
2016-04-25,8.4,8.42,8.24,8.37,110703
2016-04-26,8.38,8.52,8.35,8.51,123268
2016-04-27,8.56,8.56,8.37,8.4,110585
2016-04-28,8.45,8.45,8.26,8.34,98759
2016-04-29,8.39,8.39,8.31,8.33,64102
2016-05-03,8.33,8.55,8.26,8.55,144230
2016-05-04,8.48,8.55,8.43,8.49,131333
2016-05-05,8.5,8.52,8.38,8.51,108785
2016-05-06,8.47,8.51,8.09,8.1,197341
2016-05-09,8.09,8.09,7.86,7.9,161750
2016-05-10,7.89,8.09,7.86,7.99,93290
2016-05-11,8.02,8.02,7.89,7.91,87555
2016-05-12,7.85,7.89,7.71,7.86,97545
2016-05-13,7.84,7.93,7.76,7.83,70272
2016-05-16,7.8,7.92,7.74,7.9,84631
2016-05-17,7.9,7.92,7.81,7.83,88655
2016-05-18,7.78,7.8,7.5,7.61,140295
2016-05-19,7.64,7.7,7.59,7.6,77768
2016-05-20,7.56,7.65,7.52,7.64,71942
2016-05-23,7.66,7.75,7.65,7.71,81592
2016-05-24,7.69,7.84,7.61,7.78,157656
2016-05-25,7.83,7.93,7.71,7.86,169196
2016-05-26,7.94,7.99,7.73,7.86,147614
2016-05-27,7.86,7.86,7.74,7.79,97212
2016-05-30,7.76,7.79,7.7,7.75,66879
2016-05-31,7.75,8.08,7.74,8.07,225509
2016-06-01,8.05,8.09,7.98,7.98,143778
2016-06-02,8.0,8.02,7.94,8.0,105210
2016-06-03,8.0,8.05,7.95,8.04,143735
2016-06-06,8.06,8.06,7.95,7.98,96111
2016-06-07,7.97,7.98,7.92,7.96,58844
2016-06-08,7.96,7.99,7.87,7.94,110818
2016-06-13,7.85,7.86,7.51,7.52,162670
2016-06-14,7.5,7.55,7.44,7.53,109278
2016-06-15,7.44,7.78,7.41,7.7,153541
2016-06-16,7.65,7.98,7.63,7.8,315097
2016-06-17,7.79,7.84,7.69,7.74,163996
2016-06-20,7.74,7.78,7.61,7.75,103081
2016-06-21,7.77,7.85,7.66,7.7,111700
2016-06-22,7.66,7.84,7.65,7.82,118303
2016-06-23,7.79,7.81,7.69,7.76,92511
2016-06-24,7.76,7.87,7.45,7.62,155633
2016-06-27,7.58,7.79,7.58,7.77,107699
2016-06-28,7.77,7.81,7.63,7.8,161339
2016-06-29,7.8,7.95,7.78,7.84,207044
2016-06-30,7.86,7.88,7.78,7.82,113343
2016-07-01,7.81,7.87,7.77,7.78,95058
2016-07-04,7.76,8.03,7.73,7.98,228225
2016-07-05,7.95,8.39,7.95,8.21,444713
2016-07-06,8.1,8.17,7.98,8.13,226348
2016-07-07,8.11,8.14,7.97,8.07,175084
2016-07-08,8.07,8.08,7.95,8.06,132316
2016-07-11,8.05,8.17,7.99,8.0,158378
2016-07-12,8.03,8.16,7.98,8.15,193999
2016-07-13,8.16,8.28,8.13,8.22,211536
2016-07-14,8.22,8.23,8.11,8.16,135877
2016-07-15,8.19,8.28,8.17,8.23,161567
2016-07-18,8.19,8.23,8.04,8.11,151904
2016-07-19,8.1,8.14,8.05,8.12,92013
2016-07-20,8.11,8.15,8.08,8.09,68906
2016-07-21,8.1,8.16,8.07,8.12,122044
2016-07-22,8.12,8.14,8.06,8.09,90968
2016-07-25,8.16,8.36,8.11,8.27,230599
2016-07-26,8.26,8.29,8.18,8.29,144835
2016-07-27,8.31,8.33,7.87,7.96,209440
2016-07-28,7.92,8.12,7.87,8.04,170592
2016-07-29,8.0,8.04,7.92,7.93,83894
2016-08-01,7.93,7.93,7.74,7.77,92708
2016-08-02,7.76,7.9,7.76,7.87,55482
2016-08-03,7.85,7.99,7.84,7.91,79681
2016-08-04,7.77,7.84,7.67,7.77,163181
2016-08-05,7.76,7.8,7.72,7.77,88627
2016-08-08,7.76,7.96,7.72,7.94,123179
2016-08-09,7.94,7.99,7.91,7.95,84828
2016-08-10,7.96,8.06,7.92,7.93,73982
2016-08-11,7.96,7.96,7.79,7.82,90087
2016-08-12,7.83,8.05,7.79,7.97,97394
2016-08-15,7.99,8.17,7.97,8.13,195052
2016-08-16,8.16,8.31,8.11,8.16,204446
2016-08-17,8.17,8.35,8.09,8.23,183102
2016-08-18,8.18,8.28,8.14,8.16,116680
2016-08-19,8.16,8.23,8.07,8.2,117007
2016-08-22,8.18,8.2,8.08,8.09,88278
2016-08-23,8.08,8.13,8.03,8.08,87820
2016-08-24,8.08,8.13,8.04,8.1,81816
2016-08-25,8.06,8.07,7.94,8.01,88175
2016-08-26,8.01,8.07,7.99,8.01,73303
2016-08-29,8.02,8.08,7.99,8.06,61043
2016-08-30,8.08,8.11,8.04,8.06,52681
2016-08-31,8.06,8.07,7.98,8.02,79825
2016-09-01,8.02,8.03,7.85,7.88,139838
2016-09-02,7.77,7.9,7.77,7.83,97931
2016-09-05,7.84,7.9,7.81,7.85,80005
2016-09-06,7.84,7.93,7.79,7.92,77787
2016-09-07,7.91,8.0,7.9,7.94,94581
2016-09-08,7.95,7.95,7.85,7.9,89617
2016-09-09,7.92,7.95,7.86,7.87,110470
2016-09-12,7.8,7.8,7.63,7.66,142435
2016-09-13,7.7,7.71,7.64,7.68,54282
2016-09-14,7.64,7.68,7.62,7.64,55264
2016-09-19,7.73,7.99,7.73,7.85,165351
2016-09-20,7.83,7.84,7.72,7.75,79136
2016-09-21,7.76,7.81,7.74,7.78,66457
2016-09-22,7.84,7.84,7.76,7.77,64210
2016-09-23,7.8,7.81,7.72,7.73,43542
2016-09-26,7.73,7.76,7.6,7.61,86641
2016-09-27,7.61,7.68,7.58,7.67,76158
2016-09-28,7.69,7.69,7.6,7.63,59301
2016-09-29,7.64,7.7,7.63,7.66,60291
2016-09-30,7.66,7.69,7.63,7.66,63938
2016-10-10,7.69,7.78,7.68,7.77,97413
2016-10-11,7.77,7.8,7.75,7.78,82184
2016-10-12,7.77,7.84,7.73,7.8,92957
2016-10-13,7.79,7.9,7.78,7.83,116954
2016-10-14,7.83,7.83,7.75,7.81,82906
2016-10-17,7.81,7.93,7.74,7.76,103142
2016-10-18,7.76,7.98,7.75,7.97,202347
2016-10-19,7.96,8.02,7.9,7.92,125320
2016-10-20,7.92,7.95,7.88,7.88,77911
2016-10-21,7.89,8.05,7.86,7.94,143891
2016-10-24,7.89,8.1,7.87,8.05,257972
2016-10-25,8.04,8.06,7.96,7.98,139343
2016-10-26,7.98,8.01,7.88,7.91,122123
2016-10-27,7.92,7.97,7.89,7.92,74427
2016-10-28,7.92,7.95,7.76,7.79,113993
2016-10-31,7.77,7.8,7.73,7.78,63986
2016-11-01,7.78,7.83,7.77,7.82,59766
2016-11-02,7.82,7.82,7.67,7.69,119652
2016-11-03,7.67,7.78,7.66,7.75,107964
2016-11-04,7.74,7.76,7.69,7.7,91354
2016-11-07,7.78,7.92,7.74,7.89,180173
2016-11-08,7.91,7.99,7.86,7.89,132440
2016-11-09,7.88,7.92,7.72,7.78,122187
2016-11-10,7.83,7.95,7.83,7.91,142744
2016-11-11,7.91,8.06,7.87,8.03,289505
2016-11-14,8.02,8.19,7.99,8.11,316654
2016-11-15,8.15,8.22,8.08,8.12,209397
2016-11-16,8.16,8.2,8.1,8.12,171114
2016-11-17,8.14,8.29,8.1,8.27,266900
2016-11-18,8.26,8.32,8.1,8.12,249063
2016-11-21,8.12,8.24,8.12,8.15,148809
2016-11-22,8.16,8.38,8.15,8.33,219745
2016-11-23,8.32,8.5,8.27,8.28,270551
2016-11-24,8.26,8.3,8.18,8.22,163249
2016-11-25,8.19,8.31,8.14,8.3,140117
2016-11-28,8.31,8.48,8.28,8.37,197683
2016-11-29,8.39,8.55,8.28,8.43,302128
2016-11-30,8.38,8.41,8.28,8.31,156062
2016-12-01,8.31,8.61,8.29,8.55,300555
2016-12-02,8.56,8.63,8.38,8.41,264880
2016-12-05,8.31,8.68,8.29,8.64,368147
2016-12-06,8.59,8.88,8.52,8.66,311222
2016-12-07,8.62,8.87,8.6,8.84,291297
2016-12-08,8.88,9.09,8.75,8.85,397692
2017-03-28,8.96,8.96,8.21,8.45,560797
2017-03-29,8.36,8.7,8.32,8.41,239868
2017-03-30,8.36,8.41,8.07,8.14,244831
2017-03-31,8.11,8.22,8.02,8.09,138147
2017-04-05,8.09,8.24,8.06,8.21,154259
2017-04-06,8.19,8.38,8.18,8.29,133087
2017-04-07,8.26,8.42,8.25,8.3,131856
2017-04-10,8.29,8.66,8.26,8.52,162557
2017-04-11,8.47,8.72,8.44,8.64,160691
2017-04-12,8.64,8.72,8.49,8.53,116425
2017-04-13,8.5,8.6,8.44,8.46,92660
2017-04-14,8.43,8.57,8.38,8.5,118943
2017-04-17,8.42,8.71,8.41,8.62,159561
2017-04-18,8.62,8.73,8.3,8.31,126406
2017-04-19,8.26,8.31,8.1,8.15,115776
2017-04-20,8.16,8.26,7.81,7.87,185385
2017-04-21,7.86,8.21,7.81,8.05,155438
2017-04-24,8.03,8.05,7.68,7.7,131439
2017-04-25,7.72,7.81,7.51,7.58,127330
2017-04-26,7.63,7.63,7.49,7.55,99607
2017-04-27,7.51,7.64,7.32,7.6,112728
2017-04-28,7.56,7.62,7.51,7.56,70247
2017-05-02,7.69,7.91,7.64,7.7,156876
2017-05-03,7.69,7.84,7.64,7.76,89372
2017-05-04,7.78,7.82,7.66,7.76,80283
2017-05-05,7.75,7.75,7.56,7.58,75440
2017-05-08,7.58,7.9,7.53,7.56,118149
2017-05-09,7.48,7.61,7.4,7.6,86042
2017-05-10,7.6,7.68,7.44,7.46,87978
2017-05-11,7.42,7.48,7.08,7.33,135789
2017-05-12,7.31,7.37,7.26,7.33,66516
2017-05-15,7.36,7.45,7.27,7.31,41222
2017-05-16,7.28,7.44,7.16,7.44,69411
2017-05-17,7.41,7.51,7.4,7.48,70569
2017-05-18,7.42,7.56,7.4,7.49,61644
2017-05-19,7.51,7.53,7.43,7.49,47726
2017-05-22,7.49,7.56,7.35,7.36,69921
2017-05-23,7.33,7.36,7.11,7.13,91952
2017-05-24,7.13,7.2,6.98,7.19,71619
2017-05-25,7.17,7.36,7.16,7.35,72568
2017-05-26,7.38,7.63,7.35,7.48,117337
2017-05-31,7.55,7.59,7.44,7.44,66609
2017-06-01,7.41,7.44,7.18,7.2,71458
2017-06-02,7.19,7.4,7.11,7.36,72385
2017-06-05,7.38,7.48,7.36,7.43,77587
2017-06-06,7.42,7.5,7.39,7.48,56714
2017-06-07,7.5,7.59,7.44,7.57,103399
2017-06-08,7.61,7.64,7.51,7.54,96983
2017-06-09,7.55,7.59,7.47,7.56,139141
2017-06-12,7.55,7.56,7.39,7.4,76452
2017-06-13,7.38,7.5,7.35,7.47,85994
2017-06-14,7.47,7.48,7.35,7.38,94072
2017-06-15,7.35,7.55,7.34,7.5,91525
2017-06-16,7.47,7.52,7.46,7.5,59040
2017-06-19,7.55,7.57,7.49,7.54,71301
2017-06-20,7.54,7.65,7.48,7.56,102476
2017-06-21,7.6,7.62,7.51,7.6,102877
2017-06-22,7.57,7.6,7.47,7.47,103314
2017-06-23,7.45,7.48,7.25,7.41,94149
2017-06-26,7.39,7.49,7.35,7.48,77816
2017-06-27,7.49,7.61,7.47,7.54,100150
2017-06-28,7.52,7.58,7.49,7.55,61651
2017-06-29,7.56,7.6,7.51,7.55,59553
2017-06-30,7.54,7.65,7.51,7.64,91397
2017-07-03,7.65,7.86,7.62,7.79,207556
2017-07-04,7.81,7.84,7.72,7.74,95274
2017-07-05,7.74,7.84,7.7,7.83,110213
2017-07-06,7.83,7.84,7.72,7.8,88521
2017-07-07,7.78,7.81,7.75,7.79,79294
2017-07-10,7.78,7.99,7.75,7.94,173295
2017-07-11,7.9,7.95,7.75,7.76,117289
2017-07-12,7.76,7.78,7.61,7.72,96584
2017-07-13,7.73,7.9,7.68,7.86,110365
2017-07-14,7.84,7.94,7.77,7.9,112616
2017-07-17,7.87,7.93,7.55,7.56,158022
2017-07-18,7.55,7.61,7.41,7.6,105510
2017-07-19,7.58,7.93,7.55,7.9,168489
2017-07-20,7.89,7.93,7.83,7.9,131626
2017-07-21,7.86,8.53,7.85,8.3,406456
2017-07-24,8.26,8.49,8.21,8.34,227187
2017-07-25,8.29,8.34,8.18,8.31,148236
2017-07-26,8.32,8.34,8.06,8.22,179820
2017-07-27,8.39,8.6,8.39,8.43,313549
2017-07-28,8.36,8.49,8.26,8.33,171891
2017-07-31,8.33,8.69,8.33,8.63,276712
2017-08-01,8.57,8.77,8.5,8.58,174477
2017-08-02,8.57,8.89,8.54,8.77,302078
2017-08-03,8.76,8.83,8.62,8.76,172573
2017-08-04,8.78,8.83,8.51,8.54,204394
2017-08-07,8.48,8.7,8.41,8.67,156412
2017-08-08,8.67,8.68,8.47,8.5,124095
2017-08-09,8.46,8.55,8.35,8.53,159420
2017-08-10,8.46,8.53,8.33,8.38,166399
2017-08-11,8.3,8.31,8.07,8.15,164107
2017-08-14,8.2,8.36,8.16,8.33,110493
2017-08-15,8.33,8.34,8.23,8.31,65960
2017-08-16,8.32,8.42,8.28,8.35,82030
2017-08-17,8.37,8.61,8.36,8.61,156515
2017-08-18,8.56,8.71,8.51,8.56,123045
2017-08-21,8.61,8.92,8.6,8.83,252627
2017-08-22,8.81,8.9,8.69,8.77,142388
2017-08-23,8.79,8.86,8.61,8.63,138475
2017-08-24,8.6,8.64,8.34,8.39,178354
2017-08-25,8.37,8.51,8.35,8.44,126288
2017-08-28,8.44,8.59,8.41,8.47,139434
2017-08-29,8.51,8.69,8.49,8.62,155011
2017-08-30,8.61,8.61,8.49,8.6,141214
2017-08-31,8.57,8.81,8.52,8.76,235213
2017-09-01,8.78,9.02,8.74,9.01,297816
2017-09-04,9.08,9.14,8.81,8.87,246371
2017-09-05,8.84,8.93,8.69,8.82,186977
2017-09-06,8.78,9.06,8.74,9.03,237307
2017-09-07,8.98,9.02,8.79,8.8,168384
2017-09-08,8.81,8.94,8.71,8.79,124189
2017-09-11,8.78,8.85,8.74,8.8,139682
2017-09-12,8.83,9.25,8.79,9.13,382120
2017-09-13,9.06,9.09,8.89,8.96,190806
2017-09-14,8.98,9.17,8.96,9.01,212911
2017-09-15,8.97,9.0,8.8,8.9,151891
2017-09-18,8.94,9.01,8.87,8.95,123433
2017-09-19,8.92,9.02,8.74,8.85,153840
2017-09-20,8.81,8.85,8.71,8.81,159884
2017-09-21,8.76,8.92,8.74,8.76,124812
2017-09-22,8.72,8.73,8.53,8.55,172698
2017-09-25,8.53,8.56,8.33,8.34,135142
2017-09-26,8.36,8.48,8.34,8.46,82043
2017-09-27,8.48,8.49,8.38,8.48,79643
2017-09-28,8.5,8.56,8.46,8.48,78508
2017-09-29,8.5,8.54,8.44,8.49,74590
2017-10-09,8.62,8.64,8.54,8.57,113702
2017-10-10,8.58,8.63,8.53,8.62,79022
2017-10-11,8.62,8.64,8.53,8.55,81719
2017-10-12,8.55,8.59,8.35,8.41,102106
2017-10-13,8.36,8.51,8.36,8.51,59964
2017-10-16,8.51,8.52,8.34,8.34,96472
2017-10-17,8.34,8.48,8.32,8.42,72319
2017-10-18,8.46,8.48,8.24,8.27,98340
2017-10-19,8.26,8.3,8.07,8.08,120041
2017-10-20,8.08,8.18,8.08,8.17,58829
2017-10-23,8.18,8.24,8.14,8.22,74084
2017-10-24,8.22,8.23,8.12,8.19,73155
2017-10-25,8.19,8.3,8.15,8.29,74185
2017-10-26,8.28,8.9,8.22,8.67,327072
2017-10-27,8.66,9.12,8.64,8.89,421836
2017-10-30,8.81,9.11,8.57,8.88,376095
2017-10-31,8.83,8.99,8.66,8.85,216548
2017-11-01,8.87,9.12,8.8,8.96,314673
2017-11-02,8.9,9.54,8.83,9.43,646104
2017-11-03,9.35,9.43,9.02,9.19,439114
2017-11-06,9.15,9.29,8.93,9.23,346480
2017-11-07,9.32,9.35,9.06,9.12,289223
2017-11-08,9.11,9.29,9.04,9.14,269451
2017-11-09,9.14,9.17,8.9,9.14,252680
2017-11-10,9.12,9.74,8.98,9.73,704741
2017-11-13,9.63,9.86,9.59,9.83,509051
2017-11-14,9.76,9.86,9.53,9.62,322393
2017-11-15,9.54,9.81,9.42,9.44,352386
2017-11-16,9.41,9.59,9.32,9.43,221384
2017-11-17,9.39,9.49,8.96,8.98,395342
2017-11-20,8.86,8.92,8.6,8.89,287856
2017-11-21,8.87,9.11,8.87,9.02,220746
2017-11-22,9.05,9.12,8.91,9.08,195638
2017-11-23,9.07,9.07,8.37,8.44,299569
2017-11-24,8.44,8.7,8.44,8.54,162152
2017-11-27,8.53,8.69,8.42,8.52,128176
2017-11-28,8.48,8.64,8.45,8.63,137874
2017-11-29,8.65,8.77,8.42,8.76,179906
2017-11-30,8.69,8.77,8.54,8.57,124216
2017-12-01,8.56,8.74,8.46,8.7,118543
2017-12-04,8.72,8.84,8.64,8.67,114248
2017-12-05,8.63,8.64,8.25,8.3,207825
2017-12-06,8.26,8.5,8.16,8.49,175561
2017-12-07,8.42,8.74,8.38,8.57,190333
2017-12-08,8.55,8.66,8.44,8.61,123188
2017-12-11,8.62,8.72,8.54,8.64,104543
2017-12-12,8.62,8.71,8.45,8.46,104974
2017-12-13,8.42,8.67,8.41,8.66,109842
2017-12-14,8.65,8.84,8.6,8.83,159834
2017-12-15,8.78,8.81,8.67,8.75,111039
2017-12-18,8.74,8.96,8.73,8.82,116234
2017-12-19,8.82,8.99,8.79,8.92,139868
2017-12-20,8.91,8.96,8.75,8.8,101838
2017-12-21,8.75,8.77,8.53,8.72,140621
2017-12-22,8.67,9.06,8.66,9.01,238289
2017-12-25,9.01,9.13,8.91,9.01,198198
2017-12-26,8.96,9.28,8.96,9.27,260639
2017-12-27,9.22,9.25,9.01,9.04,226935
2017-12-28,9.0,9.32,8.94,9.29,232723
2017-12-29,9.26,9.39,9.18,9.29,160552
2018-01-02,9.29,9.4,9.21,9.39,182569
2018-01-03,9.35,9.37,9.19,9.25,215992
2018-01-04,9.2,9.24,9.14,9.22,147577
2018-01-05,9.18,9.42,9.05,9.32,291671
2018-01-08,9.27,9.48,9.16,9.46,293932
2018-01-09,9.41,9.45,9.2,9.22,189271
2018-01-10,9.17,9.28,9.06,9.19,189846
2018-01-11,9.11,9.28,9.09,9.22,116520
2018-01-12,9.21,9.42,9.06,9.35,216667
2018-01-15,9.3,9.35,8.66,8.76,297810
2018-01-16,8.77,8.92,8.71,8.88,173007
2018-01-17,8.83,8.97,8.69,8.85,147997
2018-01-18,8.83,8.89,8.75,8.85,106469
2018-01-19,8.86,8.93,8.75,8.88,127526
2018-01-22,8.86,9.04,8.8,9.03,130297
2018-01-23,9.0,9.18,8.99,9.08,154143
2018-01-24,9.05,9.26,8.99,9.2,165411
2018-01-25,9.35,9.44,9.21,9.3,224172
2018-01-26,9.44,9.46,9.21,9.23,127801
2018-01-29,9.3,9.36,9.04,9.14,174980
2018-01-30,9.12,9.52,9.01,9.51,298843
2018-01-31,9.42,9.64,9.33,9.58,330235
2018-02-01,9.5,9.6,8.86,8.96,340134
2018-02-09,7.88,8.15,7.87,7.87,170483
2018-02-12,7.57,7.84,7.2,7.69,293550
2018-02-13,7.65,7.79,7.61,7.72,130295
2018-02-14,7.75,7.83,7.64,7.72,74693
2018-02-22,7.8,7.84,7.49,7.53,226002
2018-02-23,7.52,7.58,7.34,7.46,245283
2018-02-26,7.51,7.65,7.41,7.63,284722
2018-02-27,7.62,7.64,7.5,7.57,186617
2018-02-28,7.52,7.61,7.39,7.55,145015
2018-03-01,7.47,7.59,7.45,7.56,112112
2018-03-02,7.62,7.91,7.62,7.73,237533
2018-03-05,7.76,7.78,7.62,7.72,109487
2018-03-06,7.76,7.83,7.67,7.81,131101
2018-03-07,7.83,7.84,7.66,7.67,127138
2018-03-08,7.68,7.88,7.68,7.86,113835
2018-03-09,7.84,7.98,7.81,7.96,148884
2018-03-12,7.97,8.0,7.92,7.98,116897
2018-03-13,7.94,7.97,7.82,7.82,131324
2018-03-14,7.8,7.87,7.78,7.82,77891
2018-03-15,7.8,7.82,7.63,7.69,101427
2018-03-16,7.66,7.75,7.63,7.67,76715
2018-03-19,7.67,7.68,7.51,7.57,122718
2018-03-20,7.49,7.64,7.44,7.57,81548
2018-03-21,7.54,7.64,7.5,7.51,80140
2018-03-22,7.53,7.57,7.39,7.44,81598
2018-03-23,7.24,7.24,6.73,6.86,232614
2018-03-26,6.75,6.81,6.56,6.78,179877
2018-03-27,6.89,7.01,6.83,6.97,121042
2018-03-28,6.86,6.96,6.83,6.91,81654
2018-03-29,6.93,7.1,6.89,7.08,85943
2018-03-30,7.1,7.15,7.02,7.08,87357
2018-04-02,7.08,7.18,7.03,7.1,98642
2018-04-03,7.01,7.19,6.86,7.14,115423
2018-04-04,7.12,7.3,7.06,7.1,108469
2018-04-09,7.06,7.16,6.97,7.12,82657
2018-04-10,7.13,7.24,7.11,7.2,71285
2018-04-11,7.25,7.38,7.22,7.34,115678
2018-04-12,7.33,7.33,7.18,7.19,74103
2018-04-13,7.26,7.31,7.17,7.19,53628
2018-04-16,7.14,7.25,7.0,7.06,79017
2018-04-17,7.07,7.11,6.89,6.93,72783
2018-04-18,7.0,7.07,6.89,7.06,76752
2018-04-19,7.03,7.06,6.9,6.96,114174
2018-04-20,6.94,6.98,6.83,6.84,81213
2018-04-23,6.84,6.95,6.71,6.77,82622
2018-04-24,6.8,7.0,6.8,6.99,102679
2018-04-25,7.01,7.16,6.93,7.05,91543
2018-04-26,7.06,7.12,6.93,6.94,84630
2018-04-27,6.98,7.02,6.88,6.93,71718
2018-05-02,6.96,7.12,6.94,7.06,131389
2018-05-03,7.05,7.11,6.98,7.06,122093
2018-05-04,7.03,7.09,7.02,7.05,68871
2018-05-07,7.09,7.17,7.06,7.15,126604
2018-05-08,7.13,7.19,7.13,7.17,82483
2018-05-09,7.17,7.21,7.11,7.15,73399
2018-05-10,7.14,7.18,7.09,7.16,72532
2018-05-11,7.16,7.18,7.06,7.07,72042
2018-05-14,7.08,7.14,7.06,7.07,57994
2018-05-15,7.06,7.21,7.06,7.16,102362
2018-05-16,7.16,7.16,7.06,7.07,73254
2018-05-17,7.08,7.09,7.02,7.04,59228
2018-05-18,7.05,7.13,6.88,7.12,107884
2018-05-21,7.14,7.24,7.13,7.24,135663
2018-05-22,7.24,7.36,7.2,7.34,137505
2018-05-23,7.29,7.34,7.22,7.25,104766
2018-05-24,7.26,7.28,7.18,7.19,71166
2018-05-25,7.2,7.21,7.12,7.13,69610
2018-05-28,7.11,7.11,6.97,7.0,66796
2018-05-29,7.01,7.08,6.93,6.96,62655
2018-05-30,6.9,6.9,6.59,6.61,134264
2018-05-31,6.67,6.72,6.59,6.66,100477
2018-06-01,6.62,6.7,6.56,6.63,65994
2018-06-04,6.63,6.69,6.45,6.48,116723
2018-06-05,6.53,6.61,6.49,6.6,64738
2018-06-06,6.57,6.64,6.56,6.61,47214
2018-06-07,6.64,6.64,6.51,6.54,53686
2018-06-08,6.53,6.53,6.24,6.33,95581
2018-06-11,6.29,6.4,6.29,6.37,55638
2018-06-12,6.37,6.57,6.31,6.52,69631
2018-06-13,6.5,6.53,6.32,6.35,57348
2018-06-14,6.36,6.63,6.36,6.49,81079
2018-06-15,6.48,6.5,6.27,6.34,68370
2018-06-19,6.26,6.26,5.51,5.6,161908
2018-06-20,5.57,5.69,5.51,5.65,77232
2018-06-21,5.65,5.68,5.17,5.18,165771
2018-06-22,5.16,5.34,5.08,5.3,90060
2018-06-25,5.33,5.42,5.22,5.24,84267
2018-06-26,5.13,5.41,5.08,5.4,91942
2018-06-27,5.36,5.47,5.29,5.38,63608
2018-06-28,5.46,5.54,5.27,5.3,81437
2018-06-29,5.31,5.5,5.3,5.47,67008
2018-07-02,5.52,5.52,5.23,5.3,80571
2018-07-03,5.3,5.41,5.21,5.39,107462
2018-07-04,5.35,5.57,5.29,5.43,184183
2018-07-05,5.34,5.39,5.1,5.12,108884
2018-07-06,5.11,5.24,4.88,5.12,118960
2018-07-09,5.13,5.25,5.13,5.23,89995
2018-07-10,5.23,5.29,5.19,5.24,75654
2018-07-11,5.19,5.19,4.9,5.0,119895
2018-07-12,5.03,5.24,5.0,5.21,111848
2018-07-13,5.22,5.25,5.15,5.21,67363
2018-07-16,5.21,5.23,5.14,5.2,62340
2018-07-17,5.21,5.21,5.1,5.2,67689
2018-07-18,5.21,5.34,5.2,5.26,130345
2018-07-19,5.25,5.27,5.12,5.16,84430
2018-07-20,5.15,5.25,5.07,5.23,88268
2018-07-23,5.19,5.38,5.18,5.36,129701
2018-07-24,5.38,5.62,5.34,5.55,177357
2018-07-25,5.56,5.62,5.5,5.53,102605
2018-07-26,5.53,5.61,5.51,5.54,94151
2018-07-27,5.54,5.64,5.52,5.56,94903
2018-07-30,5.53,5.65,5.44,5.47,132023
2018-07-31,5.45,5.57,5.44,5.55,85499
2018-08-01,5.58,5.6,5.45,5.45,86307
2018-08-02,5.41,5.41,5.02,5.21,122647
2018-08-03,5.2,5.25,5.16,5.17,64278
2018-08-06,5.2,5.24,5.05,5.06,72312
2018-08-07,5.09,5.27,5.02,5.24,87864
2018-08-08,5.21,5.46,5.21,5.24,148257
2018-08-09,5.21,5.39,5.2,5.35,106177
2018-08-10,5.43,5.43,5.33,5.38,64902
2018-08-13,5.28,5.36,5.16,5.34,81663
2018-08-14,5.31,5.47,5.28,5.46,115318
2018-08-15,5.42,5.43,5.24,5.26,117434
2018-08-16,5.16,5.28,5.11,5.2,58379
2018-08-17,5.23,5.28,5.12,5.16,60807
2018-08-20,5.12,5.26,5.11,5.24,67064
2018-08-21,5.24,5.33,5.21,5.3,55288
2018-08-22,5.27,5.31,5.24,5.28,40518
2018-08-23,5.28,5.31,5.14,5.24,65933
2018-08-24,5.22,5.25,5.14,5.2,54551
2018-08-27,5.2,5.37,5.18,5.35,89698
2018-08-28,5.36,5.43,5.33,5.37,69707
2018-08-29,5.36,5.41,5.34,5.4,52952
2018-08-30,5.4,5.41,5.28,5.31,66149
2018-08-31,5.26,5.31,5.2,5.21,72425
2018-09-03,5.2,5.25,5.1,5.23,60683
2018-09-04,5.23,5.33,5.22,5.27,74628
2018-09-05,5.3,5.44,5.27,5.29,115684
2018-09-06,5.29,5.51,5.28,5.44,163779
2018-09-07,5.41,5.53,5.39,5.46,94983
2018-09-10,5.46,5.48,5.37,5.4,79431
2018-09-11,5.41,5.52,5.32,5.49,88631
2018-09-12,5.49,5.65,5.44,5.61,132663
2018-09-13,5.64,5.68,5.55,5.66,83291
2018-09-14,5.67,5.77,5.64,5.64,105408
2018-09-17,5.61,5.67,5.56,5.6,99020
2018-09-18,5.59,5.86,5.56,5.82,112348
2018-09-19,5.76,5.98,5.76,5.79,141707
2018-09-20,5.79,5.82,5.73,5.75,62342
2018-09-21,5.75,5.88,5.69,5.81,80678
2018-09-25,5.81,5.84,5.75,5.83,58090
2018-09-26,5.84,5.9,5.77,5.84,92667
2018-09-27,5.84,5.89,5.74,5.81,80196
2018-09-28,5.84,5.87,5.78,5.84,53967
2018-10-08,5.72,5.75,5.52,5.54,83006
2018-10-09,5.53,6.04,5.53,5.72,108110
2018-10-10,5.73,5.85,5.69,5.85,67586
2018-10-11,5.67,5.69,5.07,5.11,175169
2018-10-12,5.12,5.21,4.82,5.1,113595
2018-10-15,5.06,5.12,4.84,4.87,91286
2018-10-16,4.88,4.97,4.54,4.6,117409
2018-10-17,4.74,4.78,4.59,4.71,68730
2018-10-18,4.7,4.7,4.55,4.57,59572
2018-10-19,4.52,4.76,4.39,4.74,70976
2018-10-22,4.83,5.06,4.77,4.97,121668
2018-10-23,4.99,5.11,4.88,4.91,98468
2018-10-24,4.86,5.04,4.85,4.94,53655
2018-10-25,4.78,4.91,4.66,4.87,66523
2018-10-26,4.93,5.0,4.88,4.92,68314
2018-10-29,4.96,4.96,4.78,4.81,47121
2018-10-30,4.83,5.04,4.79,5.0,73858
2018-10-31,5.02,5.38,5.02,5.28,148943
2018-11-01,5.29,5.47,5.27,5.34,131759
2018-11-02,5.43,5.58,5.4,5.48,120836
2018-11-05,5.58,5.58,5.41,5.54,96531
2018-11-06,5.5,5.67,5.42,5.6,109026
2018-11-07,5.64,5.7,5.58,5.65,114204
2018-11-08,5.68,5.73,5.53,5.55,60935
2018-11-09,5.53,5.68,5.48,5.59,82266
2018-11-12,5.59,5.74,5.54,5.72,102055
2018-11-13,5.65,5.81,5.51,5.72,134869
2018-11-14,5.72,6.03,5.66,5.98,232922
2018-11-15,5.98,6.11,5.87,6.06,147598
2018-11-16,6.06,6.16,5.97,6.06,114113
2018-11-19,6.08,6.14,5.99,6.03,75412
2018-11-20,6.02,6.02,5.84,5.85,113354
2018-11-21,5.77,5.93,5.75,5.91,64044
2018-11-22,5.93,6.09,5.89,5.96,71690
2018-11-23,5.98,6.05,5.71,5.8,116042
2018-11-26,5.84,6.27,5.75,6.17,165182
2018-11-27,6.17,6.21,6.01,6.05,110810
2018-11-28,6.01,6.09,5.85,6.03,73015
2018-11-29,6.05,6.13,5.81,5.82,97800
2018-11-30,5.76,5.89,5.56,5.68,210640
2018-12-03,5.89,6.15,5.89,6.1,221039
2018-12-04,6.14,6.22,6.05,6.21,118244
2018-12-05,6.06,6.17,6.02,6.07,92967
2018-12-06,6.12,6.12,5.87,5.88,77963
2018-12-07,5.96,6.04,5.82,5.9,55720
2018-12-10,5.9,5.9,5.71,5.8,67665
2018-12-11,5.82,5.96,5.82,5.92,57443
2018-12-12,5.93,6.02,5.9,5.96,34441
2018-12-13,6.0,6.17,5.89,6.11,122289
2018-12-14,6.14,6.2,5.96,5.98,69144
2018-12-17,5.97,6.01,5.77,5.9,74728
2018-12-18,5.88,6.07,5.88,6.03,81661
2018-12-19,5.98,6.01,5.73,5.75,82268
2018-12-20,5.72,5.85,5.72,5.78,46055
2018-12-21,5.74,5.92,5.74,5.9,65970
2018-12-24,5.85,5.97,5.78,5.86,57060
2018-12-25,5.82,5.82,5.33,5.46,166006
2018-12-26,5.49,6.01,5.48,5.82,151664
2018-12-27,5.9,6.0,5.81,5.86,88034
2018-12-28,5.9,5.96,5.82,5.95,80023
2019-01-02,5.95,6.05,5.83,5.94,83565
2019-01-03,5.95,6.03,5.78,5.83,72421
2019-01-04,5.77,6.25,5.75,6.23,173789
2019-01-07,6.26,6.54,6.18,6.46,192787
2019-01-08,6.42,6.6,6.39,6.46,146337
2019-01-09,6.58,6.61,6.38,6.4,111390
2019-01-10,6.46,6.59,6.41,6.44,106049
2019-01-11,6.39,6.6,6.37,6.56,115732
2019-01-14,6.62,6.81,6.51,6.59,176575
2019-01-15,6.63,6.72,6.52,6.72,116734
2019-01-16,6.76,6.77,6.52,6.61,88277
2019-01-17,6.58,6.69,6.46,6.56,97342
2019-01-18,6.53,6.66,6.5,6.55,74591
2019-01-21,6.59,6.73,6.55,6.64,76582
2019-01-22,6.65,6.65,6.44,6.46,68027
2019-01-23,6.58,6.78,6.51,6.65,100425
2019-01-24,6.64,6.71,6.52,6.64,78674
2019-01-25,6.81,7.35,6.72,7.12,475807
2019-01-28,7.12,7.82,7.1,7.39,445147
2019-01-29,7.44,7.62,7.2,7.4,274162
2019-01-30,7.42,7.72,7.36,7.45,229228
2019-01-31,7.5,7.68,7.23,7.32,196457
2019-02-01,7.35,7.46,7.25,7.33,150770
2019-02-11,7.46,7.65,7.36,7.62,197046
2019-02-12,7.62,7.68,7.46,7.54,148442
2019-02-13,7.52,7.61,7.43,7.59,158190
2019-02-14,7.49,7.8,7.48,7.7,171265
2019-02-15,7.66,7.71,7.5,7.54,127620
2019-02-18,7.58,7.83,7.53,7.8,186973
2019-02-19,7.8,7.83,7.45,7.57,180005
2019-02-20,7.57,7.65,7.36,7.43,156377
2019-02-21,7.46,7.5,7.26,7.29,151155
2019-02-22,7.36,7.46,7.29,7.44,124178
2019-02-25,7.62,7.9,7.47,7.87,264462
2019-02-26,7.86,8.24,7.7,7.99,336802
2019-02-27,7.96,8.13,7.73,7.8,195110
2019-02-28,7.76,7.94,7.67,7.92,128210
2019-03-01,7.94,8.0,7.73,7.88,126753
2019-03-04,7.92,8.2,7.89,8.03,246516
2019-03-05,8.02,8.31,7.95,8.28,214468
2019-03-06,8.32,8.72,8.24,8.68,334823
2019-03-07,8.62,8.66,8.38,8.52,253917
2019-03-08,8.36,8.36,7.86,7.9,258291
2019-03-11,7.91,8.71,7.91,8.66,394442
2019-03-12,8.75,8.85,8.49,8.58,431842
2019-03-13,8.51,8.62,8.27,8.34,210121
2019-03-14,8.25,8.61,8.25,8.44,212051
2019-03-15,8.44,8.6,8.28,8.33,181188
2019-03-18,8.46,8.76,8.41,8.74,219731
2019-03-19,9.36,9.75,8.97,9.06,531880
2019-03-20,8.96,9.17,8.74,8.87,240145
2019-03-21,8.87,9.08,8.81,8.94,234662
2019-03-22,8.94,8.97,8.67,8.89,196583
2019-03-25,8.74,8.82,8.58,8.62,179030
2019-03-26,8.64,8.72,8.31,8.36,189477
2019-03-27,8.37,8.56,8.32,8.52,133888
2019-03-28,8.52,8.57,8.26,8.27,123641
2019-03-29,8.26,8.67,8.26,8.67,143066
2019-04-01,8.69,9.31,8.56,9.14,341876
2019-04-02,9.24,9.28,8.91,8.95,319836
2019-04-03,8.88,8.93,8.76,8.91,252871
2019-04-04,8.91,9.01,8.76,8.88,231800
2019-04-08,8.98,9.09,8.56,8.68,294208
2019-04-09,8.75,8.89,8.55,8.74,254264
2019-04-10,8.61,9.81,8.34,9.81,654260
2019-04-11,10.36,10.99,10.19,10.99,1045363
2019-04-12,12.28,12.28,11.94,12.28,988849
2019-04-15,13.41,13.7,11.78,11.92,2647092
2019-04-16,11.84,12.51,11.46,12.32,1937526
2019-04-17,12.16,13.75,11.81,13.75,2590089
2019-04-18,13.66,13.81,12.32,12.36,2291189
2019-04-19,11.78,12.32,11.48,12.01,1376693
2019-04-22,11.99,12.84,11.88,12.32,1193078
2019-04-23,12.21,12.21,11.04,11.15,1141139
2019-04-24,11.29,11.8,11.18,11.46,887664
2019-04-25,11.24,11.26,10.28,10.32,1091205
2019-04-26,10.21,10.55,10.16,10.19,573458
2019-04-29,10.17,10.29,9.5,9.57,641108
2019-04-30,9.72,10.21,9.72,10.02,566865
2019-05-06,9.46,9.55,8.82,8.82,683289
2019-05-07,8.94,9.44,8.94,9.14,629097
2019-05-08,8.82,9.32,8.61,8.92,543960
2019-05-09,8.71,9.16,8.71,8.8,394980
2019-05-10,9.04,9.34,8.56,9.31,648410
2019-05-13,9.07,9.17,8.82,8.95,472007
2019-05-14,8.8,9.1,8.71,8.88,368292
2019-05-15,9.01,9.41,8.95,9.33,629313
2019-05-16,9.32,9.35,9.12,9.23,462192
2019-05-17,9.26,9.27,8.28,8.44,664872
2019-05-20,8.45,8.52,8.02,8.34,358545
2019-05-21,8.32,8.66,8.32,8.57,330477
2019-05-22,8.59,8.71,8.28,8.35,311270
2019-05-23,8.26,8.39,8.04,8.11,304558
2019-05-24,8.09,8.3,8.02,8.2,285115
2019-05-27,8.26,9.2,8.11,9.0,651236
2019-05-28,8.87,9.0,8.62,8.77,493292
2019-05-29,8.7,8.76,8.64,8.65,275125
2019-05-30,8.64,8.64,8.33,8.46,259977
2019-05-31,8.51,8.56,8.29,8.36,286368
2019-06-03,8.39,8.41,8.05,8.18,261472
2019-06-04,8.12,8.27,8.06,8.16,188403
2019-06-05,8.28,8.33,8.12,8.15,167607
2019-06-06,8.22,8.36,7.96,8.09,305005
2019-06-10,8.11,8.23,7.98,8.16,191240
2019-06-11,8.19,8.64,8.16,8.54,429955
2019-06-12,8.51,8.62,8.38,8.44,299872
2019-06-13,8.38,9.14,8.36,8.83,526639
2019-06-14,8.72,8.79,8.32,8.34,408709
2019-06-17,8.31,8.47,8.26,8.42,167240
2019-06-18,8.42,8.51,8.31,8.45,130692
2019-06-19,8.76,8.81,8.51,8.51,270587
2019-06-20,8.49,8.93,8.47,8.77,373841
2019-06-21,8.78,9.04,8.77,8.93,378491
2019-06-24,8.94,8.94,8.72,8.8,246177
2019-06-25,8.81,8.81,8.54,8.64,221732
2019-06-26,8.57,8.73,8.52,8.66,116959
2019-06-27,8.79,9.01,8.74,8.81,286721
2019-06-28,8.86,8.88,8.56,8.68,182274
2019-07-01,8.88,9.15,8.79,9.05,429367
2019-07-02,9.03,9.18,8.91,9.08,312807
2019-07-03,9.08,9.08,8.82,8.87,224071
2019-07-04,8.84,8.93,8.72,8.79,181558
2019-07-05,8.8,8.86,8.71,8.83,143912
2019-07-08,8.75,8.76,8.18,8.26,286310
2019-07-09,8.21,8.37,8.18,8.31,126901
2019-07-10,8.32,8.36,8.12,8.16,126114
2019-07-11,8.2,8.3,8.08,8.17,110976
2019-07-12,8.17,8.26,8.1,8.18,121732
2019-07-15,8.19,8.39,7.98,8.32,183151
2019-07-16,8.25,8.38,8.23,8.33,102890
2019-07-17,8.34,8.57,8.27,8.43,192904
2019-07-18,8.36,8.36,8.15,8.16,137291
2019-07-19,8.3,8.44,8.28,8.31,162958
2019-07-22,8.4,8.44,8.18,8.2,133512
2019-07-23,8.26,8.28,8.15,8.25,88068
2019-07-24,8.31,8.45,8.27,8.39,147988
2019-07-25,8.35,8.41,8.32,8.34,86132
2019-07-26,8.36,8.38,8.26,8.32,94460
2019-07-29,8.37,8.38,8.26,8.31,83707
2019-07-30,8.31,8.45,8.29,8.34,122707
2019-07-31,8.31,8.32,8.2,8.22,101737
2019-08-01,8.14,8.22,8.09,8.1,135423
2019-08-02,7.96,7.96,7.57,7.64,326908
2019-08-05,7.47,7.69,7.43,7.45,150776
2019-08-06,7.24,7.25,6.94,7.09,241961
2019-08-07,7.16,7.2,7.07,7.07,100166
2019-08-08,7.08,7.19,7.08,7.12,91660
2019-08-09,7.19,7.25,6.95,6.98,111552
2019-08-12,6.91,7.12,6.88,7.12,82554
2019-08-13,7.05,7.12,7.0,7.08,63989
2019-08-14,7.19,7.26,7.07,7.1,86793
2019-08-15,6.91,7.14,6.81,7.12,112209
2019-08-16,7.17,7.21,7.08,7.1,99406
2019-08-19,7.14,7.86,7.14,7.75,292721
2019-08-20,7.74,7.74,7.47,7.49,199337
2019-08-21,7.49,7.57,7.44,7.51,83751
2019-08-22,7.55,7.71,7.47,7.61,122155
2019-08-23,7.58,7.65,7.51,7.53,89048
2019-08-26,7.33,7.46,7.28,7.38,90057
2019-08-27,7.48,7.7,7.48,7.57,168655
2019-08-28,7.62,7.74,7.53,7.65,112238
2019-08-29,7.59,7.69,7.53,7.59,82455
2019-08-30,7.63,7.67,7.38,7.56,102983
2019-09-02,7.56,8.06,7.54,7.86,261896
2019-09-03,7.81,7.96,7.73,7.79,158580
2019-09-04,7.81,7.91,7.77,7.88,149666
2019-09-05,7.91,8.22,7.91,7.93,287264
2019-09-06,7.95,8.1,7.85,7.91,136035
2019-09-09,7.98,8.22,7.95,8.22,232560
2019-09-10,8.25,8.32,8.08,8.23,201364
2019-09-11,8.25,8.55,8.18,8.32,258777
2019-09-12,8.31,8.41,8.2,8.29,142206
2019-09-16,8.4,8.43,8.1,8.18,173402
2019-09-17,8.1,8.12,7.84,7.87,217853
2019-09-18,7.92,7.94,7.74,7.78,111323
2019-09-19,7.83,7.93,7.74,7.91,107089
2019-09-20,7.91,7.92,7.78,7.88,129148
2019-09-23,7.86,7.86,7.59,7.65,134591
2019-09-24,7.67,7.78,7.62,7.65,100371
2019-09-25,7.71,7.71,7.45,7.47,113443
2019-09-26,7.5,7.53,7.22,7.26,109188
2019-09-27,7.3,7.39,7.27,7.33,80326
2019-09-30,7.42,7.58,7.38,7.38,92366
2019-10-08,7.35,7.42,7.27,7.29,92194
2019-10-09,7.22,7.38,7.17,7.36,67731
2019-10-10,7.39,7.48,7.35,7.45,73389
2019-10-11,7.47,7.52,7.38,7.48,87605
2019-10-14,7.54,7.67,7.54,7.61,114476
2019-10-15,7.59,7.6,7.45,7.49,73574
2019-10-16,7.51,7.59,7.43,7.44,61787
2019-10-17,7.43,7.57,7.42,7.49,61752
2019-10-18,7.49,7.53,7.32,7.34,71644
2019-10-21,7.34,7.41,7.22,7.39,62608
2019-10-22,7.39,7.44,7.32,7.42,46978
2019-10-23,7.43,7.43,7.27,7.28,68167
2019-10-24,7.28,7.33,7.23,7.3,55542
2019-10-25,7.33,7.35,7.2,7.35,71995
2019-10-28,7.29,7.48,7.27,7.47,98328
2019-10-29,7.51,7.51,7.26,7.28,86744
2019-10-30,7.28,7.29,7.09,7.11,101219
2019-10-31,7.08,7.16,7.01,7.01,85188
2019-11-01,7.0,7.16,6.98,7.07,77964
2019-11-04,7.07,7.15,7.06,7.09,72761
2019-11-05,7.1,7.2,7.03,7.17,76800
2019-11-06,7.22,7.22,7.0,7.04,88024
2019-11-07,7.07,7.12,7.02,7.07,48503
2019-11-08,7.1,7.28,7.1,7.14,103966
2019-11-11,7.1,7.1,6.88,6.91,103574
2019-11-12,6.89,6.91,6.78,6.86,67070
2019-11-13,6.88,6.88,6.69,6.72,72084
2019-11-14,6.73,6.84,6.67,6.8,64670
2019-11-15,6.76,6.9,6.7,6.76,55771
2019-11-18,6.76,6.79,6.65,6.78,51503
2019-11-19,6.75,6.89,6.74,6.89,46640
2019-11-20,6.9,6.91,6.77,6.78,43751
2019-11-21,6.76,6.87,6.7,6.84,37070
2019-11-22,6.84,7.02,6.81,6.93,77402
2019-11-25,6.93,7.05,6.81,7.05,71807
2019-11-26,7.05,7.1,6.98,7.07,75937
2019-11-27,7.05,7.12,6.98,7.04,63614
2019-11-28,7.04,7.05,6.99,7.03,39251
2019-11-29,7.03,7.08,6.97,7.06,50040
2019-12-02,7.1,7.1,6.96,7.01,45842
2019-12-03,7.01,7.08,6.91,7.06,46358
2019-12-04,7.05,7.13,6.99,7.12,49538
2019-12-05,7.16,7.23,7.15,7.2,67268
2019-12-06,7.23,7.25,7.11,7.21,40326
2019-12-09,7.21,7.25,7.18,7.21,40240
2019-12-10,7.21,7.21,7.1,7.17,49850
2019-12-11,7.22,7.22,7.07,7.11,46377
2019-12-12,7.08,7.16,7.05,7.11,75276
2019-12-13,7.14,7.23,7.13,7.17,91046
2019-12-16,7.2,7.33,7.18,7.32,127525
2019-12-17,7.31,7.46,7.27,7.41,123130
2019-12-18,7.5,7.56,7.42,7.47,124412
2019-12-19,7.46,7.6,7.4,7.58,114443
2019-12-20,7.57,7.66,7.51,7.52,100394
2019-12-23,7.47,7.47,7.2,7.21,100156
2019-12-24,7.2,7.43,7.19,7.38,69000
2019-12-25,7.39,7.39,7.26,7.3,70360
2019-12-26,7.29,7.48,7.26,7.45,95715
2019-12-27,7.43,7.52,7.3,7.31,117056
2019-12-30,7.28,7.38,7.15,7.34,95800
2019-12-31,7.36,7.38,7.29,7.36,53414
2020-01-02,7.42,7.54,7.41,7.52,148122
2020-01-03,7.47,7.67,7.46,7.67,161849
2020-01-06,7.62,7.84,7.56,7.69,264230
2020-01-07,7.69,7.74,7.62,7.71,148263
2020-01-08,7.65,7.65,7.41,7.44,190594
2020-01-09,7.51,7.63,7.51,7.62,135384
2020-01-10,7.62,7.65,7.46,7.49,104215
2020-01-13,7.48,7.66,7.41,7.66,116712
2020-01-14,7.64,7.73,7.59,7.6,108764
2020-01-15,7.61,7.62,7.49,7.53,73015
2020-01-16,7.52,7.59,7.48,7.52,69010
2020-01-17,7.54,7.57,7.44,7.45,77581
2020-01-20,7.44,7.7,7.37,7.62,131799
2020-01-21,7.62,7.63,7.48,7.49,97761
2020-01-22,7.47,7.48,7.29,7.45,97376
2020-01-23,7.42,7.42,6.98,7.05,164186
2020-02-03,6.16,6.16,6.16,6.16,44550
2020-02-04,5.37,6.12,5.37,5.92,254727
2020-02-05,5.94,6.11,5.88,5.96,177694
2020-02-06,5.98,6.09,5.87,6.05,152412
2020-02-07,6.03,6.21,5.97,6.2,145879
2020-02-10,6.17,6.52,6.12,6.44,180693
2020-02-11,6.47,6.85,6.47,6.48,216295
2020-02-12,6.45,6.65,6.44,6.58,133214
2020-02-13,6.62,6.83,6.53,6.78,241581
2020-02-14,6.77,7.19,6.66,7.19,317984
2020-02-17,7.23,7.59,7.17,7.51,414103
2020-02-18,7.57,7.8,7.47,7.8,466274
2020-02-19,7.8,8.21,7.77,8.01,456531
2020-02-20,8.06,8.93,8.0,8.68,688693
2020-02-21,8.67,8.88,8.32,8.38,644466
2020-02-24,8.35,8.63,8.17,8.45,472109
2020-02-25,8.17,8.33,7.83,8.29,505919
2020-02-26,8.08,8.35,7.9,7.96,356971
2020-02-27,8.02,8.13,7.85,7.87,263772
2020-02-28,7.47,7.7,7.25,7.42,363299
2020-03-02,7.5,7.94,7.32,7.81,294909
2020-03-03,7.97,8.3,7.88,8.23,391983
2020-03-04,8.18,8.32,7.97,8.15,230408
2020-03-05,8.25,8.51,8.21,8.28,275452
2020-03-06,8.12,8.35,8.05,8.08,196702
2020-03-09,7.89,7.96,7.52,7.64,261839
2020-03-10,7.44,8.02,7.43,7.98,266850
2020-03-11,7.98,8.04,7.74,7.74,159247
2020-03-12,7.56,7.67,7.49,7.58,132556
2020-03-13,6.87,7.57,6.87,7.48,184156
2020-03-16,7.52,7.56,6.87,6.96,254399
2020-03-17,6.95,7.14,6.62,7.0,165022
2020-03-18,7.11,7.25,6.86,6.86,155099
2020-03-19,6.92,7.23,6.82,7.14,175744
2020-03-20,7.23,7.26,7.05,7.17,113401
2020-03-23,7.02,7.07,6.72,6.8,134713
2020-03-24,6.94,7.06,6.79,6.99,106464
2020-03-25,7.21,7.25,7.0,7.17,145326
2020-03-26,7.11,7.11,6.92,6.95,101536
2020-03-27,7.06,7.08,6.91,6.93,76870
2020-03-30,6.85,6.85,6.52,6.64,110350
2020-03-31,6.74,6.76,6.6,6.61,56103
2020-04-01,6.6,6.71,6.45,6.48,88884
2020-04-02,6.35,6.71,6.35,6.71,76547
2020-04-03,6.65,6.73,6.55,6.65,60000
2020-04-07,6.83,6.87,6.75,6.84,89756
2020-04-08,6.79,6.84,6.75,6.81,60857
2020-04-09,6.84,6.96,6.84,6.87,73797
2020-04-10,6.9,6.91,6.69,6.71,69055
2020-04-13,6.59,6.8,6.59,6.68,45950
2020-04-14,6.74,6.81,6.7,6.8,68986
2020-04-15,6.78,7.13,6.75,6.98,151108
2020-04-16,6.92,7.31,6.9,7.26,199552
2020-04-17,7.26,7.39,7.07,7.09,167986
2020-04-20,7.1,7.25,7.08,7.24,113018
2020-04-21,7.19,7.21,6.95,7.0,104078
2020-04-22,7.01,7.24,6.93,7.14,92731
2020-04-23,7.14,7.15,7.02,7.07,73624
2020-04-24,7.1,7.39,6.8,6.91,217196
2020-04-27,6.83,6.99,6.57,6.58,157667
2020-04-28,6.59,6.66,6.11,6.28,198980
2020-04-29,6.37,6.51,6.35,6.39,131801
2020-04-30,6.46,6.8,6.43,6.78,204557
2020-05-06,6.7,7.41,6.63,7.37,327209
2020-05-07,7.37,7.5,7.29,7.39,231361
2020-05-08,7.43,7.62,7.41,7.54,184159
2020-05-11,7.57,7.64,7.45,7.51,186817
2020-05-12,7.51,7.56,7.36,7.51,125615
2020-05-13,7.47,7.55,7.4,7.47,88083
2020-05-14,7.46,7.47,7.31,7.37,99403
2020-05-15,7.42,7.53,7.29,7.32,119990
2020-05-18,7.4,7.7,7.29,7.53,188400
2020-05-19,7.62,7.65,7.39,7.42,136935
2020-05-20,7.38,7.48,7.32,7.4,97819
2020-05-21,7.39,7.61,7.35,7.38,100717
2020-05-22,7.38,7.38,7.13,7.17,92623
2020-05-25,7.13,7.26,6.97,7.02,84307
2020-05-26,7.12,7.25,7.06,7.22,74938
2020-05-27,7.3,7.32,7.02,7.05,74545
2020-05-28,7.12,7.16,6.92,7.0,69193
2020-05-29,7.0,7.11,6.92,6.93,77027
2020-06-01,6.95,7.24,6.95,7.19,111815
2020-06-02,7.27,7.46,7.24,7.37,127574
2020-06-03,7.38,7.43,7.23,7.23,81720
2020-06-04,7.26,7.34,7.2,7.32,88225
2020-06-05,7.31,7.66,7.14,7.48,246812
2020-06-08,7.54,7.54,7.19,7.21,189423
2020-06-09,7.22,7.32,7.09,7.28,113926
2020-06-10,7.27,7.27,7.12,7.14,104402
2020-06-11,7.16,7.34,7.1,7.18,158744
2020-06-12,7.12,7.49,7.02,7.44,294498
2020-06-15,7.36,7.49,7.24,7.29,237163
2020-06-16,7.36,7.4,7.3,7.37,127551
2020-06-17,7.4,7.4,7.23,7.31,115617
2020-06-18,7.29,7.34,7.22,7.26,83190
2020-06-19,7.28,7.42,7.27,7.33,179516
2020-06-22,7.37,7.4,7.27,7.28,152793
2020-06-23,7.27,7.31,7.18,7.2,114139
2020-06-24,7.22,7.24,7.11,7.14,104415
2020-06-29,7.14,7.14,6.94,6.97,111214
2020-06-30,6.97,7.07,6.97,7.02,111376
2020-07-01,7.01,7.11,6.94,7.09,120151
2020-07-02,7.04,7.34,7.03,7.31,210842
2020-07-03,7.31,7.52,7.29,7.46,253109
2020-07-06,7.56,7.94,7.55,7.85,385833
2020-07-07,8.08,8.15,7.78,7.79,384835
2020-07-08,7.77,8.07,7.74,8.04,316890
2020-07-09,8.07,8.53,8.07,8.4,444906
2020-07-10,8.39,8.63,8.14,8.16,345018
2020-07-13,8.13,8.52,8.12,8.46,320044
2020-07-14,8.48,8.59,8.18,8.34,319428
2020-07-15,8.47,8.52,8.08,8.16,286678
2020-07-16,8.24,8.4,7.78,7.82,295605
2020-07-17,7.86,7.93,7.6,7.7,223990
2020-07-20,7.76,8.25,7.76,8.25,304370
2020-07-21,8.27,8.45,8.19,8.24,259347
2020-07-22,8.23,8.37,8.1,8.15,254581
2020-07-23,8.17,8.25,7.88,8.18,220607
2020-07-24,8.17,8.28,7.79,7.81,246055
2020-07-27,7.81,7.97,7.75,7.84,143335
2020-07-28,7.84,7.95,7.64,7.74,168350
2020-07-29,7.71,7.95,7.6,7.93,154792
2020-07-30,7.97,8.14,7.86,8.09,226904
2020-07-31,8.08,8.62,8.04,8.53,562142
2020-08-03,8.66,9.0,8.59,8.82,527307
2020-08-04,8.89,8.94,8.5,8.58,324622
2020-08-05,8.53,8.6,8.33,8.47,226524
2020-08-06,8.53,8.57,8.25,8.42,246151
2020-08-07,8.39,8.45,8.2,8.39,249560
2020-08-10,8.31,8.56,8.25,8.42,272155
2020-08-11,8.45,8.69,8.24,8.24,376614
2020-08-12,8.2,8.22,7.81,8.04,321426
2020-08-13,8.06,8.44,8.04,8.32,278558
2020-08-14,8.25,8.31,8.02,8.23,195059
2020-08-17,8.23,8.5,8.15,8.43,260247
2020-08-18,8.44,8.77,8.37,8.6,376318
2020-08-19,8.57,8.97,8.43,8.51,347732
2020-08-20,8.49,8.74,8.3,8.35,236980
2020-08-21,8.35,8.44,8.25,8.34,180775
2020-08-24,8.42,8.43,8.29,8.32,130910
2020-08-25,8.3,8.38,8.08,8.16,204314
2020-08-26,8.16,8.33,8.01,8.06,164550
2020-08-27,8.11,8.24,8.02,8.22,101390
2020-08-28,8.27,8.5,8.22,8.49,228810
2020-08-31,8.54,8.71,8.39,8.39,225026
2020-09-01,8.39,8.71,8.38,8.68,287179
2020-09-02,8.68,8.81,8.47,8.63,211443
2020-09-03,8.84,9.01,8.51,8.61,358181
2020-09-04,8.4,8.72,8.28,8.69,245575
2020-09-07,8.8,9.0,8.68,8.72,388281
2020-09-08,8.7,8.92,8.7,8.8,256767
2020-09-09,8.73,8.88,8.5,8.5,316828
2020-09-10,8.63,8.72,8.23,8.27,262902
2020-09-11,8.24,8.41,8.12,8.32,218664
2020-09-14,8.42,8.77,8.38,8.73,348771
2020-09-15,8.73,8.79,8.56,8.73,210465
2020-09-16,8.78,9.73,8.72,9.49,958107
2020-09-17,9.49,9.68,9.37,9.43,646753
2020-09-18,9.55,9.72,9.23,9.48,553396
2020-09-21,9.51,9.93,9.34,9.4,487228
2020-09-22,9.26,9.6,9.18,9.3,383656
2020-09-23,9.41,9.71,9.32,9.36,403627
2020-09-24,9.34,9.45,9.15,9.18,325251
2020-09-25,9.18,9.29,8.94,9.02,294867
2020-09-28,9.14,9.18,8.92,9.0,209719
2020-09-29,9.09,9.35,9.04,9.31,263607
2020-09-30,9.24,9.27,8.38,8.54,527398
2020-10-09,9.08,9.56,9.03,9.56,426137
2020-10-12,9.78,10.15,9.58,10.02,746591
2020-10-13,9.99,10.15,9.92,10.03,393149
2020-10-14,10.04,10.34,9.95,10.12,477223
2020-10-15,10.31,10.43,9.81,9.83,445897
2020-10-16,9.86,10.0,9.69,9.81,293362
2020-10-19,9.9,10.2,9.49,9.54,441291
2020-10-20,9.58,9.7,9.46,9.7,243628
2020-10-21,9.7,9.71,9.22,9.36,312897
2020-10-22,9.29,9.43,9.19,9.34,186552
2020-10-23,9.38,9.48,9.09,9.13,221466
2020-10-26,9.09,9.31,9.03,9.28,169784
2020-10-27,9.19,9.24,8.99,9.19,170028
2020-10-28,9.15,9.4,8.95,9.36,244245
2020-10-29,9.19,9.71,9.15,9.63,367812
2020-10-30,9.54,9.6,8.78,8.98,610167
2020-11-02,8.91,9.0,8.69,8.87,263009
2020-11-03,8.97,9.18,8.92,9.03,249080
2020-11-04,9.02,9.02,8.62,8.7,291351
2020-11-05,8.8,9.09,8.7,9.04,289037
2020-11-06,9.07,9.16,8.76,8.86,205145
2020-11-09,8.96,9.26,8.94,9.26,304666
2020-11-10,9.26,9.28,8.92,8.99,248026
2020-11-11,8.97,9.14,8.85,8.91,197224
2020-11-12,8.94,8.97,8.73,8.74,164359
2020-11-13,8.74,8.77,8.56,8.62,159056
2020-11-16,8.63,8.79,8.48,8.77,176873
2020-11-17,8.73,8.74,8.58,8.69,130272
2020-11-18,8.64,8.88,8.64,8.81,167519
2020-11-19,8.78,8.82,8.7,8.75,114592
2020-11-20,8.75,8.78,8.55,8.7,158994
2020-11-23,8.72,8.96,8.68,8.93,236428
2020-11-24,8.96,9.11,8.9,9.02,235555
2020-11-25,9.11,9.67,9.08,9.3,547635
2020-11-26,9.33,9.44,9.13,9.24,274939
2020-11-27,9.24,9.33,9.05,9.27,209821
2020-11-30,9.4,9.51,9.0,9.0,341478
2020-12-01,9.04,9.36,8.93,9.29,281972
2020-12-02,9.29,9.37,9.08,9.26,292239
2020-12-03,9.3,9.31,9.03,9.04,207972
2020-12-04,9.01,9.11,8.88,8.96,155426
2020-12-07,8.96,9.1,8.88,8.95,164005
2020-12-08,8.99,9.19,8.96,9.07,184623
2020-12-09,9.05,9.08,8.63,8.63,317202
2020-12-10,8.63,8.7,8.54,8.57,146658
2020-12-11,8.54,8.64,8.18,8.28,287605
2020-12-14,8.28,8.43,8.26,8.39,112614
2020-12-15,8.39,8.41,8.27,8.36,85303
2020-12-16,8.35,8.48,8.29,8.33,90130
2020-12-17,8.33,8.42,8.07,8.39,161418
2020-12-18,8.38,8.53,8.38,8.41,134068
2020-12-21,8.48,8.77,8.43,8.75,221805
2020-12-22,8.73,8.96,8.55,8.58,267389
2020-12-23,8.64,9.01,8.6,8.91,282286
2020-12-24,8.88,8.96,8.72,8.82,155240
2020-12-25,8.79,9.03,8.7,8.94,246891
2020-12-28,8.97,9.01,8.71,8.82,203919
2020-12-29,8.78,8.8,8.35,8.35,267857
2020-12-30,8.33,8.46,8.24,8.32,196135
2020-12-31,8.38,8.48,8.25,8.35,265221
2021-01-04,8.36,9.35,8.35,9.16,989553
2021-01-05,9.11,9.22,8.99,9.12,642313
2021-01-06,9.11,9.13,8.88,9.03,299859
2021-01-07,9.01,9.18,8.81,9.08,410025
2021-01-08,9.11,9.48,8.89,9.21,613198
2021-01-11,9.08,9.08,8.56,8.68,457372
2021-01-12,8.6,8.78,8.54,8.7,298379
2021-01-13,8.74,9.73,8.66,9.73,1146720
2021-01-14,9.98,10.44,9.86,9.95,1313654
2021-01-15,9.78,10.12,9.39,9.43,816226
2021-01-18,9.57,10.19,9.56,9.84,695530
2021-01-19,9.93,10.03,9.43,9.44,549868
2021-01-20,9.56,9.73,9.44,9.53,356633
2021-01-21,9.5,9.85,9.35,9.72,495364
2021-01-22,9.69,10.15,9.52,9.96,787414
2021-01-25,10.1,11.12,10.03,11.12,1052285
2021-01-26,11.05,11.36,10.73,10.73,1174682
2021-01-27,11.08,11.34,10.78,11.28,1005209
2021-01-28,10.9,11.05,10.41,10.48,843124
2021-01-29,10.65,10.93,10.24,10.86,716812
2021-02-01,10.8,12.11,10.44,11.63,900890
2021-02-02,11.43,12.04,11.23,11.55,819051
2021-02-03,11.57,12.33,11.26,11.77,942784
2021-02-04,11.58,12.3,11.55,11.58,919359
2021-02-05,11.38,11.48,10.26,10.26,1270237
2021-02-08,9.99,10.24,9.45,9.84,685196
2021-02-09,9.89,10.68,9.88,10.53,643317
2021-02-10,10.38,10.66,10.24,10.32,495238
2021-02-18,10.73,10.93,10.38,10.44,578862
2021-02-19,10.42,10.98,10.3,10.97,520456
2021-02-22,11.0,11.46,10.83,10.95,684590
2021-02-23,10.77,11.65,10.73,11.34,633334
2021-02-24,11.17,11.34,10.52,11.0,626793
2021-02-25,10.99,11.08,10.46,10.48,448561
2021-02-26,10.23,10.53,10.16,10.23,369975
2021-03-01,10.34,10.59,10.26,10.5,289418
2021-03-02,10.63,10.81,10.32,10.76,414070
2021-03-03,10.57,10.79,10.43,10.75,333755
2021-03-04,10.63,10.66,10.15,10.29,394562
2021-03-05,10.04,10.65,10.0,10.5,329233
2021-03-08,10.81,11.71,10.81,11.11,1243485
2021-03-09,11.07,11.08,9.96,10.18,942318
2021-03-10,10.33,10.43,10.09,10.15,330105
2021-03-11,10.1,10.5,10.08,10.38,365938
2021-03-12,10.46,11.36,10.23,11.23,916123
2021-03-15,11.23,11.63,11.01,11.18,654712
2021-03-16,11.24,11.63,11.13,11.28,604230
2021-03-17,11.28,11.29,10.78,11.05,461822
2021-03-18,11.09,11.48,10.9,11.42,634562
2021-03-19,11.14,11.68,10.95,11.35,693421
2021-03-22,11.48,12.15,11.35,12.05,849082
2021-03-23,12.04,12.04,11.05,11.24,783534
2021-03-24,10.96,11.4,10.91,11.08,425435
2021-03-25,10.94,11.03,10.45,10.55,467623
2021-03-26,10.69,11.21,10.61,11.05,446979
2021-03-29,11.04,11.21,10.88,11.11,360332
2021-03-30,11.0,11.02,10.65,10.89,305797
2021-03-31,10.87,11.26,10.8,11.09,430383
2021-04-01,11.08,11.41,11.0,11.2,401335
2021-04-02,11.15,11.28,10.78,10.89,394564
2021-04-06,10.9,11.63,10.9,11.42,622986
2021-04-07,11.45,11.67,11.3,11.56,558819
2021-04-08,11.47,11.47,11.18,11.38,358412
2021-04-09,11.33,11.76,11.29,11.39,515600
2021-04-12,11.21,11.26,10.71,10.89,499944
2021-04-13,10.78,10.87,10.36,10.44,408259
2021-04-14,10.45,10.64,10.44,10.58,226732
2021-04-15,10.53,10.53,10.16,10.39,294438
2021-04-16,10.3,10.51,10.3,10.45,225195
2021-04-19,10.48,10.68,10.4,10.58,221624
2021-04-20,10.53,10.58,10.33,10.33,251338
2021-04-21,10.23,10.41,10.06,10.26,243133
2021-04-22,10.33,10.5,10.18,10.28,187935
2021-04-23,10.35,10.52,10.27,10.43,219035
2021-04-26,10.36,10.36,10.04,10.1,312155
2021-04-27,10.0,10.1,9.58,9.69,320487
2021-04-28,9.64,9.82,9.63,9.76,141349
2021-04-29,9.77,9.85,9.63,9.78,151216
2021-04-30,9.87,10.02,9.66,9.77,207016
2021-05-06,9.92,10.11,9.77,9.81,195555
2021-05-07,9.82,10.03,9.72,9.83,222552
2021-05-10,9.78,9.78,9.47,9.51,266391
2021-05-11,9.5,9.73,9.41,9.67,197533
2021-05-12,9.62,9.67,9.49,9.62,132983
2021-05-13,9.54,9.59,9.39,9.41,188821
2021-05-14,9.39,9.68,9.39,9.64,184971
2021-05-17,9.66,9.91,9.65,9.73,214273
2021-05-18,9.76,9.8,9.64,9.67,138419
2021-05-19,9.73,10.08,9.64,9.96,226383
2021-05-20,9.94,10.03,9.79,9.9,157638
2021-05-21,10.0,10.08,9.79,9.84,165468
2021-05-24,9.79,9.81,9.55,9.58,176635
2021-05-25,9.6,9.83,9.53,9.77,172665
2021-05-26,9.78,9.88,9.7,9.76,160395
2021-05-27,9.7,9.91,9.68,9.88,177411
2021-05-28,9.87,9.97,9.76,9.8,163106
2021-05-31,9.78,9.81,9.44,9.58,262637
2021-06-01,9.56,9.56,9.43,9.53,151872
2021-06-02,9.58,9.87,9.54,9.58,254976
2021-06-03,9.53,9.56,9.39,9.41,214143
2021-06-04,9.41,9.43,9.03,9.07,345346
2021-06-07,9.06,9.2,9.03,9.09,200324
2021-06-08,9.07,9.14,8.92,8.93,195121
2021-06-09,8.95,9.06,8.8,9.01,190284
2021-06-10,9.06,9.08,8.95,9.05,195132
2021-06-11,9.09,9.21,9.05,9.09,234895
2021-06-15,9.17,9.2,9.05,9.15,177416
2021-06-16,9.12,9.19,8.91,9.05,165150
2021-06-17,9.06,9.17,9.01,9.17,132686
2021-06-18,9.14,9.17,8.98,9.09,149278
2021-06-21,9.08,9.13,8.94,8.96,193252
2021-06-22,8.98,9.29,8.95,9.12,249399
2021-06-23,9.15,9.21,9.0,9.1,169534
2021-06-24,9.07,9.45,9.06,9.34,333794
2021-06-25,9.31,9.4,9.2,9.4,208302
2021-06-28,9.44,9.47,9.3,9.39,159871
2021-06-29,9.38,9.59,9.29,9.33,239231
2021-06-30,9.26,9.46,9.18,9.35,178137
2021-07-01,9.39,9.43,9.04,9.04,174943
2021-07-02,8.96,9.03,8.76,8.79,206727
2021-07-05,8.79,8.94,8.58,8.66,218612
2021-07-06,8.7,8.82,8.63,8.79,139827
2021-07-07,8.7,8.88,8.62,8.86,173344
2021-07-08,8.84,9.05,8.82,8.96,221766
2021-07-09,8.93,9.04,8.88,9.04,169338
2021-07-12,9.13,9.35,9.07,9.13,212450
2021-07-13,9.23,9.43,9.16,9.38,260167
2021-07-14,9.38,9.39,9.15,9.17,174121
2021-07-15,9.18,9.38,9.04,9.35,198488
2021-07-16,9.34,9.5,9.25,9.27,197252
2021-07-19,9.24,9.63,9.19,9.46,308742
2021-07-20,9.34,9.59,9.22,9.51,243757
2021-07-21,9.51,9.62,9.36,9.43,205519
2021-07-22,9.44,9.73,9.37,9.67,326587
2021-07-23,9.67,9.88,9.62,9.79,389149
2021-07-26,9.88,10.0,9.48,9.67,340063
2021-07-27,9.6,10.08,9.58,9.69,496419
2021-07-28,9.62,9.64,9.09,9.43,357761
2021-07-29,9.55,9.97,9.44,9.84,397322
2021-07-30,9.88,10.22,9.8,10.21,551929
2021-08-02,10.34,10.47,10.08,10.19,592023
2021-08-03,10.21,10.36,9.96,10.24,443751
2021-08-04,10.11,10.33,10.04,10.17,354756
2021-08-05,10.14,10.5,10.09,10.49,528406
2021-08-06,10.56,11.01,10.41,10.5,694658
2021-08-09,10.43,10.79,10.43,10.65,447173
2021-08-10,10.54,11.06,10.48,10.9,509204
2021-08-11,11.21,11.75,10.96,11.52,893861
2021-08-12,11.36,11.56,11.18,11.4,599201
2021-08-13,11.31,12.01,11.22,11.73,654203
2021-08-16,11.73,12.14,11.48,11.93,646428
2021-08-17,12.26,13.27,12.26,12.72,1798804
2021-08-18,12.76,14.14,12.64,14.14,1815422
2021-08-19,14.56,14.76,13.08,14.0,1649239
2021-08-20,13.66,15.54,13.44,15.22,2371881
2021-08-23,15.36,15.45,14.42,15.21,1818955
2021-08-24,15.01,15.2,13.86,14.06,1512474
2021-08-25,14.01,14.37,13.71,14.23,959557
2021-08-26,14.0,14.68,13.76,14.02,992352
2021-08-27,14.08,14.62,13.5,13.7,1005579
2021-08-30,13.72,14.54,13.71,14.41,1068399
2021-08-31,14.56,14.57,13.68,14.39,775302
2021-09-01,14.26,15.0,13.53,13.73,905848
2021-09-02,13.64,15.25,13.57,15.25,1312039
2021-09-03,15.63,16.23,14.84,15.06,1394252
2021-09-06,15.16,15.36,13.86,14.42,1005672
2021-09-07,14.25,14.86,14.08,14.66,766055
2021-09-08,14.94,16.27,14.86,16.27,1230297
2021-09-09,16.27,17.21,15.79,16.57,1375049
2021-09-10,16.8,17.26,15.61,15.84,1311641
2021-09-13,15.6,16.0,15.4,15.76,665521
2021-09-14,15.56,15.82,15.03,15.24,671368
2021-09-15,15.25,16.41,15.24,16.07,825993
2021-09-16,15.89,16.08,14.76,14.87,799334
2021-09-17,14.72,16.11,14.66,15.58,863902
2021-09-22,15.86,17.28,15.76,17.28,967399
2021-09-23,18.06,19.06,17.53,18.73,1478660
2021-09-24,18.54,18.66,17.47,17.85,874630
2021-09-27,18.06,18.26,15.92,15.92,995545
2021-09-28,15.64,16.74,15.64,16.47,718916
2021-09-29,15.96,16.84,15.63,15.85,599719
2021-09-30,15.96,17.2,15.84,16.86,696589
2021-10-08,17.23,17.32,15.03,15.03,963997
2021-10-11,14.97,15.06,13.81,13.88,816263
2021-10-12,13.73,14.18,13.14,13.53,594989
2021-10-13,13.48,13.97,13.12,13.73,468886
2021-10-14,13.54,14.49,13.3,14.16,504878
2021-10-15,14.15,14.49,13.72,14.11,371259
2021-10-18,14.26,14.71,14.15,14.38,392952
2021-10-19,14.42,14.76,14.18,14.66,362266
2021-10-20,14.56,15.11,14.33,14.78,347013
2021-10-21,14.74,15.17,14.59,14.78,333220
2021-10-22,14.71,14.96,14.36,14.37,345352
2021-10-25,14.46,15.95,14.46,15.95,541329
2021-10-26,16.26,16.98,16.06,16.24,827354
2021-10-27,16.26,16.88,16.16,16.55,633461
2021-10-28,16.45,18.16,16.36,17.31,995800
2021-10-29,17.07,17.48,16.39,16.71,764239
2021-11-01,16.56,16.74,15.81,16.35,639261
2021-11-02,16.23,17.05,15.75,16.51,735986
2021-11-03,16.26,18.06,16.17,17.79,1061392
2021-11-04,17.8,18.89,17.27,18.31,955835
2021-11-05,18.29,18.34,17.06,17.06,744165
2021-11-08,17.1,17.56,16.76,16.81,471278
2021-11-09,17.06,17.69,17.05,17.31,491565
2021-11-10,17.17,17.17,16.06,16.8,429597
2021-11-11,16.63,16.96,16.29,16.86,422590
2021-11-12,16.71,17.71,16.58,17.68,519006
2021-11-15,17.46,17.89,16.27,16.32,653461
2021-11-16,16.33,16.52,15.64,15.74,532572
2021-11-17,15.67,16.03,15.44,15.76,509635
2021-11-18,15.94,16.41,15.62,16.04,483046
2021-11-19,15.84,17.79,15.64,17.79,822611
2021-11-22,18.44,18.76,17.89,18.13,1161982
2021-11-23,18.43,19.31,17.99,18.41,918126
2021-11-24,18.16,18.79,17.84,18.01,585198
2021-11-25,18.11,19.2,17.71,18.68,878699
2021-11-26,18.46,18.92,18.12,18.76,581125
2021-11-29,18.35,19.95,18.24,19.55,876756
2021-11-30,19.56,19.92,18.75,18.96,727211
2021-12-01,18.87,19.3,18.36,18.75,497040
2021-12-02,18.75,19.81,18.41,19.22,661889
2021-12-03,19.06,21.01,18.95,20.47,919689
2021-12-06,20.55,21.16,20.13,20.36,655737
2021-12-07,20.75,21.22,20.24,20.65,642165
2021-12-08,20.85,21.02,19.06,19.94,821826
2021-12-09,19.93,20.47,19.46,20.01,502745
2021-12-10,19.77,19.8,18.71,18.89,730211
2021-12-13,19.06,20.05,18.84,19.83,651221
2021-12-14,19.61,20.12,19.41,19.58,388040
2021-12-15,19.46,20.66,19.15,20.35,762358
2021-12-16,20.34,21.18,20.16,20.98,612536
2021-12-17,20.93,21.98,20.46,20.47,652219
2021-12-20,20.31,20.58,19.22,19.47,580977
2021-12-21,19.56,19.76,18.95,19.67,352794
2021-12-22,19.65,19.92,19.16,19.23,294266
2021-12-23,19.12,21.01,19.04,20.55,550077
2021-12-24,20.41,20.82,19.71,19.75,353825
2021-12-27,19.82,21.27,19.82,20.17,507623
2021-12-28,20.01,20.23,18.54,19.2,655568
2021-12-29,19.25,19.86,18.78,18.96,395906
2021-12-30,18.94,20.76,18.76,20.26,782406
2021-12-31,20.57,20.77,19.94,19.98,378440
2022-01-04,20.39,20.5,19.1,19.19,522106
2022-01-05,19.26,19.29,18.33,18.5,533359
2022-01-06,18.23,20.13,18.18,19.55,608411
2022-01-07,19.77,20.01,18.56,18.66,469835
2022-01-10,18.53,18.64,17.94,18.27,367107
2022-01-11,18.27,18.96,18.19,18.49,282412
2022-01-12,18.65,19.1,18.56,18.7,223837
2022-01-13,18.61,18.63,16.69,16.78,664911
2022-01-14,16.51,16.82,16.22,16.33,477688
2022-01-17,16.39,17.08,16.12,16.78,322280
2022-01-18,16.66,17.86,16.58,17.37,409134
2022-01-19,17.29,17.8,17.08,17.36,256724
2022-01-20,17.26,17.56,16.88,17.24,203776
2022-01-21,17.16,17.41,16.72,16.88,182296
2022-01-24,16.74,17.39,16.73,17.3,173666
2022-01-25,17.26,17.51,16.36,16.36,234088
2022-01-26,16.62,17.4,16.5,16.78,303323
2022-01-27,16.66,17.1,16.16,16.23,220709
2022-01-28,16.53,16.53,15.46,15.71,279696
2022-02-07,16.05,16.48,15.99,16.09,229514
2022-02-08,16.15,16.34,15.79,16.31,216577
2022-02-09,16.31,16.67,16.08,16.5,191230
2022-02-10,16.35,16.56,15.92,16.02,247368
2022-02-11,15.91,15.98,14.92,15.11,469083
2022-02-14,15.1,15.17,14.36,14.55,438723
2022-02-15,14.65,14.86,14.54,14.82,307446
2022-02-16,14.91,15.02,14.69,14.77,279031
2022-02-17,14.66,14.84,14.46,14.73,419660
2022-02-18,14.54,14.75,14.46,14.57,225120
2022-02-21,14.56,14.61,14.3,14.57,245785
2022-02-22,14.48,14.48,13.96,14.17,299592
2022-02-23,14.34,14.89,14.31,14.78,488651
2022-02-24,14.66,15.34,14.38,14.58,471020
2022-02-25,14.86,15.15,14.72,14.95,355454
2022-02-28,14.96,15.19,14.65,14.82,297120
2022-03-01,15.02,15.23,14.7,14.87,297670
2022-03-02,14.71,15.01,14.64,14.92,233047
2022-03-03,15.06,15.15,14.78,14.84,271803
2022-03-04,14.65,14.74,14.32,14.43,226881
2022-03-07,14.42,14.42,13.89,14.04,249988
2022-03-08,14.11,14.16,13.26,13.32,319741
2022-03-09,13.44,13.8,12.64,13.43,380945
2022-03-10,13.81,14.08,13.59,13.86,322041
2022-03-11,13.62,13.81,13.12,13.69,305707
2022-03-14,13.42,13.68,13.07,13.07,202001
2022-03-15,13.01,13.03,11.94,12.0,489487
2022-03-16,12.32,12.56,11.71,12.55,381068
2022-03-17,12.71,13.08,12.62,12.71,407445
2022-03-18,12.72,12.99,12.57,12.91,244205
2022-03-21,12.98,13.02,12.64,12.84,215276
2022-03-22,12.86,13.01,12.7,12.79,187291
2022-03-23,13.25,13.91,13.19,13.29,722823
2022-03-24,13.16,13.57,12.92,12.94,407661
2022-03-25,12.83,12.94,12.53,12.55,268779
2022-03-28,12.4,12.54,12.1,12.37,227399
2022-03-29,12.6,12.63,12.08,12.14,246536
2022-03-30,12.28,12.71,12.26,12.69,315159
2022-03-31,12.64,12.65,11.97,12.12,379040
2022-04-01,12.01,12.21,11.79,12.15,292625
2022-04-06,12.16,12.16,11.66,11.74,376464
2022-04-07,11.7,11.7,11.14,11.16,484991
2022-04-08,11.21,11.41,10.96,11.33,277909
2022-04-11,11.26,11.27,10.62,10.71,313785
2022-04-12,11.06,11.44,11.02,11.36,475238
2022-04-13,11.25,11.35,11.01,11.03,272377
2022-04-14,11.06,11.43,11.06,11.24,307317
2022-04-15,11.17,11.27,10.94,11.13,208459
2022-04-18,11.08,11.34,10.74,11.29,227394
2022-04-19,11.27,11.62,11.21,11.34,261473
2022-04-20,11.42,11.82,11.12,11.17,397138
2022-04-21,11.56,11.66,10.5,10.59,554688
2022-04-22,10.5,10.88,10.32,10.76,319632
2022-04-25,10.48,10.58,9.68,9.75,464498
2022-04-26,9.66,10.22,9.66,9.83,436666
2022-04-27,9.63,10.59,9.61,10.51,467104
2022-04-28,10.41,10.7,10.31,10.48,348718
2022-04-29,10.55,11.24,10.42,11.18,464435
2022-05-05,11.16,11.61,11.08,11.42,559148
2022-05-06,11.06,11.19,10.87,10.93,367518
2022-05-09,10.85,11.03,10.77,10.96,282078
2022-05-10,10.74,11.51,10.68,11.44,488860
2022-05-11,11.37,11.8,11.31,11.33,589965
2022-05-12,11.33,11.76,11.26,11.46,352776
2022-05-13,11.66,11.78,11.34,11.69,361077
2022-05-16,11.8,11.84,11.39,11.45,296753
2022-05-17,11.41,11.58,11.36,11.57,226656
2022-05-18,11.54,11.61,11.38,11.41,213830
2022-05-19,11.14,12.03,11.1,12.02,603869
2022-05-20,12.01,12.4,11.89,12.32,524189
2022-05-23,12.3,12.45,12.07,12.4,385397
2022-05-24,12.27,12.54,11.62,11.62,518306
2022-05-25,11.62,12.06,11.54,12.02,370356
2022-05-26,12.44,12.55,11.91,12.28,492110
2022-05-27,12.31,12.48,11.96,12.22,375208
2022-05-30,12.26,12.33,12.01,12.28,276687
2022-05-31,12.46,12.69,12.17,12.54,474614
2022-06-01,12.43,12.48,12.26,12.43,307791
2022-06-02,12.4,13.01,12.29,12.95,522275
2022-06-06,12.79,13.87,12.78,13.71,824103
2022-06-07,13.61,13.79,13.26,13.36,444575
2022-06-08,13.57,13.98,13.47,13.78,600005
2022-06-09,13.95,13.95,13.34,13.47,387877
2022-06-10,13.22,13.75,13.16,13.62,361124
2022-06-13,13.38,14.14,13.36,14.11,577749
2022-06-14,13.83,14.81,13.81,14.72,611313
2022-06-15,14.56,14.8,14.4,14.41,443277
2022-06-16,14.41,14.79,14.28,14.51,349641
2022-06-17,14.5,15.13,14.44,14.85,416653
2022-06-20,14.79,15.74,14.69,15.62,486519
2022-06-21,15.59,15.71,15.26,15.61,371061
2022-06-22,15.5,15.69,15.1,15.24,332909
2022-06-23,15.35,15.41,14.48,15.27,462515
2022-06-24,15.08,15.63,15.01,15.33,387584
2022-06-27,15.56,15.62,14.87,15.02,458481
2022-06-28,14.9,15.44,14.72,15.34,375225
2022-06-29,15.24,15.36,14.72,14.8,363598
2022-06-30,14.77,15.21,14.49,15.01,416094
2022-07-01,15.0,15.1,14.65,14.75,237462
2022-07-04,14.75,14.91,14.26,14.86,315135
2022-07-05,14.82,15.52,14.78,15.4,509500
2022-07-06,15.32,15.65,14.67,15.12,366734
2022-07-07,14.93,15.86,14.72,15.75,535876
2022-07-08,15.83,15.9,15.06,15.11,409586
2022-07-11,14.88,15.03,14.52,14.62,308904
2022-07-12,14.7,15.76,14.53,15.28,487206
2022-07-13,15.44,16.52,15.36,16.31,751693
2022-07-14,16.27,16.27,15.88,16.07,481093
2022-07-15,15.98,16.63,15.9,16.41,632626
2022-07-18,16.61,16.81,16.06,16.53,474014
2022-07-19,16.35,16.36,15.96,16.07,296611
2022-07-20,16.06,16.91,16.03,16.83,430021
2022-07-21,16.67,16.76,16.38,16.41,258725
2022-07-22,16.37,16.6,16.27,16.49,221392
2022-07-25,16.34,16.44,15.27,15.36,374577
2022-07-26,15.42,15.63,15.21,15.4,153707
2022-07-27,15.31,15.93,15.24,15.87,209257
2022-07-28,15.95,16.13,15.61,15.76,162897
2022-07-29,15.94,16.65,15.8,16.1,302767
2022-08-01,15.94,16.09,15.47,16.09,217570
2022-08-02,15.76,15.76,14.72,15.1,372019
2022-08-03,15.24,15.79,14.78,14.88,284692
2022-08-04,15.04,15.36,14.81,15.14,198002
2022-08-05,15.23,15.26,14.3,14.72,407767
2022-08-08,14.5,15.39,14.47,15.29,308759
2022-08-09,15.33,15.55,15.15,15.32,175249
2022-08-10,15.24,15.73,14.99,15.6,255799
2022-08-11,15.56,15.68,15.39,15.65,180126
2022-08-12,15.67,15.7,15.28,15.29,168712
2022-08-15,15.22,15.97,15.2,15.94,295471
2022-08-16,16.04,16.44,15.84,15.88,238982
2022-08-17,16.01,16.23,15.85,16.08,193374
2022-08-18,15.99,16.41,15.84,15.9,208045
2022-08-19,15.94,16.36,15.6,15.97,286083
2022-08-22,16.16,17.09,16.09,16.69,432716
2022-08-23,16.68,17.62,16.45,17.57,645760
2022-08-24,17.54,17.62,16.77,17.01,444911
2022-08-25,17.14,18.44,17.14,18.15,739141
2022-08-26,18.15,19.47,17.83,18.69,800399
2022-08-29,18.39,19.14,17.85,18.84,571854
2022-08-30,18.84,18.84,17.98,18.15,328438
2022-08-31,18.17,18.99,17.1,18.49,804845
2022-09-01,18.49,18.69,17.7,17.79,318996
2022-09-02,18.12,19.06,17.79,18.95,513433
2022-09-05,19.74,20.52,19.59,20.29,666781
2022-09-06,20.08,21.35,19.87,20.99,638246
2022-09-07,20.78,21.84,20.7,21.14,609395
2022-09-08,21.12,23.07,20.99,22.44,808857
2022-09-09,22.04,23.7,21.89,22.71,701420
2022-09-13,23.04,23.3,21.7,22.58,531613
2022-09-14,22.17,22.92,21.68,22.32,523545
2022-09-15,22.82,22.88,21.19,21.79,627308
2022-09-16,21.38,21.72,20.79,20.84,439187
2022-09-19,20.62,21.06,20.29,20.77,417846
2022-09-20,20.99,21.25,20.58,20.85,287303
2022-09-21,20.68,21.28,20.38,21.03,318420
2022-09-22,21.07,21.97,20.46,21.45,380564
2022-09-23,21.17,21.47,20.39,20.45,330960
2022-09-26,20.27,21.29,20.2,20.68,258543
2022-09-27,20.91,21.3,20.25,20.73,226884
2022-09-28,20.9,21.03,19.6,20.1,282297
2022-09-29,20.31,20.39,19.75,20.11,172192
2022-09-30,19.85,20.14,19.21,19.23,241468
2022-10-10,19.28,19.7,19.13,19.29,152125
2022-10-11,19.23,20.19,19.06,20.04,301384
2022-10-12,20.01,20.84,19.48,20.75,325407
2022-10-13,20.45,21.32,20.35,20.79,295694
2022-10-14,20.93,21.2,20.31,20.81,323178
2022-10-17,20.65,20.75,19.67,20.35,277811
2022-10-18,20.44,22.25,20.33,21.91,452877
2022-10-19,21.71,22.02,21.38,21.8,277303
2022-10-20,21.59,22.28,20.79,21.71,308260
2022-10-21,21.68,22.67,21.6,22.15,367198
2022-10-24,21.95,22.81,21.8,22.57,441432
2022-10-25,22.59,23.08,21.59,22.85,381186
2022-10-26,22.79,23.81,22.34,23.08,353319
2022-10-27,23.0,23.78,21.54,21.6,459015
2022-10-28,21.17,22.17,21.08,21.21,344999
2022-10-31,21.16,22.24,21.16,22.0,265480
2022-11-01,21.87,22.42,21.61,22.01,251491
2022-11-02,21.74,22.21,21.01,22.05,353705
2022-11-03,21.7,22.18,21.1,21.14,261857
2022-11-04,21.55,23.38,21.55,23.38,385987
2022-11-07,23.56,24.86,23.24,24.35,669318
2022-11-08,24.2,24.28,23.05,23.28,359866
2022-11-09,23.19,24.26,23.06,23.7,292196
2022-11-10,23.75,24.39,23.44,23.71,262789
2022-11-11,24.43,24.69,22.89,23.01,329600
2022-11-14,23.24,23.27,22.16,22.36,248940
2022-11-15,22.01,22.83,22.01,22.64,212525
2022-11-16,22.69,23.29,22.12,22.68,192018
2022-11-17,22.63,22.63,21.73,22.39,150534
2022-11-18,22.59,23.48,22.21,23.31,290608
2022-11-21,23.08,24.37,22.94,23.99,273359
2022-11-22,24.2,24.31,23.45,23.62,203816
2022-11-23,23.59,24.19,23.29,23.92,237908
2022-11-24,23.82,24.66,23.71,23.93,224109
2022-11-25,23.86,23.94,23.37,23.75,190346
2022-11-28,23.44,24.09,23.2,23.43,173860
2022-11-29,23.59,23.64,22.59,23.01,265142
2022-11-30,23.14,23.14,22.27,22.95,309570
2022-12-01,22.68,22.69,21.9,22.09,358924
2022-12-02,22.08,22.14,20.49,21.02,684089
2022-12-05,20.97,21.13,20.55,20.66,371634
2022-12-06,20.7,20.88,19.87,20.29,498472
2022-12-07,20.23,20.75,20.18,20.41,273443
2022-12-08,20.29,20.82,20.2,20.4,229266
2022-12-09,20.22,20.39,19.85,19.85,337352
2022-12-12,19.89,19.94,19.39,19.57,267305
2022-12-13,19.63,19.83,19.29,19.46,222711
2022-12-14,19.47,19.57,19.09,19.23,207097
2022-12-15,19.28,19.41,18.85,19.39,173616
2022-12-16,19.29,19.52,18.82,18.93,224810
2022-12-19,18.79,19.09,18.57,18.7,168262
2022-12-20,18.59,18.89,18.54,18.81,109556
2022-12-21,18.79,18.82,18.18,18.38,152063
2022-12-22,18.48,18.48,17.86,17.86,175128
2022-12-23,17.73,17.89,17.43,17.49,164678
2022-12-26,17.52,18.86,17.51,18.76,273346
2022-12-27,18.79,19.7,18.73,19.44,293068
2022-12-28,19.31,20.34,19.2,20.27,352727
2022-12-29,20.07,20.27,19.89,20.04,172855
2022-12-30,19.94,20.23,19.73,19.81,160189
2023-01-03,19.87,21.59,19.87,21.35,350503
2023-01-04,21.34,21.39,21.04,21.35,225843
2023-01-05,21.35,21.77,20.94,21.59,277768
2023-01-06,21.47,22.05,21.23,21.25,273757
2023-01-09,21.25,21.67,20.71,21.0,307342
2023-01-10,21.12,21.24,20.51,20.67,201925
2023-01-11,20.67,21.33,20.4,20.9,226244
2023-01-12,20.96,21.75,20.9,21.24,202110
2023-01-13,21.42,21.43,20.65,20.85,176730
2023-01-16,20.91,21.04,20.33,20.42,317295
2023-01-17,20.65,20.65,20.14,20.3,148526
2023-01-18,20.39,20.53,20.09,20.12,102328
2023-01-19,20.05,20.34,19.95,20.18,110661
2023-01-20,20.23,20.5,20.09,20.21,181621
2023-01-30,20.47,20.64,19.89,19.94,248476
2023-01-31,19.9,20.3,19.86,20.17,123693
2023-02-01,20.09,20.16,18.79,19.8,725752
2023-02-02,19.58,19.91,19.45,19.8,316113
2023-02-03,19.78,19.78,19.0,19.31,307099
2023-02-06,19.29,19.62,18.91,18.97,242660
2023-02-07,19.03,19.29,18.87,19.04,170321
2023-02-08,19.04,19.19,18.82,19.01,158976
2023-02-09,19.0,19.17,18.86,19.07,165098
2023-02-10,19.03,19.05,18.64,18.88,191592
2023-02-13,18.83,19.21,18.77,19.05,268268
2023-02-14,19.14,19.74,19.0,19.72,455480
2023-02-15,19.78,19.78,18.89,18.95,452942
2023-02-16,18.9,19.25,18.56,18.7,303937
2023-02-17,18.75,18.9,18.49,18.56,189602
2023-02-20,18.49,18.77,18.2,18.57,274361
2023-02-21,18.59,18.82,18.39,18.7,151937
2023-02-22,18.63,19.05,18.54,18.89,167198
2023-02-23,18.88,19.14,18.7,18.96,169093
2023-02-24,18.9,18.94,18.46,18.63,178417
2023-02-27,18.57,18.89,18.32,18.54,113234
2023-02-28,18.48,18.56,18.21,18.52,199634
2023-03-01,18.58,18.58,18.22,18.37,222557
2023-03-02,18.37,19.43,18.35,19.25,520896
2023-03-03,19.13,19.17,18.6,18.87,306389
2023-03-06,18.87,20.37,18.8,20.2,600401
2023-03-07,20.09,20.37,19.9,20.07,386419
2023-03-08,20.02,20.36,19.6,19.75,269844
2023-03-09,19.81,19.98,19.37,19.76,219298
2023-03-10,19.58,19.79,19.31,19.66,166625
2023-03-13,19.65,20.05,19.45,19.63,234522
2023-03-14,19.54,19.61,18.79,19.25,252150
2023-03-15,19.38,19.74,19.31,19.64,217755
2023-03-16,19.45,19.47,18.38,18.57,337745
2023-03-17,18.74,18.79,17.6,17.69,484234
2023-03-20,17.69,17.94,17.29,17.65,221042
2023-03-21,17.77,17.86,17.4,17.67,209598
2023-03-22,17.68,17.93,17.24,17.4,311809
2023-03-23,17.4,17.51,17.03,17.51,247491
2023-03-24,17.51,17.67,17.26,17.54,149939
2023-03-27,17.54,18.34,17.18,18.26,381623
2023-03-28,18.12,18.41,17.93,18.02,170690
2023-03-29,18.03,18.09,17.38,17.55,206294
2023-03-30,17.51,17.96,17.36,17.74,161328
2023-03-31,17.69,17.87,17.57,17.75,122513
2023-04-03,17.64,17.73,17.22,17.45,269928
2023-04-04,17.45,17.49,16.87,17.13,290977
2023-04-06,16.83,16.95,16.09,16.66,572859
2023-04-07,16.5,17.28,16.45,16.95,267982
2023-04-10,16.93,17.28,16.71,16.79,198085
2023-04-11,16.79,17.17,16.67,17.16,231895
2023-04-12,17.15,17.25,16.91,17.0,132683
2023-04-13,16.94,17.1,16.67,16.72,147691
2023-04-14,16.7,17.12,16.7,17.01,153986
2023-04-17,16.91,17.19,16.9,17.05,156913
2023-04-18,17.12,17.28,16.94,17.18,170122
2023-04-19,17.11,17.12,16.6,16.82,159194
2023-04-20,16.71,16.81,16.2,16.31,262987
2023-04-21,16.41,16.55,15.99,16.0,163334
2023-04-24,16.03,16.29,15.79,15.98,164757
2023-04-25,15.94,16.04,15.42,15.62,209221
2023-04-26,15.49,16.36,15.44,16.13,226670
2023-04-27,16.13,16.24,15.9,16.19,128139
2023-04-28,16.19,16.26,15.97,16.21,132921
2023-05-04,16.31,16.94,16.2,16.66,253933
2023-05-05,16.65,16.68,16.34,16.56,162831
2023-05-08,16.56,17.31,16.55,16.97,310742
2023-05-09,16.95,17.24,16.77,16.85,189585
2023-05-10,16.8,17.24,16.67,17.04,160356
2023-05-11,16.98,17.06,16.81,16.98,118992
2023-05-12,16.94,17.11,16.74,16.75,109575
2023-05-15,16.74,17.13,16.69,17.04,175082
2023-05-16,16.98,17.88,16.98,17.63,353762
2023-05-17,17.47,17.94,17.35,17.87,248506
2023-05-18,17.88,18.06,17.69,17.77,175889
2023-05-19,17.77,18.05,17.42,17.57,221805
2023-05-22,17.58,18.03,17.49,17.83,205357
2023-05-23,17.75,17.83,17.19,17.19,149191
2023-05-24,17.17,17.33,17.09,17.1,109946
2023-05-25,17.11,17.35,17.0,17.21,90641
2023-05-26,17.31,17.39,16.72,17.04,123113
2023-05-29,17.06,17.23,16.76,17.0,130965
2023-05-30,16.99,17.14,16.65,16.97,111603
2023-05-31,16.98,16.99,16.69,16.79,90916
2023-06-01,16.77,17.05,16.63,16.65,117797
2023-06-02,16.68,17.15,16.68,16.95,116745
2023-06-05,17.22,17.37,16.65,16.86,167508
2023-06-06,16.85,16.85,16.36,16.51,152907
2023-06-07,16.51,16.55,16.23,16.28,101708
2023-06-08,16.25,16.48,15.99,16.27,120662
2023-06-09,16.29,17.06,16.25,17.06,338246
2023-06-12,16.89,16.95,16.17,16.27,308458
2023-06-13,16.28,16.37,16.01,16.08,138637
2023-06-14,16.08,16.15,15.76,15.79,172128
2023-06-15,15.84,16.33,15.71,16.3,176441
2023-06-16,16.32,17.33,16.31,17.1,371736
2023-06-19,17.17,17.41,16.8,17.23,236176
2023-06-20,17.19,17.26,16.9,17.05,141693
2023-06-21,17.05,17.21,16.83,16.83,92685
2023-06-26,16.68,16.82,16.41,16.56,127473
2023-06-27,16.69,17.06,16.6,16.92,114012
2023-06-28,17.06,17.09,16.75,17.03,118622
2023-06-29,17.03,17.33,16.89,17.23,148270
2023-06-30,17.17,17.64,17.09,17.44,172810
2023-07-03,17.59,18.09,17.47,17.64,221762
2023-07-04,17.74,18.04,17.58,17.87,160684
2023-07-05,17.75,18.03,17.65,17.87,130903
2023-07-06,17.93,18.02,17.72,17.78,108331
2023-07-07,17.81,18.0,17.57,17.81,116119
2023-07-10,17.83,17.98,17.69,17.72,91713
2023-07-11,17.73,18.18,17.68,18.13,161495
2023-07-12,18.41,18.94,18.3,18.58,374988
2023-07-13,18.57,18.82,18.36,18.7,198719
2023-07-14,18.67,18.67,18.29,18.34,103366
2023-07-17,18.27,18.62,18.16,18.39,98379
2023-07-18,18.55,18.62,18.05,18.2,123864
2023-07-19,18.21,18.29,17.89,18.1,103249
2023-07-20,18.07,18.19,17.79,17.81,122326
2023-07-21,17.79,17.86,17.5,17.63,80953
2023-07-24,17.6,18.03,17.54,17.89,105392
2023-07-25,18.05,18.11,17.72,17.94,119058
2023-07-26,17.83,18.04,17.82,17.93,71085
2023-07-27,17.88,18.18,17.83,17.98,108952
2023-07-28,17.99,18.08,17.74,17.9,125567
2023-07-31,17.91,18.41,17.9,18.36,142282
2023-08-01,18.54,18.75,17.59,17.88,258673
2023-08-02,17.83,18.07,17.82,17.9,125541
2023-08-03,17.77,17.93,17.67,17.8,84603
2023-08-04,17.8,17.95,17.7,17.8,101524
2023-08-07,17.8,17.87,17.31,17.41,141599
2023-08-08,17.42,17.54,17.18,17.25,118158
2023-08-09,17.22,17.25,17.0,17.21,105972
2023-08-10,17.22,17.45,17.18,17.31,72161
2023-08-11,17.38,17.38,16.93,16.94,84584
2023-08-14,16.87,17.18,16.75,17.05,93088
2023-08-15,17.05,17.19,16.74,16.9,73302
2023-08-16,16.88,16.89,16.7,16.72,73639
2023-08-17,16.72,17.09,16.62,17.04,69171
2023-08-18,17.0,17.32,16.86,16.86,63968
2023-08-21,16.88,16.88,16.42,16.42,97624
2023-08-22,16.45,16.76,16.32,16.66,90743
2023-08-23,16.66,16.76,16.46,16.46,52223
2023-08-24,16.55,16.62,16.28,16.31,103131
2023-08-25,16.32,16.52,16.07,16.36,102910
2023-08-28,17.33,17.35,16.43,16.55,138324
2023-08-29,16.47,16.85,16.42,16.72,109293
2023-08-30,16.69,16.82,16.51,16.74,98129
2023-08-31,16.64,16.71,15.52,15.9,315469
2023-09-01,15.84,15.9,15.65,15.77,125402
2023-09-04,15.83,15.88,15.32,15.42,368679
2023-09-05,15.4,15.68,15.32,15.57,211542
2023-09-06,15.57,15.58,15.23,15.33,195626
2023-09-07,15.26,15.31,15.08,15.12,149821
2023-09-08,15.11,15.37,15.07,15.23,89655
2023-09-11,15.24,15.81,15.22,15.75,288694
2023-09-12,15.68,16.22,15.63,15.88,220740
2023-09-13,15.82,15.91,15.67,15.83,94057
2023-09-14,15.78,15.95,15.66,15.87,109508
2023-09-15,15.92,15.99,15.58,15.62,113991
2023-09-18,15.7,15.7,15.4,15.43,109350
2023-09-19,15.45,15.47,15.21,15.27,94434
2023-09-20,15.23,15.33,15.14,15.15,65571
2023-09-21,15.12,15.2,14.71,14.82,193577
2023-09-22,14.76,14.97,14.74,14.94,120529
2023-09-25,14.97,14.99,14.57,14.63,156609
2023-09-26,14.67,14.79,14.53,14.57,84907
2023-09-27,14.53,14.93,14.53,14.67,147921
2023-09-28,14.69,14.94,14.69,14.76,126318
2023-10-09,14.76,14.9,14.59,14.84,107822
2023-10-10,14.77,14.92,14.66,14.7,87188
2023-10-11,14.7,14.74,14.51,14.52,121045
2023-10-12,14.58,15.03,14.57,14.94,174753
2023-10-13,14.82,14.86,14.59,14.63,134974
2023-10-16,14.6,14.62,14.32,14.4,87409
2023-10-17,14.43,14.54,14.38,14.42,58188
2023-10-18,14.38,14.39,14.1,14.11,94077
2023-10-19,14.1,14.17,13.83,13.87,107092
2023-10-20,13.87,14.16,13.73,13.97,140525
2023-10-23,13.96,13.96,13.43,13.54,121854
2023-10-24,13.62,13.76,13.54,13.69,84182
2023-10-25,13.78,13.99,13.78,13.85,72276
2023-10-26,13.72,14.01,13.55,13.95,89334
2023-10-27,13.98,14.3,13.92,14.25,123295
2023-10-30,14.25,14.31,14.03,14.23,106796
2023-10-31,14.44,14.63,13.9,14.02,230421
2023-11-01,14.08,14.4,13.98,14.32,216655
2023-11-02,14.31,14.47,14.03,14.04,117109
2023-11-03,14.02,14.41,14.0,14.37,131930
2023-11-06,14.4,14.66,14.4,14.49,146030
2023-11-07,14.49,14.49,14.27,14.4,96469
2023-11-08,14.38,14.38,14.13,14.26,110126
2023-11-09,14.27,14.52,14.24,14.46,152572
2023-11-10,14.55,14.55,14.15,14.28,112207
2023-11-13,14.32,14.54,14.29,14.36,123886
2023-11-14,14.36,14.47,14.26,14.29,104283
2023-11-15,14.37,14.5,14.32,14.49,152317
2023-11-16,14.47,14.47,14.2,14.21,149634
2023-11-17,14.19,14.34,14.17,14.27,75172
2023-11-20,14.3,14.38,14.13,14.32,101692
2023-11-21,14.36,14.43,14.22,14.25,93393
2023-11-22,14.19,14.24,13.82,13.86,129458
2023-11-23,13.86,14.07,13.83,14.04,86719
2023-11-24,14.03,14.03,13.82,13.85,63325
2023-11-27,13.78,13.88,13.65,13.81,84428
2023-11-28,13.78,13.91,13.74,13.9,71326
2023-11-29,13.87,13.94,13.62,13.64,80102
2023-11-30,13.63,13.75,13.56,13.69,69871
2023-12-01,13.62,13.67,13.31,13.49,119083
2023-12-04,13.52,13.65,13.42,13.48,88728
2023-12-05,13.48,13.52,13.25,13.27,77561
2023-12-06,13.13,13.39,13.13,13.24,67491
2023-12-07,13.22,13.27,12.98,13.1,92612
2023-12-08,13.17,13.25,12.99,13.21,160682
2023-12-11,13.15,13.21,12.74,13.2,138154
2023-12-12,13.2,13.23,13.05,13.22,95434
2023-12-13,13.2,13.21,12.93,12.96,97822
2023-12-14,13.0,13.16,12.83,12.83,87367
2023-12-15,12.83,12.95,12.75,12.76,73532
2023-12-18,12.74,12.82,12.52,12.54,83639
2023-12-19,12.56,12.67,12.44,12.53,74151
2023-12-20,12.56,12.65,12.35,12.38,91525
2023-12-21,12.33,12.77,12.32,12.68,114250
2023-12-22,12.67,13.11,12.59,12.97,143578
2023-12-25,12.92,13.13,12.88,13.11,109907
2023-12-26,13.1,13.21,12.98,13.1,88199
2023-12-27,13.09,13.12,12.9,13.1,71331
2023-12-28,13.08,13.64,13.05,13.54,198555
2023-12-29,13.55,13.76,13.48,13.74,138950
2024-01-02,13.82,13.92,13.72,13.84,153156
2024-01-03,13.96,13.98,13.7,13.89,147229
2024-01-04,13.8,13.94,13.68,13.89,109348
2024-01-05,14.07,14.07,13.42,13.48,148982
2024-01-08,13.57,13.64,13.33,13.36,108490
2024-01-09,13.36,13.56,13.23,13.3,121468
2024-01-10,13.29,13.63,13.17,13.38,99414
2024-01-11,13.31,13.5,13.25,13.4,130351
2024-01-12,13.4,13.84,13.36,13.54,143483
2024-01-15,13.52,13.65,13.37,13.48,100159
2024-01-16,13.41,13.64,13.32,13.52,136069
2024-01-17,13.46,13.51,13.2,13.2,103887
2024-01-18,13.17,13.41,12.85,13.37,165795
2024-01-19,13.36,13.5,13.21,13.31,116241
2024-01-22,13.24,13.26,12.48,12.62,207504
2024-01-23,12.58,12.93,12.35,12.85,115827
2024-01-24,12.92,13.18,12.65,13.17,153005
2024-01-25,13.3,13.88,13.16,13.88,240997
2024-01-26,13.82,14.17,13.78,13.88,188180
2024-01-29,13.95,14.14,13.83,13.95,213768
2024-01-30,13.84,14.14,13.73,13.74,191034
2024-01-31,13.73,13.86,13.3,13.47,196499
2024-02-01,13.37,13.6,13.09,13.23,191580
2024-02-02,13.31,13.35,12.53,13.01,176394
2024-02-05,12.93,13.0,12.26,12.66,202067
2024-02-06,12.47,13.49,12.47,13.39,222740
2024-02-07,13.42,13.95,13.39,13.85,215873
2024-02-08,14.01,14.14,13.64,13.79,283823
2024-02-19,13.93,14.22,13.77,14.22,258300
2024-02-20,14.21,14.31,14.0,14.18,189431
2024-02-21,14.18,14.7,14.01,14.4,273575
2024-02-22,14.41,14.58,14.29,14.56,197379
2024-02-23,14.59,14.89,14.45,14.71,206146
2024-02-26,14.75,14.87,14.61,14.7,188395
2024-02-27,14.71,14.84,14.55,14.83,154833
2024-02-28,14.88,15.16,14.69,14.7,272272
2024-02-29,14.67,15.48,14.63,15.47,307940
2024-03-01,15.62,15.82,15.3,15.51,254730
2024-03-04,15.55,15.76,15.34,15.41,195870
2024-03-05,15.35,15.48,15.16,15.27,199202
2024-03-06,15.27,15.77,15.24,15.53,257134
2024-03-07,15.53,15.56,15.23,15.34,172739
2024-03-08,15.33,15.6,15.27,15.51,125092
2024-03-11,15.62,15.75,15.47,15.58,188724
2024-03-12,15.7,15.71,15.32,15.37,174924
2024-03-13,15.38,15.42,15.02,15.09,222559
2024-03-14,15.08,15.21,14.92,15.02,139201
2024-03-15,14.96,15.03,14.79,15.02,155030
2024-03-18,15.02,15.22,14.97,15.09,180127
2024-03-19,15.1,15.12,14.87,14.88,137501
2024-03-20,14.9,14.92,14.67,14.88,178406
2024-03-21,14.89,15.07,14.68,15.02,207298
2024-03-22,15.02,15.2,14.76,14.89,186576
2024-03-25,14.81,14.99,14.61,14.62,153671
2024-03-26,14.7,14.78,14.46,14.74,148746
2024-03-27,14.74,14.81,14.12,14.28,160880
2024-03-28,14.29,14.76,14.2,14.57,187199
2024-03-29,14.69,14.97,14.34,14.87,234985
2024-04-01,14.87,15.05,14.75,14.95,295804
2024-04-02,14.92,14.99,14.49,14.6,293558
2024-04-03,14.52,14.58,14.28,14.43,185354
2024-04-08,14.32,14.76,14.2,14.44,201824
2024-04-09,14.43,14.8,14.38,14.78,266740
2024-04-10,14.77,14.94,14.59,14.69,172628
2024-04-11,14.72,15.77,14.62,15.59,518724
2024-04-12,15.52,16.04,15.42,15.74,362346
2024-04-15,15.7,16.55,15.65,16.39,482919
2024-04-16,16.45,16.7,16.12,16.28,425431
2024-04-17,16.21,17.22,16.14,17.17,488476
2024-04-18,17.17,17.7,16.99,17.13,479832
2024-04-19,17.05,17.54,16.97,17.37,324791
2024-04-22,17.4,17.7,16.73,16.96,424430
2024-04-23,16.86,17.18,16.74,16.83,259240
2024-04-24,16.84,17.18,16.66,16.83,232837
2024-04-25,16.75,16.9,16.61,16.71,166254
2024-04-26,16.62,16.79,16.14,16.22,388660
2024-04-29,16.27,16.69,16.26,16.34,305692
2024-04-30,16.26,16.31,15.8,15.98,375045
2024-05-06,16.07,16.53,16.0,16.49,329950
2024-05-07,16.5,16.59,16.22,16.34,224364
2024-05-08,16.36,16.49,16.14,16.26,181087
2024-05-09,16.27,16.95,16.27,16.94,339627
2024-05-10,17.01,17.24,16.8,17.19,268213
2024-05-13,17.13,17.44,16.95,17.31,253579
2024-05-14,17.3,17.35,16.9,16.97,256654
2024-05-15,16.83,17.06,16.49,16.51,181252
2024-05-16,16.48,16.8,16.45,16.65,235560
2024-05-17,16.64,16.81,16.48,16.8,175783
2024-05-20,16.77,17.22,16.69,17.19,274213
2024-05-21,17.15,17.33,16.63,16.72,192491
2024-05-22,16.69,16.82,16.58,16.62,137074
2024-05-23,16.53,16.72,16.4,16.49,125750
2024-05-24,16.42,17.09,16.41,16.78,210366
2024-05-27,16.8,17.69,16.8,17.67,533088
2024-05-28,17.67,18.1,17.61,17.7,380392
2024-05-29,17.62,17.87,17.4,17.67,165326
2024-05-30,17.87,18.09,17.6,17.7,301205
2024-05-31,17.7,17.87,17.4,17.5,158344
2024-06-03,17.32,17.58,17.27,17.48,214041
2024-06-04,17.5,18.19,17.46,18.17,349129
2024-06-05,18.17,18.19,17.64,17.7,209095
2024-06-06,17.69,18.13,17.64,17.87,236652
2024-06-07,17.82,18.1,17.5,17.64,219000
2024-06-11,17.52,17.67,17.02,17.4,213863
2024-06-12,17.35,17.57,17.12,17.51,135249
2024-06-13,17.49,17.92,17.22,17.3,192873
2024-06-14,17.22,17.44,17.01,17.16,199955
2024-06-17,17.02,17.77,16.98,17.48,247801
2024-06-18,17.53,17.75,17.34,17.75,141141
2024-06-19,17.65,17.75,17.23,17.31,153951
2024-06-20,17.35,17.44,17.18,17.33,117031
2024-06-21,17.27,17.52,17.15,17.4,137292
2024-06-24,17.38,17.52,17.07,17.08,190373
2024-06-25,17.09,17.35,17.01,17.21,143271
2024-06-26,17.19,17.28,16.75,16.95,178209
2024-06-27,16.88,16.98,16.73,16.75,121214
2024-06-28,16.71,17.67,16.7,17.57,210160
2024-07-01,17.57,17.67,17.0,17.13,197133
2024-07-02,17.16,17.18,16.44,16.65,265706
2024-07-03,16.65,16.75,16.18,16.24,168097
2024-07-04,16.28,16.5,16.19,16.25,135007
2024-07-05,16.21,16.31,15.84,16.17,165888
2024-07-08,16.15,16.42,15.94,16.23,146001
2024-07-09,16.23,16.49,15.86,16.36,167669
2024-07-10,16.27,16.36,15.29,15.37,401399
2024-07-11,15.48,15.87,15.33,15.83,268588
2024-07-12,15.77,15.88,15.54,15.77,164977
2024-07-15,15.76,15.9,15.58,15.68,137671
2024-07-16,15.77,16.08,15.66,16.07,166772
2024-07-17,16.07,16.07,15.6,15.64,148157
2024-07-18,15.62,15.98,15.48,15.85,120914
2024-07-19,15.81,16.05,15.58,15.87,139084
2024-07-22,15.84,16.14,15.72,15.85,158597
2024-07-23,15.72,15.86,15.2,15.23,173121
2024-07-24,15.14,15.54,15.13,15.35,134606
2024-07-25,15.32,15.4,15.03,15.28,108735
2024-07-26,15.35,15.93,15.27,15.87,179849
2024-07-29,15.9,16.03,15.53,15.66,150270
2024-07-30,15.66,15.75,15.38,15.65,120268
2024-07-31,15.69,16.0,15.49,15.94,191941
2024-08-01,15.82,16.24,15.75,15.77,167965
2024-08-02,15.66,15.66,15.34,15.37,154093
2024-08-05,15.37,15.45,15.05,15.06,159048
2024-08-06,15.18,15.3,15.01,15.18,96169
2024-08-07,15.19,15.55,15.15,15.44,146505
2024-08-08,15.34,15.37,15.02,15.18,120449
2024-08-09,15.26,15.63,15.14,15.15,89867
2024-08-12,15.4,15.71,15.28,15.54,185570
2024-08-13,15.5,15.66,15.36,15.53,127044
2024-08-14,15.58,15.58,13.94,13.96,717516
2024-08-15,13.96,14.11,13.74,14.01,356429
2024-08-16,13.99,14.1,13.78,13.83,206274
2024-08-19,13.75,14.02,13.66,13.84,194728
2024-08-20,14.06,14.12,13.58,13.68,187336
2024-08-21,13.67,13.67,13.27,13.46,207852
2024-08-22,13.53,13.55,13.32,13.47,163926
2024-08-23,13.33,13.46,13.21,13.36,116657
2024-08-26,13.35,13.49,13.15,13.43,117743
2024-08-27,13.35,13.37,13.0,13.06,177006
2024-08-28,13.04,13.21,12.98,13.17,134355
2024-08-29,13.1,13.28,13.08,13.16,153038
2024-08-30,13.14,13.44,12.82,13.26,319495
2024-09-02,13.22,13.26,12.99,13.01,175087
2024-09-03,12.92,13.13,12.86,12.97,131551
2024-09-04,12.89,13.01,12.68,12.82,134125
2024-09-05,12.84,12.88,12.68,12.78,142594
2024-09-06,12.79,12.82,12.53,12.54,135313
2024-09-09,12.5,12.58,12.26,12.31,157374
2024-09-10,12.33,12.35,11.93,12.22,206121
2024-09-11,12.17,12.36,12.02,12.15,143121
2024-09-12,12.16,12.48,12.16,12.31,161324
2024-09-13,12.28,12.31,11.88,11.94,167420
2024-09-18,11.96,12.12,11.86,12.03,127026
2024-09-19,12.1,12.36,11.94,12.23,162487
2024-09-20,12.25,12.26,11.95,12.07,164694
2024-09-23,12.07,12.34,11.98,12.26,141844
2024-09-24,12.38,12.78,12.18,12.77,331947
2024-09-25,12.94,13.53,12.93,13.12,349753
2024-09-26,13.1,13.45,13.0,13.45,273469
2024-09-27,13.7,14.2,13.7,14.16,274282
2024-09-30,14.66,15.56,14.4,15.4,688984
2024-10-08,16.98,16.98,15.28,15.87,826887
2024-10-09,15.11,15.48,14.44,14.45,616522
2024-10-10,14.44,15.16,14.44,14.75,400998
2024-10-11,14.7,14.7,14.12,14.25,261862
2024-10-14,14.45,14.66,14.33,14.5,291838
2024-10-15,14.41,14.46,14.06,14.06,308236
2024-10-16,13.95,14.88,13.82,14.35,415886
2024-10-17,14.58,14.59,13.93,13.97,356465
2024-10-18,13.91,14.62,13.87,14.39,400253
2024-10-21,14.6,14.61,14.19,14.4,329077
2024-10-22,14.36,14.9,14.33,14.9,396564
2024-10-23,15.0,15.15,14.74,14.95,389266
2024-10-24,14.88,14.88,14.56,14.65,237887
2024-10-25,14.6,15.4,14.58,15.17,428352
2024-10-28,15.17,15.17,14.71,15.05,317007
2024-10-29,15.05,15.14,14.8,14.84,264249
2024-10-30,14.73,14.94,14.52,14.65,239674
2024-10-31,14.78,15.38,14.75,15.37,573005
2024-11-01,15.28,15.29,14.84,14.95,353214
2024-11-04,14.96,15.43,14.95,15.29,354535
2024-11-05,15.29,15.65,15.14,15.65,409222
2024-11-06,15.65,16.04,15.47,15.58,412886
2024-11-07,15.52,15.95,15.4,15.89,381260
2024-11-08,15.97,16.15,15.75,15.82,346706
2024-11-11,15.71,16.03,15.65,15.92,264435
2024-11-12,15.95,16.66,15.77,15.92,485486
2024-11-13,15.92,16.17,15.77,15.92,230347
2024-11-14,15.91,16.09,15.46,15.47,249526
2024-11-15,15.45,15.6,15.27,15.28,221952
2024-11-18,15.25,15.67,15.23,15.32,218010
2024-11-19,15.32,15.52,15.2,15.5,179904
2024-11-20,15.49,15.5,15.29,15.48,192586
2024-11-21,15.49,16.24,15.42,15.9,509412
2024-11-22,16.17,16.4,15.05,15.05,524231
2024-11-25,14.95,15.21,14.52,14.73,327837
2024-11-26,14.82,14.83,14.49,14.5,194335
2024-11-27,14.58,14.98,14.31,14.97,250211
2024-11-28,14.96,14.96,14.6,14.67,215389
2024-11-29,14.62,14.88,14.59,14.78,174041
2024-12-02,14.78,15.07,14.78,14.99,203004
2024-12-03,15.0,15.23,14.83,14.93,189039
2024-12-04,14.9,14.96,14.61,14.72,165853
2024-12-05,14.66,14.73,14.53,14.7,128175
2024-12-06,14.69,14.91,14.61,14.86,164722
2024-12-09,14.87,15.08,14.81,14.99,207120
2024-12-10,15.32,15.4,14.97,14.98,222146
2024-12-11,14.92,15.05,14.9,14.97,130483
2024-12-12,14.99,15.07,14.88,15.07,161424
2024-12-13,15.03,15.03,14.78,14.8,178730
2024-12-16,14.81,14.88,14.62,14.68,128842
2024-12-17,14.68,14.92,14.66,14.75,141994
2024-12-18,14.79,15.15,14.78,14.91,192888
2024-12-19,14.81,14.86,14.61,14.79,162140
2024-12-20,14.72,14.85,14.55,14.58,178035
2024-12-23,14.55,14.87,14.53,14.69,173574
2024-12-24,14.67,14.97,14.65,14.96,185649
2024-12-25,14.99,15.54,14.97,15.48,406380
2024-12-26,15.37,15.77,15.27,15.57,280374
2024-12-27,15.57,15.84,15.46,15.65,202060
2024-12-30,15.66,15.86,15.55,15.64,227799
2024-12-31,15.65,15.8,15.49,15.49,219112
2025-01-02,15.49,15.59,14.46,14.6,296965
2025-01-03,14.6,14.79,14.19,14.25,242029
2025-01-06,14.2,14.43,14.16,14.31,161351
2025-01-07,14.31,14.66,14.21,14.45,157764
2025-01-08,14.39,14.39,13.9,14.3,217568
2025-01-09,14.23,14.45,14.19,14.22,125682
2025-01-10,14.15,14.3,13.99,13.99,107017
2025-01-13,13.91,13.93,13.58,13.72,161469
2025-01-14,13.72,14.32,13.65,14.29,183692
2025-01-15,14.41,14.41,14.09,14.13,104234
2025-01-16,14.17,14.39,14.0,14.12,115190
2025-01-17,14.02,14.32,14.02,14.26,114251
2025-01-20,14.33,14.56,14.27,14.27,141913
2025-01-21,14.36,14.41,14.0,14.05,140218
2025-01-22,14.05,14.14,13.87,14.07,131877
2025-01-23,14.19,14.51,14.16,14.31,206429
2025-01-24,14.25,14.72,14.22,14.67,181105
2025-01-27,14.67,14.75,14.51,14.52,101128
2025-02-05,14.5,14.56,14.27,14.32,175715
2025-02-06,14.29,14.47,14.25,14.46,131203
2025-02-07,14.46,14.66,14.35,14.55,179960
2025-02-10,14.55,14.69,14.47,14.61,166095
2025-02-11,14.61,14.65,14.45,14.51,128644
2025-02-12,14.51,15.33,14.5,15.28,363896
2025-02-13,15.1,15.21,14.87,14.87,215559
2025-02-14,14.81,14.99,14.76,14.92,151261
2025-02-17,14.96,14.99,14.41,14.59,380800
2025-02-18,14.57,14.67,14.37,14.41,185168
2025-02-19,14.41,14.58,14.36,14.53,132198
2025-02-20,14.5,14.52,14.23,14.35,200878
2025-02-21,14.35,14.64,14.35,14.59,232456
2025-02-24,14.58,14.59,14.38,14.5,170415
2025-02-25,14.4,14.5,14.24,14.33,164808
2025-02-26,14.35,14.52,14.33,14.5,165196
2025-02-27,14.47,14.56,14.35,14.51,160994
2025-02-28,14.45,14.57,14.19,14.21,189226
2025-03-03,14.27,14.65,14.23,14.47,269513
2025-03-04,14.37,14.6,14.35,14.57,138287
2025-03-05,14.49,14.69,14.48,14.57,113620
2025-03-06,14.62,14.82,14.52,14.76,240480
2025-03-07,14.7,14.74,14.51,14.56,158240
2025-03-10,14.5,14.59,14.4,14.54,139472
2025-03-11,14.38,14.5,14.35,14.48,131714
2025-03-12,14.49,14.79,14.45,14.7,210703
2025-03-13,14.66,14.91,14.57,14.75,190694
2025-03-14,14.89,15.28,14.84,14.9,249027
2025-03-17,14.98,15.03,14.84,14.86,138520
2025-03-18,14.89,14.97,14.81,14.85,108066
2025-03-19,14.83,14.94,14.77,14.93,132768
2025-03-20,14.9,14.92,14.75,14.79,105589
2025-03-21,14.75,15.12,14.7,14.75,207539
2025-03-24,14.76,14.97,14.66,14.89,193590
2025-03-25,14.88,15.57,14.78,15.41,549932
2025-03-26,15.41,15.41,15.04,15.19,306518
2025-03-27,15.16,15.24,14.85,14.87,263752
2025-03-28,14.81,14.93,14.64,14.71,193248
2025-03-31,14.65,14.87,14.53,14.57,209460
2025-04-01,15.0,15.67,14.96,15.47,824490
2025-04-02,15.47,15.51,15.06,15.2,338639
2025-04-03,15.03,15.44,15.03,15.2,288344
2025-04-07,14.59,14.7,13.64,13.68,507184
2025-04-08,13.7,14.16,13.67,14.16,432024
2025-04-09,13.86,14.38,13.75,14.35,368879
2025-04-10,14.58,14.67,14.36,14.43,302575
2025-04-11,14.34,14.43,14.23,14.26,189778
2025-04-14,14.63,15.04,14.6,14.88,376748
2025-04-15,14.9,14.97,14.68,14.79,190649
2025-04-16,14.84,14.89,14.67,14.84,225855
2025-04-17,14.74,15.04,14.74,15.04,202788
2025-04-18,14.99,15.02,14.84,14.89,121047
2025-04-21,14.89,15.01,14.83,14.99,124395
2025-04-22,15.0,15.08,14.93,14.98,134848
2025-04-23,15.04,15.05,14.83,14.91,119242
2025-04-24,14.9,15.08,14.83,14.92,141541
2025-04-25,14.92,14.95,14.79,14.84,147464
2025-04-28,15.36,15.37,14.8,14.81,259466
2025-04-29,14.75,14.87,14.72,14.77,139762
2025-04-30,14.8,14.88,14.75,14.81,119818
2025-05-06,14.92,15.81,14.91,15.76,588672
2025-05-07,15.91,15.98,15.6,15.92,344587
2025-05-08,15.9,16.01,15.8,15.9,209069
2025-05-09,15.94,16.23,15.84,15.94,256072
2025-05-12,16.09,16.15,15.67,15.86,241746
2025-05-13,15.93,15.95,15.73,15.88,154440
2025-05-14,15.89,15.97,15.8,15.85,164483
2025-05-15,15.9,16.21,15.86,15.9,217011
2025-05-16,15.89,16.19,15.88,15.97,160541
2025-05-19,15.91,15.94,15.68,15.8,148154
2025-05-20,15.81,15.88,15.71,15.74,153269
2025-05-21,15.74,15.82,15.66,15.7,127029
2025-05-22,15.7,15.75,15.62,15.63,101579
2025-05-23,15.62,15.95,15.45,15.48,176963
2025-05-26,15.6,15.91,15.59,15.71,299651
2025-05-27,15.76,15.8,15.47,15.5,194178
2025-05-28,15.51,15.92,15.48,15.65,232128
2025-05-29,15.65,15.94,15.65,15.72,209192
2025-05-30,15.72,15.72,15.38,15.56,177465
2025-06-03,15.4,15.51,15.34,15.49,165593
2025-06-04,15.51,15.84,15.51,15.56,172101
2025-06-05,15.58,15.67,15.49,15.6,117703
2025-06-06,15.6,15.92,15.5,15.78,188734
2025-06-09,15.9,16.42,15.9,16.31,419887
2025-06-10,16.25,16.37,16.06,16.18,257679
2025-06-11,16.15,16.24,16.08,16.09,143169
2025-06-12,16.13,16.17,15.98,16.02,156241
2025-06-13,16.09,16.37,16.03,16.3,328303
2025-06-16,16.3,16.34,16.06,16.19,191060
2025-06-17,16.2,16.55,16.16,16.45,229231
2025-06-18,16.41,16.56,16.37,16.45,174556
2025-06-19,16.37,16.44,15.96,16.06,241394
2025-06-20,16.04,16.11,15.85,15.86,172923
2025-06-23,15.79,15.99,15.78,15.93,161886
2025-06-24,16.01,16.18,15.96,16.17,190307
2025-06-25,16.15,16.18,16.04,16.15,197452
2025-06-26,16.15,16.27,16.1,16.12,131811
2025-06-27,16.14,16.47,16.14,16.3,195125
2025-06-30,16.32,16.53,16.28,16.34,127299
2025-07-01,16.29,16.35,16.2,16.28,133847
2025-07-02,16.4,16.52,16.26,16.44,198671
2025-07-03,16.5,16.52,16.1,16.19,188961
2025-07-04,16.17,16.37,16.16,16.25,142260
2025-07-07,16.25,16.64,16.22,16.63,261296
2025-07-08,16.6,16.87,16.5,16.79,227010
2025-07-09,16.85,17.02,16.7,16.8,232832
2025-07-10,16.77,16.99,16.72,16.77,164300
2025-07-11,16.77,17.09,16.77,16.83,260897
2025-07-14,16.86,17.1,16.86,16.89,208412
2025-07-15,16.82,16.95,16.64,16.78,188608
2025-07-16,16.78,16.84,16.6,16.67,122872
2025-07-17,16.73,16.91,16.67,16.91,128746
2025-07-18,16.97,17.59,16.97,17.44,377070
2025-07-21,19.22,19.22,19.22,19.22,137720
2025-07-22,21.18,21.18,21.18,21.18,64672
2025-07-23,23.34,23.34,22.69,23.34,2127681
2025-07-24,22.6,24.08,21.9,22.79,2825581
2025-07-25,22.6,22.8,20.5,20.53,2209146
2025-07-28,20.41,20.85,20.32,20.51,1015782
2025-07-29,20.4,21.03,20.06,20.66,1429571
2025-07-30,20.42,20.57,19.8,19.95,928383
2025-07-31,19.78,20.15,19.68,19.8,607142
2025-08-01,19.75,19.8,19.41,19.44,494549
2025-08-04,19.38,19.63,19.34,19.6,350761
2025-08-05,19.72,19.82,19.52,19.58,422335
2025-08-06,19.56,19.65,19.41,19.58,438587
2025-08-07,19.7,19.7,19.37,19.49,377024
2025-08-08,19.47,20.03,19.39,19.89,713635
2025-08-11,19.89,19.89,19.48,19.71,447869
2025-08-12,19.72,19.77,19.41,19.44,400475
2025-08-13,19.45,19.56,19.36,19.41,392247
2025-08-14,19.38,19.69,19.37,19.42,433216
2025-08-15,19.38,19.61,19.26,19.53,387045
2025-08-18,19.5,19.89,19.49,19.8,517541
2025-08-19,19.8,19.96,19.65,19.67,488214
2025-08-20,19.6,19.77,19.47,19.75,366419
2025-08-21,19.79,20.13,19.79,19.9,505482
2025-08-22,20.0,20.1,19.7,20.1,465031
2025-08-25,20.12,20.65,20.12,20.65,705346
2025-08-26,20.61,20.62,20.26,20.36,451553
2025-08-27,20.39,20.55,19.68,19.68,660669
2025-08-28,19.62,20.26,19.37,20.21,566258
2025-08-29,20.17,20.18,19.71,19.78,442653
2025-09-01,19.88,20.1,19.75,19.87,370474
2025-09-02,20.01,20.01,19.21,19.44,397547
2025-09-03,19.45,19.61,18.85,19.01,345155
2025-09-04,18.97,19.11,18.6,18.82,300932
2025-09-05,18.82,19.35,18.82,19.29,270256
2025-09-08,19.61,19.64,19.32,19.46,273007
2025-09-09,19.44,19.44,19.0,19.15,231438
2025-09-10,19.18,19.2,18.84,18.91,216243
2025-09-11,18.91,19.28,18.8,19.24,274888
2025-09-12,19.36,19.58,19.24,19.38,349496
2025-09-15,19.37,19.66,19.3,19.45,241947
2025-09-16,19.57,19.57,19.0,19.14,262554
2025-09-17,19.15,19.48,19.01,19.44,364095
2025-09-18,19.43,19.43,18.75,18.9,431551
2025-09-19,18.81,19.03,18.8,18.9,217624
2025-09-22,18.98,18.98,18.54,18.7,262038
2025-09-23,18.64,18.85,18.29,18.67,275623
2025-09-24,18.56,18.82,18.52,18.8,203568
2025-09-25,18.8,19.12,18.8,18.99,288221
2025-09-26,18.92,19.42,18.89,18.95,356681
2025-09-29,18.9,19.08,18.73,19.03,251963
2025-09-30,18.97,19.42,18.95,19.29,362276
2025-10-09,19.86,21.22,19.86,21.22,1582672
2025-10-10,21.2,21.2,20.66,20.79,1015469
2025-10-13,20.05,21.23,20.05,21.09,986988
2025-10-14,21.35,21.92,20.8,20.99,1095189
2025-10-15,20.83,21.33,20.4,20.92,688092
2025-10-16,21.01,21.14,20.68,20.77,518028
2025-10-17,20.82,20.9,19.72,19.74,600121
2025-10-20,20.03,20.3,19.87,20.14,427237
2025-10-21,20.19,20.96,20.06,20.52,522921
2025-10-22,20.57,20.65,20.12,20.34,366331
2025-10-23,20.18,20.47,19.86,20.35,360871
2025-10-24,20.38,20.47,20.06,20.2,371451
2025-10-27,20.42,21.98,20.35,21.47,1159991
2025-10-28,21.4,21.42,20.95,21.05,627327
2025-10-29,21.13,21.95,21.08,21.92,954616
2025-10-30,22.1,22.1,21.45,21.52,698824
2025-10-31,21.63,21.65,20.74,20.87,748778
2025-11-03,21.52,21.74,20.83,21.22,937022
2025-11-04,21.23,22.06,21.22,21.4,952159
2025-11-05,21.0,22.35,20.48,22.23,1689564
2025-11-06,22.16,23.07,22.0,22.79,1522550
2025-11-07,22.5,22.75,22.32,22.54,775950
2025-11-10,22.99,24.75,22.99,24.27,1942842
2025-11-11,24.35,24.48,23.29,23.37,1084136
2025-11-12,23.38,23.53,22.27,22.63,820153
2025-11-13,22.88,24.75,22.88,24.25,1334381
2025-11-14,24.03,24.23,22.95,23.0,941989
2025-11-17,22.93,23.35,22.14,22.32,773772
2025-11-18,22.18,22.25,21.32,21.55,612859
2025-11-19,21.42,21.72,21.22,21.49,449612
2025-11-20,21.73,21.77,21.11,21.19,519411
2025-11-21,20.7,20.9,20.29,20.3,594148
2025-11-24,20.55,20.61,20.05,20.25,428880
2025-11-25,20.45,20.78,20.36,20.45,452218
2025-11-26,20.5,20.74,20.26,20.51,305709
2025-11-27,20.46,20.87,20.28,20.33,336590
2025-11-28,20.33,21.58,20.29,21.46,758948
2025-12-01,21.48,21.57,21.19,21.35,367096
2025-12-02,21.28,21.34,20.82,21.23,275052
2025-12-03,21.19,21.37,21.05,21.19,262113
2025-12-04,21.15,21.3,20.83,20.91,244401
2025-12-05,21.0,21.73,20.92,21.58,431327
2025-12-08,21.86,21.89,21.36,21.43,347187
2025-12-09,21.38,21.43,21.15,21.31,232849
2025-12-10,21.32,21.48,20.86,21.21,262776
2025-12-11,21.78,22.7,21.78,21.86,786111
2025-12-12,22.3,24.05,22.3,24.05,1381187
2025-12-15,24.4,24.45,23.75,23.81,1231167
2025-12-16,23.61,23.75,22.57,22.74,680012
2025-12-17,22.63,23.28,22.31,23.17,619795
2025-12-18,22.79,22.85,22.48,22.53,496691
2025-12-19,22.88,23.38,22.82,22.9,537751
2025-12-22,23.63,23.87,23.06,23.3,597507
2025-12-23,23.3,24.99,23.1,24.7,1188537
2025-12-24,24.48,24.9,24.05,24.6,678941
2025-12-25,24.6,25.94,24.6,25.1,899207
2025-12-26,24.85,25.22,24.7,24.9,615190
2025-12-29,25.25,25.39,24.3,24.37,622134
2025-12-30,24.19,24.75,24.0,24.4,458066
2025-12-31,24.3,24.5,24.1,24.28,390375
