date,open,high,low,close,volume
2015-01-05,19.77,20.85,19.15,20.55,1597854
2015-01-06,19.93,20.65,19.44,20.1,1168507
2015-01-07,20.01,21.48,19.78,20.51,1420735
2015-01-08,20.55,20.74,19.07,19.45,1084233
2015-01-09,19.41,20.16,18.88,18.95,1155974
2015-01-12,18.77,19.39,18.25,18.6,923656
2015-01-13,18.51,18.78,17.78,17.93,695691
2015-01-14,17.92,18.23,17.63,17.87,630549
2015-01-15,17.94,18.68,17.44,18.65,927055
2015-01-16,18.65,18.76,18.17,18.41,785441
2015-01-19,16.35,16.43,16.35,16.35,985085
2015-01-20,15.55,16.19,14.86,15.31,1473496
2015-01-21,15.63,16.9,15.56,16.65,1252364
2015-01-22,16.86,17.23,16.33,16.85,881480
2015-01-23,16.94,17.76,16.94,17.18,911821
2015-01-26,17.23,17.23,16.59,16.78,560236
2015-01-27,16.8,16.94,15.98,16.4,625703
2015-01-28,16.33,16.91,16.03,16.48,541626
2015-01-29,16.05,16.35,15.68,15.97,517491
2015-01-30,16.18,16.44,15.85,15.91,471048
2015-02-02,15.44,17.15,15.4,16.45,864259
2015-02-03,16.75,17.23,16.3,17.01,1063870
2015-02-04,17.11,18.52,16.83,17.55,1544330
2015-02-05,18.25,19.51,17.86,19.15,2719788
2015-02-06,18.62,19.31,17.98,18.43,1445958
2015-02-09,18.51,19.62,18.25,19.16,1536442
2015-02-10,19.09,19.48,18.61,19.04,1058741
2015-02-11,19.01,19.02,18.48,18.78,794367
2015-02-12,18.65,19.07,18.25,18.91,765286
2015-02-13,19.03,19.29,18.62,18.64,912058
2015-02-16,18.48,18.62,18.08,18.31,699596
2015-02-17,18.4,18.75,18.13,18.34,619207
2015-02-25,18.34,18.34,17.85,17.89,466378
2015-02-26,17.86,19.85,17.8,19.81,1443298
2015-02-27,19.78,19.88,19.23,19.25,905702
2015-03-02,19.71,19.98,19.24,19.28,1103034
2015-03-03,19.17,19.17,18.23,18.32,973929
2015-03-04,18.25,18.62,18.05,18.38,530409
2015-03-05,18.09,18.78,17.93,18.48,707506
2015-03-06,18.54,19.05,18.4,18.41,627882
2015-03-09,17.48,17.85,16.75,17.51,1102509
2015-03-10,17.29,17.84,17.01,17.35,643824
2015-03-11,17.35,17.78,17.15,17.31,478780
2015-03-12,17.35,18.54,17.21,18.0,822595
2015-03-13,18.09,18.59,17.91,17.97,606584
2015-03-16,18.01,18.54,17.59,18.41,724652
2015-03-17,18.79,19.09,18.55,18.93,1119374
2015-03-18,19.11,19.63,19.11,19.43,1069407
2015-03-19,19.43,19.51,19.06,19.35,669385
2015-03-20,19.45,21.5,19.14,21.09,2370356
2015-03-23,21.4,21.95,20.95,21.81,1819284
2015-03-24,21.78,21.78,20.7,21.17,1182544
2015-03-25,21.36,22.18,20.94,20.98,1247306
2015-03-26,20.78,21.58,20.19,21.09,871331
2015-03-27,21.17,22.26,21.05,21.55,1190187
2015-03-30,21.71,22.55,21.21,22.35,1387253
2015-03-31,22.33,24.31,21.62,22.35,1878592
2015-04-01,22.51,23.25,22.04,23.09,1323226
2015-04-02,23.19,23.35,22.11,22.31,1305911
2015-04-03,22.48,23.45,22.4,23.21,1517629
2015-04-07,23.99,25.12,23.17,24.71,1930977
2015-04-08,25.01,26.91,24.53,26.15,1900819
2015-04-09,26.94,28.63,25.98,26.23,1932773
2015-04-10,26.31,26.76,25.4,26.55,1225902
2015-04-13,26.61,26.63,25.36,25.87,1381881
2015-04-14,25.94,26.55,25.23,26.26,1111622
2015-04-15,25.98,27.55,25.51,25.93,1172599
2015-04-16,25.42,27.05,25.06,26.31,859616
2015-04-17,26.52,27.08,25.87,26.17,993667
2015-04-20,26.01,26.01,24.01,24.25,1427442
2015-04-21,24.31,25.76,24.18,25.14,1112835
2015-04-22,25.21,26.86,24.79,26.57,1694182
2015-04-23,26.71,28.12,26.35,26.96,1715185
2015-04-24,26.84,26.84,25.25,25.79,1104683
2015-04-27,25.86,26.99,25.86,26.15,1039970
2015-04-28,26.15,28.08,26.15,27.32,2112783
2015-04-29,26.32,27.09,26.02,26.7,1086350
2015-04-30,26.75,27.77,26.28,26.31,1002735
2015-05-04,26.27,26.39,25.45,25.61,735081
2015-05-05,25.56,26.21,24.2,24.23,1020219
2015-05-06,24.47,25.29,23.55,23.88,973406
2015-05-07,23.71,24.95,23.5,24.52,886444
2015-05-18,22.86,23.22,22.09,22.76,1266285
2015-05-19,22.22,25.08,22.22,24.38,1430329
2015-05-20,24.38,24.38,23.55,23.78,1002565
2015-05-21,23.79,23.79,23.05,23.4,747970
2015-05-22,23.46,24.5,23.32,23.9,1272652
2015-05-25,23.91,24.97,23.84,24.31,1783593
2015-05-26,24.53,24.77,23.79,24.34,1876420
2015-05-27,24.41,24.75,24.14,24.59,1533116
2015-05-28,24.56,24.56,21.95,22.02,1678624
2015-05-29,22.06,22.42,21.07,21.39,1243068
2015-06-01,21.37,23.03,21.06,22.66,1178308
2015-06-02,22.6,23.43,22.37,22.9,968474
2015-06-03,22.9,23.1,22.13,22.34,1269896
2015-06-04,22.3,22.91,21.14,22.33,1403112
2015-06-05,22.95,23.2,22.3,22.63,1688349
2015-06-08,22.86,24.53,22.34,24.33,2384555
2015-06-09,24.67,24.67,23.46,24.03,1776803
2015-06-10,23.76,24.34,23.56,23.86,1240915
2015-06-11,23.8,23.8,23.03,23.24,1123554
2015-06-12,23.45,23.9,23.08,23.27,946412
2015-06-15,23.66,23.82,22.06,22.29,1368882
2015-06-16,22.18,22.56,21.43,21.8,938037
2015-06-17,21.91,22.11,21.3,22.0,728681
2015-06-18,21.76,21.9,20.76,20.8,656651
2015-06-19,20.36,21.21,19.52,19.57,875508
2015-06-23,19.62,20.56,18.92,20.41,900639
2015-06-24,20.51,20.51,19.86,20.36,745372
2015-06-25,20.56,21.46,20.07,20.16,1417484
2015-06-26,19.46,20.45,17.95,17.95,1493980
2015-06-29,18.53,18.72,15.96,16.66,1631176
2015-06-30,16.65,18.45,16.01,18.42,1507520
2015-07-01,18.16,18.79,16.6,17.09,1114040
2015-07-02,17.73,18.36,16.53,17.23,1493998
2015-07-03,17.37,17.98,15.59,16.75,1122431
2015-07-06,18.07,18.61,17.05,18.11,1889215
2015-07-07,17.43,18.23,16.1,16.88,2073160
2015-07-08,15.0,16.41,15.0,15.04,2003702
2015-07-09,15.04,16.74,13.46,16.74,1486768
2015-07-10,16.74,18.61,16.3,18.6,1607380
2015-07-13,18.06,19.45,17.76,18.44,1390179
2015-07-14,17.76,18.22,16.76,17.02,1049036
2015-07-15,16.53,17.2,15.37,16.12,951613
2015-07-16,16.12,16.76,15.53,16.13,590848
2015-07-17,16.4,17.25,16.03,17.0,779706
2015-07-20,16.95,16.98,16.22,16.39,771311
2015-07-21,16.03,16.9,15.83,16.38,826832
2015-07-22,16.16,16.45,15.83,15.98,545621
2015-07-23,16.03,16.73,15.98,16.66,914311
2015-07-24,16.96,17.05,16.04,16.12,947226
2015-07-27,15.9,15.9,14.31,14.31,845067
2015-07-28,13.83,15.59,12.76,15.45,1691590
2015-07-29,15.26,15.51,14.84,15.3,699323
2015-07-30,15.2,15.88,14.53,14.54,564376
2015-07-31,14.33,14.76,14.23,14.51,450387
2015-08-03,14.24,14.85,14.18,14.83,505916
2015-08-04,14.95,15.22,14.7,15.13,475413
2015-08-05,15.07,15.58,14.69,14.77,535414
2015-08-06,14.36,14.59,14.15,14.19,366519
2015-08-07,14.22,14.59,14.14,14.35,368224
2015-08-10,14.37,15.56,14.26,15.37,882095
2015-08-11,15.26,15.41,14.95,15.01,570760
2015-08-12,14.82,15.37,14.76,14.87,400643
2015-08-13,14.98,15.22,14.62,15.0,362636
2015-08-14,15.1,15.37,15.0,15.19,595651
2015-08-17,15.1,15.18,14.56,14.91,411510
2015-08-18,15.14,15.73,13.45,13.55,923315
2015-08-19,13.37,13.94,12.85,13.86,574467
2015-08-20,13.56,13.68,12.99,13.05,427783
2015-08-21,12.8,13.22,11.73,11.77,536806
2015-08-24,11.14,11.37,10.4,10.4,983283
2015-08-25,9.72,10.22,9.17,9.18,1052010
2015-08-26,9.27,9.99,8.72,9.15,1027163
2015-08-27,9.43,9.99,8.83,9.91,961519
2015-08-28,10.13,10.56,9.83,10.5,962378
2015-08-31,10.52,10.52,9.61,10.34,696927
2015-09-01,10.03,10.88,9.7,10.8,1263811
2015-09-02,10.07,10.94,10.06,10.81,1076699
2015-09-07,10.8,11.56,10.6,10.71,570057
2015-09-08,10.45,11.29,10.23,11.26,360344
2015-09-09,11.37,11.86,11.15,11.46,494451
2015-09-10,11.15,11.33,11.01,11.26,273125
2015-09-11,11.18,11.33,10.83,11.02,226071
2015-09-14,10.93,11.14,10.05,11.12,649148
2015-09-15,10.73,10.89,10.15,10.6,336946
2015-09-16,10.4,11.83,10.33,11.45,371716
2015-09-17,11.16,11.59,10.83,10.88,294663
2015-09-18,10.95,11.03,10.37,10.6,317396
2015-09-21,10.4,10.82,10.37,10.7,192727
2015-09-22,10.73,11.51,10.65,11.09,363182
2015-09-23,10.83,10.93,10.48,10.5,218691
2015-09-24,10.56,10.71,10.37,10.51,165297
2015-09-25,10.46,10.51,10.03,10.26,181376
2015-09-28,10.21,10.5,10.07,10.4,99056
2015-09-29,10.21,10.82,10.09,10.47,217331
2015-09-30,10.36,10.78,10.36,10.4,186261
2015-10-08,11.15,11.31,11.03,11.13,360514
2015-10-09,11.14,11.52,11.06,11.5,264822
2015-10-12,11.52,12.39,11.34,12.11,446125
2015-10-13,11.92,12.17,11.84,11.95,227526
2015-10-14,11.98,12.25,11.69,11.74,311756
2015-10-15,11.71,12.18,11.55,12.14,270797
2015-10-16,12.28,12.53,12.1,12.36,471939
2015-10-19,12.38,13.34,12.38,12.88,650260
2015-10-20,12.75,13.45,12.75,13.44,503422
2015-10-21,13.45,13.56,12.34,13.14,640312
2015-10-22,12.82,13.2,12.64,13.14,313450
2015-10-23,13.35,13.38,12.76,13.18,281089
2015-10-26,13.76,14.58,13.68,13.74,582043
2015-10-27,13.41,13.95,13.08,13.84,317061
2015-10-28,13.72,13.82,13.14,13.16,263483
2015-10-29,13.38,13.38,12.81,12.98,245368
2015-10-30,12.88,13.65,12.65,13.14,393434
2015-11-02,12.8,13.16,12.58,12.65,268089
2015-11-03,12.65,12.84,12.54,12.64,173356
2015-11-04,12.78,14.05,12.69,14.05,677840
2015-11-05,14.34,15.61,14.34,15.2,1842766
2015-11-06,15.06,16.88,14.84,16.68,1558513
2015-11-09,16.68,17.64,15.99,16.22,1358831
2015-11-10,15.91,17.45,15.84,16.38,1085825
2015-11-11,16.22,17.02,15.9,16.61,795929
2015-11-12,16.98,17.22,16.14,16.49,776908
2015-11-13,16.14,16.89,16.05,16.29,740714
2015-11-16,15.68,16.11,15.46,15.96,485105
2015-11-17,16.3,17.13,15.88,16.08,942649
2015-11-18,15.91,16.53,15.38,15.47,609546
2015-11-19,15.49,15.75,15.41,15.74,318978
2015-11-20,15.8,15.84,15.5,15.6,282286
2015-11-23,15.61,16.03,15.38,15.47,296537
2015-11-24,15.44,15.96,15.39,15.77,336115
2015-11-25,15.72,16.05,15.58,16.03,323070
2015-11-26,16.15,16.6,15.78,15.79,409473
2015-11-27,15.53,15.61,14.06,14.06,675595
2015-11-30,14.11,14.4,13.22,14.03,594637
2015-12-01,13.85,14.67,13.71,14.35,354184
2015-12-02,14.16,15.9,14.11,15.48,729446
2015-12-03,15.45,16.14,15.31,15.59,570931
2015-12-04,15.31,15.45,14.98,15.21,364251
2015-12-07,15.03,15.25,14.62,14.84,248341
2015-12-08,14.61,15.05,14.3,14.39,234490
2015-12-09,14.22,14.77,14.22,14.4,211721
2015-12-10,14.53,15.32,14.47,14.58,301088
2015-12-11,14.33,15.14,14.31,14.88,316121
2015-12-14,14.65,16.53,14.61,16.53,866781
2015-12-15,16.49,16.52,15.88,16.02,572383
2015-12-16,15.94,16.43,15.91,16.05,361866
2015-12-17,16.24,16.61,16.0,16.2,455225
2015-12-18,16.06,16.28,15.84,16.11,285589
2015-12-21,16.07,16.68,15.98,16.27,431817
2015-12-22,16.34,16.71,16.18,16.51,369019
2015-12-23,16.68,17.61,16.51,16.61,828971
2015-12-24,16.44,16.44,15.53,15.84,489457
2015-12-25,15.77,15.99,15.67,15.89,236364
2015-12-28,16.07,16.12,14.99,15.01,444655
2015-12-29,15.01,15.31,14.95,15.24,273840
2015-12-30,15.28,15.39,14.98,15.28,260104
2015-12-31,15.25,15.56,15.13,15.14,225619
2016-01-04,15.1,15.28,13.53,13.54,252153
2016-01-05,12.99,13.83,12.81,13.56,360626
2016-01-06,13.62,13.94,13.24,13.81,270861
2016-01-07,13.17,13.43,12.31,12.37,72512
2016-01-08,12.84,13.47,11.91,12.69,490516
2016-01-11,12.3,12.49,11.35,11.37,366449
2016-01-12,11.51,11.84,11.3,11.47,304755
2016-01-13,11.59,11.73,11.22,11.26,287771
2016-01-14,10.76,11.68,10.65,11.61,301404
2016-01-15,11.53,11.68,10.77,11.14,312187
2016-01-18,10.91,11.4,10.84,11.14,253960
2016-01-19,11.2,11.68,10.98,11.52,387833
2016-01-20,11.45,11.6,11.22,11.32,283265
2016-01-21,11.19,11.57,10.65,10.68,265900
2016-01-22,10.89,10.99,10.54,10.91,207895
2016-01-25,10.97,11.22,10.88,11.01,174323
2016-01-26,10.78,10.89,9.76,9.96,356332
2016-01-27,9.98,10.09,9.38,9.71,298644
2016-01-28,9.68,10.05,9.28,9.35,350095
2016-01-29,9.44,10.12,9.34,9.98,423047
2016-02-01,9.91,9.97,9.49,9.68,251192
2016-02-02,9.71,10.14,9.48,10.04,337317
2016-02-03,9.84,9.98,9.7,9.91,218931
2016-02-04,9.99,10.34,9.99,10.15,268057
2016-02-05,9.88,9.95,9.64,9.68,415051
2016-02-15,9.23,9.51,9.21,9.42,179311
2016-02-16,9.51,10.01,9.51,9.96,344504
2016-02-17,9.88,10.11,9.84,10.08,267499
2016-02-18,10.2,10.42,10.05,10.07,324017
2016-02-19,10.06,10.18,9.96,10.1,192666
2016-02-22,10.29,10.76,10.21,10.64,380262
2016-02-23,10.67,10.67,10.22,10.39,226089
2016-02-24,10.41,10.58,10.17,10.55,228577
2016-02-25,10.49,10.51,9.35,9.44,334793
2016-02-26,9.61,9.74,9.3,9.64,327595
2016-02-29,9.53,9.59,8.8,9.2,427282
2016-03-01,9.22,9.91,9.1,9.53,364919
2016-03-02,9.64,10.32,9.5,10.3,480800
2016-03-03,10.26,10.6,10.04,10.47,468039
2016-03-04,10.38,10.81,10.15,10.75,614256
2016-03-07,11.03,11.51,10.89,10.92,466228
2016-03-08,11.01,11.24,10.34,11.21,562465
2016-03-09,10.78,11.18,10.61,11.17,400185
2016-03-10,10.92,11.16,10.62,10.68,302462
2016-03-11,10.44,11.01,10.38,10.91,276842
2016-03-14,11.11,11.57,10.93,11.04,482981
2016-03-15,10.94,11.02,10.68,10.94,255655
2016-03-16,10.88,11.21,10.8,11.18,480245
2016-03-17,11.15,11.55,11.04,11.48,321247
2016-03-18,11.52,12.2,11.43,11.86,460749
2016-03-21,12.3,13.2,12.3,13.2,1642301
2016-03-22,12.88,12.98,12.5,12.58,1090436
2016-03-23,12.47,12.82,12.29,12.64,530560
2016-03-24,12.43,12.43,11.94,11.98,434778
2016-03-25,11.92,12.22,11.92,12.17,279833
2016-03-28,12.16,12.38,11.69,11.78,310750
2016-03-29,11.84,11.9,11.48,11.62,308551
2016-03-30,11.88,12.18,11.84,12.08,435194
2016-03-31,12.18,12.64,12.04,12.21,475810
2016-04-01,12.11,12.38,11.91,12.25,338272
2016-04-05,12.24,12.74,12.23,12.56,367530
2016-04-06,12.49,12.64,12.21,12.39,263146
2016-04-07,12.44,12.52,11.99,12.01,228378
2016-04-08,11.91,11.91,11.58,11.71,213214
2016-04-11,12.28,12.64,12.01,12.14,529537
2016-04-12,12.16,12.24,11.91,12.08,193409
2016-04-13,12.18,12.72,12.18,12.49,585825
2016-04-14,12.57,12.7,12.39,12.58,241376
2016-04-15,12.54,12.6,12.3,12.39,220491
2016-04-18,12.21,12.21,11.94,12.0,250970
2016-04-19,12.09,12.18,11.95,12.11,184406
2016-04-20,12.14,12.21,11.24,12.1,495844
2016-04-21,11.86,11.99,11.68,11.73,212903
2016-04-22,11.67,11.88,11.55,11.78,147765
2016-04-25,11.76,11.76,11.3,11.54,229848
2016-04-26,11.52,11.68,11.43,11.63,155504
2016-04-27,11.61,11.68,11.39,11.42,154531
2016-04-28,11.47,11.53,11.24,11.4,158503
2016-04-29,11.3,11.42,11.3,11.32,113043
2016-05-03,11.32,11.71,11.3,11.61,277428
2016-05-04,11.53,11.61,11.45,11.49,172031
2016-05-05,11.4,11.59,11.4,11.5,138485
2016-05-06,11.53,11.59,10.92,10.96,272915
2016-05-09,10.9,10.91,10.3,10.44,378596
2016-05-10,10.3,10.49,10.3,10.39,176563
2016-05-11,10.41,10.48,10.29,10.36,157237
2016-05-12,10.25,10.49,10.17,10.46,203233
2016-05-13,10.42,10.63,10.38,10.46,152220
2016-05-16,10.34,10.53,10.24,10.52,98108
2016-05-17,10.54,10.67,10.37,10.49,136938
2016-05-18,10.38,10.57,10.28,10.49,214588
2016-05-19,10.48,10.58,10.41,10.49,116417
2016-05-20,10.41,10.6,10.3,10.57,126049
2016-05-23,10.54,10.7,10.44,10.55,133762
2016-05-24,10.53,10.53,10.39,10.41,80569
2016-05-25,10.53,10.64,10.39,10.4,101636
2016-05-26,10.42,10.48,10.3,10.44,104134
2016-05-27,10.44,10.5,10.3,10.38,73308
2016-05-30,10.36,10.48,10.28,10.39,61198
2016-05-31,10.44,11.39,10.44,11.2,473309
2016-06-01,11.23,11.3,11.01,11.03,261330
2016-06-02,11.06,11.14,10.94,11.06,142861
2016-06-03,11.07,11.24,10.95,11.1,224267
2016-06-06,11.17,11.18,10.94,10.94,133599
2016-06-07,10.97,11.1,10.93,10.99,151724
2016-06-08,10.99,11.06,10.84,10.97,123576
2016-06-13,10.77,10.88,10.32,10.34,173056
2016-06-14,10.33,10.41,10.22,10.37,134843
2016-06-15,10.18,10.81,10.15,10.56,222465
2016-06-16,10.53,10.65,10.4,10.47,158364
2016-06-17,10.57,10.78,10.51,10.56,133424
2016-06-20,10.58,10.67,10.49,10.6,82211
2016-06-21,10.7,11.23,10.7,10.79,293702
2016-06-22,10.77,11.02,10.7,11.0,136227
2016-06-23,11.02,11.03,10.8,10.89,106224
2016-06-24,11.07,11.2,10.55,10.8,271816
2016-06-27,10.74,11.07,10.73,11.06,180823
2016-06-28,10.97,11.37,10.91,11.23,216415
2016-06-29,11.26,11.52,11.25,11.3,315523
2016-06-30,11.3,11.49,11.3,11.33,234467
2016-07-01,11.4,11.6,11.33,11.39,215454
2016-07-04,11.28,12.03,11.23,11.91,553780
2016-07-05,11.8,12.17,11.8,11.9,274919
2016-07-06,11.8,12.23,11.77,12.08,246735
2016-07-07,12.02,12.26,11.87,12.07,233272
2016-07-08,12.05,12.23,11.93,11.96,276293
2016-07-11,11.96,12.34,11.88,12.06,295690
2016-07-12,12.06,12.34,11.84,12.3,308113
2016-07-13,12.35,12.62,12.17,12.21,304900
2016-07-14,12.1,12.35,12.1,12.26,147579
2016-07-15,12.25,12.31,12.01,12.1,153546
2016-07-18,12.1,12.1,11.84,11.86,161033
2016-07-19,11.87,12.01,11.73,11.98,169078
2016-07-20,11.89,12.07,11.87,11.87,96241
2016-07-21,11.89,12.16,11.89,12.02,157213
2016-07-22,12.01,12.01,11.83,11.9,146590
2016-07-25,11.87,11.97,11.77,11.85,72165
2016-07-26,11.85,12.18,11.83,12.17,193858
2016-07-27,12.07,12.17,11.33,11.92,348269
2016-07-28,11.75,11.79,11.4,11.64,179577
2016-07-29,11.61,11.73,11.5,11.57,96301
2016-08-01,11.5,11.62,11.25,11.37,114711
2016-08-02,11.38,11.43,11.3,11.39,91240
2016-08-03,11.37,11.39,11.17,11.27,152973
2016-08-04,11.25,11.34,11.13,11.32,92152
2016-08-05,11.32,11.51,11.23,11.4,136671
2016-08-08,11.4,11.53,11.28,11.52,107216
2016-08-09,11.53,11.6,11.43,11.54,129204
2016-08-10,11.6,11.6,11.44,11.47,125641
2016-08-11,11.51,11.73,11.46,11.51,275064
2016-08-12,11.47,12.08,11.41,12.05,302303
2016-08-15,12.08,13.39,11.96,13.31,1586766
2016-08-16,13.01,13.31,12.83,12.91,1113199
2016-08-17,12.99,13.14,12.63,12.8,524263
2016-08-18,12.72,12.99,12.63,12.81,343701
2016-08-19,12.8,12.87,12.61,12.67,220651
2016-08-22,12.66,12.81,12.38,12.43,236959
2016-08-23,12.45,12.57,12.37,12.53,200877
2016-08-24,12.55,12.56,12.22,12.35,222345
2016-08-25,12.24,12.54,12.21,12.47,239491
2016-08-26,12.49,12.51,12.28,12.31,144661
2016-08-29,12.28,12.36,12.2,12.34,127738
2016-08-30,12.35,12.47,12.24,12.38,214226
2016-08-31,12.37,12.57,12.28,12.46,173278
2016-09-01,12.4,12.53,12.18,12.2,169902
2016-09-02,12.18,12.46,12.14,12.36,188243
2016-09-05,12.37,12.51,12.27,12.33,148278
2016-09-06,12.27,12.47,12.1,12.43,191263
2016-09-07,12.43,12.78,12.4,12.48,305032
2016-09-08,12.49,12.5,12.31,12.4,143527
2016-09-09,12.38,12.46,12.22,12.24,156819
2016-09-12,12.02,12.02,11.64,11.98,349209
2016-09-13,11.98,11.99,11.79,11.92,114112
2016-09-14,11.81,11.91,11.74,11.87,94472
2016-09-19,11.86,11.93,11.85,11.89,62633
2016-09-20,11.89,11.91,11.8,11.83,64669
2016-09-21,11.82,12.07,11.81,12.0,123707
2016-09-22,12.09,12.17,12.03,12.06,130927
2016-09-23,12.08,12.13,12.0,12.03,66400
2016-09-26,11.92,12.0,11.57,11.58,163918
2016-09-27,11.55,11.71,11.52,11.67,128819
2016-09-28,11.67,11.75,11.62,11.63,72593
2016-09-29,11.7,11.97,11.65,11.81,122491
2016-09-30,11.76,12.01,11.75,11.98,94252
2016-10-10,12.07,12.21,11.93,12.14,141465
2016-10-11,12.15,12.18,11.99,12.06,133005
2016-10-12,12.07,12.07,11.94,11.99,93965
2016-10-13,11.98,12.09,11.94,12.04,85962
2016-10-14,11.98,12.02,11.89,12.01,77238
2016-10-17,12.02,12.11,11.81,11.85,101035
2016-10-18,11.84,12.21,11.81,12.2,242727
2016-10-19,12.21,12.21,12.05,12.11,102071
2016-10-20,12.12,12.16,12.03,12.05,87899
2016-10-21,12.05,12.25,12.04,12.12,164146
2016-10-24,12.12,12.87,12.11,12.62,540115
2016-10-25,12.59,12.68,12.4,12.53,167320
2016-10-26,12.46,12.64,12.38,12.51,152183
2016-10-27,12.43,12.63,12.43,12.53,134386
2016-10-28,12.63,13.19,12.61,12.75,563052
2016-10-31,12.45,12.85,12.18,12.57,290005
2016-11-01,12.53,12.81,12.45,12.65,285294
2016-11-02,12.55,12.88,12.51,12.59,246574
2016-11-03,12.55,13.26,12.52,12.9,507135
2016-11-04,12.91,13.15,12.68,12.75,344149
2016-11-07,12.75,12.95,12.74,12.84,188293
2016-11-08,13.01,13.12,12.79,12.91,223264
2016-11-09,12.92,12.97,12.46,12.64,286588
2016-11-10,12.78,13.15,12.78,13.12,432513
2016-11-11,13.14,13.68,13.02,13.64,705037
2016-11-14,13.55,14.21,13.45,13.77,618171
2016-11-15,13.76,13.91,13.48,13.58,267605
2016-11-16,13.69,13.75,13.44,13.53,200055
2016-11-17,13.5,13.7,13.29,13.58,206433
2016-11-18,13.49,13.5,13.15,13.18,234911
2016-11-21,13.12,13.46,13.1,13.31,231051
2016-11-22,13.35,13.61,13.28,13.48,296490
2016-11-23,13.57,13.57,13.23,13.31,250887
2016-11-24,13.29,13.65,13.21,13.42,235030
2016-11-25,13.44,13.74,13.16,13.71,264083
2016-11-28,13.82,14.03,13.49,13.58,400417
2016-11-29,13.53,13.76,13.31,13.57,371777
2016-11-30,13.48,13.7,13.32,13.44,279636
2016-12-01,13.31,13.57,13.31,13.54,264633
2016-12-02,13.51,13.54,12.98,13.2,329729
2016-12-05,12.94,13.11,12.57,12.68,326763
2016-12-06,12.65,12.8,12.48,12.51,200334
2016-12-07,12.5,12.56,12.4,12.55,158979
2016-12-08,12.55,12.58,12.32,12.35,170926
2016-12-09,12.35,12.48,12.3,12.35,235231
2016-12-12,12.36,12.39,11.71,12.15,475758
2016-12-13,11.96,12.05,11.88,11.94,170438
2016-12-14,11.92,11.98,11.76,11.77,149466
2016-12-15,11.8,11.91,11.59,11.68,174595
2016-12-16,11.69,11.78,11.59,11.67,158816
2016-12-19,11.68,11.68,11.45,11.48,163536
2016-12-20,11.5,11.57,11.43,11.55,121552
2016-12-21,11.58,11.78,11.58,11.68,228834
2016-12-22,11.68,11.7,11.53,11.61,96251
2016-12-23,11.61,11.63,11.44,11.48,105925
2016-12-26,11.4,11.64,11.26,11.58,112587
2016-12-27,11.57,11.6,11.47,11.53,82952
2016-12-28,11.48,11.51,11.37,11.41,122808
2016-12-29,11.41,11.43,11.25,11.28,185072
2016-12-30,11.28,11.35,11.18,11.32,200340
2017-01-03,11.31,11.57,11.3,11.45,235941
2017-01-04,11.46,11.58,11.43,11.57,148794
2017-01-05,11.59,11.59,11.52,11.54,93893
2017-01-06,11.55,11.57,11.44,11.45,91413
2017-01-09,11.43,11.52,11.4,11.43,91631
2017-01-10,11.43,11.48,11.38,11.45,64235
2017-01-11,11.4,11.47,11.31,11.31,103259
2017-01-12,11.3,11.39,11.26,11.29,86291
2017-01-13,11.25,11.41,11.22,11.36,99548
2017-01-16,11.25,11.61,11.12,11.56,395580
2017-01-17,11.45,11.52,11.35,11.47,75736
2017-01-18,11.48,11.62,11.41,11.49,87832
2017-01-19,11.49,11.61,11.46,11.52,82386
2017-01-20,11.55,11.71,11.54,11.64,116089
2017-01-23,11.64,11.75,11.61,11.68,92756
2017-01-24,11.65,11.65,11.58,11.6,64988
2017-01-25,11.61,11.66,11.53,11.58,77251
2017-01-26,11.61,11.72,11.6,11.65,71985
2017-02-03,11.65,11.72,11.43,11.48,69537
2017-02-06,11.45,11.51,11.4,11.48,62065
2017-02-07,11.45,11.47,11.36,11.42,76934
2017-02-08,11.41,11.7,11.39,11.69,152084
2017-02-09,11.65,11.78,11.61,11.7,142378
2017-02-10,11.68,11.82,11.65,11.75,158215
2017-02-13,11.74,11.91,11.69,11.82,172444
2017-02-14,11.84,11.87,11.71,11.75,100493
2017-02-15,11.89,11.9,11.65,11.7,146158
2017-02-16,11.65,11.9,11.61,11.8,115130
2017-02-17,11.86,12.18,11.79,11.81,262672
2017-02-20,11.8,11.95,11.74,11.92,151666
2017-02-21,11.94,12.08,11.91,11.95,165412
2017-02-22,11.96,11.99,11.8,11.88,120974
2017-02-23,11.91,11.92,11.71,11.75,164992
2017-02-24,11.73,11.84,11.72,11.83,86923
2017-02-27,11.84,11.84,11.63,11.66,111320
2017-02-28,11.65,11.75,11.65,11.71,64498
2017-03-01,11.71,11.78,11.65,11.67,113770
2017-03-02,11.71,11.82,11.65,11.68,175738
2017-03-03,11.62,11.68,11.54,11.67,116247
2017-03-06,11.62,11.72,11.59,11.7,116470
2017-03-07,11.67,11.71,11.61,11.66,65636
2017-03-08,11.66,11.69,11.58,11.6,58812
2017-03-09,11.6,11.63,11.46,11.6,116093
2017-03-10,11.6,11.61,11.53,11.55,73033
2017-03-13,11.55,11.63,11.46,11.61,94078
2017-03-14,11.59,11.64,11.56,11.57,73969
2017-03-15,11.56,11.62,11.54,11.59,82871
2017-03-16,11.65,11.91,11.62,11.83,281895
2017-03-17,11.86,11.88,11.61,11.65,137566
2017-03-20,11.67,11.68,11.49,11.61,113275
2017-03-21,11.63,11.65,11.5,11.52,120074
2017-03-22,11.48,11.53,11.43,11.44,110425
2017-03-23,11.44,11.53,11.36,11.39,125350
2017-03-24,11.38,11.58,11.35,11.52,121490
2017-03-27,11.52,11.61,11.45,11.51,72454
2017-03-28,11.53,11.58,11.39,11.41,65477
2017-03-29,11.4,11.5,11.35,11.36,83715
2017-03-30,11.36,11.4,11.25,11.35,134378
2017-03-31,11.35,11.37,11.25,11.28,68434
2017-04-05,11.28,11.5,11.27,11.43,121926
2017-04-06,11.45,11.47,11.38,11.44,88039
2017-04-07,11.45,11.46,11.37,11.43,132788
2017-04-10,11.43,11.48,11.39,11.44,117988
2017-04-11,11.36,11.44,11.25,11.41,107012
2017-04-12,11.43,11.58,11.32,11.51,155492
2017-04-13,11.45,11.51,11.38,11.42,65096
2017-04-14,11.4,11.46,11.28,11.38,84678
2017-04-17,11.34,11.44,11.26,11.42,75753
2017-04-18,11.42,11.42,11.1,11.11,125689
2017-04-19,11.11,11.11,10.81,11.05,161601
2017-04-20,10.96,11.05,10.9,11.04,125244
2017-04-21,11.07,11.19,10.97,11.17,95276
2017-04-24,11.15,11.27,11.0,11.25,137735
2017-04-25,11.2,11.2,11.08,11.1,59745
2017-04-26,11.11,11.25,11.09,11.13,66745
2017-04-27,11.15,11.15,10.91,11.02,100837
2017-04-28,10.98,11.04,10.94,11.02,64855
2017-05-02,10.98,11.05,10.9,10.95,62964
2017-05-03,10.96,10.99,10.84,10.94,104466
2017-05-04,10.94,10.97,10.83,10.91,82554
2017-05-05,10.86,10.95,10.74,10.93,181905
2017-05-08,10.91,11.01,10.85,11.01,124663
2017-05-09,10.94,10.99,10.88,10.92,46471
2017-05-10,10.94,10.94,10.85,10.92,67505
2017-05-11,10.84,11.05,10.83,11.02,158020
2017-05-12,11.03,11.21,10.99,11.05,86142
2017-05-15,11.13,11.26,11.01,11.21,116414
2017-05-16,11.21,11.24,11.06,11.22,96994
2017-05-17,11.22,11.29,11.15,11.15,76398
2017-05-18,11.09,11.18,11.05,11.15,81484
2017-05-19,11.13,11.18,11.05,11.09,46813
2017-05-22,11.07,11.19,10.89,11.17,114239
2017-05-23,11.09,11.33,11.04,11.3,178677
2017-05-24,11.21,11.37,11.18,11.36,96757
2017-05-25,11.31,11.76,11.28,11.68,277205
2017-05-26,11.61,11.75,11.55,11.68,155616
2017-05-31,11.72,11.86,11.61,11.84,249381
2017-06-01,11.79,11.97,11.68,11.95,359960
2017-06-02,11.95,11.98,11.76,11.76,141342
2017-06-05,11.69,11.76,11.62,11.72,86757
2017-06-06,11.7,11.81,11.68,11.73,70886
2017-06-07,11.78,11.86,11.7,11.85,125092
2017-06-08,11.85,11.89,11.77,11.82,73658
2017-06-09,11.84,11.91,11.57,11.76,205118
2017-06-12,11.62,11.75,11.53,11.62,141583
2017-06-13,11.6,11.73,11.51,11.63,82000
2017-06-14,11.64,11.76,11.55,11.69,84735
2017-06-15,11.63,11.78,11.61,11.72,76948
2017-06-16,11.75,11.77,11.65,11.68,95864
2017-06-19,11.62,11.9,11.62,11.88,125041
2017-06-20,11.88,11.93,11.84,11.91,123972
2017-06-21,12.07,12.13,11.78,11.85,138686
2017-06-22,11.88,12.04,11.77,11.91,197045
2017-06-23,11.81,11.99,11.65,11.96,143981
2017-06-26,11.93,12.12,11.93,12.02,187490
2017-06-27,12.03,12.07,11.92,11.98,84190
2017-06-28,11.98,12.06,11.89,11.96,87498
2017-06-29,11.92,11.98,11.85,11.88,71141
2017-06-30,11.85,12.03,11.75,12.01,119478
2017-07-03,12.01,12.03,11.83,11.95,99367
2017-07-04,11.93,11.95,11.75,11.79,127527
2017-07-05,11.78,11.85,11.76,11.84,89362
2017-07-06,11.85,11.87,11.67,11.81,109820
2017-07-07,11.76,12.09,11.68,12.05,168662
2017-07-10,12.04,12.29,11.98,12.05,250743
2017-07-11,12.05,12.27,12.0,12.12,221793
2017-07-12,12.12,12.21,11.91,11.97,189711
2017-07-13,11.98,12.41,11.95,12.39,424164
2017-07-14,12.41,12.54,12.29,12.47,332402
2017-07-17,12.61,12.68,12.08,12.13,397326
2017-07-18,12.11,12.18,11.75,11.91,254189
2017-07-19,11.82,12.8,11.78,12.78,537289
2017-07-20,12.75,12.82,12.58,12.68,325267
2017-07-21,12.68,12.73,12.51,12.6,170249
2017-07-24,12.53,12.71,12.49,12.51,178430
2017-07-25,12.47,12.61,12.39,12.42,113166
2017-07-26,12.4,12.59,12.34,12.55,166932
2017-07-27,12.55,12.68,12.25,12.64,208922
2017-07-28,12.58,12.64,12.39,12.4,113743
2017-07-31,12.37,12.87,12.33,12.68,282831
2017-08-01,12.68,12.92,12.6,12.76,276376
2017-08-02,12.75,12.95,12.61,12.91,380758
2017-08-03,12.88,13.1,12.78,12.81,282726
2017-08-04,12.75,13.2,12.71,12.94,291307
2017-08-07,12.96,13.17,12.71,12.82,229247
2017-08-08,12.84,13.04,12.64,12.94,214370
2017-08-09,13.04,13.04,12.68,12.71,180951
2017-08-10,12.64,12.94,12.64,12.84,206911
2017-08-11,12.71,12.77,12.38,12.42,264650
2017-08-14,12.41,12.69,12.34,12.59,244486
2017-08-15,12.59,12.74,12.54,12.68,175516
2017-08-16,12.61,12.69,12.54,12.59,92929
2017-08-17,12.58,12.86,12.49,12.82,182771
2017-08-18,12.76,12.87,12.61,12.62,146143
2017-08-21,12.6,12.71,12.55,12.68,87550
2017-08-22,12.68,12.8,12.56,12.63,100640
2017-08-23,12.63,12.85,12.58,12.67,153025
2017-08-24,12.68,12.69,12.43,12.45,109027
2017-08-25,12.46,12.91,12.44,12.87,356756
2017-08-28,13.1,13.92,13.06,13.91,788103
2017-08-29,13.88,13.9,13.59,13.69,353818
2017-08-30,13.66,14.25,13.66,13.82,446319
2017-08-31,13.86,14.19,13.66,13.94,309538
2017-09-01,13.94,14.35,13.94,14.05,453055
2017-09-04,14.1,14.24,13.79,14.18,285485
2017-09-05,14.18,14.28,13.91,13.98,293761
2017-09-06,13.92,14.04,13.76,13.97,183080
2017-09-07,13.98,14.44,13.98,14.11,390251
2017-09-08,14.04,14.17,13.86,13.97,200316
2017-09-11,13.89,14.34,13.75,14.05,261434
2017-09-12,14.14,15.18,14.14,14.83,575730
2017-09-13,14.81,14.81,14.41,14.61,352451
2017-09-14,14.54,15.06,14.46,14.58,375625
2017-09-15,14.46,14.81,14.29,14.59,283802
2017-09-18,14.59,14.91,14.52,14.63,302418
2017-09-19,14.68,14.79,14.32,14.41,230929
2017-09-20,14.44,14.54,14.23,14.41,200748
2017-09-21,14.4,14.79,14.35,14.43,232567
2017-09-22,14.33,14.59,14.21,14.58,231185
2017-09-25,14.5,14.74,14.41,14.73,249113
2017-09-26,14.68,14.95,14.59,14.74,172380
2017-09-27,14.71,15.1,14.66,15.01,249758
2017-09-28,14.83,15.01,14.72,14.86,159172
2017-09-29,14.88,15.58,14.86,15.36,353393
2017-10-09,15.68,16.1,15.1,15.11,443675
2017-10-10,15.14,15.34,14.72,14.97,341707
2017-10-11,14.9,15.03,14.74,14.84,190057
2017-10-12,14.88,14.92,14.56,14.71,194889
2017-10-13,14.71,14.77,14.43,14.49,250304
2017-10-16,14.49,14.61,14.38,14.46,204710
2017-10-17,14.44,14.58,14.37,14.43,165156
2017-10-18,14.47,14.71,14.43,14.68,247434
2017-10-19,14.58,14.65,13.94,14.31,356382
2017-10-20,14.17,14.28,14.06,14.11,113679
2017-10-23,14.12,14.15,13.79,13.86,151956
2017-10-24,13.86,14.11,13.83,14.08,159664
2017-10-25,14.08,14.17,13.92,14.07,96685
2017-10-26,14.06,14.28,13.88,14.11,210016
2017-10-27,14.06,14.24,14.04,14.22,145195
2017-10-30,14.21,14.21,13.1,13.48,437308
2017-10-31,13.3,13.42,13.15,13.27,159266
2017-11-01,13.29,13.48,12.98,13.04,235415
2017-11-02,13.08,13.26,12.82,13.08,227480
2017-11-03,13.04,13.16,12.81,13.13,187997
2017-11-06,13.04,13.14,12.86,12.97,182552
2017-11-07,12.93,13.33,12.93,13.17,292599
2017-11-08,13.18,14.05,13.08,13.62,465236
2017-11-09,13.46,13.89,13.44,13.88,291901
2017-11-10,13.83,14.12,13.64,13.88,268271
2017-11-13,13.91,14.21,13.77,13.79,283877
2017-11-14,13.84,13.92,13.36,13.56,235432
2017-11-15,13.44,13.71,13.33,13.49,175867
2017-11-16,13.41,13.52,13.14,13.21,171105
2017-11-17,13.21,13.75,13.08,13.73,383676
2017-11-20,13.56,13.56,13.18,13.41,252620
2017-11-21,13.36,14.63,13.29,14.19,894485
2017-11-22,14.17,14.51,14.1,14.3,501715
2017-11-23,14.23,14.63,13.65,13.89,455031
2017-11-24,13.76,13.96,13.52,13.94,295316
2017-11-27,13.83,14.08,13.6,13.96,308732
2017-11-28,13.81,13.94,13.52,13.73,203904
2017-11-29,13.74,13.74,13.33,13.62,264636
2017-11-30,13.51,14.02,13.38,13.63,256859
2017-12-01,13.56,13.67,13.37,13.48,195144
2017-12-04,13.42,13.42,13.1,13.27,219086
2017-12-05,13.27,13.71,13.16,13.65,355319
2017-12-06,13.63,13.69,13.41,13.66,180574
2017-12-07,13.54,13.58,13.34,13.48,156609
2017-12-08,13.39,13.51,13.22,13.28,156806
2017-12-11,13.25,13.32,13.12,13.21,170969
2017-12-12,13.26,13.26,12.84,12.86,173949
2017-12-13,12.83,12.94,12.73,12.81,152092
2017-12-14,12.87,12.87,12.51,12.64,169046
2017-12-15,12.58,12.63,12.44,12.48,155688
2017-12-18,12.51,12.58,12.33,12.42,137557
2017-12-19,12.45,12.6,12.42,12.49,129619
2017-12-20,12.49,12.51,12.19,12.32,211318
2017-12-21,12.29,12.53,12.16,12.38,247713
2017-12-22,12.36,12.48,12.26,12.28,153727
2017-12-25,12.25,12.34,11.96,11.98,191778
2017-12-26,11.99,12.17,11.91,12.09,144539
2017-12-27,12.13,12.13,11.78,11.93,184195
2017-12-28,11.91,12.16,11.84,11.96,168306
2017-12-29,12.01,12.14,11.95,12.11,141371
2018-01-02,12.12,12.48,12.02,12.4,269909
2018-01-03,12.37,12.72,12.31,12.61,269747
2018-01-04,12.59,12.72,12.48,12.61,138699
2018-01-05,12.6,12.74,12.5,12.61,157019
2018-01-08,12.55,13.32,12.54,13.18,404504
2018-01-09,13.18,13.24,12.88,12.92,219849
2018-01-10,12.97,13.12,12.74,12.88,217179
2018-01-11,12.76,12.93,12.64,12.84,123882
2018-01-12,12.79,13.13,12.74,12.79,166899
2018-01-15,12.79,12.87,12.52,12.54,183750
2018-01-16,12.48,12.79,12.28,12.76,315944
2018-01-17,12.82,13.64,12.81,13.15,644421
2018-01-18,13.18,13.53,13.08,13.24,369069
2018-01-19,13.3,13.91,13.22,13.64,492298
2018-01-22,13.58,13.8,13.37,13.64,277122
2018-01-23,13.6,13.89,13.58,13.82,324010
2018-01-24,13.89,14.82,13.65,14.78,695181
2018-01-25,14.56,14.77,14.41,14.44,272182
2018-01-26,14.37,14.73,14.33,14.57,234446
2018-01-29,14.54,14.81,14.02,14.2,296878
2018-01-30,14.16,14.21,13.71,13.8,285165
2018-01-31,13.73,13.88,13.45,13.67,244083
2018-02-01,13.68,13.89,13.39,13.88,360713
2018-02-02,13.68,13.85,13.46,13.76,200742
2018-02-05,13.41,13.81,13.28,13.71,220254
2018-02-06,13.29,13.66,13.09,13.37,425786
2018-02-07,13.58,13.62,12.91,13.18,265845
2018-02-08,13.04,13.21,12.54,12.82,234811
2018-02-09,12.44,12.51,11.43,11.98,375906
2018-02-12,11.88,11.99,11.66,11.7,204765
2018-02-13,11.83,12.14,11.77,11.8,202818
2018-02-14,11.84,11.94,11.6,11.78,91252
2018-02-22,11.91,12.04,11.85,12.0,167441
2018-02-23,12.03,12.15,11.89,12.04,121445
2018-02-26,12.11,12.43,11.98,12.34,168963
2018-02-27,12.35,12.35,12.12,12.31,159204
2018-02-28,12.18,12.28,11.99,12.06,129792
2018-03-01,11.98,12.21,11.87,12.13,83399
2018-03-02,12.06,12.17,11.94,11.95,89583
2018-03-05,11.91,12.1,11.89,11.99,92878
2018-03-06,12.06,12.31,11.93,12.31,168193
2018-03-07,12.23,12.4,12.1,12.21,102527
2018-03-08,12.17,12.25,12.12,12.2,66429
2018-03-09,12.2,12.47,12.11,12.41,168870
2018-03-12,12.45,12.64,12.38,12.6,188087
2018-03-13,12.58,12.58,12.28,12.34,93241
2018-03-14,12.33,12.35,12.21,12.21,70812
2018-03-15,12.14,12.28,12.12,12.21,63579
2018-03-16,12.24,12.31,11.98,12.01,85702
2018-03-19,11.99,12.13,11.95,12.01,90664
2018-03-20,11.91,12.1,11.89,12.07,67313
2018-03-21,12.09,12.38,12.01,12.07,139076
2018-03-22,12.03,12.21,11.98,12.07,82174
2018-03-23,11.73,12.07,11.52,11.99,298964
2018-03-26,11.74,11.9,11.63,11.86,100321
2018-03-27,11.98,12.03,11.79,11.93,137682
2018-03-28,11.83,12.02,11.76,11.93,102822
2018-03-29,11.96,12.28,11.87,12.23,186503
2018-03-30,12.24,12.32,12.14,12.26,108245
2018-04-02,12.26,12.65,12.18,12.38,178335
2018-04-03,12.29,12.56,12.16,12.34,109842
2018-04-04,12.35,12.51,12.08,12.08,106961
2018-04-09,12.06,12.14,11.96,12.08,90022
2018-04-10,12.12,12.37,12.11,12.36,103205
2018-04-11,12.38,12.49,12.31,12.33,114230
2018-04-12,12.32,12.44,12.18,12.21,67945
2018-04-13,12.27,12.38,12.01,12.02,69621
2018-04-16,11.98,11.98,11.68,11.68,93484
2018-04-17,11.69,11.91,11.6,11.6,95253
2018-04-18,11.72,11.9,11.68,11.88,144646
2018-04-19,11.88,12.04,11.82,11.88,64556
2018-04-20,11.84,11.94,11.44,11.46,112043
2018-04-23,11.43,11.62,11.39,11.49,66186
2018-04-24,11.54,11.88,11.54,11.81,96429
2018-04-25,11.79,11.89,11.75,11.82,57956
2018-04-26,11.84,11.9,11.42,11.44,117855
2018-04-27,11.49,11.74,11.44,11.54,95776
2018-05-02,11.65,11.74,11.54,11.56,75540
2018-05-03,11.63,12.15,11.56,12.09,259259
2018-05-04,12.02,12.11,11.93,12.02,96518
2018-05-07,12.11,12.2,12.02,12.14,113802
2018-05-08,12.11,12.3,12.04,12.28,108171
2018-05-09,12.28,12.28,12.05,12.08,66708
2018-05-10,12.12,12.25,11.96,12.15,91338
2018-05-11,12.17,12.18,11.97,11.99,72965
2018-05-14,12.04,12.11,11.97,12.03,86066
2018-05-15,12.05,12.07,11.84,11.98,75601
2018-05-16,11.91,11.98,11.84,11.85,57439
2018-05-17,11.85,11.9,11.71,11.72,63823
2018-05-18,11.73,11.87,11.71,11.85,52655
2018-05-21,11.93,12.08,11.93,12.01,88018
2018-05-22,12.01,12.02,11.79,11.9,69192
2018-05-23,11.88,11.88,11.71,11.71,55392
2018-05-24,11.71,11.81,11.61,11.62,52530
2018-05-25,11.62,11.69,11.49,11.52,57122
2018-05-28,11.53,11.64,11.45,11.56,61866
2018-05-29,11.53,11.61,11.35,11.39,61375
2018-05-30,11.28,11.28,10.94,10.98,98326
2018-05-31,11.05,11.13,10.91,11.07,110520
2018-06-01,11.01,11.11,10.79,10.88,137590
2018-06-04,10.88,10.99,10.86,10.87,56120
2018-06-05,10.87,11.02,10.85,11.01,58054
2018-06-06,11.0,11.04,10.91,10.99,57824
2018-06-07,11.01,11.26,11.01,11.05,90678
2018-06-08,11.03,11.03,10.64,10.7,96381
2018-06-11,10.68,10.8,10.6,10.69,58799
2018-06-12,10.72,10.73,10.59,10.68,56157
2018-06-13,10.68,10.68,10.39,10.41,83330
2018-06-14,10.38,10.54,10.36,10.46,65605
2018-06-15,10.46,10.52,10.06,10.09,119414
2018-06-19,9.91,10.04,9.02,9.31,198153
2018-06-20,9.31,9.38,9.05,9.15,125837
2018-06-21,9.16,9.28,8.98,9.0,110553
2018-06-22,8.93,9.18,8.84,9.15,88958
2018-06-25,9.19,9.31,9.05,9.08,94857
2018-06-26,8.98,9.28,8.85,9.26,94658
2018-06-27,9.25,9.29,8.94,8.97,72728
2018-06-28,8.97,9.35,8.95,9.12,99739
2018-06-29,9.12,9.51,9.11,9.43,119022
2018-07-02,9.48,9.48,9.07,9.12,102770
2018-07-03,9.12,9.26,9.06,9.22,90913
2018-07-04,9.24,9.24,9.02,9.08,79044
2018-07-05,9.06,9.21,8.88,8.91,84064
2018-07-06,8.9,9.08,8.66,8.91,115798
2018-07-09,8.91,9.1,8.91,9.07,56476
2018-07-10,9.05,9.12,9.01,9.07,49265
2018-07-11,8.91,8.91,8.64,8.74,91965
2018-07-12,8.71,9.2,8.69,9.05,105069
2018-07-13,9.06,9.12,9.01,9.03,54953
2018-07-16,9.04,9.1,8.96,8.98,38491
2018-07-17,9.01,9.01,8.83,8.89,40926
2018-07-18,8.95,9.01,8.8,8.81,50051
2018-07-19,8.84,8.9,8.64,8.71,75953
2018-07-20,8.68,9.2,8.64,9.11,167762
2018-07-23,9.05,9.44,8.98,9.39,153555
2018-07-24,9.36,9.79,9.33,9.56,165996
2018-07-25,9.56,9.64,9.38,9.48,80818
2018-07-26,9.44,9.51,9.31,9.39,60795
2018-07-27,9.34,9.42,9.28,9.32,52725
2018-07-30,9.29,9.39,9.14,9.22,68648
2018-07-31,9.21,9.33,9.16,9.28,66755
2018-08-01,9.26,9.39,8.92,8.97,83749
2018-08-02,8.9,8.98,8.64,8.73,88610
2018-08-03,8.74,8.8,8.64,8.66,55357
2018-08-06,8.68,8.78,8.54,8.56,62948
2018-08-07,8.64,9.01,8.6,9.0,84103
2018-08-08,8.97,9.01,8.89,8.92,57632
2018-08-09,8.92,9.19,8.88,9.1,64281
2018-08-10,9.21,9.23,9.08,9.15,44162
2018-08-13,9.1,9.13,8.93,9.1,60190
2018-08-14,9.1,9.16,9.01,9.11,41605
2018-08-15,9.11,9.15,8.89,8.91,49023
2018-08-16,8.8,9.44,8.77,9.19,142063
2018-08-17,9.39,9.39,9.03,9.04,86297
2018-08-20,9.04,9.25,8.99,9.2,74215
2018-08-21,9.2,9.3,9.16,9.22,63906
2018-08-22,9.21,9.21,9.1,9.13,36601
2018-08-23,9.1,9.33,9.1,9.24,59130
2018-08-24,9.25,9.46,9.14,9.32,78250
2018-08-27,9.32,9.46,9.27,9.44,89100
2018-08-28,9.46,9.5,9.33,9.36,57930
2018-08-29,9.4,9.4,9.26,9.31,42599
2018-08-30,9.21,9.31,9.15,9.17,39161
2018-08-31,9.17,9.3,9.1,9.25,59775
2018-09-03,9.17,9.23,9.0,9.08,50850
2018-09-04,9.08,9.16,9.0,9.13,58952
2018-09-05,9.1,9.16,9.01,9.01,42149
2018-09-06,9.02,9.07,8.9,8.91,41224
2018-09-07,8.96,9.07,8.9,8.93,33861
2018-09-10,8.97,8.97,8.63,8.67,67895
2018-09-11,8.65,8.83,8.65,8.73,33029
2018-09-12,8.74,8.81,8.71,8.75,35147
2018-09-13,8.79,8.85,8.72,8.84,44324
2018-09-14,8.85,8.86,8.73,8.75,35338
2018-09-17,8.76,8.77,8.63,8.66,36855
2018-09-18,8.63,8.8,8.61,8.79,54057
2018-09-19,8.79,8.96,8.73,8.86,83974
2018-09-20,8.9,8.93,8.8,8.82,54071
2018-09-21,8.82,9.21,8.78,9.2,157832
2018-09-25,9.1,9.1,8.95,9.07,63740
2018-09-26,9.09,9.3,9.08,9.13,94438
2018-09-27,9.1,9.17,9.06,9.13,65722
2018-09-28,9.13,9.29,9.12,9.27,86693
2018-10-08,9.09,9.15,8.98,8.98,94048
2018-10-09,8.98,9.09,8.92,8.95,51526
2018-10-10,8.97,9.2,8.96,9.16,90583
2018-10-11,8.93,8.93,8.35,8.48,165571
2018-10-12,8.43,8.57,8.34,8.41,102086
2018-10-15,8.46,8.52,7.98,8.0,143208
2018-10-16,8.0,8.17,7.86,7.96,76690
2018-10-17,8.06,8.16,7.91,8.09,83112
2018-10-18,8.1,8.12,7.9,7.9,62563
2018-10-19,7.87,8.13,7.73,8.1,108802
2018-10-22,8.15,9.0,8.15,9.0,327583
2018-10-23,9.21,9.38,8.73,8.82,419416
2018-10-24,8.7,9.33,8.64,9.09,303852
2018-10-25,8.71,9.33,8.63,9.33,268502
2018-10-26,9.35,9.4,8.95,9.01,184376
2018-10-29,9.01,9.22,8.82,8.98,129229
2018-10-30,8.94,9.66,8.83,9.43,312406
2018-10-31,9.37,9.56,9.19,9.35,198224
2018-11-01,9.41,10.1,9.41,9.66,331944
2018-11-02,9.87,9.98,9.69,9.94,208985
2018-11-05,9.85,10.09,9.79,9.92,199711
2018-11-06,9.92,10.4,9.87,10.18,218414
2018-11-07,10.06,10.18,9.9,9.93,173164
2018-11-08,10.03,10.07,9.71,9.77,156029
2018-11-09,9.76,9.89,9.67,9.74,99193
2018-11-12,9.75,9.91,9.68,9.83,94591
2018-11-13,9.68,10.21,9.66,10.02,197260
2018-11-14,10.06,10.06,9.76,9.81,158798
2018-11-15,9.8,10.05,9.76,10.0,144554
2018-11-16,10.0,10.53,9.96,10.33,255527
2018-11-19,10.31,10.76,10.23,10.66,236102
2018-11-20,10.6,10.65,10.02,10.06,200858
2018-11-21,10.02,10.21,9.98,10.14,119998
2018-11-22,10.21,10.36,9.88,10.07,137171
2018-11-23,10.06,10.29,9.76,9.85,149547
2018-11-26,9.81,9.89,9.63,9.71,80590
2018-11-27,9.76,9.83,9.6,9.7,77792
2018-11-28,9.73,9.99,9.61,9.9,133096
2018-11-29,9.95,10.05,9.5,9.58,107214
2018-11-30,9.54,9.76,9.49,9.74,82793
2018-12-03,10.17,10.3,9.99,10.12,188157
2018-12-04,10.06,10.2,10.06,10.2,88638
2018-12-05,9.96,10.17,9.95,10.1,89425
2018-12-06,10.04,10.04,9.86,9.89,76194
2018-12-07,9.93,10.04,9.91,10.0,61853
2018-12-10,9.93,9.98,9.77,9.9,49598
2018-12-11,9.95,10.02,9.86,10.02,43204
2018-12-12,10.03,10.18,9.82,9.85,110479
2018-12-13,9.88,10.06,9.8,9.86,154839
2018-12-14,9.85,10.0,9.76,9.86,234861
2018-12-17,9.73,9.9,9.66,9.83,139590
2018-12-18,9.78,9.91,9.6,9.63,95494
2018-12-19,9.71,9.76,9.56,9.58,69066
2018-12-20,9.59,9.71,9.16,9.45,152548
2018-12-21,9.38,9.43,9.05,9.12,124776
2018-12-24,9.12,9.33,9.1,9.16,119242
2018-12-25,9.05,9.11,8.71,8.99,172779
2018-12-26,8.99,9.09,8.96,9.0,68064
2018-12-27,9.23,9.3,9.17,9.26,130656
2018-12-28,9.26,9.56,9.21,9.48,127306
2019-01-02,9.46,9.48,9.16,9.41,89197
2019-01-03,9.33,9.83,9.33,9.51,126443
2019-01-04,9.33,10.46,9.3,10.2,270467
2019-01-07,10.22,10.29,9.91,10.06,260511
2019-01-08,10.01,10.13,9.86,9.95,213563
2019-01-09,9.94,10.21,9.93,10.0,182439
2019-01-10,10.0,10.07,9.82,9.84,111245
2019-01-11,9.85,10.01,9.79,9.89,86856
2019-01-14,9.94,10.01,9.83,9.89,52437
2019-01-15,9.89,10.21,9.84,10.13,140369
2019-01-16,10.14,10.17,10.04,10.06,65985
2019-01-17,10.07,10.16,9.99,10.04,66383
2019-01-18,10.04,10.16,10.01,10.13,77730
2019-01-21,10.18,10.29,10.0,10.08,100843
2019-01-22,10.01,10.12,9.94,9.97,98292
2019-01-23,10.03,10.07,9.9,9.97,57453
2019-01-24,10.0,10.26,10.0,10.11,127535
2019-01-25,10.1,10.25,10.07,10.22,112020
2019-01-28,10.31,10.53,10.17,10.3,103730
2019-01-29,10.27,10.35,10.03,10.26,92730
2019-01-30,10.25,10.33,10.07,10.09,55554
2019-01-31,10.13,10.4,10.13,10.26,117108
2019-02-01,10.39,10.56,10.33,10.55,119154
2019-02-11,10.56,10.8,10.48,10.78,128484
2019-02-12,10.76,11.05,10.75,10.92,122727
2019-02-13,10.93,11.27,10.8,11.18,183084
2019-02-14,11.14,11.26,11.05,11.16,117447
2019-02-15,11.15,11.25,10.8,10.82,153630
2019-02-18,10.93,11.46,10.93,11.4,198351
2019-02-19,11.47,11.79,11.26,11.4,238382
2019-02-20,11.4,11.57,11.29,11.4,156894
2019-02-21,11.36,11.98,11.28,11.53,266748
2019-02-22,11.61,12.68,11.36,12.65,838391
2019-02-25,12.98,14.0,12.97,14.0,1197314
2019-02-26,14.16,14.55,13.46,13.5,998347
2019-02-27,13.4,13.74,12.81,13.11,641168
2019-02-28,13.12,13.12,12.54,12.67,368975
2019-03-01,12.77,13.16,12.62,13.01,409808
2019-03-04,13.11,13.77,12.79,13.06,651469
2019-03-05,12.96,13.1,12.83,13.03,345569
2019-03-06,13.04,13.86,13.02,13.67,657216
2019-03-07,13.79,14.43,13.33,13.9,928059
2019-03-08,13.16,13.45,12.48,12.55,673700
2019-03-11,12.51,13.0,12.24,12.8,460735
2019-03-12,12.93,13.21,12.71,12.85,460203
2019-03-13,13.48,13.63,12.71,13.04,910958
2019-03-14,12.6,12.96,12.39,12.5,499552
2019-03-15,12.63,12.83,12.5,12.69,333772
2019-03-18,12.55,12.86,12.4,12.86,428295
2019-03-19,12.89,13.0,12.68,12.7,322647
2019-03-20,12.7,12.97,12.56,12.73,337198
2019-03-21,12.77,13.09,12.62,12.85,555319
2019-03-22,12.8,12.9,12.52,12.65,340497
2019-03-25,12.48,12.59,12.29,12.3,309950
2019-03-26,12.43,12.44,11.7,11.8,376607
2019-03-27,11.87,12.02,11.8,11.93,235330
2019-03-28,11.87,12.07,11.64,11.86,201795
2019-03-29,11.9,12.73,11.9,12.65,613329
2019-04-01,12.68,13.17,12.5,12.96,656860
2019-04-02,13.01,13.19,12.86,12.9,372368
2019-04-03,12.84,13.44,12.76,13.4,629967
2019-04-04,13.46,13.6,13.22,13.33,444658
2019-04-08,13.47,13.53,12.91,13.08,390151
2019-04-09,13.13,13.31,12.93,13.13,313445
2019-04-10,13.2,13.57,12.83,13.31,440469
2019-04-11,13.16,13.52,13.03,13.05,461631
2019-04-12,13.1,13.36,13.03,13.23,329133
2019-04-15,13.46,13.7,12.91,12.92,368842
2019-04-16,12.79,13.26,12.66,13.2,280177
2019-04-17,13.17,13.33,13.11,13.15,228683
2019-04-18,13.2,13.26,12.93,12.99,191723
2019-04-19,13.1,13.46,12.98,13.42,315676
2019-04-22,13.56,13.6,12.93,13.04,316825
2019-04-23,13.02,13.31,12.74,12.96,267186
2019-04-24,12.96,13.15,12.88,13.02,180246
2019-04-25,13.01,13.13,12.56,12.6,225729
2019-04-26,12.6,12.91,12.56,12.68,220108
2019-04-29,12.63,12.85,12.25,12.53,265869
2019-04-30,12.48,12.77,12.44,12.66,149088
2019-05-06,12.2,12.2,11.31,11.48,447559
2019-05-07,11.4,11.77,11.4,11.6,248333
2019-05-08,11.4,11.68,11.36,11.57,145511
2019-05-09,11.41,11.56,11.19,11.24,167244
2019-05-10,11.37,11.77,11.13,11.67,225716
2019-05-13,11.5,11.63,11.43,11.45,119298
2019-05-14,11.39,11.62,11.3,11.49,110255
2019-05-15,11.49,11.63,11.49,11.59,151126
2019-05-16,11.6,11.63,11.51,11.56,120720
2019-05-17,11.57,11.6,11.05,11.16,125167
2019-05-20,11.16,11.33,11.1,11.1,119721
2019-05-21,11.1,11.33,11.05,11.17,134433
2019-05-22,11.18,11.23,10.9,10.94,134260
2019-05-23,10.93,11.04,10.51,10.77,156391
2019-05-24,10.75,11.0,10.73,10.87,100761
2019-05-27,10.89,11.17,10.79,11.13,132208
2019-05-28,11.1,11.34,10.99,11.34,176785
2019-05-29,11.19,11.32,11.11,11.15,118468
2019-05-30,11.15,11.15,10.9,11.12,102884
2019-05-31,11.21,11.21,11.05,11.06,68014
2019-06-03,11.13,11.26,10.96,11.05,92071
2019-06-04,10.98,11.16,10.9,11.12,95212
2019-06-05,11.18,11.24,11.06,11.09,83766
2019-06-06,11.09,11.11,10.91,10.93,83838
2019-06-10,10.93,11.02,10.64,10.96,99599
2019-06-11,11.01,11.52,10.94,11.42,214090
2019-06-12,11.4,11.44,11.25,11.3,123073
2019-06-13,11.3,11.43,11.22,11.33,82400
2019-06-14,11.37,11.46,10.96,10.97,130444
2019-06-17,11.02,11.2,10.99,11.08,115188
2019-06-18,11.16,11.22,10.98,11.16,92449
2019-06-19,11.94,12.01,11.33,11.35,221681
2019-06-20,11.33,12.36,11.31,12.09,405477
2019-06-21,12.16,12.39,12.06,12.26,292811
2019-06-24,12.3,12.6,12.25,12.3,216431
2019-06-25,12.25,12.43,11.96,12.26,195697
2019-06-26,12.05,12.51,11.94,12.4,204755
2019-06-27,12.48,12.73,12.3,12.46,209524
2019-06-28,12.43,12.47,12.23,12.32,120404
2019-07-01,12.66,12.8,12.38,12.53,237490
2019-07-02,12.56,12.57,12.36,12.39,115425
2019-07-03,12.43,12.45,12.21,12.34,116349
2019-07-04,12.36,12.53,12.2,12.26,97718
2019-07-05,12.27,12.33,12.19,12.26,62718
2019-07-08,12.26,12.33,11.86,11.86,164308
2019-07-09,11.94,12.08,11.85,12.0,106371
2019-07-10,12.06,12.12,11.93,12.03,96406
2019-07-11,12.05,12.21,11.9,11.97,85483
2019-07-12,12.0,12.15,11.96,12.0,93643
2019-07-15,11.99,12.36,11.73,12.2,157751
2019-07-16,12.19,12.3,12.16,12.24,72339
2019-07-17,12.21,12.33,12.17,12.23,76636
2019-07-18,12.2,12.23,12.06,12.06,68723
2019-07-19,12.13,12.36,12.12,12.28,106741
2019-07-22,12.34,12.37,12.0,12.06,135486
2019-07-23,12.09,12.14,11.96,12.04,62035
2019-07-24,12.04,12.29,12.04,12.21,94783
2019-07-25,12.21,12.33,12.15,12.26,94876
2019-07-26,12.25,12.26,12.15,12.25,82806
2019-07-29,12.25,12.3,12.06,12.1,89353
2019-07-30,12.11,12.3,12.1,12.19,104363
2019-07-31,12.13,12.24,12.08,12.18,71085
2019-08-01,12.13,12.2,11.96,11.97,101232
2019-08-02,11.73,11.73,11.4,11.44,177572
2019-08-05,11.35,11.44,11.18,11.19,128394
2019-08-06,11.02,11.33,10.86,11.13,149971
2019-08-07,11.17,11.36,11.06,11.23,125295
2019-08-08,11.6,11.65,11.3,11.36,119604
2019-08-09,11.38,11.43,11.08,11.13,103716
2019-08-12,11.26,11.35,11.19,11.31,79652
2019-08-13,11.16,11.35,11.14,11.31,85396
2019-08-14,11.5,11.53,11.35,11.36,71122
2019-08-15,11.15,11.31,11.11,11.3,93310
2019-08-16,11.34,11.39,11.19,11.26,93069
2019-08-19,11.48,12.25,11.41,12.25,363849
2019-08-20,12.17,12.26,12.1,12.13,206017
2019-08-21,12.16,12.22,12.08,12.13,105822
2019-08-22,12.17,12.22,12.05,12.15,84147
2019-08-23,12.16,12.33,12.1,12.11,114286
2019-08-26,11.86,11.93,11.79,11.83,140516
2019-08-27,12.04,12.37,11.96,11.97,237535
2019-08-28,11.93,12.01,11.76,11.81,124794
2019-08-29,11.84,11.85,11.68,11.76,117022
2019-08-30,11.84,11.96,11.61,11.67,156192
2019-09-02,11.71,11.91,11.65,11.85,185163
2019-09-03,11.87,11.88,11.74,11.85,135873
2019-09-04,11.79,12.08,11.76,12.0,212964
2019-09-05,12.15,12.78,12.15,12.46,465944
2019-09-06,12.7,12.77,12.47,12.65,317011
2019-09-09,12.88,13.21,12.87,13.0,391956
2019-09-10,12.94,13.01,12.66,12.91,272949
2019-09-11,13.03,13.28,12.85,13.13,294865
2019-09-12,13.2,13.26,12.98,13.14,175919
2019-09-16,13.21,13.25,12.85,12.99,172847
2019-09-17,12.94,12.95,12.53,12.59,166210
2019-09-18,12.61,12.74,12.53,12.62,106167
2019-09-19,12.69,12.71,12.53,12.68,96361
2019-09-20,12.68,12.7,12.48,12.61,151549
2019-09-23,12.52,12.54,12.28,12.42,135505
2019-09-24,12.44,12.61,12.4,12.49,119494
2019-09-25,12.44,12.61,12.31,12.52,107730
2019-09-26,12.56,12.64,12.38,12.38,125579
2019-09-27,12.42,12.51,12.33,12.41,71958
2019-09-30,12.42,12.45,12.03,12.03,90864
2019-10-08,12.04,12.14,11.91,11.94,108353
2019-10-09,11.88,12.01,11.78,11.96,91395
2019-10-10,11.99,12.21,11.91,12.2,100394
2019-10-11,12.22,12.56,12.12,12.46,134736
2019-10-14,12.72,12.88,12.61,12.64,181036
2019-10-15,12.61,12.72,12.48,12.53,94641
2019-10-16,12.61,12.78,12.51,12.55,103150
2019-10-17,12.51,12.76,12.49,12.63,87831
2019-10-18,12.7,12.7,12.16,12.16,147919
2019-10-21,12.18,12.41,12.06,12.34,136307
2019-10-22,12.35,12.41,12.11,12.25,93003
2019-10-23,12.22,12.33,12.15,12.18,84081
2019-10-24,12.18,12.33,12.11,12.23,60041
2019-10-25,12.24,12.36,12.14,12.31,74519
2019-10-28,12.31,12.57,12.21,12.48,117079
2019-10-29,12.51,12.52,12.17,12.22,97704
2019-10-30,12.16,12.18,11.85,11.94,155395
2019-10-31,11.96,12.02,11.85,12.02,92272
2019-11-01,11.91,12.05,11.81,11.95,166055
2019-11-04,11.94,12.01,11.88,11.9,136227
2019-11-05,11.94,12.06,11.83,11.97,193363
2019-11-06,12.02,12.02,11.77,11.79,107856
2019-11-07,11.79,11.96,11.73,11.84,79582
2019-11-08,11.95,12.02,11.87,11.88,104303
2019-11-11,11.86,11.94,11.73,11.78,137245
2019-11-12,11.78,11.93,11.76,11.91,89978
2019-11-13,11.94,11.99,11.76,11.91,117347
2019-11-14,11.92,11.97,11.84,11.88,74441
2019-11-15,11.88,11.98,11.85,11.87,93865
2019-11-18,11.86,12.07,11.82,12.02,95135
2019-11-19,12.02,12.06,11.91,12.06,115494
2019-11-20,12.06,12.06,11.84,11.85,102642
2019-11-21,11.8,11.91,11.77,11.9,66952
2019-11-22,11.84,11.99,11.84,11.9,79711
2019-11-25,11.88,12.01,11.88,11.99,74677
2019-11-26,12.03,12.22,11.98,12.18,191384
2019-11-27,12.1,12.16,11.93,11.97,115523
2019-11-28,12.04,12.04,11.91,11.94,57178
2019-11-29,11.94,12.09,11.93,12.05,76205
2019-12-02,12.31,12.34,12.07,12.1,94791
2019-12-03,12.04,12.28,12.01,12.28,102344
2019-12-04,12.22,12.27,12.14,12.27,59554
2019-12-05,12.22,12.45,12.22,12.43,146649
2019-12-06,12.5,12.56,12.43,12.52,104229
2019-12-09,12.59,12.66,12.5,12.54,111567
2019-12-10,12.54,12.62,12.45,12.56,88213
2019-12-11,12.58,12.64,12.42,12.48,102605
2019-12-12,12.43,12.48,12.35,12.35,82193
2019-12-13,12.68,12.83,12.47,12.73,318983
2019-12-16,12.72,12.89,12.55,12.88,266871
2019-12-17,12.74,13.57,12.73,13.14,421029
2019-12-18,13.05,13.34,13.0,13.04,251613
2019-12-19,13.04,13.11,12.92,13.03,141209
2019-12-20,13.05,13.29,13.0,13.04,191750
2019-12-23,13.05,13.14,12.67,12.67,170083
2019-12-24,12.67,12.8,12.61,12.78,95009
2019-12-25,12.69,12.96,12.69,12.8,98340
2019-12-26,12.87,13.01,12.78,13.01,136692
2019-12-27,13.07,13.24,12.84,12.86,190542
2019-12-30,12.82,13.9,12.76,13.64,483976
2019-12-31,13.53,13.61,13.31,13.44,254074
2020-01-02,13.63,13.89,13.53,13.55,292540
2020-01-03,13.46,13.73,13.44,13.61,169164
2020-01-06,13.47,13.82,13.4,13.56,223184
2020-01-07,13.66,13.73,13.5,13.64,158853
2020-01-08,13.57,13.58,13.16,13.24,205052
2020-01-09,13.4,13.56,13.34,13.44,161700
2020-01-10,13.62,14.08,13.62,13.86,406999
2020-01-13,13.77,13.96,13.53,13.95,301633
2020-01-14,13.95,14.11,13.78,13.8,185112
2020-01-15,13.86,14.36,13.86,14.11,359888
2020-01-16,14.08,14.2,13.88,13.94,190769
2020-01-17,14.01,14.24,13.88,13.94,218842
2020-01-20,13.98,14.47,13.94,14.47,296632
2020-01-21,14.41,14.48,14.23,14.39,218592
2020-01-22,14.18,14.57,13.91,14.39,282832
2020-01-23,14.18,14.29,13.54,13.8,315106
2020-02-03,12.36,12.36,12.36,12.36,114426
2020-02-04,11.52,12.85,11.52,12.46,396694
2020-02-05,12.46,13.02,12.4,12.58,241967
2020-02-06,12.6,12.95,12.41,12.82,279568
2020-02-07,12.68,12.86,12.6,12.84,243092
2020-02-10,12.72,13.06,12.64,13.04,208489
2020-02-11,13.14,13.28,12.88,12.98,244938
2020-02-12,12.84,13.19,12.83,13.07,222035
2020-02-13,13.11,13.18,12.71,12.78,236240
2020-02-14,12.71,13.11,12.71,12.98,215185
2020-02-17,13.28,13.68,13.14,13.62,333221
2020-02-18,13.54,13.78,13.42,13.54,220933
2020-02-19,13.59,13.93,13.48,13.54,230665
2020-02-20,13.57,14.37,13.45,14.24,440597
2020-02-21,14.22,14.56,13.99,14.04,438788
2020-02-24,13.81,14.08,13.81,13.9,285768
2020-02-25,13.6,13.91,13.38,13.82,303413
2020-02-26,13.66,14.0,13.54,13.71,293011
2020-02-27,13.95,14.21,13.71,13.77,255614
2020-02-28,13.44,13.57,12.92,12.95,289832
2020-03-02,13.14,13.64,13.02,13.47,253857
2020-03-03,13.76,13.91,13.48,13.61,229793
2020-03-04,13.51,13.89,13.45,13.89,228772
2020-03-05,14.03,14.41,13.83,14.14,394714
2020-03-06,13.98,14.12,13.91,13.94,225346
2020-03-09,13.81,13.97,13.38,13.47,293869
2020-03-10,13.47,13.86,13.21,13.78,298542
2020-03-11,13.88,13.95,13.68,13.68,249012
2020-03-12,13.32,13.54,13.16,13.29,225923
2020-03-13,12.61,13.44,12.51,13.11,268891
2020-03-16,13.14,13.21,12.42,12.42,257400
2020-03-17,12.61,12.8,12.18,12.49,184285
2020-03-18,12.62,12.66,12.08,12.1,182977
2020-03-19,12.11,12.3,11.81,12.13,259323
2020-03-20,12.27,12.39,12.05,12.27,155951
2020-03-23,11.85,12.1,11.85,11.91,116518
2020-03-24,12.11,12.22,11.88,12.09,137857
2020-03-25,12.34,12.37,12.2,12.3,163684
2020-03-26,12.21,12.29,12.14,12.18,86938
2020-03-27,12.31,12.48,12.19,12.34,140942
2020-03-30,12.21,12.37,12.15,12.32,153505
2020-03-31,12.45,12.68,12.4,12.54,162161
2020-04-01,12.51,13.01,12.46,12.74,205268
2020-04-02,12.72,13.11,12.64,13.11,215528
2020-04-03,13.06,13.2,12.98,13.08,140041
2020-04-07,13.23,13.31,12.96,13.21,238984
2020-04-08,13.04,13.13,12.98,13.11,98321
2020-04-09,13.18,13.34,13.1,13.12,117959
2020-04-10,13.11,13.15,12.91,12.91,82999
2020-04-13,12.91,12.99,12.72,12.73,58178
2020-04-14,12.84,13.34,12.76,13.21,164844
2020-04-15,13.18,13.33,13.04,13.07,104474
2020-04-16,13.03,13.29,12.99,13.11,136414
2020-04-17,13.22,13.32,13.11,13.14,107424
2020-04-20,13.11,13.34,13.06,13.28,118023
2020-04-21,13.16,13.32,13.04,13.31,121195
2020-04-22,13.19,13.47,13.13,13.44,129506
2020-04-23,13.42,13.42,13.17,13.21,94843
2020-04-24,13.18,13.25,12.94,13.03,83831
2020-04-27,13.03,13.21,13.01,13.14,63929
2020-04-28,13.31,13.51,13.13,13.38,161102
2020-04-29,13.29,13.5,13.22,13.41,119079
2020-04-30,13.45,13.74,13.43,13.59,150815
2020-05-06,13.34,13.49,13.22,13.46,164916
2020-05-07,13.41,13.51,13.24,13.25,133682
2020-05-08,13.34,13.6,13.28,13.51,146768
2020-05-11,13.53,13.6,13.26,13.34,129200
2020-05-12,13.34,13.38,13.07,13.11,116067
2020-05-13,13.01,13.1,12.94,13.02,99679
2020-05-14,12.95,13.08,12.79,12.83,108704
2020-05-15,12.9,12.98,12.82,12.84,72993
2020-05-18,12.84,12.91,12.76,12.81,79640
2020-05-19,12.94,12.97,12.77,12.8,81543
2020-05-20,12.8,12.84,12.63,12.7,89323
2020-05-21,12.74,12.77,12.49,12.55,87466
2020-05-22,12.58,12.58,12.14,12.14,148890
2020-05-25,12.22,12.48,12.17,12.34,88627
2020-05-26,12.36,12.56,12.33,12.38,77811
2020-05-27,12.33,12.4,12.27,12.35,54974
2020-05-28,12.36,12.58,12.36,12.45,95240
2020-05-29,12.38,12.44,12.14,12.14,90952
2020-06-01,12.44,12.64,12.44,12.61,181023
2020-06-02,12.53,12.68,12.53,12.61,104559
2020-06-03,12.71,12.71,12.51,12.51,94468
2020-06-04,12.54,12.58,12.41,12.45,68974
2020-06-05,12.5,12.59,12.37,12.57,109204
2020-06-08,12.61,12.64,12.5,12.61,86308
2020-06-09,12.62,12.71,12.51,12.58,132154
2020-06-10,12.59,12.6,12.38,12.51,108839
2020-06-11,12.54,12.54,12.35,12.38,136991
2020-06-12,12.18,12.51,12.14,12.38,209855
2020-06-15,12.42,12.51,12.34,12.38,192902
2020-06-16,12.45,12.48,12.35,12.4,125903
2020-06-17,12.38,12.4,12.25,12.33,98600
2020-06-18,12.34,12.48,12.28,12.43,130713
2020-06-19,12.44,13.05,12.39,13.01,447710
2020-06-22,13.38,14.38,13.24,14.11,944206
2020-06-23,13.97,14.27,13.83,14.06,497337
2020-06-24,14.1,15.31,13.99,14.89,646854
2020-06-29,15.31,16.3,14.84,15.16,903145
2020-06-30,15.14,16.47,14.92,16.26,916022
2020-07-01,15.85,16.61,15.44,16.26,819654
2020-07-02,15.95,17.95,15.88,17.95,1164195
2020-07-03,17.99,19.81,17.84,19.81,1170037
2020-07-06,21.14,21.86,20.9,21.86,576246
2020-07-07,22.45,23.52,20.05,21.24,1893579
2020-07-08,20.54,23.21,20.54,22.34,1762313
2020-07-09,21.34,21.99,20.91,21.37,1613942
2020-07-20,19.5,21.58,18.99,20.96,1225590
2020-07-21,20.41,20.53,19.8,19.96,608216
2020-07-22,19.97,21.1,19.86,19.96,636254
2020-07-23,19.25,20.09,19.15,19.7,535795
2020-07-24,19.52,19.52,18.26,18.35,597424
2020-07-27,18.47,18.69,17.89,18.3,400676
2020-07-28,18.63,18.77,18.19,18.44,295799
2020-07-29,18.44,19.68,18.27,19.53,652321
2020-07-30,19.43,19.6,18.95,19.31,419185
2020-07-31,19.01,19.83,18.85,19.18,677032
2020-08-03,19.43,19.51,18.75,19.15,646733
2020-08-04,19.14,19.62,18.95,19.06,612940
2020-08-05,19.06,19.06,18.31,18.67,483021
2020-08-06,18.67,19.4,18.31,19.29,618476
2020-08-07,19.15,19.15,18.04,18.44,677762
2020-08-10,18.31,18.94,18.16,18.6,597682
2020-08-11,18.27,18.9,18.09,18.15,398372
2020-08-12,17.96,18.14,17.34,17.66,441465
2020-08-13,17.83,18.1,17.57,17.76,278946
2020-08-14,17.66,18.19,17.62,18.14,292245
2020-08-17,19.26,20.19,19.0,20.19,942594
2020-08-18,21.14,21.94,20.65,21.14,1736552
2020-08-19,20.68,21.29,20.13,20.15,992013
2020-08-20,20.15,20.33,19.25,19.31,652774
2020-08-21,19.62,19.84,19.16,19.45,440862
2020-08-24,19.44,19.63,19.29,19.54,345035
2020-08-25,19.48,19.8,18.83,18.88,477427
2020-08-26,18.65,18.96,18.38,18.43,387920
2020-08-27,18.53,18.85,18.17,18.8,284117
2020-08-28,18.75,19.51,18.56,19.41,465613
2020-08-31,19.6,20.45,19.2,19.2,686320
2020-09-01,19.22,19.81,19.15,19.8,345783
2020-09-02,19.75,20.15,19.4,19.72,408471
2020-09-03,19.53,20.22,19.48,19.86,398198
2020-09-04,19.4,19.8,19.36,19.7,253560
2020-09-07,19.6,19.78,18.8,18.83,337470
2020-09-08,18.87,19.3,18.57,19.09,300435
2020-09-09,18.84,18.93,18.27,18.32,350892
2020-09-10,18.48,18.65,17.99,18.09,238218
2020-09-11,18.08,18.41,17.98,18.33,173570
2020-09-14,18.46,18.61,18.06,18.2,195982
2020-09-15,18.24,18.43,18.02,18.36,185140
2020-09-16,18.45,19.05,18.24,18.31,403035
2020-09-17,18.28,18.3,17.87,18.01,291036
2020-09-18,17.98,19.65,17.97,19.6,721273
2020-09-21,20.2,20.58,19.22,19.35,679694
2020-09-22,19.06,20.15,19.0,19.23,483964
2020-09-23,19.32,19.34,18.76,18.95,276830
2020-09-24,18.85,19.15,18.44,18.47,297158
2020-09-25,18.64,19.12,18.51,18.95,309607
2020-09-28,18.85,19.73,18.85,19.42,365890
2020-09-29,19.45,19.75,19.29,19.53,286354
2020-09-30,19.53,19.66,19.04,19.26,218158
2020-10-09,19.55,19.77,19.42,19.61,238583
2020-10-12,20.05,20.55,19.96,20.33,519844
2020-10-13,19.96,20.12,19.75,20.03,378023
2020-10-14,20.04,20.11,19.65,19.69,228296
2020-10-15,19.79,20.13,19.69,19.75,215238
2020-10-16,19.8,20.08,19.75,19.99,248642
2020-10-19,20.27,20.54,19.95,20.0,350536
2020-10-20,19.88,19.97,19.57,19.97,188359
2020-10-21,19.93,19.97,19.65,19.8,181489
2020-10-22,19.84,20.15,19.66,19.95,187943
2020-10-23,19.85,20.52,19.82,19.83,410143
2020-10-26,19.54,19.55,18.31,18.68,459282
2020-10-27,18.53,18.63,18.18,18.54,210375
2020-10-28,18.54,18.82,18.37,18.71,180586
2020-10-29,18.41,18.9,18.35,18.65,227289
2020-10-30,18.68,19.02,18.3,18.34,235342
2020-11-02,18.33,18.7,18.05,18.35,248796
2020-11-03,18.58,19.11,18.5,18.96,287303
2020-11-04,18.97,19.07,18.71,18.87,182494
2020-11-05,19.12,19.3,18.75,18.95,261856
2020-11-06,18.8,19.13,18.66,18.82,276818
2020-11-09,18.91,20.05,18.77,19.88,555966
2020-11-10,20.32,20.35,19.45,19.57,362340
2020-11-11,19.45,19.62,19.08,19.15,212950
2020-11-12,19.25,19.35,18.84,18.98,187137
2020-11-13,18.86,19.02,18.67,18.9,184504
2020-11-16,18.96,19.13,18.77,18.96,172335
2020-11-17,19.13,19.15,18.86,19.15,193918
2020-11-18,19.15,19.85,19.06,19.48,304803
2020-11-19,19.5,20.1,19.24,20.01,389751
2020-11-20,19.85,20.08,19.63,19.82,234095
2020-11-23,18.55,19.95,18.5,19.66,672446
2020-11-24,19.45,19.58,19.17,19.24,247500
2020-11-25,19.49,19.58,18.57,18.61,324930
2020-11-26,18.75,18.9,18.55,18.76,163464
2020-11-27,18.85,19.05,18.68,19.05,183920
2020-11-30,19.11,20.76,19.11,19.65,885494
2020-12-01,19.65,21.85,19.65,21.66,1121575
2020-12-02,21.65,22.9,21.45,22.01,1330104
2020-12-03,21.72,21.95,21.11,21.36,693182
2020-12-04,21.44,21.69,20.72,21.49,552620
2020-12-07,21.3,21.32,20.5,20.57,438075
2020-12-08,20.7,21.05,20.65,20.75,306929
2020-12-09,20.81,21.26,20.06,20.22,490922
2020-12-10,20.18,20.63,20.02,20.38,364404
2020-12-11,20.24,20.38,19.66,19.93,361335
2020-12-14,19.97,20.11,19.57,19.71,254238
2020-12-15,19.71,19.96,19.45,19.81,239729
2020-12-16,19.81,20.08,19.6,19.77,210665
2020-12-17,19.82,20.69,19.59,20.59,457235
2020-12-18,20.39,20.68,20.17,20.54,256731
2020-12-21,20.24,20.69,20.02,20.64,310260
2020-12-22,20.48,20.52,19.29,19.41,388441
2020-12-23,19.44,19.82,19.32,19.53,231499
2020-12-24,19.65,19.94,19.4,19.8,218760
2020-12-25,19.67,20.13,19.49,19.73,290855
2020-12-28,19.59,19.81,18.82,18.99,472774
2020-12-29,19.07,19.34,18.78,18.86,331878
2020-12-30,18.86,19.23,18.69,19.21,404673
2020-12-31,19.22,21.33,19.22,21.33,1124189
2021-01-04,21.56,22.24,20.69,21.62,1055566
2021-01-05,21.39,21.82,20.79,21.39,777446
2021-01-06,21.34,23.49,21.34,22.31,986466
2021-01-07,22.26,22.59,21.55,22.28,733837
2021-01-08,22.54,23.48,21.95,22.17,760673
2021-01-11,22.29,22.87,21.63,21.67,718417
2021-01-12,21.39,24.04,21.39,24.04,1177672
2021-01-13,24.99,26.17,24.31,24.67,2045502
2021-01-14,24.18,24.43,22.5,22.83,1243372
2021-01-15,22.74,23.18,22.36,22.67,851582
2021-01-18,22.32,23.8,22.15,22.98,798218
2021-01-19,22.96,23.92,22.52,23.16,724436
2021-01-20,23.05,24.28,23.05,24.06,711831
2021-01-21,24.31,25.75,23.65,24.57,903046
2021-01-22,24.25,25.07,23.69,24.27,707305
2021-01-25,24.11,25.3,23.71,25.09,805967
2021-01-26,24.58,24.94,23.34,23.34,739710
2021-01-27,23.08,23.76,23.08,23.26,408159
2021-01-28,22.83,23.66,22.22,23.29,619996
2021-01-29,23.35,23.96,22.57,23.83,583056
2021-02-01,23.49,23.86,22.49,22.61,571623
2021-02-02,22.53,22.84,21.62,22.22,650405
2021-02-03,22.18,22.78,21.95,21.96,391226
2021-02-04,21.5,21.94,20.89,21.36,493637
2021-02-05,21.38,21.83,21.1,21.29,361486
2021-02-08,21.34,21.58,20.22,20.67,557156
2021-02-09,20.9,22.05,20.26,21.94,763529
2021-02-10,21.64,21.83,20.87,21.39,668738
2021-02-18,21.65,21.84,21.05,21.09,667205
2021-02-19,20.99,21.38,20.51,21.29,571882
2021-02-22,21.49,21.54,20.27,20.27,851056
2021-02-23,20.14,20.36,19.63,19.71,660554
2021-02-24,19.8,19.88,19.37,19.57,513467
2021-02-25,19.69,19.8,19.24,19.51,547622
2021-02-26,19.19,19.81,19.09,19.77,513959
2021-03-01,19.77,19.77,19.34,19.6,369153
2021-03-02,19.62,19.89,19.56,19.71,355461
2021-03-03,19.66,19.98,19.54,19.91,332699
2021-03-04,19.74,19.81,19.1,19.17,442677
2021-03-05,18.99,19.96,18.9,19.73,509345
2021-03-08,20.08,20.31,19.36,19.39,480182
2021-03-09,19.36,19.45,17.96,18.29,634930
2021-03-10,18.49,18.56,18.02,18.18,281572
2021-03-11,18.15,18.53,18.15,18.38,277707
2021-03-12,18.36,18.54,17.97,18.32,381007
2021-03-15,18.17,18.17,17.28,17.34,450528
2021-03-16,17.45,17.68,17.39,17.6,241247
2021-03-17,17.49,17.8,17.41,17.6,184148
2021-03-18,17.65,17.88,17.56,17.61,256224
2021-03-19,17.4,17.49,17.12,17.2,270720
2021-03-22,17.29,17.71,17.26,17.54,246868
2021-03-23,17.6,17.77,17.31,17.59,259269
2021-03-24,17.46,18.18,17.4,17.84,429995
2021-03-25,17.64,17.92,17.6,17.65,200563
2021-03-26,17.65,17.9,17.62,17.85,199498
2021-03-29,17.89,18.17,17.72,18.08,260958
2021-03-30,18.09,18.11,17.85,17.9,184747
2021-03-31,17.92,17.94,17.57,17.64,186409
2021-04-01,17.67,17.78,17.58,17.74,149574
2021-04-02,17.77,17.88,17.67,17.75,179723
2021-04-06,17.89,18.53,17.88,17.98,299743
2021-04-07,17.86,17.87,17.61,17.7,235955
2021-04-08,17.65,17.94,17.6,17.67,183938
2021-04-09,17.68,17.71,17.5,17.54,144371
2021-04-12,17.54,17.63,16.62,16.66,286154
2021-04-13,16.66,16.78,16.38,16.46,231193
2021-04-14,16.44,16.68,16.44,16.56,142325
2021-04-15,16.51,16.54,16.13,16.22,199258
2021-04-16,16.29,16.58,16.22,16.47,173708
2021-04-19,16.56,17.18,16.43,17.1,303171
2021-04-20,16.99,17.3,16.9,16.99,186379
2021-04-21,16.93,17.04,16.81,16.92,112680
2021-04-22,17.0,17.11,16.8,16.87,143639
2021-04-23,16.84,17.01,16.71,16.86,138243
2021-04-26,16.84,17.1,16.25,16.35,277974
2021-04-27,16.34,16.47,16.03,16.31,247846
2021-04-28,16.38,16.79,16.38,16.53,242576
2021-04-29,16.59,17.03,16.49,16.9,501173
2021-04-30,16.93,16.93,16.54,16.71,227058
2021-05-06,16.72,16.95,16.37,16.42,211306
2021-05-07,16.4,16.54,16.19,16.2,190951
2021-05-10,16.21,16.37,15.87,15.99,239877
2021-05-11,15.87,16.29,15.81,16.11,176909
2021-05-12,16.1,16.15,15.94,16.12,144323
2021-05-13,15.99,16.22,15.86,15.93,175389
2021-05-14,16.02,17.65,16.0,17.49,881490
2021-05-17,16.99,17.33,16.93,17.08,500333
2021-05-18,17.08,17.44,16.95,17.21,285979
2021-05-19,17.16,17.34,17.07,17.15,222216
2021-05-20,17.11,17.48,17.04,17.25,353128
2021-05-21,17.27,17.35,16.87,16.94,242674
2021-05-24,17.14,17.65,17.09,17.48,447010
2021-05-25,17.5,18.81,17.44,18.54,995486
2021-05-26,18.54,19.05,18.27,18.33,781267
2021-05-27,18.23,18.54,18.04,18.21,413998
2021-05-28,18.19,18.85,18.05,18.46,495659
2021-05-31,18.48,18.64,18.24,18.59,367543
2021-06-01,18.42,18.42,17.96,18.1,418625
2021-06-02,18.11,18.27,17.74,17.9,291850
2021-06-03,17.89,18.19,17.79,17.8,236494
2021-06-04,17.7,18.49,17.65,17.94,374277
2021-06-07,18.04,18.3,17.81,18.08,297240
2021-06-08,17.96,18.35,17.89,18.09,291337
2021-06-09,18.19,18.32,17.82,17.94,239719
2021-06-10,17.94,18.11,17.83,17.85,271954
2021-06-11,17.85,17.94,17.17,17.24,377801
2021-06-15,17.19,17.2,16.84,16.96,258125
2021-06-16,16.92,17.14,16.79,16.87,225873
2021-06-17,16.99,17.02,16.79,16.9,161495
2021-06-18,16.81,17.09,16.79,16.85,261343
2021-06-21,16.87,17.18,16.76,16.89,258973
2021-06-22,16.99,17.05,16.72,16.85,229815
2021-06-23,16.85,16.96,16.59,16.9,265880
2021-06-24,16.91,17.13,16.82,16.89,272879
2021-06-25,16.99,17.48,16.82,17.28,483148
2021-06-28,17.4,17.42,16.96,17.06,287937
2021-06-29,17.03,17.07,16.88,16.92,183846
2021-06-30,16.92,17.09,16.87,17.01,185998
2021-07-01,17.3,17.38,16.51,16.59,281826
2021-07-02,16.54,16.54,16.26,16.27,220848
2021-07-05,16.27,16.36,16.15,16.22,161211
2021-07-06,16.25,16.43,16.15,16.37,164229
2021-07-07,16.31,16.64,16.27,16.43,205558
2021-07-08,16.54,16.64,16.19,16.23,211034
2021-07-09,16.23,16.46,16.13,16.35,172368
2021-07-12,16.57,16.71,16.42,16.57,275695
2021-07-13,16.56,16.61,16.37,16.43,177266
2021-07-14,16.42,16.42,16.14,16.2,215393
2021-07-15,16.22,16.45,16.09,16.38,213928
2021-07-16,16.43,16.53,16.29,16.34,228449
2021-07-19,16.24,16.34,16.13,16.19,208416
2021-07-20,16.1,16.23,16.06,16.12,148061
2021-07-21,16.17,16.38,16.11,16.15,252727
2021-07-22,16.14,16.45,15.99,16.31,371300
2021-07-23,16.36,16.77,16.12,16.54,496599
2021-07-26,16.52,16.73,16.1,16.13,390343
2021-07-27,16.09,16.22,15.48,15.51,416344
2021-07-28,15.5,15.74,15.29,15.48,224979
2021-07-29,15.67,15.72,15.29,15.46,307063
2021-07-30,15.43,15.45,14.92,15.0,265302
2021-08-02,14.93,15.76,14.44,15.53,449278
2021-08-03,15.37,15.79,15.28,15.52,329090
2021-08-04,15.51,15.58,15.3,15.55,232193
2021-08-05,15.51,15.87,15.43,15.44,243233
2021-08-06,15.44,15.58,15.24,15.34,196920
2021-08-09,15.33,15.81,15.3,15.64,299104
2021-08-10,15.65,16.53,15.57,16.53,606145
2021-08-11,16.54,16.66,16.23,16.33,380304
2021-08-12,16.19,16.33,16.03,16.11,233217
2021-08-13,16.11,16.18,15.92,16.03,205843
2021-08-16,16.13,16.35,16.01,16.06,319458
2021-08-17,15.92,16.61,15.91,15.98,472291
2021-08-18,15.95,17.44,15.91,17.23,1182029
2021-08-19,17.03,17.47,16.58,16.59,826353
2021-08-20,16.6,16.81,16.21,16.57,474519
2021-08-23,16.63,16.81,16.33,16.46,422714
2021-08-24,16.39,17.05,16.24,16.85,629112
2021-08-25,16.79,17.16,16.63,16.88,409813
2021-08-26,16.91,16.92,16.55,16.57,345861
2021-08-27,16.56,16.7,16.3,16.35,339898
2021-08-30,16.49,16.57,16.05,16.15,368000
2021-08-31,16.23,16.73,16.07,16.59,465341
2021-09-01,16.51,17.62,16.44,17.04,944867
2021-09-02,17.04,17.74,16.98,17.68,971043
2021-09-03,18.47,18.61,17.41,17.45,992007
2021-09-06,17.41,18.09,17.34,17.81,676970
2021-09-07,17.8,18.22,17.47,18.06,595534
2021-09-08,17.98,18.73,17.9,18.17,748530
2021-09-09,17.9,18.01,17.54,17.84,516456
2021-09-10,17.98,19.05,17.89,18.38,1016794
2021-09-13,18.43,18.65,18.18,18.28,535084
2021-09-14,18.35,18.36,17.39,17.53,657619
2021-09-15,17.43,17.63,17.3,17.4,358312
2021-09-16,17.45,17.49,16.91,16.97,420505
2021-09-17,16.95,17.25,16.78,17.19,307550
2021-09-22,16.72,17.04,16.64,16.93,299405
2021-09-23,16.98,17.26,16.93,17.12,314868
2021-09-24,17.15,17.28,16.86,16.93,248614
2021-09-27,16.91,17.72,16.88,17.12,592413
2021-09-28,17.13,17.38,16.94,17.22,318593
2021-09-29,17.0,17.03,16.68,16.91,284229
2021-09-30,16.93,17.06,16.63,16.75,245689
2021-10-08,16.93,17.02,16.79,16.85,216644
2021-10-11,16.88,17.11,16.85,16.91,182444
2021-10-12,16.91,16.98,16.13,16.36,374975
2021-10-13,16.33,16.6,16.18,16.33,200241
2021-10-14,16.33,16.41,16.12,16.41,191155
2021-10-15,16.38,16.38,15.79,15.89,363224
2021-10-18,15.93,16.03,15.73,15.92,155855
2021-10-19,15.88,16.15,15.85,16.05,155139
2021-10-20,16.13,16.2,15.98,16.03,140802
2021-10-21,16.04,16.15,15.83,15.88,231387
2021-10-22,15.91,16.3,15.89,16.05,203571
2021-10-25,16.19,16.32,15.95,16.27,261492
2021-10-26,15.88,16.01,15.81,15.9,306360
2021-10-27,15.88,15.89,15.48,15.55,232641
2021-10-28,15.48,15.65,15.31,15.38,228381
2021-10-29,15.39,15.68,15.23,15.59,231115
2021-11-01,15.61,15.74,15.53,15.64,173355
2021-11-02,15.59,15.75,15.31,15.46,221407
2021-11-03,15.42,15.51,15.34,15.39,120385
2021-11-04,15.49,15.53,15.33,15.4,145797
2021-11-05,15.4,15.52,15.16,15.2,189663
2021-11-08,15.2,15.52,15.15,15.45,136537
2021-11-09,15.5,15.56,15.4,15.48,144879
2021-11-10,15.48,15.52,15.35,15.52,129132
2021-11-11,15.51,15.87,15.48,15.8,344335
2021-11-12,15.81,15.82,15.59,15.72,173661
2021-11-15,15.73,15.87,15.68,15.77,147299
2021-11-16,15.77,15.86,15.69,15.7,146929
2021-11-17,15.66,15.76,15.6,15.66,118221
2021-11-18,15.66,15.7,15.42,15.46,152511
2021-11-19,15.46,15.8,15.44,15.73,198125
2021-11-22,15.73,15.9,15.69,15.78,180003
2021-11-23,15.79,15.98,15.75,15.8,218685
2021-11-24,15.73,15.93,15.7,15.82,149112
2021-11-25,15.73,16.01,15.73,15.9,168870
2021-11-26,15.87,15.89,15.74,15.76,123731
2021-11-29,15.46,15.63,15.43,15.49,180282
2021-11-30,15.57,15.67,15.45,15.45,145558
2021-12-01,15.44,15.68,15.42,15.65,156668
2021-12-02,15.64,15.86,15.57,15.75,190075
2021-12-03,15.78,15.98,15.73,15.91,210208
2021-12-06,16.1,16.55,15.99,16.13,582111
2021-12-07,16.31,16.4,16.06,16.26,318376
2021-12-08,16.27,16.51,16.09,16.49,335403
2021-12-09,16.53,16.99,16.38,16.68,486163
2021-12-10,16.49,16.54,16.32,16.38,344161
2021-12-13,16.68,16.85,16.48,16.51,385040
2021-12-14,16.38,16.51,16.23,16.27,208163
2021-12-15,16.39,16.49,16.27,16.27,190924
2021-12-16,16.27,16.4,16.15,16.39,215385
2021-12-17,16.42,16.48,16.2,16.21,190798
2021-12-20,16.14,16.33,15.96,16.0,174464
2021-12-21,16.0,16.2,15.94,16.14,167391
2021-12-22,16.18,16.2,15.88,15.88,178459
2021-12-23,15.89,15.95,15.76,15.94,152014
2021-12-24,15.84,15.96,15.72,15.75,150661
2021-12-27,15.73,15.83,15.69,15.73,121046
2021-12-28,15.8,15.82,15.7,15.81,161050
2021-12-29,15.83,15.86,15.69,15.69,131565
2021-12-30,15.69,15.97,15.68,15.96,213797
2021-12-31,15.97,16.17,15.91,16.08,251282
2022-01-04,16.07,16.12,15.93,15.99,148787
2022-01-05,15.99,16.16,15.89,15.93,186356
2022-01-06,15.91,15.91,15.6,15.65,257567
2022-01-07,15.77,15.81,15.66,15.73,156670
2022-01-10,15.76,15.87,15.72,15.79,125735
2022-01-11,15.78,15.92,15.65,15.7,230876
2022-01-12,15.76,15.79,15.63,15.72,141245
2022-01-13,15.81,15.92,15.72,15.74,176109
2022-01-14,15.66,15.66,15.23,15.39,273342
2022-01-17,15.38,15.48,15.3,15.39,134137
2022-01-18,15.36,15.52,15.33,15.48,165981
2022-01-19,15.48,15.6,15.33,15.39,200744
2022-01-20,15.42,15.8,15.39,15.7,330838
2022-01-21,15.62,15.67,15.38,15.43,253397
2022-01-24,15.43,15.67,15.39,15.54,203233
2022-01-25,15.51,15.67,15.28,15.3,229518
2022-01-26,15.3,15.66,15.3,15.61,200003
2022-01-27,15.5,15.58,15.3,15.32,185411
2022-01-28,15.33,15.45,15.11,15.12,208724
2022-02-07,15.29,15.32,15.14,15.24,179863
2022-02-08,15.23,15.42,15.16,15.42,211839
2022-02-09,15.39,15.5,15.34,15.43,177647
2022-02-10,15.42,15.48,15.34,15.39,145405
2022-02-11,15.38,15.63,15.34,15.42,280548
2022-02-14,15.35,15.36,14.94,15.06,340640
2022-02-15,15.06,15.11,14.97,15.1,105683
2022-02-16,15.22,15.24,15.08,15.11,90908
2022-02-17,15.11,15.17,15.01,15.01,102921
2022-02-18,14.97,15.08,14.89,15.05,150707
2022-02-21,15.05,15.06,14.91,15.0,202325
2022-02-22,14.92,14.92,14.73,14.79,176129
2022-02-23,14.78,14.88,14.74,14.86,116863
2022-02-24,14.79,14.83,14.24,14.41,284287
2022-02-25,14.44,14.56,14.33,14.39,177977
2022-02-28,14.33,14.38,14.16,14.27,127417
2022-03-01,14.26,14.4,14.24,14.38,110166
2022-03-02,14.32,14.4,14.27,14.34,93427
2022-03-03,14.37,14.5,14.31,14.32,97912
2022-03-04,14.27,14.31,14.18,14.23,102670
2022-03-07,14.21,14.22,13.83,13.88,170174
2022-03-08,13.89,14.02,13.57,13.57,150929
2022-03-09,13.62,13.68,12.54,13.07,254582
2022-03-10,13.43,13.48,12.97,13.02,176424
2022-03-11,12.9,13.42,12.65,13.29,237863
2022-03-14,13.1,13.37,12.97,13.01,188788
2022-03-15,12.73,13.0,12.26,12.27,291698
2022-03-16,12.43,13.11,12.19,13.02,332078
2022-03-17,13.3,13.31,12.9,12.96,316941
2022-03-18,12.98,13.11,12.85,12.94,222561
2022-03-21,12.98,13.1,12.89,12.99,194298
2022-03-22,12.91,13.11,12.89,13.0,143552
2022-03-23,12.98,13.08,12.95,13.01,105655
2022-03-24,12.94,13.0,12.84,12.88,100888
2022-03-25,12.89,12.99,12.72,12.74,97678
2022-03-28,12.69,13.02,12.61,12.92,149353
2022-03-29,12.95,13.01,12.73,12.75,116726
2022-03-30,12.87,13.13,12.86,13.07,224110
2022-03-31,13.07,13.07,12.89,12.9,161330
2022-04-01,12.86,13.17,12.8,13.13,219284
2022-04-06,13.06,13.38,13.02,13.35,203528
2022-04-07,13.32,13.39,13.0,13.0,167857
2022-04-08,13.05,13.18,12.88,13.12,146741
2022-04-11,13.13,13.13,12.75,12.84,161504
2022-04-12,12.84,13.24,12.69,13.15,207340
2022-04-13,13.06,13.23,13.0,13.05,134762
2022-04-14,13.13,13.37,13.1,13.25,203730
2022-04-15,13.19,13.32,13.15,13.24,128057
2022-04-18,13.08,13.22,12.92,13.0,130016
2022-04-19,12.85,13.03,12.83,12.89,99162
2022-04-20,12.91,12.98,12.61,12.66,145716
2022-04-21,12.61,12.9,12.56,12.68,151523
2022-04-22,12.59,12.76,12.5,12.69,163080
2022-04-25,11.68,12.01,11.37,11.37,428957
2022-04-26,11.33,11.42,10.72,10.74,279853
2022-04-27,10.69,10.98,10.51,10.88,234024
2022-04-28,10.88,10.88,10.49,10.64,190501
2022-04-29,10.93,11.32,10.8,11.2,280309
2022-05-05,11.13,11.36,10.99,11.27,174552
2022-05-06,11.16,11.35,11.08,11.1,137529
2022-05-09,11.08,11.37,11.06,11.26,100693
2022-05-10,11.1,11.39,11.06,11.34,129553
2022-05-11,11.35,11.51,11.23,11.25,211900
2022-05-12,11.18,11.36,11.16,11.29,112525
2022-05-13,11.36,11.45,11.3,11.38,109732
2022-05-16,11.43,11.48,11.27,11.3,96183
2022-05-17,11.3,11.42,11.22,11.33,98497
2022-05-18,11.41,11.42,11.28,11.31,110387
2022-05-19,11.21,11.23,11.08,11.22,101825
2022-05-20,11.23,11.46,11.22,11.45,165921
2022-05-23,11.47,11.57,11.39,11.49,121782
2022-05-24,11.5,11.56,11.08,11.1,165149
2022-05-25,11.07,11.19,11.05,11.15,83221
2022-05-26,11.18,11.48,11.08,11.35,141267
2022-05-27,11.42,11.49,11.28,11.32,100042
2022-05-30,11.32,11.4,11.18,11.24,124811
2022-05-31,11.23,11.37,11.18,11.33,138013
2022-06-01,11.35,11.42,11.29,11.38,110173
2022-06-02,11.38,11.53,11.3,11.48,143807
2022-06-06,11.48,11.74,11.41,11.71,203342
2022-06-07,11.75,11.94,11.68,11.71,220789
2022-06-08,11.69,12.11,11.69,12.11,352453
2022-06-09,12.21,12.79,12.08,12.39,518356
2022-06-10,12.24,12.71,12.08,12.66,467367
2022-06-13,12.39,12.64,12.35,12.48,332649
2022-06-14,12.26,13.47,12.23,13.29,512908
2022-06-15,13.45,14.41,13.45,13.8,987815
2022-06-16,13.8,13.8,12.98,12.99,646544
2022-06-17,12.87,13.18,12.61,12.95,415181
2022-06-20,12.9,13.1,12.76,12.82,229298
2022-06-21,12.87,12.93,12.63,12.84,219227
2022-06-22,12.84,12.85,12.55,12.55,232520
2022-06-23,12.62,13.06,12.59,12.95,325292
2022-06-24,13.01,13.07,12.83,12.97,243427
2022-06-27,13.03,13.16,12.9,12.99,225424
2022-06-28,12.98,13.14,12.76,13.04,208017
2022-06-29,13.04,13.13,12.78,12.8,224179
2022-06-30,12.81,13.02,12.81,12.84,159345
2022-07-01,12.87,12.93,12.66,12.7,160980
2022-07-04,12.76,12.78,12.55,12.69,149024
2022-07-05,12.69,12.82,12.44,12.56,174623
2022-07-06,12.54,12.59,12.36,12.45,162169
2022-07-07,12.46,12.51,12.37,12.38,113589
2022-07-08,12.42,12.52,12.34,12.37,100579
2022-07-11,12.32,12.38,12.27,12.31,104036
2022-07-12,12.36,12.49,12.26,12.29,130752
2022-07-13,12.28,12.36,12.17,12.22,125805
2022-07-14,12.18,12.3,12.13,12.22,92454
2022-07-15,12.23,12.33,11.91,11.95,139473
2022-07-18,12.02,12.24,11.94,12.22,115119
2022-07-19,12.21,12.35,12.14,12.33,105507
2022-07-20,12.36,12.46,12.29,12.31,76658
2022-07-21,12.33,12.33,12.16,12.16,75516
2022-07-22,12.18,12.32,12.1,12.2,83411
2022-07-25,12.21,12.22,12.06,12.14,58954
2022-07-26,12.14,12.28,12.1,12.21,54672
2022-07-27,12.21,12.31,12.18,12.28,63154
2022-07-28,12.35,12.47,12.34,12.36,108857
2022-07-29,12.37,12.46,12.26,12.33,101948
2022-08-01,12.33,12.45,12.08,12.33,114974
2022-08-02,12.07,12.21,11.76,11.91,186069
2022-08-03,11.92,12.23,11.83,11.84,94810
2022-08-04,11.83,12.03,11.82,11.92,94452
2022-08-05,12.0,12.48,11.91,12.47,199960
2022-08-08,12.45,12.52,12.34,12.38,139145
2022-08-09,12.39,12.49,12.33,12.33,82225
2022-08-10,12.33,12.43,12.26,12.31,73336
2022-08-11,12.45,12.91,12.37,12.84,299922
2022-08-12,12.77,12.92,12.68,12.81,158783
2022-08-15,12.53,12.71,12.33,12.53,269131
2022-08-16,12.52,12.6,12.35,12.42,155351
2022-08-17,12.41,12.65,12.33,12.55,185038
2022-08-18,12.5,12.56,12.42,12.46,94164
2022-08-19,12.37,12.52,12.33,12.34,104616
2022-08-22,12.21,12.26,12.07,12.15,148702
2022-08-23,12.13,12.37,12.06,12.17,127663
2022-08-24,12.15,12.36,11.95,11.95,165034
2022-08-25,11.96,12.16,11.9,12.12,137162
2022-08-26,12.12,12.19,12.03,12.08,96882
2022-08-29,12.01,12.15,11.95,12.11,86230
2022-08-30,12.01,12.17,11.98,12.08,100015
2022-08-31,12.07,12.32,12.04,12.22,170975
2022-09-01,12.18,12.27,12.07,12.08,92676
2022-09-02,12.1,12.21,12.07,12.13,93312
2022-09-05,12.22,12.28,12.13,12.25,128629
2022-09-06,12.33,12.41,12.28,12.38,138116
2022-09-07,12.37,12.37,12.26,12.32,76769
2022-09-08,12.4,12.4,12.29,12.33,86788
2022-09-09,12.32,12.53,12.26,12.47,153492
2022-09-13,12.55,12.64,12.47,12.57,135069
2022-09-14,12.45,12.5,12.37,12.4,113803
2022-09-15,12.45,12.67,12.42,12.53,213283
2022-09-16,12.52,12.52,11.86,11.87,301044
2022-09-19,11.89,12.0,11.66,11.73,111703
2022-09-20,11.86,11.93,11.6,11.63,101261
2022-09-21,11.6,11.78,11.48,11.7,92860
2022-09-22,11.68,11.81,11.63,11.7,64059
2022-09-23,11.69,11.85,11.63,11.75,82207
2022-09-26,11.72,11.72,11.48,11.51,94276
2022-09-27,11.53,11.6,11.38,11.58,66484
2022-09-28,11.62,11.64,11.45,11.45,72033
2022-09-29,11.58,11.61,11.25,11.33,76895
2022-09-30,11.32,11.45,11.28,11.31,63493
2022-10-10,11.31,11.37,11.09,11.12,73155
2022-10-11,11.18,11.28,11.11,11.16,66716
2022-10-12,11.18,11.49,11.15,11.48,89576
2022-10-13,11.41,11.54,11.38,11.49,57069
2022-10-14,11.55,11.7,11.55,11.63,75736
2022-10-17,11.66,11.75,11.57,11.68,66808
2022-10-18,11.73,11.85,11.6,11.61,75525
2022-10-19,11.62,11.69,11.51,11.52,46922
2022-10-20,11.5,11.72,11.48,11.54,62246
2022-10-21,11.79,11.87,11.54,11.62,108821
2022-10-24,11.68,11.85,11.33,11.38,121108
2022-10-25,11.38,11.69,11.17,11.47,114966
2022-10-26,11.46,11.66,11.43,11.49,106634
2022-10-27,11.51,11.66,11.5,11.62,96540
2022-10-28,11.58,11.79,11.48,11.48,140550
2022-10-31,11.45,11.58,11.34,11.47,82874
2022-11-01,11.5,11.73,11.47,11.72,129526
2022-11-02,11.67,11.82,11.63,11.74,94379
2022-11-03,11.64,11.74,11.63,11.65,61256
2022-11-04,11.67,12.13,11.67,12.06,215302
2022-11-07,11.92,12.04,11.88,11.99,147230
2022-11-08,12.0,12.0,11.86,11.95,88677
2022-11-09,11.94,11.95,11.82,11.82,71316
2022-11-10,11.77,11.91,11.75,11.89,77234
2022-11-11,12.15,12.25,11.98,12.08,234823
2022-11-14,12.14,12.45,12.11,12.22,241274
2022-11-15,12.13,12.75,12.1,12.55,321025
2022-11-16,12.47,12.54,12.34,12.37,154605
2022-11-17,12.29,12.41,12.23,12.37,128668
2022-11-18,12.39,12.41,12.21,12.21,117458
2022-11-21,12.13,12.18,11.96,12.03,107456
2022-11-22,12.01,12.22,12.01,12.1,97624
2022-11-23,12.05,12.18,12.03,12.08,87071
2022-11-24,12.17,12.21,11.97,11.99,86594
2022-11-25,11.94,12.16,11.93,12.12,93379
2022-11-28,11.9,12.14,11.86,12.14,140412
2022-11-29,12.12,12.59,12.09,12.5,316203
2022-11-30,12.5,12.72,12.45,12.47,221973
2022-12-01,12.7,12.91,12.46,12.5,248700
2022-12-02,12.53,12.62,12.42,12.44,117709
2022-12-05,12.6,12.79,12.54,12.71,237746
2022-12-06,12.68,12.99,12.64,12.84,291575
2022-12-07,12.87,12.91,12.66,12.71,176055
2022-12-08,12.7,12.88,12.67,12.74,94243
2022-12-09,12.7,12.92,12.65,12.86,185663
2022-12-12,12.7,12.76,12.53,12.56,156839
2022-12-13,12.52,12.62,12.47,12.54,97607
2022-12-14,12.52,12.67,12.5,12.57,87525
2022-12-15,12.53,12.7,12.45,12.49,89641
2022-12-16,12.49,12.56,12.42,12.52,90991
2022-12-19,12.53,12.59,12.08,12.18,121651
2022-12-20,12.12,12.22,12.01,12.08,83566
2022-12-21,12.08,12.16,12.03,12.11,55225
2022-12-22,12.16,12.25,12.06,12.1,80001
2022-12-23,12.04,12.21,12.0,12.04,71425
2022-12-26,12.09,12.14,12.0,12.06,63474
2022-12-27,12.15,12.24,12.08,12.19,81887
2022-12-28,12.15,12.19,12.08,12.15,63453
2022-12-29,12.15,12.22,12.05,12.19,86361
2022-12-30,12.19,12.31,12.19,12.27,82621
2023-01-03,12.2,12.27,11.99,12.22,137504
2023-01-04,12.2,12.33,12.19,12.26,95541
2023-01-05,12.31,12.46,12.28,12.42,130641
2023-01-06,12.41,12.61,12.36,12.47,140714
2023-01-09,12.56,12.73,12.48,12.59,163951
2023-01-10,12.54,12.82,12.53,12.58,191359
2023-01-11,12.59,12.7,12.53,12.55,137010
2023-01-12,12.6,12.64,12.47,12.64,126961
2023-01-13,12.66,12.89,12.55,12.86,260867
2023-01-16,12.85,13.53,12.75,13.3,615975
2023-01-17,13.17,13.38,13.15,13.35,262220
2023-01-18,13.27,13.42,13.23,13.3,144262
2023-01-19,13.27,13.65,13.25,13.56,261852
2023-01-20,13.59,13.64,13.48,13.57,215106
2023-01-30,13.78,13.8,13.38,13.4,281801
2023-01-31,13.37,13.57,13.22,13.26,162989
2023-02-01,13.28,13.55,13.25,13.53,191931
2023-02-02,13.8,13.82,13.31,13.33,276733
2023-02-03,13.27,13.38,13.11,13.22,161767
2023-02-06,13.1,13.21,12.94,12.99,135128
2023-02-07,13.07,13.11,12.93,13.03,93461
2023-02-08,13.04,13.05,12.86,12.89,86278
2023-02-09,12.88,13.07,12.85,13.07,88202
2023-02-10,13.04,13.08,12.95,12.99,72644
2023-02-13,13.0,13.06,12.88,13.04,98294
2023-02-14,13.07,13.1,12.96,13.02,77858
2023-02-15,13.02,13.04,12.91,12.95,73936
2023-02-16,12.91,13.22,12.77,12.85,222807
2023-02-17,12.85,12.93,12.7,12.71,105819
2023-02-20,12.86,13.23,12.86,13.19,231765
2023-02-21,13.19,13.27,13.08,13.19,144514
2023-02-22,13.17,13.24,13.06,13.07,91354
2023-02-23,13.08,13.26,13.08,13.14,163224
2023-02-24,13.22,13.24,12.99,13.03,114217
2023-02-27,12.95,13.03,12.85,12.88,96664
2023-02-28,12.92,13.0,12.85,12.95,77779
2023-03-01,12.95,13.21,12.92,13.2,135439
2023-03-02,13.15,13.24,13.13,13.19,117562
2023-03-03,13.2,13.37,13.17,13.35,166104
2023-03-06,13.32,13.39,13.09,13.09,135918
2023-03-07,13.08,13.24,12.95,12.95,157299
2023-03-08,12.87,12.96,12.85,12.92,102803
2023-03-09,12.95,12.99,12.87,12.91,78702
2023-03-10,12.82,12.89,12.7,12.72,116881
2023-03-13,12.73,12.81,12.62,12.8,93826
2023-03-14,12.77,12.79,12.55,12.66,99791
2023-03-15,12.71,12.82,12.71,12.73,66650
2023-03-16,12.54,12.72,12.53,12.61,69094
2023-03-17,12.71,12.97,12.71,12.79,123888
2023-03-20,12.85,12.95,12.69,12.71,116388
2023-03-21,12.79,12.84,12.68,12.75,77691
2023-03-22,12.8,12.83,12.74,12.77,89815
2023-03-23,12.76,13.04,12.72,13.04,161607
2023-03-24,13.05,13.13,12.92,13.0,91554
2023-03-27,12.97,12.99,12.77,12.93,128677
2023-03-28,12.95,12.98,12.81,12.85,94215
2023-03-29,12.89,12.92,12.62,12.72,114438
2023-03-30,12.76,12.86,12.62,12.81,96747
2023-03-31,12.81,12.9,12.74,12.76,79458
2023-04-03,12.78,13.04,12.74,13.0,246766
2023-04-04,13.04,13.07,12.93,13.03,196402
2023-04-06,13.02,13.22,12.97,13.13,214735
2023-04-07,13.14,13.25,13.08,13.17,143279
2023-04-10,13.34,13.35,13.02,13.07,160398
2023-04-11,13.22,13.41,13.15,13.23,238327
2023-04-12,13.25,13.27,13.07,13.17,145079
2023-04-13,13.15,13.25,13.05,13.11,113233
2023-04-14,13.17,13.18,13.06,13.12,102606
2023-04-17,13.17,13.51,13.14,13.48,297852
2023-04-18,13.5,13.58,13.35,13.4,194958
2023-04-19,13.42,13.43,13.19,13.21,121764
2023-04-20,13.21,13.22,13.07,13.16,140990
2023-04-21,13.17,13.2,12.67,12.72,208166
2023-04-24,12.73,12.89,12.59,12.62,146048
2023-04-25,12.7,12.87,12.54,12.71,174839
2023-04-26,12.7,12.73,12.57,12.6,119775
2023-04-27,12.6,12.72,12.53,12.68,129311
2023-04-28,12.72,13.07,12.67,12.94,192776
2023-05-04,12.95,13.35,12.87,13.32,302544
2023-05-05,13.34,13.85,13.34,13.54,434696
2023-05-08,13.66,14.59,13.51,14.15,900325
2023-05-09,14.07,14.75,13.92,13.95,1068118
2023-05-10,13.83,14.02,13.57,13.68,468470
2023-05-11,13.65,13.87,13.6,13.62,215461
2023-05-12,13.62,13.67,13.35,13.39,245501
2023-05-15,13.5,13.77,13.16,13.74,295493
2023-05-16,13.71,13.92,13.61,13.68,183190
2023-05-17,13.6,13.72,13.49,13.56,117312
2023-05-18,13.64,13.68,13.39,13.44,137087
2023-05-19,13.44,13.52,13.26,13.28,127238
2023-05-22,13.23,13.34,13.15,13.21,104011
2023-05-23,13.22,13.29,12.93,12.93,151917
2023-05-24,12.89,12.93,12.71,12.77,159985
2023-05-25,12.7,12.86,12.65,12.82,145650
2023-05-26,12.83,12.94,12.68,12.89,102223
2023-05-29,12.9,12.99,12.78,12.9,118178
2023-05-30,12.78,12.9,12.67,12.87,131346
2023-05-31,12.82,12.92,12.78,12.88,120981
2023-06-01,12.86,13.0,12.8,12.82,148649
2023-06-02,12.87,12.91,12.82,12.87,104070
2023-06-05,12.88,12.94,12.78,12.85,78738
2023-06-06,12.82,12.93,12.67,12.7,121978
2023-06-07,12.69,12.81,12.65,12.68,78893
2023-06-08,12.68,12.86,12.54,12.83,146819
2023-06-09,12.86,12.87,12.78,12.85,102264
2023-06-12,12.83,12.92,12.76,12.83,99300
2023-06-13,12.85,12.89,12.77,12.86,80821
2023-06-14,12.92,13.07,12.85,12.86,144457
2023-06-15,12.91,13.04,12.87,13.03,139827
2023-06-16,13.02,13.07,12.96,13.04,138822
2023-06-19,12.98,13.03,12.86,12.88,105098
2023-06-20,12.87,12.94,12.79,12.8,118333
2023-06-21,12.82,12.84,12.55,12.57,143461
2023-06-26,12.48,12.49,12.18,12.2,183300
2023-06-27,12.25,12.37,12.23,12.32,89163
2023-06-28,12.37,12.4,12.28,12.38,75483
2023-06-29,12.34,12.44,12.29,12.33,61671
2023-06-30,12.31,12.58,12.31,12.54,121295
2023-07-03,12.53,12.86,12.52,12.83,137780
2023-07-04,12.78,12.95,12.74,12.85,100763
2023-07-05,12.87,12.89,12.77,12.83,66844
2023-07-06,12.81,12.91,12.74,12.77,83685
2023-07-07,12.73,12.95,12.73,12.88,84279
2023-07-10,12.96,13.01,12.79,12.85,62220
2023-07-11,12.85,12.95,12.85,12.92,71495
2023-07-12,12.91,13.0,12.79,12.79,61546
2023-07-13,12.93,13.03,12.86,13.01,142298
2023-07-14,13.01,13.04,12.91,12.94,70414
2023-07-17,12.95,12.96,12.8,12.9,66920
2023-07-18,12.93,12.97,12.86,12.9,52707
2023-07-19,12.88,13.01,12.86,12.98,99648
2023-07-20,13.08,13.09,12.85,12.89,73671
2023-07-21,12.85,13.0,12.85,12.93,75122
2023-07-24,12.87,12.98,12.83,12.91,72110
2023-07-25,13.34,13.43,13.17,13.38,346447
2023-07-26,13.39,13.45,13.23,13.42,171484
2023-07-27,13.39,13.52,13.29,13.3,138159
2023-07-28,13.3,14.22,13.25,14.13,631207
2023-07-31,14.24,14.51,14.06,14.11,678516
2023-08-01,14.05,14.27,13.9,14.01,367180
2023-08-02,13.99,14.23,13.92,14.03,252687
2023-08-03,14.04,14.44,13.9,14.4,463949
2023-08-04,14.85,15.03,14.61,14.65,894353
2023-08-07,14.3,14.57,14.25,14.52,354208
2023-08-08,14.35,14.79,14.05,14.53,378848
2023-08-09,14.53,14.67,14.44,14.53,280202
2023-08-10,14.56,14.67,14.45,14.66,288986
2023-08-11,14.67,14.67,14.13,14.16,395500
2023-08-14,13.93,14.31,13.86,14.18,276778
2023-08-15,14.14,14.3,14.03,14.26,192830
2023-08-16,14.15,14.58,14.03,14.34,224347
2023-08-17,14.19,14.36,14.01,14.21,267508
2023-08-18,14.25,14.46,14.06,14.08,197550
2023-08-21,13.95,14.05,13.6,13.61,237516
2023-08-22,13.85,13.86,13.55,13.72,218765
2023-08-23,13.72,13.75,13.47,13.49,149294
2023-08-24,13.6,13.83,13.49,13.6,161020
2023-08-25,13.55,13.73,13.52,13.61,144512
2023-08-28,15.06,15.06,13.91,13.97,702759
2023-08-29,13.86,14.03,13.5,13.78,404963
2023-08-30,13.81,13.84,13.57,13.57,236473
2023-08-31,13.64,13.67,13.31,13.36,203622
2023-09-01,13.44,13.49,13.31,13.38,135471
2023-09-04,13.4,13.54,13.32,13.48,190543
2023-09-05,13.45,13.45,13.31,13.38,118287
2023-09-06,13.32,13.38,13.21,13.31,135287
2023-09-07,13.3,13.35,13.17,13.19,159569
2023-09-08,13.17,13.25,13.1,13.19,113774
2023-09-11,13.22,13.41,13.15,13.3,198107
2023-09-12,13.29,13.35,13.27,13.3,109270
2023-09-13,13.3,13.33,13.06,13.09,120270
2023-09-14,13.18,13.19,13.08,13.16,122640
2023-09-15,13.17,13.31,13.1,13.15,138449
2023-09-18,13.08,13.19,13.03,13.16,105472
2023-09-19,13.16,13.23,13.09,13.16,111983
2023-09-20,13.16,13.18,13.09,13.09,89273
2023-09-21,13.1,13.18,13.0,13.02,101351
2023-09-22,13.02,13.33,12.95,13.31,184227
2023-09-25,13.32,13.32,13.09,13.17,156086
2023-09-26,13.16,13.28,13.13,13.19,95582
2023-09-27,13.23,13.28,13.15,13.2,98604
2023-09-28,13.23,13.25,13.11,13.13,113649
2023-10-09,13.13,13.14,12.96,13.06,119788
2023-10-10,13.07,13.25,12.99,13.01,102597
2023-10-11,13.09,13.14,13.0,13.01,99485
2023-10-12,13.15,13.18,13.03,13.12,113888
2023-10-13,13.08,13.09,12.99,13.03,92988
2023-10-16,13.05,13.09,12.92,13.0,100368
2023-10-17,13.01,13.28,12.97,13.15,146920
2023-10-18,13.11,13.2,13.06,13.11,97974
2023-10-19,13.07,13.19,13.01,13.03,135219
2023-10-20,13.0,13.11,12.93,13.04,133461
2023-10-23,12.95,13.01,12.71,12.77,147834
2023-10-24,12.77,13.08,12.76,13.06,165265
2023-10-25,13.15,13.24,13.06,13.14,160719
2023-10-26,13.07,13.18,13.03,13.17,95218
2023-10-27,13.13,13.29,13.01,13.25,130325
2023-10-30,13.21,13.3,13.16,13.2,121312
2023-10-31,13.23,13.29,13.18,13.29,105834
2023-11-01,13.33,13.37,13.18,13.21,97864
2023-11-02,13.21,13.28,13.14,13.15,109845
2023-11-03,13.15,13.27,13.12,13.2,96744
2023-11-06,13.52,13.61,13.36,13.55,305873
2023-11-07,13.5,13.65,13.46,13.55,197078
2023-11-08,13.53,13.59,13.36,13.44,144582
2023-11-09,13.44,13.47,13.36,13.42,81056
2023-11-10,13.44,13.48,13.36,13.43,87626
2023-11-13,13.44,13.52,13.34,13.45,119325
2023-11-14,13.46,13.73,13.44,13.54,180884
2023-11-15,13.65,13.69,13.55,13.58,133181
2023-11-16,13.58,13.66,13.5,13.51,91247
2023-11-17,13.55,13.59,13.42,13.47,89990
2023-11-20,13.44,13.49,13.3,13.45,120971
2023-11-21,13.49,13.66,13.43,13.46,133743
2023-11-22,13.49,13.57,13.42,13.43,88375
2023-11-23,13.35,13.46,13.33,13.41,88642
2023-11-24,13.39,13.44,13.34,13.34,70686
2023-11-27,13.35,13.4,13.2,13.24,100934
2023-11-28,13.24,13.28,13.2,13.2,71129
2023-11-29,13.22,13.23,13.1,13.15,101965
2023-11-30,13.14,13.24,13.1,13.22,98612
2023-12-01,13.21,13.27,13.11,13.24,92452
2023-12-04,13.2,13.28,13.16,13.21,70983
2023-12-05,13.19,13.25,13.03,13.04,107172
2023-12-06,13.03,13.08,12.89,12.9,120517
2023-12-07,12.93,13.04,12.9,13.0,110900
2023-12-08,13.01,13.28,12.97,13.21,202172
2023-12-11,13.15,13.43,12.96,13.39,223058
2023-12-12,13.34,13.44,13.34,13.39,115729
2023-12-13,13.4,13.43,13.18,13.21,86756
2023-12-14,13.25,13.27,13.07,13.09,80044
2023-12-15,13.11,13.2,13.01,13.02,71922
2023-12-18,13.02,13.12,12.95,12.99,86232
2023-12-19,13.01,13.06,12.9,13.01,104192
2023-12-20,13.0,13.02,12.71,12.71,119055
2023-12-21,12.71,12.74,12.53,12.57,164065
2023-12-22,12.57,12.69,12.43,12.62,151950
2023-12-25,12.58,12.68,12.54,12.6,65775
2023-12-26,12.61,12.64,12.5,12.52,59961
2023-12-27,12.57,12.78,12.43,12.68,125832
2023-12-28,12.7,12.86,12.65,12.81,176776
2023-12-29,12.79,12.85,12.73,12.79,145021
2024-01-02,12.79,12.81,12.65,12.71,120447
2024-01-03,12.7,12.79,12.66,12.75,105405
2024-01-04,12.77,12.78,12.49,12.63,110643
2024-01-05,12.62,12.78,12.54,12.62,106554
2024-01-08,12.59,12.63,12.31,12.33,142397
2024-01-09,12.34,12.4,12.26,12.32,115324
2024-01-10,12.28,12.39,12.26,12.28,79775
2024-01-11,12.25,12.37,12.22,12.29,133670
2024-01-12,12.26,12.3,12.1,12.1,122432
2024-01-15,12.04,12.21,11.94,12.06,101264
2024-01-16,12.03,12.26,12.03,12.25,126641
2024-01-17,12.25,12.35,12.15,12.15,131338
2024-01-18,12.08,12.33,11.77,12.28,224054
2024-01-19,12.27,12.27,12.08,12.18,150459
2024-01-22,12.15,12.3,11.9,12.03,221294
2024-01-23,11.95,12.1,11.77,11.98,236716
2024-01-24,12.02,12.51,11.8,12.39,306603
2024-01-25,12.3,12.64,12.24,12.58,261911
2024-01-26,12.5,12.74,12.46,12.67,227864
2024-01-29,12.75,12.85,12.63,12.63,217545
2024-01-30,12.55,12.83,12.5,12.58,164193
2024-01-31,12.54,12.72,12.4,12.52,178653
2024-02-01,12.48,12.73,12.4,12.51,169869
2024-02-02,12.52,12.63,12.01,12.37,223802
2024-02-05,12.36,12.8,12.21,12.71,359086
2024-02-06,12.55,13.23,12.4,13.14,360720
2024-02-07,13.11,13.13,12.87,13.03,310662
2024-02-08,13.07,13.24,12.95,13.09,284529
2024-02-19,12.95,13.03,12.71,12.96,258344
2024-02-20,12.95,13.4,12.92,13.29,258841
2024-02-21,13.2,13.51,13.11,13.25,313337
2024-02-22,13.2,13.38,13.16,13.32,206236
2024-02-23,13.26,13.36,13.2,13.27,163971
2024-02-26,13.23,13.26,13.07,13.09,166610
2024-02-27,13.07,13.2,13.05,13.2,142265
2024-02-28,13.25,13.4,13.08,13.08,229791
2024-02-29,13.03,13.25,13.01,13.25,217643
2024-03-01,13.24,13.3,13.14,13.21,220831
2024-03-04,13.23,13.33,13.13,13.18,155157
2024-03-05,13.15,13.3,13.11,13.29,207855
2024-03-06,13.29,13.35,13.15,13.22,170125
2024-03-07,13.2,13.28,13.07,13.11,150331
2024-03-08,13.11,13.2,13.07,13.12,125256
2024-03-11,13.14,13.34,13.13,13.32,160792
2024-03-12,13.4,13.47,13.23,13.34,151952
2024-03-13,13.31,13.34,13.11,13.19,121094
2024-03-14,13.16,13.24,13.02,13.07,117848
2024-03-15,13.02,13.18,13.02,13.18,105531
2024-03-18,13.18,13.45,13.18,13.39,201865
2024-03-19,13.37,13.39,13.19,13.19,109851
2024-03-20,13.15,13.26,13.12,13.2,92678
2024-03-21,13.26,13.43,13.22,13.31,133290
2024-03-22,13.29,13.32,13.09,13.15,123046
2024-03-25,13.12,13.15,12.95,13.02,130200
2024-03-26,13.02,13.1,12.95,13.01,86086
2024-03-27,13.0,13.15,12.97,12.97,101671
2024-03-28,13.01,13.06,12.85,12.99,125595
2024-03-29,12.99,13.15,12.96,13.11,123291
2024-04-01,13.2,13.29,13.17,13.28,160203
2024-04-02,13.25,13.38,13.24,13.29,137426
2024-04-03,13.25,13.37,13.23,13.3,111850
2024-04-08,13.17,13.22,12.99,13.05,206265
2024-04-09,13.05,13.1,12.98,13.03,110865
2024-04-10,13.03,13.05,12.73,12.76,142220
2024-04-11,12.66,12.89,12.66,12.78,125232
2024-04-12,12.8,13.01,12.6,12.64,126179
2024-04-15,12.64,13.14,12.63,13.03,200330
2024-04-16,13.0,13.13,12.9,12.96,155718
2024-04-17,12.99,13.18,12.84,13.18,162109
2024-04-18,13.18,13.5,13.08,13.37,231411
2024-04-19,13.31,13.52,13.3,13.44,192863
2024-04-22,13.42,13.64,13.42,13.54,166407
2024-04-23,13.54,13.6,13.43,13.44,138239
2024-04-24,13.52,13.54,13.33,13.44,124382
2024-04-25,13.44,13.65,13.39,13.57,162785
2024-04-26,13.95,14.39,13.66,14.39,579525
2024-04-29,14.29,14.32,13.91,14.06,607457
2024-04-30,13.96,14.03,13.77,13.79,299776
2024-05-06,13.96,14.02,13.76,13.81,260896
2024-05-07,13.82,13.93,13.7,13.86,194586
2024-05-08,13.86,13.92,13.74,13.74,146468
2024-05-09,13.75,13.88,13.71,13.8,149229
2024-05-10,13.76,13.95,13.75,13.9,191329
2024-05-13,13.91,14.09,13.7,14.0,211189
2024-05-14,13.95,14.05,13.87,14.03,138886
2024-05-15,14.13,14.15,13.71,13.74,191397
2024-05-16,13.75,13.86,13.69,13.75,144580
2024-05-17,13.71,13.9,13.67,13.86,131547
2024-05-20,13.85,14.05,13.77,13.81,157260
2024-05-21,13.88,13.92,13.74,13.8,86023
2024-05-22,13.79,13.89,13.69,13.8,97893
2024-05-23,13.78,13.83,13.54,13.54,132755
2024-05-24,13.52,13.59,13.4,13.4,108316
2024-05-27,13.5,13.54,13.4,13.52,96814
2024-05-28,13.51,13.57,13.4,13.4,79551
2024-05-29,13.45,13.55,13.37,13.39,66715
2024-05-30,13.35,13.47,13.29,13.4,87300
2024-05-31,13.5,13.51,13.31,13.34,87311
2024-06-03,13.33,13.36,13.21,13.27,137223
2024-06-04,13.2,13.4,13.2,13.36,113217
2024-06-05,13.39,13.45,13.32,13.42,83581
2024-06-06,13.35,13.48,13.3,13.35,112651
2024-06-07,13.38,13.47,13.16,13.31,146059
2024-06-11,13.2,13.4,13.2,13.23,102376
2024-06-12,13.23,13.26,13.16,13.18,74309
2024-06-13,13.22,13.31,13.17,13.21,95967
2024-06-14,13.18,13.44,13.08,13.33,234059
2024-06-17,13.25,13.57,13.11,13.48,199652
2024-06-18,13.48,13.61,13.43,13.52,113508
2024-06-19,13.48,13.6,13.41,13.42,75739
2024-06-20,13.39,13.45,13.33,13.36,82301
2024-06-21,13.33,13.5,13.26,13.41,124203
2024-06-24,13.35,13.48,13.26,13.38,134710
2024-06-25,13.47,13.47,13.26,13.3,135889
2024-06-26,13.3,13.41,13.27,13.38,124734
2024-06-27,13.32,13.41,13.29,13.36,111833
2024-06-28,13.34,13.45,12.98,13.06,230220
2024-07-01,13.03,13.04,12.69,12.91,197320
2024-07-02,12.98,13.0,12.9,12.91,125860
2024-07-03,12.93,13.09,12.92,13.08,93206
2024-07-04,13.05,13.12,12.91,12.92,83900
2024-07-05,12.92,12.98,12.78,12.83,97922
2024-07-08,12.81,12.91,12.71,12.76,137423
2024-07-09,12.77,12.99,12.63,12.97,123954
2024-07-10,12.93,13.18,12.92,13.11,120736
2024-07-11,13.21,13.35,13.17,13.28,128341
2024-07-12,13.27,13.35,13.22,13.33,79817
2024-07-15,13.27,13.42,13.27,13.35,82813
2024-07-16,13.38,13.53,13.35,13.48,115379
2024-07-17,13.48,13.78,13.48,13.71,173042
2024-07-18,13.7,14.02,13.62,14.01,220281
2024-07-19,14.0,14.14,13.87,14.1,226394
2024-07-22,14.28,14.34,14.0,14.14,238137
2024-07-23,14.09,14.14,13.84,13.85,162410
2024-07-24,13.92,13.99,13.79,13.85,136795
2024-07-25,13.84,13.94,13.76,13.8,140731
2024-07-26,13.8,14.05,13.78,14.04,161636
2024-07-29,13.93,14.18,13.91,13.97,122896
2024-07-30,13.95,14.06,13.86,14.01,115801
2024-07-31,14.02,14.67,13.99,14.28,513643
2024-08-01,14.21,14.41,14.07,14.31,307421
2024-08-02,14.28,14.35,14.11,14.15,169179
2024-08-05,14.15,14.32,14.05,14.14,173610
2024-08-06,14.18,14.24,13.95,14.08,158163
2024-08-07,14.13,14.24,14.03,14.15,95749
2024-08-08,14.15,14.31,14.1,14.16,118344
2024-08-09,14.17,14.24,13.99,14.06,102059
2024-08-12,13.99,14.12,13.92,14.06,90496
2024-08-13,14.13,14.17,13.98,14.14,89585
2024-08-14,14.09,14.18,13.97,13.99,79748
2024-08-15,13.98,14.35,13.95,14.23,184172
2024-08-16,14.23,14.44,14.2,14.41,201737
2024-08-19,14.41,14.51,14.31,14.45,135202
2024-08-20,14.46,14.49,14.31,14.35,123964
2024-08-21,14.35,14.48,14.25,14.34,90602
2024-08-22,14.38,14.43,14.16,14.27,104904
2024-08-23,14.21,14.5,14.19,14.39,128522
2024-08-26,14.38,14.42,14.23,14.33,108629
2024-08-27,14.34,14.35,14.1,14.17,90443
2024-08-28,14.19,14.25,14.12,14.15,98294
2024-08-29,14.2,14.29,13.88,13.88,143013
2024-08-30,13.88,14.2,13.85,14.03,238417
2024-09-02,13.94,14.07,13.69,13.95,184489
2024-09-03,13.96,14.48,13.94,14.26,239568
2024-09-04,14.23,14.41,14.17,14.31,118637
2024-09-05,14.31,14.45,14.22,14.41,134525
2024-09-06,14.66,14.73,14.35,14.48,315977
2024-09-09,14.4,14.65,14.34,14.45,172341
2024-09-10,14.4,14.52,14.22,14.45,120334
2024-09-11,14.45,14.49,14.23,14.31,107096
2024-09-12,14.3,14.36,14.18,14.29,73525
2024-09-13,14.29,14.5,14.24,14.38,88669
2024-09-18,14.28,14.49,14.19,14.43,102213
2024-09-19,14.48,14.66,14.34,14.56,174437
2024-09-20,14.56,14.74,14.39,14.55,180397
2024-09-23,14.54,14.64,14.39,14.57,95721
2024-09-24,14.74,15.32,14.52,15.3,628446
2024-09-25,15.7,15.9,15.34,15.48,610630
2024-09-26,15.37,16.11,15.31,16.1,680192
2024-09-27,16.46,17.17,16.03,17.17,736765
2024-09-30,18.81,18.94,17.91,18.94,1441141
2024-10-08,20.88,20.88,20.88,20.88,321464
2024-10-09,21.95,23.02,21.01,22.34,3242238
2024-10-10,22.39,22.41,20.06,20.86,2148314
2024-10-11,19.5,20.27,19.3,19.51,1221457
2024-10-14,19.5,19.94,18.56,19.78,1221589
2024-10-15,19.58,19.98,18.96,18.98,848564
2024-10-16,18.5,19.2,18.45,18.76,596290
2024-10-17,18.76,19.1,18.48,18.52,553759
2024-10-18,18.45,20.42,18.42,19.76,1368251
2024-10-21,19.2,20.0,19.18,19.64,933688
2024-10-22,19.62,20.0,19.55,19.7,565731
2024-10-23,19.72,19.92,19.42,19.51,610211
2024-10-24,19.39,19.55,19.16,19.31,415587
2024-10-25,19.25,19.56,19.24,19.28,431615
2024-10-28,19.24,19.28,19.03,19.17,328083
2024-10-29,19.18,19.45,18.85,18.89,423922
2024-10-30,18.85,18.94,18.48,18.68,411957
2024-10-31,18.62,19.33,18.55,18.74,807350
2024-11-01,18.76,18.85,18.46,18.59,484278
2024-11-04,18.92,19.06,18.74,19.05,487341
2024-11-05,19.07,19.85,18.84,19.8,1002811
2024-11-06,20.04,20.54,19.61,19.87,1080906
2024-11-07,19.62,21.9,19.5,21.68,1477243
2024-11-08,22.17,22.33,20.77,20.84,1327647
2024-11-11,20.46,20.98,20.18,20.83,696740
2024-11-12,20.83,21.1,20.19,20.35,595642
2024-11-13,20.29,20.54,20.13,20.35,373508
2024-11-14,20.36,20.58,19.99,20.09,358724
2024-11-15,20.05,20.16,19.29,19.3,489919
2024-11-18,19.39,19.75,18.97,19.15,428742
2024-11-19,19.15,19.42,19.0,19.37,289872
2024-11-20,19.37,19.46,19.21,19.37,259945
2024-11-21,19.37,19.55,19.27,19.4,282910
2024-11-22,19.43,19.44,18.53,18.6,344438
2024-11-25,18.61,18.7,18.1,18.35,369383
2024-11-26,18.39,18.64,18.27,18.33,229400
2024-11-27,18.3,18.58,18.16,18.54,255136
2024-11-28,18.57,18.68,18.3,18.35,196638
2024-11-29,18.33,19.47,18.31,18.66,616230
2024-12-02,18.5,19.02,18.38,18.85,406189
2024-12-03,18.86,19.04,18.65,18.9,304328
2024-12-04,18.9,19.07,18.79,18.88,262837
2024-12-05,18.88,19.24,18.79,19.04,275543
2024-12-06,19.06,19.4,18.87,19.24,326354
2024-12-09,19.23,19.28,18.91,19.08,222484
2024-12-10,21.03,21.04,19.5,19.6,955447
2024-12-11,19.45,19.68,19.34,19.41,385198
2024-12-12,19.41,20.0,19.24,19.66,472616
2024-12-13,19.45,19.45,19.09,19.13,412990
2024-12-16,19.12,19.12,18.76,18.8,262568
2024-12-17,18.78,19.08,18.75,18.9,240680
2024-12-18,18.96,19.1,18.91,18.95,171783
2024-12-19,18.69,18.93,18.65,18.87,167663
2024-12-20,18.88,19.03,18.8,18.84,221526
2024-12-23,18.8,19.04,18.74,18.74,222061
2024-12-24,18.75,19.15,18.75,19.12,247989
2024-12-25,19.13,19.22,18.95,19.08,173522
2024-12-26,19.03,19.09,18.88,18.97,164920
2024-12-27,18.97,19.31,18.91,19.06,268932
2024-12-30,19.01,19.38,18.97,19.34,254869
2024-12-31,19.33,19.44,18.66,18.66,284271
2025-01-02,18.56,18.6,17.57,17.71,400281
2025-01-03,17.75,17.88,17.25,17.38,264134
2025-01-06,17.1,17.4,17.0,17.26,228270
2025-01-07,17.26,17.44,17.17,17.37,151758
2025-01-08,17.38,17.4,16.9,17.16,238126
2025-01-09,17.09,17.21,16.97,17.03,150499
2025-01-10,17.06,17.17,16.87,16.87,148100
2025-01-13,16.68,16.91,16.65,16.85,155050
2025-01-14,17.1,17.41,16.87,17.35,277033
2025-01-15,17.34,17.45,17.21,17.3,159671
2025-01-16,17.34,17.57,17.18,17.26,154351
2025-01-17,17.2,17.5,17.19,17.39,141437
2025-01-20,17.68,17.91,17.58,17.64,220265
2025-01-21,17.8,17.88,17.54,17.67,141984
2025-01-22,17.6,17.69,17.42,17.56,132895
2025-01-23,17.89,18.12,17.68,17.7,241315
2025-01-24,17.59,18.06,17.52,17.89,184677
2025-01-27,18.0,18.05,17.59,17.59,145993
2025-02-05,17.7,17.75,17.41,17.44,159231
2025-02-06,17.36,17.7,17.32,17.67,177678
2025-02-07,17.67,18.3,17.57,18.08,298595
2025-02-10,18.08,18.25,18.01,18.08,175550
2025-02-11,18.07,18.09,17.81,17.96,153036
2025-02-12,17.93,18.18,17.87,18.18,175339
2025-02-13,18.15,18.27,18.03,18.06,201405
2025-02-14,18.04,18.16,17.92,18.13,144364
2025-02-17,18.2,18.34,18.04,18.12,189955
2025-02-18,18.1,18.11,17.65,17.72,181150
2025-02-19,17.72,17.98,17.68,17.82,161142
2025-02-20,17.76,17.88,17.64,17.75,125282
2025-02-21,17.75,18.15,17.6,18.06,272794
2025-02-24,18.0,18.43,17.99,18.08,238680
2025-02-25,17.94,18.03,17.72,17.75,186967
2025-02-26,17.74,18.14,17.65,18.13,260793
2025-02-27,18.11,18.42,17.86,18.18,364568
2025-02-28,18.15,18.34,17.57,17.6,311762
2025-03-03,17.75,17.95,17.56,17.72,242269
2025-03-04,17.66,17.78,17.57,17.66,150000
2025-03-05,17.67,17.78,17.52,17.66,165803
2025-03-06,17.85,18.07,17.7,18.03,314655
2025-03-07,17.94,17.95,17.61,17.62,236085
2025-03-10,17.56,17.67,17.37,17.48,192054
2025-03-11,17.32,17.47,17.29,17.47,174976
2025-03-12,17.47,17.69,17.38,17.51,200532
2025-03-13,17.43,17.62,17.3,17.35,164720
2025-03-14,17.39,18.03,17.36,17.87,456485
2025-03-17,17.98,17.99,17.73,17.77,188117
2025-03-18,17.85,17.9,17.73,17.77,145882
2025-03-19,17.77,17.86,17.7,17.8,127061
2025-03-20,17.82,17.85,17.66,17.7,129439
2025-03-21,17.7,17.78,17.39,17.42,175843
2025-03-24,17.45,17.58,17.4,17.52,152222
2025-03-25,17.55,17.66,17.42,17.61,109223
2025-03-26,17.56,17.64,17.52,17.55,101966
2025-03-27,17.56,17.74,17.48,17.67,129494
2025-03-28,17.75,17.75,17.27,17.36,298002
2025-03-31,17.37,17.53,17.2,17.27,216491
2025-04-01,17.35,17.42,17.22,17.36,146594
2025-04-02,17.38,17.59,17.32,17.57,159998
2025-04-03,17.43,17.67,17.41,17.53,117155
2025-04-07,16.8,16.95,15.73,16.17,527816
2025-04-08,16.19,16.67,15.88,16.64,405304
2025-04-09,16.5,16.7,16.29,16.57,348804
2025-04-10,16.9,16.99,16.57,16.88,284094
2025-04-11,16.8,16.89,16.66,16.77,163361
2025-04-14,16.86,16.86,16.71,16.72,134255
2025-04-15,16.75,16.75,16.58,16.7,107684
2025-04-16,16.65,16.81,16.47,16.8,171943
2025-04-17,16.67,16.74,16.58,16.67,145270
2025-04-18,16.6,16.75,16.52,16.68,107216
2025-04-21,16.64,16.72,16.58,16.66,115943
2025-04-22,16.66,16.68,16.37,16.37,278749
2025-04-23,16.44,16.55,16.36,16.46,141018
2025-04-24,16.48,16.5,16.25,16.32,238596
2025-04-25,16.33,16.49,16.26,16.43,185086
2025-04-28,16.44,16.47,16.28,16.42,147733
2025-04-29,16.36,16.37,15.91,16.0,324672
2025-04-30,15.96,16.13,15.92,15.95,175236
2025-05-06,16.01,16.11,15.95,16.08,212142
2025-05-07,16.58,16.66,16.18,16.22,315778
2025-05-08,16.2,16.34,16.12,16.25,184930
2025-05-09,16.27,16.28,16.05,16.05,178249
2025-05-12,16.16,16.46,16.07,16.42,281877
2025-05-13,16.52,16.57,16.31,16.34,230138
2025-05-14,16.38,17.02,16.24,16.76,478560
2025-05-15,16.7,16.75,16.41,16.42,243522
2025-05-16,16.4,16.42,16.16,16.17,242253
2025-05-19,16.19,16.22,16.08,16.15,116448
2025-05-20,16.2,16.21,16.1,16.15,143792
2025-05-21,16.15,16.21,16.12,16.14,128349
2025-05-22,16.15,16.15,16.01,16.04,119950
2025-05-23,16.03,16.1,15.85,15.85,149818
2025-05-26,15.83,15.86,15.74,15.77,161516
2025-05-27,15.78,15.81,15.7,15.75,105920
2025-05-28,15.76,15.79,15.67,15.7,96112
2025-05-29,15.7,15.85,15.69,15.78,160653
2025-05-30,15.77,15.78,15.63,15.68,159434
2025-06-03,15.61,15.8,15.58,15.8,156441
2025-06-04,15.79,16.06,15.78,16.0,214339
2025-06-05,16.01,16.15,15.98,16.11,207179
2025-06-06,16.14,16.17,15.99,16.0,132598
2025-06-09,16.1,16.26,16.06,16.22,185120
2025-06-10,16.22,16.27,15.95,16.0,172927
2025-06-11,16.04,16.39,16.03,16.28,272721
2025-06-12,16.22,16.42,16.21,16.28,190231
2025-06-13,16.28,16.29,16.07,16.16,211873
2025-06-16,16.05,16.35,16.05,16.34,161065
2025-06-17,16.32,16.4,16.27,16.4,145038
2025-06-18,16.39,16.42,16.11,16.25,127200
2025-06-19,16.25,16.27,15.98,16.09,174949
2025-06-20,16.1,16.19,16.06,16.11,105267
2025-06-23,16.0,16.32,15.96,16.23,152581
2025-06-24,16.25,16.78,16.25,16.61,335947
2025-06-25,16.65,17.38,16.65,17.29,603304
2025-06-26,17.4,17.45,17.15,17.21,479119
2025-06-27,17.21,17.76,17.18,17.25,560536
2025-06-30,17.25,17.33,17.02,17.09,263684
2025-07-01,17.08,17.13,16.85,16.94,195040
2025-07-02,16.94,16.96,16.84,16.88,134812
2025-07-03,16.89,17.01,16.87,16.97,144178
2025-07-04,16.95,17.18,16.79,16.92,199052
2025-07-07,16.88,16.97,16.8,16.88,151092
2025-07-08,16.86,17.09,16.83,17.05,184590
2025-07-09,17.05,17.17,16.94,16.96,173593
2025-07-10,16.93,17.23,16.93,17.06,239771
2025-07-11,17.12,17.67,17.07,17.25,648892
2025-07-14,17.32,17.42,17.2,17.2,307499
2025-07-15,17.9,18.24,17.24,17.35,619404
2025-07-16,17.21,17.37,17.04,17.22,295921
2025-07-17,17.25,17.35,17.15,17.27,223626
2025-07-18,17.28,17.77,17.28,17.68,448705
2025-07-21,17.68,17.97,17.63,17.88,349388
2025-07-22,17.88,17.96,17.68,17.83,307327
2025-07-23,17.93,18.35,17.86,17.97,530321
2025-07-24,17.96,18.48,17.9,18.39,522232
2025-07-25,18.39,18.43,18.21,18.23,347466
2025-07-28,18.27,18.61,18.17,18.34,375794
2025-07-29,18.29,18.32,17.98,18.23,312536
2025-07-30,18.18,18.29,17.95,18.11,262757
2025-07-31,18.05,18.13,17.69,17.76,326626
2025-08-01,17.74,17.87,17.58,17.66,164518
2025-08-04,17.6,17.73,17.55,17.68,152717
2025-08-05,17.76,17.93,17.73,17.89,204492
2025-08-06,17.91,17.99,17.83,17.97,187649
2025-08-07,17.99,18.21,17.97,18.07,207159
2025-08-08,17.99,18.05,17.88,17.92,168431
2025-08-11,17.89,18.15,17.83,18.02,219651
2025-08-12,18.07,18.11,17.96,18.03,219333
2025-08-13,18.1,18.36,17.93,18.08,565807
2025-08-14,18.13,18.44,18.06,18.13,529034
2025-08-15,18.1,18.85,18.05,18.64,908976
2025-08-18,18.88,19.07,18.61,18.74,719170
2025-08-19,18.76,18.85,18.44,18.49,419608
2025-08-20,18.41,18.73,18.29,18.71,376828
2025-08-21,18.81,18.89,18.51,18.61,321531
2025-08-22,18.56,19.31,18.52,19.2,676172
2025-08-25,19.53,20.13,19.42,19.76,925547
2025-08-26,19.75,19.75,19.46,19.5,402234
2025-08-27,19.46,19.61,18.91,18.93,603741
2025-08-28,18.93,19.19,18.71,19.19,407580
2025-08-29,19.11,19.13,18.8,18.86,660495
2025-09-01,18.87,18.94,18.61,18.69,494475
2025-09-02,18.69,18.79,18.42,18.67,415012
2025-09-03,18.73,18.75,17.93,18.09,508934
2025-09-04,18.07,18.15,17.79,17.98,352581
2025-09-05,18.05,18.11,17.87,18.07,325234
2025-09-08,18.08,18.1,17.88,17.89,366293
2025-09-09,17.93,18.05,17.84,17.95,305498
2025-09-10,17.95,18.03,17.82,17.86,256724
2025-09-11,17.89,18.36,17.79,18.35,487473
2025-09-12,18.29,18.34,17.98,18.0,400804
2025-09-15,18.0,18.1,17.68,17.78,433823
2025-09-16,17.83,17.9,17.42,17.51,788395
2025-09-17,17.53,17.6,17.33,17.34,1068808
2025-09-18,17.44,17.58,16.95,17.05,1228049
2025-09-19,17.05,17.19,17.0,17.07,483067
2025-09-22,17.1,17.17,16.98,17.17,369469
2025-09-23,17.1,17.12,16.79,16.98,439408
2025-09-24,16.91,17.15,16.85,17.05,411727
2025-09-25,17.06,17.11,16.98,17.02,337406
2025-09-26,16.95,17.1,16.95,16.99,293200
2025-09-29,17.0,17.95,16.94,17.27,2183632
2025-09-30,17.27,17.75,17.05,17.11,2359703
2025-10-09,17.08,17.16,16.86,17.08,1193326
2025-10-10,17.01,17.64,17.0,17.26,1590899
2025-10-13,16.9,17.12,16.88,17.08,962805
2025-10-14,17.08,17.46,17.07,17.2,1058930
2025-10-15,17.2,17.4,17.05,17.34,816461
2025-10-16,17.28,17.45,17.21,17.33,669161
2025-10-17,17.28,17.45,16.98,16.99,751103
2025-10-20,17.13,17.15,16.94,17.0,513591
2025-10-21,17.01,17.28,17.0,17.03,950286
2025-10-22,16.98,16.99,16.82,16.87,519673
2025-10-23,16.88,16.98,16.71,16.95,429908
2025-10-24,16.95,17.09,16.94,17.07,536735
2025-10-27,17.2,17.52,17.13,17.41,1279762
2025-10-28,17.39,17.44,17.26,17.35,590876
2025-10-29,17.34,17.74,17.3,17.66,931555
2025-10-30,17.63,17.69,17.43,17.43,665991
2025-10-31,17.51,17.58,17.3,17.33,611654
2025-11-03,17.33,17.4,17.19,17.39,428548
2025-11-04,17.39,17.41,17.25,17.32,373933
2025-11-05,17.22,17.31,17.17,17.25,312666
2025-11-06,17.28,17.51,17.26,17.34,592519
2025-11-07,17.33,17.34,17.25,17.25,357521
2025-11-10,17.27,17.48,17.24,17.4,606307
2025-11-11,17.41,17.45,17.24,17.27,423215
2025-11-12,17.3,17.3,17.06,17.14,437838
2025-11-13,17.15,17.23,17.08,17.19,501675
2025-11-14,17.12,17.17,16.97,16.97,425958
2025-11-17,16.97,17.0,16.78,16.8,467176
2025-11-18,16.8,16.91,16.72,16.73,412712
2025-11-19,16.73,16.81,16.68,16.76,276431
2025-11-20,16.97,17.04,16.72,16.73,482701
2025-11-21,16.63,16.68,16.22,16.23,579291
2025-11-24,16.3,16.38,16.2,16.36,269785
2025-11-25,16.35,16.48,16.34,16.39,305993
2025-11-26,16.37,16.42,16.31,16.31,202808
2025-11-27,16.32,16.39,16.25,16.28,222073
2025-11-28,16.25,16.31,16.22,16.29,230138
2025-12-01,16.25,16.4,16.24,16.4,279931
2025-12-02,16.39,16.4,16.27,16.29,185145
2025-12-03,16.33,16.37,16.2,16.22,231483
2025-12-04,16.22,16.3,16.18,16.27,166976
2025-12-05,16.27,16.64,16.22,16.52,476010
2025-12-08,16.79,17.07,16.76,16.82,860933
2025-12-09,16.78,16.81,16.58,16.63,362397
2025-12-10,16.58,16.69,16.46,16.68,293810
2025-12-11,16.66,16.66,16.34,16.35,345108
2025-12-12,16.35,16.55,16.29,16.49,358600
2025-12-15,16.39,16.87,16.36,16.66,418720
2025-12-16,16.61,16.75,16.58,16.63,299354
2025-12-17,16.6,17.0,16.6,16.9,488091
2025-12-18,16.82,16.88,16.67,16.8,340591
2025-12-19,16.8,16.95,16.74,16.82,270913
2025-12-22,16.82,16.82,16.72,16.75,256036
2025-12-23,16.78,16.82,16.68,16.69,200669
2025-12-24,16.73,16.79,16.65,16.69,284635
2025-12-25,16.71,16.84,16.68,16.76,314000
2025-12-26,16.75,16.95,16.73,16.74,579961
2025-12-29,16.73,16.83,16.65,16.74,308620
2025-12-30,16.69,16.79,16.65,16.7,259667
2025-12-31,16.72,16.86,16.64,16.64,342424
