date,open,high,low,close,volume
2015-01-05,0.84,2.84,0.84,2.84,1348528
2015-01-06,3.68,4.76,3.11,3.38,2599635
2015-01-07,2.74,3.61,2.54,3.38,1250971
2015-01-08,3.22,4.02,2.62,2.89,1221922
2015-01-09,2.52,3.21,1.96,2.08,1299459
2015-01-12,1.88,1.94,1.24,1.35,826265
2015-01-13,1.25,1.61,1.05,1.22,543467
2015-01-14,1.25,1.54,0.9,1.06,500038
2015-01-15,1.23,2.02,1.02,2.01,713420
2015-01-16,2.11,2.82,2.04,2.2,794989
2015-01-19,1.02,1.11,0.03,0.03,1097546
2015-01-20,-0.23,0.27,-0.32,0.09,909973
2015-01-21,0.07,0.99,-0.17,0.92,1004807
2015-01-22,1.02,1.47,0.68,0.96,876698
2015-01-23,1.21,1.32,0.58,0.68,743109
2015-01-26,0.6,0.8,0.34,0.79,519043
2015-01-27,0.73,0.89,0.02,0.31,635543
2015-01-28,0.14,0.34,-0.11,-0.01,434437
2015-01-29,-0.32,0.12,-0.4,-0.12,436135
2015-01-30,0.01,0.12,-0.46,-0.43,417078
2015-02-02,-0.78,-0.53,-0.97,-0.95,411143
2015-02-03,-0.58,-0.33,-0.92,-0.35,413338
2015-02-04,-0.21,0.05,-0.53,-0.51,461327
2015-02-05,-0.09,-0.02,-0.93,-0.92,466374
2015-02-06,-1.18,-1.17,-1.78,-1.56,597514
2015-02-09,-1.58,-1.34,-1.76,-1.65,431293
2015-02-10,-1.63,-1.18,-1.63,-1.27,361928
2015-02-11,-1.3,-1.03,-1.35,-1.2,260514
2015-02-12,-1.25,-1.14,-1.55,-1.19,237522
2015-02-13,-1.09,-0.84,-1.19,-1.05,451933
2015-02-16,-1.0,-1.0,-1.23,-1.08,355516
2015-02-17,-1.06,-1.01,-1.18,-1.09,398647
2015-02-25,-1.11,-1.1,-1.69,-1.54,577818
2015-02-26,-1.59,-0.85,-1.74,-0.92,698383
2015-02-27,-1.0,-0.68,-1.08,-0.88,536927
2015-03-02,-0.79,-0.48,-1.01,-0.58,594506
2015-03-03,-0.72,-0.72,-1.38,-1.31,712345
2015-03-04,-1.23,-1.06,-1.38,-1.17,397170
2015-03-05,-1.37,-1.28,-1.7,-1.57,515081
2015-03-06,-1.59,-1.23,-1.7,-1.41,484863
2015-03-09,-1.58,-1.2,-1.98,-1.23,615191
2015-03-10,-1.35,-1.18,-1.47,-1.44,512099
2015-03-11,-1.48,-1.3,-1.79,-1.64,624778
2015-03-12,-1.56,-1.1,-1.7,-1.12,791137
2015-03-13,-1.1,-0.37,-1.12,-0.78,1026390
2015-03-16,-0.78,-0.55,-0.95,-0.59,775779
2015-03-17,-0.54,-0.33,-0.65,-0.44,1086528
2015-03-18,-0.38,0.18,-0.38,0.17,1160351
2015-03-19,0.2,0.6,0.03,0.27,1097271
2015-03-20,0.2,0.39,-0.02,0.18,814319
2015-03-23,0.38,0.64,0.23,0.51,920229
2015-03-24,0.56,0.69,-0.2,0.18,1094235
2015-03-25,0.15,0.15,-0.33,-0.25,1020472
2015-03-26,-0.25,0.29,-0.39,0.14,966932
2015-03-27,0.2,0.5,0.12,0.25,874494
2015-03-30,0.29,1.02,0.21,0.96,1331863
2015-03-31,1.3,1.4,0.55,0.61,1283754
2015-04-01,0.59,0.97,0.47,0.84,892507
2015-04-02,0.89,1.22,0.69,1.15,1321682
2015-04-03,0.97,1.22,0.84,1.04,990577
2015-04-07,1.16,1.7,1.06,1.65,1479763
2015-04-08,1.66,1.68,1.02,1.45,1115396
2015-04-09,1.36,1.47,0.72,1.1,1042934
2015-04-10,1.05,1.52,0.99,1.51,1066449
2015-04-13,1.65,2.07,1.5,1.83,1196303
2015-04-14,1.84,1.88,1.4,1.6,992516
2015-04-15,1.65,1.74,0.97,1.13,1008858
2015-04-16,1.04,2.02,1.02,2.01,1255047
2015-04-17,2.48,3.27,2.12,2.76,2207182
2015-04-20,2.47,4.4,2.19,2.9,2613712
2015-04-21,2.67,3.5,2.56,3.32,1589222
2015-04-22,3.39,4.19,3.2,3.91,1758915
2015-04-23,3.98,4.72,3.52,4.14,1999226
2015-04-24,3.82,4.14,3.05,3.33,1391159
2015-04-27,3.33,5.29,3.33,4.96,2676588
2015-04-28,4.52,6.1,4.01,4.41,2846921
2015-04-29,3.92,4.3,3.52,4.08,1255381
2015-04-30,4.17,4.47,3.21,3.23,1263423
2015-05-04,3.3,3.88,2.93,3.52,1058053
2015-05-05,3.33,3.74,2.05,2.17,1195038
2015-05-06,2.31,2.37,1.14,1.34,1192011
2015-05-07,1.36,1.36,0.84,0.9,833308
2015-05-08,1.14,1.33,0.83,1.28,771609
2015-05-11,1.47,1.84,1.26,1.83,1061525
2015-05-12,1.82,1.83,1.53,1.74,869329
2015-05-13,1.72,1.73,1.32,1.37,851140
2015-05-14,1.31,1.66,1.26,1.65,796576
2015-05-15,1.6,1.6,0.87,0.89,830371
2015-05-18,0.52,0.62,0.27,0.33,923348
2015-05-19,0.34,0.97,0.34,0.95,883005
2015-05-20,0.85,1.36,0.79,0.96,966333
2015-05-21,0.96,1.17,0.65,1.15,1015017
2015-05-22,1.25,1.92,1.25,1.88,1366303
2015-05-25,1.88,2.52,1.73,2.51,1321836
2015-05-26,2.52,2.74,2.08,2.72,1488111
2015-05-27,2.68,3.25,2.34,3.13,1879879
2015-05-28,2.91,3.1,1.07,1.25,1774545
2015-05-29,1.34,1.57,0.67,1.08,1105937
2015-06-01,1.32,3.14,1.1,3.14,1802227
2015-06-02,3.32,3.65,2.74,3.26,1982502
2015-06-03,3.27,3.3,2.37,2.7,1266646
2015-06-04,2.75,3.65,1.23,3.6,1965806
2015-06-05,3.82,4.36,3.24,3.61,2280587
2015-06-08,3.52,4.67,3.36,4.42,2241534
2015-06-09,4.49,6.81,4.14,6.81,4194348
2015-06-10,5.42,7.01,5.12,5.8,3496707
2015-06-11,5.4,5.68,4.76,5.1,1834350
2015-06-12,5.11,6.52,5.1,5.86,1886648
2015-06-15,5.86,5.87,4.59,4.63,1577103
2015-06-16,4.26,5.36,4.02,4.21,1454065
2015-06-17,4.26,5.41,3.9,4.99,1521801
2015-06-18,4.76,4.83,3.47,3.54,1259946
2015-06-19,3.54,3.88,1.98,2.08,1132996
2015-06-23,2.08,3.05,1.16,2.95,1127375
2015-06-24,2.96,4.56,2.77,4.13,1724612
2015-06-25,3.92,4.18,2.46,2.79,1377052
2015-06-26,2.18,2.76,0.64,1.05,1516887
2015-06-29,1.71,2.02,-0.73,1.06,1572544
2015-06-30,1.04,2.2,0.07,2.11,1329535
2015-07-01,1.66,2.21,0.87,1.03,1044482
2015-07-02,1.07,1.26,-0.66,-0.1,1196242
2015-07-03,-0.32,0.12,-1.84,-1.64,1278271
2015-07-06,0.0,0.0,-0.92,-0.42,2418035
2015-07-07,-0.81,1.39,-1.53,1.33,2525858
2015-07-08,-0.04,1.32,-0.68,0.1,2627077
2015-07-09,-0.74,1.98,-1.24,1.98,1552962
2015-07-10,1.56,3.93,1.36,3.19,1979662
2015-07-13,2.76,3.7,2.26,2.84,1655711
2015-07-14,2.42,2.42,1.12,1.34,1224267
2015-07-15,1.11,1.72,0.36,1.24,789520
2015-07-16,1.24,1.84,1.24,1.38,649996
2015-07-17,1.51,2.09,1.38,1.8,730476
2015-07-20,1.66,1.72,1.11,1.21,717736
2015-07-21,0.79,1.58,0.74,1.06,581071
2015-07-22,1.04,1.17,0.3,0.88,733022
2015-07-23,0.76,1.25,0.57,1.09,693652
2015-07-24,1.05,2.06,0.92,1.04,1017518
2015-07-27,0.44,0.71,-0.94,-0.94,978482
2015-07-28,-1.34,-1.24,-2.36,-1.65,818082
2015-07-29,-1.39,-1.04,-1.63,-1.1,528078
2015-07-30,-1.21,-1.09,-1.84,-1.74,557783
2015-07-31,-1.84,-1.58,-2.06,-1.73,354359
2015-08-03,-1.76,-1.26,-2.06,-1.31,575521
2015-08-04,-1.32,-0.81,-1.33,-0.88,415481
2015-08-05,-0.94,-0.44,-1.22,-1.17,467924
2015-08-06,-1.44,-0.96,-1.54,-1.25,278994
2015-08-07,-1.17,-0.89,-1.3,-1.02,316290
2015-08-10,-0.52,0.64,-0.61,0.49,1024357
2015-08-11,0.76,1.32,0.33,1.03,1371899
2015-08-12,0.76,2.96,0.56,2.06,2105291
2015-08-13,1.74,2.02,1.16,1.83,943909
2015-08-14,1.96,2.26,1.26,1.58,720526
2015-08-17,1.41,1.41,0.51,1.08,722806
2015-08-18,1.06,1.26,-0.9,-0.9,981225
2015-08-19,-1.18,-0.66,-1.99,-0.85,801446
2015-08-20,-1.11,-0.89,-1.76,-1.58,639380
2015-08-21,-1.79,-1.29,-1.94,-1.72,514749
2015-08-24,-2.34,-2.16,-3.42,-3.42,694245
2015-08-25,-4.93,-4.15,-4.95,-4.95,690191
2015-08-26,-4.95,-4.31,-5.78,-4.84,863169
2015-08-27,-4.46,-4.24,-5.04,-4.26,605709
2015-08-28,-3.95,-3.41,-4.05,-3.43,698793
2015-08-31,-3.51,-3.17,-4.36,-3.22,567374
2015-09-01,-3.74,-2.75,-4.14,-2.76,876115
2015-09-02,-3.54,-2.15,-3.69,-2.16,1219657
2015-09-07,-2.58,-2.16,-3.54,-3.45,528636
2015-09-08,-3.54,-3.36,-4.34,-3.44,396980
2015-09-09,-3.39,-2.99,-3.45,-3.17,342228
2015-09-10,-3.42,-2.81,-3.52,-3.11,285202
2015-09-11,-3.25,-3.09,-3.53,-3.37,177069
2015-09-14,-3.22,-2.87,-3.86,-2.92,685272
2015-09-15,-3.44,-3.09,-4.09,-3.49,382555
2015-09-16,-3.62,-2.25,-3.94,-2.83,363449
2015-09-17,-3.09,-2.76,-3.49,-3.46,301457
2015-09-18,-3.42,-3.27,-3.57,-3.52,148723
2015-09-21,-3.63,-3.3,-3.69,-3.4,142921
2015-09-22,-3.3,-2.99,-3.44,-3.21,219759
2015-09-23,-3.42,-3.34,-3.92,-3.82,208660
2015-09-24,-3.72,-3.61,-3.84,-3.73,116658
2015-09-25,-3.74,-3.68,-4.04,-3.83,155748
2015-09-28,-3.88,-3.81,-3.99,-3.9,93106
2015-09-29,-4.1,-3.99,-4.35,-4.34,157560
2015-09-30,-4.19,-4.05,-4.28,-4.27,89040
2015-10-08,-3.44,-3.33,-3.72,-3.68,215053
2015-10-09,-3.57,-3.5,-3.78,-3.57,207426
2015-10-12,-3.48,-2.94,-3.59,-3.03,363238
2015-10-13,-3.19,-3.14,-3.29,-3.21,196526
2015-10-14,-3.28,-3.03,-3.32,-3.3,228342
2015-10-15,-3.32,-3.09,-3.37,-3.1,242616
2015-10-16,-3.06,-2.95,-3.2,-2.97,318069
2015-10-19,-3.02,-2.97,-3.22,-3.14,263707
2015-10-20,-3.14,-3.11,-3.4,-3.13,293408
2015-10-21,-3.15,-2.94,-3.75,-3.29,518316
2015-10-22,-3.49,-3.35,-3.7,-3.38,270125
2015-10-23,-3.35,-3.26,-3.51,-3.34,262962
2015-10-26,-3.08,-2.88,-3.16,-3.07,413983
2015-10-27,-3.13,-3.13,-3.66,-3.33,277298
2015-10-28,-3.39,-3.33,-3.59,-3.55,206440
2015-10-29,-3.54,-3.41,-3.55,-3.52,145446
2015-10-30,-3.51,-3.4,-3.74,-3.65,171051
2015-11-02,-3.8,-3.7,-3.99,-3.97,176588
2015-11-03,-3.95,-3.82,-4.02,-3.96,115044
2015-11-04,-3.89,-3.4,-3.9,-3.41,278171
2015-11-05,-3.41,-2.49,-3.47,-2.88,705857
2015-11-06,-2.94,-2.71,-3.09,-2.77,450489
2015-11-09,-2.89,-2.31,-2.89,-2.56,491373
2015-11-10,-2.78,-2.4,-2.78,-2.47,432700
2015-11-11,-2.48,-2.25,-2.72,-2.54,314364
2015-11-12,-2.5,-2.48,-2.88,-2.79,265061
2015-11-13,-2.93,-2.85,-3.23,-3.17,251104
2015-11-16,-3.34,-3.05,-3.43,-3.06,167582
2015-11-17,-3.03,-2.69,-3.18,-3.06,356579
2015-11-18,-3.08,-2.85,-3.19,-3.14,199358
2015-11-19,-3.12,-3.02,-3.23,-3.04,183583
2015-11-20,-3.04,-3.0,-3.17,-3.09,240116
2015-11-23,-3.08,-3.05,-3.33,-3.27,217827
2015-11-24,-3.3,-3.28,-3.52,-3.39,198320
2015-11-25,-3.42,-3.27,-3.43,-3.31,157668
2015-11-26,-3.28,-3.01,-3.28,-3.16,271500
2015-11-27,-3.17,-3.11,-4.05,-4.0,288880
2015-11-30,-3.93,-3.81,-4.31,-4.04,215256
2015-12-01,-3.94,-3.91,-4.17,-3.99,218707
2015-12-02,-4.0,-3.52,-4.05,-3.53,321345
2015-12-03,-3.59,-3.36,-3.66,-3.47,234282
2015-12-04,-3.54,-3.35,-3.68,-3.65,228790
2015-12-07,-3.7,-3.59,-3.84,-3.76,197530
2015-12-08,-3.89,-3.84,-4.13,-4.1,179217
2015-12-09,-4.12,-3.96,-4.13,-4.03,125820
2015-12-10,-4.04,-3.77,-4.09,-4.09,186711
2015-12-11,-4.1,-4.01,-4.29,-4.1,151141
2015-12-14,-4.22,-3.73,-4.27,-3.78,202952
2015-12-15,-3.83,-3.7,-4.02,-3.97,166983
2015-12-16,-3.86,-3.73,-3.93,-3.84,143711
2015-12-17,-3.79,-3.61,-3.83,-3.64,226978
2015-12-18,-3.67,-3.61,-3.8,-3.74,149466
2015-12-21,-3.75,-3.35,-3.82,-3.4,324813
2015-12-22,-3.38,-3.31,-3.49,-3.39,201791
2015-12-23,-3.43,-3.2,-3.49,-3.48,259265
2015-12-24,-3.51,-3.45,-3.78,-3.68,183190
2015-12-25,-3.67,-3.59,-3.74,-3.63,109065
2015-12-28,-3.59,-3.41,-3.93,-3.91,242794
2015-12-29,-3.91,-3.7,-3.93,-3.72,144245
2015-12-30,-3.7,-3.66,-3.8,-3.68,94896
2015-12-31,-3.74,-3.62,-3.79,-3.77,96121
2016-01-04,-3.78,-3.77,-4.64,-4.59,168603
2016-01-05,-4.74,-4.18,-4.94,-4.41,261572
2016-01-06,-4.38,-2.98,-4.5,-2.99,955479
2016-01-07,-3.44,-3.37,-4.56,-4.5,214342
2016-01-08,-4.08,-3.08,-4.47,-3.12,1135803
2016-01-11,-3.59,-3.39,-4.51,-4.35,711881
2016-01-12,-4.34,-4.21,-4.85,-4.57,276959
2016-01-13,-4.48,-4.05,-4.71,-4.68,264234
2016-01-14,-4.94,-4.31,-5.24,-4.51,316797
2016-01-15,-4.7,-4.62,-5.22,-5.05,267357
2016-01-18,-5.32,-5.01,-5.44,-5.32,209798
2016-01-19,-5.23,-4.9,-5.29,-5.0,205321
2016-01-20,-5.11,-5.03,-5.34,-5.26,203764
2016-01-21,-5.4,-4.94,-5.46,-5.45,227155
2016-01-22,-5.16,-4.88,-5.22,-5.0,269216
2016-01-25,-4.74,-4.4,-4.94,-4.8,277103
2016-01-26,-4.97,-4.87,-5.71,-5.69,224233
2016-01-27,-5.51,-5.41,-5.92,-5.5,266573
2016-01-28,-5.54,-5.13,-5.64,-5.54,231802
2016-01-29,-5.45,-5.2,-5.48,-5.34,216726
2016-02-01,-5.38,-5.29,-5.84,-5.69,148474
2016-02-02,-5.67,-5.47,-5.74,-5.55,118196
2016-02-03,-5.62,-5.61,-5.91,-5.75,131175
2016-02-04,-5.62,-5.5,-5.7,-5.61,121644
2016-02-05,-5.59,-5.52,-5.65,-5.64,111132
2016-02-15,-5.96,-5.57,-6.02,-5.68,94497
2016-02-16,-5.56,-5.29,-5.63,-5.38,144138
2016-02-17,-5.39,-5.13,-5.45,-5.28,149664
2016-02-18,-5.2,-4.95,-5.28,-5.27,186722
2016-02-19,-5.29,-5.27,-5.43,-5.35,95579
2016-02-22,-5.21,-4.66,-5.27,-4.98,298887
2016-02-23,-4.96,-4.86,-5.16,-4.88,207602
2016-02-24,-4.95,-4.74,-5.11,-4.89,172009
2016-02-25,-4.94,-4.9,-5.78,-5.74,234817
2016-02-26,-5.56,-5.32,-5.77,-5.45,196882
2016-02-29,-5.33,-4.75,-5.71,-5.11,380223
2016-03-01,-5.19,-4.79,-5.41,-4.93,279251
2016-03-02,-4.96,-4.35,-5.04,-4.42,484063
2016-03-03,-4.54,-4.28,-4.76,-4.58,395838
2016-03-04,-4.56,-4.21,-4.72,-4.28,586567
2016-03-07,-4.06,-4.05,-4.46,-4.23,346607
2016-03-08,-4.04,-3.97,-4.7,-4.28,332318
2016-03-09,-4.7,-4.49,-4.98,-4.52,263559
2016-03-10,-4.59,-4.59,-5.1,-5.09,202967
2016-03-11,-5.12,-4.86,-5.14,-4.87,112383
2016-03-14,-4.76,-4.54,-4.89,-4.68,162290
2016-03-15,-4.74,-4.66,-4.87,-4.74,112681
2016-03-16,-4.75,-4.47,-4.82,-4.49,325997
2016-03-17,-4.39,-4.32,-4.54,-4.45,151313
2016-03-18,-4.31,-4.3,-4.55,-4.4,253657
2016-03-21,-4.36,-4.23,-4.42,-4.32,297550
2016-03-22,-4.39,-4.34,-4.51,-4.47,146961
2016-03-23,-4.51,-4.37,-4.58,-4.48,113215
2016-03-24,-4.58,-4.56,-4.82,-4.81,135300
2016-03-25,-4.8,-4.69,-4.8,-4.74,63328
2016-03-28,-4.73,-4.63,-4.84,-4.83,86729
2016-03-29,-4.8,-4.78,-4.96,-4.91,107096
2016-03-30,-4.82,-4.56,-4.88,-4.58,138059
2016-03-31,-4.54,-4.52,-4.71,-4.68,117662
2016-04-01,-4.65,-4.53,-4.82,-4.54,156726
2016-04-05,-4.63,-4.43,-4.66,-4.49,162190
2016-04-06,-4.58,-4.42,-4.62,-4.56,143417
2016-04-07,-4.51,-4.46,-4.73,-4.64,153297
2016-04-08,-4.73,-4.46,-4.74,-4.61,181930
2016-04-11,-4.54,-3.98,-4.54,-4.31,369603
2016-04-12,-4.29,-3.74,-4.33,-3.77,446655
2016-04-13,-3.56,-2.82,-3.56,-3.29,798075
2016-04-14,-3.28,-3.09,-3.49,-3.37,226457
2016-04-15,-3.33,-3.13,-3.61,-3.49,189693
2016-04-18,-3.69,-3.47,-4.01,-3.51,249492
2016-04-19,-3.51,-3.39,-3.79,-3.67,156014
2016-04-20,-3.54,-3.46,-4.35,-3.89,276503
2016-04-21,-3.91,-3.65,-4.11,-3.9,176759
2016-04-22,-4.23,-3.97,-4.23,-4.03,160176
2016-04-25,-4.18,-3.91,-4.21,-3.97,101415
2016-04-26,-3.91,-3.88,-4.19,-4.05,110011
2016-04-27,-4.03,-4.02,-4.42,-4.33,180266
2016-04-28,-4.25,-4.17,-4.43,-4.22,135265
2016-04-29,-4.26,-3.9,-4.29,-3.96,241687
2016-05-03,-3.92,-3.85,-4.23,-4.05,240351
2016-05-04,-4.12,-4.09,-4.34,-4.22,190582
2016-05-05,-4.23,-4.17,-4.34,-4.25,132249
2016-05-06,-4.28,-4.27,-4.69,-4.63,197200
2016-05-09,-4.64,-4.44,-5.2,-5.15,264993
2016-05-10,-5.23,-5.11,-5.24,-5.17,99150
2016-05-11,-5.05,-4.96,-5.14,-5.04,127212
2016-05-12,-5.12,-4.83,-5.21,-4.93,136899
2016-05-13,-4.98,-4.86,-5.04,-4.93,78465
2016-05-16,-4.98,-4.89,-5.07,-4.9,44156
2016-05-17,-4.88,-4.77,-5.18,-5.03,184371
2016-05-18,-5.13,-5.1,-5.37,-5.15,127954
2016-05-19,-5.18,-5.1,-5.25,-5.23,60809
2016-05-20,-5.26,-5.13,-5.34,-5.17,52670
2016-05-23,-5.16,-5.06,-5.17,-5.12,55737
2016-05-24,-5.04,-5.04,-5.37,-5.11,117636
2016-05-25,-5.15,-5.05,-5.19,-5.12,101311
2016-05-26,-5.04,-5.02,-5.22,-5.07,79005
2016-05-27,-5.09,-5.05,-5.21,-5.13,71458
2016-05-30,-5.14,-5.08,-5.21,-5.14,61829
2016-05-31,-5.14,-4.77,-5.14,-4.79,187828
2016-06-01,-4.81,-4.74,-4.89,-4.86,117517
2016-06-02,-4.84,-4.74,-4.93,-4.88,92684
2016-06-03,-4.87,-4.82,-4.94,-4.84,86368
2016-06-06,-4.85,-4.83,-4.97,-4.94,91609
2016-06-07,-4.88,-4.88,-4.95,-4.9,85038
2016-06-08,-4.92,-4.85,-4.97,-4.88,67742
2016-06-13,-4.99,-4.99,-5.34,-5.32,114971
2016-06-14,-5.32,-5.25,-5.39,-5.32,58043
2016-06-15,-5.39,-5.16,-5.44,-5.22,83955
2016-06-16,-5.28,-5.21,-5.37,-5.35,88418
2016-06-17,-5.29,-5.03,-5.34,-5.18,121272
2016-06-20,-5.19,-5.15,-5.31,-5.23,57981
2016-06-21,-5.19,-5.09,-5.34,-5.28,92352
2016-06-22,-5.28,-4.97,-5.31,-4.97,158537
2016-06-23,-4.96,-4.75,-5.02,-4.81,208049
2016-06-24,-4.9,-4.81,-5.34,-5.04,125993
2016-06-27,-5.09,-4.58,-5.13,-4.63,229423
2016-06-28,-4.73,-4.6,-4.82,-4.64,110899
2016-06-29,-4.62,-4.47,-4.73,-4.62,143532
2016-06-30,-4.6,-4.54,-4.7,-4.67,69999
2016-07-01,-4.69,-4.39,-4.69,-4.54,141251
2016-07-04,-4.42,-4.03,-4.57,-4.13,214266
2016-07-05,-4.22,-3.96,-4.23,-4.18,167396
2016-07-06,-4.24,-4.04,-4.35,-4.13,114232
2016-07-07,-4.1,-3.96,-4.17,-4.09,144126
2016-07-08,-4.11,-4.11,-4.33,-4.22,93762
2016-07-11,-4.22,-3.8,-4.26,-4.03,187659
2016-07-12,-4.03,-2.97,-4.03,-3.33,455776
2016-07-13,-3.42,-3.3,-3.62,-3.47,184006
2016-07-14,-3.49,-3.47,-3.82,-3.65,162596
2016-07-15,-3.43,-2.75,-3.43,-3.15,474391
2016-07-18,-3.26,-3.21,-3.65,-3.42,177862
2016-07-19,-3.52,-3.38,-3.61,-3.44,108655
2016-07-20,-3.47,-3.05,-3.52,-3.46,156198
2016-07-21,-3.4,-3.4,-3.64,-3.57,170886
2016-07-22,-3.19,-3.19,-3.66,-3.53,179570
2016-07-25,-3.56,-3.56,-3.81,-3.73,148212
2016-07-26,-3.74,-3.54,-3.76,-3.56,108885
2016-07-27,-3.53,-3.31,-4.02,-3.75,316809
2016-07-28,-3.82,-3.68,-3.9,-3.72,106449
2016-07-29,-3.74,-3.56,-3.81,-3.76,100222
2016-08-01,-3.72,-3.45,-3.8,-3.47,268355
2016-08-02,-3.51,-3.35,-3.65,-3.36,157309
2016-08-03,-3.41,-3.27,-3.49,-3.46,98351
2016-08-04,-3.47,-3.37,-3.58,-3.48,63153
2016-08-05,-3.44,-3.39,-3.56,-3.54,62135
2016-08-08,-3.49,-2.95,-3.5,-3.11,309061
2016-08-09,-3.17,-3.1,-3.33,-3.15,171264
2016-08-10,-3.12,-2.91,-3.24,-3.22,228128
2016-08-11,-3.29,-3.22,-3.47,-3.42,233321
2016-08-12,-3.4,-3.23,-3.5,-3.26,127051
2016-08-15,-3.22,-2.85,-3.27,-2.99,289529
2016-08-16,-2.87,-2.54,-3.14,-3.12,469164
2016-08-17,-3.04,-2.98,-3.22,-3.06,174066
2016-08-18,-3.12,-2.91,-3.34,-3.27,296127
2016-08-19,-3.28,-3.23,-3.48,-3.35,231582
2016-08-22,-3.37,-3.3,-3.45,-3.44,101726
2016-08-23,-3.5,-3.35,-3.52,-3.44,123706
2016-08-24,-3.42,-3.41,-3.56,-3.53,115591
2016-08-25,-3.61,-3.4,-3.62,-3.47,150858
2016-08-26,-3.46,-3.46,-3.55,-3.51,97342
2016-08-29,-3.55,-3.48,-3.62,-3.49,99811
2016-08-30,-3.48,-3.4,-3.52,-3.46,73263
2016-08-31,-3.47,-3.41,-3.52,-3.42,68068
2016-09-01,-3.42,-3.37,-3.51,-3.5,83322
2016-09-02,-3.52,-3.35,-3.55,-3.38,108884
2016-09-05,-3.32,-3.12,-3.37,-3.26,146482
2016-09-06,-3.23,-3.17,-3.35,-3.3,147532
2016-09-07,-3.29,-3.26,-3.44,-3.43,139190
2016-09-08,-3.43,-3.29,-3.49,-3.3,96622
2016-09-09,-3.33,-3.08,-3.33,-3.28,155335
2016-09-12,-3.5,-3.27,-3.6,-3.3,196826
2016-09-13,-3.34,-3.31,-3.5,-3.36,70793
2016-09-14,-3.46,-3.39,-3.57,-3.52,72761
2016-09-19,-3.51,-3.43,-3.54,-3.47,54568
2016-09-20,-3.47,-3.39,-3.53,-3.43,61185
2016-09-21,-3.42,-3.37,-3.48,-3.43,45519
2016-09-22,-3.35,-3.14,-3.39,-3.19,194846
2016-09-23,-3.19,-3.09,-3.25,-3.18,92487
2016-09-26,-3.22,-3.11,-3.43,-3.43,147589
2016-09-27,-3.43,-3.39,-3.51,-3.42,66677
2016-09-28,-3.39,-3.34,-3.51,-3.49,48878
2016-09-29,-3.37,-3.13,-3.37,-3.24,148877
2016-09-30,-3.26,-3.18,-3.31,-3.22,83369
2016-10-10,-2.92,-2.87,-3.12,-3.01,173337
2016-10-11,-2.94,-2.74,-2.98,-2.88,167777
2016-10-12,-2.94,-2.86,-3.03,-2.9,106292
2016-10-13,-2.87,-2.74,-2.95,-2.9,132610
2016-10-14,-2.93,-2.87,-3.09,-2.89,85826
2016-10-17,-2.89,-2.75,-2.95,-2.92,173587
2016-10-18,-2.93,-2.54,-2.97,-2.61,224907
2016-10-19,-2.5,-2.24,-2.61,-2.5,292129
2016-10-20,-2.42,-2.34,-2.54,-2.48,124517
2016-10-21,-2.43,-2.1,-2.43,-2.3,247797
2016-10-24,-2.16,-0.89,-2.21,-1.12,753469
2016-10-25,-1.22,-0.75,-1.5,-1.05,554715
2016-10-26,-1.22,-1.22,-1.55,-1.44,315257
2016-10-27,-1.49,-1.24,-1.86,-1.65,286643
2016-10-28,-1.74,-1.49,-1.79,-1.57,196588
2016-10-31,-1.5,-1.4,-1.68,-1.53,136478
2016-11-01,-1.53,-1.14,-1.6,-1.32,257094
2016-11-02,-1.3,-1.13,-1.57,-1.56,214246
2016-11-03,-1.59,-1.3,-1.82,-1.39,188982
2016-11-04,-1.34,-0.77,-1.39,-1.07,394346
2016-11-07,-0.92,0.14,-0.92,-0.23,518738
2016-11-08,-0.17,-0.14,-0.87,-0.77,424318
2016-11-09,-0.67,-0.39,-1.29,-0.72,482332
2016-11-10,-0.53,-0.42,-0.96,-0.73,315196
2016-11-11,-0.77,-0.22,-0.97,-0.67,442139
2016-11-14,-0.84,-0.25,-0.92,-0.72,542496
2016-11-15,-0.72,-0.55,-1.31,-1.17,359506
2016-11-16,-1.15,-1.14,-1.38,-1.21,294149
2016-11-17,-1.27,-1.08,-1.51,-1.13,178630
2016-11-18,-1.12,-1.12,-1.5,-1.47,197411
2016-11-21,-1.51,-1.19,-1.52,-1.42,188630
2016-11-22,-1.31,-0.7,-1.31,-0.74,485154
2016-11-23,-0.62,-0.62,-1.1,-1.06,269248
2016-11-24,-0.77,-0.67,-1.07,-0.99,221747
2016-11-25,-0.99,-0.91,-1.36,-0.98,177647
2016-11-28,-0.92,-0.55,-1.02,-0.65,358593
2016-11-29,-0.8,-0.58,-1.11,-0.93,316102
2016-11-30,-1.1,-1.02,-1.54,-1.49,299511
2016-12-01,-1.43,-1.19,-1.51,-1.3,239796
2016-12-02,-1.34,-1.04,-1.39,-1.28,259665
2016-12-05,-1.49,-1.13,-1.59,-1.35,219536
2016-12-06,-1.27,-0.95,-1.31,-1.3,163539
2016-12-07,-1.23,-1.04,-1.42,-1.09,125488
2016-12-08,-1.09,-0.89,-1.15,-1.13,141977
2016-12-09,-1.22,-0.99,-1.33,-1.09,120288
2016-12-12,-0.9,-0.62,-1.33,-1.18,361133
2016-12-13,-1.32,-1.29,-1.67,-1.34,183529
2016-12-14,-1.47,-1.42,-1.82,-1.77,178885
2016-12-15,-1.82,-1.71,-2.33,-2.09,294187
2016-12-16,-2.11,-2.11,-2.46,-2.33,214916
2016-12-19,-2.33,-2.08,-2.39,-2.28,140928
2016-12-20,-2.29,-2.27,-2.51,-2.32,138874
2016-12-21,-2.32,-2.1,-2.34,-2.22,166840
2016-12-22,-2.26,-2.2,-2.37,-2.32,126950
2016-12-23,-2.28,-2.28,-2.79,-2.57,236843
2016-12-26,-2.62,-2.62,-2.96,-2.71,130032
2016-12-27,-2.76,-2.67,-2.78,-2.76,76321
2016-12-28,-2.64,-2.61,-2.79,-2.72,90038
2016-12-29,-2.49,-2.21,-2.55,-2.38,244865
2016-12-30,-2.42,-2.2,-2.46,-2.24,112932
2017-01-03,-2.23,-2.11,-2.36,-2.23,114485
2017-01-04,-2.25,-2.07,-2.31,-2.12,131479
2017-01-05,-2.06,-1.93,-2.13,-2.11,117168
2017-01-06,-2.07,-1.96,-2.22,-2.03,116722
2017-01-09,-2.07,-1.79,-2.07,-1.92,121136
2017-01-10,-2.02,-1.69,-2.04,-1.78,114472
2017-01-11,-1.77,-1.56,-1.91,-1.89,214719
2017-01-12,-1.9,-1.69,-1.97,-1.95,108131
2017-01-13,-1.88,-1.77,-2.0,-1.82,124182
2017-01-16,-1.71,-1.48,-1.92,-1.53,306769
2017-01-17,-1.62,-1.5,-1.69,-1.56,85039
2017-01-18,-1.51,-1.25,-1.66,-1.37,140844
2017-01-19,-1.39,-1.23,-1.52,-1.44,76065
2017-01-20,-1.49,-1.3,-1.5,-1.3,77105
2017-01-23,-1.3,-1.17,-1.31,-1.29,104219
2017-01-24,-1.27,-1.08,-1.4,-1.12,140301
2017-01-25,-1.05,-1.05,-1.29,-1.23,85811
2017-01-26,-1.32,-1.17,-1.49,-1.2,199141
2017-02-03,-1.31,-1.21,-1.51,-1.5,117684
2017-02-06,-1.45,-1.44,-1.82,-1.7,177483
2017-02-07,-1.76,-1.61,-1.8,-1.7,109238
2017-02-08,-1.77,-1.54,-1.77,-1.57,83898
2017-02-09,-1.6,-1.41,-1.6,-1.53,92238
2017-02-10,-1.48,-1.27,-1.55,-1.36,148373
2017-02-13,-1.06,-0.86,-1.27,-1.22,237091
2017-02-14,-1.25,-1.07,-1.27,-1.11,108883
2017-02-15,-1.14,-0.94,-1.24,-1.11,180241
2017-02-16,-1.12,-0.97,-1.17,-1.02,159077
2017-02-17,-0.99,-0.94,-1.33,-1.3,169747
2017-02-20,-1.29,-1.12,-1.37,-1.15,161474
2017-02-21,-1.12,-1.04,-1.25,-1.13,167499
2017-02-22,-1.18,-1.13,-1.33,-1.25,136917
2017-02-23,-1.22,-1.12,-1.47,-1.37,131543
2017-02-24,-1.47,-1.4,-1.64,-1.47,142604
2017-02-27,-1.46,-1.31,-1.57,-1.54,109908
2017-02-28,-1.49,-1.44,-1.6,-1.48,90092
2017-03-01,-1.5,-1.41,-1.57,-1.54,139075
2017-03-02,-1.45,-1.42,-1.63,-1.63,129500
2017-03-03,-1.63,-1.63,-1.82,-1.75,109898
2017-03-06,-1.72,-1.47,-1.72,-1.56,135125
2017-03-07,-1.55,-1.52,-1.66,-1.56,82574
2017-03-08,-1.57,-1.53,-1.67,-1.61,68201
2017-03-09,-1.68,-1.67,-2.13,-1.82,254456
2017-03-10,-1.91,-1.83,-2.12,-2.02,129075
2017-03-13,-2.04,-1.88,-2.21,-1.91,156875
2017-03-14,-1.91,-1.86,-2.02,-1.94,133830
2017-03-15,-1.85,-1.63,-1.93,-1.64,211978
2017-03-16,-1.61,-1.51,-1.69,-1.61,136512
2017-03-17,-1.51,-1.47,-1.76,-1.73,168133
2017-03-20,-0.06,-0.06,-0.06,-0.06,105436
2017-03-21,1.08,1.77,0.76,1.47,1669405
2017-03-22,1.01,1.13,0.81,1.07,764399
2017-03-23,1.11,1.13,0.71,0.92,517544
2017-03-24,0.88,1.01,0.63,0.87,455235
2017-03-27,0.93,1.02,0.63,0.66,376619
2017-03-28,0.6,0.76,0.5,0.64,285199
2017-03-29,0.67,0.91,0.62,0.73,314449
2017-03-30,0.88,1.15,0.68,0.77,351477
2017-03-31,0.78,1.12,0.65,0.94,347413
2017-04-05,0.95,1.03,0.73,0.93,269380
2017-04-06,0.94,0.94,0.68,0.75,242477
2017-04-07,0.78,0.93,0.77,0.87,230434
2017-04-10,0.97,1.45,0.93,1.19,530910
2017-04-11,1.26,1.31,0.76,1.03,305226
2017-04-12,0.94,0.96,0.76,0.83,183570
2017-04-13,0.8,0.92,0.8,0.87,125452
2017-04-14,0.92,0.93,0.73,0.82,152920
2017-04-17,0.85,0.9,0.7,0.88,159424
2017-04-18,0.84,0.9,0.75,0.8,118646
2017-04-19,0.74,0.77,0.3,0.57,252750
2017-04-20,0.54,0.58,0.34,0.56,191564
2017-04-21,0.57,0.76,0.46,0.74,174787
2017-04-24,0.68,0.9,0.46,0.88,203871
2017-04-25,0.76,0.89,0.7,0.79,161174
2017-04-26,0.76,0.87,0.7,0.73,118231
2017-04-27,0.78,0.9,0.61,0.89,167938
2017-04-28,0.86,1.15,0.81,1.05,215233
2017-05-02,1.32,1.66,1.21,1.38,350992
2017-05-03,1.34,1.68,1.22,1.65,263792
2017-05-04,1.64,1.64,1.24,1.47,233193
2017-05-05,1.28,1.44,0.89,1.36,325402
2017-05-08,1.18,1.47,0.97,1.46,265857
2017-05-09,1.33,1.44,1.17,1.32,115749
2017-05-10,1.27,1.47,1.12,1.31,135700
2017-05-11,1.29,1.44,0.98,1.36,262409
2017-05-12,1.3,1.38,1.15,1.29,104202
2017-05-15,1.29,1.9,1.29,1.85,282472
2017-05-16,1.86,1.88,1.49,1.79,208705
2017-05-17,1.79,1.84,1.59,1.63,151166
2017-05-18,1.49,1.68,1.41,1.44,133430
2017-05-19,1.51,1.63,1.39,1.56,94412
2017-05-22,1.61,1.75,1.38,1.73,142949
2017-05-23,1.68,3.13,1.63,2.55,460988
2017-05-24,2.54,2.82,2.27,2.67,248138
2017-05-25,2.59,3.22,2.53,3.02,311639
2017-05-26,2.86,3.16,2.73,3.13,254110
2017-05-31,3.2,3.23,2.46,3.0,403484
2017-06-01,2.82,3.34,2.61,3.3,341637
2017-06-02,3.22,3.89,3.17,3.87,282448
2017-09-01,5.8,5.8,5.8,5.8,71094
2017-09-04,7.93,7.93,6.65,7.09,1869768
2017-09-05,6.7,6.76,5.78,5.97,905304
2017-09-06,5.85,6.28,5.76,5.99,524637
2017-09-07,6.1,6.1,5.22,5.28,541182
2017-09-08,5.31,5.78,5.31,5.54,358559
2017-09-11,5.54,5.67,5.27,5.39,333640
2017-09-12,5.57,6.28,5.57,6.12,534872
2017-09-13,6.21,6.41,5.86,6.3,377337
2017-09-14,6.25,6.4,5.63,5.73,335628
2017-09-15,5.58,5.71,4.9,5.04,373346
2017-09-18,4.9,5.17,4.83,4.95,245526
2017-09-19,5.06,5.1,4.72,4.93,283681
2017-09-20,4.91,5.28,4.87,5.07,227989
2017-09-21,5.08,5.33,4.86,5.01,190197
2017-09-22,4.94,5.19,4.75,5.17,175475
2017-09-25,5.07,5.38,4.88,5.33,210426
2017-09-26,5.29,5.83,5.25,5.78,259541
2017-09-27,5.69,6.14,5.69,5.83,212550
2017-09-28,5.89,5.89,5.67,5.79,126506
2017-09-29,5.73,5.93,5.33,5.49,181962
2017-10-09,5.77,5.93,5.21,5.24,254984
2017-10-10,5.29,5.29,4.83,5.03,321016
2017-10-11,5.02,5.15,4.94,5.12,132225
2017-10-12,5.15,5.15,4.66,4.81,232583
2017-10-13,4.85,5.06,4.85,4.98,126151
2017-10-16,5.06,5.1,4.91,5.0,128644
2017-10-17,5.02,5.13,4.78,4.8,161666
2017-10-18,4.79,5.12,4.79,5.09,169673
2017-10-19,5.06,5.26,4.9,5.24,199619
2017-10-20,5.24,5.27,5.0,5.06,106226
2017-10-23,5.05,5.05,4.85,4.91,96638
2017-10-24,4.92,5.17,4.86,5.13,159744
2017-10-25,5.07,5.41,5.03,5.26,138497
2017-10-26,5.29,5.82,5.1,5.19,351470
2017-10-27,5.24,5.52,5.07,5.26,236035
2017-10-30,5.18,5.3,4.78,5.15,235500
2017-10-31,5.07,5.41,5.0,5.32,152610
2017-11-01,5.28,5.54,4.95,4.97,264962
2017-11-02,4.99,5.09,4.83,5.02,146888
2017-11-03,5.04,5.14,4.68,5.11,225535
2017-11-06,4.98,5.07,4.83,4.94,127991
2017-11-07,5.0,5.1,4.78,4.99,231869
2017-11-08,4.99,5.17,4.9,5.08,240290
2017-11-09,5.19,6.65,5.18,6.6,763486
2017-11-10,6.31,6.51,6.0,6.15,480615
2017-11-13,6.01,7.19,6.01,6.89,613264
2017-11-14,6.89,8.73,6.89,8.08,810825
2017-11-15,7.71,8.55,7.45,8.46,555042
2017-11-16,8.22,8.22,7.55,8.12,416406
2017-11-17,7.95,8.06,7.02,7.92,672471
2017-11-20,7.63,8.27,7.16,8.24,422198
2017-11-21,8.24,9.24,7.65,7.74,755441
2017-11-22,8.05,8.99,7.64,8.95,871728
2017-11-23,9.09,9.41,8.07,8.16,864202
2017-11-24,7.75,7.9,7.0,7.6,576550
2017-11-27,7.42,7.75,7.05,7.63,381835
2017-11-28,7.53,7.93,6.93,7.88,332942
2017-11-29,7.94,8.96,7.94,8.46,606751
2017-11-30,8.45,9.17,8.17,8.35,418426
2017-12-01,8.07,8.11,7.22,7.55,469920
2017-12-04,7.65,7.78,7.01,7.36,332587
2017-12-05,7.34,8.04,7.05,7.87,543316
2017-12-06,7.77,7.77,7.07,7.28,320231
2017-12-07,7.31,7.32,6.4,6.57,341096
2017-12-08,6.27,6.82,6.05,6.42,269249
2017-12-11,6.56,7.08,6.55,6.95,223487
2017-12-12,6.95,6.95,6.35,6.36,162764
2017-12-13,6.3,6.81,6.26,6.73,136477
2017-12-14,6.71,6.98,6.52,6.63,137107
2017-12-15,6.69,6.71,6.15,6.35,160488
2017-12-18,6.44,7.05,6.24,7.03,243724
2017-12-19,6.89,7.19,6.84,7.01,177390
2017-12-20,7.01,7.54,6.91,7.11,202755
2017-12-21,6.95,7.32,6.55,7.25,171692
2017-12-22,7.2,7.78,7.19,7.68,232104
2017-12-25,7.74,7.82,7.35,7.66,175189
2017-12-26,7.61,7.61,7.15,7.45,173755
2017-12-27,7.45,8.32,7.34,7.65,330774
2017-12-28,7.55,8.23,7.35,7.92,290435
2017-12-29,7.8,8.05,7.62,7.72,139040
2018-01-02,7.85,8.41,7.73,8.36,378910
2018-01-03,8.21,8.61,7.78,7.86,490281
2018-01-04,7.87,8.15,7.6,7.64,455520
2018-01-05,7.82,8.61,7.7,8.21,518402
2018-01-08,8.25,10.24,8.25,9.63,928971
2018-01-09,9.62,9.63,9.01,9.34,458875
2018-01-10,9.23,10.0,9.16,9.46,542199
2018-01-11,9.5,9.67,8.63,8.83,465577
2018-01-12,8.79,9.16,8.7,8.91,305232
2018-01-15,8.9,8.9,7.96,8.07,391945
2018-01-16,7.97,8.36,7.49,7.78,513027
2018-01-17,7.81,8.42,7.66,8.08,473302
2018-01-18,7.88,8.32,7.88,8.07,545283
2018-01-19,8.16,8.93,8.12,8.71,735164
2018-01-22,8.8,9.3,8.67,8.99,537295
2018-01-23,9.02,9.59,9.02,9.52,562129
2018-01-24,9.75,9.87,9.02,9.34,447506
2018-01-25,9.57,10.01,9.47,9.7,518654
2018-01-26,9.65,10.05,9.43,9.85,380925
2018-01-29,10.17,11.49,10.17,10.68,808843
2018-01-30,10.71,11.19,10.21,10.45,511278
2018-01-31,10.35,11.0,10.11,10.94,400357
2018-02-01,11.01,12.0,10.9,11.38,575923
2018-02-02,11.25,13.63,10.6,13.2,856997
2018-02-05,12.85,13.98,12.45,13.24,941552
2018-02-06,12.15,12.9,11.87,12.45,829182
2018-02-07,13.15,13.72,11.1,11.45,878338
2018-02-08,10.54,10.88,9.21,10.0,823573
2018-02-09,8.66,9.43,7.46,8.84,824170
2018-02-12,8.54,8.94,7.91,8.46,478063
2018-02-13,9.0,9.39,8.64,9.0,410661
2018-02-14,9.0,9.33,8.55,9.24,305626
2018-02-22,9.71,10.09,9.31,9.92,392804
2018-02-23,10.06,10.35,9.67,10.17,364990
2018-02-26,10.3,10.96,9.99,10.38,410290
2018-02-27,10.4,10.41,8.92,9.06,541746
2018-02-28,8.74,9.09,8.1,8.71,370275
2018-03-01,8.34,8.69,8.11,8.39,365915
2018-03-02,8.13,8.2,7.61,7.91,322804
2018-03-05,8.02,8.33,7.83,8.03,256470
2018-03-06,8.2,8.6,7.64,8.48,421789
2018-03-07,8.45,8.54,7.93,8.08,238481
2018-03-08,8.09,8.13,7.75,7.85,284502
2018-03-09,7.9,8.09,7.61,7.76,314727
2018-03-12,7.83,8.11,7.65,7.8,389824
2018-03-13,7.82,8.09,7.77,7.92,276868
2018-03-14,7.92,8.19,7.58,8.04,310669
2018-03-15,7.9,8.17,7.73,8.13,275432
2018-03-16,8.14,8.16,7.75,7.77,240834
2018-03-19,7.61,7.62,6.51,6.53,552829
2018-03-20,6.25,6.9,6.06,6.78,293993
2018-03-21,6.77,6.93,6.47,6.78,286555
2018-03-22,6.8,6.89,6.43,6.77,235558
2018-03-23,5.9,6.78,5.62,6.73,550763
2018-03-26,5.73,6.21,5.37,5.61,433047
2018-03-27,5.83,5.92,5.43,5.79,354348
2018-03-28,5.4,5.69,5.21,5.29,252792
2018-03-29,5.15,5.88,4.56,5.68,476559
2018-03-30,5.55,5.68,5.3,5.4,211671
2018-04-02,5.45,5.85,5.37,5.39,206381
2018-04-03,5.06,5.08,4.81,4.84,198438
2018-04-04,4.94,5.1,4.68,4.71,157706
2018-04-09,4.67,4.95,4.56,4.84,167732
2018-04-10,4.91,5.55,4.83,5.54,295930
2018-04-11,5.79,5.84,5.4,5.52,257113
2018-04-12,5.55,5.6,5.12,5.2,186307
2018-04-13,5.33,5.45,5.12,5.14,146244
2018-04-16,5.15,5.17,4.37,4.46,323682
2018-04-17,4.39,4.65,4.1,4.11,230869
2018-04-18,4.27,4.47,4.06,4.37,226993
2018-04-19,4.45,5.21,4.45,5.17,306867
2018-04-20,4.96,5.18,4.61,5.1,216381
2018-04-23,4.9,5.23,4.76,5.14,154667
2018-04-24,5.18,6.1,5.18,5.68,354002
2018-04-25,5.49,5.58,5.17,5.26,192520
2018-04-26,5.34,5.44,4.85,5.24,163019
2018-04-27,5.22,5.64,4.84,5.49,244362
2018-05-02,5.15,5.18,4.71,4.81,198844
2018-05-03,4.71,5.23,4.71,5.0,167675
2018-05-04,5.06,5.14,4.8,4.86,166605
2018-05-07,4.96,5.45,4.81,5.43,275930
2018-05-08,5.47,5.74,5.37,5.69,219546
2018-05-09,5.73,6.14,5.59,5.76,262175
2018-05-10,5.94,6.21,5.86,6.05,262093
2018-05-11,6.15,6.3,5.74,5.97,208084
2018-05-14,6.14,6.3,5.94,6.05,233443
2018-05-15,6.05,6.1,5.58,5.8,211171
2018-05-16,5.74,5.97,5.57,5.71,196114
2018-05-17,5.71,5.94,5.71,5.83,129221
2018-05-18,5.85,6.94,5.79,6.87,472385
2018-05-21,6.65,6.96,6.52,6.62,295707
2018-05-22,6.63,6.72,6.3,6.42,194388
2018-05-23,6.15,6.15,4.7,4.89,595708
2018-05-24,4.82,5.14,4.7,4.96,196179
2018-05-25,4.97,5.11,4.86,5.07,161434
2018-05-28,5.11,5.25,4.99,5.08,110472
2018-05-29,5.2,5.5,5.16,5.23,163928
2018-05-30,4.86,5.03,4.56,4.6,159127
2018-05-31,4.76,4.99,4.66,4.95,128918
2018-06-01,5.09,5.63,5.09,5.22,245863
2018-06-04,5.38,5.64,5.28,5.49,173653
2018-06-05,5.49,5.53,5.08,5.35,186263
2018-06-06,5.31,5.61,5.22,5.56,198263
2018-06-07,5.64,5.91,5.59,5.84,215145
2018-06-08,5.73,5.9,5.28,5.45,235252
2018-06-11,5.3,5.44,4.99,5.22,149127
2018-06-12,5.22,5.73,5.17,5.68,245427
2018-06-13,5.68,5.68,5.29,5.48,252862
2018-06-14,5.35,5.62,5.3,5.52,230050
2018-06-15,5.51,5.93,5.41,5.74,291119
2018-06-19,5.55,6.26,5.0,5.96,847864
2018-06-20,5.75,5.84,5.46,5.57,189333
2018-06-21,5.67,6.3,5.64,5.74,293940
2018-06-22,5.42,5.66,4.8,5.58,159934
2018-06-25,5.65,5.7,4.95,5.0,241234
2018-06-26,4.75,4.98,4.35,4.57,216216
2018-06-27,4.64,4.85,4.23,4.49,214379
2018-06-28,4.33,4.52,4.17,4.23,134594
2018-06-29,4.25,4.54,4.11,4.49,106685
2018-07-02,4.55,4.75,3.25,3.6,283609
2018-07-03,3.55,3.58,2.76,3.33,218975
2018-07-04,3.25,3.52,3.17,3.38,155375
2018-07-05,3.38,3.68,2.95,3.67,206583
2018-07-06,3.46,3.9,3.4,3.85,188264
2018-07-09,3.85,4.05,3.48,4.02,191192
2018-07-10,3.97,4.01,3.52,3.71,198405
2018-07-11,3.28,3.31,2.89,3.0,185315
2018-07-12,3.02,3.41,2.99,3.27,263881
2018-07-13,3.26,3.26,2.87,3.01,237327
2018-07-16,3.0,3.19,2.97,3.14,189709
2018-07-17,3.07,3.09,2.62,2.8,181695
2018-07-18,2.86,2.94,2.63,2.67,143704
2018-07-19,2.75,2.84,2.6,2.65,117787
2018-07-20,2.57,2.87,2.16,2.79,208924
2018-07-23,2.63,3.42,2.61,3.39,285016
2018-07-24,3.4,4.23,3.38,4.1,405804
2018-07-25,4.06,4.21,3.77,3.92,146471
2018-07-26,3.96,4.21,3.68,3.76,126148
2018-07-27,3.86,3.93,3.66,3.85,102544
2018-07-30,3.85,4.1,3.61,3.88,133192
2018-07-31,3.87,3.96,3.62,3.85,89482
2018-08-01,3.91,4.05,3.37,3.37,132624
2018-08-02,3.34,3.36,2.86,3.03,139175
2018-08-03,2.95,3.6,2.95,3.06,168710
2018-08-06,3.11,3.21,2.69,2.86,130043
2018-08-07,3.05,3.6,2.88,3.59,194876
2018-08-08,3.47,3.82,3.45,3.66,168527
2018-08-09,3.54,3.88,3.39,3.75,195189
2018-08-10,3.75,3.77,3.47,3.58,100655
2018-08-13,3.47,3.47,3.05,3.36,154103
2018-08-14,3.31,3.51,3.13,3.36,112942
2018-08-15,3.44,3.44,2.79,2.79,163778
2018-08-16,2.46,2.96,2.36,2.73,131754
2018-08-17,2.91,2.92,2.62,2.67,81007
2018-08-20,2.81,3.06,2.57,3.01,120540
2018-08-21,3.06,3.23,2.89,3.12,121020
2018-08-22,3.06,3.31,2.98,3.15,88722
2018-08-23,3.12,3.31,2.8,3.02,100596
2018-08-24,2.98,3.01,2.74,2.9,71947
2018-08-27,3.0,3.53,2.93,3.48,185710
2018-08-28,3.54,3.96,3.45,3.65,226215
2018-08-29,3.74,4.0,3.7,3.83,152286
2018-08-30,3.8,4.13,3.8,3.92,174967
2018-08-31,3.92,3.99,3.47,3.95,184055
2018-09-03,3.78,3.99,3.5,3.74,132759
2018-09-04,3.79,4.06,3.54,3.96,135467
2018-09-05,3.79,3.9,3.41,3.42,124192
2018-09-06,3.37,3.8,3.35,3.48,107212
2018-09-07,4.02,4.47,3.76,4.35,378482
2018-09-10,4.16,4.32,3.94,4.04,153069
2018-09-11,4.1,4.1,3.54,3.66,164385
2018-09-12,3.63,3.8,3.48,3.62,88417
2018-09-13,3.9,3.99,3.59,3.81,97217
2018-09-14,3.81,4.0,3.64,3.97,118982
2018-09-17,3.86,3.9,3.53,3.59,90701
2018-09-18,3.47,4.04,3.47,4.04,123372
2018-09-19,3.94,4.66,3.92,4.38,228447
2018-09-20,4.45,4.56,4.08,4.14,200731
2018-09-21,4.19,5.39,4.18,5.33,446947
2018-09-25,4.97,5.21,4.84,5.06,233115
2018-09-26,5.07,5.84,5.07,5.36,306236
2018-09-27,5.36,5.91,5.27,5.74,246201
2018-09-28,5.79,6.02,5.57,5.85,214930
2018-10-08,5.33,5.78,5.29,5.4,214882
2018-10-09,5.41,6.31,5.39,5.94,257540
2018-10-10,5.94,6.63,5.86,6.51,299554
2018-10-11,5.71,6.27,5.32,5.51,362503
2018-10-12,5.69,6.08,5.34,6.06,341677
2018-10-15,5.86,5.98,5.33,5.45,233210
2018-10-16,5.41,5.81,5.34,5.45,154350
2018-10-17,5.73,5.94,4.97,5.72,206544
2018-10-18,5.46,5.55,4.41,4.51,286875
2018-10-19,4.42,5.23,4.15,5.05,257510
2018-10-22,5.11,6.17,5.08,5.65,361185
2018-10-23,5.68,6.11,5.31,5.46,409669
2018-10-24,5.36,6.0,5.26,5.73,204270
2018-10-25,5.21,5.44,4.75,5.37,244489
2018-10-26,5.51,6.21,5.17,5.83,228502
2018-10-29,5.7,5.7,4.97,5.17,235257
2018-10-30,5.17,5.35,4.58,4.94,194399
2018-10-31,4.96,5.63,4.95,5.5,199901
2018-11-01,5.71,5.81,5.26,5.4,213716
2018-11-02,5.72,5.81,5.14,5.68,298190
2018-11-05,5.59,5.64,5.37,5.57,155706
2018-11-06,5.54,5.9,5.49,5.85,189982
2018-11-07,5.99,6.04,5.5,5.87,184838
2018-11-08,5.96,6.41,5.79,6.24,219773
2018-11-09,6.14,6.32,5.91,5.94,116180
2018-11-12,5.86,5.94,5.19,5.46,313405
2018-11-13,5.17,5.41,4.97,5.28,217482
2018-11-14,5.15,5.2,4.84,4.97,199536
2018-11-15,4.95,5.24,4.89,5.24,115698
2018-11-16,5.23,5.31,5.08,5.17,124062
2018-11-19,5.24,5.49,5.09,5.48,137449
2018-11-20,5.35,5.38,4.95,5.03,135685
2018-11-21,4.86,5.03,4.6,4.97,183109
2018-11-22,4.96,5.0,4.62,4.71,89929
2018-11-23,4.6,4.74,4.38,4.39,108469
2018-11-26,4.52,4.66,4.28,4.3,79328
2018-11-27,4.44,4.46,3.83,3.9,119840
2018-11-28,3.93,4.25,3.91,4.22,79558
2018-11-29,4.31,4.35,3.98,3.99,69116
2018-11-30,3.98,4.41,3.9,4.22,119943
2018-12-03,4.81,4.85,4.52,4.55,137572
2018-12-04,4.61,4.76,4.38,4.67,107229
2018-12-05,4.46,4.73,4.32,4.66,116867
2018-12-06,4.37,4.5,4.12,4.13,113908
2018-12-07,4.25,4.61,4.15,4.54,111274
2018-12-10,4.36,4.65,4.34,4.54,85571
2018-12-11,4.49,4.6,4.44,4.54,46503
2018-12-12,4.85,4.85,4.61,4.7,74313
2018-12-13,4.81,4.95,4.7,4.82,105036
2018-12-14,4.86,5.0,4.77,4.8,119969
2018-12-17,4.76,4.99,4.74,4.93,94488
2018-12-18,4.77,4.96,4.5,4.54,73891
2018-12-19,4.59,4.82,4.46,4.56,90334
2018-12-20,4.52,4.89,4.45,4.79,121258
2018-12-21,4.7,4.7,4.31,4.37,96851
2018-12-24,4.26,4.57,4.12,4.36,57907
2018-12-25,4.18,4.34,3.58,3.89,101293
2018-12-26,3.85,3.96,3.36,3.4,129848
2018-12-27,3.61,3.71,3.37,3.41,151371
2018-12-28,3.47,3.61,3.28,3.42,88290
2019-01-02,3.39,3.52,3.07,3.23,143010
2019-01-03,3.23,3.45,3.08,3.15,99889
2019-01-04,3.06,3.55,2.84,3.53,124004
2019-01-07,3.66,3.7,3.36,3.51,148207
2019-01-08,3.58,3.92,3.53,3.88,125582
2019-01-09,4.01,4.24,3.88,3.93,105230
2019-01-10,3.83,4.12,3.77,3.92,62845
2019-01-11,3.94,4.16,3.83,3.97,96064
2019-01-14,3.97,4.29,3.96,4.08,122817
2019-01-15,4.11,4.24,3.91,4.13,154150
2019-01-16,4.15,4.21,3.98,4.06,109165
2019-01-17,4.22,4.24,3.88,3.91,134955
2019-01-18,4.11,4.51,4.06,4.47,209333
2019-01-21,4.46,5.11,4.39,5.01,193861
2019-01-22,5.01,5.06,4.64,4.72,96088
2019-01-23,4.64,4.96,4.64,4.9,89643
2019-01-24,4.96,4.99,4.58,4.85,80581
2019-01-25,4.86,5.01,4.79,4.93,73368
2019-01-28,4.96,5.44,4.96,5.28,157152
2019-01-29,5.18,5.48,5.04,5.38,110467
2019-01-30,5.34,5.37,5.09,5.09,71065
2019-01-31,5.25,5.37,4.97,5.29,130682
2019-02-01,5.41,5.57,5.34,5.47,136949
2019-02-11,5.4,5.51,5.27,5.45,110536
2019-02-12,5.4,5.64,5.26,5.55,119141
2019-02-13,5.51,5.69,5.3,5.57,152734
2019-02-14,5.46,5.67,5.37,5.48,133843
2019-02-15,5.41,5.55,5.11,5.11,114898
2019-02-18,5.31,5.49,5.16,5.45,142157
2019-02-19,5.34,5.54,5.11,5.2,179330
2019-02-20,5.26,5.5,5.23,5.48,147764
2019-02-21,5.51,5.74,5.26,5.32,177101
2019-02-22,5.34,5.36,4.73,5.07,326144
2019-02-25,5.0,6.07,4.98,6.06,491924
2019-02-26,5.96,6.93,5.85,6.27,455908
2019-02-27,6.36,6.69,5.91,6.07,310851
2019-02-28,6.14,6.28,5.78,5.9,189615
2019-03-01,6.07,6.3,5.86,6.29,234693
2019-03-04,6.45,7.14,6.37,6.53,460492
2019-03-05,6.56,6.71,6.23,6.56,213925
2019-03-06,6.59,6.79,6.34,6.68,266631
2019-03-07,6.7,6.85,6.1,6.37,313574
2019-03-08,6.04,6.04,5.47,5.48,278884
2019-03-11,5.48,5.66,5.28,5.57,218761
2019-03-12,5.69,5.81,5.37,5.58,241693
2019-03-13,5.5,5.63,5.31,5.43,159134
2019-03-14,5.51,5.64,5.22,5.31,195476
2019-03-15,5.34,5.57,5.3,5.44,184146
2019-03-18,5.48,6.16,5.48,6.16,370299
2019-03-19,6.23,6.25,5.86,5.97,194043
2019-03-20,5.96,6.14,5.79,5.96,179270
2019-03-21,6.04,6.25,5.94,6.14,201891
2019-03-22,6.11,6.61,5.97,6.59,271606
2019-03-25,5.82,5.91,5.38,5.43,441038
2019-03-26,5.46,5.53,4.76,4.88,351534
2019-03-27,4.95,5.0,4.77,4.92,191464
2019-03-28,4.81,4.81,4.61,4.69,223071
2019-03-29,4.69,5.1,4.64,5.07,369747
2019-04-01,5.15,5.69,5.15,5.61,387033
2019-04-02,5.65,5.77,5.36,5.43,299712
2019-04-03,5.27,5.63,5.13,5.62,287691
2019-04-04,5.63,6.11,5.63,5.94,492840
2019-04-08,6.08,6.4,5.69,5.99,390103
2019-04-09,6.06,6.15,5.64,5.68,255065
2019-04-10,5.67,5.88,5.45,5.7,233355
2019-04-11,5.62,5.91,5.28,5.34,233785
2019-04-12,5.35,5.45,5.25,5.38,119162
2019-04-15,5.58,5.77,5.46,5.47,276523
2019-04-16,5.38,5.86,5.28,5.86,265541
2019-04-17,5.92,5.94,5.66,5.74,278554
2019-04-18,5.76,5.93,5.63,5.66,153716
2019-04-19,5.66,6.05,5.52,5.95,258887
2019-04-22,5.89,5.94,5.42,5.47,254236
2019-04-23,5.47,5.6,5.27,5.35,149121
2019-04-24,5.37,5.55,5.21,5.36,134538
2019-04-25,5.26,5.33,4.96,5.0,148155
2019-04-26,4.97,5.1,4.79,4.83,133830
2019-04-29,4.94,5.17,4.84,4.98,157226
2019-04-30,4.86,5.26,4.86,5.15,137304
2019-05-06,4.66,4.86,4.16,4.35,225328
2019-05-07,4.54,4.58,4.15,4.36,138585
2019-05-08,4.1,4.18,3.9,4.0,145967
2019-05-09,3.91,4.12,3.73,3.82,108340
2019-05-10,3.99,4.2,3.65,4.07,126591
2019-05-13,3.87,4.12,3.86,4.0,95221
2019-05-14,3.86,4.04,3.84,3.87,109519
2019-05-15,3.94,4.15,3.87,4.06,115340
2019-05-16,4.01,4.3,3.98,4.23,114828
2019-05-17,4.23,4.23,3.9,3.93,102289
2019-05-20,3.9,4.11,3.59,3.74,134514
2019-05-21,3.78,3.97,3.71,3.89,90208
2019-05-22,3.92,3.97,3.78,3.84,89076
2019-05-23,3.76,3.94,3.56,3.67,116065
2019-05-24,3.71,3.88,3.66,3.81,82618
2019-05-27,3.78,3.94,3.65,3.9,91378
2019-05-28,3.87,4.08,3.85,4.04,140647
2019-05-29,3.96,4.06,3.86,3.94,75417
2019-05-30,3.96,4.15,3.85,4.12,112687
2019-05-31,4.05,4.12,3.84,3.85,75560
2019-06-03,3.94,4.07,3.78,4.02,114640
2019-06-04,4.04,4.2,4.01,4.16,111307
2019-06-05,4.24,4.53,4.24,4.37,127535
2019-06-06,4.42,4.49,4.26,4.32,87928
2019-06-10,4.47,4.72,4.47,4.61,118885
2019-06-11,4.6,4.91,4.56,4.81,145658
2019-06-12,4.81,4.93,4.7,4.91,129310
2019-06-13,4.88,5.18,4.72,4.97,135413
2019-06-14,5.0,5.31,4.74,5.16,277351
2019-06-17,5.1,5.66,4.97,5.54,279377
2019-06-18,5.65,5.74,5.47,5.59,175831
2019-06-19,5.9,5.96,5.42,5.47,220208
2019-06-20,5.45,5.8,5.41,5.58,193241
2019-06-21,5.69,5.76,5.49,5.49,172391
2019-06-24,5.56,5.91,5.54,5.81,180234
2019-06-25,5.76,6.0,5.67,5.77,174679
2019-06-26,5.81,5.97,5.65,5.78,119833
2019-06-27,5.78,6.06,5.75,5.82,109277
2019-06-28,5.8,5.84,5.54,5.84,100480
2019-07-01,6.01,6.1,5.79,5.86,195408
2019-07-02,5.92,6.12,5.72,6.08,137698
2019-07-03,5.97,6.32,5.88,6.13,173767
2019-07-04,6.16,6.23,5.88,5.99,129147
2019-07-05,6.06,6.13,5.87,6.07,161829
2019-07-08,6.04,6.05,5.34,5.41,187900
2019-07-09,5.45,5.64,5.3,5.33,98134
2019-07-10,5.4,5.44,5.31,5.41,72609
2019-07-11,5.54,5.61,5.34,5.37,79661
2019-07-12,5.42,5.53,5.28,5.37,71922
2019-07-15,5.36,5.37,4.92,5.24,175902
2019-07-16,5.18,5.52,5.14,5.41,100801
2019-07-17,5.46,5.53,5.26,5.32,75286
2019-07-18,5.34,5.43,5.19,5.3,55338
2019-07-19,5.4,5.64,5.27,5.57,98797
2019-07-22,5.58,5.69,5.34,5.45,109770
2019-07-23,5.39,5.5,5.28,5.3,91633
2019-07-24,5.38,5.65,5.36,5.44,91411
2019-07-25,5.43,5.63,5.4,5.53,70962
2019-07-26,5.43,5.58,5.41,5.47,64286
2019-07-29,5.47,5.5,5.3,5.36,84705
2019-07-30,5.4,5.64,5.37,5.62,97934
2019-07-31,5.49,5.64,5.44,5.55,78434
2019-08-01,5.48,5.52,5.34,5.4,72555
2019-08-02,5.24,5.24,4.92,4.97,123530
2019-08-05,4.93,4.94,4.39,4.48,186869
2019-08-06,4.34,4.41,4.14,4.29,138744
2019-08-07,4.23,4.49,4.23,4.34,83141
2019-08-08,4.4,4.55,4.35,4.46,65610
2019-08-09,4.51,4.53,4.24,4.4,65528
2019-08-12,4.41,4.77,4.35,4.75,127608
2019-08-13,4.61,4.72,4.58,4.64,51854
2019-08-14,4.74,4.82,4.64,4.74,63967
2019-08-15,4.54,4.89,4.46,4.84,74630
2019-08-16,4.88,4.96,4.72,4.88,76308
2019-08-19,5.02,5.24,4.95,5.23,87591
2019-08-20,5.17,5.38,5.16,5.22,70264
2019-08-21,5.22,5.36,5.17,5.29,67507
2019-08-22,5.29,5.34,4.8,4.93,99019
2019-08-23,4.92,5.14,4.91,5.12,82689
2019-08-26,4.84,5.1,4.84,5.03,78293
2019-08-27,5.14,5.51,5.04,5.14,200915
2019-08-28,5.25,5.38,5.1,5.17,100516
2019-08-29,5.15,5.2,4.84,4.89,103655
2019-08-30,5.08,5.22,4.9,5.03,99836
2019-09-02,5.04,5.82,4.94,5.71,246364
2019-09-03,5.69,5.81,5.59,5.72,121291
2019-09-04,5.84,6.09,5.72,5.93,134038
2019-09-05,5.94,6.16,5.71,5.76,154431
2019-09-06,5.8,6.02,5.74,5.98,122274
2019-09-09,6.19,6.2,5.83,5.94,126228
2019-09-10,5.99,5.99,5.77,5.9,87327
2019-09-11,5.98,6.0,5.82,5.87,91998
2019-09-12,5.98,6.09,5.84,5.95,114103
2019-09-16,6.07,6.18,5.92,6.06,102591
2019-09-17,6.1,6.29,5.99,6.06,150308
2019-09-18,6.09,6.09,5.74,5.89,127921
2019-09-19,5.9,5.92,5.72,5.82,82372
2019-09-20,5.84,5.96,5.73,5.94,142180
2019-09-23,5.95,5.99,5.48,5.56,103046
2019-09-24,5.64,5.81,5.52,5.74,130266
2019-09-25,5.73,5.73,5.45,5.54,85820
2019-09-26,5.54,5.7,5.53,5.64,90540
2019-09-27,5.71,5.78,5.02,5.03,198535
2019-09-30,4.97,5.31,4.89,5.12,108997
2019-10-08,4.99,5.28,4.95,4.99,134496
2019-10-09,4.9,5.4,4.88,5.24,175557
2019-10-10,5.32,5.4,5.13,5.15,71191
2019-10-11,5.3,5.39,5.08,5.26,98613
2019-10-14,5.42,5.42,5.16,5.28,157592
2019-10-15,5.28,5.28,4.97,5.02,119866
2019-10-16,5.07,5.21,4.9,4.94,93589
2019-10-17,4.92,4.97,4.66,4.72,126166
2019-10-18,4.76,4.81,4.49,4.52,123626
2019-10-21,4.56,4.65,4.38,4.61,110903
2019-10-22,4.7,4.71,4.33,4.46,133359
2019-10-23,4.46,4.46,4.3,4.38,119473
2019-10-24,4.39,4.71,4.26,4.64,232392
2019-10-25,4.63,4.63,4.33,4.47,167056
2019-10-28,4.48,4.66,4.39,4.6,180494
2019-10-29,4.66,4.91,4.56,4.75,217477
2019-10-30,4.79,4.91,4.65,4.77,119379
2019-10-31,4.76,4.86,4.58,4.78,143713
2019-11-01,4.73,4.79,4.53,4.72,153544
2019-11-04,4.75,4.77,4.54,4.6,174868
2019-11-05,4.6,4.77,4.52,4.64,258553
2019-11-06,4.68,4.68,4.42,4.52,185704
2019-11-07,4.51,4.51,4.31,4.4,222473
2019-11-08,4.44,4.48,4.34,4.38,214178
2019-11-11,4.33,4.34,3.96,3.97,311505
2019-11-12,4.0,4.06,3.88,4.01,215552
2019-11-13,4.02,4.02,3.66,3.75,242663
2019-11-14,3.82,3.82,3.49,3.59,236851
2019-11-15,3.59,3.6,3.23,3.24,387395
2019-11-18,3.24,3.53,3.24,3.5,332714
2019-11-19,3.52,3.65,3.37,3.6,285554
2019-11-20,3.6,3.67,3.44,3.57,254821
2019-11-21,3.56,3.59,3.41,3.53,177291
2019-11-22,3.48,3.69,3.29,3.64,450405
2019-11-25,3.62,4.43,3.6,4.14,1015409
2019-11-26,4.19,4.2,3.85,4.0,445867
2019-11-27,3.94,3.95,3.7,3.74,303048
2019-11-28,3.74,3.79,3.48,3.58,285585
2019-11-29,3.6,3.71,3.46,3.55,302564
2019-12-02,3.62,3.69,3.52,3.63,316210
2019-12-03,3.54,3.76,3.51,3.72,315765
2019-12-04,3.63,3.71,3.45,3.52,237051
2019-12-05,3.56,3.57,3.34,3.5,411308
2019-12-06,3.46,3.54,3.44,3.51,267991
2019-12-09,3.51,3.84,3.48,3.83,499272
2019-12-10,3.73,3.8,3.57,3.59,287484
2019-12-11,3.63,3.64,3.54,3.62,322227
2019-12-12,3.58,3.61,3.45,3.5,270251
2019-12-13,3.6,3.64,3.51,3.62,403854
2019-12-16,3.65,3.74,3.58,3.73,404649
2019-12-17,3.72,4.3,3.68,4.01,717984
2019-12-18,3.96,4.1,3.88,3.91,359591
2019-12-19,3.96,4.1,3.88,4.06,272395
2019-12-20,4.06,4.19,4.01,4.11,351677
2019-12-23,4.07,4.1,3.79,3.81,345852
2019-12-24,3.83,3.99,3.79,3.96,190869
2019-12-25,3.86,3.97,3.81,3.89,190940
2019-12-26,3.85,4.05,3.83,4.03,238220
2019-12-27,4.03,4.37,3.99,4.16,485836
2019-12-30,4.19,4.65,4.13,4.6,680494
2019-12-31,4.54,4.62,4.41,4.59,363132
2020-01-02,4.77,5.07,4.69,4.93,652958
2020-01-03,4.88,5.03,4.82,4.9,376963
2020-01-06,4.91,5.33,4.91,5.12,527211
2020-01-07,5.04,5.41,5.04,5.16,412110
2020-01-08,5.17,5.2,4.69,4.69,507150
2020-01-09,4.84,4.88,4.6,4.74,300696
2020-01-10,4.74,4.79,4.43,4.5,343671
2020-01-13,4.5,4.55,4.34,4.53,360267
2020-01-14,4.53,4.67,4.47,4.49,281697
2020-01-15,4.42,4.49,4.15,4.17,375846
2020-01-16,4.17,4.23,4.02,4.14,329411
2020-01-17,4.14,4.29,4.13,4.24,220276
2020-01-20,4.16,4.19,3.91,4.04,369796
2020-01-21,3.92,3.94,3.76,3.86,277632
2020-01-22,3.76,4.15,3.64,4.04,341531
2020-01-23,3.89,3.89,3.47,3.62,419885
2020-02-03,1.9,2.41,1.9,2.32,776904
2020-02-04,2.23,2.62,2.12,2.59,573493
2020-02-05,2.52,2.74,2.37,2.58,370267
2020-02-06,2.62,2.68,2.49,2.61,348994
2020-02-07,2.54,2.57,2.42,2.52,273543
2020-02-10,2.41,2.7,2.39,2.69,382578
2020-02-11,2.75,3.13,2.65,2.99,376989
2020-02-12,2.95,3.02,2.87,2.99,184869
2020-02-13,2.94,3.17,2.89,2.92,177274
2020-02-14,2.87,3.07,2.86,3.06,177667
2020-02-17,3.07,3.24,2.96,3.23,303041
2020-02-18,3.29,3.29,3.02,3.07,306019
2020-02-19,3.0,3.05,2.93,2.94,241875
2020-02-20,3.0,3.14,2.9,3.1,269592
2020-02-21,3.1,3.14,3.01,3.08,299677
2020-02-24,3.11,3.12,2.85,2.87,337393
2020-02-25,2.64,2.73,2.5,2.58,331631
2020-02-26,2.45,2.96,2.41,2.79,376670
2020-02-27,2.75,2.95,2.69,2.75,280094
2020-02-28,2.52,2.62,2.31,2.34,386903
2020-03-02,2.47,2.98,2.47,2.95,455178
2020-03-03,3.14,3.15,2.92,3.11,447497
2020-03-04,3.01,3.18,2.91,3.06,262939
2020-03-05,3.1,3.46,3.03,3.39,519465
2020-03-06,3.24,3.31,3.09,3.11,277658
2020-03-09,2.74,2.76,2.54,2.62,377089
2020-03-10,2.53,2.99,2.53,2.89,270857
2020-03-11,2.86,2.99,2.76,2.76,183570
2020-03-12,2.68,2.7,2.51,2.6,177864
2020-03-13,2.21,2.58,2.06,2.37,286970
2020-03-16,2.47,2.7,2.23,2.27,333651
2020-03-17,2.32,2.61,1.94,2.04,335327
2020-03-18,2.13,2.18,1.86,1.86,315338
2020-03-19,1.84,1.84,0.7,1.12,546853
2020-03-20,1.24,1.4,1.05,1.23,296885
2020-03-23,0.82,1.35,0.76,1.12,245462
2020-03-24,1.37,2.03,1.31,1.92,425468
2020-03-25,2.13,2.2,1.94,2.02,231010
2020-03-26,1.95,2.38,1.91,2.28,270916
2020-03-27,2.42,2.65,2.27,2.61,255541
2020-03-30,2.43,3.19,2.31,2.92,632181
2020-03-31,3.0,3.01,2.56,2.58,243158
2020-04-01,2.55,2.72,2.3,2.34,219114
2020-04-02,2.24,2.62,2.21,2.59,169660
2020-04-03,2.42,2.64,2.42,2.46,123480
2020-04-07,2.7,2.7,2.47,2.48,240227
2020-04-08,2.44,2.51,2.36,2.48,130991
2020-04-09,2.52,2.52,2.34,2.34,123237
2020-04-10,2.42,2.42,2.21,2.23,136988
2020-04-13,2.18,2.3,2.15,2.19,103744
2020-04-14,2.16,2.54,2.16,2.51,203728
2020-04-15,2.58,2.58,2.22,2.27,166599
2020-04-16,2.23,2.42,2.2,2.34,106675
2020-04-17,2.39,2.46,2.32,2.37,160630
2020-04-20,2.35,2.37,2.19,2.26,163885
2020-04-21,2.14,2.19,1.56,1.71,437754
2020-04-22,1.62,1.79,1.54,1.72,148029
2020-04-23,1.72,1.78,1.6,1.64,129662
2020-04-24,1.63,1.72,1.47,1.5,168142
2020-04-27,1.59,1.74,1.55,1.66,137997
2020-04-28,1.73,1.78,1.41,1.71,187695
2020-04-29,1.7,2.09,1.66,1.99,206393
2020-04-30,2.07,2.31,2.02,2.27,229384
2020-05-06,2.01,2.12,1.92,2.11,239257
2020-05-07,2.07,2.14,1.87,2.11,238147
2020-05-08,2.12,2.26,1.99,2.2,214852
2020-05-11,2.19,2.28,2.1,2.23,190528
2020-05-12,2.24,2.39,2.2,2.31,220122
2020-05-13,2.28,2.34,2.16,2.24,154060
2020-05-14,2.27,2.29,2.19,2.21,120983
2020-05-15,2.2,2.5,2.19,2.37,217381
2020-05-18,2.46,2.54,2.28,2.38,176381
2020-05-19,2.55,2.89,2.55,2.83,324345
2020-05-20,2.83,2.89,2.62,2.71,164519
2020-05-21,2.76,2.78,2.54,2.55,142058
2020-05-22,2.6,2.6,2.25,2.25,189011
2020-05-25,2.44,2.51,2.27,2.44,105084
2020-05-26,2.53,2.62,2.39,2.44,138268
2020-05-27,2.44,2.79,2.35,2.79,204822
2020-05-28,2.75,2.93,2.69,2.78,167305
2020-05-29,2.78,2.8,2.63,2.72,176414
2020-06-01,2.69,2.94,2.68,2.9,224468
2020-06-02,2.84,2.91,2.82,2.88,155950
2020-06-03,2.98,3.12,2.94,3.01,232076
2020-06-04,3.09,3.11,2.62,2.73,250255
2020-06-05,2.75,2.79,2.59,2.72,143624
2020-06-08,2.83,3.03,2.78,2.99,276954
2020-06-09,3.04,3.3,3.0,3.3,229224
2020-06-10,3.32,3.34,3.04,3.07,226268
2020-06-11,3.06,3.12,2.66,2.74,392752
2020-06-12,2.54,2.71,2.44,2.62,453200
2020-06-15,2.54,2.55,2.16,2.21,355601
2020-06-16,2.34,2.35,2.21,2.25,219536
2020-06-17,2.22,2.38,2.16,2.36,186423
2020-06-18,2.37,2.7,2.27,2.56,323510
2020-06-19,2.6,2.74,2.49,2.56,238362
2020-06-22,2.55,2.61,2.35,2.38,218358
2020-06-23,2.4,2.4,2.22,2.25,163907
2020-06-24,2.3,2.41,2.2,2.28,166622
2020-06-29,2.26,2.26,1.99,1.99,244980
2020-06-30,2.05,2.1,1.91,1.96,276000
2020-07-01,1.99,2.35,1.97,2.34,309199
2020-07-02,2.34,2.74,2.3,2.71,435454
2020-07-03,2.73,3.62,2.73,3.48,797624
2020-07-06,3.48,4.5,3.48,4.5,1018304
2020-07-07,4.85,5.3,4.4,4.54,1064174
2020-07-08,4.35,4.59,4.03,4.45,734684
2020-07-09,4.46,4.95,4.36,4.64,658879
2020-07-10,4.61,4.61,4.03,4.06,497480
2020-07-13,4.0,4.39,3.82,4.21,516985
2020-07-14,4.2,4.53,3.82,4.08,563354
2020-07-15,4.21,4.29,3.69,3.76,424534
2020-07-16,3.76,3.95,3.29,3.31,469463
2020-07-17,3.38,3.54,3.05,3.18,406739
2020-07-20,3.23,3.95,3.23,3.86,431354
2020-07-21,3.96,4.01,3.67,3.78,249904
2020-07-22,3.81,3.99,3.53,3.58,452598
2020-07-23,3.48,3.56,3.1,3.36,441128
2020-07-24,3.34,3.58,3.02,3.08,469720
2020-07-27,3.2,3.23,2.93,3.14,257464
2020-07-28,3.18,3.48,3.12,3.19,319504
2020-07-29,3.19,3.3,2.95,3.26,357087
2020-07-30,3.29,3.38,3.05,3.05,355356
2020-07-31,3.09,3.24,2.91,2.93,592823
2020-08-03,3.0,3.23,3.0,3.19,460164
2020-08-04,3.25,3.42,3.14,3.24,521839
2020-08-05,3.25,3.28,3.03,3.12,335353
2020-08-06,3.14,3.17,2.9,3.06,409090
2020-08-07,3.04,3.15,2.93,2.96,275238
2020-08-10,2.96,3.09,2.8,3.06,330469
2020-08-11,3.08,3.23,2.95,2.97,332602
2020-08-12,2.9,3.16,2.89,3.15,311119
2020-08-13,3.18,3.34,3.08,3.13,349536
2020-08-14,3.11,3.25,3.03,3.23,269564
2020-08-17,3.28,3.73,3.17,3.61,526280
2020-08-18,3.6,3.78,3.46,3.66,332625
2020-08-19,3.65,3.79,3.52,3.6,386692
2020-08-20,3.55,3.62,3.33,3.46,290564
2020-08-21,3.48,3.52,3.35,3.42,238265
2020-08-24,3.49,3.74,3.43,3.53,319679
2020-08-25,3.53,3.62,3.35,3.4,191671
2020-08-26,3.38,3.47,3.15,3.16,247777
2020-08-27,3.24,3.27,3.06,3.14,258255
2020-08-28,3.15,3.49,3.12,3.45,357837
2020-08-31,3.55,3.95,3.53,3.76,625480
2020-09-01,3.71,3.78,3.55,3.75,286628
2020-09-02,3.72,3.76,3.44,3.56,255282
2020-09-03,3.58,3.75,3.5,3.7,316884
2020-09-04,3.55,4.05,3.49,3.77,576538
2020-09-07,3.84,4.07,3.65,3.67,460977
2020-09-08,3.74,4.12,3.69,4.09,636769
2020-09-09,3.98,4.17,3.81,3.86,436980
2020-09-10,3.98,4.11,3.81,3.88,382048
2020-09-11,3.9,3.93,3.48,3.59,397202
2020-09-14,3.6,3.67,3.48,3.66,230976
2020-09-15,3.64,3.74,3.59,3.66,170231
2020-09-16,3.67,3.85,3.56,3.85,337326
2020-09-17,3.84,3.98,3.71,3.75,231132
2020-09-18,3.84,4.28,3.75,4.26,598279
2020-09-21,4.32,4.37,4.06,4.27,325833
2020-09-22,4.12,4.22,4.01,4.05,250968
2020-09-23,4.1,4.14,3.87,3.89,193162
2020-09-24,3.81,3.86,3.65,3.71,218305
2020-09-25,3.79,4.03,3.79,3.93,228500
2020-09-28,4.07,4.28,4.06,4.18,301939
2020-09-29,4.25,4.29,4.08,4.11,219826
2020-09-30,4.15,4.23,3.98,4.07,253692
2020-10-09,4.25,4.41,4.1,4.18,334766
2020-10-12,4.2,4.45,4.17,4.34,379710
2020-10-13,4.3,4.51,4.19,4.39,278037
2020-10-14,4.33,4.34,4.11,4.26,223155
2020-10-15,4.26,4.57,4.12,4.35,377326
2020-10-16,4.4,4.7,4.32,4.62,491144
2020-10-19,4.63,4.82,4.42,4.44,387460
2020-10-20,4.42,4.52,4.26,4.41,256774
2020-10-21,4.4,4.43,4.27,4.35,242297
2020-10-22,4.31,4.5,4.25,4.44,267118
2020-10-23,4.4,4.46,4.25,4.28,245048
2020-10-26,4.32,4.39,4.15,4.2,225739
2020-10-27,4.18,4.48,4.13,4.33,270503
2020-10-28,4.39,4.41,4.15,4.2,219988
2020-10-29,4.08,4.18,3.8,4.11,282615
2020-10-30,4.12,4.49,3.99,4.25,452046
2020-11-02,4.25,4.49,4.08,4.3,390055
2020-11-03,4.29,4.46,4.27,4.43,319215
2020-11-04,4.4,4.8,4.32,4.72,472368
2020-11-05,4.78,4.95,4.6,4.83,407794
2020-11-06,4.89,5.48,4.88,5.43,735199
2020-11-09,5.49,5.68,5.33,5.52,612530
2020-11-10,5.55,5.77,5.27,5.45,469687
2020-11-11,5.44,5.86,5.32,5.6,488462
2020-11-12,5.45,5.48,5.2,5.32,311042
2020-11-13,5.3,5.34,4.94,5.08,309030
2020-11-16,5.23,5.57,5.19,5.4,417368
2020-11-17,5.48,5.66,5.29,5.45,316116
2020-11-18,5.41,5.54,5.15,5.39,259065
2020-11-19,5.35,5.5,5.09,5.22,283752
2020-11-20,5.22,5.36,5.02,5.33,239495
2020-11-23,5.4,6.17,5.4,5.98,805493
2020-11-24,6.03,6.05,5.72,6.0,394906
2020-11-25,6.2,6.62,5.99,6.02,662996
2020-11-26,6.05,6.6,6.02,6.56,620184
2020-11-27,6.54,6.92,6.29,6.9,601280
2020-11-30,6.94,7.77,6.72,7.22,943355
2020-12-01,7.3,7.7,7.05,7.34,587971
2020-12-02,7.3,7.64,7.14,7.59,412134
2020-12-03,7.48,7.49,6.6,6.67,613649
2020-12-04,6.62,6.65,6.27,6.49,422878
2020-12-07,6.58,6.6,5.92,6.08,503087
2020-12-08,6.15,6.26,5.92,6.0,282943
2020-12-09,6.18,6.56,6.11,6.2,471043
2020-12-10,6.29,6.45,6.1,6.14,306652
2020-12-11,6.55,6.68,6.05,6.23,384023
2020-12-14,5.6,5.65,5.05,5.05,837113
2020-12-15,5.1,5.26,4.85,5.26,479271
2020-12-16,5.26,5.56,5.16,5.34,312665
2020-12-17,5.31,5.8,5.16,5.73,418906
2020-12-18,6.05,6.72,5.99,6.67,661011
2020-12-21,6.74,6.74,6.18,6.4,505523
2020-12-22,6.14,6.3,5.2,5.4,646597
2020-12-23,5.38,5.65,5.26,5.55,352565
2020-12-24,5.55,5.83,5.31,5.62,267469
2020-12-25,5.65,6.24,5.42,6.07,358436
2020-12-28,6.22,6.37,5.84,6.15,337590
2020-12-29,6.1,6.2,5.58,5.65,377710
2020-12-30,5.56,5.85,5.51,5.63,282866
2020-12-31,5.64,5.71,5.39,5.61,505891
2021-01-04,5.52,5.67,5.43,5.59,357837
2021-01-05,5.62,5.62,4.96,5.25,497937
2021-01-06,5.22,5.55,5.19,5.55,428082
2021-01-07,5.68,6.06,5.61,5.86,577429
2021-01-08,5.97,6.23,5.75,6.23,573641
2021-01-11,6.22,6.23,5.5,5.66,629564
2021-01-12,5.56,5.82,5.4,5.82,375330
2021-01-13,5.87,6.6,5.77,6.41,725495
2021-01-14,6.3,6.72,6.09,6.22,501605
2021-01-15,6.25,6.7,6.24,6.33,512601
2021-01-18,6.34,6.74,6.18,6.52,496979
2021-01-19,6.54,7.08,6.23,6.34,671637
2021-01-20,6.21,6.51,6.05,6.41,426121
2021-01-21,6.35,6.68,6.34,6.5,487884
2021-01-22,6.51,6.51,5.93,6.26,442720
2021-01-25,6.1,6.1,5.73,5.85,355441
2021-01-26,5.85,6.07,5.6,5.64,298709
2021-01-27,5.61,5.92,5.54,5.7,244962
2021-01-28,5.58,5.58,5.3,5.36,269449
2021-01-29,5.37,5.58,4.91,5.0,291068
2021-02-01,4.63,4.72,4.43,4.58,359799
2021-02-02,4.69,4.69,4.45,4.46,261601
2021-02-03,4.54,4.68,4.35,4.37,255960
2021-02-04,4.33,4.37,3.94,4.28,358789
2021-02-05,4.31,4.33,3.95,3.95,289790
2021-02-08,3.99,4.14,3.82,4.02,305022
2021-02-09,4.03,4.26,3.9,4.22,259410
2021-02-10,4.23,4.4,4.1,4.33,299902
2021-02-18,4.7,5.08,4.7,5.02,510772
2021-02-19,5.0,5.87,4.8,5.71,606391
2021-02-22,5.78,7.07,5.78,6.49,902749
2021-02-23,6.37,6.37,5.91,5.96,544335
2021-02-24,6.06,6.3,5.65,5.73,349226
2021-02-25,6.03,6.29,5.89,6.12,355541
2021-02-26,5.71,6.0,5.2,5.35,500440
2021-03-01,5.43,5.6,5.21,5.42,369765
2021-03-02,5.4,6.27,5.3,5.58,694534
2021-03-03,5.54,6.05,5.44,5.96,454987
2021-03-04,5.88,5.95,5.53,5.7,402373
2021-03-05,5.51,5.91,5.5,5.78,423569
2021-03-08,5.82,6.07,5.57,5.61,298398
2021-03-09,5.57,6.26,5.3,5.72,537395
2021-03-10,5.75,5.95,5.5,5.57,350840
2021-03-11,5.55,5.93,5.53,5.88,306717
2021-03-12,5.89,6.6,5.67,6.17,555295
2021-03-15,6.05,6.86,5.98,6.8,750528
2021-03-16,6.82,6.89,6.4,6.64,370256
2021-03-17,6.56,6.62,6.03,6.57,386870
2021-03-18,6.48,6.8,6.35,6.52,256780
2021-03-19,6.3,6.75,6.2,6.3,355845
2021-03-22,6.26,6.47,6.18,6.31,342324
2021-03-23,6.32,6.39,5.64,5.73,396836
2021-03-24,5.65,5.67,5.31,5.38,240485
2021-03-25,5.37,5.76,5.31,5.7,211438
2021-03-26,5.65,5.92,5.54,5.73,209743
2021-03-29,7.03,7.54,6.76,7.54,1318853
2021-03-30,7.6,8.25,7.43,7.99,1158286
2021-03-31,7.72,7.85,7.41,7.7,513005
2021-04-01,7.71,7.76,7.32,7.48,351751
2021-04-02,7.54,7.59,7.3,7.38,237900
2021-04-06,7.4,7.46,6.93,7.1,278580
2021-04-07,7.1,7.19,6.92,7.12,292902
2021-04-08,7.2,7.36,6.96,7.12,289613
2021-04-09,7.06,7.33,6.96,7.11,298217
2021-04-12,7.18,7.28,6.93,7.2,322658
2021-04-13,7.16,7.23,6.66,6.92,315026
2021-04-14,7.0,7.17,6.83,7.13,220069
2021-04-15,7.15,7.53,7.1,7.37,327207
2021-04-16,7.36,7.73,7.26,7.42,326475
2021-04-19,7.43,7.65,7.35,7.45,311787
2021-04-20,7.35,7.64,7.15,7.49,245964
2021-04-21,7.4,7.41,7.17,7.29,174090
2021-04-22,7.42,7.62,7.4,7.53,227734
2021-04-23,7.45,7.45,7.08,7.15,287626
2021-04-26,6.98,7.23,6.8,6.84,455645
2021-04-27,6.82,6.88,6.35,6.7,359434
2021-04-28,6.72,7.1,6.7,7.1,253620
2021-04-29,7.08,7.35,6.78,7.23,292716
2021-04-30,7.2,7.2,6.74,6.81,304898
2021-05-06,6.95,7.48,6.95,7.39,469771
2021-05-07,7.46,7.95,7.36,7.62,585910
2021-05-10,7.9,8.58,7.75,8.57,763953
2021-05-11,8.17,8.38,7.46,8.13,631135
2021-05-12,8.17,8.7,8.17,8.49,471126
2021-05-13,8.1,8.25,7.66,7.79,373507
2021-05-14,7.78,7.98,7.46,7.56,385728
2021-05-17,7.62,7.95,7.41,7.8,318078
2021-05-18,7.82,8.14,7.76,8.07,252763
2021-05-19,8.08,8.08,7.66,7.9,181169
2021-05-20,7.42,7.49,6.91,7.21,471325
2021-05-21,7.07,7.44,7.07,7.25,185282
2021-05-24,7.23,7.39,7.12,7.18,185180
2021-05-25,7.2,7.4,6.82,7.36,359419
2021-05-26,7.34,7.5,7.2,7.43,179613
2021-05-27,7.45,7.61,7.37,7.58,296682
2021-05-28,7.6,7.74,7.33,7.53,240689
2021-05-31,7.54,7.63,7.43,7.58,159795
2021-06-01,7.61,7.67,7.18,7.67,250439
2021-06-02,7.66,7.79,7.4,7.76,313933
2021-06-03,7.82,8.3,7.82,8.05,505957
2021-06-04,7.8,8.1,7.58,7.88,284693
2021-06-07,7.91,8.05,7.7,7.9,217101
2021-06-08,7.86,7.96,7.68,7.81,195089
2021-06-09,7.88,8.33,7.79,8.14,339807
2021-06-10,8.14,8.26,7.96,8.03,272408
2021-06-11,8.11,8.25,8.04,8.18,239894
2021-06-15,8.29,8.34,7.72,7.9,274721
2021-06-16,8.01,8.31,7.84,8.07,262395
2021-06-17,8.07,8.19,7.69,7.92,229638
2021-06-18,7.82,7.9,7.18,7.44,400671
2021-06-21,7.28,7.28,6.98,7.06,288269
2021-06-22,7.08,7.25,6.92,7.02,286712
2021-06-23,7.14,7.48,7.04,7.47,325194
2021-06-24,7.45,7.85,7.3,7.57,333896
2021-06-25,7.68,7.99,7.66,7.92,305060
2021-06-28,7.57,7.58,7.22,7.25,335066
2021-06-29,7.19,7.25,7.0,7.05,263082
2021-06-30,7.13,7.3,7.06,7.12,131074
2021-07-01,7.14,7.24,7.0,7.02,180213
2021-07-02,7.0,7.12,6.84,6.88,212687
2021-07-05,7.04,7.56,7.03,7.56,322877
2021-07-06,7.6,7.67,7.39,7.52,192903
2021-07-07,7.42,7.55,7.35,7.5,170517
2021-07-08,7.51,7.52,7.01,7.33,275741
2021-07-09,7.3,7.6,7.25,7.58,395282
2021-07-12,7.54,7.56,6.41,7.03,521014
2021-07-13,7.01,7.2,6.97,7.19,227624
2021-07-14,7.27,7.58,7.11,7.32,252739
2021-07-15,7.29,7.39,7.05,7.32,181771
2021-07-16,7.39,7.72,7.34,7.49,253629
2021-07-19,7.6,7.76,7.32,7.61,276305
2021-07-20,7.45,7.46,7.18,7.31,185760
2021-07-21,7.36,7.39,6.94,7.04,221965
2021-07-22,7.01,7.26,7.01,7.15,146221
2021-07-23,7.22,7.55,7.11,7.18,223822
2021-07-26,7.2,7.2,6.57,6.68,295358
2021-07-27,6.72,7.01,6.41,6.44,295159
2021-07-28,6.46,6.63,6.11,6.29,244989
2021-07-29,6.49,6.51,6.16,6.29,249787
2021-07-30,6.36,6.59,6.21,6.41,264605
2021-08-02,6.27,6.71,6.11,6.65,354968
2021-08-03,6.6,6.77,6.41,6.67,310872
2021-08-04,6.61,6.82,6.52,6.76,233550
2021-08-05,6.69,6.94,6.67,6.84,300208
2021-08-06,6.81,6.94,6.72,6.93,296511
2021-08-09,6.93,7.05,6.7,6.99,273858
2021-08-10,6.95,7.2,6.94,7.1,390126
2021-08-11,7.16,7.39,7.09,7.32,352946
2021-08-12,7.31,7.45,7.21,7.3,404581
2021-08-13,7.28,7.46,7.23,7.37,246340
2021-08-16,7.45,7.68,7.32,7.34,267231
2021-08-17,7.22,7.63,7.11,7.19,358409
2021-08-18,7.19,7.26,6.8,6.97,385073
2021-08-19,6.94,6.94,6.66,6.8,252678
2021-08-20,6.74,6.9,6.4,6.67,308147
2021-08-23,6.87,7.17,6.83,7.09,317903
2021-08-24,7.22,7.35,7.12,7.21,297206
2021-08-25,7.21,7.49,7.14,7.43,321531
2021-08-26,7.49,7.91,7.44,7.65,541140
2021-08-27,7.38,7.72,7.32,7.57,400285
2021-08-30,7.71,8.49,7.51,8.34,810753
2021-08-31,8.2,9.52,8.12,9.41,1232334
2021-09-01,9.56,9.89,8.67,8.94,994450
2021-09-02,8.94,9.86,8.93,9.52,823190
2021-09-03,9.3,9.55,9.08,9.38,582373
2021-09-06,9.67,10.46,9.67,10.18,737850
2021-09-07,10.41,10.91,10.03,10.69,745919
2021-09-08,10.44,11.44,10.4,11.22,869354
2021-09-09,11.41,13.4,10.83,13.4,1787923
2021-09-10,12.92,12.98,11.62,11.81,1360335
2021-09-13,12.01,13.59,11.99,13.36,1068556
2021-09-14,12.69,13.22,12.12,12.57,779014
2021-09-15,12.69,12.8,11.96,12.28,567244
2021-09-16,12.8,13.86,12.23,12.57,848390
2021-09-17,11.99,12.61,10.43,11.03,1024263
2021-09-22,10.86,13.19,10.81,13.19,1021748
2021-09-23,13.61,13.71,11.92,12.84,1069747
2021-09-24,12.33,12.34,11.23,11.31,775209
2021-09-27,11.77,11.91,11.06,11.34,563866
2021-09-28,11.66,12.45,11.11,12.22,797804
2021-09-29,12.41,12.76,11.27,11.58,631546
2021-09-30,11.63,12.46,11.42,12.07,651569
2021-10-08,12.52,12.54,10.81,10.81,997743
2021-10-11,11.2,12.01,11.15,11.83,717701
2021-10-12,12.08,12.92,11.03,11.65,669752
2021-10-13,11.69,11.69,10.29,10.93,589487
2021-10-14,10.56,10.89,10.24,10.6,375058
2021-10-15,10.69,11.47,10.44,11.37,611178
2021-10-18,11.34,13.25,11.24,13.0,1050679
2021-10-19,12.94,13.48,12.6,12.87,658259
2021-10-20,10.91,11.59,10.91,11.38,861796
2021-10-21,11.4,12.86,11.38,12.47,717217
2021-10-22,12.18,12.49,10.99,11.04,995572
2021-10-25,11.09,12.23,10.92,11.76,657318
2021-10-26,12.01,12.07,11.13,11.27,483469
2021-10-27,10.91,11.14,10.2,10.39,643267
2021-10-28,9.8,9.91,8.67,9.56,1123682
2021-10-29,9.37,9.63,8.92,9.3,472837
2021-11-01,9.16,9.65,9.07,9.5,388264
2021-11-02,9.51,9.86,8.67,9.01,534981
2021-11-03,9.13,9.63,8.93,9.51,508356
2021-11-04,9.24,9.6,9.13,9.55,359300
2021-11-05,9.44,9.44,8.91,8.91,328368
2021-11-08,9.16,9.36,8.89,9.2,287925
2021-11-09,9.11,9.26,8.82,8.86,286029
2021-11-10,8.83,8.83,7.98,8.49,537414
2021-11-11,8.43,8.69,8.32,8.64,287001
2021-11-12,8.55,8.71,8.43,8.53,236398
2021-11-15,8.51,8.7,8.31,8.54,224458
2021-11-16,8.54,8.65,8.27,8.36,164180
2021-11-17,8.38,8.62,8.24,8.44,228013
2021-11-18,8.58,8.69,8.38,8.51,243698
2021-11-19,8.5,8.84,8.36,8.75,235332
2021-11-22,8.89,9.01,8.59,8.78,230227
2021-11-23,8.77,9.24,8.39,8.99,330131
2021-11-24,9.05,9.61,9.01,9.57,356714
2021-11-25,9.68,9.85,9.38,9.72,289948
2021-11-26,9.47,9.48,9.07,9.13,197732
2021-11-29,8.83,9.01,8.7,8.98,208421
2021-11-30,9.01,9.21,8.81,8.95,204008
2021-12-01,8.91,9.56,8.84,9.51,266704
2021-12-02,9.43,10.13,9.42,10.09,490852
2021-12-03,9.86,12.07,9.67,12.01,973767
2021-12-06,11.74,12.67,11.45,11.6,616276
2021-12-07,11.81,11.85,11.12,11.49,350762
2021-12-08,11.5,11.65,10.75,11.16,515542
2021-12-09,11.14,11.59,11.03,11.21,361985
2021-12-10,11.21,11.55,11.01,11.11,304838
2021-12-13,11.31,11.81,11.12,11.21,389947
2021-12-14,11.03,11.15,10.51,10.65,403163
2021-12-15,10.68,10.93,10.49,10.78,228528
2021-12-16,11.06,12.77,10.96,12.26,819572
2021-12-17,12.17,12.17,11.31,11.44,510950
2021-12-20,11.33,11.66,11.01,11.17,312814
2021-12-21,11.21,11.96,11.02,11.61,262338
2021-12-22,11.56,11.68,11.26,11.52,281397
2021-12-23,11.41,12.19,11.38,12.08,283407
2021-12-24,12.01,12.13,11.73,11.87,240523
2021-12-27,11.98,12.68,11.83,12.21,284122
2021-12-28,12.49,12.51,11.38,11.69,340842
2021-12-29,11.74,12.06,11.59,11.69,198245
2021-12-30,11.52,11.83,11.32,11.35,220861
2021-12-31,11.41,12.33,11.41,11.93,396563
2022-01-04,12.41,12.86,11.71,12.14,509858
2022-01-05,11.97,12.26,11.77,11.81,347745
2022-01-06,11.81,11.92,11.59,11.63,237672
2022-01-07,11.66,12.11,11.6,11.92,302298
2022-01-10,11.91,12.25,11.82,12.19,316024
2022-01-11,12.01,12.21,11.72,12.11,221171
2022-01-12,12.16,12.29,11.71,12.24,269818
2022-01-13,12.31,12.92,12.22,12.6,394331
2022-01-14,12.51,12.51,11.84,11.93,275016
2022-01-17,12.02,12.13,11.77,11.8,166869
2022-01-18,11.8,12.84,11.71,12.75,379622
2022-01-19,12.76,13.3,12.68,12.92,344298
2022-01-20,12.78,13.4,12.73,13.29,313883
2022-01-21,13.41,13.69,12.84,13.42,345158
2022-01-24,13.42,13.98,13.01,13.53,293846
2022-01-25,13.35,13.51,12.79,12.81,289438
2022-01-26,12.81,13.0,12.25,12.58,312481
2022-01-27,12.6,13.37,12.43,12.89,360126
2022-01-28,12.67,13.1,11.91,11.95,383170
2022-02-07,12.5,13.28,12.14,12.92,403619
2022-02-08,13.41,14.52,12.97,14.37,796746
2022-02-09,14.39,14.42,13.61,13.85,493715
2022-02-10,13.48,15.14,13.09,15.01,632340
2022-02-11,14.77,16.2,14.47,15.52,724754
2022-02-14,15.47,15.76,14.97,15.18,325632
2022-02-15,14.94,14.95,14.21,14.51,328781
2022-02-16,14.51,15.1,14.39,14.6,233620
2022-02-17,14.41,15.07,14.33,14.72,260354
2022-02-18,14.69,15.51,14.59,15.2,409780
2022-02-21,15.39,15.96,14.99,15.82,403314
2022-02-22,15.59,16.29,15.47,16.01,382941
2022-02-23,15.89,15.9,14.71,14.92,455224
2022-02-24,14.96,15.32,14.41,14.91,412870
2022-02-25,14.67,15.07,13.31,13.98,646066
2022-02-28,13.91,14.79,13.88,14.65,473767
2022-03-01,14.77,15.69,14.47,15.46,408444
2022-03-02,15.71,15.85,15.21,15.71,320770
2022-03-03,15.77,16.57,15.74,16.38,459660
2022-03-04,16.21,17.19,15.81,16.63,438601
2022-03-07,17.21,17.3,16.26,16.46,420150
2022-03-08,16.11,16.65,15.11,15.27,654644
2022-03-09,15.55,17.02,15.12,16.33,618371
2022-03-10,15.81,16.91,15.16,15.98,596590
2022-03-11,16.08,16.79,15.12,16.31,495395
2022-03-14,15.71,16.97,15.51,15.61,475784
2022-03-15,15.41,15.43,13.51,13.54,844696
2022-03-16,13.96,14.53,12.74,14.21,527638
2022-03-17,14.41,14.49,12.91,13.78,726637
2022-03-18,13.56,14.83,13.53,14.44,561822
2022-03-21,14.59,16.05,14.59,15.51,476729
2022-03-22,15.38,16.43,15.33,16.29,466144
2022-03-23,16.4,16.4,15.42,15.96,312423
2022-03-24,16.3,16.94,16.16,16.61,347795
2022-03-25,16.33,17.21,16.15,16.59,368687
2022-03-28,17.42,18.87,17.42,18.63,760133
2022-03-29,18.41,19.65,18.18,19.49,662093
2022-03-30,19.11,19.43,18.03,18.44,593829
2022-03-31,18.56,19.2,18.11,19.18,454867
2022-04-01,18.71,19.37,18.43,18.94,358288
2022-04-06,18.58,18.73,17.8,18.61,363694
2022-04-07,18.51,19.54,18.3,19.19,376307
2022-04-08,19.43,20.09,19.21,19.98,441370
2022-04-11,19.56,21.21,19.49,20.71,585104
2022-04-12,21.01,21.53,20.01,20.36,464063
2022-04-13,20.37,21.41,20.37,21.4,403711
2022-04-14,21.24,21.86,20.92,21.69,372982
2022-04-15,21.81,22.39,20.18,20.44,525017
2022-04-18,19.51,20.89,19.18,19.38,652775
2022-04-19,19.55,20.46,19.02,20.21,427827
2022-04-20,19.91,19.99,18.77,18.97,438787
2022-04-21,19.21,19.51,18.48,18.63,352746
2022-04-22,18.19,19.6,18.09,19.1,334046
2022-04-25,18.44,19.02,17.5,18.11,497909
2022-04-26,18.21,18.4,17.13,17.88,367490
2022-04-27,17.73,18.61,17.44,18.38,412550
2022-04-28,19.42,20.85,19.37,20.62,671984
2022-04-29,20.62,20.63,19.51,20.19,486238
2022-05-05,20.51,20.71,19.83,20.04,364810
2022-05-06,19.66,20.67,19.43,19.65,382084
2022-05-09,19.31,19.32,18.31,19.02,324094
2022-05-10,18.35,18.35,17.42,18.09,448589
2022-05-11,18.0,18.65,17.91,18.65,364391
2022-05-12,18.69,18.89,17.84,18.05,271686
2022-05-13,18.17,20.21,18.13,20.21,567981
2022-05-16,20.21,20.55,19.73,20.41,382605
2022-05-17,20.55,21.27,20.27,20.84,321821
2022-05-18,20.63,20.96,20.32,20.57,323374
2022-05-19,20.21,20.59,19.51,20.38,321721
2022-05-20,20.61,21.99,20.45,21.76,419028
2022-05-23,21.96,22.49,21.48,21.89,361659
2022-05-24,21.85,22.55,21.65,21.92,326797
2022-05-25,22.03,22.75,21.85,22.54,286940
2022-05-26,22.71,22.99,22.29,22.74,281182
2022-05-27,22.77,23.9,22.46,23.9,435503
2022-05-30,24.0,24.1,22.84,23.37,340960
2022-05-31,23.27,23.46,22.6,23.37,400203
2022-06-01,22.92,23.28,22.51,23.2,372566
2022-06-02,22.91,23.21,22.35,22.6,329514
2022-06-06,22.89,23.52,22.46,23.44,326551
2022-06-07,23.17,23.8,22.56,23.11,330807
2022-06-08,23.4,24.62,23.19,24.6,377379
2022-06-09,24.33,24.94,23.91,24.24,324787
2022-06-10,23.81,24.49,23.65,24.22,355001
2022-06-13,23.76,24.15,22.62,23.14,455457
2022-06-14,22.81,23.94,22.76,23.92,315527
2022-06-15,23.82,24.07,23.11,23.11,356079
2022-06-16,23.12,23.31,21.65,21.81,530521
2022-06-17,21.64,22.36,21.54,21.97,360932
2022-06-20,21.41,21.42,20.23,20.45,642208
2022-06-21,20.41,20.96,20.37,20.59,384117
2022-06-22,20.79,20.96,20.01,20.14,414555
2022-06-23,20.16,20.9,19.72,20.77,323790
2022-06-24,20.77,21.11,20.2,20.61,379649
2022-06-27,20.69,22.06,20.65,21.83,438137
2022-06-28,22.09,22.53,21.76,22.25,321177
2022-06-29,22.2,22.98,22.11,22.38,315984
2022-06-30,22.13,22.9,21.96,22.71,304796
2022-07-01,22.42,22.71,21.51,22.53,293252
2022-07-04,22.67,23.1,22.17,22.81,360742
2022-07-05,23.09,23.81,22.91,23.81,442985
2022-07-06,23.22,23.23,21.49,21.76,435836
2022-07-07,21.76,22.79,21.33,22.61,345211
2022-07-08,23.13,23.38,22.65,22.86,403635
2022-07-11,21.95,22.0,20.83,20.95,521250
2022-07-12,20.96,21.72,20.85,21.68,281641
2022-07-13,21.15,21.48,20.78,21.32,197865
2022-07-14,21.42,21.92,21.32,21.52,160736
2022-07-15,21.79,23.0,21.59,21.7,402869
2022-07-18,21.85,22.55,21.85,22.48,259870
2022-07-19,22.55,22.56,21.69,22.04,212269
2022-07-20,22.18,22.24,21.65,21.7,184857
2022-07-21,21.5,21.54,20.01,20.04,488509
2022-07-22,19.95,20.57,19.9,20.29,219611
2022-07-25,20.25,20.68,20.16,20.55,162163
2022-07-26,20.64,21.29,20.45,21.0,191336
2022-07-27,21.0,21.19,20.67,20.78,174672
2022-07-28,21.03,21.09,20.48,20.69,212479
2022-07-29,20.76,21.01,20.03,20.05,285605
2022-08-01,20.06,20.53,19.71,20.39,244568
2022-08-02,19.95,20.29,19.65,19.92,250504
2022-08-03,20.1,20.15,19.47,19.57,236284
2022-08-04,19.53,19.69,19.15,19.56,225171
2022-08-05,19.56,19.9,18.62,19.24,314161
2022-08-08,18.98,19.91,18.9,19.84,219592
2022-08-09,19.85,20.8,19.85,20.44,256431
2022-08-10,20.44,20.75,19.88,20.3,205266
2022-08-11,20.62,20.63,20.03,20.4,167067
2022-08-12,20.5,20.95,20.45,20.89,213494
2022-08-15,20.91,21.68,20.65,21.17,258605
2022-08-16,21.04,21.34,20.77,21.14,155991
2022-08-17,21.15,21.27,20.83,21.01,153427
2022-08-18,21.06,21.33,20.55,20.93,178229
2022-08-19,20.8,21.84,20.8,21.65,262481
2022-08-22,21.71,22.35,21.71,22.1,333461
2022-08-23,22.1,22.88,21.73,22.51,330695
2022-08-24,22.55,23.14,22.24,22.79,373146
2022-08-25,22.66,24.33,22.6,24.33,613556
2022-08-26,23.95,23.95,23.04,23.21,511584
2022-08-29,22.82,23.91,22.45,23.83,396706
2022-08-30,23.75,23.78,22.32,22.47,380565
2022-08-31,22.35,22.72,21.95,22.29,296694
2022-09-01,22.17,23.54,21.96,23.06,339098
2022-09-02,23.03,23.2,22.46,22.61,238429
2022-09-05,23.15,24.7,22.85,24.51,494128
2022-09-06,24.51,25.16,24.21,24.83,371478
2022-09-07,24.55,24.92,24.45,24.56,215171
2022-09-08,24.18,24.65,23.81,24.25,230752
2022-09-09,24.64,24.9,24.16,24.68,279549
2022-09-13,24.47,24.6,23.73,24.4,258071
2022-09-14,24.05,24.72,24.02,24.3,159587
2022-09-15,24.63,25.3,23.84,24.34,296037
2022-09-16,24.07,24.27,22.9,22.91,401038
2022-09-19,23.02,23.82,23.02,23.45,223260
2022-09-20,23.66,23.79,23.13,23.3,129365
2022-09-21,23.29,23.55,22.95,23.13,170677
2022-09-22,22.87,24.05,22.83,23.94,215552
2022-09-23,23.93,24.2,23.05,23.13,163003
2022-09-26,22.6,23.5,22.25,22.31,258593
2022-09-27,22.85,22.92,21.55,22.35,224216
2022-09-28,22.33,22.95,22.29,22.59,205642
2022-09-29,23.04,23.95,22.7,23.36,267505
2022-09-30,23.55,23.87,23.05,23.59,219426
2022-10-10,23.94,24.37,23.83,23.93,264337
2022-10-11,23.95,24.25,23.32,23.56,155046
2022-10-12,23.45,23.95,23.15,23.88,165652
2022-10-13,23.83,24.04,22.77,23.02,192120
2022-10-14,23.29,24.04,23.15,23.49,216002
2022-10-17,23.29,23.7,22.43,23.13,207694
2022-10-18,23.17,23.8,22.83,22.94,203989
2022-10-19,22.78,23.42,22.68,22.99,195863
2022-10-20,23.06,23.11,22.3,22.4,227474
2022-10-21,22.41,23.25,22.39,22.77,181855
2022-10-24,22.65,23.1,21.7,21.8,288435
2022-10-25,22.17,22.18,21.56,21.78,207674
2022-10-26,21.66,21.99,20.75,20.96,341676
2022-10-27,21.0,21.61,21.0,21.28,250144
2022-10-28,21.25,22.0,21.1,21.31,303701
2022-10-31,21.46,22.57,19.9,19.98,612529
2022-11-01,20.16,20.58,19.52,20.37,435545
2022-11-02,20.26,21.3,19.96,21.1,268567
2022-11-03,21.1,21.41,20.69,20.78,179834
2022-11-04,20.75,22.1,20.72,21.69,231322
2022-11-07,21.75,22.64,21.57,22.12,303930
2022-11-08,22.23,22.55,21.72,21.86,183339
2022-11-09,21.8,22.03,21.25,21.36,158472
2022-11-10,21.06,21.54,20.13,21.4,288026
2022-11-11,21.8,21.94,21.31,21.8,303617
2022-11-14,21.9,22.18,20.36,20.55,522271
2022-11-15,20.45,20.73,20.05,20.54,270129
2022-11-16,20.7,21.09,20.45,20.79,308087
2022-11-17,20.62,20.65,20.08,20.19,292368
2022-11-18,20.28,20.48,20.02,20.23,203289
2022-11-21,19.95,20.29,19.78,19.94,272316
2022-11-22,19.96,20.78,19.91,20.52,332483
2022-11-23,20.54,21.73,20.53,21.29,433351
2022-11-24,21.1,21.65,21.08,21.36,200634
2022-11-25,21.28,22.45,21.2,22.21,461716
2022-11-28,21.83,22.49,21.7,22.32,330933
2022-11-29,22.35,22.53,21.85,22.2,280791
2022-11-30,22.25,22.94,21.94,22.5,345741
2022-12-01,22.82,22.92,21.77,21.81,353077
2022-12-02,21.74,22.0,21.21,21.34,233122
2022-12-05,21.75,21.9,21.36,21.78,284412
2022-12-06,21.56,22.0,21.27,21.9,230757
2022-12-07,21.95,21.95,21.01,21.19,323021
2022-12-08,21.19,21.31,20.81,21.05,201381
2022-12-09,21.0,21.15,20.88,21.06,241629
2022-12-12,20.96,21.32,20.3,20.38,297199
2022-12-13,20.53,20.83,20.23,20.6,213783
2022-12-14,20.68,20.85,20.42,20.77,161160
2022-12-15,20.66,20.84,20.15,20.33,208564
2022-12-16,20.36,20.7,20.27,20.53,206628
2022-12-19,20.48,20.55,19.93,20.09,233771
2022-12-20,20.09,20.21,19.7,19.86,218381
2022-12-21,19.86,19.93,19.63,19.68,171637
2022-12-22,19.88,20.04,19.37,19.47,209103
2022-12-23,19.52,19.65,19.16,19.62,124787
2022-12-26,19.61,19.73,19.46,19.62,123947
2022-12-27,19.74,20.23,19.68,20.02,195230
2022-12-28,19.9,20.2,19.86,20.11,180957
2022-12-29,20.02,20.04,19.36,19.52,219179
2022-12-30,19.55,19.88,19.51,19.57,146947
2023-01-03,19.57,20.0,19.45,19.96,244459
2023-01-04,19.9,20.0,19.35,19.68,261793
2023-01-05,19.68,19.73,19.38,19.55,246954
2023-01-06,19.54,19.65,19.4,19.57,211119
2023-01-09,19.73,19.8,19.45,19.65,214660
2023-01-10,19.56,19.66,19.21,19.39,202592
2023-01-11,19.59,20.84,19.38,20.77,582387
2023-01-12,20.65,20.9,20.31,20.75,300728
2023-01-13,20.75,21.36,20.74,20.93,263790
2023-01-16,20.9,20.92,20.43,20.57,383422
2023-01-17,20.55,20.7,20.22,20.61,209511
2023-01-18,20.55,21.02,20.44,20.46,190406
2023-01-19,20.58,20.8,20.23,20.51,193338
2023-01-20,20.5,20.8,20.44,20.66,202709
2023-01-30,20.7,20.73,19.99,20.01,390112
2023-01-31,20.23,20.5,20.15,20.34,260681
2023-02-01,20.36,20.36,20.05,20.23,282406
2023-02-02,20.23,20.49,19.99,20.44,296198
2023-02-03,20.25,20.4,20.1,20.2,248147
2023-02-06,20.08,20.23,19.98,20.07,219793
2023-02-07,20.07,20.27,20.02,20.1,176179
2023-02-08,20.13,20.17,19.85,19.86,188968
2023-02-09,19.8,20.13,19.78,19.98,163293
2023-02-10,19.95,19.98,19.58,19.65,202951
2023-02-13,19.63,19.65,19.21,19.38,327839
2023-02-14,19.45,19.54,19.21,19.47,183380
2023-02-15,19.44,19.55,19.12,19.16,276633
2023-02-16,19.25,19.35,18.71,18.85,301538
2023-02-17,18.8,19.17,18.77,18.98,265483
2023-02-20,19.04,19.62,19.04,19.53,359757
2023-02-21,19.5,19.91,19.36,19.84,332043
2023-02-22,19.76,20.03,19.63,19.81,280429
2023-02-23,20.25,20.41,19.84,19.97,348366
2023-02-24,19.88,19.95,19.69,19.8,221077
2023-02-27,19.8,20.15,19.8,19.91,258091
2023-02-28,19.93,19.99,19.75,19.95,183531
2023-03-01,19.95,20.13,19.85,20.01,227893
2023-03-02,20.01,20.42,19.91,20.13,270931
2023-03-03,20.25,20.47,20.04,20.41,335674
2023-03-06,20.37,20.48,19.95,20.09,326730
2023-03-07,20.03,21.72,20.03,20.82,783878
2023-03-08,20.65,20.69,20.23,20.43,284545
2023-03-09,20.47,20.99,20.33,20.5,250485
2023-03-10,20.41,20.41,20.02,20.07,255883
2023-03-13,20.03,21.03,20.03,20.97,376149
2023-03-14,20.95,21.35,20.56,20.68,292098
2023-03-15,20.85,21.01,20.58,20.79,244911
2023-03-16,20.35,20.55,19.95,19.99,387842
2023-03-17,20.19,20.85,20.11,20.52,327144
2023-03-20,20.61,21.27,20.34,20.78,438215
2023-03-21,20.88,20.93,20.32,20.48,276822
2023-03-22,20.55,20.95,20.47,20.82,234025
2023-03-23,20.85,21.4,20.77,21.33,419780
2023-03-24,21.44,21.45,20.61,20.93,393660
2023-03-27,19.85,20.03,19.25,19.63,878352
2023-03-28,19.63,19.7,19.25,19.33,469813
2023-03-29,19.43,19.48,19.13,19.22,249360
2023-03-30,19.23,20.1,19.15,20.08,443055
2023-03-31,20.01,20.22,19.9,20.12,196986
2023-04-03,20.25,20.5,19.83,19.84,290884
2023-04-04,19.85,20.24,19.76,20.16,223978
2023-04-06,20.16,20.16,19.83,19.87,158254
2023-04-07,19.85,19.95,19.59,19.69,204043
2023-04-10,19.55,19.62,19.39,19.56,196285
2023-04-11,19.6,19.69,19.28,19.53,181548
2023-04-12,19.6,20.06,19.48,19.8,226752
2023-04-13,19.8,20.24,19.73,20.12,260121
2023-04-14,20.13,20.49,19.97,20.35,345019
2023-04-17,20.34,21.11,20.23,20.99,388103
2023-04-18,21.07,21.4,20.91,21.32,316310
2023-04-19,21.32,21.56,21.22,21.24,275058
2023-04-20,21.11,21.4,20.9,21.2,263022
2023-04-21,21.1,21.44,20.98,20.98,243053
2023-04-24,21.02,21.33,20.71,20.86,225697
2023-04-25,20.86,21.05,20.48,20.74,264244
2023-04-26,20.8,20.97,20.5,20.64,180684
2023-04-27,20.72,20.83,20.06,20.67,305685
2023-04-28,20.6,21.11,20.53,21.03,214440
2023-05-04,20.8,21.66,20.37,21.52,361589
2023-05-05,21.51,22.23,21.36,21.84,318011
2023-05-08,21.83,24.07,21.83,23.68,839923
2023-05-09,23.94,24.51,23.5,23.63,535704
2023-05-10,23.55,23.75,22.87,23.31,439997
2023-05-11,23.15,23.31,22.68,22.98,255264
2023-05-12,23.0,23.4,22.6,22.79,289660
2023-05-15,22.61,22.92,22.4,22.8,311838
2023-05-16,22.82,24.06,22.77,23.11,460320
2023-05-17,22.95,23.07,22.53,22.72,272124
2023-05-18,22.81,23.15,22.71,22.87,242080
2023-05-19,22.81,23.14,22.51,22.88,176562
2023-05-22,22.71,23.13,22.7,22.78,233790
2023-05-23,22.86,23.17,22.64,22.71,251419
2023-05-24,22.65,22.72,21.95,22.14,433865
2023-05-25,22.07,22.22,21.75,22.0,306679
2023-05-26,21.84,21.85,21.22,21.25,300569
2023-05-29,21.25,21.6,20.69,21.4,316032
2023-05-30,21.39,21.53,20.95,21.12,180787
2023-05-31,20.93,20.93,19.93,20.18,461896
2023-06-01,20.05,20.2,19.85,19.92,287543
2023-06-02,19.95,20.25,19.91,20.21,211830
2023-06-05,20.06,20.6,20.06,20.51,220546
2023-06-06,20.55,21.76,20.3,21.26,401314
2023-06-07,21.32,21.61,20.85,21.27,195066
2023-06-08,21.34,21.61,21.21,21.55,143160
2023-06-09,21.52,21.65,21.27,21.4,148189
2023-06-12,21.29,21.95,21.24,21.78,249161
2023-06-13,21.7,21.92,21.42,21.57,136829
2023-06-14,21.64,22.08,21.64,21.98,237724
2023-06-15,21.97,22.1,21.54,21.95,203560
2023-06-16,22.0,22.33,21.85,21.91,201385
2023-06-19,21.91,22.27,21.71,21.77,146501
2023-06-20,21.94,21.98,21.61,21.75,157781
2023-06-21,21.6,22.05,21.6,21.76,197074
2023-06-26,21.63,21.75,21.4,21.64,210371
2023-06-27,21.63,22.16,21.47,21.93,237151
2023-06-28,21.95,22.44,21.95,22.32,268039
2023-06-29,22.34,22.53,21.85,22.1,246879
2023-06-30,22.09,22.9,22.09,22.7,270392
2023-07-03,22.55,23.22,22.55,23.11,347124
2023-07-04,23.05,23.33,22.97,23.06,323871
2023-07-05,23.08,23.48,22.98,23.35,280969
2023-07-06,23.18,23.43,23.07,23.13,148294
2023-07-07,23.03,23.45,23.03,23.2,139376
2023-07-10,23.39,23.45,22.98,23.13,125271
2023-07-11,23.33,23.33,22.96,23.01,111533
2023-07-12,23.12,23.13,22.8,22.92,129362
2023-07-13,23.0,23.34,22.92,23.18,127676
2023-07-14,23.18,23.5,23.18,23.36,113382
2023-07-17,22.68,22.68,21.8,22.26,419159
2023-07-18,22.35,22.49,22.13,22.33,221036
2023-07-19,22.11,22.67,22.11,22.46,122922
2023-07-20,22.57,22.83,22.25,22.26,118567
2023-07-21,22.3,22.44,22.1,22.17,96275
2023-07-24,21.8,22.24,21.8,22.08,94044
2023-07-25,22.4,22.79,22.28,22.73,191605
2023-07-26,22.73,23.1,22.73,22.95,116116
2023-07-27,23.0,23.13,22.78,22.88,101848
2023-07-28,22.9,23.1,22.66,22.91,150636
2023-07-31,23.1,23.45,22.76,22.88,175667
2023-08-01,22.85,23.08,22.8,22.94,99236
2023-08-02,22.98,22.98,22.38,22.41,124474
2023-08-03,22.55,22.55,22.29,22.39,115995
2023-08-04,22.5,22.69,22.25,22.3,154940
2023-08-07,22.22,22.39,22.15,22.36,110613
2023-08-08,22.25,22.57,22.17,22.42,96656
2023-08-09,22.36,22.49,22.21,22.33,93695
2023-08-10,22.3,22.87,22.28,22.62,233490
2023-08-11,22.57,22.75,22.01,22.01,198203
2023-08-14,21.82,22.05,21.65,21.86,145388
2023-08-15,21.9,22.07,21.75,22.02,116858
2023-08-16,21.95,22.08,21.85,21.9,77242
2023-08-17,21.82,21.97,21.65,21.91,83582
2023-08-18,21.91,22.06,21.8,21.85,91086
2023-08-21,21.97,21.97,21.5,21.51,125708
2023-08-22,21.52,22.13,21.5,22.02,144916
2023-08-23,22.03,22.85,22.03,22.54,304312
2023-08-24,22.62,22.84,22.24,22.31,179049
2023-08-25,22.33,22.55,22.26,22.39,127503
2023-08-28,23.38,23.51,22.84,23.0,384128
2023-08-29,23.1,23.19,22.82,22.94,241999
2023-08-30,23.1,23.16,22.74,22.78,155966
2023-08-31,23.0,23.0,22.61,22.67,135851
2023-09-01,22.81,23.37,22.7,23.25,281428
2023-09-04,23.48,24.3,23.41,24.08,438625
2023-09-05,23.9,24.37,23.71,24.26,275303
2023-09-06,24.22,24.43,24.03,24.18,202238
2023-09-07,24.18,24.5,23.97,24.29,307826
2023-09-08,24.08,24.24,23.81,23.94,146683
2023-09-11,24.0,24.8,23.95,24.29,247936
2023-09-12,24.2,24.55,24.09,24.31,150679
2023-09-13,24.48,24.89,24.32,24.76,233345
2023-09-14,24.77,25.88,24.76,25.65,443103
2023-09-15,25.96,26.11,25.46,25.67,346888
2023-09-18,25.7,25.8,25.24,25.73,230706
2023-09-19,25.75,26.16,25.6,25.88,277780
2023-09-20,25.88,26.16,25.59,25.97,204150
2023-09-21,25.89,26.04,25.56,25.66,179473
2023-09-22,25.81,25.9,25.3,25.75,241115
2023-09-25,25.96,26.25,25.71,25.85,168956
2023-09-26,25.85,26.03,25.59,25.66,130744
2023-09-27,25.78,25.78,25.2,25.36,181736
2023-09-28,25.65,25.83,25.22,25.7,214604
2023-10-09,25.5,26.14,25.42,26.05,208137
2023-10-10,26.05,26.05,25.48,25.56,145535
2023-10-11,25.75,25.77,25.0,25.36,211119
2023-10-12,25.59,25.65,25.08,25.2,100797
2023-10-13,25.0,25.34,24.91,25.27,98382
2023-10-16,25.47,25.98,25.3,25.93,227620
2023-10-17,25.9,26.14,25.66,26.09,141596
2023-10-18,26.01,26.55,25.9,26.1,178900
2023-10-19,25.9,25.98,25.41,25.45,148437
2023-10-20,25.54,25.66,25.18,25.28,120628
2023-10-23,25.3,25.5,25.06,25.43,156822
2023-10-24,25.38,25.46,24.76,25.09,207498
2023-10-25,25.38,25.45,24.84,24.86,185999
2023-10-26,24.97,25.35,24.73,25.05,152351
2023-10-27,25.0,25.27,24.83,24.85,132447
2023-10-30,24.85,25.05,24.21,24.21,243870
2023-10-31,24.19,25.0,24.15,24.82,187580
2023-11-01,24.71,24.92,24.35,24.79,153326
2023-11-02,25.04,25.25,24.8,24.99,126234
2023-11-03,25.13,25.43,24.78,24.87,131990
2023-11-06,24.82,24.97,23.8,23.98,355037
2023-11-07,23.83,24.35,23.83,24.15,154619
2023-11-08,23.98,24.35,23.95,24.26,160418
2023-11-09,24.37,25.3,24.33,25.22,251514
2023-11-10,25.19,25.72,24.9,25.6,238880
2023-11-13,25.64,25.8,25.06,25.43,138750
2023-11-14,25.38,25.6,25.05,25.15,113572
2023-11-15,25.29,25.43,25.05,25.24,113009
2023-11-16,25.21,25.37,24.95,25.27,129056
2023-11-17,25.2,25.41,24.99,25.3,163338
2023-11-20,25.33,25.34,24.91,25.22,127869
2023-11-21,25.28,25.7,25.18,25.21,164153
2023-11-22,25.12,25.35,24.98,25.15,113274
2023-11-23,25.12,25.53,25.05,25.45,126177
2023-11-24,25.37,25.82,25.36,25.55,183188
2023-11-27,25.75,25.91,25.44,25.75,170298
2023-11-28,25.73,25.74,25.24,25.49,141302
2023-11-29,25.68,25.77,25.51,25.67,145247
2023-11-30,25.55,26.0,25.54,25.99,266364
2023-12-01,25.99,26.23,25.79,26.01,277719
2023-12-04,25.99,26.32,25.9,26.26,223130
2023-12-05,26.18,26.38,25.7,25.78,204710
2023-12-06,25.76,25.79,25.29,25.54,172709
2023-12-07,25.51,25.51,25.06,25.07,211929
2023-12-08,25.05,25.44,24.71,25.08,241183
2023-12-11,24.92,25.73,24.57,25.58,350617
2023-12-12,25.49,25.75,25.18,25.75,214968
2023-12-13,25.72,25.72,25.22,25.28,163243
2023-12-14,25.38,25.45,24.96,25.19,198822
2023-12-15,25.2,25.54,24.9,24.91,242094
2023-12-18,24.92,25.41,24.68,25.25,249494
2023-12-19,25.3,25.5,25.05,25.3,177962
2023-12-20,25.4,25.85,25.3,25.53,272976
2023-12-21,25.52,25.68,24.98,25.27,267076
2023-12-22,25.32,26.09,25.28,25.88,328978
2023-12-25,25.86,26.32,25.66,26.26,278063
2023-12-26,26.35,27.02,25.76,25.81,381675
2023-12-27,26.0,26.35,25.72,26.15,236256
2023-12-28,26.15,26.5,25.37,25.72,375382
2023-12-29,25.58,26.0,25.51,25.85,257452
2024-01-02,25.89,27.15,25.87,26.88,421841
2024-01-03,26.87,27.68,26.8,27.48,319788
2024-01-04,27.51,28.1,27.51,27.93,390508
2024-01-05,27.83,28.3,27.58,27.95,316556
2024-01-08,27.8,28.31,27.55,28.15,459690
2024-01-09,28.0,28.65,27.72,28.55,295810
2024-01-10,28.55,29.0,28.04,28.35,243985
2024-01-11,28.35,28.35,27.67,27.75,294634
2024-01-12,27.65,28.19,27.56,28.12,211635
2024-01-15,28.0,28.68,27.93,28.54,238396
2024-01-16,28.39,28.97,28.32,28.78,218163
2024-01-17,28.68,29.16,28.54,28.64,319676
2024-01-18,28.64,28.9,27.7,28.57,464669
2024-01-19,28.51,28.51,27.31,27.75,602975
2024-01-22,27.72,27.99,27.15,27.46,381009
2024-01-23,27.32,28.3,27.15,28.12,299308
2024-01-24,28.29,29.2,28.09,29.11,326006
2024-01-25,29.28,29.89,28.95,29.62,332696
2024-01-26,29.5,30.46,29.4,30.3,306601
2024-01-29,30.32,30.53,30.0,30.15,251573
2024-01-30,30.2,30.5,29.75,30.26,277176
2024-01-31,29.89,31.69,29.85,31.62,467373
2024-02-01,31.35,31.45,30.53,30.8,349543
2024-02-02,30.8,31.8,30.4,31.52,426963
2024-02-05,31.31,32.63,31.2,32.63,413357
2024-02-06,32.45,33.1,31.91,32.24,432841
2024-02-07,32.24,33.16,31.3,33.09,515365
2024-02-08,32.79,32.87,32.03,32.57,362721
2024-02-19,32.31,34.45,32.01,34.31,403265
2024-02-20,34.26,34.76,33.78,34.26,309856
2024-02-21,34.26,34.53,33.83,34.08,346921
2024-02-22,33.87,35.5,33.77,35.33,413161
2024-02-23,35.4,35.4,34.0,34.35,371054
2024-02-26,33.84,34.2,32.92,33.1,501030
2024-02-27,32.9,33.49,32.72,33.08,302430
2024-02-28,32.97,33.72,32.35,33.5,489286
2024-02-29,33.1,33.38,32.72,33.1,375728
2024-03-01,32.85,33.44,32.58,32.88,320515
2024-03-04,32.7,33.6,32.53,33.49,421372
2024-03-05,33.46,34.28,33.3,34.05,383843
2024-03-06,34.05,34.88,33.66,33.92,369008
2024-03-07,33.78,34.65,33.7,34.59,314943
2024-03-08,34.43,34.59,33.66,34.25,308095
2024-03-11,34.0,34.16,32.8,33.2,402880
2024-03-12,33.0,33.1,31.42,31.68,659977
2024-03-13,31.66,31.67,30.89,31.57,356282
2024-03-14,31.49,32.03,31.0,31.92,337229
2024-03-15,31.75,31.9,30.72,31.81,447787
2024-03-18,31.35,31.44,30.88,31.26,386241
2024-03-19,31.11,32.6,31.03,31.83,373386
2024-03-20,31.75,32.56,31.36,31.99,286739
2024-03-21,31.9,32.53,31.4,32.17,306204
2024-03-22,32.17,32.59,31.83,32.44,332651
2024-03-25,31.7,33.65,31.52,33.01,511605
2024-03-26,33.49,33.5,32.03,32.53,385548
2024-03-27,32.67,33.7,32.56,33.34,325940
2024-03-28,33.4,33.64,32.86,33.14,349917
2024-03-29,33.06,33.94,32.91,33.59,239467
2024-04-01,33.6,33.61,32.5,32.88,384108
2024-04-02,32.87,33.63,32.71,33.55,326976
2024-04-03,33.55,34.25,33.38,34.09,277953
2024-04-08,33.86,34.5,33.38,34.08,230255
2024-04-09,34.23,34.56,33.69,34.19,196738
2024-04-10,34.18,35.08,34.15,34.63,300025
2024-04-11,34.5,34.98,34.1,34.5,194696
2024-04-12,34.4,34.58,33.99,34.23,215253
2024-04-15,34.2,35.74,34.17,35.55,330128
2024-04-16,35.55,36.69,35.37,36.2,392469
2024-04-17,36.1,36.49,35.39,36.4,250158
2024-04-18,36.11,36.9,35.57,35.86,265298
2024-04-19,35.58,36.7,35.55,36.39,261547
2024-04-22,36.38,37.07,34.74,34.8,322489
2024-04-23,34.41,34.99,33.51,34.4,278564
2024-04-24,34.8,34.95,33.88,34.3,225630
2024-04-25,34.22,34.8,33.95,34.46,202360
2024-04-26,34.25,34.62,34.0,34.05,283378
2024-04-29,33.98,33.98,33.11,33.5,417813
2024-04-30,33.5,34.51,33.41,34.33,297387
2024-05-06,34.19,34.23,33.3,34.05,337799
2024-05-07,33.99,34.49,33.9,34.43,220474
2024-05-08,34.51,35.95,34.51,35.65,381938
2024-05-09,35.49,35.8,35.11,35.35,265292
2024-05-10,35.34,35.7,35.16,35.47,227031
2024-05-13,35.26,35.46,34.45,35.28,218476
2024-05-14,35.11,35.23,34.15,34.77,264670
2024-05-15,34.5,34.83,34.35,34.67,144426
2024-05-16,34.67,34.72,34.05,34.1,212605
2024-05-17,34.03,34.42,33.9,34.39,208106
2024-05-20,34.4,35.62,34.36,35.43,271945
2024-05-21,35.38,36.5,35.14,36.47,294031
2024-05-22,36.4,37.02,36.16,36.24,242711
2024-05-23,36.21,36.63,35.92,36.5,167528
2024-05-24,36.58,36.7,35.8,35.81,165860
2024-05-27,36.09,37.52,36.02,36.5,256860
2024-05-28,36.51,37.91,36.44,37.4,237927
2024-05-29,37.4,38.15,37.1,37.95,216035
2024-05-30,37.61,38.36,37.2,37.59,233327
2024-05-31,37.76,37.9,36.83,36.83,200583
2024-06-03,37.2,38.08,37.12,37.84,265775
2024-06-04,37.72,37.76,36.83,36.84,330730
2024-06-05,36.81,37.9,36.7,37.25,265646
2024-06-06,37.27,39.26,37.27,38.66,326510
2024-06-07,38.71,38.89,38.35,38.65,221466
2024-06-11,38.66,39.02,37.61,37.94,243602
2024-06-12,37.73,39.35,37.51,39.15,264726
2024-06-13,39.0,39.48,38.67,39.08,182268
2024-06-14,38.95,39.62,38.5,38.85,281660
2024-06-17,38.72,38.97,37.8,38.04,275475
2024-06-18,38.02,38.23,37.3,38.07,169465
2024-06-19,37.9,38.62,37.67,37.94,234647
2024-06-20,37.91,39.33,37.69,39.13,357049
2024-06-21,38.91,39.18,38.26,38.61,198663
2024-06-24,38.79,39.1,38.41,38.75,201107
2024-06-25,38.84,38.86,38.17,38.43,180148
2024-06-26,38.32,38.65,37.55,38.25,188638
2024-06-27,38.07,38.49,37.67,38.0,250690
2024-06-28,37.73,39.13,37.7,38.87,221058
2024-07-01,38.91,40.46,38.9,39.78,209954
2024-07-02,39.8,40.38,39.26,40.3,226740
2024-07-03,40.1,40.52,39.42,39.75,201696
2024-07-04,39.74,40.28,39.74,39.9,160590
2024-07-05,39.9,40.18,38.59,39.6,274057
2024-07-08,39.56,40.39,39.06,40.14,256615
2024-07-09,40.06,40.31,39.47,40.16,237948
2024-07-10,39.85,39.96,37.94,38.47,479604
2024-07-11,38.09,38.87,37.63,38.44,340069
2024-07-12,38.29,38.79,37.67,37.97,240981
2024-07-15,37.76,39.2,37.56,39.15,248250
2024-07-16,39.01,39.36,38.65,39.17,200503
2024-07-17,39.14,39.33,38.2,38.48,219835
2024-07-18,38.66,38.89,38.25,38.81,172059
2024-07-19,38.79,38.93,38.24,38.73,223182
2024-07-22,38.49,38.67,36.66,38.49,395104
2024-07-23,38.26,38.61,37.66,37.82,180917
2024-07-24,37.72,38.71,37.56,38.52,182274
2024-07-25,38.48,38.48,37.44,38.01,212565
2024-07-26,38.01,38.16,37.22,37.56,181751
2024-07-29,37.34,37.87,37.21,37.6,138376
2024-07-30,37.44,37.52,36.28,36.56,222957
2024-07-31,36.57,37.01,36.17,36.51,252128
2024-08-01,36.75,37.08,36.02,36.17,211508
2024-08-02,35.96,36.05,35.27,35.87,169024
2024-08-05,35.61,35.62,34.99,35.23,220318
2024-08-06,35.27,35.46,34.65,34.91,190758
2024-08-07,34.91,36.15,34.77,35.64,210320
2024-08-08,35.76,36.24,35.62,35.65,145630
2024-08-09,35.56,36.06,35.26,35.81,111245
2024-08-12,35.58,36.41,35.39,36.06,130940
2024-08-13,36.06,36.48,35.58,35.84,121937
2024-08-14,35.76,36.16,35.29,35.89,89491
2024-08-15,35.76,37.14,35.71,36.95,234366
2024-08-16,36.95,37.4,36.83,37.29,137140
2024-08-19,37.29,37.97,37.02,37.11,136253
2024-08-20,37.12,37.21,36.2,36.45,140468
2024-08-21,36.6,36.84,35.86,36.53,129766
2024-08-22,36.53,36.83,36.27,36.69,106754
2024-08-23,36.57,37.75,36.52,37.04,132912
2024-08-26,37.11,37.31,36.57,37.11,119887
2024-08-27,37.1,38.55,36.91,38.46,217915
2024-08-28,38.29,38.94,37.81,38.17,158142
2024-08-29,38.14,38.26,37.22,37.51,126864
2024-08-30,37.27,37.79,36.53,37.31,215265
2024-09-02,37.27,38.25,36.84,37.84,211244
2024-09-03,37.84,38.51,36.56,36.94,190063
2024-09-04,36.76,36.96,36.31,36.42,132628
2024-09-05,36.39,36.82,35.37,35.48,252778
2024-09-06,35.46,35.79,34.79,34.8,169405
2024-09-09,34.76,34.8,33.38,33.98,262540
2024-09-10,33.96,34.99,33.93,34.25,186155
2024-09-11,33.96,34.04,32.71,33.5,242707
2024-09-12,33.69,34.59,33.35,34.37,242603
2024-09-13,34.26,34.95,34.26,34.61,145765
2024-09-18,34.38,35.56,34.38,35.0,133429
2024-09-19,35.2,35.2,33.81,34.76,232973
2024-09-20,34.71,35.44,34.59,35.26,216328
2024-09-23,35.09,36.25,34.97,35.86,163078
2024-09-24,36.46,37.95,36.01,37.94,341698
2024-09-25,38.76,39.66,38.15,38.54,296897
2024-09-26,38.76,39.53,38.29,39.49,281726
2024-09-27,40.27,40.27,38.26,38.57,244527
2024-09-30,39.08,41.73,37.96,40.36,959338
2024-10-08,43.86,44.26,37.53,39.2,1184684
2024-10-09,38.68,39.29,37.08,37.11,581658
2024-10-10,37.26,40.52,37.26,39.71,755400
2024-10-11,39.91,40.81,38.76,39.36,514446
2024-10-14,39.16,40.31,38.68,39.43,349670
2024-10-15,39.4,39.74,38.57,38.57,267214
2024-10-16,38.44,38.89,38.03,38.29,210124
2024-10-17,38.34,39.23,37.73,37.75,217664
2024-10-18,37.81,39.16,37.62,38.74,363281
2024-10-21,38.68,39.21,37.86,38.08,349041
2024-10-22,38.09,38.43,37.8,38.2,252865
2024-10-23,38.14,38.4,37.64,37.81,290194
2024-10-24,37.81,38.22,37.52,38.05,228104
2024-10-25,38.05,38.13,37.57,37.69,191066
2024-10-28,38.1,38.76,37.62,37.86,355493
2024-10-29,37.79,38.13,37.35,37.74,276754
2024-10-30,37.64,37.98,36.87,37.2,241958
2024-10-31,37.07,37.29,36.26,36.8,264521
2024-11-01,36.79,38.2,36.79,37.83,357442
2024-11-04,37.88,37.92,37.06,37.51,242673
2024-11-05,37.41,37.81,37.19,37.79,232380
2024-11-06,37.81,38.24,37.0,37.09,336105
2024-11-07,37.09,37.59,36.88,37.57,299158
2024-11-08,37.57,38.14,36.63,36.95,401891
2024-11-11,36.45,36.56,35.79,36.14,338166
2024-11-12,35.98,36.42,35.64,35.67,357723
2024-11-13,35.53,36.66,35.43,36.13,357783
2024-11-14,35.87,36.86,35.69,36.37,331770
2024-11-15,36.34,37.16,35.96,36.9,413475
2024-11-18,36.75,38.26,36.69,38.19,572251
2024-11-19,38.19,38.4,37.42,37.87,349897
2024-11-20,37.61,38.0,37.56,37.8,221818
2024-11-21,37.72,38.32,37.66,37.95,202641
2024-11-22,37.95,38.08,36.56,36.56,273446
2024-11-25,36.94,37.13,36.26,36.87,237382
2024-11-26,36.39,36.88,35.91,36.56,189375
2024-11-27,36.57,37.43,36.41,37.36,252597
2024-11-28,37.35,37.5,36.94,37.03,157280
2024-11-29,37.24,37.34,36.66,36.72,186744
2024-12-02,36.56,36.68,35.86,36.37,371897
2024-12-03,36.26,37.0,36.17,36.99,268668
2024-12-04,36.74,39.06,36.66,38.86,583117
2024-12-05,38.75,39.01,38.43,38.68,239114
2024-12-06,38.73,39.44,38.66,39.1,265694
2024-12-09,38.66,39.74,38.27,39.26,245034
2024-12-10,40.17,40.42,38.87,39.3,349047
2024-12-11,39.3,40.16,39.19,40.14,290901
2024-12-12,40.03,40.16,39.28,39.87,259012
2024-12-13,39.72,39.89,39.1,39.36,431696
2024-12-16,39.11,40.35,39.11,40.21,367968
2024-12-17,40.09,40.96,39.48,39.56,293785
2024-12-18,39.94,40.61,39.69,39.82,282466
2024-12-19,39.48,40.11,39.26,39.37,172714
2024-12-20,39.36,39.48,37.81,38.1,401080
2024-12-23,37.96,38.93,37.74,38.54,334907
2024-12-24,38.46,38.74,37.92,38.5,195970
2024-12-25,38.58,40.02,38.5,39.66,283469
2024-12-26,39.44,39.85,38.86,38.89,221777
2024-12-27,38.94,39.29,38.44,38.95,186498
2024-12-30,39.16,40.05,39.16,39.54,217621
2024-12-31,39.66,40.73,39.46,40.24,358717
2025-01-02,40.1,40.75,39.06,39.35,303614
2025-01-03,39.68,39.77,38.73,38.83,240857
2025-01-06,38.96,39.09,38.18,38.57,215897
2025-01-07,38.59,38.68,37.54,37.86,218459
2025-01-08,37.71,38.31,37.26,37.64,284577
2025-01-09,37.26,37.42,36.26,36.33,404247
2025-01-10,36.26,36.69,35.66,35.94,284883
2025-01-13,35.99,36.27,35.52,35.65,243307
2025-01-14,35.96,36.08,35.45,36.08,308139
2025-01-15,35.94,36.69,35.72,35.97,296397
2025-01-16,36.11,36.68,35.81,36.46,310889
2025-01-17,36.44,36.82,36.23,36.37,251202
2025-01-20,36.46,36.46,35.46,35.5,358526
2025-01-21,35.54,35.64,34.86,34.97,254690
2025-01-22,35.25,35.26,34.67,34.85,237790
2025-01-23,35.11,35.74,34.93,35.17,254596
2025-01-24,35.38,36.16,34.96,35.84,362081
2025-01-27,35.86,36.86,35.85,36.76,294570
2025-02-05,36.76,36.76,35.17,35.58,340451
2025-02-06,35.58,35.71,35.17,35.71,218669
2025-02-07,35.56,35.73,35.27,35.65,266592
2025-02-10,35.46,35.61,35.22,35.35,238162
2025-02-11,35.3,35.73,35.14,35.31,243556
2025-02-12,35.32,35.32,34.79,34.98,306603
2025-02-13,35.0,35.21,34.78,34.87,297500
2025-02-14,34.93,34.97,34.68,34.89,281874
2025-02-17,34.86,34.86,33.88,34.04,607599
2025-02-18,33.76,34.05,33.26,33.37,561347
2025-02-19,33.38,33.39,32.78,32.86,451298
2025-02-20,32.76,33.06,32.49,32.97,348442
2025-02-21,32.93,33.0,32.04,32.14,624510
2025-02-24,31.84,32.86,31.54,32.52,648935
2025-02-25,32.29,33.35,32.2,32.39,638887
2025-02-26,32.39,32.84,32.09,32.3,330143
2025-02-27,32.16,32.64,31.61,32.5,468932
2025-02-28,32.44,32.64,32.2,32.21,355891
2025-03-03,32.34,32.68,32.16,32.3,278621
2025-03-04,32.16,32.3,31.89,32.11,214580
2025-03-05,32.02,32.49,31.77,32.49,326331
2025-03-06,32.45,32.45,31.99,32.25,292504
2025-03-07,32.25,32.94,32.16,32.65,427318
2025-03-10,32.56,33.28,32.54,32.86,321060
2025-03-11,32.84,33.21,32.56,33.19,311668
2025-03-12,33.11,33.11,32.56,32.69,250216
2025-03-13,32.7,34.33,32.69,33.98,841553
2025-03-14,33.86,34.26,33.79,33.93,438879
2025-03-17,33.92,34.22,33.76,33.79,287856
2025-03-18,33.74,33.74,33.35,33.44,241270
2025-03-19,33.44,33.67,33.28,33.44,208821
2025-03-20,33.54,33.91,33.46,33.51,228590
2025-03-21,33.38,33.91,33.38,33.38,292942
2025-03-24,33.66,34.24,33.43,33.88,416657
2025-03-25,33.88,34.86,33.73,34.51,582797
2025-03-26,34.52,34.89,34.21,34.79,368485
2025-03-27,34.7,35.03,34.55,34.74,232027
2025-03-28,34.65,34.75,34.36,34.59,189156
2025-03-31,34.48,35.13,34.4,35.11,355103
2025-04-01,35.05,35.52,35.01,35.41,235040
2025-04-02,35.5,35.5,35.07,35.41,194211
2025-04-03,34.98,35.79,34.97,35.72,246859
2025-04-07,34.78,35.24,33.56,34.1,713661
2025-04-08,34.51,35.94,34.14,35.94,641167
2025-04-09,35.63,36.43,35.16,36.22,635886
2025-04-10,35.99,35.99,34.8,35.75,471852
2025-04-11,35.64,35.65,34.57,34.78,385928
2025-04-14,34.74,35.47,34.42,35.36,323444
2025-04-15,35.1,35.62,35.09,35.36,245793
2025-04-16,35.35,36.22,35.06,36.22,419014
2025-04-17,36.07,36.07,35.64,36.04,190058
2025-04-18,35.8,36.27,35.59,35.96,220231
2025-04-21,35.9,36.19,35.52,35.68,204960
2025-04-22,35.55,35.87,35.4,35.4,172892
2025-04-23,35.37,35.52,35.16,35.3,186066
2025-04-24,35.26,35.78,35.21,35.7,236946
2025-04-25,35.57,35.61,35.16,35.44,247435
2025-04-28,34.72,35.09,33.85,34.76,464877
2025-04-29,34.61,35.04,34.5,35.03,211368
2025-04-30,34.96,35.34,34.51,35.06,222598
2025-05-06,35.26,35.26,34.67,35.11,212633
2025-05-07,36.11,36.11,34.96,35.54,227501
2025-05-08,35.24,35.65,35.17,35.31,161938
2025-05-09,35.25,35.86,35.24,35.6,225716
2025-05-12,35.61,35.65,35.18,35.32,278268
2025-05-13,35.38,36.02,35.14,35.81,288845
2025-05-14,35.86,36.21,35.72,36.04,205271
2025-05-15,36.11,36.83,36.1,36.82,340840
2025-05-16,36.71,36.95,36.07,36.22,251467
2025-05-19,36.22,36.64,35.93,35.94,175074
2025-05-20,35.98,36.21,35.79,35.91,146983
2025-05-21,35.99,37.16,35.98,36.86,331941
2025-05-22,36.72,37.31,36.66,37.16,194927
2025-05-23,37.04,37.29,36.29,36.46,229595
2025-05-26,36.46,36.8,36.2,36.39,184960
2025-05-27,36.47,36.81,36.28,36.28,166516
2025-05-28,36.29,36.89,36.06,36.57,148282
2025-05-29,36.58,36.73,36.39,36.55,158213
2025-05-30,36.54,36.99,36.32,36.32,166103
2025-06-03,36.0,36.26,35.67,35.93,279804
2025-06-04,36.0,36.08,35.67,36.05,215021
2025-06-05,36.09,36.73,36.0,36.06,185654
2025-06-06,36.07,36.43,35.88,36.3,211295
2025-06-09,36.26,36.47,36.01,36.26,182015
2025-06-10,36.36,36.5,36.16,36.41,227565
2025-06-11,36.35,36.69,36.31,36.46,208016
2025-06-12,36.51,36.69,35.74,35.78,327840
2025-06-13,35.98,36.13,35.73,36.02,277292
2025-06-16,36.01,36.01,35.47,35.8,236710
2025-06-17,35.8,36.33,35.52,36.26,250436
2025-06-18,36.29,36.51,35.91,35.98,183772
2025-06-19,35.85,36.22,35.49,36.15,291212
2025-06-20,36.14,36.43,36.01,36.2,209680
2025-06-23,36.25,36.74,35.96,36.61,212871
2025-06-24,36.56,36.77,36.44,36.61,244854
2025-06-25,36.62,36.96,36.39,36.91,216169
2025-06-26,36.91,37.06,36.6,36.8,245629
2025-06-27,36.74,36.94,36.55,36.69,243658
2025-06-30,36.69,37.47,36.65,37.3,292145
2025-07-01,37.31,37.81,37.06,37.7,200369
2025-07-02,37.7,38.31,37.57,38.3,223335
2025-07-03,38.45,38.46,37.09,37.16,286023
2025-07-04,37.16,37.94,37.16,37.81,302941
2025-07-07,37.81,37.81,36.59,36.72,461567
2025-07-08,36.77,36.87,36.52,36.74,201887
2025-07-09,36.74,36.95,36.52,36.52,209201
2025-07-10,36.66,36.75,36.43,36.48,235447
2025-07-11,36.48,36.79,35.82,35.82,433798
2025-07-14,36.08,37.0,36.08,36.44,514914
2025-07-15,36.49,36.96,36.27,36.49,262273
2025-07-16,36.5,36.57,36.22,36.3,151482
2025-07-17,36.29,36.36,35.99,36.15,172185
2025-07-18,36.26,36.6,36.25,36.42,207788
2025-07-21,36.53,36.86,36.39,36.79,257130
2025-07-22,36.79,39.01,36.6,38.5,745186
2025-07-23,38.7,39.2,37.73,37.84,509400
2025-07-24,37.85,38.2,37.36,37.84,391504
2025-07-25,37.84,37.93,37.38,37.45,234304
2025-07-28,37.25,37.26,36.76,36.82,295034
2025-07-29,36.72,36.99,36.7,36.84,178729
2025-07-30,37.03,37.92,36.9,37.52,329797
2025-07-31,37.3,37.32,36.62,37.18,351497
2025-08-01,37.19,37.44,36.56,36.58,244398
2025-08-18,40.34,40.34,38.03,38.25,1265353
2025-08-19,38.17,38.25,37.28,37.29,694509
2025-08-20,37.2,37.66,37.04,37.65,421035
2025-08-21,37.62,37.62,37.26,37.46,318277
2025-08-22,37.46,37.52,37.17,37.52,346032
2025-08-25,37.59,38.21,37.59,38.12,419225
2025-08-26,38.15,38.21,37.83,37.85,275362
2025-08-27,37.79,37.79,37.23,37.25,313917
2025-08-28,37.13,37.18,36.65,36.92,303219
2025-08-29,36.92,37.32,36.48,36.49,510555
2025-09-01,36.62,37.4,36.49,36.92,469625
2025-09-02,36.92,37.37,36.68,37.18,425727
2025-09-03,37.19,37.27,36.63,36.8,281242
2025-09-04,36.7,37.4,36.26,37.19,477476
2025-09-05,37.02,37.26,36.81,37.18,254571
2025-09-08,37.18,37.32,36.9,37.07,312085
2025-09-09,37.17,37.29,36.95,37.16,221530
2025-09-10,37.12,37.57,36.96,37.19,295492
2025-09-11,37.22,37.34,37.05,37.3,280992
2025-09-12,37.34,37.44,36.67,36.78,447319
2025-09-15,36.77,37.26,36.7,37.21,336996
2025-09-16,37.32,37.8,37.32,37.43,427233
2025-09-17,37.35,38.15,37.32,38.0,459279
2025-09-18,37.97,37.99,37.14,37.3,345893
2025-09-19,37.29,37.87,37.13,37.62,350244
2025-09-22,37.75,38.0,37.32,37.53,271093
2025-09-23,37.38,37.98,37.19,37.88,330174
2025-09-24,37.75,38.18,37.67,37.97,285006
2025-09-25,37.95,37.95,37.47,37.74,198185
2025-09-26,37.82,37.93,37.54,37.78,215392
2025-09-29,37.6,37.77,37.02,37.37,320278
2025-09-30,37.35,37.62,37.05,37.52,238863
2025-10-09,37.3,38.48,37.29,38.46,433829
2025-10-10,38.45,39.06,38.02,38.79,392610
2025-10-13,38.48,39.22,38.14,38.97,441117
2025-10-14,38.92,39.9,38.7,39.67,475246
2025-10-15,39.66,40.14,39.36,39.88,379537
2025-10-16,39.77,41.13,39.62,41.03,485243
2025-10-17,40.99,41.68,40.67,40.92,454770
2025-10-20,40.81,41.47,40.6,41.25,379734
2025-10-21,41.25,41.25,40.07,40.82,457363
2025-10-22,40.82,41.21,40.65,41.16,274130
2025-10-23,41.0,41.62,41.0,41.24,257633
2025-10-24,41.31,41.72,41.03,41.52,274323
2025-10-27,41.02,41.94,40.15,41.71,345299
2025-10-28,41.71,42.09,41.42,41.61,214642
2025-10-29,41.5,41.52,40.97,41.16,219040
2025-10-30,41.33,42.83,41.22,42.06,385781
2025-10-31,42.27,42.48,41.28,41.53,227773
2025-11-03,41.82,42.97,41.68,42.44,277292
2025-11-04,42.52,42.97,42.35,42.54,228244
2025-11-05,42.42,43.09,42.4,42.6,245746
2025-11-06,42.6,43.41,42.4,43.01,284128
2025-11-07,42.98,43.14,42.48,42.75,231890
2025-11-10,42.9,43.49,42.51,43.15,221563
2025-11-11,43.13,43.21,42.36,42.8,209937
2025-11-12,42.76,43.25,42.6,42.6,198412
2025-11-13,42.69,42.85,42.02,42.62,217782
2025-11-14,42.76,43.06,42.05,42.09,168367
2025-11-17,42.06,42.74,41.52,42.4,231337
2025-11-18,42.24,42.58,41.85,41.91,176418
2025-11-19,41.85,42.76,41.66,42.52,176676
2025-11-20,42.31,42.81,41.91,42.0,140730
2025-11-21,42.5,42.55,41.59,42.07,279435
2025-11-24,42.28,42.34,41.12,41.2,292889
2025-11-25,41.5,41.55,40.95,41.2,214540
2025-11-26,41.21,41.49,40.99,41.0,166049
2025-11-27,41.01,41.45,40.79,41.45,140562
2025-11-28,41.28,41.39,41.1,41.14,141934
2025-12-01,41.14,41.37,40.9,41.34,175652
2025-12-02,41.4,41.75,41.04,41.6,194337
2025-12-03,41.48,41.92,41.3,41.64,167481
2025-12-04,41.6,42.22,41.51,41.75,167043
2025-12-05,41.6,41.75,41.31,41.53,139097
2025-12-08,41.49,41.49,40.58,40.9,237398
2025-12-09,41.0,41.13,40.4,40.48,162385
2025-12-10,40.47,40.47,40.02,40.18,168461
2025-12-11,40.47,40.67,40.04,40.31,173344
2025-12-12,40.17,40.29,39.83,40.0,262758
2025-12-15,40.0,40.26,39.89,39.91,170979
2025-12-16,39.9,40.21,39.52,40.17,230113
2025-12-17,40.16,40.25,39.94,40.0,203129
2025-12-18,40.2,40.93,40.0,40.83,203516
2025-12-19,40.68,40.86,40.43,40.59,161984
2025-12-22,41.18,41.25,40.03,40.88,402006
2025-12-23,40.87,41.46,40.84,41.15,228690
2025-12-24,41.1,41.13,40.12,40.25,259818
2025-12-25,40.25,40.35,40.01,40.13,132088
2025-12-26,40.05,40.25,40.01,40.07,165969
2025-12-29,40.07,40.65,40.01,40.2,240738
2025-12-30,40.21,40.49,40.0,40.45,237468
2025-12-31,40.35,40.55,40.16,40.5,194531
