date,open,high,low,close,volume
2015-01-05,6.22,6.65,6.21,6.42,2650619
2015-01-06,6.32,7.54,6.17,7.4,5411410
2015-01-07,7.06,7.21,6.81,7.03,3090107
2015-01-08,7.07,7.35,6.74,6.96,2479868
2015-01-09,6.91,7.15,6.51,6.54,2121264
2015-01-12,6.55,6.84,6.2,6.4,1431536
2015-01-13,6.45,6.57,6.28,6.48,744952
2015-01-14,6.47,6.53,6.25,6.31,924552
2015-01-15,6.31,6.59,6.15,6.58,1307124
2015-01-16,6.62,6.93,6.57,6.68,1612185
2015-01-19,6.02,6.22,5.53,5.53,1707456
2015-01-20,5.77,5.8,5.32,5.65,1842338
2015-01-21,5.71,6.28,5.57,6.21,1736295
2015-01-22,6.22,6.27,5.93,6.04,978237
2015-01-23,6.17,6.18,5.86,6.01,1057408
2015-01-26,6.02,6.04,5.74,6.01,819657
2015-01-27,5.99,5.99,5.54,5.7,1442752
2015-01-28,5.6,5.92,5.49,5.78,1219605
2015-01-29,5.57,6.51,5.56,6.31,2812614
2015-01-30,6.25,6.3,5.77,5.84,1394600
2015-02-02,5.92,5.92,5.42,5.49,1410605
2015-02-03,5.65,5.7,5.42,5.63,928912
2015-02-04,5.7,5.78,5.55,5.61,737069
2015-02-05,5.77,5.93,5.42,5.44,1340687
2015-02-06,5.4,5.52,4.92,4.97,1139905
2015-02-09,4.93,5.11,4.85,4.93,1102798
2015-02-10,4.95,5.38,4.95,5.37,1069995
2015-02-11,5.36,5.63,5.3,5.57,772860
2015-02-12,5.62,5.79,5.56,5.71,591885
2015-02-13,5.71,5.8,5.58,5.68,703138
2015-02-16,5.7,5.75,5.58,5.72,504675
2015-02-17,5.72,5.81,5.69,5.76,486163
2015-02-25,5.86,5.86,5.4,5.47,713068
2015-02-26,5.52,5.93,5.47,5.87,1001398
2015-02-27,5.87,6.02,5.8,5.89,662386
2015-03-02,5.92,6.02,5.69,5.78,878606
2015-03-03,5.71,5.81,5.47,5.48,935576
2015-03-04,5.56,5.6,5.36,5.49,878551
2015-03-05,5.42,5.53,5.24,5.35,811764
2015-03-06,5.36,5.54,5.31,5.43,667852
2015-03-09,5.38,5.54,5.22,5.51,954189
2015-03-10,5.48,5.5,5.31,5.4,842324
2015-03-11,5.36,5.61,5.32,5.45,906238
2015-03-12,5.45,5.63,5.41,5.6,933791
2015-03-13,5.61,5.91,5.59,5.74,1120324
2015-03-16,5.84,5.98,5.7,5.94,1130267
2015-03-17,5.97,6.36,5.87,6.16,1567796
2015-03-18,6.18,6.42,6.07,6.38,1585766
2015-03-19,6.37,6.57,6.18,6.25,1422252
2015-03-20,6.25,6.27,6.02,6.15,1165484
2015-03-23,6.24,6.45,6.16,6.28,1684383
2015-03-24,6.29,6.46,6.09,6.44,1954380
2015-03-25,6.4,6.4,6.05,6.13,1369689
2015-03-26,6.07,6.27,5.97,6.16,1414778
2015-03-27,6.17,6.19,5.95,6.09,1206002
2015-03-30,6.17,6.64,6.08,6.62,2820860
2015-03-31,6.67,6.69,6.22,6.25,2304160
2015-04-01,6.22,6.37,6.15,6.33,1592505
2015-04-02,6.37,6.39,6.13,6.23,1396083
2015-04-03,6.18,6.47,6.13,6.4,1861902
2015-04-07,6.4,6.89,6.37,6.7,2439209
2015-04-08,6.73,6.75,6.37,6.53,2072010
2015-04-09,6.55,6.59,6.26,6.38,2248188
2015-04-10,6.42,6.89,6.37,6.83,2904615
2015-04-13,6.95,7.99,6.82,7.7,4993673
2015-04-14,7.48,7.82,7.3,7.48,2961781
2015-04-15,7.52,8.48,7.32,7.88,3332090
2015-04-16,7.69,8.22,7.54,8.09,2425303
2015-04-17,8.35,8.99,8.17,8.59,3563103
2015-04-20,8.6,9.82,8.22,9.01,4288495
2015-04-21,9.02,9.41,8.54,8.81,2595277
2015-04-22,8.82,9.33,8.68,9.12,2351346
2015-04-23,9.12,9.3,8.72,8.91,2049331
2015-04-24,8.63,8.91,8.22,8.6,2319425
2015-04-27,8.52,9.72,8.52,9.54,3416909
2015-04-28,9.52,9.94,9.09,9.33,3035113
2015-04-29,9.22,9.4,8.62,9.04,2030234
2015-04-30,9.04,9.78,8.83,9.19,2274860
2015-05-04,9.05,9.53,9.0,9.3,1877833
2015-05-05,9.24,9.25,7.89,8.11,2636258
2015-05-06,8.24,8.38,7.37,7.58,2048297
2015-05-07,7.43,7.84,7.38,7.6,1471040
2015-05-08,7.73,7.84,7.14,7.64,1601421
2015-05-11,7.62,7.92,7.43,7.91,2097114
2015-05-12,7.82,8.27,7.75,8.14,1844582
2015-05-13,8.07,8.37,7.68,7.81,1627357
2015-05-14,7.8,7.9,7.56,7.68,1159926
2015-05-15,7.68,7.86,7.42,7.53,1274391
2015-05-18,7.51,7.65,7.32,7.36,972247
2015-05-19,7.42,7.81,7.37,7.76,1928447
2015-05-20,7.79,8.03,7.7,7.79,1727058
2015-05-21,7.81,7.87,7.61,7.83,1489712
2015-05-22,7.93,8.46,7.87,8.37,2208878
2015-05-25,8.5,9.09,8.42,8.91,2527627
2015-05-26,9.01,9.23,8.58,9.0,2395273
2015-05-27,9.03,9.25,8.68,8.88,2387974
2015-05-28,8.89,9.07,7.62,7.69,2903007
2015-05-29,7.73,7.86,7.22,7.4,2144800
2015-06-01,7.47,8.21,7.32,8.13,2043618
2015-06-02,8.12,8.42,7.92,8.25,1914450
2015-06-03,8.15,8.27,7.95,8.12,2129584
2015-06-04,8.12,8.34,7.42,8.29,2617618
2015-06-05,8.57,8.82,8.23,8.81,2977571
2015-06-08,8.96,9.34,8.75,9.2,3900776
2015-06-09,9.2,9.2,8.65,8.79,2364585
2015-06-10,8.53,8.96,8.39,8.7,2187965
2015-06-11,8.67,8.89,8.57,8.87,1831473
2015-06-12,8.9,9.35,8.87,9.15,3010344
2015-06-15,9.23,9.5,8.88,9.03,3212746
2015-06-16,8.82,8.96,8.32,8.5,1985206
2015-06-17,8.45,9.02,8.2,8.99,1755356
2015-06-18,8.87,10.37,8.81,9.49,3822485
2015-06-19,9.22,9.22,8.11,8.11,2172287
2015-06-23,7.95,8.63,7.33,8.57,1955357
2015-06-24,8.6,9.62,8.38,9.58,3146993
2015-06-25,9.4,9.91,8.71,8.85,3475538
2015-06-26,8.45,9.18,7.7,8.18,3440905
2015-06-29,8.6,9.35,7.66,8.89,5108611
2015-06-30,9.05,9.88,7.91,9.74,5071778
2015-07-01,9.38,10.28,9.0,9.05,4533773
2015-07-02,8.71,8.99,7.72,7.72,4193646
2015-07-03,7.0,7.39,6.52,6.52,4180130
2015-07-06,7.4,7.5,6.48,7.07,4766744
2015-07-07,6.7,7.08,5.93,6.79,4851416
2015-07-08,5.7,6.7,5.68,5.78,5745585
2015-07-09,5.78,6.79,5.28,6.79,3289692
2015-07-10,6.8,7.9,6.7,7.83,3043459
2015-07-13,7.58,8.35,7.38,7.82,2814924
2015-07-14,7.45,7.69,7.0,7.02,2359569
2015-07-15,6.92,7.22,6.22,7.02,1785288
2015-07-16,7.02,7.21,6.58,6.84,1109441
2015-07-17,7.05,7.38,6.84,7.2,1370821
2015-07-20,7.15,7.25,6.71,7.01,1371104
2015-07-21,6.88,7.55,6.8,7.45,1623643
2015-07-22,7.3,7.38,6.86,7.06,1393434
2015-07-23,6.92,7.3,6.86,7.14,1412796
2015-07-24,7.06,7.13,6.65,6.69,1497671
2015-07-27,6.49,6.61,5.59,5.59,1855853
2015-07-28,5.39,5.71,4.86,5.2,1971534
2015-07-29,5.39,5.9,5.27,5.82,1214359
2015-07-30,5.69,6.05,5.51,5.54,1148209
2015-07-31,5.8,6.08,5.66,5.92,1382230
2015-08-03,5.71,6.25,5.58,6.2,1565384
2015-08-04,6.19,6.4,6.1,6.39,795245
2015-08-05,6.36,6.43,6.0,6.01,778510
2015-08-06,5.83,6.28,5.76,6.18,585774
2015-08-07,6.33,6.35,5.95,6.29,625507
2015-08-10,6.34,6.83,6.2,6.62,1209628
2015-08-11,6.56,6.72,6.47,6.5,821333
2015-08-12,6.38,6.54,6.24,6.25,630810
2015-08-13,6.43,6.9,6.31,6.68,1058937
2015-08-14,6.69,6.73,6.4,6.6,756678
2015-08-17,6.59,6.98,6.21,6.72,982244
2015-08-18,6.63,6.79,5.8,5.91,1150300
2015-08-19,6.0,6.21,5.7,6.14,717194
2015-08-20,6.0,6.1,5.73,5.78,527928
2015-08-21,5.62,5.87,5.2,5.32,647045
2015-08-24,5.0,5.19,4.36,4.39,1584673
2015-08-25,3.95,4.55,3.58,3.79,1604734
2015-08-26,3.94,4.5,3.8,4.09,1315965
2015-08-27,4.3,4.87,4.07,4.82,1194419
2015-08-28,5.0,5.2,4.9,5.12,1042892
2015-08-31,4.95,5.8,4.71,5.77,1147574
2015-09-01,5.45,5.9,5.03,5.89,2017690
2015-09-02,5.45,5.69,5.14,5.47,1114650
2015-09-07,5.4,5.64,4.79,4.89,1077520
2015-09-08,4.99,5.29,4.82,5.22,443533
2015-09-09,5.28,5.37,5.17,5.26,663634
2015-09-10,5.17,5.25,5.0,5.21,465758
2015-09-11,5.15,5.19,4.88,5.0,392313
2015-09-14,4.95,5.41,4.57,5.38,1194722
2015-09-15,5.09,5.17,4.8,5.13,650733
2015-09-16,5.05,5.74,4.94,5.45,630019
2015-09-17,5.35,5.5,5.0,5.02,662660
2015-09-18,5.04,5.09,4.86,4.9,432598
2015-09-21,4.89,5.0,4.83,4.99,323119
2015-09-22,4.99,5.09,4.94,5.01,304494
2015-09-23,4.92,4.93,4.73,4.76,346284
2015-09-24,4.82,4.84,4.68,4.75,242536
2015-09-25,4.73,4.84,4.6,4.79,355983
2015-09-28,4.75,4.84,4.68,4.77,224950
2015-09-29,4.68,4.7,4.42,4.52,248770
2015-09-30,4.58,4.65,4.5,4.53,236952
2015-10-08,4.8,4.88,4.66,4.72,423405
2015-10-09,4.78,4.85,4.71,4.78,416668
2015-10-12,4.78,5.16,4.72,5.05,791703
2015-10-13,4.98,5.03,4.9,4.98,409594
2015-10-14,4.91,5.01,4.84,4.85,335814
2015-10-15,4.88,5.0,4.81,5.0,495892
2015-10-16,5.05,5.16,4.96,5.09,609091
2015-10-19,5.11,5.14,4.93,4.98,583726
2015-10-20,4.98,5.06,4.84,5.0,543050
2015-10-21,4.98,5.1,4.6,5.02,1089695
2015-10-22,4.87,4.95,4.8,4.92,483135
2015-10-23,4.94,4.98,4.81,4.92,476551
2015-10-26,5.01,5.1,4.93,5.03,668929
2015-10-27,5.01,5.01,4.84,4.95,375025
2015-10-28,4.98,5.01,4.87,4.89,384365
2015-10-29,4.92,5.03,4.87,4.94,510538
2015-10-30,4.93,4.93,4.81,4.83,544713
2015-11-02,4.79,4.83,4.7,4.73,288722
2015-11-03,4.72,4.76,4.57,4.59,324817
2015-11-04,4.58,4.89,4.58,4.88,613272
2015-11-05,4.89,5.41,4.84,5.11,1571758
2015-11-06,5.08,5.18,5.02,5.16,823817
2015-11-09,5.25,5.71,5.21,5.56,1348040
2015-11-10,5.41,5.52,5.32,5.45,766174
2015-11-11,5.43,5.45,5.28,5.34,527384
2015-11-12,5.37,5.38,5.11,5.18,570868
2015-11-13,5.13,5.3,5.08,5.13,387246
2015-11-16,5.08,5.15,4.97,5.14,542879
2015-11-17,5.16,5.34,5.15,5.17,728674
2015-11-18,5.19,5.22,5.02,5.05,380507
2015-11-19,5.06,5.09,4.98,5.08,411303
2015-11-20,5.08,5.1,5.04,5.06,394529
2015-11-23,5.05,5.08,4.93,4.96,380744
2015-11-24,4.95,4.97,4.83,4.9,295195
2015-11-25,4.96,4.99,4.89,4.95,496494
2015-11-26,4.97,5.0,4.75,4.81,727015
2015-11-27,4.79,4.8,4.4,4.52,768613
2015-11-30,4.52,4.53,4.22,4.38,593664
2015-12-01,4.45,4.65,4.35,4.55,583031
2015-12-02,4.54,4.91,4.47,4.84,873683
2015-12-03,4.86,4.86,4.72,4.79,604628
2015-12-04,4.75,4.76,4.58,4.59,421939
2015-12-07,4.63,4.74,4.54,4.65,337375
2015-12-08,4.59,4.59,4.44,4.5,316243
2015-12-09,4.46,4.69,4.42,4.62,347483
2015-12-10,4.53,4.6,4.43,4.44,356427
2015-12-11,4.42,4.43,4.24,4.29,405717
2015-12-14,4.2,4.5,4.18,4.47,374918
2015-12-15,4.46,4.49,4.37,4.38,239764
2015-12-16,4.43,4.44,4.34,4.35,238174
2015-12-17,4.41,4.56,4.41,4.48,536602
2015-12-18,4.48,4.6,4.45,4.48,473764
2015-12-21,4.48,5.07,4.46,4.85,1426819
2015-12-22,4.93,5.07,4.8,4.87,677555
2015-12-23,4.9,4.94,4.78,4.79,693980
2015-12-24,4.79,4.86,4.59,4.7,606643
2015-12-25,4.72,4.74,4.6,4.72,272764
2015-12-28,4.73,4.74,4.38,4.39,886663
2015-12-29,4.4,4.42,4.29,4.42,657090
2015-12-30,4.39,4.45,4.3,4.44,507089
2015-12-31,4.41,4.44,4.31,4.32,445355
2016-01-04,4.32,4.34,4.02,4.05,486662
2016-01-05,3.9,4.16,3.81,3.98,635984
2016-01-06,3.99,4.23,3.97,4.19,607492
2016-01-07,4.1,4.11,3.71,3.73,153583
2016-01-08,3.93,4.02,3.73,3.92,628417
2016-01-11,3.8,3.87,3.32,3.34,1051838
2016-01-12,3.44,3.47,3.32,3.35,527802
2016-01-13,3.43,3.45,3.19,3.2,434790
2016-01-14,3.16,3.35,3.09,3.32,515012
2016-01-15,3.29,3.31,3.02,3.05,618800
2016-01-18,3.01,3.16,2.98,3.05,347078
2016-01-19,3.07,3.4,3.04,3.33,661473
2016-01-20,3.29,3.32,3.1,3.14,570018
2016-01-21,3.08,3.19,3.0,3.0,367515
2016-01-22,3.09,3.13,2.97,3.09,351555
2016-01-25,3.14,3.16,3.05,3.1,300233
2016-01-26,3.04,3.05,2.65,2.66,896023
2016-01-27,2.71,2.73,2.5,2.66,609900
2016-01-28,2.6,2.63,2.37,2.41,601645
2016-01-29,2.4,2.55,2.39,2.51,834332
2016-02-01,2.5,2.51,2.31,2.35,769418
2016-02-02,2.35,2.5,2.34,2.46,627746
2016-02-03,2.39,2.44,2.32,2.42,544161
2016-02-04,2.35,2.49,2.27,2.46,1152365
2016-02-05,2.42,2.5,2.38,2.42,595925
2016-02-15,2.25,2.44,2.25,2.37,362392
2016-02-16,2.39,2.57,2.39,2.56,632747
2016-02-17,2.55,2.63,2.52,2.59,582857
2016-02-18,2.62,2.64,2.54,2.55,486659
2016-02-19,2.55,2.57,2.49,2.53,344640
2016-02-22,2.57,2.69,2.54,2.66,766992
2016-02-23,2.64,2.66,2.52,2.58,523426
2016-02-24,2.55,2.73,2.53,2.72,676978
2016-02-25,2.7,2.7,2.23,2.28,881572
2016-02-26,2.33,2.41,2.28,2.39,495804
2016-02-29,2.4,2.4,2.11,2.19,685656
2016-03-01,2.22,2.33,2.14,2.27,456317
2016-03-02,2.27,2.51,2.25,2.49,825288
2016-03-03,2.47,2.56,2.45,2.5,721361
2016-03-04,2.5,2.68,2.45,2.66,1502974
2016-03-07,2.64,2.76,2.59,2.67,788431
2016-03-08,2.65,2.67,2.42,2.62,738658
2016-03-09,2.51,2.65,2.46,2.64,656765
2016-03-10,2.58,2.61,2.52,2.52,287668
2016-03-11,2.47,2.51,2.34,2.43,632548
2016-03-14,2.44,2.6,2.44,2.54,597757
2016-03-15,2.51,2.64,2.45,2.6,740145
2016-03-16,2.56,2.67,2.56,2.66,1025240
2016-03-17,2.67,2.71,2.58,2.66,576139
2016-03-18,2.68,2.77,2.65,2.71,1210333
2016-03-21,2.74,2.86,2.71,2.76,1628700
2016-03-22,2.73,2.76,2.68,2.69,735902
2016-03-23,2.68,2.71,2.61,2.64,661392
2016-03-24,2.58,2.59,2.5,2.51,727934
2016-03-25,2.52,2.54,2.48,2.52,428133
2016-03-28,2.53,2.57,2.47,2.49,562892
2016-03-29,2.49,2.51,2.4,2.42,523885
2016-03-30,2.45,2.59,2.45,2.56,754338
2016-03-31,2.59,2.64,2.55,2.57,678409
2016-04-01,2.57,2.74,2.55,2.66,1086008
2016-04-05,2.61,2.7,2.57,2.69,930221
2016-04-06,2.65,2.72,2.64,2.68,733124
2016-04-07,2.71,2.71,2.58,2.59,640802
2016-04-08,2.55,2.57,2.46,2.51,528722
2016-04-11,2.53,2.63,2.52,2.6,513300
2016-04-12,2.5,2.53,2.42,2.46,1072318
2016-04-13,2.48,2.61,2.47,2.55,1017365
2016-04-14,2.57,2.59,2.51,2.56,613090
2016-04-15,2.57,2.57,2.52,2.54,376548
2016-04-18,2.5,2.51,2.43,2.43,544040
2016-04-19,2.46,2.48,2.4,2.44,440767
2016-04-20,2.44,2.45,2.2,2.35,1142317
2016-04-21,2.3,2.32,2.21,2.25,453593
2016-04-22,2.23,2.27,2.21,2.26,340455
2016-04-25,2.24,2.26,2.22,2.24,293753
2016-04-26,2.25,2.28,2.24,2.26,220513
2016-04-27,2.27,2.28,2.23,2.25,300403
2016-04-28,2.26,2.33,2.23,2.27,480250
2016-04-29,2.26,2.27,2.23,2.24,306866
2016-05-03,2.25,2.31,2.22,2.31,662370
2016-05-04,2.28,2.33,2.27,2.3,417587
2016-05-05,2.29,2.31,2.27,2.29,290167
2016-05-06,2.29,2.3,2.16,2.17,686765
2016-05-09,2.16,2.16,2.01,2.03,585070
2016-05-10,2.02,2.11,2.01,2.09,504716
2016-05-11,2.1,2.22,2.04,2.13,425483
2016-05-12,2.09,2.12,2.02,2.11,336281
2016-05-13,2.11,2.19,2.07,2.16,375491
2016-05-16,2.14,2.19,2.09,2.17,245498
2016-05-17,2.17,2.18,2.11,2.13,210168
2016-05-18,2.11,2.12,2.02,2.06,420149
2016-05-19,2.07,2.09,2.03,2.05,192451
2016-05-20,2.03,2.06,2.01,2.05,235357
2016-05-23,2.05,2.08,2.03,2.06,283277
2016-05-24,2.05,2.05,2.01,2.04,212894
2016-05-25,2.05,2.08,2.02,2.04,172902
2016-05-26,2.04,2.05,2.0,2.03,249286
2016-05-27,2.03,2.06,2.02,2.04,196242
2016-05-30,2.04,2.1,2.03,2.07,305780
2016-05-31,2.06,2.21,2.05,2.2,644941
2016-06-01,2.19,2.22,2.17,2.18,357288
2016-06-02,2.17,2.19,2.15,2.17,216025
2016-06-03,2.18,2.2,2.15,2.19,330372
2016-06-06,2.18,2.2,2.14,2.16,217367
2016-06-07,2.16,2.17,2.13,2.15,191613
2016-06-08,2.15,2.15,2.1,2.13,226295
2016-06-13,2.1,2.1,2.02,2.04,509136
2016-06-14,2.04,2.05,2.02,2.05,215492
2016-06-15,2.02,2.12,2.01,2.08,360566
2016-06-16,2.07,2.08,2.02,2.05,306038
2016-06-17,2.04,2.08,2.04,2.06,290656
2016-06-20,2.06,2.07,2.03,2.06,168770
2016-06-21,2.07,2.1,2.04,2.05,244771
2016-06-22,2.05,2.08,2.04,2.07,217406
2016-06-23,2.06,2.07,2.04,2.05,201938
2016-06-24,2.05,2.08,1.92,2.01,547283
2016-06-27,1.99,2.06,1.99,2.05,264778
2016-06-28,2.03,2.06,2.01,2.06,345137
2016-06-29,2.06,2.15,2.06,2.11,510267
2016-06-30,2.16,2.17,2.11,2.14,536920
2016-07-01,2.15,2.17,2.13,2.14,316053
2016-07-04,2.14,2.26,2.11,2.25,560681
2016-07-05,2.26,2.31,2.24,2.31,634749
2016-07-06,2.3,2.32,2.26,2.3,706919
2016-07-07,2.3,2.31,2.21,2.24,789117
2016-07-08,2.24,2.24,2.19,2.19,333304
2016-07-11,2.18,2.21,2.15,2.16,550477
2016-07-12,2.16,2.25,2.14,2.24,811718
2016-07-13,2.26,2.3,2.23,2.25,661990
2016-07-14,2.25,2.29,2.23,2.26,462040
2016-07-15,2.26,2.3,2.24,2.26,343046
2016-07-18,2.25,2.28,2.23,2.25,261274
2016-07-19,2.25,2.26,2.21,2.24,249158
2016-07-20,2.23,2.24,2.21,2.22,171014
2016-07-21,2.22,2.25,2.21,2.23,223088
2016-07-22,2.22,2.22,2.16,2.17,403156
2016-07-25,2.17,2.2,2.16,2.18,269846
2016-07-26,2.17,2.23,2.17,2.23,293119
2016-07-27,2.23,2.25,2.13,2.22,563937
2016-07-28,2.19,2.3,2.17,2.28,793149
2016-07-29,2.28,2.37,2.27,2.3,837621
2016-08-01,2.32,2.36,2.26,2.3,556952
2016-08-02,2.3,2.3,2.21,2.29,393118
2016-08-03,2.26,2.28,2.23,2.28,280673
2016-08-04,2.28,2.29,2.23,2.27,216492
2016-08-05,2.25,2.29,2.24,2.26,204937
2016-08-08,2.28,2.29,2.24,2.28,329271
2016-08-09,2.27,2.49,2.27,2.41,1003684
2016-08-10,2.39,2.42,2.36,2.38,431681
2016-08-11,2.39,2.47,2.37,2.42,692088
2016-08-12,2.43,2.59,2.41,2.58,974652
2016-08-15,2.57,2.75,2.54,2.72,1191366
2016-08-16,2.73,2.76,2.64,2.68,679880
2016-08-17,2.68,2.69,2.63,2.65,325857
2016-08-18,2.63,2.68,2.56,2.59,492043
2016-08-19,2.58,2.61,2.53,2.6,318844
2016-08-22,2.63,2.64,2.52,2.53,332837
2016-08-23,2.55,2.57,2.51,2.55,290460
2016-08-24,2.54,2.56,2.52,2.54,215943
2016-08-25,2.53,2.53,2.47,2.5,294176
2016-08-26,2.51,2.54,2.47,2.48,259970
2016-08-29,2.47,2.49,2.44,2.45,307510
2016-08-30,2.46,2.47,2.42,2.46,362053
2016-08-31,2.45,2.48,2.42,2.48,231821
2016-09-01,2.45,2.48,2.43,2.44,213352
2016-09-02,2.44,2.53,2.42,2.51,368389
2016-09-05,2.5,2.53,2.49,2.5,191922
2016-09-06,2.5,2.57,2.47,2.53,274414
2016-09-07,2.52,2.55,2.5,2.51,212799
2016-09-08,2.51,2.51,2.47,2.49,150828
2016-09-09,2.49,2.51,2.47,2.47,157560
2016-09-12,2.4,2.43,2.3,2.41,640851
2016-09-13,2.39,2.4,2.32,2.38,223907
2016-09-14,2.34,2.37,2.32,2.33,206832
2016-09-19,2.33,2.36,2.32,2.34,178197
2016-09-20,2.34,2.35,2.31,2.33,150149
2016-09-21,2.34,2.35,2.32,2.34,133628
2016-09-22,2.35,2.39,2.34,2.38,195508
2016-09-23,2.41,2.43,2.38,2.4,191319
2016-09-26,2.38,2.42,2.34,2.35,306248
2016-09-27,2.34,2.38,2.33,2.38,142978
2016-09-28,2.39,2.4,2.37,2.37,120954
2016-09-29,2.39,2.54,2.38,2.51,585687
2016-09-30,2.49,2.54,2.47,2.49,182399
2016-10-10,2.58,2.67,2.58,2.64,569744
2016-10-11,2.68,2.69,2.61,2.64,441338
2016-10-12,2.65,2.65,2.56,2.58,223157
2016-10-13,2.58,2.63,2.56,2.61,171448
2016-10-14,2.61,2.66,2.58,2.65,250571
2016-10-17,2.66,2.66,2.58,2.59,242145
2016-10-18,2.58,2.75,2.57,2.71,512627
2016-10-19,2.7,2.77,2.66,2.68,361546
2016-10-20,2.68,2.73,2.65,2.71,286867
2016-10-21,2.7,2.99,2.69,2.91,881328
2016-10-24,2.91,3.18,2.89,3.08,1174715
2016-10-25,3.12,3.12,2.96,3.04,472378
2016-10-26,3.02,3.09,2.94,2.96,353304
2016-10-27,2.96,2.96,2.84,2.92,336967
2016-10-28,2.91,3.06,2.91,2.98,415542
2016-10-31,2.95,2.98,2.87,2.93,259883
2016-11-01,2.94,2.97,2.85,2.91,212684
2016-11-02,2.87,2.95,2.86,2.89,201183
2016-11-03,2.87,3.03,2.85,2.96,260702
2016-11-04,2.95,3.04,2.93,3.01,239895
2016-11-07,2.99,3.08,2.96,3.02,202936
2016-11-08,3.02,3.17,3.02,3.08,426628
2016-11-09,3.07,3.1,2.87,2.99,488342
2016-11-10,3.03,3.21,3.03,3.21,734010
2016-11-11,3.21,3.37,3.13,3.21,914158
2016-11-14,3.2,3.46,3.19,3.42,837314
2016-11-15,3.41,3.5,3.28,3.31,496440
2016-11-16,3.32,3.34,3.18,3.23,315939
2016-11-17,3.26,3.31,3.2,3.27,357838
2016-11-18,3.27,3.3,3.16,3.19,397429
2016-11-21,3.17,3.28,3.17,3.23,295407
2016-11-22,3.25,3.28,3.22,3.24,305875
2016-11-23,3.26,3.31,3.19,3.23,427884
2016-11-24,3.21,3.25,3.16,3.2,337316
2016-11-25,3.2,3.44,3.2,3.33,519801
2016-11-28,3.36,3.38,3.23,3.28,607703
2016-11-29,3.28,3.57,3.24,3.47,1052949
2016-11-30,3.4,3.49,3.34,3.48,750987
2016-12-01,3.46,3.64,3.37,3.44,915705
2016-12-02,3.41,3.56,3.38,3.5,896490
2016-12-05,3.39,3.45,3.31,3.36,647742
2016-12-06,3.37,3.39,3.31,3.32,332391
2016-12-07,3.31,3.37,3.3,3.37,285118
2016-12-08,3.43,3.45,3.35,3.37,285711
2016-12-09,3.42,3.55,3.38,3.5,715784
2016-12-12,3.47,3.53,3.24,3.37,834443
2016-12-13,3.35,3.35,3.24,3.3,285919
2016-12-14,3.3,3.34,3.25,3.26,289883
2016-12-15,3.21,3.26,3.05,3.06,590276
2016-12-16,3.06,3.08,2.96,3.04,328424
2016-12-19,3.05,3.34,3.01,3.13,503731
2016-12-20,3.03,3.08,2.91,3.03,446325
2016-12-21,3.01,3.28,2.99,3.21,778571
2016-12-22,3.18,3.25,3.16,3.23,237832
2016-12-23,3.22,3.29,3.08,3.22,260014
2016-12-26,3.14,3.24,3.08,3.21,238329
2016-12-27,3.21,3.22,3.14,3.2,146336
2016-12-28,3.2,3.24,3.17,3.2,166515
2016-12-29,3.2,3.2,3.15,3.16,125014
2016-12-30,3.17,3.24,3.14,3.23,296018
2017-01-03,3.21,3.37,3.21,3.36,454408
2017-01-04,3.39,3.56,3.38,3.44,816187
2017-01-05,3.42,3.84,3.35,3.65,906656
2017-01-06,3.61,3.83,3.56,3.62,673653
2017-01-09,3.59,3.69,3.52,3.64,467338
2017-01-10,3.61,3.66,3.5,3.52,366227
2017-01-11,3.51,3.56,3.43,3.44,311314
2017-01-12,3.42,3.46,3.35,3.36,267464
2017-01-13,3.38,3.44,3.34,3.42,391802
2017-01-16,3.42,3.57,3.28,3.51,887510
2017-01-17,3.5,3.51,3.42,3.48,237527
2017-01-18,3.46,3.51,3.42,3.49,360977
2017-01-19,3.46,3.52,3.37,3.41,258068
2017-01-20,3.4,3.47,3.35,3.42,345602
2017-01-23,3.33,3.38,3.23,3.24,690570
2017-01-24,3.23,3.25,3.18,3.24,367202
2017-01-25,3.24,3.26,3.21,3.26,140250
2017-01-26,3.25,3.31,3.23,3.29,287259
2017-02-03,3.3,3.31,3.1,3.13,389410
2017-02-06,3.14,3.16,3.08,3.14,396892
2017-02-07,3.14,3.15,3.09,3.13,227680
2017-02-08,3.12,3.22,3.1,3.21,268349
2017-02-09,3.22,3.24,3.18,3.23,226196
2017-02-10,3.23,3.28,3.21,3.25,410630
2017-02-13,3.25,3.3,3.21,3.26,483610
2017-02-14,3.28,3.42,3.26,3.29,417776
2017-02-15,3.27,3.28,3.18,3.19,409756
2017-02-16,3.18,3.22,3.15,3.19,433098
2017-02-17,3.19,3.2,3.13,3.14,317362
2017-02-20,3.14,3.22,3.12,3.21,374703
2017-02-21,3.21,3.23,3.2,3.23,282340
2017-02-22,3.23,3.26,3.19,3.21,408517
2017-02-23,3.21,3.21,3.13,3.17,405296
2017-02-24,3.15,3.2,3.11,3.17,304562
2017-02-27,3.15,3.16,3.09,3.11,263242
2017-02-28,3.1,3.14,3.09,3.11,161824
2017-03-01,3.11,3.15,3.1,3.11,239263
2017-03-02,3.15,3.17,3.06,3.07,416096
2017-03-03,3.05,3.09,3.0,3.08,343737
2017-03-06,3.07,3.08,3.04,3.07,194118
2017-03-07,3.07,3.11,3.06,3.1,179022
2017-03-08,3.11,3.11,3.07,3.09,145332
2017-03-09,3.07,3.1,3.02,3.09,245452
2017-03-10,3.08,3.1,3.04,3.05,164665
2017-03-13,3.05,3.09,3.01,3.09,188379
2017-03-14,3.08,3.09,3.06,3.08,180321
2017-03-15,3.08,3.1,3.05,3.07,218690
2017-03-16,3.09,3.14,3.05,3.08,490620
2017-03-17,3.08,3.1,2.91,3.0,679913
2017-03-20,3.07,3.23,3.06,3.21,1096864
2017-03-21,3.21,3.32,3.18,3.24,798400
2017-03-22,3.2,3.29,3.17,3.27,465474
2017-03-23,3.28,3.29,3.19,3.24,351876
2017-03-24,3.22,3.32,3.18,3.3,494465
2017-03-27,3.65,3.78,3.52,3.55,1629917
2017-03-28,3.6,3.6,3.46,3.54,565520
2017-03-29,3.53,3.59,3.46,3.52,459975
2017-03-30,3.52,3.63,3.49,3.54,662791
2017-03-31,3.52,3.73,3.51,3.72,830768
2017-04-05,3.75,3.91,3.74,3.82,783986
2017-04-06,3.8,3.93,3.76,3.87,561917
2017-04-07,3.86,3.9,3.78,3.86,415017
2017-04-10,3.94,4.1,3.93,3.99,951495
2017-04-11,3.95,4.1,3.91,3.99,618100
2017-04-12,3.96,4.06,3.94,4.04,657751
2017-04-13,4.04,4.15,3.93,3.96,541126
2017-04-14,3.96,4.04,3.87,3.94,433535
2017-04-17,3.93,3.95,3.79,3.93,476058
2017-04-18,3.95,4.03,3.91,3.94,406930
2017-04-19,3.91,3.99,3.78,3.94,432882
2017-04-20,3.93,4.19,3.92,4.12,761842
2017-04-21,4.15,4.2,3.99,4.15,581168
2017-04-24,4.14,4.22,4.04,4.21,564749
2017-04-25,4.17,4.19,3.92,4.0,464023
2017-04-26,3.99,4.03,3.92,3.96,217788
2017-04-27,3.96,4.02,3.8,3.93,524635
2017-04-28,3.95,3.99,3.88,3.95,266396
2017-05-02,3.94,4.1,3.92,4.07,353210
2017-05-03,4.07,4.13,4.02,4.11,283672
2017-05-04,4.07,4.17,4.02,4.09,375055
2017-05-05,4.07,4.12,3.94,4.12,325772
2017-05-08,4.09,4.23,3.94,4.22,664127
2017-05-09,4.17,4.2,4.1,4.12,208800
2017-05-10,4.11,4.15,4.04,4.12,229376
2017-05-11,4.1,4.25,4.07,4.23,526429
2017-05-12,4.23,4.29,4.17,4.24,249045
2017-05-15,4.28,4.46,4.23,4.45,384397
2017-05-16,4.45,4.63,4.4,4.59,411306
2017-05-17,4.59,4.63,4.45,4.46,269749
2017-05-18,4.45,4.57,4.4,4.54,218012
2017-05-19,4.51,4.59,4.42,4.55,187219
2017-05-22,4.55,4.64,4.46,4.63,276276
2017-05-23,4.63,4.76,4.51,4.74,503000
2017-05-24,4.65,4.7,4.47,4.67,422012
2017-05-25,4.59,4.67,4.55,4.61,373941
2017-05-26,4.56,4.66,4.54,4.61,255668
2017-05-31,4.6,4.73,4.42,4.7,776424
2017-06-01,4.59,4.74,4.5,4.56,582117
2017-06-02,4.55,4.62,4.52,4.57,178226
2017-06-05,4.57,4.6,4.37,4.38,317476
2017-06-06,4.35,4.36,4.16,4.19,600345
2017-06-07,4.2,4.29,4.19,4.23,577591
2017-06-08,4.24,4.37,4.21,4.36,488533
2017-06-09,4.42,4.6,4.42,4.52,572899
2017-06-12,4.51,4.63,4.46,4.56,366048
2017-06-13,4.55,4.58,4.48,4.51,230467
2017-06-14,4.52,4.58,4.36,4.38,346953
2017-06-15,4.35,4.39,4.16,4.22,461434
2017-06-16,4.21,4.29,4.2,4.25,198789
2017-06-19,4.24,4.3,4.2,4.27,363086
2017-06-20,4.29,4.3,4.22,4.27,188582
2017-06-21,4.3,4.37,4.23,4.36,270728
2017-06-22,4.38,4.49,4.29,4.39,646289
2017-06-23,4.35,4.43,4.26,4.42,363708
2017-06-26,4.4,4.47,4.36,4.44,551819
2017-06-27,4.43,4.57,4.41,4.55,394596
2017-06-28,4.57,4.6,4.5,4.51,414027
2017-06-29,4.53,4.72,4.51,4.7,384360
2017-06-30,4.63,4.83,4.57,4.79,365975
2017-07-03,4.8,4.86,4.71,4.79,287969
2017-07-04,4.8,4.8,4.63,4.64,274674
2017-07-05,4.62,4.76,4.57,4.73,222041
2017-07-06,4.71,4.78,4.64,4.76,208119
2017-07-07,4.86,5.34,4.86,5.26,1068365
2017-07-10,5.26,5.34,5.17,5.3,446854
2017-07-11,5.25,5.34,5.17,5.23,399476
2017-07-12,5.19,5.36,5.18,5.21,323308
2017-07-13,5.24,5.44,5.19,5.4,434285
2017-07-14,5.37,5.51,5.33,5.44,279071
2017-07-17,5.58,5.74,5.21,5.47,879864
2017-07-18,5.4,5.48,5.23,5.38,508139
2017-07-19,5.4,5.62,5.36,5.45,725450
2017-07-20,5.47,5.56,5.39,5.49,477733
2017-07-21,5.48,5.55,5.42,5.46,404606
2017-07-24,5.45,5.58,5.41,5.45,443323
2017-07-25,5.45,5.46,5.24,5.32,443552
2017-07-26,5.3,5.37,5.15,5.32,557032
2017-07-27,5.29,5.35,5.24,5.33,332604
2017-07-28,5.29,5.34,5.15,5.19,458462
2017-07-31,5.2,5.26,5.13,5.15,398938
2017-08-01,5.16,5.25,5.11,5.24,442473
2017-08-02,5.27,5.27,5.11,5.13,391726
2017-08-03,5.11,5.24,5.1,5.14,310733
2017-08-04,5.13,5.3,5.1,5.19,446229
2017-08-07,5.14,5.22,4.99,5.01,485866
2017-08-08,4.97,5.07,4.96,5.01,281531
2017-08-09,5.01,5.02,4.96,4.97,205193
2017-08-10,5.04,5.24,5.03,5.15,552011
2017-08-11,5.06,5.16,4.91,5.08,624678
2017-08-14,5.06,5.15,4.98,5.02,420260
2017-08-15,5.05,5.16,5.01,5.15,312185
2017-08-16,5.15,5.19,5.12,5.18,291819
2017-08-17,5.23,5.45,5.22,5.44,667919
2017-08-18,5.39,5.69,5.32,5.61,800168
2017-08-21,5.7,5.85,5.41,5.47,755188
2017-08-22,5.41,5.47,5.31,5.34,434519
2017-08-23,5.35,5.39,5.28,5.34,240960
2017-08-24,5.37,5.49,5.32,5.35,321234
2017-08-25,5.38,5.47,5.32,5.45,316851
2017-08-28,5.49,5.69,5.33,5.44,877277
2017-08-29,5.44,5.5,5.37,5.5,460194
2017-08-30,5.63,5.67,5.51,5.55,793725
2017-08-31,5.55,5.61,5.51,5.54,430974
2017-09-01,5.54,5.62,5.45,5.5,529003
2017-09-04,5.44,5.53,5.42,5.52,425676
2017-09-05,5.52,5.52,5.4,5.41,340306
2017-09-06,5.41,5.43,5.3,5.35,332408
2017-09-07,5.33,5.35,5.26,5.27,320980
2017-09-08,5.3,5.35,5.21,5.24,301979
2017-09-11,5.24,5.39,5.24,5.3,382630
2017-09-12,5.31,5.37,5.3,5.36,351795
2017-09-13,5.35,5.4,5.32,5.36,352789
2017-09-14,5.39,5.42,5.34,5.37,269051
2017-09-15,5.36,5.38,5.23,5.25,353125
2017-09-18,5.26,5.29,5.21,5.25,329380
2017-09-19,5.26,5.31,5.24,5.27,217556
2017-09-20,5.26,5.33,5.23,5.26,270571
2017-09-21,5.25,5.32,5.21,5.23,347536
2017-09-22,5.23,5.3,5.15,5.25,386335
2017-09-25,5.25,5.38,5.16,5.35,460888
2017-09-26,5.32,5.37,5.26,5.31,248349
2017-09-27,5.3,5.34,5.23,5.24,239028
2017-09-28,5.22,5.28,5.18,5.25,224543
2017-09-29,5.24,5.27,5.12,5.15,361959
2017-10-09,5.25,5.33,5.17,5.27,449134
2017-10-10,5.31,5.43,5.3,5.42,419874
2017-10-11,5.39,5.44,5.36,5.42,313129
2017-10-12,5.42,5.52,5.41,5.46,342407
2017-10-13,5.47,5.5,5.36,5.37,323917
2017-10-16,5.37,5.46,5.35,5.36,287309
2017-10-17,5.35,5.44,5.32,5.38,271205
2017-10-18,5.37,5.58,5.31,5.56,673430
2017-10-19,5.55,5.64,5.51,5.63,524833
2017-10-20,5.6,5.62,5.53,5.57,265902
2017-10-23,5.56,5.62,5.52,5.61,329538
2017-10-24,5.59,5.79,5.57,5.78,724210
2017-10-25,5.78,5.86,5.72,5.8,466433
2017-10-26,5.73,5.76,5.46,5.52,1362311
2017-10-27,5.54,5.63,5.48,5.57,486086
2017-10-30,5.58,5.61,5.42,5.55,577251
2017-10-31,5.53,5.57,5.46,5.5,378069
2017-11-01,5.5,5.5,5.29,5.31,760051
2017-11-02,5.32,5.38,5.24,5.34,361503
2017-11-03,5.34,5.35,5.12,5.24,685665
2017-11-06,5.24,5.26,5.16,5.23,370228
2017-11-07,5.22,5.3,5.18,5.26,457014
2017-11-08,5.26,5.36,5.23,5.28,424379
2017-11-09,5.27,5.33,5.25,5.32,271364
2017-11-10,5.32,5.33,5.19,5.24,376272
2017-11-13,5.24,5.42,5.22,5.39,415312
2017-11-14,5.4,5.41,5.31,5.35,304990
2017-11-15,5.33,5.36,5.23,5.31,396352
2017-11-16,5.29,5.29,5.18,5.19,323445
2017-11-17,5.2,5.46,5.1,5.43,1093673
2017-11-20,5.4,5.46,5.29,5.43,525579
2017-11-21,5.4,5.75,5.36,5.69,1268321
2017-11-22,5.71,5.79,5.61,5.78,1001580
2017-11-23,5.8,5.89,5.43,5.51,1141401
2017-11-24,5.46,5.5,5.21,5.42,801930
2017-11-27,5.34,5.44,5.19,5.42,762013
2017-11-28,5.34,5.37,5.27,5.3,379584
2017-11-29,5.3,5.32,5.22,5.28,438484
2017-11-30,5.28,5.31,5.21,5.25,416807
2017-12-01,5.22,5.29,5.2,5.26,294563
2017-12-04,5.24,5.32,5.24,5.27,342070
2017-12-05,5.27,5.54,5.27,5.47,905042
2017-12-06,5.45,5.48,5.33,5.45,419930
2017-12-07,5.4,5.48,5.28,5.37,372309
2017-12-08,5.33,5.41,5.31,5.37,269251
2017-12-11,5.33,5.36,5.26,5.32,454278
2017-12-12,5.33,5.34,5.26,5.27,237748
2017-12-13,5.25,5.29,5.2,5.28,260538
2017-12-14,5.29,5.3,5.22,5.26,205235
2017-12-15,5.26,5.27,5.14,5.18,308451
2017-12-18,5.18,5.2,5.12,5.19,220363
2017-12-19,5.19,5.19,5.13,5.19,281890
2017-12-20,5.18,5.22,5.1,5.21,337726
2017-12-21,5.19,5.26,5.14,5.22,280120
2017-12-22,5.22,5.36,5.21,5.3,348193
2017-12-25,5.3,5.35,5.23,5.29,283489
2017-12-26,5.29,5.41,5.24,5.38,337246
2017-12-27,5.35,5.57,5.35,5.42,666971
2017-12-28,5.39,5.55,5.38,5.43,484474
2017-12-29,5.45,5.5,5.41,5.47,297848
2018-01-02,5.55,5.64,5.47,5.53,899557
2018-01-03,5.58,5.73,5.54,5.69,951686
2018-01-04,5.69,5.71,5.6,5.66,572674
2018-01-05,5.71,5.86,5.64,5.81,981714
2018-01-08,5.83,6.32,5.78,6.17,1676012
2018-01-09,6.16,6.35,6.11,6.26,1172334
2018-01-10,6.3,6.45,6.2,6.27,920617
2018-01-11,6.29,6.34,6.07,6.18,695139
2018-01-12,6.18,6.24,6.07,6.15,558432
2018-01-15,6.13,6.29,6.01,6.05,1047429
2018-01-16,6.06,6.15,5.95,6.06,907952
2018-01-17,6.11,6.3,5.98,6.07,1039848
2018-01-18,6.1,6.13,5.92,6.05,993759
2018-01-19,6.12,6.35,6.04,6.31,1386439
2018-01-22,6.32,6.59,6.23,6.52,1470689
2018-01-23,6.46,6.57,6.38,6.52,1201177
2018-01-24,6.6,6.68,6.45,6.52,884832
2018-01-25,6.46,6.5,6.31,6.41,809369
2018-01-26,6.41,6.64,6.37,6.62,773933
2018-01-29,6.71,6.88,6.45,6.47,978575
2018-01-30,6.46,6.55,6.36,6.46,547127
2018-01-31,6.16,6.19,5.92,6.05,1315239
2018-02-01,6.05,6.17,5.93,6.15,943935
2018-02-02,6.06,6.17,5.96,6.14,542575
2018-02-05,6.03,6.37,6.01,6.32,769217
2018-02-06,6.19,6.3,6.08,6.27,1400177
2018-02-07,6.32,6.48,6.05,6.18,983280
2018-02-08,6.11,6.14,5.58,5.77,876963
2018-02-09,5.46,5.56,4.93,5.54,1207600
2018-02-12,5.43,5.59,5.34,5.47,515047
2018-02-13,5.56,5.65,5.51,5.61,364101
2018-02-14,5.61,5.64,5.46,5.5,307124
2018-02-22,5.57,5.73,5.57,5.72,378266
2018-02-23,5.71,5.81,5.66,5.78,318711
2018-02-26,5.78,5.92,5.72,5.88,296774
2018-02-27,5.88,5.91,5.78,5.85,359852
2018-02-28,5.81,5.84,5.71,5.72,306027
2018-03-01,5.66,5.76,5.51,5.59,317777
2018-03-02,5.53,5.61,5.46,5.52,271630
2018-03-05,5.52,5.59,5.48,5.56,235840
2018-03-06,5.57,5.6,5.5,5.59,267537
2018-03-07,5.59,5.63,5.42,5.48,372013
2018-03-08,5.45,5.47,5.36,5.39,339003
2018-03-09,5.38,5.42,5.3,5.4,397663
2018-03-12,5.43,5.5,5.4,5.47,368346
2018-03-13,5.49,5.49,5.4,5.44,245584
2018-03-14,5.45,5.45,5.37,5.4,183913
2018-03-15,5.4,5.47,5.37,5.45,221173
2018-03-16,5.45,5.46,5.35,5.36,227100
2018-03-19,5.36,5.36,5.21,5.22,308555
2018-03-20,5.18,5.3,5.12,5.24,208162
2018-03-21,5.24,5.34,5.23,5.25,247556
2018-03-22,5.25,5.29,5.1,5.13,275197
2018-03-23,4.95,5.17,4.72,5.07,724438
2018-03-26,4.94,5.15,4.76,5.03,419281
2018-03-27,5.08,5.11,4.84,4.94,489130
2018-03-28,4.85,4.94,4.68,4.69,419146
2018-03-29,4.71,4.76,4.51,4.7,413949
2018-03-30,4.71,4.73,4.58,4.68,267542
2018-04-02,4.68,4.74,4.59,4.6,299206
2018-04-03,4.56,4.57,4.47,4.5,273557
2018-04-04,4.54,4.58,4.47,4.48,364251
2018-04-09,4.47,4.53,4.45,4.49,256312
2018-04-10,4.49,4.6,4.47,4.59,613611
2018-04-11,4.65,4.67,4.58,4.64,558569
2018-04-12,4.63,4.65,4.48,4.5,479826
2018-04-13,4.53,4.53,4.45,4.47,409410
2018-04-16,4.46,4.5,4.33,4.33,453627
2018-04-17,4.34,4.39,4.25,4.27,274869
2018-04-18,4.34,4.35,4.24,4.28,309268
2018-04-19,4.29,4.45,4.29,4.4,307845
2018-04-20,4.38,4.45,4.33,4.34,304702
2018-04-23,4.34,4.47,4.34,4.47,237399
2018-04-24,4.44,4.67,4.44,4.65,409717
2018-04-25,4.61,4.67,4.58,4.63,206309
2018-04-26,4.63,4.65,4.58,4.6,215363
2018-04-27,4.63,4.7,4.61,4.69,325462
2018-05-02,4.75,4.93,4.75,4.88,496697
2018-05-03,4.87,4.98,4.79,4.96,447236
2018-05-04,4.95,5.15,4.93,5.12,541873
2018-05-07,5.17,5.24,5.04,5.17,388714
2018-05-08,5.15,5.23,5.13,5.14,291820
2018-05-09,5.14,5.16,4.98,5.05,371717
2018-05-10,5.09,5.23,5.08,5.19,340913
2018-05-11,5.21,5.26,5.17,5.22,264168
2018-05-14,5.23,5.27,5.03,5.1,442577
2018-05-15,5.11,5.15,5.02,5.09,344830
2018-05-16,5.08,5.12,4.97,5.0,374329
2018-05-17,4.98,5.03,4.9,4.94,382692
2018-05-18,4.95,5.05,4.88,5.04,451092
2018-05-21,5.08,5.15,5.05,5.1,310025
2018-05-22,5.11,5.13,5.05,5.11,236060
2018-05-23,5.08,5.12,4.83,4.86,448304
2018-05-24,4.85,4.93,4.8,4.84,304483
2018-05-25,4.84,4.86,4.75,4.78,291858
2018-05-28,4.77,4.88,4.76,4.83,308835
2018-05-29,4.83,4.89,4.77,4.8,314331
2018-05-30,4.75,4.77,4.66,4.69,284695
2018-05-31,4.74,4.85,4.73,4.8,433224
2018-06-01,4.78,4.94,4.77,4.84,327753
2018-06-04,4.89,5.0,4.86,5.0,352217
2018-06-05,5.05,5.11,5.01,5.07,376918
2018-06-06,5.09,5.1,5.02,5.07,244360
2018-06-07,5.1,5.17,5.07,5.14,375264
2018-06-08,5.16,5.18,5.01,5.04,334651
2018-06-11,5.04,5.25,5.04,5.24,485551
2018-06-12,5.26,5.47,5.22,5.46,611733
2018-06-13,5.45,5.61,5.42,5.46,563815
2018-06-14,5.56,5.6,5.45,5.53,568325
2018-06-15,5.55,5.66,5.45,5.54,369791
2018-06-19,5.49,5.54,5.18,5.35,649872
2018-06-20,5.32,5.37,5.21,5.35,363015
2018-06-21,5.49,5.7,5.45,5.59,697264
2018-06-22,5.54,5.66,5.48,5.62,461172
2018-06-25,5.62,5.73,5.56,5.65,537976
2018-06-26,5.58,5.6,5.3,5.4,596073
2018-06-27,5.44,5.48,5.12,5.26,577844
2018-06-28,5.31,5.31,4.95,4.96,448504
2018-06-29,4.93,5.11,4.91,5.08,303707
2018-07-02,5.05,5.1,4.67,4.73,373057
2018-07-03,4.83,4.9,4.72,4.84,414929
2018-07-04,4.85,5.06,4.81,4.95,313523
2018-07-05,4.96,5.15,4.91,5.09,394030
2018-07-06,5.12,5.19,4.95,5.1,310316
2018-07-09,5.13,5.26,5.1,5.24,272389
2018-07-10,5.26,5.43,5.19,5.4,250888
2018-07-11,5.26,5.36,5.22,5.3,243628
2018-07-12,5.32,5.56,5.27,5.52,372919
2018-07-13,5.55,5.59,5.48,5.57,177096
2018-07-16,5.57,5.68,5.56,5.61,220435
2018-07-17,5.65,5.7,5.57,5.64,249162
2018-07-18,5.67,5.69,5.48,5.5,222137
2018-07-19,5.56,5.72,5.55,5.6,302629
2018-07-20,5.63,5.71,5.57,5.67,340921
2018-07-23,5.71,5.9,5.67,5.85,383592
2018-07-24,5.86,5.92,5.74,5.76,457339
2018-07-25,5.81,5.82,5.67,5.76,288389
2018-07-26,5.78,5.82,5.65,5.68,219150
2018-07-27,5.7,5.74,5.59,5.61,154737
2018-07-30,5.58,5.83,5.58,5.82,398987
2018-07-31,5.86,5.91,5.78,5.82,262273
2018-08-01,5.87,5.95,5.61,5.63,318555
2018-08-02,5.65,5.75,5.39,5.5,365401
2018-08-03,5.47,5.68,5.46,5.56,266505
2018-08-06,5.58,5.68,5.48,5.52,231280
2018-08-07,5.51,5.73,5.44,5.72,260066
2018-08-08,5.67,5.82,5.65,5.74,258184
2018-08-09,5.74,5.89,5.69,5.86,369916
2018-08-10,5.91,5.91,5.76,5.84,239218
2018-08-13,5.77,5.77,5.63,5.71,257337
2018-08-14,5.73,5.83,5.68,5.82,270138
2018-08-15,5.79,5.81,5.64,5.69,241525
2018-08-16,5.62,5.83,5.57,5.79,317352
2018-08-17,5.8,5.86,5.59,5.6,236038
2018-08-20,5.62,5.73,5.52,5.67,252968
2018-08-21,5.67,5.85,5.67,5.82,282064
2018-08-22,5.8,5.84,5.74,5.76,195673
2018-08-23,5.79,5.86,5.7,5.85,271967
2018-08-24,5.84,5.91,5.79,5.88,205296
2018-08-27,5.92,6.01,5.83,5.99,329706
2018-08-28,5.99,6.0,5.93,5.98,212022
2018-08-29,5.87,5.87,5.49,5.51,786093
2018-08-30,5.53,5.63,5.52,5.56,372830
2018-08-31,5.6,5.6,5.4,5.5,336821
2018-09-03,5.45,5.45,5.1,5.21,468632
2018-09-04,5.21,5.26,5.13,5.24,339187
2018-09-05,5.2,5.27,5.1,5.1,226857
2018-09-06,5.11,5.16,5.06,5.1,183102
2018-09-07,5.09,5.19,4.98,5.1,346813
2018-09-10,5.07,5.13,5.0,5.08,179745
2018-09-11,5.02,5.11,4.99,5.1,241250
2018-09-12,5.05,5.09,4.89,4.89,256885
2018-09-13,4.99,4.99,4.63,4.76,669156
2018-09-14,4.78,4.83,4.78,4.8,303987
2018-09-17,4.8,4.9,4.76,4.85,221590
2018-09-18,4.85,5.12,4.85,5.12,307466
2018-09-19,5.11,5.17,4.96,5.05,713763
2018-09-20,5.04,5.09,4.86,4.95,570713
2018-09-21,4.9,4.93,4.74,4.92,1021297
2018-09-25,4.83,4.93,4.8,4.92,439003
2018-09-26,4.98,5.03,4.89,4.97,669030
2018-09-27,4.97,5.02,4.95,4.98,367627
2018-09-28,5.02,5.13,4.98,5.1,383024
2018-10-08,5.01,5.02,4.81,4.85,421607
2018-10-09,4.82,4.86,4.77,4.8,220600
2018-10-10,4.81,4.92,4.81,4.83,258978
2018-10-11,4.72,4.75,4.42,4.46,564119
2018-10-12,4.47,4.57,4.39,4.51,316126
2018-10-15,4.53,4.62,4.46,4.49,210493
2018-10-16,4.46,4.57,4.46,4.48,201216
2018-10-17,4.58,4.72,4.53,4.72,343736
2018-10-18,4.68,4.69,4.47,4.47,358975
2018-10-19,4.43,4.7,4.38,4.68,442814
2018-10-22,4.7,4.96,4.69,4.93,570043
2018-10-23,4.96,4.97,4.75,4.76,400263
2018-10-24,4.74,4.9,4.74,4.79,213891
2018-10-25,4.68,4.86,4.63,4.79,265870
2018-10-26,4.83,4.97,4.81,4.93,364945
2018-10-29,4.93,4.98,4.82,4.85,222507
2018-10-30,4.85,4.93,4.77,4.78,353682
2018-10-31,4.84,4.98,4.84,4.93,504229
2018-11-01,4.93,5.07,4.93,4.96,397158
2018-11-02,5.05,5.09,5.0,5.07,374929
2018-11-05,5.04,5.06,4.95,5.05,262847
2018-11-06,5.05,5.05,4.96,5.0,141789
2018-11-07,5.02,5.03,4.9,4.92,202861
2018-11-08,4.96,4.99,4.91,4.96,215522
2018-11-09,4.93,4.99,4.87,4.93,212399
2018-11-12,4.88,4.98,4.86,4.97,292846
2018-11-13,4.91,4.99,4.89,4.97,170377
2018-11-14,4.95,4.98,4.89,4.9,172379
2018-11-15,4.89,4.96,4.89,4.93,142234
2018-11-16,4.95,4.96,4.86,4.87,289178
2018-11-19,4.87,4.92,4.86,4.92,199305
2018-11-20,4.89,4.9,4.79,4.8,177712
2018-11-21,4.76,4.84,4.75,4.81,182371
2018-11-22,4.8,4.81,4.75,4.76,121270
2018-11-23,4.75,4.75,4.6,4.62,279442
2018-11-26,4.61,4.63,4.51,4.53,235847
2018-11-27,4.56,4.58,4.48,4.49,179011
2018-11-28,4.5,4.59,4.47,4.57,198314
2018-11-29,4.59,4.61,4.47,4.51,205960
2018-11-30,4.51,4.59,4.49,4.58,295833
2018-12-03,4.67,4.79,4.66,4.74,406274
2018-12-04,4.72,4.79,4.69,4.77,293095
2018-12-05,4.7,4.81,4.68,4.81,203214
2018-12-06,4.77,4.79,4.67,4.7,248069
2018-12-07,4.7,4.81,4.69,4.79,205208
2018-12-10,4.76,4.86,4.75,4.85,286389
2018-12-11,4.89,4.9,4.81,4.84,144234
2018-12-12,4.89,4.89,4.82,4.85,114145
2018-12-13,4.86,4.89,4.8,4.86,268842
2018-12-14,4.85,4.87,4.81,4.83,175984
2018-12-17,4.82,4.89,4.8,4.85,270155
2018-12-18,4.84,4.92,4.82,4.92,321466
2018-12-19,4.91,5.01,4.88,4.96,325640
2018-12-20,4.96,5.0,4.79,4.84,234552
2018-12-21,4.85,4.87,4.78,4.85,243534
2018-12-24,4.87,4.95,4.86,4.91,179423
2018-12-25,4.9,4.98,4.83,4.96,260630
2018-12-26,4.96,5.03,4.94,4.99,232051
2018-12-27,5.03,5.06,4.95,5.03,208822
2018-12-28,5.0,5.12,4.95,5.1,394434
2019-01-02,5.07,5.11,4.99,5.06,227634
2019-01-03,5.02,5.06,4.88,4.96,193738
2019-01-04,4.92,5.01,4.89,5.0,217531
2019-01-07,5.05,5.17,4.99,5.11,373669
2019-01-08,5.11,5.17,5.03,5.05,214893
2019-01-09,5.07,5.16,5.06,5.06,256559
2019-01-10,5.09,5.1,4.88,4.89,367130
2019-01-11,4.89,5.03,4.87,5.03,252848
2019-01-14,5.01,5.05,4.93,4.95,181729
2019-01-15,4.98,5.01,4.94,4.99,132801
2019-01-16,4.98,5.09,4.96,5.07,186109
2019-01-17,5.05,5.21,5.04,5.18,312915
2019-01-18,5.2,5.27,5.15,5.24,257057
2019-01-21,5.25,5.3,5.2,5.23,212070
2019-01-22,5.23,5.24,5.11,5.13,172163
2019-01-23,5.17,5.28,5.15,5.27,255256
2019-01-24,5.28,5.34,5.22,5.32,255403
2019-01-25,5.32,5.42,5.32,5.35,306410
2019-01-28,5.38,5.48,5.33,5.35,195015
2019-01-29,5.44,5.63,5.35,5.6,329211
2019-01-30,5.55,5.6,5.36,5.41,276493
2019-01-31,5.45,5.49,5.36,5.42,178824
2019-02-01,5.45,5.58,5.37,5.57,242988
2019-02-11,5.54,5.55,5.38,5.51,332527
2019-02-12,5.47,5.55,5.45,5.47,277542
2019-02-13,5.51,5.59,5.47,5.57,333193
2019-02-14,5.58,5.58,5.48,5.5,227363
2019-02-15,5.51,5.51,5.28,5.33,380797
2019-02-18,5.37,5.44,5.35,5.43,360687
2019-02-19,5.42,5.62,5.42,5.61,501237
2019-02-20,5.6,5.67,5.54,5.61,206967
2019-02-21,5.59,5.61,5.52,5.54,274669
2019-02-22,5.56,5.59,5.49,5.58,313527
2019-02-25,5.56,5.83,5.56,5.83,577070
2019-02-26,5.83,5.9,5.68,5.72,645285
2019-02-27,5.72,5.84,5.66,5.72,390228
2019-02-28,5.74,5.82,5.66,5.8,434376
2019-03-01,5.8,5.84,5.68,5.75,336680
2019-03-04,5.78,5.9,5.72,5.74,757582
2019-03-05,5.74,5.74,5.64,5.7,483339
2019-03-06,5.68,5.77,5.66,5.77,586179
2019-03-07,5.75,5.77,5.63,5.66,737545
2019-03-08,5.61,5.61,5.32,5.32,683896
2019-03-11,5.32,5.4,5.28,5.36,505869
2019-03-12,5.39,5.45,5.33,5.37,548509
2019-03-13,5.38,5.39,5.29,5.33,485991
2019-03-14,5.32,5.37,5.25,5.28,391366
2019-03-15,5.27,5.36,5.27,5.31,417498
2019-03-18,5.33,5.47,5.27,5.46,785846
2019-03-19,5.44,5.48,5.37,5.44,495784
2019-03-20,5.41,5.45,5.32,5.4,366695
2019-03-21,5.39,5.42,5.33,5.37,388337
2019-03-22,5.38,5.4,5.34,5.38,377765
2019-03-25,5.32,5.35,5.22,5.23,469296
2019-03-26,5.22,5.25,5.08,5.11,399632
2019-03-27,5.14,5.15,5.09,5.12,279866
2019-03-28,5.11,5.11,5.03,5.04,293400
2019-03-29,5.07,5.22,5.06,5.21,536886
2019-04-01,5.24,5.38,5.22,5.35,688209
2019-04-02,5.36,5.38,5.29,5.33,388543
2019-04-03,5.3,5.4,5.28,5.39,590834
2019-04-04,5.41,5.45,5.35,5.4,700585
2019-04-08,5.42,5.47,5.38,5.46,716491
2019-04-09,5.42,5.44,5.31,5.34,557811
2019-04-10,5.32,5.41,5.31,5.37,496324
2019-04-11,5.37,5.39,5.23,5.24,449274
2019-04-12,5.25,5.31,5.21,5.29,395305
2019-04-15,5.33,5.42,5.32,5.32,484424
2019-04-16,5.31,5.42,5.23,5.42,551530
2019-04-17,5.4,5.42,5.35,5.37,395364
2019-04-18,5.37,5.39,5.33,5.34,237695
2019-04-19,5.36,5.41,5.29,5.35,280835
2019-04-22,5.38,5.41,5.3,5.33,470747
2019-04-23,5.33,5.34,5.22,5.23,356067
2019-04-24,5.24,5.26,5.19,5.24,277412
2019-04-25,5.28,5.32,5.25,5.25,546387
2019-04-26,5.23,5.25,5.11,5.12,468126
2019-04-29,5.12,5.28,5.09,5.25,463276
2019-04-30,5.24,5.4,5.22,5.39,382264
2019-05-06,5.27,5.27,4.99,5.14,678630
2019-05-07,5.1,5.2,5.06,5.12,391187
2019-05-08,5.07,5.11,4.99,5.03,382017
2019-05-09,5.02,5.08,4.97,4.97,406152
2019-05-10,5.01,5.11,4.95,5.08,340180
2019-05-13,5.03,5.1,5.0,5.02,246342
2019-05-14,4.99,5.1,4.97,5.04,392205
2019-05-15,5.07,5.1,5.04,5.06,242158
2019-05-16,5.06,5.16,5.04,5.14,255881
2019-05-17,5.14,5.16,5.07,5.07,286655
2019-05-20,5.07,5.13,5.0,5.05,294955
2019-05-21,5.05,5.11,5.03,5.06,273409
2019-05-22,5.08,5.14,5.06,5.08,235125
2019-05-23,5.09,5.09,5.03,5.04,161272
2019-05-24,5.04,5.09,5.03,5.08,173232
2019-05-27,5.09,5.12,5.04,5.11,191794
2019-05-28,5.12,5.3,5.1,5.3,647943
2019-05-29,5.24,5.29,5.21,5.23,203586
2019-05-30,5.23,5.32,5.22,5.32,283123
2019-05-31,5.28,5.39,5.22,5.23,350554
2019-06-03,5.28,5.34,5.18,5.31,479636
2019-06-04,5.28,5.32,5.23,5.29,263056
2019-06-05,5.31,5.34,5.26,5.31,333401
2019-06-06,5.29,5.33,5.23,5.25,283633
2019-06-10,5.29,5.35,5.24,5.33,369309
2019-06-11,5.32,5.4,5.3,5.38,444877
2019-06-12,5.36,5.37,5.31,5.34,318623
2019-06-13,5.33,5.34,5.24,5.27,305135
2019-06-14,5.3,5.39,5.23,5.35,608920
2019-06-17,5.34,5.34,5.25,5.26,407246
2019-06-18,5.27,5.34,5.25,5.33,218985
2019-06-19,5.37,5.52,5.36,5.49,675782
2019-06-20,5.49,5.65,5.48,5.63,560080
2019-06-21,5.62,5.65,5.56,5.63,451651
2019-06-24,5.63,5.72,5.59,5.68,398374
2019-06-25,5.66,5.69,5.55,5.62,378451
2019-06-26,5.61,5.69,5.58,5.63,603928
2019-06-27,5.63,5.69,5.48,5.5,652049
2019-06-28,5.5,5.51,5.37,5.44,374848
2019-07-01,5.5,5.57,5.5,5.55,392352
2019-07-02,5.55,5.63,5.51,5.62,403907
2019-07-03,5.62,5.63,5.52,5.55,358406
2019-07-04,5.55,5.56,5.42,5.45,394367
2019-07-05,5.49,5.51,5.39,5.46,332689
2019-07-08,5.41,5.43,5.29,5.34,521212
2019-07-09,5.32,5.35,5.27,5.29,286426
2019-07-10,5.3,5.31,5.21,5.22,215730
2019-07-11,5.26,5.27,5.22,5.22,221808
2019-07-12,5.24,5.25,5.18,5.2,218356
2019-07-15,5.2,5.24,5.12,5.23,230803
2019-07-16,5.23,5.23,5.17,5.19,243703
2019-07-17,5.19,5.23,5.16,5.23,177662
2019-07-18,5.2,5.21,5.12,5.14,239542
2019-07-19,5.14,5.2,5.13,5.14,185264
2019-07-22,5.15,5.17,5.07,5.13,230631
2019-07-23,5.11,5.18,5.1,5.17,186552
2019-07-24,5.17,5.26,5.16,5.23,294620
2019-07-25,5.24,5.25,5.18,5.22,195916
2019-07-26,5.21,5.23,5.18,5.2,183399
2019-07-29,5.19,5.25,5.19,5.24,174947
2019-07-30,5.25,5.3,5.24,5.27,185306
2019-07-31,5.26,5.29,5.25,5.25,179422
2019-08-01,5.25,5.28,5.21,5.24,159667
2019-08-02,5.2,5.2,5.11,5.18,216551
2019-08-05,5.15,5.17,4.95,4.96,372243
2019-08-06,4.89,4.89,4.73,4.83,424858
2019-08-07,4.84,4.87,4.76,4.84,238766
2019-08-08,4.85,4.97,4.84,4.95,232669
2019-08-09,4.97,5.02,4.95,4.95,200136
2019-08-12,4.88,5.02,4.88,5.01,177544
2019-08-13,4.96,5.0,4.89,4.89,184885
2019-08-14,4.96,4.99,4.83,4.87,230520
2019-08-15,4.77,4.83,4.74,4.8,261546
2019-08-16,4.8,4.87,4.76,4.86,189137
2019-08-19,4.87,5.02,4.87,5.01,253378
2019-08-20,5.01,5.06,4.98,5.04,147242
2019-08-21,5.02,5.06,5.01,5.01,135167
2019-08-22,5.03,5.12,5.01,5.1,261381
2019-08-23,5.11,5.17,5.08,5.12,195091
2019-08-26,5.04,5.12,5.0,5.03,222756
2019-08-27,5.06,5.2,5.0,5.0,389335
2019-08-28,5.05,5.1,5.02,5.07,159269
2019-08-29,5.08,5.14,5.03,5.09,248043
2019-08-30,5.14,5.16,5.02,5.09,241278
2019-09-02,5.09,5.21,5.05,5.17,365537
2019-09-03,5.18,5.23,5.15,5.15,148713
2019-09-04,5.16,5.24,5.15,5.21,293341
2019-09-05,5.24,5.27,5.19,5.22,354707
2019-09-06,5.22,5.24,5.18,5.23,171112
2019-09-09,5.27,5.29,5.2,5.23,243668
2019-09-10,5.21,5.21,5.08,5.14,352633
2019-09-11,5.15,5.17,5.1,5.13,199968
2019-09-12,5.13,5.17,5.1,5.17,205520
2019-09-16,5.17,5.18,5.1,5.13,237735
2019-09-17,5.11,5.12,5.02,5.04,274173
2019-09-18,5.03,5.07,4.97,5.0,282000
2019-09-19,5.02,5.06,4.99,5.06,138076
2019-09-20,5.06,5.12,5.04,5.04,236720
2019-09-23,5.04,5.04,4.92,4.95,247766
2019-09-24,4.96,5.02,4.93,5.0,161085
2019-09-25,4.99,5.05,4.98,5.02,170234
2019-09-26,5.02,5.05,4.99,5.01,168598
2019-09-27,5.0,5.01,4.92,4.96,174410
2019-09-30,4.92,4.98,4.92,4.94,129227
2019-10-08,4.91,4.94,4.89,4.9,179347
2019-10-09,4.9,4.96,4.87,4.95,130538
2019-10-10,4.96,4.98,4.93,4.95,129033
2019-10-11,4.97,4.99,4.93,4.98,150477
2019-10-14,5.01,5.09,5.0,5.03,196234
2019-10-15,5.04,5.05,4.99,5.02,186738
2019-10-16,5.05,5.09,5.04,5.07,192005
2019-10-17,5.07,5.07,5.02,5.05,131663
2019-10-18,5.05,5.08,5.0,5.05,202821
2019-10-21,5.03,5.05,4.92,4.93,195608
2019-10-22,4.95,4.99,4.93,4.99,163232
2019-10-23,4.97,5.05,4.96,5.04,192851
2019-10-24,5.03,5.04,4.97,5.0,137892
2019-10-25,5.0,5.02,4.96,4.99,194720
2019-10-28,4.98,5.01,4.96,4.98,222021
2019-10-29,4.99,5.0,4.96,4.96,243965
2019-10-30,5.0,5.01,4.95,4.95,234393
2019-10-31,4.97,4.98,4.94,4.98,208298
2019-11-01,4.98,5.1,4.95,5.08,327794
2019-11-04,5.06,5.23,5.05,5.19,411866
2019-11-05,5.21,5.22,5.14,5.16,243091
2019-11-06,5.16,5.2,5.13,5.18,133139
2019-11-07,5.16,5.17,5.12,5.13,134784
2019-11-08,5.16,5.19,5.08,5.1,194624
2019-11-11,5.09,5.13,5.0,5.01,230442
2019-11-12,5.04,5.04,4.98,5.01,127085
2019-11-13,5.02,5.02,4.97,4.99,120199
2019-11-14,4.98,5.07,4.98,5.05,181297
2019-11-15,5.02,5.06,4.98,4.98,113378
2019-11-18,4.99,5.07,4.93,5.07,239697
2019-11-19,5.05,5.11,5.03,5.1,158439
2019-11-20,5.1,5.18,5.08,5.13,258078
2019-11-21,5.14,5.18,5.1,5.18,163618
2019-11-22,5.19,5.21,5.17,5.2,280707
2019-11-25,5.2,5.28,5.18,5.27,239644
2019-11-26,5.29,5.31,5.19,5.3,480701
2019-11-27,5.25,5.27,5.17,5.2,232346
2019-11-28,5.2,5.25,5.18,5.25,157462
2019-11-29,5.24,5.3,5.18,5.28,275702
2019-12-02,5.25,5.29,5.21,5.26,172396
2019-12-03,5.25,5.27,5.21,5.27,158322
2019-12-04,5.26,5.33,5.22,5.25,197753
2019-12-05,5.26,5.29,5.2,5.21,144136
2019-12-06,5.23,5.25,5.18,5.23,112098
2019-12-09,5.22,5.26,5.2,5.24,149458
2019-12-10,5.2,5.23,5.11,5.14,199820
2019-12-11,5.14,5.17,5.08,5.15,245881
2019-12-12,5.14,5.22,5.1,5.18,155118
2019-12-13,5.2,5.29,5.17,5.28,252824
2019-12-16,5.29,5.3,5.24,5.3,160140
2019-12-17,5.29,5.39,5.27,5.35,278312
2019-12-18,5.35,5.46,5.35,5.45,439789
2019-12-19,5.45,5.56,5.44,5.52,279385
2019-12-20,5.52,5.57,5.49,5.57,254387
2019-12-23,5.55,5.56,5.44,5.5,213929
2019-12-24,5.46,5.49,5.39,5.44,144897
2019-12-25,5.44,5.48,5.39,5.47,125071
2019-12-26,5.47,5.5,5.43,5.48,111479
2019-12-27,5.49,5.52,5.43,5.45,160508
2019-12-30,5.44,5.61,5.42,5.57,205043
2019-12-31,5.54,5.58,5.48,5.56,226874
2020-01-02,5.57,5.6,5.52,5.52,287437
2020-01-03,5.52,5.57,5.48,5.51,224958
2020-01-06,5.48,5.52,5.4,5.42,301502
2020-01-07,5.41,5.47,5.41,5.47,202301
2020-01-08,5.44,5.45,5.36,5.39,200098
2020-01-09,5.41,5.49,5.41,5.47,410943
2020-01-10,5.48,5.49,5.42,5.45,291356
2020-01-13,5.45,5.47,5.36,5.38,314539
2020-01-14,5.3,5.41,5.3,5.39,250931
2020-01-15,5.37,5.38,5.28,5.3,213154
2020-01-16,5.29,5.34,5.26,5.27,245233
2020-01-17,5.29,5.3,5.26,5.28,202357
2020-01-20,5.27,5.37,5.25,5.35,248842
2020-01-21,5.33,5.35,5.23,5.26,354135
2020-01-22,5.24,5.24,5.16,5.19,262558
2020-01-23,5.18,5.19,5.02,5.05,350350
2020-02-03,4.4,4.71,4.4,4.57,667785
2020-02-04,4.58,5.15,4.57,4.74,536095
2020-02-05,4.77,4.77,4.67,4.73,376014
2020-02-06,4.75,4.75,4.65,4.72,476157
2020-02-07,4.69,4.72,4.63,4.72,321302
2020-02-10,4.65,4.66,4.57,4.64,489706
2020-02-11,4.64,4.71,4.61,4.69,386932
2020-02-12,4.67,4.71,4.65,4.7,261547
2020-02-13,4.7,4.7,4.66,4.67,176023
2020-02-14,4.66,4.68,4.62,4.65,243938
2020-02-17,4.64,4.76,4.62,4.75,363185
2020-02-18,4.74,4.79,4.71,4.73,236053
2020-02-19,4.72,4.74,4.7,4.72,212423
2020-02-20,4.72,4.79,4.7,4.77,254518
2020-02-21,4.76,4.79,4.74,4.77,251495
2020-02-24,4.74,4.77,4.66,4.67,358103
2020-02-25,4.61,4.66,4.54,4.59,461039
2020-02-26,4.57,4.67,4.53,4.64,352514
2020-02-27,4.66,4.66,4.57,4.6,357262
2020-02-28,4.52,4.55,4.43,4.43,576935
2020-03-02,4.43,4.57,4.43,4.56,457780
2020-03-03,4.59,4.62,4.56,4.58,358139
2020-03-04,4.56,4.67,4.54,4.66,400533
2020-03-05,4.69,4.75,4.66,4.73,407654
2020-03-06,4.67,4.68,4.62,4.63,261504
2020-03-09,4.54,4.58,4.47,4.48,399088
2020-03-10,4.45,4.55,4.44,4.54,323292
2020-03-11,4.54,4.54,4.46,4.47,329415
2020-03-12,4.44,4.52,4.4,4.48,420869
2020-03-13,4.35,4.45,4.27,4.4,435657
2020-03-16,4.4,4.47,4.35,4.37,342308
2020-03-17,4.36,4.45,4.32,4.4,311683
2020-03-18,4.43,4.45,4.32,4.32,288859
2020-03-19,4.28,4.32,4.05,4.11,456538
2020-03-20,4.18,4.2,4.09,4.14,312399
2020-03-23,4.06,4.12,4.04,4.04,225257
2020-03-24,4.11,4.21,4.09,4.18,317958
2020-03-25,4.28,4.29,4.2,4.25,214454
2020-03-26,4.21,4.23,4.12,4.14,259866
2020-03-27,4.19,4.25,4.17,4.2,169854
2020-03-30,4.16,4.2,4.1,4.15,188030
2020-03-31,4.2,4.22,4.12,4.15,132604
2020-04-01,4.13,4.15,4.06,4.08,264427
2020-04-02,4.09,4.15,4.04,4.15,201710
2020-04-03,4.12,4.14,4.09,4.13,159150
2020-04-07,4.18,4.25,4.17,4.23,285862
2020-04-08,4.21,4.24,4.18,4.22,117644
2020-04-09,4.22,4.24,4.2,4.21,105020
2020-04-10,4.23,4.26,4.2,4.24,144575
2020-04-13,4.21,4.24,4.15,4.16,101568
2020-04-14,4.17,4.24,4.15,4.24,134657
2020-04-15,4.24,4.24,4.2,4.2,134924
2020-04-16,4.18,4.2,4.14,4.18,185351
2020-04-17,4.19,4.22,4.15,4.2,151570
2020-04-20,4.2,4.22,4.16,4.17,142675
2020-04-21,4.15,4.17,4.09,4.09,163588
2020-04-22,4.09,4.14,4.05,4.13,162065
2020-04-23,4.15,4.19,4.13,4.17,189539
2020-04-24,4.17,4.18,4.12,4.16,106190
2020-04-27,4.17,4.2,4.13,4.13,199906
2020-04-28,4.14,4.17,4.05,4.07,193802
2020-04-29,4.15,4.44,4.15,4.43,499643
2020-04-30,4.4,4.65,4.4,4.53,632713
2020-05-06,4.41,4.5,4.32,4.35,494596
2020-05-07,4.36,4.39,4.26,4.32,434625
2020-05-08,4.33,4.33,4.28,4.3,298429
2020-05-11,4.3,4.36,4.27,4.31,469119
2020-05-12,4.31,4.38,4.3,4.31,315797
2020-05-13,4.31,4.33,4.3,4.31,276558
2020-05-14,4.31,4.32,4.28,4.28,202688
2020-05-15,4.29,4.31,4.26,4.27,205075
2020-05-18,4.3,4.31,4.25,4.28,371187
2020-05-19,4.29,4.31,4.24,4.25,388128
2020-05-20,4.25,4.25,4.18,4.19,301268
2020-05-21,4.2,4.21,4.16,4.17,145900
2020-05-22,4.17,4.18,4.1,4.11,280292
2020-05-25,4.1,4.13,4.08,4.1,237644
2020-05-26,4.11,4.14,4.09,4.13,256416
2020-05-27,4.11,4.18,4.1,4.16,284013
2020-05-28,4.17,4.24,4.17,4.21,218913
2020-05-29,4.22,4.24,4.17,4.17,204224
2020-06-01,4.17,4.23,4.16,4.21,205659
2020-06-02,4.22,4.29,4.21,4.28,252891
2020-06-03,4.29,4.37,4.28,4.29,243858
2020-06-04,4.3,4.32,4.26,4.28,176993
2020-06-05,4.3,4.32,4.28,4.31,179075
2020-06-08,4.33,4.34,4.3,4.33,155210
2020-06-09,4.34,4.42,4.32,4.4,279142
2020-06-10,4.43,4.43,4.37,4.38,178743
2020-06-11,4.38,4.43,4.35,4.36,285472
2020-06-12,4.3,4.36,4.28,4.29,251377
2020-06-15,4.29,4.32,4.25,4.29,173677
2020-06-16,4.31,4.37,4.29,4.34,164090
2020-06-17,4.36,4.42,4.33,4.4,204653
2020-06-18,4.4,4.45,4.37,4.44,184459
2020-06-19,4.46,4.51,4.42,4.48,334287
2020-06-22,4.48,4.49,4.39,4.42,163377
2020-06-23,4.42,4.46,4.37,4.42,274891
2020-06-24,4.44,4.45,4.38,4.42,194846
2020-06-29,4.36,4.4,4.34,4.35,240747
2020-06-30,4.36,4.41,4.34,4.39,271837
2020-07-01,4.39,4.39,4.33,4.37,378446
2020-07-02,4.37,4.43,4.26,4.43,697331
2020-07-03,4.43,4.54,4.42,4.54,562991
2020-07-06,4.59,4.86,4.57,4.84,847569
2020-07-07,4.95,5.02,4.8,4.8,862599
2020-07-08,4.79,4.79,4.65,4.77,689055
2020-07-09,4.83,4.88,4.75,4.82,624352
2020-07-10,4.79,4.8,4.66,4.69,412559
2020-07-13,4.67,4.74,4.65,4.7,670797
2020-07-14,4.71,4.75,4.61,4.63,540159
2020-07-15,4.63,4.68,4.55,4.56,473274
2020-07-16,4.56,4.6,4.42,4.43,537533
2020-07-17,4.45,4.48,4.37,4.39,438209
2020-07-20,4.41,4.55,4.4,4.52,439663
2020-07-21,4.53,4.55,4.46,4.49,381122
2020-07-22,4.48,4.53,4.45,4.48,448814
2020-07-23,4.46,4.46,4.34,4.38,606892
2020-07-24,4.36,4.37,4.24,4.27,644654
2020-07-27,4.29,4.31,4.24,4.27,208008
2020-07-28,4.28,4.34,4.28,4.31,241605
2020-07-29,4.31,4.39,4.28,4.37,260766
2020-07-30,4.38,4.41,4.35,4.37,255007
2020-07-31,4.38,4.42,4.3,4.32,402849
2020-08-03,4.33,4.38,4.33,4.35,407994
2020-08-04,4.36,4.44,4.33,4.39,525322
2020-08-05,4.4,4.41,4.34,4.35,337511
2020-08-06,4.36,4.36,4.29,4.34,346779
2020-08-07,4.33,4.34,4.27,4.29,300949
2020-08-10,4.29,4.38,4.28,4.37,384258
2020-08-11,4.38,4.45,4.32,4.34,422459
2020-08-12,4.33,4.46,4.32,4.45,607345
2020-08-13,4.46,4.47,4.41,4.45,311556
2020-08-14,4.45,4.47,4.4,4.47,246770
2020-08-17,4.47,4.57,4.47,4.55,459341
2020-08-18,4.54,4.54,4.48,4.51,279564
2020-08-19,4.48,4.53,4.46,4.48,259356
2020-08-20,4.48,4.48,4.4,4.42,279578
2020-08-21,4.44,4.46,4.39,4.42,260870
2020-08-24,4.43,4.44,4.4,4.41,206147
2020-08-25,4.41,4.45,4.4,4.41,190073
2020-08-26,4.43,4.43,4.36,4.36,196830
2020-08-27,4.38,4.43,4.35,4.41,223812
2020-08-28,4.41,4.45,4.37,4.43,235943
2020-08-31,4.45,4.49,4.41,4.45,355738
2020-09-01,4.45,4.46,4.4,4.43,215975
2020-09-02,4.43,4.43,4.36,4.4,248459
2020-09-03,4.39,4.43,4.37,4.38,200009
2020-09-04,4.36,4.37,4.33,4.35,312525
2020-09-07,4.35,4.39,4.34,4.35,248741
2020-09-08,4.37,4.42,4.36,4.4,257754
2020-09-09,4.38,4.43,4.37,4.39,319933
2020-09-10,4.41,4.43,4.36,4.38,331058
2020-09-11,4.37,4.38,4.34,4.35,262869
2020-09-14,4.36,4.36,4.31,4.33,249240
2020-09-15,4.33,4.34,4.27,4.29,352461
2020-09-16,4.29,4.32,4.27,4.28,230346
2020-09-17,4.28,4.3,4.25,4.26,221171
2020-09-18,4.27,4.34,4.26,4.34,347853
2020-09-21,4.34,4.35,4.29,4.31,218975
2020-09-22,4.29,4.31,4.25,4.26,215835
2020-09-23,4.3,4.3,4.25,4.26,162970
2020-09-24,4.24,4.26,4.21,4.21,253623
2020-09-25,4.23,4.23,4.15,4.17,224691
2020-09-28,4.18,4.22,4.16,4.21,211628
2020-09-29,4.21,4.23,4.19,4.21,123589
2020-09-30,4.21,4.22,4.18,4.2,136974
2020-10-09,4.23,4.28,4.22,4.27,234835
2020-10-12,4.28,4.36,4.27,4.35,270171
2020-10-13,4.34,4.35,4.3,4.33,223332
2020-10-14,4.32,4.35,4.32,4.35,221917
2020-10-15,4.34,4.36,4.31,4.31,133098
2020-10-16,4.32,4.35,4.31,4.33,159460
2020-10-19,4.33,4.39,4.32,4.32,215820
2020-10-20,4.31,4.34,4.28,4.31,171315
2020-10-21,4.31,4.35,4.29,4.34,162536
2020-10-22,4.34,4.35,4.31,4.32,163378
2020-10-23,4.33,4.35,4.31,4.33,123581
2020-10-26,4.33,4.34,4.28,4.31,135176
2020-10-27,4.29,4.3,4.27,4.27,144398
2020-10-28,4.27,4.28,4.23,4.28,124595
2020-10-29,4.24,4.28,4.2,4.26,201294
2020-10-30,4.26,4.28,4.2,4.24,204065
2020-11-02,4.22,4.23,4.16,4.17,296638
2020-11-03,4.18,4.24,4.18,4.23,204662
2020-11-04,4.23,4.28,4.21,4.27,176586
2020-11-05,4.29,4.32,4.28,4.28,166808
2020-11-06,4.28,4.33,4.27,4.3,259127
2020-11-09,4.32,4.38,4.3,4.35,309422
2020-11-10,4.38,4.38,4.29,4.32,296971
2020-11-11,4.31,4.38,4.28,4.35,260483
2020-11-12,4.36,4.38,4.33,4.34,149623
2020-11-13,4.32,4.34,4.26,4.28,212777
2020-11-16,4.29,4.38,4.29,4.36,332207
2020-11-17,4.37,4.45,4.34,4.41,474666
2020-11-18,4.41,4.48,4.37,4.45,395685
2020-11-19,4.47,4.48,4.4,4.43,240656
2020-11-20,4.41,4.47,4.39,4.44,239320
2020-11-23,4.45,4.53,4.39,4.51,577435
2020-11-24,4.5,4.52,4.47,4.47,251280
2020-11-25,4.6,4.68,4.51,4.51,797795
2020-11-26,4.51,4.64,4.48,4.59,473916
2020-11-27,4.61,4.69,4.56,4.68,456942
2020-11-30,4.67,4.78,4.58,4.61,744185
2020-12-01,4.61,4.68,4.56,4.65,385567
2020-12-02,4.65,4.82,4.61,4.73,503160
2020-12-03,4.76,4.77,4.7,4.72,347120
2020-12-04,4.72,4.73,4.65,4.68,306429
2020-12-07,4.68,4.69,4.55,4.57,303072
2020-12-08,4.57,4.65,4.55,4.6,331768
2020-12-09,4.61,4.62,4.55,4.55,207620
2020-12-10,4.59,4.75,4.58,4.64,786378
2020-12-11,4.62,4.68,4.5,4.6,773426
2020-12-14,4.44,4.47,4.4,4.43,468991
2020-12-15,4.43,4.44,4.36,4.39,265306
2020-12-16,4.4,4.41,4.33,4.34,252515
2020-12-17,4.35,4.41,4.33,4.37,274589
2020-12-18,4.4,4.45,4.39,4.43,362834
2020-12-21,4.42,4.43,4.37,4.38,359161
2020-12-22,4.38,4.39,4.27,4.3,326709
2020-12-23,4.29,4.31,4.25,4.27,250815
2020-12-24,4.27,4.31,4.22,4.25,225764
2020-12-25,4.24,4.3,4.24,4.29,176077
2020-12-28,4.29,4.29,4.24,4.27,198956
2020-12-29,4.27,4.3,4.25,4.27,231731
2020-12-30,4.27,4.28,4.24,4.24,261340
2020-12-31,4.25,4.29,4.23,4.29,365252
2021-01-04,4.27,4.29,4.24,4.27,307198
2021-01-05,4.27,4.33,4.24,4.33,391372
2021-01-06,4.3,4.38,4.28,4.37,574491
2021-01-07,4.34,4.36,4.29,4.34,426642
2021-01-08,4.33,4.39,4.3,4.36,385392
2021-01-11,4.34,4.36,4.29,4.31,301597
2021-01-12,4.31,4.34,4.28,4.34,302181
2021-01-13,4.32,4.5,4.29,4.45,647172
2021-01-14,4.44,4.61,4.4,4.44,715259
2021-01-15,4.44,4.52,4.42,4.48,492979
2021-01-18,4.5,4.5,4.44,4.47,304422
2021-01-19,4.45,4.47,4.41,4.47,319313
2021-01-20,4.47,4.47,4.38,4.4,274298
2021-01-21,4.4,4.42,4.35,4.39,348857
2021-01-22,4.37,4.39,4.29,4.31,286040
2021-01-25,4.31,4.32,4.24,4.26,338214
2021-01-26,4.26,4.3,4.25,4.26,210307
2021-01-27,4.27,4.33,4.25,4.27,250348
2021-01-28,4.25,4.29,4.24,4.27,324153
2021-01-29,4.27,4.28,4.19,4.2,361151
2021-02-01,4.2,4.23,4.18,4.21,306794
2021-02-02,4.23,4.26,4.19,4.22,235530
2021-02-03,4.23,4.23,4.19,4.22,206974
2021-02-04,4.22,4.23,4.18,4.21,224240
2021-02-05,4.21,4.25,4.18,4.24,191377
2021-02-08,4.24,4.29,4.23,4.26,193769
2021-02-09,4.26,4.3,4.25,4.29,209307
2021-02-10,4.29,4.38,4.28,4.38,337462
2021-02-18,4.38,4.41,4.34,4.35,407555
2021-02-19,4.35,4.45,4.34,4.42,344262
2021-02-22,4.43,4.52,4.41,4.43,631251
2021-02-23,4.42,4.46,4.39,4.43,297015
2021-02-24,4.43,4.44,4.33,4.36,388762
2021-02-25,4.37,4.46,4.36,4.43,451721
2021-02-26,4.39,4.45,4.36,4.36,578400
2021-03-01,4.37,4.42,4.37,4.38,278211
2021-03-02,4.4,4.42,4.33,4.36,300126
2021-03-03,4.35,4.45,4.35,4.44,342469
2021-03-04,4.44,4.56,4.38,4.5,738164
2021-03-05,4.49,4.65,4.48,4.59,749850
2021-03-08,4.59,4.7,4.58,4.6,843813
2021-03-09,4.62,4.7,4.59,4.65,774515
2021-03-10,4.65,4.74,4.63,4.69,658605
2021-03-11,4.7,4.75,4.6,4.65,534730
2021-03-12,4.63,4.73,4.61,4.73,588327
2021-03-15,4.74,4.91,4.71,4.8,683175
2021-03-16,4.8,4.85,4.75,4.79,387065
2021-03-17,4.8,4.83,4.69,4.7,440671
2021-03-18,4.73,4.73,4.65,4.69,278630
2021-03-19,4.68,4.69,4.58,4.66,415084
2021-03-22,4.63,4.68,4.58,4.67,306273
2021-03-23,4.65,4.75,4.64,4.74,393915
2021-03-24,4.71,4.71,4.63,4.65,295246
2021-03-25,4.66,4.75,4.65,4.7,254880
2021-03-26,4.71,4.77,4.67,4.71,235554
2021-03-29,4.71,4.79,4.7,4.76,334621
2021-03-30,4.77,4.85,4.73,4.84,345279
2021-03-31,4.84,4.88,4.8,4.84,269968
2021-04-01,4.85,4.86,4.75,4.78,232440
2021-04-02,4.78,4.82,4.7,4.72,295044
2021-04-06,4.73,4.77,4.67,4.68,211280
2021-04-07,4.71,4.76,4.65,4.73,305860
2021-04-08,4.73,4.76,4.66,4.74,239085
2021-04-09,4.72,4.76,4.7,4.72,190610
2021-04-12,4.73,4.83,4.7,4.8,279945
2021-04-13,4.82,4.83,4.71,4.74,242265
2021-04-14,4.75,4.75,4.68,4.7,166240
2021-04-15,4.69,4.71,4.67,4.68,132480
2021-04-16,4.67,4.74,4.66,4.74,181358
2021-04-19,4.73,4.77,4.69,4.74,235424
2021-04-20,4.74,4.75,4.67,4.7,199165
2021-04-21,4.69,4.69,4.64,4.65,188192
2021-04-22,4.68,4.68,4.58,4.6,257594
2021-04-23,4.62,4.62,4.57,4.58,149187
2021-04-26,4.59,4.6,4.51,4.52,370865
2021-04-27,4.52,4.55,4.49,4.53,145035
2021-04-28,4.53,4.56,4.49,4.53,257757
2021-04-29,4.56,4.6,4.52,4.58,376861
2021-04-30,4.58,4.78,4.57,4.71,518916
2021-05-06,4.69,4.77,4.68,4.73,411902
2021-05-07,4.75,4.79,4.71,4.76,536061
2021-05-10,4.77,4.88,4.77,4.87,587605
2021-05-11,4.85,4.89,4.82,4.88,373999
2021-05-12,4.87,4.89,4.81,4.86,294730
2021-05-13,4.85,4.88,4.82,4.85,303720
2021-05-14,4.87,4.94,4.83,4.92,340495
2021-05-17,4.92,4.93,4.86,4.87,303081
2021-05-18,4.88,4.92,4.85,4.87,172038
2021-05-19,4.87,4.87,4.77,4.8,304263
2021-05-20,4.8,4.82,4.73,4.78,236512
2021-05-21,4.79,4.83,4.75,4.76,173346
2021-05-24,4.76,4.8,4.73,4.77,240933
2021-05-25,4.77,4.8,4.73,4.8,318325
2021-05-26,4.8,4.81,4.73,4.76,281610
2021-05-27,4.76,4.79,4.74,4.76,269860
2021-05-28,4.76,4.78,4.74,4.76,190977
2021-05-31,4.75,4.76,4.65,4.68,332696
2021-06-01,4.66,4.67,4.64,4.66,273502
2021-06-02,4.66,4.7,4.65,4.68,284465
2021-06-03,4.68,4.71,4.63,4.64,414779
2021-06-04,4.64,4.68,4.63,4.66,208524
2021-06-07,4.67,4.67,4.62,4.64,225518
2021-06-08,4.64,4.7,4.63,4.69,276089
2021-06-09,4.67,4.69,4.65,4.67,332560
2021-06-10,4.66,4.7,4.57,4.57,733246
2021-06-11,4.53,4.58,4.29,4.29,1828641
2021-06-15,4.35,4.4,4.33,4.34,656806
2021-06-16,4.36,4.38,4.32,4.37,343214
2021-06-17,4.37,4.41,4.36,4.38,219979
2021-06-18,4.38,4.4,4.34,4.34,311611
2021-06-21,4.36,4.36,4.29,4.33,339830
2021-06-22,4.33,4.36,4.31,4.32,356245
2021-06-23,4.33,4.34,4.3,4.33,229531
2021-06-24,4.34,4.36,4.33,4.36,209426
2021-06-25,4.37,4.41,4.36,4.41,340054
2021-06-28,4.41,4.43,4.38,4.38,360901
2021-06-29,4.39,4.4,4.35,4.37,237921
2021-06-30,4.38,4.42,4.38,4.41,201464
2021-07-01,4.43,4.45,4.4,4.43,295318
2021-07-02,4.43,4.45,4.41,4.43,316505
2021-07-05,4.43,4.44,4.39,4.41,295281
2021-07-06,4.41,4.47,4.39,4.46,454201
2021-07-07,4.47,4.49,4.44,4.46,529237
2021-07-08,4.47,4.48,4.39,4.4,570051
2021-07-09,4.4,4.43,4.33,4.35,377930
2021-07-12,4.38,4.41,4.31,4.32,384570
2021-07-13,4.33,4.34,4.3,4.31,408528
2021-07-14,4.32,4.38,4.3,4.34,388325
2021-07-15,4.34,4.41,4.32,4.4,309145
2021-07-16,4.4,4.4,4.34,4.35,255414
2021-07-19,4.35,4.38,4.32,4.34,288403
2021-07-20,4.33,4.35,4.32,4.33,171340
2021-07-21,4.33,4.36,4.32,4.34,229282
2021-07-22,4.33,4.34,4.32,4.33,206281
2021-07-23,4.33,4.34,4.32,4.33,205331
2021-07-26,4.33,4.34,4.26,4.28,367373
2021-07-27,4.28,4.3,4.21,4.21,343525
2021-07-28,4.21,4.28,4.18,4.25,348157
2021-07-29,4.25,4.29,4.19,4.21,232213
2021-07-30,4.21,4.22,4.16,4.19,190963
2021-08-02,4.19,4.23,4.12,4.22,328181
2021-08-03,4.21,4.21,4.17,4.19,228676
2021-08-04,4.19,4.21,4.16,4.21,240879
2021-08-05,4.19,4.22,4.17,4.19,220955
2021-08-06,4.19,4.19,4.13,4.15,226702
2021-08-09,4.12,4.2,4.11,4.18,243214
2021-08-10,4.17,4.19,4.14,4.19,197585
2021-08-11,4.18,4.25,4.17,4.24,263775
2021-08-12,4.25,4.25,4.2,4.21,185609
2021-08-13,4.21,4.22,4.19,4.2,126805
2021-08-16,4.2,4.22,4.19,4.21,189595
2021-08-17,4.21,4.27,4.2,4.22,288297
2021-08-18,4.21,4.25,4.2,4.22,217669
2021-08-19,4.22,4.3,4.21,4.27,285366
2021-08-20,4.27,4.3,4.24,4.26,196817
2021-08-23,4.26,4.28,4.24,4.26,175169
2021-08-24,4.27,4.28,4.23,4.23,259145
2021-08-25,4.24,4.28,4.23,4.26,188400
2021-08-26,4.26,4.33,4.25,4.3,291565
2021-08-27,4.33,4.35,4.31,4.34,242947
2021-08-30,4.34,4.38,4.31,4.34,424075
2021-08-31,4.33,4.41,4.32,4.38,384944
2021-09-01,4.39,4.56,4.38,4.5,687010
2021-09-02,4.51,4.53,4.43,4.52,479446
2021-09-03,4.52,4.54,4.46,4.48,384358
2021-09-06,4.48,4.63,4.47,4.55,628788
2021-09-07,4.55,4.64,4.53,4.61,568660
2021-09-08,4.62,4.63,4.57,4.6,481053
2021-09-09,4.6,4.79,4.58,4.71,850398
2021-09-10,4.7,4.81,4.68,4.73,858957
2021-09-13,4.72,4.78,4.7,4.75,475400
2021-09-14,4.79,4.79,4.58,4.62,599231
2021-09-15,4.59,4.62,4.54,4.58,486096
2021-09-16,4.58,4.65,4.52,4.53,473013
2021-09-17,4.56,4.6,4.51,4.55,376269
2021-09-22,4.5,4.68,4.48,4.67,483478
2021-09-23,4.66,4.75,4.63,4.67,449537
2021-09-24,4.64,4.69,4.55,4.56,319645
2021-09-27,4.57,4.66,4.53,4.58,385265
2021-09-28,4.55,4.63,4.55,4.59,226995
2021-09-29,4.57,4.61,4.52,4.56,383525
2021-09-30,4.56,4.6,4.55,4.57,229253
2021-10-08,4.6,4.68,4.6,4.63,495716
2021-10-11,4.61,4.68,4.61,4.66,413367
2021-10-12,4.65,4.68,4.6,4.65,278396
2021-10-13,4.64,4.64,4.54,4.59,286837
2021-10-14,4.57,4.63,4.56,4.62,254564
2021-10-15,4.61,4.63,4.54,4.61,221239
2021-10-18,4.61,4.69,4.58,4.67,402890
2021-10-19,4.66,4.69,4.65,4.69,295977
2021-10-20,4.69,4.77,4.67,4.74,482846
2021-10-21,4.73,4.79,4.72,4.75,475221
2021-10-22,4.77,4.8,4.73,4.76,448828
2021-10-25,4.77,4.78,4.65,4.71,272690
2021-10-26,4.7,4.76,4.67,4.71,274837
2021-10-27,4.71,4.71,4.64,4.65,270860
2021-10-28,4.64,4.68,4.6,4.63,314678
2021-10-29,4.61,4.66,4.58,4.66,292155
2021-11-01,4.65,4.67,4.61,4.61,297246
2021-11-02,4.61,4.63,4.55,4.57,373046
2021-11-03,4.56,4.61,4.55,4.59,139748
2021-11-04,4.59,4.6,4.55,4.55,222371
2021-11-05,4.55,4.57,4.53,4.53,222817
2021-11-08,4.55,4.57,4.52,4.55,165717
2021-11-09,4.54,4.56,4.5,4.51,264098
2021-11-10,4.5,4.52,4.42,4.45,330128
2021-11-11,4.45,4.6,4.44,4.57,289046
2021-11-12,4.56,4.58,4.51,4.53,209406
2021-11-15,4.52,4.58,4.47,4.57,180307
2021-11-16,4.54,4.57,4.47,4.49,209599
2021-11-17,4.49,4.52,4.47,4.51,148244
2021-11-18,4.5,4.54,4.49,4.51,170352
2021-11-19,4.51,4.54,4.48,4.53,159356
2021-11-22,4.51,4.52,4.49,4.49,168987
2021-11-23,4.49,4.51,4.48,4.49,158135
2021-11-24,4.49,4.5,4.46,4.48,166613
2021-11-25,4.48,4.49,4.43,4.45,181079
2021-11-26,4.45,4.46,4.42,4.43,149864
2021-11-29,4.4,4.42,4.38,4.4,195639
2021-11-30,4.38,4.41,4.38,4.4,159294
2021-12-01,4.4,4.46,4.39,4.45,154996
2021-12-02,4.44,4.49,4.42,4.46,165574
2021-12-03,4.48,4.52,4.46,4.51,249415
2021-12-06,4.52,4.57,4.5,4.52,309388
2021-12-07,4.54,4.66,4.53,4.65,557798
2021-12-08,4.65,4.65,4.59,4.62,230293
2021-12-09,4.6,4.67,4.6,4.66,386192
2021-12-10,4.66,4.67,4.52,4.52,343774
2021-12-13,4.6,4.7,4.58,4.67,426723
2021-12-14,4.65,4.66,4.61,4.62,203339
2021-12-15,4.63,4.64,4.57,4.57,169838
2021-12-16,4.6,4.67,4.58,4.64,230382
2021-12-17,4.64,4.67,4.62,4.66,215514
2021-12-20,4.64,4.7,4.63,4.66,288111
2021-12-21,4.65,4.75,4.64,4.72,411947
2021-12-22,4.72,4.74,4.67,4.69,193146
2021-12-23,4.69,4.71,4.66,4.69,112718
2021-12-24,4.68,4.69,4.62,4.64,149388
2021-12-27,4.63,4.68,4.63,4.66,112562
2021-12-28,4.66,4.67,4.63,4.63,137931
2021-12-29,4.63,4.68,4.61,4.63,177130
2021-12-30,4.64,4.73,4.63,4.69,290953
2021-12-31,4.69,4.73,4.66,4.71,191391
2022-01-04,4.71,4.78,4.69,4.77,407918
2022-01-05,4.77,4.84,4.74,4.77,433267
2022-01-06,4.76,4.8,4.74,4.76,226855
2022-01-07,4.76,4.86,4.75,4.82,365613
2022-01-10,4.85,4.86,4.82,4.85,246811
2022-01-11,4.86,4.92,4.82,4.89,354409
2022-01-12,4.88,4.9,4.83,4.87,254080
2022-01-13,4.87,4.93,4.82,4.83,212105
2022-01-14,4.85,4.86,4.75,4.76,297828
2022-01-17,4.76,4.8,4.74,4.75,196497
2022-01-18,4.77,4.85,4.75,4.83,431217
2022-01-19,4.83,4.94,4.82,4.89,397149
2022-01-20,4.92,4.92,4.86,4.9,353745
2022-01-21,4.9,5.0,4.84,4.96,642242
2022-01-24,4.94,4.96,4.81,4.88,353940
2022-01-25,4.86,4.91,4.82,4.83,386621
2022-01-26,4.85,4.9,4.79,4.85,246013
2022-01-27,4.87,4.91,4.83,4.85,336704
2022-01-28,4.86,4.98,4.85,4.92,451943
2022-02-07,4.93,5.11,4.93,5.07,771845
2022-02-08,5.06,5.41,5.04,5.4,1625778
2022-02-09,5.41,5.44,5.27,5.29,754430
2022-02-10,5.26,5.55,5.22,5.48,1339739
2022-02-11,5.46,5.56,5.41,5.45,799635
2022-02-14,5.41,5.47,5.26,5.36,728332
2022-02-15,5.33,5.39,5.29,5.33,596052
2022-02-16,5.34,5.4,5.25,5.31,480593
2022-02-17,5.31,5.33,5.19,5.22,525221
2022-02-18,5.22,5.37,5.18,5.36,694061
2022-02-21,5.36,5.36,5.24,5.27,376219
2022-02-22,5.25,5.27,5.2,5.26,299833
2022-02-23,5.29,5.29,5.09,5.17,722634
2022-02-24,5.15,5.18,5.03,5.07,556045
2022-02-25,5.1,5.18,5.09,5.15,387066
2022-02-28,5.15,5.17,5.05,5.12,1123002
2022-03-01,5.1,5.13,5.06,5.12,348195
2022-03-02,5.1,5.23,5.08,5.2,400642
2022-03-03,5.22,5.33,5.18,5.31,486770
2022-03-04,5.26,5.34,5.21,5.31,453681
2022-03-07,5.26,5.35,5.2,5.23,373760
2022-03-08,5.23,5.24,5.06,5.1,344086
2022-03-09,5.12,5.16,4.79,4.99,621387
2022-03-10,5.09,5.21,5.02,5.1,582855
2022-03-11,5.07,5.14,4.92,5.1,397841
2022-03-14,5.03,5.2,4.97,5.0,477562
2022-03-15,4.97,4.98,4.62,4.66,892012
2022-03-16,4.72,4.96,4.59,4.89,793541
2022-03-17,4.9,4.94,4.77,4.78,617749
2022-03-18,4.78,4.97,4.76,4.97,716810
2022-03-21,4.91,4.94,4.82,4.9,438427
2022-03-22,4.97,5.06,4.92,4.97,380132
2022-03-23,4.93,4.97,4.86,4.92,296484
2022-03-24,4.91,5.0,4.88,4.94,314306
2022-03-25,4.91,4.98,4.9,4.92,220852
2022-03-28,4.9,5.02,4.83,5.01,454654
2022-03-29,4.99,5.15,4.95,5.1,561869
2022-03-30,5.09,5.16,5.06,5.09,362672
2022-03-31,5.1,5.2,5.08,5.18,423502
2022-04-01,5.15,5.23,5.13,5.19,333259
2022-04-06,5.18,5.26,5.18,5.26,406383
2022-04-07,5.25,5.28,5.13,5.14,334087
2022-04-08,5.14,5.23,5.11,5.21,365689
2022-04-11,5.21,5.3,5.15,5.2,670278
2022-04-12,5.16,5.28,5.12,5.26,417652
2022-04-13,5.22,5.32,5.21,5.24,454258
2022-04-14,5.22,5.24,5.1,5.13,539410
2022-04-15,5.07,5.14,5.03,5.07,562898
2022-04-18,5.09,5.18,5.0,5.13,359576
2022-04-19,5.11,5.31,5.09,5.3,603586
2022-04-20,5.33,5.37,5.22,5.24,474193
2022-04-21,5.24,5.31,5.19,5.23,508917
2022-04-22,5.21,5.35,5.18,5.31,487576
2022-04-25,5.29,5.39,5.22,5.23,703329
2022-04-26,5.19,5.3,5.11,5.13,468920
2022-04-27,5.1,5.24,5.05,5.24,580768
2022-04-28,5.13,5.18,4.9,5.11,702542
2022-04-29,5.06,5.09,4.96,4.97,548369
2022-05-05,5.0,5.04,4.89,4.9,528863
2022-05-06,4.86,4.89,4.76,4.81,418742
2022-05-09,4.81,4.9,4.77,4.89,218614
2022-05-10,4.84,4.89,4.77,4.83,397656
2022-05-11,4.83,4.88,4.82,4.84,325958
2022-05-12,4.82,4.85,4.8,4.82,302045
2022-05-13,4.84,4.9,4.82,4.89,344398
2022-05-16,4.88,4.9,4.83,4.86,209572
2022-05-17,4.86,4.89,4.84,4.84,165333
2022-05-18,4.86,4.87,4.79,4.81,326163
2022-05-19,4.77,4.82,4.75,4.8,367490
2022-05-20,4.79,4.9,4.79,4.88,304789
2022-05-23,4.88,4.91,4.87,4.9,252083
2022-05-24,4.91,4.92,4.85,4.86,287572
2022-05-25,4.86,4.97,4.85,4.96,312623
2022-05-26,4.98,5.07,4.97,5.05,397778
2022-05-27,5.06,5.09,5.01,5.07,288044
2022-05-30,5.08,5.13,4.99,5.02,243940
2022-05-31,5.02,5.09,4.99,5.02,293865
2022-06-01,5.0,5.05,4.97,5.0,312010
2022-06-02,5.0,5.03,4.97,4.98,148728
2022-06-06,4.97,4.98,4.88,4.92,475234
2022-06-07,4.91,4.95,4.89,4.91,265502
2022-06-08,4.92,5.01,4.9,5.0,322013
2022-06-09,4.99,5.06,4.98,5.05,399452
2022-06-10,5.01,5.05,4.98,5.02,323871
2022-06-13,5.0,5.01,4.91,4.93,422155
2022-06-14,4.93,4.99,4.9,4.98,288245
2022-06-15,4.98,5.09,4.96,5.02,452418
2022-06-16,5.02,5.04,4.93,4.93,379745
2022-06-17,4.92,4.97,4.91,4.96,263632
2022-06-20,4.95,4.97,4.87,4.89,419853
2022-06-21,4.91,4.94,4.89,4.91,210517
2022-06-22,4.91,4.93,4.88,4.88,148639
2022-06-23,4.88,4.9,4.86,4.9,256991
2022-06-24,4.91,4.91,4.85,4.87,352588
2022-06-27,4.88,4.89,4.85,4.86,321366
2022-06-28,4.86,4.88,4.82,4.87,434349
2022-06-29,4.87,4.92,4.86,4.89,367574
2022-06-30,4.91,4.94,4.88,4.9,422820
2022-07-01,4.92,4.93,4.9,4.92,246143
2022-07-04,4.93,4.96,4.91,4.96,342348
2022-07-05,4.96,5.02,4.95,4.99,490164
2022-07-06,4.99,5.0,4.9,4.94,608413
2022-07-07,4.94,4.97,4.85,4.85,721648
2022-07-08,4.88,4.89,4.84,4.85,335166
2022-07-11,4.85,4.86,4.83,4.83,228079
2022-07-12,4.84,4.9,4.83,4.87,209489
2022-07-13,4.87,4.92,4.86,4.88,202224
2022-07-14,4.9,4.91,4.85,4.89,205784
2022-07-15,4.89,4.9,4.81,4.81,213289
2022-07-18,4.84,4.87,4.82,4.85,148386
2022-07-19,4.85,4.87,4.84,4.85,157925
2022-07-20,4.87,4.87,4.85,4.87,116047
2022-07-21,4.86,4.87,4.81,4.82,184927
2022-07-22,4.83,4.85,4.82,4.84,109809
2022-07-25,4.86,4.86,4.82,4.83,90008
2022-07-26,4.83,4.87,4.82,4.84,155261
2022-07-27,4.85,4.87,4.83,4.83,129902
2022-07-28,4.84,4.85,4.82,4.83,179985
2022-07-29,4.84,4.86,4.82,4.84,176062
2022-08-01,4.83,4.84,4.81,4.81,157308
2022-08-02,4.81,4.82,4.74,4.76,356350
2022-08-03,4.78,4.89,4.76,4.84,467792
2022-08-04,4.85,4.88,4.82,4.88,198178
2022-08-05,4.88,4.91,4.84,4.9,161837
2022-08-08,4.9,4.91,4.86,4.87,123106
2022-08-09,4.87,4.97,4.86,4.96,344137
2022-08-10,4.97,4.97,4.9,4.93,135602
2022-08-11,4.94,4.97,4.92,4.96,150470
2022-08-12,4.97,5.02,4.95,5.01,222096
2022-08-15,4.99,5.04,4.97,5.01,201026
2022-08-16,5.01,5.04,4.98,4.98,176768
2022-08-17,5.0,5.04,4.97,5.02,159857
2022-08-18,5.03,5.04,4.98,5.01,112691
2022-08-19,5.01,5.1,5.0,5.05,282199
2022-08-22,5.05,5.11,5.04,5.06,230832
2022-08-23,5.07,5.1,5.03,5.09,225390
2022-08-24,5.07,5.11,5.03,5.04,270066
2022-08-25,5.05,5.17,5.04,5.15,366107
2022-08-26,5.16,5.18,5.12,5.15,238140
2022-08-29,5.13,5.19,5.11,5.18,201524
2022-08-30,5.19,5.26,5.17,5.24,437111
2022-08-31,5.23,5.29,5.21,5.24,356063
2022-09-01,5.26,5.37,5.24,5.33,529343
2022-09-02,5.34,5.35,5.22,5.29,376887
2022-09-05,5.3,5.42,5.27,5.39,431778
2022-09-06,5.4,5.43,5.34,5.41,375346
2022-09-07,5.41,5.43,5.36,5.41,308497
2022-09-08,5.41,5.46,5.36,5.46,369115
2022-09-09,5.45,5.5,5.43,5.47,299170
2022-09-13,5.47,5.55,5.45,5.53,416936
2022-09-14,5.5,5.52,5.45,5.49,309855
2022-09-15,5.49,5.63,5.49,5.63,693227
2022-09-16,5.63,5.64,5.42,5.46,663632
2022-09-19,5.44,5.56,5.36,5.55,576463
2022-09-20,5.57,5.58,5.49,5.53,296398
2022-09-21,5.55,5.61,5.48,5.57,333573
2022-09-22,5.55,5.57,5.49,5.55,295849
2022-09-23,5.54,5.66,5.54,5.56,432971
2022-09-26,5.53,5.61,5.43,5.46,443768
2022-09-27,5.46,5.56,5.35,5.52,453594
2022-09-28,5.52,5.57,5.47,5.52,289861
2022-09-29,5.54,5.58,5.43,5.47,241112
2022-09-30,5.46,5.57,5.45,5.56,269661
2022-10-10,5.49,5.61,5.49,5.5,537019
2022-10-11,5.5,5.57,5.45,5.54,316152
2022-10-12,5.54,5.58,5.48,5.55,268321
2022-10-13,5.55,5.57,5.46,5.49,261428
2022-10-14,5.53,5.55,5.47,5.48,320992
2022-10-17,5.49,5.74,5.48,5.64,603603
2022-10-18,5.66,5.84,5.64,5.79,634921
2022-10-19,5.8,5.8,5.68,5.7,284537
2022-10-20,5.7,5.74,5.57,5.58,372742
2022-10-21,5.57,5.73,5.57,5.65,266003
2022-10-24,5.69,5.69,5.42,5.44,454366
2022-10-25,5.42,5.49,5.37,5.44,368090
2022-10-26,5.43,5.48,5.3,5.39,482902
2022-10-27,5.36,5.43,5.33,5.42,313603
2022-10-28,5.38,5.41,5.27,5.29,407187
2022-10-31,5.29,5.33,5.15,5.2,498255
2022-11-01,5.16,5.28,5.15,5.25,358510
2022-11-02,5.25,5.39,5.23,5.34,289131
2022-11-03,5.33,5.38,5.3,5.37,211698
2022-11-04,5.39,5.44,5.35,5.4,277868
2022-11-07,5.39,5.41,5.34,5.38,202096
2022-11-08,5.39,5.4,5.32,5.38,211651
2022-11-09,5.35,5.42,5.32,5.33,171798
2022-11-10,5.33,5.42,5.27,5.4,344024
2022-11-11,5.44,5.45,5.37,5.41,285624
2022-11-14,5.4,5.47,5.39,5.44,273243
2022-11-15,5.4,5.41,5.28,5.32,553231
2022-11-16,5.33,5.39,5.32,5.35,279861
2022-11-17,5.32,5.38,5.29,5.3,256023
2022-11-18,5.32,5.33,5.27,5.27,231815
2022-11-21,5.27,5.3,5.2,5.22,238611
2022-11-22,5.22,5.44,5.21,5.42,598814
2022-11-23,5.42,5.54,5.38,5.48,485634
2022-11-24,5.48,5.52,5.42,5.48,207745
2022-11-25,5.48,5.61,5.47,5.59,306523
2022-11-28,5.57,5.58,5.45,5.55,263247
2022-11-29,5.55,5.63,5.54,5.61,247453
2022-11-30,5.58,5.66,5.57,5.64,292260
2022-12-01,5.64,5.68,5.56,5.57,359840
2022-12-02,5.55,5.61,5.52,5.56,227348
2022-12-05,5.62,5.72,5.61,5.69,344986
2022-12-06,5.69,5.71,5.64,5.69,270289
2022-12-07,5.69,5.74,5.62,5.66,322755
2022-12-08,5.64,5.68,5.59,5.64,270470
2022-12-09,5.63,5.64,5.46,5.55,515286
2022-12-12,5.51,5.56,5.48,5.5,268536
2022-12-13,5.52,5.55,5.48,5.5,284600
2022-12-14,5.51,5.59,5.45,5.55,253873
2022-12-15,5.55,5.58,5.4,5.41,307418
2022-12-16,5.39,5.52,5.39,5.52,281567
2022-12-19,5.52,5.52,5.36,5.38,245829
2022-12-20,5.39,5.43,5.3,5.33,311777
2022-12-21,5.33,5.49,5.33,5.45,241311
2022-12-22,5.45,5.5,5.34,5.37,195323
2022-12-23,5.36,5.42,5.34,5.36,134113
2022-12-26,5.36,5.39,5.31,5.31,178497
2022-12-27,5.36,5.44,5.34,5.37,202450
2022-12-28,5.38,5.44,5.34,5.42,158678
2022-12-29,5.39,5.42,5.34,5.37,173973
2022-12-30,5.39,5.48,5.39,5.47,222650
2023-01-03,5.47,5.53,5.39,5.41,416009
2023-01-04,5.42,5.46,5.4,5.42,300251
2023-01-05,5.45,5.46,5.4,5.41,293097
2023-01-06,5.41,5.42,5.34,5.37,343532
2023-01-09,5.37,5.39,5.34,5.34,284962
2023-01-10,5.34,5.36,5.32,5.32,225725
2023-01-11,5.32,5.38,5.31,5.37,316267
2023-01-12,5.35,5.37,5.33,5.36,267776
2023-01-13,5.36,5.48,5.36,5.47,438681
2023-01-16,5.48,5.5,5.42,5.46,314000
2023-01-17,5.46,5.47,5.42,5.45,189223
2023-01-18,5.45,5.47,5.41,5.44,193848
2023-01-19,5.43,5.45,5.42,5.45,142131
2023-01-20,5.45,5.49,5.43,5.49,207339
2023-01-30,5.51,5.53,5.45,5.46,338609
2023-01-31,5.46,5.51,5.45,5.49,295027
2023-02-01,5.49,5.51,5.47,5.49,210704
2023-02-02,5.49,5.51,5.47,5.48,229387
2023-02-03,5.48,5.49,5.43,5.44,228048
2023-02-06,5.43,5.47,5.4,5.44,238109
2023-02-07,5.44,5.47,5.43,5.46,155775
2023-02-08,5.48,5.51,5.45,5.47,188894
2023-02-09,5.46,5.49,5.45,5.47,179197
2023-02-10,5.47,5.5,5.46,5.48,173362
2023-02-13,5.5,5.5,5.46,5.49,233747
2023-02-14,5.5,5.52,5.48,5.5,215519
2023-02-15,5.5,5.51,5.46,5.48,182900
2023-02-16,5.48,5.51,5.42,5.44,299225
2023-02-17,5.44,5.48,5.43,5.44,209774
2023-02-20,5.46,5.52,5.44,5.52,286641
2023-02-21,5.53,5.62,5.51,5.59,260539
2023-02-22,5.59,5.6,5.56,5.58,160239
2023-02-23,5.59,5.62,5.55,5.57,155213
2023-02-24,5.59,5.59,5.54,5.56,150773
2023-02-27,5.56,5.62,5.55,5.61,204939
2023-02-28,5.61,5.62,5.58,5.58,191146
2023-03-01,5.61,5.7,5.59,5.68,414522
2023-03-02,5.68,5.78,5.66,5.75,403609
2023-03-03,5.77,5.87,5.73,5.85,523838
2023-03-06,5.85,5.94,5.84,5.86,492306
2023-03-07,5.86,6.18,5.85,5.96,1004384
2023-03-08,5.94,6.06,5.9,6.03,439067
2023-03-09,6.07,6.14,6.04,6.08,418278
2023-03-10,6.05,6.06,5.89,5.9,499315
2023-03-13,5.94,6.07,5.92,6.06,425496
2023-03-14,6.04,6.15,6.02,6.02,440411
2023-03-15,6.03,6.12,5.98,6.08,345662
2023-03-16,6.08,6.15,6.05,6.1,417984
2023-03-17,6.12,6.22,6.1,6.15,547761
2023-03-20,6.17,6.33,6.12,6.17,616155
2023-03-21,6.15,6.21,6.04,6.06,506256
2023-03-22,6.09,6.16,6.04,6.09,326815
2023-03-23,6.09,6.13,6.01,6.11,253454
2023-03-24,6.08,6.17,6.05,6.07,353999
2023-03-27,6.09,6.09,5.97,6.02,314729
2023-03-28,6.04,6.06,5.97,5.99,226067
2023-03-29,5.98,6.03,5.93,5.95,246328
2023-03-30,5.97,6.02,5.91,5.97,255291
2023-03-31,6.01,6.05,5.96,5.98,216609
2023-04-03,5.99,6.07,5.97,6.01,313736
2023-04-04,6.03,6.11,6.0,6.09,293492
2023-04-06,6.09,6.1,6.02,6.05,222705
2023-04-07,6.05,6.05,5.93,5.96,250506
2023-04-10,5.99,5.99,5.88,5.9,287156
2023-04-11,5.93,5.95,5.86,5.91,315932
2023-04-12,5.92,6.16,5.9,6.15,531420
2023-04-13,6.16,6.18,6.1,6.14,245954
2023-04-14,6.17,6.27,6.07,6.24,395266
2023-04-17,6.24,6.47,6.21,6.44,637661
2023-04-18,6.45,6.49,6.36,6.43,365920
2023-04-19,6.42,6.47,6.37,6.39,207518
2023-04-20,6.4,6.43,6.29,6.4,245633
2023-04-21,6.42,6.54,6.34,6.35,318098
2023-04-24,6.38,6.46,6.34,6.36,271180
2023-04-25,6.37,6.47,6.36,6.42,311472
2023-04-26,6.4,6.44,6.29,6.37,328619
2023-04-27,6.38,6.55,6.37,6.53,479120
2023-04-28,6.55,6.56,6.43,6.49,370069
2023-05-04,6.5,6.84,6.44,6.75,1078983
2023-05-05,6.71,6.82,6.59,6.71,797797
2023-05-08,6.71,7.0,6.71,6.86,1248230
2023-05-09,6.79,6.83,6.6,6.62,1429209
2023-05-10,6.59,6.66,6.51,6.59,684195
2023-05-11,6.58,6.67,6.49,6.51,513545
2023-05-12,6.51,6.67,6.42,6.53,733246
2023-05-15,6.53,6.58,6.38,6.52,505531
2023-05-16,6.49,6.59,6.44,6.49,464284
2023-05-17,6.5,6.51,6.35,6.49,487885
2023-05-18,6.51,6.65,6.47,6.57,515279
2023-05-19,6.58,6.58,6.4,6.43,477113
2023-05-22,6.39,6.47,6.35,6.38,469422
2023-05-23,6.37,6.4,6.3,6.3,331322
2023-05-24,6.3,6.31,6.16,6.16,402383
2023-05-25,6.21,6.25,6.12,6.23,315409
2023-05-26,6.2,6.39,6.18,6.38,289713
2023-05-29,6.35,6.58,6.35,6.54,551299
2023-05-30,6.54,6.57,6.4,6.48,323303
2023-05-31,6.44,6.49,6.36,6.43,352795
2023-06-01,6.4,6.43,6.31,6.35,371484
2023-06-02,6.34,6.41,6.21,6.24,572901
2023-06-05,6.26,6.33,6.21,6.26,301882
2023-06-06,6.26,6.37,6.19,6.21,331472
2023-06-07,6.21,6.4,6.2,6.38,328422
2023-06-08,6.38,6.55,6.34,6.52,492968
2023-06-09,6.53,6.54,6.46,6.53,268231
2023-06-12,6.54,6.55,6.39,6.39,299187
2023-06-13,6.37,6.43,6.33,6.36,251330
2023-06-14,6.37,6.43,6.29,6.3,256479
2023-06-15,6.29,6.31,6.23,6.26,305928
2023-06-16,6.28,6.34,6.21,6.22,394651
2023-06-19,6.22,6.23,6.1,6.16,464040
2023-06-20,6.16,6.22,6.11,6.12,291321
2023-06-21,6.12,6.23,6.12,6.15,251410
2023-06-26,6.15,6.16,5.99,6.02,446187
2023-06-27,6.04,6.23,6.03,6.21,334334
2023-06-28,6.18,6.29,6.17,6.27,237761
2023-06-29,6.31,6.31,6.19,6.27,230492
2023-06-30,6.29,6.31,6.21,6.22,282199
2023-07-03,6.22,6.29,6.18,6.27,260548
2023-07-04,6.26,6.29,6.18,6.2,203267
2023-07-05,6.2,6.27,6.17,6.25,225481
2023-07-06,6.25,6.27,6.19,6.23,172733
2023-07-07,6.22,6.41,6.2,6.35,394221
2023-07-10,6.36,6.42,6.28,6.37,332597
2023-07-11,6.36,6.37,6.25,6.3,292259
2023-07-12,6.3,6.33,6.22,6.23,331242
2023-07-13,6.29,6.36,6.26,6.34,379745
2023-07-14,6.35,6.42,6.3,6.37,332097
2023-07-17,6.37,6.46,6.33,6.44,275089
2023-07-18,6.42,6.54,6.39,6.51,383926
2023-07-19,6.53,6.53,6.42,6.48,230917
2023-07-20,6.47,6.51,6.4,6.42,325374
2023-07-21,6.43,6.48,6.4,6.45,256199
2023-07-24,6.45,6.51,6.42,6.46,251433
2023-07-25,6.49,6.52,6.41,6.42,392829
2023-07-26,6.42,6.43,6.37,6.39,235627
2023-07-27,6.4,6.44,6.36,6.37,374952
2023-07-28,6.39,6.5,6.36,6.49,390313
2023-07-31,6.5,6.55,6.4,6.43,464363
2023-08-01,6.44,6.47,6.41,6.46,322091
2023-08-02,6.45,6.46,6.39,6.4,300123
2023-08-03,6.39,6.42,6.37,6.4,232181
2023-08-04,6.41,6.45,6.36,6.37,301592
2023-08-07,6.37,6.38,6.3,6.33,310304
2023-08-08,6.35,6.4,6.32,6.38,198110
2023-08-09,6.39,6.39,6.33,6.37,178298
2023-08-10,6.37,6.41,6.34,6.4,191880
2023-08-11,6.41,6.43,6.32,6.32,275139
2023-08-14,6.3,6.37,6.25,6.35,320547
2023-08-15,6.35,6.49,6.33,6.48,565630
2023-08-16,6.47,6.53,6.42,6.51,438067
2023-08-17,6.52,6.57,6.44,6.51,542778
2023-08-18,6.5,6.58,6.5,6.55,361367
2023-08-21,6.56,6.64,6.5,6.57,708459
2023-08-22,6.57,6.68,6.52,6.64,821592
2023-08-23,6.63,6.65,6.59,6.59,571063
2023-08-24,6.6,6.64,6.51,6.54,537448
2023-08-25,6.53,6.63,6.51,6.58,404100
2023-08-28,6.71,6.75,6.54,6.58,783177
2023-08-29,6.51,6.59,6.45,6.51,800086
2023-08-30,6.47,6.52,6.42,6.42,431984
2023-08-31,6.41,6.48,6.39,6.4,479530
2023-09-01,6.43,6.45,6.39,6.43,416268
2023-09-04,6.43,6.56,6.42,6.52,453226
2023-09-05,6.5,6.55,6.46,6.52,310233
2023-09-06,6.5,6.52,6.45,6.48,215880
2023-09-07,6.46,6.56,6.45,6.5,379540
2023-09-08,6.49,6.53,6.44,6.49,273789
2023-09-11,6.49,6.57,6.48,6.56,505807
2023-09-12,6.55,6.58,6.52,6.56,287178
2023-09-13,6.57,6.63,6.55,6.61,443859
2023-09-14,6.61,6.69,6.59,6.68,712527
2023-09-15,6.65,6.68,6.54,6.57,680133
2023-09-18,6.57,6.6,6.49,6.55,447722
2023-09-19,6.55,6.62,6.52,6.61,537807
2023-09-20,6.62,6.63,6.55,6.61,512171
2023-09-21,6.61,6.62,6.56,6.58,377721
2023-09-22,6.58,6.59,6.54,6.55,460098
2023-09-25,6.56,6.65,6.55,6.62,716971
2023-09-26,6.64,6.64,6.58,6.6,446845
2023-09-27,6.62,6.64,6.52,6.53,460721
2023-09-28,6.55,6.58,6.52,6.56,234539
2023-10-09,6.55,6.58,6.52,6.54,333556
2023-10-10,6.53,6.56,6.46,6.53,540640
2023-10-11,6.52,6.59,6.47,6.47,466326
2023-10-12,6.48,6.59,6.48,6.57,477381
2023-10-13,6.56,6.58,6.53,6.56,281047
2023-10-16,6.57,6.61,6.55,6.59,316616
2023-10-17,6.59,6.6,6.54,6.56,384637
2023-10-18,6.57,6.57,6.52,6.56,258421
2023-10-19,6.54,6.56,6.39,6.4,763451
2023-10-20,6.39,6.4,6.34,6.35,404902
2023-10-23,6.35,6.42,6.33,6.37,378927
2023-10-24,6.37,6.48,6.36,6.45,506222
2023-10-25,6.48,6.49,6.42,6.47,377554
2023-10-26,6.46,6.55,6.43,6.53,662560
2023-10-27,6.54,6.59,6.47,6.47,550168
2023-10-30,6.47,6.49,6.41,6.42,491184
2023-10-31,6.44,6.49,6.39,6.48,368231
2023-11-01,6.46,6.51,6.44,6.48,359306
2023-11-02,6.48,6.55,6.46,6.5,408216
2023-11-03,6.51,6.51,6.44,6.44,490137
2023-11-06,6.44,6.46,6.37,6.38,608017
2023-11-07,6.37,6.42,6.37,6.39,303811
2023-11-08,6.39,6.4,6.36,6.37,289476
2023-11-09,6.37,6.41,6.36,6.4,303883
2023-11-10,6.39,6.41,6.35,6.39,286909
2023-11-13,6.38,6.4,6.35,6.37,400218
2023-11-14,6.37,6.38,6.34,6.35,313054
2023-11-15,6.37,6.37,6.34,6.35,246255
2023-11-16,6.35,6.37,6.34,6.35,343694
2023-11-17,6.35,6.36,6.31,6.31,524074
2023-11-20,6.31,6.32,6.29,6.3,419959
2023-11-21,6.31,6.37,6.29,6.35,395493
2023-11-22,6.34,6.38,6.33,6.35,230286
2023-11-23,6.35,6.39,6.34,6.36,238051
2023-11-24,6.36,6.43,6.36,6.42,365442
2023-11-27,6.4,6.42,6.36,6.4,242040
2023-11-28,6.4,6.44,6.37,6.43,318607
2023-11-29,6.43,6.47,6.41,6.46,390796
2023-11-30,6.45,6.55,6.44,6.53,599899
2023-12-01,6.53,6.61,6.51,6.57,713245
2023-12-04,6.57,6.6,6.52,6.55,589824
2023-12-05,6.53,6.57,6.49,6.51,576200
2023-12-06,6.51,6.56,6.43,6.52,577796
2023-12-07,6.52,6.57,6.5,6.54,459947
2023-12-08,6.55,6.61,6.51,6.6,767210
2023-12-11,6.58,6.61,6.48,6.6,763919
2023-12-12,6.59,6.61,6.55,6.58,669129
2023-12-13,6.57,6.64,6.56,6.6,688371
2023-12-14,6.61,6.62,6.52,6.54,513482
2023-12-15,6.52,6.54,6.44,6.46,811977
2023-12-18,6.46,6.5,6.44,6.48,497785
2023-12-19,6.49,6.54,6.44,6.47,440482
2023-12-20,6.46,6.57,6.46,6.48,575441
2023-12-21,6.47,6.5,6.42,6.47,601505
2023-12-22,6.48,6.57,6.46,6.5,800069
2023-12-25,6.49,6.5,6.42,6.47,513043
2023-12-26,6.47,6.54,6.45,6.49,558734
2023-12-27,6.5,6.55,6.47,6.54,455622
2023-12-28,6.54,6.54,6.43,6.48,1147343
2023-12-29,6.46,6.49,6.44,6.48,675170
2024-01-02,6.46,6.59,6.46,6.55,1007802
2024-01-03,6.55,6.59,6.53,6.59,752297
2024-01-04,6.58,6.65,6.57,6.65,1120125
2024-01-05,6.63,6.68,6.61,6.64,1396098
2024-01-08,6.64,6.68,6.61,6.66,1112089
2024-01-09,6.64,6.68,6.58,6.68,1284270
2024-01-10,6.67,6.7,6.59,6.64,932334
2024-01-11,6.64,6.65,6.55,6.57,897593
2024-01-12,6.57,6.66,6.56,6.63,585325
2024-01-15,6.62,6.69,6.6,6.65,730076
2024-01-16,6.66,6.67,6.61,6.66,554260
2024-01-17,6.64,6.71,6.63,6.64,1070669
2024-01-18,6.63,6.64,6.45,6.61,1127418
2024-01-19,6.58,6.63,6.55,6.58,601923
2024-01-22,6.56,6.59,6.38,6.4,812701
2024-01-23,6.4,6.56,6.38,6.53,744712
2024-01-24,6.53,6.67,6.52,6.66,1000170
2024-01-25,6.65,6.72,6.63,6.7,1116083
2024-01-26,6.69,6.75,6.67,6.74,1278124
2024-01-29,6.73,6.83,6.68,6.74,1572213
2024-01-30,6.7,6.75,6.65,6.65,1271446
2024-01-31,6.64,6.76,6.63,6.74,1527121
2024-02-01,6.71,6.76,6.67,6.73,1746051
2024-02-02,6.72,6.75,6.66,6.73,2001658
2024-02-05,6.73,6.83,6.7,6.8,2808361
2024-02-06,6.76,6.89,6.74,6.76,3285373
2024-02-07,6.78,6.83,6.59,6.8,3038061
2024-02-08,6.79,6.8,6.59,6.7,2149132
2024-02-19,6.69,6.86,6.6,6.86,2362494
2024-02-20,6.83,7.09,6.82,7.05,2125958
2024-02-21,7.02,7.05,6.95,6.99,1969014
2024-02-22,6.96,7.05,6.92,7.02,1615283
2024-02-23,7.02,7.07,6.92,6.94,1847990
2024-02-26,6.95,6.96,6.76,6.87,1907331
2024-02-27,6.79,6.8,6.71,6.74,2078762
2024-02-28,6.72,6.75,6.69,6.7,1834083
2024-02-29,6.69,6.73,6.67,6.73,1930233
2024-03-01,6.7,6.74,6.69,6.71,1681800
2024-03-04,6.7,6.75,6.69,6.73,1634522
2024-03-05,6.72,6.81,6.71,6.81,1830844
2024-03-06,6.79,6.8,6.69,6.7,1703451
2024-03-07,6.7,6.72,6.67,6.69,1138545
2024-03-08,6.69,6.72,6.66,6.71,1257002
2024-03-11,6.69,6.72,6.64,6.66,1248582
2024-03-12,6.65,6.65,6.54,6.54,1658826
2024-03-13,6.53,6.56,6.5,6.53,916973
2024-03-14,6.51,6.63,6.5,6.58,1072149
2024-03-15,6.59,6.62,6.54,6.6,685812
2024-03-18,6.59,6.62,6.57,6.59,765029
2024-03-19,6.59,6.6,6.53,6.54,680465
2024-03-20,6.54,6.61,6.53,6.6,752836
2024-03-21,6.61,6.65,6.58,6.63,650604
2024-03-22,6.63,6.64,6.55,6.58,691514
2024-03-25,6.57,6.63,6.55,6.58,761073
2024-03-26,6.58,6.6,6.53,6.56,840868
2024-03-27,6.55,6.64,6.55,6.6,987130
2024-03-28,6.6,6.6,6.53,6.59,829030
2024-03-29,6.58,6.63,6.56,6.63,666893
2024-04-01,6.61,6.67,6.61,6.64,772917
2024-04-02,6.64,6.68,6.62,6.66,642661
2024-04-03,6.67,6.71,6.63,6.68,774632
2024-04-08,6.68,6.74,6.63,6.73,923407
2024-04-09,6.72,6.73,6.64,6.68,772262
2024-04-10,6.67,6.75,6.66,6.71,1089884
2024-04-11,6.69,6.8,6.67,6.78,999589
2024-04-12,6.8,6.82,6.75,6.78,681503
2024-04-15,6.79,6.91,6.74,6.86,1355783
2024-04-16,6.86,6.88,6.76,6.76,1403270
2024-04-17,6.75,6.9,6.75,6.9,1153725
2024-04-18,6.9,6.97,6.82,6.83,1145835
2024-04-19,6.83,6.9,6.81,6.88,1004427
2024-04-22,6.86,6.92,6.74,6.77,1009611
2024-04-23,6.75,6.8,6.7,6.72,1023577
2024-04-24,6.73,6.8,6.7,6.79,920235
2024-04-25,6.78,6.82,6.75,6.79,581817
2024-04-26,6.79,6.8,6.67,6.71,1348463
2024-04-29,6.52,6.54,6.27,6.3,4257054
2024-04-30,6.31,6.33,6.19,6.19,2853233
2024-05-06,6.22,6.25,6.19,6.21,2074611
2024-05-07,6.21,6.23,6.18,6.23,1253497
2024-05-08,6.22,6.27,6.21,6.26,1304118
2024-05-09,6.26,6.35,6.26,6.32,1303103
2024-05-10,6.33,6.36,6.3,6.34,1185294
2024-05-13,6.34,6.43,6.31,6.39,1524156
2024-05-14,6.39,6.41,6.36,6.38,859080
2024-05-15,6.36,6.39,6.35,6.35,681575
2024-05-16,6.35,6.37,6.33,6.35,777652
2024-05-17,6.35,6.37,6.34,6.37,621483
2024-05-20,6.37,6.39,6.34,6.35,817632
2024-05-21,6.35,6.38,6.35,6.36,765957
2024-05-22,6.37,6.4,6.36,6.38,830481
2024-05-23,6.37,6.38,6.32,6.33,858657
2024-05-24,6.33,6.37,6.32,6.35,592886
2024-05-27,6.35,6.4,6.35,6.39,884610
2024-05-28,6.38,6.4,6.36,6.37,461387
2024-05-29,6.36,6.38,6.35,6.36,500173
2024-05-30,6.36,6.38,6.33,6.34,656494
2024-05-31,6.35,6.36,6.34,6.34,637034
2024-06-03,6.34,6.35,6.3,6.32,655107
2024-06-04,6.32,6.36,6.3,6.35,569560
2024-06-05,6.35,6.41,6.34,6.37,905050
2024-06-06,6.37,6.41,6.37,6.39,790346
2024-06-07,6.4,6.51,6.39,6.5,1282232
2024-06-11,6.5,6.53,6.41,6.41,1166125
2024-06-12,6.41,6.52,6.39,6.51,864081
2024-06-13,6.5,6.53,6.46,6.48,562686
2024-06-14,6.47,6.52,6.44,6.44,926797
2024-06-17,6.44,6.46,6.33,6.36,1172442
2024-06-18,6.36,6.4,6.35,6.39,772929
2024-06-19,6.38,6.42,6.37,6.37,452054
2024-06-20,6.38,6.39,6.33,6.37,551424
2024-06-21,6.37,6.38,6.33,6.36,532481
2024-06-24,6.35,6.36,6.31,6.32,666593
2024-06-25,6.33,6.35,6.29,6.31,702473
2024-06-26,6.31,6.34,6.3,6.33,471895
2024-06-27,6.32,6.43,6.32,6.37,1022088
2024-06-28,6.38,6.44,6.37,6.43,769061
2024-07-01,6.43,6.49,6.42,6.47,904312
2024-07-02,6.46,6.53,6.45,6.51,890007
2024-07-03,6.48,6.52,6.43,6.51,1057813
2024-07-04,6.51,6.59,6.51,6.52,966528
2024-07-05,6.52,6.56,6.46,6.49,647568
2024-07-08,6.47,6.52,6.46,6.47,532336
2024-07-09,6.49,6.49,6.41,6.45,696999
2024-07-10,6.45,6.46,6.37,6.41,844039
2024-07-11,6.45,6.53,6.4,6.41,1175335
2024-07-12,6.41,6.44,6.38,6.4,752216
2024-07-15,6.4,6.46,6.36,6.44,557222
2024-07-16,6.43,6.55,6.43,6.54,769657
2024-07-17,6.54,6.57,6.5,6.56,634676
2024-07-18,6.56,6.59,6.5,6.57,519567
2024-07-19,6.56,6.64,6.54,6.61,795491
2024-07-22,6.61,6.67,6.58,6.63,776221
2024-07-23,6.63,6.68,6.61,6.61,682353
2024-07-24,6.62,6.67,6.58,6.65,733316
2024-07-25,6.66,6.66,6.57,6.64,763946
2024-07-26,6.64,6.66,6.55,6.6,673064
2024-07-29,6.6,6.67,6.58,6.66,563776
2024-07-30,6.67,6.72,6.64,6.7,756947
2024-07-31,6.71,6.75,6.59,6.62,1119653
2024-08-01,6.62,6.74,6.59,6.71,997081
2024-08-02,6.68,6.73,6.63,6.63,575240
2024-08-05,6.62,6.65,6.57,6.58,772687
2024-08-06,6.59,6.62,6.5,6.55,812092
2024-08-07,6.54,6.6,6.53,6.54,463873
2024-08-08,6.55,6.59,6.53,6.58,406137
2024-08-09,6.57,6.58,6.5,6.51,509180
2024-08-12,6.47,6.52,6.43,6.51,499673
2024-08-13,6.51,6.55,6.47,6.51,365848
2024-08-14,6.5,6.52,6.47,6.48,338439
2024-08-15,6.47,6.55,6.46,6.53,494023
2024-08-16,6.53,6.56,6.51,6.52,397776
2024-08-19,6.52,6.57,6.51,6.56,473429
2024-08-20,6.57,6.57,6.49,6.53,412892
2024-08-21,6.52,6.53,6.44,6.45,563916
2024-08-22,6.45,6.49,6.44,6.44,470364
2024-08-23,6.44,6.49,6.4,6.47,510154
2024-08-26,6.46,6.47,6.4,6.42,539814
2024-08-27,6.42,6.44,6.33,6.35,636482
2024-08-28,6.35,6.35,6.26,6.3,634141
2024-08-29,6.25,6.25,5.77,5.8,2849091
2024-08-30,5.76,5.8,5.71,5.76,1683557
2024-09-02,5.75,5.83,5.73,5.76,1242483
2024-09-03,5.77,5.79,5.72,5.77,872691
2024-09-04,5.75,5.8,5.74,5.75,711938
2024-09-05,5.75,5.83,5.74,5.82,744527
2024-09-06,5.81,5.91,5.8,5.8,645540
2024-09-09,5.8,5.81,5.7,5.72,639730
2024-09-10,5.72,5.74,5.6,5.67,841926
2024-09-11,5.65,5.65,5.49,5.53,989885
2024-09-12,5.53,5.64,5.51,5.6,638521
2024-09-13,5.6,5.66,5.56,5.57,452405
2024-09-18,5.57,5.65,5.54,5.64,529388
2024-09-19,5.64,5.66,5.61,5.64,549293
2024-09-20,5.64,5.71,5.61,5.67,695033
2024-09-23,5.66,5.78,5.66,5.76,554498
2024-09-24,5.79,5.9,5.77,5.9,1005147
2024-09-25,5.94,6.15,5.93,6.03,1413687
2024-09-26,6.03,6.13,5.99,6.13,953195
2024-09-27,6.22,6.26,6.06,6.16,1328915
2024-09-30,6.29,6.53,6.22,6.51,3296262
2024-10-08,7.13,7.17,6.44,6.56,3680859
2024-10-09,6.48,6.48,6.21,6.23,2082118
2024-10-10,6.22,6.46,6.18,6.33,1882003
2024-10-11,6.35,6.4,6.26,6.28,1110170
2024-10-14,6.29,6.39,6.28,6.34,1042611
2024-10-15,6.31,6.34,6.28,6.29,1030503
2024-10-16,6.27,6.4,6.24,6.39,1072992
2024-10-17,6.39,6.42,6.31,6.35,836174
2024-10-18,6.35,6.44,6.27,6.4,1058430
2024-10-21,6.41,6.42,6.32,6.37,1061177
2024-10-22,6.36,6.43,6.34,6.42,966650
2024-10-23,6.42,6.49,6.4,6.45,918038
2024-10-24,6.48,6.51,6.36,6.4,976689
2024-10-25,6.37,6.42,6.32,6.36,879198
2024-10-28,6.36,6.37,6.28,6.3,1113632
2024-10-29,6.3,6.35,6.27,6.29,788367
2024-10-30,6.26,6.3,6.2,6.26,985312
2024-10-31,6.25,6.31,6.16,6.29,983498
2024-11-01,6.28,6.36,6.24,6.36,957187
2024-11-04,6.36,6.42,6.3,6.41,785474
2024-11-05,6.41,6.44,6.38,6.43,822522
2024-11-06,6.42,6.45,6.39,6.41,723332
2024-11-07,6.38,6.49,6.36,6.49,984808
2024-11-08,6.5,6.6,6.44,6.53,1133304
2024-11-11,6.49,6.52,6.4,6.47,706214
2024-11-12,6.45,6.52,6.42,6.43,778471
2024-11-13,6.43,6.54,6.41,6.53,991230
2024-11-14,6.53,6.59,6.49,6.51,796402
2024-11-15,6.5,6.63,6.48,6.58,1205378
2024-11-18,6.62,6.77,6.58,6.6,1603566
2024-11-19,6.6,6.65,6.47,6.54,1101732
2024-11-20,6.51,6.55,6.5,6.52,607744
2024-11-21,6.51,6.55,6.49,6.52,476829
2024-11-22,6.52,6.57,6.44,6.45,675942
2024-11-25,6.46,6.52,6.43,6.46,598110
2024-11-26,6.44,6.54,6.42,6.51,545150
2024-11-27,6.49,6.56,6.47,6.55,602771
2024-11-28,6.58,6.63,6.52,6.59,635983
2024-11-29,6.6,6.63,6.55,6.59,684191
2024-12-02,6.6,6.62,6.56,6.59,641169
2024-12-03,6.6,6.68,6.59,6.68,1006452
2024-12-04,6.65,6.71,6.64,6.71,699647
2024-12-05,6.69,6.7,6.65,6.66,479811
2024-12-06,6.67,6.73,6.67,6.72,620117
2024-12-09,6.71,6.77,6.69,6.72,671581
2024-12-10,6.78,6.8,6.66,6.68,980206
2024-12-11,6.66,6.7,6.62,6.66,695272
2024-12-12,6.66,6.72,6.64,6.69,696645
2024-12-13,6.68,6.72,6.65,6.66,995937
2024-12-16,6.65,6.75,6.65,6.74,1095274
2024-12-17,6.71,6.78,6.65,6.66,1023917
2024-12-18,6.69,6.75,6.63,6.64,1056673
2024-12-19,6.63,6.66,6.6,6.64,695619
2024-12-20,6.63,6.66,6.6,6.61,590657
2024-12-23,6.61,6.69,6.59,6.64,966378
2024-12-24,6.63,6.65,6.59,6.64,676762
2024-12-25,6.62,6.7,6.56,6.7,1522570
2024-12-26,6.65,6.67,6.52,6.54,1533680
2024-12-27,6.52,6.61,6.52,6.58,1341621
2024-12-30,6.57,6.65,6.56,6.59,1125049
2024-12-31,6.57,6.62,6.56,6.56,1158289
2025-01-02,6.56,6.6,6.35,6.38,1280947
2025-01-03,6.4,6.49,6.38,6.46,1023605
2025-01-06,6.44,6.48,6.36,6.4,838579
2025-01-07,6.4,6.41,6.27,6.34,1052547
2025-01-08,6.32,6.4,6.28,6.36,982619
2025-01-09,6.34,6.35,6.18,6.19,1132768
2025-01-10,6.18,6.19,6.0,6.02,1248134
2025-01-13,5.99,6.05,5.93,6.01,1438007
2025-01-14,6.02,6.09,6.01,6.07,1034283
2025-01-15,6.06,6.19,6.03,6.12,1283761
2025-01-16,6.11,6.17,6.08,6.11,1114960
2025-01-17,6.1,6.21,6.05,6.13,1169345
2025-01-20,6.15,6.18,6.1,6.12,815070
2025-01-21,6.13,6.13,6.03,6.06,793301
2025-01-22,6.06,6.06,5.99,6.05,767365
2025-01-23,6.08,6.19,6.08,6.13,1446997
2025-01-24,6.12,6.24,6.09,6.21,1350167
2025-01-27,6.23,6.48,6.23,6.43,1814538
2025-02-05,6.4,6.43,6.26,6.27,1031942
2025-02-06,6.3,6.34,6.24,6.32,865093
2025-02-07,6.32,6.4,6.27,6.38,879263
2025-02-10,6.34,6.44,6.33,6.36,843876
2025-02-11,6.35,6.49,6.34,6.44,1008669
2025-02-12,6.46,6.47,6.41,6.44,548951
2025-02-13,6.44,6.54,6.41,6.49,872601
2025-02-14,6.5,6.58,6.45,6.57,1021604
2025-02-17,6.55,6.65,6.51,6.64,1105314
2025-02-18,6.64,6.76,6.61,6.63,1386250
2025-02-19,6.64,6.66,6.54,6.64,876519
2025-02-20,6.63,6.64,6.53,6.59,743369
2025-02-21,6.61,6.63,6.52,6.54,799818
2025-02-24,6.53,6.56,6.44,6.45,705506
2025-02-25,6.47,6.58,6.39,6.43,693073
2025-02-26,6.44,6.52,6.43,6.51,604164
2025-02-27,6.53,6.58,6.52,6.54,601014
2025-02-28,6.53,6.57,6.48,6.48,529203
2025-03-03,6.51,6.55,6.44,6.48,549982
2025-03-04,6.45,6.49,6.42,6.42,471521
2025-03-05,6.44,6.46,6.39,6.4,501486
2025-03-06,6.41,6.42,6.33,6.33,750587
2025-03-07,6.35,6.36,6.28,6.29,622084
2025-03-10,6.28,6.32,6.26,6.3,667823
2025-03-11,6.28,6.33,6.27,6.33,465748
2025-03-12,6.33,6.33,6.25,6.26,666317
2025-03-13,6.25,6.3,6.25,6.27,509357
2025-03-14,6.26,6.3,6.26,6.3,663509
2025-03-17,6.31,6.33,6.26,6.26,838177
2025-03-18,6.27,6.28,6.23,6.23,562364
2025-03-19,6.23,6.26,6.22,6.25,551521
2025-03-20,6.26,6.28,6.19,6.19,870034
2025-03-21,6.2,6.25,6.18,6.24,1033672
2025-03-24,6.24,6.26,6.18,6.22,752101
2025-03-25,6.21,6.32,6.19,6.31,1007928
2025-03-26,6.31,6.34,6.29,6.3,523124
2025-03-27,6.3,6.38,6.3,6.37,717348
2025-03-28,6.37,6.4,6.32,6.34,417032
2025-03-31,6.34,6.36,6.24,6.32,653125
2025-04-01,6.3,6.37,6.29,6.35,569922
2025-04-02,6.34,6.37,6.29,6.36,579630
2025-04-03,6.34,6.42,6.32,6.41,708858
2025-04-07,6.28,6.33,6.08,6.25,1839718
2025-04-08,6.23,6.52,6.21,6.51,1771867
2025-04-09,6.51,6.54,6.35,6.54,1182611
2025-04-10,6.53,6.53,6.34,6.46,1375363
2025-04-11,6.44,6.46,6.37,6.43,672244
2025-04-14,6.4,6.42,6.36,6.38,522889
2025-04-15,6.38,6.52,6.35,6.46,919335
2025-04-16,6.46,6.59,6.44,6.59,1183404
2025-04-17,6.58,6.63,6.52,6.63,731912
2025-04-18,6.62,6.62,6.52,6.55,441409
2025-04-21,6.55,6.59,6.52,6.53,439802
2025-04-22,6.53,6.58,6.53,6.54,449896
2025-04-23,6.55,6.56,6.49,6.54,470713
2025-04-24,6.54,6.62,6.54,6.58,591464
2025-04-25,6.58,6.61,6.49,6.5,478491
2025-04-28,6.5,6.61,6.5,6.55,543300
2025-04-29,6.55,6.58,6.52,6.55,346798
2025-04-30,6.35,6.35,6.22,6.27,1507174
2025-05-06,6.28,6.37,6.25,6.36,937272
2025-05-07,6.41,6.42,6.31,6.41,881927
2025-05-08,6.38,6.46,6.35,6.42,498527
2025-05-09,6.41,6.48,6.39,6.44,522079
2025-05-12,6.43,6.45,6.36,6.41,546309
2025-05-13,6.43,6.51,6.39,6.51,703432
2025-05-14,6.5,6.51,6.46,6.5,441651
2025-05-15,6.49,6.55,6.47,6.49,479444
2025-05-16,6.47,6.49,6.39,6.46,617692
2025-05-19,6.44,6.49,6.43,6.45,448895
2025-05-20,6.45,6.48,6.4,6.43,365760
2025-05-21,6.44,6.47,6.42,6.43,478341
2025-05-22,6.42,6.48,6.39,6.48,492983
2025-05-23,6.45,6.53,6.41,6.41,539666
2025-05-26,6.41,6.45,6.39,6.4,414444
2025-05-27,6.41,6.49,6.39,6.47,536299
2025-05-28,6.45,6.52,6.45,6.5,370276
2025-05-29,6.51,6.56,6.48,6.54,594937
2025-05-30,6.54,6.58,6.51,6.53,625338
2025-06-03,6.57,6.62,6.47,6.49,717882
2025-06-04,6.49,6.51,6.43,6.43,590975
2025-06-05,6.45,6.46,6.43,6.43,363864
2025-06-06,6.45,6.58,6.43,6.53,829646
2025-06-09,6.55,6.58,6.49,6.54,440068
2025-06-10,6.56,6.56,6.49,6.49,389610
2025-06-11,6.51,6.51,6.46,6.46,605694
2025-06-12,6.46,6.48,6.42,6.42,638380
2025-06-13,6.42,6.46,6.39,6.39,1957708
2025-06-16,6.4,6.47,6.38,6.45,747453
2025-06-17,6.45,6.5,6.43,6.47,546473
2025-06-18,6.48,6.5,6.43,6.46,446874
2025-06-19,6.48,6.49,6.44,6.45,371698
2025-06-20,6.46,6.51,6.44,6.45,438613
2025-06-23,6.45,6.51,6.4,6.47,645325
2025-06-24,6.47,6.49,6.43,6.44,581071
2025-06-25,6.44,6.48,6.41,6.46,539459
2025-06-26,6.46,6.47,6.42,6.44,472857
2025-06-27,6.44,6.44,6.39,6.39,755223
2025-06-30,6.39,6.41,6.36,6.38,543728
2025-07-01,6.38,6.39,6.33,6.35,652540
2025-07-02,6.35,6.37,6.33,6.37,467607
2025-07-03,6.38,6.38,6.33,6.34,428410
2025-07-04,6.34,6.4,6.33,6.38,635615
2025-07-07,6.38,6.44,6.36,6.42,695488
2025-07-08,6.43,6.44,6.38,6.43,560404
2025-07-09,6.43,6.49,6.42,6.46,847755
2025-07-10,6.46,6.51,6.46,6.46,832551
2025-07-11,6.48,6.55,6.39,6.39,1467510
2025-07-14,6.42,6.48,6.4,6.4,905767
2025-07-15,6.42,6.43,6.33,6.34,933415
2025-07-16,6.34,6.37,6.34,6.34,630160
2025-07-17,6.35,6.37,6.32,6.33,631255
2025-07-18,6.34,6.36,6.33,6.34,488366
2025-07-21,6.35,6.38,6.34,6.38,1013548
2025-07-22,6.38,6.49,6.37,6.47,1440295
2025-07-23,6.47,6.63,6.47,6.59,2379894
2025-07-24,6.59,6.7,6.56,6.7,1451801
2025-07-25,6.69,6.74,6.64,6.65,1353861
2025-07-28,6.66,6.68,6.55,6.55,908257
2025-07-29,6.57,6.6,6.53,6.54,715749
2025-07-30,6.56,6.62,6.54,6.59,810720
2025-07-31,6.59,6.59,6.44,6.46,1242781
2025-08-01,6.46,6.49,6.42,6.43,580924
2025-08-04,6.42,6.44,6.4,6.42,523032
2025-08-05,6.43,6.47,6.42,6.46,427064
2025-08-06,6.46,6.47,6.43,6.44,440053
2025-08-07,6.45,6.46,6.42,6.45,447813
2025-08-08,6.44,6.48,6.44,6.47,397646
2025-08-11,6.47,6.49,6.43,6.43,711849
2025-08-12,6.43,6.45,6.4,6.4,729458
2025-08-13,6.41,6.42,6.37,6.37,982044
2025-08-14,6.38,6.4,6.36,6.36,625134
2025-08-15,6.36,6.37,6.33,6.33,969604
2025-08-18,6.34,6.35,6.32,6.32,1041657
2025-08-19,6.33,6.34,6.32,6.33,729205
2025-08-20,6.33,6.36,6.3,6.36,798625
2025-08-21,6.36,6.39,6.35,6.37,820627
2025-08-22,6.38,6.39,6.34,6.38,769725
2025-08-25,6.37,6.4,6.37,6.4,792333
2025-08-26,6.4,6.41,6.37,6.38,567600
2025-08-27,6.38,6.39,6.32,6.32,872640
2025-08-28,6.32,6.35,6.3,6.35,777546
2025-08-29,6.31,6.31,6.21,6.23,1993373
2025-09-01,6.21,6.22,6.05,6.09,2159021
2025-09-02,6.09,6.11,6.06,6.09,1056238
2025-09-03,6.1,6.1,6.03,6.06,790523
2025-09-04,6.05,6.07,6.0,6.07,853902
2025-09-05,6.07,6.07,6.01,6.04,799356
2025-09-08,6.03,6.06,6.02,6.03,673776
2025-09-09,6.05,6.05,6.02,6.03,494836
2025-09-10,6.03,6.04,6.0,6.01,511635
2025-09-11,6.01,6.03,6.0,6.03,798149
2025-09-12,6.03,6.05,6.01,6.02,611492
2025-09-15,6.02,6.03,6.0,6.02,463551
2025-09-16,6.02,6.04,6.01,6.04,513160
2025-09-17,6.03,6.08,6.01,6.06,651194
2025-09-18,6.06,6.07,5.95,5.96,1420763
2025-09-19,5.96,5.98,5.95,5.96,654415
2025-09-22,5.96,5.98,5.95,5.96,517807
2025-09-23,5.97,5.99,5.93,5.97,728880
2025-09-24,5.98,6.01,5.95,6.0,532188
2025-09-25,5.99,5.99,5.93,5.94,599355
2025-09-26,5.94,5.98,5.92,5.96,604155
2025-09-29,5.96,5.97,5.87,5.89,1482140
2025-09-30,5.89,5.89,5.77,5.81,1567373
2025-10-09,5.8,5.82,5.75,5.76,1363621
2025-10-10,5.75,5.83,5.74,5.78,1620338
2025-10-13,5.74,5.78,5.71,5.76,880215
2025-10-14,5.76,5.85,5.75,5.84,1324975
2025-10-15,5.84,5.85,5.79,5.82,909489
2025-10-16,5.81,5.84,5.8,5.82,805123
2025-10-17,5.82,5.87,5.81,5.82,1054964
2025-10-20,5.82,5.87,5.77,5.85,930355
2025-10-21,5.85,5.87,5.79,5.8,1357147
2025-10-22,5.81,5.83,5.79,5.79,825910
2025-10-23,5.8,5.86,5.8,5.84,1018080
2025-10-24,5.87,5.87,5.81,5.83,1296824
2025-10-27,5.83,5.84,5.81,5.82,1343277
2025-10-28,5.82,5.83,5.79,5.79,888106
2025-10-29,5.8,5.8,5.75,5.77,961103
2025-10-30,5.76,5.78,5.74,5.75,1134763
2025-10-31,5.76,5.76,5.72,5.73,1051453
2025-11-03,5.73,5.77,5.72,5.76,742677
2025-11-04,5.76,5.78,5.74,5.75,931526
2025-11-05,5.75,5.76,5.71,5.74,907554
2025-11-06,5.74,5.76,5.73,5.74,872656
2025-11-07,5.74,5.78,5.73,5.74,1370313
2025-11-10,5.75,5.78,5.73,5.74,2936704
2025-11-11,5.74,5.75,5.72,5.73,1176907
2025-11-12,5.73,5.75,5.72,5.72,1300021
2025-11-13,5.72,5.73,5.7,5.72,1201080
2025-11-14,5.71,5.73,5.71,5.71,804031
2025-11-17,5.71,5.72,5.68,5.69,1007313
2025-11-18,5.69,5.69,5.65,5.65,822883
2025-11-19,5.65,5.67,5.6,5.6,1179452
2025-11-20,5.6,5.67,5.6,5.63,1095042
2025-11-21,5.62,5.64,5.57,5.57,1329011
2025-11-24,5.58,5.59,5.53,5.54,1064880
2025-11-25,5.54,5.56,5.53,5.54,522724
2025-11-26,5.55,5.58,5.53,5.54,782052
2025-11-27,5.54,5.54,5.51,5.51,717654
2025-11-28,5.51,5.51,5.47,5.48,1000942
2025-12-01,5.47,5.53,5.46,5.53,976749
2025-12-02,5.53,5.53,5.49,5.51,771641
2025-12-03,5.51,5.59,5.5,5.58,1188832
2025-12-04,5.58,5.61,5.56,5.58,722728
2025-12-05,5.57,5.58,5.52,5.56,771562
2025-12-08,5.56,5.58,5.5,5.52,871266
2025-12-09,5.51,5.52,5.46,5.47,912111
2025-12-10,5.47,5.47,5.44,5.47,664017
2025-12-11,5.47,5.47,5.43,5.44,823651
2025-12-12,5.44,5.44,5.4,5.44,1777835
2025-12-15,5.42,5.44,5.4,5.42,861790
2025-12-16,5.42,5.47,5.42,5.43,955657
2025-12-17,5.44,5.44,5.36,5.4,1223135
2025-12-18,5.39,5.42,5.37,5.41,907303
2025-12-19,5.4,5.41,5.39,5.39,885414
2025-12-22,5.39,5.4,5.35,5.36,1273927
2025-12-23,5.36,5.36,5.3,5.31,1128350
2025-12-24,5.3,5.31,5.26,5.29,1053979
2025-12-25,5.29,5.33,5.29,5.32,843493
2025-12-26,5.31,5.33,5.27,5.28,1046605
2025-12-29,5.28,5.29,5.25,5.25,886866
2025-12-30,5.25,5.25,5.18,5.18,1337906
2025-12-31,5.17,5.18,5.16,5.16,936916
