date,open,high,low,close,volume
2015-01-05,7.81,8.06,7.3,7.85,5284038
2015-01-06,7.58,8.47,7.47,7.97,4792610
2015-01-07,7.76,8.01,7.18,7.59,3793158
2015-01-08,7.59,7.64,6.82,6.89,3248583
2015-01-09,6.83,8.16,6.61,7.16,4969505
2015-01-12,7.14,7.45,6.63,7.01,3103271
2015-01-13,6.93,7.13,6.73,6.87,2031267
2015-01-14,6.93,7.38,6.92,7.15,2639648
2015-01-15,7.14,7.86,6.98,7.83,3116912
2015-01-16,7.58,8.08,7.49,7.77,5081288
2015-01-19,6.18,6.77,6.09,6.09,4177998
2015-01-20,5.99,6.27,5.48,5.85,4436135
2015-01-21,5.94,6.69,5.82,6.59,3893440
2015-01-22,6.54,6.58,6.21,6.4,2415136
2015-01-23,6.49,6.83,6.34,6.43,2649964
2015-01-26,6.39,6.56,6.08,6.26,2359536
2015-01-27,6.3,6.35,5.63,5.88,2965810
2015-01-28,5.75,6.0,5.58,5.75,2204254
2015-01-29,5.5,5.64,5.33,5.42,2348581
2015-01-30,5.57,5.7,5.3,5.45,2002238
2015-02-02,5.08,5.26,5.01,5.02,1871192
2015-02-03,5.23,5.43,4.97,5.38,2120599
2015-02-04,5.4,5.54,5.08,5.09,1777663
2015-02-05,5.84,5.84,5.09,5.11,3796128
2015-02-06,5.01,5.23,4.91,5.03,2001388
2015-02-09,5.03,5.29,4.75,5.1,2288438
2015-02-10,5.09,5.42,5.02,5.35,1990066
2015-02-11,5.26,5.47,5.21,5.29,1539887
2015-02-12,5.03,5.15,4.82,5.03,3552963
2015-02-13,5.11,5.32,5.01,5.1,3266605
2015-02-16,5.14,5.15,4.96,5.05,2202914
2015-02-17,5.06,5.2,5.06,5.09,1962417
2015-02-25,5.12,5.13,4.89,4.94,1881111
2015-02-26,4.92,5.27,4.84,5.25,2437246
2015-02-27,5.24,5.41,5.19,5.22,2205350
2015-03-02,5.29,5.34,5.11,5.25,2677548
2015-03-03,5.21,5.21,4.86,4.87,2628817
2015-03-04,4.88,4.95,4.74,4.79,1850371
2015-03-05,4.75,4.76,4.36,4.44,2711450
2015-03-06,4.44,4.6,4.44,4.51,1443792
2015-03-09,4.54,5.86,4.36,5.69,8256769
2015-03-10,5.49,5.54,5.19,5.23,5420430
2015-03-11,5.33,5.84,5.33,5.55,5055778
2015-03-12,6.48,7.01,6.18,6.95,13572222
2015-03-13,6.94,8.19,6.83,7.47,10432043
2015-03-16,7.58,8.07,7.19,8.04,6550658
2015-03-17,8.08,8.28,7.66,8.03,5362232
2015-03-18,8.07,8.13,7.78,8.1,4597229
2015-03-19,8.26,8.59,8.0,8.13,5149105
2015-03-20,8.13,8.49,7.59,8.03,5821646
2015-03-23,8.18,8.86,8.18,8.61,5805085
2015-03-24,8.48,8.6,8.02,8.28,4216027
2015-03-25,8.12,8.47,7.62,7.7,4326916
2015-03-26,7.57,8.34,7.24,8.01,4183249
2015-03-27,7.98,8.26,7.64,7.98,3355004
2015-03-30,8.49,9.68,8.28,9.48,6366520
2015-03-31,9.92,10.46,9.01,9.34,5046748
2015-04-01,9.18,9.74,8.99,9.37,3126045
2015-04-02,9.44,9.45,8.71,9.1,3910940
2015-04-03,9.08,9.66,8.98,9.63,3877944
2015-04-07,10.16,11.13,10.07,10.77,5280033
2015-04-08,10.73,11.48,10.52,11.45,4993785
2015-04-09,11.41,12.27,10.6,10.81,4932831
2015-04-10,10.81,11.54,10.72,11.37,3682504
2015-04-13,12.13,12.4,11.46,11.67,4045165
2015-04-14,11.57,11.61,10.98,11.15,2979747
2015-04-15,10.98,11.48,10.67,11.03,3551872
2015-04-16,10.84,11.54,10.68,11.52,3458383
2015-04-17,11.98,12.28,11.5,11.54,4054759
2015-04-20,11.88,11.98,10.23,10.44,6045405
2015-04-21,10.36,10.79,10.15,10.73,3689783
2015-04-22,10.86,11.73,10.58,11.68,4832327
2015-04-23,11.76,11.88,10.98,11.13,4361273
2015-04-24,10.78,10.83,9.87,10.32,5977003
2015-04-27,10.53,10.76,10.31,10.61,4087517
2015-04-28,10.73,11.94,10.64,10.91,7086922
2015-04-29,10.69,10.98,10.46,10.74,2837944
2015-04-30,10.75,11.02,10.35,10.39,3102907
2015-05-04,10.29,10.29,9.89,10.1,2637336
2015-05-05,10.11,10.11,8.95,9.07,4338808
2015-05-06,9.23,9.68,8.78,9.05,4039935
2015-05-07,9.08,9.22,8.87,9.06,2251479
2015-05-08,9.34,9.38,8.78,9.1,2719624
2015-05-11,9.1,9.72,8.78,9.67,4516589
2015-05-12,9.68,9.93,9.32,9.78,3525095
2015-05-13,9.88,9.9,9.16,9.35,3171255
2015-05-14,9.08,9.31,8.91,9.03,5604395
2015-05-15,9.03,9.22,8.63,8.88,3670505
2015-05-18,8.9,9.08,8.7,8.73,2783135
2015-05-19,8.7,9.73,8.64,9.55,5624547
2015-05-20,9.55,9.94,9.33,9.58,4947466
2015-05-21,9.63,9.75,9.43,9.62,3163050
2015-05-22,9.81,10.63,9.73,10.52,5738758
2015-05-25,10.78,11.34,10.78,11.14,5100737
2015-05-26,11.24,11.34,10.78,11.06,4311078
2015-05-27,11.25,11.29,10.6,10.73,4252698
2015-05-28,10.66,10.86,9.44,9.59,5178364
2015-05-29,9.71,9.9,8.94,9.54,4296149
2015-06-01,9.55,10.49,9.35,10.26,4454704
2015-06-02,10.34,10.35,9.85,10.12,3486788
2015-06-03,10.07,10.29,9.71,10.11,4433903
2015-06-04,10.35,11.44,10.12,11.07,7807968
2015-06-05,11.55,11.73,10.45,10.85,5674504
2015-06-08,10.96,12.31,10.76,12.23,9145630
2015-06-09,11.95,12.37,11.42,11.67,6833896
2015-06-10,11.48,11.81,11.25,11.47,4218118
2015-06-11,11.48,11.75,11.07,11.25,3665229
2015-06-12,11.42,12.31,10.93,11.59,6464055
2015-06-15,11.5,11.5,10.56,10.67,5126204
2015-06-16,10.5,10.93,10.21,10.34,3770709
2015-06-17,10.73,10.92,10.23,10.45,3688162
2015-06-18,10.25,10.25,9.53,9.56,4020832
2015-06-19,9.35,9.54,8.45,8.77,4605913
2015-06-23,8.77,9.35,8.25,9.28,3839884
2015-06-24,9.32,9.45,8.81,9.37,3807829
2015-06-25,10.0,10.0,8.85,8.99,5007950
2015-06-26,8.57,9.2,7.35,7.88,5597164
2015-06-29,8.19,8.4,6.75,7.7,5917670
2015-06-30,7.83,8.81,7.57,8.8,6060912
2015-07-01,8.5,8.7,8.06,8.15,3743780
2015-07-02,8.3,8.53,7.49,8.0,5003380
2015-07-03,8.05,8.11,6.91,7.3,4697965
2015-07-06,8.55,8.55,7.73,8.5,8341338
2015-07-07,8.15,9.02,7.44,8.75,10261114
2015-07-08,7.06,8.54,7.03,7.08,11818383
2015-07-09,7.08,8.63,6.35,8.63,11304884
2015-07-10,8.55,10.11,8.35,9.23,7169286
2015-07-13,9.02,9.7,8.66,9.13,5385193
2015-07-14,9.0,9.14,8.35,8.72,4105899
2015-07-15,8.59,8.97,8.35,8.84,4240303
2015-07-16,8.77,8.8,8.46,8.62,2167974
2015-07-17,8.77,9.02,8.59,8.86,2763793
2015-07-20,8.8,8.81,8.56,8.62,2496153
2015-07-21,8.55,8.72,8.26,8.28,2477091
2015-07-22,8.17,8.26,8.05,8.06,1953914
2015-07-23,8.06,8.46,8.0,8.37,2075618
2015-07-24,8.39,8.5,8.11,8.12,1770365
2015-07-27,8.0,8.02,6.77,6.81,3784340
2015-07-28,6.5,7.22,6.5,7.0,3007191
2015-07-29,6.98,7.18,6.87,7.16,1783887
2015-07-30,7.16,7.29,6.82,6.85,1538382
2015-07-31,6.81,7.12,6.7,7.09,1978531
2015-08-03,6.99,7.58,6.88,7.51,2347713
2015-08-04,7.41,7.67,7.3,7.6,1170919
2015-08-05,7.58,7.67,7.27,7.28,1086574
2015-08-06,7.14,7.51,7.12,7.33,1030408
2015-08-07,7.43,7.6,7.32,7.43,1057384
2015-08-10,7.44,7.95,7.22,7.84,2057940
2015-08-11,7.79,7.79,7.46,7.51,1783643
2015-08-12,7.31,7.42,7.2,7.21,1402269
2015-08-13,7.25,7.34,7.05,7.21,1098402
2015-08-14,7.25,7.31,7.16,7.21,1046792
2015-08-17,7.12,7.13,6.88,6.99,1243655
2015-08-18,7.03,7.21,6.51,6.59,1864605
2015-08-19,6.54,6.67,6.33,6.64,1886607
2015-08-20,6.69,6.69,6.24,6.26,1368826
2015-08-21,6.19,6.29,5.79,5.82,1781995
2015-08-24,5.45,5.45,4.39,4.51,4794614
2015-08-25,4.22,4.66,3.45,3.75,3642355
2015-08-26,4.04,4.97,3.81,4.48,3612601
2015-08-27,4.7,5.6,4.44,5.52,2697852
2015-08-28,5.66,5.8,5.32,5.67,2565558
2015-08-31,5.55,6.18,5.06,6.13,3260497
2015-09-01,5.83,6.44,5.56,6.4,4028677
2015-09-02,6.05,6.41,5.95,6.27,4325007
2015-09-07,6.1,6.16,5.31,5.4,2214324
2015-09-08,5.4,5.91,5.31,5.81,1428793
2015-09-09,5.81,6.08,5.76,5.94,1261443
2015-09-10,5.82,6.14,5.79,6.07,1249237
2015-09-11,5.98,6.3,5.97,6.14,1003621
2015-09-14,6.14,6.42,5.61,6.39,2725889
2015-09-15,6.17,6.31,5.98,6.22,1593298
2015-09-16,6.15,6.81,5.95,6.46,1116856
2015-09-17,6.4,6.49,6.17,6.18,769741
2015-09-18,6.21,6.32,6.01,6.06,667630
2015-09-21,5.98,6.02,5.79,5.93,887780
2015-09-22,5.94,6.22,5.88,6.07,827559
2015-09-23,5.94,5.97,5.74,5.78,709224
2015-09-24,5.84,5.87,5.72,5.79,701786
2015-09-25,5.75,5.91,5.61,5.86,968416
2015-09-28,5.81,5.9,5.75,5.9,405924
2015-09-29,5.77,5.84,5.65,5.74,548334
2015-09-30,5.8,6.25,5.77,6.11,969093
2015-10-08,6.52,6.61,6.33,6.36,1156139
2015-10-09,6.47,6.65,6.37,6.52,698197
2015-10-12,6.58,6.9,6.52,6.76,2005077
2015-10-13,6.66,6.76,6.57,6.63,741630
2015-10-14,6.56,6.68,6.49,6.59,717027
2015-10-15,6.55,6.79,6.5,6.74,736139
2015-10-16,6.8,6.92,6.7,6.76,1150757
2015-10-19,6.81,6.88,6.64,6.68,1017039
2015-10-20,6.67,6.74,6.56,6.69,794584
2015-10-21,6.66,7.02,6.34,6.78,2495281
2015-10-22,6.63,6.69,6.54,6.57,1143011
2015-10-23,6.64,6.7,6.57,6.65,878812
2015-10-26,6.75,6.88,6.67,6.7,1265768
2015-10-27,6.66,6.74,6.55,6.69,782154
2015-10-28,6.72,6.8,6.62,6.64,997478
2015-10-29,6.61,6.72,6.58,6.62,611460
2015-10-30,6.65,6.97,6.65,6.82,1419911
2015-11-02,6.75,6.82,6.64,6.66,790093
2015-11-03,6.65,6.75,6.57,6.61,606539
2015-11-04,6.67,7.29,6.62,7.2,2074455
2015-11-05,7.09,8.14,7.05,7.65,3910058
2015-11-06,7.58,7.85,7.44,7.77,1933985
2015-11-09,7.91,8.81,7.91,8.35,3605576
2015-11-10,8.2,8.51,8.05,8.21,1604390
2015-11-11,8.21,8.23,7.77,7.96,1498084
2015-11-12,8.03,8.09,7.69,7.76,1002337
2015-11-13,7.65,7.77,7.54,7.57,936875
2015-11-16,7.35,7.6,7.35,7.55,649932
2015-11-17,7.65,7.99,7.57,7.61,1414332
2015-11-18,7.7,8.01,7.49,7.69,1121976
2015-11-19,7.71,7.9,7.65,7.87,745626
2015-11-20,7.94,8.18,7.8,7.98,1112045
2015-11-23,7.98,8.18,7.85,7.96,956438
2015-11-24,7.86,7.93,7.5,7.68,1232604
2015-11-25,7.62,7.78,7.46,7.72,999368
2015-11-26,7.75,7.9,7.62,7.63,784967
2015-11-27,7.56,7.59,6.95,7.04,1254891
2015-11-30,7.03,7.33,6.94,7.2,1050579
2015-12-01,7.26,7.33,6.99,7.25,805280
2015-12-02,7.22,8.43,7.18,8.28,2459554
2015-12-03,8.16,8.4,7.96,8.14,2123670
2015-12-04,7.97,8.03,7.59,7.62,1210502
2015-12-07,7.7,7.75,7.57,7.7,648952
2015-12-08,7.65,7.87,7.45,7.68,1045999
2015-12-09,7.68,7.89,7.66,7.75,968000
2015-12-10,7.69,7.92,7.63,7.64,911513
2015-12-11,7.58,7.64,7.45,7.5,954782
2015-12-14,7.4,7.86,7.35,7.79,1065314
2015-12-15,7.8,7.85,7.57,7.63,722845
2015-12-16,7.68,7.7,7.58,7.65,597412
2015-12-17,7.67,7.85,7.62,7.73,1010744
2015-12-18,7.69,8.43,7.67,7.94,1710440
2015-12-21,7.85,8.69,7.82,8.41,2107305
2015-12-22,8.41,8.9,8.37,8.73,2248356
2015-12-23,8.76,9.18,8.59,8.78,2116712
2015-12-24,8.85,8.93,8.57,8.82,1269621
2015-12-25,8.82,9.08,8.77,8.99,808227
2015-12-28,9.02,9.1,8.48,8.51,1723737
2015-12-29,8.48,9.0,8.48,8.84,1020610
2015-12-30,8.78,8.88,8.66,8.79,973554
2015-12-31,8.74,8.81,8.45,8.62,960485
2016-01-04,8.6,8.61,7.95,7.98,1024693
2016-01-05,7.93,8.32,7.77,8.21,1517145
2016-01-06,8.15,8.31,7.98,8.3,838444
2016-01-07,7.98,8.11,7.78,7.88,338586
2016-01-08,7.89,8.21,7.67,7.99,1552777
2016-01-11,7.81,7.82,7.35,7.35,1430618
2016-01-12,7.4,7.56,7.3,7.34,1123990
2016-01-13,7.5,7.71,7.23,7.25,745617
2016-01-14,6.95,7.35,6.8,7.23,928590
2016-01-15,7.14,7.32,6.85,6.98,762462
2016-01-18,6.76,7.12,6.75,6.85,525296
2016-01-19,6.95,7.09,6.8,7.05,545659
2016-01-20,7.0,7.04,6.65,6.69,847454
2016-01-21,6.58,6.92,6.5,6.51,684887
2016-01-22,6.65,6.69,6.42,6.57,515380
2016-01-25,6.6,6.61,6.51,6.58,317374
2016-01-26,6.5,6.58,5.89,6.0,904274
2016-01-27,5.96,6.18,5.8,6.04,893761
2016-01-28,6.02,6.07,5.72,5.81,538921
2016-01-29,5.8,6.13,5.74,6.01,728254
2016-02-01,6.0,6.12,5.73,5.85,524822
2016-02-02,5.82,6.06,5.82,5.99,359068
2016-02-03,5.87,5.9,5.73,5.82,446922
2016-02-04,5.9,5.98,5.83,5.93,488245
2016-02-05,5.93,6.05,5.9,5.97,443114
2016-02-15,5.61,5.92,5.61,5.81,454264
2016-02-16,5.89,6.19,5.86,6.1,558665
2016-02-17,6.15,6.26,6.0,6.13,499656
2016-02-18,6.2,6.32,6.03,6.07,479277
2016-02-19,6.06,6.12,5.94,5.98,300470
2016-02-22,6.1,6.31,6.02,6.29,677370
2016-02-23,6.26,6.26,6.0,6.07,609850
2016-02-24,6.03,6.15,6.0,6.12,362908
2016-02-25,6.09,6.11,5.63,5.65,894742
2016-02-26,5.75,5.85,5.68,5.79,381312
2016-02-29,5.78,5.89,5.32,5.73,870024
2016-03-01,5.7,5.82,5.53,5.73,528384
2016-03-02,5.79,6.18,5.73,6.17,1030552
2016-03-03,6.17,6.31,6.11,6.29,712576
2016-03-04,6.22,7.02,6.21,6.94,2288524
2016-03-07,6.9,7.0,6.63,6.67,832012
2016-03-08,6.65,6.93,6.24,6.86,739890
2016-03-09,6.6,6.94,6.45,6.92,959905
2016-03-10,6.74,6.89,6.56,6.58,395384
2016-03-11,6.52,6.74,6.47,6.72,581610
2016-03-14,6.69,6.99,6.5,6.54,860031
2016-03-15,6.56,6.95,6.48,6.92,967614
2016-03-16,6.81,7.35,6.78,7.27,1952727
2016-03-17,7.23,7.4,6.79,6.98,1346853
2016-03-18,6.98,7.11,6.93,6.96,1355202
2016-03-21,7.01,7.28,7.01,7.08,1008415
2016-03-22,7.05,7.23,7.02,7.05,563670
2016-03-23,7.1,7.14,7.01,7.04,498981
2016-03-24,7.03,7.05,6.87,6.93,472657
2016-03-25,6.94,7.07,6.92,7.02,306370
2016-03-28,7.02,7.19,6.86,6.89,345897
2016-03-29,6.92,7.07,6.82,6.85,374908
2016-03-30,6.95,7.14,6.9,7.12,466673
2016-03-31,7.15,7.17,7.03,7.08,388655
2016-04-01,7.12,7.2,6.93,7.16,611139
2016-04-05,7.05,7.26,6.96,7.21,608385
2016-04-06,7.13,7.2,7.04,7.1,441669
2016-04-07,7.13,7.14,6.98,6.99,393505
2016-04-08,6.93,7.02,6.87,6.95,488397
2016-04-11,7.05,7.22,6.98,7.16,581813
2016-04-12,7.16,7.23,7.11,7.15,302754
2016-04-13,7.2,7.52,7.08,7.21,1078659
2016-04-14,7.26,7.32,7.18,7.22,330150
2016-04-15,7.25,7.5,7.22,7.39,764614
2016-04-18,7.3,7.57,7.26,7.42,984907
2016-04-19,7.45,7.47,7.34,7.42,485716
2016-04-20,7.45,7.48,7.03,7.43,1096804
2016-04-21,7.39,7.77,7.26,7.6,1338222
2016-04-22,7.53,7.82,7.5,7.68,514730
2016-04-25,7.57,7.77,7.45,7.65,747959
2016-04-26,7.61,7.8,7.61,7.71,294999
2016-04-27,7.73,7.75,7.67,7.7,295011
2016-04-28,7.75,7.86,7.69,7.73,495019
2016-04-29,7.7,7.76,7.66,7.67,447970
2016-05-03,7.67,7.83,7.57,7.7,690653
2016-05-04,7.7,7.76,7.63,7.72,436904
2016-05-05,7.69,7.76,7.63,7.72,321188
2016-05-06,7.71,7.75,7.56,7.57,565234
2016-05-09,7.56,7.59,7.33,7.36,682608
2016-05-10,7.28,7.42,7.11,7.22,712132
2016-05-11,7.28,7.39,7.24,7.28,336959
2016-05-12,7.28,7.51,7.23,7.46,398844
2016-05-13,7.4,7.55,7.39,7.49,386147
2016-05-16,7.44,7.54,7.4,7.46,267830
2016-05-17,7.5,7.5,7.39,7.4,255312
2016-05-18,7.39,7.64,7.37,7.61,704178
2016-05-19,7.57,7.63,7.52,7.58,260742
2016-05-20,7.55,7.63,7.52,7.57,229907
2016-05-23,7.62,7.63,7.45,7.49,225164
2016-05-24,7.47,7.48,7.27,7.28,196560
2016-05-25,7.4,7.4,7.29,7.35,184914
2016-05-26,7.36,7.44,7.3,7.34,261995
2016-05-27,7.35,7.37,7.31,7.32,181465
2016-05-30,7.35,7.46,7.27,7.42,302621
2016-05-31,7.47,7.8,7.47,7.75,709274
2016-06-01,7.77,7.8,7.68,7.69,357532
2016-06-02,7.7,7.74,7.61,7.63,270146
2016-06-03,7.7,7.73,7.62,7.71,340479
2016-06-06,7.79,7.79,7.53,7.57,479195
2016-06-07,7.63,7.64,7.54,7.56,237335
2016-06-08,7.59,7.6,7.48,7.56,301074
2016-06-13,7.46,7.56,7.43,7.46,596961
2016-06-14,7.48,7.57,7.44,7.52,366883
2016-06-15,7.4,7.59,7.37,7.53,411235
2016-06-16,7.46,7.57,7.44,7.54,485883
2016-06-17,7.53,7.63,7.5,7.59,425273
2016-06-20,7.65,7.69,7.54,7.65,202669
2016-06-21,7.66,7.7,7.55,7.6,251179
2016-06-22,7.56,7.65,7.53,7.63,223494
2016-06-23,7.64,7.64,7.48,7.51,197901
2016-06-24,7.5,7.59,7.26,7.41,411316
2016-06-27,7.36,7.47,7.27,7.41,506536
2016-06-28,7.41,7.43,7.37,7.41,441948
2016-06-29,7.44,7.48,7.4,7.47,532128
2016-06-30,7.49,7.54,7.38,7.4,402471
2016-07-01,7.42,7.52,7.39,7.51,323061
2016-07-04,7.48,7.69,7.47,7.63,441180
2016-07-05,7.63,7.63,7.53,7.58,370890
2016-07-06,7.55,7.58,7.45,7.47,448322
2016-07-07,7.49,7.5,7.39,7.45,474688
2016-07-08,7.43,7.45,7.37,7.39,297358
2016-07-11,7.41,7.46,7.37,7.38,404289
2016-07-12,7.4,7.55,7.38,7.54,561630
2016-07-13,7.56,7.82,7.56,7.64,925309
2016-07-14,7.64,7.68,7.51,7.57,446446
2016-07-15,7.58,7.71,7.55,7.69,481201
2016-07-18,7.68,7.84,7.66,7.75,567739
2016-07-19,7.75,7.79,7.58,7.62,367459
2016-07-20,7.62,7.65,7.56,7.64,296551
2016-07-21,7.61,7.78,7.61,7.75,423217
2016-07-22,7.71,7.75,7.6,7.62,275540
2016-08-01,7.53,7.78,7.48,7.77,796771
2016-08-02,7.73,7.76,7.63,7.65,331045
2016-08-03,7.61,7.65,7.58,7.61,205393
2016-08-04,7.63,7.64,7.48,7.54,320498
2016-08-05,7.57,7.75,7.54,7.67,392097
2016-08-08,7.68,7.74,7.63,7.73,335061
2016-08-09,7.75,7.8,7.71,7.79,372537
2016-08-10,7.8,7.92,7.76,7.87,546863
2016-08-11,7.87,8.34,7.87,7.99,1101075
2016-08-12,8.07,8.38,8.02,8.34,909305
2016-08-15,8.46,8.86,8.44,8.58,1728879
2016-08-16,8.62,8.67,8.2,8.31,1274890
2016-08-17,8.36,8.42,8.21,8.22,504661
2016-08-18,8.23,8.34,8.14,8.18,468921
2016-08-19,8.23,8.29,8.15,8.2,298664
2016-08-22,8.22,8.24,8.08,8.15,461688
2016-08-23,8.16,8.34,8.15,8.25,477963
2016-08-24,8.25,8.3,8.18,8.22,271682
2016-08-25,8.19,8.19,8.05,8.13,451147
2016-08-26,8.15,8.17,8.07,8.09,272110
2016-08-29,8.06,8.12,7.96,8.1,345199
2016-08-30,8.12,8.25,8.1,8.22,444275
2016-08-31,8.19,8.29,8.15,8.23,321670
2016-09-01,8.23,8.28,8.19,8.2,257406
2016-09-02,8.18,8.24,8.15,8.21,320400
2016-09-05,8.21,8.3,8.18,8.2,309607
2016-09-06,8.21,8.25,8.06,8.09,533117
2016-09-07,8.11,8.18,8.07,8.15,368740
2016-09-08,8.15,8.18,8.14,8.17,252437
2016-09-09,8.17,8.2,8.12,8.13,304222
2016-09-12,7.98,8.05,7.87,7.93,611520
2016-09-13,7.96,8.05,7.95,7.96,382764
2016-09-14,7.94,8.0,7.88,7.89,385004
2016-09-19,7.91,8.04,7.91,8.02,316674
2016-09-20,8.01,8.08,7.98,8.06,386520
2016-09-21,8.04,8.1,7.99,8.02,346318
2016-09-22,8.06,8.17,8.02,8.16,364112
2016-09-23,8.16,8.21,8.11,8.14,247164
2016-09-26,8.12,8.14,8.06,8.07,301406
2016-09-27,8.06,8.17,8.01,8.17,304297
2016-09-28,8.2,8.2,8.13,8.14,219668
2016-09-29,8.16,8.2,8.15,8.16,179335
2016-09-30,8.11,8.17,8.11,8.13,248522
2016-10-10,8.21,8.24,8.16,8.19,320331
2016-10-11,8.2,8.22,8.16,8.2,278080
2016-10-12,8.17,8.2,8.14,8.15,289659
2016-10-13,8.15,8.2,8.1,8.17,307164
2016-10-14,8.14,8.27,8.13,8.25,309067
2016-10-17,8.25,8.28,8.13,8.14,292070
2016-10-18,8.14,8.24,8.13,8.23,180890
2016-10-19,8.25,8.27,8.18,8.22,187509
2016-10-20,8.24,8.29,8.23,8.28,277389
2016-10-21,8.24,8.42,8.24,8.4,410365
2016-10-24,8.42,8.63,8.37,8.49,517307
2016-10-25,8.51,8.53,8.4,8.42,231567
2016-10-26,8.42,8.42,8.31,8.35,230743
2016-10-27,8.32,8.41,8.31,8.36,193041
2016-10-28,8.32,8.49,8.32,8.43,246018
2016-10-31,8.44,8.48,8.36,8.47,376706
2016-11-01,8.48,8.64,8.45,8.62,360048
2016-11-02,8.6,8.61,8.51,8.56,324575
2016-11-03,8.49,8.67,8.49,8.64,333246
2016-11-04,8.6,8.68,8.49,8.52,280236
2016-11-07,8.52,8.55,8.42,8.44,335982
2016-11-08,8.48,8.58,8.4,8.55,386430
2016-11-09,8.52,8.56,8.26,8.35,585238
2016-11-10,8.46,8.56,8.43,8.52,336900
2016-11-11,8.49,8.52,8.36,8.45,598688
2016-11-14,8.43,8.63,8.42,8.45,726684
2016-11-15,8.47,8.48,8.4,8.43,487386
2016-11-16,8.43,8.47,8.4,8.45,268890
2016-11-17,8.45,8.45,8.38,8.42,289843
2016-11-18,8.43,8.43,8.36,8.39,239122
2016-11-21,8.37,8.58,8.35,8.5,490164
2016-11-22,8.48,8.63,8.48,8.58,793681
2016-11-23,8.62,9.03,8.62,8.83,1081417
2016-11-24,8.77,8.95,8.75,8.8,523823
2016-11-25,8.79,9.09,8.79,9.06,874787
2016-11-28,9.16,9.45,8.96,9.0,1288467
2016-11-29,9.04,9.28,9.0,9.13,648428
2016-11-30,9.14,9.26,8.9,9.0,558828
2016-12-01,9.13,9.22,8.97,9.06,598811
2016-12-02,9.12,9.15,8.88,9.03,679683
2016-12-05,8.91,9.09,8.84,9.07,823516
2016-12-06,9.03,9.13,9.0,9.06,562918
2016-12-07,9.07,9.07,8.97,9.0,282434
2016-12-08,9.06,9.14,8.99,9.09,650493
2016-12-09,9.03,9.54,9.03,9.36,956936
2016-12-12,9.4,9.74,9.26,9.46,1413648
2016-12-13,9.37,9.44,9.2,9.22,479327
2016-12-14,9.25,9.48,9.23,9.33,395749
2016-12-15,9.26,9.26,8.76,8.77,785516
2016-12-16,8.72,8.83,8.63,8.66,508368
2016-12-19,8.65,8.65,8.5,8.58,401911
2016-12-20,8.61,8.61,8.27,8.37,604942
2016-12-21,8.34,8.51,8.34,8.41,400641
2016-12-22,8.4,8.43,8.23,8.3,302428
2016-12-23,8.33,8.35,8.14,8.21,475611
2016-12-26,8.21,8.27,8.04,8.25,405167
2016-12-27,8.23,8.27,8.18,8.2,245375
2016-12-28,8.2,8.23,8.08,8.17,340686
2016-12-29,8.16,8.18,8.1,8.14,313906
2016-12-30,8.16,8.31,8.13,8.3,414110
2017-01-03,8.3,8.52,8.3,8.4,481999
2017-01-04,8.4,8.54,8.36,8.48,424101
2017-01-05,8.48,8.55,8.48,8.49,276957
2017-01-06,8.46,8.54,8.32,8.33,277753
2017-01-09,8.35,8.45,8.33,8.4,251548
2017-01-10,8.4,8.44,8.35,8.38,223505
2017-01-11,8.41,8.44,8.29,8.31,250584
2017-01-12,8.31,8.36,8.27,8.28,194198
2017-01-13,8.28,8.45,8.21,8.42,486815
2017-01-16,8.39,8.75,8.34,8.71,1327506
2017-01-17,8.64,8.74,8.57,8.58,427830
2017-01-18,8.62,8.84,8.59,8.81,450181
2017-01-19,8.78,8.91,8.78,8.8,366889
2017-01-20,8.83,8.99,8.8,8.94,442331
2017-01-23,8.98,9.01,8.82,8.89,370608
2017-01-24,8.91,9.11,8.85,9.08,527793
2017-01-25,9.08,9.11,8.98,9.09,307960
2017-01-26,9.1,9.26,9.09,9.23,387640
2017-02-03,9.25,9.27,8.85,8.89,423660
2017-02-06,8.96,8.96,8.82,8.88,398742
2017-02-07,8.88,8.91,8.78,8.82,404647
2017-02-08,8.8,8.87,8.72,8.83,431725
2017-02-09,8.86,8.96,8.83,8.85,402589
2017-02-10,8.91,8.98,8.88,8.92,471367
2017-02-13,8.95,9.12,8.93,9.03,616209
2017-02-14,9.06,9.06,8.87,8.9,501065
2017-02-15,8.92,9.09,8.89,8.96,873004
2017-02-16,8.99,9.06,8.91,8.94,656782
2017-02-17,8.95,9.03,8.83,8.85,509473
2017-02-20,8.84,9.25,8.82,9.07,1416517
2017-02-21,9.1,9.19,9.03,9.08,784903
2017-02-22,9.08,9.08,9.01,9.04,498835
2017-02-23,9.05,9.18,8.97,9.04,485742
2017-02-24,9.05,9.12,9.02,9.06,410886
2017-02-27,9.06,9.1,8.94,8.97,474327
2017-02-28,8.97,9.05,8.89,8.91,404897
2017-03-01,8.93,8.99,8.79,8.82,769996
2017-03-02,8.86,8.92,8.66,8.66,795735
2017-03-03,8.66,8.68,8.6,8.64,415251
2017-03-06,8.64,8.78,8.63,8.69,424303
2017-03-07,8.69,8.77,8.66,8.75,319787
2017-03-08,8.74,8.76,8.67,8.69,301660
2017-03-09,8.67,8.67,8.53,8.55,386293
2017-03-10,8.56,8.61,8.51,8.57,286000
2017-03-13,8.56,8.73,8.51,8.71,353306
2017-03-14,8.72,8.76,8.66,8.68,382428
2017-03-15,8.68,8.72,8.62,8.67,287758
2017-03-16,8.71,8.77,8.66,8.74,600847
2017-03-17,8.73,8.74,8.51,8.53,634313
2017-03-20,8.56,8.59,8.33,8.4,735812
2017-03-21,8.42,8.43,8.29,8.34,592923
2017-03-22,8.31,8.34,8.18,8.25,745750
2017-03-23,8.26,8.37,8.26,8.33,506396
2017-03-24,8.33,8.36,8.25,8.34,664916
2017-03-27,8.34,8.51,8.32,8.36,682494
2017-03-28,8.41,8.41,8.25,8.28,494921
2017-03-29,8.32,8.34,8.21,8.22,610152
2017-03-30,8.22,8.32,8.2,8.27,466179
2017-03-31,8.27,8.41,8.26,8.37,407311
2017-04-05,8.4,8.51,8.38,8.5,667716
2017-04-06,8.49,8.53,8.4,8.48,451201
2017-04-07,8.49,8.51,8.42,8.5,448212
2017-04-10,8.49,8.5,8.41,8.42,384097
2017-04-11,8.4,8.42,8.22,8.34,608997
2017-04-12,8.32,8.33,7.15,8.16,1072196
2017-04-13,8.03,8.16,8.01,8.08,834668
2017-04-14,8.05,8.07,7.9,7.97,519342
2017-04-17,7.94,8.06,7.78,8.0,809310
2017-04-18,7.97,7.98,7.71,7.72,799884
2017-04-19,7.7,7.71,7.44,7.45,945536
2017-04-20,7.45,7.51,7.33,7.37,749819
2017-04-21,7.41,7.54,7.38,7.52,504158
2017-04-24,7.54,7.58,7.44,7.52,398446
2017-04-25,7.56,7.58,7.49,7.53,413610
2017-04-26,7.53,7.63,7.51,7.54,555811
2017-04-27,7.5,7.63,7.39,7.62,455369
2017-04-28,7.62,7.63,7.52,7.62,443153
2017-05-02,7.59,7.75,7.57,7.62,596865
2017-05-03,7.66,7.67,7.58,7.59,416196
2017-05-04,7.59,7.61,7.45,7.51,431452
2017-05-05,7.48,7.56,7.36,7.54,625487
2017-05-08,7.46,7.59,7.4,7.56,610844
2017-05-09,7.52,7.66,7.51,7.6,427017
2017-05-10,7.62,7.77,7.57,7.58,609753
2017-05-11,7.59,7.75,7.57,7.73,585364
2017-05-12,7.72,8.11,7.69,8.08,935114
2017-05-15,8.13,8.34,8.04,8.05,693987
2017-05-16,8.0,8.09,7.91,8.01,423283
2017-05-17,8.0,8.01,7.84,7.89,667344
2017-05-18,7.84,7.9,7.74,7.77,589456
2017-05-19,7.78,7.83,7.72,7.75,456987
2017-05-22,7.74,7.9,7.73,7.85,728803
2017-05-23,7.85,8.26,7.85,8.1,1179478
2017-05-24,8.11,8.25,7.92,8.18,1324721
2017-05-25,8.16,8.98,8.13,8.73,2792061
2017-05-26,8.78,8.89,8.64,8.66,1394562
2017-05-31,8.64,8.94,8.59,8.71,1062451
2017-06-01,8.67,8.79,8.61,8.74,1115059
2017-06-02,8.72,8.85,8.52,8.59,902048
2017-06-05,8.51,8.57,8.26,8.44,1073385
2017-06-06,8.44,8.49,8.32,8.43,493552
2017-06-07,8.46,8.71,8.45,8.6,881119
2017-06-08,8.61,8.66,8.53,8.65,638777
2017-06-09,8.67,8.94,8.65,8.78,961419
2017-06-12,8.78,8.93,8.74,8.78,756898
2017-06-13,8.8,8.82,8.63,8.7,756671
2017-06-14,8.78,8.89,8.56,8.69,896736
2017-06-15,8.68,8.72,8.55,8.57,548025
2017-06-16,8.57,8.65,8.48,8.56,413047
2017-06-19,8.57,8.71,8.54,8.68,465798
2017-06-20,8.73,8.77,8.6,8.65,382450
2017-06-21,8.74,8.77,8.62,8.71,554994
2017-06-22,8.67,9.22,8.67,8.96,1805467
2017-06-23,8.93,9.12,8.78,9.07,1226547
2017-06-26,9.05,9.37,9.0,9.14,1383280
2017-06-27,9.1,9.33,9.06,9.24,856184
2017-06-28,9.2,9.83,9.18,9.59,2414798
2017-06-29,9.62,9.74,9.51,9.66,1167273
2017-06-30,9.57,9.64,9.43,9.63,751839
2017-07-03,9.61,9.71,9.48,9.65,714707
2017-07-04,9.64,9.65,9.32,9.48,1330145
2017-07-05,9.43,9.71,9.4,9.68,987047
2017-07-06,9.67,9.93,9.65,9.88,1429415
2017-07-07,9.8,9.96,9.77,9.86,767307
2017-07-10,9.82,9.98,9.77,9.89,730921
2017-07-11,9.88,10.39,9.83,10.18,1517544
2017-07-12,10.19,10.79,10.18,10.39,1906668
2017-07-13,10.42,10.69,10.36,10.59,1251863
2017-07-14,10.61,10.77,10.5,10.67,798711
2017-07-17,10.73,11.29,10.57,10.93,1859779
2017-07-18,10.88,11.06,10.65,10.8,968591
2017-07-19,10.78,11.04,10.75,10.87,860603
2017-07-20,10.88,10.97,10.67,10.84,701059
2017-07-21,10.8,10.86,10.56,10.6,651264
2017-07-24,10.57,10.95,10.47,10.77,1083396
2017-07-25,10.8,11.01,10.72,10.73,836807
2017-07-26,10.76,10.99,10.39,10.5,1070357
2017-07-27,10.5,10.64,10.42,10.53,616402
2017-07-28,10.49,10.65,10.41,10.64,428470
2017-07-31,10.65,10.73,10.48,10.53,674310
2017-08-01,10.56,10.85,10.5,10.83,1001915
2017-08-02,10.86,11.04,10.82,10.85,887739
2017-08-03,10.83,10.93,10.47,10.51,790386
2017-08-04,10.54,10.59,10.34,10.35,694369
2017-08-07,10.34,10.42,10.18,10.24,648425
2017-08-08,10.25,10.38,10.17,10.19,504087
2017-08-09,10.18,10.23,10.0,10.02,597530
2017-08-10,10.02,10.2,9.94,10.08,585263
2017-08-11,9.97,10.04,9.73,9.92,1091576
2017-08-14,9.87,9.9,9.74,9.82,693858
2017-08-15,9.84,10.12,9.83,10.0,717333
2017-08-16,10.0,10.0,9.79,9.82,381959
2017-08-17,9.82,9.91,9.79,9.89,415751
2017-08-18,9.82,9.94,9.77,9.86,464672
2017-08-21,9.85,9.92,9.8,9.86,357788
2017-08-22,9.89,10.06,9.87,10.03,599855
2017-08-23,10.06,10.33,10.02,10.25,788816
2017-08-24,10.25,10.51,10.19,10.21,633408
2017-08-25,10.25,10.77,10.25,10.73,1131020
2017-08-28,10.77,10.96,10.63,10.72,1153223
2017-08-29,10.72,11.0,10.65,10.98,913632
2017-08-30,10.86,10.96,10.47,10.59,1662257
2017-08-31,10.6,10.63,10.33,10.42,836496
2017-09-01,10.39,10.52,10.22,10.29,832456
2017-09-04,10.25,10.53,10.23,10.5,654538
2017-09-05,10.47,10.65,10.43,10.47,600339
2017-09-06,10.45,10.48,10.35,10.38,373260
2017-09-07,10.44,10.44,10.19,10.2,580874
2017-09-08,10.18,10.38,10.17,10.22,493778
2017-09-11,10.3,10.44,10.19,10.21,524466
2017-09-12,10.24,10.26,10.06,10.21,701463
2017-09-13,10.18,10.18,10.06,10.13,400311
2017-09-14,10.11,10.3,10.07,10.14,600829
2017-09-15,10.11,10.17,9.98,10.15,473781
2017-09-18,10.1,10.33,10.1,10.19,554783
2017-09-19,10.2,10.26,10.04,10.18,493361
2017-09-20,10.12,10.17,10.03,10.1,546189
2017-09-21,10.07,10.23,10.06,10.13,425078
2017-09-22,10.08,10.28,10.08,10.19,468647
2017-09-25,10.23,10.38,10.19,10.36,804908
2017-09-26,10.29,10.4,10.28,10.32,384209
2017-09-27,10.29,10.32,10.11,10.15,466311
2017-09-28,10.17,10.21,10.02,10.11,555003
2017-09-29,10.1,10.14,10.01,10.06,371085
2017-10-09,10.54,10.63,10.2,10.23,1369085
2017-10-10,10.28,10.59,10.23,10.57,1152960
2017-10-11,10.59,10.74,10.41,10.47,1129892
2017-10-12,10.47,10.7,10.43,10.53,847125
2017-10-13,10.56,10.72,10.55,10.57,672789
2017-10-16,10.59,10.87,10.55,10.81,1086809
2017-10-17,10.82,10.84,10.64,10.67,558934
2017-10-18,10.71,10.8,10.57,10.77,804141
2017-10-19,10.75,10.82,10.68,10.8,780432
2017-10-20,10.77,10.77,10.62,10.65,362709
2017-10-23,10.65,10.66,10.41,10.42,536686
2017-10-24,10.42,10.61,10.41,10.54,509645
2017-10-25,10.56,10.57,10.43,10.48,425577
2017-10-26,10.42,10.42,10.2,10.27,922915
2017-10-27,10.28,10.58,10.28,10.47,1240090
2017-10-30,10.41,10.57,10.31,10.43,999749
2017-10-31,10.37,10.39,10.2,10.21,615149
2017-11-01,10.2,10.2,9.99,10.02,1151444
2017-11-02,10.04,10.08,9.83,10.02,876242
2017-11-03,9.99,10.06,9.81,10.0,968458
2017-11-06,9.93,9.93,9.6,9.62,1134663
2017-11-07,9.63,9.92,9.62,9.85,841397
2017-11-08,9.84,10.04,9.81,9.91,786796
2017-11-09,9.89,10.0,9.75,9.82,619205
2017-11-10,9.82,9.87,9.62,9.72,752960
2017-11-13,9.72,10.14,9.71,9.89,1466274
2017-11-14,9.82,9.89,9.69,9.71,672174
2017-11-15,9.68,9.77,9.66,9.71,408229
2017-11-16,9.72,9.73,9.61,9.62,589951
2017-11-17,9.62,10.17,9.61,10.13,1858945
2017-11-20,10.01,10.36,9.91,10.33,1518230
2017-11-21,10.26,10.85,10.23,10.51,2544301
2017-11-22,10.67,10.99,10.63,10.77,2198329
2017-11-23,10.85,10.96,10.4,10.58,1695747
2017-11-24,10.64,10.73,10.47,10.63,886343
2017-11-27,10.56,10.65,10.33,10.61,1394299
2017-11-28,10.53,10.56,10.33,10.39,691046
2017-11-29,10.4,10.46,10.12,10.27,882159
2017-11-30,10.27,10.4,10.17,10.26,800229
2017-12-01,10.29,10.29,10.07,10.22,720788
2017-12-04,10.18,10.27,10.14,10.25,540747
2017-12-05,10.25,10.68,10.23,10.57,1700959
2017-12-06,10.52,10.54,10.24,10.33,705784
2017-12-07,10.33,10.39,9.99,10.15,903195
2017-12-08,10.11,10.12,9.97,10.03,702123
2017-12-11,10.0,10.16,9.91,10.09,660320
2017-12-12,10.07,10.13,9.92,9.93,466404
2017-12-13,9.93,10.1,9.87,10.05,421210
2017-12-14,10.07,10.15,9.92,9.97,438887
2017-12-15,9.94,9.96,9.78,9.79,487889
2017-12-18,9.8,9.94,9.77,9.83,474442
2017-12-19,9.83,10.04,9.82,9.96,497990
2017-12-20,9.98,9.98,9.78,9.91,524408
2017-12-21,9.84,9.97,9.81,9.89,559359
2017-12-22,9.89,9.93,9.8,9.81,358909
2017-12-25,9.8,9.95,9.78,9.79,615137
2017-12-26,9.8,9.96,9.79,9.93,504943
2017-12-27,9.93,9.99,9.77,9.82,705501
2017-12-28,9.79,9.83,9.68,9.71,727303
2017-12-29,9.71,9.79,9.68,9.76,466499
2018-01-02,9.82,10.06,9.78,10.01,976022
2018-01-03,10.01,10.1,9.95,9.97,792157
2018-01-04,9.97,10.03,9.9,9.96,496472
2018-01-05,9.95,10.01,9.88,9.97,771662
2018-01-08,9.96,10.04,9.89,9.99,748365
2018-01-09,10.01,10.02,9.92,9.95,635896
2018-01-10,9.95,10.97,9.94,10.95,3677333
2018-01-11,10.92,11.05,10.66,10.8,1797765
2018-01-12,10.84,10.86,10.59,10.7,1389545
2018-01-15,10.64,11.1,10.63,10.77,2237325
2018-01-16,10.83,10.91,10.47,10.65,2056210
2018-01-17,10.71,11.68,10.71,11.11,3752663
2018-01-18,11.22,11.45,10.92,11.15,3850464
2018-01-19,11.39,11.83,10.85,11.02,6141835
2018-01-22,10.99,11.22,10.57,10.67,4161806
2018-01-23,10.72,11.07,10.69,11.05,3532688
2018-01-24,11.25,11.85,11.13,11.45,4769134
2018-01-25,11.37,11.53,11.13,11.35,2105610
2018-01-26,11.39,11.79,11.35,11.46,3320240
2018-01-29,11.56,11.95,11.42,11.71,3334856
2018-01-30,11.69,11.88,11.25,11.28,2343317
2018-01-31,11.22,11.5,11.16,11.45,1924445
2018-02-01,11.39,11.67,11.31,11.65,2732813
2018-02-02,11.52,11.58,11.22,11.53,1687463
2018-02-05,11.32,12.19,11.3,12.18,3160986
2018-02-06,11.87,12.08,11.67,11.92,3704002
2018-02-07,12.05,12.75,11.67,11.8,4624910
2018-02-08,11.57,11.63,10.86,11.12,2897336
2018-02-09,10.62,10.73,9.85,10.56,3179824
2018-02-12,10.5,10.58,10.18,10.4,1326698
2018-02-13,10.57,10.74,10.51,10.57,1359243
2018-02-14,10.59,10.66,10.39,10.49,913486
2018-02-22,10.77,10.95,10.68,10.91,1137939
2018-02-23,10.91,11.0,10.81,10.93,703494
2018-02-26,11.05,11.19,10.88,11.02,1022612
2018-02-27,11.14,11.14,10.69,10.85,1137611
2018-02-28,10.75,10.77,10.57,10.63,797628
2018-03-01,10.54,10.83,10.51,10.76,663015
2018-03-02,10.65,10.76,10.57,10.66,535859
2018-03-05,10.65,10.82,10.59,10.7,598963
2018-03-06,10.77,10.82,10.58,10.72,816378
2018-03-07,10.84,10.98,10.79,10.82,1091923
2018-03-08,10.86,10.89,10.74,10.85,368425
2018-03-09,10.86,10.94,10.77,10.85,510889
2018-03-12,10.9,10.93,10.68,10.71,881122
2018-03-13,10.67,10.84,10.57,10.65,715754
2018-03-14,10.57,10.61,10.4,10.42,531544
2018-03-15,10.38,10.48,10.36,10.45,388721
2018-03-16,10.41,10.49,10.2,10.21,630336
2018-03-19,10.23,10.24,10.07,10.21,509760
2018-03-20,10.16,10.28,10.14,10.25,386644
2018-03-21,10.36,10.4,10.15,10.25,503678
2018-03-22,10.27,10.3,10.03,10.22,743188
2018-03-23,9.85,10.03,9.69,9.99,1576916
2018-03-26,9.87,9.92,9.51,9.62,796405
2018-03-27,9.85,9.92,9.61,9.67,535046
2018-03-28,9.59,9.82,9.53,9.6,529062
2018-03-29,9.61,9.78,9.33,9.68,810495
2018-03-30,9.67,9.72,9.45,9.46,634810
2018-04-02,9.5,9.6,9.33,9.34,670226
2018-04-03,9.27,9.27,9.09,9.15,600899
2018-04-04,9.2,9.27,9.09,9.1,549981
2018-04-09,9.08,9.16,9.0,9.08,455812
2018-04-10,9.12,9.47,9.1,9.46,598909
2018-04-11,9.47,9.68,9.4,9.5,669856
2018-04-12,9.51,9.52,9.27,9.28,444571
2018-04-13,9.37,9.41,9.23,9.24,299810
2018-04-16,9.2,9.24,8.81,8.83,828595
2018-04-17,8.89,9.01,8.8,8.81,539180
2018-04-18,9.01,9.02,8.8,8.88,618116
2018-04-19,8.89,9.06,8.86,8.96,375940
2018-04-20,8.88,8.96,8.75,8.93,587087
2018-04-23,8.83,9.0,8.83,8.93,405997
2018-04-24,8.92,9.22,8.92,9.21,514613
2018-04-25,9.11,9.18,8.85,8.9,700059
2018-04-26,8.92,9.0,8.75,8.88,663265
2018-04-27,8.89,8.91,8.77,8.88,651277
2018-05-02,8.94,8.98,8.77,8.84,624219
2018-05-03,8.81,8.87,8.76,8.83,471687
2018-05-04,8.82,8.87,8.77,8.77,350744
2018-05-07,8.79,8.88,8.73,8.86,584603
2018-05-08,8.86,9.09,8.85,9.06,709150
2018-05-09,9.07,9.1,8.96,9.02,350749
2018-05-10,9.08,9.12,8.98,9.04,311312
2018-05-11,9.08,9.16,9.02,9.09,372308
2018-05-14,9.15,9.24,9.1,9.14,490412
2018-05-15,9.18,9.2,9.03,9.11,318238
2018-05-16,9.05,9.13,8.93,8.94,378891
2018-05-17,8.97,9.04,8.92,8.94,278772
2018-05-18,8.94,9.09,8.91,9.08,366306
2018-05-21,9.14,9.17,9.08,9.11,398083
2018-05-22,9.12,9.13,8.93,8.99,334682
2018-05-23,8.97,8.98,8.78,8.79,467913
2018-05-24,8.79,8.85,8.76,8.77,348080
2018-05-25,8.8,8.84,8.75,8.82,326658
2018-05-28,8.81,8.86,8.74,8.77,377975
2018-05-29,8.76,8.86,8.63,8.85,610755
2018-05-30,8.73,8.75,8.58,8.58,532891
2018-05-31,8.68,8.76,8.57,8.7,626835
2018-06-01,8.67,8.72,8.61,8.63,355732
2018-06-04,8.7,8.82,8.65,8.78,386008
2018-06-05,8.79,8.79,8.67,8.76,396037
2018-06-06,8.76,8.76,8.67,8.68,360854
2018-06-07,8.73,8.86,8.7,8.75,465562
2018-06-08,8.79,8.81,8.5,8.57,653509
2018-06-11,8.55,8.68,8.47,8.67,374023
2018-06-12,8.67,8.71,8.6,8.65,405619
2018-06-13,8.65,8.76,8.63,8.68,443638
2018-06-14,8.65,8.76,8.62,8.68,465443
2018-06-15,8.78,8.88,8.7,8.84,683865
2018-06-19,8.72,8.97,8.65,8.89,1800914
2018-06-20,8.79,8.84,8.67,8.69,479442
2018-06-21,8.73,8.81,8.62,8.65,396295
2018-06-22,8.6,8.63,8.46,8.57,368055
2018-06-25,8.63,8.68,8.24,8.27,496750
2018-06-26,8.24,8.24,7.8,7.98,600884
2018-06-27,7.89,8.0,7.59,7.74,580328
2018-06-28,7.62,7.82,7.57,7.65,418126
2018-06-29,7.7,7.84,7.63,7.82,395197
2018-07-02,7.8,7.8,7.18,7.24,673627
2018-07-03,7.28,7.4,7.15,7.35,634143
2018-07-04,7.3,7.42,7.23,7.28,340314
2018-07-05,7.23,7.49,7.2,7.47,626753
2018-07-06,7.41,7.62,7.29,7.51,359557
2018-07-09,7.52,7.9,7.51,7.88,449195
2018-07-10,7.89,7.89,7.68,7.79,260179
2018-07-11,7.52,7.62,7.44,7.52,330798
2018-07-12,7.56,7.9,7.54,7.81,480720
2018-07-13,7.85,7.85,7.76,7.79,247114
2018-07-16,7.79,7.82,7.54,7.65,318786
2018-07-17,7.63,7.65,7.5,7.58,203534
2018-07-18,7.65,7.79,7.49,7.55,257323
2018-07-19,7.63,7.71,7.55,7.59,240818
2018-07-20,7.58,8.25,7.53,8.07,831176
2018-07-23,8.04,8.67,8.0,8.56,1143379
2018-07-24,8.67,9.07,8.66,8.72,1016319
2018-07-25,8.83,8.84,8.54,8.72,416465
2018-07-26,8.75,8.9,8.61,8.65,428282
2018-07-27,8.64,8.71,8.5,8.6,291638
2018-07-30,8.58,9.0,8.58,8.87,482620
2018-07-31,8.84,8.98,8.69,8.87,401146
2018-08-01,9.01,9.12,8.63,8.64,576972
2018-08-02,8.6,8.75,8.18,8.33,547112
2018-08-03,8.33,8.56,8.32,8.37,342748
2018-08-06,8.44,8.74,8.36,8.43,458532
2018-08-07,8.55,8.75,8.43,8.74,432995
2018-08-08,8.74,8.79,8.5,8.54,321069
2018-08-09,8.49,8.9,8.46,8.85,502706
2018-08-10,8.85,8.94,8.71,8.82,274248
2018-08-13,8.72,8.72,8.41,8.58,510795
2018-08-14,8.57,8.58,8.4,8.51,305307
2018-08-15,8.52,8.53,8.23,8.25,327566
2018-08-16,8.03,8.39,8.02,8.26,344081
2018-08-17,8.4,8.4,8.03,8.1,274108
2018-08-20,8.26,8.38,8.12,8.36,411162
2018-08-21,8.37,8.62,8.33,8.58,387121
2018-08-22,8.57,8.58,8.45,8.53,178470
2018-08-23,8.53,8.66,8.42,8.54,263329
2018-08-24,8.48,9.0,8.43,8.82,625556
2018-08-27,8.83,8.94,8.69,8.91,686993
2018-08-28,8.88,8.99,8.82,8.87,293626
2018-08-29,8.74,8.76,8.56,8.58,584810
2018-08-30,8.6,8.71,8.48,8.48,374225
2018-08-31,8.49,8.67,8.46,8.5,504370
2018-09-03,8.5,8.59,8.46,8.5,308592
2018-09-04,8.53,8.76,8.47,8.66,376508
2018-09-05,8.61,8.68,8.37,8.37,423311
2018-09-06,8.38,8.44,8.22,8.24,358037
2018-09-07,8.27,8.39,8.16,8.24,268950
2018-09-10,8.27,8.29,8.14,8.15,236079
2018-09-11,8.15,8.25,8.04,8.07,320047
2018-09-12,8.02,8.26,7.92,8.13,289165
2018-09-13,8.29,8.35,8.16,8.32,338228
2018-09-14,8.37,8.4,8.25,8.29,219557
2018-09-17,8.27,8.27,8.13,8.19,171602
2018-09-18,8.17,8.4,8.14,8.4,286475
2018-09-19,8.38,8.56,8.35,8.48,406805
2018-09-20,8.52,8.64,8.52,8.6,355047
2018-09-21,8.62,9.12,8.55,9.11,884883
2018-09-25,8.95,9.04,8.89,8.93,433712
2018-09-26,8.97,9.29,8.96,9.12,763982
2018-09-27,9.18,9.21,8.97,9.06,494810
2018-09-28,9.11,9.52,9.07,9.37,774792
2018-10-08,9.08,9.13,8.68,8.74,759806
2018-10-09,8.73,9.05,8.71,8.93,582232
2018-10-10,8.98,9.24,8.92,9.02,439529
2018-10-11,8.54,8.77,8.27,8.44,689584
2018-10-12,8.52,8.82,8.42,8.75,533109
2018-10-15,8.76,8.82,8.49,8.54,373149
2018-10-16,8.55,8.83,8.52,8.57,464563
2018-10-17,8.72,8.77,8.39,8.62,512311
2018-10-18,8.63,8.69,8.4,8.41,441674
2018-10-19,8.4,8.98,8.32,8.89,748217
2018-10-22,9.01,9.4,8.99,9.23,872667
2018-10-23,9.24,9.33,8.89,8.95,589240
2018-10-24,8.97,9.55,8.95,9.24,822274
2018-10-25,8.95,9.42,8.9,9.39,630724
2018-10-26,9.42,9.52,9.19,9.36,520877
2018-10-29,9.5,9.62,9.06,9.2,744257
2018-10-30,9.35,9.57,9.13,9.44,741819
2018-10-31,9.55,9.61,9.41,9.54,517843
2018-11-01,9.57,9.61,9.3,9.35,613668
2018-11-02,9.6,9.86,9.43,9.8,1132697
2018-11-05,9.64,9.76,9.58,9.64,412204
2018-11-06,9.63,9.63,9.38,9.48,389396
2018-11-07,9.51,9.75,9.48,9.52,424226
2018-11-08,9.69,9.7,9.54,9.63,287674
2018-11-09,9.51,9.51,9.0,9.1,850849
2018-11-12,9.07,9.23,9.03,9.14,500742
2018-11-13,9.01,9.3,8.97,9.27,422174
2018-11-14,9.25,9.36,9.12,9.15,429550
2018-11-15,9.1,9.32,9.1,9.31,285766
2018-11-16,9.32,9.37,9.19,9.24,407778
2018-11-19,9.32,9.48,9.26,9.45,477219
2018-11-20,9.32,9.49,9.27,9.3,378958
2018-11-21,9.23,9.44,9.22,9.34,320538
2018-11-22,9.34,9.36,9.24,9.28,208857
2018-11-23,9.23,9.39,9.02,9.06,346222
2018-11-26,9.16,9.25,9.07,9.15,226772
2018-11-27,9.16,9.2,8.97,9.04,234087
2018-11-28,9.03,9.27,9.0,9.19,238035
2018-11-29,9.3,9.31,9.08,9.08,279769
2018-11-30,9.16,9.36,9.1,9.36,513327
2018-12-03,9.75,9.75,9.52,9.6,627608
2018-12-04,9.74,9.74,9.55,9.66,419788
2018-12-05,9.6,9.65,9.5,9.55,324679
2018-12-06,9.43,9.52,9.33,9.45,437014
2018-12-07,9.51,9.56,9.43,9.45,237837
2018-12-10,9.33,9.44,9.24,9.3,246037
2018-12-11,9.35,9.39,9.2,9.26,237279
2018-12-12,9.35,9.35,9.18,9.32,269459
2018-12-13,9.32,9.49,9.25,9.35,382178
2018-12-14,9.28,9.35,9.2,9.21,298079
2018-12-17,9.24,9.34,9.17,9.28,340970
2018-12-18,9.22,9.33,9.07,9.08,337556
2018-12-19,9.17,9.18,8.88,8.88,310518
2018-12-20,8.89,8.97,8.54,8.62,520434
2018-12-21,8.56,8.57,8.31,8.45,411022
2018-12-24,8.39,8.42,8.26,8.31,344393
2018-12-25,8.13,8.34,8.02,8.25,445112
2018-12-26,8.29,8.36,8.16,8.2,322823
2018-12-27,8.4,8.42,8.25,8.29,377171
2018-12-28,8.34,8.55,8.28,8.36,409767
2019-01-02,8.37,8.37,8.08,8.16,330086
2019-01-03,8.16,8.34,8.16,8.27,267757
2019-01-04,8.21,8.66,8.19,8.62,468630
2019-01-07,8.72,8.75,8.56,8.59,362072
2019-01-08,8.64,8.65,8.55,8.65,227191
2019-01-09,8.71,9.0,8.67,8.78,442574
2019-01-10,8.72,8.83,8.65,8.75,238194
2019-01-11,8.82,8.98,8.78,8.82,272992
2019-01-14,8.74,8.85,8.63,8.65,238060
2019-01-15,8.73,8.91,8.67,8.85,303737
2019-01-16,8.87,8.9,8.8,8.89,209404
2019-01-17,8.97,8.98,8.73,8.77,278863
2019-01-18,8.87,9.1,8.86,9.1,464708
2019-01-21,9.1,9.25,9.05,9.1,397765
2019-01-22,9.09,9.14,8.93,8.97,227853
2019-01-23,8.97,9.05,8.9,8.92,181391
2019-01-24,8.98,9.15,8.95,9.08,284020
2019-01-25,9.18,9.48,9.18,9.41,630654
2019-01-28,9.51,9.67,9.33,9.41,449401
2019-01-29,9.43,9.62,9.35,9.55,417685
2019-01-30,9.58,9.68,9.48,9.51,459654
2019-01-31,9.63,9.87,9.6,9.82,685956
2019-02-01,9.94,9.98,9.72,9.81,430380
2019-02-11,9.72,9.83,9.61,9.78,452452
2019-02-12,9.83,9.86,9.67,9.75,339475
2019-02-13,9.77,10.12,9.67,10.01,733926
2019-02-14,9.97,10.07,9.94,9.95,370503
2019-02-15,9.9,9.95,9.49,9.53,545570
2019-02-18,9.68,9.91,9.63,9.87,536433
2019-02-19,9.94,10.22,9.86,9.97,659604
2019-02-20,10.11,10.15,9.86,9.95,369301
2019-02-21,10.0,10.04,9.77,9.82,483512
2019-02-22,9.77,10.04,9.62,10.03,585710
2019-02-25,10.15,11.19,10.14,11.11,1775101
2019-02-26,11.11,11.3,10.72,10.79,1312198
2019-02-27,10.99,11.45,10.92,11.15,1303077
2019-02-28,11.12,11.51,11.02,11.28,1053847
2019-03-01,11.41,12.72,11.28,12.72,2474294
2019-03-04,12.81,13.35,12.54,12.72,2633736
2019-03-05,12.62,12.77,12.39,12.5,1289840
2019-03-06,12.46,12.85,12.32,12.7,1209348
2019-03-07,12.56,12.6,12.06,12.16,1433218
2019-03-08,11.9,11.9,11.25,11.32,1782068
2019-03-11,11.32,11.48,11.21,11.34,968631
2019-03-12,11.59,11.79,11.25,11.39,989355
2019-03-13,11.37,11.88,11.22,11.59,1081626
2019-03-14,11.47,11.95,11.44,11.61,890672
2019-03-15,11.64,11.95,11.52,11.86,823992
2019-03-18,11.84,12.07,11.64,12.07,972034
2019-03-19,12.11,12.32,11.93,12.03,823507
2019-03-20,11.96,12.18,11.72,11.97,695781
2019-03-21,11.97,11.97,11.68,11.71,794581
2019-03-22,11.76,11.78,11.33,11.52,762916
2019-03-25,11.23,11.31,10.92,10.93,923434
2019-03-26,11.07,11.07,10.81,10.95,592412
2019-03-27,11.0,11.2,11.0,11.05,672963
2019-03-28,10.95,11.0,10.74,10.95,540090
2019-03-29,10.94,11.62,10.92,11.59,1310552
2019-04-01,11.78,12.16,11.78,12.07,1646415
2019-04-02,12.16,12.42,12.16,12.23,1070642
2019-04-03,12.06,12.42,12.01,12.4,952192
2019-04-04,12.5,12.89,12.5,12.7,1089487
2019-04-08,12.81,13.5,12.81,12.88,1689734
2019-04-09,12.84,13.09,12.43,12.52,998273
2019-04-10,12.52,12.79,12.25,12.6,1021719
2019-04-11,12.62,12.83,12.14,12.33,804890
2019-04-12,12.34,12.44,12.22,12.4,420260
2019-04-15,12.99,13.37,12.47,12.58,1838232
2019-04-16,12.58,14.08,12.54,14.02,3144399
2019-04-17,13.82,14.03,13.52,13.75,1540952
2019-04-18,13.69,13.78,13.42,13.55,711889
2019-04-19,13.68,13.91,13.32,13.72,1029625
2019-04-22,13.6,13.7,12.71,12.79,1588552
2019-04-23,12.78,13.06,12.74,12.83,818598
2019-04-24,12.95,13.14,12.54,12.82,908990
2019-04-25,12.8,13.01,12.6,12.67,727357
2019-04-26,12.59,12.69,12.37,12.37,798572
2019-04-29,12.49,13.04,12.45,12.86,864136
2019-04-30,13.21,13.59,13.14,13.34,1511500
2019-05-06,12.72,12.86,12.18,12.76,1910473
2019-05-07,12.72,12.82,12.39,12.55,946476
2019-05-08,12.3,12.46,11.99,12.05,926700
2019-05-09,11.98,12.04,11.4,11.44,1311638
2019-05-10,11.72,12.03,11.23,11.9,994520
2019-05-13,11.6,11.74,11.48,11.58,614530
2019-05-14,11.43,11.9,11.42,11.58,791390
2019-05-15,11.72,12.15,11.6,11.98,669123
2019-05-16,11.92,12.05,11.8,11.97,490394
2019-05-17,12.06,12.06,11.62,11.71,518966
2019-05-20,11.69,11.87,11.48,11.63,488550
2019-05-21,11.65,12.07,11.65,11.76,672386
2019-05-22,11.64,11.76,11.53,11.62,535335
2019-05-23,11.54,11.59,11.34,11.47,463452
2019-05-24,11.59,11.74,11.53,11.66,387561
2019-05-27,11.44,11.8,11.0,11.53,1017586
2019-05-28,11.47,11.65,11.25,11.47,973225
2019-05-29,11.32,11.38,11.1,11.1,1138116
2019-05-30,11.1,11.15,10.9,11.02,825562
2019-05-31,11.1,11.27,10.98,10.99,742900
2019-06-03,10.97,11.2,10.92,11.07,683812
2019-06-04,11.12,11.13,11.03,11.09,526859
2019-06-05,11.26,11.45,11.2,11.23,563996
2019-06-06,11.31,11.4,11.23,11.28,526890
2019-06-10,11.4,11.79,11.36,11.6,700852
2019-06-11,11.72,11.89,11.65,11.84,824325
2019-06-12,11.81,11.84,11.68,11.77,557521
2019-06-13,11.79,11.85,11.67,11.77,517617
2019-06-14,11.85,11.91,11.68,11.77,721778
2019-06-17,11.77,12.06,11.73,11.86,684361
2019-06-18,11.97,11.98,11.84,11.91,524486
2019-06-19,12.37,12.47,12.21,12.22,978298
2019-06-20,12.26,13.06,12.21,12.89,1290429
2019-06-21,12.9,13.05,12.63,12.66,928941
2019-06-24,12.72,12.81,12.53,12.64,589823
2019-06-25,12.7,12.71,12.11,12.23,1011366
2019-06-26,12.28,12.3,12.19,12.23,390456
2019-06-27,12.3,12.55,12.28,12.45,613543
2019-06-28,12.49,12.51,12.19,12.4,517371
2019-07-01,12.74,12.91,12.62,12.7,933294
2019-07-02,12.71,12.71,12.42,12.56,872087
2019-07-03,12.55,12.55,12.35,12.44,558527
2019-07-04,12.47,12.57,12.32,12.4,558383
2019-07-05,12.43,12.44,12.29,12.38,438985
2019-07-08,12.26,12.28,11.9,11.9,721690
2019-07-09,11.91,12.0,11.88,11.93,411197
2019-07-10,12.04,12.06,11.75,11.83,401144
2019-07-11,11.96,12.09,11.85,11.9,474682
2019-07-12,11.95,12.35,11.92,12.29,749873
2019-07-15,12.2,12.51,12.02,12.4,744493
2019-07-16,12.39,12.49,12.25,12.28,447699
2019-07-17,12.16,12.32,12.13,12.17,412483
2019-07-18,12.24,12.27,12.09,12.2,449049
2019-07-19,12.3,12.56,12.27,12.52,766036
2019-07-22,12.53,12.65,12.41,12.48,664548
2019-07-23,12.6,12.66,12.49,12.62,589601
2019-07-24,12.71,12.96,12.69,12.84,934290
2019-07-25,12.86,13.44,12.86,13.43,1358361
2019-07-26,13.32,13.42,13.29,13.33,763065
2019-07-29,13.33,13.42,13.19,13.3,540223
2019-07-30,13.33,13.83,13.29,13.61,869752
2019-07-31,13.53,13.56,13.11,13.24,948118
2019-08-01,13.18,13.25,12.93,12.97,729681
2019-08-02,12.69,13.01,12.66,12.9,852133
2019-08-05,12.78,12.79,12.41,12.47,875815
2019-08-06,12.16,12.51,12.11,12.31,774687
2019-08-07,12.41,12.58,12.3,12.4,641271
2019-08-08,12.59,12.89,12.51,12.81,758413
2019-08-09,12.82,12.97,12.64,12.71,652591
2019-08-12,12.68,12.96,12.65,12.94,629942
2019-08-13,12.81,12.88,12.36,12.49,724077
2019-08-14,12.72,12.76,12.15,12.2,1583947
2019-08-15,11.91,12.16,11.83,12.16,898550
2019-08-16,12.11,12.18,11.99,12.04,698048
2019-08-19,11.86,12.17,11.57,12.15,1443737
2019-08-20,12.06,12.41,11.99,12.27,827386
2019-08-21,12.21,12.35,12.14,12.21,520337
2019-08-22,12.31,12.4,12.17,12.28,516624
2019-08-23,12.33,12.55,12.25,12.51,893045
2019-08-26,12.2,12.3,12.03,12.21,629277
2019-08-27,12.31,12.45,12.23,12.38,754676
2019-08-28,11.73,11.91,11.39,11.48,2721343
2019-08-29,11.48,11.48,11.17,11.29,1020625
2019-08-30,11.41,11.42,11.14,11.28,1027558
2019-09-02,11.31,11.45,11.25,11.37,763503
2019-09-03,11.38,11.42,11.3,11.35,475390
2019-09-04,11.34,11.72,11.34,11.69,967947
2019-09-05,11.81,12.13,11.81,11.96,1254700
2019-09-06,12.06,12.11,11.93,12.08,607981
2019-09-09,12.16,12.28,11.89,11.9,1039459
2019-09-10,11.91,11.96,11.69,11.77,728741
2019-09-11,11.86,11.95,11.74,11.92,558780
2019-09-12,12.04,12.05,11.88,12.0,601763
2019-09-16,12.06,12.07,11.9,11.97,456092
2019-09-17,11.93,11.94,11.57,11.67,515403
2019-09-18,11.73,11.73,11.54,11.55,531661
2019-09-19,11.56,11.64,11.47,11.57,437385
2019-09-20,11.59,11.72,11.56,11.68,560726
2019-09-23,11.65,11.66,11.45,11.59,398808
2019-09-24,11.61,11.66,11.47,11.48,432581
2019-09-25,11.46,11.57,11.32,11.43,420791
2019-09-26,11.49,11.81,11.47,11.62,931662
2019-09-27,11.7,11.84,11.49,11.8,664016
2019-09-30,11.7,11.91,11.64,11.64,458428
2019-10-08,11.63,12.19,11.62,12.07,1036160
2019-10-09,11.95,12.65,11.93,12.41,1518442
2019-10-10,12.36,12.6,12.33,12.43,614600
2019-10-11,12.58,12.88,12.49,12.77,1070897
2019-10-14,12.93,13.53,12.93,13.12,1404091
2019-10-15,13.14,13.23,12.99,13.18,771586
2019-10-16,13.21,13.72,13.04,13.19,1045713
2019-10-17,13.19,13.33,13.04,13.14,473956
2019-10-18,13.22,13.42,12.71,12.84,823442
2019-10-21,12.73,13.18,12.73,13.11,634119
2019-10-22,13.19,13.21,12.89,13.04,462298
2019-10-23,13.07,13.17,12.93,13.05,360836
2019-10-24,13.11,13.32,13.01,13.14,589535
2019-10-25,13.08,13.11,12.76,12.96,506423
2019-10-28,12.96,13.13,12.76,12.81,530085
2019-10-29,12.88,12.91,12.72,12.78,362556
2019-10-30,12.99,13.31,12.87,13.03,963050
2019-10-31,12.97,13.01,12.74,12.83,499036
2019-11-01,12.9,13.56,12.79,13.5,1434978
2019-11-04,13.76,14.12,13.71,13.94,1201157
2019-11-05,13.98,14.36,13.86,14.11,1449322
2019-11-06,14.25,14.41,14.0,14.28,1177277
2019-11-07,14.28,14.4,14.16,14.26,661589
2019-11-08,14.31,14.36,13.99,13.99,736144
2019-11-11,13.81,13.98,13.73,13.79,725168
2019-11-12,13.87,14.01,13.78,13.85,530989
2019-11-13,13.85,13.88,13.48,13.61,649305
2019-11-14,13.68,13.75,13.24,13.38,654488
2019-11-15,13.53,13.76,13.37,13.58,593199
2019-11-18,13.58,14.08,13.56,14.04,660202
2019-11-19,13.9,14.07,13.84,13.95,403847
2019-11-20,13.86,13.96,13.22,13.27,857766
2019-11-21,13.14,13.44,13.02,13.25,487242
2019-11-22,13.38,13.39,13.11,13.18,429446
2019-11-25,13.31,13.48,13.24,13.42,384906
2019-11-26,13.45,13.48,13.13,13.14,570374
2019-11-27,13.19,13.26,13.11,13.25,423594
2019-11-28,13.22,13.27,13.01,13.08,346988
2019-11-29,13.1,13.2,12.93,13.0,406078
2019-12-02,13.05,13.18,12.98,13.03,298786
2019-12-03,12.95,13.21,12.87,13.17,350965
2019-12-04,13.0,13.11,12.87,13.02,304120
2019-12-05,13.09,13.21,13.03,13.13,399068
2019-12-06,13.17,13.18,12.91,13.04,416778
2019-12-09,12.96,13.03,12.91,13.02,426195
2019-12-10,12.92,13.12,12.92,12.97,299071
2019-12-11,13.06,13.45,13.01,13.41,640865
2019-12-12,13.46,13.46,13.19,13.34,348739
2019-12-13,13.61,13.72,13.47,13.72,771185
2019-12-16,13.62,13.78,13.51,13.75,600883
2019-12-17,13.79,14.23,13.66,14.09,1048870
2019-12-18,14.03,14.31,14.03,14.11,606770
2019-12-19,14.13,14.29,13.91,14.02,553596
2019-12-20,14.04,14.27,14.04,14.09,505830
2019-12-23,14.21,14.26,13.86,13.87,512148
2019-12-24,13.93,14.18,13.93,14.01,467690
2019-12-25,14.01,14.04,13.75,13.87,384719
2019-12-26,13.82,14.09,13.82,14.07,344330
2019-12-27,14.02,14.36,14.01,14.07,673998
2019-12-30,13.91,13.95,13.55,13.87,1145988
2019-12-31,13.85,13.92,13.66,13.91,542592
2020-01-02,14.18,14.53,14.16,14.32,1130028
2020-01-03,14.31,14.41,14.21,14.25,659291
2020-01-06,14.17,14.35,13.96,14.02,709165
2020-01-07,14.11,14.36,13.97,14.1,561163
2020-01-08,13.96,14.05,13.64,13.69,881732
2020-01-09,13.88,13.91,13.68,13.79,663379
2020-01-10,13.81,13.85,13.68,13.8,423807
2020-01-13,13.8,13.82,13.62,13.81,600183
2020-01-14,13.91,14.08,13.82,13.86,537640
2020-01-15,13.89,13.9,13.53,13.6,600021
2020-01-16,13.64,13.71,13.3,13.38,827358
2020-01-17,13.38,13.52,13.29,13.36,440443
2020-01-20,13.39,13.53,13.33,13.51,429896
2020-01-21,13.41,13.44,13.13,13.18,610756
2020-01-22,13.13,13.34,13.04,13.24,553543
2020-01-23,13.12,13.13,12.62,12.7,1085587
2020-02-03,10.92,11.77,10.91,11.22,1629059
2020-02-04,11.32,11.73,11.29,11.65,1000232
2020-02-05,11.67,11.75,11.47,11.64,886399
2020-02-06,11.76,11.86,11.56,11.77,723495
2020-02-07,11.58,11.75,11.5,11.72,599835
2020-02-10,11.57,11.67,11.54,11.63,507002
2020-02-11,11.71,11.96,11.7,11.8,616392
2020-02-12,11.85,11.86,11.67,11.83,432808
2020-02-13,11.81,11.86,11.65,11.69,502738
2020-02-14,11.64,11.91,11.62,11.86,525852
2020-02-17,11.88,12.3,11.78,12.26,868214
2020-02-18,12.18,12.25,11.96,12.01,623146
2020-02-19,12.02,12.19,11.92,12.0,449353
2020-02-20,12.06,12.33,11.96,12.26,750344
2020-02-21,12.15,12.37,12.12,12.19,678190
2020-02-24,12.12,12.21,11.94,11.95,734826
2020-02-25,11.76,11.94,11.66,11.82,757243
2020-02-26,11.67,12.04,11.61,11.81,831587
2020-02-27,11.85,11.99,11.82,11.93,617473
2020-02-28,11.74,11.87,11.35,11.4,875388
2020-03-02,11.5,11.76,11.42,11.7,763938
2020-03-03,11.82,11.91,11.72,11.77,629253
2020-03-04,11.76,11.84,11.64,11.82,530511
2020-03-05,11.93,12.45,11.84,12.4,1198414
2020-03-06,12.21,12.3,12.01,12.03,698957
2020-03-09,11.71,11.71,11.44,11.48,973018
2020-03-10,11.48,11.75,11.4,11.68,758353
2020-03-11,11.72,11.74,11.45,11.46,641697
2020-03-12,11.44,11.55,11.25,11.3,757275
2020-03-13,10.71,11.09,10.58,10.97,1305323
2020-03-16,10.98,10.99,10.27,10.32,1065126
2020-03-17,10.31,10.66,10.03,10.22,895910
2020-03-18,10.28,10.38,9.78,9.81,817472
2020-03-19,9.68,9.79,9.04,9.12,1693451
2020-03-20,9.31,9.7,9.19,9.51,1063743
2020-03-23,9.11,9.32,9.07,9.12,856805
2020-03-24,9.48,9.59,9.33,9.54,829557
2020-03-25,9.87,10.02,9.71,9.94,869303
2020-03-26,9.91,10.69,9.83,10.3,1173570
2020-03-27,10.51,10.59,10.32,10.39,584062
2020-03-30,10.19,10.34,10.11,10.31,542150
2020-03-31,10.4,10.47,10.01,10.02,523816
2020-04-01,10.03,10.29,10.02,10.07,498923
2020-04-02,10.01,10.18,9.96,10.18,403486
2020-04-03,10.14,10.21,10.01,10.17,420808
2020-04-07,10.39,10.47,10.27,10.32,660678
2020-04-08,10.23,10.3,10.11,10.16,400591
2020-04-09,10.25,10.27,10.12,10.14,271030
2020-04-10,10.15,10.36,10.09,10.26,457053
2020-04-13,10.18,10.19,10.0,10.06,375620
2020-04-14,10.14,10.25,10.03,10.25,564654
2020-04-15,10.23,10.23,10.09,10.11,333363
2020-04-16,10.04,10.1,9.96,10.03,381000
2020-04-17,10.13,10.25,10.04,10.17,613900
2020-04-20,10.12,10.14,9.96,10.04,555806
2020-04-21,10.0,10.1,9.88,9.91,411480
2020-04-22,9.91,9.93,9.79,9.91,362422
2020-04-23,9.96,9.98,9.79,9.82,337784
2020-04-24,9.85,9.85,9.68,9.73,391000
2020-04-27,9.84,10.21,9.8,10.13,659797
2020-04-28,10.18,10.2,9.98,10.2,473700
2020-04-29,10.11,10.66,10.09,10.62,930777
2020-04-30,10.67,11.0,10.64,10.73,597440
2020-05-06,10.44,10.56,10.29,10.44,686182
2020-05-07,10.44,10.44,10.25,10.27,489018
2020-05-08,10.37,10.63,10.32,10.48,499030
2020-05-11,10.5,10.64,10.46,10.5,438174
2020-05-12,10.51,10.6,10.32,10.35,404260
2020-05-13,10.29,10.38,10.24,10.36,316944
2020-05-14,10.31,10.31,10.1,10.13,434471
2020-05-15,10.23,10.26,10.12,10.16,294673
2020-05-18,10.14,10.26,10.04,10.14,373443
2020-05-19,10.36,10.42,10.2,10.23,363097
2020-05-20,10.23,10.35,10.14,10.31,401388
2020-05-21,10.35,10.45,10.2,10.22,404336
2020-05-22,10.19,10.24,9.86,9.89,644871
2020-05-25,10.06,10.06,9.79,9.95,326550
2020-05-26,10.01,10.02,9.91,9.97,310659
2020-05-27,10.01,10.2,9.96,10.06,327880
2020-05-28,10.1,10.4,10.09,10.26,530129
2020-05-29,10.16,10.22,10.08,10.21,457094
2020-06-01,10.26,10.41,10.22,10.38,673009
2020-06-02,10.31,10.55,10.31,10.5,566745
2020-06-03,10.6,10.83,10.44,10.44,700461
2020-06-04,10.53,10.55,10.34,10.36,404547
2020-06-05,10.41,10.42,10.24,10.32,413355
2020-06-08,10.34,10.46,10.24,10.26,674493
2020-06-09,10.28,10.38,10.22,10.36,533387
2020-06-10,10.36,10.36,10.11,10.13,708812
2020-06-11,10.14,10.16,9.88,9.92,859129
2020-06-12,9.8,10.08,9.77,10.08,936449
2020-06-15,9.88,9.91,9.74,9.74,867764
2020-06-16,9.84,9.92,9.8,9.88,529171
2020-06-17,9.85,9.88,9.79,9.85,459364
2020-06-18,9.73,9.9,9.66,9.86,661199
2020-06-19,9.86,9.9,9.76,9.88,884484
2020-06-22,9.85,9.9,9.77,9.79,717428
2020-06-23,9.78,9.8,9.69,9.7,585168
2020-06-24,9.78,9.98,9.75,9.95,866838
2020-06-29,10.02,10.12,9.84,9.9,830137
2020-06-30,9.98,10.01,9.84,9.89,533326
2020-07-01,9.93,10.32,9.88,10.26,1115848
2020-07-02,10.21,10.66,10.17,10.66,1501595
2020-07-03,10.77,11.11,10.68,11.08,1661937
2020-07-06,11.29,12.78,11.29,12.74,3530793
2020-07-07,13.06,13.45,12.41,12.46,2803917
2020-07-08,12.54,12.98,12.39,12.74,2177524
2020-07-09,12.66,12.69,12.36,12.46,1859668
2020-07-10,12.36,12.41,11.63,11.71,2079910
2020-07-13,11.57,11.91,11.45,11.62,2073036
2020-07-14,11.63,11.71,11.29,11.46,1693897
2020-07-15,11.66,11.66,11.11,11.12,1702033
2020-07-16,11.2,11.46,10.98,11.0,1352206
2020-07-17,11.15,11.23,10.85,10.97,956755
2020-07-20,11.12,11.44,10.94,11.36,1434910
2020-07-21,11.39,11.39,11.15,11.23,799021
2020-07-22,11.24,11.43,11.11,11.16,1256329
2020-07-23,11.04,11.11,10.78,10.87,1160405
2020-07-24,10.83,10.86,10.48,10.54,1373554
2020-07-27,10.65,10.76,10.38,10.42,954702
2020-07-28,10.54,10.61,10.41,10.48,592290
2020-07-29,10.48,10.76,10.43,10.69,861668
2020-07-30,10.69,10.73,10.53,10.53,617808
2020-07-31,10.58,10.78,10.45,10.54,982287
2020-08-03,10.65,10.71,10.53,10.65,1058477
2020-08-04,10.7,11.19,10.65,11.04,1737947
2020-08-05,10.96,10.96,10.73,10.78,1075180
2020-08-06,10.83,10.96,10.62,10.86,890113
2020-08-07,10.76,10.88,10.55,10.61,1060592
2020-08-10,10.62,10.79,10.53,10.71,1081852
2020-08-11,10.69,11.07,10.67,10.72,1610332
2020-08-12,10.75,10.9,10.69,10.89,989057
2020-08-13,11.0,11.01,10.79,10.82,822147
2020-08-14,10.86,10.99,10.75,10.98,965519
2020-08-17,10.99,11.59,10.97,11.38,2570457
2020-08-18,11.29,11.36,11.04,11.14,1388627
2020-08-19,11.08,11.14,10.9,10.92,1157401
2020-08-20,10.87,10.88,10.69,10.77,935038
2020-08-21,10.83,10.85,10.74,10.82,670744
2020-08-24,10.83,10.87,10.71,10.73,755297
2020-08-25,10.76,10.83,10.69,10.75,550890
2020-08-26,10.74,10.76,10.57,10.59,756227
2020-08-27,10.59,10.62,10.48,10.59,660879
2020-08-28,10.57,10.82,10.5,10.8,977897
2020-08-31,11.16,11.51,11.04,11.04,3419813
2020-09-01,11.03,11.42,10.95,11.23,1417923
2020-09-02,11.25,11.33,11.03,11.2,1109405
2020-09-03,11.24,11.4,11.09,11.16,886646
2020-09-04,11.04,11.16,10.93,11.0,762875
2020-09-07,10.97,11.26,10.97,11.07,929042
2020-09-08,11.18,11.49,11.18,11.39,1449728
2020-09-09,11.28,11.48,11.18,11.2,988617
2020-09-10,11.29,11.34,11.07,11.12,877241
2020-09-11,11.1,11.17,10.94,11.01,661584
2020-09-14,11.04,11.1,10.91,11.0,609369
2020-09-15,10.96,11.09,10.89,10.97,528700
2020-09-16,10.98,11.1,10.93,11.02,573369
2020-09-17,11.02,11.07,10.85,10.86,733661
2020-09-18,10.9,11.28,10.82,11.28,1360339
2020-09-21,11.25,11.41,11.21,11.32,1041815
2020-09-22,11.24,11.35,11.1,11.13,670871
2020-09-23,11.17,11.2,11.01,11.03,529181
2020-09-24,10.98,11.02,10.81,10.84,832834
2020-09-25,10.88,10.93,10.78,10.83,535550
2020-09-28,10.86,10.93,10.8,10.87,364503
2020-09-29,10.92,10.96,10.78,10.78,581714
2020-09-30,10.97,11.17,10.88,11.01,1065415
2020-10-09,11.23,11.31,11.04,11.05,1006763
2020-10-12,11.13,11.65,11.05,11.62,2355142
2020-10-13,11.58,11.75,11.49,11.65,1186945
2020-10-14,11.77,11.77,11.51,11.63,766006
2020-10-15,11.54,12.18,11.54,11.89,1989348
2020-10-16,11.89,12.68,11.87,12.52,2398885
2020-10-19,12.83,13.23,12.52,12.55,2401308
2020-10-20,12.66,12.76,12.4,12.68,1165416
2020-10-21,12.68,13.08,12.55,13.05,1491873
2020-10-22,13.2,13.47,12.9,13.1,1206897
2020-10-23,13.07,13.63,12.98,13.2,1468439
2020-10-26,13.24,13.33,12.58,12.66,1323426
2020-10-27,12.67,12.83,12.48,12.68,755282
2020-10-28,12.69,12.88,12.31,12.4,984732
2020-10-29,12.23,12.88,12.21,12.68,1053634
2020-10-30,12.78,13.11,12.49,12.68,1261000
2020-11-02,12.78,12.95,12.47,12.68,1001614
2020-11-03,12.93,13.33,12.76,12.79,1223376
2020-11-04,13.08,13.33,12.93,13.23,1099993
2020-11-05,13.43,13.46,12.97,13.06,891051
2020-11-06,12.98,12.99,12.57,12.87,910569
2020-11-09,13.05,13.17,12.79,12.87,1016281
2020-11-10,13.16,13.64,13.14,13.44,1732314
2020-11-11,13.4,13.71,13.3,13.56,1177252
2020-11-12,13.47,13.56,13.33,13.37,616191
2020-11-13,13.18,13.18,12.54,12.65,1627575
2020-11-16,12.74,12.76,12.48,12.55,982154
2020-11-17,12.61,12.88,12.5,12.79,781428
2020-11-18,12.9,14.26,12.89,14.08,3218567
2020-11-19,14.06,14.33,13.93,14.21,1777967
2020-11-20,13.73,14.09,13.67,13.9,1301072
2020-11-23,13.88,14.9,13.86,14.82,2345567
2020-11-24,14.82,15.13,14.71,14.96,1347492
2020-11-25,15.18,15.23,14.54,14.64,991664
2020-11-26,14.8,15.3,14.68,15.29,1475407
2020-11-27,15.35,15.53,15.15,15.49,1300352
2020-11-30,15.77,16.95,15.77,15.9,2870629
2020-12-01,16.14,16.67,15.88,16.48,1604940
2020-12-02,16.34,16.57,15.9,16.18,1140892
2020-12-03,16.21,16.49,15.93,16.12,805592
2020-12-04,16.07,16.09,15.58,16.0,1035196
2020-12-07,16.0,16.11,15.02,15.38,1407522
2020-12-08,15.38,15.67,15.08,15.14,1068335
2020-12-09,15.34,15.69,15.28,15.33,1020506
2020-12-10,15.31,15.51,14.97,15.16,797463
2020-12-11,15.31,15.5,14.91,15.0,1026901
2020-12-14,15.36,15.54,15.11,15.41,983055
2020-12-15,15.39,15.39,14.49,14.96,1244570
2020-12-16,15.04,15.48,14.98,15.3,825708
2020-12-17,15.4,15.67,14.82,15.65,1106911
2020-12-18,15.51,15.67,15.06,15.34,972564
2020-12-21,15.28,15.28,14.83,15.02,903275
2020-12-22,15.03,15.29,14.62,14.69,1026230
2020-12-23,14.67,14.9,14.35,14.7,814303
2020-12-24,14.88,15.25,14.78,15.05,839926
2020-12-25,15.13,15.24,14.56,15.09,603177
2020-12-28,14.94,15.57,14.88,15.37,1015795
2020-12-29,15.42,15.79,15.4,15.51,1079405
2020-12-30,15.44,15.78,15.33,15.78,857494
2020-12-31,15.85,16.13,15.5,15.75,1138444
2021-01-04,15.18,15.18,14.44,14.53,2426799
2021-01-05,14.4,14.42,13.52,13.74,2349601
2021-01-06,13.75,14.61,13.73,14.61,1742790
2021-01-07,14.68,15.08,14.58,14.98,1411008
2021-01-08,15.16,15.37,14.86,15.2,1233989
2021-01-11,15.46,15.85,15.34,15.39,1604724
2021-01-12,15.55,15.81,15.33,15.73,1306929
2021-01-13,15.64,16.12,15.56,15.98,1458836
2021-01-14,16.03,16.57,16.01,16.23,1512567
2021-01-15,17.38,18.23,17.16,17.59,3635738
2021-01-18,17.58,19.26,17.49,19.09,2886877
2021-01-19,18.78,19.12,18.33,18.76,1483284
2021-01-20,18.76,19.11,17.96,18.1,1321459
2021-01-21,18.33,18.68,18.1,18.29,1111980
2021-01-22,18.21,18.21,17.29,17.81,1481975
2021-01-25,17.72,18.02,17.14,17.79,1121384
2021-01-26,17.84,18.15,17.6,17.73,843215
2021-01-27,17.87,18.73,17.84,18.33,1213443
2021-01-28,18.0,18.24,17.47,18.08,1115353
2021-01-29,18.38,18.58,17.67,17.98,1038814
2021-02-01,17.86,19.18,17.6,18.95,1273320
2021-02-02,18.76,19.16,18.23,18.47,1244745
2021-02-03,18.5,19.87,18.29,19.57,1541764
2021-02-04,19.33,20.2,19.22,19.65,1192747
2021-02-05,19.91,20.81,19.68,20.64,1394889
2021-02-08,20.58,21.93,20.22,21.63,1537818
2021-02-09,21.55,21.88,20.89,21.69,1197791
2021-02-10,21.82,22.43,20.55,21.52,1439326
2021-02-18,21.78,22.95,21.78,22.61,1419728
2021-02-19,22.48,22.87,21.41,21.63,1198817
2021-02-22,21.38,21.48,20.46,20.69,1574477
2021-02-23,20.69,21.77,20.69,21.29,1193116
2021-02-24,21.01,21.18,20.39,20.59,1071382
2021-02-25,20.93,21.55,20.59,21.09,929485
2021-02-26,20.68,21.1,19.27,19.56,1870095
2021-03-01,19.88,20.16,19.56,19.79,1158279
2021-03-02,19.99,20.23,19.21,19.75,1097229
2021-03-03,19.95,21.01,19.85,20.85,1483367
2021-03-04,20.57,20.98,19.9,20.18,1022209
2021-03-05,19.85,20.13,19.03,19.68,1086198
2021-03-08,19.74,19.85,18.6,18.65,1155838
2021-03-09,18.65,19.01,17.93,18.09,1160973
2021-03-10,18.38,18.38,17.54,17.77,1078694
2021-03-11,18.26,19.19,18.16,18.67,1209806
2021-03-12,18.86,19.14,18.64,18.8,803722
2021-03-15,18.88,19.68,18.78,18.97,1073511
2021-03-16,19.14,19.96,19.0,19.49,899350
2021-03-17,19.42,19.65,18.71,18.86,797934
2021-03-18,18.94,19.19,18.58,18.74,773567
2021-03-19,18.78,18.9,17.94,18.1,879628
2021-03-22,18.37,18.95,18.22,18.51,957477
2021-03-23,18.43,18.73,17.96,18.24,599815
2021-03-24,18.24,18.32,17.38,17.44,1077260
2021-03-25,17.87,17.97,17.47,17.59,601452
2021-03-26,17.82,18.23,17.6,18.11,716712
2021-03-29,18.09,18.31,17.71,18.07,676233
2021-03-30,18.16,18.33,17.89,18.1,601418
2021-03-31,18.33,19.3,18.1,18.97,1398036
2021-04-01,19.13,19.18,18.76,18.95,504765
2021-04-02,19.07,19.08,17.99,18.26,858360
2021-04-06,18.37,18.65,18.25,18.58,491674
2021-04-07,18.56,18.62,17.94,18.18,519267
2021-04-08,18.13,18.32,17.93,18.16,394648
2021-04-09,18.24,18.4,18.0,18.12,461099
2021-04-12,17.93,18.11,17.6,17.7,656059
2021-04-13,17.9,17.97,17.18,17.46,717822
2021-04-14,17.56,17.56,16.51,16.57,1648136
2021-04-15,16.67,16.67,15.33,15.73,2981366
2021-04-16,15.83,15.84,15.44,15.77,1120636
2021-04-19,15.78,15.99,15.35,15.91,1457515
2021-04-20,15.88,16.59,15.82,16.21,1255718
2021-04-21,16.25,17.1,16.25,16.88,1392892
2021-04-22,16.93,17.03,16.28,16.49,918508
2021-04-23,16.39,16.82,16.28,16.75,587269
2021-04-26,17.04,17.27,16.37,16.43,911810
2021-04-27,16.38,16.8,16.32,16.62,523660
2021-04-28,16.64,16.72,16.05,16.38,881318
2021-04-29,16.4,17.1,16.38,17.09,1048133
2021-04-30,17.38,17.38,16.43,16.62,1234070
2021-05-06,16.43,17.43,16.43,17.14,1021380
2021-05-07,17.37,17.93,17.28,17.53,1294224
2021-05-10,17.56,17.56,16.72,16.88,981415
2021-05-11,16.78,17.49,16.76,17.23,1000902
2021-05-12,17.19,18.23,17.13,17.42,1475974
2021-05-13,17.39,17.74,17.36,17.46,801825
2021-05-14,17.59,17.91,17.21,17.85,968005
2021-05-17,17.75,18.27,17.42,17.69,1124306
2021-05-18,17.66,17.74,17.27,17.45,783473
2021-05-19,17.38,17.4,16.11,16.44,2140154
2021-05-20,16.27,16.5,16.05,16.49,1024327
2021-05-21,16.52,16.59,16.05,16.29,930509
2021-05-24,16.25,16.76,16.25,16.53,1060659
2021-05-25,16.51,18.05,16.4,18.02,2349372
2021-05-26,18.23,18.65,18.13,18.36,1428740
2021-05-27,18.31,18.31,17.79,17.9,1202962
2021-05-28,17.94,18.32,17.85,18.15,789027
2021-05-31,18.1,18.14,17.57,17.99,1063937
2021-06-01,17.78,17.83,17.35,17.48,1181690
2021-06-02,17.51,17.53,17.08,17.24,917941
2021-06-03,17.3,17.65,16.9,16.98,1194652
2021-06-04,17.01,17.61,16.9,17.27,1319103
2021-06-07,17.27,17.27,16.91,17.16,596421
2021-06-08,17.17,17.37,16.84,17.04,901698
2021-06-09,16.98,17.18,16.78,16.84,733077
2021-06-10,16.97,17.15,16.86,16.91,949720
2021-06-11,16.93,16.99,16.08,16.44,1590641
2021-06-15,16.23,16.26,15.73,15.8,1053113
2021-06-16,15.73,16.01,15.61,15.77,876143
2021-06-17,15.78,15.93,15.66,15.68,668422
2021-06-18,15.58,15.6,14.92,15.04,1472701
2021-06-21,14.98,15.06,14.71,14.77,909977
2021-06-22,14.87,15.16,14.66,14.9,1171826
2021-06-23,14.94,15.19,14.78,15.1,848507
2021-06-24,15.14,15.32,15.06,15.32,664527
2021-06-25,15.37,15.7,15.33,15.6,1015961
2021-06-28,15.6,15.66,15.01,15.11,1063893
2021-06-29,15.22,15.48,15.14,15.36,956975
2021-06-30,15.58,16.47,15.58,16.23,1383069
2021-07-01,16.51,17.33,16.43,16.99,1760491
2021-07-02,16.77,16.78,16.33,16.47,1245257
2021-07-05,16.62,16.76,16.08,16.72,847833
2021-07-06,16.74,17.34,16.68,17.15,1057850
2021-07-07,17.13,17.48,16.85,17.02,749238
2021-07-08,17.22,17.3,16.26,16.38,1347908
2021-07-09,16.36,16.59,15.79,15.99,1174399
2021-07-12,16.28,16.64,15.99,16.19,1233859
2021-07-13,16.23,16.38,15.8,16.09,825470
2021-07-14,16.07,16.07,15.38,15.5,1156382
2021-07-15,15.49,16.53,15.39,16.48,1276302
2021-07-16,16.35,16.6,15.99,16.13,758201
2021-07-19,16.12,16.18,15.62,16.09,748673
2021-07-20,15.96,16.08,15.64,15.71,612005
2021-07-21,15.74,15.88,15.32,15.41,1163013
2021-07-22,15.38,15.95,15.36,15.59,847361
2021-07-23,15.6,15.61,15.28,15.47,787152
2021-07-26,15.3,15.33,14.36,14.38,1607333
2021-07-27,14.45,14.55,13.53,13.66,1596391
2021-07-28,13.77,14.14,13.63,14.01,1120705
2021-07-29,14.16,14.16,13.59,13.62,1249646
2021-07-30,13.53,13.62,13.21,13.35,955772
2021-08-02,13.23,13.72,12.85,13.58,1388659
2021-08-03,13.4,13.56,13.18,13.32,1107108
2021-08-04,13.38,13.4,13.05,13.08,920211
2021-08-05,13.04,13.29,12.95,13.09,776650
2021-08-06,13.0,13.32,12.76,13.23,960914
2021-08-09,13.26,14.27,13.24,13.9,1620649
2021-08-10,13.87,14.46,13.63,14.34,1454307
2021-08-11,14.36,15.01,14.26,14.42,1490811
2021-08-12,14.4,14.55,14.22,14.29,729885
2021-08-13,14.3,14.38,14.08,14.31,726767
2021-08-16,14.45,14.57,14.15,14.31,750721
2021-08-17,14.3,14.52,14.02,14.07,734270
2021-08-18,14.11,15.09,14.1,14.87,1331224
2021-08-19,14.78,14.93,14.23,14.23,1045516
2021-08-20,14.36,14.48,13.69,13.94,1313534
2021-08-23,13.93,14.16,13.84,13.97,786545
2021-08-24,13.97,14.36,13.91,14.27,912143
2021-08-25,14.26,14.43,13.97,14.05,723376
2021-08-26,14.03,14.06,13.7,13.81,795093
2021-08-27,13.78,13.97,13.5,13.69,1057718
2021-08-30,13.82,14.14,13.61,13.78,1157386
2021-08-31,13.83,14.28,13.64,14.18,1166434
2021-09-01,14.09,15.03,14.07,14.84,1863632
2021-09-02,14.95,15.3,14.92,15.11,1356524
2021-09-03,15.03,15.46,14.63,15.12,1239110
2021-09-06,15.03,15.35,15.0,15.04,768484
2021-09-07,15.1,15.61,14.88,15.58,1223167
2021-09-08,15.51,15.76,14.98,15.11,1356653
2021-09-09,14.99,15.06,14.73,14.91,925753
2021-09-10,14.94,15.91,14.91,15.42,1935698
2021-09-13,15.42,15.83,15.29,15.77,1586912
2021-09-14,15.77,15.88,14.81,14.84,1747155
2021-09-15,14.76,14.91,14.38,14.53,1193492
2021-09-16,14.43,14.65,14.26,14.28,907176
2021-09-17,14.28,14.5,14.14,14.36,770201
2021-09-22,13.68,14.0,13.46,13.8,1389291
2021-09-23,13.93,14.21,13.76,13.9,757549
2021-09-24,13.87,13.98,13.53,13.6,803240
2021-09-27,13.6,13.83,13.2,13.78,1221821
2021-09-28,13.78,14.25,13.72,14.14,1016263
2021-09-29,13.95,14.43,13.89,14.19,818234
2021-09-30,14.22,14.22,13.89,13.98,708723
2021-10-08,14.09,14.42,14.08,14.36,810562
2021-10-11,14.68,15.18,14.68,15.04,1563445
2021-10-12,15.01,15.33,14.84,15.02,1053341
2021-10-13,15.01,15.14,14.72,14.89,701941
2021-10-14,14.92,15.15,14.64,14.77,571366
2021-10-15,14.82,15.16,14.68,14.9,842513
2021-10-18,15.02,15.15,14.78,14.92,664331
2021-10-19,14.88,15.16,14.85,14.91,676642
2021-10-20,14.98,15.19,14.73,14.83,687583
2021-10-21,14.98,15.54,14.98,15.46,1469600
2021-10-22,15.58,15.8,15.35,15.55,971692
2021-10-25,15.26,15.44,15.16,15.33,876198
2021-10-26,15.26,15.44,14.95,15.06,1045140
2021-10-27,14.98,15.03,14.51,14.76,995326
2021-10-28,14.69,14.88,14.57,14.73,590692
2021-10-29,15.02,15.09,14.2,14.31,1642608
2021-11-01,14.35,14.93,14.26,14.65,1376606
2021-11-02,14.65,14.75,13.56,13.7,2758717
2021-11-03,13.71,13.97,13.62,13.97,1014872
2021-11-04,13.9,14.0,13.69,13.91,773762
2021-11-05,13.72,13.92,13.65,13.82,729897
2021-11-08,13.82,13.93,13.65,13.75,803828
2021-11-09,13.87,14.1,13.8,13.99,789709
2021-11-10,13.93,13.95,13.73,13.87,724861
2021-11-11,13.79,14.62,13.79,14.57,1483277
2021-11-12,14.58,14.76,14.41,14.52,660594
2021-11-15,14.55,14.75,14.34,14.51,548120
2021-11-16,14.42,14.59,14.17,14.28,537806
2021-11-17,14.13,14.41,14.1,14.19,461644
2021-11-18,14.16,14.27,13.95,13.98,579223
2021-11-19,13.96,14.29,13.92,14.18,678055
2021-11-22,14.21,14.26,13.82,13.88,1058190
2021-11-23,13.88,13.96,13.75,13.81,1056176
2021-11-24,13.82,14.11,13.69,13.99,1083727
2021-11-25,13.93,14.0,13.86,13.95,574889
2021-11-26,13.87,13.93,13.74,13.88,748758
2021-11-29,13.77,13.84,13.66,13.75,824463
2021-11-30,13.74,13.81,13.63,13.69,587481
2021-12-01,13.68,13.84,13.63,13.8,544134
2021-12-02,13.77,14.11,13.66,14.05,928809
2021-12-03,14.03,14.13,13.8,13.98,822042
2021-12-06,14.03,14.54,14.03,14.2,1324104
2021-12-07,14.42,14.98,14.4,14.9,2510044
2021-12-08,14.8,15.19,14.75,15.13,1520075
2021-12-09,15.13,15.56,15.04,15.11,1432510
2021-12-10,14.98,15.41,14.94,15.1,1221508
2021-12-13,15.22,15.75,15.22,15.27,1410508
2021-12-14,15.19,15.24,14.75,14.89,1037368
2021-12-15,14.78,14.92,14.6,14.8,961685
2021-12-16,14.92,15.23,14.83,15.18,940317
2021-12-17,15.18,15.37,15.09,15.16,846600
2021-12-20,15.09,15.37,15.05,15.2,699546
2021-12-21,15.18,15.5,15.13,15.21,881012
2021-12-22,15.34,15.37,14.9,15.0,697348
2021-12-23,15.13,15.3,14.79,14.94,1396115
2021-12-24,15.04,15.04,14.74,14.75,763855
2021-12-27,14.69,14.75,14.49,14.53,944858
2021-12-28,14.6,14.86,14.59,14.72,930355
2021-12-29,14.81,14.81,14.56,14.6,601638
2021-12-30,14.62,14.89,14.6,14.73,798266
2021-12-31,14.79,14.84,14.66,14.72,553909
2022-01-04,14.75,14.88,14.52,14.81,1055271
2022-01-05,14.83,16.0,14.82,15.75,2454030
2022-01-06,15.84,15.93,15.58,15.64,1219046
2022-01-07,15.78,16.14,15.64,16.08,1177945
2022-01-10,16.27,16.42,15.88,16.31,1278528
2022-01-11,16.68,17.24,16.48,17.08,1954062
2022-01-12,17.13,17.24,16.78,17.05,1481452
2022-01-13,17.08,17.31,16.84,16.92,1096567
2022-01-14,16.85,16.88,16.22,16.34,1465026
2022-01-17,16.41,16.64,16.04,16.19,816623
2022-01-18,16.2,17.02,16.08,16.98,1364751
2022-01-19,16.98,17.32,16.82,17.19,1323517
2022-01-20,17.17,17.95,17.14,17.83,1638620
2022-01-21,17.68,17.75,17.38,17.48,817945
2022-01-24,17.48,17.99,17.27,17.74,1168089
2022-01-25,17.68,17.68,17.08,17.1,1024315
2022-01-26,17.19,17.4,16.89,17.01,674514
2022-01-27,17.0,17.23,16.73,16.98,995376
2022-01-28,17.13,17.16,16.48,16.56,1025664
2022-02-07,17.03,17.76,16.95,17.69,1594037
2022-02-08,17.73,18.15,17.66,18.06,1215914
2022-02-09,18.11,18.33,17.84,17.95,1082395
2022-02-10,17.9,18.43,17.71,18.33,907149
2022-02-11,18.46,18.81,18.28,18.67,1236475
2022-02-14,18.63,18.63,17.82,17.93,1133555
2022-02-15,17.81,18.06,17.19,17.53,1543969
2022-02-16,17.58,18.04,17.58,17.86,709956
2022-02-17,17.87,18.48,17.81,17.98,1103724
2022-02-18,17.99,18.57,17.96,18.57,933980
2022-02-21,18.48,18.58,17.98,18.44,809657
2022-02-22,18.5,18.9,18.2,18.76,1252979
2022-02-23,18.76,18.77,18.03,18.18,1102071
2022-02-24,18.2,18.46,17.96,18.0,1028156
2022-02-25,18.07,18.27,17.55,17.79,1125989
2022-02-28,17.68,17.8,17.09,17.75,1022221
2022-03-01,17.68,17.96,17.43,17.85,871793
2022-03-02,17.53,17.97,17.5,17.74,532416
2022-03-03,17.77,18.12,17.74,17.76,718005
2022-03-04,17.68,17.77,17.28,17.39,752301
2022-03-07,17.17,17.5,16.89,17.02,1184656
2022-03-08,16.83,17.01,16.18,16.28,1361881
2022-03-09,16.37,16.62,15.56,16.15,1231453
2022-03-10,16.56,16.68,16.28,16.35,743162
2022-03-11,16.22,16.57,15.77,16.48,820473
2022-03-14,16.19,16.62,15.81,15.82,821298
2022-03-15,15.67,15.68,14.48,14.53,1643798
2022-03-16,14.88,15.69,14.53,15.5,1437253
2022-03-17,15.96,16.02,15.31,15.59,1227694
2022-03-18,15.46,16.56,15.41,16.44,1430839
2022-03-21,16.36,16.48,15.85,15.9,975084
2022-03-22,15.97,16.61,15.93,16.49,863389
2022-03-23,16.42,16.46,15.31,15.39,3084135
2022-03-24,15.26,15.56,15.04,15.53,1098797
2022-03-25,15.66,16.13,15.53,15.75,1329048
2022-03-28,15.52,15.84,15.24,15.71,821770
2022-03-29,15.76,15.8,15.51,15.56,526222
2022-03-30,15.67,16.02,15.57,15.97,960165
2022-03-31,15.88,16.47,15.82,16.35,1178969
2022-04-01,16.24,17.1,16.13,17.08,1421227
2022-04-06,16.87,17.89,16.85,17.6,1598676
2022-04-07,17.56,17.86,17.15,17.27,1101117
2022-04-08,17.28,17.72,17.27,17.67,802278
2022-04-11,17.56,17.62,17.18,17.43,860660
2022-04-12,17.33,17.68,17.05,17.41,878480
2022-04-13,17.34,17.71,17.21,17.4,817165
2022-04-14,17.73,17.74,17.18,17.36,937776
2022-04-15,17.3,18.1,17.23,17.94,1189640
2022-04-18,17.65,17.65,17.13,17.36,1143366
2022-04-19,17.28,17.34,16.78,17.13,928747
2022-04-20,17.17,17.3,16.89,16.94,730518
2022-04-21,16.94,17.36,16.64,16.81,912945
2022-04-22,16.65,17.28,16.59,17.1,762351
2022-04-25,16.59,16.77,15.93,15.96,1492988
2022-04-26,16.06,16.42,15.92,16.1,910385
2022-04-27,15.94,16.47,15.9,16.22,877749
2022-04-28,16.18,16.75,16.14,16.73,1054013
2022-04-29,16.63,16.63,15.68,16.16,1827994
2022-05-05,16.03,16.38,15.93,16.08,1003052
2022-05-06,15.87,16.06,15.61,15.64,643861
2022-05-09,15.52,15.61,15.13,15.3,669036
2022-05-10,15.15,15.75,15.01,15.68,829533
2022-05-11,15.73,15.78,15.35,15.46,1054972
2022-05-12,15.34,15.42,15.14,15.31,582935
2022-05-13,15.42,15.77,15.28,15.43,1069314
2022-05-16,15.44,15.44,14.86,15.02,1237326
2022-05-17,15.05,15.42,14.9,15.27,858625
2022-05-18,15.38,15.39,14.96,15.1,742996
2022-05-19,14.88,15.03,14.85,14.96,665182
2022-05-20,15.06,15.44,15.04,15.37,1024771
2022-05-23,15.43,15.55,15.19,15.36,800160
2022-05-24,15.44,15.52,15.15,15.16,607270
2022-05-25,15.23,15.33,15.12,15.21,461298
2022-05-26,15.28,15.3,15.03,15.21,616063
2022-05-27,15.27,15.57,15.23,15.4,736520
2022-05-30,15.56,15.56,15.14,15.21,594663
2022-05-31,15.23,15.41,15.13,15.33,710119
2022-06-01,15.38,15.39,15.15,15.24,607186
2022-06-02,15.15,15.23,14.99,15.03,721370
2022-06-06,14.99,15.03,14.64,14.87,1315650
2022-06-07,14.8,15.27,14.77,15.19,1004751
2022-06-08,15.25,15.32,15.05,15.31,802914
2022-06-09,15.43,15.96,15.38,15.87,1486130
2022-06-10,15.8,16.05,15.65,16.01,1042362
2022-06-13,15.92,16.0,15.43,15.58,1006422
2022-06-14,15.47,15.93,15.41,15.91,898242
2022-06-15,15.93,16.68,15.83,16.4,1756861
2022-06-16,16.51,16.54,16.08,16.12,1243801
2022-06-17,15.98,16.24,15.95,16.1,1008085
2022-06-20,16.1,16.14,15.73,15.84,960300
2022-06-21,15.83,16.21,15.73,16.09,718301
2022-06-22,16.07,16.07,15.81,15.81,648894
2022-06-23,15.86,16.02,15.82,16.01,642934
2022-06-24,16.0,16.12,15.74,15.9,895597
2022-06-27,15.9,16.2,15.85,16.07,848897
2022-06-28,16.11,16.32,15.98,16.18,676452
2022-06-29,16.11,16.53,16.1,16.37,839916
2022-06-30,16.32,16.73,16.23,16.61,1003384
2022-07-01,16.63,16.72,16.53,16.61,602202
2022-07-04,16.57,16.65,16.28,16.38,780491
2022-07-05,16.4,16.69,16.31,16.41,815967
2022-07-06,16.36,16.42,15.99,16.1,733437
2022-07-07,16.06,16.17,15.91,15.93,582847
2022-07-08,16.03,16.06,15.77,16.02,595228
2022-07-11,15.97,16.19,15.88,15.88,629122
2022-07-12,15.93,16.19,15.93,15.99,702962
2022-07-13,15.87,15.96,15.26,15.31,1815045
2022-07-14,15.14,15.14,14.65,14.71,1987092
2022-07-15,14.75,14.84,14.32,14.34,1464229
2022-07-18,14.46,14.66,14.37,14.51,872070
2022-07-19,14.52,14.59,14.32,14.46,801578
2022-07-20,14.56,14.64,14.38,14.46,633218
2022-07-21,14.41,14.41,14.02,14.07,1158803
2022-07-22,14.12,14.31,14.07,14.24,621486
2022-07-25,14.24,14.37,14.13,14.31,421863
2022-07-26,14.33,14.62,14.31,14.61,801883
2022-07-27,14.74,14.76,14.46,14.54,566767
2022-07-28,14.59,14.76,14.58,14.61,553791
2022-07-29,14.66,14.74,14.43,14.48,520739
2022-08-01,14.42,14.42,14.24,14.26,532803
2022-08-02,14.13,14.14,13.86,14.09,779242
2022-08-03,14.01,14.21,13.86,13.88,624408
2022-08-04,13.97,14.2,13.88,14.15,509062
2022-08-05,14.16,14.31,14.03,14.31,413500
2022-08-08,14.29,14.45,14.19,14.23,355451
2022-08-09,14.24,14.26,14.14,14.16,253335
2022-08-10,14.21,14.23,14.01,14.06,311596
2022-08-11,14.21,14.59,14.12,14.56,698553
2022-08-12,14.48,14.63,14.44,14.58,383195
2022-08-15,14.52,14.62,14.21,14.27,631099
2022-08-16,14.23,14.42,14.22,14.28,366720
2022-08-17,14.34,14.66,14.21,14.61,707083
2022-08-18,14.56,14.58,14.27,14.36,507026
2022-08-19,14.29,14.7,14.28,14.51,684367
2022-08-22,14.41,14.69,14.38,14.47,502418
2022-08-23,14.47,14.51,14.24,14.32,426785
2022-08-24,14.31,14.56,14.27,14.29,550158
2022-08-25,14.34,14.66,14.27,14.61,670004
2022-08-26,14.59,14.63,14.38,14.59,512143
2022-08-29,14.14,14.19,13.59,13.64,2267801
2022-08-30,13.59,13.7,13.41,13.53,938700
2022-08-31,13.44,13.96,13.4,13.82,1013765
2022-09-01,13.74,13.94,13.71,13.82,554334
2022-09-02,13.88,13.96,13.66,13.74,455456
2022-09-05,13.74,13.84,13.59,13.79,529371
2022-09-06,13.8,13.96,13.71,13.77,606215
2022-09-07,13.74,13.83,13.64,13.8,435893
2022-09-08,13.81,13.87,13.72,13.72,494942
2022-09-09,13.8,14.18,13.74,14.09,983033
2022-09-13,14.18,14.36,14.02,14.3,753859
2022-09-14,14.11,14.28,14.09,14.09,477132
2022-09-15,14.19,14.43,14.16,14.4,954107
2022-09-16,14.32,14.38,13.93,13.93,734805
2022-09-19,13.96,14.09,13.91,14.05,406576
2022-09-20,14.08,14.14,13.79,13.79,484674
2022-09-21,13.8,13.96,13.7,13.86,413002
2022-09-22,13.75,13.83,13.71,13.76,388092
2022-09-23,13.73,13.98,13.73,13.81,390989
2022-09-26,13.74,13.87,13.44,13.46,643546
2022-09-27,13.49,13.6,13.31,13.52,581404
2022-09-28,13.48,13.68,13.32,13.55,539910
2022-09-29,13.64,13.67,13.2,13.25,740478
2022-09-30,13.28,13.48,13.25,13.36,470496
2022-10-10,13.31,13.45,13.17,13.2,504862
2022-10-11,13.29,13.31,13.02,13.04,423706
2022-10-12,13.06,13.21,12.81,13.19,544681
2022-10-13,13.12,13.19,12.87,13.01,556712
2022-10-14,13.12,13.35,13.11,13.22,521782
2022-10-17,13.16,13.32,13.13,13.24,382824
2022-10-18,13.34,13.42,13.22,13.27,477073
2022-10-19,13.21,13.3,12.86,12.86,732764
2022-10-20,12.84,12.9,12.74,12.8,600014
2022-10-21,12.82,12.92,12.68,12.7,496713
2022-10-24,12.7,12.76,11.97,12.01,1157428
2022-10-25,12.14,12.24,11.99,12.07,723392
2022-10-26,12.07,12.19,11.89,11.94,585754
2022-10-27,12.0,12.15,11.95,11.96,462966
2022-10-28,11.93,12.04,11.72,11.77,568471
2022-10-31,11.71,11.86,11.62,11.74,576494
2022-11-01,11.81,12.15,11.8,12.13,674258
2022-11-02,12.03,12.11,11.91,12.06,598259
2022-11-03,11.98,12.01,11.8,11.85,458617
2022-11-04,11.81,12.21,11.8,12.14,748389
2022-11-07,12.06,12.28,12.01,12.18,513676
2022-11-08,12.17,12.22,12.07,12.16,367947
2022-11-09,12.16,12.3,12.14,12.2,388866
2022-11-10,12.13,12.31,12.1,12.27,380416
2022-11-11,12.55,13.13,12.41,12.86,1268087
2022-11-14,13.21,13.72,13.21,13.38,1951001
2022-11-15,13.31,13.6,13.27,13.41,705122
2022-11-16,13.36,13.38,13.21,13.22,623276
2022-11-17,13.15,13.21,12.94,13.09,494633
2022-11-18,13.14,13.16,12.89,12.93,449561
2022-11-21,12.85,12.85,12.55,12.82,580954
2022-11-22,12.83,13.32,12.82,13.22,733663
2022-11-23,13.23,13.57,13.18,13.41,732805
2022-11-24,13.46,13.63,13.28,13.33,439345
2022-11-25,13.33,13.8,13.31,13.72,956856
2022-11-28,13.48,13.5,13.21,13.44,750299
2022-11-29,13.72,14.76,13.72,14.52,2652288
2022-11-30,14.39,14.74,14.31,14.41,1060878
2022-12-01,14.72,14.77,14.19,14.24,757838
2022-12-02,14.2,14.3,13.76,14.12,1029714
2022-12-05,14.32,14.66,14.21,14.62,1064464
2022-12-06,14.51,14.6,14.35,14.5,651301
2022-12-07,14.45,14.53,14.24,14.29,589308
2022-12-08,14.29,14.5,14.22,14.45,505800
2022-12-09,14.5,14.85,14.43,14.71,1091515
2022-12-12,14.61,14.63,14.18,14.24,641818
2022-12-13,14.23,14.5,14.22,14.41,523454
2022-12-14,14.51,14.53,14.25,14.47,473975
2022-12-15,14.36,14.46,14.13,14.27,419549
2022-12-16,14.19,14.49,14.16,14.36,657345
2022-12-19,14.38,14.46,13.93,14.04,649573
2022-12-20,13.97,14.13,13.57,13.69,866773
2022-12-21,13.72,13.89,13.65,13.82,374402
2022-12-22,13.97,14.07,13.89,13.97,315192
2022-12-23,13.87,14.08,13.85,13.96,344977
2022-12-26,13.96,14.1,13.76,13.87,384010
2022-12-27,14.03,14.33,14.01,14.14,445487
2022-12-28,14.25,14.46,14.16,14.32,412202
2022-12-29,14.23,14.35,14.0,14.15,408886
2022-12-30,14.21,14.39,14.1,14.3,503058
2023-01-03,14.21,14.56,14.04,14.48,770285
2023-01-04,14.52,14.98,14.47,14.78,968300
2023-01-05,14.89,14.94,14.69,14.8,637233
2023-01-06,14.77,14.87,14.61,14.81,528331
2023-01-09,14.83,14.91,14.71,14.79,401440
2023-01-10,14.76,14.89,14.46,14.49,655413
2023-01-11,14.54,14.84,14.5,14.69,624385
2023-01-12,14.78,14.79,14.59,14.76,366000
2023-01-13,14.78,14.94,14.71,14.94,547583
2023-01-16,14.96,15.18,14.84,14.94,742637
2023-01-17,14.89,15.0,14.78,14.91,524374
2023-01-18,14.91,14.96,14.74,14.75,490031
2023-01-19,14.71,14.82,14.58,14.78,586365
2023-01-20,14.79,14.79,14.59,14.67,636901
2023-01-30,14.89,14.91,14.59,14.61,784278
2023-01-31,14.57,14.69,14.26,14.33,1103953
2023-02-01,14.38,14.43,14.07,14.21,1071986
2023-02-02,14.23,14.25,14.07,14.12,696311
2023-02-03,14.06,14.08,13.9,13.97,604877
2023-02-06,13.89,13.9,13.75,13.86,629471
2023-02-07,13.84,13.95,13.83,13.88,458882
2023-02-08,13.91,13.93,13.81,13.82,371296
2023-02-09,13.8,13.98,13.78,13.9,493650
2023-02-10,13.9,13.93,13.81,13.9,367627
2023-02-13,13.84,13.85,13.63,13.66,1011472
2023-02-14,13.71,13.76,13.66,13.76,500659
2023-02-15,13.72,13.76,13.65,13.67,420402
2023-02-16,13.68,13.89,13.54,13.68,734488
2023-02-17,13.67,13.72,13.4,13.42,788703
2023-02-20,13.47,13.87,13.4,13.85,928177
2023-02-21,13.81,13.95,13.79,13.92,564886
2023-02-22,13.85,13.9,13.74,13.75,387191
2023-02-23,13.78,13.89,13.74,13.76,348498
2023-02-24,13.75,13.76,13.6,13.61,494478
2023-02-27,13.56,13.67,13.52,13.53,300377
2023-02-28,13.57,13.64,13.46,13.62,489487
2023-03-01,13.63,13.91,13.62,13.87,837326
2023-03-02,13.86,13.95,13.76,13.89,451678
2023-03-03,13.95,14.05,13.87,14.02,811180
2023-03-06,14.04,14.1,13.67,13.69,980572
2023-03-07,13.74,14.1,13.63,13.71,1383538
2023-03-08,13.63,13.65,13.52,13.62,704993
2023-03-09,13.63,13.75,13.54,13.54,542969
2023-03-10,13.43,13.52,13.31,13.31,737610
2023-03-13,13.28,13.41,13.22,13.27,613363
2023-03-14,13.21,13.34,13.11,13.2,527669
2023-03-15,13.33,13.41,13.27,13.29,453079
2023-03-16,13.21,13.58,13.17,13.39,640707
2023-03-17,13.48,13.66,13.36,13.43,802207
2023-03-20,13.45,13.59,13.32,13.33,546253
2023-03-21,13.39,13.52,13.28,13.33,490331
2023-03-22,13.39,13.55,13.36,13.48,494606
2023-03-23,13.37,13.59,13.37,13.58,609662
2023-03-24,13.56,13.59,13.43,13.49,378206
2023-03-27,13.51,13.52,13.31,13.34,490569
2023-03-28,13.4,13.53,13.35,13.4,463768
2023-03-29,13.5,13.5,13.3,13.31,434578
2023-03-30,13.34,13.55,13.28,13.53,541010
2023-03-31,13.57,13.75,13.55,13.6,779091
2023-04-03,13.59,13.64,13.53,13.6,488527
2023-04-04,13.6,13.73,13.56,13.71,485718
2023-04-06,13.69,13.72,13.61,13.63,373316
2023-04-07,13.65,13.75,13.64,13.68,346671
2023-04-10,13.68,13.78,13.67,13.76,410694
2023-04-11,13.8,13.85,13.68,13.7,439627
2023-04-12,13.75,13.77,13.67,13.69,438652
2023-04-13,13.68,13.85,13.61,13.78,569845
2023-04-14,13.8,13.93,13.75,13.82,558728
2023-04-17,13.83,14.03,13.77,14.03,911041
2023-04-18,14.03,14.32,14.0,14.12,1088767
2023-04-19,14.15,14.2,14.02,14.08,816500
2023-04-20,14.09,14.19,13.95,14.1,654086
2023-04-21,14.11,14.17,13.79,13.82,941322
2023-04-24,13.81,13.88,13.62,13.64,876282
2023-04-25,13.67,14.0,13.67,13.98,995234
2023-04-26,14.01,14.09,13.77,13.96,792578
2023-04-27,13.9,13.95,13.71,13.85,824701
2023-04-28,13.83,14.11,13.8,13.93,848219
2023-05-04,13.19,13.49,13.02,13.47,2686373
2023-05-05,13.51,14.08,13.51,13.84,1775592
2023-05-08,13.92,14.49,13.88,14.34,2102219
2023-05-09,14.48,14.65,14.21,14.27,1627643
2023-05-10,14.23,14.31,13.98,14.02,1016293
2023-05-11,14.08,14.18,13.92,13.96,595738
2023-05-12,13.98,14.01,13.71,13.74,765441
2023-05-15,13.73,13.91,13.63,13.86,894217
2023-05-16,13.91,14.11,13.89,13.95,821942
2023-05-17,13.91,14.08,13.82,13.85,663860
2023-05-18,13.93,14.08,13.84,13.89,739443
2023-05-19,13.86,13.87,13.73,13.75,537572
2023-05-22,13.77,13.88,13.74,13.79,548531
2023-05-23,13.79,13.85,13.66,13.66,681131
2023-05-24,13.66,13.7,13.43,13.43,780902
2023-05-25,13.43,13.44,13.31,13.38,538869
2023-05-26,13.41,13.5,13.31,13.49,453404
2023-05-29,13.51,13.56,13.37,13.46,518930
2023-05-30,13.48,13.5,13.25,13.4,547317
2023-05-31,13.36,13.4,13.25,13.27,472475
2023-06-01,13.29,13.34,13.21,13.26,500705
2023-06-02,13.31,13.42,13.29,13.41,523992
2023-06-05,13.41,13.51,13.36,13.44,307947
2023-06-06,13.44,13.66,13.42,13.45,538390
2023-06-07,13.46,13.61,13.45,13.52,362622
2023-06-08,13.56,13.8,13.49,13.79,667199
2023-06-09,13.78,13.88,13.73,13.81,571891
2023-06-12,13.8,13.82,13.65,13.65,487361
2023-06-13,13.71,13.79,13.66,13.72,421629
2023-06-14,13.78,13.82,13.6,13.61,576610
2023-06-15,13.67,13.73,13.56,13.71,485794
2023-06-16,13.74,13.8,13.68,13.7,752912
2023-06-19,13.83,13.88,13.67,13.69,861866
2023-06-20,13.7,13.77,13.68,13.68,369274
2023-06-21,13.69,13.82,13.67,13.67,340648
2023-06-26,13.66,13.66,13.43,13.51,502971
2023-06-27,13.51,13.63,13.51,13.58,237314
2023-06-28,13.58,13.62,13.5,13.59,252680
2023-06-29,13.59,13.59,13.45,13.45,283133
2023-06-30,13.46,13.61,13.45,13.55,255758
2023-07-03,13.58,13.76,13.56,13.73,365353
2023-07-04,13.73,13.73,13.54,13.58,338493
2023-07-05,13.57,13.59,13.49,13.5,280218
2023-07-06,13.48,13.53,13.42,13.46,345277
2023-07-07,13.44,13.5,13.41,13.42,218741
2023-07-10,13.46,13.49,13.33,13.36,321778
2023-07-11,13.4,13.45,13.34,13.38,272864
2023-07-12,13.39,13.49,13.38,13.41,264125
2023-07-13,13.46,13.58,13.43,13.58,376562
2023-07-14,13.55,13.63,13.55,13.58,271398
2023-07-17,13.53,13.53,13.45,13.49,235978
2023-07-18,13.51,13.53,13.44,13.46,243972
2023-07-19,13.45,13.65,13.44,13.62,366828
2023-07-20,13.67,13.78,13.64,13.69,415501
2023-07-21,13.65,13.74,13.64,13.68,338447
2023-07-24,13.61,13.67,13.55,13.56,244388
2023-07-25,13.67,13.85,13.67,13.84,662673
2023-07-26,13.79,13.88,13.77,13.85,306360
2023-07-27,13.88,14.03,13.84,13.9,477051
2023-07-28,13.86,14.44,13.85,14.39,1107674
2023-07-31,14.46,14.74,14.42,14.56,1049721
2023-08-01,14.51,14.63,14.47,14.53,517334
2023-08-02,14.44,14.47,14.15,14.26,694390
2023-08-03,14.2,14.45,14.17,14.41,399353
2023-08-04,14.51,14.7,14.42,14.46,597001
2023-08-07,14.44,14.49,14.35,14.4,422909
2023-08-08,14.35,14.45,14.26,14.35,387440
2023-08-09,14.31,14.44,14.3,14.4,280300
2023-08-10,14.33,14.45,14.24,14.34,361965
2023-08-11,14.34,14.44,14.0,14.0,538697
2023-08-14,13.92,13.92,13.81,13.86,451193
2023-08-15,13.88,13.99,13.81,13.95,378057
2023-08-16,13.9,14.02,13.85,13.98,276517
2023-08-17,13.9,13.96,13.82,13.92,406926
2023-08-18,13.89,14.07,13.84,13.84,367627
2023-08-21,13.85,13.89,13.6,13.6,525845
2023-08-22,13.61,13.87,13.61,13.82,534634
2023-08-23,13.77,13.99,13.77,13.81,503859
2023-08-24,13.84,13.88,13.66,13.83,374665
2023-08-25,13.77,14.02,13.76,13.91,460674
2023-08-28,14.46,14.57,14.03,14.1,1069852
2023-08-29,14.09,14.15,13.85,13.9,783117
2023-08-30,13.9,13.91,13.68,13.69,663166
2023-08-31,13.74,13.95,13.7,13.71,628647
2023-09-01,13.78,14.01,13.76,13.84,503236
2023-09-04,13.94,14.24,13.9,14.14,793469
2023-09-05,14.09,14.14,14.03,14.07,412219
2023-09-06,14.01,14.21,14.0,14.19,358607
2023-09-07,14.16,14.21,14.09,14.1,306924
2023-09-08,14.1,14.11,13.98,14.06,240552
2023-09-11,14.06,14.15,14.0,14.11,380739
2023-09-12,14.11,14.15,14.05,14.07,240530
2023-09-13,14.15,14.21,14.02,14.07,358666
2023-09-14,14.13,14.17,14.05,14.16,410479
2023-09-15,14.17,14.2,13.92,14.0,635261
2023-09-18,13.98,14.05,13.91,14.04,308931
2023-09-19,14.0,14.12,13.98,14.12,383487
2023-09-20,14.12,14.16,14.02,14.12,332170
2023-09-21,14.12,14.14,14.02,14.05,347317
2023-09-22,14.08,14.28,14.04,14.27,673682
2023-09-25,14.24,14.33,14.2,14.27,449739
2023-09-26,14.26,14.31,14.22,14.25,263098
2023-09-27,14.28,14.28,14.14,14.15,350027
2023-09-28,14.21,14.28,14.18,14.19,343072
2023-10-09,14.14,14.19,14.03,14.12,480009
2023-10-10,14.2,14.27,14.08,14.08,316021
2023-10-11,14.21,14.22,14.05,14.06,337892
2023-10-12,14.25,14.28,14.16,14.24,380283
2023-10-13,14.15,14.24,14.1,14.17,329641
2023-10-16,14.18,14.2,14.06,14.1,279351
2023-10-17,14.13,14.22,14.1,14.12,278170
2023-10-18,14.12,14.18,14.07,14.07,363291
2023-10-19,14.05,14.06,13.73,13.75,707166
2023-10-20,13.73,13.81,13.62,13.69,494683
2023-10-23,13.69,13.75,13.54,13.64,399452
2023-10-24,13.69,13.71,13.56,13.57,503918
2023-10-25,13.69,13.69,13.41,13.47,697458
2023-10-26,13.47,13.64,13.45,13.61,394707
2023-10-27,13.6,13.74,13.59,13.68,437303
2023-10-30,13.6,13.64,13.45,13.47,552737
2023-10-31,13.2,13.2,12.85,12.98,1612215
2023-11-01,12.97,13.04,12.86,13.01,624404
2023-11-02,13.02,13.18,13.01,13.15,492221
2023-11-03,13.16,13.18,13.07,13.1,373637
2023-11-06,13.13,13.2,13.07,13.17,480595
2023-11-07,13.17,13.18,13.04,13.09,437351
2023-11-08,13.08,13.11,12.98,13.03,336587
2023-11-09,13.01,13.08,12.99,13.02,355552
2023-11-10,13.0,13.02,12.86,12.88,503555
2023-11-13,12.9,12.94,12.82,12.86,372200
2023-11-14,12.85,12.91,12.52,12.62,1071110
2023-11-15,12.67,12.8,12.62,12.75,632205
2023-11-16,12.75,12.77,12.65,12.67,405116
2023-11-17,12.64,12.65,12.51,12.61,534409
2023-11-20,12.64,12.77,12.58,12.75,413408
2023-11-21,12.78,12.88,12.77,12.79,387546
2023-11-22,12.76,12.83,12.75,12.75,268605
2023-11-23,12.75,12.78,12.65,12.73,306823
2023-11-24,12.72,12.77,12.68,12.71,265141
2023-11-27,12.67,12.72,12.55,12.65,412581
2023-11-28,12.65,12.74,12.64,12.7,290625
2023-11-29,12.69,12.71,12.39,12.5,688853
2023-11-30,12.5,12.57,12.45,12.5,405066
2023-12-01,12.5,12.57,12.4,12.51,464222
2023-12-04,12.52,12.59,12.41,12.41,327217
2023-12-05,12.4,12.41,12.06,12.08,617366
2023-12-06,12.06,12.15,11.95,12.07,492072
2023-12-07,12.09,12.09,11.91,12.02,430911
2023-12-08,12.0,12.11,11.99,12.01,359618
2023-12-11,12.02,12.34,11.85,12.29,562370
2023-12-12,12.21,12.5,12.2,12.49,520378
2023-12-13,12.48,12.49,12.21,12.24,460384
2023-12-14,12.31,12.38,12.24,12.24,273373
2023-12-15,12.29,12.39,12.18,12.21,366366
2023-12-18,12.19,12.3,12.06,12.26,293048
2023-12-19,12.23,12.32,12.18,12.3,263194
2023-12-20,12.31,12.4,12.22,12.23,340851
2023-12-21,12.2,12.42,12.13,12.38,435002
2023-12-22,12.41,12.55,12.3,12.52,469370
2023-12-25,12.5,12.55,12.46,12.51,248102
2023-12-26,12.52,12.54,12.41,12.46,204607
2023-12-27,12.46,12.48,12.28,12.42,350068
2023-12-28,12.42,12.65,12.38,12.64,499005
2023-12-29,12.63,14.11,12.61,14.11,503352
2024-01-02,12.82,12.84,12.67,12.73,1032288
2024-01-03,12.65,12.66,12.5,12.58,765385
2024-01-04,12.56,12.61,12.41,12.52,631231
2024-01-05,12.48,12.88,12.45,12.71,1033392
2024-01-08,12.63,12.8,12.53,12.6,705452
2024-01-09,12.59,12.61,12.49,12.58,483876
2024-01-10,12.56,12.6,12.51,12.51,327007
2024-01-11,12.5,12.63,12.42,12.56,414090
2024-01-12,12.51,12.67,12.5,12.59,345305
2024-01-15,12.54,12.71,12.54,12.63,357986
2024-01-16,12.61,12.84,12.6,12.83,704894
2024-01-17,12.8,12.95,12.71,12.71,871693
2024-01-18,12.68,13.05,12.45,12.99,1101890
2024-01-19,12.91,13.07,12.84,13.05,733235
2024-01-22,13.04,13.3,12.92,13.1,1215342
2024-01-23,13.01,13.1,12.9,13.0,612647
2024-01-24,13.1,13.23,12.98,13.2,615408
2024-01-25,13.25,13.38,13.2,13.37,688832
2024-01-26,13.37,13.56,13.34,13.54,913239
2024-01-29,13.56,13.75,13.5,13.62,737111
2024-01-30,13.57,13.75,13.51,13.55,697537
2024-01-31,13.52,13.69,13.48,13.63,694748
2024-02-01,13.58,13.67,13.45,13.61,674158
2024-02-02,13.65,13.69,13.25,13.61,877714
2024-02-05,13.61,13.8,13.48,13.74,1136109
2024-02-06,13.74,13.82,13.65,13.82,992721
2024-02-07,13.87,13.88,13.54,13.87,1314551
2024-02-08,13.81,13.95,13.72,13.95,889506
2024-02-19,13.99,14.09,13.9,14.08,690320
2024-02-20,14.06,14.14,14.0,14.1,614770
2024-02-21,14.1,14.76,14.03,14.57,1316810
2024-02-22,14.55,14.78,14.5,14.7,712385
2024-02-23,14.69,14.89,14.68,14.76,609501
2024-02-26,14.74,14.74,14.32,14.38,830388
2024-02-27,14.31,14.54,14.29,14.45,469451
2024-02-28,14.45,14.56,14.26,14.43,748482
2024-02-29,14.38,14.6,14.36,14.55,660211
2024-03-01,14.52,14.55,14.42,14.48,486603
2024-03-04,14.42,14.45,14.28,14.31,546732
2024-03-05,14.26,14.57,14.22,14.51,706846
2024-03-06,14.51,14.6,14.4,14.4,471367
2024-03-07,14.4,14.53,14.36,14.41,419122
2024-03-08,14.39,14.47,14.33,14.38,344518
2024-03-11,14.37,14.44,14.29,14.4,417695
2024-03-12,14.38,14.51,14.34,14.39,554795
2024-03-13,14.38,14.42,14.15,14.21,532707
2024-03-14,14.18,14.28,14.18,14.19,309543
2024-03-15,14.23,14.37,14.18,14.29,460855
2024-03-18,14.24,14.34,14.23,14.27,303570
2024-03-19,14.25,14.27,14.08,14.09,409027
2024-03-20,14.08,14.2,14.03,14.18,294985
2024-03-21,14.16,14.33,14.14,14.23,360476
2024-03-22,14.22,14.26,14.05,14.17,404523
2024-03-25,14.15,14.28,14.11,14.19,363073
2024-03-26,14.23,14.38,14.23,14.36,498302
2024-03-27,14.38,14.59,14.34,14.49,559530
2024-03-28,14.45,14.47,14.12,14.15,833140
2024-03-29,13.62,13.83,13.44,13.68,1160068
2024-04-01,13.7,13.98,13.67,13.73,926342
2024-04-02,13.72,13.79,13.42,13.49,1158957
2024-04-03,13.44,13.46,13.25,13.31,840291
2024-04-08,13.28,13.43,13.21,13.38,672486
2024-04-09,13.38,13.5,13.35,13.36,548995
2024-04-10,13.37,13.76,13.37,13.62,923923
2024-04-11,13.56,13.61,13.42,13.55,486581
2024-04-12,13.51,13.64,13.37,13.39,615815
2024-04-15,13.4,13.71,13.39,13.67,710114
2024-04-16,13.61,13.93,13.61,13.83,924682
2024-04-17,13.81,14.1,13.64,14.08,909936
2024-04-18,14.03,14.4,14.01,14.2,892053
2024-04-19,14.15,14.29,14.06,14.08,525723
2024-04-22,14.13,14.33,13.97,14.03,540810
2024-04-23,14.09,14.13,13.88,13.9,545711
2024-04-24,13.96,13.96,13.78,13.81,424145
2024-04-25,13.8,14.07,13.77,14.07,548005
2024-04-26,14.07,14.38,14.07,14.33,1268495
2024-04-29,14.33,14.75,14.29,14.64,1101084
2024-04-30,14.64,14.8,14.58,14.75,770945
2024-05-06,14.9,14.98,14.71,14.72,805918
2024-05-07,14.73,14.76,14.51,14.72,606680
2024-05-08,14.67,14.81,14.62,14.68,441443
2024-05-09,14.65,14.84,14.65,14.76,403447
2024-05-10,14.77,15.02,14.76,14.97,727723
2024-05-13,14.95,15.1,14.82,15.06,502022
2024-05-14,15.09,15.14,14.95,15.02,434376
2024-05-15,15.02,15.09,14.84,14.91,452711
2024-05-16,14.94,15.35,14.92,15.28,928748
2024-05-17,15.32,15.6,15.28,15.6,875394
2024-05-20,15.61,16.0,15.57,15.76,975846
2024-05-21,15.72,16.0,15.63,15.93,685140
2024-05-22,15.93,16.2,15.88,16.08,774065
2024-05-23,16.04,16.1,15.84,16.01,627148
2024-05-24,15.96,16.09,15.77,15.79,626611
2024-05-27,15.85,16.18,15.81,16.13,778319
2024-05-28,16.14,16.35,16.07,16.22,633707
2024-05-29,16.2,16.3,15.9,15.97,737608
2024-05-30,15.91,16.15,15.7,15.84,680845
2024-05-31,15.87,15.93,15.77,15.79,673862
2024-06-03,15.79,15.88,15.53,15.7,588960
2024-06-04,15.67,15.86,15.63,15.65,492624
2024-06-05,15.68,15.73,15.38,15.45,549223
2024-06-06,15.48,15.64,15.42,15.47,435238
2024-06-07,15.53,15.63,15.33,15.43,462581
2024-06-11,15.37,15.5,15.21,15.31,531946
2024-06-12,15.36,15.36,15.11,15.18,452884
2024-06-13,15.23,15.28,15.03,15.07,324221
2024-06-14,15.08,15.47,15.04,15.36,659518
2024-06-17,15.32,15.42,15.13,15.26,431133
2024-06-18,15.27,15.45,15.2,15.29,358813
2024-06-19,15.33,15.61,15.28,15.52,506490
2024-06-20,15.53,15.55,15.18,15.2,366616
2024-06-21,15.19,15.32,15.02,15.25,487390
2024-06-24,15.24,15.36,15.05,15.32,470882
2024-06-25,15.3,15.37,15.13,15.22,479691
2024-06-26,15.2,15.3,15.13,15.23,353252
2024-06-27,15.23,15.4,15.13,15.35,498549
2024-06-28,15.4,15.65,15.31,15.52,620202
2024-07-01,15.53,15.8,15.53,15.65,434392
2024-07-02,15.6,15.87,15.59,15.82,497295
2024-07-03,15.82,15.89,15.54,15.6,425687
2024-07-04,15.6,15.7,15.46,15.52,443687
2024-07-05,15.58,15.61,14.98,15.09,883676
2024-07-08,15.08,15.26,15.03,15.18,695382
2024-07-09,15.23,15.42,15.13,15.37,803854
2024-07-10,15.36,15.68,15.33,15.55,471180
2024-07-11,15.62,15.64,15.36,15.42,499204
2024-07-12,15.43,15.85,15.42,15.82,595485
2024-07-15,15.78,16.03,15.77,15.97,465326
2024-07-16,16.0,16.04,15.83,15.94,415864
2024-07-17,15.95,16.19,15.94,16.14,646941
2024-07-18,16.2,16.24,15.96,16.04,547819
2024-07-19,16.04,16.17,15.8,16.07,763524
2024-07-22,16.07,16.07,15.6,15.72,613027
2024-07-23,15.73,16.08,15.73,15.88,617517
2024-07-24,15.86,15.93,15.68,15.77,464532
2024-07-25,15.83,15.83,15.5,15.65,522132
2024-07-26,15.66,15.72,15.32,15.43,486405
2024-07-29,15.47,15.71,15.44,15.66,401883
2024-07-30,15.66,15.77,15.53,15.63,436240
2024-07-31,15.62,15.77,15.59,15.69,447818
2024-08-01,15.66,15.77,15.5,15.58,414221
2024-08-02,15.54,15.6,15.42,15.46,348126
2024-08-05,15.44,15.55,15.31,15.32,488028
2024-08-06,15.39,15.47,15.08,15.15,474187
2024-08-07,15.15,15.39,15.15,15.26,358499
2024-08-08,15.28,15.41,15.24,15.38,232817
2024-08-09,15.39,15.5,15.28,15.31,285310
2024-08-12,15.28,15.34,15.22,15.22,211288
2024-08-13,15.23,15.31,15.18,15.26,227720
2024-08-14,15.26,15.39,15.21,15.22,231697
2024-08-15,15.22,15.58,15.19,15.53,483621
2024-08-16,15.57,15.72,15.54,15.66,359424
2024-08-19,15.69,15.91,15.66,15.89,393259
2024-08-20,15.92,15.94,15.72,15.78,386604
2024-08-21,15.74,15.81,15.52,15.71,424236
2024-08-22,15.73,15.84,15.67,15.76,440721
2024-08-23,15.85,16.28,15.82,16.26,1106317
2024-08-26,16.27,16.44,16.25,16.42,669400
2024-08-27,16.42,16.49,16.23,16.27,396531
2024-08-28,16.33,16.34,16.07,16.15,480679
2024-08-29,16.19,16.21,15.62,15.63,723390
2024-08-30,15.63,15.81,15.45,15.45,838757
2024-09-02,15.47,15.66,15.36,15.44,536399
2024-09-03,15.44,15.51,15.1,15.3,579960
2024-09-04,15.27,15.43,15.14,15.18,442652
2024-09-05,15.19,15.29,15.11,15.24,417014
2024-09-06,15.25,15.54,15.25,15.33,404647
2024-09-09,15.33,15.47,14.89,14.91,653163
2024-09-10,14.94,15.04,14.77,15.01,405672
2024-09-11,14.97,14.98,14.62,14.74,498040
2024-09-12,14.77,15.04,14.64,14.97,382310
2024-09-13,15.02,15.12,14.89,14.91,282448
2024-09-18,14.91,15.04,14.82,15.01,295414
2024-09-19,15.04,15.06,14.8,14.99,366114
2024-09-20,15.01,15.24,15.0,15.19,578097
2024-09-23,15.16,15.56,15.1,15.5,427252
2024-09-24,15.61,16.12,15.54,16.12,1068360
2024-09-25,16.4,16.81,16.3,16.54,1274030
2024-09-26,16.54,17.39,16.52,17.39,1679337
2024-09-27,17.74,17.84,16.97,17.28,858451
2024-09-30,17.84,18.35,17.46,18.21,2414477
2024-10-08,19.94,19.99,18.32,18.95,2446357
2024-10-09,18.85,18.88,17.55,17.55,1678425
2024-10-10,17.85,18.72,17.85,18.34,1570003
2024-10-11,18.25,18.64,17.75,17.94,1000905
2024-10-14,18.21,18.9,18.21,18.6,1435215
2024-10-15,18.57,18.89,18.29,18.29,891550
2024-10-16,18.14,18.99,18.12,18.9,1330098
2024-10-17,18.9,19.12,18.5,18.51,836726
2024-10-18,18.56,18.73,18.14,18.54,948697
2024-10-21,18.51,18.51,17.91,18.17,1152118
2024-10-22,18.07,18.34,18.0,18.08,573672
2024-10-23,18.07,18.18,17.95,18.1,531445
2024-10-24,18.04,18.21,18.01,18.11,372018
2024-10-25,18.17,18.22,17.95,18.08,474427
2024-10-28,18.01,18.07,17.66,17.96,640524
2024-10-29,17.97,18.26,17.85,17.95,603657
2024-10-30,17.85,18.06,17.64,17.71,580633
2024-10-31,17.44,17.56,16.97,17.22,1388507
2024-11-01,17.15,17.49,17.14,17.23,793594
2024-11-04,17.27,17.32,16.96,17.25,585214
2024-11-05,17.23,17.38,17.07,17.34,864414
2024-11-06,17.33,17.42,17.15,17.27,905731
2024-11-07,17.32,17.88,17.28,17.85,954177
2024-11-08,17.88,18.03,17.57,17.64,860198
2024-11-11,17.44,17.54,17.2,17.32,819391
2024-11-12,17.29,17.57,17.05,17.07,811100
2024-11-13,17.06,17.2,17.02,17.09,583419
2024-11-14,17.05,17.34,17.0,17.13,677475
2024-11-15,17.11,17.28,16.99,16.99,713659
2024-11-18,17.14,17.92,17.14,17.45,1681920
2024-11-19,17.45,17.66,17.15,17.27,984693
2024-11-20,17.29,17.3,17.13,17.16,640151
2024-11-21,17.15,17.22,17.08,17.18,439914
2024-11-22,17.19,17.23,16.74,16.74,848441
2024-11-25,16.85,16.93,16.65,16.7,645260
2024-11-26,16.69,16.99,16.61,16.9,624652
2024-11-27,16.89,17.06,16.74,17.05,479128
2024-11-28,17.05,17.1,16.84,16.97,476988
2024-11-29,17.0,17.17,16.97,16.99,708222
2024-12-02,16.99,17.17,16.94,17.13,581067
2024-12-03,17.12,17.39,17.06,17.39,744987
2024-12-04,17.38,17.46,17.14,17.36,672370
2024-12-05,17.3,17.36,17.17,17.2,437532
2024-12-06,17.23,17.57,17.22,17.43,702704
2024-12-09,17.43,17.58,17.32,17.48,584094
2024-12-10,17.82,17.91,17.61,17.62,938826
2024-12-11,17.67,17.75,17.45,17.49,626747
2024-12-12,17.5,17.78,17.46,17.69,692184
2024-12-13,17.62,17.65,17.09,17.09,1131967
2024-12-16,17.12,17.31,17.12,17.16,544176
2024-12-17,17.14,17.37,17.11,17.3,570435
2024-12-18,17.35,17.62,17.33,17.54,692378
2024-12-19,17.45,17.62,17.41,17.48,548275
2024-12-20,17.47,17.63,17.4,17.46,653240
2024-12-23,17.46,17.86,17.46,17.76,971536
2024-12-24,17.77,17.98,17.76,17.92,827211
2024-12-25,17.95,18.21,17.92,18.13,745274
2024-12-26,18.1,18.19,17.95,18.16,577986
2024-12-27,18.17,18.29,17.94,18.29,708825
2024-12-30,18.3,18.56,18.3,18.49,724250
2024-12-31,18.43,18.54,18.1,18.1,813366
2025-01-02,18.15,18.29,17.77,17.86,951277
2025-01-03,17.87,18.09,17.74,17.86,736913
2025-01-06,17.95,18.19,17.64,18.15,844271
2025-01-07,18.09,18.49,18.08,18.37,694614
2025-01-08,18.37,18.74,18.34,18.58,844443
2025-01-09,18.62,18.68,18.27,18.55,641164
2025-01-10,18.6,18.72,18.31,18.52,650177
2025-01-13,18.38,18.5,18.06,18.23,638705
2025-01-14,18.27,18.62,18.16,18.55,777593
2025-01-15,18.57,19.02,18.5,18.74,783713
2025-01-16,18.94,18.99,18.66,18.93,703283
2025-01-17,18.92,19.03,18.74,18.84,512628
2025-01-20,18.98,19.07,18.78,18.82,561583
2025-01-21,18.89,19.1,18.71,18.9,573614
2025-01-22,18.93,18.94,18.44,18.45,703030
2025-01-23,18.6,19.13,18.59,19.08,994136
2025-01-24,19.02,19.26,18.87,19.17,721448
2025-01-27,19.26,19.44,19.16,19.25,669851
2025-02-05,19.42,19.42,19.0,19.07,569414
2025-02-06,19.03,19.29,18.96,19.18,529925
2025-02-07,19.12,19.24,19.01,19.06,620197
2025-02-10,19.06,19.57,18.96,19.29,771457
2025-02-11,19.3,19.48,19.23,19.29,434902
2025-02-12,19.34,19.81,19.23,19.74,726420
2025-02-13,19.7,19.89,19.64,19.66,457215
2025-02-14,19.69,20.12,19.6,20.1,811008
2025-02-17,20.04,20.09,19.7,19.89,673914
2025-02-18,19.79,20.16,19.76,19.99,590479
2025-02-19,19.93,20.03,19.85,19.94,432591
2025-02-20,19.95,19.97,19.75,19.78,404954
2025-02-21,19.86,19.86,19.45,19.61,607646
2025-02-24,19.51,19.65,19.37,19.43,506186
2025-02-25,19.37,19.49,19.27,19.35,485183
2025-02-26,19.43,19.74,19.36,19.38,512125
2025-02-27,19.39,19.88,19.29,19.86,643982
2025-02-28,19.8,20.03,19.69,19.69,639372
2025-03-03,19.85,19.89,19.55,19.69,461078
2025-03-04,19.64,19.92,19.64,19.76,399199
2025-03-05,19.77,20.1,19.72,20.04,632939
2025-03-06,20.05,20.13,19.84,20.07,560515
2025-03-07,20.11,20.37,20.04,20.3,642880
2025-03-10,20.24,20.28,19.89,19.94,605542
2025-03-11,19.88,20.24,19.88,20.24,560076
2025-03-12,20.22,20.41,20.09,20.16,403868
2025-03-13,20.19,20.45,20.16,20.29,592419
2025-03-14,20.34,20.82,20.29,20.7,990998
2025-03-17,20.79,20.93,20.67,20.84,543790
2025-03-18,20.82,20.88,20.71,20.77,324110
2025-03-19,20.77,21.38,20.76,21.32,809341
2025-03-20,21.35,21.42,21.05,21.24,618912
2025-03-21,21.14,21.28,20.53,20.57,807332
2025-03-24,20.57,20.84,20.57,20.77,429974
2025-03-25,20.78,20.92,20.66,20.72,316396
2025-03-26,20.65,20.76,20.35,20.42,604397
2025-03-27,20.43,20.7,20.4,20.44,383656
2025-03-28,20.49,20.59,20.36,20.47,386115
2025-03-31,20.5,20.66,20.29,20.54,562278
2025-04-01,20.52,20.54,20.09,20.2,613001
2025-04-02,20.14,20.38,20.13,20.19,384626
2025-04-03,19.98,20.27,19.93,20.12,396031
2025-04-07,19.24,19.69,18.61,19.07,1741399
2025-04-08,19.07,19.82,18.97,19.75,1563775
2025-04-09,19.64,19.74,19.22,19.33,941606
2025-04-10,19.46,19.88,19.3,19.7,683322
2025-04-11,19.67,19.79,19.49,19.69,454120
2025-04-14,19.74,19.94,19.69,19.74,461712
2025-04-15,19.78,20.1,19.76,20.05,494184
2025-04-16,19.97,20.21,19.81,20.07,645819
2025-04-17,19.99,20.09,19.77,19.97,483191
2025-04-18,19.97,20.42,19.96,20.33,516229
2025-04-21,20.29,20.49,20.02,20.02,472601
2025-04-22,20.02,20.14,19.94,19.97,351034
2025-04-23,20.04,20.06,19.8,19.89,360548
2025-04-24,19.84,20.12,19.84,20.09,376957
2025-04-25,20.11,20.17,19.85,19.88,368368
2025-04-28,19.95,20.12,19.88,20.03,380771
2025-04-29,20.01,20.16,19.94,19.96,334685
2025-04-30,19.87,19.88,19.53,19.81,574757
2025-05-06,19.99,19.99,19.67,19.67,470069
2025-05-07,19.84,20.02,19.75,19.98,527321
2025-05-08,20.04,20.62,19.99,20.47,723859
2025-05-09,20.46,21.08,20.46,21.04,821624
2025-05-12,21.04,21.53,20.92,21.22,862343
2025-05-13,21.27,21.51,21.05,21.49,758636
2025-05-14,21.4,21.97,21.39,21.87,900991
2025-05-15,21.93,22.08,21.74,21.83,595404
2025-05-16,21.82,21.9,21.52,21.64,481783
2025-05-19,21.79,21.89,21.61,21.66,454135
2025-05-20,21.73,21.87,21.4,21.46,498767
2025-05-21,21.59,21.81,21.45,21.65,449312
2025-05-22,21.64,21.88,21.6,21.84,387714
2025-05-23,21.82,21.92,21.67,21.75,409252
2025-05-26,21.75,21.82,21.51,21.56,392893
2025-05-27,21.73,21.87,21.62,21.7,405719
2025-05-28,21.73,21.78,21.42,21.48,372491
2025-05-29,21.54,21.79,21.41,21.59,480047
2025-05-30,21.65,21.82,21.47,21.58,499690
2025-06-03,21.99,22.89,21.84,22.65,1527291
2025-06-04,22.69,22.81,22.5,22.56,503112
2025-06-05,22.56,22.68,22.37,22.46,456161
2025-06-06,22.56,22.79,22.44,22.5,459982
2025-06-09,22.6,22.81,22.53,22.74,569928
2025-06-10,22.84,23.27,22.66,22.75,784888
2025-06-11,22.82,23.26,22.75,22.92,574617
2025-06-12,22.94,23.05,22.74,22.8,711438
2025-06-13,22.81,22.88,22.39,22.44,1817196
2025-06-16,22.54,22.94,22.47,22.9,727632
2025-06-17,22.94,23.09,22.73,22.75,495532
2025-06-18,22.75,22.92,22.59,22.85,536775
2025-06-19,22.87,22.93,22.68,22.74,524856
2025-06-20,22.95,23.28,22.83,23.16,790045
2025-06-23,23.16,23.77,23.03,23.75,781182
2025-06-24,23.66,24.16,23.6,23.85,779732
2025-06-25,23.85,24.13,23.56,24.06,604484
2025-06-26,24.01,24.26,23.85,24.18,657604
2025-06-27,24.18,24.22,23.43,23.56,890620
2025-06-30,23.42,23.56,23.2,23.34,533900
2025-07-01,23.53,23.72,23.35,23.55,486559
2025-07-02,23.65,24.0,23.48,23.9,598592
2025-07-03,23.9,24.13,23.67,24.07,494187
2025-07-04,24.07,25.0,23.96,24.83,1009390
2025-07-07,24.83,25.15,24.74,25.12,611801
2025-07-08,25.06,25.19,24.86,25.14,526754
2025-07-09,25.1,25.15,24.82,25.08,546565
2025-07-10,25.01,25.45,24.94,24.94,842925
2025-07-11,25.13,25.18,24.45,24.45,1277581
2025-07-14,24.58,24.88,24.46,24.69,798195
2025-07-15,24.7,24.77,24.25,24.43,585200
2025-07-16,24.44,24.51,24.02,24.31,585385
2025-07-17,24.3,24.5,24.21,24.29,489326
2025-07-18,24.39,24.65,24.29,24.42,525200
2025-07-21,24.42,24.47,24.0,24.01,724599
2025-07-22,24.02,24.12,23.71,23.85,884209
2025-07-23,23.85,24.1,23.71,23.79,779441
2025-07-24,23.78,23.79,23.24,23.32,993263
2025-07-25,23.18,23.35,23.0,23.17,828381
2025-07-28,23.2,23.3,22.92,22.96,733992
2025-07-29,22.97,23.07,22.67,22.71,756036
2025-07-30,22.72,22.99,22.67,22.77,738517
2025-07-31,22.8,22.88,22.49,22.64,715313
2025-08-01,22.6,22.77,22.36,22.53,635035
2025-08-04,22.53,23.07,22.5,22.78,712914
2025-08-05,22.78,23.22,22.71,23.09,820304
2025-08-06,23.09,23.28,22.92,22.98,553475
2025-08-07,23.0,23.25,22.86,23.07,567574
2025-08-08,23.18,23.22,23.0,23.06,410842
2025-08-11,23.04,23.1,22.82,22.88,572557
2025-08-12,22.89,23.25,22.89,22.99,598124
2025-08-13,23.08,23.22,22.8,22.8,613422
2025-08-14,22.81,22.96,22.61,22.73,629366
2025-08-15,22.7,22.72,22.19,22.32,1009323
2025-08-18,22.31,22.63,22.23,22.62,790749
2025-08-19,22.62,22.69,22.42,22.55,464354
2025-08-20,22.54,22.73,22.41,22.59,517479
2025-08-21,22.59,22.67,22.45,22.61,453809
2025-08-22,22.58,22.83,22.5,22.77,640809
2025-08-25,22.78,22.97,22.71,22.95,617577
2025-08-26,22.9,23.04,22.8,22.88,526531
2025-08-27,22.85,22.96,22.44,22.5,688557
2025-08-28,22.55,22.88,22.41,22.77,715184
2025-08-29,22.7,22.85,22.36,22.41,1103675
2025-09-01,22.5,22.5,21.8,21.81,1019475
2025-09-02,21.8,22.0,21.65,21.99,974915
2025-09-03,21.99,22.19,21.6,21.72,813434
2025-09-04,21.7,22.04,21.39,21.92,1032059
2025-09-05,21.86,21.9,21.66,21.75,512887
2025-09-08,21.66,21.8,21.4,21.46,681393
2025-09-09,21.47,21.57,21.41,21.52,451937
2025-09-10,21.53,21.64,21.43,21.5,394780
2025-09-11,21.51,21.88,21.42,21.84,693894
2025-09-12,21.86,22.0,21.4,21.42,871443
2025-09-15,21.4,21.43,20.99,21.07,817576
2025-09-16,21.08,21.29,20.67,20.7,1098591
2025-09-17,20.71,20.99,20.51,20.59,1216993
2025-09-18,20.63,20.74,20.18,20.25,1326465
2025-09-19,20.28,20.46,20.11,20.29,902440
2025-09-22,20.35,20.44,20.1,20.13,522176
2025-09-23,20.13,20.53,19.94,20.41,1186147
2025-09-24,20.39,20.63,20.17,20.24,851939
2025-09-25,20.23,20.36,20.02,20.21,735592
2025-09-26,20.25,20.42,20.01,20.32,751354
2025-09-29,20.26,20.5,20.05,20.05,1288720
2025-09-30,20.09,20.13,19.79,19.85,1422285
2025-10-09,19.89,19.92,19.65,19.67,1422041
2025-10-10,19.66,19.94,19.64,19.69,1224887
2025-10-13,19.56,19.86,19.35,19.7,1186448
2025-10-14,19.65,20.23,19.61,20.23,1674256
2025-10-15,20.2,20.41,20.1,20.31,1218771
2025-10-16,20.3,20.53,20.12,20.45,1040839
2025-10-17,20.43,20.62,20.15,20.19,1026705
2025-10-20,20.22,20.35,19.96,20.26,733317
2025-10-21,20.26,20.36,20.13,20.16,713193
2025-10-22,20.16,20.59,20.13,20.4,1052978
2025-10-23,20.43,20.88,20.43,20.76,1288925
2025-10-24,20.72,20.86,20.58,20.6,871084
2025-10-27,20.56,20.64,20.36,20.43,868098
2025-10-28,20.5,20.54,20.25,20.42,678051
2025-10-29,20.35,20.35,19.98,20.01,931097
2025-10-30,20.01,20.18,19.92,20.03,853522
2025-10-31,20.1,20.28,20.09,20.23,887862
2025-11-03,20.29,20.65,20.26,20.56,990849
2025-11-04,20.61,21.36,20.57,21.14,1684893
2025-11-05,21.26,21.45,21.11,21.22,1094260
2025-11-06,21.15,21.37,21.02,21.16,873787
2025-11-07,21.28,21.47,21.12,21.17,758866
2025-11-10,21.17,21.32,21.05,21.18,620422
2025-11-11,21.16,21.37,21.09,21.27,634825
2025-11-12,21.35,21.55,21.28,21.3,933772
2025-11-13,21.32,21.42,21.13,21.28,673045
2025-11-14,21.29,21.9,21.28,21.6,1195918
2025-11-17,21.56,21.67,21.28,21.42,901597
2025-11-18,21.41,21.49,21.23,21.3,543063
2025-11-19,21.34,21.6,21.29,21.43,614975
2025-11-20,21.39,21.86,21.36,21.52,811554
2025-11-21,21.65,21.65,21.21,21.36,1022189
2025-11-24,21.4,21.44,21.01,21.01,902302
2025-11-25,21.05,21.42,20.87,21.4,705707
2025-11-26,21.44,21.62,21.24,21.3,522058
2025-11-27,21.24,21.44,21.11,21.39,558515
2025-11-28,21.34,21.36,21.1,21.11,567063
2025-12-01,20.93,21.23,20.9,21.16,773597
2025-12-02,21.22,21.26,20.96,21.15,531470
2025-12-03,21.1,21.29,20.93,20.94,591745
2025-12-04,20.94,21.03,20.82,20.87,452229
2025-12-05,20.83,20.89,20.58,20.8,671356
2025-12-08,20.8,21.04,20.76,20.88,741996
2025-12-09,20.92,20.95,20.65,20.72,614576
2025-12-10,20.68,20.71,20.26,20.35,716149
2025-12-11,20.37,20.42,20.24,20.42,630224
2025-12-12,20.4,20.65,20.32,20.65,958856
2025-12-15,20.6,20.86,20.58,20.69,506772
2025-12-16,20.73,20.74,20.33,20.42,475217
2025-12-17,20.41,20.62,20.23,20.48,695326
2025-12-18,20.43,20.95,20.36,20.94,670015
2025-12-19,20.9,21.18,20.81,21.09,717066
2025-12-22,21.1,21.23,20.96,20.99,626549
2025-12-23,21.06,21.1,20.91,21.06,447450
2025-12-24,21.06,21.11,20.88,21.03,499214
2025-12-25,21.03,21.24,21.02,21.04,545940
2025-12-26,21.03,21.18,21.0,21.14,502879
2025-12-29,21.16,21.46,21.08,21.42,751746
2025-12-30,21.35,21.42,21.07,21.09,675344
2025-12-31,21.13,21.18,21.03,21.06,516303
