date,open,high,low,close,volume
2015-01-05,4.01,4.28,4.01,4.22,347882
2015-01-06,4.18,4.54,4.14,4.32,513064
2015-01-07,4.29,4.31,4.15,4.27,199490
2015-01-08,4.29,4.32,4.11,4.15,154954
2015-01-09,4.13,4.22,3.97,3.98,244208
2015-01-12,3.94,3.95,3.76,3.83,153963
2015-01-13,3.87,3.9,3.81,3.88,77542
2015-01-14,3.86,3.92,3.78,3.8,87646
2015-01-15,3.8,3.91,3.8,3.9,76072
2015-01-16,3.89,3.95,3.86,3.89,137421
2015-01-19,3.76,3.76,3.36,3.51,168952
2015-01-20,3.54,3.67,3.52,3.65,91013
2015-01-21,3.65,3.79,3.62,3.77,127135
2015-01-22,3.77,3.8,3.72,3.78,113828
2015-01-23,3.79,3.81,3.7,3.74,88422
2015-01-26,3.73,3.82,3.72,3.81,85814
2015-01-27,3.8,3.98,3.8,3.89,158314
2015-01-28,3.87,3.87,3.77,3.82,81224
2015-01-29,3.77,3.8,3.71,3.73,61766
2015-01-30,3.75,3.82,3.72,3.74,68458
2015-02-02,3.7,3.71,3.64,3.67,62301
2015-02-03,3.67,3.72,3.65,3.71,67286
2015-02-04,3.72,3.79,3.69,3.71,92065
2015-02-05,3.77,3.77,3.64,3.64,101238
2015-02-06,3.62,3.67,3.52,3.56,57553
2015-02-09,3.55,3.62,3.53,3.59,36905
2015-02-10,3.59,3.68,3.58,3.67,55825
2015-02-11,3.69,3.71,3.65,3.68,42509
2015-02-12,3.68,3.75,3.68,3.72,59314
2015-02-13,3.75,3.79,3.73,3.77,78902
2015-02-16,3.77,3.82,3.75,3.79,61218
2015-02-17,3.79,3.91,3.79,3.86,104165
2015-02-25,3.86,3.89,3.81,3.83,52378
2015-02-26,3.83,3.9,3.79,3.89,68857
2015-02-27,3.92,3.92,3.84,3.85,79550
2015-03-02,3.9,3.99,3.86,3.99,150371
2015-03-03,3.97,3.97,3.86,3.89,106744
2015-03-04,3.97,4.05,3.88,3.99,131109
2015-03-05,4.01,4.26,3.97,4.22,393258
2015-03-06,4.24,4.49,4.16,4.22,419580
2015-03-09,4.18,4.39,4.16,4.34,234525
2015-03-10,4.37,4.46,4.29,4.32,178956
2015-03-11,4.38,4.38,4.14,4.17,194423
2015-03-12,4.14,4.32,4.13,4.3,151144
2015-03-13,4.29,4.32,4.19,4.29,113908
2015-03-16,4.29,4.43,4.29,4.38,284477
2015-03-17,4.39,4.45,4.32,4.43,215648
2015-03-18,4.42,4.92,4.4,4.79,370475
2015-03-19,4.77,4.84,4.67,4.79,213270
2015-03-20,4.79,5.17,4.75,4.99,280984
2015-03-23,5.06,5.14,4.93,4.99,221453
2015-03-24,4.97,4.99,4.67,4.82,248544
2015-03-25,4.87,4.99,4.79,4.92,220063
2015-03-26,4.86,4.88,4.74,4.81,207682
2015-03-27,4.82,4.86,4.74,4.78,162466
2015-03-30,4.81,5.04,4.8,4.99,272185
2015-03-31,4.97,5.01,4.79,4.81,224732
2015-04-01,4.8,5.02,4.75,4.98,275802
2015-04-02,4.99,5.37,4.97,5.34,350082
2015-04-03,5.29,5.5,5.2,5.33,255970
2015-04-07,5.34,5.42,5.29,5.39,209741
2015-04-08,5.4,5.46,5.16,5.32,235686
2015-04-09,5.27,5.33,4.97,5.11,212556
2015-04-10,5.07,5.22,5.06,5.2,198951
2015-04-13,5.24,5.36,5.14,5.31,218134
2015-04-14,5.3,5.43,5.18,5.33,199567
2015-04-15,5.32,5.6,5.25,5.45,299580
2015-04-16,5.46,5.58,5.14,5.54,233290
2015-04-17,5.57,5.89,5.52,5.74,331048
2015-04-20,5.65,5.8,5.39,5.42,319650
2015-04-21,5.42,5.68,5.42,5.67,208464
2015-04-22,5.69,6.09,5.69,5.99,310429
2015-04-23,6.02,6.39,6.02,6.19,351886
2015-04-24,6.0,6.67,5.93,6.52,331592
2015-04-27,6.57,7.39,6.52,7.39,499215
2015-04-28,7.37,7.37,6.79,6.99,345377
2015-04-29,6.84,7.15,6.62,7.08,230074
2015-04-30,7.07,7.36,6.72,6.75,199569
2015-05-04,6.72,7.08,6.66,6.85,156308
2015-05-05,6.87,6.87,6.14,6.23,192262
2015-05-06,6.23,6.36,5.67,5.89,161469
2015-05-07,5.86,5.95,5.69,5.79,116237
2015-05-08,5.86,6.11,5.81,6.07,150161
2015-05-11,6.14,6.85,6.01,6.83,272100
2015-05-12,6.68,6.87,6.56,6.7,201459
2015-05-13,6.67,6.9,6.52,6.77,186307
2015-05-14,6.79,7.09,6.69,6.87,173128
2015-05-15,6.79,6.79,6.43,6.47,123952
2015-05-18,6.44,6.44,6.21,6.25,125019
2015-05-19,6.24,6.63,6.12,6.52,134403
2015-05-20,6.54,6.69,6.46,6.47,188357
2015-05-21,6.43,6.62,6.24,6.61,139054
2015-05-22,6.64,7.31,6.52,7.11,293555
2015-05-25,7.99,7.99,7.36,7.4,384745
2015-05-26,7.56,7.64,7.22,7.49,331928
2015-05-27,7.47,7.47,7.17,7.35,253702
2015-05-28,7.29,7.5,6.5,6.54,291120
2015-05-29,6.53,6.7,6.04,6.31,212623
2015-06-01,6.36,6.86,6.36,6.83,214908
2015-06-02,6.84,7.19,6.74,7.17,236233
2015-06-03,7.22,7.28,6.83,7.05,234794
2015-06-04,7.06,7.31,6.21,7.14,272943
2015-06-05,7.32,8.07,7.08,8.07,575660
2015-06-08,8.22,8.64,8.04,8.37,462098
2015-06-09,8.51,8.56,8.19,8.42,266936
2015-06-10,8.31,8.74,8.14,8.65,253411
2015-06-11,8.7,8.72,8.29,8.39,250989
2015-06-12,8.39,8.49,8.24,8.34,194969
2015-06-15,8.34,9.4,8.22,9.11,602294
2015-06-16,8.84,10.07,8.49,9.69,531120
2015-06-17,9.72,10.45,9.43,10.11,372952
2015-06-18,10.13,10.88,9.81,10.62,369324
2015-06-19,10.63,10.72,9.81,10.22,381262
2015-06-23,9.84,10.03,8.98,9.7,274973
2015-06-24,9.75,10.5,9.25,9.72,335269
2015-06-25,9.5,10.07,9.34,9.73,313409
2015-06-26,9.22,9.33,8.54,8.54,193294
2015-06-29,8.92,9.13,7.47,8.29,282171
2015-06-30,8.07,8.92,7.24,8.72,270550
2015-07-01,8.75,8.92,7.86,8.42,270133
2015-07-02,8.49,9.22,7.39,8.57,273725
2015-07-03,8.22,8.87,7.64,8.47,217673
2015-07-06,9.43,9.43,7.44,8.59,346171
2015-07-07,8.07,8.39,7.52,7.52,168010
2015-07-08,6.54,6.54,6.54,6.54,5215
2015-07-09,5.67,7.42,5.67,7.42,347031
2015-07-10,7.44,8.39,7.44,8.39,239912
2015-07-13,8.56,9.29,8.11,9.25,333617
2015-07-14,9.04,9.92,8.64,9.12,285353
2015-07-15,9.12,9.92,8.86,9.32,319035
2015-07-16,9.36,9.72,8.75,9.57,203491
2015-07-17,9.7,10.39,9.39,10.29,300100
2015-07-20,10.29,10.57,9.62,10.32,276536
2015-07-21,10.04,10.59,9.9,10.25,183428
2015-07-22,10.31,10.32,9.52,10.22,183199
2015-07-23,10.04,11.42,9.97,10.79,241388
2015-07-24,10.84,11.8,10.7,11.56,321464
2015-07-27,11.26,12.12,10.19,11.37,270675
2015-07-28,10.63,11.77,10.38,11.73,258476
2015-07-29,11.67,13.12,11.06,11.85,225888
2015-07-30,11.66,11.74,10.93,11.39,152741
2015-07-31,11.17,11.51,11.0,11.27,99320
2015-08-03,11.04,11.49,9.99,10.52,130251
2015-08-04,10.34,11.5,10.29,11.49,145287
2015-08-05,11.63,11.64,11.28,11.52,117790
2015-08-06,11.51,11.92,11.12,11.54,117263
2015-08-07,11.56,11.9,11.39,11.83,136063
2015-08-10,11.84,12.29,11.44,12.05,498938
2015-08-11,11.92,11.98,11.04,11.35,632813
2015-08-12,11.2,11.69,10.69,11.39,331328
2015-08-13,11.42,11.56,11.07,11.22,231549
2015-08-14,11.31,12.54,11.17,12.04,435614
2015-08-17,12.12,12.84,11.79,12.82,381216
2015-08-18,12.84,12.95,11.32,11.65,387856
2015-08-19,11.42,12.27,10.99,12.02,276266
2015-08-20,12.09,12.19,11.54,11.79,151195
2015-08-21,11.79,12.09,11.07,11.62,135226
2015-08-24,11.2,11.21,10.24,10.24,94801
2015-08-25,9.0,11.33,9.0,9.0,176380
2015-08-26,9.42,10.11,8.56,9.51,229341
2015-08-27,9.79,10.27,9.32,10.26,136754
2015-08-28,10.47,11.04,10.25,11.02,148121
2015-08-31,10.93,11.06,10.36,10.87,100263
2015-09-01,10.88,11.13,9.57,9.57,113893
2015-09-02,8.64,9.89,8.39,9.57,123666
2015-09-07,9.7,10.12,9.42,9.62,69040
2015-09-08,9.77,10.13,9.1,10.1,67126
2015-09-09,10.09,10.77,9.99,10.74,108794
2015-09-10,10.7,10.99,10.42,10.77,89295
2015-09-11,10.83,11.32,10.7,10.97,108622
2015-09-14,11.2,11.54,10.11,10.78,103584
2015-09-15,10.56,10.61,10.02,10.24,56083
2015-09-16,10.24,11.49,10.24,11.49,173127
2015-09-17,11.49,12.12,10.97,11.07,229253
2015-09-18,11.22,11.4,10.84,11.27,90116
2015-09-21,11.27,11.51,11.07,11.43,81648
2015-09-22,11.34,11.9,11.27,11.46,130732
2015-09-23,11.42,11.52,11.15,11.18,66880
2015-09-24,11.13,11.49,11.09,11.33,56482
2015-09-25,11.2,11.37,10.63,10.8,62632
2015-09-28,10.87,11.06,10.45,10.94,40881
2015-09-29,10.94,11.26,10.74,10.94,47436
2015-09-30,11.12,11.27,10.7,10.83,81426
2015-10-08,11.13,11.49,11.0,11.17,108157
2015-10-09,11.2,12.01,10.94,11.67,113060
2015-10-12,11.76,12.97,11.66,12.6,165532
2015-10-13,12.55,12.55,11.74,11.78,277113
2015-10-14,11.74,11.97,11.52,11.61,104128
2015-10-15,11.54,11.94,11.39,11.79,111945
2015-10-16,11.87,12.33,11.73,12.07,144727
2015-10-19,12.03,12.5,11.97,12.24,126301
2015-10-20,12.39,12.39,11.93,12.08,65877
2015-10-21,12.04,12.04,10.74,10.94,102956
2015-10-22,10.94,11.34,10.88,11.21,49497
2015-10-23,11.35,11.61,11.12,11.47,51675
2015-10-26,11.73,11.76,11.39,11.46,76550
2015-10-27,11.37,12.26,11.22,12.24,118028
2015-10-28,12.3,12.39,11.97,12.19,87468
2015-10-29,12.19,12.89,12.12,12.67,88745
2015-10-30,12.67,13.17,12.37,12.8,74284
2015-11-02,12.63,13.13,12.26,12.43,64927
2015-11-03,12.33,12.76,12.12,12.27,35235
2015-11-04,12.19,13.1,12.17,12.87,68667
2015-11-05,12.92,13.97,12.77,13.92,150644
2015-11-06,13.97,14.79,13.72,14.44,151336
2015-11-09,14.54,15.2,14.33,14.62,142249
2015-11-10,14.27,14.7,13.94,14.17,173169
2015-11-11,14.19,14.67,14.09,14.46,92826
2015-11-12,14.54,14.94,14.15,14.86,99996
2015-11-13,14.57,15.62,14.47,15.15,100944
2015-11-16,14.82,15.29,14.54,15.13,53920
2015-11-17,15.22,15.65,14.54,14.66,66321
2015-11-18,14.72,15.04,14.52,14.53,46877
2015-11-19,14.54,14.82,14.19,14.7,36511
2015-11-20,14.82,14.83,14.04,14.21,56733
2015-11-23,13.83,14.19,13.83,13.95,48002
2015-11-24,13.96,14.29,13.84,14.06,38482
2015-11-25,13.95,14.47,13.95,14.28,32094
2015-11-26,14.38,14.38,13.73,13.74,68155
2015-11-27,13.47,13.89,12.32,12.67,54972
2015-11-30,12.54,12.88,11.69,12.84,54801
2015-12-01,12.98,13.02,12.47,12.57,33763
2015-12-02,12.57,13.17,12.57,13.08,40236
2015-12-03,13.26,13.53,13.09,13.42,38206
2015-12-04,13.37,13.91,13.22,13.66,47118
2015-12-07,13.74,13.87,13.31,13.68,28140
2015-12-08,13.55,13.78,13.53,13.69,27213
2015-12-09,13.68,13.83,13.4,13.48,37732
2015-12-10,13.48,13.53,13.14,13.34,32082
2015-12-11,13.34,13.61,12.9,12.95,35201
2015-12-14,12.94,13.69,12.79,13.59,49604
2015-12-15,13.54,14.01,13.45,13.85,27181
2015-12-16,13.77,14.12,13.7,13.9,24063
2015-12-17,13.91,14.11,13.83,13.94,33502
2015-12-18,13.97,14.08,13.83,13.98,31891
2015-12-21,13.94,13.97,13.62,13.77,37670
2015-12-22,13.83,13.94,13.71,13.81,28355
2015-12-23,13.82,15.4,13.77,15.4,135896
2015-12-24,15.4,15.58,14.17,14.33,121839
2015-12-25,14.5,15.02,14.37,14.55,50820
2015-12-28,14.54,14.57,13.85,14.02,47591
2015-12-29,13.97,14.19,13.97,14.16,25583
2015-12-30,14.17,14.26,14.02,14.19,19717
2015-12-31,14.23,14.32,13.9,14.02,23725
2016-01-04,14.02,14.22,12.42,12.44,25097
2016-01-05,12.21,13.56,11.49,13.0,56201
2016-01-06,13.0,13.79,13.0,13.78,39576
2016-01-07,13.64,13.64,12.4,12.49,5243
2016-01-08,13.26,13.89,12.33,13.65,42326
2016-01-11,13.4,13.51,12.31,12.64,48570
2016-01-12,12.72,12.82,11.9,12.61,44728
2016-01-13,12.47,12.89,11.9,12.1,30774
2016-01-14,11.9,12.39,11.15,12.24,40618
2016-01-15,12.38,12.39,11.31,11.57,33017
2016-01-18,11.49,12.04,11.13,11.87,28176
2016-01-19,11.79,13.07,11.65,12.72,33327
2016-01-20,12.74,12.9,12.43,12.74,25244
2016-01-21,12.69,12.83,12.46,12.52,20774
2016-01-22,12.54,12.65,11.74,12.22,31029
2016-01-25,12.22,12.61,12.12,12.37,13629
2016-01-26,12.15,12.54,11.47,11.7,19602
2016-01-27,11.72,12.26,11.26,11.74,19446
2016-01-28,11.88,11.94,11.24,11.3,11272
2016-01-29,11.33,12.19,11.32,12.05,21493
2016-02-01,12.06,12.23,11.76,11.97,12846
2016-02-02,11.97,12.62,11.97,12.42,16899
2016-02-03,12.46,12.46,11.79,12.34,14011
2016-02-04,12.34,12.9,12.34,12.45,18732
2016-02-05,12.42,12.54,12.15,12.43,13723
2016-02-15,11.76,12.42,11.76,12.37,7900
2016-02-16,12.26,12.89,12.26,12.77,15588
2016-02-17,12.9,13.15,12.7,12.86,16561
2016-02-18,12.9,13.45,12.88,13.11,24994
2016-02-19,13.01,13.25,12.96,13.05,10806
2016-02-22,13.1,13.39,13.09,13.24,21472
2016-02-23,13.26,13.29,12.58,12.97,12090
2016-02-24,12.9,13.1,12.57,12.86,15273
2016-02-25,12.9,13.01,11.47,11.97,23332
2016-02-26,11.97,12.44,11.47,12.13,26122
2016-02-29,11.9,12.09,10.89,11.24,22926
2016-03-01,11.22,11.47,11.12,11.33,13617
2016-03-02,11.33,11.82,11.26,11.77,17420
2016-03-03,11.69,11.93,11.65,11.67,16349
2016-03-04,11.62,11.81,11.39,11.42,15769
2016-03-07,11.49,11.83,11.3,11.47,16531
2016-03-08,11.34,11.68,10.83,11.59,20448
2016-03-09,11.47,11.47,11.17,11.32,9351
2016-03-10,11.36,11.53,11.12,11.36,12022
2016-03-11,11.19,11.44,11.19,11.34,7517
2016-03-14,11.4,11.79,11.4,11.67,16917
2016-03-15,11.58,11.59,11.4,11.43,8988
2016-03-16,11.43,11.59,11.19,11.24,8383
2016-03-17,11.25,11.47,11.25,11.44,14183
2016-03-18,11.52,11.89,11.46,11.76,25093
2016-03-21,11.77,12.6,11.77,12.55,33676
2016-03-22,12.57,12.57,12.26,12.32,20341
2016-03-23,12.3,12.55,12.22,12.41,14094
2016-03-24,12.44,12.45,12.04,12.07,15256
2016-03-25,11.94,12.33,11.94,12.14,11277
2016-03-28,12.2,12.33,12.12,12.14,9668
2016-03-29,12.14,12.33,11.79,12.16,15118
2016-03-30,12.16,12.51,12.14,12.49,17075
2016-03-31,12.49,12.89,12.3,12.63,19153
2016-04-01,12.49,12.74,12.19,12.62,13469
2016-04-05,12.54,13.67,12.48,13.58,38094
2016-04-06,14.19,14.19,13.11,13.12,27407
2016-04-07,13.19,13.22,12.69,12.87,17800
2016-04-08,12.9,12.9,12.48,12.71,13545
2016-04-11,12.75,13.19,12.75,13.14,20389
2016-04-12,13.24,13.24,12.83,12.94,12951
2016-04-13,12.94,13.47,12.92,13.29,22122
2016-04-14,13.33,13.62,13.13,13.36,13938
2016-04-15,13.2,13.54,13.2,13.34,14599
2016-04-18,13.18,13.5,12.96,13.1,13443
2016-04-19,13.19,13.44,13.19,13.37,12295
2016-04-20,13.37,14.92,12.99,14.09,44089
2016-04-21,13.97,13.99,13.37,13.53,33185
2016-04-22,13.53,13.95,13.38,13.83,18579
2016-04-25,13.79,13.89,13.44,13.84,22388
2016-04-26,13.72,13.86,13.26,13.58,26758
2016-04-27,13.44,13.51,13.24,13.26,14436
2016-04-28,13.22,13.74,13.22,13.53,19513
2016-04-29,13.53,14.04,13.34,13.9,39087
2016-05-03,13.91,14.47,13.91,14.34,89536
2016-05-04,14.47,14.7,14.32,14.37,46081
2016-05-05,14.39,15.04,14.39,14.51,22339
2016-05-06,14.34,15.03,14.34,14.47,48112
2016-05-09,14.33,14.99,14.04,14.74,43679
2016-05-10,14.67,16.15,14.6,15.44,87555
2016-05-11,15.27,15.51,15.07,15.28,38265
2016-05-12,15.11,15.55,15.11,15.54,45723
2016-05-13,15.68,15.68,14.67,15.02,55126
2016-05-16,14.87,15.14,14.56,15.0,32908
2016-05-17,14.9,15.29,14.76,15.09,32584
2016-05-18,15.02,15.39,14.83,15.18,31320
2016-05-19,15.28,15.31,14.4,14.54,48254
2016-05-20,14.39,14.62,13.79,14.25,41757
2016-05-23,14.26,14.51,14.09,14.29,17692
2016-05-24,14.35,14.51,14.15,14.41,18629
2016-05-25,14.27,14.5,14.15,14.26,18859
2016-05-26,14.31,14.47,14.05,14.33,17275
2016-05-27,14.47,14.59,14.29,14.35,16783
2016-05-30,14.39,14.54,14.28,14.35,15429
2016-05-31,14.36,15.04,14.35,14.86,46811
2016-06-01,15.19,15.24,14.74,15.0,47220
2016-06-02,15.04,15.12,14.76,14.87,36206
2016-06-03,14.94,15.03,14.5,14.97,38486
2016-06-06,14.97,15.03,14.65,14.77,25347
2016-06-07,14.78,14.82,14.49,14.62,26675
2016-06-08,14.71,14.76,14.19,14.26,48438
2016-06-13,14.16,14.16,13.65,13.68,27242
2016-06-14,13.68,13.88,13.62,13.77,14552
2016-06-15,13.74,14.22,13.62,14.14,33365
2016-06-16,14.12,14.24,13.87,13.94,23214
2016-06-17,13.92,14.32,13.76,13.97,60491
2016-06-20,14.07,14.22,13.77,13.94,15527
2016-06-21,14.04,14.04,13.42,13.59,18369
2016-06-22,13.57,13.77,13.35,13.59,15634
2016-06-23,13.67,13.76,13.44,13.6,12250
2016-06-24,13.52,14.04,13.35,13.72,37536
2016-06-27,13.77,14.63,13.7,14.58,46234
2016-06-28,14.59,14.9,14.45,14.74,28533
2016-06-29,14.8,14.99,14.49,14.76,27787
2016-06-30,14.74,14.8,14.34,14.77,22323
2016-07-01,14.65,15.08,14.57,14.81,19450
2016-07-04,14.74,15.26,14.57,15.12,45856
2016-07-05,15.12,15.49,14.42,14.9,31686
2016-07-06,14.74,15.49,14.68,15.48,50709
2016-07-07,15.48,15.82,15.35,15.72,35066
2016-07-08,15.13,15.48,13.95,13.95,232631
2016-07-11,13.82,14.02,13.31,13.79,70373
2016-07-12,13.62,13.91,13.42,13.43,148502
2016-07-13,13.48,14.03,13.44,13.97,93695
2016-07-14,13.97,14.24,13.77,14.13,70362
2016-07-15,14.15,14.54,14.12,14.28,72608
2016-07-18,14.22,14.63,14.17,14.59,64057
2016-07-19,14.64,14.84,14.5,14.77,37170
2016-07-20,14.72,15.19,14.66,15.04,34279
2016-07-21,15.12,15.39,14.8,15.04,61360
2016-07-22,15.02,15.33,14.77,14.94,25972
2016-07-25,14.97,15.12,14.81,15.09,43994
2016-07-26,14.98,15.32,14.98,15.23,24004
2016-07-27,15.23,15.49,14.46,14.89,42162
2016-07-28,14.91,15.12,14.64,15.0,32954
2016-07-29,14.86,15.23,14.77,14.9,35354
2016-08-01,14.77,14.99,14.63,14.81,32484
2016-08-02,14.8,15.02,14.64,15.02,43153
2016-08-03,15.02,15.38,14.88,15.37,38598
2016-08-04,15.44,15.55,15.14,15.31,29227
2016-08-05,15.31,15.61,15.2,15.41,32325
2016-08-08,15.52,16.02,15.49,16.0,60867
2016-08-09,16.02,16.25,15.68,16.22,66990
2016-08-10,16.08,16.49,15.95,16.42,47579
2016-08-11,16.34,16.75,16.2,16.44,40216
2016-08-12,16.44,16.55,16.14,16.54,48364
2016-08-15,16.32,16.32,15.49,16.08,80819
2016-08-16,15.86,15.86,15.13,15.17,102856
2016-08-17,15.16,15.28,14.49,15.27,84603
2016-08-18,15.04,15.22,14.9,15.05,31421
2016-08-19,15.1,15.48,15.1,15.24,42396
2016-08-22,15.05,15.06,14.64,14.69,35885
2016-08-23,14.69,15.02,14.63,14.79,21711
2016-08-24,14.77,14.87,14.62,14.82,22066
2016-08-25,14.84,14.97,14.64,14.91,24715
2016-08-26,14.9,15.09,14.86,14.89,15560
2016-08-29,14.78,14.97,14.62,14.7,21943
2016-08-30,14.7,14.81,14.63,14.69,19612
2016-08-31,14.7,14.75,14.42,14.5,23563
2016-09-01,14.59,14.59,13.42,13.84,92140
2016-09-02,13.77,13.84,13.58,13.82,46966
2016-09-05,13.89,14.26,13.88,14.02,46519
2016-09-06,14.06,14.24,14.01,14.19,33429
2016-09-07,14.22,14.58,14.22,14.56,37758
2016-09-08,14.59,14.63,14.49,14.59,32975
2016-09-09,14.67,14.7,14.52,14.69,34074
2016-09-12,14.42,14.63,14.14,14.52,34997
2016-09-13,14.48,14.59,14.35,14.58,27460
2016-09-14,14.56,14.76,14.42,14.75,36649
2016-09-19,14.63,14.74,14.42,14.69,32053
2016-09-20,14.65,14.65,14.18,14.53,34580
2016-09-21,14.12,14.4,14.07,14.3,49824
2016-09-22,14.06,14.26,14.05,14.2,36198
2016-09-23,14.17,14.25,13.84,14.02,41216
2016-09-26,14.06,14.06,13.72,13.85,32546
2016-09-27,13.72,13.88,13.57,13.87,28693
2016-09-28,13.87,13.94,13.76,13.84,18474
2016-09-29,13.84,13.92,13.67,13.79,28855
2016-09-30,13.81,13.94,13.59,13.92,45429
2016-10-10,13.94,14.04,13.84,14.03,40327
2016-10-11,14.03,14.05,13.89,13.93,25456
2016-10-12,13.92,13.94,13.81,13.84,18387
2016-10-13,13.84,13.89,13.69,13.76,23418
2016-10-14,13.75,13.81,13.67,13.8,25446
2016-10-17,13.84,14.07,13.84,14.02,47159
2016-11-01,15.62,15.62,14.12,14.55,174435
2016-11-02,14.64,14.68,14.33,14.35,54767
2016-11-03,14.42,14.76,14.29,14.67,66122
2016-11-04,14.58,16.14,14.58,15.77,147296
2016-11-07,15.69,16.49,15.62,16.25,143252
2016-11-08,16.26,16.67,16.08,16.2,83276
2016-11-09,16.2,16.36,15.87,16.17,51594
2016-11-10,16.29,16.53,15.89,16.04,48427
2016-11-11,16.0,16.15,15.66,15.84,38796
2016-11-14,15.89,16.32,15.82,16.24,46397
2016-11-15,16.62,16.62,15.98,16.33,31846
2016-11-16,16.34,16.34,15.87,16.01,32545
2016-11-17,15.83,16.1,15.75,15.99,20122
2016-11-18,15.99,16.08,15.83,16.04,16098
2016-11-21,16.04,16.17,15.92,15.99,20330
2016-11-22,16.12,16.12,15.87,16.02,22652
2016-11-23,16.02,16.15,15.9,16.08,30039
2016-11-24,16.08,16.22,15.9,16.1,28605
2016-11-25,16.14,16.17,15.91,16.07,24435
2016-11-28,15.94,16.14,15.94,16.09,19181
2016-11-29,16.09,16.6,16.0,16.07,46429
2016-11-30,15.97,16.15,15.66,16.0,26792
2016-12-01,16.0,16.24,15.89,16.12,33053
2016-12-02,16.19,16.19,15.54,15.74,34632
2016-12-05,15.63,15.89,15.12,15.28,24524
2016-12-06,15.12,15.47,15.12,15.44,16049
2016-12-07,15.39,15.89,15.29,15.79,18692
2016-12-08,15.79,15.88,15.65,15.82,22744
2016-12-09,15.82,15.89,15.41,15.47,16738
2016-12-12,15.43,15.62,14.47,14.88,37114
2016-12-13,14.51,15.03,14.42,14.81,24882
2016-12-14,14.89,15.02,14.59,14.82,17311
2016-12-15,14.82,14.94,14.62,14.83,13672
2016-12-16,14.84,15.01,14.66,14.81,19450
2016-12-19,14.82,14.82,14.46,14.56,16926
2016-12-20,14.46,14.69,14.4,14.54,22209
2016-12-21,14.54,14.74,14.12,14.63,27726
2016-12-22,14.63,14.67,14.44,14.63,18849
2016-12-23,14.63,14.63,14.39,14.5,15313
2016-12-26,14.52,14.54,14.28,14.52,20409
2016-12-27,14.53,15.02,14.52,14.85,82886
2016-12-28,14.72,15.1,14.47,14.62,55796
2016-12-29,14.62,14.69,14.49,14.57,27493
2016-12-30,14.62,14.71,14.47,14.59,18013
2017-01-03,14.68,14.69,14.51,14.62,14519
2017-01-04,14.65,14.67,14.4,14.61,13912
2017-01-05,14.6,14.6,14.41,14.58,17412
2017-01-06,14.64,14.64,14.4,14.41,21331
2017-01-09,14.47,14.54,14.28,14.3,29845
2017-01-10,14.37,14.61,14.22,14.25,35628
2017-01-11,14.36,14.58,14.13,14.57,23680
2017-01-12,14.61,14.69,14.47,14.67,21950
2017-01-13,14.69,15.47,14.53,15.42,84339
2017-01-16,15.4,15.82,14.67,15.71,93701
2017-01-17,15.46,15.76,15.14,15.45,22973
2017-01-18,15.42,15.45,15.13,15.18,18359
2017-01-19,15.22,15.25,14.82,15.01,18510
2017-01-20,14.97,15.16,14.83,15.02,21257
2017-01-23,15.02,15.19,14.89,14.91,18629
2017-01-24,14.91,14.91,14.7,14.77,13424
2017-01-25,14.83,14.99,14.58,14.86,15598
2017-01-26,14.96,15.04,14.78,15.01,10989
2017-02-03,15.04,15.15,14.7,14.88,13290
2017-02-06,14.93,15.29,14.88,15.27,36487
2017-02-07,15.19,15.39,15.09,15.12,21330
2017-02-08,15.01,15.24,14.92,15.17,15473
2017-02-09,15.25,15.43,15.18,15.24,18498
2017-02-10,15.3,15.33,15.06,15.29,15433
2017-02-13,15.33,15.56,15.27,15.53,22386
2017-02-14,15.57,15.57,15.44,15.49,15120
2017-02-15,15.49,15.66,15.35,15.43,20367
2017-02-16,15.44,15.79,15.38,15.69,23732
2017-02-17,15.69,15.84,15.44,15.47,20412
2017-02-20,15.54,16.24,15.54,16.13,56967
2017-02-21,16.47,17.83,16.22,17.32,150232
2017-02-22,17.01,17.07,16.28,16.43,151013
2017-02-23,16.52,16.52,16.09,16.14,59312
2017-02-24,16.18,16.26,15.97,16.11,42226
2017-02-27,16.28,16.45,16.09,16.12,74097
2017-02-28,16.08,16.46,16.08,16.44,51585
2017-03-01,16.33,16.61,16.27,16.3,64375
2017-03-02,16.34,16.75,16.17,16.19,81258
2017-03-03,16.18,16.4,16.08,16.27,46892
2017-03-06,16.33,16.69,16.22,16.24,73911
2017-03-07,16.33,16.81,16.24,16.79,104462
2017-03-08,16.77,16.94,16.69,16.75,51288
2017-03-09,16.73,16.82,16.52,16.56,35297
2017-03-10,16.48,16.82,16.48,16.79,22753
2017-03-13,16.76,17.0,16.64,16.66,50319
2017-03-14,16.65,16.88,16.62,16.69,21369
2017-03-15,16.62,16.72,16.49,16.55,28665
2017-03-16,16.54,16.73,16.43,16.53,25238
2017-03-17,16.58,16.62,16.18,16.54,48399
2017-03-20,16.44,16.62,16.39,16.54,20929
2017-03-21,16.55,16.64,16.4,16.54,17535
2017-03-22,16.53,16.53,16.26,16.38,29383
2017-03-23,16.34,16.48,16.27,16.47,19724
2017-03-24,16.48,16.87,16.48,16.77,66347
2017-03-27,16.87,17.24,16.87,17.02,56853
2017-03-28,17.12,17.17,16.89,17.1,34155
2017-03-29,17.09,17.17,16.92,17.02,28845
2017-03-30,17.02,17.09,16.48,16.59,34753
2017-03-31,16.59,16.85,16.51,16.8,23839
2017-04-05,16.7,16.97,16.62,16.75,27794
2017-04-06,16.63,16.79,16.45,16.56,32459
2017-04-07,16.52,16.62,16.14,16.28,56654
2017-04-10,16.26,16.39,15.99,16.08,34922
2017-04-11,16.17,16.23,15.76,16.09,35284
2017-04-12,16.09,16.19,15.88,16.09,25408
2017-04-13,16.19,16.19,15.89,16.11,29595
2017-04-14,16.09,16.24,16.04,16.15,19767
2017-04-17,16.16,16.19,15.94,16.11,29583
2017-04-18,16.05,16.17,15.46,15.92,29071
2017-04-19,15.84,15.96,15.78,15.91,16026
2017-04-20,15.98,16.19,15.91,16.17,22092
2017-04-21,16.17,16.33,16.06,16.07,35018
2017-04-24,16.03,16.24,15.73,15.76,26125
2017-04-25,15.83,16.03,15.82,15.88,20235
2017-04-26,15.99,16.17,15.91,16.14,22669
2017-04-27,16.14,16.86,15.98,16.27,100517
2017-04-28,16.26,16.42,16.04,16.26,39752
2017-05-02,16.65,16.8,16.27,16.42,48204
2017-05-03,16.36,16.97,16.29,16.94,117267
2017-05-04,16.84,17.09,16.77,16.97,131169
2017-05-05,16.65,17.26,16.62,17.15,105431
2017-05-08,17.03,17.32,16.99,16.99,90988
2017-05-09,17.1,17.51,16.98,17.08,72531
2017-05-10,17.0,17.2,16.62,16.74,74823
2017-05-11,16.62,16.82,16.29,16.59,38615
2017-05-12,16.6,16.9,16.49,16.83,41998
2017-05-15,16.9,17.11,16.78,16.89,50407
2017-05-16,16.93,16.99,16.74,16.92,65662
2017-05-17,16.92,17.33,16.92,17.32,129027
2017-05-18,17.19,17.4,17.12,17.33,182146
2017-05-19,17.33,17.39,17.1,17.31,152945
2017-05-22,17.29,17.29,16.48,16.53,106930
2017-05-23,16.58,16.58,15.87,15.91,105675
2017-05-24,15.9,16.21,15.83,16.18,70993
2017-05-25,16.17,16.2,15.82,16.11,78188
2017-05-26,16.11,16.36,16.05,16.33,79571
2017-05-31,16.51,16.74,16.4,16.52,55461
2017-06-01,16.45,16.57,16.17,16.18,31929
2017-06-02,16.2,17.01,16.2,16.76,142323
2017-06-05,16.84,17.13,16.77,17.02,119442
2017-06-06,17.04,17.26,16.96,17.12,103913
2017-06-07,17.19,17.21,17.06,17.18,126543
2017-06-08,17.18,17.27,17.02,17.22,134352
2017-06-09,17.24,17.51,17.19,17.47,152102
2017-06-12,17.51,17.69,17.39,17.56,141833
2017-06-13,17.63,17.88,17.49,17.84,174605
2017-06-14,17.82,18.44,17.7,18.04,187386
2017-06-15,17.89,18.34,17.81,18.07,118204
2017-06-16,18.02,18.21,17.89,18.14,102519
2017-06-19,18.19,18.27,18.07,18.22,124692
2017-06-20,18.24,18.51,18.19,18.33,95002
2017-06-21,18.32,18.34,17.94,18.12,129095
2017-06-22,18.14,18.22,17.67,17.76,150144
2017-06-23,17.82,18.06,17.63,18.05,58636
2017-06-26,18.09,18.18,17.95,18.08,117751
2017-06-27,18.12,18.16,17.83,17.9,108273
2017-06-28,17.96,18.05,17.71,17.74,92084
2017-06-29,17.81,17.88,16.43,16.87,276530
2017-06-30,16.7,16.95,16.34,16.82,121259
2017-07-03,16.77,16.77,16.36,16.6,197417
2017-07-04,16.49,16.82,16.45,16.79,90992
2017-07-05,16.95,17.01,16.78,16.95,115039
2017-07-06,16.99,17.29,16.96,17.21,133217
2017-07-07,17.27,17.29,17.07,17.28,66065
2017-07-10,17.17,17.27,16.59,16.64,151042
2017-07-11,16.64,16.92,16.64,16.7,71504
2017-07-12,16.66,17.02,16.64,16.97,93749
2017-07-13,16.99,17.09,16.69,16.97,69069
2017-07-14,17.02,17.02,16.84,16.9,42816
2017-07-17,16.89,16.96,16.42,16.79,110609
2017-07-18,16.84,16.84,16.63,16.71,56246
2017-07-19,16.68,17.01,16.64,16.82,83739
2017-07-20,16.73,16.92,16.73,16.84,86537
2017-07-21,16.84,17.18,16.83,17.15,88911
2017-07-24,17.14,17.45,16.99,17.1,77183
2017-07-25,17.04,17.19,16.78,16.79,56075
2017-07-26,16.79,17.0,16.63,16.67,98211
2017-07-27,16.68,16.81,16.49,16.75,38797
2017-07-28,16.74,16.93,16.64,16.87,51454
2017-07-31,16.87,17.17,16.74,17.09,70700
2017-08-01,17.12,17.19,16.92,17.1,54519
2017-08-02,17.02,17.12,16.64,16.79,78765
2017-08-03,16.79,17.01,16.6,16.89,64668
2017-08-04,16.84,16.84,16.69,16.74,28381
2017-08-07,16.59,16.77,16.59,16.67,32445
2017-08-08,16.68,16.82,16.63,16.7,28722
2017-08-09,16.69,16.78,16.64,16.77,38987
2017-08-10,16.75,16.75,16.42,16.64,69090
2017-08-11,16.56,16.63,16.4,16.6,67884
2017-08-14,16.54,16.59,16.39,16.42,59359
2017-08-15,16.44,16.48,16.24,16.44,67784
2017-08-16,16.39,16.47,16.29,16.34,38279
2017-08-17,16.33,16.81,14.62,16.74,133828
2017-08-18,16.49,16.83,16.43,16.79,54949
2017-08-21,16.75,16.92,16.75,16.9,50195
2017-08-22,16.84,16.94,16.74,16.79,36891
2017-08-23,16.79,16.92,16.63,16.67,55707
2017-08-24,16.69,16.77,16.37,16.47,63776
2017-08-25,16.56,16.61,16.4,16.43,59569
2017-08-28,16.42,16.62,16.34,16.37,76184
2017-08-29,16.38,16.76,16.33,16.69,128018
2017-08-30,16.82,16.84,16.67,16.78,133250
2017-08-31,16.76,16.8,16.34,16.37,102308
2017-09-01,16.34,16.51,16.19,16.38,87890
2017-09-04,16.42,16.68,16.33,16.62,77110
2017-09-05,16.62,16.79,16.45,16.59,84907
2017-09-06,16.55,16.82,16.55,16.77,107937
2017-09-07,16.78,16.96,16.76,16.89,97223
2017-09-08,16.9,16.99,16.79,16.85,91160
2017-09-11,17.14,18.06,17.14,17.72,323196
2017-09-12,17.49,17.73,17.46,17.49,173400
2017-09-13,17.51,17.75,17.42,17.49,140288
2017-09-14,17.42,17.42,16.82,16.85,178699
2017-09-15,16.83,16.9,16.57,16.69,72275
2017-09-18,16.7,16.88,16.63,16.83,112875
2017-09-19,17.31,17.37,16.93,17.05,129237
2017-09-20,16.99,17.08,16.85,17.02,83477
2017-09-21,17.0,17.45,17.0,17.33,162968
2017-09-22,17.32,17.37,17.13,17.29,76619
2017-09-25,17.27,18.1,17.2,17.61,167938
2017-09-26,17.52,17.88,17.47,17.71,113880
2017-09-27,17.7,17.84,17.42,17.59,87694
2017-09-28,17.55,17.69,17.47,17.54,110761
2017-09-29,17.52,17.64,17.38,17.44,58725
2017-10-09,17.59,17.81,17.42,17.47,155088
2017-10-10,17.49,18.1,17.49,17.91,176573
2017-10-11,17.99,18.12,17.79,17.96,181121
2017-10-12,18.06,18.27,17.88,17.96,131333
2017-10-13,18.06,18.09,17.92,17.92,164621
2017-10-16,17.92,18.74,17.92,18.7,261223
2017-10-17,18.69,18.82,18.36,18.63,137391
2017-10-18,18.62,18.64,18.1,18.11,159079
2017-10-19,18.07,18.34,18.07,18.19,75270
2017-10-20,18.2,18.41,18.13,18.34,88961
2017-10-23,18.36,18.49,18.19,18.22,141528
2017-10-24,18.22,18.31,17.99,18.11,62100
2017-10-25,18.12,18.41,18.12,18.37,85814
2017-10-26,18.37,18.55,18.27,18.38,213722
2017-10-27,18.56,19.71,18.56,18.79,367091
2017-10-30,18.75,18.82,18.32,18.47,117808
2017-10-31,18.33,18.47,18.06,18.12,186965
2017-11-01,18.15,18.24,18.07,18.1,135921
2017-11-02,18.06,18.12,17.64,17.7,79196
2017-11-03,17.74,17.86,17.6,17.72,45642
2017-11-06,17.72,18.09,17.72,18.02,94333
2017-11-07,18.06,18.06,17.6,17.7,87957
2017-11-08,17.67,18.04,17.67,17.92,70471
2017-11-09,17.93,18.04,17.83,17.99,30976
2017-11-10,17.99,18.14,17.92,18.06,67098
2017-11-13,18.12,18.16,17.92,18.1,61487
2017-11-14,18.09,18.21,17.92,18.02,63845
2017-11-15,18.09,18.09,17.84,17.86,51988
2017-11-16,17.89,17.95,17.76,17.84,70437
2017-11-17,17.99,18.11,17.77,17.82,72540
2017-11-20,17.72,17.72,15.86,16.19,367598
2017-11-21,15.88,16.17,15.17,16.04,216473
2017-11-22,16.04,16.09,15.82,15.85,99752
2017-11-23,15.91,16.07,15.77,15.84,108948
2017-11-24,15.8,15.97,15.57,15.88,66150
2017-11-27,15.94,15.94,15.58,15.62,46482
2017-11-28,15.64,15.7,15.53,15.65,61938
2017-11-29,15.76,15.77,15.5,15.69,65376
2017-11-30,15.69,15.79,15.44,15.45,73158
2017-12-01,15.52,15.65,15.42,15.6,55568
2017-12-04,15.72,15.72,15.56,15.6,45259
2017-12-05,15.51,15.64,15.42,15.45,41150
2017-12-06,15.5,15.56,15.29,15.43,103234
2017-12-07,15.45,15.54,15.35,15.49,57645
2017-12-08,15.57,15.85,15.55,15.77,62588
2017-12-11,15.92,15.92,15.68,15.8,55659
2017-12-12,15.81,15.94,15.62,15.66,68915
2017-12-13,15.67,15.67,15.51,15.62,33657
2017-12-14,15.67,15.69,15.54,15.61,33337
2017-12-15,15.61,15.62,15.47,15.54,47841
2017-12-18,15.48,15.52,15.34,15.46,55269
2017-12-19,15.44,15.56,15.26,15.48,80149
2017-12-20,15.44,15.44,15.26,15.27,49408
2017-12-21,15.27,15.61,15.27,15.53,61232
2017-12-22,15.54,15.91,15.52,15.83,99140
2017-12-25,15.74,16.12,15.74,15.84,80526
2017-12-26,15.84,15.91,15.37,15.62,48175
2017-12-27,15.69,15.99,15.62,15.71,61639
2017-12-28,15.76,15.84,15.69,15.8,61536
2017-12-29,15.84,15.91,15.69,15.89,41685
2018-01-02,15.9,16.12,15.89,16.06,125155
2018-01-03,16.07,16.44,15.94,16.36,92751
2018-01-04,16.36,16.37,16.16,16.19,66229
2018-01-05,16.14,16.26,15.97,16.09,65226
2018-01-08,16.15,16.27,16.04,16.14,46588
2018-01-09,16.14,16.2,15.64,15.78,110499
2018-01-10,15.77,15.92,15.75,15.84,49476
2018-01-11,15.84,15.87,15.72,15.84,43984
2018-01-12,15.79,15.96,15.74,15.87,91515
2018-01-15,15.88,15.89,15.49,15.57,61703
2018-01-16,15.64,15.75,15.59,15.65,51426
2018-01-17,15.57,15.84,15.46,15.67,40141
2018-01-18,15.72,15.74,15.59,15.62,52795
2018-01-19,15.65,15.79,15.59,15.74,45301
2018-01-22,15.72,15.77,15.63,15.67,43694
2018-01-23,15.69,15.72,15.59,15.69,70593
2018-01-24,15.69,15.7,15.54,15.59,71721
2018-01-25,15.59,15.62,15.48,15.57,49106
2018-01-26,15.59,15.61,15.51,15.54,49792
2018-01-29,15.49,15.57,15.44,15.5,39065
2018-01-30,15.49,15.52,15.42,15.44,36555
2018-01-31,15.43,15.51,15.36,15.42,27787
2018-02-01,15.42,15.53,13.7,13.7,380884
2018-02-02,12.7,13.56,12.7,13.15,251416
2018-02-05,13.24,14.04,13.24,14.0,180399
2018-02-06,13.77,13.8,13.49,13.61,123937
2018-02-07,13.92,14.17,13.71,13.86,126885
2018-02-08,13.88,13.96,13.28,13.4,99130
2018-02-09,13.14,13.37,12.55,13.24,110590
2018-02-12,13.28,13.46,13.2,13.36,67238
2018-02-13,13.45,13.59,13.34,13.39,44893
2018-02-14,13.4,13.5,13.27,13.32,37248
2018-02-22,13.54,13.55,13.28,13.44,40758
2018-02-23,13.49,13.54,13.36,13.47,27544
2018-02-26,13.53,14.27,13.49,13.97,87913
2018-02-27,13.97,14.04,13.72,13.75,43775
2018-02-28,13.75,13.84,13.56,13.72,31549
2018-03-01,13.57,13.69,13.54,13.62,32872
2018-03-02,13.49,13.53,13.32,13.36,42527
2018-03-05,13.42,13.47,13.24,13.37,35282
2018-03-06,13.47,13.64,13.34,13.63,32013
2018-03-07,13.64,13.87,13.57,13.62,37190
2018-03-08,13.77,13.89,13.56,13.87,41473
2018-03-09,13.9,14.03,13.75,13.99,55052
2018-03-12,14.03,14.62,14.02,14.59,75910
2018-03-13,14.59,14.95,14.47,14.63,76878
2018-03-14,14.63,14.87,14.43,14.49,48172
2018-03-15,14.34,14.62,14.18,14.29,37552
2018-03-16,14.31,14.66,14.31,14.59,44707
2018-03-19,14.62,14.63,14.22,14.32,44103
2018-03-20,14.27,14.28,14.05,14.16,35464
2018-03-21,14.18,14.34,14.06,14.15,27873
2018-03-22,14.22,14.26,13.94,13.95,36356
2018-03-23,13.7,13.7,13.11,13.43,61681
2018-03-26,13.27,13.33,13.06,13.29,53428
2018-03-27,13.64,13.69,13.35,13.59,47376
2018-03-28,13.45,13.61,13.35,13.38,37231
2018-03-29,13.38,13.68,13.27,13.66,23973
2018-03-30,13.79,14.32,13.79,14.14,46299
2018-04-02,14.14,14.2,13.69,13.7,61039
2018-04-03,13.49,13.82,13.44,13.75,61228
2018-04-04,13.79,13.79,13.27,13.29,74853
2018-04-09,13.44,13.44,13.0,13.12,59206
2018-04-10,13.12,13.12,12.71,13.05,92042
2018-04-11,12.99,12.99,12.54,12.69,121556
2018-04-12,12.71,12.75,12.54,12.6,75826
2018-04-13,12.61,12.7,12.55,12.59,49407
2018-04-16,12.59,12.63,12.23,12.27,74402
2018-04-17,12.3,12.37,11.77,11.79,74937
2018-04-18,11.87,11.97,10.44,10.65,289288
2018-04-19,10.58,10.99,10.42,10.9,118280
2018-04-20,10.89,10.89,10.57,10.61,73090
2018-04-23,10.43,10.94,10.43,10.74,62369
2018-04-24,10.74,11.16,10.74,11.14,71295
2018-04-25,11.1,11.46,10.97,11.42,73298
2018-04-26,11.49,11.49,11.17,11.19,58510
2018-04-27,11.12,11.34,10.99,11.22,65184
2018-05-02,11.22,11.34,11.02,11.12,39726
2018-05-03,11.13,11.13,10.63,11.04,57773
2018-05-04,11.03,11.17,11.0,11.07,40912
2018-05-07,11.07,11.17,10.9,11.15,71900
2018-05-08,11.11,11.37,11.04,11.27,61011
2018-05-09,11.28,11.37,11.22,11.27,51637
2018-05-10,11.37,11.37,11.12,11.18,41905
2018-05-11,11.27,11.33,11.18,11.22,37312
2018-05-14,11.34,11.44,11.24,11.37,55321
2018-05-15,11.37,11.73,11.37,11.64,77178
2018-05-16,11.57,11.58,11.39,11.44,50625
2018-05-17,11.44,11.54,11.24,11.34,43193
2018-05-18,11.34,11.52,11.24,11.49,43937
2018-05-21,11.49,11.76,11.49,11.66,54913
2018-05-22,11.67,11.89,11.54,11.7,55926
2018-05-23,11.48,11.62,11.26,11.35,67033
2018-05-24,11.36,11.52,11.28,11.43,37102
2018-05-25,11.49,11.5,11.26,11.29,33507
2018-05-28,11.37,11.5,11.19,11.44,48430
2018-05-29,11.35,11.52,11.23,11.24,45918
2018-05-30,11.17,11.17,10.56,10.59,74030
2018-05-31,10.69,11.12,10.69,11.09,62891
2018-06-01,11.12,11.54,10.93,11.53,94464
2018-06-04,11.52,11.65,11.42,11.54,89790
2018-06-05,11.67,12.12,11.59,12.09,86542
2018-06-06,12.04,12.27,11.98,12.05,75030
2018-06-07,12.09,12.45,12.08,12.24,87560
2018-06-08,12.34,12.42,11.96,12.0,94945
2018-06-11,12.24,12.26,11.83,11.9,69531
2018-06-12,12.32,12.32,11.98,12.11,67131
2018-06-13,12.08,12.09,11.65,11.75,113309
2018-06-14,11.69,11.84,11.62,11.75,75343
2018-06-15,11.65,11.8,11.15,11.29,165227
2018-06-19,11.19,11.19,10.68,10.83,101074
2018-06-20,10.73,10.91,10.48,10.65,75268
2018-06-21,10.69,10.95,10.6,10.75,74571
2018-06-22,10.65,10.65,9.69,10.59,108997
2018-06-25,10.62,10.62,10.28,10.38,73081
2018-06-26,10.18,10.33,9.95,10.31,45931
2018-06-27,10.34,10.34,9.8,9.89,82321
2018-06-28,9.84,9.97,9.34,9.35,107939
2018-06-29,9.38,9.81,9.01,9.72,131197
2018-07-02,9.7,9.84,9.46,9.59,91025
2018-07-03,9.53,9.74,9.23,9.46,84803
2018-07-04,9.46,9.66,9.24,9.31,79996
2018-07-05,9.29,9.35,8.77,8.93,93564
2018-07-06,8.97,9.16,8.62,8.98,89726
2018-07-09,9.0,9.14,8.84,9.09,111252
2018-07-10,9.06,9.16,9.04,9.12,57127
2018-07-11,9.05,9.05,8.64,8.86,86682
2018-07-12,8.75,9.09,8.75,8.99,76000
2018-07-13,9.12,9.12,9.0,9.03,56937
2018-07-16,9.08,9.11,8.82,8.92,60761
2018-07-17,8.87,8.95,8.66,8.84,93114
2018-07-18,8.88,9.02,8.8,8.89,78851
2018-07-19,9.06,9.06,8.71,8.9,74470
2018-07-20,8.9,8.96,8.72,8.92,70882
2018-07-23,8.88,8.98,8.78,8.95,65336
2018-07-24,8.88,9.55,8.84,9.48,158857
2018-07-25,9.49,9.54,9.27,9.38,98764
2018-07-26,9.32,9.47,9.29,9.43,77246
2018-07-27,9.44,9.44,9.24,9.29,58541
2018-07-30,9.33,9.36,9.09,9.16,48443
2018-07-31,9.2,9.24,9.09,9.21,36584
2018-08-01,9.22,9.42,9.08,9.17,87801
2018-08-02,9.15,9.15,8.58,8.77,88335
2018-08-03,8.77,8.91,8.74,8.77,42834
2018-08-06,8.77,8.89,8.62,8.77,40704
2018-08-07,8.77,9.0,8.71,8.99,64302
2018-08-08,9.01,9.01,8.78,8.81,35989
2018-08-09,8.78,9.12,8.75,9.03,63275
2018-08-10,9.03,9.08,8.94,9.02,29250
2018-08-13,8.97,9.08,8.86,9.04,42064
2018-08-14,8.98,9.15,8.89,9.13,37118
2018-08-15,9.15,9.15,8.84,8.91,33404
2018-08-16,8.86,8.88,8.68,8.82,26886
2018-08-17,8.88,8.93,8.67,8.77,42272
2018-08-20,8.76,8.88,8.65,8.87,35165
2018-08-21,8.86,8.95,8.75,8.91,30050
2018-08-22,8.87,8.94,8.78,8.9,18447
2018-08-23,8.9,8.94,8.81,8.87,19710
2018-08-24,8.87,8.91,8.79,8.87,19296
2018-08-27,8.89,9.13,8.85,9.04,66281
2018-08-28,9.04,9.33,9.03,9.11,71632
2018-08-29,9.13,9.33,9.04,9.3,91678
2018-08-30,9.3,9.43,9.13,9.15,62548
2018-08-31,9.14,9.14,8.89,8.98,65432
2018-09-03,8.97,8.98,8.68,8.8,77384
2018-09-04,8.81,8.83,8.69,8.79,60357
2018-09-05,8.8,8.8,8.66,8.75,66066
2018-09-06,8.71,8.76,8.63,8.72,61534
2018-09-07,8.71,8.82,8.69,8.81,57388
2018-09-10,8.77,8.77,8.64,8.74,44539
2018-09-11,8.72,8.76,8.64,8.73,28676
2018-09-12,8.74,8.77,8.71,8.75,26204
2018-09-13,8.78,8.83,8.74,8.81,35237
2018-09-14,8.87,9.01,8.85,9.01,79042
2018-09-17,8.86,8.93,8.8,8.86,29725
2018-09-18,8.85,8.88,8.78,8.86,46527
2018-09-19,8.85,8.99,8.81,8.95,55670
2018-09-20,8.96,9.01,8.89,8.93,33023
2018-09-21,8.97,9.59,8.94,9.37,192347
2018-09-25,9.18,9.49,9.08,9.42,116492
2018-09-26,9.43,9.5,9.24,9.43,108387
2018-09-27,9.43,9.66,9.34,9.56,107142
2018-09-28,9.58,9.75,9.47,9.73,109189
2018-10-08,9.48,9.48,9.25,9.43,100172
2018-10-09,9.4,9.74,9.29,9.56,101634
2018-10-10,9.59,9.92,9.46,9.67,116198
2018-10-11,9.29,9.54,9.07,9.26,149977
2018-10-12,9.19,9.39,8.68,9.28,178886
2018-10-15,9.37,9.38,8.84,9.07,79731
2018-10-16,9.05,9.47,8.9,9.03,63391
2018-10-17,9.14,9.14,8.93,9.04,39582
2018-10-18,9.04,9.05,8.85,8.99,47237
2018-10-19,8.95,9.27,8.84,9.13,63539
2018-10-22,9.15,9.88,9.15,9.61,120229
2018-10-23,9.63,9.65,9.31,9.41,61226
2018-10-24,9.3,9.5,9.29,9.41,41143
2018-10-25,9.15,9.65,9.08,9.42,88521
2018-10-26,9.44,9.68,9.39,9.5,56694
2018-10-29,9.46,9.46,8.81,9.14,97703
2018-10-30,9.29,9.44,9.18,9.33,84235
2018-10-31,9.27,9.72,9.24,9.48,109992
2018-11-01,9.58,9.63,9.45,9.52,81870
2018-11-02,9.68,10.07,9.62,9.88,180091
2018-11-05,9.79,9.86,9.7,9.83,88049
2018-11-06,9.88,9.9,9.7,9.9,74428
2018-11-07,9.9,10.28,9.89,9.96,120100
2018-11-08,10.13,10.13,9.7,9.81,95501
2018-11-09,9.76,9.76,9.46,9.55,86185
2018-11-12,9.48,9.68,9.45,9.67,66712
2018-11-13,9.5,9.73,9.47,9.54,113931
2018-11-14,9.5,9.58,9.44,9.45,65394
2018-11-15,9.42,9.51,9.4,9.46,63182
2018-11-16,9.49,9.67,9.48,9.59,116029
2018-11-19,9.63,9.67,9.38,9.43,95225
2018-11-20,9.33,9.33,8.88,9.07,179804
2018-11-21,8.94,9.1,8.88,9.08,58100
2018-11-22,9.08,9.16,8.98,9.09,47172
2018-11-23,9.08,9.13,8.79,8.96,73392
2018-11-26,8.94,9.02,8.88,9.0,46942
2018-11-27,9.04,9.13,9.0,9.03,39551
2018-11-28,9.04,9.29,8.95,9.26,72518
2018-11-29,9.26,9.31,8.99,8.99,46147
2018-11-30,9.01,9.14,8.95,9.13,39355
2018-12-03,9.31,9.37,9.18,9.26,77740
2018-12-04,9.28,9.32,9.17,9.28,55751
2018-12-05,9.1,9.25,9.05,9.23,50486
2018-12-06,9.17,9.26,9.09,9.1,33863
2018-12-07,9.14,9.17,8.98,9.05,61212
2018-12-10,9.01,9.01,8.89,8.97,48974
2018-12-11,8.98,9.13,8.97,9.08,42448
2018-12-12,9.17,9.21,9.11,9.12,39243
2018-12-13,9.18,9.32,9.13,9.25,55854
2018-12-14,9.19,9.33,9.18,9.19,66786
2018-12-17,9.19,9.24,9.01,9.17,46401
2018-12-18,9.17,9.31,9.03,9.07,50445
2018-12-19,9.09,9.13,8.96,9.05,43317
2018-12-20,9.02,9.03,8.92,9.03,47732
2018-12-21,8.98,9.03,8.91,9.03,47787
2018-12-24,8.91,9.04,8.91,9.03,32587
2018-12-25,8.93,9.01,8.83,8.98,41885
2018-12-26,8.98,9.01,8.86,8.94,23108
2018-12-27,9.0,9.03,8.9,8.94,41073
2018-12-28,8.92,9.01,8.92,8.97,26159
2019-01-02,8.97,9.0,8.86,8.96,24624
2019-01-03,8.94,9.01,8.87,8.96,24864
2019-01-04,8.88,9.08,8.87,9.06,34250
2019-01-07,9.07,9.15,9.0,9.12,54195
2019-01-08,9.1,9.1,9.0,9.0,31172
2019-01-09,9.4,9.51,9.23,9.23,223373
2019-01-10,9.22,9.4,9.15,9.38,91969
2019-01-11,9.32,9.4,9.2,9.29,36975
2019-01-14,9.24,9.27,8.96,8.98,91788
2019-01-15,8.98,9.02,8.93,8.97,68726
2019-01-16,8.98,9.0,8.93,8.96,60084
2019-01-17,8.94,8.99,8.92,8.95,55523
2019-01-18,8.96,8.97,8.88,8.94,77826
2019-01-21,8.96,9.06,8.96,9.04,92940
2019-01-22,9.02,9.05,8.91,8.92,45138
2019-01-23,8.9,8.95,8.88,8.95,34681
2019-01-24,8.97,8.98,8.91,8.98,48882
2019-01-25,8.98,9.18,8.95,9.06,90866
2019-01-28,9.12,9.12,9.0,9.02,39228
2019-01-29,9.08,9.08,8.82,8.96,67933
2019-01-30,8.97,9.05,8.88,8.98,48595
2019-01-31,8.98,9.06,8.93,8.99,39087
2019-02-01,9.02,9.06,8.91,9.05,53098
2019-02-11,9.05,9.13,8.98,9.13,72853
2019-02-12,9.13,9.44,9.1,9.33,169592
2019-02-13,9.42,10.22,9.4,10.07,306443
2019-02-14,10.08,10.18,9.84,10.02,162000
2019-02-15,9.93,10.0,9.63,9.64,163917
2019-02-18,9.72,9.98,9.7,9.98,157078
2019-02-19,9.98,10.14,9.7,9.87,210877
2019-02-20,9.86,10.02,9.74,9.96,166880
2019-02-21,9.91,10.66,9.91,10.26,313935
2019-02-22,10.25,10.87,10.12,10.86,214756
2019-02-25,11.03,11.28,10.71,11.2,283879
2019-02-26,11.35,11.35,10.88,11.0,223743
2019-02-27,10.95,11.17,10.71,10.77,137230
2019-02-28,10.78,10.85,10.58,10.59,103493
2019-03-01,10.71,10.83,10.53,10.77,97553
2019-03-04,10.89,11.08,10.73,10.82,196563
2019-03-05,10.82,10.99,10.82,10.95,129926
2019-03-06,10.98,11.38,10.85,11.35,238733
2019-03-07,11.36,11.37,10.81,10.96,186848
2019-03-08,10.82,10.88,10.46,10.5,175583
2019-03-11,10.44,10.75,10.34,10.63,182618
2019-03-12,10.63,10.79,10.42,10.63,177901
2019-03-13,10.63,10.68,10.38,10.43,116669
2019-03-14,10.43,10.54,10.1,10.22,142771
2019-03-15,10.22,10.44,10.21,10.36,92265
2019-03-18,10.38,10.81,10.28,10.75,150830
2019-03-19,10.69,10.9,10.48,10.59,123464
2019-03-20,10.59,10.72,10.34,10.51,85689
2019-03-21,10.51,10.67,10.44,10.58,86917
2019-03-22,10.58,10.87,10.39,10.8,149999
2019-03-25,10.53,10.74,10.46,10.53,98626
2019-03-26,10.56,10.62,9.99,10.12,105802
2019-03-27,10.15,10.31,10.08,10.13,78432
2019-03-28,10.23,10.23,10.03,10.05,56958
2019-03-29,10.04,10.39,10.0,10.36,100449
2019-04-01,10.43,10.76,10.3,10.57,268873
2019-04-02,10.67,10.7,10.32,10.56,282779
2019-04-03,10.56,11.32,10.46,11.16,351190
2019-04-04,11.24,12.29,11.24,11.75,388939
2019-04-08,11.75,12.09,11.5,11.8,267802
2019-04-09,11.96,12.22,11.86,12.13,225859
2019-04-10,12.0,12.81,11.7,12.61,370820
2019-04-11,12.38,12.91,12.03,12.24,309870
2019-04-12,12.24,12.51,12.04,12.25,154725
2019-04-15,12.41,12.63,12.07,12.1,159719
2019-04-16,12.08,12.38,11.56,12.27,228255
2019-04-17,12.28,13.55,12.14,13.51,448238
2019-04-18,13.55,13.68,13.03,13.09,258231
2019-04-19,13.11,13.39,12.94,13.04,145021
2019-04-22,13.03,13.04,12.31,12.56,198866
2019-04-23,12.61,12.78,12.33,12.49,147575
2019-04-24,12.54,12.86,12.31,12.55,118841
2019-04-25,12.55,12.55,12.16,12.19,105999
2019-04-26,12.06,12.13,11.54,11.59,188034
2019-04-29,11.59,11.88,11.18,11.3,119715
2019-04-30,11.27,11.27,10.98,11.17,103944
2019-05-06,10.88,10.88,9.92,10.26,258193
2019-05-07,10.21,10.46,10.08,10.29,136476
2019-05-08,10.05,10.64,10.01,10.32,113890
2019-05-09,10.21,10.31,10.08,10.29,87848
2019-05-10,10.38,10.66,10.08,10.58,115891
2019-05-13,10.42,10.47,10.27,10.35,98045
2019-05-14,10.21,10.62,10.14,10.4,72532
2019-05-15,10.53,10.59,10.38,10.49,82487
2019-05-16,10.54,10.92,10.5,10.82,108226
2019-05-17,10.69,10.81,10.24,10.56,83432
2019-05-20,10.44,10.44,10.1,10.3,53348
2019-05-21,10.2,10.41,10.2,10.41,59318
2019-05-22,10.38,10.38,10.16,10.21,46577
2019-05-23,10.13,10.15,9.48,9.57,137933
2019-05-24,9.66,10.07,9.08,9.5,181895
2019-05-27,9.34,9.47,8.97,9.42,175475
2019-05-28,9.24,9.92,9.22,9.77,233832
2019-05-29,9.63,9.67,9.48,9.67,89956
2019-05-30,9.58,9.74,9.42,9.58,73616
2019-05-31,9.55,9.67,9.44,9.51,53743
2019-06-03,9.72,9.84,9.41,9.51,110487
2019-06-04,9.51,9.55,9.28,9.41,82738
2019-06-05,9.49,9.53,9.21,9.26,112603
2019-06-06,9.2,9.44,9.16,9.35,77818
2019-06-10,9.43,9.48,9.14,9.33,73533
2019-06-11,9.33,9.72,9.21,9.72,180988
2019-06-12,9.71,9.71,9.51,9.53,111829
2019-06-13,9.5,9.55,9.32,9.42,102203
2019-06-14,9.39,9.51,9.27,9.33,87387
2019-06-17,9.33,9.38,9.21,9.34,36382
2019-06-18,9.44,9.44,9.29,9.38,31399
2019-06-19,9.6,9.7,9.43,9.43,87377
2019-06-20,9.43,9.67,9.37,9.58,154663
2019-06-21,9.61,9.79,9.58,9.79,185516
2019-06-24,9.8,9.89,9.66,9.87,132779
2019-06-25,9.86,9.86,9.59,9.62,100593
2019-06-26,9.58,9.79,9.54,9.69,66266
2019-06-27,9.71,9.85,9.7,9.72,94929
2019-06-28,9.81,9.95,9.72,9.89,174920
2019-07-01,10.1,10.12,9.91,9.98,139358
2019-07-02,10.02,10.5,9.95,10.38,259141
2019-07-03,10.34,10.61,10.27,10.42,178621
2019-07-04,10.45,10.89,10.45,10.57,215842
2019-07-05,10.57,10.71,10.36,10.59,93142
2019-07-08,10.71,10.77,10.26,10.44,99061
2019-07-09,10.51,10.69,10.28,10.45,158799
2019-07-10,10.51,10.58,10.29,10.4,76127
2019-07-11,10.41,10.57,10.21,10.36,68363
2019-07-12,10.37,10.45,10.16,10.21,88642
2019-07-15,10.22,10.26,9.77,10.11,130606
2019-07-16,10.11,10.16,9.97,10.08,65549
2019-07-17,10.06,10.23,10.01,10.18,72675
2019-07-18,10.08,10.15,9.89,9.97,62886
2019-07-19,9.96,10.09,9.88,9.99,58484
2019-07-22,9.92,10.0,9.76,9.84,52048
2019-07-23,9.84,9.97,9.69,9.88,85770
2019-07-24,9.88,10.3,9.88,10.26,122959
2019-07-25,10.26,10.38,10.15,10.19,68135
2019-07-26,10.2,10.23,10.1,10.18,38904
2019-07-29,10.16,10.35,10.16,10.32,58305
2019-07-30,10.38,10.39,10.24,10.25,74417
2019-07-31,10.27,10.28,10.03,10.04,78205
2019-08-01,10.05,10.16,9.95,10.06,53916
2019-08-02,9.86,9.93,9.79,9.87,62344
2019-08-05,9.78,9.85,9.65,9.66,64965
2019-08-06,9.46,9.59,9.35,9.53,75637
2019-08-07,9.61,9.64,9.46,9.51,28612
2019-08-08,9.53,9.73,9.53,9.69,41587
2019-08-09,9.69,9.83,9.59,9.61,40469
2019-08-12,9.63,9.71,9.53,9.68,31463
2019-08-13,9.59,9.59,9.47,9.5,31473
2019-08-14,9.59,9.7,9.57,9.57,21141
2019-08-15,9.38,9.56,9.25,9.51,79080
2019-08-16,9.51,9.6,9.36,9.52,41236
2019-08-19,9.54,9.87,9.54,9.84,74876
2019-08-20,9.86,10.04,9.78,9.89,51384
2019-08-21,9.81,9.95,9.71,9.78,37085
2019-08-22,9.82,9.99,9.72,9.74,69409
2019-08-23,9.83,9.93,9.68,9.88,93706
2019-08-26,9.65,10.04,9.6,9.86,69360
2019-08-27,9.93,10.56,9.93,10.44,214064
2019-08-28,10.62,11.04,10.5,10.54,225502
2019-08-29,10.62,10.98,10.52,10.82,178441
2019-08-30,10.86,10.9,10.66,10.69,98392
2019-09-02,10.48,10.79,10.46,10.56,140889
2019-09-03,10.55,10.55,10.22,10.3,99877
2019-09-04,10.3,10.35,10.12,10.18,101790
2019-09-05,10.25,10.48,10.21,10.41,128278
2019-09-06,10.54,11.01,10.51,10.86,207266
2019-09-09,11.11,11.45,11.04,11.18,199263
2019-09-10,11.14,11.31,10.98,11.21,146995
2019-09-11,11.23,11.39,11.12,11.23,86577
2019-09-12,11.22,11.77,11.22,11.74,168998
2019-09-16,11.76,12.18,11.59,11.77,232702
2019-09-17,11.79,11.79,11.38,11.45,119238
2019-09-18,11.46,11.59,11.23,11.36,119828
2019-09-19,11.46,11.66,11.37,11.66,135484
2019-09-20,11.76,11.76,11.19,11.33,238495
2019-09-23,11.51,11.51,10.84,11.08,189111
2019-09-24,11.26,11.56,11.17,11.42,142591
2019-09-25,11.56,11.56,11.12,11.31,96118
2019-09-26,11.31,11.31,11.02,11.14,114351
2019-09-27,11.16,11.43,11.06,11.28,86491
2019-09-30,11.29,11.52,11.13,11.28,63426
2019-10-08,11.44,11.49,11.13,11.16,53278
2019-10-09,11.15,11.25,10.92,11.21,44084
2019-10-10,11.28,11.55,11.16,11.5,103307
2019-10-11,11.5,11.74,11.36,11.7,92277
2019-10-14,12.03,12.5,11.92,12.48,278108
2019-10-15,12.32,12.5,11.9,12.12,348565
2019-10-16,12.06,12.21,11.93,12.0,63586
2019-10-17,12.02,12.11,11.73,11.86,96390
2019-10-18,11.92,12.09,11.85,11.98,116260
2019-10-21,12.01,12.11,11.28,12.11,214008
2019-10-22,12.01,12.01,11.5,11.64,159616
2019-10-23,11.79,11.85,11.33,11.66,147890
2019-10-24,11.48,11.48,10.74,11.11,220051
2019-10-25,11.06,11.6,11.01,11.46,273710
2019-10-28,11.23,11.3,10.9,11.1,310885
2019-10-29,11.03,11.18,10.6,10.69,251923
2019-10-30,10.52,10.7,10.26,10.38,250260
2019-10-31,10.4,10.5,10.27,10.5,111107
2019-11-01,10.46,10.58,10.35,10.52,128469
2019-11-04,10.52,10.63,10.41,10.55,119669
2019-11-05,10.57,10.74,10.52,10.59,120885
2019-11-06,10.61,10.72,10.39,10.51,90462
2019-11-07,10.55,10.66,10.47,10.54,79843
2019-11-08,10.61,10.94,10.5,10.67,213224
2019-11-11,10.59,10.64,10.43,10.51,113950
2019-11-12,10.52,10.56,10.41,10.46,61858
2019-11-13,10.44,10.49,9.89,10.1,170507
2019-11-14,10.09,10.15,9.9,10.02,135898
2019-11-15,10.08,10.13,9.81,9.96,121163
2019-11-18,9.92,10.15,9.86,10.14,87720
2019-11-19,10.17,10.47,10.16,10.43,118463
2019-11-20,10.41,10.44,10.24,10.26,62629
2019-11-21,10.26,10.31,10.1,10.22,57137
2019-11-22,10.17,10.35,10.14,10.24,66484
2019-11-25,10.27,10.78,10.19,10.59,159075
2019-11-26,10.62,10.72,10.5,10.72,118034
2019-11-27,10.59,10.81,10.49,10.62,91120
2019-11-28,10.71,10.81,10.6,10.81,150887
2019-11-29,10.82,11.07,10.71,10.82,183852
2019-12-02,10.84,10.95,10.52,10.61,178074
2019-12-03,10.57,10.89,10.47,10.89,137155
2019-12-04,10.8,10.86,10.66,10.73,106555
2019-12-05,10.76,10.82,10.61,10.74,94515
2019-12-06,10.74,10.77,10.63,10.69,110413
2019-12-09,10.79,10.79,10.38,10.44,150830
2019-12-10,10.34,10.51,10.34,10.43,89942
2019-12-11,10.53,10.94,10.44,10.69,183466
2019-12-12,10.68,10.83,10.59,10.7,139312
2019-12-13,10.77,10.86,10.66,10.72,115163
2019-12-16,10.8,10.8,10.61,10.74,104009
2019-12-17,10.71,10.87,10.64,10.77,204981
2019-12-18,10.79,10.8,10.68,10.75,122222
2019-12-19,10.71,10.73,10.51,10.57,121698
2019-12-20,10.57,10.69,10.5,10.55,110836
2019-12-23,10.55,10.62,10.35,10.35,111400
2019-12-24,10.37,10.48,10.2,10.3,114913
2019-12-25,10.3,10.62,10.28,10.62,126225
2019-12-26,10.56,10.66,10.51,10.63,71116
2019-12-27,10.65,10.77,10.52,10.57,123608
2019-12-30,10.57,10.8,10.49,10.63,187965
2019-12-31,10.67,10.72,10.61,10.7,102969
2020-01-02,10.76,11.16,10.69,10.96,383822
2020-01-03,11.01,11.29,10.97,11.26,258198
2020-01-06,11.11,11.23,10.88,10.95,269614
2020-01-07,11.0,11.25,10.91,11.19,153732
2020-01-08,11.18,11.29,10.99,11.21,134501
2020-01-09,11.29,11.45,11.21,11.29,119779
2020-01-10,11.28,11.37,11.18,11.23,86686
2020-01-13,11.34,11.46,11.21,11.27,112387
2020-01-14,11.36,11.36,11.02,11.08,161539
2020-01-15,11.05,11.12,10.91,11.09,144331
2020-01-16,11.23,11.31,10.71,10.77,186277
2020-01-17,10.82,10.86,10.56,10.6,163280
2020-01-20,10.56,10.71,10.43,10.62,141373
2020-01-21,10.59,10.61,10.29,10.31,125130
2020-01-22,10.01,10.32,9.96,10.28,155569
2020-01-23,10.19,10.27,9.79,9.87,149943
2020-02-03,8.87,9.22,8.78,8.91,480395
2020-02-04,8.91,9.14,8.61,8.91,281816
2020-02-05,8.96,9.14,8.71,9.04,292138
2020-02-06,9.08,9.15,8.93,9.11,134767
2020-02-07,9.01,9.16,8.91,8.99,186268
2020-02-10,9.1,9.34,9.01,9.28,225892
2020-02-11,9.26,9.31,9.16,9.21,112759
2020-02-12,9.23,9.34,9.16,9.33,102317
2020-02-13,9.34,9.67,9.31,9.44,162105
2020-02-14,9.4,9.49,9.26,9.33,85869
2020-02-17,9.38,10.16,9.38,10.05,279827
2020-02-18,10.04,10.12,9.81,10.02,256502
2020-02-19,10.08,10.26,9.91,10.16,206920
2020-02-20,10.11,10.4,10.06,10.31,144074
2020-02-21,10.51,10.81,10.46,10.71,271082
2020-02-24,10.67,10.9,10.56,10.65,191695
2020-02-25,10.31,10.86,10.21,10.77,228553
2020-02-26,10.65,10.78,10.43,10.62,172046
2020-02-27,10.59,10.71,10.4,10.44,144929
2020-02-28,10.17,10.29,9.82,9.86,176765
2020-03-02,9.95,10.69,9.93,10.49,208593
2020-03-03,10.75,11.01,10.57,10.7,209097
2020-03-04,10.81,11.0,10.51,10.89,252705
2020-03-05,10.97,11.04,10.81,10.87,150071
2020-03-06,10.77,10.84,10.51,10.66,156053
2020-03-09,10.46,10.46,10.06,10.18,230297
2020-03-10,10.02,11.01,10.02,10.91,347330
2020-03-11,10.94,11.11,10.83,10.97,248056
2020-03-12,10.85,11.21,10.67,11.07,315946
2020-03-13,10.67,11.42,10.65,11.25,338744
2020-03-16,11.19,11.76,11.01,11.1,279759
2020-03-17,10.99,11.25,10.61,10.89,170391
2020-03-18,11.01,11.07,10.5,10.51,133443
2020-03-19,10.46,10.66,9.46,9.88,237947
2020-03-20,9.96,10.15,9.55,9.81,248772
2020-03-23,9.5,9.53,9.01,9.06,215886
2020-03-24,9.28,9.76,8.91,9.64,295965
2020-03-25,9.91,10.34,9.89,10.19,280895
2020-03-26,10.02,10.18,9.91,9.93,99192
2020-03-27,10.19,10.2,9.76,9.76,88433
2020-03-30,9.73,9.94,9.51,9.77,121164
2020-03-31,9.95,9.95,9.53,9.56,120992
2020-04-01,9.53,9.61,9.21,9.26,203988
2020-04-02,9.26,9.26,9.02,9.22,199465
2020-04-03,9.27,9.33,9.08,9.16,98874
2020-04-07,9.31,9.39,9.17,9.3,163278
2020-04-08,9.22,9.34,9.1,9.29,94571
2020-04-09,9.36,9.49,9.34,9.45,117300
2020-04-10,9.51,9.55,9.14,9.24,90854
2020-04-13,9.25,9.25,9.05,9.19,89533
2020-04-14,9.19,9.28,9.14,9.26,129439
2020-04-15,9.22,9.28,9.07,9.13,91476
2020-04-16,9.17,9.17,9.06,9.12,78896
2020-04-17,9.16,9.23,9.11,9.15,138047
2020-04-20,9.2,9.2,9.03,9.06,139874
2020-04-21,9.05,9.05,8.75,8.82,144746
2020-04-22,8.81,8.81,8.7,8.8,116874
2020-04-23,8.86,8.86,8.74,8.77,105903
2020-04-24,8.79,8.87,8.58,8.6,139756
2020-04-27,8.61,8.66,8.45,8.49,107966
2020-04-28,8.51,8.54,8.05,8.21,186889
2020-04-29,8.2,8.44,8.11,8.41,101448
2020-04-30,8.52,8.87,8.52,8.81,150998
2020-05-06,8.71,9.1,8.67,9.02,122994
2020-05-07,9.01,9.07,8.91,8.99,152271
2020-05-08,9.14,9.52,9.13,9.48,272128
2020-05-11,9.55,9.86,9.46,9.54,195981
2020-05-12,9.54,9.6,9.35,9.45,111471
2020-05-13,9.5,9.5,9.24,9.34,95238
2020-05-14,9.35,9.59,9.09,9.09,109561
2020-05-15,9.13,9.17,8.94,8.99,121169
2020-05-18,9.0,9.03,8.82,8.86,74784
2020-05-19,8.87,9.07,8.86,8.92,79458
2020-05-20,8.87,8.88,8.73,8.75,101260
2020-05-21,8.79,8.83,8.55,8.58,87596
2020-05-22,8.59,8.72,8.51,8.53,119731
2020-05-25,8.54,8.64,8.51,8.56,61219
2020-05-26,8.58,8.7,8.54,8.6,85898
2020-05-27,8.59,8.59,8.44,8.46,77384
2020-05-28,8.53,8.64,8.42,8.64,94555
2020-05-29,8.54,8.61,8.26,8.26,271602
2020-06-01,8.3,8.45,8.28,8.38,170571
2020-06-02,8.35,8.46,8.34,8.42,126666
2020-06-03,8.5,8.89,8.5,8.89,258204
2020-06-04,8.91,8.97,8.57,8.63,160433
2020-06-05,8.56,8.7,8.5,8.65,89333
2020-06-08,8.74,8.8,8.65,8.7,93567
2020-06-09,8.73,8.92,8.68,8.85,132925
2020-06-10,8.84,8.84,8.58,8.64,117787
2020-06-11,8.67,8.69,8.46,8.48,168067
2020-06-12,8.31,8.49,8.27,8.46,103380
2020-06-15,8.45,8.45,8.25,8.28,155230
2020-06-16,8.37,8.39,8.23,8.3,160259
2020-06-17,8.28,8.29,8.15,8.24,147588
2020-06-18,8.24,8.3,8.16,8.25,130901
2020-06-19,8.24,8.34,8.22,8.25,198769
2020-06-22,8.31,8.34,8.22,8.26,130316
2020-06-23,8.23,8.25,8.17,8.21,138038
2020-06-24,8.21,8.31,8.21,8.25,97902
2020-06-29,8.23,8.23,8.13,8.15,97729
2020-06-30,8.2,8.23,8.12,8.16,100888
2020-07-01,8.17,8.2,8.04,8.15,176971
2020-07-02,8.16,8.42,8.12,8.41,300099
2020-07-03,8.51,8.77,8.47,8.73,368937
2020-07-06,8.85,9.19,8.83,9.14,440478
2020-07-07,9.27,9.47,8.85,8.88,586023
2020-07-08,8.87,8.88,8.63,8.8,526176
2020-07-09,8.79,8.92,8.76,8.91,417019
2020-07-10,8.86,9.01,8.77,8.8,391782
2020-07-13,8.83,9.1,8.79,9.0,438781
2020-07-14,8.99,9.41,8.71,9.08,569718
2020-07-15,8.99,9.05,8.74,8.75,352887
2020-07-16,8.76,8.87,8.42,8.42,273100
2020-07-17,8.45,8.5,8.31,8.39,167445
2020-07-20,8.43,8.69,8.41,8.65,186268
2020-07-21,8.68,8.79,8.58,8.73,251420
2020-07-22,8.73,8.82,8.65,8.71,188435
2020-07-23,8.65,8.69,8.4,8.54,194753
2020-07-24,8.51,8.7,8.34,8.38,297642
2020-07-27,8.44,8.48,8.31,8.45,130267
2020-07-28,8.46,8.56,8.41,8.45,95822
2020-07-29,8.52,9.38,8.43,9.38,908114
2020-07-30,9.61,10.3,9.47,10.04,1128569
2020-07-31,10.0,10.12,9.69,9.96,669182
2020-08-03,10.01,10.49,9.95,10.02,473325
2020-08-04,10.18,10.25,9.77,9.83,357088
2020-08-05,9.75,9.97,9.61,9.91,291823
2020-08-06,10.01,10.02,9.65,9.67,214739
2020-08-07,9.67,9.69,9.36,9.48,216493
2020-08-10,9.52,10.04,9.5,9.96,325576
2020-08-11,9.96,10.19,9.87,9.91,328574
2020-08-12,9.95,10.21,9.84,10.21,302754
2020-08-13,10.19,10.25,9.81,9.84,309956
2020-08-14,9.67,9.84,9.56,9.83,185636
2020-08-17,9.79,10.15,9.79,10.02,262310
2020-08-18,10.02,10.29,9.86,9.9,248012
2020-08-19,9.86,9.93,9.73,9.81,136538
2020-08-20,9.68,9.8,9.56,9.59,171902
2020-08-21,9.6,9.69,9.46,9.52,135429
2020-08-24,9.54,9.77,9.46,9.72,173646
2020-08-25,9.74,9.77,9.4,9.46,190529
2020-08-26,9.43,9.45,9.17,9.22,138599
2020-08-27,9.5,9.63,9.38,9.57,189652
2020-08-28,9.57,9.66,9.38,9.63,119941
2020-08-31,9.74,9.94,9.51,9.54,235645
2020-09-01,9.48,9.92,9.47,9.82,169449
2020-09-02,9.82,9.88,9.44,9.53,229105
2020-09-03,9.49,9.6,9.36,9.4,135338
2020-09-04,9.21,9.32,9.18,9.28,125204
2020-09-07,9.38,9.42,9.26,9.3,142982
2020-09-08,9.39,9.54,9.22,9.46,171549
2020-09-09,9.34,9.49,9.29,9.37,116257
2020-09-10,9.48,9.63,9.37,9.39,192840
2020-09-11,9.5,9.51,9.19,9.3,122965
2020-09-14,9.31,9.41,8.98,9.09,225742
2020-09-15,9.03,9.22,8.96,9.13,139167
2020-09-16,9.12,9.53,9.09,9.4,259039
2020-09-17,9.41,10.14,9.37,10.05,505434
2020-09-18,10.02,10.13,9.87,10.03,299293
2020-09-21,10.04,10.09,9.64,9.69,234905
2020-09-22,9.61,9.67,9.36,9.42,174332
2020-09-23,9.49,9.51,9.26,9.32,134872
2020-09-24,9.27,9.29,8.99,8.99,227452
2020-09-25,9.14,9.17,8.72,8.8,225618
2020-09-28,8.82,8.92,8.74,8.77,102079
2020-09-29,8.77,8.83,8.69,8.76,119063
2020-09-30,8.84,8.93,8.6,8.71,179402
2020-10-09,8.84,9.05,8.84,8.9,170817
2020-10-12,9.0,9.18,8.98,9.17,171882
2020-10-13,9.29,9.64,9.11,9.58,338101
2020-10-14,9.47,9.69,9.4,9.41,230670
2020-10-15,9.57,9.74,9.38,9.39,200423
2020-10-16,9.39,9.51,9.23,9.32,160364
2020-10-19,9.26,9.45,9.11,9.2,164100
2020-10-20,9.19,9.62,9.08,9.6,232243
2020-10-21,9.5,10.64,9.46,10.64,858267
2020-10-22,10.64,11.08,10.39,10.66,762949
2020-10-23,10.73,11.57,10.69,11.17,876669
2020-10-26,11.12,11.5,10.81,11.17,440201
2020-10-27,11.34,11.36,10.94,11.02,323387
2020-10-28,11.08,11.43,10.82,11.09,522588
2020-10-29,10.95,12.28,10.84,12.24,713048
2020-10-30,12.18,13.39,12.09,12.62,1033729
2020-11-02,12.91,13.23,12.59,12.85,722699
2020-11-03,12.85,12.87,12.26,12.39,663629
2020-11-04,12.58,13.07,12.29,12.97,814546
2020-11-05,13.05,13.58,12.78,13.22,847085
2020-11-06,13.19,13.44,12.22,12.52,814716
2020-11-09,12.59,12.98,12.32,12.69,704976
2020-11-10,12.64,12.77,12.19,12.27,470343
2020-11-11,12.16,12.44,11.82,11.85,424298
2020-11-12,12.02,12.1,11.62,11.69,464099
2020-11-13,11.94,12.0,11.65,11.74,323027
2020-11-16,11.69,11.84,11.34,11.64,416597
2020-11-17,11.64,12.29,11.56,11.73,558991
2020-11-18,11.61,11.88,11.35,11.77,391868
2020-11-19,12.07,12.54,11.99,12.18,688959
2020-11-20,12.15,13.48,12.11,13.48,945619
2020-11-23,13.8,14.39,13.58,14.25,1300055
2020-11-24,14.53,14.99,13.69,13.94,972850
2020-11-25,13.98,14.49,13.69,13.72,837565
2020-11-26,13.49,13.53,12.79,12.96,666663
2020-11-27,13.19,13.55,12.67,13.06,785387
2020-11-30,13.04,13.07,12.49,12.85,666668
2020-12-01,12.79,13.19,12.55,13.15,673587
2020-12-02,12.79,12.97,12.51,12.65,595884
2020-12-03,12.61,12.87,12.3,12.6,413817
2020-12-04,12.48,12.76,12.36,12.48,294975
2020-12-07,12.34,12.35,11.91,12.06,409117
2020-12-08,12.16,12.67,12.0,12.51,531548
2020-12-09,12.52,12.82,12.17,12.19,434346
2020-12-10,12.05,12.09,11.67,11.76,404526
2020-12-11,11.79,12.33,11.79,12.3,420021
2020-12-14,12.19,13.3,11.91,13.09,689064
2020-12-15,12.94,13.36,12.79,13.18,570354
2020-12-16,13.29,13.34,12.76,13.03,367143
2020-12-17,12.88,13.17,12.6,12.8,376031
2020-12-18,12.69,13.59,12.64,13.46,728674
2020-12-21,13.23,14.08,12.89,13.48,822362
2020-12-22,13.37,13.38,12.51,12.56,745825
2020-12-23,12.39,13.04,12.36,12.54,627480
2020-12-24,12.61,12.68,12.14,12.17,422654
2020-12-25,12.3,12.64,12.26,12.47,347025
2020-12-28,12.24,13.06,12.12,12.66,669011
2020-12-29,12.71,12.83,11.97,12.11,537695
2020-12-30,12.02,12.62,11.99,12.48,463313
2020-12-31,12.45,12.73,12.29,12.48,425210
2021-01-04,12.27,12.27,11.88,12.15,576396
2021-01-05,12.11,12.11,11.19,11.42,784808
2021-01-06,11.69,11.93,11.26,11.55,539325
2021-01-07,11.42,11.54,11.11,11.44,519441
2021-01-08,11.49,11.9,11.18,11.81,685657
2021-01-11,11.94,12.17,11.6,11.76,614114
2021-01-12,11.39,11.62,11.16,11.6,449992
2021-01-13,11.67,11.87,11.12,11.41,601936
2021-01-14,11.19,11.23,10.55,10.57,680626
2021-01-15,10.49,11.71,10.32,11.71,855337
2021-01-18,12.69,12.96,12.23,12.39,2325744
2021-01-19,11.77,11.89,11.07,11.15,1500975
2021-01-20,11.15,11.42,10.77,11.07,783842
2021-01-21,10.94,11.31,10.78,11.11,748018
2021-01-22,11.04,11.53,10.94,11.23,693226
2021-01-25,11.17,11.17,10.68,10.79,641236
2021-01-26,10.71,10.72,10.35,10.37,471736
2021-01-27,10.34,10.54,10.07,10.44,439149
2021-01-28,10.21,10.36,10.04,10.17,354451
2021-01-29,10.19,10.26,9.52,9.69,477213
2021-02-01,9.63,9.79,9.51,9.68,273967
2021-02-02,9.81,10.31,9.81,10.2,509775
2021-02-03,10.28,10.48,9.86,10.23,505092
2021-02-04,10.19,10.25,9.89,10.02,333854
2021-02-05,10.1,10.17,9.58,9.65,295851
2021-02-08,9.65,9.94,9.54,9.83,220693
2021-02-09,9.81,10.04,9.69,9.93,295720
2021-02-10,9.95,10.33,9.95,10.17,412555
2021-02-18,10.3,10.34,10.06,10.24,381644
2021-02-19,10.24,10.48,10.05,10.41,373803
2021-02-22,10.28,10.52,10.17,10.25,523874
2021-02-23,10.09,10.2,9.99,10.02,315532
2021-02-24,10.01,10.13,9.77,9.87,334001
2021-02-25,9.95,10.01,9.78,9.88,252197
2021-02-26,9.69,9.86,9.6,9.76,257318
2021-03-01,9.77,9.93,9.66,9.86,266353
2021-03-02,9.87,9.91,9.66,9.69,224862
2021-03-03,9.65,9.94,9.61,9.91,239738
2021-03-04,9.84,9.89,9.68,9.71,199960
2021-03-05,9.6,9.9,9.59,9.87,218326
2021-03-08,9.88,9.92,9.68,9.68,254829
2021-03-09,9.76,10.67,9.27,10.18,752125
2021-03-10,10.29,10.56,10.08,10.18,594502
2021-03-11,10.37,10.43,10.01,10.23,422054
2021-03-12,10.19,10.22,9.96,10.08,311409
2021-03-15,9.94,9.99,9.74,9.82,322103
2021-03-16,9.8,9.87,9.72,9.83,183814
2021-03-17,9.79,9.84,9.7,9.81,163337
2021-03-18,9.82,9.89,9.78,9.79,157341
2021-03-19,9.71,9.73,9.61,9.65,188374
2021-03-22,9.65,9.81,9.6,9.74,154396
2021-03-23,9.73,9.74,9.61,9.64,161246
2021-03-24,9.61,9.68,9.49,9.56,180236
2021-03-25,9.55,9.6,9.5,9.59,123595
2021-03-26,9.59,9.74,9.5,9.68,211048
2021-03-29,9.61,9.64,9.52,9.55,155423
2021-03-30,9.56,9.57,9.4,9.42,184628
2021-03-31,9.42,9.54,9.34,9.4,132037
2021-04-01,9.41,9.53,9.4,9.43,171281
2021-04-02,9.42,9.57,9.34,9.49,183752
2021-04-06,9.47,9.48,9.35,9.44,151937
2021-04-07,9.53,10.16,9.52,9.87,593702
2021-04-08,9.81,9.97,9.63,9.88,313851
2021-04-09,9.92,10.0,9.76,9.86,224136
2021-04-12,9.99,10.06,9.66,9.68,323793
2021-04-13,9.74,9.76,9.56,9.57,190806
2021-04-14,9.67,9.87,9.61,9.84,259468
2021-04-15,9.74,9.77,9.64,9.69,181742
2021-04-16,9.73,10.69,9.72,10.38,943177
2021-04-19,10.96,11.5,10.62,11.5,1490389
2021-04-20,11.66,11.66,10.77,10.82,1238268
2021-04-21,10.56,10.56,10.21,10.29,643263
2021-04-22,10.36,10.47,10.22,10.26,378425
2021-04-23,10.19,10.41,10.07,10.24,303887
2021-04-26,10.26,10.36,10.07,10.19,365553
2021-04-27,10.16,10.16,9.8,9.94,308325
2021-04-28,9.84,10.05,9.82,10.02,242732
2021-04-29,10.0,10.14,9.87,10.06,226800
2021-04-30,10.28,10.44,10.19,10.35,485686
2021-05-06,10.24,10.49,10.12,10.34,395644
2021-05-07,10.34,10.38,10.07,10.11,285666
2021-05-10,10.08,10.63,10.03,10.48,472171
2021-05-11,10.32,10.87,10.15,10.49,550975
2021-05-12,10.39,11.32,10.34,11.19,961017
2021-05-13,10.99,11.01,10.59,10.63,607422
2021-05-14,10.66,11.48,10.52,11.31,910503
2021-05-17,11.29,11.65,11.11,11.25,783600
2021-05-18,11.54,11.63,11.16,11.42,618053
2021-05-19,11.19,12.32,11.07,11.96,948968
2021-05-20,11.74,12.29,11.71,11.84,760460
2021-05-21,11.75,11.84,11.29,11.46,690385
2021-05-24,11.26,11.26,10.82,10.93,678110
2021-05-25,10.88,11.0,10.8,10.93,454639
2021-05-26,10.93,11.17,10.86,10.9,449587
2021-05-27,10.9,10.98,10.71,10.76,360310
2021-05-28,10.76,11.08,10.74,10.89,413279
2021-05-31,10.87,10.87,10.52,10.77,321072
2021-06-01,10.84,11.03,10.74,10.98,532525
2021-06-02,10.98,11.37,10.84,11.21,576323
2021-06-03,11.21,11.24,10.91,10.94,394512
2021-06-04,10.79,11.05,10.78,10.96,262258
2021-06-07,10.92,10.92,10.6,10.67,291300
2021-06-08,10.72,10.89,10.67,10.74,224830
2021-06-09,10.74,10.82,10.61,10.66,203338
2021-06-10,10.65,10.97,10.59,10.86,317653
2021-06-11,10.86,11.37,10.67,11.37,638873
2021-06-15,11.41,11.78,11.3,11.35,480126
2021-06-16,11.24,11.24,10.68,10.83,367146
2021-06-17,10.84,10.99,10.77,10.9,242407
2021-06-18,10.9,11.61,10.76,11.39,601301
2021-06-21,11.29,11.44,11.08,11.24,390252
2021-06-22,11.47,12.2,11.34,11.98,942924
2021-06-23,12.05,12.51,11.94,12.07,854345
2021-06-24,12.1,12.81,11.84,12.28,749293
2021-06-25,12.26,12.64,12.12,12.27,498149
2021-06-28,12.34,12.88,12.27,12.66,700511
2021-06-29,12.76,12.82,12.19,12.39,455185
2021-06-30,12.33,12.49,12.11,12.29,439249
2021-07-01,12.29,12.62,12.06,12.15,479544
2021-07-02,12.09,12.62,12.04,12.46,560537
2021-07-05,12.5,12.89,12.3,12.89,729818
2021-07-06,12.83,12.88,12.2,12.49,608574
2021-07-07,12.21,13.81,12.14,13.81,979242
2021-07-08,14.44,14.94,14.09,14.28,1266286
2021-07-09,14.2,15.48,14.14,15.18,1158780
2021-07-12,16.24,16.24,14.7,14.76,1880834
2021-07-13,14.97,15.4,14.55,15.12,889186
2021-07-14,14.8,14.9,14.2,14.2,909327
2021-07-15,14.02,14.27,13.62,13.88,634422
2021-07-16,13.84,14.26,13.7,13.8,490109
2021-07-19,13.65,13.94,13.4,13.47,414608
2021-07-20,13.39,13.61,13.29,13.51,391101
2021-07-21,13.59,14.13,13.59,13.97,588104
2021-07-22,13.94,14.73,13.89,14.34,612855
2021-07-23,14.35,14.69,14.09,14.12,527934
2021-07-26,14.04,14.04,12.85,13.32,715337
2021-07-27,13.29,13.52,12.85,12.86,513177
2021-07-28,12.72,12.83,12.19,12.33,459120
2021-07-29,12.64,13.06,12.49,12.89,536329
2021-07-30,12.78,13.62,12.65,13.32,681189
2021-08-02,13.58,14.01,13.41,13.77,675703
2021-08-03,13.84,14.02,13.29,13.35,453450
2021-08-04,13.29,13.99,13.22,13.78,512806
2021-08-05,13.75,13.88,13.37,13.65,323451
2021-08-06,13.83,14.06,13.55,13.84,400218
2021-08-09,13.84,13.84,13.05,13.45,554828
2021-08-10,13.44,13.79,13.29,13.46,344020
2021-08-11,13.47,13.6,13.27,13.35,314185
2021-08-12,13.28,14.75,13.25,14.75,786380
2021-08-13,14.75,14.84,14.2,14.53,741120
2021-08-16,14.37,15.09,14.27,14.64,615085
2021-08-17,14.42,14.88,13.99,14.09,526736
2021-08-18,14.02,14.24,13.54,13.92,341656
2021-08-19,13.96,15.28,13.93,14.94,815426
2021-08-20,14.9,15.0,14.5,14.85,426702
2021-08-23,14.85,14.96,14.49,14.89,451434
2021-08-24,14.87,16.04,14.82,15.34,737618
2021-08-25,15.25,15.91,15.06,15.83,511523
2021-08-26,15.64,16.2,15.3,15.33,429333
2021-08-27,15.22,16.93,15.15,16.84,982816
2021-08-30,16.56,17.79,16.38,17.69,878356
2021-08-31,17.47,18.39,17.23,17.82,822925
2021-09-01,17.73,17.82,16.39,17.39,646120
2021-09-02,17.33,19.19,17.21,19.12,881082
2021-09-03,18.89,19.68,18.34,18.59,528784
2021-09-06,18.6,19.37,18.04,18.95,742047
2021-09-07,18.84,20.34,18.81,19.71,759485
2021-09-08,19.51,19.69,18.56,18.84,659273
2021-09-09,18.75,18.76,17.76,17.98,649446
2021-09-10,18.13,18.27,17.56,18.06,399421
2021-09-13,17.63,17.95,17.49,17.77,407623
2021-09-14,17.72,18.44,17.48,17.88,595859
2021-09-15,17.71,17.87,17.37,17.69,297743
2021-09-16,17.56,17.56,16.53,16.65,585444
2021-09-17,16.61,16.96,15.74,16.52,435107
2021-09-22,16.25,16.62,15.91,16.44,354928
2021-09-23,16.38,16.85,16.07,16.15,367425
2021-09-24,16.26,16.27,15.8,15.97,348362
2021-09-27,15.96,16.38,15.36,15.55,354922
2021-09-28,15.68,15.74,15.02,15.15,429780
2021-09-29,15.04,15.04,14.33,14.42,527262
2021-09-30,14.64,14.78,14.22,14.47,441449
2021-10-08,14.64,14.99,14.37,14.75,433405
2021-10-11,14.74,15.46,14.45,15.15,517306
2021-10-12,15.2,15.99,15.09,15.64,597171
2021-10-13,15.64,17.03,15.39,16.94,897900
2021-10-14,16.89,17.23,16.49,16.78,491662
2021-10-15,16.69,17.57,16.59,17.33,636787
2021-10-18,17.3,17.74,17.0,17.09,438316
2021-10-19,16.91,17.23,16.37,16.52,588007
2021-10-20,16.44,17.04,16.39,16.74,393906
2021-10-21,16.72,16.84,16.36,16.52,257748
2021-10-22,16.52,17.31,16.47,16.62,544747
2021-10-25,16.61,17.71,16.39,17.49,705930
2021-10-26,17.69,17.84,17.12,17.22,447624
2021-10-27,17.24,17.56,16.95,17.28,352250
2021-10-28,17.2,17.26,16.48,16.59,326538
2021-10-29,16.6,17.06,16.09,16.67,324828
2021-11-01,16.27,16.59,15.64,15.7,640893
2021-11-02,15.59,16.49,15.52,16.08,504971
2021-11-03,15.96,16.29,15.83,16.11,258287
2021-11-04,16.19,17.13,16.19,16.99,491286
2021-11-05,17.04,17.68,16.86,17.12,539329
2021-11-08,17.59,18.0,17.11,17.21,428703
2021-11-09,17.18,17.84,17.07,17.26,371251
2021-11-10,17.29,17.56,16.77,17.07,359073
2021-11-11,16.94,17.74,16.8,17.71,582388
2021-11-12,17.61,17.78,17.41,17.59,396549
2021-11-15,17.57,17.64,16.15,16.33,693756
2021-11-16,16.25,16.25,15.7,15.92,441044
2021-11-17,16.1,16.32,15.96,16.24,305628
2021-11-18,16.04,16.17,15.41,15.7,485065
2021-11-19,15.6,16.13,15.11,15.84,569999
2021-11-22,15.86,16.38,15.85,16.27,423806
2021-11-23,16.28,16.29,15.79,15.84,386352
2021-11-24,15.77,15.82,15.4,15.41,437674
2021-11-25,15.39,15.51,15.15,15.33,331458
2021-11-26,15.3,15.49,15.23,15.44,272155
2021-11-29,15.16,15.39,14.91,15.11,310624
2021-11-30,15.59,16.04,15.47,15.8,609737
2021-12-01,15.7,15.79,15.31,15.52,305431
2021-12-02,15.54,16.04,15.41,15.74,445043
2021-12-03,15.68,15.81,15.44,15.63,300224
2021-12-06,15.59,15.63,15.21,15.29,331801
2021-12-07,15.36,15.56,15.07,15.26,276879
2021-12-08,15.42,16.31,15.42,16.22,755488
2021-12-09,16.19,16.99,16.07,16.58,757851
2021-12-10,16.39,16.78,16.2,16.51,425655
2021-12-13,16.49,16.83,16.34,16.54,340900
2021-12-14,16.39,16.4,15.8,15.83,426757
2021-12-15,15.69,15.91,15.59,15.66,261289
2021-12-16,15.66,15.72,15.39,15.71,293514
2021-12-17,15.59,15.62,15.4,15.42,220853
2021-12-20,15.39,15.39,14.36,14.39,583266
2021-12-21,14.37,14.59,14.27,14.54,277481
2021-12-22,14.69,14.82,14.51,14.59,200906
2021-12-23,14.68,14.87,14.63,14.76,209099
2021-12-24,14.79,14.85,14.29,14.42,267788
2021-12-27,14.34,14.46,14.09,14.18,228722
2021-12-28,14.18,14.39,14.18,14.36,177064
2021-12-29,14.37,14.46,14.23,14.41,167619
2021-12-30,14.37,14.81,14.34,14.67,270213
2021-12-31,14.57,14.69,14.45,14.58,209985
2022-01-04,14.69,14.78,14.53,14.67,224627
2022-01-05,14.63,14.63,14.39,14.42,182732
2022-01-06,14.42,14.42,13.97,14.05,364993
2022-01-07,14.12,14.24,13.9,13.93,275672
2022-01-10,13.79,14.02,13.66,14.01,236318
2022-01-11,13.93,14.13,13.83,13.9,197795
2022-01-12,14.2,14.69,14.19,14.57,524231
2022-01-13,14.57,14.57,14.35,14.47,302220
2022-01-14,14.35,14.5,14.05,14.25,227256
2022-01-17,14.19,14.49,14.15,14.27,160902
2022-01-18,14.27,14.6,14.19,14.45,300005
2022-01-19,14.37,14.42,13.89,14.19,345697
2022-01-20,14.06,14.5,14.01,14.21,391322
2022-01-21,14.11,14.16,13.94,13.95,232776
2022-01-24,13.94,14.17,13.83,14.1,207051
2022-01-25,14.02,14.25,13.36,13.38,221492
2022-01-26,13.38,13.54,12.89,13.07,297062
2022-01-27,13.13,13.44,12.75,12.81,339983
2022-01-28,12.89,12.98,12.24,12.48,403956
2022-02-07,12.86,13.37,12.83,13.02,348159
2022-02-08,13.02,13.02,12.72,12.9,240837
2022-02-09,13.05,13.55,12.99,13.43,457276
2022-02-10,13.43,13.43,13.02,13.13,291816
2022-02-11,13.0,13.03,12.49,12.59,331059
2022-02-14,12.58,12.58,12.12,12.21,339465
2022-02-15,12.21,12.37,12.14,12.32,312691
2022-02-16,12.36,12.59,12.34,12.39,285221
2022-02-17,12.36,12.37,12.18,12.22,284333
2022-02-18,12.11,12.34,11.99,12.31,233652
2022-02-21,12.24,12.44,12.16,12.44,210273
2022-02-22,12.29,12.33,12.0,12.08,272070
2022-02-23,12.1,12.57,12.04,12.51,367136
2022-02-24,12.4,12.46,11.89,12.05,389070
2022-02-25,12.15,12.61,12.15,12.34,510541
2022-02-28,12.33,12.38,12.11,12.18,222930
2022-03-01,12.35,12.73,12.34,12.49,395262
2022-03-02,12.34,12.51,12.31,12.5,189128
2022-03-03,12.54,12.61,12.24,12.27,262180
2022-03-04,12.14,12.14,11.51,11.62,655092
2022-03-07,11.53,11.54,11.14,11.33,398827
2022-03-08,11.47,11.49,10.78,10.96,420921
2022-03-09,11.07,11.11,10.22,10.72,382542
2022-03-10,11.03,11.1,10.89,10.99,271239
2022-03-11,10.69,11.03,10.63,11.02,235394
2022-03-14,10.78,10.96,10.61,10.61,224976
2022-03-15,10.52,10.61,9.93,9.93,364174
2022-03-16,10.17,10.46,9.87,10.44,402375
2022-03-17,10.71,10.84,10.58,10.61,377979
2022-03-18,10.69,11.05,10.64,10.9,411783
2022-03-21,10.99,11.13,10.76,10.86,344338
2022-03-22,10.71,10.94,10.64,10.85,179793
2022-03-23,10.94,10.99,10.78,10.81,190922
2022-03-24,10.73,10.81,10.64,10.66,158998
2022-03-25,10.75,10.76,10.51,10.52,155636
2022-03-28,10.47,10.75,10.31,10.59,256345
2022-03-29,10.62,10.69,10.37,10.41,166734
2022-03-30,10.48,10.69,10.47,10.67,193949
2022-03-31,10.78,10.82,10.58,10.62,262733
2022-04-01,10.5,10.74,10.47,10.64,237403
2022-04-06,10.69,10.89,10.66,10.77,325438
2022-04-07,10.71,10.76,10.41,10.41,229047
2022-04-08,10.55,11.37,10.51,11.22,887229
2022-04-11,11.08,11.22,10.56,10.67,543464
2022-04-12,10.5,10.99,10.46,10.9,412743
2022-04-13,10.8,11.17,10.7,10.94,296333
2022-04-14,11.16,11.64,11.16,11.28,363063
2022-04-15,11.1,11.35,10.99,11.3,332323
2022-04-18,11.21,11.58,11.17,11.58,328015
2022-04-19,11.42,11.69,11.33,11.39,314046
2022-04-20,11.46,11.72,11.29,11.36,374059
2022-04-21,11.13,11.32,10.83,10.87,320975
2022-04-22,10.76,11.11,10.61,11.0,198913
2022-04-25,10.82,10.85,10.39,10.47,316249
2022-04-26,10.51,10.69,10.15,10.23,289286
2022-04-27,9.94,10.41,9.55,10.34,476877
2022-04-28,10.69,11.12,10.47,11.0,571768
2022-04-29,11.29,11.66,11.04,11.63,579551
2022-05-05,11.39,11.71,11.31,11.56,448321
2022-05-06,11.39,11.84,11.28,11.68,405858
2022-05-09,11.59,11.64,11.4,11.53,287427
2022-05-10,11.34,11.52,11.14,11.42,305400
2022-05-11,11.49,12.34,11.41,11.79,568433
2022-05-12,11.67,11.95,11.6,11.82,308763
2022-05-13,11.93,13.01,11.93,12.96,867972
2022-05-16,12.96,12.99,12.37,12.52,523308
2022-05-17,12.53,13.38,12.44,12.94,683132
2022-05-18,12.97,13.33,12.6,12.69,562535
2022-05-19,12.39,13.0,12.31,12.86,422533
2022-05-20,12.79,13.04,12.7,12.77,370098
2022-05-23,12.71,13.5,12.71,13.37,713286
2022-05-24,13.69,14.72,13.69,13.73,1282792
2022-05-25,13.68,14.38,13.37,14.12,632974
2022-05-26,13.9,14.2,13.54,14.1,422725
2022-05-27,14.04,14.49,13.67,13.91,305000
2022-05-30,14.11,14.14,13.69,13.95,241466
2022-05-31,13.92,14.37,13.69,14.37,562303
2022-06-01,14.59,15.41,14.54,15.32,906976
2022-06-02,15.28,15.89,14.99,15.5,725788
2022-06-06,15.39,15.45,14.9,15.25,471408
2022-06-07,15.38,15.44,14.77,15.09,385648
2022-06-08,15.09,15.47,14.9,15.42,529691
2022-06-09,15.43,15.43,14.89,14.98,274218
2022-06-10,14.79,15.89,14.71,15.47,465851
2022-06-13,15.28,16.24,15.16,16.09,571521
2022-06-14,15.87,16.89,15.49,16.57,539527
2022-06-15,16.59,17.5,16.59,16.68,716895
2022-06-16,16.61,16.94,16.08,16.22,452839
2022-06-17,15.99,16.69,15.89,16.6,385492
2022-06-20,16.6,16.81,16.2,16.49,268964
2022-06-21,16.49,16.49,15.6,16.12,478665
2022-06-22,16.12,16.38,15.74,15.82,354907
2022-06-23,16.26,17.06,16.02,17.06,612446
2022-06-24,16.93,17.58,16.58,17.02,475840
2022-06-27,17.05,17.67,16.82,17.34,505842
2022-06-28,17.34,17.56,16.68,17.09,602961
2022-06-29,17.14,17.14,15.34,15.34,907394
2022-06-30,15.06,15.21,14.62,14.8,970803
2022-07-01,14.82,15.64,14.69,15.32,660370
2022-07-04,15.6,15.66,14.91,15.15,537486
2022-07-05,15.15,15.43,14.72,14.88,435666
2022-07-06,15.06,15.67,14.99,15.36,621257
2022-07-07,15.27,16.71,15.26,16.69,846653
2022-07-08,16.73,16.74,16.16,16.23,453539
2022-07-11,16.07,16.09,15.12,15.3,526472
2022-07-12,15.3,15.7,14.76,15.05,398751
2022-07-13,15.1,15.56,14.76,15.31,381088
2022-07-14,15.16,15.61,15.01,15.27,314745
2022-07-15,15.22,16.15,15.21,15.63,452482
2022-07-18,15.61,15.97,15.23,15.48,381251
2022-07-19,15.34,15.52,15.07,15.27,319300
2022-07-20,15.28,15.34,14.93,15.0,294188
2022-07-21,14.97,14.97,14.61,14.67,303639
2022-07-22,14.8,15.06,14.57,14.84,337283
2022-07-25,14.66,14.73,13.92,14.08,706777
2022-07-26,14.02,14.4,13.97,14.21,307183
2022-07-27,14.22,14.74,14.17,14.43,297877
2022-07-28,14.54,14.81,14.29,14.42,292386
2022-07-29,14.38,14.71,14.27,14.45,293645
2022-08-01,14.43,15.36,14.19,15.14,613704
2022-08-02,14.88,15.05,14.49,14.78,436212
2022-08-03,14.86,15.95,14.86,15.05,710119
2022-08-04,15.18,15.42,14.29,14.54,507292
2022-08-05,14.67,15.13,14.46,14.73,389335
2022-08-08,14.62,15.16,14.43,14.87,386459
2022-08-09,14.88,15.08,14.72,14.76,339299
2022-08-10,14.7,14.93,14.29,14.41,449178
2022-08-11,14.42,14.98,14.19,14.88,450811
2022-08-12,14.88,14.89,14.46,14.46,372077
2022-08-15,14.35,14.52,14.18,14.29,353895
2022-08-16,14.25,14.55,14.2,14.3,276509
2022-08-17,14.29,14.38,14.0,14.34,410957
2022-08-18,14.36,14.48,14.14,14.26,421001
2022-08-19,14.25,14.27,13.77,13.82,370193
2022-08-22,13.87,14.34,13.65,14.24,527621
2022-08-23,14.15,14.32,13.78,13.91,330511
2022-08-24,13.86,14.0,13.46,13.5,354272
2022-08-25,13.53,13.94,13.41,13.78,249215
2022-08-26,14.05,14.2,13.81,14.05,301940
2022-08-29,13.84,14.12,13.71,13.86,196104
2022-08-30,13.83,14.56,13.81,14.33,543969
2022-08-31,14.33,14.35,13.39,13.47,658290
2022-09-01,13.46,13.74,13.23,13.48,352646
2022-09-02,13.46,13.64,13.26,13.5,243533
2022-09-05,13.45,13.45,12.9,13.17,390397
2022-09-06,13.36,13.61,13.27,13.54,369801
2022-09-07,13.56,13.67,13.41,13.52,229400
2022-09-08,13.6,13.8,13.4,13.43,213295
2022-09-09,13.48,13.61,13.27,13.54,151086
2022-09-13,13.64,14.06,13.56,13.84,346835
2022-09-14,13.57,13.71,13.36,13.46,314356
2022-09-15,13.45,13.51,12.74,12.89,372481
2022-09-16,12.9,12.91,12.46,12.5,275228
2022-09-19,12.5,12.81,12.42,12.61,234094
2022-09-20,12.73,13.05,12.67,12.95,245155
2022-09-21,12.91,12.98,12.72,12.9,174709
2022-09-22,12.82,12.87,12.29,12.46,358335
2022-09-23,12.41,12.58,12.05,12.38,314499
2022-09-26,12.32,12.58,12.2,12.42,202554
2022-09-27,12.45,12.58,12.26,12.5,166324
2022-09-28,12.39,12.39,12.04,12.04,184902
2022-09-29,12.17,12.21,11.82,11.85,244479
2022-09-30,11.84,11.9,11.62,11.75,258235
2022-10-10,11.75,11.77,11.4,11.44,227007
2022-10-11,11.63,11.68,11.4,11.55,195599
2022-10-12,11.52,11.94,11.34,11.91,265550
2022-10-13,11.82,12.25,11.79,12.03,328877
2022-10-14,12.14,12.49,12.13,12.35,268655
2022-10-17,12.27,12.37,12.01,12.27,285863
2022-10-18,12.47,12.72,12.22,12.24,278347
2022-10-19,12.12,12.37,12.03,12.04,168898
2022-10-20,11.96,12.09,11.75,11.92,193632
2022-10-21,12.12,12.48,11.97,12.04,294606
2022-10-24,12.04,12.3,11.65,11.75,256944
2022-10-25,11.67,11.98,11.46,11.78,222916
2022-10-26,11.86,12.02,11.7,11.76,295298
2022-10-27,11.83,12.11,11.8,11.85,267584
2022-10-28,11.82,11.83,11.1,11.12,469268
2022-10-31,10.91,11.23,10.8,10.95,293789
2022-11-01,10.88,11.39,10.84,11.39,319362
2022-11-02,11.32,12.06,11.27,11.91,450522
2022-11-03,11.79,12.16,11.7,11.74,361568
2022-11-04,11.8,12.36,11.8,12.24,403283
2022-11-07,12.21,12.29,12.02,12.18,338646
2022-11-08,12.2,12.3,11.88,12.01,300034
2022-11-09,12.0,12.09,11.77,11.8,239523
2022-11-10,11.7,11.7,11.4,11.47,331079
2022-11-11,11.92,11.92,11.57,11.68,348525
2022-11-14,11.72,11.8,11.44,11.53,312795
2022-11-15,11.53,11.81,11.42,11.78,304261
2022-11-16,11.76,11.88,11.52,11.58,272476
2022-11-17,11.42,11.45,11.22,11.37,343411
2022-11-18,11.38,11.45,11.27,11.29,216492
2022-11-21,11.22,11.27,10.96,11.26,264347
2022-11-22,11.21,11.38,11.13,11.2,201726
2022-11-23,11.19,11.26,11.08,11.2,200298
2022-11-24,11.27,11.35,11.18,11.24,217794
2022-11-25,11.21,11.22,11.07,11.15,154664
2022-11-28,10.99,10.99,10.77,10.95,314178
2022-11-29,10.95,11.36,10.95,11.34,404860
2022-11-30,11.36,12.15,11.3,11.94,1104417
2022-12-01,12.17,12.5,11.87,11.89,771030
2022-12-02,11.97,11.97,11.6,11.62,385594
2022-12-05,11.73,11.84,11.63,11.73,508676
2022-12-06,11.69,11.94,11.52,11.76,451793
2022-12-07,11.66,11.96,11.66,11.82,466007
2022-12-08,11.76,11.86,11.66,11.8,313092
2022-12-09,11.83,11.87,11.62,11.72,302443
2022-12-12,11.61,11.61,11.35,11.38,414814
2022-12-13,11.34,11.58,11.34,11.42,272308
2022-12-14,11.47,11.47,11.28,11.31,202170
2022-12-15,11.37,11.58,11.26,11.53,349308
2022-12-16,11.46,11.6,11.42,11.51,212878
2022-12-19,11.58,11.81,11.33,11.38,437724
2022-12-20,11.3,11.31,11.0,11.28,287664
2022-12-21,11.29,11.31,11.02,11.1,205373
2022-12-22,11.16,11.33,10.97,11.04,325948
2022-12-23,10.9,10.98,10.8,10.92,226672
2022-12-26,10.87,11.01,10.85,10.98,257855
2022-12-27,11.01,11.03,10.85,11.01,215783
2022-12-28,10.95,11.03,10.75,10.77,403054
2022-12-29,10.73,10.83,10.56,10.58,416067
2022-12-30,10.76,10.91,10.62,10.65,375358
2023-01-03,10.67,10.77,10.52,10.77,378196
2023-01-04,10.71,10.76,10.6,10.65,334248
2023-01-05,10.76,10.99,10.72,10.89,498019
2023-01-06,10.82,10.98,10.78,10.86,458213
2023-01-09,10.88,10.98,10.86,10.88,331142
2023-01-10,10.9,11.16,10.71,11.08,612278
2023-01-11,10.98,11.0,10.81,10.81,366290
2023-01-12,10.82,11.0,10.77,10.8,422272
2023-01-13,10.81,10.9,10.75,10.85,306566
2023-01-16,10.79,11.05,10.79,10.93,482852
2023-01-17,10.93,10.99,10.88,10.99,278058
2023-01-18,11.0,11.09,10.95,11.0,267611
2023-01-19,10.96,10.99,10.89,10.99,223851
2023-01-20,10.99,11.18,10.97,11.15,501098
2023-01-30,11.47,11.59,11.32,11.33,705278
2023-01-31,11.29,11.49,11.27,11.35,387886
2023-02-01,11.37,11.67,11.37,11.64,711194
2023-02-02,11.68,11.71,11.5,11.55,461097
2023-02-03,11.52,11.57,11.31,11.41,406432
2023-02-06,11.42,11.42,11.22,11.29,343659
2023-02-07,11.32,11.37,11.28,11.33,242547
2023-02-08,11.33,11.33,11.22,11.25,218523
2023-02-09,11.24,11.36,11.19,11.36,255466
2023-02-10,11.33,11.34,11.2,11.25,263356
2023-02-13,11.22,11.31,11.14,11.29,258255
2023-02-14,11.29,11.31,11.19,11.3,289560
2023-02-15,11.29,11.46,11.26,11.27,393069
2023-02-16,11.26,11.4,10.95,11.07,483247
2023-02-17,11.07,11.12,10.97,10.99,275981
2023-02-20,10.99,11.09,10.92,11.09,363963
2023-02-21,11.08,11.38,11.06,11.29,533046
2023-02-22,11.22,11.32,11.14,11.31,327572
2023-02-23,11.32,11.41,11.23,11.27,261052
2023-02-24,11.26,11.28,11.08,11.14,217249
2023-02-27,11.06,11.11,10.99,11.03,199286
2023-02-28,11.05,11.1,10.96,11.09,219567
2023-03-01,11.06,11.24,11.02,11.22,331286
2023-03-02,11.28,11.47,11.26,11.27,454983
2023-03-03,11.31,11.37,11.2,11.35,280717
2023-03-06,11.4,11.45,11.24,11.31,282402
2023-03-07,11.29,11.45,11.19,11.21,485944
2023-03-08,11.15,11.22,11.08,11.16,245381
2023-03-09,11.24,11.4,11.16,11.2,362309
2023-03-10,11.08,11.1,10.68,10.71,745516
2023-03-13,10.52,10.58,10.23,10.42,620964
2023-03-14,10.4,10.46,10.14,10.41,345988
2023-03-15,10.46,10.51,10.4,10.44,190660
2023-03-16,10.4,10.48,10.24,10.28,223779
2023-03-17,10.35,10.39,10.28,10.34,230610
2023-03-20,10.32,10.35,10.22,10.31,215651
2023-03-21,10.29,10.43,10.27,10.42,261899
2023-03-22,10.46,10.57,10.44,10.51,262689
2023-03-23,10.44,10.57,10.44,10.56,193963
2023-03-24,10.57,10.73,10.57,10.68,304834
2023-03-27,10.68,10.75,10.57,10.68,184912
2023-03-28,10.71,10.84,10.7,10.79,282375
2023-03-29,10.79,11.03,10.79,10.95,375541
2023-03-30,10.89,11.02,10.74,10.86,277528
2023-03-31,10.87,10.91,10.71,10.76,220087
2023-04-03,10.78,10.83,10.7,10.76,245681
2023-04-04,10.75,10.75,10.57,10.62,270762
2023-04-06,10.57,10.71,10.54,10.61,210337
2023-04-07,10.62,10.8,10.62,10.68,229689
2023-04-10,10.65,10.71,10.55,10.59,182862
2023-04-11,10.62,10.64,10.45,10.59,252874
2023-04-12,10.61,10.68,10.54,10.61,298288
2023-04-13,10.6,10.67,10.38,10.46,460261
2023-04-14,10.46,10.81,10.45,10.66,473682
2023-04-17,10.68,10.81,10.66,10.75,300949
2023-04-18,10.76,10.8,10.66,10.7,228924
2023-04-19,10.71,10.73,10.53,10.56,210430
2023-04-20,10.54,10.55,10.33,10.38,328353
2023-04-21,10.39,10.44,10.17,10.19,345352
2023-04-24,10.18,10.34,10.04,10.1,258455
2023-04-25,10.14,10.18,9.86,9.95,269438
2023-04-26,9.92,10.14,9.88,10.07,176549
2023-04-27,10.12,10.15,10.03,10.08,138278
2023-04-28,10.08,10.27,10.08,10.26,221412
2023-05-04,10.19,10.25,10.07,10.19,182050
2023-05-05,10.22,10.22,10.0,10.05,173587
2023-05-08,10.15,10.28,10.14,10.21,185561
2023-05-09,10.21,10.37,10.14,10.23,247788
2023-05-10,10.23,10.6,10.17,10.57,500254
2023-05-11,10.49,10.57,10.33,10.36,360896
2023-05-12,10.37,10.44,10.2,10.23,204286
2023-05-15,10.22,10.31,10.14,10.31,203128
2023-05-16,10.32,10.35,10.16,10.19,150740
2023-05-17,10.19,10.23,10.08,10.12,145018
2023-05-18,10.15,10.18,9.97,10.01,231543
2023-05-19,9.99,10.0,9.88,9.97,163088
2023-05-22,9.95,10.11,9.95,10.06,147760
2023-05-23,10.06,10.1,9.99,9.99,116143
2023-05-24,9.95,10.01,9.89,9.91,139933
2023-05-25,9.87,9.91,9.76,9.83,183174
2023-05-26,9.83,9.93,9.7,9.89,145980
2023-05-29,9.88,9.89,9.75,9.79,132967
2023-05-30,9.78,9.88,9.73,9.81,114547
2023-05-31,9.79,9.81,9.74,9.81,109986
2023-06-01,9.77,9.88,9.74,9.84,142155
2023-06-02,9.89,9.99,9.84,9.98,190973
2023-06-05,10.03,10.05,9.89,9.97,158462
2023-06-06,9.92,9.97,9.79,9.82,137616
2023-06-07,9.86,9.87,9.76,9.79,108266
2023-06-08,9.82,9.85,9.76,9.83,108778
2023-06-09,9.91,10.07,9.91,9.95,208021
2023-06-12,9.9,10.14,9.86,10.09,268057
2023-06-13,10.13,10.14,10.0,10.07,150342
2023-06-14,10.1,10.15,10.04,10.09,168650
2023-06-15,10.09,10.31,10.05,10.2,258936
2023-06-16,10.3,10.32,10.17,10.2,204044
2023-06-19,10.19,10.34,10.17,10.27,204690
2023-06-20,10.26,10.27,10.12,10.19,158704
2023-06-21,10.19,10.33,10.14,10.17,187362
2023-06-26,10.07,10.46,10.03,10.17,316642
2023-06-27,10.14,10.3,10.04,10.24,183363
2023-06-28,10.21,10.37,10.16,10.19,169737
2023-06-29,10.17,10.2,10.13,10.14,123378
2023-06-30,10.17,10.26,10.09,10.22,144240
2023-07-03,10.28,10.5,10.28,10.48,394656
2023-07-04,10.49,10.96,10.42,10.83,792836
2023-07-05,10.8,10.94,10.73,10.81,442351
2023-07-06,10.81,11.0,10.68,10.91,354355
2023-07-07,10.89,11.02,10.83,10.83,309410
2023-07-10,10.86,11.02,10.68,10.73,321259
2023-07-11,10.74,10.99,10.74,10.92,344485
2023-07-12,10.91,11.1,10.82,10.85,352899
2023-07-13,10.76,10.89,10.69,10.73,302180
2023-07-14,10.69,10.69,10.55,10.57,197672
2023-07-17,10.53,10.57,10.4,10.48,190970
2023-07-18,10.46,10.84,10.45,10.75,325533
2023-07-19,10.74,10.84,10.62,10.72,165951
2023-07-20,10.71,10.8,10.52,10.53,182124
2023-07-21,10.5,10.58,10.37,10.5,145528
2023-07-24,10.43,10.6,10.37,10.51,170788
2023-07-25,10.71,10.93,10.65,10.85,404785
2023-07-26,10.76,10.82,10.58,10.63,268584
2023-07-27,10.79,11.06,10.77,10.82,588545
2023-07-28,10.81,11.21,10.65,11.14,728915
2023-07-31,11.21,11.65,11.21,11.5,883355
2023-08-01,11.42,11.59,11.29,11.34,478038
2023-08-02,11.33,11.55,11.25,11.29,354214
2023-08-03,11.24,11.29,11.11,11.26,250860
2023-08-04,11.36,11.59,11.31,11.47,546275
2023-08-07,11.43,11.52,11.3,11.38,295244
2023-08-08,11.38,11.43,11.28,11.4,279353
2023-08-09,11.33,11.5,11.21,11.36,277530
2023-08-10,11.32,11.39,11.1,11.19,225246
2023-08-11,11.23,11.24,10.89,10.92,271665
2023-08-14,10.8,10.8,10.52,10.69,339408
2023-08-15,10.7,10.72,10.5,10.55,175734
2023-08-16,10.55,10.57,10.38,10.4,164930
2023-08-17,10.35,10.48,10.28,10.43,196606
2023-08-18,10.43,10.5,10.26,10.26,182599
2023-08-21,10.24,10.33,10.1,10.1,159494
2023-08-22,10.17,10.21,9.95,10.12,267095
2023-08-23,10.08,10.16,9.95,9.95,168099
2023-08-24,9.96,10.1,9.92,9.97,163820
2023-08-25,9.93,9.97,9.83,9.88,210891
2023-08-28,10.36,10.43,10.01,10.04,364365
2023-08-29,10.02,10.23,10.01,10.17,243877
2023-08-30,10.14,10.2,10.05,10.07,193562
2023-08-31,10.03,10.04,9.88,9.88,233640
2023-09-01,9.94,10.07,9.9,9.99,170918
2023-09-04,10.03,10.27,9.99,10.27,298071
2023-09-05,10.25,10.25,10.14,10.16,138081
2023-09-06,10.16,10.24,10.08,10.16,164082
2023-09-07,10.12,10.13,9.96,10.0,146196
2023-09-08,9.97,9.99,9.92,9.95,105407
2023-09-11,9.99,10.24,9.94,10.18,248349
2023-09-12,10.19,10.26,10.15,10.16,146193
2023-09-13,10.15,10.17,9.99,10.04,161059
2023-09-14,10.02,10.09,9.92,10.0,157865
2023-09-15,10.02,10.05,9.88,9.89,230555
2023-09-18,9.92,10.11,9.89,10.1,266015
2023-09-19,10.07,10.12,9.99,10.04,121580
2023-09-20,10.03,10.06,9.95,9.97,111539
2023-09-21,9.92,9.97,9.76,9.77,270531
2023-09-22,9.75,9.9,9.73,9.9,153439
2023-09-25,9.89,9.96,9.85,9.87,126409
2023-09-26,9.85,9.92,9.8,9.81,112358
2023-09-27,9.78,9.88,9.78,9.79,119518
2023-09-28,9.81,9.94,9.8,9.86,134297
2023-10-09,9.88,9.95,9.85,9.94,179953
2023-10-10,9.91,9.99,9.85,9.92,156152
2023-10-11,9.98,9.99,9.82,9.85,180105
2023-10-12,9.87,10.25,9.87,10.14,416007
2023-10-13,10.09,10.21,10.05,10.16,223115
2023-10-16,10.2,10.22,9.99,10.04,229832
2023-10-17,10.08,10.13,9.96,10.06,174583
2023-10-18,10.02,10.26,10.0,10.12,287967
2023-10-19,10.02,10.03,9.78,9.79,317650
2023-10-20,9.77,9.87,9.75,9.79,163566
2023-10-23,9.78,9.92,9.61,9.73,213841
2023-10-24,9.71,9.77,9.5,9.65,203310
2023-10-25,9.76,10.05,9.71,10.01,356602
2023-10-26,9.99,10.07,9.9,10.05,228007
2023-10-27,10.04,10.47,10.0,10.29,543502
2023-10-30,10.22,10.23,9.98,10.02,406899
2023-10-31,9.99,10.04,9.81,9.87,262683
2023-11-01,9.88,9.92,9.81,9.88,147160
2023-11-02,9.88,10.04,9.86,9.91,236555
2023-11-03,9.9,9.99,9.83,9.95,169950
2023-11-06,9.96,10.04,9.96,9.99,310026
2023-11-07,9.98,10.09,9.95,9.99,258346
2023-11-08,9.97,9.98,9.85,9.9,288333
2023-11-09,9.89,10.0,9.83,9.92,276263
2023-11-10,9.85,9.9,9.67,9.74,358760
2023-11-13,9.75,9.79,9.66,9.71,242748
2023-11-14,9.72,9.75,9.69,9.74,213946
2023-11-15,9.8,9.9,9.72,9.88,354600
2023-11-16,9.86,9.91,9.74,9.75,257023
2023-11-17,9.72,9.79,9.68,9.78,206686
2023-11-20,9.81,9.88,9.77,9.79,204191
2023-11-21,9.8,9.85,9.75,9.77,205854
2023-11-22,9.75,9.76,9.64,9.64,267769
2023-11-23,9.63,9.81,9.61,9.78,333902
2023-11-24,9.72,9.77,9.64,9.65,266407
2023-11-27,9.69,9.84,9.56,9.79,430125
2023-11-28,9.75,10.17,9.68,10.11,939195
2023-11-29,10.02,10.03,9.81,9.85,659105
2023-11-30,9.83,9.85,9.73,9.77,292718
2023-12-01,9.77,9.79,9.63,9.7,329399
2023-12-04,9.68,9.73,9.62,9.63,268661
2023-12-05,9.61,9.62,9.37,9.39,361337
2023-12-06,9.38,9.45,9.31,9.37,198498
2023-12-07,9.37,9.39,9.16,9.24,271784
2023-12-08,9.23,9.31,9.15,9.16,252939
2023-12-11,9.07,9.1,8.92,9.04,466486
2023-12-12,9.01,9.09,8.97,9.03,238461
2023-12-13,9.01,9.01,8.9,8.9,243535
2023-12-14,8.95,8.97,8.84,8.85,209816
2023-12-15,8.86,8.89,8.77,8.78,252747
2023-12-18,8.75,8.75,8.61,8.62,268714
2023-12-19,8.6,8.61,8.44,8.52,273809
2023-12-20,8.54,8.58,8.34,8.35,257838
2023-12-21,8.31,8.48,8.27,8.48,236803
2023-12-22,8.47,8.52,8.39,8.47,173576
2023-12-25,8.47,8.49,8.38,8.46,126401
2023-12-26,8.46,8.47,8.35,8.37,121008
2023-12-27,8.38,8.43,8.3,8.34,156473
2023-12-28,8.29,8.55,8.27,8.54,242946
2023-12-29,8.54,8.63,8.5,8.6,213132
2024-01-02,8.62,8.65,8.56,8.57,171546
2024-01-03,8.53,8.58,8.45,8.5,144798
2024-01-04,8.49,8.49,8.34,8.39,157930
2024-01-05,8.4,8.47,8.34,8.36,173032
2024-01-08,8.33,8.33,8.17,8.19,219818
2024-01-09,8.18,8.26,8.17,8.22,163226
2024-01-10,8.2,8.26,8.13,8.22,139600
2024-01-11,8.21,8.43,8.19,8.39,201272
2024-01-12,8.39,8.45,8.34,8.35,164406
2024-01-15,8.31,8.4,8.28,8.32,114723
2024-01-16,8.3,8.38,8.26,8.37,180538
2024-01-17,8.35,8.35,8.18,8.18,172133
2024-01-18,8.15,8.17,7.9,8.14,322008
2024-01-19,8.13,8.22,8.08,8.2,193776
2024-01-22,8.19,8.23,7.85,7.96,226853
2024-01-23,7.95,8.03,7.85,7.97,167668
2024-01-24,7.99,8.13,7.89,8.11,211044
2024-01-25,8.09,8.31,8.05,8.31,307217
2024-01-26,8.27,8.39,8.23,8.32,192996
2024-01-29,8.32,8.4,8.26,8.31,187096
2024-01-30,8.26,8.34,8.15,8.15,168936
2024-01-31,8.14,8.18,7.99,8.05,212238
2024-02-01,8.02,8.17,7.94,8.03,187022
2024-02-02,8.05,8.12,7.75,7.97,336813
2024-02-05,7.94,7.99,7.57,7.88,318819
2024-02-06,7.85,8.26,7.78,8.25,325846
2024-02-07,8.27,8.44,8.2,8.41,338700
2024-02-08,8.44,8.53,8.34,8.48,345805
2024-02-19,8.53,8.56,8.41,8.53,245258
2024-02-20,8.5,8.5,8.36,8.4,181119
2024-02-21,8.35,8.64,8.33,8.49,341021
2024-02-22,8.45,8.52,8.4,8.5,191155
2024-02-23,8.5,8.59,8.46,8.56,222832
2024-02-26,8.73,8.93,8.71,8.72,394766
2024-02-27,8.71,8.83,8.66,8.8,311979
2024-02-28,8.77,8.79,8.55,8.57,373441
2024-02-29,8.51,8.76,8.48,8.76,301398
2024-03-01,8.75,8.77,8.67,8.73,203223
2024-03-04,8.71,8.72,8.53,8.58,217440
2024-03-05,8.53,8.72,8.46,8.67,325965
2024-03-06,8.65,8.68,8.57,8.58,263741
2024-03-07,8.58,8.64,8.5,8.51,207145
2024-03-08,8.51,8.55,8.42,8.47,173522
2024-03-11,8.47,8.56,8.45,8.55,256580
2024-03-12,8.59,8.79,8.56,8.77,452909
2024-03-13,8.77,8.92,8.7,8.74,416842
2024-03-14,8.67,8.79,8.57,8.63,285490
2024-03-15,8.58,8.72,8.53,8.72,242577
2024-03-18,8.85,9.08,8.84,8.98,531993
2024-03-19,8.96,9.61,8.87,9.24,927289
2024-03-20,9.1,9.21,8.95,9.11,771610
2024-03-21,9.1,9.1,8.94,8.96,504357
2024-03-22,8.94,8.96,8.72,8.73,400624
2024-03-25,8.66,8.76,8.58,8.59,298879
2024-03-26,8.56,8.72,8.55,8.72,260191
2024-03-27,8.68,8.7,8.49,8.5,232715
2024-03-28,8.46,8.85,8.45,8.76,462183
2024-03-29,8.73,8.73,8.58,8.65,290753
2024-04-01,8.64,8.8,8.61,8.76,278343
2024-04-02,8.75,8.78,8.6,8.64,256317
2024-04-03,8.6,8.62,8.51,8.55,184272
2024-04-08,8.6,8.97,8.58,8.7,518317
2024-04-09,8.7,9.0,8.64,8.99,751557
2024-04-10,9.23,9.59,8.99,9.19,1669934
2024-04-11,9.2,9.32,8.97,9.18,970275
2024-04-12,9.08,9.1,8.64,8.64,933429
2024-04-15,8.51,8.6,8.15,8.4,589995
2024-04-16,8.35,8.4,8.2,8.22,399916
2024-04-17,8.3,8.46,8.28,8.46,359159
2024-04-18,8.47,8.95,8.45,8.73,651010
2024-04-19,8.66,8.68,8.48,8.54,394691
2024-04-22,8.53,8.54,8.36,8.38,254993
2024-04-23,8.36,8.47,8.28,8.32,226876
2024-04-24,8.29,8.4,8.28,8.38,196301
2024-04-25,8.39,8.59,8.29,8.44,341814
2024-04-26,8.37,8.53,8.37,8.52,421854
2024-04-29,8.5,8.89,8.48,8.77,579009
2024-04-30,8.78,8.82,8.6,8.63,386052
2024-05-06,8.74,8.79,8.65,8.69,307643
2024-05-07,8.66,8.67,8.57,8.61,229010
2024-05-08,8.6,8.6,8.52,8.56,170843
2024-05-09,8.56,8.68,8.54,8.68,231226
2024-05-10,8.68,8.7,8.58,8.63,172149
2024-05-13,8.57,8.58,8.45,8.51,177139
2024-05-14,8.49,8.62,8.49,8.54,160227
2024-05-15,8.5,8.51,8.39,8.41,251186
2024-05-16,8.42,8.45,8.39,8.41,157400
2024-05-17,8.43,8.52,8.39,8.52,177681
2024-05-20,8.52,8.6,8.49,8.54,223110
2024-05-21,8.53,8.57,8.42,8.51,184177
2024-05-22,8.5,8.55,8.47,8.53,174003
2024-05-23,8.54,8.55,8.32,8.35,267272
2024-05-24,8.33,8.38,8.29,8.3,172763
2024-05-27,8.3,8.37,8.27,8.37,137358
2024-05-28,8.37,8.37,8.25,8.26,147698
2024-05-29,8.23,8.32,8.22,8.31,132070
2024-05-30,8.32,8.4,8.31,8.34,133792
2024-05-31,8.34,8.39,8.26,8.27,167321
2024-06-03,8.45,8.7,8.41,8.62,732086
2024-06-04,8.6,8.6,8.48,8.56,247049
2024-06-05,8.63,8.7,8.56,8.61,323486
2024-06-06,8.57,8.61,8.44,8.48,269883
2024-06-07,8.48,8.54,8.44,8.52,192438
2024-06-11,8.43,8.43,8.3,8.35,222843
2024-06-12,8.33,8.37,8.3,8.35,189531
2024-06-13,8.36,8.51,8.33,8.46,307153
2024-06-14,8.44,8.68,8.36,8.36,722084
2024-06-17,8.34,8.52,8.23,8.39,350418
2024-06-18,8.36,8.42,8.33,8.39,178966
2024-06-19,8.39,8.4,8.29,8.29,170185
2024-06-20,8.27,8.27,8.01,8.03,272108
2024-06-21,8.04,8.13,7.97,8.11,150927
2024-06-24,8.11,8.11,7.94,7.94,153456
2024-06-25,7.96,8.01,7.85,7.88,148177
2024-06-26,7.87,7.88,7.73,7.87,200202
2024-06-27,7.85,7.86,7.67,7.68,173483
2024-06-28,7.66,7.76,7.64,7.69,142663
2024-07-01,7.68,7.79,7.61,7.75,132655
2024-07-02,7.74,7.82,7.72,7.73,104625
2024-07-03,7.71,7.78,7.68,7.71,74338
2024-07-04,7.73,7.76,7.59,7.59,119576
2024-07-05,7.59,7.59,7.37,7.44,205317
2024-07-08,7.42,7.42,7.16,7.18,220208
2024-07-09,7.16,7.33,7.04,7.32,256303
2024-07-10,7.29,7.55,7.25,7.52,244619
2024-07-11,7.65,7.95,7.65,7.73,293778
2024-07-12,7.7,7.82,7.65,7.79,203771
2024-07-15,7.77,7.91,7.74,7.78,160427
2024-07-16,7.74,7.94,7.73,7.93,223052
2024-07-17,7.99,8.03,7.89,7.95,246682
2024-07-18,7.92,7.97,7.83,7.92,169093
2024-07-19,7.92,7.98,7.86,7.91,153833
2024-07-22,7.93,8.0,7.88,7.92,167931
2024-07-23,7.93,8.0,7.81,7.82,151579
2024-07-24,7.75,7.8,7.65,7.66,142407
2024-07-25,7.62,7.78,7.58,7.76,143672
2024-07-26,7.82,7.99,7.82,7.95,161210
2024-07-29,7.95,8.12,7.94,8.03,230770
2024-07-30,7.99,8.01,7.88,7.91,154669
2024-07-31,8.11,8.29,8.05,8.19,455191
2024-08-01,8.18,8.26,8.02,8.15,369429
2024-08-02,8.08,8.11,7.94,7.95,260404
2024-08-05,7.87,7.94,7.69,7.69,227003
2024-08-06,7.7,7.9,7.64,7.77,174094
2024-08-07,7.71,7.75,7.66,7.68,130490
2024-08-08,7.65,7.68,7.55,7.6,131616
2024-08-09,7.62,7.67,7.54,7.55,112318
2024-08-12,7.5,7.54,7.47,7.5,78681
2024-08-13,7.5,7.54,7.45,7.52,89972
2024-08-14,7.52,7.53,7.45,7.46,67379
2024-08-15,7.45,7.55,7.4,7.52,111563
2024-08-16,7.5,7.54,7.45,7.45,95747
2024-08-19,7.44,7.54,7.43,7.44,96455
2024-08-20,7.46,7.46,7.32,7.35,102921
2024-08-21,7.32,7.4,7.31,7.37,80713
2024-08-22,7.37,7.42,7.25,7.26,85230
2024-08-23,7.26,7.34,7.24,7.31,74455
2024-08-26,7.33,7.42,7.32,7.36,76736
2024-08-27,7.36,7.36,7.23,7.27,80799
2024-08-28,7.24,7.26,7.17,7.21,74491
2024-08-29,7.18,7.27,7.18,7.23,70862
2024-08-30,7.23,7.41,7.19,7.35,141510
2024-09-02,7.33,7.33,7.16,7.2,162435
2024-09-03,7.18,7.37,7.17,7.35,135858
2024-09-04,7.31,7.39,7.28,7.3,85237
2024-09-05,7.29,7.37,7.29,7.31,76212
2024-09-06,7.32,7.42,7.31,7.33,95049
2024-09-09,7.26,7.39,7.25,7.28,101642
2024-09-10,7.27,7.32,7.18,7.25,72648
2024-09-11,7.22,7.32,7.2,7.24,74159
2024-09-12,7.23,7.31,7.19,7.19,76702
2024-09-13,7.21,7.23,7.08,7.1,81157
2024-09-18,7.1,7.15,7.02,7.08,78297
2024-09-19,7.1,7.3,7.1,7.26,123958
2024-09-20,7.29,7.31,7.2,7.29,95601
2024-09-23,7.29,7.34,7.26,7.31,67082
2024-09-24,7.33,7.53,7.31,7.53,171018
2024-09-25,7.59,7.79,7.59,7.67,234617
2024-09-26,7.67,7.99,7.65,7.98,282627
2024-09-27,8.16,8.25,8.1,8.22,257215
2024-09-30,8.43,8.9,8.42,8.78,1032075
2024-10-08,9.65,9.65,8.72,9.02,1116512
2024-10-09,8.84,8.88,8.2,8.24,722048
2024-10-10,8.26,8.5,8.07,8.32,473409
2024-10-11,8.4,8.41,8.06,8.16,286143
2024-10-14,8.15,8.24,7.99,8.19,380177
2024-10-15,8.11,8.16,7.96,7.96,331277
2024-10-16,7.93,7.97,7.86,7.91,268914
2024-10-17,7.94,7.99,7.8,7.81,239389
2024-10-18,7.79,8.17,7.75,8.08,343315
2024-10-21,8.07,8.1,7.94,7.98,338347
2024-10-22,7.98,8.18,7.95,8.17,339477
2024-10-23,8.21,8.33,8.14,8.32,343210
2024-10-24,8.3,8.36,8.19,8.22,215556
2024-10-25,8.22,8.36,8.22,8.34,230018
2024-10-28,8.37,8.46,8.26,8.46,230618
2024-10-29,8.49,8.53,8.33,8.36,254436
2024-10-30,8.31,8.42,8.26,8.32,203707
2024-10-31,8.1,8.11,7.88,7.97,528042
2024-11-01,7.95,8.0,7.82,7.87,418504
2024-11-04,7.89,8.22,7.89,8.16,414769
2024-11-05,8.14,8.43,8.09,8.33,434943
2024-11-06,8.34,8.58,8.29,8.33,420244
2024-11-07,8.34,8.46,8.26,8.45,361711
2024-11-08,8.69,8.72,8.5,8.53,460887
2024-11-11,8.54,8.8,8.5,8.8,572105
2024-11-12,8.84,9.66,8.78,9.3,1618046
2024-11-13,9.24,9.4,8.94,9.2,705989
2024-11-14,9.21,9.25,8.83,8.84,604377
2024-11-15,8.78,8.98,8.65,8.75,467501
2024-11-18,8.98,9.47,8.97,9.04,756930
2024-11-19,9.04,9.05,8.68,8.95,496273
2024-11-20,8.95,8.97,8.78,8.85,402552
2024-11-21,8.8,9.09,8.79,8.94,362966
2024-11-22,8.92,8.97,8.59,8.61,423027
2024-11-25,8.74,8.94,8.55,8.76,430033
2024-11-26,8.68,8.73,8.48,8.51,387620
2024-11-27,8.47,8.53,8.27,8.45,350070
2024-11-28,8.48,8.51,8.36,8.43,268218
2024-11-29,8.41,8.85,8.4,8.82,581664
2024-12-02,9.7,9.7,9.7,9.7,318427
2024-12-03,10.67,10.67,10.2,10.67,2831568
2024-12-04,10.43,10.82,9.96,10.07,2424717
2024-12-05,10.04,10.12,9.75,9.78,1430309
2024-12-06,9.73,9.8,9.53,9.66,966628
2024-12-09,9.63,9.87,9.6,9.7,913075
2024-12-10,9.99,10.03,9.6,9.62,938197
2024-12-11,9.67,9.79,9.59,9.7,477395
2024-12-12,9.76,10.11,9.75,9.84,849913
2024-12-13,9.75,9.93,9.61,9.75,755182
2024-12-16,9.7,9.83,9.44,9.53,568550
2024-12-17,9.54,9.63,9.39,9.48,470224
2024-12-18,9.54,9.76,9.43,9.6,536877
2024-12-19,9.51,9.52,9.29,9.39,446409
2024-12-20,9.37,9.41,9.3,9.37,257215
2024-12-23,9.38,9.42,9.14,9.15,412154
2024-12-24,9.34,9.37,9.21,9.34,309276
2024-12-25,9.34,9.46,9.27,9.45,349127
2024-12-26,9.48,9.56,9.31,9.34,432943
2024-12-27,9.53,9.58,9.37,9.42,469728
2024-12-30,9.43,9.92,9.21,9.72,924760
2024-12-31,9.6,9.67,9.31,9.32,503258
2025-01-02,9.27,9.31,8.86,8.92,461686
2025-01-03,8.95,8.98,8.49,8.52,513470
2025-01-06,8.5,8.56,8.28,8.37,354786
2025-01-07,8.4,8.48,8.33,8.47,263303
2025-01-08,8.41,8.43,8.13,8.32,326955
2025-01-09,8.27,8.39,8.25,8.33,211699
2025-01-10,8.33,8.4,8.25,8.25,206110
2025-01-13,8.47,8.55,8.3,8.36,379473
2025-01-14,8.29,8.87,8.22,8.8,575097
2025-01-15,8.7,8.73,8.48,8.54,371736
2025-01-16,8.58,8.71,8.52,8.61,251854
2025-01-17,8.54,8.62,8.51,8.56,167202
2025-01-20,8.64,8.71,8.55,8.57,179788
2025-01-21,8.59,8.62,8.46,8.54,149922
2025-01-22,8.5,8.52,8.4,8.5,176369
2025-01-23,8.59,8.65,8.41,8.42,210143
2025-01-24,8.43,8.59,8.4,8.58,227070
2025-01-27,8.55,8.71,8.55,8.58,178695
2025-02-05,8.63,8.82,8.55,8.77,339215
2025-02-06,8.73,9.05,8.66,9.03,408203
2025-02-07,8.97,9.19,8.96,9.12,443778
2025-02-10,9.25,9.48,9.15,9.25,499832
2025-02-11,9.27,9.28,9.01,9.06,332513
2025-02-12,9.01,9.16,8.92,9.14,308178
2025-02-13,9.13,9.23,8.95,8.96,329969
2025-02-14,8.96,9.1,8.95,9.05,278425
2025-02-17,9.49,9.49,9.09,9.14,479587
2025-02-18,9.08,9.14,8.9,8.92,305392
2025-02-19,8.99,9.1,8.95,9.1,285002
2025-02-20,9.08,9.09,8.96,9.01,217133
2025-02-21,9.03,9.07,8.94,9.03,290126
2025-02-24,9.01,9.13,8.87,8.93,402770
2025-02-25,8.83,9.01,8.8,8.93,269080
2025-02-26,8.91,9.03,8.9,8.98,253939
2025-02-27,8.98,9.08,8.88,9.01,273404
2025-02-28,9.0,9.01,8.71,8.72,336793
2025-03-03,8.78,8.97,8.74,8.81,354991
2025-03-04,8.75,8.77,8.69,8.75,199064
2025-03-05,8.76,8.79,8.61,8.67,222793
2025-03-06,8.72,8.78,8.65,8.74,254236
2025-03-07,8.73,8.79,8.67,8.73,220345
2025-03-10,8.76,8.83,8.6,8.64,269930
2025-03-11,8.52,8.6,8.42,8.54,324895
2025-03-12,8.68,8.69,8.58,8.58,204640
2025-03-13,8.57,8.59,8.41,8.47,213802
2025-03-14,8.47,8.6,8.44,8.6,304509
2025-03-17,8.61,8.65,8.58,8.6,211405
2025-03-18,8.61,8.69,8.59,8.63,233785
2025-03-19,8.63,8.64,8.56,8.6,183194
2025-03-20,8.71,8.81,8.6,8.73,387638
2025-03-21,8.73,8.73,8.5,8.52,351442
2025-03-24,8.52,8.54,8.31,8.41,272575
2025-03-25,8.41,8.43,8.36,8.39,141324
2025-03-26,8.37,8.63,8.36,8.63,304111
2025-03-27,8.53,8.62,8.41,8.53,263512
2025-03-28,8.5,8.58,8.46,8.47,183779
2025-03-31,8.52,8.71,8.39,8.46,452001
2025-04-01,8.44,8.57,8.42,8.51,249368
2025-04-02,8.48,8.5,8.38,8.39,224865
2025-04-03,8.33,8.39,8.26,8.29,210065
2025-04-07,7.93,7.93,7.46,7.47,481199
2025-04-08,7.47,7.69,7.41,7.68,395869
2025-04-09,7.57,7.78,7.44,7.78,335627
2025-04-10,7.97,7.98,7.8,7.86,268797
2025-04-11,7.86,7.99,7.79,7.95,219727
2025-04-14,8.07,8.21,8.03,8.1,240285
2025-04-15,8.09,8.13,7.98,8.03,146012
2025-04-16,8.03,8.18,7.91,8.18,180715
2025-04-17,8.07,8.08,7.96,8.08,245568
2025-04-18,8.01,8.02,7.94,7.98,111972
2025-04-21,7.96,8.0,7.92,7.98,108465
2025-04-22,7.96,8.01,7.96,7.97,104854
2025-04-23,8.0,8.08,7.98,8.02,114990
2025-04-24,8.02,8.04,7.94,7.97,90609
2025-04-25,8.02,8.04,7.97,8.02,135860
2025-04-28,7.88,7.88,7.69,7.75,251806
2025-04-29,7.73,7.85,7.71,7.79,126854
2025-04-30,7.8,8.01,7.79,7.99,222084
2025-05-06,8.02,8.04,7.94,7.98,205278
2025-05-07,8.12,8.14,7.99,8.06,196356
2025-05-08,8.02,8.08,7.98,8.06,137538
2025-05-09,8.04,8.05,7.97,7.99,109874
2025-05-12,8.03,8.04,7.99,8.03,137464
2025-05-13,8.08,8.13,8.07,8.07,178358
2025-05-14,8.07,8.1,8.01,8.07,117108
2025-05-15,8.06,8.06,7.97,7.97,130650
2025-05-16,7.97,8.02,7.92,8.01,120237
2025-05-19,8.01,8.02,7.95,8.0,92723
2025-05-20,8.0,8.02,7.95,7.99,111080
2025-05-21,7.98,8.06,7.98,8.03,141086
2025-05-22,8.03,8.07,7.98,8.04,117210
2025-05-23,8.02,8.17,8.02,8.03,248622
2025-05-26,8.03,8.04,7.82,7.83,260290
2025-05-27,7.82,7.84,7.73,7.78,141459
2025-05-28,7.8,7.84,7.71,7.72,134662
2025-05-29,7.71,7.81,7.71,7.79,128107
2025-05-30,7.78,7.79,7.68,7.7,146846
2025-06-03,7.62,7.66,7.53,7.64,203070
2025-06-04,7.65,7.67,7.62,7.65,119976
2025-06-05,7.64,7.67,7.59,7.63,119523
2025-06-06,7.63,7.65,7.6,7.64,89059
2025-06-09,7.63,7.67,7.61,7.64,163782
2025-06-10,7.64,7.64,7.49,7.54,216665
2025-06-11,7.54,7.69,7.54,7.65,328500
2025-06-12,7.66,8.42,7.55,8.02,851019
2025-06-13,7.8,7.83,7.57,7.68,915493
2025-06-16,7.6,7.6,7.54,7.59,293793
2025-06-17,7.57,7.57,7.5,7.52,234084
2025-06-18,7.5,7.51,7.43,7.43,221192
2025-06-19,7.48,7.48,7.38,7.39,155412
2025-06-20,7.39,7.42,7.35,7.41,140271
2025-06-23,7.35,7.43,7.31,7.41,141994
2025-06-24,7.44,7.51,7.44,7.49,199946
2025-06-25,7.49,7.57,7.46,7.54,229564
2025-06-26,7.54,7.54,7.47,7.48,154062
2025-06-27,7.49,7.53,7.48,7.48,116449
2025-06-30,7.48,7.5,7.46,7.49,136773
2025-07-01,7.49,7.5,7.43,7.45,179713
2025-07-02,7.45,7.47,7.41,7.47,166615
2025-07-03,7.48,7.55,7.47,7.52,218713
2025-07-04,7.53,7.6,7.5,7.52,230272
2025-07-07,7.5,7.53,7.47,7.51,129290
2025-07-08,7.5,7.54,7.48,7.53,153643
2025-07-09,7.51,7.55,7.5,7.5,177662
2025-07-10,7.49,7.55,7.48,7.52,207114
2025-07-11,7.53,7.62,7.51,7.55,337336
2025-07-14,7.46,7.5,7.42,7.47,285986
2025-07-15,7.47,7.55,7.41,7.54,317784
2025-07-16,7.52,7.62,7.5,7.62,304383
2025-07-17,7.64,7.77,7.58,7.62,384013
2025-07-18,7.67,7.69,7.58,7.65,189105
2025-07-21,7.69,7.74,7.67,7.74,322413
2025-07-22,7.71,7.75,7.62,7.73,338905
2025-07-23,7.73,7.8,7.71,7.73,354915
2025-07-24,7.74,7.81,7.73,7.79,325230
2025-07-25,7.8,7.82,7.75,7.76,264568
2025-07-28,7.77,7.79,7.71,7.72,225789
2025-07-29,7.74,7.85,7.72,7.8,328791
2025-07-30,7.8,7.85,7.7,7.75,256345
2025-07-31,7.71,7.73,7.52,7.55,316333
2025-08-01,7.56,7.63,7.51,7.54,196177
2025-08-04,7.48,7.52,7.46,7.52,166665
2025-08-05,7.53,7.58,7.52,7.57,172544
2025-08-06,7.56,7.59,7.53,7.57,143477
2025-08-07,7.57,7.6,7.5,7.58,183709
2025-08-08,7.58,7.58,7.52,7.53,163149
2025-08-11,7.52,7.69,7.52,7.63,268844
2025-08-12,7.65,7.71,7.6,7.61,257203
2025-08-13,7.63,7.68,7.6,7.61,253173
2025-08-14,7.65,7.66,7.49,7.5,312352
2025-08-15,7.49,7.59,7.49,7.55,257771
2025-08-18,7.57,7.74,7.56,7.67,454369
2025-08-19,7.68,7.71,7.61,7.7,303310
2025-08-20,7.68,7.88,7.66,7.87,502417
2025-08-21,7.84,7.91,7.81,7.83,323309
2025-08-22,7.85,7.91,7.79,7.89,329013
2025-08-25,8.08,8.16,7.96,8.13,772265
2025-08-26,8.07,8.1,8.01,8.04,342498
2025-08-27,8.06,8.11,7.88,7.88,395937
2025-08-28,7.88,7.91,7.65,7.88,381358
2025-08-29,7.88,7.94,7.83,7.85,297591
2025-09-01,7.84,7.84,7.69,7.73,425335
2025-09-02,7.76,7.85,7.67,7.73,325030
2025-09-03,7.76,7.81,7.62,7.67,326410
2025-09-04,7.63,7.68,7.54,7.65,321139
2025-09-05,7.63,7.92,7.6,7.82,491254
2025-09-08,7.81,7.83,7.72,7.78,370464
2025-09-09,7.76,7.81,7.7,7.75,283436
2025-09-10,7.73,7.88,7.7,7.72,406359
2025-09-11,7.71,7.78,7.63,7.77,351509
2025-09-12,7.79,7.81,7.7,7.73,298753
2025-09-15,7.75,7.87,7.74,7.81,395297
2025-09-16,7.83,8.16,7.78,7.88,699233
2025-09-17,7.83,7.98,7.78,7.95,476396
2025-09-18,7.95,8.01,7.76,7.83,461402
2025-09-19,7.81,7.82,7.71,7.75,271751
2025-09-22,7.77,7.78,7.66,7.7,254655
2025-09-23,7.7,7.7,7.52,7.58,310110
2025-09-24,7.55,7.6,7.5,7.6,322467
2025-09-25,7.57,7.63,7.54,7.62,265322
2025-09-26,7.6,7.72,7.55,7.55,339734
2025-09-29,7.54,7.63,7.48,7.59,291255
2025-09-30,7.58,7.66,7.56,7.62,218021
2025-10-09,7.61,7.69,7.58,7.68,308710
2025-10-10,7.64,7.68,7.62,7.64,255842
2025-10-13,7.51,7.55,7.43,7.53,335920
2025-10-14,7.54,7.64,7.5,7.53,286346
2025-10-15,7.81,8.17,7.76,8.09,1554148
2025-10-16,7.99,8.1,7.85,7.98,895539
2025-10-17,7.97,7.97,7.7,7.71,582873
2025-10-20,7.77,7.81,7.71,7.75,329889
2025-10-21,7.76,7.8,7.72,7.77,324766
2025-10-22,7.76,7.81,7.73,7.74,298829
2025-10-23,7.73,7.84,7.66,7.84,372684
2025-10-24,7.84,7.86,7.76,7.81,333312
2025-10-27,7.7,7.76,7.66,7.75,381884
2025-10-28,7.77,7.77,7.7,7.76,317154
2025-10-29,7.76,7.79,7.71,7.78,256839
2025-10-30,7.77,7.83,7.73,7.76,297972
2025-10-31,7.78,7.86,7.75,7.82,312279
2025-11-03,7.81,7.86,7.77,7.82,216799
2025-11-04,7.8,7.82,7.74,7.78,240850
2025-11-05,7.72,7.81,7.7,7.79,217972
2025-11-06,7.8,7.94,7.8,7.88,368819
2025-11-07,7.85,8.0,7.84,8.0,440779
2025-11-10,8.18,8.18,7.9,7.92,532153
2025-11-11,7.96,7.96,7.83,7.87,313760
2025-11-12,7.82,7.85,7.75,7.77,276263
2025-11-13,7.75,7.81,7.73,7.8,225599
2025-11-14,7.76,7.79,7.75,7.75,226169
2025-11-17,7.76,7.88,7.74,7.87,304286
2025-11-18,7.85,7.93,7.77,7.88,305433
2025-11-19,7.88,7.95,7.79,7.93,350828
2025-11-20,7.96,7.98,7.73,7.78,403054
2025-11-21,7.68,7.74,7.59,7.6,352331
2025-11-24,8.36,8.36,8.35,8.36,737231
2025-11-25,9.0,9.0,8.49,8.52,2485847
2025-11-26,8.52,8.6,8.2,8.27,1277747
2025-11-27,8.22,8.69,8.08,8.41,1435426
2025-11-28,8.39,9.25,8.3,9.25,2291215
2025-12-01,9.25,9.28,8.96,8.99,2048351
2025-12-02,8.97,9.57,8.92,9.17,1708900
2025-12-03,9.05,9.2,8.83,8.86,1140768
2025-12-04,8.8,8.88,8.68,8.69,756382
2025-12-05,8.66,8.72,8.55,8.71,603167
2025-12-08,8.72,8.76,8.54,8.67,614239
2025-12-09,8.68,8.75,8.44,8.47,550966
2025-12-10,8.39,8.65,8.39,8.53,467941
2025-12-11,8.5,8.69,8.45,8.45,514803
2025-12-12,8.44,8.51,8.36,8.38,464204
2025-12-15,8.31,8.39,8.26,8.26,384362
2025-12-16,8.4,8.45,8.2,8.24,583091
2025-12-17,8.21,8.29,8.15,8.25,424400
2025-12-18,8.2,8.25,8.16,8.17,294697
2025-12-19,8.17,8.3,8.17,8.23,353495
2025-12-22,8.24,8.42,8.24,8.34,441480
2025-12-23,8.32,8.33,8.16,8.18,404208
2025-12-24,8.18,8.23,8.18,8.21,240789
2025-12-25,8.2,8.21,8.11,8.12,360359
2025-12-26,8.13,8.2,8.09,8.15,330350
2025-12-29,8.15,8.26,8.11,8.2,381656
2025-12-30,8.19,8.21,8.1,8.17,281566
2025-12-31,8.21,8.3,8.12,8.16,313257
