date,open,high,low,close,volume
2015-01-05,19.01,19.51,17.73,18.19,2435718
2015-01-06,17.3,18.49,16.11,16.97,2342280
2015-01-07,16.76,17.86,16.36,16.81,1703869
2015-01-08,17.36,17.57,15.51,15.65,1788809
2015-01-09,15.71,19.2,15.47,16.53,3118734
2015-01-12,17.1,18.23,16.26,17.69,2656271
2015-01-13,17.76,18.6,17.11,17.67,1509244
2015-01-14,17.74,18.05,16.65,17.03,1459106
2015-01-15,17.11,19.83,16.96,19.54,2579038
2015-01-16,19.81,20.81,19.06,19.25,2317509
2015-01-19,15.34,16.83,15.34,15.34,2900349
2015-01-20,15.26,16.16,14.36,15.42,2651164
2015-01-21,15.76,18.89,15.65,18.79,2925801
2015-01-22,18.75,18.96,17.36,17.84,2147044
2015-01-23,18.11,19.91,17.85,18.51,2343732
2015-01-26,18.26,18.33,17.46,17.91,1388606
2015-01-27,18.17,18.83,16.02,17.09,2185606
2015-01-28,16.55,16.91,16.06,16.25,1280355
2015-01-29,15.61,15.94,15.01,15.38,1563067
2015-01-30,15.46,16.03,14.51,14.75,1393883
2015-02-02,13.26,13.98,13.08,13.22,1522203
2015-02-03,13.7,15.36,13.11,14.64,1907172
2015-02-04,14.74,15.26,13.8,13.86,1278806
2015-02-05,15.11,15.11,13.01,13.08,1829538
2015-02-06,13.06,14.14,12.86,13.26,1486836
2015-02-09,13.21,14.66,13.11,14.11,1411660
2015-02-10,13.86,14.59,13.71,14.35,980622
2015-02-11,14.56,15.43,14.34,15.18,1062046
2015-02-12,15.16,15.36,14.42,15.06,837022
2015-02-13,15.28,15.77,14.99,15.07,1092274
2015-02-16,15.21,15.83,14.99,15.26,961665
2015-02-17,15.4,15.83,15.3,15.4,949846
2015-02-25,15.29,15.31,13.95,14.19,1040462
2015-02-26,14.11,15.19,13.6,15.04,1178636
2015-02-27,15.18,15.71,14.97,15.25,954326
2015-03-02,15.61,15.68,14.68,15.06,1338696
2015-03-03,14.75,14.76,13.58,13.67,1409957
2015-03-04,13.69,13.96,13.36,13.58,1046018
2015-03-05,13.11,13.18,12.51,12.69,1483766
2015-03-06,12.73,12.95,12.56,12.6,794054
2015-03-09,12.29,13.49,11.67,13.27,1443501
2015-03-10,13.01,13.17,12.57,12.96,830358
2015-03-11,13.11,13.91,13.03,13.22,1070786
2015-03-12,13.71,14.84,13.36,14.51,1577589
2015-03-13,14.72,15.46,14.29,14.58,1281619
2015-03-16,15.04,16.87,14.61,16.84,2207335
2015-03-17,17.61,17.92,17.06,17.46,2251188
2015-03-18,17.92,18.85,17.55,18.82,1911444
2015-03-19,18.48,18.48,17.56,17.97,1578694
2015-03-20,19.51,20.11,18.81,19.31,2976131
2015-03-23,19.68,19.86,18.8,19.08,1927481
2015-03-24,19.06,19.08,17.78,17.98,2112453
2015-03-25,17.81,18.46,17.31,17.65,1664769
2015-03-26,17.51,20.05,17.03,19.18,2583372
2015-03-27,19.18,19.23,18.26,18.47,1219515
2015-03-30,19.1,20.21,18.61,20.09,2350290
2015-03-31,21.2,21.51,19.05,19.23,2431158
2015-04-01,19.68,20.17,19.26,19.68,1825111
2015-04-02,20.05,20.07,18.63,19.12,1690210
2015-04-03,18.95,19.6,18.81,19.46,1290009
2015-04-07,19.71,20.75,19.36,20.62,2147983
2015-04-08,20.75,22.08,19.86,21.31,2772078
2015-04-09,21.47,22.82,20.67,20.83,2537397
2015-04-10,20.9,23.25,20.76,23.18,2562511
2015-04-13,24.0,24.5,23.16,23.21,2296682
2015-04-14,23.21,23.21,22.01,22.44,1578449
2015-04-15,22.36,23.73,22.06,22.39,1642148
2015-04-16,22.11,25.56,21.96,25.51,2642516
2015-04-17,26.31,26.81,24.74,25.07,2289103
2015-04-20,24.22,25.07,22.68,22.88,2392005
2015-04-21,23.36,24.26,22.63,24.1,1844764
2015-04-22,24.5,25.45,24.27,25.16,1766859
2015-04-23,25.23,25.26,23.83,24.16,1755071
2015-04-24,23.21,23.5,22.06,22.54,2340056
2015-04-27,22.96,23.59,22.69,23.27,1745394
2015-04-28,23.21,24.16,22.42,23.14,2040860
2015-04-29,23.51,24.33,23.1,23.91,1830266
2015-04-30,24.61,25.25,24.11,24.44,2340978
2015-05-04,24.66,25.37,23.46,25.34,1839859
2015-05-05,25.38,25.5,23.08,23.18,1994758
2015-05-06,23.51,26.99,23.36,24.39,3489268
2015-05-07,23.61,24.35,23.04,23.63,1682606
2015-05-08,24.17,24.31,22.62,23.56,1582057
2015-05-11,23.61,25.03,23.12,24.47,1827296
2015-05-12,24.13,24.99,23.86,24.58,1469601
2015-05-13,24.58,24.83,23.44,23.62,1470445
2015-05-14,23.58,24.11,23.12,23.26,1320725
2015-05-15,23.26,23.26,21.96,22.31,1560709
2015-05-18,22.01,22.13,21.26,21.31,1235655
2015-05-19,21.38,23.17,21.38,22.83,1543723
2015-05-20,23.05,23.58,22.45,22.89,1432831
2015-05-21,22.95,23.75,22.76,23.41,1127470
2015-05-22,23.78,24.92,23.71,24.89,1853367
2015-05-25,25.61,26.35,25.39,25.9,1847242
2015-05-26,27.01,27.26,25.61,26.69,1719112
2015-05-27,26.46,26.8,25.26,25.64,1360551
2015-05-28,25.48,25.64,22.56,22.72,1962626
2015-05-29,23.02,23.33,22.12,22.83,1477762
2015-06-01,22.51,24.26,21.96,23.81,1797929
2015-06-02,23.86,24.0,22.61,23.3,1379180
2015-06-03,23.31,23.6,22.61,22.88,1186728
2015-06-04,22.92,24.25,22.01,24.11,1833391
2015-06-05,24.72,25.0,22.66,23.58,1625304
2015-06-08,23.86,26.39,23.47,26.1,2837732
2015-06-09,26.01,26.2,24.45,24.8,1684524
2015-06-10,24.26,24.95,23.85,24.33,1099046
2015-06-11,24.35,26.29,23.75,25.24,2136078
2015-06-12,25.45,25.93,24.94,25.2,1375250
2015-06-15,25.32,25.61,23.5,23.6,1539418
2015-06-16,23.11,24.29,22.91,23.36,1249975
2015-06-17,23.61,23.95,23.11,23.61,1026482
2015-06-18,23.51,23.51,22.05,22.09,1255553
2015-06-19,21.71,22.41,20.15,20.33,1432020
2015-06-23,20.61,22.4,20.44,22.32,1684216
2015-06-24,22.43,22.76,21.61,22.54,1236969
2015-06-25,22.67,22.85,21.31,21.32,1084223
2015-06-26,20.61,22.02,17.33,18.83,2345951
2015-06-29,19.61,20.05,16.22,18.37,2519622
2015-06-30,18.61,21.11,18.12,21.08,2332863
2015-07-01,20.61,20.86,18.96,19.44,1470446
2015-07-02,19.6,20.05,17.71,19.01,1888889
2015-07-03,18.61,19.6,16.27,17.35,2020887
2015-07-06,20.26,20.46,17.66,19.21,3835524
2015-07-07,18.47,23.12,15.66,23.12,8433281
2015-07-08,18.86,20.76,18.82,18.84,3693524
2015-07-09,18.84,22.01,16.12,20.31,3463420
2015-07-10,19.61,23.11,19.31,21.2,3361627
2015-07-13,20.58,21.48,19.81,20.42,2050992
2015-07-14,19.87,20.61,19.01,19.42,1546767
2015-07-15,19.11,20.11,18.76,19.62,1384940
2015-07-16,19.51,19.85,18.86,19.34,795807
2015-07-17,19.61,20.76,19.35,20.34,1139518
2015-07-20,21.08,21.3,20.36,20.65,1239909
2015-07-21,20.36,20.72,20.0,20.38,870159
2015-07-22,20.34,20.38,19.36,19.73,884560
2015-07-23,20.08,21.5,19.85,21.39,1545230
2015-07-24,21.45,21.45,20.38,20.42,1181782
2015-07-27,20.25,20.44,16.75,16.92,1712596
2015-07-28,15.37,17.09,14.94,15.46,3397710
2015-07-29,16.12,16.34,14.16,15.3,2964852
2015-07-30,15.26,16.44,14.46,14.67,2341074
2015-07-31,14.37,14.78,13.47,13.73,2036414
2015-08-03,13.36,13.75,12.64,13.72,2321994
2015-08-04,13.46,14.66,13.31,14.57,1549591
2015-08-05,14.36,14.45,13.57,13.65,1293195
2015-08-06,13.13,14.0,12.97,13.25,961708
2015-08-07,13.7,14.6,13.51,14.25,1524162
2015-08-10,14.36,15.8,13.93,15.45,2198393
2015-08-11,15.26,16.05,15.06,15.23,1664871
2015-08-12,14.86,15.12,14.13,14.15,1333463
2015-08-13,14.07,14.64,13.86,14.43,1100030
2015-08-14,14.54,14.62,14.16,14.25,1155957
2015-08-17,13.77,13.85,12.96,13.33,1521704
2015-08-18,13.39,13.99,11.6,11.65,2103894
2015-08-19,11.31,12.0,10.86,11.77,1614533
2015-08-20,11.36,11.76,10.88,10.91,1098640
2015-08-21,10.82,11.51,9.66,9.75,2058582
2015-08-24,8.85,8.86,6.81,6.81,4032962
2015-08-25,5.66,7.91,5.01,5.47,4316162
2015-08-26,5.56,7.66,5.48,6.72,3826692
2015-08-27,7.76,9.36,7.33,9.36,3939984
2015-08-28,9.86,10.75,9.15,10.01,3319340
2015-08-31,9.22,10.71,8.88,10.65,2894666
2015-09-01,9.89,10.54,9.01,10.52,3690912
2015-09-02,9.51,10.6,9.39,10.34,3735059
2015-09-07,10.01,10.64,8.96,9.24,1363133
2015-09-08,9.22,10.23,9.22,10.12,1255286
2015-09-09,10.4,11.2,10.15,10.76,1430502
2015-09-10,10.62,10.9,10.35,10.81,878889
2015-09-11,10.7,11.01,10.15,10.38,708262
2015-09-14,10.51,10.74,9.27,10.68,2206747
2015-09-15,10.14,10.33,9.54,10.0,1183297
2015-09-16,9.87,11.71,9.61,11.09,1148147
2015-09-17,11.03,11.72,10.64,10.8,1016070
2015-09-18,10.96,11.64,10.9,11.11,856439
2015-09-21,10.75,11.69,10.59,11.5,810319
2015-09-22,11.64,12.6,11.37,12.31,1200726
2015-09-23,11.83,12.12,11.25,11.31,1012415
2015-09-24,11.45,11.87,11.38,11.68,638528
2015-09-25,11.55,11.94,11.12,11.77,711486
2015-09-28,11.59,11.67,11.22,11.44,271792
2015-09-29,11.02,11.02,10.21,10.47,640590
2015-09-30,10.59,10.72,10.31,10.4,365549
2015-10-08,12.54,12.69,11.09,11.24,1747293
2015-10-09,11.64,12.37,11.54,12.22,820817
2015-10-12,12.15,13.47,12.1,13.18,1026923
2015-10-13,12.84,13.21,12.64,12.74,487845
2015-10-14,12.61,12.83,12.2,12.22,471568
2015-10-15,12.34,13.03,12.22,13.0,645211
2015-10-16,13.19,13.69,13.04,13.33,683631
2015-10-19,13.34,13.92,13.17,13.71,880962
2015-10-20,13.49,13.59,13.04,13.45,546585
2015-10-21,13.5,14.2,12.61,13.39,1337050
2015-10-22,13.04,13.59,12.89,13.4,713715
2015-10-23,13.54,14.54,13.5,14.27,993864
2015-10-26,14.56,16.05,14.07,14.11,2126481
2015-10-27,14.15,15.68,13.55,14.91,1267337
2015-10-28,14.74,14.89,14.04,14.09,670726
2015-10-29,14.25,14.39,13.75,13.92,520173
2015-10-30,13.94,14.49,13.78,14.03,474071
2015-11-02,13.68,14.0,13.45,13.56,561048
2015-11-03,13.72,13.81,13.44,13.56,381032
2015-11-04,13.63,15.91,13.63,15.54,1922533
2015-11-05,15.05,18.02,15.01,15.86,4421030
2015-11-06,15.79,17.04,15.57,16.73,2148276
2015-11-09,16.85,17.97,16.7,16.99,2331237
2015-11-10,16.54,17.48,16.34,16.79,1428196
2015-11-11,16.59,16.78,16.01,16.38,1114381
2015-11-12,16.62,16.62,15.92,15.97,913578
2015-11-13,15.59,16.02,15.45,15.59,764583
2015-11-16,15.08,15.69,14.99,15.66,747460
2015-11-17,15.89,16.92,15.66,15.8,968390
2015-11-18,15.79,15.91,15.29,15.42,693001
2015-11-19,15.56,15.9,15.49,15.85,505832
2015-11-20,15.84,15.92,15.53,15.58,500971
2015-11-23,15.61,15.82,15.44,15.51,608984
2015-11-24,15.45,15.73,15.12,15.51,652544
2015-11-25,15.49,15.63,15.4,15.58,483363
2015-11-26,15.73,15.96,15.54,15.57,549162
2015-11-27,15.54,15.62,13.93,14.38,1164544
2015-11-30,14.23,14.54,13.49,14.34,840305
2015-12-01,14.33,15.44,14.15,14.66,835196
2015-12-02,14.74,16.74,14.52,16.55,1828133
2015-12-03,16.07,17.14,15.86,16.51,1423059
2015-12-04,16.0,16.22,15.34,15.49,873682
2015-12-07,15.54,15.69,15.07,15.28,487517
2015-12-08,15.04,15.39,14.88,14.96,573550
2015-12-09,14.98,15.4,14.88,14.98,416096
2015-12-10,14.95,15.79,14.93,15.03,553458
2015-12-11,14.93,15.2,14.72,15.11,527998
2015-12-14,14.69,16.49,14.56,16.16,949823
2015-12-15,16.04,16.15,15.59,15.8,632752
2015-12-16,15.84,16.07,15.66,15.75,380517
2015-12-17,16.1,16.42,15.81,16.05,585931
2015-12-18,15.95,16.82,15.9,16.33,839409
2015-12-21,16.33,17.77,16.19,17.44,1386135
2015-12-22,17.39,17.65,16.95,17.47,723908
2015-12-23,17.46,18.42,17.34,17.52,1188400
2015-12-24,17.6,18.13,17.0,17.46,812363
2015-12-25,17.44,17.71,17.25,17.44,352443
2015-12-28,17.49,17.64,16.2,16.24,639391
2015-12-29,16.24,16.73,16.21,16.69,308019
2015-12-30,16.8,16.82,15.98,16.3,493976
2015-12-31,16.33,16.73,15.96,16.54,519277
2016-01-04,16.38,16.38,14.44,14.59,709972
2016-01-05,14.22,15.35,14.04,15.04,874985
2016-01-06,14.84,15.2,14.54,15.07,480121
2016-01-07,14.54,15.06,13.54,14.31,236476
2016-01-08,14.54,14.99,13.44,14.48,982397
2016-01-11,13.54,13.87,12.54,12.57,993557
2016-01-12,12.81,13.1,12.36,12.75,743809
2016-01-13,13.31,13.32,12.39,12.53,625330
2016-01-14,11.44,12.6,11.34,12.53,797227
2016-01-15,12.18,12.41,11.44,11.74,591403
2016-01-18,11.27,11.81,11.13,11.61,483694
2016-01-19,11.76,12.22,11.29,12.05,673925
2016-01-20,11.76,11.99,10.83,11.07,1007043
2016-01-21,10.91,11.35,10.41,10.69,681901
2016-01-22,10.91,11.03,10.22,10.76,493104
2016-01-25,10.83,10.9,10.43,10.8,374745
2016-01-26,10.45,10.64,9.52,9.77,766810
2016-01-27,9.89,10.02,9.34,9.76,703853
2016-01-28,9.74,10.15,9.31,9.84,484418
2016-01-29,9.74,10.92,9.66,10.72,644391
2016-02-01,10.7,10.7,9.85,10.07,340485
2016-02-02,10.07,10.64,10.04,10.51,375134
2016-02-03,10.04,10.34,9.64,10.18,390352
2016-02-04,10.31,10.6,10.03,10.25,366570
2016-02-05,10.24,10.54,10.15,10.2,333302
2016-02-15,9.24,10.33,9.16,9.97,439937
2016-02-16,10.09,10.86,10.0,10.66,397579
2016-02-17,10.67,10.87,10.46,10.58,461635
2016-02-18,10.82,11.03,10.34,10.45,484586
2016-02-19,10.45,10.69,10.27,10.46,260922
2016-02-22,10.82,12.19,10.57,11.51,789086
2016-02-23,11.5,11.51,10.78,11.04,434584
2016-02-24,10.84,11.14,10.57,10.95,304911
2016-02-25,10.91,10.91,9.4,9.5,590598
2016-02-26,9.87,9.94,9.48,9.64,332111
2016-02-29,9.59,9.69,8.35,9.55,667632
2016-03-01,9.44,10.23,9.1,9.8,406828
2016-03-02,9.89,10.84,9.89,10.72,623354
2016-03-03,10.79,11.03,10.52,10.92,534949
2016-03-04,10.82,12.14,10.67,12.09,1789766
2016-03-07,11.92,12.12,11.35,11.59,544403
2016-03-08,11.52,11.89,10.53,11.84,673912
2016-03-09,11.36,11.99,10.8,11.92,800906
2016-03-10,11.52,11.83,11.24,11.28,331109
2016-03-11,11.11,11.64,11.01,11.58,357930
2016-03-14,11.53,12.11,11.44,11.65,555797
2016-03-15,11.59,12.03,11.19,11.9,619818
2016-03-16,11.64,12.8,11.59,12.67,1596477
2016-03-17,12.64,12.91,12.42,12.54,570786
2016-03-18,12.86,12.96,12.42,12.66,874083
2016-03-21,12.93,14.34,12.78,13.37,1138790
2016-03-22,13.19,13.58,12.54,12.64,603627
2016-03-23,12.83,13.3,12.62,12.8,360473
2016-03-24,12.61,12.63,12.29,12.34,351097
2016-03-25,12.35,13.34,12.18,12.6,357176
2016-03-28,12.64,12.89,11.89,12.0,377973
2016-03-29,12.15,12.3,11.68,11.79,341282
2016-03-30,12.14,12.6,12.06,12.53,432058
2016-03-31,12.63,12.72,12.25,12.35,297980
2016-04-01,12.37,12.5,11.75,12.46,385529
2016-04-05,12.24,12.74,12.04,12.54,429790
2016-04-06,12.32,12.5,12.18,12.28,272328
2016-04-07,12.43,12.5,11.9,11.91,362111
2016-04-08,11.74,11.81,11.58,11.7,361759
2016-04-11,11.86,12.38,11.86,12.05,351659
2016-04-12,12.03,12.29,11.94,12.09,219688
2016-04-13,12.34,12.8,12.26,12.45,755682
2016-04-14,12.62,12.92,12.42,12.56,422703
2016-04-15,12.57,12.64,12.42,12.53,535669
2016-04-18,12.34,12.63,12.05,12.33,562663
2016-04-19,12.54,12.58,12.29,12.47,475552
2016-04-20,12.48,12.79,11.65,12.75,1193797
2016-04-21,12.48,13.04,12.4,12.76,651196
2016-04-22,12.54,13.09,12.42,12.96,430780
2016-04-25,12.84,13.04,12.51,12.86,307298
2016-04-26,12.86,13.07,12.75,12.93,308049
2016-04-27,13.11,13.16,12.75,12.8,329261
2016-04-28,12.8,12.92,12.55,12.73,227437
2016-04-29,12.63,12.94,12.49,12.58,259511
2016-05-03,12.55,12.97,12.4,12.45,509180
2016-05-04,12.47,12.57,12.43,12.47,264264
2016-05-05,12.47,12.59,12.41,12.49,211401
2016-05-06,12.54,12.55,11.93,11.94,491819
2016-05-09,11.93,11.94,11.59,11.7,490465
2016-05-10,11.62,11.8,11.56,11.73,276453
2016-05-11,11.78,11.91,11.7,11.79,277639
2016-05-12,11.74,12.39,11.49,12.25,568696
2016-05-13,12.09,12.39,12.03,12.26,392651
2016-05-16,12.1,12.24,12.05,12.15,241183
2016-05-17,12.14,12.19,11.99,12.05,206917
2016-05-18,11.95,12.43,11.91,12.35,602018
2016-05-19,12.25,12.44,12.24,12.37,285171
2016-05-20,12.36,12.51,12.26,12.36,175392
2016-05-23,12.3,12.5,12.25,12.37,277385
2016-05-24,12.26,12.37,12.04,12.18,185521
2016-05-25,12.37,12.42,12.13,12.15,137125
2016-05-26,12.15,12.33,12.04,12.17,203561
2016-05-27,12.24,12.25,12.12,12.14,140988
2016-05-30,12.29,12.48,12.04,12.45,220975
2016-05-31,12.48,14.04,12.48,13.26,758826
2016-06-01,13.23,13.36,12.79,12.83,423434
2016-06-02,12.85,13.04,12.64,12.75,289892
2016-06-03,12.99,12.99,12.56,12.88,351638
2016-06-06,12.94,12.99,12.59,12.65,236870
2016-06-07,12.76,12.78,12.62,12.68,239607
2016-06-08,12.66,12.77,12.56,12.69,264610
2016-06-13,12.49,12.57,12.24,12.34,470240
2016-06-14,12.23,12.56,12.04,12.52,355739
2016-06-15,12.16,12.62,12.15,12.52,383143
2016-06-16,12.37,12.66,12.37,12.51,329402
2016-06-17,12.51,12.73,12.46,12.52,295106
2016-06-20,12.74,12.74,12.51,12.66,257135
2016-06-21,12.72,13.02,12.55,12.6,228642
2016-06-22,12.59,12.69,12.51,12.62,163593
2016-06-23,12.63,12.68,12.51,12.54,253617
2016-06-24,12.52,12.67,11.75,12.09,429362
2016-06-27,12.04,12.28,11.99,12.22,238640
2016-06-28,12.11,12.4,12.0,12.39,237666
2016-06-29,12.44,12.72,12.39,12.7,263511
2016-06-30,12.71,12.84,12.55,12.58,177795
2016-07-01,12.68,12.82,12.6,12.72,182351
2016-07-04,12.66,13.2,12.6,12.98,403219
2016-07-05,13.09,13.14,12.89,12.96,220938
2016-07-06,12.89,12.97,12.69,12.88,249500
2016-07-07,12.84,12.88,12.69,12.84,223631
2016-07-08,12.84,12.85,12.65,12.67,192950
2016-07-11,12.7,12.86,12.65,12.68,231284
2016-07-12,12.7,13.35,12.69,13.3,425986
2016-07-13,13.49,13.69,13.19,13.35,422035
2016-07-14,13.33,13.39,13.18,13.38,206517
2016-07-15,13.39,13.59,13.31,13.48,352063
2016-07-18,13.56,13.89,13.51,13.58,380336
2016-07-19,13.58,13.58,13.1,13.27,263620
2016-07-20,13.31,13.34,13.02,13.2,185573
2016-07-21,13.2,13.54,13.2,13.44,248344
2016-07-22,13.39,13.43,13.12,13.19,211625
2016-07-25,13.19,13.29,13.11,13.19,174902
2016-07-26,13.19,13.53,13.14,13.41,406077
2016-07-27,13.44,13.69,12.72,13.68,802883
2016-07-28,13.42,13.57,13.3,13.34,284912
2016-07-29,13.38,13.49,13.2,13.26,229300
2016-08-01,13.19,13.29,13.09,13.17,222139
2016-08-02,13.19,13.27,13.09,13.17,176859
2016-08-03,13.02,13.17,12.99,13.07,186525
2016-08-04,13.07,13.09,12.9,13.04,207729
2016-08-05,13.05,13.14,13.0,13.07,272131
2016-08-08,13.12,13.19,12.99,13.16,303569
2016-08-09,13.22,13.55,13.22,13.43,410658
2016-08-10,13.44,13.67,13.41,13.43,347815
2016-08-11,13.39,14.29,13.39,13.68,779336
2016-08-12,13.7,14.39,13.65,14.37,694382
2016-08-15,14.44,16.12,14.37,15.45,1221572
2016-08-16,15.69,15.81,14.78,14.81,916044
2016-08-17,14.94,15.02,14.57,14.86,429675
2016-08-18,15.19,15.79,15.02,15.32,850355
2016-08-19,15.37,15.55,15.06,15.41,354818
2016-08-22,15.5,15.57,15.12,15.35,319569
2016-08-23,15.31,16.07,15.31,15.73,558949
2016-08-24,15.78,15.81,15.2,15.22,373694
2016-08-25,14.9,15.05,14.69,14.98,388353
2016-08-26,15.05,15.3,14.93,14.98,210520
2016-08-29,14.9,15.2,14.61,15.15,237356
2016-08-30,15.17,15.35,14.95,15.1,300223
2016-08-31,15.08,15.27,14.92,15.11,192656
2016-09-01,15.1,15.43,15.05,15.26,243427
2016-09-02,15.23,15.78,15.12,15.75,510302
2016-09-05,15.78,16.04,15.59,15.85,403327
2016-09-06,15.81,16.52,15.73,16.23,564326
2016-09-07,16.28,16.76,16.27,16.3,470620
2016-09-08,16.29,16.67,16.22,16.47,335396
2016-09-09,16.52,16.93,16.37,16.55,440407
2016-09-12,16.0,16.24,15.29,16.21,866024
2016-09-13,16.07,16.07,15.49,15.81,317445
2016-09-14,15.59,15.69,15.26,15.39,352137
2016-09-19,15.49,16.21,15.49,16.06,372666
2016-09-20,16.06,16.06,15.89,15.94,146664
2016-09-21,15.98,16.07,15.57,15.76,352479
2016-09-22,15.9,16.46,15.9,16.1,541330
2016-09-23,16.14,16.29,15.81,15.98,314391
2016-09-26,15.85,15.87,15.42,15.47,328526
2016-09-27,15.32,15.49,15.28,15.45,458252
2016-09-28,15.47,15.47,15.21,15.23,317332
2016-09-29,15.34,15.53,15.24,15.28,230870
2016-09-30,15.19,15.36,15.15,15.25,194032
2016-10-10,15.55,15.89,15.39,15.69,341194
2016-10-11,15.71,15.84,15.34,15.47,493752
2016-10-12,15.35,15.53,15.29,15.39,308541
2016-10-13,15.31,15.41,15.1,15.21,345467
2016-10-14,15.22,15.27,15.14,15.2,231560
2016-10-17,15.21,15.27,14.97,15.03,309214
2016-10-18,14.97,15.38,14.97,15.29,283360
2016-10-19,15.33,15.36,15.19,15.21,205152
2016-10-20,15.25,15.33,15.2,15.23,127683
2016-10-21,15.21,15.37,15.14,15.31,280032
2016-10-24,15.31,15.88,15.24,15.58,420909
2016-10-25,15.65,15.71,15.49,15.64,239720
2016-10-26,15.65,15.73,15.48,15.51,197377
2016-10-27,15.51,15.52,15.19,15.28,217643
2016-10-28,15.49,15.82,15.45,15.62,325149
2016-10-31,15.49,15.74,15.29,15.7,234353
2016-11-01,15.72,16.19,15.59,16.15,367191
2016-11-02,15.98,16.07,15.63,15.7,256760
2016-11-03,15.68,16.18,15.61,16.06,405144
2016-11-04,15.97,16.25,15.96,16.02,264480
2016-11-07,16.07,16.14,15.97,16.08,215167
2016-11-08,16.2,16.27,15.97,16.09,286832
2016-11-09,16.09,16.1,15.42,15.8,688346
2016-11-10,16.01,16.29,15.94,16.03,352803
2016-11-11,16.04,16.33,15.95,16.08,523907
2016-11-14,16.01,16.22,15.97,16.04,683572
2016-11-15,16.07,16.1,15.99,16.05,286904
2016-11-16,16.09,16.19,16.0,16.11,243870
2016-11-17,16.08,16.11,15.89,16.09,238716
2016-11-18,16.09,16.15,16.03,16.1,320697
2016-11-21,16.04,17.44,16.04,16.99,1089036
2016-11-22,16.9,17.53,16.9,17.21,737022
2016-11-23,17.31,17.44,17.05,17.07,440133
2016-11-24,17.07,17.72,17.07,17.51,520765
2016-11-25,17.51,17.89,17.26,17.87,458331
2016-11-28,18.1,18.46,17.63,17.7,688979
2016-11-29,17.7,18.39,17.54,17.86,665386
2016-11-30,17.9,18.18,17.32,17.42,508040
2016-12-01,17.44,17.82,17.33,17.51,474386
2016-12-02,17.51,17.52,17.06,17.36,633715
2016-12-05,17.05,17.38,16.96,17.35,622095
2016-12-06,17.28,17.56,17.22,17.26,376125
2016-12-07,17.26,17.73,17.16,17.55,310670
2016-12-08,17.7,17.82,17.52,17.59,295168
2016-12-09,17.73,18.24,17.57,17.95,487033
2016-12-12,18.21,18.85,17.79,17.99,1069344
2016-12-13,17.89,18.03,17.63,17.74,395597
2016-12-14,17.72,18.59,17.7,18.12,586450
2016-12-15,17.87,17.98,16.52,16.69,786083
2016-12-16,16.55,16.86,16.49,16.57,340994
2016-12-19,16.57,16.69,16.4,16.49,295596
2016-12-20,16.51,16.54,15.54,15.75,626951
2016-12-21,15.94,16.14,15.7,15.83,376260
2016-12-22,15.75,16.02,15.49,15.86,295009
2016-12-23,15.78,15.86,15.49,15.82,301921
2016-12-26,15.64,16.25,15.44,16.21,351313
2016-12-27,16.09,16.43,16.07,16.35,217803
2016-12-28,16.29,16.41,16.08,16.38,386319
2016-12-29,16.24,16.38,16.12,16.22,290420
2016-12-30,16.36,16.54,16.2,16.52,270763
2017-01-03,16.43,17.1,16.41,16.77,296978
2017-01-04,16.78,16.88,16.6,16.74,252574
2017-01-05,16.82,17.03,16.77,16.82,286910
2017-01-06,16.82,16.98,16.44,16.53,362862
2017-01-09,16.56,16.64,16.36,16.51,270617
2017-01-10,16.53,16.58,16.29,16.32,205351
2017-01-11,16.34,16.52,16.19,16.32,209963
2017-01-12,16.39,16.51,16.24,16.3,187187
2017-01-13,16.32,16.99,16.28,16.65,330739
2017-01-16,16.65,17.37,16.3,17.28,1129172
2017-01-17,17.16,17.43,16.98,17.07,349493
2017-01-18,17.16,17.53,17.15,17.3,266869
2017-01-19,17.22,17.46,17.01,17.14,199628
2017-01-20,17.14,17.37,17.1,17.35,260333
2017-01-23,17.35,17.51,17.13,17.29,398001
2017-01-24,17.29,17.42,17.19,17.27,268666
2017-01-25,17.29,17.54,17.18,17.52,358922
2017-01-26,17.54,17.89,17.53,17.6,277205
2017-02-03,17.59,17.59,16.69,16.71,489268
2017-02-06,16.83,17.12,16.62,17.03,648914
2017-02-07,17.09,17.33,17.01,17.15,486180
2017-02-08,17.13,17.17,16.79,17.11,396289
2017-02-09,17.16,17.46,17.09,17.2,527569
2017-02-10,17.3,17.43,17.19,17.29,399219
2017-02-13,17.38,17.5,17.26,17.4,693541
2017-02-14,17.49,17.49,17.04,17.19,490923
2017-02-15,17.36,17.57,17.3,17.41,672852
2017-02-16,17.51,17.52,17.28,17.39,347817
2017-02-17,17.45,17.75,17.29,17.35,525504
2017-02-20,17.4,17.98,17.34,17.91,741442
2017-02-21,17.92,18.27,17.79,17.86,548332
2017-02-22,17.97,18.01,17.76,17.91,380420
2017-02-23,17.86,17.98,17.53,17.61,459521
2017-02-24,17.62,17.66,17.45,17.65,256833
2017-02-27,17.6,17.73,17.3,17.41,401407
2017-02-28,17.41,17.53,17.28,17.32,268469
2017-03-01,17.35,17.41,17.22,17.25,355082
2017-03-02,17.43,17.43,16.93,16.95,465657
2017-03-03,16.89,17.03,16.8,16.94,251354
2017-03-06,16.9,17.03,16.84,16.92,286717
2017-03-07,16.92,17.06,16.89,17.05,237211
2017-03-08,16.99,17.01,16.86,16.91,222857
2017-03-09,16.86,16.89,16.59,16.87,377967
2017-03-10,16.8,16.86,16.67,16.69,207447
2017-03-13,16.69,17.13,16.65,17.06,359990
2017-03-14,17.08,17.22,16.9,17.03,276964
2017-03-15,16.97,17.09,16.85,17.05,268721
2017-03-16,17.19,17.33,17.06,17.16,391641
2017-03-17,17.21,17.31,16.71,16.84,542622
2017-03-20,16.85,17.05,16.75,16.92,424589
2017-03-21,17.12,17.38,16.96,17.36,970084
2017-03-22,17.18,17.32,16.9,17.09,527907
2017-03-23,17.27,18.02,17.23,17.66,1209059
2017-03-24,17.74,18.2,17.29,17.64,944016
2017-03-27,17.6,18.37,17.59,17.83,1228602
2017-03-28,17.86,18.06,17.7,17.82,523347
2017-03-29,17.98,18.13,17.78,17.87,525227
2017-03-30,17.8,17.88,17.49,17.84,492881
2017-03-31,17.77,18.23,17.67,18.1,637996
2017-04-05,18.19,18.39,18.08,18.19,613500
2017-04-06,18.2,18.22,17.87,18.05,523314
2017-04-07,18.03,18.1,17.65,17.69,647609
2017-04-10,17.65,17.8,17.47,17.54,484418
2017-04-11,17.54,17.69,16.93,17.28,633226
2017-04-12,17.26,17.41,15.99,17.1,665078
2017-04-13,16.89,17.18,16.89,16.99,387590
2017-04-14,16.99,17.13,16.75,16.98,370915
2017-04-17,16.9,17.16,16.76,17.11,376603
2017-04-18,17.09,17.18,16.76,16.79,355230
2017-04-19,16.77,16.94,16.56,16.6,487050
2017-04-20,16.75,17.0,16.65,16.89,416048
2017-04-21,16.9,17.35,16.74,17.18,525203
2017-04-24,17.18,17.35,17.08,17.26,549923
2017-04-25,17.26,17.65,17.21,17.57,612813
2017-04-26,17.66,19.01,17.56,18.6,1609359
2017-04-27,18.58,19.35,18.53,18.91,1250055
2017-04-28,18.99,19.16,18.7,19.05,678664
2017-05-02,18.89,19.47,18.89,19.0,619325
2017-05-03,19.04,19.37,18.91,19.09,505384
2017-05-04,19.04,19.19,18.82,18.91,548574
2017-05-05,18.79,18.95,18.29,18.35,623980
2017-05-08,18.35,19.21,18.33,18.88,952932
2017-05-09,18.8,19.17,18.8,19.08,595183
2017-05-10,19.12,21.14,19.1,20.93,1589204
2017-05-11,20.89,21.18,20.65,20.86,827794
2017-05-12,20.79,22.39,20.79,22.04,1200171
2017-05-15,22.31,23.05,21.71,21.99,716224
2017-05-16,21.99,22.39,21.77,22.18,629863
2017-05-17,22.09,22.18,21.28,21.51,779106
2017-05-18,21.15,22.17,21.15,21.71,581679
2017-05-19,21.68,22.42,21.68,22.1,420468
2017-05-22,22.12,24.11,22.12,23.93,1025571
2017-05-23,24.09,25.27,23.94,24.26,1060990
2017-05-24,24.09,24.63,23.06,24.12,813520
2017-05-25,24.09,26.65,24.04,26.58,1389900
2017-05-26,26.49,26.94,25.95,26.27,783613
2017-05-31,26.09,28.22,25.91,26.16,1009978
2017-06-01,26.49,27.09,25.99,27.06,772361
2017-06-02,26.98,27.46,25.72,26.05,826334
2017-06-05,26.01,26.24,25.17,25.76,780003
2017-06-06,25.69,27.19,25.69,27.12,967170
2017-06-07,27.29,27.97,26.8,27.07,788201
2017-06-08,26.99,28.74,26.91,28.71,832171
2017-06-09,28.79,29.86,28.59,29.23,925677
2017-06-12,29.11,30.73,29.11,30.02,859597
2017-06-13,29.84,30.29,28.99,29.53,670461
2017-06-14,29.72,29.93,28.09,28.3,834014
2017-06-15,28.28,28.56,27.0,27.27,1041983
2017-06-16,27.19,28.27,27.19,27.79,807231
2017-06-19,28.05,29.72,27.78,29.65,808482
2017-06-20,29.86,30.02,28.76,29.19,616355
2017-06-21,29.39,30.65,28.65,30.52,849757
2017-06-22,30.29,31.56,30.14,30.23,1146464
2017-06-23,30.33,30.99,29.88,30.81,873720
2017-06-26,31.08,31.86,30.44,30.81,953193
2017-06-27,30.79,31.04,30.02,31.01,780836
2017-06-28,30.79,30.83,29.64,29.7,691322
2017-06-29,29.89,31.14,29.47,31.05,753229
2017-06-30,30.89,31.29,30.37,30.7,598631
2017-07-03,30.89,30.89,29.64,30.03,563199
2017-07-04,29.89,29.93,29.0,29.01,683921
2017-07-05,29.09,31.79,29.09,31.51,1272537
2017-07-06,31.51,33.09,31.16,32.48,1137815
2017-07-07,32.24,32.71,31.62,32.1,533926
2017-07-10,32.11,33.05,31.78,32.22,570776
2017-07-11,32.45,33.65,32.25,32.87,699540
2017-07-12,33.0,34.14,32.06,32.25,870117
2017-07-13,32.62,33.5,32.47,33.27,665343
2017-07-14,33.33,34.43,32.94,34.41,707792
2017-07-17,34.65,36.73,34.06,35.54,1408791
2017-07-18,35.24,35.9,34.15,35.11,879030
2017-07-19,35.32,36.12,34.75,35.48,771181
2017-07-20,35.19,35.79,34.46,35.65,659199
2017-07-21,34.84,34.92,33.54,33.6,1294792
2017-07-24,33.72,34.74,33.32,34.25,904596
2017-07-25,34.26,34.69,33.82,33.95,506835
2017-07-26,33.74,34.14,32.92,33.53,657611
2017-07-27,33.49,34.38,32.73,34.0,667133
2017-07-28,33.84,34.1,33.44,33.53,491295
2017-07-31,33.52,34.28,33.05,33.66,616005
2017-08-01,33.84,36.54,33.84,36.49,1147937
2017-08-02,36.45,36.46,35.52,35.68,723817
2017-08-03,35.68,36.12,34.52,34.56,565312
2017-08-04,34.63,34.83,33.49,33.58,666087
2017-08-07,33.55,34.48,33.17,33.96,523852
2017-08-08,33.94,34.2,33.55,34.09,367323
2017-08-09,33.99,34.48,33.64,33.7,410734
2017-08-10,33.71,34.09,32.15,32.37,846423
2017-08-11,31.84,32.37,31.17,31.22,828146
2017-08-14,31.63,32.64,31.28,32.13,791495
2017-08-15,32.44,33.2,32.24,32.54,680850
2017-08-16,32.49,32.93,32.17,32.85,340851
2017-08-17,33.11,33.47,32.51,32.74,374711
2017-08-18,34.04,35.5,33.26,34.81,1176429
2017-08-21,35.04,35.92,34.42,34.67,716153
2017-08-22,35.05,36.9,34.96,36.84,1009897
2017-08-23,36.65,37.47,36.46,37.04,564884
2017-08-24,37.19,37.92,36.59,36.76,560655
2017-08-25,36.54,37.86,36.48,37.47,743106
2017-08-28,37.62,39.39,37.62,37.84,803296
2017-08-29,37.74,38.89,37.52,38.7,416774
2017-08-30,38.64,39.27,37.9,38.05,470277
2017-08-31,37.97,38.3,37.19,37.67,480957
2017-09-01,37.69,38.68,37.24,37.81,571083
2017-09-04,37.65,37.7,36.95,37.29,484051
2017-09-05,37.54,38.74,37.25,38.43,563770
2017-09-06,38.19,38.52,37.23,37.54,424063
2017-09-07,37.74,37.96,36.97,37.05,329741
2017-09-08,37.04,37.66,36.97,37.16,290322
2017-09-11,37.35,38.12,36.06,36.13,804098
2017-09-12,36.62,37.01,35.75,36.95,555954
2017-09-13,36.94,37.5,36.47,37.21,398070
2017-09-14,37.24,37.39,36.04,36.16,510191
2017-09-15,36.23,36.34,35.29,35.52,754259
2017-09-18,35.41,36.62,35.41,35.44,754003
2017-09-19,35.83,36.18,35.25,35.6,621507
2017-09-20,35.58,35.84,35.14,35.22,587189
2017-09-21,35.3,36.38,35.15,35.96,727092
2017-09-22,35.69,36.49,35.66,36.18,549472
2017-09-25,36.19,36.87,35.96,36.3,657945
2017-09-26,36.13,36.47,36.09,36.39,427958
2017-09-27,36.24,36.38,35.6,35.74,468984
2017-09-28,35.74,36.11,35.46,35.88,397737
2017-09-29,35.86,36.49,35.57,36.3,434172
2017-10-09,38.24,38.64,36.85,36.9,882362
2017-10-10,37.0,37.66,35.95,37.06,960683
2017-10-11,37.04,37.86,36.69,37.45,664528
2017-10-12,37.34,39.33,37.26,39.25,898550
2017-10-13,39.05,39.57,38.87,39.22,508153
2017-10-16,39.64,40.69,39.23,39.31,749769
2017-10-17,39.55,40.4,39.34,40.08,637816
2017-10-18,40.2,41.17,40.01,41.12,710379
2017-10-19,41.2,42.09,40.94,41.73,741139
2017-10-20,41.14,41.59,40.78,41.16,456881
2017-10-23,41.87,42.32,41.34,42.02,512392
2017-10-24,41.91,43.2,41.77,42.34,705336
2017-10-25,42.24,42.58,41.85,42.22,386457
2017-10-26,42.14,44.4,42.0,43.53,836841
2017-10-27,43.64,46.12,43.62,46.07,876861
2017-10-30,46.14,47.44,45.27,46.2,1183832
2017-10-31,45.64,46.64,45.45,46.5,513662
2017-11-01,46.61,48.42,45.86,46.26,1001119
2017-11-02,46.34,46.53,45.14,46.28,824947
2017-11-03,46.14,46.98,45.62,46.59,681440
2017-11-06,46.83,46.84,45.06,46.15,908570
2017-11-07,46.44,48.71,46.44,47.51,1173566
2017-11-08,47.54,48.49,46.46,46.75,867821
2017-11-09,46.64,48.53,46.54,48.47,708669
2017-11-10,48.14,52.09,48.07,52.03,1254060
2017-11-13,52.24,52.71,51.62,52.29,752207
2017-11-14,52.83,53.43,51.91,52.56,801748
2017-11-15,52.12,52.57,50.73,51.34,1009460
2017-11-16,50.94,55.25,50.89,55.15,1163764
2017-11-17,54.84,57.46,53.94,57.41,1580394
2017-11-20,56.92,58.63,56.21,57.85,1141281
2017-11-21,57.27,61.82,57.27,60.58,1445569
2017-11-22,61.64,62.1,58.72,59.59,1293488
2017-11-23,58.74,60.58,55.84,56.46,1576211
2017-11-24,56.29,57.6,54.85,56.76,1317844
2017-11-27,56.84,57.04,53.69,55.69,1637232
2017-11-28,54.84,55.68,54.02,54.87,786470
2017-11-29,55.68,56.33,53.4,54.56,875005
2017-11-30,53.51,53.81,51.69,52.06,1163733
2017-12-01,51.79,52.32,50.05,50.24,1393046
2017-12-04,49.74,52.49,49.51,51.53,1159283
2017-12-05,51.04,53.64,50.92,53.34,1692540
2017-12-06,53.04,53.24,50.14,51.54,1245608
2017-12-07,51.49,51.95,49.74,50.78,859704
2017-12-08,51.08,54.0,50.8,53.63,1095632
2017-12-11,53.34,55.45,52.96,55.39,1139927
2017-12-12,55.39,55.7,53.31,53.35,777901
2017-12-13,53.35,54.76,52.34,54.26,865118
2017-12-14,54.26,54.3,52.74,53.15,676187
2017-12-15,52.83,53.58,52.19,52.52,735547
2017-12-18,52.35,54.07,52.35,52.81,679117
2017-12-19,53.05,55.77,52.85,55.72,1270583
2017-12-20,55.63,56.73,55.22,56.08,939383
2017-12-21,55.78,57.72,55.35,57.05,934708
2017-12-22,56.94,57.34,55.77,56.16,719527
2017-12-25,56.2,58.31,55.51,56.3,1109979
2017-12-26,56.25,56.7,55.02,56.08,832290
2017-12-27,55.59,55.59,52.16,52.49,1506834
2017-12-28,52.44,53.56,51.81,52.73,1130886
2017-12-29,53.23,53.67,51.64,52.12,1040018
2018-01-02,52.35,54.94,52.32,54.73,1236163
2018-01-03,55.54,56.04,52.25,53.11,1794055
2018-01-04,53.16,54.34,52.69,53.32,1061158
2018-01-05,53.73,54.02,52.59,53.03,772076
2018-01-08,52.93,52.93,51.46,52.15,1228730
2018-01-09,52.44,54.22,52.17,54.01,1239491
2018-01-10,53.74,54.01,52.85,53.86,828123
2018-01-11,53.19,55.26,53.14,54.79,1096289
2018-01-12,54.8,56.64,54.47,56.55,1282663
2018-01-15,57.49,60.64,57.49,59.79,2006599
2018-01-16,59.82,61.62,59.34,59.95,1501643
2018-01-17,60.24,61.49,58.64,59.48,1413574
2018-01-18,60.7,62.25,59.22,59.75,2074471
2018-01-19,60.44,61.2,59.03,59.73,1553809
2018-01-22,59.25,61.34,59.19,60.88,1215883
2018-01-23,62.44,63.42,60.43,60.9,1919898
2018-01-24,61.14,61.58,58.52,58.58,1689141
2018-01-25,58.07,58.13,56.94,57.43,1234397
2018-01-26,57.44,58.99,57.35,58.24,1125547
2018-01-29,58.8,58.84,55.03,55.5,1517844
2018-01-30,55.04,56.5,54.94,55.52,867817
2018-01-31,54.79,57.29,54.66,57.22,934726
2018-02-01,57.14,57.74,56.19,57.62,1415763
2018-02-02,57.01,58.52,56.27,58.15,1007583
2018-02-05,56.54,58.09,56.44,57.85,948054
2018-02-06,55.99,56.84,54.64,55.91,2049667
2018-02-07,56.74,56.79,52.64,53.52,1747841
2018-02-08,52.75,53.64,50.51,51.13,1530109
2018-02-09,48.64,49.11,44.34,46.57,2492030
2018-02-12,46.8,47.79,46.14,47.1,1029612
2018-02-13,48.34,50.49,48.2,49.16,1147957
2018-02-14,49.64,51.33,49.34,51.03,646502
2018-02-22,52.37,52.56,51.37,51.91,783650
2018-02-23,52.39,53.6,51.97,52.78,556011
2018-02-26,53.13,53.72,51.74,52.94,693841
2018-02-27,53.16,53.33,51.61,51.95,780995
2018-02-28,51.34,51.38,49.84,49.9,782170
2018-03-01,49.32,51.52,49.02,51.07,663296
2018-03-02,50.14,50.8,49.59,49.82,581439
2018-03-05,49.8,50.73,49.14,50.02,609824
2018-03-06,50.54,51.53,49.54,51.46,657077
2018-03-07,51.12,52.32,50.32,50.92,590555
2018-03-08,51.2,52.98,50.9,52.68,692682
2018-03-09,53.14,53.6,52.45,53.03,476222
2018-03-12,53.74,54.0,52.74,53.26,583351
2018-03-13,53.34,53.49,51.32,51.56,609492
2018-03-14,50.99,51.34,50.4,50.96,514761
2018-03-15,50.55,52.84,50.54,52.63,627111
2018-03-16,52.84,54.09,52.59,52.65,701326
2018-03-19,53.03,56.02,52.62,55.95,924500
2018-03-20,55.24,56.33,54.84,56.23,659778
2018-03-21,58.84,58.85,55.17,55.96,1367486
2018-03-22,55.65,56.31,53.82,55.02,902878
2018-03-23,52.14,52.91,51.56,52.44,1486955
2018-03-26,51.34,52.11,49.12,50.42,1380985
2018-03-27,51.72,51.8,49.64,50.3,1039920
2018-03-28,49.14,49.82,47.02,47.54,1420788
2018-03-29,47.56,49.42,45.65,48.53,1462546
2018-03-30,48.15,48.41,46.94,47.45,842023
2018-04-02,46.39,48.39,46.36,46.8,805559
2018-04-03,46.09,47.09,45.98,46.65,604071
2018-04-04,47.04,47.72,46.12,46.69,679990
2018-04-09,47.13,48.13,46.19,48.1,716143
2018-04-10,47.83,50.54,47.53,50.39,905140
2018-04-11,50.44,50.71,49.62,49.81,720924
2018-04-12,50.05,50.11,48.83,48.86,544503
2018-04-13,49.57,49.59,48.19,48.32,466386
2018-04-16,48.15,48.8,46.02,46.44,809640
2018-04-17,46.58,47.0,44.97,45.27,831673
2018-04-18,45.92,46.09,44.74,45.65,764845
2018-04-19,46.04,47.09,45.8,46.62,726474
2018-04-20,46.34,47.01,45.65,46.29,603341
2018-04-23,46.29,47.3,45.92,47.13,544467
2018-04-24,47.54,49.2,47.42,48.7,906954
2018-04-25,48.18,48.6,47.45,47.64,477828
2018-04-26,47.82,48.03,44.95,45.26,841554
2018-04-27,45.69,45.87,40.48,43.03,2602863
2018-05-02,43.5,43.93,42.89,43.48,708908
2018-05-03,43.02,43.72,42.04,43.58,629125
2018-05-04,43.47,43.78,42.78,42.85,441587
2018-05-07,42.69,43.61,41.85,43.33,829448
2018-05-08,43.5,46.02,43.38,45.22,1174721
2018-05-09,45.24,45.54,44.66,45.09,484431
2018-05-10,45.44,45.89,44.75,45.32,498178
2018-05-11,45.72,45.8,44.95,45.24,452106
2018-05-14,45.84,46.72,45.64,46.24,683709
2018-05-15,46.64,46.73,45.54,46.11,529529
2018-05-16,45.82,46.06,44.77,44.95,559514
2018-05-17,45.23,45.33,44.08,44.14,477782
2018-05-18,44.02,45.26,43.73,45.18,566253
2018-05-21,45.69,46.29,45.41,45.8,705066
2018-05-22,45.72,45.98,44.64,45.15,437692
2018-05-23,45.09,45.09,43.81,43.9,569155
2018-05-24,44.1,44.41,43.3,43.36,441513
2018-05-25,43.52,44.32,43.48,43.67,353930
2018-05-28,43.94,45.02,43.69,44.64,458949
2018-05-29,44.46,44.8,43.44,44.52,636474
2018-05-30,43.45,43.84,42.72,42.79,490837
2018-05-31,43.25,44.32,42.85,44.27,665388
2018-06-01,44.05,44.33,43.42,43.78,408008
2018-06-04,44.24,45.85,44.04,45.67,858897
2018-06-05,45.73,47.14,45.35,46.72,885173
2018-06-06,46.57,46.59,45.85,45.95,490220
2018-06-07,46.61,47.88,46.36,46.58,746267
2018-06-08,46.31,46.58,45.29,45.73,579391
2018-06-11,45.59,46.54,45.19,46.37,512803
2018-06-12,46.54,47.59,46.16,47.24,763559
2018-06-13,47.14,47.25,46.69,47.09,459053
2018-06-14,46.92,48.69,46.79,47.78,798485
2018-06-15,47.44,48.5,47.36,47.97,666583
2018-06-19,47.14,47.54,45.14,45.43,1278264
2018-06-20,45.24,45.88,44.12,45.19,743195
2018-06-21,45.2,45.9,44.34,44.43,605494
2018-06-22,43.94,44.84,43.94,44.41,465376
2018-06-25,44.62,44.69,42.94,43.13,607497
2018-06-26,42.44,42.95,41.14,42.58,717928
2018-06-27,42.44,42.79,40.78,40.84,697084
2018-06-28,40.45,41.29,39.87,40.17,735991
2018-06-29,40.46,41.97,40.44,41.92,645112
2018-07-02,41.62,41.62,37.99,38.56,900189
2018-07-03,38.94,39.9,37.67,39.68,949167
2018-07-04,39.57,40.22,38.71,38.86,519494
2018-07-05,39.04,39.61,38.52,38.87,548434
2018-07-06,39.32,40.99,38.88,40.28,824311
2018-07-09,40.94,42.25,40.54,42.22,696043
2018-07-10,42.34,42.39,40.89,41.52,555627
2018-07-11,40.09,40.85,39.9,40.43,473782
2018-07-12,40.58,42.23,40.58,41.72,647708
2018-07-13,42.11,42.26,41.62,41.88,393785
2018-07-16,41.64,42.12,40.72,41.06,431942
2018-07-17,41.24,41.6,40.76,41.36,379943
2018-07-18,41.62,42.45,41.09,41.15,464485
2018-07-19,41.7,42.64,41.69,42.05,703699
2018-07-20,41.94,44.95,41.57,44.18,1069351
2018-07-23,43.69,44.94,43.59,44.42,804573
2018-07-24,44.4,46.34,44.37,45.08,836847
2018-07-25,45.57,45.58,44.74,45.5,409006
2018-07-26,45.62,45.82,44.02,44.14,482593
2018-07-27,44.32,44.67,43.91,44.21,334172
2018-07-30,44.24,45.26,44.09,44.9,376370
2018-07-31,44.94,45.23,44.16,44.94,260699
2018-08-01,45.14,45.75,42.96,43.04,563434
2018-08-02,42.75,42.83,41.14,41.6,646804
2018-08-03,41.77,42.1,41.12,41.16,362083
2018-08-06,41.15,42.2,40.7,41.17,419786
2018-08-07,41.45,42.94,41.3,42.9,561861
2018-08-08,42.89,43.04,41.53,41.72,412109
2018-08-09,41.72,44.33,41.52,43.96,635433
2018-08-10,43.9,44.3,43.17,43.78,349042
2018-08-13,43.14,43.19,42.0,42.89,454649
2018-08-14,42.9,43.06,41.92,42.39,308741
2018-08-15,42.37,42.39,40.01,40.37,613748
2018-08-16,39.72,41.29,39.22,40.32,475075
2018-08-17,41.04,41.16,39.8,39.92,351360
2018-08-20,40.28,41.16,40.1,41.15,462143
2018-08-21,41.2,42.99,41.2,42.76,636651
2018-08-22,44.62,44.84,43.71,44.27,1041857
2018-08-23,44.35,45.72,44.35,45.47,756111
2018-08-24,45.04,46.67,44.84,45.81,572632
2018-08-27,46.42,47.02,46.06,46.81,585793
2018-08-28,47.14,47.18,45.94,46.24,424944
2018-08-29,46.02,46.64,45.99,46.35,278927
2018-08-30,46.84,47.39,46.36,46.5,458496
2018-08-31,45.74,46.77,45.54,46.32,521114
2018-09-03,45.94,46.34,45.45,46.07,323791
2018-09-04,46.19,48.27,45.88,48.14,658379
2018-09-05,47.75,47.98,46.14,46.14,507437
2018-09-06,46.06,46.48,44.97,45.28,457426
2018-09-07,45.84,47.46,45.56,46.74,494712
2018-09-10,46.56,46.83,45.56,45.99,323390
2018-09-11,45.96,46.54,45.21,45.64,347071
2018-09-12,45.27,45.42,44.24,44.56,435460
2018-09-13,45.74,46.36,44.97,46.36,538847
2018-09-14,46.53,47.72,46.38,47.26,558370
2018-09-17,46.26,47.14,46.21,46.47,269596
2018-09-18,46.11,48.26,46.06,48.08,635569
2018-09-19,48.05,49.76,47.77,49.11,834705
2018-09-20,49.16,49.52,48.57,48.76,418924
2018-09-21,49.24,51.46,48.93,51.45,810431
2018-09-25,50.86,51.69,50.44,51.15,578104
2018-09-26,51.19,52.96,50.79,51.92,908526
2018-09-27,51.69,51.71,50.82,51.16,623574
2018-09-28,51.46,53.06,51.4,52.46,739524
2018-10-08,50.76,50.8,48.67,48.74,1128445
2018-10-09,48.59,49.34,48.29,48.96,486319
2018-10-10,49.05,49.54,48.16,48.61,582799
2018-10-11,46.06,47.16,45.34,45.81,1145327
2018-10-12,46.46,48.21,46.26,47.83,774617
2018-10-15,47.86,48.4,47.05,47.16,539743
2018-10-16,47.31,49.14,47.29,47.96,584035
2018-10-17,49.13,49.28,46.37,48.12,761402
2018-10-18,47.45,47.48,46.21,46.41,603020
2018-10-19,45.95,50.06,45.84,49.58,1138815
2018-10-22,49.97,53.38,49.58,51.89,1616882
2018-10-23,51.96,52.28,48.84,49.47,1172134
2018-10-24,49.74,51.81,49.52,50.21,810632
2018-10-25,48.16,50.62,48.16,50.62,736203
2018-10-26,50.26,50.73,48.34,49.5,797411
2018-10-29,49.83,49.95,45.86,45.96,1216419
2018-10-30,43.96,48.59,43.46,46.76,1269208
2018-10-31,46.97,47.91,46.12,47.59,782835
2018-11-01,48.18,49.46,48.04,48.26,689871
2018-11-02,50.88,51.31,49.51,51.31,1173949
2018-11-05,50.46,51.01,49.66,50.54,547132
2018-11-06,50.16,50.76,49.76,50.76,385082
2018-11-07,50.85,51.3,49.86,50.08,510658
2018-11-08,50.89,51.13,49.96,50.26,504946
2018-11-09,49.71,49.94,48.34,48.58,544690
2018-11-12,48.36,49.1,47.71,48.62,458512
2018-11-13,47.74,49.53,47.46,48.97,520998
2018-11-14,49.01,49.05,47.56,47.91,573814
2018-11-15,47.96,49.1,47.73,49.06,500580
2018-11-16,48.96,50.35,48.65,49.21,619879
2018-11-19,49.21,50.16,48.76,49.68,507629
2018-11-20,48.96,49.4,47.87,48.06,591763
2018-11-21,47.49,48.1,47.49,47.97,385249
2018-11-22,48.14,48.16,46.78,47.1,443684
2018-11-23,47.11,47.55,46.48,46.6,372335
2018-11-26,46.96,47.83,46.76,47.16,369989
2018-11-27,47.27,47.84,46.87,47.07,375597
2018-11-28,47.08,47.92,46.97,47.73,411690
2018-11-29,48.26,48.34,46.96,47.01,386654
2018-11-30,47.02,47.61,46.86,47.45,349171
2018-12-03,49.16,50.01,48.73,48.95,1121943
2018-12-04,48.91,49.04,48.12,48.85,562473
2018-12-05,48.01,48.56,47.94,48.21,450207
2018-12-06,47.62,47.84,46.85,46.96,585865
2018-12-07,47.28,47.49,46.94,46.96,270297
2018-12-10,46.46,46.64,45.78,46.14,494651
2018-12-11,46.14,46.53,45.78,46.13,419949
2018-12-12,46.76,46.79,46.0,46.42,387392
2018-12-13,46.66,47.46,46.36,47.16,782754
2018-12-14,46.86,46.9,45.69,45.9,750756
2018-12-17,45.83,46.22,44.99,45.23,712131
2018-12-18,44.86,45.64,44.43,44.81,532302
2018-12-19,44.96,45.22,43.84,44.08,515538
2018-12-20,43.91,44.14,42.54,42.96,806956
2018-12-21,42.71,42.81,41.41,42.3,739128
2018-12-24,41.96,42.26,41.71,42.21,358748
2018-12-25,41.5,42.74,40.84,42.17,664633
2018-12-26,42.13,42.21,41.16,41.26,397821
2018-12-27,42.24,42.34,40.86,40.86,751891
2018-12-28,40.96,41.19,40.06,40.06,914988
2019-01-02,40.0,40.14,38.9,39.14,825542
2019-01-03,39.11,40.29,39.02,39.64,692711
2019-01-04,39.24,40.96,39.19,40.55,1129856
2019-01-07,41.05,41.13,39.86,40.26,765930
2019-01-08,40.01,40.05,39.16,39.76,559921
2019-01-09,40.16,41.56,39.92,40.91,819146
2019-01-10,40.83,41.78,40.51,41.46,673282
2019-01-11,41.96,42.25,41.46,42.03,457570
2019-01-14,41.7,41.91,40.86,41.08,475327
2019-01-15,41.22,42.65,41.02,42.55,586265
2019-01-16,42.38,42.92,41.97,42.7,404112
2019-01-17,43.01,43.76,42.52,42.69,535050
2019-01-18,43.19,43.98,42.65,43.88,561757
2019-01-21,43.89,45.07,43.81,44.75,559843
2019-01-22,44.56,44.6,43.7,44.03,419508
2019-01-23,43.78,44.36,43.41,43.45,374933
2019-01-24,43.57,44.48,43.18,44.39,449406
2019-01-25,44.46,45.74,44.39,45.25,672459
2019-01-28,45.76,46.37,45.16,45.48,581649
2019-01-29,45.34,45.86,44.94,45.61,395193
2019-01-30,44.84,45.82,44.74,45.21,310003
2019-01-31,45.76,47.15,45.51,46.94,692265
2019-02-01,47.46,47.74,46.81,47.17,437925
2019-02-11,46.84,48.47,46.84,48.35,541816
2019-02-12,48.36,48.38,47.65,48.23,385193
2019-02-13,48.62,49.36,47.99,48.98,578658
2019-02-14,48.84,49.36,48.74,49.06,396203
2019-02-15,48.76,48.97,47.18,47.21,534011
2019-02-18,47.86,49.38,47.74,49.25,721361
2019-02-19,49.54,51.23,49.24,49.64,785951
2019-02-20,50.26,50.34,49.15,49.84,393509
2019-02-21,49.76,50.64,49.05,49.35,543694
2019-02-22,49.32,51.03,48.76,50.98,762219
2019-02-25,52.18,56.96,52.1,56.96,2222382
2019-02-26,55.67,56.56,53.88,53.97,1555639
2019-02-27,54.26,55.39,52.95,53.94,1017664
2019-02-28,53.94,54.91,53.37,53.97,598890
2019-03-01,54.65,56.56,54.21,56.35,920752
2019-03-04,56.96,59.06,56.17,56.54,1263275
2019-03-05,56.44,56.7,55.53,56.03,659680
2019-03-06,56.35,56.44,55.07,56.12,784654
2019-03-07,56.11,56.11,53.96,54.25,1013473
2019-03-08,52.62,54.16,52.21,52.66,913256
2019-03-11,52.76,53.65,52.18,52.75,751858
2019-03-12,53.56,54.88,52.92,53.21,969219
2019-03-13,55.34,56.06,54.23,55.5,1405464
2019-03-14,55.73,57.16,55.66,56.76,1055970
2019-03-15,57.06,59.46,57.04,57.81,1255246
2019-03-18,58.39,59.3,57.41,58.96,1156392
2019-03-19,59.69,60.81,58.92,59.31,1012097
2019-03-20,59.02,61.44,58.71,60.51,1078439
2019-03-21,60.96,61.21,59.56,59.76,846259
2019-03-22,59.72,60.22,58.02,58.68,772004
2019-03-25,57.37,57.95,56.14,56.25,991052
2019-03-26,56.95,57.19,56.11,56.65,634475
2019-03-27,57.16,58.59,56.66,58.18,759818
2019-03-28,57.36,57.9,56.84,57.36,484209
2019-03-29,58.06,61.06,58.06,61.06,1429355
2019-04-01,61.96,63.19,61.46,62.56,1168113
2019-04-02,62.5,62.96,62.01,62.92,771175
2019-04-03,62.44,64.11,62.33,63.82,760220
2019-04-04,64.04,64.92,63.21,64.16,795626
2019-04-08,64.66,66.21,63.98,64.55,916122
2019-04-09,64.36,65.96,64.33,65.06,601738
2019-04-10,64.76,66.07,63.62,65.99,783620
2019-04-11,66.61,67.58,64.12,64.67,756629
2019-04-12,64.31,65.12,63.86,64.4,526779
2019-04-15,66.19,67.84,65.56,65.62,989953
2019-04-16,65.18,69.09,64.86,68.97,1036223
2019-04-17,68.88,69.31,67.76,68.44,631916
2019-04-18,68.65,68.98,67.84,68.26,397287
2019-04-19,69.23,70.96,68.16,70.96,789132
2019-04-22,71.18,72.05,68.46,68.92,932115
2019-04-23,68.71,71.34,68.46,70.02,678116
2019-04-24,70.04,70.84,67.51,68.99,812852
2019-04-25,68.31,68.95,67.11,67.36,655769
2019-04-26,66.96,68.39,66.76,67.07,648959
2019-04-29,67.84,71.09,67.26,70.39,946576
2019-04-30,70.46,71.44,68.49,70.06,917902
2019-05-06,66.76,67.56,63.62,65.16,1808609
2019-05-07,65.74,66.24,63.85,65.13,974951
2019-05-08,62.69,64.51,62.34,62.74,868376
2019-05-09,62.22,62.22,60.07,60.62,1125722
2019-05-10,61.91,65.83,61.26,65.34,1392098
2019-05-13,63.21,64.14,62.46,62.61,842351
2019-05-14,61.92,63.36,61.81,62.26,782781
2019-05-15,62.91,65.33,62.86,64.5,803300
2019-05-16,64.78,65.49,63.96,64.93,630831
2019-05-17,65.02,65.16,62.94,63.06,685802
2019-05-20,62.46,63.24,61.15,61.83,745004
2019-05-21,62.01,63.21,61.64,62.16,630198
2019-05-22,62.18,62.46,61.16,61.6,516732
2019-05-23,61.56,61.89,60.11,60.5,645671
2019-05-24,60.96,62.33,60.86,61.56,512353
2019-05-27,61.31,62.72,60.41,62.24,589732
2019-05-28,62.5,63.83,62.27,63.25,893840
2019-05-29,62.56,66.04,62.24,64.84,968273
2019-05-30,64.46,64.81,63.65,64.15,488477
2019-05-31,64.21,65.63,64.06,64.06,496670
2019-06-03,64.83,65.26,63.75,64.31,521308
2019-06-04,64.24,64.54,62.92,63.03,512121
2019-06-05,63.81,63.96,62.52,62.56,487171
2019-06-06,62.81,62.96,61.94,62.17,422523
2019-06-10,62.85,64.44,62.55,64.16,645748
2019-06-11,64.32,66.97,64.19,66.76,941318
2019-06-12,66.16,66.48,65.39,65.58,477953
2019-06-13,65.86,66.06,64.86,65.55,461456
2019-06-14,65.57,66.11,64.73,64.81,408733
2019-06-17,64.86,65.73,64.56,64.98,363882
2019-06-18,65.18,66.24,64.91,66.03,464074
2019-06-19,69.07,69.63,68.56,68.6,1118716
2019-06-20,68.98,73.56,68.98,73.56,1533213
2019-06-21,73.01,73.62,72.29,73.03,858060
2019-06-24,72.96,73.6,72.28,73.27,594052
2019-06-25,73.16,73.24,70.38,71.69,1051937
2019-06-26,71.81,72.36,71.46,71.46,457630
2019-06-27,72.06,73.53,72.05,73.11,814546
2019-06-28,73.02,74.38,72.69,73.67,595534
2019-07-01,75.66,77.53,75.66,76.9,926098
2019-07-02,76.75,76.75,75.94,76.12,606497
2019-07-03,76.22,76.66,74.86,75.72,650988
2019-07-04,75.76,76.2,74.41,74.96,593667
2019-07-05,75.06,76.2,74.89,75.91,510522
2019-07-08,75.05,75.05,72.84,73.65,787766
2019-07-09,73.74,73.91,72.05,72.59,557034
2019-07-10,73.25,73.27,72.58,72.94,356165
2019-07-11,73.55,74.36,72.75,73.04,514869
2019-07-12,73.21,74.53,73.21,73.81,576718
2019-07-15,73.16,73.83,71.68,73.14,594526
2019-07-16,73.03,73.24,71.96,72.01,430869
2019-07-17,72.01,72.64,71.46,72.05,438350
2019-07-18,71.66,72.45,71.39,71.79,377817
2019-07-19,72.37,73.76,72.37,73.41,603591
2019-07-22,73.38,74.04,72.74,72.74,426227
2019-07-23,72.97,73.26,72.16,72.56,381830
2019-07-24,73.03,74.52,72.86,73.91,594579
2019-07-25,74.16,74.61,73.6,74.47,456062
2019-07-26,73.88,75.23,73.88,75.16,461534
2019-07-29,74.9,75.14,74.11,74.51,368246
2019-07-30,75.41,75.96,74.74,75.04,464799
2019-07-31,74.47,74.56,72.94,73.15,592755
2019-08-01,72.56,73.4,72.07,72.57,427597
2019-08-02,71.16,71.55,70.56,71.09,728971
2019-08-05,70.12,70.92,69.64,69.67,684847
2019-08-06,68.16,69.94,67.21,69.57,1010341
2019-08-07,69.87,70.01,68.41,68.53,532356
2019-08-08,69.05,69.61,68.46,69.57,567264
2019-08-09,70.16,70.34,69.08,69.41,449362
2019-08-12,69.52,71.83,69.52,71.56,594239
2019-08-13,71.01,71.31,69.83,70.07,515018
2019-08-14,71.44,71.63,70.07,70.1,533363
2019-08-15,68.86,71.4,68.59,71.37,702274
2019-08-16,72.06,73.36,71.41,72.52,932312
2019-08-19,73.36,73.52,72.31,73.51,837355
2019-08-20,73.36,73.39,72.68,73.0,504394
2019-08-21,72.71,73.23,72.41,72.79,335321
2019-08-22,72.92,73.14,72.46,73.04,365037
2019-08-23,73.01,75.32,72.88,74.95,885690
2019-08-26,73.36,73.66,72.21,72.56,990268
2019-08-27,73.11,73.86,72.63,72.74,767827
2019-08-28,72.67,72.98,71.91,71.96,516092
2019-08-29,72.21,72.54,71.23,71.76,464332
2019-08-30,72.76,73.21,71.47,72.38,564655
2019-09-02,72.06,73.94,71.94,73.56,635806
2019-09-03,73.66,73.96,72.85,73.31,512752
2019-09-04,73.64,74.21,73.03,74.11,605954
2019-09-05,74.61,76.12,74.12,75.04,1007566
2019-09-06,75.76,76.51,75.09,76.51,688752
2019-09-09,77.18,77.34,75.79,76.21,702401
2019-09-10,76.3,76.36,74.71,75.25,484548
2019-09-11,75.61,75.89,74.56,75.37,455860
2019-09-12,75.9,78.31,75.56,78.15,793049
2019-09-16,78.11,78.14,76.93,77.16,548413
2019-09-17,76.71,76.73,75.03,75.33,640334
2019-09-18,75.63,76.29,75.39,75.81,419771
2019-09-19,76.31,76.43,74.82,75.41,421580
2019-09-20,75.7,76.1,75.26,75.66,456923
2019-09-23,75.25,75.25,73.96,74.72,513667
2019-09-24,74.81,75.22,74.21,74.76,405351
2019-09-25,74.2,74.98,73.96,74.59,388584
2019-09-26,75.01,75.58,74.14,74.16,486371
2019-09-27,74.34,74.49,73.69,74.11,329554
2019-09-30,73.75,74.0,72.82,72.85,460785
2019-10-08,72.95,74.53,72.91,73.81,405313
2019-10-09,73.25,74.41,73.14,73.99,360580
2019-10-10,74.0,74.46,73.32,74.31,340927
2019-10-11,74.7,76.08,74.31,75.71,600476
2019-10-14,76.61,77.26,75.99,76.26,630443
2019-10-15,76.61,76.61,75.75,76.01,350874
2019-10-16,76.51,77.63,76.29,76.39,499077
2019-10-17,77.01,77.98,76.41,77.53,619425
2019-10-18,78.11,78.26,75.49,75.56,590913
2019-10-21,75.28,76.26,74.74,75.88,360900
2019-10-22,76.6,76.6,75.39,76.1,310789
2019-10-23,76.01,76.44,75.02,75.31,318798
2019-10-24,75.66,75.85,74.76,75.61,360537
2019-10-25,73.81,74.28,72.91,73.81,1129195
2019-10-28,74.2,74.68,73.68,74.45,651032
2019-10-29,74.48,74.85,73.77,74.01,431558
2019-10-30,73.81,74.18,73.48,73.76,436517
2019-10-31,73.61,74.52,73.61,73.93,373688
2019-11-01,73.93,75.87,73.82,75.85,650940
2019-11-04,76.16,76.45,75.72,76.1,505706
2019-11-05,76.11,77.07,75.47,75.87,654850
2019-11-06,75.85,76.21,75.48,75.81,386305
2019-11-07,75.81,75.91,75.09,75.58,319831
2019-11-08,76.3,76.36,74.98,74.98,436275
2019-11-11,74.31,74.4,73.71,74.02,442562
2019-11-12,74.2,74.36,73.66,74.03,395454
2019-11-13,73.78,74.15,73.34,73.81,380872
2019-11-14,74.29,74.3,73.61,73.84,323510
2019-11-15,73.62,74.06,73.51,73.71,364027
2019-11-18,73.69,74.79,73.49,74.52,344811
2019-11-19,74.11,74.91,74.03,74.7,302021
2019-11-20,74.39,74.61,73.74,73.86,332291
2019-11-21,73.53,73.56,71.82,72.15,757382
2019-11-22,72.23,72.76,70.49,70.7,747464
2019-11-25,70.91,71.38,70.09,71.31,546527
2019-11-26,71.81,71.83,70.78,71.21,509283
2019-11-27,71.17,71.17,70.31,70.72,394257
2019-11-28,70.81,70.97,70.04,70.21,358095
2019-11-29,70.2,70.55,68.5,69.43,570944
2019-12-02,69.5,69.79,68.82,69.1,386008
2019-12-03,68.99,70.09,68.6,70.08,394270
2019-12-04,69.41,69.94,69.18,69.88,262024
2019-12-05,70.32,70.81,69.89,70.48,342535
2019-12-06,70.71,70.76,70.14,70.55,272110
2019-12-09,70.57,70.7,69.15,69.46,460460
2019-12-10,69.32,69.69,69.11,69.4,295541
2019-12-11,69.61,70.0,69.21,69.85,367933
2019-12-12,70.24,70.45,69.81,69.85,366466
2019-12-13,70.99,72.58,70.89,72.58,774733
2019-12-16,71.41,71.66,70.71,71.45,779673
2019-12-17,71.49,72.65,71.06,71.94,758246
2019-12-18,71.9,72.26,71.62,71.79,453753
2019-12-19,71.93,71.99,71.09,71.51,330822
2019-12-20,71.58,72.12,71.31,71.34,358309
2019-12-23,71.76,71.78,70.06,70.1,457182
2019-12-24,70.04,70.41,69.86,70.27,292204
2019-12-25,70.21,70.32,69.62,69.74,316230
2019-12-26,69.81,70.24,69.71,70.24,286528
2019-12-27,70.25,71.47,70.23,70.53,492829
2019-12-30,70.57,71.83,69.73,71.7,676188
2019-12-31,71.56,71.72,70.82,71.27,432036
2020-01-02,71.71,72.6,71.69,71.93,778252
2020-01-03,72.62,72.69,71.71,72.01,594980
2020-01-06,71.73,72.68,71.31,71.41,636448
2020-01-07,71.82,72.27,71.48,71.96,452188
2020-01-08,71.79,71.79,70.31,70.81,628053
2020-01-09,71.39,71.42,70.5,70.85,598712
2020-01-10,71.16,71.2,70.42,70.59,525865
2020-01-13,70.82,72.28,70.59,72.26,810589
2020-01-14,73.01,73.63,72.49,72.64,716682
2020-01-15,72.62,72.93,71.49,71.62,526217
2020-01-16,72.12,72.18,71.36,71.36,498579
2020-01-17,71.96,72.71,71.66,72.06,555370
2020-01-20,74.11,74.51,73.16,73.41,936051
2020-01-21,72.81,73.1,71.41,71.41,727579
2020-01-22,70.81,71.29,69.64,71.03,736577
2020-01-23,69.82,70.37,68.29,69.3,1080021
2020-02-03,62.32,65.06,62.21,63.52,2031499
2020-02-04,64.11,66.78,64.01,66.24,1213481
2020-02-05,66.37,67.14,65.57,66.19,753197
2020-02-06,66.99,67.78,66.19,67.33,672190
2020-02-07,66.41,67.01,66.23,66.84,491631
2020-02-10,66.16,66.45,65.71,66.11,593604
2020-02-11,66.7,67.67,66.31,66.94,584322
2020-02-12,66.91,67.27,66.36,67.01,444339
2020-02-13,67.01,67.01,66.17,66.26,562604
2020-02-14,66.18,67.07,66.02,66.81,428765
2020-02-17,66.81,68.3,66.51,68.2,678119
2020-02-18,67.62,67.92,67.25,67.36,513200
2020-02-19,66.84,68.05,66.82,67.51,460474
2020-02-20,67.81,69.42,67.16,69.09,833043
2020-02-21,68.31,69.04,67.81,68.19,1093906
2020-02-24,66.81,67.11,66.31,66.53,1035103
2020-02-25,65.61,66.13,65.32,66.0,869001
2020-02-26,65.26,66.57,64.92,65.64,844167
2020-02-27,65.41,66.21,65.11,65.6,666793
2020-02-28,64.41,65.1,63.52,63.53,983923
2020-03-02,64.13,66.01,64.13,65.39,712323
2020-03-03,66.29,66.38,65.07,65.3,678238
2020-03-04,65.71,66.56,65.71,66.39,677575
2020-03-05,66.82,68.57,66.43,68.26,960643
2020-03-06,67.38,67.73,66.61,66.72,584186
2020-03-09,64.72,64.81,63.83,63.95,1055083
2020-03-10,63.95,65.59,63.64,64.99,717006
2020-03-11,64.99,65.06,63.96,63.96,591404
2020-03-12,63.06,63.29,62.34,62.46,901291
2020-03-13,57.95,61.79,57.91,60.52,1166157
2020-03-16,60.31,60.33,57.61,57.81,979173
2020-03-17,57.46,58.81,56.7,57.95,950923
2020-03-18,58.34,58.69,55.66,55.68,852181
2020-03-19,54.91,55.68,52.13,53.62,1236761
2020-03-20,54.52,55.21,53.16,54.81,887269
2020-03-23,51.81,53.31,51.81,52.57,684080
2020-03-24,53.76,54.86,53.63,54.76,791633
2020-03-25,56.41,57.04,55.69,56.16,928186
2020-03-26,55.29,56.81,55.16,56.0,549870
2020-03-27,57.06,57.1,55.53,55.53,603084
2020-03-30,54.41,55.2,54.26,54.96,467956
2020-03-31,55.92,56.16,54.82,54.98,425368
2020-04-01,54.81,56.28,54.71,55.13,556929
2020-04-02,54.21,55.48,53.57,55.48,512029
2020-04-03,54.91,55.07,54.22,54.67,420254
2020-04-07,55.89,56.11,55.37,55.78,619348
2020-04-08,55.38,55.61,55.13,55.2,362459
2020-04-09,55.46,55.77,55.19,55.45,368308
2020-04-10,55.46,58.24,55.19,56.8,766250
2020-04-13,56.26,56.6,55.81,55.94,355170
2020-04-14,56.49,56.98,56.06,56.83,429697
2020-04-15,56.88,57.19,56.46,56.66,381515
2020-04-16,56.31,56.52,55.97,56.19,282943
2020-04-17,56.91,59.13,56.6,58.21,903679
2020-04-20,58.7,59.61,57.91,59.31,654194
2020-04-21,58.86,59.29,57.32,58.18,568984
2020-04-22,57.81,57.88,57.29,57.88,377673
2020-04-23,58.2,58.61,57.63,57.97,329666
2020-04-24,56.84,56.84,56.11,56.31,667116
2020-04-27,56.43,57.42,56.43,57.01,481528
2020-04-28,57.31,58.49,56.78,58.19,613874
2020-04-29,58.19,60.01,58.19,59.81,531156
2020-04-30,60.27,61.11,60.02,60.27,486255
2020-05-06,59.11,59.79,58.71,59.62,629168
2020-05-07,59.51,59.51,58.62,59.04,403123
2020-05-08,59.91,60.4,59.17,60.08,404720
2020-05-11,60.22,61.91,60.22,61.01,495757
2020-05-12,61.01,61.44,60.58,61.04,415450
2020-05-13,60.71,61.04,59.76,60.45,288970
2020-05-14,60.11,60.11,59.28,59.34,349715
2020-05-15,59.72,60.21,59.29,59.34,317507
2020-05-18,59.31,60.09,58.8,59.31,308463
2020-05-19,60.29,60.71,59.72,60.01,341583
2020-05-20,60.11,60.3,59.61,60.06,274835
2020-05-21,60.31,60.41,59.47,59.49,312686
2020-05-22,59.17,59.21,57.21,57.23,577194
2020-05-25,57.11,57.19,56.11,57.14,417101
2020-05-26,58.1,58.11,57.43,57.62,271128
2020-05-27,57.83,58.69,57.63,57.76,287152
2020-05-28,57.79,59.1,57.79,58.62,414260
2020-05-29,58.01,58.41,57.59,57.82,268441
2020-06-01,58.51,59.34,58.34,59.27,457673
2020-06-02,59.13,61.64,59.12,61.39,810523
2020-06-03,62.11,63.8,62.11,62.12,991488
2020-06-04,62.53,62.82,61.69,62.25,453880
2020-06-05,62.25,62.55,61.51,62.41,349808
2020-06-08,62.81,64.33,62.81,63.83,766974
2020-06-09,63.84,64.29,63.43,63.61,388517
2020-06-10,63.69,63.81,62.58,62.69,345453
2020-06-11,62.32,62.58,60.91,61.33,586113
2020-06-12,60.21,61.26,60.08,61.26,488259
2020-06-15,60.79,60.89,59.56,59.65,551304
2020-06-16,60.71,60.79,60.25,60.57,341905
2020-06-17,60.31,60.49,59.71,60.12,325896
2020-06-18,59.96,60.88,59.49,60.51,418632
2020-06-19,60.55,61.2,60.11,60.53,635990
2020-06-22,60.11,61.03,59.72,59.88,671831
2020-06-23,59.61,59.71,58.78,59.07,779636
2020-06-24,59.36,59.96,59.12,59.37,605136
2020-06-29,59.18,59.37,57.91,58.12,714838
2020-06-30,58.47,58.89,58.11,58.51,451503
2020-07-01,58.7,60.61,58.31,60.61,967560
2020-07-02,60.39,63.12,60.11,63.11,1474467
2020-07-03,63.26,65.6,63.25,65.07,1703820
2020-07-06,66.23,71.99,66.23,71.23,2806695
2020-07-07,74.11,74.71,70.31,70.33,2222041
2020-07-08,71.22,74.11,70.96,72.8,1696390
2020-07-09,73.41,73.91,72.01,73.03,1424597
2020-07-10,72.12,72.48,69.22,69.45,1466620
2020-07-13,69.02,70.77,68.62,69.47,1179516
2020-07-14,69.48,70.34,67.72,68.41,988558
2020-07-15,69.26,69.5,67.23,67.33,922768
2020-07-16,68.41,69.08,65.21,65.33,1318170
2020-07-17,66.11,66.5,64.42,65.13,875035
2020-07-20,66.16,69.93,66.16,69.91,1377548
2020-07-21,70.06,70.31,67.48,67.87,904775
2020-07-22,67.32,68.96,66.55,67.04,877513
2020-07-23,66.11,66.99,65.13,66.11,782100
2020-07-24,65.99,66.0,63.49,64.11,1072693
2020-07-27,64.39,64.9,62.81,63.54,734799
2020-07-28,64.1,64.41,63.06,63.49,639859
2020-07-29,63.11,65.11,62.86,64.41,702865
2020-07-30,64.5,64.54,63.13,63.14,646243
2020-07-31,63.11,64.36,62.31,63.01,748520
2020-08-03,63.46,63.79,62.89,63.55,855248
2020-08-04,63.92,66.46,63.31,65.78,1481462
2020-08-05,65.05,65.06,63.71,64.24,787806
2020-08-06,64.11,65.0,63.32,64.26,647563
2020-08-07,64.07,64.78,63.12,63.44,549809
2020-08-10,63.13,64.8,62.93,64.12,700073
2020-08-11,64.56,65.79,63.62,63.88,775309
2020-08-12,63.91,64.57,63.51,64.27,586013
2020-08-13,64.61,64.71,63.62,63.71,421355
2020-08-14,63.58,65.6,63.45,65.3,632474
2020-08-17,65.34,69.68,65.34,68.21,1739400
2020-08-18,67.91,68.01,66.51,66.86,842506
2020-08-19,66.71,67.22,65.28,65.28,564734
2020-08-20,65.21,65.21,64.26,64.71,498422
2020-08-21,65.41,65.87,64.66,65.36,424459
2020-08-24,66.06,66.11,64.74,64.91,472804
2020-08-25,65.11,65.99,64.71,65.22,530479
2020-08-26,65.11,65.16,63.71,63.91,542775
2020-08-27,64.26,64.28,63.11,63.65,448834
2020-08-28,63.58,65.32,62.96,65.0,765028
2020-08-31,65.0,65.91,63.69,63.73,723130
2020-09-01,63.19,63.7,63.11,63.49,471251
2020-09-02,63.72,63.91,62.71,63.04,556377
2020-09-03,63.1,63.53,62.26,62.5,599837
2020-09-04,61.91,62.21,61.66,61.93,478256
2020-09-07,61.93,63.36,61.86,62.17,633251
2020-09-08,63.09,64.57,62.81,64.25,866030
2020-09-09,63.49,64.66,63.44,63.59,523982
2020-09-10,64.07,64.45,63.51,63.63,530354
2020-09-11,63.52,64.61,63.27,64.32,462178
2020-09-14,64.73,66.21,64.73,65.66,729992
2020-09-15,65.66,67.59,64.66,67.02,1014350
2020-09-16,67.2,67.4,66.35,66.51,467948
2020-09-17,67.02,67.69,66.61,66.91,668306
2020-09-18,67.51,70.97,67.39,70.8,1776008
2020-09-21,70.81,70.99,68.84,68.84,845314
2020-09-22,67.61,68.64,66.91,66.98,679381
2020-09-23,67.41,67.48,66.35,66.47,362116
2020-09-24,66.1,66.41,64.91,64.98,608373
2020-09-25,65.77,65.79,64.91,65.5,356684
2020-09-28,65.5,66.5,65.32,65.86,371774
2020-09-29,66.4,66.41,64.61,64.71,519920
2020-09-30,64.81,65.35,63.92,64.17,476258
2020-10-09,65.18,66.36,65.17,65.81,474288
2020-10-12,66.26,69.06,66.22,68.77,869929
2020-10-13,68.58,69.76,67.87,69.29,564429
2020-10-14,69.41,69.42,68.41,69.29,500396
2020-10-15,69.31,70.77,69.21,69.31,555022
2020-10-16,69.71,70.8,69.41,69.91,607033
2020-10-19,70.58,72.29,69.72,69.76,917424
2020-10-20,69.66,69.91,69.02,69.14,413186
2020-10-21,69.66,70.49,69.18,70.31,492492
2020-10-22,70.43,70.79,68.19,70.01,466971
2020-10-23,70.03,72.74,70.03,71.41,938809
2020-10-26,71.51,72.28,69.09,70.11,596325
2020-10-27,69.69,70.11,68.91,68.98,559257
2020-10-28,68.42,68.97,66.97,67.49,769797
2020-10-29,65.99,67.8,65.93,66.57,727554
2020-10-30,66.56,67.36,65.55,65.74,764599
2020-11-02,66.41,66.72,64.92,65.14,638720
2020-11-03,65.68,67.25,65.31,67.07,615433
2020-11-04,66.69,67.76,66.51,67.41,434671
2020-11-05,68.26,69.59,68.11,68.85,537095
2020-11-06,69.01,69.66,68.43,69.21,510389
2020-11-09,70.41,71.41,70.21,70.89,809965
2020-11-10,72.15,72.66,70.96,71.11,789003
2020-11-11,71.11,71.94,70.56,71.43,542825
2020-11-12,71.66,72.38,69.71,70.18,490544
2020-11-13,68.99,69.61,67.54,68.25,707942
2020-11-16,68.6,71.17,68.6,71.01,701434
2020-11-17,71.01,72.63,70.91,71.94,825064
2020-11-18,72.31,74.09,72.24,73.28,969658
2020-11-19,73.11,73.66,72.42,73.33,549005
2020-11-20,73.21,73.22,71.81,72.45,452986
2020-11-23,72.91,74.35,72.56,74.13,783776
2020-11-24,74.21,74.9,72.6,72.91,499930
2020-11-25,73.9,76.46,73.88,75.16,1223689
2020-11-26,74.92,77.3,74.56,77.06,909240
2020-11-27,77.41,78.17,76.42,78.01,747955
2020-11-30,78.91,82.53,77.94,77.94,1539196
2020-12-01,78.61,81.29,77.56,81.29,854206
2020-12-02,81.29,81.76,80.0,80.76,650688
2020-12-03,80.7,81.34,79.12,79.78,509917
2020-12-04,79.96,80.44,78.1,80.1,489295
2020-12-07,80.69,80.89,76.93,78.29,627788
2020-12-08,77.91,78.66,75.71,75.96,863340
2020-12-09,76.41,77.39,75.7,75.78,525005
2020-12-10,75.91,76.6,75.06,75.59,405753
2020-12-11,76.41,76.81,73.37,74.01,714942
2020-12-14,74.56,76.07,74.41,75.6,583862
2020-12-15,74.9,74.9,73.28,74.21,633104
2020-12-16,74.51,75.39,73.86,74.75,470705
2020-12-17,74.87,76.97,74.44,76.89,685463
2020-12-18,76.71,77.16,75.03,75.7,499816
2020-12-21,74.91,75.66,73.92,74.96,599733
2020-12-22,74.95,74.95,71.66,72.06,985960
2020-12-23,72.13,73.3,71.68,72.76,550371
2020-12-24,73.21,73.26,71.6,72.11,524791
2020-12-25,71.51,71.51,69.77,71.11,691408
2020-12-28,71.36,73.1,70.76,72.53,635199
2020-12-29,72.86,73.99,72.6,73.41,519316
2020-12-30,73.11,73.79,72.09,73.79,565707
2020-12-31,73.5,75.59,73.5,74.89,795809
2021-01-04,74.82,74.86,72.01,73.09,1036431
2021-01-05,72.41,72.41,70.76,72.18,1054786
2021-01-06,72.2,73.65,71.46,73.65,937598
2021-01-07,73.78,74.67,72.21,74.17,1069687
2021-01-08,74.13,75.17,73.12,74.01,1169368
2021-01-11,74.11,74.51,71.91,71.94,1098602
2021-01-12,71.79,75.73,71.24,75.73,1467556
2021-01-13,76.71,77.19,74.74,75.45,1390943
2021-01-14,76.31,76.43,72.79,73.18,1379274
2021-01-15,73.85,76.56,73.18,74.81,1587085
2021-01-18,74.91,75.56,73.21,75.11,1162420
2021-01-19,75.49,76.06,73.95,74.71,1103328
2021-01-20,75.03,75.24,72.82,73.11,1319776
2021-01-21,73.27,73.32,71.71,72.35,1393055
2021-01-22,72.91,73.06,71.43,71.71,1162752
2021-01-25,71.61,72.79,70.49,72.79,1279801
2021-01-26,72.41,72.79,70.79,70.91,1051397
2021-01-27,70.89,71.82,70.49,70.95,682738
2021-01-28,70.11,70.49,68.56,68.83,1061087
2021-01-29,68.81,69.35,66.41,66.99,1269800
2021-02-01,67.01,67.65,66.28,67.18,724901
2021-02-02,67.19,67.36,65.86,66.09,988364
2021-02-03,65.65,65.65,63.21,64.45,1343843
2021-02-04,65.91,68.23,65.61,67.53,1416548
2021-02-05,67.91,68.19,66.52,67.63,845572
2021-02-08,67.64,68.34,66.19,66.48,796547
2021-02-09,66.47,66.47,64.71,66.04,914122
2021-02-10,65.81,67.72,65.4,67.16,919687
2021-02-18,69.41,70.77,68.8,70.29,1466782
2021-02-19,69.91,72.47,69.59,72.11,1240618
2021-02-22,72.16,73.2,70.49,70.91,1130341
2021-02-23,70.43,73.1,70.41,72.23,1016600
2021-02-24,71.41,73.67,70.41,71.69,1173555
2021-02-25,72.43,76.19,71.26,75.05,1897490
2021-02-26,73.71,75.04,73.09,73.09,1180455
2021-03-01,73.91,74.29,71.75,72.75,823008
2021-03-02,72.75,72.86,70.51,71.14,852274
2021-03-03,70.61,74.85,70.54,74.66,1166971
2021-03-04,73.91,75.36,73.71,74.21,949746
2021-03-05,73.4,74.2,71.25,72.41,814176
2021-03-08,73.11,75.69,72.66,72.86,1050357
2021-03-09,73.41,74.17,71.71,71.96,982175
2021-03-10,72.53,72.54,71.03,71.19,648001
2021-03-11,71.81,74.27,71.71,74.27,912521
2021-03-12,74.42,74.51,73.04,73.46,646812
2021-03-15,73.27,73.41,72.12,73.02,545513
2021-03-16,73.21,73.51,72.32,73.31,543540
2021-03-17,72.91,72.91,70.32,70.45,1064785
2021-03-18,70.21,70.69,68.98,69.33,803121
2021-03-19,69.11,69.21,67.42,67.55,961024
2021-03-22,67.9,68.18,67.44,67.73,542731
2021-03-23,67.8,68.51,67.03,67.96,511169
2021-03-24,67.9,68.21,66.62,66.92,633158
2021-03-25,67.14,67.57,66.9,67.11,436506
2021-03-26,67.49,68.21,67.47,67.92,453485
2021-03-29,67.91,68.01,66.71,67.04,632345
2021-03-30,67.11,67.28,66.51,67.28,511060
2021-03-31,67.41,67.46,66.49,66.61,483585
2021-04-01,66.71,67.19,66.66,67.11,360713
2021-04-02,67.11,67.11,66.49,66.79,469319
2021-04-06,66.83,67.36,66.6,66.94,351736
2021-04-07,67.28,67.28,66.09,66.36,475012
2021-04-08,66.34,66.9,65.92,66.54,374048
2021-04-09,66.52,66.53,64.89,65.07,688011
2021-04-12,65.06,65.41,64.53,65.07,453366
2021-04-13,65.38,65.73,64.11,64.47,552503
2021-04-14,64.9,65.39,64.71,65.06,380790
2021-04-15,64.06,64.31,63.09,63.72,793582
2021-04-16,63.7,63.79,62.91,63.61,551743
2021-04-19,63.36,64.1,62.91,64.09,653676
2021-04-20,63.96,64.06,63.39,63.91,492485
2021-04-21,63.52,63.77,63.19,63.53,417549
2021-04-22,64.21,64.24,63.29,63.68,560654
2021-04-23,63.68,64.89,63.19,63.57,867845
2021-04-26,63.33,63.34,62.07,62.2,1061930
2021-04-27,62.03,62.77,61.34,62.58,759693
2021-04-28,62.31,62.42,61.7,62.12,570627
2021-04-29,62.12,63.27,61.87,63.13,544416
2021-04-30,63.29,63.29,61.67,61.81,524630
2021-05-06,60.51,61.11,59.67,59.84,920095
2021-05-07,60.06,60.4,59.33,59.41,561462
2021-05-10,59.49,59.8,58.81,59.34,524570
2021-05-11,59.16,59.84,58.68,59.59,509532
2021-05-12,59.31,59.83,58.97,59.24,409957
2021-05-13,58.8,59.14,58.19,58.45,506448
2021-05-14,58.71,60.49,58.35,60.49,818772
2021-05-17,59.71,60.13,59.31,59.68,633004
2021-05-18,59.99,60.7,59.76,60.21,418073
2021-05-19,60.01,60.01,59.2,59.28,465850
2021-05-20,59.31,60.28,58.93,60.03,422472
2021-05-21,60.31,60.69,59.32,59.36,413836
2021-05-24,59.31,59.68,58.96,59.25,350922
2021-05-25,59.4,62.05,59.02,61.77,1213832
2021-05-26,62.4,62.55,61.49,61.69,712396
2021-05-27,61.67,62.44,61.11,62.21,581008
2021-05-28,62.11,62.81,61.81,62.28,510113
2021-05-31,61.96,62.11,60.78,61.11,624834
2021-06-01,61.0,61.0,60.21,60.44,593727
2021-06-02,60.69,60.7,59.62,60.18,481098
2021-06-03,60.21,60.81,59.81,59.99,409516
2021-06-04,59.71,60.89,59.65,60.16,514868
2021-06-07,59.91,59.99,59.37,59.59,386739
2021-06-08,59.58,60.24,59.26,59.72,407017
2021-06-09,59.61,60.26,59.51,59.61,401958
2021-06-10,59.58,60.1,59.31,59.32,524611
2021-06-11,59.32,59.49,58.57,58.71,630324
2021-06-15,58.32,58.37,56.26,56.38,1077557
2021-06-16,56.32,57.06,56.12,56.31,527270
2021-06-17,56.32,56.5,55.33,55.56,548040
2021-06-18,55.31,55.31,54.31,54.41,857072
2021-06-21,53.8,53.96,53.07,53.47,810854
2021-06-22,53.81,54.61,53.48,54.04,620127
2021-06-23,54.06,55.28,54.04,55.13,586873
2021-06-24,55.15,55.69,54.79,55.27,417900
2021-06-25,55.34,56.09,55.02,55.99,535654
2021-06-28,55.99,56.0,54.51,54.91,510134
2021-06-29,54.66,54.71,53.61,53.69,549668
2021-06-30,53.51,54.05,53.11,53.59,476369
2021-07-01,53.57,54.48,52.89,54.07,692617
2021-07-02,53.34,53.38,51.41,51.61,1028082
2021-07-05,51.3,51.59,50.44,51.22,750647
2021-07-06,51.73,52.45,51.16,52.21,685813
2021-07-07,52.0,52.72,51.4,51.68,523168
2021-07-08,51.68,51.68,49.83,50.09,837559
2021-07-09,49.79,50.46,49.12,49.4,707616
2021-07-12,49.62,49.79,48.63,48.71,818989
2021-07-13,48.71,49.19,48.36,49.01,513337
2021-07-14,48.96,48.96,47.09,47.22,1065618
2021-07-15,47.6,49.5,47.3,49.29,1085886
2021-07-16,49.0,49.6,48.19,49.01,578204
2021-07-19,49.19,49.19,47.36,48.66,666501
2021-07-20,48.1,48.51,47.44,47.77,449310
2021-07-21,47.46,48.15,47.21,47.39,587044
2021-07-22,47.16,48.38,46.82,47.85,636614
2021-07-23,47.81,48.08,46.93,46.95,593255
2021-07-26,46.4,46.4,43.64,43.81,1174865
2021-07-27,43.81,43.99,41.67,41.98,939011
2021-07-28,42.01,42.9,41.82,42.42,838366
2021-07-29,42.96,42.99,42.06,42.56,768004
2021-07-30,42.44,43.46,41.91,42.98,650888
2021-08-02,42.81,44.29,41.8,43.32,971611
2021-08-03,43.19,43.72,42.89,43.55,658203
2021-08-04,43.61,43.61,42.64,42.91,646660
2021-08-05,42.82,44.81,42.66,43.51,843221
2021-08-06,42.76,43.15,42.36,42.98,502411
2021-08-09,42.51,45.17,42.41,44.43,918821
2021-08-10,44.16,45.2,43.49,45.04,763656
2021-08-11,45.04,46.1,44.75,45.11,822020
2021-08-12,45.04,45.2,43.95,44.05,573070
2021-08-13,43.59,44.28,43.31,43.62,484718
2021-08-16,43.31,44.61,43.21,44.24,460096
2021-08-17,44.0,45.01,43.49,43.52,690262
2021-08-18,43.33,45.42,43.08,45.35,963666
2021-08-19,44.9,45.07,42.97,43.02,1148606
2021-08-20,42.42,42.97,42.12,42.32,675607
2021-08-23,42.32,42.77,41.91,42.01,594912
2021-08-24,41.61,42.05,40.7,41.11,946597
2021-08-25,41.23,41.53,40.77,40.89,610596
2021-08-26,40.81,40.81,39.6,39.61,886814
2021-08-27,40.36,41.64,40.35,41.31,1017819
2021-08-30,41.31,41.31,39.66,40.02,959487
2021-08-31,39.51,39.78,38.19,39.21,1586783
2021-09-01,39.09,41.36,38.92,40.8,1631600
2021-09-02,40.32,41.05,39.98,40.86,878586
2021-09-03,40.87,41.82,40.01,41.02,902603
2021-09-06,41.0,41.46,40.49,40.89,883020
2021-09-07,40.93,41.85,40.39,41.65,947374
2021-09-08,41.31,41.94,40.99,41.26,843992
2021-09-09,40.71,41.03,40.32,40.93,734908
2021-09-10,40.66,41.81,40.59,41.02,845491
2021-09-13,40.79,40.9,40.37,40.43,669800
2021-09-14,40.75,40.89,39.12,39.17,1082662
2021-09-15,38.81,39.19,38.61,38.78,645423
2021-09-16,38.63,39.29,38.52,38.82,591156
2021-09-17,38.71,39.09,37.53,37.99,927214
2021-09-22,36.81,37.39,36.61,37.09,723930
2021-09-23,37.81,38.66,37.32,37.53,758045
2021-09-24,37.54,38.19,37.21,37.39,843584
2021-09-27,37.21,38.55,37.13,38.31,990081
2021-09-28,38.3,38.94,37.83,38.57,779507
2021-09-29,38.08,38.85,37.83,38.5,631295
2021-09-30,38.61,38.61,37.54,37.67,680070
2021-10-08,39.81,41.41,39.42,41.41,2180028
2021-10-11,41.41,42.7,41.25,42.05,1504500
2021-10-12,41.36,42.35,40.99,41.57,944656
2021-10-13,41.41,41.5,40.21,41.06,649889
2021-10-14,41.01,41.31,40.51,40.72,427006
2021-10-15,40.44,40.89,39.93,40.19,733017
2021-10-18,40.39,40.55,38.99,39.17,771971
2021-10-19,39.16,41.16,39.01,40.76,847527
2021-10-20,41.01,41.35,40.1,40.68,668239
2021-10-21,40.86,44.19,40.82,43.59,2110058
2021-10-22,43.99,44.16,42.91,43.6,1026330
2021-10-25,43.39,43.56,42.64,43.4,754447
2021-10-26,43.4,44.17,42.29,42.36,748825
2021-10-27,42.16,42.84,41.73,41.84,589052
2021-10-28,40.92,41.6,40.24,41.49,850619
2021-10-29,41.01,41.42,39.43,39.76,1466627
2021-11-01,39.19,40.64,38.94,40.31,628761
2021-11-02,40.4,40.86,39.41,40.2,782725
2021-11-03,40.19,40.94,40.04,40.24,476763
2021-11-04,40.09,40.33,39.72,39.89,532053
2021-11-05,39.89,40.53,39.78,40.12,416655
2021-11-08,40.08,40.89,39.56,40.59,531724
2021-11-09,40.67,41.02,39.79,39.88,640511
2021-11-10,39.69,39.75,38.52,39.32,816049
2021-11-11,39.3,41.35,39.19,41.34,1110858
2021-11-12,41.32,41.32,40.34,40.8,585959
2021-11-15,41.04,41.39,40.42,40.79,442091
2021-11-16,40.79,41.13,40.19,40.55,477438
2021-11-17,40.18,40.72,40.07,40.24,351532
2021-11-18,40.09,40.1,39.7,39.7,423325
2021-11-19,39.59,40.3,39.44,40.15,428290
2021-11-22,40.04,40.13,39.74,39.9,340051
2021-11-23,39.87,40.36,39.68,39.81,402241
2021-11-24,39.81,40.19,39.54,39.94,361961
2021-11-25,39.95,39.95,39.55,39.59,407411
2021-11-26,39.43,39.45,38.9,38.91,589023
2021-11-29,38.68,39.04,38.51,38.85,404273
2021-11-30,38.7,39.02,38.36,38.41,466947
2021-12-01,38.46,39.17,38.46,39.06,422137
2021-12-02,38.8,39.33,38.61,39.07,383301
2021-12-03,39.17,39.44,38.67,39.18,427489
2021-12-06,39.29,39.94,39.29,39.34,610369
2021-12-07,39.69,40.69,39.4,40.58,1011502
2021-12-08,40.58,40.59,40.09,40.53,653544
2021-12-09,40.55,42.02,40.32,41.5,1249296
2021-12-10,41.19,41.68,41.09,41.41,737707
2021-12-13,41.85,42.69,41.31,41.34,918581
2021-12-14,41.09,41.54,40.89,41.04,587334
2021-12-15,40.98,41.27,40.72,40.89,363833
2021-12-16,40.98,41.48,40.69,41.39,514366
2021-12-17,41.21,41.59,40.57,40.73,539670
2021-12-20,40.43,41.04,40.39,40.47,428442
2021-12-21,40.48,41.33,40.47,41.03,393979
2021-12-22,41.12,41.19,40.32,40.37,425405
2021-12-23,40.38,40.59,39.94,40.41,404979
2021-12-24,40.38,40.39,39.91,40.01,312935
2021-12-27,40.15,40.39,40.06,40.17,274701
2021-12-28,40.49,41.32,40.29,41.06,617359
2021-12-29,41.29,41.35,40.71,41.0,376469
2021-12-30,41.09,41.18,40.6,40.6,427880
2021-12-31,40.62,41.04,40.34,40.6,358000
2022-01-04,40.59,41.25,40.29,41.19,635838
2022-01-05,41.3,42.59,41.16,42.26,1181247
2022-01-06,42.18,42.21,41.41,41.49,661658
2022-01-07,41.68,43.52,41.64,43.13,1230760
2022-01-10,43.18,43.75,42.69,43.27,761134
2022-01-11,43.36,43.93,42.73,43.05,680920
2022-01-12,42.79,43.0,42.05,42.69,572923
2022-01-13,42.74,43.87,42.49,42.49,728663
2022-01-14,42.54,42.69,41.25,41.29,779397
2022-01-17,41.3,41.62,40.94,41.13,460567
2022-01-18,41.13,41.78,40.79,41.42,636980
2022-01-19,41.49,42.03,41.3,41.64,483316
2022-01-20,41.69,43.71,41.64,43.59,1448359
2022-01-21,43.69,43.99,43.19,43.74,1041895
2022-01-24,43.72,43.72,42.72,43.32,542641
2022-01-25,42.79,43.09,41.29,41.39,776662
2022-01-26,41.87,42.38,41.41,42.02,483275
2022-01-27,41.69,41.69,40.96,40.98,586502
2022-01-28,41.21,41.54,39.99,40.16,729355
2022-02-07,41.53,42.66,40.89,42.17,940417
2022-02-08,41.95,43.22,41.91,43.19,866116
2022-02-09,43.43,44.19,43.07,43.23,880435
2022-02-10,43.37,44.37,42.99,44.37,962787
2022-02-11,44.54,46.42,44.27,45.78,1583777
2022-02-14,45.2,45.49,43.87,44.09,944654
2022-02-15,43.74,44.09,43.1,43.47,635406
2022-02-16,43.69,44.37,43.47,44.03,523210
2022-02-17,44.29,44.82,43.55,43.84,504904
2022-02-18,43.79,44.79,43.63,44.69,484226
2022-02-21,44.29,44.44,43.7,44.35,387928
2022-02-22,43.71,43.79,42.9,43.26,577499
2022-02-23,43.29,43.49,42.88,43.08,463602
2022-02-24,42.34,42.44,41.28,41.65,975396
2022-02-25,41.89,42.25,41.4,41.59,544416
2022-02-28,41.29,41.29,40.44,40.95,731883
2022-03-01,41.2,41.59,40.76,41.58,568036
2022-03-02,41.09,41.42,40.89,40.95,436923
2022-03-03,40.99,41.38,40.89,41.11,352676
2022-03-04,40.66,40.67,40.15,40.29,700865
2022-03-07,39.81,39.81,38.85,39.07,784597
2022-03-08,38.91,39.25,37.49,37.66,834403
2022-03-09,37.8,38.12,35.69,37.11,825545
2022-03-10,38.14,38.23,37.05,37.1,587753
2022-03-11,36.19,37.59,35.89,37.33,667078
2022-03-14,36.19,36.76,35.96,36.0,592578
2022-03-15,35.24,35.39,32.74,32.84,1269379
2022-03-16,33.48,34.84,32.52,34.48,1009694
2022-03-17,35.69,36.39,34.94,35.69,1095722
2022-03-18,35.24,38.57,35.11,38.12,1552323
2022-03-21,37.96,37.96,36.82,37.23,949519
2022-03-22,36.69,38.05,36.64,37.99,742112
2022-03-23,37.75,38.35,37.34,38.09,577029
2022-03-24,37.72,38.91,37.59,38.44,610757
2022-03-25,38.2,38.98,37.77,37.82,559938
2022-03-28,37.59,38.31,37.12,38.04,393686
2022-03-29,38.14,38.39,37.34,37.4,322357
2022-03-30,37.74,39.02,37.64,38.89,575427
2022-03-31,38.59,39.44,38.49,38.64,423498
2022-04-01,38.49,39.3,38.3,39.15,473677
2022-04-06,39.24,40.11,39.19,39.73,640053
2022-04-07,39.39,39.71,38.48,38.67,501130
2022-04-08,38.54,39.44,38.54,39.43,434732
2022-04-11,39.1,39.17,37.71,37.81,506405
2022-04-12,38.05,39.07,37.67,38.66,467396
2022-04-13,38.44,38.57,37.87,38.01,317751
2022-04-14,38.56,38.71,38.09,38.38,358849
2022-04-15,38.19,38.93,38.09,38.49,314115
2022-04-18,38.18,38.18,37.02,37.19,405375
2022-04-19,37.24,37.46,36.32,36.63,369543
2022-04-20,36.84,36.98,36.02,36.1,380610
2022-04-21,36.07,37.37,36.0,36.41,549044
2022-04-22,36.2,37.16,36.1,36.65,397326
2022-04-25,35.19,36.37,34.89,35.04,673920
2022-04-26,35.03,35.37,33.7,33.78,638924
2022-04-27,33.6,34.39,33.37,34.1,531084
2022-04-28,33.98,34.1,33.35,33.85,525999
2022-04-29,33.99,35.31,33.79,34.75,516386
2022-05-05,34.98,35.77,34.94,35.21,428782
2022-05-06,34.64,35.17,34.19,34.25,372315
2022-05-09,34.27,34.6,34.06,34.54,256120
2022-05-10,34.04,34.87,33.89,34.66,404693
2022-05-11,34.63,35.2,34.4,34.92,607285
2022-05-12,34.54,34.77,34.04,34.19,427738
2022-05-13,34.37,34.69,33.78,34.15,412335
2022-05-16,34.34,34.4,33.37,33.55,468863
2022-05-17,33.69,34.07,33.46,34.01,401373
2022-05-18,34.18,34.29,33.55,33.82,352342
2022-05-19,33.29,33.63,33.22,33.48,282816
2022-05-20,33.59,34.55,33.59,34.5,549751
2022-05-23,34.34,34.46,33.88,34.08,359098
2022-05-24,33.99,34.3,33.3,33.33,393424
2022-05-25,33.22,33.69,33.21,33.42,263749
2022-05-26,33.5,33.74,33.14,33.34,400992
2022-05-27,33.6,34.04,33.59,33.72,387901
2022-05-30,34.12,34.55,33.91,34.34,522175
2022-05-31,34.42,34.97,34.19,34.39,540653
2022-06-01,34.44,34.74,34.1,34.36,328521
2022-06-02,33.99,34.22,33.74,34.19,340829
2022-06-06,34.18,34.46,33.52,34.45,543267
2022-06-07,34.45,34.57,34.14,34.34,431575
2022-06-08,34.44,34.9,34.25,34.78,529562
2022-06-09,34.89,35.22,34.66,34.81,532430
2022-06-10,34.54,35.19,34.27,35.13,565320
2022-06-13,34.69,34.79,34.21,34.33,537121
2022-06-14,34.09,35.44,33.99,35.41,628958
2022-06-15,35.19,38.75,35.1,37.84,1985892
2022-06-16,37.57,37.69,36.69,36.69,844931
2022-06-17,36.56,37.45,36.44,37.22,566704
2022-06-20,37.41,37.54,36.74,37.05,570615
2022-06-21,37.37,38.47,37.14,37.82,684569
2022-06-22,37.89,38.01,37.09,37.09,436907
2022-06-23,37.32,38.19,37.32,37.94,494265
2022-06-24,38.12,38.54,37.91,38.45,536724
2022-06-27,38.54,38.79,38.19,38.49,449858
2022-06-28,38.51,38.88,38.04,38.59,351707
2022-06-29,38.58,39.13,38.27,38.48,412772
2022-06-30,38.49,38.89,38.15,38.38,391853
2022-07-01,38.39,38.67,37.81,38.0,357568
2022-07-04,37.89,38.19,37.49,38.15,407130
2022-07-05,38.17,39.24,38.07,38.3,452569
2022-07-06,38.31,38.32,37.44,37.54,389561
2022-07-07,37.34,37.83,37.28,37.29,293722
2022-07-08,37.6,38.07,37.37,37.51,292283
2022-07-11,37.3,37.46,36.91,37.07,281135
2022-07-12,37.07,37.43,36.81,37.2,254055
2022-07-13,37.11,37.32,36.69,36.77,296588
2022-07-14,36.59,36.73,35.12,35.29,903044
2022-07-15,35.3,35.78,34.39,34.4,694042
2022-07-18,34.44,35.38,34.41,35.14,355244
2022-07-19,35.11,35.46,34.59,35.09,356106
2022-07-20,35.47,35.52,35.05,35.09,249566
2022-07-21,34.92,34.94,34.34,34.43,405568
2022-07-22,34.49,35.05,34.47,34.74,294356
2022-07-25,34.69,34.81,34.41,34.61,225135
2022-07-26,34.64,34.98,34.61,34.89,228474
2022-07-27,34.75,34.87,34.39,34.48,296399
2022-07-28,34.59,34.94,34.4,34.41,348750
2022-07-29,34.48,34.84,33.79,33.81,460704
2022-08-01,33.8,33.81,33.44,33.53,306551
2022-08-02,33.22,33.24,32.22,32.86,604008
2022-08-03,32.83,33.09,32.43,32.52,407852
2022-08-04,32.81,32.99,32.59,32.77,251163
2022-08-05,32.98,33.37,32.67,33.23,296710
2022-08-08,32.99,33.23,32.69,32.87,301594
2022-08-09,32.86,32.9,32.61,32.65,251397
2022-08-10,32.65,32.77,32.05,32.09,460089
2022-08-11,32.28,33.37,32.11,33.15,610701
2022-08-12,32.95,33.45,32.83,33.3,359933
2022-08-15,33.12,33.45,32.82,32.83,332769
2022-08-16,33.03,33.16,32.59,32.68,277390
2022-08-17,32.74,33.17,32.41,32.98,375722
2022-08-18,32.84,32.87,32.45,32.5,294080
2022-08-19,32.39,32.95,32.31,32.66,324629
2022-08-22,32.54,33.08,32.49,32.84,339719
2022-08-23,32.71,32.84,32.37,32.41,331480
2022-08-24,33.04,34.13,33.04,33.3,1157330
2022-08-25,33.54,34.92,33.37,34.79,1105726
2022-08-26,34.8,35.01,34.21,34.81,726726
2022-08-29,34.49,34.91,34.18,34.76,449893
2022-08-30,34.67,34.98,34.2,34.58,388929
2022-08-31,34.4,35.96,34.35,35.53,842238
2022-09-01,35.29,35.82,35.1,35.34,455213
2022-09-02,35.58,35.97,34.95,35.39,449145
2022-09-05,35.19,35.59,34.71,35.49,417491
2022-09-06,35.59,36.14,35.21,35.59,449772
2022-09-07,35.29,35.5,34.85,35.29,376411
2022-09-08,35.53,35.94,35.35,35.53,321298
2022-09-09,35.68,36.47,35.54,36.38,577867
2022-09-13,36.37,37.06,36.04,36.75,529663
2022-09-14,36.22,36.87,36.2,36.34,355084
2022-09-15,36.36,37.29,36.35,36.78,594442
2022-09-16,36.51,36.66,35.56,35.62,624920
2022-09-19,35.61,36.17,35.25,35.62,405383
2022-09-20,35.84,35.88,34.81,34.93,357650
2022-09-21,34.79,35.15,34.59,34.84,303537
2022-09-22,34.29,34.52,34.1,34.17,376230
2022-09-23,34.1,35.13,34.1,34.71,375326
2022-09-26,34.43,35.01,34.11,34.18,307124
2022-09-27,34.12,34.43,33.96,34.13,312291
2022-09-28,33.89,34.19,33.54,33.58,422044
2022-09-29,33.92,34.03,32.84,33.01,426558
2022-09-30,33.04,33.67,33.04,33.27,331619
2022-10-10,33.27,33.87,33.07,33.12,413876
2022-10-11,33.36,33.56,32.81,32.89,269317
2022-10-12,32.9,33.69,32.49,33.61,362473
2022-10-13,33.49,33.59,32.89,33.05,383846
2022-10-14,33.44,34.02,33.31,33.63,434417
2022-10-17,33.4,33.84,33.25,33.79,341425
2022-10-18,34.09,34.13,33.36,33.44,416357
2022-10-19,33.34,33.67,32.95,32.96,364361
2022-10-20,33.01,33.1,32.51,32.62,450214
2022-10-21,32.71,32.86,32.11,32.26,457377
2022-10-24,32.27,32.54,30.22,30.31,951252
2022-10-25,30.19,30.99,29.77,30.33,553549
2022-10-26,30.15,30.76,30.12,30.28,498395
2022-10-27,30.32,30.7,30.16,30.27,457497
2022-10-28,30.12,30.31,29.34,29.34,507692
2022-10-31,29.0,29.28,28.51,28.76,562034
2022-11-01,29.06,30.09,28.98,30.07,565665
2022-11-02,29.9,30.21,29.74,30.01,450385
2022-11-03,29.79,29.91,29.31,29.54,349335
2022-11-04,29.54,31.26,29.52,30.92,692055
2022-11-07,30.61,31.79,30.53,31.4,574810
2022-11-08,31.4,31.61,30.99,31.3,370483
2022-11-09,31.4,31.5,30.9,30.98,267687
2022-11-10,30.61,31.31,30.39,31.07,323175
2022-11-11,32.05,33.58,31.93,32.94,1046676
2022-11-14,34.27,34.73,33.82,34.21,1216680
2022-11-15,34.09,35.56,33.92,35.1,934424
2022-11-16,35.23,35.43,34.88,34.91,596528
2022-11-17,34.9,35.36,34.56,35.17,503980
2022-11-18,35.29,35.42,34.67,34.77,392464
2022-11-21,34.36,34.36,33.27,33.82,511185
2022-11-22,33.81,34.99,33.61,34.58,471814
2022-11-23,34.63,35.05,34.37,34.38,449620
2022-11-24,34.82,34.99,34.28,34.41,249076
2022-11-25,34.39,35.56,34.36,35.36,597960
2022-11-28,34.24,34.45,33.6,34.02,510315
2022-11-29,34.93,37.51,34.93,37.39,1753205
2022-11-30,37.43,38.78,37.21,37.56,1165016
2022-12-01,38.59,38.9,37.29,37.44,859327
2022-12-02,37.43,37.61,36.61,37.23,607787
2022-12-05,38.16,39.92,37.96,39.89,1380436
2022-12-06,39.89,40.29,39.35,40.05,878273
2022-12-07,40.05,40.09,38.98,39.31,831455
2022-12-08,38.99,39.81,38.91,39.76,448364
2022-12-09,39.68,40.49,39.31,40.21,709579
2022-12-12,39.81,39.89,38.69,38.78,656471
2022-12-13,39.07,39.7,38.91,39.31,423663
2022-12-14,39.69,39.72,38.75,39.5,346973
2022-12-15,39.41,39.7,38.41,39.04,404021
2022-12-16,38.72,39.62,38.68,39.51,421348
2022-12-19,39.51,39.88,38.06,38.38,505896
2022-12-20,38.17,38.49,37.19,37.54,495245
2022-12-21,37.71,38.21,37.55,37.87,297896
2022-12-22,38.61,38.79,38.26,38.49,353462
2022-12-23,38.14,38.62,37.93,38.25,306472
2022-12-26,38.25,38.49,37.27,37.27,403282
2022-12-27,37.88,38.56,37.64,38.19,347793
2022-12-28,38.04,39.06,37.91,38.89,456267
2022-12-29,38.56,38.62,37.72,38.43,469576
2022-12-30,38.61,39.81,38.61,39.61,553005
2023-01-03,39.2,39.87,38.67,39.76,602304
2023-01-04,39.91,41.24,39.91,41.14,869496
2023-01-05,41.81,42.11,41.11,41.54,737048
2023-01-06,42.11,42.44,41.66,42.35,780346
2023-01-09,42.61,43.56,42.31,43.52,881857
2023-01-10,43.51,43.52,41.75,41.82,837949
2023-01-11,42.11,43.61,42.05,43.31,966895
2023-01-12,43.51,43.72,43.04,43.52,600256
2023-01-13,43.81,44.96,43.66,44.96,896257
2023-01-16,45.13,46.09,44.1,44.7,1229794
2023-01-17,44.57,44.68,43.61,44.11,698873
2023-01-18,44.11,44.48,43.77,44.16,419603
2023-01-19,44.01,44.48,43.76,44.42,510461
2023-01-20,44.71,44.85,44.11,44.71,497069
2023-01-30,46.2,46.21,44.09,44.09,857579
2023-01-31,44.37,44.89,43.46,43.59,612418
2023-02-01,44.16,44.36,43.02,43.96,565301
2023-02-02,44.21,44.21,43.01,43.44,636217
2023-02-03,43.11,43.16,41.51,42.21,927310
2023-02-06,41.41,41.47,40.33,40.77,921595
2023-02-07,41.11,41.45,40.81,41.31,444363
2023-02-08,41.36,41.8,40.99,41.11,347190
2023-02-09,41.11,42.16,41.0,41.93,564907
2023-02-10,42.07,42.16,41.62,41.91,309173
2023-02-13,41.8,41.91,40.9,41.86,457973
2023-02-14,41.91,42.51,41.78,42.51,370402
2023-02-15,42.45,42.5,41.32,41.49,461027
2023-02-16,41.69,42.66,41.61,41.81,576891
2023-02-17,41.81,42.44,41.32,41.41,417519
2023-02-20,41.46,42.6,41.36,42.56,664285
2023-02-21,42.47,42.73,42.06,42.62,426660
2023-02-22,42.11,42.57,41.72,41.79,446046
2023-02-23,41.61,42.31,41.42,41.59,385254
2023-02-24,41.5,41.62,40.72,40.81,446548
2023-02-27,40.61,41.0,40.39,40.41,467917
2023-02-28,40.62,40.89,40.12,40.81,380417
2023-03-01,40.63,42.61,40.62,42.6,724323
2023-03-02,42.58,43.07,42.33,42.81,380889
2023-03-03,43.09,43.27,42.46,42.89,284133
2023-03-06,42.61,42.78,41.06,41.19,773237
2023-03-07,41.16,41.81,40.36,40.52,587302
2023-03-08,40.16,40.22,39.6,39.84,527417
2023-03-09,39.99,39.99,39.08,39.25,518325
2023-03-10,38.67,39.26,38.61,38.61,457092
2023-03-13,38.61,39.4,38.52,39.11,399483
2023-03-14,38.83,38.83,38.0,38.07,490733
2023-03-15,38.64,39.27,38.39,38.56,443643
2023-03-16,37.51,38.44,37.36,37.84,789609
2023-03-17,38.42,39.57,38.42,38.81,950191
2023-03-20,38.61,39.19,38.17,38.19,719244
2023-03-21,38.5,39.01,38.39,38.62,446659
2023-03-22,38.86,39.38,38.83,39.11,552251
2023-03-23,38.91,39.5,38.91,39.49,554274
2023-03-24,39.41,39.41,38.67,38.81,437694
2023-03-27,38.87,38.94,38.11,38.6,362173
2023-03-28,38.7,38.99,38.29,38.49,283324
2023-03-29,38.94,39.19,38.01,38.03,409020
2023-03-30,38.12,38.31,37.55,38.09,450030
2023-03-31,38.21,38.91,37.99,38.21,524540
2023-04-03,38.16,38.51,37.9,38.29,451215
2023-04-04,38.28,38.47,37.84,38.18,473486
2023-04-06,38.16,38.16,37.64,37.69,361627
2023-04-07,37.9,38.39,37.76,38.24,326336
2023-04-10,38.34,38.88,38.11,38.67,527369
2023-04-11,38.63,38.91,38.24,38.27,543094
2023-04-12,38.41,38.69,38.06,38.21,460938
2023-04-13,37.91,37.98,37.42,37.73,569479
2023-04-14,37.96,38.58,37.81,38.1,428919
2023-04-17,37.94,40.09,37.63,40.09,1036161
2023-04-18,39.81,41.69,39.74,41.23,1310275
2023-04-19,41.16,41.51,40.88,41.01,497165
2023-04-20,41.02,41.56,40.73,41.4,476734
2023-04-21,41.21,41.3,39.24,39.35,811976
2023-04-24,39.49,40.36,38.81,39.01,587482
2023-04-25,39.15,39.69,38.49,38.7,617583
2023-04-26,38.47,38.86,38.27,38.4,505147
2023-04-27,39.59,42.98,39.42,42.98,2570645
2023-04-28,43.22,45.26,42.89,44.41,2149502
2023-05-04,43.38,46.96,43.2,46.31,1837641
2023-05-05,46.61,47.61,45.85,46.44,1264107
2023-05-08,46.6,47.69,46.12,47.53,1504054
2023-05-09,47.53,48.61,45.98,46.09,1461587
2023-05-10,46.09,46.47,44.72,44.92,1055610
2023-05-11,45.51,46.08,44.77,44.96,593884
2023-05-12,44.94,45.11,43.78,43.88,626681
2023-05-15,43.89,46.48,43.39,46.32,1113754
2023-05-16,46.28,46.43,45.41,45.81,644969
2023-05-17,45.4,45.46,44.19,44.52,642552
2023-05-18,44.41,45.46,44.14,44.43,555166
2023-05-19,43.82,44.31,43.41,43.65,554236
2023-05-22,43.61,44.46,43.41,44.03,498812
2023-05-23,44.01,44.28,42.51,42.51,685386
2023-05-24,42.47,42.51,41.01,41.08,713134
2023-05-25,40.99,41.36,40.51,41.01,525529
2023-05-26,41.0,41.49,40.42,41.05,403366
2023-05-29,41.24,41.36,40.41,40.65,484344
2023-05-30,40.66,40.94,40.03,40.6,570291
2023-05-31,40.31,40.4,39.61,39.61,610689
2023-06-01,39.66,40.54,39.51,40.06,518074
2023-06-02,40.49,41.81,40.44,41.71,832840
2023-06-05,41.37,41.54,40.84,41.12,466456
2023-06-06,40.95,42.54,40.86,41.37,644502
2023-06-07,42.01,42.3,41.38,41.62,425436
2023-06-08,41.53,42.57,41.29,42.28,572284
2023-06-09,42.28,42.56,42.02,42.09,428043
2023-06-12,42.07,42.55,41.5,42.18,476457
2023-06-13,42.09,42.31,41.36,42.24,440029
2023-06-14,42.68,43.02,41.98,42.16,553664
2023-06-15,42.41,43.21,41.98,42.53,473440
2023-06-16,42.81,42.95,42.21,42.71,534142
2023-06-19,42.57,42.59,41.44,41.61,642164
2023-06-20,41.61,41.86,40.91,41.0,615333
2023-06-21,40.72,41.36,40.59,40.75,381031
2023-06-26,40.41,40.48,39.81,40.04,485350
2023-06-27,40.03,40.74,39.86,40.41,480933
2023-06-28,40.26,40.66,40.04,40.65,356070
2023-06-29,40.66,40.9,40.24,40.41,265735
2023-06-30,40.31,40.98,40.3,40.51,326971
2023-07-03,40.55,42.46,40.49,42.29,697781
2023-07-04,42.3,42.34,41.81,42.06,297441
2023-07-05,42.0,42.1,41.39,41.46,264061
2023-07-06,41.14,42.27,41.13,41.41,402580
2023-07-07,41.11,41.8,41.09,41.32,364421
2023-07-10,41.74,41.8,40.62,40.72,368164
2023-07-11,40.91,41.53,40.91,41.31,268886
2023-07-12,41.31,42.06,41.19,41.4,354393
2023-07-13,41.83,42.86,41.76,42.73,648768
2023-07-14,43.13,43.2,42.52,42.75,366358
2023-07-17,42.48,42.56,41.99,42.16,304707
2023-07-18,42.39,42.4,41.57,41.71,283183
2023-07-19,41.41,41.97,41.41,41.88,321116
2023-07-20,42.01,42.31,41.43,41.53,301378
2023-07-21,41.42,41.86,40.91,41.08,446791
2023-07-24,40.91,41.1,40.61,40.73,315980
2023-07-25,41.81,43.79,41.81,43.66,1413279
2023-07-26,43.29,43.75,43.09,43.57,515441
2023-07-27,43.7,44.69,43.52,43.99,703735
2023-07-28,43.61,46.47,43.52,46.04,1277908
2023-07-31,47.09,47.79,46.41,46.71,1274855
2023-08-01,46.61,47.11,45.55,45.85,670614
2023-08-02,45.71,46.67,45.04,45.52,608798
2023-08-03,45.52,46.71,45.22,46.52,654944
2023-08-04,47.34,47.96,46.01,46.01,1051653
2023-08-07,45.49,45.88,45.31,45.81,436896
2023-08-08,45.58,45.8,44.57,45.37,523263
2023-08-09,45.19,45.69,45.06,45.37,372853
2023-08-10,45.16,45.58,44.99,45.47,299263
2023-08-11,45.41,45.52,43.46,43.48,748921
2023-08-14,42.41,42.93,42.39,42.64,604721
2023-08-15,42.63,43.19,42.13,42.79,521837
2023-08-16,42.43,43.05,42.24,42.46,476604
2023-08-17,42.12,42.29,41.44,42.02,598274
2023-08-18,42.01,43.11,41.63,41.63,636663
2023-08-21,41.51,41.6,40.78,40.78,628081
2023-08-22,41.01,41.41,40.58,41.11,518495
2023-08-23,40.83,41.21,40.5,40.57,476239
2023-08-24,40.64,41.12,40.3,40.61,418637
2023-08-25,40.42,41.49,40.36,41.12,417635
2023-08-28,44.61,44.64,41.89,42.22,1090108
2023-08-29,42.15,43.08,42.0,42.67,573806
2023-08-30,42.99,43.1,42.01,42.36,600123
2023-08-31,42.74,43.66,42.62,42.9,639538
2023-09-01,43.46,44.61,43.37,44.21,855756
2023-09-04,44.56,46.01,44.55,45.56,921931
2023-09-05,45.31,45.31,44.24,44.31,506244
2023-09-06,44.11,45.3,43.99,45.14,514362
2023-09-07,44.82,44.99,44.27,44.33,403291
2023-09-08,44.14,44.56,43.91,44.23,273667
2023-09-11,44.49,44.88,43.96,44.47,491515
2023-09-12,44.21,44.26,43.6,44.06,361144
2023-09-13,44.25,44.33,43.33,43.61,433989
2023-09-14,43.75,43.91,43.1,43.3,391312
2023-09-15,43.6,44.23,43.11,43.31,557532
2023-09-18,43.03,43.59,42.81,43.41,295267
2023-09-19,43.39,43.46,43.13,43.39,266524
2023-09-20,43.37,43.37,42.69,43.0,328733
2023-09-21,42.81,42.97,42.48,42.6,335480
2023-09-22,42.61,44.44,42.48,44.44,663006
2023-09-25,44.12,44.21,43.14,43.17,499759
2023-09-26,43.16,43.45,42.63,42.67,400930
2023-09-27,42.71,43.1,42.61,42.77,324863
2023-09-28,42.94,42.99,42.26,42.41,421466
2023-10-09,42.11,42.38,41.63,42.18,394012
2023-10-10,42.39,42.64,41.63,41.71,330777
2023-10-11,41.96,42.08,41.62,41.8,325297
2023-10-12,42.98,43.0,42.32,42.54,448710
2023-10-13,41.98,42.39,41.78,42.08,261270
2023-10-16,41.96,42.24,41.52,41.65,319003
2023-10-17,41.91,42.09,41.57,41.79,270142
2023-10-18,41.62,41.88,41.49,41.5,325690
2023-10-19,41.22,41.27,40.12,40.16,694085
2023-10-20,39.71,40.2,39.66,39.95,481776
2023-10-23,39.9,40.31,39.61,40.05,387068
2023-10-24,40.14,40.61,39.79,40.21,432311
2023-10-25,41.02,41.04,40.47,40.55,374463
2023-10-26,40.34,40.84,40.29,40.74,280986
2023-10-27,40.23,40.58,39.59,40.22,618850
2023-10-30,40.23,40.53,39.85,40.35,455498
2023-10-31,40.46,40.97,40.22,40.5,423089
2023-11-01,40.83,40.92,40.06,40.15,378012
2023-11-02,40.25,40.63,40.05,40.1,292248
2023-11-03,40.23,40.35,39.93,40.28,386407
2023-11-06,40.64,41.21,40.55,41.1,562463
2023-11-07,40.92,40.94,40.28,40.34,520543
2023-11-08,40.34,40.47,39.59,39.67,703734
2023-11-09,39.04,39.24,37.9,38.32,1504542
2023-11-10,37.94,37.94,37.07,37.39,1049965
2023-11-13,37.34,37.48,37.1,37.43,493091
2023-11-14,37.59,37.85,37.43,37.65,558200
2023-11-15,38.16,38.65,37.92,38.4,728706
2023-11-16,38.17,38.39,37.81,37.91,386089
2023-11-17,37.67,37.86,37.37,37.7,404728
2023-11-20,37.75,38.09,37.52,37.95,324987
2023-11-21,37.95,38.59,37.95,38.11,432503
2023-11-22,37.99,38.09,37.75,37.77,249251
2023-11-23,37.73,38.09,37.55,38.09,263803
2023-11-24,38.04,38.07,37.67,37.73,280449
2023-11-27,37.64,37.68,36.65,36.89,585460
2023-11-28,36.84,37.1,36.62,36.71,372261
2023-11-29,36.71,36.77,35.54,35.79,679047
2023-11-30,35.71,36.11,35.66,35.84,388572
2023-12-01,35.69,36.22,35.34,36.06,486961
2023-12-04,35.89,36.31,35.35,35.42,399870
2023-12-05,35.16,35.21,34.55,34.57,506428
2023-12-06,34.54,34.79,34.33,34.57,433324
2023-12-07,34.4,34.76,33.92,34.38,501004
2023-12-08,34.29,34.67,34.23,34.23,378912
2023-12-11,34.04,34.75,33.6,34.64,555114
2023-12-12,34.46,34.85,34.29,34.83,358213
2023-12-13,34.74,34.74,33.93,33.93,412856
2023-12-14,34.27,34.51,33.73,33.74,332368
2023-12-15,34.19,34.6,33.77,33.83,507912
2023-12-18,33.44,33.89,33.35,33.65,329987
2023-12-19,33.62,34.02,33.44,33.75,332249
2023-12-20,33.75,33.94,33.47,33.49,299482
2023-12-21,33.3,34.01,33.17,33.84,424163
2023-12-22,33.8,34.42,33.72,34.14,424737
2023-12-25,34.09,34.32,33.95,34.22,203255
2023-12-26,34.22,34.22,33.86,34.14,199146
2023-12-27,34.14,34.2,33.72,34.04,295938
2023-12-28,34.04,35.39,33.89,35.3,609526
2023-12-29,35.1,35.48,35.09,35.34,341078
2024-01-02,35.34,35.35,34.5,34.51,437592
2024-01-03,34.51,34.7,34.23,34.44,363822
2024-01-04,34.4,34.62,33.7,33.94,467392
2024-01-05,33.89,34.62,33.72,34.01,499202
2024-01-08,34.01,34.21,33.26,33.49,514732
2024-01-09,33.49,33.62,33.24,33.42,370651
2024-01-10,33.33,33.49,32.86,32.86,441304
2024-01-11,32.84,33.7,32.66,33.47,381571
2024-01-12,33.23,33.58,33.07,33.07,303001
2024-01-15,32.91,33.53,32.74,33.21,327022
2024-01-16,33.08,33.8,32.98,33.74,544963
2024-01-17,33.5,33.59,33.05,33.05,561229
2024-01-18,32.79,34.07,32.68,34.03,861544
2024-01-19,33.84,34.38,33.59,34.24,639744
2024-01-22,34.11,34.97,34.01,34.52,961099
2024-01-23,34.24,34.75,33.74,34.4,601721
2024-01-24,34.7,35.34,34.12,35.21,761151
2024-01-25,35.19,36.55,35.04,36.19,986581
2024-01-26,36.09,36.38,35.69,36.29,785925
2024-01-29,36.3,36.73,35.96,36.02,620785
2024-01-30,35.64,35.95,35.21,35.23,570640
2024-01-31,35.19,35.89,35.03,35.55,557014
2024-02-01,35.16,35.67,34.97,35.34,490925
2024-02-02,35.34,35.59,34.04,35.14,690773
2024-02-05,35.04,36.03,34.72,35.72,806148
2024-02-06,35.71,36.72,35.41,36.6,823835
2024-02-07,36.73,37.44,36.39,37.42,916154
2024-02-08,37.56,37.99,37.19,37.82,768747
2024-02-19,38.03,38.12,37.56,37.77,544134
2024-02-20,37.69,37.71,37.14,37.39,469355
2024-02-21,37.22,39.34,37.06,38.63,1112492
2024-02-22,38.4,38.78,38.25,38.74,517452
2024-02-23,38.72,39.49,38.64,39.11,644217
2024-02-26,38.94,38.95,37.94,37.99,616196
2024-02-27,37.86,38.19,37.74,38.16,429013
2024-02-28,38.23,38.32,37.69,37.69,535764
2024-02-29,37.56,38.11,37.54,37.94,455092
2024-03-01,37.84,38.13,37.56,38.03,445774
2024-03-04,37.77,37.86,37.24,37.38,545047
2024-03-05,37.19,37.92,37.09,37.85,623437
2024-03-06,37.83,37.95,37.5,37.54,342763
2024-03-07,37.81,38.5,37.77,38.1,648962
2024-03-08,37.91,38.24,37.59,37.92,372494
2024-03-11,37.82,38.32,37.78,38.2,435973
2024-03-12,38.21,38.92,37.92,38.85,679206
2024-03-13,38.77,38.8,37.61,37.67,701216
2024-03-14,37.41,37.93,37.34,37.49,360890
2024-03-15,37.55,37.68,37.06,37.52,398675
2024-03-18,37.39,37.7,37.11,37.6,416263
2024-03-19,37.44,37.44,36.84,36.87,486015
2024-03-20,36.79,37.09,36.72,36.96,283617
2024-03-21,37.13,37.47,36.85,37.07,414976
2024-03-22,36.07,36.17,35.29,35.6,1125504
2024-03-25,35.49,35.92,35.39,35.48,437601
2024-03-26,35.48,35.99,35.48,35.94,402991
2024-03-27,35.82,36.02,35.69,35.69,346190
2024-03-28,35.64,36.3,35.49,35.73,432340
2024-03-29,35.82,36.28,35.73,35.85,335122
2024-04-01,35.99,36.29,35.94,36.29,387063
2024-04-02,36.23,36.5,35.95,36.04,399966
2024-04-03,35.94,36.09,35.54,35.54,463640
2024-04-08,35.32,35.47,34.92,35.26,435902
2024-04-09,35.31,35.52,35.14,35.15,293924
2024-04-10,35.03,35.11,34.14,34.24,667545
2024-04-11,34.07,34.18,33.65,33.99,443214
2024-04-12,33.84,34.03,32.71,32.82,918947
2024-04-15,32.82,33.54,32.72,33.4,771609
2024-04-16,33.4,33.83,33.12,33.32,626747
2024-04-17,33.31,34.06,33.05,33.99,594585
2024-04-18,33.94,35.34,33.85,34.74,846089
2024-04-19,34.51,34.82,34.24,34.46,368395
2024-04-22,34.53,35.13,34.53,34.87,391228
2024-04-23,34.86,35.14,34.65,34.93,342653
2024-04-24,35.43,35.74,35.15,35.64,549964
2024-04-25,35.56,36.32,35.34,36.1,582178
2024-04-26,36.03,36.82,35.85,36.57,694276
2024-04-29,36.54,37.92,36.45,37.12,875455
2024-04-30,37.12,37.2,36.36,36.4,518190
2024-05-06,38.19,38.32,37.41,37.53,1062747
2024-05-07,37.54,37.83,37.23,37.63,528152
2024-05-08,37.49,37.74,36.92,36.99,447335
2024-05-09,36.91,37.62,36.9,37.38,413541
2024-05-10,37.64,38.22,37.56,37.97,677670
2024-05-13,37.55,37.93,37.21,37.69,493481
2024-05-14,37.69,37.84,37.19,37.35,396512
2024-05-15,37.32,37.34,36.7,36.88,399119
2024-05-16,37.24,38.43,37.0,38.09,934782
2024-05-17,38.64,40.24,38.49,40.24,1894580
2024-05-20,40.74,41.11,39.87,40.5,1479453
2024-05-21,40.12,40.58,40.06,40.44,551096
2024-05-22,40.34,41.09,40.19,40.44,751337
2024-05-23,39.96,40.21,39.56,39.82,635923
2024-05-24,39.59,39.84,38.9,38.93,541286
2024-05-27,39.04,39.43,38.92,39.14,412742
2024-05-28,39.2,39.39,38.66,38.8,421922
2024-05-29,38.63,39.17,38.4,38.51,439423
2024-05-30,38.35,38.7,37.94,38.19,393955
2024-05-31,38.44,39.14,38.1,38.11,482492
2024-06-03,38.03,38.5,37.65,38.17,446518
2024-06-04,38.12,38.55,38.05,38.31,398178
2024-06-05,38.3,38.32,37.98,38.12,361880
2024-06-06,38.24,38.37,37.41,37.49,542621
2024-06-07,37.64,37.82,37.04,37.16,421394
2024-06-11,36.95,37.23,36.64,36.87,422363
2024-06-12,36.87,36.94,36.4,36.44,398340
2024-06-13,36.62,36.7,36.23,36.34,320428
2024-06-14,36.23,37.23,36.2,36.91,635624
2024-06-17,36.64,36.87,36.42,36.62,384727
2024-06-18,36.74,37.09,36.61,36.77,353452
2024-06-19,36.78,37.23,36.65,37.04,410640
2024-06-20,37.03,37.11,36.55,36.55,364790
2024-06-21,36.53,36.86,36.36,36.71,385055
2024-06-24,36.57,37.09,36.26,36.84,445928
2024-06-25,36.83,37.16,36.48,36.59,382836
2024-06-26,36.52,36.86,36.33,36.69,265061
2024-06-27,36.55,36.68,36.29,36.46,367975
2024-06-28,36.39,36.94,36.3,36.4,399345
2024-07-01,36.45,36.71,35.68,36.66,474198
2024-07-02,36.45,37.79,36.44,37.21,568857
2024-07-03,37.22,37.47,36.95,37.31,295748
2024-07-04,37.3,37.6,37.0,37.02,324851
2024-07-05,36.99,37.3,36.02,36.16,526718
2024-07-08,35.94,36.4,35.72,35.88,339548
2024-07-09,35.87,36.63,35.5,36.56,381403
2024-07-10,36.11,36.97,36.11,36.9,361273
2024-07-11,37.31,37.53,36.95,36.98,375570
2024-07-12,37.04,37.9,37.04,37.72,495697
2024-07-15,37.64,38.02,37.52,37.57,354848
2024-07-16,37.04,37.15,35.72,36.23,939985
2024-07-17,36.29,37.46,36.29,37.33,778406
2024-07-18,37.23,37.68,37.0,37.41,513624
2024-07-19,37.41,38.19,37.24,38.07,610775
2024-07-22,38.14,38.26,37.68,38.04,440562
2024-07-23,38.0,38.27,37.82,37.83,459790
2024-07-24,37.84,38.07,37.39,37.6,386095
2024-07-25,37.53,37.86,37.27,37.61,440474
2024-07-26,37.67,38.22,37.27,37.61,510378
2024-07-29,37.6,38.15,37.53,37.84,305650
2024-07-30,37.8,37.97,37.58,37.85,296922
2024-07-31,37.86,39.12,37.77,39.08,580878
2024-08-01,38.94,39.37,38.78,39.03,325140
2024-08-02,38.75,38.93,38.22,38.34,331373
2024-08-05,38.22,39.06,38.21,38.52,430509
2024-08-06,38.89,39.0,37.16,37.42,634343
2024-08-07,37.44,37.63,37.2,37.22,299781
2024-08-08,37.27,37.67,36.93,37.34,236432
2024-08-09,37.51,37.76,37.13,37.13,261785
2024-08-12,37.05,37.25,36.83,37.14,152199
2024-08-13,37.14,37.33,37.03,37.3,166506
2024-08-14,37.33,37.46,37.01,37.01,206504
2024-08-15,37.03,38.19,36.74,37.84,534167
2024-08-16,37.84,38.27,37.77,38.13,269574
2024-08-19,38.13,38.69,38.11,38.59,287912
2024-08-20,38.67,38.69,38.22,38.44,293763
2024-08-21,38.5,38.6,37.93,38.49,236174
2024-08-22,38.48,38.77,38.16,38.23,304977
2024-08-23,38.56,39.98,38.45,39.87,994234
2024-08-26,39.98,40.16,39.57,39.87,475806
2024-08-27,39.8,40.07,39.48,39.67,339647
2024-08-28,39.76,39.9,39.45,39.71,348395
2024-08-29,39.7,40.08,38.98,39.14,476945
2024-08-30,39.23,41.05,39.23,40.55,1100006
2024-09-02,40.4,40.69,39.97,39.97,513171
2024-09-03,40.13,40.14,39.6,39.73,368220
2024-09-04,39.74,40.16,38.97,39.16,409949
2024-09-05,39.15,40.03,39.13,39.94,466511
2024-09-06,39.94,40.5,39.68,39.77,390258
2024-09-09,39.6,39.77,39.07,39.2,401725
2024-09-10,39.27,39.57,38.81,39.18,293656
2024-09-11,39.16,39.44,38.89,39.04,274074
2024-09-12,39.25,39.29,38.34,39.12,410839
2024-09-13,39.08,39.92,39.02,39.41,344396
2024-09-18,39.52,40.31,39.45,40.22,432638
2024-09-19,40.24,40.62,39.84,40.55,466500
2024-09-20,40.5,40.81,40.26,40.67,532924
2024-09-23,40.65,40.92,40.38,40.61,295240
2024-09-24,41.12,43.02,40.99,43.02,1208992
2024-09-25,44.12,44.72,43.77,43.88,1382985
2024-09-26,44.11,46.96,43.72,46.94,1637653
2024-09-27,48.42,48.68,47.22,48.42,1394877
2024-09-30,51.0,53.61,50.92,53.61,2621254
2024-10-08,59.32,59.32,55.62,58.25,3961043
2024-10-09,56.52,56.52,52.17,52.22,2855096
2024-10-10,53.15,57.11,52.83,55.02,2226730
2024-10-11,54.32,56.38,53.55,54.06,1312124
2024-10-14,54.91,55.76,54.07,55.19,1177738
2024-10-15,55.1,55.8,53.61,53.71,1027900
2024-10-16,53.3,54.35,53.13,53.9,855016
2024-10-17,54.42,55.32,53.49,53.52,783575
2024-10-18,53.53,55.8,52.2,54.63,1494662
2024-10-21,54.85,54.92,53.63,54.35,875313
2024-10-22,54.25,55.65,54.03,54.51,846011
2024-10-23,54.65,56.75,54.35,55.76,1191927
2024-10-24,55.35,55.93,55.08,55.55,512730
2024-10-25,55.46,55.93,55.01,55.15,539445
2024-10-28,55.23,55.51,54.53,54.95,578810
2024-10-29,54.95,55.91,54.89,55.08,620100
2024-10-30,54.94,55.36,53.13,53.42,907479
2024-10-31,53.41,54.25,52.85,53.37,757630
2024-11-01,53.6,54.45,53.45,53.6,650139
2024-11-04,53.62,54.42,53.38,54.42,530740
2024-11-05,54.27,56.33,53.73,56.2,1201144
2024-11-06,56.34,56.5,54.4,54.94,1262518
2024-11-07,54.45,58.45,54.35,58.29,1864263
2024-11-08,58.65,58.94,56.46,56.57,1322990
2024-11-11,55.58,55.97,54.97,55.85,917160
2024-11-12,55.85,56.42,54.33,54.46,962893
2024-11-13,54.15,54.95,54.07,54.64,618245
2024-11-14,54.64,55.54,54.35,54.45,663232
2024-11-15,54.35,54.93,53.25,53.25,780597
2024-11-18,53.55,54.61,52.83,53.21,684296
2024-11-19,53.45,53.57,52.55,53.06,528193
2024-11-20,53.07,53.25,52.65,52.91,469971
2024-11-21,52.94,53.12,52.57,52.94,410245
2024-11-22,52.92,52.92,50.45,50.48,1006808
2024-11-25,50.45,50.7,49.59,50.02,702698
2024-11-26,49.95,50.72,49.82,50.5,407618
2024-11-27,50.51,51.05,50.24,51.0,444464
2024-11-28,51.02,51.44,50.28,50.62,425502
2024-11-29,50.6,51.87,50.49,50.7,563571
2024-12-02,50.65,51.68,50.63,51.46,449606
2024-12-03,51.3,52.06,51.0,51.88,470058
2024-12-04,51.63,51.79,51.16,51.38,381887
2024-12-05,51.14,51.5,50.94,51.13,295889
2024-12-06,51.24,53.14,51.23,52.57,789837
2024-12-09,52.4,52.75,51.9,52.28,510463
2024-12-10,54.35,54.63,52.95,53.07,1000984
2024-12-11,53.06,53.38,52.33,52.35,504784
2024-12-12,52.41,53.3,52.15,53.03,526336
2024-12-13,52.65,52.66,51.13,51.19,887096
2024-12-16,51.16,51.44,50.38,50.57,658592
2024-12-17,50.35,50.92,50.19,50.46,537694
2024-12-18,50.78,51.13,50.33,50.39,504461
2024-12-19,50.05,50.39,49.8,50.34,405496
2024-12-20,50.34,50.68,49.97,50.07,461965
2024-12-23,50.07,50.93,50.07,50.55,555505
2024-12-24,50.53,51.28,50.45,51.23,495609
2024-12-25,51.26,51.76,51.02,51.35,417399
2024-12-26,51.34,51.39,50.81,50.9,379222
2024-12-27,50.9,51.2,50.16,50.72,537757
2024-12-30,50.67,51.35,50.66,51.35,533438
2024-12-31,51.24,51.47,50.1,50.1,677118
2025-01-02,50.15,50.18,47.84,48.16,948579
2025-01-03,48.45,48.54,47.53,47.75,551352
2025-01-06,48.0,48.07,47.28,47.79,413490
2025-01-07,47.64,47.81,47.26,47.62,392787
2025-01-08,47.63,48.03,47.0,47.75,510383
2025-01-09,47.71,47.86,47.25,47.26,400821
2025-01-10,47.27,47.53,46.35,46.4,522704
2025-01-13,45.93,46.25,45.55,46.04,511393
2025-01-14,46.04,47.03,45.95,46.81,615774
2025-01-15,46.7,47.11,46.36,46.56,458029
2025-01-16,46.75,47.2,46.38,46.7,415761
2025-01-17,46.55,47.02,46.22,46.83,460747
2025-01-20,47.17,47.75,47.11,47.26,491736
2025-01-21,47.65,47.84,47.11,47.35,409951
2025-01-22,47.17,47.37,46.3,46.4,530780
2025-01-23,47.27,48.9,47.23,47.82,969105
2025-01-24,47.63,48.82,47.55,48.31,616779
2025-01-27,48.48,49.07,48.26,48.3,524547
2025-02-05,48.43,48.45,47.12,47.17,583072
2025-02-06,47.18,47.95,47.13,47.7,415037
2025-02-07,47.63,48.89,47.29,48.33,725812
2025-02-10,48.34,48.81,48.25,48.35,431815
2025-02-11,48.65,48.69,47.82,47.97,381844
2025-02-12,47.97,48.57,47.63,48.53,446994
2025-02-13,48.37,49.23,48.26,48.47,590363
2025-02-14,48.44,49.31,48.25,49.15,599772
2025-02-17,49.28,49.83,48.86,49.29,625710
2025-02-18,49.12,49.63,48.65,48.76,650082
2025-02-19,48.64,49.28,48.47,48.9,464426
2025-02-20,48.68,48.76,48.11,48.23,515385
2025-02-21,48.44,48.95,47.91,48.65,668761
2025-02-24,48.65,49.93,48.5,49.45,835823
2025-02-25,48.95,49.55,48.3,48.43,642429
2025-02-26,48.55,49.23,48.48,49.07,536578
2025-02-27,49.23,49.25,48.57,49.07,547240
2025-02-28,48.85,49.1,47.83,47.83,805268
2025-03-03,48.0,48.27,47.51,47.78,423161
2025-03-04,47.53,47.74,47.45,47.53,372432
2025-03-05,47.63,48.0,47.46,47.83,455072
2025-03-06,48.22,49.38,47.98,49.09,1045821
2025-03-07,49.05,49.29,48.77,48.95,481479
2025-03-10,48.96,49.11,48.23,48.7,611283
2025-03-11,48.16,48.95,48.05,48.95,529147
2025-03-12,48.95,49.05,48.46,48.6,470578
2025-03-13,48.6,49.0,48.38,48.59,411448
2025-03-14,48.78,51.34,48.66,50.92,1502449
2025-03-17,50.92,51.07,50.55,50.83,605172
2025-03-18,51.15,51.64,51.09,51.21,587740
2025-03-19,51.13,51.75,51.02,51.52,509874
2025-03-20,51.5,51.51,49.68,49.94,1140723
2025-03-21,49.85,50.11,49.13,49.2,795715
2025-03-24,49.27,49.73,49.27,49.58,508657
2025-03-25,49.6,49.66,49.27,49.41,344402
2025-03-26,49.43,49.54,49.17,49.17,403995
2025-03-27,49.16,49.9,48.98,49.51,432169
2025-03-28,49.65,49.82,49.3,49.41,353664
2025-03-31,49.35,49.7,48.84,49.08,468390
2025-04-01,49.05,49.31,48.86,49.07,394321
2025-04-02,49.03,49.41,48.98,49.31,283274
2025-04-03,48.84,49.45,48.83,48.93,373348
2025-04-07,46.75,47.22,44.45,46.01,1727558
2025-04-08,46.0,46.71,45.55,46.71,1117530
2025-04-09,46.25,46.7,45.81,46.38,737907
2025-04-10,46.81,47.25,46.66,46.93,657915
2025-04-11,46.93,46.99,46.43,46.8,450121
2025-04-14,47.05,47.3,46.89,46.93,387484
2025-04-15,46.93,47.42,46.71,47.28,407762
2025-04-16,47.17,47.62,46.85,47.33,467924
2025-04-17,47.14,47.73,47.03,47.61,377043
2025-04-18,47.5,48.11,47.4,47.89,338811
2025-04-21,47.85,48.06,47.65,47.73,263784
2025-04-22,47.65,48.24,47.57,48.02,355098
2025-04-23,48.21,48.4,47.91,48.15,298773
2025-04-24,48.15,48.93,48.15,48.67,423839
2025-04-25,48.69,49.04,48.67,48.78,368499
2025-04-28,47.87,48.79,47.48,48.66,518666
2025-04-29,48.62,49.09,48.31,48.45,337540
2025-04-30,48.55,49.0,48.13,48.16,377944
2025-05-06,48.45,48.6,48.0,48.25,391512
2025-05-07,48.87,49.08,48.48,48.63,420640
2025-05-08,48.46,49.8,48.35,49.41,671350
2025-05-09,49.36,49.61,49.2,49.2,290709
2025-05-12,49.68,50.2,49.45,50.05,577372
2025-05-13,50.24,50.24,49.7,49.91,403920
2025-05-14,49.9,52.63,49.79,52.14,1577230
2025-05-15,51.84,52.25,51.55,51.7,569303
2025-05-16,51.5,51.89,50.83,50.84,466130
2025-05-19,50.74,51.18,50.65,50.75,324266
2025-05-20,50.9,51.63,50.85,51.13,352669
2025-05-21,51.15,51.85,51.15,51.3,333066
2025-05-22,51.21,51.44,50.98,51.29,240658
2025-05-23,51.26,51.91,50.62,50.68,430491
2025-05-26,50.61,51.6,50.45,50.85,388130
2025-05-27,50.85,51.31,50.75,50.85,255725
2025-05-28,50.85,51.14,50.57,50.74,261698
2025-05-29,50.75,51.28,50.54,50.97,348683
2025-05-30,50.82,51.14,50.3,50.73,417239
2025-06-03,50.66,51.56,50.45,51.3,453738
2025-06-04,51.06,51.6,51.06,51.21,430897
2025-06-05,51.22,51.63,51.11,51.44,419100
2025-06-06,51.45,51.57,50.8,50.86,408553
2025-06-09,51.0,51.39,50.95,51.17,397887
2025-06-10,51.16,51.55,50.76,50.88,467079
2025-06-11,50.85,52.1,50.85,51.91,681830
2025-06-12,51.75,52.78,51.48,52.26,589999
2025-06-13,52.28,52.35,51.73,51.93,480229
2025-06-16,51.78,52.03,51.51,51.77,496771
2025-06-17,51.75,51.96,51.39,51.68,506289
2025-06-18,51.63,51.73,50.75,51.26,469364
2025-06-19,51.14,51.25,50.57,50.65,401881
2025-06-20,50.64,52.31,50.64,52.19,847430
2025-06-23,51.95,52.7,51.71,52.55,614705
2025-06-24,52.66,54.42,52.65,54.24,1040798
2025-06-25,54.25,55.45,54.03,55.33,1046131
2025-06-26,55.24,55.53,54.92,55.03,500740
2025-06-27,55.03,55.58,54.06,54.41,667632
2025-06-30,54.55,55.0,54.18,54.53,564782
2025-07-01,54.71,54.94,54.35,54.75,352746
2025-07-02,54.75,55.06,54.4,54.86,395629
2025-07-03,54.95,55.25,54.71,54.85,325101
2025-07-04,54.75,56.44,54.48,55.62,654544
2025-07-07,55.64,55.85,55.11,55.48,321763
2025-07-08,55.45,55.83,55.16,55.5,343460
2025-07-09,55.5,55.83,54.93,54.95,395463
2025-07-10,54.95,56.63,54.86,56.18,828882
2025-07-11,56.05,58.07,56.01,56.76,1076429
2025-07-14,56.74,57.29,56.62,56.62,449058
2025-07-15,56.8,57.01,56.03,56.15,441726
2025-07-16,56.22,56.29,55.26,55.88,481825
2025-07-17,55.75,56.11,55.73,55.86,277123
2025-07-18,56.0,56.5,55.91,56.12,436240
2025-07-21,56.2,56.8,55.95,56.24,466733
2025-07-22,56.24,56.25,55.15,55.75,695203
2025-07-23,55.89,57.43,55.86,57.05,869407
2025-07-24,57.02,58.05,56.76,57.69,707737
2025-07-25,57.35,57.6,56.87,57.13,508335
2025-07-28,57.25,59.25,57.25,59.14,1221217
2025-07-29,59.11,59.33,58.42,58.54,566092
2025-07-30,58.53,60.38,58.4,59.76,921993
2025-07-31,59.46,59.55,57.43,57.74,827601
2025-08-01,57.73,58.11,57.13,57.25,488786
2025-08-04,57.15,57.39,56.9,57.26,360078
2025-08-05,57.35,58.46,57.25,58.19,482956
2025-08-06,58.19,58.69,57.87,58.11,324469
2025-08-07,58.16,58.51,57.58,57.93,327972
2025-08-08,57.93,57.95,57.27,57.59,397933
2025-08-11,57.82,58.19,57.52,57.52,431869
2025-08-12,57.52,58.12,57.52,57.8,426985
2025-08-13,57.97,58.45,57.51,57.66,728453
2025-08-14,57.85,59.65,57.82,58.67,1022768
2025-08-15,58.65,59.5,58.05,58.85,892968
2025-08-18,58.97,59.4,58.39,58.39,957263
2025-08-19,58.82,59.23,57.13,57.25,954810
2025-08-20,57.14,58.25,56.74,58.25,762725
2025-08-21,58.25,59.01,57.96,58.67,574601
2025-08-22,58.56,59.56,58.49,59.55,780974
2025-08-25,59.65,60.1,59.16,60.05,670113
2025-08-26,59.95,60.05,59.5,59.57,491986
2025-08-27,59.43,59.5,57.74,57.74,1064558
2025-08-28,57.8,58.17,57.36,57.89,636105
2025-08-29,58.0,60.15,57.99,58.93,1080309
2025-09-01,58.84,58.84,57.38,57.56,948525
2025-09-02,57.55,57.85,57.27,57.71,649036
2025-09-03,57.99,58.15,56.41,56.83,714746
2025-09-04,56.82,57.02,56.11,56.55,727436
2025-09-05,56.55,57.11,56.08,56.95,558184
2025-09-08,56.81,57.09,56.37,56.75,487733
2025-09-09,56.81,57.34,56.6,57.05,518911
2025-09-10,56.82,57.21,56.67,56.92,308470
2025-09-11,56.95,57.74,56.65,57.74,595072
2025-09-12,58.03,58.25,56.55,56.73,735376
2025-09-15,56.7,57.04,56.14,56.38,546842
2025-09-16,56.4,56.5,55.55,55.67,685714
2025-09-17,55.71,56.02,55.5,55.62,684652
2025-09-18,55.69,55.72,54.16,54.33,1012074
2025-09-19,54.34,55.05,54.05,54.15,543321
2025-09-22,54.42,54.7,54.05,54.2,374438
2025-09-23,54.08,54.84,53.79,54.07,612961
2025-09-24,54.34,54.8,54.0,54.34,503174
2025-09-25,54.33,54.44,54.08,54.14,514296
2025-09-26,54.07,54.6,53.71,54.27,548622
2025-09-29,54.23,56.37,54.08,55.06,1035110
2025-09-30,54.85,55.25,54.05,54.16,767082
2025-10-09,54.09,54.33,53.3,54.09,824067
2025-10-10,53.78,55.02,53.78,54.59,641465
2025-10-13,53.56,54.38,53.56,54.15,609656
2025-10-14,54.63,55.73,54.57,55.53,1022940
2025-10-15,55.53,57.02,55.35,56.86,837046
2025-10-16,56.73,57.63,56.66,57.07,681478
2025-10-17,57.05,57.53,56.22,56.33,677493
2025-10-20,57.38,57.62,56.5,56.95,526695
2025-10-21,56.98,57.97,56.98,57.13,762200
2025-10-22,57.05,57.55,56.98,57.26,379893
2025-10-23,57.27,57.92,57.14,57.8,503501
2025-10-24,58.14,58.49,57.75,57.88,558242
2025-10-27,58.0,58.39,57.5,57.75,685004
2025-10-28,57.79,58.23,57.62,57.76,491305
2025-10-29,58.6,59.7,58.49,58.95,1044432
2025-10-30,59.3,60.1,58.58,58.65,745713
2025-10-31,58.99,58.99,57.8,57.83,572542
2025-11-03,58.27,58.7,57.86,58.31,411430
2025-11-04,58.35,59.13,58.2,58.94,518126
2025-11-05,58.4,58.84,57.92,58.32,402158
2025-11-06,58.35,59.28,58.34,58.9,547346
2025-11-07,58.78,59.15,58.66,58.89,371910
2025-11-10,58.85,59.4,58.44,59.3,529487
2025-11-11,59.3,59.5,58.81,59.2,362504
2025-11-12,59.3,60.79,59.3,60.03,1490246
2025-11-13,60.29,61.38,60.29,60.88,890187
2025-11-14,60.85,62.27,60.65,60.65,752741
2025-11-17,60.69,61.0,59.46,59.83,560197
2025-11-18,59.67,60.15,59.48,59.62,445712
2025-11-19,59.8,61.12,59.71,60.37,705865
2025-11-20,60.6,61.15,60.03,60.2,394491
2025-11-21,60.0,60.1,58.88,58.91,685580
2025-11-24,59.16,59.2,58.35,58.4,534709
2025-11-25,58.68,59.82,58.23,59.47,487771
2025-11-26,59.66,60.22,59.32,59.78,434693
2025-11-27,59.5,59.73,58.7,59.34,505701
2025-11-28,59.21,59.29,58.51,58.99,433558
2025-12-01,58.91,59.18,58.41,58.63,445804
2025-12-02,58.8,59.4,58.45,58.8,373837
2025-12-03,58.75,59.02,58.15,58.35,335494
2025-12-04,58.35,58.55,58.21,58.55,217664
2025-12-05,58.65,62.2,58.55,61.99,1377948
2025-12-08,62.04,63.8,62.0,63.4,1029979
2025-12-09,63.4,63.69,62.42,62.45,483731
2025-12-10,62.66,63.06,62.13,62.55,448822
2025-12-11,62.8,63.36,62.17,62.53,477963
2025-12-12,62.56,64.09,62.41,63.91,1091760
2025-12-15,63.68,67.44,63.52,67.08,1546643
2025-12-16,66.71,68.11,66.16,67.0,1056821
2025-12-17,67.05,68.63,66.65,68.05,962118
2025-12-18,67.88,68.58,67.59,68.5,563606
2025-12-19,68.15,68.78,67.6,68.75,638476
2025-12-22,68.7,69.27,68.2,68.54,556942
2025-12-23,68.56,70.24,68.35,69.49,765720
2025-12-24,69.17,69.38,68.35,69.03,511320
2025-12-25,69.0,71.98,68.98,70.8,777898
2025-12-26,70.44,71.96,70.43,71.16,657017
2025-12-29,71.0,71.66,69.79,69.88,655665
2025-12-30,69.75,70.23,68.39,68.8,1046674
2025-12-31,68.78,69.23,68.15,68.4,458069
