date,open,high,low,close,volume
2015-01-05,7.38,7.43,6.88,7.13,4048859
2015-01-06,7.13,7.22,6.74,6.99,3451360
2015-01-07,7.01,7.2,6.98,7.09,2579586
2015-01-08,7.04,7.08,6.53,6.57,3082719
2015-01-09,6.45,7.18,6.34,6.65,3598364
2015-01-12,6.45,6.62,6.27,6.35,1858394
2015-01-13,6.35,6.53,6.18,6.25,1447351
2015-01-14,6.73,6.82,6.41,6.49,2876032
2015-01-15,6.43,6.73,6.25,6.65,1982208
2015-01-16,6.65,6.85,6.54,6.64,2068136
2015-01-19,6.18,6.32,5.87,5.87,2629519
2015-01-20,5.78,6.02,5.75,5.87,2173375
2015-01-21,5.95,6.23,5.84,6.17,2462279
2015-01-22,6.1,6.15,5.96,6.09,1743949
2015-01-23,6.16,6.4,6.09,6.23,2387876
2015-01-26,6.25,6.27,6.1,6.21,1220303
2015-01-27,6.21,6.58,6.17,6.46,2729505
2015-01-28,6.38,6.49,6.25,6.27,1560413
2015-01-29,6.2,6.28,6.09,6.13,1064031
2015-01-30,6.14,6.2,5.88,5.9,1325211
2015-02-02,5.74,5.74,5.31,5.36,1641296
2015-02-03,5.36,5.56,5.28,5.55,1206707
2015-02-04,5.56,5.98,5.45,5.72,1787416
2015-02-05,5.92,5.92,5.43,5.44,1214479
2015-02-06,5.4,5.55,5.27,5.35,963774
2015-02-09,5.35,5.53,5.24,5.41,904382
2015-02-10,5.43,5.62,5.41,5.58,989446
2015-02-11,5.58,5.67,5.5,5.54,677662
2015-02-12,5.54,5.73,5.52,5.67,955113
2015-02-13,5.73,5.77,5.64,5.68,890008
2015-02-16,5.69,5.72,5.59,5.67,778287
2015-02-17,5.68,5.9,5.65,5.86,1265320
2015-02-25,5.88,5.88,5.71,5.77,1122841
2015-02-26,5.86,6.45,5.83,6.45,2973327
2015-02-27,7.17,7.17,6.78,7.03,6859661
2015-03-02,6.93,7.06,6.81,7.02,4554367
2015-03-03,6.93,7.32,6.78,7.1,5240697
2015-03-04,6.93,6.98,6.74,6.86,2766413
2015-03-05,6.98,7.0,6.53,6.68,2805948
2015-03-06,6.61,6.75,6.51,6.52,1530304
2015-03-09,6.43,6.62,6.32,6.56,1496325
2015-03-10,6.53,6.65,6.43,6.49,1166159
2015-03-11,6.49,6.64,6.42,6.45,1288388
2015-03-12,6.44,6.67,6.38,6.58,1788398
2015-03-13,6.59,6.82,6.54,6.66,2151339
2015-03-16,6.7,6.75,6.55,6.71,2087789
2015-03-17,6.79,7.21,6.78,7.0,3951364
2015-03-18,7.04,7.13,6.94,7.07,2687246
2015-03-19,7.17,7.88,7.07,7.81,7101436
2015-03-20,7.66,7.73,7.5,7.6,4699322
2015-03-23,7.68,8.09,7.6,7.95,4601924
2015-03-24,8.06,8.39,7.69,8.16,5226256
2015-03-25,8.0,8.09,7.82,7.87,3598409
2015-03-26,7.88,7.98,7.58,7.71,2831518
2015-03-27,7.73,8.48,7.7,8.12,4787775
2015-03-30,8.4,9.04,8.33,9.04,5044084
2015-03-31,9.59,9.73,8.78,8.82,8024673
2015-04-01,8.84,9.19,8.84,8.99,4130600
2015-04-02,8.98,8.98,8.83,8.89,2711999
2015-04-03,8.85,8.86,8.68,8.76,2411952
2015-04-07,8.91,9.08,8.85,8.92,2590166
2015-04-08,8.93,9.91,8.83,9.51,5284406
2015-04-09,9.76,9.88,9.02,9.22,3891072
2015-04-10,9.22,9.43,9.06,9.32,2466489
2015-04-13,9.25,9.82,9.14,9.6,4151522
2015-04-14,9.6,10.12,9.33,9.81,4701336
2015-04-15,9.73,10.9,9.53,10.28,6341865
2015-04-24,11.42,11.42,11.42,11.42,66436
2015-04-27,12.67,12.67,12.67,12.67,55111
2015-04-28,14.04,14.04,14.04,14.04,478266
2015-04-29,15.55,15.55,14.75,15.55,8643198
2015-04-30,15.93,17.21,15.81,17.21,3826628
2015-05-04,18.57,18.93,15.95,16.13,9574516
2015-05-05,15.61,15.69,14.41,14.45,6330611
2015-05-06,14.42,15.23,14.28,14.67,4583483
2015-05-07,14.08,14.42,13.1,13.1,4238217
2015-05-08,13.33,13.66,12.76,13.63,5000547
2015-05-11,13.62,14.03,13.23,13.92,4885061
2015-05-12,13.94,15.18,13.69,15.14,6009420
2015-05-13,14.88,15.03,14.08,14.21,4535727
2015-05-14,13.92,14.51,13.44,14.27,3398213
2015-05-15,13.94,14.38,13.75,13.9,2562204
2015-05-18,13.62,14.24,13.43,13.44,2424803
2015-05-19,13.53,14.38,13.53,14.16,3354634
2015-05-20,14.23,14.5,13.85,14.12,3726339
2015-05-21,14.1,14.2,13.85,14.11,2497900
2015-05-22,14.39,15.23,14.24,14.88,5049868
2015-05-25,14.92,16.41,14.92,16.26,5840733
2015-05-26,16.78,16.78,15.73,16.12,5607966
2015-05-27,16.11,16.11,15.33,15.42,4105790
2015-05-28,15.33,15.59,13.78,13.91,4170990
2015-05-29,13.82,14.18,12.61,13.47,2833528
2015-06-01,13.59,14.41,13.44,14.29,2225930
2015-06-02,14.29,15.27,14.09,15.07,3253793
2015-06-03,15.03,15.68,14.76,15.14,3356691
2015-06-04,15.14,15.22,13.61,14.47,2612442
2015-06-05,14.66,15.88,14.43,15.71,3880784
2015-06-08,15.63,15.64,14.95,15.32,3554596
2015-06-09,15.66,15.8,14.96,15.14,2981324
2015-06-10,14.96,15.0,14.52,14.76,2125658
2015-06-11,14.71,14.91,14.25,14.53,1910001
2015-06-12,14.78,14.92,14.53,14.59,1803947
2015-06-15,14.57,14.58,14.03,14.1,1933856
2015-06-16,13.83,13.88,12.93,13.03,2210147
2015-06-17,12.99,13.82,12.84,13.65,1808111
2015-06-18,13.61,13.61,12.83,12.89,1358876
2015-06-19,12.69,12.72,11.5,11.5,1732085
2015-06-23,11.41,11.63,10.27,11.62,1969447
2015-06-24,11.78,12.24,11.63,12.0,1998205
2015-06-25,12.02,12.13,11.09,11.3,1561916
2015-06-26,10.83,11.73,10.07,10.28,2466923
2015-06-29,10.63,10.78,9.16,9.52,2410523
2015-06-30,9.53,10.38,8.55,10.37,2647670
2015-07-01,10.06,10.52,9.3,9.32,2087809
2015-07-02,9.42,9.52,8.33,8.44,2023941
2015-07-03,8.23,8.43,7.5,7.5,2064754
2015-07-06,8.35,8.35,7.04,7.78,2601764
2015-07-07,7.52,8.53,7.12,8.42,4087009
2015-07-08,7.53,8.25,7.48,7.48,2410275
2015-07-09,7.48,8.33,6.65,8.33,3404647
2015-07-10,8.52,9.26,8.28,9.26,3364619
2015-07-13,9.53,10.28,9.22,10.28,4127157
2015-07-14,10.01,10.31,9.23,9.38,3192967
2015-07-15,9.18,9.18,8.35,8.38,2296773
2015-07-16,8.38,8.88,7.88,8.44,1785513
2015-07-17,8.48,9.21,8.31,9.01,1922641
2015-07-20,9.0,10.01,8.83,10.01,3261424
2015-07-21,9.73,10.52,9.53,9.94,3772527
2015-07-22,9.73,9.93,9.41,9.72,2207549
2015-07-23,9.63,10.26,9.55,10.07,2438398
2015-07-24,10.08,10.78,10.03,10.21,3714291
2015-07-27,9.74,10.01,9.09,9.09,2308444
2015-07-28,8.13,8.93,8.13,8.48,2213328
2015-07-29,8.63,9.23,8.38,9.15,1571853
2015-07-30,9.01,9.37,8.41,8.65,1614440
2015-07-31,8.46,8.97,8.45,8.86,1271374
2015-08-03,8.73,9.23,8.66,9.21,1595170
2015-08-04,9.15,9.57,8.97,9.55,1486533
2015-08-05,9.54,9.99,9.33,9.42,1613168
2015-08-06,9.03,9.35,8.93,9.04,975721
2015-08-07,9.18,9.38,9.12,9.22,840668
2015-08-10,9.51,10.13,9.43,10.01,2220993
2015-08-11,10.03,10.05,9.7,9.79,1769787
2015-08-12,9.63,10.12,9.56,9.83,1480965
2015-08-13,9.73,10.1,9.54,10.03,1467192
2015-08-14,10.13,10.48,9.99,10.19,2209155
2015-08-17,10.17,10.23,9.78,10.15,1492715
2015-08-18,10.13,10.21,9.04,9.04,1716147
2015-08-19,8.54,9.31,8.2,9.1,1261775
2015-08-20,8.92,9.02,8.4,8.42,895210
2015-08-21,8.33,8.51,7.74,7.86,1095452
2015-08-24,7.48,7.53,6.98,6.98,1267666
2015-08-25,6.19,6.48,6.19,6.19,1311027
2015-08-26,6.23,6.42,5.54,5.57,1312937
2015-08-27,5.81,6.07,5.54,6.03,1306657
2015-08-28,6.2,6.73,6.09,6.73,1718543
2015-08-31,6.8,6.89,6.29,6.82,1608101
2015-09-01,6.7,7.02,6.18,6.96,1852880
2015-09-02,6.61,7.62,6.42,7.42,2141553
2015-09-07,7.33,7.67,6.85,6.89,1537408
2015-09-08,6.73,7.09,6.31,7.0,795019
2015-09-09,7.08,7.33,6.96,7.16,837901
2015-09-10,7.03,7.41,6.95,7.16,717917
2015-09-11,7.07,7.22,6.86,7.01,515650
2015-09-14,7.17,7.37,6.41,7.1,1220854
2015-09-15,6.73,6.85,6.29,6.29,721471
2015-09-16,6.29,6.99,6.22,6.86,731830
2015-09-17,6.97,7.3,6.73,6.77,1137211
2015-09-18,6.77,7.07,6.7,6.91,814942
2015-09-21,6.83,7.15,6.77,7.14,624578
2015-09-22,7.13,7.18,7.01,7.07,617500
2015-09-23,6.91,6.96,6.65,6.74,483299
2015-09-24,6.83,6.93,6.71,6.84,393706
2015-09-25,6.65,7.25,6.48,6.83,795357
2015-09-28,6.73,6.78,6.45,6.68,409454
2015-09-29,6.49,6.55,6.36,6.39,337521
2015-09-30,6.42,6.56,6.39,6.4,280414
2015-10-08,6.7,6.73,6.6,6.64,401224
2015-10-09,6.69,6.77,6.63,6.71,354596
2015-10-12,6.75,7.18,6.74,7.08,944030
2015-10-13,7.03,7.1,6.91,7.08,650456
2015-10-14,7.05,7.22,6.93,6.94,656298
2015-10-15,6.89,7.17,6.88,7.15,797015
2015-10-16,7.22,7.48,7.21,7.35,1345678
2015-10-19,7.43,7.5,7.15,7.26,992545
2015-10-20,7.26,8.08,7.09,7.96,1515646
2015-10-21,8.03,8.83,7.68,8.01,3181775
2015-10-22,7.75,8.22,7.46,8.05,1693168
2015-10-23,7.96,8.06,7.82,7.94,963599
2015-10-26,8.06,8.3,7.65,7.95,1018010
2015-10-27,7.83,7.93,7.42,7.79,932015
2015-10-28,7.74,7.9,7.43,7.5,733408
2015-10-29,7.56,7.69,7.43,7.54,534844
2015-10-30,7.47,7.74,7.46,7.58,610498
2015-11-02,7.44,7.81,7.41,7.5,621098
2015-11-03,7.46,7.59,7.32,7.36,470730
2015-11-04,7.33,7.77,7.3,7.75,910478
2015-11-05,7.75,8.62,7.7,8.4,3779756
2015-11-06,8.19,8.56,8.11,8.46,2603226
2015-11-09,8.28,9.02,8.28,8.56,2295117
2015-11-10,8.41,8.65,8.38,8.52,1262153
2015-11-11,8.56,8.62,8.31,8.43,1045350
2015-11-12,8.46,8.51,8.14,8.23,995071
2015-11-13,8.14,8.39,8.09,8.11,875414
2015-11-16,7.93,8.31,7.83,8.25,686666
2015-11-17,8.3,8.5,8.13,8.17,1010023
2015-11-18,8.16,8.33,8.01,8.09,792205
2015-11-19,8.14,8.24,8.05,8.22,481341
2015-11-20,8.25,8.38,8.13,8.19,672663
2015-11-23,8.34,8.41,8.17,8.23,849727
2015-11-24,8.19,8.26,7.99,8.12,571966
2015-11-25,8.09,8.17,8.03,8.12,552491
2015-11-26,8.17,8.24,8.04,8.05,606229
2015-11-27,8.02,8.02,7.15,7.2,1191915
2015-11-30,7.21,7.28,6.64,7.03,753215
2015-12-01,7.05,7.38,6.93,7.2,541461
2015-12-02,7.14,7.68,7.11,7.61,998748
2015-12-03,7.53,7.68,7.39,7.59,692868
2015-12-04,7.53,7.57,7.28,7.32,622259
2015-12-07,7.32,7.38,7.22,7.33,318522
2015-12-08,7.26,7.29,7.04,7.05,397099
2015-12-09,7.04,7.11,6.99,7.04,295076
2015-12-10,7.04,7.1,6.95,6.99,274883
2015-12-11,6.93,6.98,6.86,6.94,279661
2015-12-14,6.83,7.25,6.79,7.22,428245
2015-12-15,7.2,7.25,7.09,7.12,320552
2015-12-16,7.17,7.29,7.15,7.17,363238
2015-12-17,7.25,7.4,7.21,7.28,514011
2015-12-18,7.29,7.38,7.19,7.22,423522
2015-12-21,7.16,7.47,7.13,7.39,625948
2015-12-22,7.41,7.41,7.27,7.36,420135
2015-12-23,7.37,7.47,7.32,7.36,592793
2015-12-24,7.32,7.36,7.04,7.11,453297
2015-12-25,7.13,7.27,7.1,7.2,280955
2015-12-28,7.22,7.27,6.93,6.94,490620
2015-12-29,6.95,7.03,6.9,7.03,244024
2015-12-30,7.01,7.06,6.96,7.02,212860
2015-12-31,7.0,7.13,6.98,7.06,334287
2016-01-04,7.03,7.03,6.33,6.36,298453
2016-01-05,6.12,6.55,6.03,6.32,463333
2016-01-06,6.33,6.58,6.33,6.54,403799
2016-01-07,6.43,6.43,5.83,5.88,113478
2016-01-08,6.06,6.2,5.64,6.04,480924
2016-01-11,6.0,6.39,5.84,5.89,610170
2016-01-12,5.99,6.22,5.79,6.05,445733
2016-01-13,6.11,6.13,5.72,5.74,362089
2016-01-14,5.54,5.93,5.44,5.89,347629
2016-01-15,5.83,5.9,5.45,5.53,334536
2016-01-18,5.4,5.65,5.37,5.48,301553
2016-01-19,5.48,6.13,5.45,6.13,580316
2016-01-20,6.38,6.59,6.23,6.27,1515309
2016-01-21,6.04,6.24,5.84,5.85,740601
2016-01-22,5.97,6.18,5.84,6.06,584298
2016-01-25,6.08,6.14,6.0,6.06,354757
2016-01-26,5.96,6.02,5.36,5.46,444662
2016-01-27,5.55,5.6,5.08,5.38,491317
2016-01-28,5.33,5.38,4.96,5.05,361474
2016-01-29,5.03,5.43,5.03,5.34,420809
2016-02-01,5.32,5.34,5.03,5.13,291478
2016-02-02,5.14,5.39,5.14,5.3,325008
2016-02-03,5.23,5.37,5.14,5.29,370388
2016-02-04,5.37,5.46,5.29,5.36,328699
2016-02-05,5.4,5.47,5.33,5.35,314111
2016-02-15,5.18,5.3,5.09,5.24,193068
2016-02-16,5.3,5.52,5.23,5.45,415216
2016-02-17,5.44,5.86,5.41,5.72,815995
2016-02-18,5.72,5.78,5.6,5.63,510388
2016-02-19,5.61,5.7,5.58,5.64,298449
2016-02-22,5.74,5.87,5.67,5.83,559475
2016-02-23,5.79,5.84,5.6,5.67,359465
2016-02-24,5.64,5.82,5.54,5.75,420894
2016-02-25,5.75,5.75,5.08,5.09,601357
2016-02-26,5.19,5.24,5.05,5.15,348299
2016-02-29,5.15,5.21,4.63,4.92,467069
2016-03-01,4.96,5.1,4.86,5.05,310910
2016-03-02,5.11,5.41,5.05,5.36,569188
2016-03-03,5.34,5.42,5.29,5.34,487345
2016-03-04,5.29,5.48,5.24,5.48,902008
2016-03-07,5.56,5.63,5.44,5.5,402513
2016-03-08,5.48,5.51,5.23,5.5,346741
2016-03-09,5.38,5.51,5.26,5.5,324885
2016-03-10,5.43,5.49,5.24,5.25,178800
2016-03-11,5.24,5.35,5.19,5.33,194768
2016-03-14,5.41,5.52,5.36,5.44,327156
2016-03-15,5.44,5.5,5.31,5.47,320465
2016-03-16,5.44,5.6,5.39,5.56,672467
2016-03-17,5.6,5.66,5.51,5.6,452054
2016-03-18,5.66,5.73,5.57,5.62,975528
2016-03-21,5.65,6.1,5.64,5.84,1203904
2016-03-22,5.76,5.81,5.67,5.72,594613
2016-03-23,5.68,5.75,5.6,5.67,363384
2016-03-24,5.62,5.76,5.57,5.59,376508
2016-03-25,5.58,5.64,5.53,5.6,238636
2016-03-28,5.63,5.71,5.53,5.55,278262
2016-03-29,5.57,5.58,5.29,5.34,427635
2016-03-30,5.41,5.5,5.36,5.49,315614
2016-03-31,5.53,5.58,5.47,5.49,385086
2016-04-01,5.47,5.54,5.35,5.52,351723
2016-04-05,5.48,6.1,5.47,5.76,1220619
2016-04-06,5.71,5.79,5.66,5.72,568276
2016-04-07,5.76,5.83,5.65,5.66,505715
2016-04-08,5.61,5.63,5.42,5.53,340966
2016-04-11,5.59,5.79,5.59,5.66,355920
2016-04-12,5.66,5.71,5.58,5.62,237946
2016-04-13,5.67,5.84,5.67,5.71,634929
2016-04-14,5.76,5.79,5.69,5.76,326989
2016-04-15,5.75,5.79,5.66,5.7,270558
2016-04-18,5.66,5.67,5.57,5.58,251488
2016-04-19,5.64,5.67,5.56,5.59,171820
2016-04-20,5.65,5.65,5.2,5.43,464572
2016-04-21,5.34,5.43,5.28,5.3,220097
2016-04-22,5.28,5.33,5.23,5.29,138732
2016-04-25,5.3,5.3,5.18,5.23,118142
2016-04-26,5.26,5.38,5.24,5.32,164249
2016-05-11,5.29,5.57,5.03,5.31,550272
2016-05-12,5.15,5.23,4.96,5.1,286299
2016-05-13,5.05,5.19,5.03,5.04,182520
2016-05-16,5.03,5.08,4.99,5.06,191321
2016-05-17,5.06,5.09,5.0,5.02,148918
2016-05-18,5.02,5.02,4.81,4.92,242998
2016-05-19,4.9,4.97,4.88,4.89,103504
2016-05-20,4.87,4.92,4.81,4.91,145576
2016-05-23,4.93,4.96,4.87,4.91,169441
2016-05-24,4.91,4.92,4.82,4.84,115535
2016-05-25,4.87,4.89,4.81,4.82,125409
2016-05-26,4.8,4.86,4.72,4.79,140406
2016-05-27,4.79,4.83,4.75,4.82,152135
2016-05-30,4.81,4.92,4.76,4.87,180221
2016-05-31,4.84,5.05,4.83,5.04,383570
2016-06-01,5.03,5.13,5.0,5.02,283589
2016-06-02,5.01,5.03,4.95,4.99,189993
2016-06-03,5.02,5.06,4.96,5.01,186322
2016-06-06,5.01,5.07,4.96,4.98,164793
2016-06-07,5.0,5.02,4.96,4.98,129935
2016-06-08,4.98,4.99,4.93,4.96,157056
2016-06-13,4.88,4.9,4.73,4.74,222319
2016-06-14,4.73,4.78,4.69,4.74,134058
2016-06-15,4.68,4.83,4.65,4.78,194980
2016-06-16,4.8,4.85,4.7,4.72,282439
2016-06-17,4.72,4.78,4.67,4.7,482118
2016-06-20,4.71,4.73,4.67,4.69,157082
2016-06-21,4.71,4.75,4.66,4.68,227405
2016-06-22,4.67,4.71,4.66,4.71,139388
2016-06-23,4.71,4.71,4.65,4.67,180269
2016-06-24,4.67,4.73,4.43,4.57,313286
2016-06-27,4.54,4.61,4.53,4.6,172923
2016-06-28,4.58,4.63,4.56,4.63,177259
2016-06-29,4.63,4.99,4.63,4.81,684498
2016-06-30,4.82,4.83,4.71,4.74,305710
2016-07-01,4.75,4.77,4.71,4.71,155222
2016-07-04,4.72,4.89,4.71,4.84,373408
2016-07-05,4.84,5.08,4.83,5.03,816942
2016-07-06,4.98,4.98,4.88,4.93,405076
2016-07-07,4.94,4.99,4.89,4.94,270906
2016-07-08,4.92,4.95,4.88,4.89,193425
2016-07-11,4.92,4.96,4.88,4.9,267836
2016-07-12,4.89,5.02,4.88,5.01,480502
2016-07-13,5.03,5.2,5.0,5.07,683847
2016-07-14,5.06,5.07,5.0,5.02,319496
2016-07-15,5.07,5.12,5.0,5.03,327424
2016-07-18,5.03,5.05,4.96,4.98,269264
2016-07-19,4.98,5.02,4.96,5.0,163302
2016-07-20,4.98,5.05,4.98,5.01,188174
2016-07-21,5.0,5.05,5.0,5.0,191863
2016-07-22,5.01,5.01,4.91,4.93,215321
2016-07-25,4.92,4.96,4.9,4.93,117272
2016-07-26,4.91,4.98,4.91,4.97,158859
2016-07-27,4.98,5.03,4.68,4.91,425622
2016-07-28,4.87,5.02,4.83,4.94,292417
2016-07-29,4.93,5.19,4.9,5.06,826776
2016-08-01,5.0,5.03,4.84,4.89,496630
2016-08-02,4.89,4.93,4.86,4.92,198611
2016-08-03,4.9,4.96,4.88,4.91,203235
2016-08-04,4.91,4.91,4.83,4.88,205553
2016-08-05,4.87,4.9,4.83,4.84,177156
2016-08-08,4.83,4.93,4.81,4.92,200273
2016-08-09,4.91,5.13,4.89,5.09,682126
2016-08-10,5.08,5.15,5.03,5.07,361389
2016-08-11,5.04,5.09,4.98,4.99,282529
2016-08-12,4.98,5.18,4.98,5.15,481322
2016-08-15,5.21,5.4,5.2,5.35,1168749
2016-08-16,5.34,5.67,5.3,5.49,1168827
2016-08-17,5.43,5.6,5.31,5.47,736010
2016-08-18,5.53,5.67,5.41,5.46,640905
2016-08-19,5.43,5.74,5.36,5.61,913560
2016-08-22,5.61,5.64,5.38,5.39,606524
2016-08-23,5.39,5.5,5.33,5.39,302903
2016-08-24,5.39,5.48,5.37,5.39,198062
2016-08-25,5.33,5.35,5.22,5.28,260278
2016-08-26,5.31,5.4,5.29,5.31,207491
2016-08-29,5.29,5.51,5.23,5.45,382336
2016-08-30,5.41,5.49,5.36,5.41,234102
2016-08-31,5.41,5.43,5.36,5.4,159254
2016-09-01,5.38,5.45,5.26,5.26,335352
2016-09-02,5.26,5.37,5.24,5.36,287638
2016-09-05,5.38,5.41,5.29,5.3,229337
2016-09-06,5.31,5.37,5.22,5.37,250553
2016-09-07,5.38,5.55,5.36,5.44,557831
2016-09-08,5.44,5.44,5.38,5.43,265055
2016-09-09,5.42,5.53,5.39,5.48,450647
2016-09-12,5.44,5.56,5.32,5.55,607922
2016-09-13,5.53,5.58,5.42,5.49,383307
2016-09-14,5.43,5.48,5.36,5.38,260555
2016-09-19,5.38,5.45,5.35,5.39,192072
2016-09-20,5.37,5.44,5.36,5.37,164113
2016-09-21,5.38,5.39,5.32,5.34,174384
2016-09-22,5.37,5.39,5.33,5.34,179104
2016-09-23,5.35,5.37,5.31,5.32,109271
2016-09-26,5.31,5.31,5.15,5.16,195041
2016-09-27,5.15,5.2,5.09,5.16,196879
2016-09-28,5.17,5.17,5.09,5.1,113300
2016-09-29,5.11,5.18,5.08,5.09,152829
2016-09-30,5.07,5.12,5.07,5.09,89370
2016-10-10,5.12,5.2,5.12,5.19,147318
2016-10-11,5.19,5.23,5.18,5.21,135684
2016-10-12,5.2,5.2,5.15,5.17,134908
2016-10-13,5.16,5.27,5.15,5.26,305191
2016-10-14,5.24,5.36,5.2,5.35,534785
2016-10-17,5.35,5.42,5.26,5.28,400854
2016-10-18,5.27,5.7,5.26,5.6,1116453
2016-10-19,5.6,5.7,5.52,5.55,682303
2016-10-20,5.52,5.57,5.47,5.52,371667
2016-10-21,5.52,6.16,5.49,6.16,3075583
2016-10-24,6.15,6.6,6.11,6.43,3365810
2016-10-25,6.36,6.39,6.18,6.32,1967291
2016-10-26,6.23,6.49,6.2,6.25,1744773
2016-10-27,6.19,6.25,6.04,6.16,1105833
2016-10-28,6.12,6.19,5.94,5.95,1025261
2016-10-31,5.92,6.0,5.84,5.9,761100
2016-11-01,5.92,5.97,5.86,5.95,752637
2016-11-02,5.93,5.93,5.73,5.76,863004
2016-11-03,5.74,6.27,5.74,6.19,2014928
2016-11-04,6.11,6.35,6.02,6.13,1383028
2016-11-07,6.1,6.19,5.99,6.11,639942
2016-11-08,6.16,6.33,6.03,6.1,936239
2016-11-09,6.04,6.25,5.92,6.04,957424
2016-11-10,6.13,6.41,6.13,6.22,1235676
2016-11-11,6.18,6.59,6.16,6.38,1874050
2016-11-14,6.33,6.71,6.32,6.57,2102603
2016-11-15,6.55,6.56,6.38,6.41,1041721
2016-11-16,6.42,6.45,6.27,6.34,662548
2016-11-17,6.31,6.84,6.27,6.66,1428946
2016-11-18,6.68,6.74,6.45,6.48,1086406
2016-11-21,6.49,6.87,6.46,6.68,1588374
2016-11-22,6.62,6.86,6.57,6.72,1458770
2016-11-23,6.71,6.8,6.57,6.6,903473
2016-11-24,6.64,6.71,6.56,6.63,818360
2016-11-25,6.62,6.75,6.38,6.72,1153914
2016-11-28,6.7,7.18,6.68,7.05,2205072
2016-11-29,6.92,7.84,6.86,7.49,3461380
2016-11-30,7.33,7.55,7.11,7.15,1923773
2016-12-01,7.11,7.24,7.03,7.14,1176804
2016-12-02,7.11,7.37,7.04,7.29,1566164
2016-12-05,7.03,7.08,6.47,6.51,2153143
2016-12-06,6.43,6.62,6.41,6.47,933798
2016-12-07,6.48,6.54,6.31,6.52,720018
2016-12-08,6.5,6.5,6.31,6.33,718722
2016-12-09,6.32,6.58,6.27,6.5,1373894
2016-12-12,6.43,6.44,6.06,6.27,1212151
2016-12-13,6.2,6.28,6.11,6.23,602725
2016-12-14,6.2,6.22,5.94,5.98,826431
2016-12-15,6.0,6.1,5.96,6.01,489624
2016-12-16,5.98,6.1,5.95,6.05,486069
2016-12-19,6.04,6.16,6.01,6.07,393304
2016-12-20,6.07,6.15,5.97,6.07,372430
2016-12-21,6.1,6.33,6.07,6.28,949622
2016-12-22,6.25,6.39,6.22,6.27,601845
2016-12-23,6.23,6.32,6.19,6.24,478735
2016-12-26,6.18,6.49,6.0,6.38,782199
2016-12-27,6.36,6.51,6.35,6.37,751522
2016-12-28,6.36,6.37,6.21,6.26,442423
2016-12-29,6.25,6.5,6.19,6.44,808387
2016-12-30,6.39,6.46,6.26,6.37,621551
2017-01-03,6.37,6.43,6.34,6.37,473848
2017-01-04,6.37,6.46,6.34,6.42,625450
2017-01-05,6.38,6.42,6.29,6.32,562641
2017-01-06,6.29,6.35,6.21,6.24,495982
2017-01-09,6.27,6.37,6.25,6.36,493312
2017-01-10,6.35,6.35,6.21,6.22,437453
2017-01-11,6.2,6.34,6.07,6.21,765543
2017-01-12,6.16,6.27,6.14,6.15,467484
2017-01-13,6.12,6.2,6.07,6.15,453954
2017-01-16,6.13,6.25,5.89,6.19,1075624
2017-01-17,6.17,6.18,6.06,6.13,247827
2017-01-18,6.13,6.27,6.11,6.18,490302
2017-01-19,6.16,6.24,6.12,6.15,294951
2017-01-20,6.13,6.22,6.12,6.2,243995
2017-01-23,6.2,6.25,6.18,6.21,321337
2017-01-24,6.21,6.54,6.18,6.37,716348
2017-01-25,6.33,6.46,6.3,6.44,656723
2017-01-26,6.45,6.47,6.31,6.36,562827
2017-02-03,6.35,6.37,6.31,6.32,236195
2017-02-06,6.32,6.46,6.31,6.35,804435
2017-02-07,6.35,6.37,6.25,6.29,461072
2017-02-08,6.28,6.3,6.19,6.28,463435
2017-02-09,6.28,6.43,6.26,6.41,1170697
2017-02-10,6.44,6.77,6.41,6.61,2130129
2017-02-13,6.64,6.85,6.57,6.64,1216658
2017-02-14,6.65,6.81,6.6,6.8,1122245
2017-02-15,6.77,6.77,6.61,6.63,852831
2017-02-16,6.61,6.91,6.59,6.83,1116358
2017-02-17,6.86,6.86,6.63,6.66,899582
2017-02-20,6.67,6.86,6.67,6.85,1016526
2017-02-21,6.88,6.9,6.77,6.84,649816
2017-02-22,6.82,6.86,6.73,6.81,632490
2017-02-23,6.8,6.84,6.66,6.72,680664
2017-02-24,6.69,6.72,6.6,6.72,517585
2017-02-27,6.71,6.83,6.63,6.67,557949
2017-02-28,6.68,6.73,6.61,6.72,482567
2017-03-01,6.71,6.78,6.65,6.67,611490
2017-03-02,6.68,6.73,6.52,6.55,543521
2017-03-03,6.53,6.55,6.42,6.53,666524
2017-03-06,6.51,6.55,6.47,6.52,402441
2017-03-07,6.51,6.53,6.44,6.48,404047
2017-03-08,6.48,6.59,6.47,6.5,422407
2017-03-09,6.49,6.49,6.38,6.46,389880
2017-03-10,6.45,6.45,6.38,6.39,266427
2017-03-13,6.36,6.45,6.28,6.42,450290
2017-03-14,6.4,6.46,6.38,6.42,296858
2017-03-15,6.42,6.48,6.34,6.42,361454
2017-03-16,6.47,6.53,6.44,6.49,443174
2017-03-17,6.53,6.55,6.43,6.45,428556
2017-03-20,6.44,6.6,6.44,6.56,515449
2017-03-21,6.56,6.77,6.53,6.7,1025479
2017-03-22,6.68,6.91,6.64,6.77,1354533
2017-03-23,6.75,6.79,6.6,6.75,794664
2017-03-24,6.74,7.26,6.66,7.09,1952289
2017-03-27,7.01,7.17,6.94,6.96,1412552
2017-03-28,6.95,7.08,6.92,6.93,917934
2017-03-29,6.94,7.1,6.9,6.94,1049622
2017-03-30,6.91,7.18,6.88,6.93,1356250
2017-03-31,6.91,6.96,6.74,6.79,850994
2017-04-05,6.97,7.46,6.93,7.38,2582741
2017-04-06,7.36,7.64,7.27,7.51,2072064
2017-04-07,7.47,7.51,7.29,7.38,1073393
2017-04-10,7.42,7.56,7.27,7.32,1286974
2017-04-11,7.32,7.57,7.23,7.49,1600184
2017-04-12,7.44,7.44,7.25,7.3,825165
2017-04-13,7.28,7.5,7.22,7.34,932414
2017-04-14,7.34,7.61,7.3,7.38,1579819
2017-04-17,7.4,7.66,7.34,7.64,1955237
2017-04-18,7.64,7.76,7.48,7.53,1684918
2017-04-19,7.5,7.61,7.22,7.4,1590193
2017-04-20,7.34,7.7,7.31,7.67,1533337
2017-04-21,7.76,7.84,7.5,7.67,1488264
2017-04-24,7.57,7.59,6.92,7.2,1727008
2017-04-25,7.13,7.2,6.94,7.09,723346
2017-04-26,7.09,7.15,7.02,7.15,555892
2017-04-27,7.08,7.36,6.91,7.3,1110127
2017-04-28,7.22,7.44,7.22,7.43,868041
2017-05-02,7.49,7.68,7.42,7.53,996327
2017-05-03,7.46,7.58,7.22,7.29,1051275
2017-05-04,7.25,8.11,7.16,7.8,2539582
2017-05-05,7.71,7.97,7.67,7.86,2218195
2017-05-08,7.81,7.96,7.37,7.74,2430730
2017-05-09,7.59,7.69,7.4,7.57,988345
2017-05-10,7.59,7.69,7.11,7.15,1424133
2017-05-11,6.96,7.43,6.93,7.36,1280660
2017-05-12,7.31,7.38,7.16,7.2,886166
2017-05-15,7.28,7.34,7.05,7.09,860060
2017-05-16,7.04,7.07,6.76,7.06,924878
2017-05-17,7.03,7.21,6.99,7.14,674149
2017-05-18,7.06,7.13,6.88,6.94,700707
2017-05-19,6.93,6.98,6.77,6.86,606380
2017-05-22,6.84,6.86,6.47,6.66,912091
2017-05-23,6.59,6.77,6.47,6.76,713887
2017-05-24,6.67,6.76,6.59,6.76,359384
2017-05-25,6.71,6.88,6.63,6.8,539035
2017-05-26,6.79,7.14,6.76,6.97,791143
2017-05-31,7.02,7.09,6.91,7.05,678007
2017-06-01,7.01,7.13,6.94,7.11,747717
2017-06-02,7.07,7.11,6.96,7.06,394747
2017-06-05,7.07,7.09,6.97,7.0,277769
2017-06-06,6.97,7.04,6.95,7.03,245684
2017-06-07,7.04,7.13,7.01,7.13,383794
2017-06-08,7.13,7.13,7.04,7.04,268780
2017-06-09,7.0,7.28,7.0,7.22,807788
2017-06-12,7.22,7.24,7.14,7.2,393636
2017-06-13,7.17,7.26,7.12,7.19,292267
2017-06-14,7.17,7.18,6.99,7.03,457030
2017-06-15,7.03,7.08,7.01,7.02,259854
2017-06-16,7.02,7.05,6.86,6.89,348759
2017-06-19,6.88,6.99,6.88,6.94,222142
2017-06-20,6.95,6.98,6.88,6.89,255812
2017-06-21,6.95,7.03,6.91,7.0,339116
2017-06-22,7.0,7.14,6.96,7.04,570904
2017-06-23,7.03,7.11,6.95,7.1,457077
2017-06-26,7.06,7.17,7.05,7.11,423984
2017-06-27,7.11,7.16,7.06,7.14,374992
2017-06-28,7.11,7.17,7.03,7.05,376363
2017-06-29,7.04,7.08,7.02,7.04,220855
2017-06-30,7.01,7.08,6.93,7.03,333296
2017-07-03,7.01,7.06,6.99,7.02,213880
2017-07-04,7.03,7.06,6.94,7.05,340040
2017-07-05,7.02,7.05,6.98,7.04,213881
2017-07-06,7.03,7.06,6.97,7.02,256449
2017-07-07,7.01,7.05,6.96,7.01,242902
2017-07-10,7.01,7.14,6.97,7.12,467293
2017-07-11,7.1,7.16,7.07,7.09,327331
2017-07-12,7.08,7.28,7.06,7.26,793598
2017-07-13,7.27,7.43,7.22,7.36,790870
2017-07-14,7.38,7.41,7.3,7.37,424652
2017-07-17,7.34,7.44,6.99,7.27,706515
2017-07-18,7.23,7.49,7.2,7.49,852619
2017-07-19,7.45,7.59,7.4,7.48,1151332
2017-07-20,7.48,7.59,7.45,7.54,721180
2017-07-21,7.53,7.64,7.46,7.49,605040
2017-07-24,7.46,7.51,7.34,7.36,649743
2017-07-25,7.33,7.38,7.27,7.32,412010
2017-07-26,7.32,7.48,7.25,7.45,493501
2017-07-27,7.45,7.45,7.25,7.34,522131
2017-07-28,7.3,7.36,7.29,7.3,235660
2017-07-31,7.3,7.38,7.26,7.3,447612
2017-08-01,7.29,7.37,7.27,7.37,480048
2017-08-02,7.35,7.41,7.19,7.21,611335
2017-08-03,7.19,7.27,7.09,7.14,392553
2017-08-04,7.14,7.18,7.09,7.1,279041
2017-08-07,7.1,7.13,7.05,7.12,198511
2017-08-08,7.13,7.23,7.11,7.17,300366
2017-08-09,7.19,7.2,7.09,7.1,237173
2017-08-10,7.08,7.24,7.02,7.19,386320
2017-08-11,7.14,7.19,7.04,7.17,447400
2017-08-14,7.16,7.3,7.11,7.26,413796
2017-08-15,7.25,7.31,7.21,7.23,170027
2017-08-16,7.22,7.24,7.12,7.15,183817
2017-08-17,7.14,7.46,7.12,7.45,933656
2017-08-18,7.39,7.53,7.37,7.41,859867
2017-08-21,7.48,7.48,7.33,7.39,413466
2017-08-22,7.38,7.4,7.3,7.36,337234
2017-08-23,7.36,7.39,7.28,7.28,284495
2017-08-24,7.27,7.31,7.19,7.21,221339
2017-08-25,7.2,7.59,7.19,7.46,658956
2017-08-28,7.44,7.57,7.42,7.48,906213
2017-08-29,7.52,7.55,7.42,7.46,323489
2017-08-30,7.47,7.5,7.41,7.45,464348
2017-08-31,7.45,7.5,7.32,7.38,363744
2017-09-01,7.37,7.39,7.25,7.31,478481
2017-09-04,7.32,7.36,7.28,7.34,317429
2017-09-05,7.33,7.36,7.27,7.28,234441
2017-09-06,7.27,8.09,7.24,7.56,2788207
2017-09-07,7.52,7.58,7.4,7.43,870319
2017-09-08,7.41,7.48,7.33,7.36,475508
2017-09-11,7.36,7.45,7.34,7.36,448338
2017-09-12,7.38,7.41,7.3,7.35,515627
2017-09-13,7.32,7.41,7.3,7.35,453157
2017-09-14,7.35,7.38,7.29,7.32,373075
2017-09-15,7.34,7.44,7.32,7.36,488806
2017-09-18,7.39,7.48,7.33,7.36,417905
2017-09-19,7.36,7.42,7.32,7.35,312671
2017-09-20,7.35,7.35,7.27,7.31,346940
2017-09-21,7.33,7.4,7.29,7.31,346439
2017-09-22,7.29,7.36,7.19,7.32,563026
2017-09-25,7.29,7.38,7.22,7.35,428824
2017-09-26,7.32,7.41,7.32,7.35,239263
2017-09-27,7.35,7.38,7.29,7.3,148338
2017-09-28,7.3,7.33,7.22,7.28,233151
2017-09-29,7.26,7.29,7.2,7.22,206357
2017-10-09,7.27,7.31,7.2,7.2,345028
2017-10-10,7.22,7.24,7.2,7.23,153054
2017-10-11,7.23,7.26,7.19,7.21,197670
2017-10-12,7.2,7.22,7.1,7.12,279299
2017-10-13,7.11,7.14,7.07,7.11,207237
2017-10-16,7.1,7.17,7.09,7.11,201867
2017-10-17,7.1,7.11,7.04,7.05,174045
2017-10-18,7.07,7.16,7.04,7.14,287994
2017-10-19,7.12,7.19,7.06,7.18,327289
2017-10-20,7.15,7.17,7.11,7.13,119938
2017-10-23,7.11,7.13,7.05,7.07,161367
2017-10-24,7.08,7.21,7.07,7.19,400176
2017-10-25,7.18,7.2,7.14,7.17,153133
2017-10-26,7.17,7.33,7.14,7.27,579300
2017-10-27,7.24,7.25,7.12,7.15,266269
2017-10-30,7.16,7.16,6.95,7.13,427809
2017-10-31,7.05,7.1,6.98,7.01,210898
2017-11-01,7.0,7.12,6.99,7.05,382493
2017-11-02,7.01,7.06,6.97,7.04,339411
2017-11-03,7.0,7.03,6.76,6.98,508966
2017-11-06,6.92,6.96,6.78,6.81,321696
2017-11-07,6.83,6.87,6.8,6.83,189210
2017-11-08,6.83,6.87,6.79,6.84,206743
2017-11-09,6.84,6.84,6.78,6.81,211269
2017-11-10,6.82,6.82,6.66,6.66,314354
2017-11-13,6.65,6.71,6.54,6.54,303310
2017-11-14,6.57,6.6,6.47,6.5,313871
2017-11-15,6.49,6.54,6.46,6.49,244166
2017-11-16,6.46,6.49,6.38,6.38,217826
2017-11-17,6.38,6.61,6.22,6.58,691435
2017-11-20,6.52,6.62,6.48,6.55,223702
2017-11-21,6.56,6.64,6.5,6.58,233841
2017-11-22,6.57,6.69,6.53,6.63,352401
2017-11-23,6.61,6.66,6.35,6.47,330012
2017-11-24,6.4,6.5,6.4,6.47,168734
2017-11-27,6.57,6.66,6.51,6.52,195158
2017-11-28,6.54,6.55,6.44,6.5,110480
2017-11-29,6.51,6.52,6.37,6.44,184097
2017-11-30,6.44,6.57,6.4,6.46,185118
2017-12-01,6.45,6.59,6.43,6.55,210744
2017-12-04,6.52,6.61,6.49,6.59,164202
2017-12-05,6.59,6.81,6.59,6.77,651896
2017-12-06,6.72,6.78,6.67,6.71,227294
2017-12-07,6.7,6.78,6.68,6.72,173462
2017-12-08,6.73,6.74,6.66,6.7,189909
2017-12-11,6.72,6.75,6.67,6.7,137989
2017-12-12,6.7,6.74,6.66,6.68,121665
2017-12-13,6.67,6.72,6.65,6.69,76803
2017-12-14,6.67,6.69,6.57,6.6,121123
2017-12-15,6.6,6.65,6.52,6.57,112914
2017-12-18,6.55,6.61,6.41,6.58,132670
2017-12-19,6.56,6.58,6.53,6.53,78230
2017-12-20,6.55,6.56,6.46,6.55,147984
2017-12-21,6.52,6.54,6.45,6.48,79179
2017-12-22,6.46,6.5,6.44,6.45,69474
2017-12-25,6.42,6.55,6.42,6.52,140633
2017-12-26,6.5,6.53,6.46,6.49,90009
2017-12-27,6.47,6.5,6.4,6.45,130536
2017-12-28,6.43,6.44,6.39,6.41,77454
2017-12-29,6.4,6.44,6.39,6.41,56880
2018-01-02,6.41,6.59,6.41,6.54,169828
2018-01-03,6.56,6.63,6.53,6.59,177172
2018-01-04,6.59,6.67,6.58,6.64,157048
2018-01-05,6.63,6.74,6.62,6.67,205616
2018-01-08,6.65,6.77,6.64,6.73,201878
2018-01-09,6.72,6.76,6.65,6.7,142526
2018-01-10,6.68,6.73,6.61,6.64,152648
2018-01-11,6.63,6.81,6.63,6.76,229262
2018-01-12,6.77,6.78,6.69,6.7,83029
2018-01-15,6.73,6.74,6.54,6.56,225423
2018-01-16,6.56,6.6,6.54,6.6,105079
2018-01-17,6.6,6.83,6.6,6.81,352359
2018-01-18,6.77,7.04,6.74,6.98,656833
2018-01-19,6.92,6.94,6.82,6.89,364549
2018-01-22,6.88,6.96,6.81,6.87,224887
2018-01-23,6.84,6.91,6.8,6.89,254888
2018-01-24,6.86,6.98,6.83,6.9,288766
2018-01-25,6.86,6.94,6.8,6.82,314926
2018-01-26,6.82,6.89,6.8,6.84,262624
2018-01-29,6.84,6.91,6.75,6.76,279267
2018-01-30,6.71,6.75,6.65,6.65,179418
2018-01-31,6.66,6.67,6.48,6.52,197388
2018-02-01,6.53,6.64,6.31,6.63,389884
2018-02-02,6.58,6.58,6.46,6.54,132225
2018-02-05,6.49,6.55,6.47,6.53,201484
2018-02-06,6.19,6.54,6.15,6.53,487570
2018-02-07,6.51,6.55,6.37,6.52,252301
2018-02-08,6.49,6.54,6.24,6.45,189578
2018-02-09,6.37,6.44,5.81,6.43,381321
2018-02-12,6.35,6.37,6.25,6.33,108053
2018-02-13,6.36,6.39,6.3,6.31,78805
2018-02-14,6.31,6.38,6.27,6.28,60326
2018-02-22,6.33,6.36,6.31,6.35,61034
2018-02-23,6.37,6.46,6.35,6.44,98482
2018-02-26,6.46,6.62,6.43,6.58,171244
2018-02-27,6.56,6.6,6.5,6.58,110803
2018-02-28,6.55,6.59,6.52,6.53,75375
2018-03-01,6.5,6.52,6.35,6.39,173006
2018-03-02,6.35,6.44,6.34,6.39,64472
2018-03-05,6.38,6.43,6.36,6.4,73895
2018-03-06,6.42,6.44,6.38,6.44,63647
2018-03-07,6.44,6.46,6.34,6.42,87963
2018-03-08,6.39,6.41,6.36,6.4,63481
2018-03-09,6.39,6.41,6.36,6.39,90866
2018-03-12,6.38,6.4,6.35,6.38,157836
2018-03-13,6.37,6.38,6.29,6.36,152493
2018-03-14,6.32,6.35,6.29,6.3,65315
2018-03-15,6.28,6.31,6.26,6.29,78786
2018-03-16,6.27,6.31,6.24,6.28,88519
2018-03-19,6.27,6.3,6.23,6.26,104904
2018-03-20,6.25,6.3,6.2,6.25,97963
2018-03-21,6.25,6.28,6.21,6.25,93366
2018-03-22,6.24,6.26,6.15,6.18,129153
2018-03-23,6.11,6.11,5.88,5.9,183499
2018-03-26,5.84,5.95,5.71,5.9,118393
2018-03-27,5.94,5.99,5.9,5.92,82037
2018-03-28,5.92,5.92,5.82,5.83,61940
2018-03-29,5.82,5.9,5.81,5.9,75201
2018-03-30,5.9,5.94,5.88,5.9,58703
2018-04-02,5.89,5.93,5.86,5.86,76537
2018-04-03,5.8,5.81,5.75,5.76,67846
2018-04-04,5.78,5.8,5.7,5.71,67148
2018-04-09,5.7,5.77,5.62,5.74,123770
2018-04-10,5.75,5.82,5.72,5.82,73575
2018-04-11,5.84,5.85,5.79,5.8,69197
2018-04-12,5.81,5.82,5.71,5.71,74838
2018-04-13,5.74,5.79,5.71,5.72,72270
2018-04-16,5.68,5.72,5.66,5.66,66136
2018-04-17,5.67,5.71,5.63,5.63,87160
2018-04-18,5.64,5.68,5.55,5.65,84151
2018-04-19,5.67,5.68,5.61,5.64,55257
2018-04-20,5.65,5.67,5.39,5.4,127766
2018-04-23,5.39,5.5,5.38,5.44,103727
2018-04-24,5.42,5.62,5.42,5.62,128857
2018-04-25,5.57,5.69,5.55,5.6,97220
2018-04-26,5.59,5.67,5.55,5.56,80960
2018-04-27,5.56,5.61,5.5,5.55,96906
2018-05-02,5.55,5.6,5.39,5.41,128452
2018-05-03,5.41,5.5,5.39,5.47,92865
2018-05-04,5.48,5.53,5.46,5.46,76851
2018-05-07,5.49,5.55,5.49,5.54,74791
2018-05-08,5.54,5.59,5.53,5.58,72203
2018-05-09,5.61,5.61,5.5,5.52,78708
2018-05-10,5.54,5.58,5.52,5.57,77115
2018-05-11,5.56,5.57,5.45,5.47,123148
2018-05-14,5.45,5.49,5.41,5.44,89507
2018-05-15,5.45,5.46,5.4,5.45,101496
2018-05-16,5.41,5.43,5.39,5.4,86127
2018-05-17,5.4,5.42,5.36,5.37,84678
2018-05-18,5.37,5.42,5.35,5.41,82085
2018-05-21,5.44,5.47,5.43,5.45,79735
2018-05-22,5.45,5.46,5.4,5.43,59914
2018-05-23,5.45,5.45,5.38,5.38,63913
2018-05-24,5.38,5.39,5.33,5.35,75427
2018-05-25,5.34,5.35,5.25,5.26,84582
2018-05-28,5.25,5.3,5.24,5.29,69759
2018-05-29,5.29,5.29,5.18,5.21,98585
2018-05-30,5.18,5.18,4.99,5.0,109900
2018-05-31,5.05,5.07,5.0,5.03,118986
2018-06-01,5.06,5.06,5.0,5.05,87248
2018-06-04,5.07,5.07,5.01,5.02,62317
2018-06-05,5.01,5.04,5.0,5.03,80119
2018-06-06,5.01,5.02,4.89,4.91,161846
2018-06-07,4.91,4.93,4.82,4.83,147826
2018-06-08,4.84,4.9,4.7,4.83,357334
2018-06-11,4.85,4.85,4.72,4.79,140767
2018-06-12,4.78,4.81,4.73,4.79,109324
2018-06-13,4.8,4.8,4.71,4.74,84249
2018-06-14,4.76,4.8,4.7,4.74,86602
2018-06-15,4.56,4.74,4.55,4.7,116309
2018-06-19,4.6,4.74,4.29,4.67,253965
2018-06-20,4.67,4.76,4.57,4.74,156528
2018-06-21,4.74,4.8,4.64,4.68,155606
2018-06-22,4.6,4.69,4.57,4.67,84739
2018-06-25,4.68,4.72,4.6,4.66,67334
2018-06-26,4.62,4.69,4.54,4.68,106453
2018-06-27,4.66,4.7,4.57,4.65,94635
2018-06-28,4.61,4.65,4.55,4.64,143067
2018-06-29,4.64,4.7,4.58,4.65,241364
2018-07-02,4.62,4.67,4.46,4.65,215156
2018-07-03,4.61,4.69,4.39,4.66,373632
2018-07-04,4.58,4.66,4.53,4.64,240454
2018-07-05,4.59,4.69,4.58,4.65,145962
2018-07-06,4.65,4.66,4.57,4.63,93278
2018-07-09,4.64,5.05,4.64,4.83,230071
2018-07-10,4.83,4.87,4.76,4.78,118073
2018-07-11,4.75,4.75,4.66,4.69,76454
2018-07-12,4.69,4.83,4.68,4.8,144708
2018-07-13,4.77,4.79,4.7,4.71,108851
2018-07-16,4.71,4.72,4.61,4.62,81816
2018-07-17,4.61,4.61,4.57,4.59,64327
2018-07-18,4.6,4.6,4.56,4.59,71955
2018-07-19,4.58,4.64,4.57,4.59,123345
2018-07-20,4.58,4.62,4.48,4.6,144052
2018-07-23,4.58,4.89,4.57,4.8,518681
2018-07-24,4.82,5.21,4.82,5.1,820082
2018-07-25,5.07,5.07,4.94,4.97,380279
2018-07-26,4.97,5.03,4.94,4.95,206768
2018-07-27,4.97,5.09,4.9,4.97,275345
2018-07-30,4.97,5.16,4.94,5.08,364688
2018-07-31,5.05,5.09,4.89,4.96,285295
2018-08-01,5.05,5.11,4.9,4.91,316632
2018-08-02,4.87,4.94,4.66,4.91,330169
2018-08-03,4.87,4.87,4.67,4.69,188963
2018-08-06,4.69,4.8,4.64,4.65,165409
2018-08-07,4.7,5.07,4.62,5.05,558882
2018-08-08,5.03,5.07,4.97,5.0,295205
2018-08-09,4.99,5.12,4.97,5.05,315015
2018-08-10,5.05,5.13,5.01,5.07,221170
2018-08-13,4.99,5.05,4.9,5.02,219047
2018-08-14,4.99,5.03,4.93,4.98,146063
2018-08-15,4.98,5.09,4.92,4.93,184522
2018-08-16,4.83,4.88,4.76,4.78,182763
2018-08-17,4.84,4.85,4.69,4.7,155618
2018-08-20,4.7,4.75,4.63,4.73,127255
2018-08-21,4.7,4.85,4.7,4.81,177572
2018-08-22,4.79,4.8,4.69,4.7,143994
2018-08-23,4.7,4.74,4.63,4.71,124524
2018-08-24,4.69,4.73,4.64,4.72,114205
2018-08-27,4.72,4.81,4.69,4.8,153776
2018-08-28,4.8,4.81,4.76,4.8,107280
2018-08-29,4.8,4.8,4.72,4.75,90862
2018-08-30,4.73,4.77,4.66,4.66,80587
2018-08-31,4.67,4.72,4.63,4.66,149209
2018-09-03,4.64,4.67,4.53,4.57,136197
2018-09-04,4.58,4.63,4.53,4.61,115611
2018-09-05,4.58,4.63,4.54,4.55,104329
2018-09-06,4.53,4.58,4.48,4.48,89218
2018-09-07,4.5,4.56,4.45,4.51,99185
2018-09-10,4.5,4.54,4.46,4.47,78335
2018-09-11,4.47,4.53,4.46,4.49,64368
2018-09-12,4.49,4.52,4.47,4.47,81723
2018-09-13,4.5,4.54,4.48,4.53,77011
2018-09-14,4.52,4.55,4.49,4.5,67902
2018-09-17,4.49,4.56,4.42,4.45,131552
2018-09-18,4.44,4.72,4.42,4.67,337429
2018-09-19,4.63,4.67,4.6,4.63,236536
2018-09-20,4.64,4.66,4.59,4.59,142806
2018-09-21,4.59,4.67,4.57,4.66,169570
2018-09-25,4.62,4.66,4.61,4.64,89753
2018-09-26,4.64,4.69,4.62,4.64,151453
2018-09-27,4.63,4.69,4.62,4.63,130124
2018-09-28,4.64,4.69,4.62,4.64,149212
2018-10-08,4.59,4.62,4.47,4.49,138585
2018-10-09,4.49,4.52,4.46,4.49,77333
2018-10-10,4.49,4.62,4.48,4.56,134108
2018-10-11,4.47,4.51,4.12,4.17,269065
2018-10-12,4.18,4.29,4.12,4.25,185439
2018-10-15,4.28,4.29,4.19,4.2,103770
2018-10-16,4.22,4.25,4.14,4.15,106075
2018-10-17,4.2,4.28,4.18,4.24,126696
2018-10-18,4.22,4.24,4.02,4.09,131652
2018-10-19,4.07,4.19,4.01,4.19,122311
2018-10-22,4.24,4.4,4.2,4.34,240514
2018-10-23,4.34,4.36,4.19,4.23,161806
2018-10-24,4.2,4.26,4.12,4.13,244737
2018-10-25,4.02,4.07,3.97,4.05,177394
2018-10-26,4.07,4.13,4.03,4.06,190481
2018-10-29,4.05,4.09,3.89,3.92,252622
2018-10-30,3.92,3.95,3.85,3.91,225526
2018-10-31,3.94,4.14,3.92,4.02,471504
2018-11-01,4.05,4.13,3.97,3.98,486458
2018-11-02,4.03,4.11,4.03,4.11,446664
2018-11-05,4.09,4.11,4.05,4.11,262374
2018-11-06,4.11,4.11,4.03,4.08,175054
2018-11-07,4.09,4.1,4.05,4.07,203476
2018-11-08,4.1,4.11,4.01,4.02,168086
2018-11-09,4.01,4.01,3.89,3.92,214245
2018-11-12,3.92,4.0,3.91,3.99,226129
2018-11-13,3.95,4.07,3.93,4.05,351963
2018-11-14,4.04,4.1,4.03,4.07,302857
2018-11-15,4.06,4.13,4.04,4.12,281142
2018-11-16,4.15,4.16,4.07,4.12,277207
2018-11-19,4.12,4.17,4.09,4.17,343608
2018-11-20,4.14,4.21,4.08,4.09,290087
2018-11-21,4.05,4.11,4.03,4.08,184754
2018-11-22,4.08,4.12,4.05,4.1,175660
2018-11-23,4.09,4.19,3.98,4.0,263659
2018-11-26,3.99,4.07,3.95,3.97,131825
2018-11-27,3.99,4.02,3.93,3.95,157058
2018-11-28,3.96,3.99,3.9,3.97,162823
2018-11-29,3.99,4.07,3.95,3.95,313859
2018-11-30,3.95,4.0,3.91,4.0,229763
2018-12-03,4.07,4.1,4.02,4.06,431806
2018-12-04,4.06,4.14,4.03,4.12,389059
2018-12-05,4.06,4.09,4.04,4.07,213458
2018-12-06,4.04,4.06,3.96,3.99,185496
2018-12-07,4.0,4.15,3.99,4.12,376279
2018-12-10,4.09,4.14,4.07,4.11,244263
2018-12-11,4.11,4.13,4.06,4.09,154142
2018-12-12,4.1,4.15,4.09,4.13,184777
2018-12-13,4.15,4.35,4.13,4.28,610483
2018-12-14,4.27,4.33,4.21,4.24,525728
2018-12-17,4.23,4.33,4.23,4.31,335767
2018-12-18,4.28,4.33,4.23,4.3,277821
2018-12-19,4.3,4.31,4.2,4.22,212959
2018-12-20,4.2,4.25,4.12,4.18,210697
2018-12-21,4.17,4.19,4.12,4.15,137737
2018-12-24,4.15,4.21,4.12,4.16,119060
2018-12-25,4.14,4.14,3.97,4.04,186706
2018-12-26,4.02,4.07,4.02,4.05,102435
2018-12-27,4.09,4.13,4.02,4.06,140836
2018-12-28,4.11,4.15,4.09,4.15,173778
2019-01-02,4.15,4.22,4.12,4.21,168407
2019-01-03,4.19,4.25,4.14,4.19,160660
2019-01-04,4.14,4.31,4.14,4.29,212966
2019-01-07,4.3,4.4,4.3,4.38,258613
2019-01-08,4.39,4.4,4.34,4.37,161515
2019-01-09,4.37,4.42,4.27,4.28,243781
2019-01-10,4.32,4.37,4.29,4.29,177124
2019-01-11,4.27,4.33,4.27,4.28,134270
2019-01-14,4.3,4.34,4.27,4.28,119399
2019-01-15,4.26,4.33,4.26,4.32,159889
2019-01-16,4.34,4.34,4.25,4.26,169213
2019-01-17,4.29,4.3,4.22,4.24,108923
2019-01-18,4.27,4.41,4.25,4.4,338885
2019-01-21,4.41,4.52,4.39,4.49,280039
2019-01-22,4.49,4.51,4.44,4.47,133915
2019-01-23,4.46,4.47,4.37,4.41,110732
2019-01-24,4.44,4.45,4.32,4.37,149255
2019-01-25,4.37,4.4,4.34,4.35,124430
2019-01-28,4.38,4.43,4.34,4.37,120528
2019-01-29,4.37,4.37,4.27,4.31,148934
2019-01-30,4.31,4.32,4.24,4.29,96957
2019-01-31,4.31,4.34,4.26,4.29,124566
2019-02-01,4.31,4.34,4.27,4.34,120992
2019-02-11,4.34,4.4,4.33,4.4,184562
2019-02-12,4.4,4.43,4.37,4.42,242134
2019-02-13,4.42,4.53,4.39,4.49,381497
2019-02-14,4.48,4.5,4.44,4.45,247490
2019-02-15,4.45,4.45,4.38,4.39,251522
2019-02-18,4.41,4.5,4.41,4.5,272315
2019-02-19,4.5,4.54,4.44,4.47,340785
2019-02-20,4.48,4.49,4.44,4.46,194299
2019-02-21,4.43,4.49,4.39,4.4,461858
2019-02-22,4.4,4.44,4.35,4.43,298344
2019-02-25,4.45,4.76,4.45,4.73,853181
2019-02-26,4.74,5.27,4.65,5.17,1953375
2019-02-27,5.07,5.12,4.93,4.99,1105351
2019-02-28,5.01,5.05,4.88,4.92,503784
2019-03-01,4.94,4.99,4.89,4.99,494488
2019-03-04,5.11,5.14,5.01,5.02,983339
2019-03-05,4.98,5.45,4.92,5.16,1072071
2019-03-06,5.09,5.36,5.09,5.29,1009115
2019-03-07,5.24,5.38,5.17,5.24,999631
2019-03-08,5.1,5.18,4.86,4.89,771296
2019-03-11,4.94,5.09,4.92,5.06,498136
2019-03-12,5.09,5.28,5.06,5.1,854448
2019-03-13,5.1,5.17,4.99,5.05,582561
2019-03-14,5.0,5.13,4.9,4.97,448087
2019-03-15,5.02,5.14,4.98,5.07,512056
2019-03-18,5.12,5.34,5.11,5.29,1002537
2019-03-19,5.31,5.44,5.2,5.24,770884
2019-03-20,5.26,5.27,5.11,5.23,498400
2019-03-21,5.24,5.27,5.18,5.18,554689
2019-03-22,5.21,5.21,5.09,5.18,426458
2019-03-25,5.09,5.15,5.06,5.07,426638
2019-03-26,5.1,5.11,4.92,4.94,359858
2019-03-27,4.96,4.99,4.92,4.97,215727
2019-03-28,4.94,5.03,4.88,4.91,275779
2019-03-29,4.91,5.08,4.9,5.06,412143
2019-04-01,5.07,5.23,5.07,5.18,612531
2019-04-02,5.21,5.21,5.11,5.11,485113
2019-04-03,5.12,5.35,5.08,5.3,1017545
2019-04-04,5.35,5.42,5.25,5.32,921149
2019-04-08,5.39,5.52,5.31,5.38,1007801
2019-04-09,5.37,5.54,5.35,5.47,902342
2019-04-10,5.45,5.49,5.37,5.41,504082
2019-04-11,5.4,5.44,5.22,5.25,570786
2019-04-12,5.23,5.37,5.2,5.32,445193
2019-04-15,5.4,5.5,5.29,5.29,658435
2019-04-16,5.29,5.42,5.25,5.41,431543
2019-04-17,5.41,5.43,5.33,5.35,366408
2019-04-18,5.36,5.4,5.31,5.33,294160
2019-04-19,5.34,5.39,5.26,5.36,323999
2019-04-22,5.41,5.43,5.21,5.21,491429
2019-04-23,5.23,5.23,5.02,5.07,437094
2019-04-24,5.09,5.13,4.95,5.05,473046
2019-04-25,5.05,5.05,4.84,4.88,484703
2019-04-26,4.84,4.9,4.71,4.72,425056
2019-04-29,4.74,4.76,4.59,4.62,412475
2019-04-30,4.62,4.67,4.56,4.63,424688
2019-05-06,4.5,4.53,4.23,4.33,564930
2019-05-07,4.35,4.4,4.28,4.37,321239
2019-05-08,4.3,4.4,4.27,4.35,273747
2019-05-09,4.3,4.37,4.3,4.33,217026
2019-05-10,4.44,4.46,4.28,4.43,283337
2019-05-13,4.37,4.39,4.35,4.36,163282
2019-05-14,4.3,4.36,4.29,4.3,246560
2019-05-15,4.33,4.37,4.3,4.35,265839
2019-05-16,4.35,4.41,4.34,4.4,260703
2019-05-17,4.4,4.41,4.24,4.26,271237
2019-05-20,4.26,4.29,4.19,4.2,212754
2019-05-21,4.2,4.27,4.19,4.26,226964
2019-05-22,4.25,4.25,4.19,4.22,213216
2019-05-23,4.21,4.23,4.15,4.17,182411
2019-05-24,4.15,4.21,4.15,4.18,140463
2019-05-27,4.24,4.26,4.2,4.25,233420
2019-05-28,4.25,4.33,4.21,4.32,392308
2019-05-29,4.26,4.3,4.25,4.28,134588
2019-05-30,4.26,4.26,4.19,4.22,129260
2019-05-31,4.24,4.26,4.21,4.21,94945
2019-06-03,4.19,4.24,4.17,4.19,175536
2019-06-04,4.18,4.19,4.12,4.15,171710
2019-06-05,4.18,4.2,4.16,4.16,132868
2019-06-06,4.18,4.19,4.12,4.12,117194
2019-06-10,4.16,4.23,4.15,4.19,190107
2019-06-11,4.32,4.45,4.32,4.42,526957
2019-06-12,4.43,4.51,4.4,4.47,335685
2019-06-13,4.47,4.5,4.44,4.47,266772
2019-06-14,4.52,4.57,4.48,4.51,383342
2019-06-17,4.47,4.5,4.42,4.42,282689
2019-06-18,4.46,4.53,4.46,4.51,222049
2019-06-19,4.57,4.62,4.53,4.55,259706
2019-06-20,4.55,4.66,4.53,4.64,260659
2019-06-21,4.62,4.67,4.58,4.61,254953
2019-06-24,4.61,4.62,4.58,4.6,159996
2019-06-25,4.61,4.62,4.52,4.57,191032
2019-06-26,4.59,4.61,4.56,4.59,106931
2019-06-27,4.61,4.66,4.59,4.63,164830
2019-06-28,4.66,4.66,4.54,4.58,170484
2019-07-01,4.65,4.76,4.64,4.72,219037
2019-07-02,4.74,4.74,4.67,4.68,168989
2019-07-03,4.68,4.68,4.61,4.64,173061
2019-07-04,4.65,4.73,4.62,4.65,189286
2019-07-05,4.67,4.68,4.58,4.6,144346
2019-07-08,4.59,4.59,4.39,4.41,208026
2019-07-09,4.38,4.44,4.37,4.38,95768
2019-07-10,4.41,4.42,4.32,4.34,81075
2019-07-11,4.36,4.39,4.28,4.3,126094
2019-07-12,4.31,4.36,4.29,4.35,100815
2019-07-15,4.35,4.43,4.25,4.38,148917
2019-07-16,4.36,4.41,4.36,4.39,81218
2019-07-17,4.42,4.45,4.39,4.41,108710
2019-07-18,4.4,4.41,4.33,4.36,90050
2019-07-19,4.37,4.44,4.36,4.38,135806
2019-07-22,4.39,4.4,4.3,4.32,131138
2019-07-23,4.32,4.37,4.32,4.37,137492
2019-07-24,4.38,4.42,4.35,4.37,131221
2019-07-25,4.37,4.41,4.36,4.38,87713
2019-07-26,4.38,4.4,4.36,4.4,94416
2019-07-29,4.41,4.43,4.38,4.39,100297
2019-07-30,4.41,4.43,4.37,4.41,151956
2019-07-31,4.4,4.4,4.33,4.34,128360
2019-08-01,4.33,4.35,4.29,4.29,123504
2019-08-02,4.29,4.29,4.18,4.2,197326
2019-08-05,4.19,4.2,4.14,4.15,119206
2019-08-06,4.09,4.11,4.0,4.05,180669
2019-08-07,4.05,4.09,4.03,4.04,90988
2019-08-08,4.07,4.08,4.04,4.06,90164
2019-08-09,4.1,4.1,4.03,4.05,76483
2019-08-12,4.04,4.08,4.02,4.08,84921
2019-08-13,4.05,4.06,4.01,4.03,89847
2019-08-14,4.06,4.08,4.03,4.04,98870
2019-08-15,3.98,4.04,3.95,4.03,87482
2019-08-16,4.04,4.05,4.01,4.01,87640
2019-08-19,4.03,4.13,4.02,4.13,157067
2019-08-20,4.13,4.15,4.11,4.11,99389
2019-08-21,4.11,4.13,4.07,4.08,107528
2019-08-22,4.09,4.11,4.04,4.07,84879
2019-08-23,4.06,4.09,4.03,4.05,94051
2019-08-26,3.99,4.02,3.96,4.01,88894
2019-08-27,4.03,4.18,4.01,4.18,277398
2019-08-28,4.16,4.19,4.11,4.12,112556
2019-08-29,4.13,4.14,4.08,4.1,91227
2019-08-30,4.14,4.15,4.06,4.06,113687
2019-09-02,4.06,4.14,4.04,4.13,135653
2019-09-03,4.12,4.24,4.09,4.19,227166
2019-09-04,4.15,4.36,4.14,4.29,340602
2019-09-05,4.31,4.36,4.27,4.28,331044
2019-09-06,4.26,4.29,4.25,4.28,166515
2019-09-09,4.3,4.33,4.26,4.31,185831
2019-09-10,4.32,4.32,4.25,4.28,149635
2019-09-11,4.3,4.3,4.25,4.28,149578
2019-09-12,4.28,4.32,4.26,4.32,199051
2019-09-16,4.32,4.32,4.27,4.31,153426
2019-09-17,4.3,4.3,4.17,4.18,164688
2019-09-18,4.19,4.24,4.14,4.21,180520
2019-09-19,4.23,4.23,4.19,4.2,107367
2019-09-20,4.22,4.25,4.2,4.2,219950
2019-09-23,4.21,4.22,4.09,4.12,162495
2019-09-24,4.09,4.15,4.09,4.1,83258
2019-09-25,4.11,4.11,4.04,4.05,106461
2019-09-26,4.06,4.08,4.03,4.05,96850
2019-09-27,4.05,4.07,4.04,4.05,75996
2019-09-30,4.05,4.06,4.01,4.01,76924
2019-10-08,4.03,4.04,4.0,4.01,109950
2019-10-09,4.01,4.04,3.98,4.03,72611
2019-10-10,4.04,4.05,4.02,4.04,113055
2019-10-11,4.04,4.06,4.0,4.06,122103
2019-10-14,4.08,4.14,4.07,4.1,180946
2019-10-15,4.1,4.1,4.05,4.06,98537
2019-10-16,4.07,4.13,4.06,4.07,117948
2019-10-17,4.07,4.11,4.03,4.05,124830
2019-10-18,4.04,4.06,3.96,3.99,152258
2019-10-21,3.97,3.99,3.94,3.96,152913
2019-10-22,3.95,3.96,3.92,3.95,149178
2019-10-23,3.94,3.96,3.91,3.92,126228
2019-10-24,3.93,3.94,3.89,3.9,129722
2019-10-25,3.89,3.89,3.84,3.88,227763
2019-10-28,3.87,3.91,3.85,3.9,208771
2019-10-29,3.9,3.9,3.84,3.85,129739
2019-10-30,3.84,3.85,3.74,3.75,225807
2019-10-31,3.74,3.84,3.65,3.84,361261
2019-11-01,3.76,3.81,3.73,3.78,179605
2019-11-04,3.79,3.83,3.74,3.83,292050
2019-11-05,3.8,3.85,3.76,3.82,239466
2019-11-06,3.81,3.83,3.77,3.83,205469
2019-11-07,3.8,3.84,3.79,3.81,146846
2019-11-08,3.83,3.83,3.76,3.8,198332
2019-11-11,3.77,3.78,3.67,3.69,169115
2019-11-12,3.68,3.69,3.65,3.68,171323
2019-11-13,3.68,3.68,3.59,3.6,177313
2019-11-14,3.61,3.65,3.59,3.59,195680
2019-11-15,3.59,3.59,3.5,3.5,226881
2019-11-18,3.46,3.51,3.46,3.49,250417
2019-11-19,3.5,3.52,3.47,3.52,325498
2019-11-20,3.5,3.5,3.44,3.44,291958
2019-11-21,3.43,3.43,3.38,3.41,261609
2019-11-22,3.41,3.53,3.39,3.47,597539
2019-11-25,3.46,3.65,3.46,3.6,1049730
2019-11-26,3.6,3.6,3.53,3.56,613123
2019-11-27,3.54,3.55,3.46,3.47,433869
2019-11-28,3.47,3.55,3.44,3.47,448636
2019-11-29,3.45,3.49,3.44,3.46,270960
2019-12-02,3.46,3.48,3.42,3.43,279705
2019-12-03,3.41,3.43,3.38,3.43,412164
2019-12-04,3.41,3.43,3.39,3.41,264983
2019-12-05,3.41,3.43,3.39,3.42,380732
2019-12-06,3.41,3.44,3.4,3.43,311792
2019-12-09,3.44,3.49,3.43,3.47,510463
2019-12-10,3.46,3.46,3.42,3.42,407561
2019-12-11,3.43,3.47,3.42,3.46,415992
2019-12-12,3.45,3.47,3.42,3.44,317993
2019-12-13,3.46,3.51,3.45,3.49,530877
2019-12-16,3.5,3.53,3.48,3.53,440021
2019-12-17,3.53,3.63,3.51,3.6,661228
2019-12-18,3.59,3.63,3.56,3.58,445999
2019-12-19,3.59,3.61,3.57,3.59,340352
2019-12-20,3.59,3.6,3.53,3.54,493624
2019-12-23,3.54,3.55,3.46,3.48,492829
2019-12-24,3.47,3.51,3.47,3.51,244338
2019-12-25,3.5,3.51,3.47,3.48,219735
2019-12-26,3.48,3.53,3.48,3.51,293762
2019-12-27,3.51,3.57,3.5,3.51,534277
2019-12-30,3.49,3.58,3.49,3.58,624857
2019-12-31,3.57,3.75,3.54,3.72,1014167
2020-01-02,3.72,3.83,3.69,3.74,1200319
2020-01-03,3.73,3.76,3.7,3.71,499587
2020-01-06,3.69,3.76,3.67,3.72,553181
2020-01-07,3.72,3.74,3.69,3.73,413405
2020-01-08,3.7,3.71,3.61,3.62,557403
2020-01-09,3.66,3.68,3.64,3.66,336976
2020-01-10,3.68,3.68,3.64,3.67,289898
2020-01-13,3.67,3.71,3.65,3.71,260492
2020-01-14,3.71,3.76,3.69,3.72,338972
2020-01-15,3.71,3.72,3.64,3.64,315990
2020-01-16,3.64,3.67,3.63,3.65,213904
2020-01-17,3.66,3.68,3.63,3.65,204797
2020-01-20,3.66,3.68,3.62,3.68,241065
2020-01-21,3.67,3.67,3.61,3.61,248774
2020-01-22,3.6,3.61,3.54,3.58,254904
2020-01-23,3.57,3.58,3.44,3.45,472667
2020-02-03,3.04,3.16,3.04,3.04,683547
2020-02-04,3.02,3.14,3.01,3.09,503212
2020-02-05,3.09,3.19,3.08,3.13,352164
2020-02-06,3.16,3.22,3.1,3.21,426844
2020-02-07,3.17,3.28,3.14,3.23,340656
2020-02-10,3.2,3.29,3.19,3.26,309136
2020-02-11,3.25,3.31,3.23,3.24,299969
2020-02-12,3.22,3.27,3.22,3.27,228633
2020-02-13,3.28,3.34,3.24,3.25,300753
2020-02-14,3.29,3.34,3.26,3.33,432605
2020-02-17,3.33,3.41,3.31,3.39,352442
2020-02-18,3.39,3.41,3.35,3.37,283185
2020-02-19,3.35,3.43,3.34,3.37,303050
2020-02-20,3.38,3.43,3.35,3.42,309530
2020-02-21,3.4,3.46,3.38,3.43,369812
2020-02-24,3.42,3.43,3.34,3.35,382521
2020-02-25,3.28,3.31,3.23,3.28,419807
2020-02-26,3.26,3.67,3.26,3.63,1623472
2020-02-27,3.63,3.65,3.53,3.59,798004
2020-02-28,3.5,3.8,3.49,3.63,1354588
2020-03-02,3.66,4.0,3.66,3.93,1967531
2020-03-03,4.08,4.12,3.81,3.84,1308402
2020-03-04,3.81,3.94,3.78,3.83,810391
2020-03-05,3.87,3.92,3.81,3.84,852661
2020-03-06,3.78,3.83,3.67,3.68,816051
2020-03-09,3.62,3.67,3.54,3.55,616483
2020-03-10,3.53,3.66,3.53,3.65,665300
2020-03-11,3.65,3.69,3.6,3.62,449243
2020-03-12,3.58,3.62,3.52,3.56,391404
2020-03-13,3.44,3.59,3.38,3.53,476041
2020-03-16,3.58,3.66,3.49,3.5,486520
2020-03-17,3.54,3.59,3.42,3.56,473021
2020-03-18,3.55,3.62,3.48,3.49,476644
2020-03-19,3.48,3.51,3.38,3.42,390577
2020-03-20,3.44,3.47,3.38,3.43,418630
2020-03-23,3.38,3.38,3.29,3.29,312310
2020-03-24,3.34,3.36,3.28,3.33,287040
2020-03-25,3.38,3.41,3.32,3.38,440935
2020-03-26,3.37,3.37,3.27,3.28,353172
2020-03-27,3.33,3.51,3.3,3.44,941026
2020-03-30,3.38,3.47,3.34,3.41,784494
2020-03-31,3.44,3.44,3.3,3.32,699844
2020-04-01,3.3,3.3,3.22,3.23,725811
2020-04-02,3.18,3.23,3.14,3.22,655994
2020-04-03,3.2,3.2,3.14,3.14,533968
2020-04-07,3.18,3.22,3.15,3.21,806819
2020-04-08,3.17,3.19,3.14,3.17,542528
2020-04-09,3.19,3.24,3.17,3.18,568426
2020-04-10,3.19,3.2,3.12,3.13,523808
2020-04-13,3.11,3.12,3.06,3.09,378880
2020-04-14,3.1,3.14,3.08,3.12,520411
2020-04-15,3.12,3.12,3.07,3.09,482338
2020-04-16,3.08,3.12,3.06,3.09,489594
2020-04-17,3.11,3.2,3.08,3.14,1184666
2020-04-20,3.15,3.17,3.09,3.1,854386
2020-04-21,3.07,3.09,3.04,3.07,692562
2020-04-22,3.04,3.07,3.03,3.07,443725
2020-04-23,3.07,3.08,3.04,3.05,417599
2020-04-24,3.04,3.04,2.98,2.99,562041
2020-04-27,2.99,3.02,2.97,2.97,361411
2020-04-28,2.96,2.97,2.79,2.87,602781
2020-04-29,2.88,2.9,2.86,2.88,336905
2020-04-30,2.89,2.97,2.89,2.95,468722
2020-05-06,2.95,3.08,2.95,3.06,1152384
2020-05-07,3.06,3.06,3.01,3.03,378553
2020-05-08,3.04,3.06,3.03,3.04,362739
2020-05-11,3.04,3.1,3.04,3.05,457041
2020-05-12,3.05,3.06,3.0,3.01,367350
2020-05-13,3.0,3.03,2.99,3.02,161759
2020-05-14,3.04,3.07,2.99,2.99,367546
2020-05-15,3.0,3.02,2.96,2.96,281727
2020-05-18,3.0,3.03,2.98,2.99,359816
2020-05-19,3.02,3.02,2.98,2.99,266063
2020-05-20,2.98,2.99,2.95,2.96,238823
2020-05-21,2.97,2.98,2.88,2.89,440848
2020-05-22,2.89,2.89,2.8,2.81,511057
2020-05-25,2.81,2.83,2.78,2.8,219090
2020-05-26,2.81,2.83,2.8,2.82,232521
2020-05-27,2.82,2.83,2.79,2.8,226122
2020-05-28,2.8,2.84,2.79,2.82,274002
2020-05-29,2.82,2.82,2.79,2.79,363583
2020-06-01,2.81,2.87,2.8,2.86,408717
2020-06-02,2.86,2.91,2.84,2.9,366878
2020-06-03,2.9,2.92,2.85,2.86,448750
2020-06-04,2.87,2.88,2.83,2.84,245665
2020-06-05,2.84,2.84,2.81,2.83,212748
2020-06-08,2.86,2.88,2.83,2.86,319361
2020-06-09,2.86,2.88,2.84,2.87,186250
2020-06-10,2.87,2.87,2.83,2.84,230155
2020-06-11,2.86,2.87,2.82,2.83,317100
2020-06-12,2.79,2.85,2.78,2.85,499980
2020-06-15,2.83,2.85,2.81,2.81,336750
2020-06-16,2.83,2.86,2.81,2.85,392436
2020-06-17,2.84,2.86,2.83,2.85,347748
2020-06-18,2.85,3.02,2.84,2.92,874874
2020-06-19,2.92,2.94,2.89,2.91,452341
2020-06-22,2.93,2.96,2.91,2.91,377360
2020-06-23,2.92,2.93,2.89,2.9,287499
2020-06-24,2.9,2.92,2.88,2.89,225297
2020-06-29,2.88,2.89,2.82,2.82,363569
2020-06-30,2.83,2.86,2.83,2.84,244685
2020-07-01,2.86,2.93,2.84,2.91,595358
2020-07-02,2.91,3.08,2.9,3.08,1301098
2020-07-03,3.12,3.19,3.08,3.15,1709347
2020-07-06,3.24,3.53,3.23,3.53,2525205
2020-07-07,3.77,3.94,3.67,3.74,4020086
2020-07-08,3.7,3.98,3.66,3.95,3290282
2020-07-09,3.92,3.95,3.77,3.92,2692322
2020-07-10,3.92,4.17,3.82,3.88,3034472
2020-07-13,4.07,4.3,3.92,4.16,3130705
2020-07-14,4.18,4.28,3.93,4.03,2489729
2020-07-15,4.03,4.06,3.77,3.79,1751053
2020-07-16,3.8,3.88,3.63,3.64,1582353
2020-07-17,3.65,3.73,3.59,3.67,1089824
2020-07-20,3.77,3.96,3.71,3.96,1826688
2020-07-21,3.98,4.06,3.87,3.94,1349447
2020-07-22,3.93,3.94,3.85,3.9,1133082
2020-07-23,3.85,3.9,3.69,3.87,1218828
2020-07-24,3.83,3.89,3.65,3.67,950635
2020-07-27,3.68,3.71,3.53,3.57,869823
2020-07-28,3.58,3.62,3.51,3.56,638767
2020-07-29,3.54,3.67,3.49,3.63,828770
2020-07-30,3.62,3.72,3.57,3.59,645904
2020-07-31,3.6,3.68,3.55,3.63,744102
2020-08-03,3.64,3.68,3.61,3.67,958997
2020-08-04,3.67,3.75,3.6,3.69,1133197
2020-08-05,3.66,3.67,3.58,3.61,758433
2020-08-06,3.61,3.63,3.53,3.58,712625
2020-08-07,3.57,3.59,3.48,3.51,679759
2020-08-10,3.53,3.71,3.52,3.65,1429854
2020-08-11,3.65,3.66,3.53,3.53,822908
2020-08-12,3.51,3.62,3.47,3.55,810275
2020-08-13,3.57,3.6,3.53,3.57,467281
2020-08-14,3.57,3.57,3.5,3.57,484331
2020-08-17,3.58,3.7,3.55,3.66,1120891
2020-08-18,3.67,3.7,3.62,3.66,703861
2020-08-19,3.65,3.77,3.6,3.7,1274196
2020-08-20,3.65,3.67,3.57,3.59,787683
2020-08-21,3.6,3.63,3.54,3.56,479053
2020-08-24,3.58,3.58,3.53,3.56,384513
2020-08-25,3.57,3.58,3.52,3.53,377776
2020-08-26,3.52,3.53,3.44,3.46,503828
2020-08-27,3.43,3.53,3.43,3.51,354243
2020-08-28,3.52,3.55,3.49,3.55,457842
2020-08-31,3.58,3.6,3.49,3.49,515445
2020-09-01,3.51,3.52,3.47,3.5,321064
2020-09-02,3.51,3.52,3.47,3.49,332057
2020-09-03,3.49,3.52,3.47,3.48,298353
2020-09-04,3.44,3.47,3.42,3.45,391792
2020-09-07,3.46,3.47,3.37,3.38,440476
2020-09-08,3.39,3.45,3.38,3.43,315734
2020-09-09,3.4,3.48,3.39,3.43,468978
2020-09-10,3.45,3.45,3.32,3.33,457092
2020-09-11,3.32,3.35,3.3,3.34,271433
2020-09-14,3.34,3.36,3.3,3.32,239321
2020-09-15,3.33,3.35,3.3,3.35,224193
2020-09-16,3.34,3.41,3.31,3.35,335487
2020-09-17,3.33,3.37,3.32,3.35,236112
2020-09-18,3.36,3.46,3.35,3.45,560263
2020-09-21,3.47,3.48,3.42,3.43,293924
2020-09-22,3.42,3.43,3.35,3.36,289544
2020-09-23,3.35,3.39,3.34,3.35,195287
2020-09-24,3.33,3.33,3.24,3.25,387817
2020-09-25,3.27,3.28,3.22,3.25,182239
2020-09-28,3.25,3.28,3.23,3.24,177200
2020-09-29,3.26,3.28,3.24,3.24,144194
2020-09-30,3.25,3.26,3.17,3.19,219375
2020-10-09,3.25,3.28,3.23,3.27,244435
2020-10-12,3.28,3.4,3.28,3.39,422590
2020-10-13,3.39,3.39,3.34,3.35,193907
2020-10-14,3.35,3.38,3.31,3.38,297062
2020-10-15,3.37,3.38,3.33,3.35,223706
2020-10-16,3.36,3.44,3.35,3.37,334784
2020-10-19,3.38,3.46,3.35,3.37,320288
2020-10-20,3.35,3.39,3.33,3.39,240593
2020-10-21,3.37,3.38,3.32,3.36,223681
2020-10-22,3.35,3.35,3.3,3.32,155373
2020-10-23,3.32,3.59,3.32,3.53,1569704
2020-10-26,3.57,3.58,3.47,3.49,729146
2020-10-27,3.47,3.48,3.4,3.41,624368
2020-10-28,3.43,3.47,3.38,3.44,587343
2020-10-29,3.39,3.42,3.35,3.41,373670
2020-10-30,3.41,3.42,3.22,3.26,679401
2020-11-02,3.26,3.27,3.2,3.23,329690
2020-11-03,3.25,3.31,3.23,3.29,281063
2020-11-04,3.29,3.29,3.23,3.25,264532
2020-11-05,3.28,3.32,3.26,3.3,359426
2020-11-06,3.31,3.34,3.26,3.32,472246
2020-11-09,3.34,3.42,3.33,3.4,587757
2020-11-10,3.43,3.46,3.37,3.38,463870
2020-11-11,3.38,3.55,3.37,3.49,1089583
2020-11-12,3.47,3.48,3.37,3.4,598398
2020-11-13,3.41,3.41,3.27,3.29,716362
2020-11-16,3.3,3.53,3.3,3.53,1461959
2020-11-17,3.52,3.53,3.45,3.49,701214
2020-11-18,3.48,3.55,3.45,3.49,664359
2020-11-19,3.49,3.54,3.46,3.48,591650
2020-11-20,3.47,3.49,3.42,3.47,458572
2020-11-23,3.47,3.58,3.45,3.53,1384254
2020-11-24,3.51,3.58,3.49,3.56,1127720
2020-11-25,3.59,3.61,3.46,3.47,1055390
2020-11-26,3.46,3.47,3.42,3.44,714873
2020-11-27,3.45,3.49,3.4,3.49,777768
2020-11-30,3.54,3.8,3.53,3.64,2803237
2020-12-01,3.65,3.68,3.56,3.65,1345709
2020-12-02,3.66,3.74,3.6,3.67,1201775
2020-12-03,3.64,3.68,3.57,3.62,937993
2020-12-04,3.61,3.61,3.52,3.55,732430
2020-12-07,3.55,3.56,3.46,3.47,706222
2020-12-08,3.47,3.49,3.44,3.44,482423
2020-12-09,3.44,3.46,3.39,3.4,554632
2020-12-10,3.41,3.43,3.37,3.39,461004
2020-12-11,3.39,3.41,3.3,3.33,580553
2020-12-14,3.33,3.34,3.29,3.32,399019
2020-12-15,3.32,3.33,3.28,3.33,366876
2020-12-16,3.33,3.38,3.31,3.32,381956
2020-12-17,3.32,3.37,3.27,3.37,464063
2020-12-18,3.35,3.47,3.34,3.42,796514
2020-12-21,3.41,3.42,3.38,3.41,496394
2020-12-22,3.39,3.39,3.26,3.27,659052
2020-12-23,3.27,3.31,3.26,3.28,424250
2020-12-24,3.3,3.32,3.22,3.23,594585
2020-12-25,3.22,3.32,3.2,3.29,467640
2020-12-28,3.3,3.3,3.22,3.24,470536
2020-12-29,3.24,3.27,3.23,3.24,335422
2020-12-30,3.24,3.27,3.23,3.24,350508
2020-12-31,3.26,3.32,3.24,3.3,539305
2021-01-04,3.28,3.37,3.25,3.34,732822
2021-01-05,3.32,3.38,3.25,3.34,817452
2021-01-06,3.32,3.45,3.3,3.41,1128549
2021-01-07,3.42,3.45,3.32,3.39,1012457
2021-01-08,3.38,3.42,3.33,3.36,623835
2021-01-11,3.37,3.4,3.26,3.27,673985
2021-01-12,3.26,3.41,3.24,3.37,787917
2021-01-13,3.34,3.59,3.32,3.51,2162768
2021-01-14,3.49,3.72,3.47,3.56,2413894
2021-01-15,3.55,3.6,3.45,3.47,1412909
2021-01-18,3.45,3.51,3.43,3.45,914506
2021-01-19,3.46,3.48,3.42,3.45,741748
2021-01-20,3.44,3.46,3.38,3.4,813388
2021-01-21,3.39,3.43,3.36,3.41,674314
2021-01-22,3.39,3.4,3.3,3.31,752495
2021-01-25,3.31,3.32,3.25,3.28,602189
2021-01-26,3.27,3.32,3.26,3.29,448625
2021-01-27,3.3,3.35,3.28,3.29,427580
2021-01-28,3.27,3.27,3.22,3.23,477730
2021-01-29,3.24,3.25,3.17,3.2,444291
2021-02-01,3.21,3.24,3.18,3.22,265138
2021-02-02,3.22,3.26,3.22,3.24,318259
2021-02-03,3.23,3.24,3.13,3.14,516407
2021-02-04,3.13,3.13,2.99,3.04,618204
2021-02-05,3.04,3.1,3.02,3.05,311212
2021-02-08,3.04,3.09,3.03,3.06,242439
2021-02-09,3.07,3.13,3.05,3.11,332631
2021-02-10,3.11,3.14,3.09,3.13,302145
2021-02-18,3.21,3.22,3.16,3.19,448781
2021-02-19,3.19,3.35,3.19,3.33,800040
2021-02-22,3.34,3.47,3.33,3.39,1090049
2021-02-23,3.37,3.43,3.3,3.32,702852
2021-02-24,3.34,3.38,3.27,3.31,553619
2021-02-25,3.34,3.43,3.32,3.38,760560
2021-02-26,3.34,3.36,3.27,3.29,643649
2021-03-01,3.3,3.36,3.28,3.35,489415
2021-03-02,3.35,3.36,3.27,3.28,490079
2021-03-03,3.27,3.34,3.27,3.34,472256
2021-03-04,3.34,3.4,3.29,3.32,639960
2021-03-05,3.3,3.44,3.29,3.38,1037168
2021-03-08,3.39,3.44,3.31,3.34,915963
2021-03-09,3.33,3.44,3.27,3.41,1345462
2021-03-10,3.44,3.44,3.28,3.31,1110114
2021-03-11,3.3,3.37,3.29,3.36,767115
2021-03-12,3.35,3.51,3.31,3.45,2133276
2021-03-15,3.47,3.55,3.44,3.49,1961414
2021-03-16,3.49,3.52,3.46,3.51,1305655
2021-03-17,3.49,3.5,3.4,3.42,1266325
2021-03-18,3.42,3.44,3.38,3.4,910085
2021-03-19,3.37,3.4,3.32,3.34,1089335
2021-03-22,3.38,3.72,3.37,3.58,2889902
2021-03-23,3.57,3.6,3.48,3.51,1737337
2021-03-24,3.5,3.56,3.47,3.51,1275412
2021-03-25,3.49,3.51,3.4,3.42,1279052
2021-03-26,3.42,3.5,3.38,3.46,1063904
2021-03-29,3.46,3.51,3.42,3.45,876318
2021-03-30,3.43,3.45,3.38,3.42,804822
2021-03-31,3.43,3.56,3.41,3.54,1921743
2021-04-01,3.52,3.56,3.48,3.54,1119254
2021-04-02,3.52,3.53,3.45,3.49,818655
2021-04-06,3.49,3.49,3.45,3.47,524233
2021-04-07,3.46,3.53,3.43,3.49,763382
2021-04-08,3.47,3.49,3.43,3.44,771789
2021-04-09,3.43,3.46,3.39,3.41,600774
2021-04-12,3.4,3.45,3.39,3.41,577594
2021-04-13,3.4,3.41,3.32,3.34,746040
2021-04-14,3.33,3.36,3.31,3.34,495871
2021-04-15,3.34,3.34,3.3,3.33,341320
2021-04-16,3.33,3.37,3.32,3.36,332435
2021-04-19,3.35,3.39,3.34,3.38,486577
2021-04-20,3.38,3.39,3.33,3.34,516846
2021-04-21,3.32,3.34,3.3,3.31,398899
2021-04-22,3.31,3.33,3.29,3.31,367663
2021-04-23,3.3,3.31,3.25,3.29,405602
2021-04-26,3.28,3.3,3.25,3.26,321268
2021-04-27,3.26,3.27,3.22,3.24,324672
2021-04-28,3.24,3.27,3.22,3.26,319837
2021-04-29,3.27,3.31,3.26,3.3,351816
2021-04-30,3.31,3.32,3.22,3.24,494523
2021-05-06,3.25,3.29,3.24,3.25,404732
2021-05-07,3.25,3.33,3.24,3.31,571327
2021-05-10,3.3,3.33,3.28,3.33,492035
2021-05-11,3.31,3.33,3.27,3.32,419064
2021-05-12,3.3,3.32,3.28,3.31,346022
2021-05-13,3.29,3.32,3.28,3.31,395289
2021-05-14,3.32,3.35,3.29,3.35,551893
2021-05-17,3.34,3.39,3.33,3.36,536578
2021-05-18,3.36,3.37,3.34,3.35,355586
2021-05-19,3.35,3.35,3.31,3.32,304189
2021-05-20,3.31,3.32,3.27,3.29,376533
2021-05-21,3.29,3.31,3.27,3.28,386423
2021-05-24,3.29,3.34,3.28,3.3,408200
2021-05-25,3.29,3.35,3.27,3.33,695077
2021-05-26,3.36,3.36,3.32,3.35,519814
2021-05-27,3.34,3.35,3.32,3.35,481353
2021-05-28,3.34,3.36,3.32,3.33,378810
2021-05-31,3.33,3.34,3.31,3.32,358064
2021-06-01,3.32,3.34,3.31,3.32,328903
2021-06-02,3.32,3.38,3.31,3.36,615586
2021-06-03,3.36,3.36,3.32,3.32,417820
2021-06-04,3.32,3.33,3.3,3.31,450010
2021-06-07,3.31,3.33,3.3,3.31,332478
2021-06-08,3.31,3.32,3.28,3.29,350492
2021-06-09,3.3,3.3,3.27,3.28,321446
2021-06-10,3.29,3.3,3.27,3.27,334437
2021-06-11,3.27,3.3,3.27,3.29,559905
2021-06-15,3.29,3.3,3.22,3.22,582602
2021-06-16,3.23,3.28,3.22,3.25,425270
2021-06-17,3.25,3.25,3.2,3.22,406223
2021-06-18,3.23,3.23,3.2,3.21,297439
2021-06-21,3.21,3.22,3.19,3.2,284865
2021-06-22,3.2,3.27,3.19,3.22,403565
2021-06-23,3.22,3.23,3.21,3.22,324421
2021-06-24,3.22,3.26,3.2,3.24,336734
2021-06-25,3.24,3.27,3.23,3.26,408818
2021-06-28,3.27,3.29,3.24,3.25,359308
2021-06-29,3.26,3.31,3.25,3.29,671722
2021-06-30,3.29,3.31,3.27,3.29,424169
2021-07-01,3.29,3.37,3.28,3.33,776751
2021-07-02,3.32,3.37,3.28,3.31,660128
2021-07-05,3.31,3.33,3.28,3.33,459794
2021-07-06,3.32,3.39,3.31,3.36,787419
2021-07-07,3.4,3.4,3.34,3.36,560113
2021-07-08,3.37,3.4,3.35,3.37,489270
2021-07-09,3.36,3.39,3.34,3.38,488384
2021-07-12,3.4,3.52,3.39,3.47,1273727
2021-07-13,3.46,3.54,3.44,3.46,1074828
2021-07-14,3.46,3.53,3.45,3.46,667128
2021-07-15,3.45,3.53,3.43,3.51,807371
2021-07-16,3.51,3.57,3.48,3.51,773722
2021-07-19,3.51,3.52,3.46,3.5,571970
2021-07-20,3.47,3.65,3.44,3.59,1424847
2021-07-21,3.6,3.62,3.48,3.5,1186010
2021-07-22,3.49,3.66,3.48,3.58,1670413
2021-07-23,3.62,3.98,3.59,3.86,4360560
2021-07-26,4.02,4.17,3.88,4.08,4867939
2021-07-27,4.22,4.38,3.98,4.03,5861824
2021-07-28,3.95,4.09,3.79,3.94,2712668
2021-07-29,4.01,4.21,3.92,3.95,2577202
2021-07-30,3.92,4.39,3.91,4.39,5186116
2021-08-02,4.52,4.88,4.47,4.88,6756447
2021-08-03,5.1,5.42,5.02,5.28,9362201
2021-08-04,5.21,5.34,5.03,5.31,6500859
2021-08-05,5.2,5.21,4.87,4.95,4968360
2021-08-06,4.94,5.24,4.9,5.07,4603525
2021-08-09,5.15,5.17,4.88,4.95,3002204
2021-08-10,4.97,5.17,4.75,4.84,4276818
2021-08-11,4.83,5.37,4.82,5.07,5472426
2021-08-12,5.17,5.18,4.82,4.88,3462392
2021-08-13,4.85,5.0,4.74,4.85,2643909
2021-08-16,4.82,4.92,4.8,4.84,1679434
2021-08-17,5.17,5.37,5.11,5.37,3755673
2021-08-18,5.52,5.92,5.45,5.64,7939979
2021-08-19,5.63,5.79,5.29,5.57,4986568
2021-08-20,5.44,5.57,5.24,5.41,3227468
2021-08-23,5.45,5.65,5.31,5.61,3602039
2021-08-24,5.65,5.76,5.39,5.45,2839688
2021-08-25,5.39,5.56,5.34,5.49,2609858
2021-08-26,5.4,5.42,5.17,5.31,3350910
2021-08-27,5.26,5.5,5.23,5.47,2493839
2021-08-30,5.5,5.57,5.3,5.39,2509972
2021-08-31,5.37,5.82,5.29,5.73,3796642
2021-09-01,5.8,6.34,5.64,5.86,5860470
2021-09-02,5.74,6.49,5.67,6.49,5721391
2021-09-03,6.7,6.8,6.37,6.44,5456693
2021-09-06,6.64,7.13,6.64,6.87,7625504
2021-09-07,6.78,7.61,6.63,7.61,8378997
2021-09-08,7.78,8.36,7.54,8.15,8976744
2021-09-09,7.83,8.56,7.62,8.17,7386323
2021-09-10,8.17,9.0,8.15,8.37,7939327
2021-09-13,8.31,8.7,8.16,8.31,5450934
2021-09-14,8.23,8.27,7.7,8.03,5140104
2021-09-15,8.03,8.14,7.67,7.71,4779581
2021-09-16,7.7,7.81,7.41,7.5,4211712
2021-09-17,7.52,7.89,7.37,7.65,4848095
2021-09-22,7.54,8.46,7.5,8.46,5494375
2021-09-23,8.72,9.35,8.57,9.17,7959557
2021-09-24,9.17,9.48,8.84,8.98,5573179
2021-09-27,9.33,9.47,8.03,8.03,4486997
2021-09-28,7.73,8.22,7.63,7.88,4944976
2021-09-29,8.21,8.67,7.9,8.03,5216552
2021-09-30,8.0,8.1,7.54,7.99,4040003
2021-10-08,8.0,8.06,7.14,7.14,3035587
2021-10-11,6.93,7.01,6.38,6.5,5387568
2021-10-12,6.5,6.54,5.96,6.17,5301112
2021-10-13,6.1,6.17,5.9,6.1,3243529
2021-10-14,6.05,6.4,6.01,6.19,4240659
2021-10-15,6.1,6.39,6.05,6.3,3113461
2021-10-18,6.32,6.61,6.31,6.54,3185604
2021-10-19,6.59,6.9,6.38,6.7,3566545
2021-10-20,6.58,6.95,6.54,6.71,2810099
2021-10-21,6.7,6.84,6.59,6.63,1971807
2021-10-22,6.64,6.72,6.42,6.43,2381805
2021-10-25,6.51,7.12,6.51,7.12,4136223
2021-10-26,7.3,7.88,7.3,7.73,7467076
2021-10-27,7.77,8.07,7.58,7.68,4949742
2021-10-28,7.69,8.14,7.55,7.61,4423899
2021-10-29,7.52,7.82,7.21,7.73,4040954
2021-11-01,7.62,7.78,7.42,7.64,2960008
2021-11-02,7.66,7.87,7.17,7.33,3921621
2021-11-03,7.24,7.54,7.11,7.42,2106994
2021-11-04,7.32,7.58,7.17,7.42,2192530
2021-11-05,7.28,7.35,6.63,6.76,4010346
2021-11-08,6.77,6.84,6.6,6.65,2025572
2021-11-09,6.82,6.94,6.43,6.6,2812726
2021-11-10,6.54,6.57,6.18,6.35,2560864
2021-11-11,6.32,6.41,6.23,6.36,1710992
2021-11-12,6.37,6.49,6.25,6.31,1941876
2021-11-15,6.34,6.55,6.18,6.21,1948643
2021-11-16,6.19,6.27,6.05,6.16,1392495
2021-11-17,6.21,6.26,6.02,6.19,1791763
2021-11-18,6.19,6.39,6.14,6.31,2303477
2021-11-19,6.26,6.31,6.02,6.2,2402133
2021-11-22,6.18,6.32,6.14,6.27,1940727
2021-11-23,6.24,6.5,6.18,6.33,2325501
2021-11-24,6.36,6.4,6.11,6.19,2059741
2021-11-25,6.19,6.29,6.17,6.2,1381032
2021-11-26,6.13,6.14,5.78,5.8,3076516
2021-11-29,5.61,6.32,5.51,6.25,3853224
2021-11-30,6.27,6.35,6.08,6.09,2429478
2021-12-01,6.07,6.2,6.02,6.19,1538460
2021-12-02,6.18,6.64,6.13,6.51,3942779
2021-12-03,6.62,7.21,6.43,7.13,5829205
2021-12-06,7.21,7.42,6.88,6.91,4190863
2021-12-07,6.94,7.27,6.86,7.2,4207230
2021-12-08,7.34,7.47,7.13,7.24,3192277
2021-12-09,7.14,7.21,6.93,7.05,2895528
2021-12-10,7.01,7.24,6.85,6.96,2502475
2021-12-13,7.33,7.7,7.23,7.27,4900086
2021-12-14,7.34,7.37,6.94,7.11,3200246
2021-12-15,7.08,7.69,7.03,7.49,4094215
2021-12-16,7.53,8.12,7.39,7.92,4555563
2021-12-17,7.92,8.16,7.78,7.91,3418024
2021-12-20,7.8,8.5,7.36,7.99,5236732
2021-12-21,7.88,8.07,7.6,7.92,3078865
2021-12-22,7.87,7.88,7.56,7.62,2376268
2021-12-23,7.65,7.98,7.57,7.92,2888169
2021-12-24,7.93,8.22,7.7,7.71,2606426
2021-12-27,7.67,8.18,7.62,7.72,2832980
2021-12-28,7.64,7.68,7.1,7.41,3728510
2021-12-29,7.38,7.6,7.32,7.33,2171781
2021-12-30,7.37,7.73,7.33,7.59,2446168
2021-12-31,7.71,7.97,7.58,7.6,2648949
2022-01-04,7.7,7.76,7.37,7.41,2243181
2022-01-05,7.33,7.38,7.09,7.12,2212464
2022-01-06,7.05,7.88,7.05,7.88,4031463
2022-01-07,8.02,8.58,7.94,8.23,6028061
2022-01-10,8.29,8.3,7.7,8.07,3825152
2022-01-11,8.1,8.39,7.93,7.96,2885317
2022-01-12,8.04,8.1,7.79,7.93,2192432
2022-01-13,7.87,7.9,7.53,7.73,2500289
2022-01-14,7.64,7.73,7.39,7.41,2381852
2022-01-17,7.33,7.55,7.31,7.47,1452412
2022-01-18,7.46,8.27,7.39,8.2,5288817
2022-01-19,8.17,8.49,8.06,8.25,4234854
2022-01-20,8.22,9.07,8.05,8.92,4726818
2022-01-21,8.8,8.98,8.35,8.48,3613864
2022-01-24,8.35,8.77,8.3,8.48,2401512
2022-01-25,8.39,8.73,8.22,8.22,2800974
2022-01-26,8.18,8.54,8.14,8.41,2361307
2022-01-27,8.37,8.96,8.27,8.62,3307067
2022-01-28,8.58,8.66,7.88,8.18,2902213
2022-02-07,8.39,9.05,8.31,9.05,3344048
2022-02-08,9.28,9.29,8.72,9.2,4047201
2022-02-09,9.03,9.13,8.82,9.05,3173977
2022-02-10,9.0,9.33,8.67,8.93,3904849
2022-02-11,8.79,8.96,8.52,8.58,2897303
2022-02-14,8.42,8.74,8.4,8.64,2022986
2022-02-15,8.66,8.67,8.32,8.57,2135555
2022-02-16,8.62,8.85,8.58,8.67,2287341
2022-02-17,8.53,8.65,8.36,8.47,2442543
2022-02-18,8.35,8.66,8.32,8.6,2041672
2022-02-21,8.54,8.59,8.32,8.44,2177722
2022-02-22,8.32,8.34,7.77,7.81,3895793
2022-02-23,7.77,7.96,7.47,7.9,3271672
2022-02-24,7.74,7.81,7.13,7.3,4140524
2022-02-25,7.34,7.54,7.27,7.3,2891215
2022-02-28,7.23,7.27,7.02,7.17,2280862
2022-03-01,7.27,7.55,7.24,7.54,3504555
2022-03-02,7.42,7.6,7.37,7.49,1668570
2022-03-03,7.54,7.67,7.51,7.52,1830692
2022-03-04,7.57,7.58,7.27,7.3,1828303
2022-03-07,7.27,7.62,7.2,7.45,2988651
2022-03-08,7.35,7.61,7.34,7.42,2492676
2022-03-09,7.4,7.61,6.95,7.45,2605272
2022-03-10,7.57,7.7,7.42,7.6,2597447
2022-03-11,7.42,7.46,7.15,7.37,2089370
2022-03-14,7.18,7.42,7.12,7.12,1204986
2022-03-15,7.03,7.05,6.36,6.39,2823170
2022-03-16,6.54,6.7,6.17,6.61,2767236
2022-03-17,6.77,6.86,6.62,6.64,2018182
2022-03-18,6.61,7.0,6.55,6.93,2290671
2022-03-21,6.86,6.93,6.77,6.88,1450012
2022-03-22,6.84,6.97,6.76,6.81,1242834
2022-03-23,6.83,6.97,6.75,6.8,1570406
2022-03-24,6.7,6.77,6.6,6.62,1456908
2022-03-25,6.65,6.67,6.44,6.44,1496993
2022-03-28,6.39,6.6,6.27,6.58,1701121
2022-03-29,6.58,6.64,6.39,6.45,1130142
2022-03-30,6.55,6.85,6.54,6.8,2231826
2022-03-31,6.94,7.06,6.75,6.81,2115178
2022-04-01,6.66,6.85,6.62,6.74,1403359
2022-04-06,6.82,7.05,6.61,7.0,2475992
2022-04-07,6.91,7.19,6.88,6.99,2415481
2022-04-08,7.06,7.64,7.06,7.57,3827786
2022-04-11,7.63,7.87,7.47,7.61,3379909
2022-04-12,7.47,7.52,7.24,7.37,2684458
2022-04-13,7.29,7.35,7.12,7.13,1581463
2022-04-14,7.17,7.57,7.08,7.47,2192739
2022-04-15,7.41,7.48,7.22,7.26,1243011
2022-04-18,7.2,7.32,7.0,7.09,1300950
2022-04-19,7.02,7.22,7.02,7.11,1021919
2022-04-20,7.11,7.14,6.6,6.63,1883543
2022-04-21,6.63,6.68,6.28,6.32,1585387
2022-04-22,6.27,6.61,6.23,6.52,1452921
2022-04-25,6.38,6.66,6.33,6.33,1848653
2022-04-26,6.3,6.66,6.3,6.45,1850599
2022-04-27,6.67,7.0,6.62,7.0,3149687
2022-04-28,6.87,7.15,6.78,7.13,2316738
2022-04-29,7.03,7.4,6.97,7.28,2324786
2022-05-05,7.28,7.44,7.12,7.13,1676997
2022-05-06,6.88,6.93,6.72,6.87,1408853
2022-05-09,6.83,7.02,6.77,6.85,828675
2022-05-10,6.73,7.09,6.64,7.0,1539426
2022-05-11,6.99,7.11,6.8,6.83,1817862
2022-05-12,6.74,6.86,6.56,6.64,1888009
2022-05-13,6.6,6.69,6.52,6.59,1409330
2022-05-16,6.64,6.69,6.52,6.69,1422480
2022-05-17,6.62,6.64,6.52,6.6,1008385
2022-05-18,6.61,6.69,6.55,6.6,1077047
2022-05-19,6.53,7.13,6.49,7.12,3003730
2022-05-20,7.12,7.37,7.04,7.24,2948075
2022-05-23,7.25,7.26,6.94,7.05,1930149
2022-05-24,7.07,7.14,6.74,6.74,1639426
2022-05-25,6.71,7.4,6.67,7.27,2611185
2022-05-26,7.42,7.5,7.24,7.26,2660737
2022-05-27,7.27,7.47,7.19,7.38,2148306
2022-05-30,7.42,7.57,7.34,7.4,1921171
2022-05-31,7.46,7.46,7.16,7.33,1515068
2022-06-01,7.28,7.3,7.06,7.19,1403132
2022-06-02,7.19,7.31,7.15,7.24,1232176
2022-06-06,7.22,7.42,7.07,7.37,2309457
2022-06-07,7.39,7.6,7.19,7.23,1811741
2022-06-08,7.24,7.3,7.06,7.21,1411629
2022-06-09,7.22,7.73,7.21,7.49,3546830
2022-06-10,7.38,7.49,7.26,7.42,2418498
2022-06-13,7.34,7.39,7.17,7.29,2067821
2022-06-14,7.22,7.46,7.18,7.43,1875838
2022-06-15,7.39,7.97,7.36,7.85,4221964
2022-06-16,7.88,7.92,7.58,7.61,2233163
2022-06-17,7.52,7.66,7.42,7.61,1925200
2022-06-20,7.62,7.8,7.52,7.61,1994123
2022-06-21,7.58,7.7,7.38,7.48,1788161
2022-06-22,7.54,7.6,7.42,7.44,1260510
2022-06-23,7.44,7.51,7.27,7.51,1506296
2022-06-24,7.5,7.53,7.3,7.35,1587093
2022-06-27,7.44,7.63,7.37,7.48,2122161
2022-06-28,7.49,7.55,7.33,7.48,1650440
2022-06-29,7.45,7.67,7.37,7.51,2319906
2022-06-30,7.49,7.51,7.2,7.39,2253522
2022-07-01,7.4,7.61,7.33,7.38,2298192
2022-07-04,7.3,7.31,7.18,7.23,2044843
2022-07-05,7.19,7.34,7.15,7.25,1480265
2022-07-06,7.21,7.25,6.98,7.04,1556464
2022-07-07,7.08,7.09,6.99,7.0,1219260
2022-07-08,7.16,7.19,7.03,7.09,1195734
2022-07-11,7.04,7.19,6.97,7.12,1033408
2022-07-12,7.07,7.5,7.05,7.39,3034486
2022-07-13,7.54,7.58,7.38,7.44,2062911
2022-07-14,7.38,7.43,7.19,7.29,1602727
2022-07-15,7.24,7.26,7.0,7.0,1739422
2022-07-18,6.92,7.13,6.92,7.11,1053313
2022-07-19,7.1,7.11,7.01,7.1,872104
2022-07-20,7.1,7.12,7.01,7.05,850472
2022-07-21,7.04,7.19,7.0,7.06,1441208
2022-07-22,7.08,7.17,7.04,7.13,984534
2022-07-25,7.19,7.22,6.99,7.0,704719
2022-07-26,7.0,7.1,6.97,7.04,493002
2022-07-27,7.07,7.07,6.92,6.94,816890
2022-07-28,6.94,7.01,6.84,6.94,757930
2022-07-29,6.94,6.99,6.84,6.87,847253
2022-08-01,6.84,6.92,6.67,6.88,1025744
2022-08-02,6.74,6.75,6.51,6.51,1265261
2022-08-03,6.51,6.62,6.38,6.41,1128345
2022-08-04,6.47,6.5,6.38,6.49,567579
2022-08-05,6.47,6.59,6.43,6.56,662358
2022-08-08,6.55,6.69,6.53,6.6,738256
2022-08-09,6.6,6.65,6.54,6.59,526266
2022-08-10,6.56,6.7,6.53,6.58,600382
2022-08-11,6.62,6.7,6.59,6.68,800254
2022-08-12,6.65,6.82,6.63,6.79,848475
2022-08-15,6.76,7.0,6.74,6.94,1070318
2022-08-16,6.96,7.11,6.92,6.96,938421
2022-08-17,6.96,7.12,6.93,7.09,1097447
2022-08-18,7.05,7.1,6.87,6.89,1033551
2022-08-19,6.93,7.07,6.85,6.98,1194445
2022-08-22,6.98,7.41,6.97,7.39,2780014
2022-08-23,7.34,7.48,7.26,7.43,1433381
2022-08-24,7.44,7.55,7.27,7.32,1612139
2022-08-25,7.36,7.49,7.29,7.45,1320925
2022-08-26,7.54,7.57,7.32,7.35,1422852
2022-08-29,7.28,7.64,7.22,7.58,1586833
2022-08-30,7.6,7.62,7.38,7.45,870634
2022-08-31,7.42,7.47,7.27,7.34,970264
2022-09-01,7.35,7.45,7.26,7.27,701245
2022-09-02,7.32,7.34,7.23,7.27,484808
2022-09-05,7.28,7.55,7.28,7.52,1048908
2022-09-06,7.54,7.66,7.41,7.61,1235275
2022-09-07,7.61,8.0,7.53,7.86,2320720
2022-09-08,7.8,7.83,7.65,7.72,1143966
2022-09-09,7.68,7.92,7.67,7.8,1279557
2022-09-13,7.81,7.9,7.65,7.71,1031692
2022-09-14,7.58,7.76,7.55,7.63,785382
2022-09-15,7.67,7.73,7.37,7.5,1051043
2022-09-16,7.5,7.52,7.07,7.09,1281334
2022-09-19,7.11,7.16,6.94,7.02,855990
2022-09-20,7.06,7.14,6.82,6.85,934287
2022-09-21,6.86,7.04,6.73,7.0,733754
2022-09-22,6.92,7.04,6.85,6.89,670070
2022-09-23,6.89,7.0,6.72,6.81,809715
2022-09-26,6.77,6.86,6.61,6.62,764904
2022-09-27,6.63,6.69,6.52,6.67,752076
2022-09-28,6.63,6.66,6.45,6.47,743295
2022-09-29,6.54,6.6,6.45,6.51,851956
2022-09-30,6.51,6.7,6.51,6.59,808624
2022-10-10,6.62,6.82,6.6,6.67,903040
2022-10-11,6.71,6.8,6.6,6.76,817721
2022-10-12,6.75,6.92,6.7,6.91,886983
2022-10-13,6.88,7.01,6.82,6.91,838502
2022-10-14,7.01,7.01,6.87,6.89,686899
2022-10-17,6.89,7.12,6.75,7.08,1022012
2022-10-18,7.07,7.17,7.04,7.11,745423
2022-10-19,7.08,7.31,7.07,7.13,790186
2022-10-20,7.12,7.18,7.02,7.04,664635
2022-10-21,7.07,7.37,7.07,7.24,1112140
2022-10-24,7.21,7.39,7.17,7.23,1143788
2022-10-25,7.2,7.32,7.19,7.29,716272
2022-10-26,7.31,7.34,7.27,7.29,597465
2022-10-27,7.29,7.42,7.29,7.32,569473
2022-10-28,7.31,7.32,7.11,7.15,826988
2022-10-31,7.09,7.09,6.58,6.66,1529276
2022-11-01,6.7,6.96,6.69,6.86,964952
2022-11-02,6.86,6.9,6.77,6.85,676869
2022-11-03,6.8,6.81,6.69,6.74,708126
2022-11-04,6.73,7.0,6.72,6.92,1014494
2022-11-07,6.9,7.03,6.87,6.97,694479
2022-11-08,6.91,6.98,6.79,6.85,792555
2022-11-09,6.92,7.12,6.86,6.89,1030030
2022-11-10,6.77,6.89,6.71,6.82,753855
2022-11-11,6.94,7.05,6.84,6.99,1035857
2022-11-14,7.0,7.08,6.78,6.81,1067311
2022-11-15,6.81,6.92,6.74,6.88,886769
2022-11-16,6.9,6.95,6.79,6.81,715557
2022-11-17,6.78,6.81,6.72,6.77,712748
2022-11-18,6.77,6.81,6.7,6.75,677983
2022-11-21,6.7,6.73,6.63,6.69,609900
2022-11-22,6.7,7.39,6.66,7.06,3318234
2022-11-23,7.09,7.57,7.04,7.3,3633112
2022-11-24,7.12,7.25,7.01,7.12,1781043
2022-11-25,7.1,7.35,7.06,7.31,1518799
2022-11-28,7.12,7.5,7.11,7.36,1694562
2022-11-29,7.37,7.47,7.25,7.35,1712542
2022-11-30,7.3,7.34,7.18,7.26,1319841
2022-12-01,7.27,7.29,7.14,7.2,1075757
2022-12-02,7.2,7.22,7.1,7.13,947499
2022-12-05,7.24,7.68,7.2,7.65,2943662
2022-12-06,7.58,7.58,7.32,7.36,1929355
2022-12-07,7.37,7.39,7.17,7.25,1496819
2022-12-08,7.19,7.27,7.16,7.23,863284
2022-12-09,7.21,7.3,7.07,7.25,1946657
2022-12-12,7.17,7.19,6.99,7.0,1414024
2022-12-13,6.97,7.03,6.95,6.96,662331
2022-12-14,7.0,7.01,6.93,6.97,496752
2022-12-15,6.97,6.98,6.86,6.89,674257
2022-12-16,6.86,6.98,6.85,6.89,704012
2022-12-19,6.9,6.91,6.68,6.76,947267
2022-12-20,6.73,6.81,6.69,6.73,662273
2022-12-21,6.73,6.75,6.63,6.67,839137
2022-12-22,6.68,6.7,6.52,6.56,1038216
2022-12-23,6.49,6.56,6.47,6.47,651745
2022-12-26,6.48,6.55,6.43,6.51,814774
2022-12-27,6.55,6.58,6.51,6.56,840580
2022-12-28,6.56,6.67,6.47,6.52,1172389
2022-12-29,6.49,6.57,6.45,6.54,646129
2022-12-30,6.56,6.73,6.53,6.7,1026204
2023-01-03,6.68,6.74,6.63,6.72,936664
2023-01-04,6.69,6.76,6.65,6.69,701363
2023-01-05,6.72,6.73,6.67,6.71,935583
2023-01-06,6.7,6.87,6.68,6.77,1219004
2023-01-09,6.78,6.83,6.73,6.75,667300
2023-01-10,6.75,6.75,6.64,6.65,811282
2023-01-11,6.65,6.68,6.57,6.59,626189
2023-01-12,6.61,6.63,6.57,6.62,489013
2023-01-13,6.63,6.63,6.51,6.56,958346
2023-01-16,6.56,6.67,6.51,6.6,1162473
2023-01-17,6.58,6.59,6.49,6.52,913548
2023-01-18,6.49,6.55,6.49,6.51,561860
2023-01-19,6.51,6.55,6.5,6.55,606517
2023-01-20,6.56,6.66,6.54,6.66,1213316
2023-01-30,6.73,6.76,6.62,6.65,1201443
2023-01-31,6.66,6.66,6.6,6.64,648371
2023-02-01,6.64,6.71,6.6,6.71,1237166
2023-02-02,6.71,6.71,6.64,6.68,814043
2023-02-03,6.65,6.65,6.55,6.58,1037119
2023-02-06,6.55,6.64,6.53,6.59,567257
2023-02-07,6.59,6.63,6.56,6.62,682075
2023-02-08,6.61,6.62,6.56,6.57,524527
2023-02-09,6.56,6.61,6.55,6.59,564238
2023-02-10,6.56,6.6,6.56,6.59,624441
2023-02-13,6.61,6.67,6.57,6.67,1145929
2023-02-14,6.68,6.69,6.62,6.65,606141
2023-02-15,6.65,6.66,6.59,6.6,479404
2023-02-16,6.6,6.66,6.53,6.57,1063706
2023-02-17,6.56,6.58,6.52,6.52,629926
2023-02-20,6.56,6.67,6.52,6.65,1348839
2023-02-21,6.64,6.67,6.6,6.65,1020231
2023-02-22,6.63,6.67,6.61,6.62,603591
2023-02-23,6.62,6.63,6.57,6.59,635933
2023-02-24,6.6,6.6,6.54,6.54,627486
2023-02-27,6.54,6.56,6.5,6.52,628030
2023-02-28,6.53,6.81,6.5,6.8,2243897
2023-03-01,6.76,7.28,6.75,7.25,5886847
2023-03-02,7.18,7.36,7.12,7.23,3079759
2023-03-03,7.26,7.51,7.24,7.39,3112444
2023-03-06,7.4,7.43,7.22,7.3,2287846
2023-03-07,7.32,7.52,7.23,7.25,2707445
2023-03-08,7.22,7.27,7.12,7.23,1735044
2023-03-09,7.22,7.25,7.11,7.21,1010714
2023-03-10,7.14,7.23,7.12,7.13,984515
2023-03-13,7.39,7.42,7.17,7.32,1781353
2023-03-14,7.27,7.44,7.22,7.26,1420240
2023-03-15,7.28,7.55,7.08,7.47,2374598
2023-03-16,7.41,7.51,7.31,7.34,1516706
2023-03-17,7.39,7.53,7.23,7.39,2146383
2023-03-20,7.39,7.77,7.28,7.3,2599359
2023-03-21,7.2,7.42,7.13,7.22,1628962
2023-03-22,7.2,7.28,7.03,7.18,987174
2023-03-23,7.16,7.32,7.06,7.3,1276953
2023-03-24,7.27,7.28,7.04,7.09,1609892
2023-03-27,7.07,7.08,6.83,6.9,1267130
2023-03-28,6.94,7.01,6.87,6.88,733872
2023-03-29,6.9,6.94,6.74,6.82,841733
2023-03-30,6.8,6.83,6.66,6.74,880121
2023-03-31,6.74,6.81,6.7,6.75,731662
2023-04-03,6.77,6.84,6.72,6.8,655629
2023-04-04,6.8,7.13,6.75,7.05,1755866
2023-04-06,7.0,7.04,6.88,6.94,885142
2023-04-07,6.92,6.97,6.86,6.9,596298
2023-04-10,6.9,7.02,6.84,6.92,715614
2023-04-11,6.9,6.9,6.74,6.87,789729
2023-04-12,6.88,7.01,6.81,6.95,773451
2023-04-13,6.94,7.5,6.9,7.4,3201677
2023-04-14,7.33,7.5,7.25,7.42,2052505
2023-04-17,7.42,7.58,7.32,7.46,1982501
2023-04-18,7.41,7.54,7.32,7.38,1226805
2023-04-19,7.34,7.46,7.27,7.29,1100880
2023-04-20,7.27,7.49,7.21,7.43,1418656
2023-04-21,7.43,7.55,7.22,7.22,1356316
2023-04-24,7.23,7.33,7.05,7.1,1036781
2023-04-25,7.11,7.19,7.01,7.11,863694
2023-04-26,7.07,7.14,6.92,7.07,927629
2023-04-27,7.08,7.32,7.07,7.15,1303573
2023-04-28,7.16,7.35,7.12,7.31,1562674
2023-05-04,7.24,7.5,7.2,7.42,1788454
2023-05-05,7.44,7.5,7.27,7.36,1028274
2023-05-08,7.41,7.54,7.34,7.38,1955512
2023-05-09,7.46,7.61,7.22,7.23,2342356
2023-05-10,7.24,7.31,7.05,7.1,1598391
2023-05-11,7.09,7.19,7.0,7.08,1039406
2023-05-12,7.07,7.13,6.82,6.82,1472357
2023-05-15,6.8,6.83,6.67,6.8,1462101
2023-05-16,6.81,6.85,6.71,6.74,1094747
2023-05-17,6.71,6.77,6.64,6.75,857737
2023-05-18,6.77,6.8,6.66,6.69,1220345
2023-05-19,6.68,6.68,6.5,6.52,1994572
2023-05-22,6.52,6.56,6.49,6.53,1154219
2023-05-23,6.53,6.55,6.4,6.4,1178714
2023-05-24,6.39,6.44,6.26,6.41,1357479
2023-05-25,6.34,6.45,6.33,6.39,829745
2023-05-26,6.49,6.53,6.4,6.43,920420
2023-05-29,6.44,6.48,6.35,6.39,840573
2023-05-30,6.37,6.51,6.34,6.39,1190730
2023-05-31,6.37,6.38,6.25,6.25,1157365
2023-06-01,6.25,6.29,5.91,5.99,2546227
2023-06-02,6.03,6.06,5.92,5.94,1988310
2023-06-05,5.95,5.97,5.48,5.55,5084652
2023-06-06,5.51,5.55,5.3,5.33,2883276
2023-06-07,5.32,5.37,5.23,5.36,1656540
2023-06-08,5.33,5.41,5.3,5.39,1459355
2023-06-09,5.36,5.4,5.34,5.37,1061529
2023-06-12,5.38,5.4,5.29,5.37,954059
2023-06-13,5.35,5.38,5.29,5.34,901569
2023-06-14,5.35,5.35,5.26,5.27,1031461
2023-06-15,5.28,5.34,5.23,5.34,1000603
2023-06-16,5.34,5.5,5.34,5.48,1875410
2023-06-19,5.49,5.5,5.38,5.4,1092289
2023-06-20,5.39,5.46,5.35,5.37,789193
2023-06-21,5.35,5.44,5.33,5.33,811755
2023-06-26,5.3,5.31,5.24,5.26,774263
2023-06-27,5.25,5.43,5.24,5.4,1035404
2023-06-28,5.4,5.41,5.32,5.37,597362
2023-06-29,5.37,5.38,5.33,5.33,649567
2023-06-30,5.33,5.39,5.33,5.36,621329
2023-07-03,5.36,5.52,5.36,5.48,1341496
2023-07-04,5.48,5.52,5.44,5.48,772405
2023-07-05,5.49,5.56,5.46,5.48,758245
2023-07-06,5.47,5.48,5.4,5.41,820794
2023-07-07,5.41,5.45,5.37,5.42,664296
2023-07-10,5.42,5.48,5.38,5.46,1095647
2023-07-11,5.49,5.49,5.44,5.45,674901
2023-07-12,5.45,5.47,5.37,5.37,838669
2023-07-13,5.37,5.53,5.37,5.52,2087940
2023-07-14,5.52,5.52,5.44,5.49,1125785
2023-07-17,5.49,5.49,5.45,5.48,564826
2023-07-18,5.48,5.49,5.41,5.44,725545
2023-07-19,5.44,5.49,5.43,5.47,446368
2023-07-20,5.47,5.51,5.41,5.42,662345
2023-07-21,5.42,5.45,5.4,5.41,508727
2023-07-24,5.42,5.46,5.39,5.41,591569
2023-07-25,5.45,5.52,5.45,5.51,1358325
2023-07-26,5.51,5.55,5.49,5.53,920242
2023-07-27,5.53,5.59,5.51,5.52,893741
2023-07-28,5.5,5.65,5.49,5.65,1560050
2023-07-31,5.66,5.82,5.66,5.74,1758944
2023-08-01,5.75,5.8,5.7,5.74,1126532
2023-08-02,5.75,5.76,5.64,5.66,1095061
2023-08-03,5.65,5.75,5.62,5.73,902338
2023-08-04,5.77,5.8,5.72,5.74,880717
2023-08-07,5.74,5.74,5.66,5.68,788995
2023-08-08,5.66,5.7,5.64,5.65,562165
2023-08-09,5.66,5.68,5.61,5.61,609475
2023-08-10,5.61,5.65,5.6,5.64,443335
2023-08-11,5.64,5.66,5.49,5.49,939762
2023-08-14,5.44,5.58,5.38,5.52,928348
2023-08-15,5.51,5.56,5.45,5.52,506034
2023-08-16,5.47,5.5,5.43,5.44,626545
2023-08-17,5.41,5.47,5.38,5.46,584470
2023-08-18,5.44,5.49,5.34,5.34,923958
2023-08-21,5.35,5.41,5.3,5.3,769188
2023-08-22,5.31,5.4,5.28,5.36,747420
2023-08-23,5.35,5.35,5.21,5.22,786566
2023-08-24,5.21,5.25,4.94,4.95,1820191
2023-08-25,4.94,5.03,4.9,4.97,975844
2023-08-28,5.24,5.27,4.97,4.99,1668318
2023-08-29,4.98,5.07,4.97,5.04,989605
2023-08-30,5.04,5.04,4.94,4.95,1070892
2023-08-31,4.95,4.99,4.88,4.89,904961
2023-09-01,4.91,4.96,4.9,4.93,766891
2023-09-04,4.95,5.03,4.94,5.02,1105015
2023-09-05,5.0,5.01,4.95,4.97,723111
2023-09-06,4.95,4.96,4.9,4.92,817161
2023-09-07,4.92,4.93,4.85,4.85,744780
2023-09-08,4.85,4.87,4.79,4.82,602373
2023-09-11,4.85,4.89,4.8,4.87,728023
2023-09-12,4.86,5.01,4.85,4.96,1342931
2023-09-13,4.95,4.97,4.88,4.91,685941
2023-09-14,4.9,4.95,4.89,4.94,678465
2023-09-15,4.94,4.96,4.86,4.87,749017
2023-09-18,4.86,4.91,4.83,4.9,513362
2023-09-19,4.89,4.92,4.87,4.89,450896
2023-09-20,4.88,4.91,4.87,4.87,413195
2023-09-21,4.86,4.89,4.79,4.79,684702
2023-09-22,4.78,4.9,4.76,4.9,923885
2023-09-25,4.89,4.9,4.8,4.82,703377
2023-09-26,4.82,4.84,4.79,4.79,513844
2023-09-27,4.95,5.06,4.95,4.97,2220549
2023-09-28,4.97,5.13,4.93,5.09,2117068
2023-10-09,5.08,5.13,5.0,5.11,1313615
2023-10-10,5.12,5.13,4.92,4.95,1961246
2023-10-11,4.98,5.05,4.97,5.03,1300856
2023-10-12,5.05,5.11,5.02,5.09,1170116
2023-10-13,5.04,5.06,4.97,5.06,1084007
2023-10-16,5.02,5.09,4.97,5.09,1096197
2023-10-17,5.06,5.12,5.03,5.12,1334416
2023-10-18,5.08,5.09,5.02,5.02,1002010
2023-10-19,4.98,5.02,4.9,4.9,910223
2023-10-20,4.88,4.94,4.85,4.89,620856
2023-10-23,4.86,4.88,4.75,4.78,786571
2023-10-24,4.81,4.98,4.77,4.96,1144821
2023-10-25,5.22,5.28,5.05,5.05,1928619
2023-10-26,4.97,5.02,4.92,5.0,1097685
2023-10-27,4.95,5.06,4.94,5.02,964673
2023-10-30,4.99,5.02,4.98,5.0,742972
2023-10-31,5.0,5.02,4.98,5.0,596125
2023-11-01,5.03,5.04,4.96,4.96,558121
2023-11-02,4.96,5.01,4.9,4.91,551568
2023-11-03,4.91,4.94,4.9,4.92,529016
2023-11-06,4.93,4.98,4.91,4.97,693310
2023-11-07,4.96,4.96,4.91,4.93,514219
2023-11-08,4.92,4.93,4.88,4.9,555964
2023-11-09,4.9,4.96,4.89,4.92,487662
2023-11-10,4.9,4.91,4.85,4.87,457460
2023-11-13,4.87,4.91,4.85,4.9,418658
2023-11-14,4.9,4.94,4.89,4.9,398505
2023-11-15,4.93,4.96,4.91,4.93,662550
2023-11-16,4.93,4.94,4.87,4.87,537543
2023-11-17,4.86,4.87,4.83,4.86,470775
2023-11-20,4.86,4.88,4.83,4.86,441317
2023-11-21,4.86,4.9,4.85,4.86,542262
2023-11-22,4.85,4.86,4.81,4.81,466810
2023-11-23,4.81,4.84,4.8,4.82,387405
2023-11-24,4.81,4.83,4.77,4.79,474362
2023-11-27,4.79,4.8,4.75,4.78,461156
2023-11-28,4.78,4.79,4.75,4.77,370513
2023-11-29,4.78,4.78,4.68,4.69,722798
2023-11-30,4.69,4.73,4.68,4.73,481233
2023-12-01,4.72,4.74,4.68,4.73,540845
2023-12-04,4.73,4.75,4.71,4.71,428867
2023-12-05,4.71,4.71,4.6,4.6,696225
2023-12-06,4.6,4.63,4.56,4.58,478812
2023-12-07,4.59,4.62,4.54,4.6,641622
2023-12-08,4.6,4.72,4.6,4.71,1130526
2023-12-11,4.69,4.73,4.63,4.73,738907
2023-12-12,4.71,4.74,4.69,4.72,406986
2023-12-13,4.71,4.72,4.64,4.65,388953
2023-12-14,4.66,4.69,4.62,4.62,328485
2023-12-15,4.62,4.65,4.55,4.57,541377
2023-12-18,4.57,4.59,4.5,4.51,450881
2023-12-19,4.51,4.52,4.45,4.49,434989
2023-12-20,4.49,4.54,4.45,4.45,377567
2023-12-21,4.43,4.5,4.42,4.49,518990
2023-12-22,4.49,4.55,4.46,4.52,487532
2023-12-25,4.51,4.53,4.46,4.48,276000
2023-12-26,4.48,4.48,4.43,4.43,249153
2023-12-27,4.45,4.46,4.38,4.43,478637
2023-12-28,4.42,4.62,4.41,4.6,1048397
2023-12-29,4.6,4.63,4.58,4.63,589692
2024-01-02,4.63,4.64,4.58,4.61,434516
2024-01-03,4.61,4.67,4.6,4.67,557965
2024-01-04,4.67,4.68,4.57,4.63,539720
2024-01-05,4.62,4.69,4.6,4.61,619825
2024-01-08,4.62,4.64,4.53,4.54,550047
2024-01-09,4.54,4.56,4.48,4.51,514341
2024-01-10,4.5,4.53,4.46,4.46,441630
2024-01-11,4.46,4.51,4.41,4.48,520589
2024-01-12,4.47,4.56,4.47,4.49,519996
2024-01-15,4.48,4.52,4.45,4.5,513814
2024-01-16,4.48,4.52,4.42,4.49,571027
2024-01-17,4.48,4.49,4.39,4.39,511421
2024-01-18,4.37,4.37,4.19,4.34,1217778
2024-01-19,4.31,4.41,4.27,4.35,730875
2024-01-22,4.34,4.39,4.2,4.24,896070
2024-01-23,4.24,4.27,4.19,4.25,733366
2024-01-24,4.27,4.48,4.25,4.47,1364305
2024-01-25,4.5,4.78,4.45,4.76,2490370
2024-01-26,4.75,4.86,4.73,4.81,2314021
2024-01-29,4.81,5.13,4.81,4.89,3339647
2024-01-30,4.81,4.95,4.78,4.81,1893427
2024-01-31,4.79,4.87,4.75,4.77,1473658
2024-02-01,4.72,4.76,4.64,4.65,1336576
2024-02-02,4.66,4.78,4.49,4.68,1733197
2024-02-05,4.63,4.67,4.47,4.51,1588569
2024-02-06,4.47,4.67,4.45,4.62,1736515
2024-02-07,4.63,4.69,4.59,4.68,1550098
2024-02-08,4.7,4.77,4.65,4.7,1599805
2024-02-19,4.73,4.74,4.67,4.73,1337907
2024-02-20,4.72,4.77,4.68,4.76,1119398
2024-02-21,4.73,4.92,4.72,4.84,1730571
2024-02-22,4.82,4.86,4.79,4.85,1072250
2024-02-23,4.84,4.88,4.82,4.86,860224
2024-02-26,4.86,4.88,4.76,4.78,1153973
2024-02-27,4.76,4.8,4.75,4.8,946167
2024-02-28,4.81,4.89,4.8,4.8,1571331
2024-02-29,4.77,4.85,4.76,4.85,1127946
2024-03-01,4.84,4.85,4.8,4.83,865738
2024-03-04,4.81,4.83,4.76,4.78,939843
2024-03-05,4.77,4.84,4.76,4.8,1010699
2024-03-06,4.8,4.97,4.77,4.86,1664016
2024-03-07,4.85,4.91,4.81,4.81,1301572
2024-03-08,4.81,5.0,4.81,5.0,2354478
2024-03-11,5.0,5.08,4.94,4.99,1412179
2024-03-12,4.97,4.98,4.9,4.91,1224077
2024-03-13,4.89,4.91,4.82,4.86,1013189
2024-03-14,4.85,4.92,4.83,4.85,1271178
2024-03-15,4.83,4.86,4.78,4.86,1162909
2024-03-18,4.84,4.95,4.84,4.92,1289261
2024-03-19,4.91,4.95,4.85,4.85,903623
2024-03-20,4.85,4.87,4.83,4.85,729949
2024-03-21,4.85,4.87,4.82,4.83,651381
2024-03-22,4.82,4.83,4.7,4.71,1440485
2024-03-25,4.7,4.76,4.68,4.69,698341
2024-03-26,4.69,4.72,4.67,4.72,692087
2024-03-27,4.71,4.75,4.66,4.66,765566
2024-03-28,4.66,4.7,4.63,4.68,815764
2024-03-29,4.67,4.73,4.66,4.71,733889
2024-04-01,4.73,4.84,4.72,4.84,1406208
2024-04-02,4.85,4.91,4.81,4.84,920557
2024-04-03,4.84,4.84,4.77,4.8,708480
2024-04-08,4.79,4.83,4.75,4.77,793545
2024-04-09,4.77,4.8,4.74,4.75,681062
2024-04-10,4.75,4.76,4.65,4.66,864262
2024-04-11,4.65,4.74,4.61,4.71,799570
2024-04-12,4.7,4.72,4.63,4.64,637865
2024-04-15,4.65,4.92,4.64,4.9,2644086
2024-04-16,4.86,4.95,4.81,4.84,2017349
2024-04-17,4.81,4.98,4.76,4.98,2390761
2024-04-18,4.96,5.05,4.94,4.97,1787309
2024-04-19,4.95,5.04,4.94,4.98,1446375
2024-04-22,4.98,5.02,4.9,4.91,1203415
2024-04-23,4.91,4.92,4.78,4.8,1315505
2024-04-24,4.81,4.86,4.79,4.85,853211
2024-04-25,4.85,4.89,4.81,4.86,777699
2024-04-26,4.87,4.93,4.85,4.9,1249344
2024-04-29,4.9,4.95,4.85,4.94,1469980
2024-04-30,4.92,4.92,4.8,4.82,1828957
2024-05-06,4.86,4.96,4.86,4.93,1931793
2024-05-07,4.93,4.93,4.87,4.88,1025405
2024-05-08,4.88,4.89,4.83,4.83,856382
2024-05-09,4.83,4.93,4.83,4.91,1278022
2024-05-10,4.92,4.97,4.88,4.95,1253550
2024-05-13,4.93,5.07,4.91,5.03,2053407
2024-05-14,5.03,5.07,4.98,5.02,1198838
2024-05-15,5.0,5.03,4.95,4.97,953984
2024-05-16,4.98,5.07,4.96,5.03,1458977
2024-05-17,5.04,5.08,5.0,5.08,1184303
2024-05-20,5.1,5.13,5.04,5.11,1452260
2024-05-21,5.1,5.21,5.06,5.08,1679563
2024-05-22,5.06,5.2,5.05,5.17,1755735
2024-05-23,5.15,5.17,5.08,5.1,1351750
2024-05-24,5.08,5.19,5.08,5.1,1446515
2024-05-27,5.12,5.13,5.01,5.09,1272953
2024-05-28,5.09,5.18,5.08,5.12,1573669
2024-05-29,5.13,5.19,5.08,5.13,1080193
2024-05-30,5.14,5.26,5.12,5.14,2116212
2024-05-31,5.14,5.16,5.08,5.09,1260220
2024-06-03,5.07,5.08,4.97,5.05,1472023
2024-06-04,5.02,5.14,5.0,5.13,1232751
2024-06-05,5.13,5.17,5.08,5.09,1090132
2024-06-06,5.09,5.15,5.07,5.08,1040891
2024-06-07,5.08,5.11,5.01,5.08,970043
2024-06-11,5.08,5.08,4.93,4.97,1256028
2024-06-12,4.95,4.98,4.9,4.95,956126
2024-06-13,4.95,4.96,4.86,4.88,896519
2024-06-14,4.86,4.92,4.85,4.89,842610
2024-06-17,4.87,5.08,4.85,4.96,1645089
2024-06-18,4.94,5.39,4.93,5.28,3646187
2024-06-19,5.29,5.33,5.22,5.3,2201772
2024-06-20,5.31,5.34,5.17,5.19,1426054
2024-06-21,5.19,5.29,5.18,5.26,1333808
2024-06-24,5.24,5.3,5.18,5.22,1359956
2024-06-25,5.21,5.3,5.18,5.22,1254448
2024-06-26,5.19,5.21,5.11,5.18,1218471
2024-06-27,5.16,5.31,5.14,5.24,1685506
2024-06-28,5.24,5.42,5.21,5.33,2198845
2024-07-01,5.32,5.49,5.32,5.42,1963571
2024-07-02,5.39,5.44,5.36,5.42,1229490
2024-07-03,5.4,5.52,5.4,5.43,1294253
2024-07-04,5.42,5.47,5.35,5.36,1182520
2024-07-05,5.35,5.39,5.25,5.32,1237562
2024-07-08,5.32,5.32,5.21,5.23,1152107
2024-07-09,5.23,5.28,5.12,5.27,1404083
2024-07-10,5.25,5.26,5.1,5.12,1447530
2024-07-11,5.17,5.21,5.12,5.19,1081538
2024-07-12,5.19,5.29,5.17,5.18,1161748
2024-07-15,5.17,5.23,5.11,5.22,910854
2024-07-16,5.22,5.24,5.17,5.21,947929
2024-07-17,5.21,5.28,5.19,5.21,1298330
2024-07-18,5.19,5.23,5.11,5.23,1081748
2024-07-19,5.22,5.25,5.19,5.24,1071109
2024-07-22,5.23,5.25,5.12,5.19,1202922
2024-07-23,5.16,5.24,5.12,5.13,943360
2024-07-24,5.11,5.2,5.1,5.16,862013
2024-07-25,5.16,5.21,5.1,5.14,956949
2024-07-26,5.16,5.25,5.15,5.19,1096089
2024-07-29,5.21,5.38,5.17,5.34,1325578
2024-07-30,5.32,5.42,5.31,5.42,1412462
2024-07-31,5.43,5.44,5.34,5.37,1609510
2024-08-01,5.37,5.51,5.36,5.44,1414967
2024-08-02,5.42,5.5,5.4,5.43,1064531
2024-08-05,5.44,5.53,5.39,5.39,1414562
2024-08-06,5.41,5.44,5.27,5.33,1163039
2024-08-07,5.35,5.39,5.3,5.36,873580
2024-08-08,5.34,5.38,5.31,5.33,565383
2024-08-09,5.34,5.37,5.29,5.3,569049
2024-08-12,5.35,5.44,5.26,5.27,874912
2024-08-13,5.25,5.4,5.22,5.36,991987
2024-08-14,5.36,5.48,5.33,5.36,1178764
2024-08-15,5.33,5.42,5.3,5.42,1172803
2024-08-16,5.42,5.45,5.35,5.38,871080
2024-08-19,5.38,5.45,5.37,5.44,919888
2024-08-20,5.43,5.45,5.34,5.37,818252
2024-08-21,5.36,5.36,5.28,5.3,833771
2024-08-22,5.3,5.34,5.26,5.3,876208
2024-08-23,5.3,5.32,5.24,5.28,700968
2024-08-26,5.29,5.32,5.21,5.23,927739
2024-08-27,5.2,5.23,5.05,5.08,1485520
2024-08-28,5.07,5.09,4.95,4.96,1324397
2024-08-29,4.92,4.92,4.61,4.66,2891191
2024-08-30,4.63,4.71,4.63,4.67,1981185
2024-09-02,4.65,4.66,4.49,4.5,1773607
2024-09-03,4.5,4.52,4.44,4.51,1095504
2024-09-04,4.48,4.49,4.41,4.41,1061771
2024-09-05,4.4,4.45,4.4,4.44,733639
2024-09-06,4.43,4.49,4.42,4.44,842525
2024-09-09,4.42,4.43,4.31,4.35,993274
2024-09-10,4.35,4.37,4.26,4.33,862851
2024-09-11,4.31,4.32,4.25,4.28,655460
2024-09-12,4.3,4.32,4.27,4.27,592395
2024-09-13,4.28,4.31,4.25,4.26,530953
2024-09-18,4.25,4.28,4.2,4.27,606015
2024-09-19,4.29,4.36,4.26,4.35,791474
2024-09-20,4.34,4.35,4.29,4.35,739464
2024-09-23,4.33,4.4,4.32,4.37,701690
2024-09-24,4.42,4.55,4.38,4.54,1682034
2024-09-25,4.61,4.84,4.6,4.73,2697519
2024-09-26,4.69,4.97,4.69,4.97,2290624
2024-09-27,5.05,5.11,4.91,5.05,1866671
2024-09-30,5.24,5.53,5.13,5.51,4084504
2024-10-08,6.07,6.07,5.61,5.86,4459314
2024-10-09,5.67,5.67,5.27,5.28,3537166
2024-10-10,5.29,5.82,5.29,5.73,5061227
2024-10-11,5.68,5.69,5.33,5.41,3291441
2024-10-14,5.52,5.62,5.44,5.5,2296124
2024-10-15,5.46,5.59,5.38,5.4,1953292
2024-10-16,5.35,5.48,5.32,5.41,1447616
2024-10-17,5.43,5.48,5.29,5.3,1480631
2024-10-18,5.3,5.47,5.18,5.38,2045209
2024-10-21,5.42,5.47,5.37,5.43,1750372
2024-10-22,5.41,5.47,5.39,5.45,1201459
2024-10-23,5.45,5.62,5.44,5.56,1843432
2024-10-24,5.53,5.54,5.41,5.44,1171257
2024-10-25,5.45,5.49,5.43,5.46,918015
2024-10-28,5.43,5.47,5.33,5.46,1151287
2024-10-29,5.46,5.49,5.37,5.38,1105917
2024-10-30,5.36,5.42,5.3,5.32,1024163
2024-10-31,5.34,5.43,5.31,5.37,1320650
2024-11-01,5.37,5.62,5.34,5.45,2503746
2024-11-04,5.46,5.51,5.39,5.51,1366908
2024-11-05,5.5,5.59,5.48,5.59,1877731
2024-11-06,5.58,5.69,5.53,5.67,2200129
2024-11-07,5.64,5.83,5.61,5.83,2326557
2024-11-08,5.88,5.91,5.69,5.78,2323403
2024-11-11,5.72,5.79,5.67,5.76,1406789
2024-11-12,5.73,5.81,5.67,5.7,1538108
2024-11-13,5.67,5.83,5.64,5.73,1400423
2024-11-14,5.74,5.81,5.71,5.71,1476519
2024-11-15,5.7,5.81,5.68,5.69,1521509
2024-11-18,5.85,6.11,5.78,5.91,4213316
2024-11-19,5.82,5.83,5.6,5.72,2433770
2024-11-20,5.69,5.73,5.63,5.68,1198643
2024-11-21,5.66,5.7,5.62,5.64,990577
2024-11-22,5.66,5.69,5.45,5.45,1390641
2024-11-25,5.47,5.5,5.35,5.39,935123
2024-11-26,5.39,5.41,5.35,5.4,656382
2024-11-27,5.38,5.44,5.32,5.43,826295
2024-11-28,5.44,5.49,5.41,5.45,804177
2024-11-29,5.44,5.5,5.42,5.43,1075367
2024-12-02,5.38,5.46,5.33,5.43,1516262
2024-12-03,5.44,5.49,5.38,5.47,1346111
2024-12-04,5.44,5.45,5.36,5.37,1088453
2024-12-05,5.37,5.39,5.33,5.38,923199
2024-12-06,5.38,5.45,5.37,5.43,1039286
2024-12-09,5.44,5.47,5.37,5.4,1073097
2024-12-10,5.52,5.55,5.4,5.41,1454739
2024-12-11,5.4,5.43,5.38,5.41,963983
2024-12-12,5.41,5.44,5.38,5.44,1063680
2024-12-13,5.43,5.43,5.34,5.35,1966736
2024-12-16,5.35,5.37,5.26,5.3,1421564
2024-12-17,5.3,5.34,5.25,5.25,1036755
2024-12-18,5.33,5.4,5.29,5.29,1231856
2024-12-19,5.25,5.34,5.2,5.32,930168
2024-12-20,5.33,5.36,5.28,5.29,866381
2024-12-23,5.29,5.46,5.28,5.4,1786923
2024-12-24,5.4,5.52,5.39,5.5,1719798
2024-12-25,5.56,5.59,5.42,5.44,1332370
2024-12-26,5.44,5.45,5.34,5.36,1027380
2024-12-27,5.38,5.43,5.35,5.42,876806
2024-12-30,5.43,5.49,5.41,5.43,730356
2024-12-31,5.43,5.45,5.33,5.33,876310
2025-01-02,5.34,5.35,5.03,5.06,1706321
2025-01-03,5.07,5.11,4.99,5.01,902296
2025-01-06,5.02,5.03,4.92,5.01,819048
2025-01-07,4.99,5.01,4.92,5.0,834201
2025-01-08,4.98,4.99,4.81,4.96,1138305
2025-01-09,4.95,4.98,4.89,4.95,713752
2025-01-10,4.95,4.96,4.85,4.85,613576
2025-01-13,4.8,4.86,4.77,4.82,579780
2025-01-14,4.83,4.92,4.83,4.92,866181
2025-01-15,4.93,4.93,4.88,4.9,523568
2025-01-16,4.92,4.95,4.86,4.89,649060
2025-01-17,4.88,4.93,4.84,4.91,603553
2025-01-20,4.95,4.97,4.9,4.91,625026
2025-01-21,4.93,4.94,4.87,4.88,518377
2025-01-22,4.87,4.88,4.81,4.83,462962
2025-01-23,4.86,4.96,4.86,4.87,692456
2025-01-24,4.87,4.93,4.86,4.91,588787
2025-01-27,4.93,4.99,4.92,4.95,717735
2025-02-05,4.96,4.97,4.87,4.88,702390
2025-02-06,4.89,4.93,4.86,4.93,572208
2025-02-07,4.92,5.02,4.9,4.99,884822
2025-02-10,4.98,5.04,4.97,5.01,651582
2025-02-11,5.0,5.02,4.94,4.96,514931
2025-02-12,4.95,4.97,4.92,4.97,590460
2025-02-13,4.97,5.04,4.96,5.0,948239
2025-02-14,5.0,5.03,4.97,5.01,581912
2025-02-17,5.02,5.04,4.96,5.03,766583
2025-02-18,5.03,5.04,4.96,4.97,724521
2025-02-19,4.96,5.02,4.95,4.98,851941
2025-02-20,4.97,4.98,4.88,4.89,1056656
2025-02-21,4.89,4.93,4.86,4.87,1049367
2025-02-24,4.88,5.04,4.87,4.96,1847243
2025-02-25,4.95,4.96,4.9,4.9,849384
2025-02-26,4.92,5.01,4.91,4.95,1305264
2025-02-27,4.96,4.98,4.9,4.93,809855
2025-02-28,4.92,4.96,4.86,4.87,1142108
2025-03-03,4.87,4.9,4.8,4.82,1322742
2025-03-04,4.82,4.82,4.76,4.78,1242455
2025-03-05,4.78,4.79,4.73,4.78,867395
2025-03-06,4.79,4.81,4.73,4.79,1179375
2025-03-07,4.78,4.78,4.72,4.72,1233505
2025-03-10,4.72,4.73,4.64,4.68,1286059
2025-03-11,4.66,4.71,4.64,4.71,785875
2025-03-12,4.71,4.75,4.71,4.73,814198
2025-03-13,4.73,4.75,4.69,4.71,806346
2025-03-14,4.72,4.85,4.71,4.82,1645050
2025-03-17,4.83,4.87,4.81,4.82,1006905
2025-03-18,4.84,4.85,4.78,4.8,727201
2025-03-19,4.79,4.81,4.77,4.78,583866
2025-03-20,4.77,4.82,4.77,4.79,704047
2025-03-21,4.78,4.85,4.76,4.76,1167222
2025-03-24,4.77,4.79,4.72,4.76,756027
2025-03-25,4.76,4.85,4.74,4.84,1088048
2025-03-26,4.83,4.85,4.8,4.83,605892
2025-03-27,4.84,4.84,4.78,4.8,636597
2025-03-28,4.8,4.8,4.73,4.75,698802
2025-03-31,4.75,4.78,4.65,4.66,1018740
2025-04-01,4.67,4.7,4.66,4.68,584254
2025-04-02,4.68,4.71,4.67,4.7,448769
2025-04-03,4.68,4.76,4.66,4.73,778164
2025-04-07,4.62,4.62,4.25,4.41,2124214
2025-04-08,4.41,4.63,4.41,4.63,1935850
2025-04-09,4.6,4.68,4.5,4.67,1362087
2025-04-10,4.72,4.72,4.63,4.67,979221
2025-04-11,4.66,4.66,4.6,4.63,677975
2025-04-14,4.65,4.66,4.61,4.62,641249
2025-04-15,4.62,4.62,4.57,4.6,498533
2025-04-16,4.59,4.65,4.55,4.65,787085
2025-04-17,4.63,4.66,4.6,4.64,724469
2025-04-18,4.63,4.65,4.61,4.64,352540
2025-04-21,4.64,4.66,4.61,4.62,390638
2025-04-22,4.61,4.63,4.6,4.61,391474
2025-04-23,4.62,4.64,4.6,4.61,451360
2025-04-24,4.62,4.64,4.59,4.62,465578
2025-04-25,4.63,4.71,4.61,4.69,885387
2025-04-28,4.69,4.71,4.65,4.68,513991
2025-04-29,4.69,4.73,4.68,4.72,651193
2025-04-30,4.69,4.69,4.59,4.59,954447
2025-05-06,4.6,4.62,4.59,4.61,663209
2025-05-07,4.67,4.68,4.62,4.68,953239
2025-05-08,4.66,4.72,4.64,4.69,567270
2025-05-09,4.68,4.69,4.65,4.65,370047
2025-05-12,4.67,4.71,4.65,4.7,559929
2025-05-13,4.72,4.75,4.69,4.74,792620
2025-05-14,4.74,4.77,4.68,4.76,841284
2025-05-15,4.75,4.79,4.71,4.72,676622
2025-05-16,4.73,4.74,4.68,4.69,558926
2025-05-19,4.69,4.72,4.68,4.69,379350
2025-05-20,4.7,4.71,4.68,4.69,418162
2025-05-21,4.7,4.71,4.68,4.69,370254
2025-05-22,4.69,4.7,4.63,4.64,541246
2025-05-23,4.64,4.66,4.58,4.58,592575
2025-05-26,4.58,4.59,4.56,4.59,428140
2025-05-27,4.58,4.59,4.57,4.58,282803
2025-05-28,4.58,4.59,4.55,4.56,317298
2025-05-29,4.56,4.6,4.55,4.59,413734
2025-05-30,4.59,4.62,4.57,4.59,499554
2025-06-03,4.58,4.61,4.55,4.6,495209
2025-06-04,4.6,4.64,4.59,4.62,476300
2025-06-05,4.64,4.65,4.6,4.61,478771
2025-06-06,4.62,4.85,4.61,4.75,1996636
2025-06-09,4.75,4.83,4.74,4.8,1119209
2025-06-10,4.81,4.81,4.73,4.75,742192
2025-06-11,4.76,4.8,4.75,4.76,583567
2025-06-12,4.76,4.77,4.71,4.73,550791
2025-06-13,4.74,4.78,4.71,4.72,725306
2025-06-16,4.71,4.75,4.69,4.7,514733
2025-06-17,4.7,4.73,4.68,4.73,501450
2025-06-18,4.73,4.74,4.68,4.69,587689
2025-06-19,4.68,4.69,4.59,4.59,662612
2025-06-20,4.6,4.64,4.6,4.62,423801
2025-06-23,4.61,4.64,4.58,4.62,431782
2025-06-24,4.63,4.73,4.62,4.73,961851
2025-06-25,4.73,4.78,4.7,4.77,894499
2025-06-26,4.76,4.78,4.74,4.74,493869
2025-06-27,4.77,4.79,4.74,4.75,605177
2025-06-30,4.75,4.77,4.71,4.74,572949
2025-07-01,4.74,4.75,4.71,4.73,499594
2025-07-02,4.74,4.79,4.72,4.78,793620
2025-07-03,4.79,4.8,4.76,4.79,481932
2025-07-04,4.79,4.82,4.78,4.79,665196
2025-07-07,4.8,4.82,4.78,4.81,544563
2025-07-08,4.82,4.83,4.78,4.81,643008
2025-07-09,4.82,4.89,4.81,4.85,1292909
2025-07-10,4.85,4.91,4.84,4.89,1128623
2025-07-11,4.9,5.02,4.87,4.92,1852548
2025-07-14,4.91,5.0,4.91,4.95,1041224
2025-07-15,4.95,4.97,4.89,4.93,889722
2025-07-16,4.93,5.02,4.88,4.89,1165546
2025-07-17,4.89,4.94,4.88,4.93,803956
2025-07-18,4.96,5.1,4.95,5.08,1769286
2025-07-21,5.59,5.59,5.59,5.59,1006741
2025-07-22,6.15,6.15,6.15,6.15,1243646
2025-07-23,6.77,6.77,6.77,6.77,1750773
2025-07-24,7.0,7.45,6.66,7.45,22341026
2025-07-25,7.49,7.84,7.14,7.22,20802857
2025-07-28,7.08,7.3,6.88,7.03,11063055
2025-07-29,7.01,7.35,6.66,7.16,15285095
2025-07-30,6.91,7.04,6.78,6.8,8945767
2025-07-31,6.69,6.97,6.69,6.83,7223322
2025-08-01,6.76,6.83,6.5,6.52,6267703
2025-08-04,6.46,6.59,6.4,6.46,4209421
2025-08-05,6.48,6.51,6.38,6.42,4070210
2025-08-06,6.42,6.43,6.29,6.33,4375400
2025-08-07,6.33,6.38,6.29,6.34,4010057
2025-08-08,6.32,6.51,6.29,6.45,5629827
2025-08-11,6.46,6.47,6.33,6.39,3559373
2025-08-12,6.36,6.39,6.27,6.28,3515487
2025-08-13,6.27,6.3,6.24,6.26,3059003
2025-08-14,6.26,6.31,6.15,6.16,3288838
2025-08-15,6.14,6.18,6.13,6.16,2624996
2025-08-18,6.18,6.27,6.16,6.2,3356332
2025-08-19,6.19,6.25,6.16,6.17,2608112
2025-08-20,6.16,6.19,6.09,6.18,3098216
2025-08-21,6.22,6.34,6.16,6.18,3760309
2025-08-22,6.18,6.23,6.12,6.23,2898056
2025-08-25,6.23,6.37,6.21,6.32,4670613
2025-08-26,6.3,6.3,6.22,6.23,2483690
2025-08-27,6.23,6.24,6.04,6.05,4557865
2025-08-28,6.04,6.07,5.93,6.04,3205176
2025-08-29,6.03,6.12,5.91,5.92,4471594
2025-09-01,5.9,5.94,5.82,5.85,4078455
2025-09-02,5.85,5.87,5.73,5.78,2905562
2025-09-03,5.8,5.81,5.67,5.71,2124925
2025-09-04,5.7,5.74,5.65,5.69,2319499
2025-09-05,5.7,5.76,5.65,5.75,2114523
2025-09-08,5.74,5.77,5.68,5.74,2809478
2025-09-09,5.73,5.73,5.65,5.67,1954770
2025-09-10,5.66,5.69,5.62,5.66,1633318
2025-09-11,5.65,5.69,5.63,5.69,1817981
2025-09-12,5.68,5.81,5.67,5.7,4245677
2025-09-15,5.72,5.87,5.7,5.76,3547247
2025-09-16,5.76,5.8,5.66,5.7,2359005
2025-09-17,5.68,5.72,5.64,5.72,2029286
2025-09-18,5.71,5.77,5.59,5.61,2762151
2025-09-19,5.61,5.73,5.6,5.73,2712201
2025-09-22,5.71,5.71,5.61,5.63,2052958
2025-09-23,5.61,5.62,5.5,5.57,2409953
2025-09-24,5.55,5.57,5.51,5.57,1482830
2025-09-25,5.55,5.59,5.52,5.52,1389513
2025-09-26,5.51,5.56,5.49,5.51,1306130
2025-09-29,5.51,5.59,5.45,5.58,1906850
2025-09-30,5.58,5.63,5.55,5.58,1689024
2025-10-09,5.6,5.8,5.59,5.8,4353229
2025-10-10,5.8,5.86,5.73,5.8,3033188
2025-10-13,5.74,5.92,5.71,5.86,4421513
2025-10-14,5.85,5.95,5.81,5.86,3534727
2025-10-15,5.84,5.89,5.78,5.86,2474935
2025-10-16,5.83,5.85,5.76,5.79,1939953
2025-10-17,5.77,5.82,5.66,5.68,2020325
2025-10-20,5.68,5.71,5.63,5.64,1451549
2025-10-21,5.66,5.79,5.65,5.77,2418419
2025-10-22,5.79,5.8,5.74,5.75,1351744
2025-10-23,5.73,5.75,5.67,5.75,1434532
2025-10-24,5.74,5.76,5.69,5.71,1442412
2025-10-27,5.72,5.82,5.69,5.82,2427658
2025-10-28,5.8,5.81,5.72,5.73,1820224
2025-10-29,5.71,5.78,5.7,5.77,1420490
2025-10-30,5.78,5.84,5.76,5.79,2137952
2025-10-31,5.75,5.75,5.64,5.64,2773080
2025-11-03,5.64,5.64,5.59,5.64,1265965
2025-11-04,5.63,5.65,5.6,5.61,1053923
2025-11-05,5.59,5.69,5.56,5.68,1674539
2025-11-06,5.67,6.05,5.66,5.89,5675427
2025-11-07,5.89,5.95,5.82,5.85,2679044
2025-11-10,5.86,5.89,5.82,5.84,1840753
2025-11-11,5.85,5.88,5.81,5.85,1653418
2025-11-12,5.81,5.82,5.71,5.73,2077224
2025-11-13,5.73,5.75,5.71,5.74,1187821
2025-11-14,5.73,5.74,5.69,5.69,1290570
2025-11-17,5.68,5.69,5.65,5.66,968676
2025-11-18,5.66,5.66,5.6,5.61,1032248
2025-11-19,5.59,5.62,5.57,5.58,987525
2025-11-20,5.6,5.63,5.58,5.59,836385
2025-11-21,5.56,5.56,5.43,5.43,1812920
2025-11-24,5.44,5.47,5.41,5.45,753859
2025-11-25,5.46,5.47,5.44,5.45,874808
2025-11-26,5.45,5.47,5.41,5.42,660036
2025-11-27,5.41,5.42,5.38,5.39,730774
2025-11-28,5.38,5.43,5.31,5.43,1202794
2025-12-01,5.35,5.36,5.32,5.34,1710901
2025-12-02,5.32,5.33,5.25,5.27,1191491
2025-12-03,5.26,5.3,5.25,5.27,827002
2025-12-04,5.27,5.28,5.22,5.24,765713
2025-12-05,5.23,5.32,5.22,5.31,986156
2025-12-08,5.32,5.34,5.29,5.3,830447
2025-12-09,5.29,5.3,5.22,5.22,821403
2025-12-10,5.22,5.27,5.18,5.25,981506
2025-12-11,5.26,5.28,5.2,5.2,795861
2025-12-12,5.21,5.27,5.2,5.26,960275
2025-12-15,5.24,5.29,5.23,5.24,691845
2025-12-16,5.24,5.25,5.16,5.16,884389
2025-12-17,5.16,5.23,5.14,5.21,846915
2025-12-18,5.19,5.22,5.18,5.2,544268
2025-12-19,5.2,5.26,5.19,5.25,887592
2025-12-22,5.26,5.27,5.24,5.25,696640
2025-12-23,5.26,5.33,5.23,5.24,1168402
2025-12-24,5.26,5.33,5.25,5.29,1015594
2025-12-25,5.28,5.29,5.27,5.28,525987
2025-12-26,5.29,5.3,5.25,5.27,810561
2025-12-29,5.27,5.29,5.24,5.25,766599
2025-12-30,5.24,5.26,5.21,5.21,845028
2025-12-31,5.21,5.22,5.18,5.2,721229
