date,open,high,low,close,volume
2015-03-19,5.55,5.55,5.55,5.55,1157
2015-03-20,6.33,6.33,6.33,6.33,368
2015-03-23,7.18,7.18,7.18,7.18,545
2015-03-24,8.12,8.12,8.12,8.12,3586
2015-03-25,9.16,9.16,9.16,9.16,12026
2015-03-26,9.5,10.15,8.7,9.8,689917
2015-03-27,9.17,9.56,8.94,9.09,323833
2015-03-30,8.95,8.98,8.71,8.77,238708
2015-03-31,8.75,8.89,8.71,8.84,151896
2015-04-01,8.82,8.91,8.75,8.88,137134
2015-04-02,8.92,9.65,8.85,9.32,282977
2015-04-03,9.19,9.3,9.04,9.24,172171
2015-04-07,9.23,9.39,9.11,9.35,189624
2015-04-08,9.34,9.39,8.94,9.09,199365
2015-04-09,9.06,9.06,8.77,8.94,139234
2015-04-10,8.92,9.11,8.85,9.07,118436
2015-04-13,9.21,9.51,9.13,9.39,216611
2015-04-14,9.37,9.37,9.04,9.1,159557
2015-04-15,8.91,9.06,8.78,8.83,108113
2015-04-16,8.79,9.14,8.71,9.09,93529
2015-04-17,9.22,9.49,9.17,9.18,164737
2015-04-20,9.2,9.43,8.98,9.0,152706
2015-04-21,8.94,9.5,8.91,9.5,196326
2015-04-22,9.57,9.86,9.51,9.55,222112
2015-04-23,9.56,9.57,9.36,9.46,140255
2015-04-24,9.26,9.45,9.2,9.39,116026
2015-04-27,9.5,9.63,9.35,9.6,164630
2015-04-28,9.64,10.54,9.54,9.97,288770
2015-04-29,9.73,10.2,9.64,10.08,171142
2015-04-30,10.13,10.19,9.71,9.72,128983
2015-05-04,9.65,9.66,9.37,9.51,99132
2015-05-05,9.47,9.6,9.04,9.07,110602
2015-05-06,9.11,9.21,8.74,8.83,90259
2015-05-07,8.76,8.89,8.37,8.41,89701
2015-05-08,8.6,8.82,8.51,8.82,94452
2015-05-11,8.98,9.26,8.82,9.25,117005
2015-05-12,9.31,9.46,9.14,9.32,124575
2015-05-13,9.27,9.86,9.1,9.64,189499
2015-05-14,9.78,10.73,9.65,10.68,317088
2015-05-15,10.72,11.9,10.19,11.36,369165
2015-05-18,11.32,12.72,11.08,12.72,367376
2015-05-19,13.11,13.86,11.5,12.1,369703
2015-05-20,11.88,12.82,11.75,11.9,264704
2015-05-21,11.7,12.15,11.37,11.96,227413
2015-05-22,12.11,13.38,11.71,13.38,329755
2015-05-25,13.86,14.94,13.38,14.94,398175
2015-05-26,16.31,16.66,15.36,16.66,285079
2015-05-27,18.15,18.54,17.41,18.54,266980
2015-05-28,20.59,20.62,16.47,16.56,247023
2015-05-29,15.83,18.24,14.74,18.18,500237
2015-06-01,18.22,19.4,16.36,17.31,336804
2015-06-02,16.82,17.19,15.75,16.31,299465
2015-06-03,16.26,17.68,15.88,16.9,230525
2015-06-04,16.69,16.69,14.99,15.23,225846
2015-06-05,15.42,15.83,14.22,14.77,228036
2015-06-08,14.69,14.72,13.9,14.09,186637
2015-06-09,13.93,14.87,13.82,14.68,166470
2015-06-10,14.57,15.8,14.17,15.33,195865
2015-06-11,15.18,16.55,15.0,16.31,233383
2015-06-12,16.26,16.48,15.27,15.53,206750
2015-06-15,15.36,15.36,13.93,13.99,183353
2015-06-16,13.57,13.94,13.36,13.69,114271
2015-06-17,13.72,14.41,13.47,14.32,106539
2015-06-18,14.32,14.32,12.74,12.81,119480
2015-06-19,12.29,12.56,11.31,11.31,115755
2015-06-23,11.34,11.93,10.54,11.92,112131
2015-06-24,12.17,12.41,11.69,12.14,111190
2015-06-25,12.02,12.03,11.01,11.15,100712
2015-06-26,10.73,10.73,9.81,9.81,99427
2015-06-29,10.22,10.29,8.61,8.65,128466
2015-06-30,8.65,9.74,7.75,9.74,165849
2015-07-01,9.75,10.59,9.17,9.42,188499
2015-07-02,9.6,10.1,8.96,9.83,165610
2015-07-03,9.37,10.36,8.65,9.27,157420
2015-07-06,10.43,10.43,8.91,9.86,169708
2015-07-07,9.37,9.71,8.66,8.66,100174
2015-07-08,7.57,7.57,7.57,7.57,7364
2015-07-09,6.59,8.55,6.59,8.55,225868
2015-07-10,8.89,9.63,8.56,9.63,197379
2015-07-13,10.03,10.82,9.63,10.82,290847
2015-07-14,10.49,11.48,10.08,10.34,302214
2015-07-15,9.87,10.05,9.08,9.08,126778
2015-07-16,7.96,9.54,7.96,8.71,142503
2015-07-17,8.82,9.56,8.7,9.37,119050
2015-07-20,9.56,9.74,9.17,9.37,120507
2015-07-21,9.17,9.83,8.94,9.69,135544
2015-07-22,9.71,10.01,9.41,9.83,134319
2015-07-23,9.83,11.03,9.74,10.87,234513
2015-07-24,10.87,11.03,10.13,10.28,227198
2015-07-27,9.85,10.29,9.03,9.03,143521
2015-07-28,8.13,9.03,7.92,8.14,127649
2015-07-29,8.36,9.12,8.11,9.03,100401
2015-07-30,9.02,9.43,8.6,8.73,115810
2015-07-31,8.41,9.21,8.36,8.73,86776
2015-08-03,8.69,9.06,8.31,8.7,86730
2015-08-04,8.88,9.5,8.75,9.49,125241
2015-08-05,9.33,9.72,9.17,9.48,141755
2015-08-06,9.15,9.47,9.05,9.12,75638
2015-08-07,9.22,9.56,9.22,9.43,93118
2015-08-10,9.55,10.08,9.42,9.95,135995
2015-08-11,9.96,10.2,9.81,9.98,146471
2015-08-12,9.88,10.24,9.75,9.79,108181
2015-08-13,9.68,9.96,9.28,9.93,106252
2015-08-14,10.21,10.26,9.88,9.9,115368
2015-08-17,9.81,9.82,9.45,9.72,85251
2015-08-18,9.82,9.93,8.54,8.54,118039
2015-08-19,8.31,8.93,7.6,8.78,99434
2015-08-20,8.42,8.68,8.17,8.23,66117
2015-08-21,8.17,8.34,7.6,7.66,66268
2015-08-24,7.06,7.41,6.68,6.68,72119
2015-08-25,5.8,6.28,5.8,5.8,74909
2015-08-26,6.08,6.59,5.55,6.16,142634
2015-08-27,6.41,6.54,5.95,6.51,107558
2015-08-28,6.62,7.13,6.34,6.99,136055
2015-08-31,6.79,6.79,6.17,6.19,85495
2015-09-01,6.11,6.11,5.48,5.49,75592
2015-09-02,5.13,5.93,5.12,5.39,76079
2015-09-07,5.7,5.87,5.53,5.65,62370
2015-09-08,5.79,6.33,5.67,6.27,87753
2015-09-09,6.35,6.69,6.22,6.66,119501
2015-09-10,6.41,6.51,6.18,6.2,93611
2015-09-11,6.22,6.38,6.16,6.33,51136
2015-09-14,6.3,6.39,5.48,5.48,79454
2015-09-15,5.25,5.41,4.88,4.93,59499
2015-09-16,5.01,5.64,5.01,5.64,70710
2015-09-17,5.69,5.89,5.41,5.42,88546
2015-09-18,5.5,5.6,5.32,5.51,47470
2015-09-21,5.51,5.91,5.36,5.9,63447
2015-09-22,5.96,6.02,5.75,5.9,76935
2015-09-23,5.79,5.88,5.65,5.71,57652
2015-09-24,5.83,5.92,5.75,5.9,56771
2015-09-25,5.88,5.88,5.47,5.6,55586
2015-09-28,5.72,5.84,5.51,5.81,34036
2015-09-29,5.69,5.7,5.52,5.59,32926
2015-09-30,5.68,5.78,5.6,5.73,35862
2015-10-08,5.99,6.16,5.88,6.08,71352
2015-10-09,6.01,6.4,6.01,6.34,67281
2015-10-12,6.36,6.85,6.28,6.73,102427
2015-10-13,6.61,6.7,6.51,6.66,73677
2015-10-14,6.6,6.65,6.37,6.46,82017
2015-10-15,6.46,6.78,6.36,6.76,84922
2015-10-16,6.93,6.93,6.62,6.86,92911
2015-10-19,7.01,7.05,6.68,6.82,106669
2015-10-20,6.78,6.95,6.7,6.91,89951
2015-10-21,6.91,6.91,6.0,6.0,109730
2015-10-22,6.05,6.46,5.99,6.39,76845
2015-10-23,6.46,6.73,6.32,6.7,78590
2015-10-26,6.97,6.97,6.65,6.76,85132
2015-10-27,6.65,6.86,6.3,6.83,81166
2015-10-28,6.79,7.69,6.72,7.22,158569
2015-10-29,7.29,7.44,6.99,7.12,95996
2015-10-30,7.01,7.14,6.82,6.93,65628
2015-11-02,6.69,7.26,6.65,6.96,87669
2015-11-03,6.85,7.87,6.85,7.87,237769
2015-11-04,8.07,8.25,7.71,8.16,285840
2015-11-05,7.98,8.79,7.98,8.18,228835
2015-11-06,8.17,8.76,8.14,8.55,190944
2015-11-09,8.37,9.17,8.23,8.82,210193
2015-11-10,8.69,8.78,8.37,8.49,148362
2015-11-11,8.45,8.93,8.38,8.83,144823
2015-11-12,8.95,9.9,8.84,9.67,246199
2015-11-13,9.37,9.52,8.64,8.93,201636
2015-11-16,8.53,9.12,8.31,9.04,105985
2015-11-17,9.22,9.5,8.73,8.76,119189
2015-11-18,8.93,8.98,8.31,8.33,75806
2015-11-19,8.36,8.73,8.33,8.68,63043
2015-11-20,8.72,8.77,8.54,8.74,72169
2015-11-23,8.7,8.96,8.57,8.66,73465
2015-11-24,8.64,9.18,8.55,9.17,111384
2015-11-25,9.24,9.58,9.12,9.31,126513
2015-11-26,9.32,9.59,9.08,9.16,101465
2015-11-27,8.98,9.13,8.06,8.5,104699
2015-11-30,8.35,8.55,7.85,8.54,83853
2015-12-01,8.54,8.85,8.41,8.59,71581
2015-12-02,8.54,8.73,7.85,8.25,51940
2015-12-03,8.35,8.59,8.27,8.57,51542
2015-12-04,8.57,8.75,8.41,8.61,60201
2015-12-07,8.59,9.12,8.53,9.07,80962
2015-12-08,8.93,9.03,8.6,8.64,60596
2015-12-09,8.64,8.73,8.27,8.34,51542
2015-12-10,9.39,9.39,9.39,9.39,67528
2015-12-11,9.34,9.49,8.79,8.85,146365
2015-12-14,8.51,8.93,8.37,8.89,66248
2015-12-15,8.92,9.22,8.8,9.03,72191
2015-12-16,9.07,10.15,9.07,10.15,202938
2015-12-17,10.64,10.91,10.21,10.78,365934
2015-12-18,10.46,11.49,10.27,11.09,244245
2015-12-21,10.88,11.02,10.6,10.77,149428
2015-12-22,10.7,10.84,10.36,10.72,124366
2015-12-23,10.63,10.97,10.53,10.58,127587
2015-12-24,10.63,10.69,10.27,10.42,85348
2015-12-25,10.5,11.06,10.4,10.92,128902
2015-12-28,10.92,11.4,10.76,10.93,207521
2015-12-29,11.01,12.12,10.74,11.89,251806
2015-12-30,11.66,11.75,11.31,11.48,150067
2015-12-31,11.47,11.84,11.07,11.09,126470
2016-01-04,10.97,10.97,9.77,9.77,105151
2016-01-05,8.59,9.64,8.58,9.09,127072
2016-01-06,9.12,9.5,8.93,9.39,89931
2016-01-07,9.04,9.16,8.23,8.23,29894
2016-01-08,8.48,8.68,7.29,7.95,104392
2016-01-11,7.6,7.74,6.94,6.94,85604
2016-01-12,7.03,7.19,6.58,6.97,69934
2016-01-13,7.07,7.17,6.57,6.58,58718
2016-01-14,6.17,7.09,6.03,6.99,76204
2016-01-15,6.88,6.97,6.26,6.43,58551
2016-01-18,6.24,6.81,6.17,6.65,61332
2016-01-19,6.69,7.33,6.53,7.24,86572
2016-01-20,7.13,7.45,6.97,7.11,82253
2016-01-21,6.88,7.26,6.63,6.65,63491
2016-01-22,6.79,6.94,6.57,6.92,54449
2016-01-25,7.08,7.19,6.94,7.07,44685
2016-01-26,6.89,6.96,6.15,6.24,66298
2016-01-27,6.3,6.39,5.62,6.18,48939
2016-01-28,6.03,6.17,5.56,5.61,37424
2016-01-29,5.61,6.07,5.61,5.98,34553
2016-02-01,5.99,6.16,5.8,6.0,30393
2016-02-02,6.06,6.38,6.04,6.3,38080
2016-02-03,6.21,6.3,6.03,6.26,31104
2016-02-04,6.26,6.67,6.26,6.49,40375
2016-02-05,6.49,6.62,6.34,6.37,25672
2016-02-15,5.86,6.26,5.86,6.19,28214
2016-02-16,6.25,6.61,6.25,6.59,44188
2016-02-17,6.57,6.77,6.46,6.74,50801
2016-02-18,6.84,7.63,6.62,7.63,106697
2016-02-19,7.39,8.31,7.39,7.94,181633
2016-02-22,8.06,8.5,7.85,8.31,113586
2016-02-23,8.22,8.84,8.11,8.51,131870
2016-02-24,8.36,8.68,7.85,8.08,99742
2016-02-25,7.98,8.3,7.07,7.14,97895
2016-02-26,7.36,7.57,7.06,7.39,81751
2016-02-29,7.36,8.22,6.55,7.88,131059
2016-03-01,7.88,8.88,7.6,8.68,146632
2016-03-02,8.68,9.22,8.25,8.97,159789
2016-03-03,8.74,9.17,8.69,8.7,107841
2016-03-04,8.6,8.77,7.75,7.98,89244
2016-03-07,8.07,8.6,8.07,8.41,64117
2016-03-08,8.4,9.22,8.07,9.08,124153
2016-03-09,8.96,9.36,8.69,9.07,118916
2016-03-10,8.86,9.24,8.56,8.59,73311
2016-03-11,8.35,8.54,8.09,8.38,45606
2016-03-14,8.55,8.86,8.29,8.52,107368
2016-03-15,8.3,8.59,8.0,8.24,104335
2016-03-16,8.23,8.4,8.02,8.03,51707
2016-03-17,8.08,8.54,8.0,8.39,72669
2016-03-18,8.26,9.44,8.18,9.44,179502
2016-03-21,9.88,10.59,9.88,10.47,210473
2016-03-22,10.12,10.98,10.0,10.24,155546
2016-03-23,10.4,11.3,10.05,10.93,127093
2016-03-24,10.7,11.93,10.45,10.73,131244
2016-03-25,10.69,11.11,10.17,10.41,92448
2016-04-12,11.64,11.67,11.17,11.67,88323
2016-04-13,11.31,12.83,11.0,11.92,201404
2016-04-14,11.95,12.67,11.95,12.16,124950
2016-04-15,12.09,12.56,11.84,11.91,72995
2016-04-18,11.5,12.88,11.4,12.45,98031
2016-04-19,12.26,12.64,12.16,12.22,63915
2016-04-20,12.19,12.3,10.79,10.88,97210
2016-04-21,10.78,11.47,10.46,11.11,81260
2016-04-22,10.83,11.35,10.4,10.71,84330
2016-04-25,10.74,10.83,10.1,10.3,82876
2016-04-26,10.21,10.82,10.21,10.81,63938
2016-04-27,10.86,11.67,10.86,11.17,101945
2016-04-28,11.07,11.35,10.5,11.09,76227
2016-04-29,10.95,10.98,10.68,10.76,46322
2016-05-03,10.81,11.75,10.7,11.73,95421
2016-05-04,11.69,12.2,11.59,11.87,113695
2016-05-05,11.85,11.91,11.44,11.73,80693
2016-05-06,11.71,12.06,10.84,10.87,92019
2016-05-09,10.59,10.65,9.86,10.37,94740
2016-05-10,10.36,10.58,10.12,10.23,40191
2016-05-11,10.39,10.65,10.02,10.1,56172
2016-05-12,9.83,10.26,9.5,10.12,59906
2016-05-13,10.02,10.37,9.93,10.28,43822
2016-05-16,10.17,10.26,9.81,10.25,71702
2016-05-17,10.35,10.39,9.74,9.75,75903
2016-05-18,9.78,10.0,9.51,9.69,54055
2016-05-19,9.69,9.91,9.61,9.77,72202
2016-05-20,9.54,9.82,9.43,9.68,50327
2016-05-23,9.68,10.69,9.68,10.55,106844
2016-05-24,10.43,10.49,10.0,10.18,75952
2016-05-25,10.28,10.4,10.03,10.29,71941
2016-05-26,10.21,10.58,9.86,10.57,82965
2016-05-27,10.45,10.77,10.36,10.4,64662
2016-05-30,10.21,10.43,9.98,10.24,49413
2016-05-31,10.21,11.21,10.21,11.11,99490
2016-06-01,11.11,11.31,10.88,11.03,93419
2016-06-02,11.0,11.2,10.76,11.16,71472
2016-06-03,11.17,11.3,10.97,11.02,81103
2016-06-06,11.09,11.12,10.81,10.95,70294
2016-06-07,10.88,11.25,10.64,11.2,108334
2016-06-08,11.19,11.73,11.08,11.33,118144
2016-06-13,11.02,11.78,10.48,10.54,121258
2016-06-14,10.29,10.67,10.21,10.47,60351
2016-06-15,10.23,11.73,10.23,11.72,164985
2016-06-16,11.62,11.87,11.45,11.65,108430
2016-06-17,11.64,11.92,11.53,11.77,125587
2016-06-20,11.9,12.59,11.87,12.27,134120
2016-06-21,12.31,12.54,11.59,11.68,95009
2016-06-22,11.65,12.59,11.51,12.5,77373
2016-06-23,12.6,12.64,11.78,12.3,77431
2016-06-24,12.26,12.54,11.55,12.05,84588
2016-06-27,11.96,13.47,11.88,13.47,128921
2016-06-28,13.87,14.28,13.35,13.68,176602
2016-06-29,13.69,13.73,13.22,13.56,95876
2016-06-30,13.52,13.94,13.39,13.52,78052
2016-07-01,13.52,14.54,13.43,13.63,104829
2016-07-04,13.32,13.97,13.15,13.55,80068
2016-07-05,13.53,13.54,13.21,13.44,59222
2016-07-06,13.44,13.44,12.9,12.97,84979
2016-07-07,13.02,13.42,12.9,13.2,69227
2016-07-08,13.2,13.3,12.92,12.98,46202
2016-07-11,12.97,13.26,12.69,12.96,64136
2016-07-12,12.93,13.04,12.32,12.74,74661
2016-07-13,12.66,12.97,12.45,12.77,60619
2016-07-14,12.81,13.42,12.75,13.22,74379
2016-07-15,13.16,13.39,12.87,12.89,50882
2016-07-18,12.59,12.81,12.02,12.06,113772
2016-07-19,12.04,12.26,11.96,12.15,42501
2016-07-20,12.18,12.39,12.06,12.27,44476
2016-07-21,12.27,12.4,12.07,12.28,59154
2016-07-22,12.29,12.77,12.2,12.25,77172
2016-07-25,12.25,12.25,11.76,11.85,65893
2016-07-26,11.9,12.1,11.81,12.09,44806
2016-07-27,12.15,12.21,10.81,11.35,97957
2016-07-28,11.26,11.26,10.94,11.17,45293
2016-07-29,11.22,11.47,10.98,11.34,46682
2016-08-01,11.3,11.31,10.66,10.77,52335
2016-08-02,10.78,10.99,10.74,10.94,30956
2016-08-03,10.94,11.07,10.8,10.97,21775
2016-08-04,10.99,11.59,10.96,11.48,54279
2016-08-05,11.49,11.49,11.17,11.25,33485
2016-08-08,11.25,11.32,11.04,11.3,25065
2016-08-09,11.35,11.59,11.3,11.42,26736
2016-08-10,11.55,11.97,11.53,11.9,46813
2016-08-11,11.97,11.97,11.65,11.85,38105
2016-08-12,11.74,11.86,11.52,11.71,34269
2016-08-15,11.82,12.02,11.63,11.96,60670
2016-08-16,11.86,12.06,11.86,12.05,53461
2016-08-17,12.01,12.01,11.6,11.72,46842
2016-08-18,11.62,11.72,11.16,11.35,78910
2016-08-19,11.35,11.82,11.23,11.69,55072
2016-08-22,11.64,11.89,11.31,11.32,39475
2016-08-23,11.27,11.46,11.23,11.35,36961
2016-08-24,12.57,12.63,11.84,12.03,214848
2016-08-25,12.03,13.12,11.96,12.69,272987
2016-08-26,12.46,12.63,12.18,12.35,142746
2016-08-29,12.28,12.28,11.77,11.92,109726
2016-08-30,11.83,11.99,11.74,11.83,58309
2016-08-31,11.8,11.9,11.62,11.66,55302
2016-09-01,11.64,11.83,11.57,11.71,54202
2016-09-02,11.71,11.76,11.26,11.35,67193
2016-09-05,11.36,11.91,11.36,11.87,79868
2016-09-06,11.88,11.91,11.65,11.89,48812
2016-09-07,12.04,12.21,11.93,11.97,62709
2016-09-08,11.97,12.03,11.79,11.83,32513
2016-09-09,11.83,11.84,11.51,11.52,40231
2016-09-12,11.22,11.37,10.94,10.97,64933
2016-09-13,11.02,11.23,10.98,11.07,33029
2016-09-14,10.77,11.21,10.77,10.94,21351
2016-09-19,10.97,11.09,10.97,11.04,15545
2016-09-20,11.02,11.05,10.77,10.83,37097
2016-09-21,10.83,11.26,10.82,11.16,59489
2016-09-22,11.2,11.41,11.18,11.35,54363
2016-09-23,11.4,11.5,11.18,11.46,36631
2016-09-26,11.23,11.41,10.99,11.04,28598
2016-09-27,10.94,11.39,10.9,11.39,34142
2016-09-28,11.42,11.58,11.27,11.56,32817
2016-09-29,11.6,11.68,11.51,11.6,29356
2016-09-30,11.56,11.63,11.41,11.52,26127
2016-10-10,11.52,11.86,11.51,11.82,23742
2016-10-11,11.91,12.07,11.86,12.01,41205
2016-10-12,11.84,12.01,11.64,11.77,40273
2016-10-13,11.82,12.19,11.75,12.03,49393
2016-10-14,12.07,12.07,11.74,11.93,31485
2016-10-17,12.03,12.03,11.6,11.61,24788
2016-10-18,11.59,11.73,11.53,11.7,37539
2016-10-19,11.69,11.75,11.54,11.59,28820
2016-10-20,11.61,11.68,11.54,11.67,25702
2016-10-21,11.72,11.72,11.51,11.6,28758
2016-10-24,11.69,12.1,11.64,12.06,76250
2016-10-25,12.07,12.15,11.91,12.06,45372
2016-10-26,12.02,12.1,11.85,11.89,30047
2016-10-27,11.93,12.34,11.89,12.21,60850
2016-10-28,12.36,13.12,12.36,12.81,170214
2016-10-31,12.6,13.03,12.39,12.91,71474
2016-11-01,12.79,12.96,12.62,12.81,50730
2016-11-02,12.89,13.23,12.55,12.59,62445
2016-11-03,12.46,12.7,12.45,12.46,46903
2016-11-04,12.47,12.82,12.44,12.56,43010
2016-11-07,12.48,12.73,12.46,12.5,27182
2016-11-08,12.63,12.68,12.45,12.59,44518
2016-11-09,12.69,13.0,12.6,12.7,80248
2016-11-10,12.82,12.91,12.61,12.71,58972
2016-11-11,12.67,12.72,12.46,12.53,55540
2016-11-14,12.5,12.61,12.31,12.47,37103
2016-11-15,12.48,12.54,12.23,12.37,31585
2016-11-16,12.4,12.5,12.33,12.43,28582
2016-11-17,12.45,12.46,12.1,12.31,36767
2016-11-18,12.27,12.35,12.19,12.21,17237
2016-11-21,12.22,12.45,12.14,12.37,36823
2016-11-22,12.4,12.49,12.28,12.47,31990
2016-11-23,12.47,12.52,12.24,12.31,36617
2016-11-24,12.31,12.63,12.3,12.4,48802
2016-11-25,12.5,12.5,11.88,12.0,60853
2016-11-28,12.08,12.08,11.93,11.98,25834
2016-11-29,11.93,12.02,11.55,11.59,37581
2016-11-30,11.58,11.79,11.57,11.7,23732
2016-12-01,11.76,11.8,11.63,11.72,14267
2016-12-02,11.72,11.81,11.59,11.62,15820
2016-12-05,11.6,11.87,11.51,11.83,19651
2016-12-06,11.75,11.94,11.62,11.63,22176
2016-12-07,11.71,11.71,11.37,11.58,21381
2016-12-08,11.6,11.62,11.34,11.36,23226
2016-12-09,11.34,11.52,11.34,11.37,15851
2016-12-12,11.34,11.41,10.89,10.92,27159
2016-12-13,10.9,11.16,10.63,10.81,25595
2016-12-14,10.81,10.95,10.74,10.87,27203
2016-12-15,10.85,11.12,10.75,11.03,43306
2016-12-16,11.03,11.58,10.96,11.47,43937
2016-12-19,11.38,11.58,11.26,11.43,15259
2016-12-20,11.43,11.6,11.37,11.54,22492
2016-12-21,11.54,11.59,11.31,11.53,21090
2016-12-22,11.53,11.56,11.37,11.42,11018
2016-12-23,11.42,11.55,11.23,11.48,38438
2016-12-26,11.41,11.78,11.32,11.7,44120
2016-12-27,11.6,11.89,11.59,11.87,27710
2016-12-28,11.91,11.93,11.78,11.86,29281
2016-12-29,11.76,12.2,11.76,12.11,39647
2016-12-30,12.12,12.2,12.04,12.13,32920
2017-01-03,12.08,12.17,11.94,12.0,23539
2017-01-04,12.07,12.38,11.94,12.25,29983
2017-01-05,12.25,12.39,11.99,12.05,32141
2017-01-06,12.02,12.37,12.01,12.03,25118
2017-01-09,12.03,12.38,12.03,12.3,18025
2017-01-10,12.34,12.49,12.13,12.19,17871
2017-01-11,12.09,12.22,11.67,11.69,39194
2017-01-12,11.71,11.91,11.69,11.76,24040
2017-01-13,11.77,11.82,11.33,11.45,20419
2017-01-16,11.46,11.52,10.79,11.43,20464
2017-01-17,11.28,11.46,11.11,11.37,22572
2017-01-18,11.45,11.82,11.23,11.52,18442
2017-01-19,11.78,12.24,11.78,11.96,53670
2017-01-20,11.96,12.38,11.94,12.29,36329
2017-01-23,12.3,12.49,12.24,12.33,32351
2017-01-24,12.25,12.39,12.17,12.35,20140
2017-01-25,12.35,12.61,12.05,12.5,31378
2017-01-26,12.47,12.64,12.4,12.53,19543
2017-02-03,12.5,12.54,12.25,12.36,11621
2017-02-06,12.39,12.54,12.18,12.41,19304
2017-02-07,12.43,13.34,12.43,12.79,55780
2017-02-08,12.74,13.1,12.5,13.07,39283
2017-02-09,13.03,13.03,12.77,12.88,42864
2017-02-10,12.84,12.95,12.66,12.86,29551
2017-02-13,12.82,13.0,12.65,12.98,24131
2017-02-14,13.06,13.06,12.79,12.82,16054
2017-02-15,12.73,12.86,12.42,12.5,27835
2017-02-16,12.41,12.71,12.4,12.7,22868
2017-02-17,12.72,12.86,12.32,12.34,25941
2017-02-20,12.46,12.46,12.28,12.36,36591
2017-02-21,12.45,12.65,12.29,12.38,40646
2017-02-22,12.44,12.54,12.32,12.45,25659
2017-02-23,12.45,12.7,12.32,12.5,32560
2017-02-24,12.47,12.99,12.36,12.78,47845
2017-02-27,12.64,13.07,12.59,12.92,45888
2017-02-28,12.88,12.92,12.72,12.84,28514
2017-03-01,12.88,13.08,12.78,12.79,33075
2017-03-02,12.65,12.89,12.59,12.75,21396
2017-03-03,12.51,12.82,12.5,12.75,17808
2017-03-06,12.76,13.49,12.7,13.48,73939
2017-03-07,13.46,13.67,13.28,13.59,48991
2017-03-08,13.5,13.52,13.24,13.4,30665
2017-03-09,13.35,13.58,13.18,13.44,33274
2017-03-10,13.37,14.17,13.37,14.02,61588
2017-03-13,13.98,14.32,13.7,13.94,49290
2017-03-14,14.26,14.69,13.81,13.99,52223
2017-03-15,13.93,14.11,13.65,14.06,35495
2017-03-16,14.0,14.39,13.84,14.3,33728
2017-03-17,14.31,14.38,13.46,13.59,74902
2017-03-20,13.55,13.72,13.3,13.66,36268
2017-03-21,13.64,13.77,13.38,13.52,26491
2017-03-22,13.52,13.52,13.12,13.37,37652
2017-03-23,13.36,13.72,13.13,13.5,45953
2017-03-24,13.5,13.82,13.42,13.73,47090
2017-03-27,13.72,13.72,13.44,13.57,40168
2017-03-28,13.54,13.69,13.27,13.41,41075
2017-03-29,13.31,13.48,12.94,13.35,42029
2017-03-30,13.29,13.43,13.12,13.35,29737
2017-03-31,13.34,13.78,13.21,13.64,37132
2017-04-05,13.93,14.74,13.73,14.57,77290
2017-04-06,14.6,14.6,14.16,14.22,38923
2017-04-07,14.23,14.31,13.81,14.29,56358
2017-04-10,14.07,14.55,13.99,14.44,51919
2017-04-11,14.44,14.55,13.93,14.22,30874
2017-04-12,14.21,14.45,13.98,14.31,30615
2017-04-13,14.22,14.41,13.88,13.93,27145
2017-04-14,13.78,13.83,13.35,13.57,36907
2017-04-17,13.56,13.65,13.38,13.6,21307
2017-04-18,13.5,13.74,13.27,13.37,20096
2017-04-19,13.26,13.57,12.99,13.55,27438
2017-04-20,13.6,13.77,13.45,13.6,27217
2017-04-21,13.55,13.82,13.55,13.67,17689
2017-04-24,13.66,14.11,13.51,14.08,46494
2017-04-25,14.1,14.26,13.84,13.96,40469
2017-04-26,13.83,13.96,13.12,13.58,58653
2017-04-27,13.47,14.03,13.36,13.68,34390
2017-04-28,13.72,13.72,13.0,13.07,51717
2017-05-02,12.89,13.41,12.79,13.32,37836
2017-05-03,13.2,13.55,13.2,13.45,21674
2017-05-04,13.36,13.49,13.05,13.09,26197
2017-05-05,12.97,13.29,12.65,12.74,52759
2017-05-08,12.66,12.97,12.66,12.72,15902
2017-05-09,12.78,13.02,12.6,12.93,13093
2017-05-10,12.96,13.11,12.55,12.61,17403
2017-05-11,12.51,12.89,12.22,12.86,27837
2017-05-12,12.7,12.93,12.53,12.54,20526
2017-05-15,12.64,13.01,12.55,12.85,17138
2017-05-16,12.84,13.47,12.7,13.3,28021
2017-05-17,13.26,13.69,13.24,13.5,21594
2017-05-18,13.49,13.49,13.16,13.23,10638
2017-05-19,13.17,13.43,13.17,13.24,11277
2017-05-22,13.24,13.48,13.02,13.28,15513
2017-05-23,13.22,13.32,12.79,12.79,14118
2017-05-24,12.89,12.97,12.59,12.73,14616
2017-05-25,12.78,12.84,12.4,12.73,19860
2017-05-26,12.89,13.3,12.69,12.79,30810
2017-05-31,12.96,13.21,12.81,12.89,19142
2017-06-01,12.79,12.87,12.53,12.61,14422
2017-06-02,12.61,12.67,12.49,12.65,19783
2017-06-05,12.73,12.79,12.5,12.52,12630
2017-06-06,12.5,12.96,12.5,12.95,20493
2017-06-07,12.93,13.2,12.84,13.01,29776
2017-06-08,12.98,13.17,12.88,13.11,25210
2017-06-09,13.17,13.17,12.97,13.02,11534
2017-06-12,12.97,13.19,12.89,13.01,21378
2017-06-13,13.01,13.57,12.92,13.49,33283
2017-06-14,13.57,13.79,13.22,13.27,31924
2017-06-15,13.26,13.46,13.17,13.26,21181
2017-06-16,13.27,13.59,13.27,13.55,26091
2017-06-19,13.64,14.12,13.36,13.9,53070
2017-06-20,14.09,14.41,13.95,14.21,93009
2017-06-21,14.08,14.2,13.77,13.98,47351
2017-06-22,13.96,14.84,13.68,14.5,87814
2017-06-23,14.12,14.63,14.0,14.28,68481
2017-06-26,14.29,14.83,14.04,14.8,59588
2017-06-27,14.61,14.71,14.31,14.56,44305
2017-06-28,14.45,14.45,13.96,13.98,37906
2017-06-29,13.99,14.35,13.85,14.23,35985
2017-06-30,14.11,14.3,13.92,14.07,33989
2017-07-03,13.98,14.35,13.81,14.16,50310
2017-07-04,14.15,14.42,13.7,13.95,67748
2017-07-05,13.93,14.4,13.78,14.35,69527
2017-07-06,14.45,14.59,13.99,14.0,54837
2017-07-07,13.87,13.99,13.52,13.54,59740
2017-07-10,13.55,13.83,13.17,13.26,60280
2017-07-11,13.27,13.41,13.18,13.2,27309
2017-07-12,13.18,13.3,12.91,13.3,36615
2017-07-13,13.27,13.57,13.1,13.45,40358
2017-07-14,13.36,13.67,13.22,13.54,32203
2017-07-17,13.43,13.43,12.48,13.11,46461
2017-07-18,12.93,13.28,12.91,13.01,27475
2017-07-19,13.01,13.1,12.79,13.02,25972
2017-07-20,13.04,13.3,12.93,13.01,34766
2017-07-21,12.85,13.22,12.85,13.01,19469
2017-07-24,12.89,13.17,12.65,12.87,33219
2017-07-25,12.88,13.17,12.75,13.1,29381
2017-07-26,13.1,13.22,12.53,12.62,39590
2017-07-27,12.64,12.93,12.6,12.89,21468
2017-07-28,12.89,13.12,12.79,13.05,20884
2017-07-31,13.07,13.28,12.73,12.8,36588
2017-08-01,12.75,13.24,12.65,13.18,38926
2017-08-02,13.15,13.15,12.74,12.88,21730
2017-08-03,12.89,12.95,12.65,12.68,32084
2017-08-04,12.56,12.67,11.23,11.41,165431
2017-08-07,11.3,11.6,11.04,11.51,75960
2017-08-08,11.55,11.98,11.46,11.87,49977
2017-08-09,11.84,12.11,11.46,11.6,46852
2017-08-10,11.62,11.67,11.29,11.52,27947
2017-08-11,11.38,11.49,11.22,11.46,27833
2017-08-14,11.41,12.1,11.33,12.0,45496
2017-08-15,12.01,12.09,11.77,11.94,19669
2017-08-16,12.0,12.0,11.89,11.93,17378
2017-08-17,11.85,11.95,11.79,11.81,15207
2017-08-18,11.79,12.01,11.77,11.96,16473
2017-08-21,11.96,12.04,11.9,11.96,12946
2017-08-22,11.94,12.07,11.84,11.87,13694
2017-08-23,11.91,11.97,11.84,11.96,10380
2017-08-24,11.97,11.97,11.75,11.8,11541
2017-08-25,11.79,11.93,11.72,11.86,10355
2017-08-28,12.08,12.64,11.98,12.42,54350
2017-08-29,12.53,12.62,12.46,12.54,29513
2017-08-30,12.51,12.59,12.28,12.34,13516
2017-08-31,12.34,12.48,12.19,12.24,13384
2017-09-01,12.29,12.41,12.12,12.25,17318
2017-09-04,12.25,12.55,12.15,12.32,32442
2017-09-05,12.31,12.46,12.28,12.33,21488
2017-09-06,12.32,12.36,12.16,12.22,24231
2017-09-07,12.22,12.3,12.14,12.15,21430
2017-09-08,12.15,12.29,11.91,12.06,31290
2017-09-11,12.04,12.27,12.01,12.2,34607
2017-09-12,12.29,12.81,12.29,12.5,62895
2017-09-13,12.41,12.52,12.26,12.32,22261
2017-09-14,12.3,12.51,12.2,12.32,22563
2017-09-15,12.32,12.35,11.99,12.34,28248
2017-09-18,12.41,12.41,12.17,12.19,24036
2017-09-19,12.21,12.21,11.75,11.77,45074
2017-09-20,11.81,11.97,11.62,11.92,42932
2017-09-21,11.88,11.9,11.68,11.76,28210
2017-09-22,11.79,11.82,11.6,11.71,18671
2017-09-25,11.74,11.74,11.46,11.46,28287
2017-09-26,11.47,11.58,11.39,11.46,15797
2017-09-27,11.46,11.7,11.46,11.69,16879
2017-09-28,11.65,11.73,11.51,11.55,20654
2017-09-29,11.62,11.82,11.62,11.8,12521
2017-10-09,11.94,12.42,11.85,12.36,47375
2017-10-10,12.37,12.4,12.11,12.27,30981
2017-10-11,12.27,12.39,12.11,12.21,20477
2017-10-12,12.18,12.31,12.08,12.17,19474
2017-10-13,12.18,12.21,11.92,11.94,31619
2017-10-16,11.98,12.02,11.68,11.78,31319
2017-10-17,11.78,11.85,11.66,11.75,14081
2017-10-18,11.77,11.83,11.61,11.63,28534
2017-10-19,11.62,11.82,11.55,11.74,20140
2017-10-20,12.0,12.11,11.78,12.08,28631
2017-10-23,12.18,12.21,11.97,12.17,27161
2017-10-24,12.08,12.3,12.03,12.17,21640
2017-10-25,12.17,12.53,12.11,12.38,38217
2017-10-26,12.37,13.0,12.37,12.99,69779
2017-10-27,12.84,13.0,12.78,12.87,36430
2017-10-30,12.6,12.6,11.69,11.83,118525
2017-10-31,11.83,11.83,11.05,11.11,130977
2017-11-01,11.13,11.21,10.56,10.65,139169
2017-11-02,10.6,10.87,10.6,10.74,71982
2017-11-03,10.75,10.78,10.26,10.69,62491
2017-11-06,10.56,10.66,10.36,10.54,35776
2017-11-07,10.54,10.62,10.22,10.26,63488
2017-11-08,10.26,10.5,10.19,10.39,64629
2017-11-09,10.37,10.42,10.25,10.4,38156
2017-11-10,10.41,10.62,10.32,10.57,43709
2017-11-13,10.6,11.07,10.6,10.95,89611
2017-11-14,10.96,11.1,10.74,10.99,55746
2017-11-15,10.96,10.98,10.57,10.74,28982
2017-11-16,10.68,10.74,10.41,10.44,38964
2017-11-17,10.41,10.64,10.27,10.31,26203
2017-11-20,10.3,10.51,9.77,10.46,32546
2017-11-21,10.46,10.62,10.08,10.22,26706
2017-11-22,10.17,10.3,10.16,10.25,20653
2017-11-23,10.23,10.23,9.87,9.89,29211
2017-11-24,9.67,10.15,9.67,10.01,17747
2017-11-27,9.96,10.08,9.8,9.93,13267
2017-11-28,9.94,10.06,9.85,9.96,12562
2017-11-29,10.04,10.43,9.74,10.38,36304
2017-11-30,10.34,10.45,10.24,10.37,20709
2017-12-01,10.31,10.72,10.27,10.57,30518
2017-12-04,10.47,10.66,10.44,10.49,20528
2017-12-05,10.4,10.45,10.03,10.33,25144
2017-12-06,10.29,10.33,9.96,10.26,27492
2017-12-07,10.18,10.53,10.18,10.43,24377
2017-12-08,10.36,10.82,10.32,10.7,45643
2017-12-11,10.7,11.01,10.61,10.85,33207
2017-12-12,10.78,10.85,10.61,10.62,13962
2017-12-13,10.63,10.72,10.61,10.64,8859
2017-12-14,10.69,10.84,10.63,10.67,11795
2017-12-15,10.67,10.74,10.54,10.55,11986
2017-12-18,10.55,10.92,10.54,10.64,8671
2017-12-19,10.59,10.69,10.18,10.36,18671
2017-12-20,10.39,10.39,10.21,10.28,17705
2017-12-21,10.17,10.36,9.96,10.29,20629
2017-12-22,10.13,10.31,10.13,10.15,15131
2017-12-25,10.15,10.15,9.8,9.84,20937
2017-12-26,10.0,10.0,9.68,9.83,33131
2017-12-27,9.88,10.12,9.77,9.87,21705
2017-12-28,9.89,10.02,9.77,9.97,18079
2017-12-29,9.89,9.97,9.67,9.91,17842
2018-01-02,9.92,10.14,9.9,10.06,26225
2018-01-03,10.08,10.28,9.97,10.26,36403
2018-01-04,10.18,10.34,10.17,10.32,24185
2018-01-05,10.31,10.33,9.96,10.03,31011
2018-01-08,10.21,10.7,10.03,10.18,51877
2018-01-09,10.12,10.25,10.04,10.08,25966
2018-01-10,10.11,10.21,9.88,10.14,32767
2018-01-11,10.03,10.12,9.93,10.07,18764
2018-01-12,10.11,10.13,9.92,9.93,13658
2018-01-15,9.96,9.96,9.3,9.43,56014
2018-01-16,9.55,9.56,9.31,9.47,18922
2018-01-17,9.47,9.47,9.2,9.33,28245
2018-01-18,9.33,9.43,9.25,9.3,18508
2018-01-19,9.3,9.3,8.89,8.96,47435
2018-01-22,8.84,8.84,8.3,8.41,121546
2018-01-23,8.37,8.53,8.31,8.48,43489
2018-01-24,8.55,8.55,8.34,8.39,44013
2018-01-25,8.4,8.53,8.35,8.37,53814
2018-01-26,8.37,8.51,8.22,8.45,59307
2018-01-29,8.46,8.5,8.18,8.21,38321
2018-01-30,8.18,8.33,8.15,8.26,18269
2018-01-31,8.25,8.27,7.77,7.88,36624
2018-02-01,7.87,7.89,7.22,7.24,46292
2018-02-02,7.3,7.39,6.97,7.21,65205
2018-02-05,7.07,7.57,6.99,7.41,46950
2018-02-06,7.34,7.71,7.13,7.13,56295
2018-02-07,7.33,7.6,7.18,7.37,43367
2018-02-08,7.4,7.59,7.33,7.5,32303
2018-02-09,7.25,7.49,7.12,7.26,37013
2018-02-12,7.28,7.83,7.28,7.7,42133
2018-02-13,7.7,7.96,7.7,7.79,31068
2018-02-14,7.72,7.92,7.72,7.77,16498
2018-02-22,7.83,7.96,7.79,7.91,16067
2018-02-23,7.91,7.93,7.62,7.73,28218
2018-02-26,8.21,8.29,7.97,8.11,55827
2018-02-27,8.13,8.75,8.13,8.71,74846
2018-02-28,8.69,8.74,8.39,8.56,44090
2018-03-01,8.54,8.64,8.39,8.59,25403
2018-03-02,8.46,8.51,8.23,8.26,31322
2018-03-05,8.32,8.71,8.3,8.58,44331
2018-03-06,8.6,9.17,8.6,9.01,58693
2018-03-07,8.97,9.08,8.85,8.88,22705
2018-03-08,8.88,9.01,8.75,8.83,24705
2018-03-09,8.84,8.98,8.73,8.9,32068
2018-03-12,8.89,9.08,8.78,8.9,41491
2018-03-13,8.91,8.94,8.51,8.53,60497
2018-03-14,8.51,8.58,8.34,8.41,34982
2018-03-15,8.39,8.6,8.38,8.57,24252
2018-03-16,8.59,8.59,8.37,8.37,25435
2018-03-19,8.38,8.38,8.18,8.26,25890
2018-03-20,8.27,8.32,8.01,8.12,33079
2018-03-21,8.12,8.32,8.09,8.18,31782
2018-03-22,8.14,8.24,7.85,7.92,45481
2018-03-23,7.27,7.83,7.27,7.42,43832
2018-03-26,7.36,7.5,7.14,7.32,51308
2018-03-27,7.44,7.76,7.44,7.7,41216
2018-03-28,7.56,7.84,7.46,7.72,36178
2018-03-29,7.72,8.02,7.65,7.97,37873
2018-03-30,7.95,8.18,7.95,8.01,28451
2018-04-02,8.01,8.12,7.89,7.91,30241
2018-04-03,7.8,8.22,7.69,8.09,38359
2018-04-04,8.07,8.26,7.85,8.12,40480
2018-04-09,8.02,8.11,7.6,7.72,54888
2018-04-10,7.68,7.82,7.56,7.72,25422
2018-04-11,7.79,8.22,7.73,8.21,64206
2018-04-12,8.25,8.27,7.85,7.89,46277
2018-04-13,7.96,8.02,7.87,7.98,21104
2018-04-16,7.96,8.07,7.8,8.0,27267
2018-04-17,8.09,8.09,7.75,7.8,24914
2018-04-18,7.88,7.91,7.31,7.65,33802
2018-04-19,7.7,7.74,7.56,7.61,19778
2018-04-20,7.44,7.47,7.21,7.22,37168
2018-04-23,7.25,7.29,6.75,6.79,55551
2018-04-24,6.89,7.0,6.78,6.99,36644
2018-04-25,7.0,7.16,6.92,7.12,36711
2018-04-26,7.11,7.15,6.84,6.86,20499
2018-04-27,6.92,7.07,6.9,7.04,17092
2018-05-02,7.12,7.17,6.94,7.16,16458
2018-05-03,7.14,7.43,7.03,7.33,28026
2018-05-04,7.29,7.43,7.24,7.36,25706
2018-05-07,7.38,7.54,7.3,7.51,33029
2018-05-08,7.53,7.64,7.43,7.61,25719
2018-05-09,7.59,7.64,7.5,7.54,12657
2018-05-10,7.54,7.79,7.54,7.67,24539
2018-05-11,7.65,7.98,7.65,7.89,38715
2018-05-14,7.89,8.01,7.8,7.9,27894
2018-05-15,8.05,8.32,7.8,7.85,36856
2018-05-16,7.76,8.12,7.7,8.04,31712
2018-05-17,7.95,8.04,7.58,7.61,34705
2018-05-18,7.56,8.07,7.56,8.01,54722
2018-05-21,8.03,8.29,8.02,8.17,37358
2018-05-22,8.17,8.26,8.1,8.2,20233
2018-05-23,8.21,8.36,8.06,8.14,28805
2018-05-24,8.03,8.13,7.71,7.99,35703
2018-05-25,7.96,8.28,7.88,7.97,34530
2018-05-28,7.92,8.02,7.66,7.77,47302
2018-05-29,7.78,7.96,7.61,7.66,36011
2018-05-30,7.51,7.57,7.23,7.3,36172
2018-05-31,7.52,7.52,7.34,7.43,18680
2018-06-01,7.34,7.51,7.23,7.33,24270
2018-06-04,7.39,7.41,7.11,7.36,32000
2018-06-05,7.42,7.51,7.2,7.5,32051
2018-06-06,7.5,7.58,7.37,7.44,30044
2018-06-07,7.45,7.58,7.4,7.47,19334
2018-06-08,7.36,7.38,7.09,7.22,25477
2018-06-11,7.22,7.31,7.13,7.25,14605
2018-06-12,7.22,7.51,7.08,7.48,26759
2018-06-13,7.44,7.44,7.25,7.26,17318
2018-06-14,7.26,7.34,7.21,7.27,12528
2018-06-15,7.32,7.44,7.22,7.43,21235
2018-06-19,7.32,7.33,6.63,6.92,33942
2018-06-20,6.82,7.1,6.72,6.93,22349
2018-06-21,6.93,7.02,6.64,6.7,20501
2018-06-22,6.65,6.89,6.54,6.85,16820
2018-06-25,6.87,7.02,6.71,6.83,12505
2018-06-26,6.75,7.02,6.68,6.96,14654
2018-06-27,7.07,7.42,6.99,7.23,37289
2018-06-28,7.15,7.3,7.12,7.13,18531
2018-06-29,7.15,7.41,7.14,7.39,15224
2018-07-02,7.4,7.42,7.21,7.24,20581
2018-07-03,7.24,7.29,6.75,7.23,21902
2018-07-04,7.1,7.28,6.92,6.93,14640
2018-07-05,7.03,7.05,6.83,6.83,15035
2018-07-06,6.83,7.04,6.73,7.0,22533
2018-07-09,7.04,7.34,7.01,7.28,21857
2018-07-10,7.32,7.57,7.23,7.54,27568
2018-07-11,7.66,7.74,7.41,7.49,34883
2018-07-12,7.5,7.72,7.5,7.61,28308
2018-07-13,7.65,7.75,7.57,7.7,28138
2018-07-16,7.7,7.79,7.56,7.64,21988
2018-07-17,7.7,7.79,7.52,7.67,22089
2018-07-18,7.65,7.75,7.53,7.55,21214
2018-07-19,7.58,7.62,7.42,7.44,13292
2018-07-20,7.62,7.62,7.37,7.49,17764
2018-07-23,7.51,7.74,7.47,7.73,21499
2018-07-24,7.74,8.03,7.69,7.93,33349
2018-07-25,7.91,7.91,7.73,7.75,23962
2018-07-26,7.75,7.81,7.49,7.53,22890
2018-07-27,7.53,7.57,7.37,7.56,18488
2018-07-30,7.57,7.57,7.08,7.12,30094
2018-07-31,7.15,7.27,7.12,7.22,15691
2018-08-01,7.23,7.31,7.09,7.1,13306
2018-08-02,7.19,7.19,6.69,6.84,29524
2018-08-03,6.84,6.88,6.7,6.75,11916
2018-08-06,6.74,6.84,6.54,6.59,18643
2018-08-07,6.66,6.8,6.55,6.79,10815
2018-08-08,6.74,6.79,6.56,6.64,16473
2018-08-09,6.63,6.84,6.57,6.81,22566
2018-08-10,6.84,6.86,6.73,6.83,13157
2018-08-13,6.75,6.75,6.61,6.74,14265
2018-08-14,6.68,6.76,6.65,6.74,7595
2018-08-15,6.75,6.78,6.59,6.62,9960
2018-08-16,6.51,6.58,6.31,6.45,11926
2018-08-17,6.47,6.55,6.32,6.34,8816
2018-08-20,6.34,6.38,6.16,6.31,10333
2018-08-21,6.32,6.35,6.2,6.3,9679
2018-08-22,6.3,6.32,6.09,6.16,14487
2018-08-23,6.13,6.23,6.1,6.17,10136
2018-08-24,6.25,6.33,6.18,6.3,15036
2018-08-27,6.3,6.43,6.26,6.4,12891
2018-08-28,6.45,6.45,6.28,6.33,11751
2018-08-29,6.26,6.33,6.24,6.29,7718
2018-08-30,6.28,6.33,6.07,6.13,11909
2018-08-31,6.13,6.17,6.01,6.04,9984
2018-09-03,5.93,6.04,5.78,5.87,18775
2018-09-04,5.92,6.1,5.87,6.07,13824
2018-09-05,6.08,6.12,6.0,6.0,8912
2018-09-06,5.99,6.06,5.87,5.87,11271
2018-09-07,5.87,6.04,5.87,5.97,9337
2018-09-10,5.91,5.99,5.56,5.56,20211
2018-09-11,5.61,5.69,5.52,5.66,17700
2018-09-12,5.7,5.74,5.58,5.65,12671
2018-09-13,5.79,5.79,5.62,5.73,14837
2018-09-14,5.79,5.87,5.59,5.64,20026
2018-09-17,5.51,5.63,5.28,5.37,19571
2018-09-18,5.37,5.37,5.09,5.3,30148
2018-09-19,5.28,5.44,5.24,5.4,21725
2018-09-20,5.4,6.13,5.35,6.13,58747
2018-09-21,6.17,6.68,5.96,6.21,68688
2018-09-25,6.2,6.2,6.04,6.11,26081
2018-09-26,6.08,6.17,6.04,6.06,21410
2018-09-27,6.05,6.06,5.85,5.86,22226
2018-09-28,5.91,6.02,5.87,5.99,17696
2018-10-08,5.89,5.89,5.57,5.66,16006
2018-10-09,5.68,5.74,5.55,5.56,11259
2018-10-10,5.6,5.73,5.57,5.65,10637
2018-10-11,5.49,5.49,5.11,5.17,19443
2018-10-12,5.16,5.33,4.89,5.23,18119
2018-10-15,5.3,5.3,4.97,5.05,15310
2018-10-16,4.93,5.06,4.82,4.88,15076
2018-10-17,5.03,5.07,4.83,4.94,11890
2018-10-18,4.94,4.94,4.72,4.79,10889
2018-10-19,4.73,4.92,4.7,4.92,15919
2018-10-22,5.01,5.29,4.95,5.18,24139
2018-10-23,5.18,5.2,4.96,5.06,18151
2018-10-24,4.97,5.11,4.93,4.96,16418
2018-10-25,4.83,4.93,4.76,4.89,17528
2018-10-26,4.95,4.99,4.84,4.89,14991
2018-10-29,4.96,4.96,4.81,4.83,9074
2018-10-30,4.91,5.09,4.85,4.99,20223
2018-10-31,4.99,5.16,4.95,5.1,16141
2018-11-01,5.13,5.19,5.07,5.08,18642
2018-11-02,5.14,5.77,5.14,5.7,51958
2018-11-05,5.61,5.64,5.38,5.5,25202
2018-11-06,5.44,5.57,5.38,5.41,32873
2018-11-07,5.42,5.57,5.38,5.44,29565
2018-11-08,5.49,5.5,5.28,5.32,15050
2018-11-09,5.28,5.51,5.28,5.44,15282
2018-11-12,5.41,5.68,5.39,5.66,17946
2018-11-13,5.56,5.74,5.52,5.67,19458
2018-11-14,5.68,5.88,5.59,5.61,19798
2018-11-15,5.62,5.7,5.57,5.67,20805
2018-11-16,5.68,5.79,5.63,5.68,23175
2018-11-19,5.68,5.71,5.57,5.64,16888
2018-11-20,5.57,5.58,5.35,5.37,26209
2018-11-21,5.28,5.28,5.03,5.12,50992
2018-11-22,5.12,5.37,5.12,5.36,37584
2018-11-23,5.31,5.39,5.06,5.12,22860
2018-11-26,5.09,5.15,4.97,5.03,17099
2018-11-27,5.09,5.13,4.98,5.05,16720
2018-11-28,5.06,5.17,4.95,5.14,14986
2018-11-29,5.19,5.19,5.02,5.05,15669
2018-11-30,4.99,5.09,4.96,5.09,10461
2018-12-03,5.25,5.39,5.19,5.29,38368
2018-12-04,5.31,5.41,5.27,5.31,21012
2018-12-05,5.19,5.25,5.1,5.22,17869
2018-12-06,5.16,5.27,5.09,5.13,13491
2018-12-07,5.14,5.2,5.09,5.13,8447
2018-12-10,5.07,5.1,4.99,5.03,11977
2018-12-11,5.08,5.08,5.0,5.05,8741
2018-12-12,5.09,5.21,5.07,5.16,15973
2018-12-13,5.16,5.35,5.16,5.3,34854
2018-12-14,5.28,5.33,5.1,5.11,24487
2018-12-17,5.16,5.22,5.04,5.09,18273
2018-12-18,5.07,5.12,4.95,5.03,14314
2018-12-19,5.0,5.06,4.98,4.99,9160
2018-12-20,5.0,5.06,4.95,5.05,11234
2018-12-21,5.04,5.12,4.99,5.1,15879
2018-12-24,5.19,5.26,4.96,5.21,23611
2018-12-25,5.12,5.21,5.0,5.18,13608
2018-12-26,5.21,5.36,5.12,5.31,22297
2018-12-27,5.36,5.41,5.13,5.14,21569
2018-12-28,5.15,5.18,5.01,5.17,12779
2019-01-02,5.17,5.25,5.04,5.07,9170
2019-01-03,5.07,5.13,5.0,5.02,10580
2019-01-04,4.99,5.14,4.8,5.14,13658
2019-01-07,5.2,5.33,5.15,5.31,22955
2019-01-08,5.31,5.35,5.21,5.25,16157
2019-01-09,5.46,5.58,5.35,5.42,56890
2019-01-10,5.43,5.43,5.29,5.31,16058
2019-01-11,5.32,5.42,5.26,5.35,12973
2019-01-14,5.35,5.35,5.26,5.28,9310
2019-01-15,5.28,5.36,5.24,5.32,17367
2019-01-16,5.32,5.43,5.28,5.38,24858
2019-01-17,5.38,5.39,5.19,5.2,27135
2019-01-18,5.19,5.24,5.07,5.2,20517
2019-01-21,5.22,5.24,5.18,5.21,11000
2019-01-22,5.21,5.21,5.05,5.1,14997
2019-01-23,5.08,5.16,5.04,5.06,15528
2019-01-24,5.12,5.13,5.0,5.09,16898
2019-01-25,5.12,5.19,5.07,5.09,11714
2019-01-28,5.11,5.2,4.93,5.01,19607
2019-01-29,4.99,4.99,4.84,4.92,17365
2019-01-30,4.89,4.98,4.86,4.86,9211
2019-01-31,4.89,4.96,4.84,4.88,11584
2019-02-01,4.88,5.11,4.88,5.09,18511
2019-02-11,5.09,5.18,5.07,5.17,18738
2019-02-12,5.14,5.27,5.11,5.25,35412
2019-02-13,5.26,5.44,5.25,5.4,46799
2019-02-14,5.37,5.47,5.35,5.39,28794
2019-02-15,5.42,5.48,5.31,5.32,27987
2019-02-18,5.32,5.65,5.32,5.56,36469
2019-02-19,5.56,5.63,5.44,5.48,38133
2019-02-20,5.5,5.54,5.29,5.37,36976
2019-02-21,5.38,5.56,5.33,5.38,44003
2019-02-22,5.39,5.43,5.28,5.43,40234
2019-02-25,5.48,5.81,5.45,5.77,71952
2019-02-26,5.8,6.04,5.66,5.87,77116
2019-02-27,5.89,5.96,5.68,5.73,54842
2019-02-28,5.96,6.49,5.96,6.49,180333
2019-03-01,6.5,7.08,6.31,7.03,163363
2019-03-04,7.15,7.84,7.15,7.61,170850
2019-03-05,7.61,8.49,7.56,8.33,177459
2019-03-06,8.33,8.75,8.02,8.21,186964
2019-03-07,8.22,8.64,7.98,8.14,152289
2019-03-08,7.82,8.3,7.65,7.94,119646
2019-03-11,7.88,8.6,7.74,8.41,135752
2019-03-12,8.39,9.37,8.27,9.23,146330
2019-03-13,9.21,9.33,8.64,8.88,81820
2019-03-14,8.63,8.63,7.94,8.18,76900
2019-03-15,8.35,8.45,8.03,8.32,58188
2019-03-18,8.3,8.3,7.39,7.86,120191
2019-03-19,7.84,8.18,7.75,8.03,88560
2019-03-20,8.18,8.18,7.51,7.93,71656
2019-03-21,7.89,7.97,7.7,7.81,78576
2019-03-22,7.78,7.82,7.35,7.78,79900
2019-03-25,7.52,7.72,7.21,7.52,133514
2019-03-26,7.43,7.62,7.24,7.37,59253
2019-03-27,7.38,7.51,7.12,7.42,71306
2019-03-28,7.36,7.82,7.34,7.46,73864
2019-03-29,7.43,7.74,7.27,7.73,89864
2019-04-01,7.8,8.22,7.75,8.11,89270
2019-04-02,8.15,8.34,7.99,8.06,65426
2019-04-03,8.09,8.37,7.98,8.22,53519
2019-04-04,8.32,8.68,8.13,8.25,63139
2019-04-08,8.26,8.31,7.79,7.85,64899
2019-04-09,7.9,8.11,7.85,7.99,34758
2019-04-10,7.98,8.21,7.72,8.06,61791
2019-04-11,8.14,8.63,8.07,8.16,90314
2019-04-12,8.17,8.35,7.68,7.7,50305
2019-04-15,7.84,8.18,7.83,7.85,63093
2019-04-16,7.98,7.98,7.16,7.38,99955
2019-04-17,7.44,8.09,7.41,7.86,113144
2019-04-18,7.89,8.25,7.54,7.6,70312
2019-04-19,7.54,7.76,7.51,7.58,45273
2019-04-22,7.56,7.56,7.12,7.24,80218
2019-04-23,7.16,7.23,6.94,6.97,54388
2019-04-24,7.02,7.1,6.91,7.08,37264
2019-04-25,7.06,7.06,6.63,6.7,46553
2019-04-26,6.54,6.86,6.42,6.67,57009
2019-04-29,6.66,6.7,6.15,6.18,61560
2019-04-30,6.15,6.84,6.11,6.76,66131
2019-05-06,6.51,6.54,5.93,5.99,57520
2019-05-07,6.12,6.18,5.82,5.96,35494
2019-05-08,5.84,5.99,5.66,5.79,33055
2019-05-09,5.75,5.88,5.64,5.7,28707
2019-05-10,5.77,5.96,5.59,5.96,39146
2019-05-13,5.96,6.07,5.81,6.06,42643
2019-05-14,6.01,6.01,5.8,5.92,31650
2019-05-15,5.93,6.0,5.85,5.96,33504
2019-05-16,5.99,6.01,5.91,5.94,22446
2019-05-17,5.93,5.98,5.61,5.64,30530
2019-05-20,5.62,5.74,5.39,5.58,28269
2019-05-21,5.53,5.77,5.53,5.67,22640
2019-05-22,5.65,5.72,5.58,5.62,15371
2019-05-23,5.55,5.71,5.47,5.62,19768
2019-05-24,5.64,5.69,5.35,5.35,48708
2019-05-27,5.38,5.49,5.23,5.49,45568
2019-05-28,5.42,5.75,5.4,5.54,65044
2019-05-29,5.51,5.53,5.38,5.42,44997
2019-05-30,5.41,5.44,5.28,5.38,29974
2019-05-31,5.38,5.41,5.24,5.28,31753
2019-06-03,5.35,5.35,5.09,5.14,25592
2019-06-04,5.27,5.37,5.14,5.23,43757
2019-06-05,5.32,5.49,5.15,5.18,64313
2019-06-06,5.18,5.18,4.9,4.94,44758
2019-06-10,4.99,5.07,4.96,5.02,24957
2019-06-11,5.04,5.32,4.99,5.3,45039
2019-06-12,5.33,5.33,5.18,5.19,30481
2019-06-13,5.19,5.32,5.15,5.28,28638
2019-06-14,5.28,5.3,5.06,5.08,40532
2019-06-17,5.12,5.25,5.05,5.19,34883
2019-06-18,5.22,5.27,5.03,5.14,48842
2019-06-19,5.27,5.39,5.23,5.28,56735
2019-06-20,5.32,5.44,5.25,5.41,52122
2019-06-21,5.43,5.6,5.42,5.49,60276
2019-06-24,5.55,5.55,5.4,5.45,33085
2019-06-25,5.44,5.48,5.29,5.36,30301
2019-06-26,5.38,5.53,5.3,5.47,37037
2019-06-27,5.51,5.59,5.47,5.54,38726
2019-06-28,5.56,5.58,5.38,5.43,25910
2019-07-01,5.54,5.63,5.5,5.63,37649
2019-07-02,5.64,6.04,5.57,5.96,77089
2019-07-03,5.99,6.0,5.75,5.8,47407
2019-07-04,5.94,6.18,5.87,5.93,58726
2019-07-05,5.93,6.08,5.91,6.06,45134
2019-07-08,6.0,6.07,5.75,5.78,40039
2019-07-09,5.68,5.87,5.68,5.76,33787
2019-07-10,5.76,5.9,5.65,5.71,28351
2019-07-11,5.68,5.81,5.49,5.52,49738
2019-07-12,5.45,5.57,5.3,5.34,55258
2019-07-15,5.35,5.43,5.13,5.41,56585
2019-07-16,5.23,5.69,5.17,5.57,108596
2019-07-17,5.57,5.62,5.45,5.5,42150
2019-07-18,5.49,5.49,5.24,5.24,40434
2019-07-19,5.23,5.35,5.23,5.26,26541
2019-07-22,5.23,5.28,5.04,5.14,36498
2019-07-23,5.22,5.26,5.12,5.26,27371
2019-07-24,5.26,5.36,5.21,5.34,38866
2019-07-25,5.28,5.36,5.25,5.27,23098
2019-07-26,5.27,5.37,5.2,5.35,29508
2019-07-29,5.36,5.43,5.32,5.43,18554
2019-07-30,5.43,5.54,5.36,5.49,32162
2019-07-31,5.44,5.49,5.32,5.36,23322
2019-08-01,5.35,5.4,5.23,5.27,38286
2019-08-02,5.07,5.21,5.03,5.1,39355
2019-08-05,5.1,5.12,4.96,5.0,39403
2019-08-06,4.91,4.92,4.59,4.74,55008
2019-08-07,4.82,4.94,4.72,4.8,43535
2019-08-08,4.87,4.89,4.67,4.77,45430
2019-08-09,4.81,4.91,4.76,4.85,38069
2019-08-12,4.85,4.97,4.74,4.96,26975
2019-08-13,4.89,5.05,4.74,5.02,53859
2019-08-14,5.01,5.1,4.92,4.92,35200
2019-08-15,4.73,5.14,4.7,5.11,60947
2019-08-16,5.07,5.28,5.05,5.23,41805
2019-08-19,5.33,5.63,5.26,5.51,65097
2019-08-20,5.54,5.68,5.44,5.44,30379
2019-08-21,5.57,5.72,5.42,5.6,58100
2019-08-22,5.52,5.96,5.52,5.85,81217
2019-08-23,5.87,6.09,5.72,6.03,93453
2019-08-26,5.89,6.08,5.8,5.98,69799
2019-08-27,6.03,6.47,6.0,6.08,88243
2019-08-28,6.2,6.32,5.96,6.03,91174
2019-08-29,6.01,6.21,5.96,6.05,66473
2019-08-30,6.05,6.25,5.95,5.99,48174
2019-09-02,5.97,6.13,5.93,6.04,44392
2019-09-03,6.05,6.12,5.99,6.09,37560
2019-09-04,6.06,6.37,6.0,6.25,112619
2019-09-05,6.2,6.53,6.2,6.37,110294
2019-09-06,6.5,7.15,6.47,6.89,150856
2019-09-09,6.94,6.99,6.72,6.89,106750
2019-09-10,6.83,6.85,6.51,6.56,97254
2019-09-11,6.61,6.67,6.5,6.54,48863
2019-09-12,6.51,6.61,6.49,6.58,41772
2019-09-16,6.59,6.86,6.5,6.56,68202
2019-09-17,6.6,6.61,6.17,6.28,72416
2019-09-18,6.3,6.36,6.1,6.11,52120
2019-09-19,6.18,6.25,6.03,6.17,34994
2019-09-20,6.19,6.36,6.15,6.2,48527
2019-09-23,6.26,6.41,6.23,6.32,56854
2019-09-24,6.32,6.39,6.22,6.25,56084
2019-09-25,6.21,6.22,5.91,5.96,67512
2019-09-26,5.99,6.14,5.82,5.96,69669
2019-09-27,5.99,6.34,5.9,6.23,83224
2019-09-30,6.23,6.67,6.18,6.49,129200
2019-10-08,6.56,6.61,6.25,6.29,75358
2019-10-09,6.31,6.32,5.96,6.01,80858
2019-10-10,6.05,6.19,5.98,5.99,72131
2019-10-11,6.02,6.11,5.88,6.07,75005
2019-10-14,6.18,6.54,6.06,6.45,103416
2019-10-15,6.53,6.59,6.32,6.52,115586
2019-10-16,6.6,6.61,6.32,6.32,62659
2019-10-17,6.34,6.54,6.21,6.36,61881
2019-10-18,6.5,6.5,6.1,6.15,66859
2019-10-21,6.0,6.1,5.94,6.04,44293
2019-10-22,6.05,6.21,6.0,6.2,38096
2019-10-23,6.21,6.23,5.88,5.98,65988
2019-10-24,6.16,6.46,5.65,5.77,141960
2019-10-25,5.92,6.52,5.92,6.52,250226
2019-10-28,6.59,7.08,6.52,6.97,337368
2019-10-29,6.92,7.29,6.9,7.17,237730
2019-10-30,7.23,7.33,6.99,7.07,171794
2019-10-31,7.16,7.27,6.91,6.96,142447
2019-11-01,7.03,7.08,6.89,6.97,110947
2019-11-04,7.02,7.21,6.96,7.14,142635
2019-11-05,7.05,7.16,6.89,7.1,163808
2019-11-06,7.25,7.56,6.9,6.96,220787
2019-11-07,6.95,7.54,6.85,7.26,235732
2019-11-08,7.25,7.91,7.18,7.82,249157
2019-11-11,7.72,7.95,7.5,7.54,169242
2019-11-12,7.65,7.75,7.34,7.66,118942
2019-11-13,7.59,7.7,7.34,7.43,99160
2019-11-14,7.49,7.67,7.41,7.63,118736
2019-11-15,7.56,7.6,7.24,7.41,114195
2019-11-18,7.3,7.49,7.3,7.45,68507
2019-11-19,7.41,7.83,7.31,7.74,137796
2019-11-20,7.72,7.98,7.45,7.49,162258
2019-11-21,7.44,7.57,7.34,7.39,90575
2019-11-22,7.41,7.68,7.13,7.19,156582
2019-11-25,7.19,7.41,6.98,7.1,130672
2019-11-26,7.17,7.31,6.8,7.21,136655
2019-11-27,7.27,8.1,7.27,8.07,380451
2019-11-28,7.93,8.22,7.86,8.07,178471
2019-11-29,8.18,8.25,7.85,8.0,127067
2019-12-02,8.12,8.12,7.88,7.99,85472
2019-12-03,7.87,7.97,7.72,7.91,115298
2019-12-04,7.87,8.41,7.81,8.12,147176
2019-12-05,8.13,8.58,8.01,8.54,184152
2019-12-06,8.44,9.21,8.44,9.07,197130
2019-12-09,9.35,9.65,9.09,9.37,187905
2019-12-10,9.37,9.41,9.05,9.26,146679
2019-12-11,9.27,9.55,9.1,9.27,135470
2019-12-12,9.29,9.63,9.03,9.16,129535
2019-12-13,9.31,9.89,9.16,9.81,206799
2019-12-16,9.81,9.92,9.61,9.87,117571
2019-12-17,9.91,10.66,9.91,10.39,164135
2019-12-18,10.2,10.92,10.18,10.53,142880
2019-12-19,10.54,10.58,10.1,10.36,98489
2019-12-20,10.42,10.82,10.41,10.65,120814
2019-12-23,10.61,10.93,10.4,10.43,98244
2019-12-24,10.43,10.85,10.43,10.82,110124
2019-12-25,10.95,11.16,10.6,10.86,107310
2019-12-26,10.72,11.11,10.69,10.81,83738
2019-12-27,10.87,10.91,9.91,10.05,230990
2019-12-30,9.95,10.5,9.9,10.34,162027
2019-12-31,10.4,10.69,10.05,10.36,131318
2020-01-02,10.33,10.93,10.27,10.87,139803
2020-01-03,10.89,11.44,10.44,11.04,172737
2020-01-06,12.31,12.31,11.72,12.31,321696
2020-01-07,12.36,13.23,12.1,12.41,367352
2020-01-08,12.63,13.81,12.63,13.33,435208
2020-01-09,13.72,14.39,13.3,13.65,392460
2020-01-10,13.35,13.47,12.96,13.21,249750
2020-01-13,13.56,14.01,13.07,13.96,306491
2020-01-14,14.3,14.92,13.28,13.39,409877
2020-01-15,13.19,13.52,12.83,13.16,227896
2020-01-16,13.17,13.52,13.1,13.31,158616
2020-01-17,13.3,13.52,12.95,13.14,146613
2020-01-20,13.03,13.51,12.63,13.3,188787
2020-01-21,13.1,13.96,12.82,13.41,238594
2020-01-22,13.71,14.55,13.1,14.2,261731
2020-01-23,13.88,14.7,13.3,14.19,225068
2020-02-03,12.61,14.27,12.61,13.06,304702
2020-02-04,13.86,14.54,13.85,14.54,129820
2020-02-05,16.04,16.16,14.94,15.48,424466
2020-02-06,14.6,16.54,14.41,16.51,445522
2020-02-07,16.01,16.47,15.36,15.65,284997
2020-02-10,15.83,16.96,15.56,16.96,321381
2020-02-11,16.74,16.82,15.84,16.05,230493
2020-02-12,15.91,16.41,15.65,16.03,251862
2020-02-13,15.72,16.16,15.41,15.64,219548
2020-02-14,15.79,15.94,15.1,15.44,179419
2020-02-17,15.06,15.78,15.03,15.67,185000
2020-02-18,15.65,16.21,15.39,15.92,213213
2020-02-19,16.47,16.6,14.83,14.98,375322
2020-02-20,15.23,15.68,14.99,15.49,256851
2020-02-21,15.5,15.85,15.39,15.7,226017
2020-02-24,15.5,15.84,14.91,15.11,315486
2020-02-25,14.54,15.5,14.27,15.34,363427
2020-02-26,14.9,15.19,13.64,13.64,404958
2020-02-27,13.66,13.71,12.94,13.25,310359
2020-02-28,12.34,12.94,11.95,12.09,303619
2020-03-02,12.4,13.44,12.27,13.16,260209
2020-03-03,13.86,14.1,13.16,13.46,274055
2020-03-04,13.16,13.63,12.92,13.31,160611
2020-03-05,13.56,13.74,13.11,13.44,132583
2020-03-06,13.06,13.7,12.85,13.5,124610
2020-03-09,13.1,13.37,12.68,12.7,184312
2020-03-10,12.54,14.13,12.54,14.13,290173
2020-03-11,14.14,14.33,13.63,13.74,200368
2020-03-12,13.26,13.47,12.98,13.23,135997
2020-03-13,12.41,13.51,11.99,13.1,167281
2020-03-16,13.1,13.14,11.62,11.63,161754
2020-03-17,11.84,12.05,10.58,11.4,188507
2020-03-18,11.45,11.75,10.68,10.76,198627
2020-03-19,10.74,10.95,10.08,10.54,242937
2020-03-20,11.02,11.21,10.44,10.65,192408
2020-03-23,10.06,10.15,9.42,9.42,164566
2020-03-24,9.59,9.7,8.72,9.35,370253
2020-03-25,9.96,10.45,9.88,10.1,371590
2020-03-26,10.1,10.16,9.61,9.65,202849
2020-03-27,9.92,10.01,9.5,9.65,187322
2020-03-30,9.65,9.68,9.03,9.43,179442
2020-03-31,9.54,9.84,9.3,9.55,156607
2020-04-01,9.9,10.19,9.72,9.76,200606
2020-04-02,9.72,10.14,9.58,10.13,138997
2020-04-03,10.75,10.91,9.86,10.23,234402
2020-04-07,10.33,10.89,10.27,10.72,190216
2020-04-08,10.53,10.86,10.31,10.43,141287
2020-04-09,10.46,10.56,10.15,10.22,104002
2020-04-10,10.37,10.47,9.75,9.85,131675
2020-04-13,9.59,10.27,9.41,10.09,111341
2020-04-14,10.4,11.26,10.4,11.26,274417
2020-04-15,11.43,12.3,11.36,11.92,336452
2020-04-16,11.87,12.12,11.51,11.99,185742
2020-04-17,12.28,12.81,12.07,12.34,227974
2020-04-20,12.48,13.39,12.2,13.19,208565
2020-04-21,12.99,13.06,12.19,12.53,197190
2020-04-22,12.15,12.72,11.99,12.68,115966
2020-04-23,12.85,13.3,12.27,12.98,157820
2020-04-24,13.06,13.92,13.06,13.19,156613
2020-04-27,12.88,14.13,12.88,13.67,137387
2020-04-28,14.12,14.14,13.3,13.77,130489
2020-04-29,13.51,14.72,13.51,14.3,178065
2020-04-30,14.92,15.74,14.92,15.07,240356
2020-05-06,14.89,15.36,14.82,15.13,167282
2020-05-07,15.16,15.36,14.36,15.05,182536
2020-05-08,14.99,15.37,14.76,15.16,109440
2020-05-11,14.89,15.56,14.77,14.88,108510
2020-05-12,14.91,15.3,14.81,15.16,85601
2020-05-13,15.16,15.24,14.81,15.01,90111
2020-05-14,14.85,15.03,14.43,14.74,95042
2020-05-15,14.97,15.06,14.29,14.73,156444
2020-05-18,14.68,14.74,14.08,14.41,121799
2020-05-19,14.32,14.83,14.21,14.39,104761
2020-05-20,14.75,15.51,14.1,14.26,233634
2020-05-21,14.26,14.45,13.43,13.44,168995
2020-05-22,13.65,13.96,13.1,13.25,133005
2020-05-25,13.21,13.37,12.83,13.13,83870
2020-05-26,13.34,14.51,13.25,14.36,140842
2020-05-27,14.63,15.47,14.63,15.14,187879
2020-05-28,14.98,15.09,14.21,14.45,142508
2020-05-29,14.7,15.05,14.07,14.83,148430
2020-06-01,15.22,15.27,14.69,15.12,132970
2020-06-02,15.23,15.48,14.61,14.7,100524
2020-06-03,14.62,15.41,14.62,15.34,123774
2020-06-04,15.27,15.91,15.13,15.52,112020
2020-06-05,15.3,15.84,14.96,15.81,108707
2020-06-08,15.96,16.78,15.96,16.31,125424
2020-06-09,16.75,16.85,16.11,16.27,96192
2020-06-10,16.26,16.26,15.8,16.16,66489
2020-06-11,16.8,17.01,16.01,16.07,163064
2020-06-12,15.63,15.92,15.39,15.56,123195
2020-06-15,15.58,15.74,14.91,14.91,121402
2020-06-16,15.36,15.71,14.75,15.07,114662
2020-06-17,15.1,15.23,14.41,14.83,100655
2020-06-18,14.78,15.3,14.47,15.25,115062
2020-06-19,15.25,16.94,15.16,16.94,204759
2020-06-22,17.2,17.32,16.75,17.17,130472
2020-06-23,17.15,17.58,16.89,17.21,117042
2020-06-24,17.41,17.52,16.94,17.13,72119
2020-06-29,17.13,17.44,16.79,17.01,112356
2020-06-30,17.34,18.21,17.14,17.58,131759
2020-07-01,18.25,18.64,16.96,17.31,131030
2020-07-02,17.51,17.59,16.88,17.03,138055
2020-07-03,17.32,18.25,17.2,17.85,162146
2020-07-06,17.72,18.6,17.51,18.29,151204
2020-07-07,18.89,20.28,18.75,20.28,127602
2020-07-08,20.89,22.47,20.59,22.47,216800
2020-07-09,22.82,22.83,21.52,22.45,241520
2020-07-10,22.23,24.75,21.83,23.85,213439
2020-07-13,24.65,25.34,23.27,24.21,207246
2020-07-14,23.85,24.16,22.51,23.0,195400
2020-07-15,23.0,23.83,22.72,23.03,146048
2020-07-16,23.41,23.56,20.86,21.3,150151
2020-07-17,21.31,22.84,21.19,21.94,126507
2020-07-20,22.7,22.82,21.3,21.79,124724
2020-07-21,22.24,22.74,21.96,22.51,106624
2020-07-22,22.38,23.72,22.06,23.47,118794
2020-07-23,23.16,24.13,22.46,23.56,133683
2020-07-24,22.95,23.15,21.03,21.03,174525
2020-07-27,20.67,21.39,19.65,20.14,130237
2020-07-28,20.54,21.6,20.54,21.23,111342
2020-07-29,21.03,21.9,20.89,21.75,80367
2020-07-30,21.92,22.14,21.1,21.56,85315
2020-07-31,21.52,22.47,21.29,21.79,85795
2020-08-03,22.07,22.24,21.21,22.17,86733
2020-08-04,22.18,23.23,21.7,22.88,127721
2020-08-05,22.6,22.87,22.03,22.43,93914
2020-08-06,22.43,23.5,22.38,22.95,113766
2020-08-07,23.3,24.06,22.47,23.1,110659
2020-08-10,23.09,25.56,22.96,25.56,202000
2020-08-11,26.05,27.83,25.08,26.74,224090
2020-08-12,26.47,27.43,25.18,26.65,185600
2020-08-13,27.23,27.43,25.43,26.36,136134
2020-08-14,26.03,29.16,25.92,29.16,132200
2020-08-17,29.19,29.83,27.45,28.44,172403
2020-08-18,28.67,28.67,27.17,27.3,118139
2020-08-19,27.44,27.69,26.39,26.64,87755
2020-08-20,26.08,26.55,25.47,25.66,87127
2020-08-21,26.05,28.32,26.05,26.54,145929
2020-08-24,27.39,27.61,26.01,27.2,87234
2020-08-25,27.2,27.51,26.47,26.74,68384
2020-08-26,27.16,27.2,25.54,25.82,73446
2020-08-27,26.36,27.3,25.84,26.84,76654
2020-08-28,26.95,27.7,26.68,27.41,75456
2020-08-31,27.43,27.82,26.74,27.14,73668
2020-09-01,27.14,28.71,26.79,28.16,109757
2020-09-02,28.12,28.39,27.07,27.64,82898
2020-09-03,27.39,27.39,26.24,26.54,80559
2020-09-04,25.39,26.05,25.15,25.79,71021
2020-09-07,25.36,25.85,23.99,24.13,141857
2020-09-08,24.54,24.81,23.92,24.57,67531
2020-09-09,23.59,24.25,22.85,23.83,99944
2020-09-10,24.24,24.87,23.3,23.53,62464
2020-09-11,23.3,24.91,23.3,24.88,97457
2020-09-14,24.58,25.14,24.27,24.88,72953
2020-09-15,24.99,25.57,24.61,24.99,53897
2020-09-16,25.05,25.3,24.3,24.41,41835
2020-09-17,24.61,26.94,23.99,26.6,132972
2020-09-18,26.56,28.31,26.4,27.65,119088
2020-09-21,27.99,28.23,25.46,25.67,116698
2020-09-22,25.43,25.83,25.03,25.31,74288
2020-09-23,25.44,26.4,24.73,26.14,77939
2020-09-24,26.05,26.33,25.45,25.5,52907
2020-09-25,26.02,26.3,25.32,25.61,44753
2020-09-28,25.76,26.05,24.95,25.33,28486
2020-09-29,25.6,26.47,25.24,26.21,56288
2020-09-30,26.16,26.82,25.87,26.05,45739
2020-10-09,26.92,27.99,26.61,27.8,78188
2020-10-12,28.47,28.81,27.36,28.32,86432
2020-10-13,28.03,28.1,27.16,27.87,86705
2020-10-14,27.72,28.57,27.43,27.96,67105
2020-10-15,28.47,29.16,26.99,27.17,90949
2020-10-16,27.41,27.43,25.44,26.12,88574
2020-10-19,26.05,26.5,25.68,25.89,63400
2020-10-20,25.95,26.67,25.66,26.61,74236
2020-10-21,26.71,26.87,24.37,24.54,149955
2020-10-22,24.12,25.43,23.85,25.13,103540
2020-10-23,25.02,25.43,24.33,24.67,46352
2020-10-26,24.37,24.99,23.95,24.76,43467
2020-10-27,24.39,25.0,24.26,24.4,80400
2020-10-28,24.52,24.95,23.92,24.82,96376
2020-10-29,24.21,25.05,24.02,24.66,69027
2020-10-30,24.68,25.5,24.26,24.87,118761
2020-11-02,24.33,24.54,22.52,23.21,175102
2020-11-03,23.81,24.1,23.2,23.7,88352
2020-11-04,23.94,25.32,23.12,23.64,155656
2020-11-05,24.21,25.67,24.06,25.41,170624
2020-11-06,26.31,26.45,23.9,24.27,172584
2020-11-09,24.43,26.36,24.42,26.16,159212
2020-11-10,26.17,26.19,24.74,25.81,102965
2020-11-11,25.71,26.04,24.76,24.76,66392
2020-11-12,24.92,25.19,24.43,24.62,40173
2020-11-13,24.74,24.99,23.85,24.14,69665
2020-11-16,23.92,24.09,22.99,23.42,94248
2020-11-17,23.42,23.67,22.05,22.5,115670
2020-11-18,22.96,22.96,21.59,21.74,117050
2020-11-19,21.88,22.38,21.23,22.17,75839
2020-11-20,22.02,22.93,21.92,22.47,85033
2020-11-23,22.61,22.69,22.2,22.56,92328
2020-11-24,22.48,23.17,22.02,22.14,108794
2020-11-25,22.31,22.31,21.36,21.4,95843
2020-11-26,21.39,21.7,20.57,20.88,82511
2020-11-27,20.76,21.19,20.48,21.11,77528
2020-11-30,21.14,21.23,19.99,20.96,94525
2020-12-01,20.86,21.71,20.62,21.64,81514
2020-12-02,22.26,22.88,21.86,22.4,143238
2020-12-03,22.67,24.03,22.33,22.63,185816
2020-12-04,22.5,23.47,21.99,23.21,109244
2020-12-07,24.23,25.02,23.81,24.11,208859
2020-12-08,24.47,25.44,24.4,25.05,153293
2020-12-09,25.01,26.19,25.01,25.17,148839
2020-12-10,25.17,25.5,24.57,24.75,91771
2020-12-11,24.87,25.09,23.49,23.82,124892
2020-12-14,23.9,25.36,23.85,24.96,117593
2020-12-15,25.07,25.72,24.95,25.67,98934
2020-12-16,25.64,25.86,25.14,25.61,64003
2020-12-17,25.36,25.61,24.94,25.4,55780
2020-12-18,25.61,25.9,25.21,25.59,74125
2020-12-21,25.75,27.09,25.64,26.93,106198
2020-12-22,26.67,26.94,25.68,25.74,108937
2020-12-23,25.65,26.59,25.48,25.96,110666
2020-12-24,26.05,26.81,25.84,26.0,62082
2020-12-25,26.2,26.84,25.54,25.81,69439
2020-12-28,26.26,26.27,24.88,25.28,125059
2020-12-29,25.2,25.2,24.27,24.45,111133
2020-12-30,24.47,25.47,24.32,25.12,89986
2020-12-31,25.43,25.47,24.21,24.97,116018
2021-01-04,27.62,27.62,27.62,27.62,32928
2021-01-05,29.64,30.54,28.85,30.27,395618
2021-01-06,29.46,30.34,28.95,29.48,181752
2021-01-07,30.07,30.12,29.02,29.66,153077
2021-01-08,30.33,31.0,28.54,29.27,218704
2021-01-11,29.23,31.45,29.23,30.09,198000
2021-01-12,30.02,30.85,28.9,30.61,120161
2021-01-13,30.72,31.86,29.67,30.05,172664
2021-01-14,29.27,30.12,27.9,28.34,160389
2021-01-15,28.57,29.16,27.56,28.3,97763
2021-01-18,29.16,30.96,29.16,30.74,157610
2021-01-19,31.3,31.8,30.42,30.79,147738
2021-01-20,31.3,33.39,31.23,32.94,176693
2021-01-21,32.92,33.55,32.19,32.93,158910
2021-01-22,33.19,34.64,33.19,34.33,147678
2021-01-25,34.5,34.75,32.6,32.98,147131
2021-01-26,32.85,33.16,31.55,31.96,112352
2021-01-27,32.12,32.21,30.74,31.26,96216
2021-01-28,30.9,30.9,28.65,28.92,139307
2021-01-29,29.22,30.0,28.04,28.54,128669
2021-02-01,28.54,30.5,27.94,30.16,130717
2021-02-02,30.42,31.43,29.54,30.85,118546
2021-02-03,30.85,31.07,29.81,30.01,93726
2021-02-04,29.85,30.06,28.12,28.41,144220
2021-02-05,28.81,29.5,27.42,27.59,110453
2021-02-08,28.11,28.18,26.94,28.05,101823
2021-02-09,27.9,28.65,27.78,28.25,81696
2021-02-10,28.46,29.07,27.5,28.63,72673
2021-02-18,29.34,29.34,27.46,27.92,106399
2021-02-19,28.57,28.57,27.12,27.56,70361
2021-02-22,27.55,28.28,26.61,26.79,113706
2021-02-23,26.18,27.3,26.05,26.52,71951
2021-02-24,26.4,27.04,25.52,26.05,108607
2021-02-25,27.18,27.43,25.91,26.19,143173
2021-02-26,25.5,25.7,23.97,24.23,165054
2021-03-01,24.46,25.76,24.46,25.49,146543
2021-03-02,25.71,26.45,25.5,26.18,133507
2021-03-03,25.52,25.83,24.56,25.43,174185
2021-03-04,25.01,25.01,22.76,22.91,142198
2021-03-05,22.54,23.71,22.06,23.15,143091
2021-03-08,23.3,23.42,21.51,21.53,97841
2021-03-09,21.5,21.78,20.27,20.79,132393
2021-03-10,21.79,23.02,21.5,21.78,151640
2021-03-11,22.34,22.48,21.39,22.42,104487
2021-03-12,22.78,22.87,21.66,22.05,100522
2021-03-15,21.87,21.91,20.4,20.68,149532
2021-03-16,21.19,21.36,20.54,20.7,72434
2021-03-17,20.91,22.25,20.27,22.03,110052
2021-03-18,22.25,23.66,22.03,22.61,128718
2021-03-19,21.78,22.4,20.87,21.15,96980
2021-03-22,21.23,21.63,20.76,21.41,64731
2021-03-23,21.39,21.41,20.2,20.49,84726
2021-03-24,20.33,20.81,19.4,19.62,91037
2021-03-25,19.4,19.99,18.88,19.75,91613
2021-03-26,19.85,21.72,19.85,21.39,129469
2021-03-29,21.65,22.05,21.23,21.47,95023
2021-03-30,21.74,22.03,21.41,21.74,67297
2021-03-31,22.13,22.13,21.03,21.53,73133
2021-04-01,21.85,22.3,21.16,21.36,75940
2021-04-02,21.28,21.76,21.23,21.52,53743
2021-04-06,23.25,23.82,22.54,22.82,270274
2021-04-07,22.83,22.83,21.21,22.12,200981
2021-04-08,21.71,22.05,21.18,21.51,102045
2021-04-09,21.5,21.7,20.36,20.99,112735
2021-04-12,20.99,21.07,20.37,20.45,68988
2021-04-13,20.37,20.58,19.98,19.99,77325
2021-04-14,20.21,21.75,20.21,21.56,140973
2021-04-15,21.5,22.41,21.25,22.33,122879
2021-04-16,22.29,22.4,21.54,22.24,85136
2021-04-19,22.19,23.83,22.08,23.58,136541
2021-04-20,23.61,24.81,23.24,23.4,146888
2021-04-21,23.09,24.15,22.9,23.87,94499
2021-04-22,23.99,24.12,23.43,23.76,58313
2021-04-23,23.72,23.84,23.38,23.61,77114
2021-04-26,23.43,23.54,22.16,22.23,203360
2021-04-27,22.3,23.02,22.27,22.81,102676
2021-04-28,22.88,22.99,22.3,22.55,81126
2021-04-29,22.65,22.78,22.15,22.21,51657
2021-04-30,22.03,22.49,21.57,21.85,91538
2021-05-06,21.78,22.67,21.39,22.4,105157
2021-05-07,22.18,22.32,20.98,21.21,109153
2021-05-10,20.83,21.18,19.65,19.83,162902
2021-05-11,19.0,19.97,18.65,18.94,156126
2021-05-12,18.67,18.99,17.01,17.3,316913
2021-05-13,17.42,18.06,17.42,17.59,212839
2021-05-14,17.23,17.97,17.22,17.87,131735
2021-05-17,17.87,19.81,17.87,19.81,190758
2021-05-18,19.81,20.34,19.26,19.96,150974
2021-05-19,19.91,20.54,19.38,20.25,82849
2021-05-20,20.19,21.56,20.18,20.68,162121
2021-05-21,21.06,21.06,20.05,20.11,106021
2021-05-24,20.18,21.48,20.18,21.32,130803
2021-05-25,21.19,21.68,20.94,21.52,119275
2021-05-26,21.76,22.07,21.35,21.9,82119
2021-05-27,22.03,22.57,21.62,22.17,79465
2021-05-28,22.49,24.52,22.49,23.97,205399
2021-05-31,23.97,25.68,23.87,25.12,174441
2021-06-01,24.77,26.02,24.16,25.39,141969
2021-06-02,25.41,26.01,25.12,25.41,94425
2021-06-03,25.66,25.75,24.88,25.01,75335
2021-06-04,24.21,24.73,23.41,24.32,189827
2021-06-07,25.14,25.17,23.47,24.1,102853
2021-06-08,24.12,25.55,23.77,24.58,114002
2021-06-09,24.92,26.09,24.67,25.35,122849
2021-06-10,25.01,26.35,24.85,26.2,123377
2021-06-11,26.59,26.77,25.68,25.92,116036
2021-06-15,26.1,26.7,25.86,26.2,89351
2021-06-16,26.17,26.18,25.1,25.26,129178
2021-06-17,25.26,25.69,24.85,25.21,71276
2021-06-18,25.21,26.52,25.07,26.17,92308
2021-06-21,26.24,26.45,25.41,26.17,89532
2021-06-22,26.12,27.63,25.66,27.19,142285
2021-06-23,26.9,28.77,26.51,27.9,141657
2021-06-24,27.55,28.14,26.03,26.29,126797
2021-06-25,26.79,26.79,23.92,24.77,239478
2021-06-28,24.41,25.41,24.25,24.9,153776
2021-06-29,25.23,25.23,23.08,23.21,192439
2021-06-30,23.43,24.48,23.0,24.4,115568
2021-07-01,24.4,24.4,23.07,23.34,101737
2021-07-02,23.18,23.33,22.33,22.51,115930
2021-07-05,22.72,23.25,21.17,21.41,247574
2021-07-06,21.69,21.79,20.13,20.6,299195
2021-07-07,20.68,20.92,20.17,20.75,191849
2021-07-08,20.79,22.63,20.66,22.12,343555
2021-07-09,22.03,24.0,21.89,23.55,326856
2021-07-12,23.41,23.81,22.71,22.95,303853
2021-07-13,22.72,22.79,20.72,21.62,363206
2021-07-14,21.21,21.75,20.86,21.22,165929
2021-07-15,21.14,21.7,20.92,21.21,183745
2021-07-16,21.14,21.41,20.33,21.1,151380
2021-07-19,20.79,22.01,20.66,21.53,142091
2021-07-20,21.33,21.75,20.79,21.24,125929
2021-07-21,21.36,21.89,21.04,21.77,138304
2021-07-22,21.61,21.93,20.9,21.04,136919
2021-07-23,21.0,21.25,20.24,20.45,167561
2021-07-26,20.57,20.86,18.85,19.61,199847
2021-07-27,19.7,20.66,19.5,19.59,155060
2021-07-28,19.48,19.69,18.59,18.95,123638
2021-07-29,19.31,20.35,19.31,20.21,163416
2021-07-30,21.03,22.37,21.03,21.86,321141
2021-08-02,22.15,23.51,22.15,23.41,249022
2021-08-03,23.17,24.41,22.73,23.97,254468
2021-08-04,24.15,24.7,23.61,24.62,182302
2021-08-05,24.4,25.72,24.17,25.4,181257
2021-08-06,26.59,28.08,25.89,26.31,344312
2021-08-09,25.98,26.15,24.48,25.68,214080
2021-08-10,25.57,25.86,24.86,25.29,117953
2021-08-11,25.39,26.26,25.1,25.5,124379
2021-08-12,25.14,26.68,25.03,26.37,131447
2021-08-13,25.93,26.86,25.83,26.22,103976
2021-08-16,26.18,26.49,25.18,25.65,97213
2021-08-17,25.47,25.88,24.31,24.51,123150
2021-08-18,24.37,24.93,23.55,23.79,146678
2021-08-19,24.0,25.04,23.8,24.77,119453
2021-08-20,24.93,25.4,24.36,24.94,96461
2021-08-23,25.0,25.74,24.23,24.77,204777
2021-08-24,24.57,25.0,24.45,24.5,106308
2021-08-25,24.59,24.71,23.87,24.17,108364
2021-08-26,24.18,24.29,22.58,22.79,159555
2021-08-27,23.01,23.14,22.38,22.83,97906
2021-08-30,22.72,23.2,22.17,22.63,120586
2021-08-31,22.63,23.48,22.28,23.31,118778
2021-09-01,23.35,23.41,21.92,22.31,126880
2021-09-02,22.27,23.03,21.97,22.73,96697
2021-09-03,22.66,23.7,22.07,23.22,138779
2021-09-06,23.22,24.35,23.22,23.76,134158
2021-09-07,24.21,25.72,23.5,25.41,178106
2021-09-08,25.52,25.68,24.11,24.23,154041
2021-09-09,24.31,25.3,24.25,25.08,147544
2021-09-10,25.14,25.35,24.24,24.59,85297
2021-09-13,24.55,24.7,23.65,24.08,85025
2021-09-14,24.19,24.27,23.17,23.46,94286
2021-09-15,23.41,23.76,22.99,23.27,77975
2021-09-16,23.13,23.27,22.19,22.28,73135
2021-09-17,22.31,22.72,22.04,22.27,44512
2021-09-22,21.96,22.89,21.79,22.29,44688
2021-09-23,22.29,22.85,21.84,21.99,70003
2021-09-24,21.97,22.97,21.56,22.66,98933
2021-09-27,22.95,23.7,22.53,23.37,132042
2021-09-28,23.33,23.89,22.7,23.19,82040
2021-09-29,23.08,23.88,22.78,23.21,110319
2021-09-30,23.92,24.57,23.21,23.72,132967
2021-10-08,24.04,26.23,24.04,26.23,224949
2021-10-11,26.37,28.4,25.94,27.69,270075
2021-10-12,27.7,28.32,27.33,27.98,158251
2021-10-13,27.95,28.7,27.34,28.68,108964
2021-10-14,28.48,30.97,28.46,29.89,169950
2021-10-15,29.69,31.21,29.55,30.71,164318
2021-10-18,30.97,31.13,29.52,30.1,155994
2021-10-19,30.21,30.99,29.81,30.45,118487
2021-10-20,30.28,30.79,29.55,30.52,173268
2021-10-21,30.66,31.68,30.11,31.18,159482
2021-10-22,32.04,34.03,29.62,29.83,367889
2021-10-25,29.72,31.97,29.69,31.3,288360
2021-10-26,33.35,34.03,31.55,32.93,312706
2021-10-27,32.75,33.41,31.83,32.66,113389
2021-10-28,32.66,33.9,32.45,33.0,131533
2021-10-29,33.03,35.48,33.03,34.38,186894
2021-11-01,33.76,36.17,33.45,35.52,224519
2021-11-02,36.1,36.16,34.3,34.88,154709
2021-11-03,34.57,34.86,33.17,34.17,144789
2021-11-04,34.57,35.66,34.11,35.39,142245
2021-11-05,35.68,37.06,34.94,35.75,114389
2021-11-08,35.03,37.9,34.97,36.17,117898
2021-11-09,36.17,37.81,35.69,37.35,103942
2021-11-10,37.21,37.47,35.34,35.97,124089
2021-11-11,36.21,36.64,35.21,36.14,98136
2021-11-12,36.48,37.07,35.77,36.7,65648
2021-11-15,40.47,40.52,37.21,37.99,276148
2021-11-16,38.08,40.52,37.01,38.88,169661
2021-11-17,39.03,39.55,36.52,37.73,187231
2021-11-18,38.05,38.23,36.34,36.57,112023
2021-11-19,37.05,37.19,35.55,36.86,145129
2021-11-22,36.89,40.24,36.89,39.85,165012
2021-11-23,39.89,40.72,39.14,39.82,101100
2021-11-24,39.8,40.23,38.37,38.58,84834
2021-11-25,39.15,41.35,39.0,39.26,117062
2021-11-26,39.28,41.59,39.06,41.0,117602
2021-11-29,40.8,44.8,40.8,44.5,221082
2021-11-30,44.51,45.52,43.88,44.83,146805
2021-12-01,44.83,44.88,43.07,44.28,94408
2021-12-02,42.03,43.35,39.97,41.87,203691
2021-12-03,41.65,42.93,37.54,38.03,337087
2021-12-06,38.6,40.16,35.95,36.17,545159
2021-12-07,36.17,36.78,33.21,33.86,443888
2021-12-08,34.47,35.48,33.81,34.57,311148
2021-12-09,34.92,35.24,33.62,34.56,189734
2021-12-10,34.38,34.86,33.62,34.38,216853
2021-12-13,34.72,34.78,33.54,33.81,175204
2021-12-14,33.66,33.88,32.69,33.4,156355
2021-12-15,33.43,34.16,32.99,33.0,142151
2021-12-16,33.42,33.48,32.02,32.15,168326
2021-12-17,31.86,32.44,30.82,31.1,161094
2021-12-20,31.0,33.14,31.0,32.1,275440
2021-12-21,32.59,34.01,31.9,33.45,232472
2021-12-22,33.52,34.24,32.94,34.03,156241
2021-12-23,35.2,37.58,34.93,37.58,258679
2021-12-24,38.52,39.12,36.23,37.67,258496
2021-12-27,37.17,37.35,35.61,35.82,199600
2021-12-28,36.5,39.14,34.33,35.58,211276
2021-12-29,35.58,36.48,34.24,35.08,137217
2021-12-30,35.21,35.84,34.31,35.83,145078
2021-12-31,35.55,36.54,34.32,35.14,152040
2022-01-04,36.51,37.07,33.42,33.97,225526
2022-01-05,34.21,34.21,32.39,33.35,143086
2022-01-06,33.35,33.69,32.19,33.01,127835
2022-01-07,32.57,33.4,32.19,32.37,84706
2022-01-10,32.43,35.5,32.43,34.55,160249
2022-01-11,34.75,35.9,34.32,34.66,131487
2022-01-12,34.66,36.31,33.68,36.01,132491
2022-01-13,35.83,35.9,32.41,33.95,164941
2022-01-14,33.88,37.48,33.52,37.48,248389
2022-01-17,37.88,40.48,37.21,39.03,253841
2022-01-18,38.45,40.38,38.12,38.88,157481
2022-01-19,39.04,39.07,36.93,37.44,171097
2022-01-20,37.41,37.76,36.57,37.25,89832
2022-01-21,37.03,37.34,35.75,36.06,87659
2022-01-24,35.83,39.8,35.57,39.48,171098
2022-01-25,38.94,39.28,37.39,37.41,106034
2022-01-26,37.61,39.39,37.59,38.64,125296
2022-01-27,38.72,39.32,37.12,37.21,95267
2022-01-28,37.9,38.03,35.07,35.83,117342
2022-02-07,37.21,37.77,36.44,36.72,79418
2022-02-08,36.52,36.77,34.01,34.83,135545
2022-02-09,34.75,36.99,34.23,36.77,87098
2022-02-10,36.5,37.14,35.16,35.43,86143
2022-02-11,35.03,35.33,33.55,33.76,105379
2022-02-14,32.83,35.04,32.83,34.31,91480
2022-02-15,34.15,36.27,33.55,36.08,108082
2022-02-16,36.03,36.51,35.35,36.07,82975
2022-02-17,35.81,37.55,35.31,37.06,95665
2022-02-18,36.52,36.86,35.69,36.14,68629
2022-02-21,35.81,36.64,35.15,36.22,51343
2022-02-22,35.75,37.35,35.17,36.72,70684
2022-02-23,36.86,39.33,36.81,39.14,116564
2022-02-24,38.63,39.97,37.95,38.74,125168
2022-02-25,39.97,42.35,38.95,39.47,113435
2022-02-28,39.58,40.64,39.35,40.09,87335
2022-03-01,40.5,41.55,39.74,40.33,110458
2022-03-02,40.31,40.31,38.32,39.5,86373
2022-03-03,39.5,39.52,36.06,36.19,166137
2022-03-04,34.44,36.19,34.17,35.03,150081
2022-03-07,35.01,35.33,32.93,33.66,138070
2022-03-08,33.34,35.21,33.08,34.16,142344
2022-03-09,34.79,36.86,33.83,35.61,178108
2022-03-10,36.86,37.76,36.17,37.06,180335
2022-03-11,36.65,37.05,34.48,36.38,128091
2022-03-14,35.19,35.57,34.18,34.81,78453
2022-03-15,34.97,38.06,33.68,35.87,216753
2022-03-16,37.24,39.6,36.38,39.6,209398
2022-03-17,40.39,40.96,39.27,39.61,189243
2022-03-18,39.35,39.93,38.1,38.8,90874
2022-03-21,38.99,39.48,38.04,38.89,117774
2022-03-22,38.49,39.88,38.19,39.21,69382
2022-03-23,39.97,40.35,38.57,38.83,77141
2022-03-24,38.58,38.72,37.72,38.42,51184
2022-03-25,38.63,38.66,36.78,36.78,53248
2022-03-28,36.38,37.61,35.55,36.45,86177
2022-03-29,36.97,38.45,36.1,36.74,83503
2022-03-30,37.24,39.31,36.05,38.96,101588
2022-03-31,38.86,39.07,36.99,37.76,91616
2022-04-01,37.57,39.9,37.21,38.95,88371
2022-04-06,37.9,38.52,35.77,37.07,125565
2022-04-07,35.83,36.64,34.42,35.21,89893
2022-04-08,35.01,36.29,34.29,35.21,70780
2022-04-11,34.39,34.46,31.55,31.55,143487
2022-04-12,31.38,33.08,30.66,33.06,127338
2022-04-13,32.73,33.37,31.57,33.07,92668
2022-04-14,33.62,34.02,31.47,32.38,109150
2022-04-15,32.29,35.11,30.31,33.17,252153
2022-04-18,32.59,33.99,31.69,33.29,161552
2022-04-19,33.79,34.17,32.72,32.99,101745
2022-04-20,33.55,34.24,32.33,32.44,110490
2022-04-21,32.38,33.61,30.75,32.1,108754
2022-04-22,31.43,34.3,31.02,34.07,194602
2022-04-25,33.15,33.62,30.52,31.94,169131
2022-04-26,31.5,31.57,29.21,30.24,141308
2022-04-27,28.66,33.41,28.59,32.93,175323
2022-04-28,32.1,34.0,31.73,33.64,103673
2022-04-29,33.95,35.35,32.38,34.84,110848
2022-05-05,35.82,37.0,35.35,35.48,117698
2022-05-06,34.48,35.43,33.35,34.3,89578
2022-05-09,33.83,34.59,33.62,34.17,49580
2022-05-10,33.41,35.86,33.12,35.23,87586
2022-05-11,35.24,38.1,34.59,36.51,123819
2022-05-12,35.9,36.17,35.32,35.32,52561
2022-05-13,35.61,37.76,34.99,37.23,90476
2022-05-16,37.55,38.05,35.97,36.35,73834
2022-05-17,36.24,37.48,35.93,37.11,57995
2022-05-18,37.55,38.17,36.66,37.32,57960
2022-05-19,36.46,38.09,36.44,37.88,61255
2022-05-20,38.1,38.77,36.75,37.76,59374
2022-05-23,38.04,38.35,36.95,37.84,56532
2022-05-24,38.17,39.62,36.05,36.28,101528
2022-05-25,35.98,37.41,35.69,37.04,57221
2022-05-26,36.9,37.41,35.51,37.07,54788
2022-05-27,36.85,38.24,36.79,37.21,49053
2022-05-30,37.62,38.57,36.85,38.35,71538
2022-05-31,38.31,39.17,37.9,38.93,52742
2022-06-01,38.92,39.37,37.03,37.67,101240
2022-06-02,38.03,38.96,37.68,38.23,109257
2022-06-06,37.87,39.92,37.2,38.86,160766
2022-06-07,39.1,39.1,37.82,38.38,86332
2022-06-08,38.16,38.74,36.57,37.68,96876
2022-06-09,37.33,37.94,35.26,36.09,130637
2022-06-10,35.67,39.82,35.34,39.81,189187
2022-06-13,39.47,43.19,39.18,42.09,224182
2022-06-14,41.4,45.62,40.91,44.2,164995
2022-06-15,44.21,45.56,43.66,44.2,113728
2022-06-16,44.23,44.57,42.64,43.4,141443
2022-06-17,43.04,44.55,42.57,44.21,132588
2022-06-20,44.85,47.05,43.32,45.51,155586
2022-06-21,45.4,46.99,44.74,45.6,116678
2022-06-22,45.27,46.5,44.01,44.23,111159
2022-06-23,45.13,48.25,44.3,47.74,173174
2022-06-24,47.07,48.54,46.54,47.4,101813
2022-06-27,47.4,47.97,46.02,47.27,139486
2022-06-28,46.92,48.19,46.23,47.95,85250
2022-06-29,48.26,48.26,43.53,43.61,181087
2022-06-30,44.61,45.97,43.72,45.97,133518
2022-07-01,45.76,49.47,45.02,47.64,107961
2022-07-04,47.63,49.96,47.11,48.88,106343
2022-07-05,48.91,50.3,47.48,48.64,75105
2022-07-06,48.09,50.63,47.67,48.68,83422
2022-07-07,48.88,50.28,47.68,49.92,88884
2022-07-08,49.81,50.05,47.07,47.74,73255
2022-07-11,47.15,49.04,46.44,48.68,88738
2022-07-12,49.77,52.96,49.15,49.87,146482
2022-07-13,50.1,50.1,48.36,49.4,102613
2022-07-14,48.42,53.18,48.42,52.97,141665
2022-07-15,52.92,58.01,52.64,56.13,169872
2022-07-18,56.63,59.18,55.83,58.76,175897
2022-07-19,57.54,62.33,56.92,58.92,182213
2022-07-20,58.24,60.71,56.72,58.95,109847
2022-07-21,59.21,60.85,57.88,58.61,128937
2022-07-22,59.14,59.79,57.61,58.68,98865
2022-07-25,59.12,59.12,55.74,56.94,100821
2022-07-26,57.07,57.9,55.67,57.01,71909
2022-07-27,57.32,59.72,56.02,59.05,97965
2022-07-28,59.71,60.76,58.24,58.9,105185
2022-07-29,58.57,62.92,58.4,62.17,121661
2022-08-01,61.96,62.09,55.83,59.33,170311
2022-08-02,57.32,60.5,57.05,59.1,99399
2022-08-03,58.78,59.77,55.48,56.04,144755
2022-08-04,56.02,56.75,53.96,55.13,103652
2022-08-05,56.02,57.95,55.19,55.89,75320
2022-08-08,55.89,57.59,53.74,56.61,98615
2022-08-09,56.62,57.5,55.79,56.35,48454
2022-08-10,55.86,55.87,54.12,54.41,94566
2022-08-11,54.84,55.06,52.76,53.99,81683
2022-08-12,54.07,55.08,53.48,53.81,39400
2022-08-15,53.12,56.36,52.92,55.26,77961
2022-08-16,55.07,57.4,54.5,55.33,79550
2022-08-17,55.52,55.96,54.1,55.48,63828
2022-08-18,55.51,57.95,55.17,57.74,82868
2022-08-19,57.54,58.05,54.89,55.54,72411
2022-08-22,55.21,56.19,54.18,55.84,60056
2022-08-23,55.95,58.68,55.84,58.23,65456
2022-08-24,57.65,58.1,54.1,54.87,94387
2022-08-25,54.6,55.14,52.94,53.95,46999
2022-08-26,53.95,59.37,53.95,56.57,125139
2022-08-29,55.95,57.26,54.48,55.12,50915
2022-08-30,55.01,56.2,54.05,55.57,43428
2022-08-31,54.75,56.01,52.01,53.3,88251
2022-09-01,52.99,53.24,51.05,51.83,75005
2022-09-02,52.09,54.45,50.5,54.07,79874
2022-09-05,53.19,54.14,51.3,52.61,69974
2022-09-06,52.99,56.07,52.12,56.02,65242
2022-09-07,56.03,59.85,55.68,58.66,89232
2022-09-08,58.77,60.35,57.41,58.95,76609
2022-09-09,58.95,59.45,56.76,58.95,39247
2022-09-13,58.7,59.42,57.28,58.21,37468
2022-09-14,57.43,58.43,55.05,55.96,81864
2022-09-15,55.96,56.21,50.9,52.76,118232
2022-09-16,51.69,52.7,50.21,50.92,139105
2022-09-19,50.67,51.88,49.26,49.66,78298
2022-09-20,50.55,53.39,50.36,52.6,82098
2022-09-21,51.99,53.05,50.99,51.46,55655
2022-09-22,50.95,51.87,49.61,50.83,59412
2022-09-23,50.83,51.36,48.84,49.79,57835
2022-09-26,49.01,53.59,48.99,52.21,88069
2022-09-27,52.63,52.96,50.92,51.51,61402
2022-09-28,51.23,51.64,49.32,50.45,57464
2022-09-29,50.93,52.43,50.21,52.13,61580
2022-09-30,52.41,52.48,48.78,49.67,88576
2022-10-10,46.99,48.19,44.99,46.36,94355
2022-10-11,46.54,49.26,46.54,48.52,65036
2022-10-12,48.85,49.87,46.84,49.8,92950
2022-10-13,49.11,51.87,48.85,50.49,60246
2022-10-14,51.47,51.8,49.94,51.4,45249
2022-10-17,51.89,52.9,48.62,50.36,87468
2022-10-18,51.02,52.28,49.34,50.36,70738
2022-10-19,49.47,51.6,49.16,49.41,59576
2022-10-20,48.97,49.13,44.34,45.74,219959
2022-10-21,44.34,47.66,44.15,47.12,136718
2022-10-24,46.57,47.19,45.95,46.45,64588
2022-10-25,45.76,48.4,45.03,47.86,96512
2022-10-26,47.75,48.56,47.19,48.1,66779
2022-10-27,48.16,49.16,46.71,47.05,57562
2022-10-28,47.19,47.33,43.28,43.52,172548
2022-10-31,43.81,44.89,42.95,43.47,102586
2022-11-01,43.36,46.36,42.94,45.99,86998
2022-11-02,45.69,50.7,45.47,49.88,113130
2022-11-03,49.5,51.6,48.78,50.02,95092
2022-11-04,49.99,53.92,49.05,52.57,96358
2022-11-07,52.57,53.26,51.41,51.88,61343
2022-11-08,51.76,52.11,50.23,50.99,61232
2022-11-09,49.99,51.0,48.99,49.35,56606
2022-11-10,49.02,49.59,47.43,48.39,67935
2022-11-11,49.88,50.78,47.78,48.36,70658
2022-11-14,48.08,49.21,46.54,47.01,70073
2022-11-15,47.03,48.17,46.28,47.95,122446
2022-11-16,47.95,48.61,46.96,47.79,69430
2022-11-17,47.74,48.23,44.35,44.99,138463
2022-11-18,44.79,46.81,44.09,45.91,111439
2022-11-21,45.59,48.75,45.43,47.95,87934
2022-11-22,47.95,48.47,46.71,47.32,67086
2022-11-23,47.22,47.67,46.29,47.12,33237
2022-11-24,47.81,48.99,46.71,47.1,47125
2022-11-25,47.12,47.12,44.58,44.78,79515
2022-11-28,44.03,45.85,43.8,45.56,77587
2022-11-29,45.54,45.54,41.88,43.15,203146
2022-11-30,42.81,45.57,42.57,45.32,151109
2022-12-01,45.78,47.43,45.78,46.12,136391
2022-12-02,45.64,46.21,43.72,43.99,112482
2022-12-05,44.3,44.93,42.99,43.61,85885
2022-12-06,42.96,43.6,39.81,42.3,227645
2022-12-07,42.45,44.07,41.7,42.82,138715
2022-12-08,42.71,43.92,42.5,43.47,94105
2022-12-09,43.16,43.61,41.65,42.12,156298
2022-12-12,42.09,42.16,40.6,42.0,108452
2022-12-13,41.81,42.63,40.21,40.41,123330
2022-12-14,40.64,42.01,40.3,41.26,80739
2022-12-15,41.87,43.36,40.3,43.1,108567
2022-12-16,42.92,43.19,40.99,41.28,81857
2022-12-19,41.16,43.07,40.92,41.34,91322
2022-12-20,41.29,41.67,40.33,41.05,56220
2022-12-21,41.0,41.05,39.81,40.07,73246
2022-12-22,40.36,40.74,39.31,39.84,58913
2022-12-23,39.54,39.74,37.88,38.43,100502
2022-12-26,38.72,41.74,38.16,41.54,120253
2022-12-27,41.47,41.96,40.65,41.48,63967
2022-12-28,40.5,40.72,38.73,38.92,175010
2022-12-29,39.27,40.41,39.1,39.18,87723
2022-12-30,39.8,40.36,39.15,39.18,86129
2023-01-03,39.18,40.45,38.33,39.93,72929
2023-01-04,39.19,39.43,37.62,38.22,128377
2023-01-05,38.78,40.71,38.11,39.99,133705
2023-01-06,39.54,42.92,39.4,42.78,187546
2023-01-09,42.71,45.35,42.7,44.79,215137
2023-01-10,44.92,46.19,44.05,45.61,104774
2023-01-11,45.45,46.75,44.65,44.86,114445
2023-01-12,44.86,46.02,44.01,45.05,85074
2023-01-13,45.67,46.57,44.81,44.81,111196
2023-01-16,45.19,45.19,43.31,43.49,135948
2023-01-17,43.47,43.9,43.09,43.64,71672
2023-01-18,43.83,43.95,43.19,43.4,57775
2023-01-19,43.43,43.6,42.64,42.98,68634
2023-01-20,42.98,43.67,42.55,43.49,77531
2023-01-30,47.4,47.96,47.3,47.96,57006
2023-01-31,48.19,49.07,46.82,47.8,183751
2023-02-01,48.44,50.18,47.74,48.97,156615
2023-02-02,49.12,49.53,48.27,48.32,63562
2023-02-03,48.3,48.51,46.21,47.35,86545
2023-02-06,47.05,48.14,46.03,46.57,94089
2023-02-07,46.76,48.62,46.26,47.76,133161
2023-02-08,47.67,48.54,46.94,48.16,67798
2023-02-09,48.0,49.89,47.67,49.01,106616
2023-02-10,48.94,49.45,48.27,48.79,69183
2023-02-13,48.09,49.09,47.54,48.26,74755
2023-02-14,48.01,49.04,47.54,47.83,53384
2023-02-15,48.43,48.94,47.05,47.54,53946
2023-02-16,47.74,47.89,46.78,47.26,57482
2023-02-17,47.26,47.67,46.29,46.62,46130
2023-02-20,46.36,46.61,45.06,45.39,115576
2023-02-21,45.4,46.71,44.19,46.01,81101
2023-02-22,45.67,46.05,45.14,45.47,50198
2023-02-23,45.48,45.8,45.16,45.41,29584
2023-02-24,45.23,45.54,44.59,44.92,32657
2023-02-27,44.65,45.32,44.23,44.95,47246
2023-02-28,45.39,45.79,44.64,44.99,51965
2023-03-01,44.95,45.05,43.62,44.07,84031
2023-03-02,43.61,43.85,41.12,41.67,178372
2023-03-03,41.65,42.08,40.76,40.85,108705
2023-03-06,40.97,41.04,39.39,40.5,141813
2023-03-07,40.5,40.5,39.26,39.3,95974
2023-03-08,39.3,39.56,38.92,39.21,52890
2023-03-09,39.19,39.33,38.39,38.52,77165
2023-03-10,38.15,38.37,36.09,36.2,214627
2023-03-13,36.23,36.92,36.23,36.65,100454
2023-03-14,36.71,37.32,34.92,36.7,158124
2023-03-15,37.07,38.74,36.63,36.81,130891
2023-03-16,36.67,37.16,35.87,35.88,63549
2023-03-17,36.34,36.43,35.35,35.61,59296
2023-03-20,35.6,37.7,34.87,36.99,114969
2023-03-21,36.91,39.1,36.8,38.9,191005
2023-03-22,39.52,40.9,39.05,39.33,181618
2023-03-23,39.13,39.45,38.01,38.49,104232
2023-03-24,38.22,38.92,37.9,38.54,73047
2023-03-27,38.3,39.58,37.54,38.57,117837
2023-03-28,38.92,42.3,38.92,41.81,239163
2023-03-29,41.78,44.3,41.55,44.01,214110
2023-03-30,43.33,43.61,42.61,42.92,94493
2023-03-31,43.26,44.12,42.65,43.0,75587
2023-04-03,42.71,43.0,40.79,40.93,183737
2023-04-04,40.85,40.85,36.88,39.41,322566
2023-04-06,38.5,39.46,38.1,38.66,83994
2023-04-07,38.32,40.27,38.24,39.47,88509
2023-04-10,39.49,39.49,37.0,38.63,144529
2023-04-11,38.73,39.18,38.09,38.85,84867
2023-04-12,38.96,39.21,37.95,38.43,70692
2023-04-13,38.36,38.68,37.64,37.96,82624
2023-04-14,37.91,40.14,37.91,39.34,123719
2023-04-17,39.88,40.76,39.27,39.54,88004
2023-04-18,39.81,40.2,38.3,38.43,102019
2023-04-19,38.51,38.74,36.49,37.36,150416
2023-04-20,37.19,37.19,35.81,36.32,94829
2023-04-21,36.2,36.2,34.42,34.54,174350
2023-04-24,34.39,35.94,33.34,34.99,124481
2023-04-25,34.86,34.95,33.22,33.74,124575
2023-04-26,33.75,35.74,33.75,34.79,137930
2023-04-27,34.64,35.38,34.25,34.76,72559
2023-04-28,35.05,35.22,33.26,33.67,96425
2023-05-04,33.68,34.81,33.47,34.06,90161
2023-05-05,33.99,33.99,33.09,33.17,73480
2023-05-08,33.4,34.12,33.04,33.21,71786
2023-05-09,33.09,33.39,32.5,32.9,64705
2023-05-10,32.72,35.43,32.67,35.27,195044
2023-05-11,35.26,37.45,35.26,36.18,203312
2023-05-12,36.21,36.87,35.1,35.19,79018
2023-05-15,35.19,36.92,34.97,36.54,107342
2023-05-16,36.53,36.99,35.92,36.09,60451
2023-05-17,36.46,36.93,35.55,35.83,59479
2023-05-18,36.49,38.73,36.49,37.65,200134
2023-05-19,37.61,37.8,36.71,36.96,86641
2023-05-22,37.41,39.61,37.41,38.34,212983
2023-05-23,38.23,39.25,37.8,37.94,87606
2023-05-24,37.76,38.68,37.32,37.74,81563
2023-05-25,37.55,38.16,36.83,37.47,53560
2023-05-26,38.36,40.73,37.28,39.98,178492
2023-05-29,40.16,40.71,38.32,39.45,161486
2023-05-30,39.48,40.67,38.97,40.16,159044
2023-05-31,39.95,40.0,37.54,38.87,147965
2023-06-01,38.97,38.97,37.1,38.02,126223
2023-06-02,37.82,41.24,37.8,40.19,186879
2023-06-05,40.54,42.57,39.82,42.05,187275
2023-06-06,42.03,42.5,41.12,41.51,77461
2023-06-07,41.27,41.83,40.78,40.87,72230
2023-06-08,41.05,41.96,40.94,41.16,61720
2023-06-09,41.54,43.12,41.54,42.9,108495
2023-06-12,42.23,47.32,42.23,45.95,184491
2023-06-13,46.36,48.34,45.18,46.01,131103
2023-06-14,46.01,46.71,44.99,45.48,106682
2023-06-15,46.13,50.15,45.54,48.96,164732
2023-06-16,48.79,51.47,48.71,51.33,149733
2023-06-19,50.57,53.85,50.57,52.57,142920
2023-06-20,52.43,56.3,51.72,54.78,214125
2023-06-21,55.33,57.27,52.57,53.05,202667
2023-06-26,52.71,54.75,50.82,51.47,213161
2023-06-27,51.51,51.92,49.82,51.19,160777
2023-06-28,51.19,52.21,49.15,51.07,170689
2023-06-29,51.07,54.98,50.91,53.93,218747
2023-06-30,53.36,54.88,53.11,54.43,133290
2023-07-03,54.64,56.71,51.11,51.47,211551
2023-07-04,52.58,54.72,51.4,53.72,155221
2023-07-05,53.33,55.52,52.41,52.85,147419
2023-07-06,52.5,53.39,51.38,52.5,140323
2023-07-07,52.25,52.36,50.08,50.38,154258
2023-07-10,50.48,51.41,48.23,48.99,211299
2023-07-11,49.63,52.09,48.78,51.72,183503
2023-07-12,51.85,52.45,49.9,49.99,111593
2023-07-13,50.41,50.85,49.35,50.12,91922
2023-07-14,49.54,51.66,49.54,50.3,120805
2023-07-17,50.96,51.09,48.37,50.13,90953
2023-07-18,50.13,52.53,49.59,51.79,177297
2023-07-19,51.44,51.91,50.64,51.44,92148
2023-07-20,51.38,51.44,48.36,48.55,182560
2023-07-21,48.41,49.06,47.65,48.16,93111
2023-07-24,48.54,49.26,48.06,48.26,56728
2023-07-25,49.44,50.34,47.93,49.59,114509
2023-07-26,49.59,49.59,47.49,47.84,71133
2023-07-27,49.1,50.16,47.86,47.91,93446
2023-07-28,47.93,49.17,46.89,48.46,79062
2023-07-31,48.06,50.64,47.79,49.73,104513
2023-08-01,49.44,50.03,47.9,48.32,82212
2023-08-02,48.33,49.37,47.79,48.26,56017
2023-08-03,47.79,48.37,46.86,47.37,87971
2023-08-04,47.68,49.37,46.22,48.75,133298
2023-08-07,48.74,51.1,48.49,49.95,131794
2023-08-08,49.93,50.82,49.35,49.6,86605
2023-08-09,49.48,49.48,47.93,49.24,67669
2023-08-10,49.1,49.61,48.01,48.61,48715
2023-08-11,48.85,49.03,47.64,47.64,56803
2023-08-14,47.11,47.71,44.96,47.48,128133
2023-08-15,47.99,48.06,46.21,46.75,63650
2023-08-16,46.13,47.35,45.77,45.86,48502
2023-08-17,45.72,47.55,44.96,46.61,101778
2023-08-18,46.57,46.89,45.2,45.34,53240
2023-08-21,44.99,45.34,44.34,44.4,53959
2023-08-22,45.77,46.68,44.53,46.38,112972
2023-08-23,46.75,46.75,45.41,45.41,58232
2023-08-24,45.85,48.81,45.45,48.01,112488
2023-08-25,47.72,47.72,45.58,46.41,104366
2023-08-28,49.24,49.24,44.53,45.3,143462
2023-08-29,45.64,49.93,45.64,49.93,152987
2023-08-30,52.89,54.96,52.2,53.2,435495
2023-08-31,53.24,53.79,52.55,52.83,217516
2023-09-01,52.89,53.57,50.95,52.39,208626
2023-09-04,52.41,52.72,50.34,51.65,182664
2023-09-05,51.39,52.55,50.64,50.94,116238
2023-09-06,50.47,51.39,50.47,50.93,108265
2023-09-07,50.55,50.74,49.73,49.8,78772
2023-09-08,49.55,51.2,49.44,50.24,111544
2023-09-11,49.93,51.49,49.25,50.59,99139
2023-09-12,51.93,52.38,50.51,51.12,103475
2023-09-13,50.55,50.92,49.37,49.99,66431
2023-09-14,49.3,50.22,48.52,48.73,67460
2023-09-15,48.84,49.57,48.44,48.87,59535
2023-09-18,48.86,50.89,48.46,50.2,96306
2023-09-19,49.66,51.4,49.51,50.35,66212
2023-09-20,50.27,50.46,48.95,49.15,53589
2023-09-21,49.06,49.19,47.81,48.03,87418
2023-09-22,47.86,49.26,47.72,49.0,66306
2023-09-25,51.51,51.89,49.82,49.86,95117
2023-09-26,50.01,51.13,49.27,50.54,70048
2023-09-27,50.5,51.37,49.77,50.34,88302
2023-09-28,50.33,50.73,49.66,50.22,76933
2023-10-09,50.96,51.84,50.44,51.08,71801
2023-10-10,51.09,51.19,49.38,49.95,78190
2023-10-11,49.95,49.99,48.89,49.13,71843
2023-10-12,49.17,49.98,47.21,47.28,117563
2023-10-13,46.88,47.14,42.46,43.51,355119
2023-10-16,44.16,46.73,43.21,46.0,247526
2023-10-17,45.37,45.65,44.57,44.95,100246
2023-10-18,44.27,45.64,44.17,44.68,76180
2023-10-19,43.88,44.28,42.68,43.28,83274
2023-10-20,42.61,43.02,41.97,42.18,78603
2023-10-23,41.92,42.1,40.33,40.73,70651
2023-10-24,41.17,42.76,40.89,41.93,129018
2023-10-25,42.2,43.97,42.2,42.33,91872
2023-10-26,42.12,43.22,41.06,42.69,78819
2023-10-27,42.54,43.15,41.99,42.48,81708
2023-10-30,42.26,44.61,41.64,44.12,146291
2023-10-31,43.24,44.23,42.89,43.54,128588
2023-11-01,43.57,44.82,43.17,43.99,80186
2023-11-02,44.01,44.73,43.3,43.38,49782
2023-11-03,44.82,46.32,43.89,45.44,114921
2023-11-06,45.69,48.46,45.1,48.13,130649
2023-11-07,47.96,48.96,47.44,47.82,69286
2023-11-08,47.57,48.9,47.35,48.17,76082
2023-11-09,48.01,49.09,47.51,48.37,65676
2023-11-10,47.94,48.23,46.47,47.24,77346
2023-11-13,47.15,47.86,46.26,46.55,70939
2023-11-14,46.68,47.72,46.68,47.45,63782
2023-11-15,48.41,49.1,47.17,48.07,81756
2023-11-16,48.54,49.46,47.99,48.05,79551
2023-11-17,47.76,49.37,47.57,49.37,66462
2023-11-20,49.37,50.34,48.83,50.21,72600
2023-11-21,50.13,50.13,48.75,48.86,63693
2023-11-22,48.39,48.86,47.82,47.86,62262
2023-11-23,47.68,51.34,47.58,50.33,137181
2023-11-24,50.0,50.26,49.08,49.17,55063
2023-11-27,48.92,49.92,48.5,49.64,47164
2023-11-28,49.48,49.89,48.97,49.38,48089
2023-11-29,49.36,50.63,49.03,49.65,60775
2023-11-30,49.86,50.06,49.03,49.92,51128
2023-12-01,49.63,49.63,48.34,49.06,50115
2023-12-04,48.68,49.5,48.04,49.12,57747
2023-12-05,48.91,48.93,47.37,47.37,54375
2023-12-06,47.1,48.34,46.7,47.7,57443
2023-12-07,47.93,48.41,47.22,47.8,42364
2023-12-08,47.77,48.41,46.89,47.65,54575
2023-12-11,47.36,50.75,47.17,50.7,102533
2023-12-12,50.41,50.7,49.58,49.93,40962
2023-12-13,49.7,52.86,48.67,51.67,141672
2023-12-14,51.19,52.47,51.16,51.27,63827
2023-12-15,51.37,51.6,50.13,50.13,62472
2023-12-18,50.51,51.17,49.59,50.35,45890
2023-12-19,50.37,51.15,49.51,50.7,46847
2023-12-20,50.78,51.35,48.77,49.0,66384
2023-12-21,48.67,49.8,48.19,49.59,62694
2023-12-22,50.0,50.48,49.15,49.75,56613
2023-12-25,49.27,50.44,49.14,50.07,31764
2023-12-26,49.98,50.13,48.08,49.36,46766
2023-12-27,49.28,49.8,48.61,48.75,38069
2023-12-28,49.03,49.36,48.29,48.89,73086
2023-12-29,48.68,49.86,48.61,49.79,61226
2024-01-02,49.79,49.99,47.21,47.21,89241
2024-01-03,47.03,47.17,45.31,46.61,134346
2024-01-04,46.55,46.6,45.22,46.06,107048
2024-01-05,46.68,46.84,44.83,45.08,86813
2024-01-08,44.6,44.6,43.03,43.26,118221
2024-01-09,43.58,44.13,42.19,42.39,123722
2024-01-10,41.86,42.9,41.52,42.67,106025
2024-01-11,42.58,43.68,41.68,43.19,91409
2024-01-12,42.96,44.53,42.89,43.24,91490
2024-01-15,42.89,43.44,42.2,42.53,65096
2024-01-16,42.34,43.06,41.74,42.31,60634
2024-01-17,41.85,41.85,39.07,39.1,213128
2024-01-18,39.03,40.95,38.27,40.88,170675
2024-01-19,40.01,40.78,39.01,39.22,124665
2024-01-22,39.1,39.48,36.81,37.38,117951
2024-01-23,37.38,38.57,36.7,38.21,91694
2024-01-24,38.34,38.54,36.96,38.02,78993
2024-01-25,37.45,37.45,34.82,35.79,256988
2024-01-26,34.38,35.03,33.86,34.07,234966
2024-01-29,34.22,34.46,32.61,32.76,151898
2024-01-30,32.96,34.26,32.42,33.15,148787
2024-01-31,33.0,33.78,32.44,32.71,141286
2024-02-01,32.68,34.48,32.17,33.21,153377
2024-02-02,33.33,33.77,30.74,31.64,144634
2024-02-05,30.84,31.35,28.96,30.28,229253
2024-02-06,30.13,32.55,29.61,32.48,257385
2024-02-07,32.3,34.17,31.86,33.24,234150
2024-02-08,33.24,35.37,32.8,35.17,184822
2024-02-19,35.65,35.65,32.08,32.72,250262
2024-02-20,32.2,32.44,30.34,32.1,288431
2024-02-21,31.08,35.41,30.97,34.52,308298
2024-02-22,33.91,35.7,33.67,35.06,200101
2024-02-23,35.64,38.65,35.51,38.65,283161
2024-02-26,40.48,41.06,39.13,39.63,305636
2024-02-27,39.36,40.81,38.7,40.5,188625
2024-02-28,40.05,40.68,38.01,38.16,198798
2024-02-29,37.67,39.66,37.59,39.59,161366
2024-03-01,39.24,39.86,38.56,39.39,137305
2024-03-04,39.1,39.7,38.39,39.65,130129
2024-03-05,38.89,38.95,37.66,38.18,170050
2024-03-06,37.79,39.49,37.27,38.55,141927
2024-03-07,39.03,39.35,36.76,36.83,159556
2024-03-08,36.84,37.34,36.35,36.92,103573
2024-03-11,37.06,39.44,37.01,39.44,193541
2024-03-12,39.79,41.72,39.38,40.66,213656
2024-03-13,40.68,42.0,40.27,40.66,154830
2024-03-14,40.84,42.55,40.5,41.87,165005
2024-03-15,41.17,41.69,40.21,41.17,134363
2024-03-18,42.01,42.98,41.34,42.31,129328
2024-03-19,42.33,42.64,41.48,41.53,88274
2024-03-20,41.17,41.51,40.3,40.59,113865
2024-03-21,40.39,41.33,39.79,41.01,131000
2024-03-22,40.75,42.55,40.2,42.3,139543
2024-03-25,41.81,43.93,41.61,41.66,177614
2024-03-26,41.23,42.73,40.34,42.41,150955
2024-03-27,42.55,42.57,40.55,40.59,118591
2024-03-28,40.45,43.36,40.39,43.21,181858
2024-03-29,44.62,44.93,41.85,42.68,166189
2024-04-01,42.44,44.26,42.16,42.95,126374
2024-04-02,42.99,43.09,41.28,41.55,108403
2024-04-03,40.89,40.89,38.46,39.58,186236
2024-04-08,38.73,39.44,38.06,38.27,114028
2024-04-09,38.18,39.98,38.13,39.7,109367
2024-04-10,39.44,40.39,39.11,40.21,108968
2024-04-11,39.9,40.04,38.21,38.4,118587
2024-04-12,38.13,38.66,36.96,37.03,105220
2024-04-15,36.96,37.78,36.75,37.24,88289
2024-04-16,36.55,37.08,34.97,35.99,154360
2024-04-17,35.99,37.13,35.99,36.58,109373
2024-04-18,36.34,37.97,34.77,37.27,178561
2024-04-19,36.34,36.64,35.31,35.44,110148
2024-04-22,34.96,35.33,34.2,34.61,112731
2024-04-23,35.15,37.1,34.2,36.34,173281
2024-04-24,38.06,39.44,37.76,38.66,232190
2024-04-25,38.99,38.99,38.2,38.53,101786
2024-04-26,38.57,40.41,38.57,40.33,150474
2024-04-29,42.76,44.46,41.58,43.61,294322
2024-04-30,43.46,44.26,42.46,42.48,154666
2024-05-06,43.24,43.92,42.31,42.45,137005
2024-05-07,42.82,43.26,41.79,43.04,115270
2024-05-08,42.5,42.65,40.93,41.08,102149
2024-05-09,41.08,41.62,40.77,41.41,73857
2024-05-10,41.38,41.38,39.55,39.66,141950
2024-05-13,39.17,40.72,38.57,39.82,100165
2024-05-14,40.33,41.18,40.24,40.37,87359
2024-05-15,40.39,41.29,39.86,40.04,67175
2024-05-16,40.1,40.63,39.34,40.48,104832
2024-05-17,40.0,41.51,39.68,41.3,104521
2024-05-20,41.41,42.08,41.11,41.75,85720
2024-05-21,41.29,41.3,39.59,39.98,137801
2024-05-22,40.48,40.96,39.81,40.31,74901
2024-05-23,39.79,40.36,39.23,39.31,61848
2024-05-24,39.18,39.18,38.06,38.06,98660
2024-05-27,38.39,38.52,37.46,38.33,71628
2024-05-28,38.44,38.86,37.72,38.35,59325
2024-05-29,38.34,38.53,37.58,38.2,59110
2024-05-30,37.93,38.81,37.73,38.2,66295
2024-05-31,38.2,39.92,38.07,38.81,114519
2024-06-03,38.97,40.95,38.94,40.48,150608
2024-06-04,40.64,40.86,40.1,40.37,74843
2024-06-05,40.41,41.17,40.15,40.25,66063
2024-06-06,40.48,40.59,38.42,38.6,147586
2024-06-07,38.86,39.1,37.8,38.44,92404
2024-06-11,38.1,39.41,37.82,39.27,76397
2024-06-12,39.29,39.9,39.03,39.38,62126
2024-06-13,39.27,41.93,38.97,41.42,172174
2024-06-14,40.51,40.55,38.93,39.77,134056
2024-06-17,39.44,39.77,38.81,39.6,110471
2024-06-18,39.99,41.64,39.93,41.2,148715
2024-06-19,41.15,41.2,40.19,40.23,87948
2024-06-20,39.82,40.04,39.14,39.15,74710
2024-06-21,39.1,39.75,38.68,39.64,59069
2024-06-24,39.24,39.74,38.82,38.86,62271
2024-06-25,38.86,39.44,37.93,38.67,76327
2024-06-26,38.67,38.67,36.81,37.69,114221
2024-06-27,37.37,37.49,36.06,36.12,89168
2024-06-28,36.15,36.93,35.93,36.07,82680
2024-07-01,36.07,36.31,35.2,35.86,82091
2024-07-02,36.96,37.5,36.44,36.55,99681
2024-07-03,37.71,38.72,36.9,37.09,136733
2024-07-04,38.33,39.24,38.07,38.21,184422
2024-07-05,37.72,37.81,36.34,37.11,115916
2024-07-08,37.19,37.22,35.92,36.26,66666
2024-07-09,36.27,38.75,35.71,38.57,141538
2024-07-10,38.68,41.11,38.6,40.57,195361
2024-07-11,40.93,41.37,40.13,40.55,99237
2024-07-12,39.44,40.03,38.65,39.73,116958
2024-07-15,39.79,40.41,39.06,39.32,75269
2024-07-16,39.14,40.4,39.01,40.39,82521
2024-07-17,40.39,40.39,39.26,39.46,63349
2024-07-18,39.04,39.46,38.61,38.88,72971
2024-07-19,38.88,40.05,38.34,38.71,102108
2024-07-22,38.38,39.77,38.38,39.09,94604
2024-07-23,40.48,40.78,37.46,37.6,179934
2024-07-24,36.28,36.92,34.67,34.89,255018
2024-07-25,34.29,34.88,33.69,34.14,127472
2024-07-26,34.83,34.86,32.95,33.93,299427
2024-07-29,33.93,33.97,32.88,33.45,173103
2024-07-30,33.63,36.16,33.38,34.86,262557
2024-07-31,34.49,36.5,34.3,36.09,212745
2024-08-01,36.12,36.68,35.48,35.67,141195
2024-08-02,35.23,36.06,33.91,34.09,181678
2024-08-05,33.75,34.58,32.95,33.07,171473
2024-08-06,33.63,34.14,33.1,34.14,165184
2024-08-07,34.03,34.47,33.58,33.84,100732
2024-08-08,33.6,34.17,33.12,33.81,95739
2024-08-09,33.99,34.28,33.56,33.58,86034
2024-08-12,33.45,33.48,32.36,33.23,167292
2024-08-13,33.24,33.72,32.49,33.16,129382
2024-08-14,33.28,33.28,32.23,32.23,112252
2024-08-15,32.21,33.83,31.94,33.44,213016
2024-08-16,33.45,33.66,33.03,33.15,87729
2024-08-19,33.14,33.68,32.71,32.84,78604
2024-08-20,32.73,33.0,31.89,32.14,95586
2024-08-21,31.99,32.59,31.71,32.02,84494
2024-08-22,32.0,32.01,31.02,31.15,142012
2024-08-23,31.1,31.46,30.84,31.17,73016
2024-08-26,31.38,31.78,31.12,31.23,73748
2024-08-27,31.01,31.15,30.2,30.54,89663
2024-08-28,30.35,31.01,30.17,30.99,85477
2024-08-29,30.69,32.69,30.34,32.27,194160
2024-08-30,32.25,33.64,31.89,33.14,229735
2024-09-02,32.89,33.16,31.31,31.31,140932
2024-09-03,31.35,32.85,31.16,32.5,187246
2024-09-04,32.18,33.62,32.09,33.11,174392
2024-09-05,33.46,34.97,33.45,34.43,252185
2024-09-06,34.86,35.17,34.12,34.44,178931
2024-09-09,33.78,35.08,33.74,34.57,117241
2024-09-10,34.48,35.48,34.29,34.88,153904
2024-09-11,34.84,35.94,34.69,35.59,132065
2024-09-12,35.6,35.66,34.79,34.86,122344
2024-09-13,34.77,35.38,34.53,34.54,76931
2024-09-18,34.45,35.28,33.9,35.08,121913
2024-09-19,34.99,35.98,34.54,35.23,163352
2024-09-20,35.93,36.62,35.58,35.91,153741
2024-09-23,36.16,36.78,35.55,35.87,119260
2024-09-24,36.48,37.06,35.17,36.86,178782
2024-09-25,37.6,37.96,36.88,37.05,172726
2024-09-26,36.94,39.43,36.78,39.43,205579
2024-09-27,39.78,42.01,39.68,41.53,116123
2024-09-30,43.63,45.74,42.96,45.74,302683
2024-10-08,50.37,50.37,45.35,49.08,448584
2024-10-09,47.46,50.46,46.1,47.44,389726
2024-10-10,47.41,48.66,44.75,46.05,360446
2024-10-11,45.88,46.45,43.17,44.05,353041
2024-10-14,43.16,44.38,41.43,43.39,465347
2024-10-15,43.38,43.38,41.5,41.54,253926
2024-10-16,40.78,41.51,40.13,41.07,227528
2024-10-17,41.34,41.97,41.1,41.17,178835
2024-10-18,41.08,45.34,40.48,44.58,356686
2024-10-21,44.62,44.93,43.36,43.42,267786
2024-10-22,43.38,45.48,42.87,44.16,261696
2024-10-23,44.18,45.56,43.58,44.48,208835
2024-10-24,45.8,47.75,44.88,45.09,357460
2024-10-25,47.18,47.22,45.48,45.86,229570
2024-10-28,45.13,45.87,43.98,45.87,170602
2024-10-29,46.08,46.57,44.94,45.07,180301
2024-10-30,44.98,45.48,43.62,44.44,161725
2024-10-31,44.45,44.48,42.71,43.01,235765
2024-11-01,42.6,43.18,42.17,42.39,147109
2024-11-04,43.48,45.47,43.18,43.93,272564
2024-11-05,44.0,45.08,42.68,44.52,280859
2024-11-06,44.73,49.02,44.73,47.8,681289
2024-11-07,48.47,49.73,47.28,49.29,514850
2024-11-08,49.28,54.26,48.81,52.16,473577
2024-11-11,53.36,57.43,52.37,57.43,400213
2024-11-12,59.15,59.15,56.07,56.79,466350
2024-11-13,55.28,55.48,51.48,52.94,505583
2024-11-14,52.94,55.14,52.48,53.14,381142
2024-11-15,51.49,52.66,50.48,50.57,300724
2024-11-18,50.59,52.36,49.99,50.42,218729
2024-11-19,51.36,53.36,51.01,52.78,284824
2024-11-20,51.98,53.87,51.78,52.35,274815
2024-11-21,51.85,52.61,51.01,52.61,192277
2024-11-22,52.47,54.98,52.22,52.62,365203
2024-11-25,53.01,54.27,50.76,52.18,258936
2024-11-26,50.49,50.5,48.48,48.7,365974
2024-11-27,48.58,50.33,48.08,50.18,194868
2024-11-28,49.56,49.97,48.58,48.77,147159
2024-11-29,48.98,52.04,48.73,51.78,265453
2024-12-02,51.78,53.98,50.88,52.52,271183
2024-12-03,52.78,53.54,51.86,52.5,157560
2024-12-04,52.18,54.77,51.71,53.22,286071
2024-12-05,53.14,55.56,53.06,53.86,303069
2024-12-06,53.78,54.66,52.09,53.85,225349
2024-12-09,54.07,55.07,52.38,53.06,281759
2024-12-10,54.48,55.98,53.13,54.16,307809
2024-12-11,53.95,53.98,51.48,52.04,317588
2024-12-12,52.68,53.33,51.55,52.21,207351
2024-12-13,51.58,52.21,50.88,51.03,166440
2024-12-16,50.92,51.26,48.98,49.65,240572
2024-12-17,50.23,50.98,49.39,49.63,184632
2024-12-18,50.03,50.09,49.0,49.62,128110
2024-12-19,48.96,50.92,48.54,50.53,161390
2024-12-20,50.38,51.47,50.13,50.29,135451
2024-12-23,50.0,50.57,48.77,48.86,184720
2024-12-24,49.27,49.83,48.94,49.68,121209
2024-12-25,50.04,51.06,49.67,49.89,126526
2024-12-26,49.88,52.47,49.48,51.74,284507
2024-12-27,51.48,51.84,50.36,50.51,158845
2024-12-30,50.51,50.86,49.6,49.75,129059
2024-12-31,49.78,50.08,48.48,48.48,149295
2025-01-02,48.48,48.93,46.68,47.17,198147
2025-01-03,47.25,47.44,45.51,45.58,168614
2025-01-06,45.87,46.73,45.68,46.01,133029
2025-01-07,46.75,47.44,45.78,47.22,132895
2025-01-08,46.99,47.61,46.14,47.42,165443
2025-01-09,47.38,51.64,46.89,50.86,375174
2025-01-10,50.86,55.97,50.6,52.48,616041
2025-01-13,51.48,54.98,51.36,52.58,464228
2025-01-14,51.91,57.48,51.66,57.48,465947
2025-01-15,56.53,56.98,55.19,55.73,357233
2025-01-16,56.45,56.52,54.6,55.36,283577
2025-01-17,55.73,55.73,53.73,54.85,237221
2025-01-20,55.98,57.25,55.44,56.01,234433
2025-01-21,56.99,61.66,56.16,61.66,394605
2025-01-22,62.9,66.14,61.86,63.91,645205
2025-01-23,64.47,65.58,62.48,63.3,384715
2025-01-24,63.14,67.48,62.28,65.01,425261
2025-01-27,65.99,67.17,64.48,65.15,311916
2025-02-05,66.48,69.87,64.66,67.42,455587
2025-02-06,66.48,74.21,66.18,74.21,496030
2025-02-07,74.38,75.69,70.94,72.69,531405
2025-02-10,71.47,71.98,67.48,69.37,587636
2025-02-11,68.21,70.28,67.64,69.17,355889
2025-02-12,67.48,69.81,65.51,68.98,372523
2025-02-13,69.1,71.08,68.18,68.38,414006
2025-02-14,69.22,69.22,66.72,68.2,360553
2025-02-17,68.2,70.31,67.34,70.07,418688
2025-02-18,70.03,70.35,68.36,68.67,274815
2025-02-19,68.78,73.34,68.37,72.67,467277
2025-02-20,71.48,74.23,70.64,71.68,360607
2025-02-21,71.45,74.43,70.91,72.63,369066
2025-02-24,72.68,73.74,69.78,70.86,360944
2025-02-25,69.28,72.16,68.68,71.57,294202
2025-02-26,70.13,75.68,69.84,71.98,439122
2025-02-27,71.03,71.84,65.15,66.49,700048
2025-02-28,66.49,66.49,62.48,62.64,529197
2025-03-03,62.64,63.48,60.96,61.52,356244
2025-03-04,61.47,63.25,60.69,61.76,298919
2025-03-05,61.48,62.58,61.05,61.74,249273
2025-03-06,62.44,63.52,62.18,63.01,373915
2025-03-07,62.78,64.82,62.34,63.41,490447
2025-03-10,64.18,64.64,62.02,62.57,319073
2025-03-11,60.3,61.12,58.48,59.41,578866
2025-03-12,59.84,59.92,58.57,59.06,292544
2025-03-13,59.28,59.57,56.99,57.46,286063
2025-03-14,57.08,63.26,56.79,63.26,581843
2025-03-17,63.58,63.58,60.98,61.39,541386
2025-03-18,61.53,61.63,59.88,60.28,360324
2025-03-19,59.88,60.71,58.75,59.45,325686
2025-03-20,59.71,62.51,58.79,60.81,570190
2025-03-21,59.99,60.95,57.63,57.98,434009
2025-03-24,57.99,59.33,57.28,58.63,309002
2025-03-25,59.81,60.15,57.06,57.41,331914
2025-03-26,57.02,59.48,57.01,58.16,278576
2025-03-27,57.49,60.26,57.08,59.07,405372
2025-03-28,58.88,59.33,58.25,58.51,208284
2025-03-31,57.91,58.69,55.81,57.25,324950
2025-04-01,57.56,58.05,56.73,56.86,176018
2025-04-02,56.9,58.27,56.9,57.92,239517
2025-04-03,57.08,58.67,55.98,56.09,261106
2025-04-07,50.48,51.5,50.43,50.43,127935
2025-04-08,47.88,48.38,45.34,45.34,508779
2025-04-09,42.98,45.66,41.91,45.03,751276
2025-04-10,48.38,49.59,47.64,47.67,575476
2025-04-11,47.38,49.86,46.95,49.02,405300
2025-04-14,50.2,50.22,48.34,48.55,292595
2025-04-15,49.48,50.7,47.79,48.04,308703
2025-04-16,48.42,48.42,45.5,46.35,350379
2025-04-17,46.24,47.27,46.13,46.4,189542
2025-04-18,46.58,46.76,45.96,46.43,117487
2025-04-21,46.08,50.03,45.88,49.61,357411
2025-04-22,49.38,49.6,48.41,48.44,215631
2025-04-23,50.48,51.59,49.83,51.27,497409
2025-04-24,51.28,51.55,50.24,50.44,280329
2025-04-25,50.68,51.68,49.98,50.79,278169
2025-04-28,50.79,51.58,49.99,50.1,221658
2025-04-29,50.14,51.38,49.81,50.87,211677
2025-04-30,49.2,52.02,48.98,51.73,486252
2025-05-06,52.48,53.64,52.32,52.89,355915
2025-05-07,54.48,55.03,51.33,51.93,325978
2025-05-08,51.49,52.26,51.15,51.86,216198
2025-05-09,51.88,51.95,49.98,50.36,231110
2025-05-12,52.48,53.14,51.9,53.01,436079
2025-05-13,54.08,54.47,52.59,52.76,379521
2025-05-14,53.26,53.28,52.05,52.84,229627
2025-05-15,52.71,52.84,50.66,50.92,241154
2025-05-16,50.49,53.32,50.48,52.1,350339
2025-05-19,51.98,52.08,50.19,50.59,238894
2025-05-20,50.58,51.45,49.38,51.01,205209
2025-05-21,50.82,51.09,49.83,50.55,191710
2025-05-22,50.28,51.14,50.01,50.33,149761
2025-05-23,50.23,52.67,50.09,50.81,375918
2025-05-26,50.88,51.07,49.58,49.73,221070
2025-05-27,49.53,49.71,48.49,48.56,172951
2025-05-28,48.96,49.18,48.36,48.42,133509
2025-05-29,48.88,50.76,48.7,50.08,259486
2025-05-30,49.87,49.89,48.75,48.78,150851
2025-06-03,48.79,48.97,47.84,47.94,200903
2025-06-04,47.96,48.83,47.72,48.51,132974
2025-06-05,48.63,49.64,48.02,49.48,193275
2025-06-06,48.28,48.28,44.98,47.63,361635
2025-06-09,47.44,47.62,46.84,47.06,282810
2025-06-10,47.48,47.63,46.14,46.63,191946
2025-06-11,47.23,47.73,46.99,47.48,212932
2025-06-12,47.28,48.03,47.01,47.47,164585
2025-06-13,47.1,47.55,46.22,46.4,244427
2025-06-16,46.29,46.75,46.04,46.41,147613
2025-06-17,45.8,46.13,45.12,45.29,204715
2025-06-18,45.1,47.0,44.52,46.31,271640
2025-06-19,46.41,48.14,46.2,46.82,341989
2025-06-20,46.47,46.81,45.18,45.35,171810
2025-06-23,44.66,45.14,43.69,44.13,272568
2025-06-24,44.98,47.19,44.98,47.1,386007
2025-06-25,47.13,47.89,46.57,47.86,238550
2025-06-26,47.78,48.04,46.88,47.01,209258
2025-06-27,48.1,48.29,46.61,46.72,233942
2025-06-30,46.84,47.7,46.58,47.25,187681
2025-07-01,47.0,47.19,46.38,46.5,172011
2025-07-02,46.0,46.15,45.05,45.32,235631
2025-07-03,45.53,46.17,45.12,45.26,191714
2025-07-04,45.35,45.57,44.73,44.89,169314
2025-07-07,44.58,44.6,43.56,43.81,225258
2025-07-08,43.64,44.43,43.44,44.32,169215
2025-07-09,44.67,45.18,43.88,43.91,185381
2025-07-10,43.9,44.07,43.3,43.33,215785
2025-07-11,43.51,44.81,43.45,44.16,305470
2025-07-14,44.4,44.76,44.0,44.61,233579
2025-07-15,44.76,47.18,44.61,46.71,515360
2025-07-16,46.8,49.8,46.75,48.35,632239
2025-07-17,48.15,49.25,48.03,49.12,407699
2025-07-18,49.28,49.3,48.59,48.95,276716
2025-07-21,49.41,50.3,48.68,49.16,342630
2025-07-22,48.88,49.13,48.16,48.4,269613
2025-07-23,48.08,48.62,47.77,48.12,188888
2025-07-24,47.9,49.48,47.8,48.9,272653
2025-07-25,48.41,48.44,46.8,47.16,426800
2025-07-28,47.58,48.91,47.5,47.66,294538
2025-07-29,47.82,48.28,47.39,47.59,213064
2025-07-30,47.39,47.48,46.3,46.56,251256
2025-07-31,46.56,47.37,45.9,46.04,273739
2025-08-01,46.04,46.87,45.31,45.7,209841
2025-08-04,45.4,47.33,45.2,47.32,295584
2025-08-05,47.5,47.57,46.56,47.06,213396
2025-08-06,47.11,48.66,46.8,48.02,407559
2025-08-07,48.2,48.55,47.18,47.8,271716
2025-08-08,47.54,47.62,46.58,46.61,226662
2025-08-11,46.64,47.16,46.6,46.68,222875
2025-08-12,47.04,48.1,47.04,47.31,308485
2025-08-13,47.35,48.11,46.88,47.95,356065
2025-08-14,47.98,48.25,46.41,46.81,376752
2025-08-15,46.61,49.07,46.58,48.85,592334
2025-08-18,49.1,50.35,48.4,49.81,562360
2025-08-19,49.88,54.79,49.27,54.79,1102592
2025-08-20,54.22,54.9,53.69,54.9,754923
2025-08-21,55.0,58.04,53.72,55.95,790986
2025-08-22,56.0,59.28,56.0,58.8,651276
2025-08-25,59.2,61.2,58.0,58.58,615250
2025-08-26,58.0,60.23,57.8,59.26,437529
2025-08-27,59.29,61.95,58.0,58.01,553805
2025-08-28,57.8,59.25,56.75,58.69,552950
2025-08-29,59.94,64.56,58.69,62.61,858783
2025-09-01,63.3,64.5,61.11,61.51,494035
2025-09-02,62.08,67.66,60.82,67.66,880702
2025-09-03,70.98,70.98,62.99,65.0,1024479
2025-09-04,64.9,65.72,60.5,61.78,743972
2025-09-05,61.0,63.94,60.8,63.39,521150
2025-09-08,65.98,69.73,65.9,68.19,867324
2025-09-09,66.0,72.45,65.47,69.65,881491
2025-09-10,70.0,73.37,68.77,69.14,992527
2025-09-11,68.0,68.34,65.56,68.31,1006458
2025-09-12,69.78,71.21,66.58,67.15,761030
2025-09-15,67.5,73.87,66.8,71.68,1189513
2025-09-16,73.2,78.72,71.73,77.18,1202126
2025-09-17,76.59,81.66,76.1,79.0,1001545
2025-09-18,81.7,86.88,78.25,81.55,1206708
2025-09-19,78.0,78.41,74.0,74.71,1002114
2025-09-22,75.14,77.38,74.94,76.33,572456
2025-09-23,76.0,77.95,74.39,76.84,631299
2025-09-24,75.0,76.55,73.5,76.18,535237
2025-09-25,77.8,78.6,75.0,77.86,564801
2025-09-26,75.99,78.12,74.47,74.68,482511
2025-09-29,75.5,81.63,75.4,80.52,762474
2025-09-30,79.68,81.7,79.05,80.99,509345
2025-10-09,78.0,81.3,76.28,79.5,518003
2025-10-10,78.7,79.98,72.23,72.8,627256
2025-10-13,68.0,69.93,67.1,69.18,588600
2025-10-14,70.5,70.9,64.45,64.94,486421
2025-10-15,64.94,69.64,63.77,68.16,632546
2025-10-16,65.72,69.2,65.6,68.24,439479
2025-10-17,67.8,68.2,65.38,65.68,322404
2025-10-20,67.37,69.2,66.18,68.07,393607
2025-10-21,68.2,71.4,66.86,70.02,480313
2025-10-22,69.25,74.0,69.25,71.1,578119
2025-10-23,68.5,69.5,67.51,68.71,432025
2025-10-24,69.89,71.79,67.99,70.65,449622
2025-10-27,71.4,71.63,67.81,70.05,549427
2025-10-28,70.21,72.83,69.5,71.45,778354
2025-10-29,70.2,75.0,70.15,73.76,617323
2025-10-30,74.0,74.29,70.09,70.26,527621
2025-10-31,69.0,75.88,68.79,73.78,868536
2025-11-03,75.0,75.78,72.71,74.05,554515
2025-11-04,74.0,74.5,68.49,69.15,623037
2025-11-05,67.0,69.5,67.0,68.87,303170
2025-11-06,70.0,72.24,69.58,72.04,465410
2025-11-07,70.5,70.84,67.07,68.1,637954
2025-11-10,67.5,67.5,62.98,63.58,624449
2025-11-11,63.81,64.34,62.02,63.43,384559
2025-11-12,63.58,64.01,61.8,62.13,297338
2025-11-13,61.83,63.18,61.66,62.28,258040
2025-11-14,61.0,62.99,60.51,61.17,255616
2025-11-17,60.66,62.0,60.11,61.21,208357
2025-11-18,61.06,61.66,60.6,60.94,184942
2025-11-19,60.92,61.27,60.18,60.47,149180
2025-11-20,60.8,61.1,59.68,59.82,168570
2025-11-21,58.3,61.68,58.3,60.32,391485
2025-11-24,60.34,61.99,59.09,61.35,290730
2025-11-25,62.25,62.94,61.3,61.58,279186
2025-11-26,61.2,63.69,60.6,62.81,342075
2025-11-27,62.8,63.85,62.06,62.27,255762
2025-11-28,62.35,63.4,61.33,63.01,265523
2025-12-01,63.8,66.27,63.27,65.9,462795
2025-12-02,65.6,65.9,63.72,64.28,263482
2025-12-03,64.7,65.66,64.24,64.53,208486
2025-12-04,67.99,68.5,65.77,66.7,575076
2025-12-05,66.87,68.0,66.12,68.0,302656
2025-12-08,67.76,68.98,66.85,68.7,358445
2025-12-09,67.0,68.35,66.58,67.48,277992
2025-12-10,67.52,68.88,67.05,68.46,268553
2025-12-11,68.46,70.83,68.28,69.59,446172
2025-12-12,69.01,69.96,68.0,69.1,435470
2025-12-15,68.35,69.34,67.9,68.28,229238
2025-12-16,68.71,69.51,67.0,67.0,230838
2025-12-17,67.4,70.48,67.3,69.15,315430
2025-12-18,68.14,70.98,67.17,68.45,275614
2025-12-19,69.0,71.1,69.0,69.27,317691
2025-12-22,70.0,71.0,68.66,70.35,373812
2025-12-23,70.26,70.26,69.03,69.44,198676
2025-12-24,69.4,69.49,68.2,69.18,175438
2025-12-25,69.22,72.45,69.22,71.83,361712
2025-12-26,71.49,72.22,70.56,71.29,257842
2025-12-29,71.32,73.5,70.81,71.95,312433
2025-12-30,71.5,78.78,71.12,77.88,535166
2025-12-31,77.89,80.8,76.01,77.18,485115
