date,open,high,low,close,volume
2015-01-05,19.04,20.73,18.95,20.34,711655
2015-01-06,19.86,20.07,19.34,19.62,453951
2015-01-07,19.41,19.87,19.07,19.77,359414
2015-01-08,19.79,20.04,19.06,19.13,315362
2015-01-09,19.02,19.76,18.67,18.69,368133
2015-01-12,18.49,18.65,17.7,17.91,274602
2015-01-13,17.78,18.15,17.7,17.87,153651
2015-01-14,17.89,18.08,17.26,17.46,189800
2015-01-15,17.69,18.19,17.52,18.18,231330
2015-01-16,17.99,18.44,17.87,18.17,258177
2015-01-19,17.3,17.69,16.21,16.58,349782
2015-01-20,16.49,17.05,16.49,16.9,219525
2015-01-21,16.88,17.56,16.77,17.5,270917
2015-01-22,17.44,17.83,17.32,17.66,240939
2015-01-23,17.63,17.84,17.38,17.48,208966
2015-01-26,17.43,17.67,17.19,17.64,212080
2015-01-27,17.64,17.74,17.26,17.63,204357
2015-01-28,17.58,17.73,17.39,17.5,174236
2015-01-29,17.2,17.52,17.12,17.47,144142
2015-01-30,17.39,17.61,17.09,17.15,135629
2015-02-02,17.27,17.39,16.78,16.84,165604
2015-02-03,17.11,17.26,16.89,17.23,155686
2015-02-04,17.44,17.54,16.97,16.99,224728
2015-02-05,17.18,17.24,16.53,16.55,240572
2015-02-06,16.55,16.71,15.93,16.14,176961
2015-02-09,16.07,16.39,15.99,16.2,112891
2015-02-10,16.22,16.43,16.17,16.37,113751
2015-02-11,16.48,16.52,16.27,16.29,103176
2015-02-12,16.31,16.34,15.94,16.32,172352
2015-02-13,16.44,16.75,16.39,16.62,199800
2015-02-16,16.65,16.83,16.59,16.76,129966
2015-02-17,16.76,17.02,16.75,16.93,146437
2015-02-25,17.14,17.38,17.02,17.16,240612
2015-02-26,17.18,17.33,16.91,17.3,188481
2015-02-27,17.19,17.56,17.1,17.39,220783
2015-03-02,17.39,17.42,17.19,17.38,200732
2015-03-03,17.36,17.41,17.09,17.11,239532
2015-03-04,17.12,17.63,17.1,17.54,221907
2015-03-05,17.49,17.54,17.29,17.44,154149
2015-03-06,17.43,17.48,17.29,17.32,141909
2015-03-09,17.2,17.45,16.89,17.39,192920
2015-03-10,17.36,17.49,17.3,17.35,161603
2015-03-11,17.29,17.49,17.11,17.17,158546
2015-03-12,17.24,17.49,17.01,17.46,196405
2015-03-13,17.49,17.61,17.39,17.48,192816
2015-03-16,17.49,17.88,17.42,17.87,284937
2015-03-17,17.88,18.3,17.77,18.29,362164
2015-03-18,18.33,18.61,18.14,18.47,325122
2015-03-19,18.46,18.67,18.23,18.33,329277
2015-03-20,18.32,18.59,18.25,18.47,383610
2015-03-23,18.58,18.78,18.47,18.68,344132
2015-03-24,18.68,18.68,18.05,18.28,352882
2015-03-25,18.19,19.29,18.14,19.11,508854
2015-03-26,18.99,21.2,18.87,21.05,1017065
2015-03-27,21.24,21.44,20.24,20.26,669163
2015-03-30,20.34,22.14,20.07,21.14,664530
2015-03-31,21.09,21.14,20.31,20.4,496320
2015-04-01,20.4,20.69,20.19,20.52,313564
2015-04-02,20.57,20.89,20.3,20.74,373865
2015-04-03,20.59,20.69,20.36,20.62,311778
2015-04-07,20.84,21.45,20.84,21.07,449238
2015-04-08,21.18,21.92,20.97,21.68,635174
2015-04-09,21.42,21.54,20.18,20.67,457425
2015-04-10,20.49,21.17,20.47,20.97,324677
2015-04-13,21.17,22.18,21.02,21.8,437901
2015-04-14,21.8,22.75,21.56,22.1,504017
2015-04-15,22.03,22.03,20.99,21.39,439508
2015-04-16,21.32,23.38,21.3,22.9,661296
2015-04-17,23.19,25.37,22.99,25.37,1153361
2015-04-20,25.36,27.27,24.81,25.38,1228393
2015-04-21,25.38,26.38,24.69,25.79,622674
2015-04-22,25.85,26.77,25.61,26.07,621046
2015-04-23,26.07,26.54,25.47,25.65,561445
2015-04-24,25.09,26.31,24.79,25.41,540120
2015-04-27,25.37,28.13,25.37,28.13,909387
2015-04-28,27.15,27.79,25.47,25.89,805215
2015-04-29,25.99,26.54,24.89,25.69,450311
2015-04-30,25.76,25.94,24.82,24.9,431375
2015-05-04,24.89,25.71,24.82,25.21,333686
2015-05-05,26.19,27.91,26.19,26.88,1288043
2015-05-06,27.42,27.78,24.89,25.66,890514
2015-05-07,24.9,25.35,23.19,23.21,556836
2015-05-08,23.44,23.78,22.77,23.75,449291
2015-05-11,23.97,24.43,23.49,24.29,453251
2015-05-12,24.31,24.64,23.97,24.6,457138
2015-05-13,24.59,24.59,23.97,24.08,394096
2015-05-14,23.89,24.61,23.28,24.19,415608
2015-05-15,23.99,23.99,23.2,23.27,292641
2015-05-18,23.14,23.94,22.99,23.31,238596
2015-05-19,23.31,24.29,23.24,24.22,352772
2015-05-20,24.24,24.79,24.01,24.12,441777
2015-05-21,23.94,24.56,23.94,24.54,349501
2015-05-22,25.09,25.75,24.72,25.67,545738
2015-05-25,25.69,26.68,25.49,26.37,556973
2015-05-26,26.37,26.59,25.79,26.46,500615
2015-05-27,26.56,27.14,26.42,26.71,541899
2015-05-28,26.6,26.61,23.86,23.86,565947
2015-05-29,23.78,24.16,22.34,23.35,383166
2015-06-01,23.44,24.6,23.2,24.57,364495
2015-06-02,24.97,26.37,24.66,25.67,408434
2015-06-03,25.66,26.17,24.7,25.29,384925
2015-06-04,25.29,26.19,23.7,26.17,494216
2015-06-05,26.99,27.78,26.24,27.62,821452
2015-06-08,27.67,29.73,26.89,29.05,835479
2015-06-09,28.79,29.44,28.09,28.64,568564
2015-06-10,28.2,28.86,27.93,28.26,419928
2015-06-11,28.29,28.42,27.29,27.74,391063
2015-06-12,27.79,30.06,27.34,29.36,645834
2015-06-15,29.04,29.58,27.7,28.06,445449
2015-06-16,27.75,27.75,26.17,26.44,387586
2015-06-17,26.21,27.14,25.57,26.91,330620
2015-06-18,26.69,28.0,26.05,26.17,392719
2015-06-19,25.46,26.55,24.37,24.45,395744
2015-06-23,24.7,27.03,22.82,26.72,431986
2015-06-24,26.67,28.87,26.37,28.36,754555
2015-06-25,27.77,28.45,25.57,26.43,529631
2015-06-26,25.17,27.16,23.69,24.38,674523
2015-06-29,25.28,26.55,22.45,25.77,766758
2015-06-30,25.67,26.74,23.06,26.61,808907
2015-07-01,25.67,27.87,24.97,25.6,868281
2015-07-02,24.73,25.54,22.91,22.91,629411
2015-07-03,21.17,21.84,20.49,20.49,447261
2015-07-06,22.07,22.17,18.31,18.31,756551
2015-07-07,17.62,17.62,16.35,17.13,962230
2015-07-08,15.28,15.57,15.28,15.28,498448
2015-07-09,15.28,16.94,13.7,16.94,560591
2015-07-10,17.17,18.77,16.98,18.77,498731
2015-07-13,18.47,20.16,18.27,19.76,744512
2015-07-14,18.93,19.65,17.85,18.14,585248
2015-07-15,17.48,18.03,16.19,16.19,434529
2015-07-16,16.19,17.12,15.33,16.76,308563
2015-07-17,16.76,18.18,16.76,17.69,324366
2015-07-20,17.54,18.34,17.38,17.8,353926
2015-07-21,17.52,18.33,17.27,17.98,288018
2015-07-22,18.03,19.48,17.67,19.01,479907
2015-07-23,18.75,19.36,18.47,19.09,398252
2015-07-24,19.65,21.13,19.63,21.13,798560
2015-07-27,21.1,21.13,18.88,18.88,1007664
2015-07-28,16.97,18.62,16.86,17.63,636800
2015-07-29,17.68,19.11,17.45,19.05,376881
2015-07-30,18.62,19.96,17.87,18.14,438807
2015-07-31,17.75,18.75,17.22,18.56,359175
2015-08-03,18.06,19.03,18.0,19.01,287741
2015-08-04,18.86,19.74,18.58,19.66,308516
2015-08-05,19.62,19.85,18.58,18.92,256542
2015-08-06,18.37,18.82,17.9,18.35,165354
2015-08-07,18.62,19.0,18.37,18.76,194279
2015-08-10,19.54,20.61,19.18,20.24,455009
2015-08-11,20.15,22.4,19.68,22.07,809783
2015-08-12,21.17,22.02,20.97,21.0,585861
2015-08-13,20.52,21.46,20.27,21.29,318593
2015-08-14,21.29,22.36,21.08,21.46,453791
2015-08-17,20.96,21.31,20.43,21.16,301176
2015-08-18,21.42,21.49,18.91,18.91,486518
2015-08-19,17.69,19.03,16.97,18.65,396295
2015-08-20,18.27,19.47,17.97,18.25,294968
2015-08-21,17.88,18.64,16.89,17.14,237315
2015-08-24,16.07,16.57,15.29,15.29,238503
2015-08-25,13.67,14.29,13.63,13.63,404583
2015-08-26,13.67,14.32,12.66,13.63,316423
2015-08-27,13.72,14.33,13.18,14.27,330735
2015-08-28,14.9,15.34,14.55,15.29,355134
2015-08-31,14.97,15.46,14.36,15.43,318914
2015-09-01,15.36,15.55,14.21,15.51,356330
2015-09-02,14.65,16.34,14.37,16.17,474321
2015-09-07,15.95,16.67,14.95,14.99,183565
2015-09-08,14.88,15.55,14.58,15.47,100405
2015-09-09,15.53,16.65,15.47,16.09,164379
2015-09-10,15.66,15.99,15.57,15.64,97689
2015-09-11,15.79,15.87,15.27,15.44,79360
2015-09-14,15.55,15.95,13.93,14.97,162863
2015-09-15,14.76,15.27,14.1,14.34,117657
2015-09-16,14.46,15.82,14.07,15.48,148992
2015-09-17,15.22,16.3,15.17,15.5,221634
2015-09-18,15.63,15.87,15.17,15.68,146277
2015-09-21,15.57,16.0,15.28,15.9,131830
2015-09-22,15.97,16.45,15.86,15.88,178163
2015-09-23,15.64,15.68,15.18,15.21,135833
2015-09-24,15.27,15.63,15.27,15.51,71259
2015-09-25,15.51,15.8,14.74,14.94,103006
2015-09-28,14.95,15.09,14.57,14.92,46219
2015-09-29,14.68,14.79,14.16,14.25,82105
2015-09-30,14.37,14.5,14.29,14.41,42457
2015-10-08,15.98,15.98,15.69,15.74,231295
2015-10-09,15.73,15.74,15.33,15.54,130374
2015-10-12,15.61,16.39,15.54,16.11,209665
2015-10-13,15.82,16.06,15.75,15.96,121753
2015-10-14,15.96,16.06,15.73,15.76,131640
2015-10-15,15.81,16.38,15.8,16.26,165623
2015-10-16,16.46,17.22,16.19,16.7,283193
2015-10-19,16.56,16.57,16.25,16.35,165784
2015-10-20,16.41,16.59,16.2,16.53,123636
2015-10-21,16.43,16.81,14.88,15.27,220752
2015-10-22,15.12,15.56,14.97,15.53,136768
2015-10-23,15.66,15.82,15.28,15.75,127645
2015-10-26,15.87,16.14,15.7,15.85,119330
2015-10-27,15.84,16.29,15.57,16.23,174327
2015-10-28,16.15,16.34,15.63,15.66,129997
2015-10-29,15.92,15.94,15.47,15.67,78536
2015-10-30,15.65,15.77,15.37,15.59,81743
2015-11-02,15.49,15.56,15.09,15.13,73831
2015-11-03,15.14,15.31,15.06,15.11,44364
2015-11-04,15.17,15.87,15.17,15.87,137390
2015-11-05,15.92,16.67,15.78,16.27,308873
2015-11-06,16.12,17.01,16.0,16.7,292986
2015-11-09,16.49,17.19,16.46,16.75,241409
2015-11-10,16.57,17.07,16.48,16.89,226912
2015-11-11,16.89,17.01,16.7,16.81,147539
2015-11-12,16.88,16.91,16.43,16.52,149262
2015-11-13,16.38,16.67,16.22,16.26,107073
2015-11-16,15.97,16.34,15.88,16.32,118161
2015-11-17,16.33,16.62,16.17,16.23,129172
2015-11-18,16.22,16.42,16.12,16.19,106242
2015-11-19,16.2,16.42,16.19,16.4,84170
2015-11-20,16.43,16.53,16.29,16.44,106783
2015-11-23,16.44,16.46,16.13,16.17,97047
2015-11-24,16.13,16.2,15.82,15.99,79496
2015-11-25,16.07,16.45,16.07,16.2,113302
2015-11-26,16.3,16.43,16.15,16.17,107217
2015-11-27,16.08,16.17,14.46,14.65,164552
2015-11-30,14.7,15.17,13.73,14.35,126401
2015-12-01,14.38,14.53,14.18,14.47,69342
2015-12-02,14.47,14.99,14.31,14.95,100284
2015-12-03,14.97,15.27,14.78,15.12,87116
2015-12-04,15.0,15.04,14.72,14.82,76333
2015-12-07,14.9,14.9,14.67,14.79,62400
2015-12-08,14.69,14.7,14.25,14.3,74318
2015-12-09,14.27,14.44,14.18,14.4,37365
2015-12-10,14.39,14.71,14.33,14.42,74609
2015-12-11,14.38,14.48,14.23,14.34,47240
2015-12-14,14.17,14.71,14.15,14.7,66980
2015-12-15,14.73,14.76,14.54,14.58,58803
2015-12-16,14.75,15.07,14.64,14.73,122981
2015-12-17,14.79,14.9,14.57,14.84,148440
2015-12-18,14.77,14.85,14.66,14.77,83607
2015-12-21,14.72,14.95,14.68,14.94,118959
2015-12-22,14.94,15.05,14.87,15.0,90992
2015-12-23,14.99,15.18,14.78,14.95,134584
2015-12-24,15.05,15.1,14.73,14.83,76374
2015-12-25,14.8,14.9,14.67,14.83,66592
2015-12-28,14.84,14.92,14.26,14.33,89743
2015-12-29,14.34,14.4,14.12,14.36,74195
2015-12-30,14.44,14.44,14.22,14.32,50486
2015-12-31,14.28,14.33,14.18,14.19,42941
2016-01-04,14.22,14.32,12.67,12.89,70901
2016-01-05,12.46,12.94,11.47,12.79,109042
2016-01-06,12.77,13.39,12.67,13.25,86297
2016-01-07,12.99,12.99,11.8,11.9,24952
2016-01-08,12.17,12.65,11.67,12.48,99571
2016-01-11,12.27,12.84,11.89,12.04,116526
2016-01-12,12.03,12.28,11.92,12.27,62125
2016-01-13,12.26,12.42,11.92,11.94,57118
2016-01-14,11.57,12.13,11.25,12.12,71852
2016-01-15,12.09,12.11,11.29,11.47,81216
2016-01-18,11.25,11.59,11.11,11.36,49750
2016-01-19,11.29,11.8,11.29,11.76,51038
2016-01-20,11.73,12.03,11.52,11.84,84624
2016-01-21,11.68,11.91,11.34,11.36,68518
2016-01-22,11.53,11.63,11.12,11.42,64284
2016-01-25,11.77,12.1,11.72,12.04,123253
2016-01-26,11.67,11.74,10.8,10.87,95405
2016-01-27,10.97,11.15,10.42,10.78,80982
2016-01-28,10.72,10.87,10.43,10.46,61638
2016-01-29,10.46,10.89,10.46,10.86,53238
2016-02-01,10.85,10.86,10.42,10.56,41847
2016-02-02,10.55,10.87,10.5,10.83,44813
2016-02-03,10.68,10.75,10.52,10.71,33421
2016-02-04,10.76,11.02,10.76,10.93,53189
2016-02-05,10.9,12.07,10.81,11.37,98182
2016-02-15,10.89,11.44,10.87,11.43,67345
2016-02-16,11.56,11.88,11.53,11.77,90467
2016-02-17,11.62,11.83,11.55,11.76,78143
2016-02-18,12.15,12.26,11.85,11.88,105855
2016-02-19,11.87,11.9,11.57,11.7,62976
2016-02-22,11.73,12.09,11.73,11.99,75358
2016-02-23,12.08,12.22,11.73,11.85,84280
2016-02-24,11.7,12.02,11.61,11.99,84694
2016-02-25,12.02,12.02,10.82,10.95,99244
2016-02-26,11.04,11.32,10.89,11.18,61357
2016-02-29,11.22,11.22,10.43,10.82,68728
2016-03-01,10.93,11.07,10.7,11.04,40235
2016-03-02,11.09,11.71,11.04,11.66,100364
2016-03-03,11.62,12.03,11.56,11.83,95046
2016-03-04,11.84,12.09,11.69,11.99,147300
2016-03-07,11.82,12.27,11.82,11.97,101526
2016-03-08,12.12,12.39,11.85,12.28,140335
2016-03-09,11.8,11.84,11.47,11.77,105976
2016-03-10,11.7,11.84,11.17,11.22,107209
2016-03-11,11.21,11.33,10.97,11.31,44191
2016-03-14,11.41,11.72,11.35,11.56,69621
2016-03-15,11.49,11.53,11.25,11.35,52683
2016-03-16,11.31,11.54,11.29,11.47,60757
2016-03-17,11.57,11.78,11.55,11.74,56085
2016-03-18,11.87,12.02,11.79,11.9,120154
2016-03-21,12.01,12.14,11.91,12.0,144716
2016-03-22,11.98,12.15,11.92,12.02,108957
2016-03-23,11.95,12.06,11.9,11.97,71613
2016-03-24,11.9,11.91,11.52,11.54,104960
2016-03-25,11.49,11.62,11.42,11.59,49457
2016-03-28,11.59,11.7,11.49,11.51,55004
2016-03-29,11.53,11.55,11.24,11.25,51120
2016-03-30,11.34,11.78,11.32,11.66,72982
2016-03-31,11.6,11.74,11.59,11.65,59900
2016-04-01,11.64,11.74,11.41,11.73,75560
2016-04-05,11.65,12.02,11.58,11.97,130467
2016-04-06,11.87,12.08,11.84,11.95,106224
2016-04-07,11.97,12.01,11.68,11.7,82869
2016-04-08,11.66,11.66,11.45,11.54,62652
2016-04-11,11.64,11.9,11.64,11.84,90379
2016-04-12,11.8,11.95,11.68,11.91,79436
2016-04-13,12.07,12.37,12.07,12.17,192693
2016-04-14,12.22,12.26,12.05,12.15,82961
2016-04-15,12.15,12.16,11.99,12.05,72306
2016-04-18,11.87,11.87,11.67,11.73,70690
2016-04-19,11.81,11.86,11.67,11.79,51261
2016-04-20,11.81,11.85,11.07,11.37,124292
2016-04-21,11.37,11.5,11.27,11.34,57269
2016-04-22,11.24,11.37,11.19,11.34,43820
2016-04-25,11.35,11.36,11.07,11.24,43589
2016-04-26,11.2,11.47,11.2,11.45,40352
2016-04-27,11.5,11.67,11.37,11.47,53835
2016-04-28,11.55,12.03,11.41,11.94,174795
2016-04-29,11.75,11.86,11.64,11.78,76784
2016-05-03,11.76,11.98,11.57,11.91,84129
2016-05-04,11.82,11.9,11.63,11.81,58863
2016-05-05,11.7,11.82,11.7,11.76,39325
2016-05-06,11.77,11.86,11.3,11.32,78643
2016-05-09,11.24,11.27,10.95,10.98,55549
2016-05-10,10.94,11.16,10.9,11.04,30637
2016-05-11,11.08,11.14,10.95,11.07,23508
2016-05-12,10.87,11.07,10.81,11.06,28882
2016-05-13,11.05,11.1,10.89,11.02,20527
2016-05-16,10.92,11.13,10.77,11.04,25161
2016-05-17,11.12,11.23,11.07,11.16,37268
2016-05-18,11.12,11.14,10.77,10.95,43025
2016-05-19,10.97,11.05,10.85,10.87,22587
2016-05-20,10.79,10.97,10.79,10.95,18056
2016-05-23,10.97,11.08,10.93,10.99,26439
2016-05-24,10.98,11.02,10.77,11.0,22665
2016-05-25,11.02,11.04,10.87,10.92,18173
2016-05-26,10.97,11.01,10.74,10.97,25650
2016-05-27,10.94,10.97,10.87,10.88,18170
2016-05-30,10.81,10.93,10.78,10.87,14411
2016-05-31,10.87,11.25,10.87,11.24,60375
2016-06-01,11.2,11.33,11.14,11.18,47793
2016-06-02,11.15,11.31,11.11,11.22,29139
2016-06-03,11.18,11.27,11.12,11.23,33191
2016-06-06,11.24,11.3,11.09,11.13,26179
2016-06-07,11.15,11.27,11.1,11.2,46741
2016-06-08,11.24,11.43,11.17,11.37,72196
2016-06-13,11.07,11.17,10.85,10.9,43426
2016-06-14,10.9,11.03,10.84,11.02,24688
2016-06-15,10.94,11.2,10.94,11.15,43649
2016-06-16,11.15,11.18,10.93,10.95,35060
2016-06-17,10.99,11.1,10.95,11.01,38035
2016-06-20,11.04,11.07,10.9,10.94,26003
2016-06-21,11.04,11.16,10.89,10.9,41386
2016-06-22,10.89,11.02,10.89,11.0,22808
2016-06-23,11.04,11.04,10.9,10.96,24842
2016-06-24,10.97,10.99,10.55,10.66,49147
2016-06-27,10.64,10.8,10.64,10.79,28388
2016-06-28,10.78,10.87,10.69,10.84,30359
2016-06-29,10.88,10.99,10.83,10.9,37720
2016-06-30,10.92,10.96,10.85,10.89,30734
2016-07-01,10.88,10.95,10.82,10.9,32116
2016-07-04,10.9,11.38,10.87,11.18,71286
2016-07-05,11.15,11.38,11.15,11.25,61952
2016-07-06,11.2,11.2,11.05,11.13,46934
2016-07-07,11.14,11.17,11.03,11.08,53071
2016-07-08,11.09,11.09,10.92,11.01,65556
2016-07-11,11.0,11.19,10.99,11.02,63635
2016-07-12,11.03,11.86,11.02,11.65,217698
2016-07-13,11.6,11.7,11.43,11.49,121695
2016-07-14,11.46,11.58,11.39,11.52,52996
2016-07-15,11.52,11.67,11.5,11.5,80635
2016-07-18,11.46,11.53,11.27,11.34,65608
2016-07-19,11.35,11.41,11.26,11.4,38137
2016-07-20,11.34,11.4,11.3,11.32,28234
2016-07-21,11.34,11.49,11.33,11.41,48310
2016-07-22,11.39,11.39,11.22,11.25,37895
2016-07-25,11.22,11.22,11.09,11.13,55876
2016-07-26,11.12,11.24,11.1,11.22,36348
2016-07-27,11.22,11.28,10.84,10.91,80977
2016-07-28,10.92,10.93,10.75,10.87,46711
2016-07-29,10.87,11.14,10.79,10.88,51081
2016-08-01,10.9,10.96,10.7,10.79,39130
2016-08-02,10.8,10.84,10.76,10.83,21037
2016-08-03,10.81,10.84,10.78,10.82,26297
2016-08-04,10.84,10.9,10.81,10.89,22890
2016-08-05,10.89,10.89,10.77,10.81,30020
2016-08-08,10.84,10.95,10.79,10.94,31834
2016-08-09,10.95,10.98,10.88,10.97,32357
2016-08-10,10.91,11.0,10.89,10.91,31184
2016-08-11,10.91,11.01,10.85,10.87,34763
2016-08-12,10.92,11.3,10.88,11.07,44195
2016-08-15,11.09,11.32,11.05,11.28,79147
2016-08-16,11.31,11.41,11.21,11.27,57954
2016-08-17,11.27,11.34,11.18,11.23,44761
2016-08-18,11.25,11.31,11.2,11.24,35797
2016-08-19,11.39,11.39,11.07,11.34,72206
2016-08-22,11.33,11.35,11.1,11.11,43890
2016-08-23,11.15,11.2,11.09,11.18,30430
2016-08-24,11.19,11.21,11.05,11.11,29135
2016-08-25,11.03,11.1,10.89,11.01,35180
2016-08-26,11.0,11.07,10.99,11.01,17529
2016-08-29,11.01,11.05,10.97,11.02,15175
2016-08-30,11.03,11.09,10.97,11.02,25049
2016-08-31,11.02,11.05,10.99,11.04,21312
2016-09-01,11.06,11.06,10.9,10.91,35521
2016-09-02,10.85,10.93,10.84,10.89,24495
2016-09-05,10.96,10.96,10.9,10.91,16155
2016-09-06,10.91,11.02,10.86,10.99,24678
2016-09-07,10.99,11.06,10.97,11.0,31169
2016-09-08,11.01,11.07,10.99,11.04,19692
2016-09-09,11.07,11.1,10.88,10.91,33162
2016-09-12,10.81,10.82,10.64,10.68,59259
2016-09-13,10.7,10.75,10.66,10.68,23145
2016-09-14,10.64,10.77,10.64,10.69,24603
2016-09-19,10.71,10.75,10.69,10.7,22505
2016-09-20,10.7,10.73,10.67,10.68,16854
2016-09-21,10.71,10.73,10.68,10.7,15986
2016-09-22,10.76,10.79,10.7,10.7,24864
2016-09-23,10.73,10.74,10.69,10.7,14936
2016-09-26,10.7,10.7,10.45,10.49,41730
2016-09-27,10.49,10.54,10.45,10.51,22131
2016-09-28,10.56,10.56,10.45,10.46,20068
2016-09-29,10.53,10.9,10.53,10.76,90059
2016-09-30,10.68,10.73,10.62,10.63,30866
2016-10-10,11.15,11.52,11.06,11.12,105649
2016-10-11,11.13,11.3,11.04,11.13,83801
2016-10-12,11.04,11.08,10.98,11.07,33530
2016-10-13,11.06,11.07,10.98,11.01,33047
2016-10-14,11.03,11.06,10.9,11.0,27224
2016-10-17,11.01,11.01,10.83,10.88,24844
2016-10-18,10.82,11.09,10.82,11.04,41829
2016-10-19,11.08,11.17,10.94,10.99,34744
2016-10-20,11.05,11.19,11.04,11.1,45038
2016-10-21,11.03,11.18,10.96,11.06,32104
2016-10-24,11.06,11.28,11.01,11.2,78100
2016-10-25,11.18,11.2,11.04,11.1,48291
2016-10-26,11.07,11.12,10.98,11.03,41104
2016-10-27,10.97,11.05,10.97,11.05,22041
2016-10-28,11.02,11.06,11.0,11.02,30022
2016-10-31,10.96,11.0,10.9,10.96,25670
2016-11-01,10.96,10.99,10.91,10.97,26532
2016-11-02,10.95,11.01,10.89,10.89,26219
2016-11-03,10.89,11.02,10.82,10.96,32176
2016-11-04,10.97,11.01,10.91,10.92,26726
2016-11-07,10.93,10.99,10.86,10.92,37606
2016-11-08,10.96,11.07,10.96,11.03,34752
2016-11-09,10.98,11.01,10.74,10.85,43785
2016-11-10,10.89,11.04,10.89,11.01,52095
2016-11-11,11.0,11.24,10.96,11.22,105818
2016-11-14,11.15,11.85,11.11,11.44,201086
2016-11-15,11.43,11.45,11.18,11.33,71301
2016-11-16,11.43,11.6,11.31,11.44,92641
2016-11-17,11.4,11.52,11.24,11.46,65505
2016-11-18,11.34,11.41,11.24,11.27,51924
2016-11-21,11.23,11.67,11.22,11.56,134700
2016-11-22,11.64,12.0,11.52,11.91,216483
2016-11-23,11.83,12.57,11.81,12.22,354358
2016-11-24,12.15,12.29,12.03,12.12,83070
2016-11-25,12.14,12.21,11.83,12.12,78381
2016-11-28,12.09,12.25,12.0,12.13,90952
2016-11-29,12.14,12.3,11.99,12.22,109355
2016-11-30,12.11,12.14,11.79,11.87,71458
2016-12-01,12.44,12.88,12.21,12.55,264120
2016-12-02,12.6,13.14,12.36,12.42,298304
2016-12-05,12.19,12.3,11.85,12.09,105418
2016-12-06,12.06,12.42,12.01,12.1,67716
2016-12-07,12.04,12.09,11.72,11.96,114038
2016-12-08,11.87,11.94,11.75,11.83,61843
2016-12-09,11.82,11.93,11.78,11.83,82667
2016-12-12,12.05,12.21,11.63,11.69,115372
2016-12-13,11.54,12.05,11.47,12.02,66529
2016-12-14,12.01,12.37,11.89,11.99,108783
2016-12-15,11.82,11.91,11.56,11.85,88283
2016-12-16,11.75,11.9,11.66,11.85,56630
2016-12-19,11.86,12.02,11.61,11.72,84082
2016-12-20,11.74,11.74,11.5,11.54,44585
2016-12-21,11.59,12.15,11.59,11.9,102545
2016-12-22,11.8,12.08,11.79,11.99,80546
2016-12-23,11.97,12.0,11.79,11.93,50544
2016-12-26,11.84,11.88,11.52,11.74,73438
2016-12-27,11.65,11.75,11.64,11.65,36167
2016-12-28,11.69,11.77,11.5,11.53,50553
2016-12-29,11.49,11.58,11.44,11.45,28360
2016-12-30,11.52,11.58,11.41,11.57,31425
2017-01-03,11.59,11.74,11.57,11.68,43940
2017-01-04,11.72,11.72,11.56,11.67,46096
2017-01-05,11.66,11.9,11.63,11.87,86577
2017-01-06,11.87,12.04,11.81,11.91,97683
2017-01-09,11.88,12.07,11.84,11.99,69724
2017-01-10,11.94,11.94,11.78,11.8,58342
2017-01-11,11.79,12.14,11.7,12.02,108111
2017-01-12,11.97,12.1,11.82,11.86,56058
2017-01-13,11.85,11.96,11.66,11.75,47792
2017-01-16,11.68,11.68,11.02,11.27,82902
2017-01-17,11.2,11.53,11.19,11.41,50082
2017-01-18,11.4,11.56,11.29,11.37,38182
2017-01-19,11.31,11.35,11.1,11.25,45004
2017-01-20,11.1,11.4,11.1,11.27,48775
2017-01-23,11.27,11.48,11.27,11.42,32958
2017-01-24,11.42,11.64,11.4,11.63,58144
2017-01-25,11.62,11.71,11.55,11.6,29132
2017-01-26,11.6,11.64,11.55,11.62,20649
2017-02-03,11.63,11.69,11.5,11.59,20115
2017-02-06,11.59,11.76,11.5,11.71,43876
2017-02-07,11.65,11.68,11.52,11.61,45246
2017-02-08,11.54,11.62,11.43,11.59,27892
2017-02-09,11.6,11.75,11.57,11.69,39363
2017-02-10,11.69,11.87,11.68,11.83,55966
2017-02-13,11.85,11.9,11.69,11.79,73507
2017-02-14,11.76,11.79,11.65,11.72,34056
2017-02-15,11.7,12.09,11.69,11.86,126037
2017-02-16,11.84,12.07,11.74,12.06,97858
2017-02-17,12.06,12.06,11.76,11.79,83804
2017-02-20,11.82,12.06,11.79,12.05,65518
2017-02-21,12.05,12.09,11.96,12.02,67778
2017-02-22,12.04,12.37,12.0,12.26,137227
2017-02-23,12.24,12.24,11.99,12.04,54453
2017-02-24,12.07,12.14,11.9,11.97,55101
2017-02-27,11.92,11.97,11.83,11.86,33434
2017-02-28,11.88,12.32,11.86,12.25,119006
2017-03-01,12.24,12.28,12.14,12.17,57850
2017-03-02,12.16,12.31,12.1,12.12,58427
2017-03-03,12.07,12.12,11.92,12.03,33679
2017-03-06,12.09,12.27,12.06,12.26,38473
2017-03-07,12.28,12.28,12.04,12.11,33356
2017-03-08,12.07,12.2,12.05,12.1,31067
2017-03-09,11.99,11.99,11.71,11.73,69426
2017-03-10,11.75,11.79,11.59,11.61,40875
2017-03-13,11.61,11.71,11.56,11.7,34310
2017-03-14,11.72,11.72,11.56,11.65,29230
2017-03-15,11.58,11.62,11.49,11.6,31025
2017-03-16,11.65,11.81,11.64,11.73,43192
2017-03-17,11.72,11.78,11.62,11.63,20367
2017-03-20,11.67,11.72,11.49,11.56,43638
2017-03-21,11.57,11.63,11.52,11.62,24644
2017-03-22,11.51,11.59,11.41,11.46,29870
2017-03-23,11.5,11.53,11.22,11.43,44856
2017-03-24,11.45,11.59,11.37,11.58,27604
2017-03-27,11.55,11.63,11.44,11.44,24976
2017-03-28,11.43,11.47,11.36,11.41,23506
2017-03-29,11.44,11.59,11.4,11.48,33753
2017-03-30,11.52,11.61,11.17,11.28,51705
2017-03-31,11.28,11.42,11.21,11.39,41050
2017-04-05,11.39,11.59,11.38,11.57,34615
2017-04-06,11.56,11.59,11.51,11.57,23415
2017-04-07,11.56,11.82,11.55,11.77,79212
2017-04-10,11.82,11.82,11.67,11.69,28832
2017-04-11,11.76,11.78,11.59,11.74,43586
2017-04-12,11.72,11.81,11.59,11.7,65248
2017-04-13,11.7,11.71,11.62,11.69,26168
2017-04-14,11.69,11.7,11.54,11.56,37425
2017-04-17,11.57,11.57,11.33,11.41,38163
2017-04-18,11.43,11.5,11.24,11.26,38336
2017-04-19,11.24,11.24,10.75,10.91,76753
2017-04-20,10.91,10.91,10.54,10.59,69988
2017-04-21,10.62,10.67,10.44,10.57,55262
2017-04-24,10.54,10.54,10.12,10.19,57517
2017-04-25,10.2,10.28,10.07,10.13,53554
2017-04-26,10.14,10.2,10.04,10.11,33326
2017-04-27,10.08,10.11,9.64,10.01,55671
2017-04-28,9.99,10.24,9.95,10.17,41962
2017-05-02,10.2,10.22,10.0,10.03,28940
2017-05-03,9.97,10.04,9.58,9.68,76652
2017-05-04,9.68,9.72,9.57,9.69,43678
2017-05-05,9.58,9.58,9.34,9.35,57366
2017-05-08,9.4,9.54,9.37,9.42,37595
2017-05-09,9.41,9.58,9.36,9.54,29084
2017-05-10,9.56,9.68,9.43,9.44,35495
2017-05-11,9.47,9.53,9.14,9.39,41073
2017-05-12,9.39,9.47,9.34,9.41,20984
2017-05-15,9.41,9.54,9.39,9.44,28483
2017-05-16,9.48,9.6,9.45,9.59,37437
2017-05-17,9.57,9.67,9.52,9.65,48574
2017-05-18,9.56,10.74,9.49,10.74,202538
2017-05-19,11.94,11.94,11.24,11.94,714863
2017-05-22,11.74,12.59,11.64,12.05,803076
2017-05-23,11.74,11.74,10.72,10.72,433386
2017-05-24,10.33,11.17,10.05,10.81,379518
2017-05-25,10.65,11.05,10.32,10.92,326911
2017-05-26,10.72,11.59,10.64,11.02,366111
2017-05-31,10.92,10.92,10.53,10.65,196412
2017-06-01,10.53,10.77,10.04,10.06,199286
2017-06-02,9.91,10.18,9.78,10.1,174608
2017-06-05,10.24,10.61,10.14,10.36,206754
2017-06-06,10.26,10.29,10.05,10.21,117358
2017-06-07,10.21,10.49,10.14,10.44,146909
2017-06-08,10.37,10.54,10.32,10.37,129732
2017-06-09,10.29,10.39,10.04,10.17,111622
2017-06-12,10.15,10.41,10.09,10.15,109207
2017-06-13,10.04,10.27,9.98,10.26,81154
2017-06-14,10.18,10.26,10.0,10.06,89091
2017-06-15,10.01,10.2,10.0,10.14,86867
2017-06-16,10.12,10.25,10.1,10.14,76993
2017-06-19,10.14,10.19,10.1,10.15,65515
2017-06-20,10.15,10.16,9.99,10.06,105335
2017-06-21,10.04,10.06,9.82,9.94,99333
2017-06-22,9.95,10.07,9.9,9.94,114564
2017-06-23,9.84,9.88,9.51,9.67,124706
2017-06-26,9.63,9.7,9.59,9.67,118957
2017-06-27,9.68,9.74,9.64,9.66,66064
2017-06-28,9.67,9.71,9.64,9.67,71122
2017-06-29,9.69,9.7,9.61,9.67,65724
2017-06-30,9.62,9.9,9.61,9.83,131381
2017-07-03,9.85,9.94,9.8,9.86,75814
2017-07-04,9.89,10.11,9.85,9.96,110948
2017-07-05,9.98,9.98,9.86,9.97,55916
2017-07-06,9.94,9.94,9.83,9.89,56109
2017-07-07,9.84,9.96,9.82,9.95,56188
2017-07-10,9.95,10.08,9.94,9.99,74922
2017-07-11,9.91,9.98,9.82,9.83,58755
2017-07-12,9.83,9.93,9.6,9.76,71961
2017-07-13,9.78,9.88,9.69,9.87,45607
2017-07-14,9.87,9.89,9.75,9.79,37391
2017-07-17,9.77,9.77,9.2,9.41,96075
2017-07-18,9.44,9.45,9.28,9.39,59460
2017-07-19,9.42,9.73,9.37,9.66,90682
2017-07-20,9.73,9.98,9.7,9.83,85673
2017-07-21,9.77,9.96,9.76,9.88,84744
2017-07-24,9.8,9.99,9.8,9.97,66333
2017-07-25,9.96,9.99,9.88,9.93,47067
2017-07-26,9.97,10.12,9.91,9.99,72607
2017-07-27,10.03,10.03,9.81,9.99,60676
2017-07-28,10.02,10.05,9.93,10.02,62772
2017-07-31,10.03,10.22,10.03,10.17,91062
2017-08-01,10.2,10.38,10.11,10.12,106659
2017-08-02,10.05,10.09,9.84,9.87,129971
2017-08-03,9.87,10.04,9.86,9.99,71305
2017-08-04,9.99,10.26,9.93,10.09,112160
2017-08-07,10.09,10.27,10.07,10.24,82431
2017-08-08,10.25,10.29,10.13,10.19,57221
2017-08-09,10.16,10.27,10.09,10.16,67199
2017-08-10,10.18,10.21,9.98,10.05,67410
2017-08-11,9.97,10.01,9.6,9.64,107681
2017-08-14,9.59,9.75,9.59,9.74,46208
2017-08-15,9.69,9.78,9.69,9.74,36054
2017-08-16,9.73,9.76,9.64,9.7,43715
2017-08-17,9.73,9.91,9.71,9.89,65615
2017-08-18,9.85,10.11,9.8,10.0,87451
2017-08-21,10.08,10.12,9.99,10.07,69537
2017-08-22,10.06,10.08,9.93,9.96,44971
2017-08-23,10.15,10.15,10.0,10.05,62176
2017-08-24,10.02,10.2,9.87,10.09,88385
2017-08-25,10.01,10.17,9.99,10.13,82564
2017-08-28,10.15,10.18,10.04,10.15,88512
2017-08-29,10.12,10.17,10.06,10.09,55679
2017-08-30,10.12,10.12,10.03,10.08,43279
2017-08-31,10.08,10.08,9.98,10.04,40537
2017-09-01,10.06,10.13,10.02,10.06,57233
2017-09-04,10.06,10.1,9.97,10.04,51657
2017-09-05,10.04,10.09,9.98,9.99,48982
2017-09-06,10.03,10.27,10.03,10.21,117535
2017-09-07,10.18,10.19,10.05,10.08,68971
2017-09-08,10.09,10.11,10.01,10.03,40197
2017-09-11,10.01,10.09,9.98,10.04,38443
2017-09-12,10.05,10.05,9.93,9.96,51700
2017-09-13,9.95,10.04,9.93,9.97,32254
2017-09-14,10.0,10.23,9.96,10.16,91027
2017-09-15,10.15,10.16,10.01,10.04,45237
2017-09-18,10.04,10.13,10.04,10.12,35480
2017-09-19,10.12,10.21,10.03,10.08,40811
2017-09-20,10.09,10.13,10.0,10.13,39800
2017-09-21,10.21,10.48,10.17,10.2,114941
2017-09-22,10.13,10.14,9.99,10.08,65660
2017-09-25,10.12,10.15,9.92,9.98,43416
2017-09-26,10.06,10.27,10.05,10.23,93077
2017-09-27,10.18,10.31,10.13,10.3,71316
2017-09-28,10.3,10.35,10.14,10.16,58374
2017-09-29,10.17,10.29,10.1,10.14,41398
2017-10-09,10.18,10.26,10.12,10.25,59278
2017-10-10,10.23,10.23,10.14,10.23,45553
2017-10-11,10.19,10.33,10.19,10.27,54769
2017-10-12,10.26,10.26,10.09,10.14,42072
2017-10-13,10.16,10.29,10.09,10.25,59917
2017-10-16,10.24,10.3,10.09,10.16,48482
2017-10-17,10.15,10.16,10.09,10.13,28576
2017-10-18,10.11,10.18,9.99,10.04,33947
2017-10-19,10.05,10.09,9.72,9.79,64762
2017-10-20,9.78,9.84,9.72,9.82,24092
2017-10-23,9.82,9.89,9.82,9.84,18761
2017-10-24,9.85,9.87,9.79,9.86,19253
2017-10-25,9.87,9.9,9.85,9.89,17129
2017-10-26,9.87,9.97,9.84,9.94,26537
2017-10-27,9.95,9.98,9.85,9.88,20376
2017-10-30,9.97,10.3,9.76,10.09,108712
2017-10-31,10.09,10.21,9.97,10.19,61034
2017-11-01,10.17,10.32,10.07,10.24,91752
2017-11-02,10.26,10.44,10.13,10.34,111736
2017-11-03,10.34,10.66,10.2,10.3,143486
2017-11-06,10.4,10.47,10.2,10.3,92497
2017-11-07,10.47,10.89,10.45,10.87,244874
2017-11-08,10.78,10.86,10.66,10.74,102763
2017-11-09,10.69,10.76,10.6,10.71,72569
2017-11-10,10.73,10.91,10.53,10.56,81164
2017-11-13,10.56,10.56,10.27,10.36,109231
2017-11-14,10.34,10.47,10.24,10.32,63460
2017-11-15,10.19,10.27,10.15,10.21,58906
2017-11-16,10.21,10.36,10.17,10.31,54460
2017-11-17,10.37,10.74,10.15,10.17,146904
2017-11-20,10.08,10.09,9.6,9.91,89686
2017-11-21,9.87,10.03,9.81,10.02,48870
2017-11-22,10.04,10.14,9.99,10.11,47515
2017-11-23,10.09,10.13,9.67,9.81,69355
2017-11-24,9.79,9.86,9.68,9.84,49088
2017-11-27,9.84,9.89,9.64,9.68,37421
2017-11-28,9.69,9.78,9.64,9.78,23609
2017-11-29,9.79,9.84,9.73,9.84,22550
2017-11-30,9.82,9.86,9.71,9.74,20470
2017-12-01,9.78,9.84,9.71,9.78,21431
2017-12-04,9.81,9.91,9.76,9.79,31359
2017-12-05,9.79,9.79,9.29,9.37,92520
2017-12-06,9.35,9.39,9.18,9.32,41209
2017-12-07,9.32,9.32,9.24,9.26,27051
2017-12-08,9.27,9.34,9.23,9.28,47068
2017-12-11,9.28,9.34,9.21,9.33,31663
2017-12-12,9.35,9.41,9.21,9.22,30814
2017-12-13,9.31,9.35,9.2,9.28,24681
2017-12-14,9.29,9.29,9.09,9.16,49330
2017-12-15,9.17,9.17,8.9,8.95,60319
2017-12-18,8.96,9.01,8.93,8.98,23204
2017-12-19,8.98,9.06,8.91,9.05,27820
2017-12-20,9.04,9.14,9.04,9.06,45198
2017-12-21,9.07,9.07,8.81,9.01,38484
2017-12-22,8.99,9.34,8.98,9.23,102760
2017-12-25,9.21,9.23,9.02,9.07,51774
2017-12-26,9.03,9.09,8.89,9.06,40753
2017-12-27,9.11,9.34,9.11,9.22,97853
2017-12-28,9.15,9.22,9.12,9.18,37749
2017-12-29,9.19,9.42,9.19,9.35,44706
2018-01-02,9.36,9.6,9.3,9.49,66238
2018-01-03,9.49,9.59,9.43,9.44,43957
2018-01-04,9.51,10.51,9.51,10.51,340979
2018-01-05,10.85,11.05,10.58,10.68,393105
2018-01-08,10.57,10.75,10.44,10.56,238988
2018-01-09,10.56,10.77,10.34,10.46,217604
2018-01-10,10.77,11.09,10.49,10.79,312687
2018-01-11,10.59,10.59,10.34,10.46,124083
2018-01-12,10.47,10.93,10.46,10.57,146194
2018-01-15,10.56,11.53,10.53,11.19,285211
2018-01-16,10.99,11.39,10.94,11.29,179347
2018-01-17,11.08,11.86,10.9,11.24,216982
2018-01-18,11.22,11.54,10.98,11.28,134465
2018-01-19,11.3,11.33,10.88,11.15,147963
2018-01-22,11.02,11.3,10.87,11.08,102516
2018-01-23,11.24,11.88,11.11,11.55,169981
2018-01-24,11.46,12.22,11.46,12.07,232184
2018-01-25,12.32,12.94,12.17,12.19,250720
2018-01-26,12.24,12.87,12.02,12.57,158727
2018-01-29,12.57,12.89,12.2,12.33,179255
2018-01-30,12.16,12.22,11.76,11.97,143538
2018-01-31,11.69,11.69,10.99,11.24,207113
2018-02-01,11.35,11.52,10.73,10.78,191811
2018-02-02,11.03,11.62,10.79,11.52,185318
2018-02-05,11.16,11.56,11.13,11.38,127261
2018-02-06,10.85,10.85,10.34,10.39,183987
2018-02-07,10.65,10.81,10.17,10.33,113476
2018-02-08,10.09,10.09,9.52,9.96,158140
2018-02-09,9.29,9.54,9.25,9.3,149258
2018-02-12,9.41,9.49,9.19,9.36,93071
2018-02-13,9.45,9.62,9.37,9.46,86466
2018-02-14,9.37,9.47,9.08,9.3,93767
2018-02-22,9.48,9.65,9.27,9.64,136150
2018-02-23,9.66,9.81,9.54,9.69,103323
2018-02-26,9.83,10.01,9.71,9.92,96177
2018-02-27,9.88,10.02,9.73,9.79,78225
2018-02-28,9.67,9.7,9.44,9.63,65770
2018-03-01,9.49,9.87,9.35,9.81,98338
2018-03-02,9.66,9.69,9.5,9.56,69019
2018-03-05,9.5,9.62,9.47,9.57,51322
2018-03-06,9.7,9.79,9.57,9.78,73734
2018-03-07,9.75,9.78,9.53,9.57,62843
2018-03-08,9.51,9.74,9.5,9.64,49520
2018-03-09,9.61,9.69,9.56,9.66,60752
2018-03-12,9.81,10.16,9.77,10.09,141357
2018-03-13,9.99,10.06,9.9,10.01,80582
2018-03-14,9.97,10.27,9.89,10.14,90316
2018-03-15,10.0,10.23,9.82,9.97,91453
2018-03-16,9.95,10.02,9.89,9.91,36994
2018-03-19,9.88,10.01,9.88,9.92,54630
2018-03-20,9.9,9.9,9.57,9.87,76240
2018-03-21,10.03,10.16,9.67,9.72,114446
2018-03-22,10.08,10.65,10.07,10.39,207417
2018-03-23,9.87,10.34,9.7,10.1,178519
2018-03-26,10.09,10.53,10.09,10.49,145263
2018-03-27,10.77,10.84,10.26,10.42,158106
2018-03-28,10.14,10.24,9.8,9.88,122731
2018-03-29,9.9,10.21,9.82,10.15,80837
2018-03-30,10.17,10.22,10.02,10.08,71793
2018-04-02,10.2,10.34,10.08,10.19,73757
2018-04-03,10.04,10.46,9.89,10.28,99638
2018-04-04,10.33,10.39,10.12,10.13,66278
2018-04-09,10.01,10.17,9.91,10.05,76552
2018-04-10,10.09,10.2,9.99,10.19,77457
2018-04-11,10.54,10.72,10.27,10.44,159200
2018-04-12,10.52,10.67,10.47,10.5,129534
2018-04-13,10.46,10.49,10.3,10.33,69640
2018-04-16,10.39,10.57,10.36,10.45,86261
2018-04-17,10.39,10.39,10.04,10.06,76751
2018-04-18,10.12,10.17,9.79,9.98,69018
2018-04-19,10.14,10.69,10.14,10.54,170865
2018-04-20,10.5,10.54,10.04,10.15,131653
2018-04-23,10.1,10.27,9.86,10.03,77173
2018-04-24,10.08,10.39,10.07,10.38,81822
2018-04-25,10.28,10.28,10.14,10.2,57226
2018-04-26,10.21,10.44,10.12,10.13,69175
2018-04-27,10.22,10.32,9.99,10.23,69810
2018-05-02,9.84,9.9,9.09,9.15,212112
2018-05-03,9.15,9.23,8.93,9.22,78627
2018-05-04,9.18,9.19,9.03,9.1,50165
2018-05-07,9.18,9.5,9.15,9.38,91883
2018-05-08,9.4,9.47,9.19,9.33,84519
2018-05-09,9.36,9.64,9.32,9.59,104842
2018-05-10,9.89,9.96,9.67,9.71,95603
2018-05-11,9.71,9.77,9.52,9.63,69331
2018-05-14,9.63,9.65,9.33,9.4,87860
2018-05-15,9.46,9.6,9.38,9.5,68992
2018-05-16,9.54,9.61,9.46,9.53,53699
2018-05-17,9.66,9.84,9.54,9.7,140766
2018-05-18,9.7,10.79,9.68,10.79,393372
2018-05-21,10.78,10.78,10.41,10.61,288329
2018-05-22,10.57,10.86,10.47,10.66,170322
2018-05-23,10.54,10.54,10.09,10.23,188248
2018-05-24,10.23,10.35,10.13,10.18,71656
2018-05-25,10.13,10.17,9.85,9.87,91310
2018-05-28,9.54,9.54,9.19,9.36,152342
2018-05-29,9.36,9.43,9.28,9.29,59889
2018-05-30,9.16,9.29,9.07,9.09,82155
2018-05-31,9.26,9.36,9.17,9.26,78706
2018-06-01,9.16,9.28,9.1,9.23,64047
2018-06-04,9.24,9.27,9.14,9.19,49261
2018-06-05,9.17,9.33,9.14,9.31,46155
2018-06-06,9.34,9.47,9.24,9.44,58556
2018-06-07,9.43,9.43,9.27,9.29,39558
2018-06-08,9.39,9.45,9.11,9.18,72888
2018-06-11,9.21,9.22,9.0,9.18,40927
2018-06-12,9.14,9.35,9.12,9.25,36799
2018-06-13,9.27,9.32,9.13,9.16,31606
2018-06-14,9.17,9.31,9.16,9.2,25149
2018-06-15,9.15,9.3,8.86,8.93,60823
2018-06-19,8.69,8.75,7.92,8.15,115911
2018-06-20,8.2,8.23,7.9,8.1,68754
2018-06-21,8.03,8.21,7.9,7.91,53530
2018-06-22,7.86,8.08,7.77,8.05,37009
2018-06-25,8.31,8.44,8.14,8.16,52967
2018-06-26,8.01,8.35,7.95,8.25,42439
2018-06-27,8.4,8.72,8.29,8.38,60974
2018-06-28,8.61,8.65,8.22,8.26,41699
2018-06-29,8.33,8.43,8.19,8.39,43807
2018-07-02,8.38,8.38,8.06,8.14,36164
2018-07-03,8.16,8.35,8.0,8.34,39102
2018-07-04,8.32,8.38,8.15,8.18,33012
2018-07-05,8.17,8.19,7.9,7.91,30573
2018-07-06,7.86,8.07,7.55,7.9,40097
2018-07-09,8.0,8.17,7.98,8.15,31270
2018-07-10,8.13,8.55,8.13,8.33,60324
2018-07-11,8.24,8.27,8.06,8.2,35281
2018-07-12,8.0,8.26,7.97,8.23,77513
2018-07-13,8.08,8.17,8.01,8.09,43105
2018-07-16,8.11,8.13,8.02,8.05,19562
2018-07-17,7.9,7.98,7.81,7.91,44503
2018-07-18,7.9,7.95,7.85,7.88,31957
2018-07-19,7.87,7.93,7.82,7.88,29387
2018-07-20,7.88,8.05,7.81,8.0,32089
2018-07-23,8.0,8.07,7.93,8.07,32769
2018-07-24,8.03,8.3,8.02,8.23,71644
2018-07-25,8.32,8.32,8.21,8.25,40312
2018-07-26,8.35,8.35,8.17,8.18,43825
2018-07-27,8.15,8.23,8.13,8.21,28952
2018-07-30,8.22,8.37,8.16,8.24,46667
2018-07-31,8.28,8.48,8.24,8.35,70940
2018-08-01,8.27,8.29,7.98,7.99,55776
2018-08-02,7.97,8.01,7.66,7.8,56023
2018-08-03,7.84,7.92,7.8,7.85,28548
2018-08-06,7.8,7.9,7.73,7.8,25625
2018-08-07,7.94,8.34,7.9,8.27,91506
2018-08-08,8.7,9.21,8.65,8.99,328996
2018-08-09,8.55,8.91,8.38,8.85,176093
2018-08-10,8.72,9.33,8.56,9.18,171398
2018-08-13,9.05,9.5,8.96,9.19,124601
2018-08-14,9.13,9.67,9.08,9.63,139179
2018-08-15,9.51,9.82,9.35,9.49,116291
2018-08-16,9.24,9.6,9.1,9.31,83610
2018-08-17,9.6,9.68,8.95,8.97,94001
2018-08-20,9.01,9.29,8.93,9.17,65307
2018-08-21,9.25,9.53,9.17,9.35,82481
2018-08-22,9.43,9.54,9.32,9.42,46919
2018-08-23,9.5,9.58,8.94,9.22,126729
2018-08-24,9.1,9.57,8.97,9.45,101136
2018-08-27,9.41,9.71,9.24,9.59,111463
2018-08-28,9.56,9.62,9.38,9.48,64803
2018-08-29,9.49,9.49,9.3,9.38,37217
2018-08-30,9.46,9.62,9.37,9.37,41693
2018-08-31,9.38,9.38,9.06,9.15,30411
2018-09-03,8.83,9.34,8.83,9.33,37064
2018-09-04,9.33,9.75,9.28,9.51,66363
2018-09-05,9.51,9.78,9.46,9.65,64637
2018-09-06,9.7,9.87,9.25,9.45,103023
2018-09-07,9.4,9.55,9.25,9.39,57577
2018-09-10,9.39,9.49,9.06,9.16,37756
2018-09-11,9.22,10.03,9.15,9.86,156828
2018-09-12,10.09,10.15,9.8,9.9,90658
2018-09-13,10.07,10.4,9.98,10.11,187231
2018-09-14,10.25,10.34,9.93,10.03,156055
2018-09-17,10.02,10.46,10.02,10.23,133724
2018-09-18,10.17,10.32,9.84,10.18,104147
2018-09-19,10.18,10.69,10.1,10.63,167468
2018-09-20,10.64,10.64,10.23,10.41,135516
2018-09-21,10.3,10.34,10.02,10.23,129909
2018-09-25,10.4,10.61,10.23,10.43,137431
2018-09-26,10.34,10.57,10.31,10.47,101431
2018-09-27,10.36,10.44,10.18,10.28,71071
2018-09-28,10.29,10.37,10.13,10.32,80206
2018-10-08,10.15,10.61,9.97,10.07,93464
2018-10-09,9.97,10.64,9.96,10.4,140052
2018-10-10,10.4,10.54,10.14,10.27,67876
2018-10-11,9.84,9.84,9.13,9.2,132759
2018-10-12,9.0,9.57,8.71,9.42,98289
2018-10-15,9.37,9.51,9.24,9.35,32444
2018-10-16,9.35,9.54,9.07,9.18,35041
2018-10-17,9.27,9.41,8.49,8.9,75848
2018-10-18,8.71,8.9,8.45,8.61,77762
2018-10-19,8.53,8.65,8.2,8.63,79862
2018-10-22,8.75,9.18,8.62,9.04,99349
2018-10-23,8.95,9.14,8.62,8.76,55745
2018-10-24,8.5,8.5,8.15,8.36,99658
2018-10-25,8.18,8.51,8.05,8.5,51513
2018-10-26,8.55,8.7,8.4,8.53,43851
2018-10-29,8.53,8.62,8.35,8.42,24883
2018-10-30,8.33,8.75,8.33,8.69,47384
2018-10-31,8.62,8.77,8.45,8.67,60423
2018-11-01,8.61,8.68,8.47,8.52,66824
2018-11-02,8.53,8.69,8.43,8.69,73664
2018-11-05,8.63,8.97,8.58,8.96,80818
2018-11-06,8.89,9.07,8.8,8.96,60354
2018-11-07,8.9,8.98,8.8,8.83,43468
2018-11-08,8.86,9.14,8.82,8.93,45040
2018-11-09,8.9,8.95,8.65,8.79,41631
2018-11-12,8.78,8.96,8.73,8.95,34386
2018-11-13,8.83,8.94,8.76,8.89,52256
2018-11-14,8.75,8.75,8.36,8.46,128259
2018-11-15,8.46,8.59,8.43,8.59,60931
2018-11-16,8.62,8.74,8.56,8.7,54573
2018-11-19,8.75,8.79,8.65,8.73,43725
2018-11-20,8.66,8.75,8.54,8.54,42016
2018-11-21,8.23,8.32,8.02,8.31,88879
2018-11-22,8.32,8.4,8.25,8.3,45454
2018-11-23,8.3,8.3,8.05,8.11,45489
2018-11-26,8.0,8.2,7.94,8.17,51378
2018-11-27,8.16,8.2,8.0,8.03,39255
2018-11-28,8.05,8.16,8.0,8.16,28121
2018-11-29,8.12,8.18,8.02,8.03,31353
2018-11-30,8.05,8.14,7.99,8.11,27489
2018-12-03,8.29,8.42,8.19,8.33,74085
2018-12-04,8.31,8.48,8.29,8.45,49134
2018-12-05,8.45,8.45,8.3,8.35,33203
2018-12-06,8.34,8.35,8.21,8.23,22413
2018-12-07,8.25,8.31,8.15,8.31,17836
2018-12-10,8.33,8.42,8.3,8.34,31182
2018-12-11,8.24,8.28,8.19,8.24,19911
2018-12-12,8.33,8.34,8.25,8.27,11587
2018-12-13,8.27,8.4,8.22,8.37,20419
2018-12-14,8.43,8.44,8.23,8.24,22186
2018-12-17,8.2,8.29,8.14,8.19,18983
2018-12-18,8.04,8.18,8.03,8.09,30774
2018-12-19,8.02,8.03,7.84,7.89,57658
2018-12-20,7.93,7.93,7.77,7.82,31650
2018-12-21,7.75,7.77,7.65,7.72,48935
2018-12-24,7.63,7.77,7.63,7.77,15263
2018-12-25,7.65,7.65,7.55,7.59,40927
2018-12-26,7.6,7.64,7.55,7.58,22464
2018-12-27,7.81,7.85,7.52,7.52,56473
2018-12-28,7.49,7.57,7.36,7.39,39871
2019-01-02,7.39,7.46,7.18,7.22,42929
2019-01-03,7.26,7.28,7.07,7.11,42318
2019-01-04,7.1,7.2,7.0,7.2,55842
2019-01-07,7.24,7.31,7.17,7.29,38761
2019-01-08,7.28,7.32,7.22,7.3,26212
2019-01-09,7.36,7.46,7.33,7.35,42333
2019-01-10,7.46,7.52,7.35,7.36,36931
2019-01-11,7.36,7.38,7.27,7.36,24171
2019-01-14,7.33,7.36,7.29,7.31,23120
2019-01-15,7.26,7.49,7.26,7.49,45520
2019-01-16,7.52,7.52,7.37,7.46,45088
2019-01-17,7.45,7.48,7.38,7.43,26739
2019-01-18,7.51,7.53,7.43,7.53,32956
2019-01-21,7.61,7.64,7.5,7.59,55791
2019-01-22,7.58,7.6,7.45,7.45,33877
2019-01-23,7.4,7.47,7.35,7.37,30483
2019-01-24,7.37,7.81,7.37,7.7,74945
2019-01-25,7.77,7.79,7.65,7.68,34170
2019-01-28,7.73,7.84,7.45,7.46,35882
2019-01-29,7.44,7.5,7.33,7.44,38178
2019-01-30,7.55,7.55,7.32,7.33,30092
2019-01-31,7.37,7.52,7.25,7.4,39094
2019-02-01,7.41,7.57,7.41,7.55,26783
2019-02-11,7.53,7.6,7.47,7.59,30511
2019-02-12,7.62,7.65,7.58,7.65,34083
2019-02-13,7.7,7.77,7.62,7.74,76780
2019-02-14,7.77,7.8,7.67,7.71,54508
2019-02-15,7.73,7.79,7.66,7.69,47365
2019-02-18,7.76,7.91,7.74,7.89,66576
2019-02-19,7.92,8.03,7.87,7.94,57806
2019-02-20,7.93,7.99,7.88,7.96,43734
2019-02-21,8.0,8.01,7.79,7.82,54255
2019-02-22,7.8,7.94,7.75,7.93,45227
2019-02-25,7.95,8.69,7.93,8.49,192367
2019-02-26,8.61,8.98,8.49,8.59,273948
2019-02-27,8.6,8.73,8.45,8.51,124902
2019-02-28,8.55,8.71,8.49,8.68,107346
2019-03-01,8.7,8.73,8.59,8.69,74119
2019-03-04,8.68,8.85,8.68,8.75,146551
2019-03-05,8.72,8.77,8.6,8.75,97930
2019-03-06,8.77,8.89,8.68,8.86,151231
2019-03-07,8.86,8.97,8.77,8.87,131009
2019-03-08,8.76,8.76,8.3,8.31,134341
2019-03-11,8.32,8.51,8.26,8.46,106409
2019-03-12,8.51,8.63,8.39,8.54,150324
2019-03-13,8.56,8.6,8.41,8.5,100522
2019-03-14,8.53,8.71,8.32,8.47,103323
2019-03-15,8.48,8.64,8.38,8.55,88156
2019-03-18,8.5,8.9,8.47,8.88,143043
2019-03-19,8.92,8.93,8.73,8.83,97193
2019-03-20,8.82,8.91,8.63,8.79,110601
2019-03-21,8.83,9.12,8.77,9.02,148230
2019-03-22,9.02,9.03,8.75,8.86,89608
2019-03-25,8.7,8.82,8.64,8.68,67913
2019-03-26,8.71,8.86,8.49,8.54,95917
2019-03-27,8.59,8.87,8.48,8.81,102046
2019-03-28,8.71,8.82,8.64,8.72,84731
2019-03-29,8.74,9.05,8.7,9.04,148497
2019-04-01,9.07,9.48,8.99,9.37,184270
2019-04-02,9.49,9.63,9.23,9.3,129406
2019-04-03,9.31,9.73,9.27,9.59,167218
2019-04-04,9.47,9.62,9.35,9.53,131415
2019-04-08,9.65,9.72,9.38,9.65,155481
2019-04-09,9.75,9.83,9.45,9.56,102814
2019-04-10,9.45,9.54,9.25,9.4,93517
2019-04-11,9.4,9.51,9.3,9.31,83127
2019-04-12,9.26,9.36,9.13,9.24,61998
2019-04-15,9.37,9.59,9.15,9.21,95334
2019-04-16,9.16,9.42,9.13,9.41,66702
2019-04-17,9.47,9.49,9.33,9.45,60318
2019-04-18,9.45,9.45,9.25,9.26,47793
2019-04-19,9.31,9.37,9.14,9.28,47797
2019-04-22,9.33,9.93,9.33,9.73,176267
2019-04-23,9.73,9.9,9.43,9.66,140419
2019-04-24,9.61,9.65,9.39,9.47,88276
2019-04-25,9.46,9.46,9.07,9.09,89299
2019-04-26,9.04,9.08,8.84,8.86,69904
2019-04-29,8.74,8.88,8.65,8.66,71364
2019-04-30,8.68,8.83,8.67,8.8,41440
2019-05-06,8.44,8.52,7.93,8.02,113734
2019-05-07,8.17,8.2,8.0,8.16,57347
2019-05-08,8.01,8.26,7.95,8.13,46900
2019-05-09,8.21,8.21,7.97,7.99,43327
2019-05-10,8.02,8.25,7.93,8.21,54271
2019-05-13,8.15,8.64,8.06,8.39,80325
2019-05-14,8.25,8.36,8.1,8.1,61248
2019-05-15,8.18,8.31,8.16,8.24,53679
2019-05-16,8.32,8.43,8.24,8.36,54076
2019-05-17,8.43,8.43,8.04,8.08,47709
2019-05-20,8.06,8.19,7.98,8.13,50406
2019-05-21,8.09,8.31,8.03,8.22,43293
2019-05-22,8.18,8.27,8.15,8.16,40535
2019-05-23,8.16,8.18,7.94,7.94,46718
2019-05-24,7.87,8.08,7.85,8.04,47546
2019-05-27,8.01,8.17,7.97,8.12,35514
2019-05-28,8.17,8.21,8.07,8.1,37984
2019-05-29,8.09,8.18,8.06,8.08,33066
2019-05-30,8.12,8.59,8.1,8.46,138210
2019-05-31,8.42,8.76,8.37,8.39,129223
2019-06-03,8.35,8.39,8.05,8.07,87114
2019-06-04,8.07,8.5,7.95,8.43,100296
2019-06-05,8.43,8.43,8.18,8.29,73459
2019-06-06,8.18,8.2,7.85,7.91,75486
2019-06-10,7.97,8.07,7.96,8.01,48607
2019-06-11,8.04,8.23,7.97,8.21,63550
2019-06-12,8.17,8.23,8.12,8.17,40330
2019-06-13,8.08,8.33,8.07,8.32,59792
2019-06-14,8.32,8.39,8.08,8.11,46630
2019-06-17,8.12,8.2,8.08,8.12,28692
2019-06-18,8.11,8.21,8.06,8.13,26212
2019-06-19,8.32,8.34,8.15,8.16,40509
2019-06-20,8.18,8.33,8.12,8.32,55344
2019-06-21,8.47,8.62,8.39,8.52,96451
2019-06-24,8.6,8.61,8.48,8.56,54212
2019-06-25,8.56,8.58,8.32,8.49,53598
2019-06-26,8.47,8.76,8.45,8.7,87081
2019-06-27,8.7,8.76,8.56,8.62,60213
2019-06-28,8.64,8.64,8.42,8.55,37389
2019-07-01,8.67,8.76,8.58,8.75,69039
2019-07-02,8.75,8.75,8.62,8.7,44500
2019-07-03,8.6,8.62,8.47,8.55,44036
2019-07-04,8.61,8.7,8.39,8.48,42403
2019-07-05,8.54,8.56,8.41,8.46,30625
2019-07-08,8.51,8.54,8.12,8.2,60355
2019-07-09,8.21,8.3,8.17,8.28,26682
2019-07-10,8.28,8.4,8.28,8.35,39548
2019-07-11,8.49,9.26,8.49,8.84,149024
2019-07-12,8.89,8.92,8.74,8.8,67806
2019-07-15,8.81,8.99,8.68,8.92,91441
2019-07-16,8.82,9.12,8.81,9.05,92376
2019-07-17,9.06,9.26,9.0,9.22,108451
2019-07-18,9.2,9.2,9.05,9.13,57274
2019-07-19,9.19,9.41,9.14,9.24,66787
2019-07-22,9.35,9.45,9.15,9.31,76667
2019-07-23,9.24,9.51,9.18,9.35,59580
2019-07-24,9.34,9.49,9.29,9.35,60338
2019-07-25,9.37,9.4,9.23,9.31,34106
2019-07-26,9.27,9.44,9.09,9.37,86906
2019-07-29,9.43,9.49,9.17,9.25,50395
2019-07-30,9.25,9.35,9.21,9.25,38225
2019-07-31,9.34,9.34,9.13,9.17,35912
2019-08-01,9.06,9.23,9.05,9.2,42504
2019-08-02,8.98,9.06,8.66,8.95,100972
2019-08-05,8.92,9.25,8.89,9.06,60506
2019-08-06,8.91,8.99,8.59,8.67,87857
2019-08-07,8.74,9.05,8.64,8.89,56679
2019-08-08,8.86,8.94,8.65,8.69,37391
2019-08-09,8.72,8.78,8.53,8.63,38478
2019-08-12,8.67,8.82,8.53,8.78,43397
2019-08-13,8.72,8.89,8.67,8.73,32414
2019-08-14,8.84,8.9,8.72,8.75,26383
2019-08-15,8.53,8.61,8.37,8.55,57830
2019-08-16,8.55,8.59,8.44,8.46,40037
2019-08-19,8.46,8.7,8.46,8.65,42298
2019-08-20,8.69,8.99,8.63,8.86,52187
2019-08-21,8.89,9.08,8.83,9.08,45364
2019-08-22,9.87,9.87,9.37,9.6,239975
2019-08-23,9.53,10.4,9.53,10.22,300735
2019-08-26,9.94,10.4,9.87,10.26,174251
2019-08-27,10.29,10.67,10.26,10.56,137355
2019-08-28,10.55,10.85,10.5,10.65,127601
2019-08-29,10.72,11.72,10.62,11.21,268440
2019-08-30,11.44,11.51,10.91,10.98,172539
2019-09-02,10.93,11.97,10.92,11.76,193013
2019-09-03,11.64,11.77,11.5,11.61,105339
2019-09-04,11.54,12.29,11.54,12.14,161616
2019-09-05,12.2,12.26,11.75,11.85,188900
2019-09-06,11.83,12.04,11.51,11.69,229826
2019-09-09,11.79,11.84,11.53,11.64,185526
2019-09-10,11.76,11.91,11.58,11.72,133691
2019-09-11,11.76,11.76,11.41,11.52,96098
2019-09-12,11.72,11.72,11.3,11.52,92408
2019-09-16,12.07,12.23,11.57,11.72,274131
2019-09-17,11.77,11.84,11.15,11.29,157971
2019-09-18,11.17,11.61,11.01,11.48,130271
2019-09-19,11.47,11.88,11.27,11.76,111976
2019-09-20,11.82,11.97,11.69,11.69,100058
2019-09-23,11.73,12.86,11.67,12.74,265312
2019-09-24,12.81,12.81,11.63,11.69,252509
2019-09-25,11.33,11.56,11.14,11.2,103889
2019-09-26,11.19,11.48,10.92,11.11,104104
2019-09-27,11.11,11.26,10.99,11.2,59974
2019-09-30,11.18,11.48,11.02,11.17,59249
2019-10-08,11.14,11.41,11.12,11.31,47500
2019-10-09,11.3,11.3,10.84,11.07,61049
2019-10-10,11.15,11.67,11.14,11.62,92374
2019-10-11,11.62,12.74,11.58,12.68,215036
2019-10-14,12.47,12.71,12.24,12.54,150854
2019-10-15,12.39,12.54,12.1,12.22,90724
2019-10-16,12.32,12.5,12.12,12.23,67317
2019-10-17,12.16,12.91,12.16,12.61,125501
2019-10-18,12.67,12.74,12.1,12.3,88388
2019-10-21,12.24,12.7,11.83,12.46,105804
2019-10-22,12.46,12.57,12.05,12.25,78549
2019-10-23,12.2,12.37,11.88,12.02,69154
2019-10-24,12.07,12.38,11.94,12.24,61883
2019-10-25,12.28,13.37,12.23,13.22,168097
2019-10-28,13.22,13.42,12.94,13.27,122787
2019-10-29,13.0,13.33,12.94,13.18,79460
2019-10-30,13.14,13.18,12.82,13.1,80751
2019-10-31,13.47,14.05,13.12,13.64,270359
2019-11-01,13.61,13.86,13.43,13.74,155038
2019-11-04,13.86,13.99,13.48,13.88,81996
2019-11-05,13.96,14.84,13.92,14.42,169318
2019-11-06,14.48,14.67,13.96,14.22,127273
2019-11-07,14.2,14.55,13.82,14.48,108975
2019-11-08,14.48,14.52,13.96,14.17,112338
2019-11-11,14.09,14.2,13.82,13.9,84694
2019-11-12,13.92,14.33,13.42,14.27,131261
2019-11-13,14.1,14.19,13.68,13.77,86117
2019-11-14,13.95,14.09,13.75,14.02,71084
2019-11-15,13.95,14.02,13.65,13.69,53429
2019-11-18,13.8,14.77,13.67,14.72,165517
2019-11-19,14.7,14.99,14.35,14.87,141880
2019-11-20,14.78,15.23,14.52,15.18,121061
2019-11-21,15.2,15.3,14.59,14.9,86686
2019-11-22,15.06,15.92,15.06,15.57,221716
2019-11-25,15.57,15.92,15.18,15.8,124743
2019-11-26,15.6,15.99,15.2,15.92,104005
2019-11-27,15.85,16.37,15.74,15.88,117927
2019-11-28,15.8,16.07,15.62,15.64,111324
2019-11-29,15.79,15.97,15.44,15.6,97304
2019-12-02,15.53,15.86,15.39,15.52,93482
2019-12-03,15.72,15.72,15.24,15.55,52968
2019-12-04,15.53,15.67,15.32,15.54,57409
2019-12-05,15.65,16.09,15.12,15.47,125690
2019-12-06,15.51,15.55,15.02,15.46,87434
2019-12-09,15.43,15.62,15.08,15.41,94365
2019-12-10,15.45,15.64,15.2,15.42,72454
2019-12-11,15.5,16.24,15.3,16.04,136277
2019-12-12,16.04,16.27,15.72,16.21,104914
2019-12-13,16.38,16.42,16.0,16.39,100638
2019-12-16,16.39,16.97,16.38,16.84,114023
2019-12-17,16.79,17.0,16.65,16.88,71813
2019-12-18,16.93,16.98,16.71,16.75,54140
2019-12-19,16.84,17.05,16.69,16.94,66488
2019-12-20,16.87,17.49,16.78,16.87,64604
2019-12-23,16.86,17.82,16.48,17.35,127086
2019-12-24,17.42,17.82,17.06,17.31,70709
2019-12-25,17.35,17.87,17.04,17.68,93087
2019-12-26,17.71,18.37,17.69,18.13,80223
2019-12-27,18.12,18.3,17.85,17.92,62528
2019-12-30,17.95,18.1,17.73,18.0,54792
2019-12-31,18.0,18.28,17.93,18.12,59533
2020-01-02,18.13,18.58,17.88,18.01,108664
2020-01-03,17.88,18.31,17.51,18.22,117793
2020-01-06,18.6,19.97,18.6,19.93,257343
2020-01-07,18.72,19.44,18.72,19.12,171008
2020-01-08,20.03,20.12,18.62,18.99,174634
2020-01-09,18.3,18.48,17.7,18.08,191207
2020-01-10,18.17,18.17,16.95,17.09,263960
2020-01-13,17.19,17.62,16.89,17.52,155481
2020-01-14,17.51,17.86,17.32,17.55,110004
2020-01-15,17.62,17.65,16.99,17.51,82426
2020-01-16,17.51,17.52,17.09,17.25,96121
2020-01-17,17.4,17.6,17.18,17.43,69572
2020-01-20,17.49,17.79,17.12,17.25,85809
2020-01-21,17.26,17.26,16.51,16.91,105359
2020-01-22,16.84,17.07,16.52,17.06,98645
2020-01-23,16.58,16.74,15.25,15.38,210231
2020-02-03,13.73,14.22,13.73,13.73,183294
2020-02-04,13.71,15.16,13.71,15.06,250373
2020-02-05,15.17,15.68,14.54,14.67,195820
2020-02-06,15.0,15.69,14.58,15.47,165376
2020-02-07,15.16,15.72,15.1,15.31,128995
2020-02-10,15.28,16.78,15.22,16.51,177823
2020-02-11,16.63,16.64,15.99,16.17,151567
2020-02-12,16.26,16.47,16.07,16.42,98303
2020-02-13,16.57,17.34,16.57,17.21,149509
2020-02-14,17.14,17.17,16.75,17.1,109579
2020-02-17,17.07,17.54,16.79,17.32,115806
2020-02-18,17.43,17.45,16.88,17.02,92795
2020-02-19,16.87,17.22,16.67,16.71,78421
2020-02-20,16.89,17.07,16.77,16.96,61564
2020-02-21,16.9,17.18,16.66,16.97,77577
2020-02-24,16.5,16.77,16.14,16.17,157416
2020-02-25,15.27,16.07,15.25,15.71,115873
2020-02-26,15.41,15.71,15.28,15.35,103434
2020-02-27,15.22,15.39,14.89,15.03,107118
2020-02-28,14.98,14.98,13.9,14.02,271623
2020-03-02,14.07,14.77,14.07,14.5,145125
2020-03-03,14.9,15.68,14.83,14.95,148099
2020-03-04,15.03,15.07,14.57,14.88,101582
2020-03-05,15.02,15.42,14.75,15.28,118759
2020-03-06,14.92,15.09,14.75,15.04,76224
2020-03-09,13.44,13.79,13.43,13.67,346574
2020-03-10,13.62,13.7,12.88,13.55,242642
2020-03-11,13.59,14.43,13.59,13.61,272938
2020-03-12,13.25,13.25,12.65,12.86,175344
2020-03-13,12.01,12.77,11.72,12.63,194987
2020-03-16,12.37,12.51,11.62,11.7,179298
2020-03-17,11.62,11.97,11.46,11.59,163648
2020-03-18,11.52,11.66,10.99,11.07,204986
2020-03-19,11.06,11.25,10.52,10.73,182054
2020-03-20,11.27,11.5,11.04,11.29,178067
2020-03-23,11.02,11.02,10.48,10.64,191422
2020-03-24,10.95,11.38,10.83,11.27,214630
2020-03-25,11.6,11.65,11.24,11.5,162709
2020-03-26,11.65,11.65,10.85,10.92,218611
2020-03-27,11.03,11.09,10.63,10.8,197273
2020-03-30,10.47,10.47,9.76,10.17,293855
2020-03-31,10.16,10.8,10.16,10.6,236862
2020-04-01,10.48,10.7,10.15,10.21,216789
2020-04-02,10.28,11.34,10.09,11.34,371688
2020-04-03,11.52,11.91,11.17,11.75,572556
2020-04-07,11.75,12.36,11.72,12.02,525429
2020-04-08,11.69,11.83,11.42,11.73,320092
2020-04-09,11.93,12.0,11.62,11.86,300571
2020-04-10,11.38,11.66,11.32,11.42,231494
2020-04-13,11.52,11.7,11.02,11.1,222109
2020-04-14,11.02,11.37,10.81,11.32,213885
2020-04-15,11.12,11.43,10.97,11.26,179275
2020-04-16,10.93,11.24,10.93,11.18,130043
2020-04-17,11.37,11.67,11.27,11.33,256486
2020-04-20,11.13,11.28,11.02,11.25,134183
2020-04-21,10.98,11.53,10.98,11.19,200554
2020-04-22,11.05,11.18,10.63,10.89,216784
2020-04-23,11.07,11.97,11.0,11.82,437744
2020-04-24,11.92,11.92,10.83,10.9,348819
2020-04-27,10.76,10.82,10.25,10.31,243619
2020-04-28,10.19,10.19,9.59,9.93,193758
2020-04-29,10.03,10.36,10.03,10.31,150488
2020-04-30,10.94,11.4,10.72,11.32,334286
2020-05-06,11.68,11.8,11.41,11.66,320971
2020-05-07,11.64,11.88,11.55,11.73,216428
2020-05-08,11.89,12.14,11.61,11.94,227373
2020-05-11,11.94,12.57,11.84,12.41,242484
2020-05-12,12.34,12.34,11.81,12.09,175694
2020-05-13,12.02,12.16,11.76,12.05,115205
2020-05-14,12.01,12.22,11.83,12.03,119631
2020-05-15,12.17,12.48,12.05,12.15,141369
2020-05-18,12.33,12.41,12.03,12.2,132638
2020-05-19,12.6,12.97,12.32,12.42,239651
2020-05-20,12.12,12.42,12.09,12.12,128938
2020-05-21,12.29,12.33,11.98,12.2,123126
2020-05-22,12.07,12.11,11.63,11.69,158794
2020-05-25,11.6,11.68,11.32,11.36,111570
2020-05-26,11.5,11.81,11.42,11.81,94859
2020-05-27,11.86,11.86,11.41,11.48,84182
2020-05-28,11.49,11.6,11.21,11.59,82754
2020-05-29,11.57,11.63,11.4,11.46,70268
2020-06-01,11.6,12.17,11.6,12.11,176597
2020-06-02,12.08,12.47,12.03,12.39,136088
2020-06-03,12.92,13.34,12.43,12.5,315134
2020-06-04,12.56,12.62,12.05,12.05,190518
2020-06-05,12.18,12.33,11.93,12.29,110995
2020-06-08,12.69,13.32,12.55,13.26,306638
2020-06-09,13.06,13.14,12.76,13.0,213027
2020-06-10,12.82,12.94,12.53,12.77,132414
2020-06-11,12.67,12.74,12.39,12.52,126670
2020-06-12,12.05,12.74,11.88,12.55,202996
2020-06-15,12.32,12.51,12.2,12.21,110252
2020-06-16,12.48,12.72,12.36,12.59,110332
2020-06-17,12.78,12.78,12.47,12.56,88782
2020-06-18,12.38,12.67,12.32,12.53,75607
2020-06-19,12.55,12.72,12.45,12.61,111525
2020-06-22,12.59,12.73,12.51,12.55,96725
2020-06-23,12.55,12.61,12.32,12.37,106567
2020-06-24,12.36,12.5,12.3,12.41,72363
2020-06-29,12.18,12.27,11.91,11.95,130408
2020-06-30,12.04,12.34,12.04,12.22,104896
2020-07-01,12.29,12.37,12.04,12.28,121320
2020-07-02,12.3,12.78,12.21,12.76,206519
2020-07-03,12.78,13.27,12.77,12.91,218979
2020-07-06,13.27,13.89,12.99,13.76,268749
2020-07-07,13.87,14.43,13.48,13.48,323390
2020-07-08,13.48,13.95,13.29,13.89,255060
2020-07-09,13.87,14.66,13.68,14.6,297018
2020-07-10,14.43,14.43,13.88,13.98,243962
2020-07-13,14.06,14.17,13.81,14.1,232569
2020-07-14,14.04,14.04,13.55,13.77,215172
2020-07-15,14.1,14.17,13.66,13.77,164256
2020-07-16,13.77,14.02,13.13,13.2,172892
2020-07-17,13.17,13.33,12.8,13.06,144654
2020-07-20,13.07,13.52,13.0,13.45,140641
2020-07-21,13.41,13.62,13.33,13.49,110537
2020-07-22,13.67,14.49,13.6,14.22,332378
2020-07-23,13.95,13.95,13.35,13.69,264408
2020-07-24,13.43,13.67,12.92,13.02,177791
2020-07-27,13.02,13.09,12.62,12.77,136645
2020-07-28,12.93,13.13,12.7,12.87,123451
2020-07-29,12.88,13.14,12.69,13.12,120474
2020-07-30,13.1,13.23,12.78,12.93,144313
2020-07-31,12.84,12.99,12.67,12.92,132651
2020-08-03,12.91,13.13,12.87,13.1,164028
2020-08-04,13.03,13.31,12.82,13.19,177521
2020-08-05,13.16,13.39,12.87,13.17,207738
2020-08-06,13.26,13.34,12.93,13.05,167735
2020-08-07,12.96,12.98,12.4,12.5,195315
2020-08-10,12.45,12.75,12.39,12.64,145955
2020-08-11,12.64,13.02,12.64,12.72,182762
2020-08-12,12.64,12.89,12.49,12.87,122409
2020-08-13,12.94,12.97,12.76,12.8,77593
2020-08-14,12.76,12.89,12.57,12.79,87889
2020-08-17,12.78,13.03,12.7,12.99,141658
2020-08-18,13.0,13.11,12.82,12.87,125917
2020-08-19,12.88,12.92,12.64,12.69,120488
2020-08-20,12.57,12.6,12.44,12.46,111121
2020-08-21,12.56,12.75,12.48,12.65,97324
2020-08-24,12.68,12.82,12.6,12.76,84943
2020-08-25,12.71,12.86,12.58,12.59,65841
2020-08-26,12.71,12.8,12.45,12.78,104771
2020-08-27,12.82,12.96,12.55,12.58,139094
2020-08-28,12.61,12.64,12.19,12.36,167499
2020-08-31,12.3,12.46,12.26,12.29,97595
2020-09-01,12.24,12.24,12.08,12.2,108349
2020-09-02,12.18,12.18,11.96,12.05,115516
2020-09-03,11.96,12.0,11.64,11.65,152670
2020-09-04,11.43,11.75,11.38,11.71,78814
2020-09-07,11.62,11.72,11.37,11.37,85194
2020-09-08,11.37,11.48,11.08,11.43,89674
2020-09-09,11.21,11.28,10.98,11.05,107605
2020-09-10,11.18,11.28,10.73,10.73,92849
2020-09-11,10.71,10.81,10.49,10.78,71874
2020-09-14,10.8,10.97,10.76,10.95,60898
2020-09-15,10.98,10.98,10.8,10.87,42411
2020-09-16,10.93,11.35,10.92,11.18,115262
2020-09-17,11.31,11.66,11.29,11.35,120416
2020-09-18,11.38,11.44,11.18,11.4,74073
2020-09-21,11.47,11.47,11.26,11.3,52487
2020-09-22,11.15,11.15,10.94,10.94,69588
2020-09-23,10.98,11.12,10.93,10.96,36707
2020-09-24,10.76,10.88,10.63,10.74,56903
2020-09-25,10.84,10.86,10.65,10.67,36614
2020-09-28,10.73,10.78,10.63,10.67,25606
2020-09-29,10.76,10.85,10.7,10.83,34540
2020-09-30,10.78,10.82,10.58,10.67,37694
2020-10-09,10.93,11.04,10.83,10.94,59473
2020-10-12,10.93,11.17,10.89,11.15,69166
2020-10-13,11.08,11.08,10.96,11.07,46333
2020-10-14,11.07,11.09,10.9,10.93,36628
2020-10-15,11.0,11.01,10.85,10.88,31917
2020-10-16,10.88,11.0,10.86,10.96,45937
2020-10-19,10.98,11.1,10.94,10.98,54947
2020-10-20,10.97,11.08,10.88,11.07,35677
2020-10-21,11.03,11.07,10.92,11.01,31318
2020-10-22,10.96,10.96,10.82,10.82,33866
2020-10-23,10.84,10.95,10.74,10.76,45737
2020-10-26,10.76,10.76,10.59,10.6,37759
2020-10-27,10.56,10.6,10.39,10.39,55277
2020-10-28,10.5,10.5,10.2,10.34,39295
2020-10-29,10.1,10.24,10.08,10.11,62139
2020-10-30,10.13,10.17,9.93,9.94,64376
2020-11-02,9.89,9.89,9.48,9.52,78219
2020-11-03,9.63,9.93,9.63,9.87,67148
2020-11-04,9.94,10.06,9.79,9.99,46375
2020-11-05,9.99,10.05,9.84,9.96,49806
2020-11-06,9.93,10.12,9.83,10.0,60030
2020-11-09,10.08,10.31,10.05,10.29,71137
2020-11-10,11.01,11.28,10.66,10.89,219042
2020-11-11,11.08,11.18,10.76,10.88,133307
2020-11-12,10.78,10.87,10.59,10.66,72979
2020-11-13,10.48,10.57,10.34,10.43,72378
2020-11-16,10.5,11.01,10.48,10.93,117852
2020-11-17,11.21,11.54,11.08,11.36,221218
2020-11-18,11.28,11.45,11.1,11.31,129924
2020-11-19,11.31,11.5,11.26,11.35,82335
2020-11-20,11.39,12.06,11.2,11.86,211279
2020-11-23,12.04,12.8,12.04,12.72,390985
2020-11-24,12.73,13.04,12.46,13.01,265481
2020-11-25,13.53,13.82,12.98,13.18,336792
2020-11-26,12.79,13.41,12.58,12.7,211081
2020-11-27,12.53,12.87,12.31,12.71,155587
2020-11-30,12.66,12.83,12.14,12.16,235100
2020-12-01,11.96,12.29,11.69,12.23,182421
2020-12-02,12.26,12.49,12.03,12.33,127972
2020-12-03,12.49,13.22,12.45,12.96,239864
2020-12-04,12.87,13.13,12.57,12.93,137038
2020-12-07,12.87,13.05,12.49,12.49,139792
2020-12-08,12.58,12.6,12.16,12.34,96074
2020-12-09,12.23,12.38,12.09,12.16,84385
2020-12-10,11.99,12.55,11.98,12.42,90353
2020-12-11,12.76,12.93,12.36,12.43,148743
2020-12-14,12.41,12.47,12.07,12.23,85678
2020-12-15,12.14,12.24,11.65,12.17,126702
2020-12-16,12.18,12.51,11.99,12.42,80566
2020-12-17,12.42,12.76,12.34,12.75,117435
2020-12-18,12.74,12.82,12.43,12.43,87992
2020-12-21,12.35,12.6,12.08,12.36,98638
2020-12-22,12.18,12.32,11.72,11.73,109155
2020-12-23,11.68,12.36,11.66,12.23,103865
2020-12-24,12.43,12.48,12.08,12.27,71078
2020-12-25,12.26,12.53,12.05,12.48,78753
2020-12-28,12.55,12.57,11.96,11.98,108876
2020-12-29,11.96,12.13,11.87,12.02,58950
2020-12-30,12.03,12.07,11.76,11.82,61660
2020-12-31,11.77,12.02,11.74,11.85,66281
2021-01-04,11.88,12.48,11.73,12.48,147045
2021-01-05,12.34,12.35,11.89,11.94,127938
2021-01-06,12.36,13.23,12.36,12.98,276629
2021-01-07,12.68,13.73,12.53,13.53,330613
2021-01-08,13.54,13.84,13.16,13.8,222995
2021-01-11,13.97,14.28,13.25,13.58,202247
2021-01-12,13.38,13.98,13.38,13.81,154862
2021-01-13,14.13,15.28,14.08,15.28,390586
2021-01-14,15.08,15.46,14.78,15.0,214916
2021-01-15,14.96,15.76,14.3,14.86,265744
2021-01-18,14.34,15.29,14.14,15.28,215365
2021-01-19,15.2,15.51,15.08,15.29,141293
2021-01-20,15.58,15.93,14.48,14.92,246394
2021-01-21,14.82,15.37,14.66,15.24,175314
2021-01-22,15.13,15.13,14.38,14.65,161862
2021-01-25,14.4,15.36,14.1,14.77,174268
2021-01-26,14.96,15.17,14.21,14.3,102157
2021-01-27,14.34,14.89,14.31,14.51,125868
2021-01-28,14.17,14.62,13.99,13.99,133452
2021-01-29,14.18,14.38,13.33,13.68,134959
2021-02-01,13.5,14.62,13.36,14.48,199821
2021-02-02,14.68,15.68,14.67,15.16,254411
2021-02-03,15.57,15.93,15.34,15.35,306504
2021-02-04,15.61,16.44,15.44,15.9,299591
2021-02-05,16.38,17.29,16.07,16.28,353174
2021-02-08,16.45,16.53,15.48,16.27,233816
2021-02-09,16.48,17.99,16.37,17.99,203793
2021-02-10,17.86,17.86,17.0,17.7,277440
2021-02-18,19.16,19.22,17.99,18.24,298683
2021-02-19,17.59,17.83,16.85,17.67,242329
2021-02-22,17.58,19.53,17.38,19.3,386279
2021-02-23,19.71,20.37,19.33,19.4,305694
2021-02-24,19.23,19.37,17.73,18.18,278652
2021-02-25,18.8,19.35,17.78,17.88,190077
2021-02-26,16.75,17.78,16.39,16.68,220487
2021-03-01,16.99,17.05,16.27,16.78,170409
2021-03-02,16.48,16.48,15.61,15.75,232142
2021-03-03,15.68,16.45,15.48,16.38,148333
2021-03-04,16.38,17.16,15.85,16.13,170799
2021-03-05,16.69,17.03,16.13,16.43,161737
2021-03-08,17.18,17.72,16.69,17.03,238091
2021-03-09,16.58,16.66,15.24,15.58,208833
2021-03-10,15.22,15.37,14.79,15.16,121435
2021-03-11,15.3,15.92,15.18,15.89,100152
2021-03-12,16.04,16.26,15.65,15.88,77672
2021-03-15,15.88,16.15,15.54,15.75,84889
2021-03-16,15.42,15.47,14.58,14.82,188817
2021-03-17,14.6,15.06,14.35,14.96,95735
2021-03-18,14.82,15.38,14.65,15.31,101029
2021-03-19,14.23,14.68,14.03,14.1,186640
2021-03-22,14.0,14.35,14.0,14.31,73494
2021-03-23,14.31,14.31,13.88,14.03,71006
2021-03-24,13.69,13.77,12.99,13.2,190462
2021-03-25,13.56,14.18,13.52,13.86,202342
2021-03-26,13.58,14.13,13.5,14.07,121927
2021-03-29,14.3,14.42,13.97,14.15,94657
2021-03-30,14.31,14.42,14.06,14.34,95761
2021-03-31,14.34,14.34,13.88,13.91,107426
2021-04-01,14.01,14.06,13.66,13.98,77179
2021-04-02,14.37,14.38,13.73,13.82,73867
2021-04-06,13.56,13.82,13.48,13.79,58479
2021-04-07,13.92,13.93,13.62,13.77,68261
2021-04-08,13.63,13.76,13.46,13.65,76533
2021-04-09,13.59,13.7,13.35,13.64,83449
2021-04-12,13.66,13.75,13.08,13.24,73751
2021-04-13,13.35,13.37,13.02,13.07,67052
2021-04-14,13.07,13.41,13.02,13.29,57214
2021-04-15,13.64,13.73,13.23,13.48,113167
2021-04-16,13.38,14.01,13.38,13.59,135168
2021-04-19,13.48,13.59,13.35,13.54,80239
2021-04-20,13.54,13.76,13.38,13.59,83907
2021-04-21,13.38,13.41,12.99,13.0,147489
2021-04-22,13.01,13.11,12.83,12.95,94985
2021-04-23,12.96,12.99,12.76,12.84,71391
2021-04-26,12.97,13.28,12.85,13.22,135698
2021-04-27,13.14,13.28,12.79,13.15,103391
2021-04-28,13.14,13.85,13.03,13.73,170002
2021-04-29,13.45,13.53,12.27,12.62,330642
2021-04-30,12.46,12.5,12.19,12.34,97583
2021-05-06,12.48,12.98,12.48,12.79,115832
2021-05-07,12.94,13.49,12.67,13.1,146627
2021-05-10,13.43,14.29,13.16,14.27,272638
2021-05-11,13.88,13.99,13.29,13.89,190700
2021-05-12,13.72,14.42,13.68,14.36,155161
2021-05-13,14.05,15.04,13.93,14.32,162358
2021-05-14,13.89,14.6,13.68,14.38,137367
2021-05-17,14.71,14.73,14.29,14.49,113250
2021-05-18,14.57,15.24,14.55,15.22,173445
2021-05-19,14.91,14.91,14.34,14.43,144219
2021-05-20,13.98,13.98,13.45,13.61,149643
2021-05-21,13.52,13.77,13.39,13.55,87206
2021-05-24,13.67,13.86,13.38,13.41,93490
2021-05-25,13.66,13.79,13.4,13.55,101645
2021-05-26,13.5,13.5,13.19,13.47,103599
2021-05-27,13.41,13.44,13.27,13.4,94192
2021-05-28,13.56,13.64,13.09,13.09,151976
2021-05-31,13.07,13.07,12.79,12.91,112570
2021-06-01,12.98,13.55,12.86,13.48,172749
2021-06-02,13.74,14.65,13.56,14.32,337755
2021-06-03,14.3,14.61,14.07,14.2,222890
2021-06-04,13.91,14.12,13.68,13.96,137463
2021-06-07,14.17,14.59,14.08,14.33,195675
2021-06-08,14.14,14.28,13.97,14.08,89092
2021-06-09,14.42,15.13,14.31,15.06,256223
2021-06-10,14.82,15.02,14.52,14.64,142632
2021-06-11,14.58,14.9,14.48,14.53,150971
2021-06-15,14.73,15.01,14.14,14.47,133666
2021-06-16,14.72,15.38,14.72,15.12,252027
2021-06-17,14.96,15.13,14.45,14.78,134118
2021-06-18,14.41,14.45,13.61,13.93,186948
2021-06-21,13.94,14.07,13.48,13.75,116046
2021-06-22,14.2,14.65,14.03,14.23,157072
2021-06-23,14.05,14.2,13.75,14.05,105616
2021-06-24,14.07,14.18,13.82,13.95,76057
2021-06-25,14.15,14.29,13.86,14.02,94431
2021-06-28,14.19,14.27,13.66,13.74,101909
2021-06-29,13.45,13.75,13.37,13.72,61330
2021-06-30,13.78,13.79,13.37,13.61,73978
2021-07-01,13.73,13.73,13.39,13.41,44250
2021-07-02,13.7,13.91,13.5,13.59,82787
2021-07-05,13.4,13.49,13.0,13.45,75053
2021-07-06,13.65,13.73,13.5,13.63,65678
2021-07-07,13.32,13.65,13.13,13.65,62606
2021-07-08,13.42,13.55,13.23,13.29,71335
2021-07-09,13.27,13.41,13.07,13.34,58192
2021-07-12,13.45,13.52,13.24,13.29,58475
2021-07-13,13.28,13.43,13.16,13.38,50622
2021-07-14,13.4,13.49,13.21,13.22,65031
2021-07-15,13.08,13.19,12.85,13.13,66020
2021-07-16,13.11,13.11,12.9,12.91,51819
2021-07-19,12.92,12.93,12.4,12.46,104003
2021-07-20,12.15,12.48,11.8,12.42,157409
2021-07-21,12.19,12.31,12.16,12.25,60114
2021-07-22,12.51,12.62,12.36,12.49,109989
2021-07-23,12.51,12.61,12.07,12.09,94667
2021-07-26,12.01,12.29,11.81,11.98,70014
2021-07-27,12.1,12.24,11.89,11.9,82095
2021-07-28,11.87,12.0,11.35,11.44,92324
2021-07-29,11.54,11.61,11.39,11.54,59756
2021-07-30,11.49,11.57,11.32,11.42,67482
2021-08-02,11.45,11.59,11.11,11.57,130412
2021-08-03,11.43,11.56,11.31,11.47,78372
2021-08-04,11.47,11.76,11.27,11.71,93189
2021-08-05,11.62,11.62,11.44,11.5,62418
2021-08-06,11.53,11.64,11.4,11.56,59945
2021-08-09,11.5,11.8,11.34,11.75,83695
2021-08-10,11.75,11.93,11.58,11.87,109739
2021-08-11,11.93,12.11,11.88,11.97,91824
2021-08-12,11.93,12.0,11.82,11.85,56170
2021-08-13,11.83,11.88,11.69,11.76,57813
2021-08-16,11.8,12.11,11.75,11.92,83856
2021-08-17,11.85,12.01,11.55,11.58,78665
2021-08-18,11.58,11.93,11.55,11.92,71762
2021-08-19,11.85,11.85,11.58,11.6,68230
2021-08-20,11.55,11.55,11.25,11.43,94369
2021-08-23,11.42,11.83,11.42,11.73,76809
2021-08-24,11.9,12.09,11.83,12.0,106772
2021-08-25,12.11,12.34,12.02,12.25,115406
2021-08-26,12.17,12.34,12.01,12.19,99904
2021-08-27,12.27,12.3,12.09,12.28,66656
2021-08-30,12.28,12.9,12.28,12.65,119748
2021-08-31,12.64,13.3,12.41,13.24,195603
2021-09-01,13.36,13.6,12.99,13.3,191453
2021-09-02,13.29,13.5,12.95,13.44,149916
2021-09-03,13.55,13.81,13.27,13.36,116634
2021-09-06,13.15,13.61,13.1,13.49,115168
2021-09-07,13.55,14.49,13.39,14.19,223519
2021-09-08,14.23,14.25,13.72,13.85,138421
2021-09-09,13.88,15.3,13.88,14.95,372326
2021-09-10,14.75,14.75,14.28,14.43,196441
2021-09-13,14.48,15.07,14.28,14.9,162217
2021-09-14,15.11,15.53,14.43,14.59,194048
2021-09-15,14.29,15.22,14.28,14.82,149188
2021-09-16,15.05,15.75,14.75,14.75,224979
2021-09-17,15.05,15.05,14.13,14.45,137937
2021-09-22,14.0,14.59,13.95,14.52,135695
2021-09-23,14.75,14.97,13.85,14.35,191302
2021-09-24,14.7,15.54,14.35,14.69,215905
2021-09-27,14.8,15.41,14.47,15.02,172323
2021-09-28,15.06,16.6,15.06,16.59,348288
2021-09-29,15.85,15.9,15.14,15.35,263129
2021-09-30,15.05,15.54,15.04,15.35,99629
2021-10-08,16.15,16.91,15.65,16.45,253084
2021-10-11,16.42,17.24,16.02,16.19,182966
2021-10-12,16.19,16.72,15.48,15.65,190243
2021-10-13,15.65,15.65,14.01,14.48,180969
2021-10-14,14.49,14.6,13.95,14.53,145390
2021-10-15,14.4,15.05,14.28,14.9,131287
2021-10-18,14.95,15.57,14.65,15.33,179573
2021-10-19,15.11,15.42,14.84,15.24,119800
2021-10-20,14.84,15.13,14.51,14.64,97749
2021-10-21,14.94,15.03,14.54,14.63,68979
2021-10-22,14.67,14.67,14.07,14.3,83898
2021-10-25,14.54,14.98,14.3,14.91,90451
2021-10-26,14.91,15.11,14.65,14.75,79315
2021-10-27,14.77,14.8,14.28,14.33,54284
2021-10-28,14.12,14.17,13.04,13.73,153800
2021-10-29,13.64,14.24,13.3,14.13,111304
2021-11-01,13.92,14.63,13.75,14.48,85400
2021-11-02,14.45,14.7,14.06,14.5,69699
2021-11-03,14.24,14.75,14.17,14.5,55103
2021-11-04,14.25,14.49,14.09,14.34,54624
2021-11-05,14.26,14.32,13.61,13.94,97881
2021-11-08,14.05,14.68,14.04,14.6,82601
2021-11-09,14.6,14.6,14.08,14.32,50645
2021-11-10,14.47,14.75,14.05,14.57,65105
2021-11-11,14.21,14.45,14.05,14.35,75894
2021-11-12,14.25,14.34,14.09,14.22,51046
2021-11-15,14.23,14.39,13.94,14.13,46920
2021-11-16,14.14,14.33,13.79,13.84,46138
2021-11-17,13.8,13.81,13.48,13.68,61161
2021-11-18,13.54,13.64,13.12,13.15,146526
2021-11-19,13.12,13.42,13.08,13.35,56046
2021-11-22,13.25,13.41,12.98,13.38,81344
2021-11-23,13.25,13.45,13.23,13.31,43743
2021-11-24,13.44,13.64,13.26,13.38,56435
2021-11-25,13.33,13.35,13.09,13.27,52066
2021-11-26,13.1,13.25,12.93,13.0,59851
2021-11-29,12.66,12.87,12.36,12.8,77277
2021-11-30,12.8,13.05,12.76,12.8,41791
2021-12-01,12.71,12.91,12.63,12.85,63749
2021-12-02,12.83,12.83,12.42,12.46,115181
2021-12-03,12.54,12.8,12.46,12.77,63411
2021-12-06,12.68,13.01,12.66,12.74,68650
2021-12-07,12.85,13.11,12.76,13.07,90366
2021-12-08,13.21,13.25,12.96,13.05,50993
2021-12-09,13.09,13.27,13.0,13.16,59606
2021-12-10,13.05,13.14,12.93,13.0,48436
2021-12-13,13.07,13.21,13.03,13.11,35193
2021-12-14,13.01,13.25,12.93,13.15,64710
2021-12-15,13.1,13.24,13.05,13.07,51307
2021-12-16,13.15,13.69,13.09,13.56,88495
2021-12-17,13.61,13.85,13.54,13.55,66044
2021-12-20,13.4,13.72,13.3,13.43,59107
2021-12-21,13.46,13.73,13.44,13.55,52680
2021-12-22,13.69,13.95,13.65,13.74,66264
2021-12-23,13.77,14.04,13.69,14.0,67015
2021-12-24,14.03,14.17,13.81,14.04,61417
2021-12-27,14.04,14.34,13.9,13.96,42532
2021-12-28,14.03,14.4,14.03,14.25,65656
2021-12-29,14.3,14.31,14.02,14.25,58415
2021-12-30,14.21,14.35,13.96,14.01,54016
2021-12-31,14.09,14.31,13.9,14.25,52696
2022-01-04,14.21,14.29,13.81,13.97,75292
2022-01-05,14.0,14.35,13.9,14.04,78150
2022-01-06,13.99,14.11,13.83,14.0,53283
2022-01-07,14.24,14.68,14.07,14.37,113987
2022-01-10,14.38,14.6,13.95,14.09,84894
2022-01-11,14.15,14.15,13.6,13.68,68062
2022-01-12,14.06,14.25,13.95,14.04,80555
2022-01-13,14.08,14.51,14.06,14.26,101614
2022-01-14,14.26,14.26,13.7,13.96,66892
2022-01-17,14.05,14.65,14.04,14.56,91666
2022-01-18,14.72,14.96,14.27,14.52,112169
2022-01-19,14.65,14.74,14.1,14.25,99137
2022-01-20,14.23,14.36,14.0,14.24,62760
2022-01-21,14.14,14.2,13.6,13.62,65196
2022-01-24,12.99,14.2,12.7,14.05,207619
2022-01-25,13.84,13.85,12.95,13.13,88406
2022-01-26,13.21,14.23,13.15,14.06,137226
2022-01-27,14.13,14.44,13.84,13.98,76551
2022-01-28,14.07,14.2,13.39,13.4,64429
2022-02-07,14.0,14.82,13.84,14.82,236669
2022-02-08,14.9,15.11,14.49,15.09,193498
2022-02-09,14.81,15.1,14.6,14.96,138296
2022-02-10,14.94,15.1,14.72,15.06,133116
2022-02-11,15.05,15.57,14.96,15.19,120045
2022-02-14,15.75,16.22,15.26,15.58,204946
2022-02-15,15.52,15.52,14.82,14.98,118613
2022-02-16,14.66,14.96,14.25,14.76,89199
2022-02-17,14.65,15.33,14.52,15.02,104822
2022-02-18,14.81,15.32,14.67,14.98,68200
2022-02-21,15.01,15.14,14.54,14.68,91559
2022-02-22,14.96,15.43,14.71,15.07,164211
2022-02-23,14.91,14.94,14.51,14.61,96905
2022-02-24,14.68,16.15,14.65,15.96,363638
2022-02-25,15.36,16.05,15.07,15.74,211900
2022-02-28,15.8,16.89,15.58,16.43,267761
2022-03-01,16.24,16.5,15.87,16.08,127377
2022-03-02,16.92,16.93,16.28,16.56,208241
2022-03-03,16.86,17.36,16.48,16.67,241558
2022-03-04,16.25,16.39,15.93,16.04,156400
2022-03-07,16.55,16.85,16.09,16.15,225498
2022-03-08,16.15,16.22,15.42,15.71,157846
2022-03-09,15.83,15.88,14.43,15.01,159925
2022-03-10,14.83,14.94,14.35,14.82,150874
2022-03-11,14.6,14.7,13.78,14.23,195400
2022-03-14,13.92,14.04,13.1,13.27,215867
2022-03-15,12.85,12.93,11.95,12.01,313130
2022-03-16,12.04,12.23,11.55,12.2,282862
2022-03-17,12.24,12.62,12.03,12.55,196110
2022-03-18,12.8,13.07,12.56,12.8,206451
2022-03-21,12.85,13.13,12.63,12.9,127892
2022-03-22,13.05,13.49,13.0,13.29,196703
2022-03-23,13.05,13.24,12.91,13.1,131230
2022-03-24,13.33,13.34,13.0,13.06,94018
2022-03-25,12.77,13.28,12.63,13.04,113843
2022-03-28,13.13,13.75,12.8,13.46,185176
2022-03-29,13.25,13.4,12.95,13.19,152246
2022-03-30,13.14,13.18,12.64,13.01,167829
2022-03-31,13.0,13.03,12.86,12.89,72450
2022-04-01,12.85,12.95,12.65,12.82,77967
2022-04-06,12.86,13.24,12.83,13.2,110888
2022-04-07,13.03,13.13,12.63,12.64,86599
2022-04-08,12.69,12.78,12.31,12.55,75095
2022-04-11,12.58,12.8,12.36,12.46,100993
2022-04-12,12.64,12.64,12.09,12.41,87091
2022-04-13,12.53,12.75,12.39,12.6,97593
2022-04-14,12.65,12.85,12.47,12.71,77999
2022-04-15,12.73,13.15,12.73,13.07,104231
2022-04-18,13.08,13.09,12.5,12.61,76929
2022-04-19,12.59,12.89,12.42,12.8,64768
2022-04-20,12.64,12.72,12.23,12.31,82517
2022-04-21,12.25,12.48,12.0,12.08,80913
2022-04-22,11.8,12.29,11.76,12.19,62324
2022-04-25,11.86,11.98,10.9,11.22,128244
2022-04-26,11.13,11.19,10.54,10.63,89491
2022-04-27,10.56,11.25,10.41,11.23,93661
2022-04-28,11.1,11.37,11.01,11.23,69683
2022-04-29,11.35,11.78,11.26,11.74,87331
2022-05-05,11.93,12.25,11.85,12.06,77803
2022-05-06,11.81,12.13,11.68,11.91,75083
2022-05-09,11.9,11.96,11.67,11.88,49076
2022-05-10,11.6,11.74,11.31,11.67,84431
2022-05-11,11.7,11.92,11.65,11.7,64539
2022-05-12,11.8,11.95,11.54,11.66,60403
2022-05-13,11.78,11.92,11.7,11.85,69692
2022-05-16,11.92,12.14,11.8,12.0,74516
2022-05-17,12.22,12.56,12.05,12.38,129937
2022-05-18,12.26,12.26,11.88,12.16,90263
2022-05-19,11.86,12.0,11.61,11.84,67531
2022-05-20,11.82,12.07,11.81,12.05,56630
2022-05-23,12.05,12.29,11.96,12.23,52536
2022-05-24,12.23,12.63,12.05,12.11,107697
2022-05-25,12.19,12.75,12.12,12.69,117935
2022-05-26,12.69,13.38,12.64,13.25,162198
2022-05-27,13.48,13.87,13.4,13.7,175613
2022-05-30,13.77,13.93,13.4,13.68,101639
2022-05-31,13.93,14.44,13.78,14.31,167854
2022-06-01,14.3,14.55,13.95,14.48,122587
2022-06-02,14.32,14.32,13.88,14.1,146049
2022-06-06,14.25,14.64,14.21,14.52,85777
2022-06-07,14.53,14.83,14.42,14.76,96028
2022-06-08,14.75,15.15,14.65,15.08,110559
2022-06-09,15.25,15.5,14.95,15.04,118931
2022-06-10,14.75,15.19,14.74,15.1,94959
2022-06-13,15.03,15.31,14.78,14.96,103626
2022-06-14,14.98,15.46,14.74,15.28,136390
2022-06-15,15.36,15.38,14.93,14.97,82354
2022-06-16,14.89,14.97,14.25,14.5,166372
2022-06-17,14.64,14.88,14.36,14.55,98572
2022-06-20,14.3,14.3,13.2,13.48,207803
2022-06-21,13.57,13.76,13.4,13.57,108079
2022-06-22,13.5,13.64,13.18,13.2,80890
2022-06-23,13.2,13.27,12.92,13.25,73780
2022-06-24,13.26,13.4,13.0,13.04,67743
2022-06-27,13.07,13.57,13.07,13.44,117719
2022-06-28,13.42,13.69,13.36,13.52,76717
2022-06-29,13.55,13.73,13.28,13.34,64357
2022-06-30,13.2,13.36,13.18,13.35,38375
2022-07-01,13.2,13.25,12.98,13.05,59486
2022-07-04,13.13,13.43,12.99,13.35,71561
2022-07-05,13.5,13.65,13.21,13.42,88633
2022-07-06,12.99,13.08,12.66,12.79,102895
2022-07-07,12.83,12.87,12.6,12.65,60013
2022-07-08,12.84,12.97,12.69,12.72,46791
2022-07-11,12.76,12.77,12.42,12.56,38296
2022-07-12,12.6,12.65,12.35,12.5,42900
2022-07-13,12.32,12.45,12.25,12.42,35416
2022-07-14,12.51,12.52,12.25,12.29,35022
2022-07-15,12.31,12.38,11.99,11.99,60391
2022-07-18,11.99,12.45,11.99,12.43,67767
2022-07-19,12.52,12.66,12.4,12.63,48634
2022-07-20,12.66,12.82,12.63,12.73,40808
2022-07-21,12.72,12.73,12.5,12.56,37454
2022-07-22,12.55,12.67,12.41,12.53,33345
2022-07-25,12.53,12.63,12.34,12.35,39430
2022-07-26,12.69,12.84,12.5,12.64,48939
2022-07-27,12.72,12.95,12.55,12.65,55312
2022-07-28,12.9,13.0,12.79,12.88,54175
2022-07-29,12.98,12.98,12.59,12.62,42199
2022-08-01,12.61,12.78,12.47,12.78,34122
2022-08-02,12.69,12.69,12.24,12.52,49608
2022-08-03,12.48,12.72,12.41,12.42,28702
2022-08-04,12.4,12.55,12.2,12.36,34287
2022-08-05,12.33,12.5,12.09,12.5,47709
2022-08-08,12.49,12.49,12.36,12.41,38706
2022-08-09,12.41,12.68,12.4,12.66,51929
2022-08-10,12.72,12.72,12.46,12.6,32422
2022-08-11,12.68,12.72,12.56,12.67,49552
2022-08-12,12.7,13.19,12.7,13.17,109761
2022-08-15,13.08,13.09,12.81,12.99,86369
2022-08-16,12.85,12.91,12.72,12.76,43376
2022-08-17,12.7,12.9,12.7,12.89,43503
2022-08-18,12.92,12.93,12.65,12.81,44428
2022-08-19,12.91,13.14,12.85,13.02,74648
2022-08-22,12.95,13.51,12.81,13.4,80457
2022-08-23,13.41,14.01,13.41,13.91,122692
2022-08-24,13.91,14.17,13.71,13.81,91597
2022-08-25,13.95,14.49,13.8,14.4,134969
2022-08-26,14.26,14.55,14.2,14.37,144980
2022-08-29,14.1,14.69,14.08,14.63,82885
2022-08-30,14.71,14.84,14.6,14.75,107291
2022-08-31,14.4,14.5,13.92,14.03,92148
2022-09-01,14.14,14.38,13.99,14.12,87315
2022-09-02,14.05,14.45,13.9,14.41,69132
2022-09-05,14.59,15.04,14.47,14.89,78857
2022-09-06,15.03,15.25,14.8,15.15,78263
2022-09-07,15.12,15.12,14.85,14.89,61748
2022-09-08,14.88,14.88,14.41,14.5,86385
2022-09-09,14.6,14.64,14.28,14.41,83154
2022-09-13,14.62,14.68,14.11,14.23,115607
2022-09-14,14.06,14.48,13.94,14.27,70542
2022-09-15,14.39,14.59,14.03,14.17,60090
2022-09-16,14.07,14.2,13.64,13.73,68665
2022-09-19,13.8,14.02,13.59,13.92,56570
2022-09-20,14.11,14.21,13.83,13.97,39380
2022-09-21,14.28,14.9,13.7,14.83,95647
2022-09-22,14.74,14.85,14.45,14.75,90476
2022-09-23,14.76,15.2,14.57,14.81,126753
2022-09-26,14.37,14.85,13.99,14.05,101438
2022-09-27,13.98,14.08,13.44,13.61,79876
2022-09-28,13.71,14.0,13.39,13.47,61253
2022-09-29,13.73,14.18,13.54,13.65,74832
2022-09-30,13.77,13.95,13.19,13.75,60486
2022-10-10,14.27,14.85,14.13,14.6,142878
2022-10-11,14.6,14.6,13.9,14.23,76484
2022-10-12,14.18,14.3,13.85,14.3,76444
2022-10-13,14.3,14.3,13.8,14.01,76791
2022-10-14,14.03,14.63,14.03,14.41,107243
2022-10-17,14.21,14.59,13.82,14.56,96363
2022-10-18,14.56,14.69,14.36,14.51,80582
2022-10-19,14.33,14.39,13.97,13.97,63786
2022-10-20,14.1,14.68,14.02,14.62,124489
2022-10-21,14.69,14.86,14.3,14.63,78475
2022-10-24,15.11,16.14,15.11,15.95,238228
2022-10-25,15.78,16.32,15.6,15.88,136599
2022-10-26,15.8,16.04,15.56,15.9,88410
2022-10-27,16.31,16.64,15.85,16.35,122134
2022-10-28,16.3,17.05,16.13,16.8,177943
2022-10-31,17.07,17.07,16.03,16.19,142079
2022-11-01,16.3,17.86,16.06,17.86,203634
2022-11-02,17.86,18.58,17.62,18.1,162757
2022-11-03,17.85,18.38,17.48,18.19,87798
2022-11-04,18.15,18.15,17.58,17.64,144713
2022-11-07,17.65,17.82,17.25,17.54,102221
2022-11-08,17.54,18.03,17.5,17.77,115593
2022-11-09,17.63,17.75,17.4,17.48,50725
2022-11-10,17.29,17.29,16.52,16.58,187227
2022-11-11,16.84,16.98,16.48,16.92,123331
2022-11-14,16.9,17.39,16.73,17.05,156484
2022-11-15,16.92,17.18,16.76,16.94,84906
2022-11-16,16.9,17.12,16.73,16.9,78692
2022-11-17,16.66,16.79,16.34,16.56,88361
2022-11-18,16.44,16.81,16.4,16.55,83306
2022-11-21,16.41,16.53,16.08,16.47,67208
2022-11-22,16.49,16.98,16.4,16.7,82261
2022-11-23,16.85,17.05,16.61,16.86,78135
2022-11-24,16.5,17.26,16.44,17.04,74820
2022-11-25,16.94,17.56,16.9,17.35,94377
2022-11-28,16.99,17.17,16.55,16.68,99539
2022-11-29,16.82,17.27,16.65,17.22,72210
2022-11-30,17.3,17.68,17.01,17.12,64637
2022-12-01,17.36,17.37,16.91,17.01,60876
2022-12-02,17.02,17.17,16.83,16.94,47155
2022-12-05,16.94,17.34,16.86,16.92,102347
2022-12-06,16.89,16.89,16.3,16.64,109811
2022-12-07,16.58,16.77,16.38,16.65,88579
2022-12-08,16.73,16.98,16.23,16.6,92725
2022-12-09,16.53,16.7,16.02,16.14,93856
2022-12-12,16.07,16.19,15.81,16.0,63789
2022-12-13,16.13,16.44,16.0,16.12,60274
2022-12-14,16.11,16.57,16.05,16.36,60202
2022-12-15,16.43,16.48,15.94,15.95,49966
2022-12-16,16.0,16.17,15.82,16.01,45108
2022-12-19,16.12,16.29,15.45,15.51,66778
2022-12-20,15.52,15.89,15.52,15.74,55007
2022-12-21,15.82,15.86,15.42,15.72,42255
2022-12-22,15.87,15.98,15.28,15.41,48739
2022-12-23,15.39,15.46,15.02,15.17,38089
2022-12-26,15.39,15.95,14.88,15.77,49995
2022-12-27,15.83,16.25,15.73,16.15,57572
2022-12-28,16.08,16.22,15.85,16.2,36354
2022-12-29,16.11,16.2,15.7,15.84,45987
2022-12-30,15.84,16.1,15.82,15.98,43924
2023-01-03,15.98,16.25,15.69,16.15,56017
2023-01-04,16.08,16.37,15.99,16.17,50136
2023-01-05,16.02,16.57,15.95,16.47,54431
2023-01-06,16.32,16.42,15.97,16.03,38600
2023-01-09,16.17,16.17,15.66,15.75,82430
2023-01-10,15.85,16.01,15.65,15.71,55127
2023-01-11,15.79,15.86,15.58,15.74,49433
2023-01-12,15.94,16.9,15.76,15.94,159958
2023-01-13,16.11,16.58,16.01,16.5,97580
2023-01-16,16.45,17.0,16.2,16.58,109921
2023-01-17,16.7,16.7,15.9,16.07,121065
2023-01-18,16.19,16.31,16.07,16.15,72455
2023-01-19,16.11,16.18,15.5,15.62,97969
2023-01-20,15.67,16.04,15.58,15.89,104213
2023-01-30,15.95,16.13,15.72,15.82,79871
2023-01-31,15.76,15.92,15.68,15.7,68364
2023-02-01,15.76,15.81,15.52,15.8,66168
2023-02-02,15.74,15.87,15.56,15.61,68823
2023-02-03,15.5,15.54,15.08,15.21,98983
2023-02-06,15.09,15.55,15.07,15.3,89144
2023-02-07,15.3,15.43,15.21,15.25,47461
2023-02-08,15.58,15.64,15.37,15.58,86964
2023-02-09,15.42,15.56,15.36,15.56,58827
2023-02-10,15.52,15.57,15.23,15.39,61711
2023-02-13,15.39,15.74,15.3,15.65,100850
2023-02-14,15.67,15.85,15.58,15.73,78014
2023-02-15,15.77,15.77,15.47,15.52,59174
2023-02-16,15.52,15.66,15.13,15.24,56772
2023-02-17,15.24,15.39,15.18,15.19,51577
2023-02-20,15.27,15.33,15.12,15.33,45685
2023-02-21,15.39,15.57,15.28,15.43,60642
2023-02-22,15.4,15.4,15.21,15.29,35208
2023-02-23,15.31,15.39,15.08,15.11,65579
2023-02-24,15.15,15.21,15.03,15.11,43565
2023-02-27,15.08,15.24,15.03,15.08,45845
2023-02-28,15.07,15.26,15.03,15.24,47048
2023-03-01,15.25,15.66,15.25,15.57,128750
2023-03-02,15.67,15.85,15.62,15.71,71776
2023-03-03,15.73,16.17,15.65,15.97,101478
2023-03-06,16.1,16.14,15.81,16.01,65951
2023-03-07,16.01,16.85,16.0,16.47,162098
2023-03-08,16.29,16.41,16.01,16.4,97823
2023-03-09,16.4,16.63,15.99,16.13,73328
2023-03-10,16.1,16.18,15.7,15.76,62802
2023-03-13,16.01,16.44,15.86,16.44,101273
2023-03-14,16.25,16.57,16.12,16.25,73039
2023-03-15,16.22,16.3,15.88,16.19,85587
2023-03-16,15.88,16.1,15.23,15.41,167363
2023-03-17,15.51,15.95,15.45,15.89,112446
2023-03-20,16.6,16.6,15.18,15.29,169995
2023-03-21,15.29,15.48,15.03,15.26,88332
2023-03-22,15.38,15.49,15.18,15.27,70459
2023-03-23,15.24,15.24,14.88,15.07,78267
2023-03-24,15.07,15.09,14.25,14.31,223577
2023-03-27,14.31,14.36,13.75,13.93,135370
2023-03-28,14.1,14.34,14.06,14.17,120261
2023-03-29,14.23,14.23,13.86,13.9,80149
2023-03-30,13.98,14.11,13.79,14.11,141975
2023-03-31,14.11,14.11,13.9,13.98,77144
2023-04-03,14.25,14.6,14.18,14.37,178882
2023-04-04,14.49,14.59,14.28,14.42,103624
2023-04-06,14.4,14.45,14.11,14.34,88421
2023-04-07,14.29,14.35,14.2,14.31,36594
2023-04-10,14.36,14.67,14.32,14.54,97009
2023-04-11,14.49,14.55,14.21,14.51,60765
2023-04-12,14.52,15.05,14.52,14.99,154531
2023-04-13,14.95,15.5,14.91,15.22,145842
2023-04-14,15.39,15.39,15.01,15.23,72192
2023-04-17,15.29,15.72,15.15,15.55,115262
2023-04-18,15.47,15.47,15.19,15.39,57135
2023-04-19,15.41,15.6,15.27,15.44,79886
2023-04-20,15.44,15.58,15.29,15.57,48565
2023-04-21,15.6,15.73,15.28,15.3,74245
2023-04-24,15.46,15.53,15.2,15.31,64348
2023-04-25,15.43,15.66,15.32,15.55,93185
2023-04-26,15.56,15.63,15.15,15.54,67359
2023-04-27,15.59,15.59,15.23,15.47,36256
2023-04-28,15.49,15.7,15.28,15.54,77333
2023-05-04,15.01,15.35,14.6,15.29,91596
2023-05-05,15.2,15.39,14.85,15.06,48805
2023-05-08,15.09,16.06,15.08,16.03,151435
2023-05-09,16.2,16.38,15.73,15.76,138467
2023-05-10,15.71,15.73,14.6,14.64,166784
2023-05-11,14.57,14.72,14.45,14.57,64868
2023-05-12,14.58,14.63,14.18,14.21,94899
2023-05-15,14.21,14.35,13.8,14.32,118525
2023-05-16,14.4,14.63,14.31,14.56,76615
2023-05-17,14.57,14.7,14.31,14.5,54431
2023-05-18,14.58,14.82,14.44,14.6,42185
2023-05-19,14.51,14.52,14.36,14.42,50890
2023-05-22,14.42,14.54,14.28,14.43,42369
2023-05-23,14.39,14.48,14.0,14.07,55119
2023-05-24,14.04,14.1,13.9,13.92,69771
2023-05-25,13.89,13.99,13.6,13.8,70351
2023-05-26,13.71,13.76,13.56,13.71,28246
2023-05-29,13.74,13.96,13.65,13.81,52209
2023-05-30,13.7,13.9,13.56,13.8,38113
2023-05-31,13.65,13.75,13.46,13.52,52845
2023-06-01,13.44,13.58,13.3,13.52,61516
2023-06-02,13.6,13.83,13.6,13.81,52860
2023-06-05,13.92,14.12,13.75,13.81,34247
2023-06-06,13.8,13.84,13.59,13.64,31035
2023-06-07,13.66,13.71,13.37,13.39,69073
2023-06-08,13.4,13.71,13.39,13.69,44474
2023-06-09,13.66,13.7,13.49,13.53,31823
2023-06-12,13.56,13.65,13.47,13.53,33937
2023-06-13,13.51,13.53,13.31,13.36,43268
2023-06-14,13.44,13.54,13.38,13.45,28990
2023-06-15,13.38,13.45,13.22,13.34,44684
2023-06-16,13.34,13.74,13.34,13.55,63687
2023-06-19,13.54,13.54,13.25,13.32,68288
2023-06-20,13.34,13.36,13.08,13.22,71514
2023-06-21,13.22,13.34,13.1,13.13,49654
2023-06-26,13.06,13.28,12.86,13.02,52531
2023-06-27,13.09,13.3,12.98,13.23,43366
2023-06-28,13.23,13.26,13.04,13.26,36323
2023-06-29,13.33,13.33,13.12,13.27,48009
2023-06-30,13.25,13.52,13.21,13.44,55736
2023-07-03,13.54,13.92,13.48,13.84,86987
2023-07-04,13.89,14.09,13.8,14.04,75041
2023-07-05,14.1,14.22,14.03,14.11,58672
2023-07-06,14.18,14.19,14.01,14.17,54010
2023-07-07,14.18,14.28,14.03,14.18,53980
2023-07-10,14.31,14.41,14.1,14.18,40785
2023-07-11,14.34,14.35,14.13,14.32,42408
2023-07-12,14.41,14.46,14.2,14.27,45644
2023-07-13,14.41,14.49,14.26,14.39,39666
2023-07-14,14.46,14.54,14.34,14.47,43212
2023-07-17,14.42,14.44,14.23,14.4,26758
2023-07-18,14.39,14.39,14.21,14.29,27810
2023-07-19,14.35,14.41,14.28,14.37,30992
2023-07-20,14.38,14.53,14.23,14.25,38709
2023-07-21,14.39,14.39,14.17,14.25,34621
2023-07-24,14.26,14.31,14.1,14.25,22770
2023-07-25,14.34,14.5,14.29,14.43,43080
2023-07-26,14.51,14.52,14.38,14.44,29523
2023-07-27,14.47,14.5,14.29,14.31,23599
2023-07-28,14.31,14.64,14.22,14.56,43280
2023-07-31,14.68,14.79,14.57,14.75,49701
2023-08-01,14.76,14.93,14.72,14.88,55636
2023-08-02,14.94,14.95,14.74,14.83,43229
2023-08-03,14.79,14.81,14.57,14.7,31885
2023-08-04,14.83,14.96,14.65,14.66,33411
2023-08-07,14.64,14.75,14.62,14.69,24586
2023-08-08,14.69,14.74,14.57,14.63,29511
2023-08-09,14.7,14.7,14.54,14.6,25504
2023-08-10,14.68,15.08,14.61,15.04,66330
2023-08-11,15.02,15.1,14.8,14.81,52232
2023-08-14,14.8,14.86,14.54,14.76,28845
2023-08-15,14.78,14.84,14.64,14.84,30007
2023-08-16,14.75,14.76,14.37,14.41,38520
2023-08-17,14.31,14.64,14.18,14.63,47241
2023-08-18,14.67,14.81,14.57,14.6,30954
2023-08-21,14.56,14.74,14.45,14.48,31003
2023-08-22,14.48,14.54,14.28,14.5,38595
2023-08-23,14.44,14.59,14.24,14.36,41851
2023-08-24,14.34,14.49,14.17,14.17,33877
2023-08-25,14.26,14.34,14.06,14.1,42964
2023-08-28,14.62,14.76,14.48,14.52,80698
2023-08-29,14.61,14.68,14.36,14.54,74900
2023-08-30,14.52,14.61,14.33,14.37,48062
2023-08-31,14.29,14.46,14.29,14.38,44042
2023-09-01,14.42,14.51,14.38,14.46,38823
2023-09-04,14.65,15.53,14.57,15.5,196851
2023-09-05,15.48,15.52,15.16,15.46,89120
2023-09-06,15.74,15.86,15.34,15.79,110668
2023-09-07,15.72,15.96,15.59,15.77,77905
2023-09-08,15.64,15.84,15.48,15.74,51734
2023-09-11,15.68,15.93,15.67,15.86,64353
2023-09-12,15.9,16.24,15.8,15.97,82111
2023-09-13,16.13,16.26,15.96,16.09,65168
2023-09-14,15.94,16.27,15.94,16.22,77692
2023-09-15,16.22,16.53,16.17,16.28,94054
2023-09-18,16.38,16.38,16.05,16.26,63360
2023-09-19,16.26,16.4,16.17,16.22,44781
2023-09-20,16.22,16.25,16.02,16.08,57081
2023-09-21,16.03,16.16,15.92,16.01,46053
2023-09-22,16.06,16.15,15.77,15.86,93854
2023-09-25,16.03,16.06,15.77,15.82,64338
2023-09-26,15.82,15.93,15.75,15.77,37428
2023-09-27,15.75,16.18,15.72,15.95,61606
2023-09-28,16.14,16.21,15.76,15.78,45237
2023-10-09,15.77,15.86,15.5,15.76,53138
2023-10-10,15.7,16.03,15.66,15.68,35775
2023-10-11,15.72,15.83,15.42,15.53,68531
2023-10-12,15.63,15.67,15.23,15.31,51329
2023-10-13,15.33,15.41,15.12,15.35,38276
2023-10-16,15.58,16.11,15.57,15.89,124356
2023-10-17,15.78,15.85,15.36,15.82,58060
2023-10-18,15.77,15.88,15.46,15.48,44726
2023-10-19,15.61,15.62,15.15,15.2,60937
2023-10-20,15.29,15.32,15.06,15.15,30366
2023-10-23,15.08,15.19,14.77,14.86,33475
2023-10-24,14.95,15.21,14.8,15.11,35963
2023-10-25,15.38,15.93,15.21,15.67,87566
2023-10-26,15.66,15.66,14.82,15.14,64380
2023-10-27,15.14,15.74,14.99,15.65,81860
2023-10-30,15.56,15.75,15.31,15.33,65110
2023-10-31,15.27,15.28,14.97,15.16,55265
2023-11-01,15.18,15.18,14.86,14.91,37696
2023-11-02,14.95,15.14,14.95,15.03,33855
2023-11-03,15.11,15.16,14.96,14.98,30751
2023-11-06,14.98,15.05,14.7,14.88,57459
2023-11-07,14.88,14.97,14.76,14.88,48312
2023-11-08,14.81,14.81,14.36,14.47,93440
2023-11-09,14.42,14.61,14.32,14.54,45628
2023-11-10,14.48,14.69,14.45,14.58,48398
2023-11-13,14.59,14.64,14.38,14.55,45394
2023-11-14,14.73,14.73,14.48,14.56,29096
2023-11-15,14.58,14.64,14.46,14.52,36154
2023-11-16,14.46,14.62,14.39,14.42,38651
2023-11-17,14.32,14.36,14.09,14.14,60804
2023-11-20,14.15,14.44,14.14,14.42,71074
2023-11-21,14.49,14.58,14.37,14.38,48637
2023-11-22,14.36,14.45,14.32,14.32,34536
2023-11-23,14.31,14.43,14.23,14.38,32991
2023-11-24,14.38,14.44,14.24,14.3,22935
2023-11-27,14.3,14.41,14.22,14.35,45529
2023-11-28,14.27,14.35,14.1,14.29,41631
2023-11-29,14.27,14.42,14.22,14.27,39714
2023-11-30,14.27,14.57,14.26,14.48,74826
2023-12-01,14.41,14.43,14.27,14.4,45910
2023-12-04,14.36,14.53,14.3,14.35,50335
2023-12-05,14.41,14.41,14.12,14.12,43267
2023-12-06,14.12,14.12,13.91,13.98,43748
2023-12-07,13.98,14.05,13.87,13.99,35525
2023-12-08,13.94,14.14,13.94,13.99,45701
2023-12-11,13.99,14.21,13.76,14.17,54415
2023-12-12,14.17,14.21,14.0,14.08,38607
2023-12-13,14.03,14.11,13.76,13.82,51628
2023-12-14,13.84,13.9,13.68,13.71,42826
2023-12-15,13.78,13.88,13.62,13.65,36093
2023-12-18,13.61,13.77,13.59,13.68,33752
2023-12-19,13.75,13.75,13.5,13.58,35974
2023-12-20,13.62,13.89,13.55,13.55,33414
2023-12-21,13.55,13.65,13.4,13.59,39125
2023-12-22,13.63,13.8,13.56,13.73,35375
2023-12-25,13.64,13.89,13.55,13.81,39524
2023-12-26,13.75,13.98,13.74,13.84,58538
2023-12-27,13.9,14.29,13.76,14.23,83176
2023-12-28,14.23,14.24,13.96,14.14,76251
2023-12-29,14.08,14.23,13.98,14.18,53619
2024-01-02,14.18,14.45,14.18,14.38,43699
2024-01-03,14.3,14.5,14.29,14.45,71330
2024-01-04,14.52,14.61,14.36,14.47,32862
2024-01-05,14.47,14.53,14.29,14.39,51654
2024-01-08,14.38,14.45,14.2,14.31,53528
2024-01-09,14.27,14.55,14.14,14.44,44688
2024-01-10,14.38,14.5,14.28,14.33,43642
2024-01-11,14.38,14.38,14.14,14.18,38451
2024-01-12,14.2,14.44,14.19,14.38,48624
2024-01-15,14.31,14.65,14.24,14.6,54823
2024-01-16,14.59,14.63,14.36,14.53,30520
2024-01-17,14.53,14.75,14.34,14.35,45727
2024-01-18,14.31,14.32,13.63,14.19,67436
2024-01-19,14.15,14.21,13.98,14.13,34283
2024-01-22,14.11,14.21,13.46,13.57,49871
2024-01-23,13.54,13.71,13.29,13.65,43035
2024-01-24,13.62,13.9,13.44,13.87,51160
2024-01-25,13.89,14.58,13.89,14.48,87914
2024-01-26,14.56,14.92,14.46,14.84,95954
2024-01-29,14.83,15.16,14.81,14.94,81512
2024-01-30,14.81,15.07,14.68,14.7,58184
2024-01-31,14.7,15.07,14.52,14.93,95843
2024-02-01,14.86,15.05,14.64,14.67,77048
2024-02-02,14.7,14.86,13.63,13.96,93993
2024-02-05,13.82,14.14,13.47,13.88,125731
2024-02-06,13.81,14.13,13.66,13.99,106695
2024-02-07,14.03,14.07,13.48,13.66,151522
2024-02-08,13.58,13.76,12.88,13.74,169146
2024-02-19,13.8,14.23,13.75,14.23,128633
2024-02-20,14.16,14.23,13.98,14.12,72067
2024-02-21,14.01,14.44,13.97,14.41,87619
2024-02-22,14.36,14.66,14.26,14.62,95999
2024-02-23,14.66,14.66,14.34,14.44,78854
2024-02-26,14.43,14.55,14.17,14.2,73169
2024-02-27,14.2,14.22,13.98,14.21,89169
2024-02-28,14.16,14.28,13.94,13.94,89636
2024-02-29,13.82,14.16,13.78,14.16,67715
2024-03-01,14.2,14.32,14.02,14.07,68530
2024-03-04,14.13,14.26,14.09,14.21,74797
2024-03-05,14.15,14.16,13.87,14.0,76283
2024-03-06,14.01,14.26,13.94,14.19,92356
2024-03-07,14.18,14.56,14.16,14.45,145000
2024-03-08,14.46,14.5,14.24,14.43,86294
2024-03-11,14.36,14.43,13.91,14.04,131314
2024-03-12,14.03,14.03,13.79,13.93,109631
2024-03-13,13.87,13.91,13.66,13.78,109067
2024-03-14,13.79,14.41,13.79,14.34,200732
2024-03-15,14.34,14.94,14.2,14.91,192836
2024-03-18,14.91,15.39,14.68,15.25,148231
2024-03-19,15.25,15.49,15.11,15.32,107726
2024-03-20,15.32,15.54,15.09,15.42,68967
2024-03-21,15.47,15.66,15.27,15.57,73182
2024-03-22,15.59,15.68,15.08,15.13,95780
2024-03-25,15.16,15.83,15.16,15.62,125408
2024-03-26,15.76,15.83,15.38,15.7,112747
2024-03-27,15.89,16.59,15.76,16.35,236504
2024-03-28,16.35,17.16,16.28,16.85,203271
2024-03-29,16.86,18.58,16.81,18.58,159226
2024-04-01,18.76,19.57,18.28,18.86,265520
2024-04-02,18.87,19.55,18.56,18.7,234191
2024-04-03,18.86,19.55,18.56,19.4,311407
2024-04-08,17.81,18.54,17.71,17.94,441540
2024-04-09,17.98,18.07,17.47,17.88,274662
2024-04-10,17.87,18.44,17.87,18.14,184737
2024-04-11,18.07,18.59,17.96,18.38,125242
2024-04-12,18.35,18.72,18.18,18.49,102652
2024-04-15,18.18,18.96,18.1,18.74,138560
2024-04-16,18.67,18.78,18.06,18.2,147835
2024-04-17,18.22,19.08,17.91,19.08,151322
2024-04-18,18.92,18.96,18.35,18.51,133899
2024-04-19,18.55,19.42,18.55,19.04,183356
2024-04-22,18.66,18.86,17.89,17.96,196119
2024-04-23,17.73,18.2,17.53,18.09,151818
2024-04-24,18.0,18.23,17.82,18.12,103831
2024-04-25,18.06,18.26,17.89,17.96,67469
2024-04-26,18.18,18.65,18.12,18.21,112107
2024-04-29,18.15,18.15,17.28,17.41,149939
2024-04-30,17.37,17.99,17.26,17.47,114289
2024-05-06,17.26,17.88,16.87,17.77,150919
2024-05-07,17.66,18.22,17.53,17.61,141494
2024-05-08,17.48,17.82,17.48,17.58,70502
2024-05-09,17.66,17.91,17.58,17.79,64168
2024-05-10,17.94,17.98,17.58,17.6,71784
2024-05-13,17.36,18.18,17.31,17.99,131131
2024-05-14,17.96,18.13,17.62,17.66,127213
2024-05-15,17.62,17.84,17.52,17.56,55278
2024-05-16,17.62,18.09,17.54,17.64,104324
2024-05-17,17.66,17.82,17.39,17.76,76953
2024-05-20,17.87,18.51,17.61,18.36,147955
2024-05-21,18.36,18.36,17.72,17.74,100449
2024-05-22,17.61,17.94,17.37,17.42,92720
2024-05-23,17.31,17.34,16.97,17.1,82335
2024-05-24,17.04,17.65,16.98,17.39,79650
2024-05-27,17.36,17.94,17.33,17.86,73552
2024-05-28,17.89,18.3,17.79,17.85,88556
2024-05-29,17.86,18.18,17.78,17.98,53618
2024-05-30,17.91,18.3,17.79,17.91,97669
2024-05-31,17.56,18.06,17.55,17.63,44451
2024-06-03,17.56,17.71,17.3,17.46,58657
2024-06-04,17.36,17.45,17.01,17.38,57532
2024-06-05,17.31,17.46,16.89,16.92,70765
2024-06-06,17.0,17.31,16.92,17.02,93911
2024-06-07,17.15,17.56,17.09,17.23,65451
2024-06-11,17.26,17.39,16.64,16.78,88238
2024-06-12,16.78,16.86,16.54,16.77,126712
2024-06-13,16.73,16.97,16.55,16.68,95223
2024-06-14,16.62,16.79,16.48,16.58,57051
2024-06-17,16.6,16.9,16.52,16.61,74037
2024-06-18,16.72,16.89,16.43,16.82,78127
2024-06-19,16.82,17.11,16.78,16.93,63344
2024-06-20,17.02,17.23,16.55,16.74,95724
2024-06-21,16.75,16.86,16.49,16.64,56283
2024-06-24,16.66,16.69,16.3,16.44,60578
2024-06-25,16.4,17.13,16.4,16.92,98703
2024-06-26,16.88,17.01,16.58,16.96,73248
2024-06-27,16.87,16.88,16.45,16.49,60086
2024-06-28,16.56,17.07,16.42,16.97,74264
2024-07-01,16.97,17.42,16.9,17.34,73342
2024-07-02,17.36,17.4,16.7,16.78,85512
2024-07-03,16.67,16.87,16.32,16.4,62304
2024-07-04,16.27,16.48,16.03,16.14,104446
2024-07-05,16.07,16.23,15.8,16.04,75559
2024-07-08,16.06,16.07,15.67,15.83,77415
2024-07-09,15.94,16.1,15.54,16.07,80421
2024-07-10,16.05,16.1,15.73,15.76,50759
2024-07-11,15.77,16.0,15.67,15.94,69241
2024-07-12,15.94,16.13,15.64,15.69,59124
2024-07-15,15.77,15.87,15.49,15.76,45603
2024-07-16,15.67,15.92,15.64,15.76,41229
2024-07-17,15.67,15.76,15.38,15.4,74447
2024-07-18,15.45,15.52,15.12,15.49,76813
2024-07-19,15.42,15.45,15.19,15.35,65530
2024-07-22,15.25,15.32,14.98,15.27,68884
2024-07-23,15.25,15.38,14.9,14.9,57432
2024-07-24,14.93,15.14,14.82,15.0,44291
2024-07-25,14.89,14.94,14.67,14.74,48886
2024-07-26,14.76,15.02,14.75,14.88,37354
2024-07-29,14.95,15.05,14.83,14.94,29144
2024-07-30,14.87,14.87,14.47,14.5,63537
2024-07-31,14.58,14.96,14.46,14.89,83393
2024-08-01,14.95,15.13,14.63,14.77,85775
2024-08-02,14.77,14.77,14.29,14.35,113140
2024-08-05,14.18,14.32,13.9,13.96,104986
2024-08-06,14.04,14.22,14.02,14.15,72959
2024-08-07,14.13,14.56,14.07,14.43,79574
2024-08-08,14.5,14.62,14.29,14.34,55822
2024-08-09,14.38,14.6,14.34,14.51,53661
2024-08-12,14.47,14.57,14.36,14.48,43598
2024-08-13,14.61,14.7,14.46,14.63,67531
2024-08-14,14.57,14.57,14.27,14.34,61654
2024-08-15,14.34,14.49,14.22,14.34,53438
2024-08-16,14.41,14.41,14.15,14.21,60218
2024-08-19,14.26,14.58,14.2,14.4,78688
2024-08-20,14.34,14.38,13.94,13.99,75492
2024-08-21,14.02,14.1,13.89,14.06,59498
2024-08-22,14.01,14.01,13.79,13.89,47895
2024-08-23,14.0,14.09,13.79,13.83,50714
2024-08-26,13.9,14.16,13.9,14.14,53648
2024-08-27,14.09,14.22,13.97,14.13,62960
2024-08-28,14.05,14.54,13.95,14.33,97181
2024-08-29,14.37,14.45,14.15,14.35,66093
2024-08-30,14.3,14.74,14.28,14.58,85859
2024-09-02,14.49,14.62,14.25,14.35,89410
2024-09-03,14.32,14.52,14.18,14.24,61332
2024-09-04,14.02,14.03,13.47,13.59,119886
2024-09-05,13.65,13.85,13.63,13.76,59122
2024-09-06,13.77,13.82,13.47,13.49,45093
2024-09-09,13.42,13.53,13.16,13.22,69795
2024-09-10,13.17,13.35,12.97,13.19,46823
2024-09-11,13.09,13.1,12.9,12.94,58108
2024-09-12,12.99,13.09,12.93,13.0,35972
2024-09-13,13.05,13.12,12.93,12.94,48999
2024-09-18,13.02,13.17,12.84,13.16,45690
2024-09-19,13.15,13.21,12.84,13.07,68187
2024-09-20,13.07,13.3,12.97,13.12,71788
2024-09-23,13.12,13.26,13.09,13.21,40284
2024-09-24,13.19,13.67,13.19,13.67,83985
2024-09-25,13.89,14.19,13.82,13.9,96053
2024-09-26,13.91,14.24,13.81,14.24,87827
2024-09-27,14.3,14.65,14.29,14.59,94695
2024-09-30,14.97,15.89,14.92,15.85,230757
2024-10-08,17.46,17.46,16.35,17.14,337315
2024-10-09,16.85,16.85,15.4,15.4,250097
2024-10-10,15.4,16.19,15.17,15.75,194288
2024-10-11,15.79,16.0,15.47,15.56,97168
2024-10-14,15.52,15.82,15.37,15.63,88602
2024-10-15,15.56,15.56,15.05,15.08,96876
2024-10-16,14.97,15.17,14.82,15.04,65783
2024-10-17,15.16,15.23,14.72,14.74,65941
2024-10-18,14.78,15.42,14.7,15.21,99606
2024-10-21,15.22,15.27,14.91,15.1,72930
2024-10-22,15.11,15.33,15.07,15.21,60922
2024-10-23,15.35,15.53,15.22,15.43,89133
2024-10-24,15.38,15.38,15.03,15.16,54968
2024-10-25,15.14,15.3,15.07,15.19,41842
2024-10-28,15.2,15.37,15.06,15.37,74370
2024-10-29,15.28,15.64,15.09,15.14,102806
2024-10-30,15.13,15.16,14.74,14.9,79612
2024-10-31,14.93,15.0,14.82,14.85,62253
2024-11-01,14.84,15.37,14.84,15.19,104758
2024-11-04,15.29,15.35,15.0,15.22,71612
2024-11-05,15.23,15.5,15.16,15.46,105137
2024-11-06,15.47,16.12,15.47,15.95,217430
2024-11-07,15.77,15.95,15.48,15.92,169024
2024-11-08,15.92,16.04,15.52,15.56,145743
2024-11-11,15.39,15.45,15.08,15.43,138294
2024-11-12,15.4,15.57,15.11,15.21,98785
2024-11-13,15.07,15.34,15.01,15.32,68672
2024-11-14,15.3,15.5,15.04,15.07,105777
2024-11-15,15.07,15.45,14.98,15.22,112649
2024-11-18,15.22,15.62,15.18,15.28,116649
2024-11-19,15.27,15.41,14.99,15.29,83999
2024-11-20,15.29,15.3,15.13,15.27,72843
2024-11-21,15.27,15.32,15.07,15.15,71414
2024-11-22,15.1,15.21,14.67,14.67,87762
2024-11-25,14.63,15.06,14.6,14.83,76409
2024-11-26,14.92,14.92,14.57,14.59,52563
2024-11-27,14.6,14.77,14.42,14.74,61351
2024-11-28,14.72,14.73,14.54,14.58,50257
2024-11-29,14.66,14.76,14.57,14.63,52104
2024-12-02,14.63,14.79,14.6,14.79,69647
2024-12-03,14.78,14.92,14.64,14.82,66642
2024-12-04,14.78,15.1,14.73,14.93,83496
2024-12-05,14.79,14.85,14.62,14.66,75737
2024-12-06,14.66,14.81,14.66,14.76,57917
2024-12-09,14.75,15.0,14.68,14.71,91134
2024-12-10,15.01,15.06,14.64,14.68,124226
2024-12-11,14.62,14.93,14.62,14.9,91265
2024-12-12,14.97,14.97,14.82,14.91,47930
2024-12-13,14.91,14.91,14.71,14.75,95859
2024-12-16,14.67,15.1,14.67,14.87,91233
2024-12-17,14.88,14.93,14.67,14.71,70892
2024-12-18,14.75,14.92,14.72,14.83,59045
2024-12-19,14.76,14.76,14.31,14.39,144281
2024-12-20,14.39,14.43,14.15,14.2,102933
2024-12-23,14.2,14.6,14.2,14.33,196057
2024-12-24,14.33,14.55,14.25,14.52,96284
2024-12-25,14.56,14.63,14.42,14.53,63588
2024-12-26,14.55,14.6,14.42,14.53,51278
2024-12-27,14.57,14.65,14.49,14.63,50340
2024-12-30,14.65,14.93,14.61,14.91,88278
2024-12-31,14.96,15.25,14.95,15.02,137089
2025-01-02,14.94,15.17,14.7,14.79,130221
2025-01-03,14.81,15.4,14.81,15.2,217399
2025-01-06,15.37,15.43,14.98,15.24,147689
2025-01-07,15.2,15.53,15.1,15.33,117976
2025-01-08,15.27,15.54,15.02,15.17,110800
2025-01-09,15.07,15.16,14.57,14.58,116412
2025-01-10,14.58,14.65,14.29,14.32,65508
2025-01-13,14.53,14.75,14.41,14.6,92833
2025-01-14,14.53,15.25,14.38,15.25,130761
2025-01-15,15.33,15.68,15.08,15.36,119423
2025-01-16,15.52,15.67,15.42,15.58,93451
2025-01-17,15.49,15.68,15.31,15.63,111838
2025-01-20,15.62,15.95,15.54,15.63,126540
2025-01-21,15.63,15.74,15.11,15.17,71085
2025-01-22,15.29,15.3,14.75,14.8,72801
2025-01-23,14.92,15.01,14.81,14.85,67235
2025-01-24,14.85,14.98,14.71,14.84,82927
2025-01-27,14.84,14.96,14.76,14.78,75634
2025-02-05,14.72,14.81,14.08,14.17,211822
2025-02-06,14.18,14.36,14.09,14.34,85841
2025-02-07,14.31,14.5,14.26,14.43,85744
2025-02-10,14.38,14.47,14.31,14.42,77180
2025-02-11,14.51,14.52,14.4,14.46,66335
2025-02-12,14.43,14.47,14.21,14.34,100229
2025-02-13,14.28,14.35,14.2,14.22,97422
2025-02-14,14.22,14.24,14.12,14.15,84849
2025-02-17,14.12,14.18,14.08,14.17,67530
2025-02-18,14.17,14.27,14.1,14.12,83309
2025-02-19,14.08,14.15,13.92,14.11,80194
2025-02-20,14.12,14.26,14.1,14.19,78835
2025-02-21,14.22,14.23,14.08,14.15,62509
2025-02-24,14.08,14.11,13.97,14.0,78112
2025-02-25,13.96,14.05,13.9,13.92,53116
2025-02-26,13.9,14.04,13.88,13.97,66303
2025-02-27,13.95,13.96,13.86,13.92,77794
2025-02-28,13.92,14.25,13.88,14.21,175854
2025-03-03,14.31,14.41,14.0,14.03,157163
2025-03-04,13.95,13.96,13.8,13.86,86314
2025-03-05,13.84,13.87,13.75,13.82,57726
2025-03-06,13.83,13.83,13.66,13.73,120285
2025-03-07,13.72,13.83,13.67,13.72,86956
2025-03-10,13.72,13.78,13.62,13.69,82768
2025-03-11,13.62,13.78,13.45,13.76,97374
2025-03-12,13.77,13.8,13.68,13.76,51923
2025-03-13,13.77,13.9,13.7,13.8,105671
2025-03-14,13.85,14.04,13.82,14.01,181355
2025-03-17,14.33,14.81,14.27,14.44,377597
2025-03-18,14.55,14.55,14.28,14.4,197154
2025-03-19,14.39,14.39,14.18,14.23,137953
2025-03-20,14.21,14.71,14.19,14.71,279018
2025-03-21,14.8,15.67,14.79,15.3,499918
2025-03-24,15.54,15.56,14.84,15.19,338646
2025-03-25,15.07,15.07,14.84,14.94,169736
2025-03-26,14.8,14.93,14.57,14.67,219503
2025-03-27,14.73,14.78,14.23,14.32,207591
2025-03-28,14.29,14.3,14.05,14.06,171072
2025-03-31,14.0,14.02,13.8,13.85,170428
2025-04-01,13.95,14.22,13.94,14.01,166200
2025-04-02,13.92,13.97,13.77,13.86,130825
2025-04-03,13.77,13.9,13.67,13.81,114203
2025-04-07,12.82,13.19,12.41,12.41,262230
2025-04-08,12.37,12.65,12.18,12.63,217240
2025-04-09,12.48,12.8,12.27,12.71,208016
2025-04-10,12.88,13.02,12.79,12.86,198813
2025-04-11,12.64,12.97,12.62,12.93,107121
2025-04-14,13.01,13.26,12.97,13.18,113781
2025-04-15,13.18,13.18,13.03,13.12,72190
2025-04-16,13.11,13.2,12.98,13.18,70451
2025-04-17,13.17,13.17,13.06,13.09,52667
2025-04-18,13.15,13.27,13.1,13.15,66358
2025-04-21,13.16,13.2,13.08,13.17,51100
2025-04-22,13.17,13.24,13.09,13.1,75847
2025-04-23,13.14,13.16,13.01,13.06,88413
2025-04-24,13.27,13.69,13.23,13.5,288199
2025-04-25,13.51,13.57,13.16,13.22,141077
2025-04-28,13.22,13.22,13.03,13.11,69015
2025-04-29,13.08,13.13,12.96,13.0,78799
2025-04-30,12.98,13.13,12.97,13.1,69611
2025-05-06,13.09,13.25,13.02,13.23,111116
2025-05-07,13.32,13.4,13.17,13.31,111947
2025-05-08,13.22,13.28,13.18,13.22,81288
2025-05-09,13.22,13.27,13.11,13.15,61853
2025-05-12,13.18,13.28,13.13,13.28,93436
2025-05-13,13.34,13.38,13.23,13.26,82579
2025-05-14,13.25,13.4,13.18,13.4,102805
2025-05-15,13.4,13.4,13.22,13.22,74136
2025-05-16,13.21,13.25,13.1,13.12,72161
2025-05-19,13.15,13.16,13.06,13.14,47228
2025-05-20,13.15,13.31,13.09,13.29,73043
2025-05-21,13.34,13.35,13.28,13.32,59770
2025-05-22,13.29,13.38,13.25,13.33,69754
2025-05-23,13.36,13.52,13.0,13.05,132193
2025-05-26,13.05,13.14,13.02,13.07,47145
2025-05-27,13.07,13.1,12.99,13.04,43726
2025-05-28,13.04,13.29,13.02,13.26,87108
2025-05-29,13.25,13.27,13.13,13.26,59118
2025-05-30,13.22,13.25,13.17,13.23,40816
2025-06-03,13.25,13.27,13.2,13.25,65765
2025-06-04,13.27,13.4,13.25,13.33,72852
2025-06-05,13.33,13.36,13.24,13.28,44537
2025-06-06,13.32,13.39,13.26,13.37,58222
2025-06-09,13.39,13.63,13.39,13.61,111235
2025-06-10,13.59,13.66,13.41,13.49,85958
2025-06-11,13.55,13.61,13.48,13.58,65593
2025-06-12,13.65,13.79,13.61,13.73,117753
2025-06-13,14.3,14.49,13.93,14.26,585413
2025-06-16,14.55,14.93,14.09,14.15,489297
2025-06-17,14.0,14.59,13.83,14.45,407678
2025-06-18,14.6,14.67,14.25,14.3,227738
2025-06-19,14.21,14.86,14.17,14.56,343280
2025-06-20,14.4,14.48,14.17,14.28,182015
2025-06-23,14.74,14.75,14.36,14.5,283486
2025-06-24,13.77,13.95,13.7,13.78,346169
2025-06-25,13.71,13.76,13.6,13.75,156147
2025-06-26,13.71,13.8,13.58,13.61,236194
2025-06-27,13.56,13.66,13.5,13.6,117536
2025-06-30,13.6,13.77,13.55,13.76,154438
2025-07-01,13.7,13.74,13.6,13.65,98839
2025-07-02,13.87,14.07,13.81,14.01,297800
2025-07-03,14.1,14.1,13.9,13.93,153090
2025-07-04,13.85,13.9,13.81,13.81,95545
2025-07-07,13.81,13.81,13.63,13.68,98783
2025-07-08,13.71,13.75,13.64,13.69,118140
2025-07-09,13.7,13.76,13.64,13.67,101382
2025-07-10,13.67,13.77,13.64,13.76,92650
2025-07-11,13.76,13.89,13.7,13.81,121713
2025-07-14,13.81,13.88,13.81,13.86,78114
2025-07-15,13.79,13.81,13.62,13.64,104352
2025-07-16,13.66,13.72,13.62,13.69,55940
2025-07-17,13.69,13.8,13.64,13.78,88960
2025-07-18,13.79,14.03,13.79,13.9,155471
2025-07-21,13.88,14.16,13.88,14.15,146533
2025-07-22,14.15,14.29,14.05,14.26,129298
2025-07-23,14.28,14.33,14.05,14.06,105458
2025-07-24,14.06,14.2,14.01,14.2,105675
2025-07-25,14.2,14.33,14.1,14.12,107667
2025-07-28,14.12,14.12,13.96,14.04,83904
2025-07-29,14.01,14.08,13.95,14.06,61697
2025-07-30,14.09,14.26,14.09,14.19,129797
2025-07-31,14.16,14.26,13.87,13.92,119810
2025-08-01,13.92,13.96,13.77,13.8,84552
2025-08-04,13.71,13.85,13.65,13.84,65223
2025-08-05,13.83,13.91,13.78,13.87,65291
2025-08-06,13.84,14.04,13.81,14.04,80543
2025-08-07,14.03,14.05,13.91,14.01,71546
2025-08-08,13.93,14.08,13.88,14.01,86062
2025-08-11,13.98,14.06,13.84,13.9,115346
2025-08-12,13.91,14.08,13.87,14.01,119158
2025-08-13,14.03,14.05,13.97,14.01,85614
2025-08-14,14.0,14.08,13.86,13.87,94016
2025-08-15,13.85,14.03,13.85,14.02,92579
2025-08-18,14.0,14.08,13.97,13.98,123326
2025-08-19,14.0,14.01,13.89,13.95,82414
2025-08-20,13.96,14.1,13.9,14.1,104613
2025-08-21,14.11,14.57,14.07,14.49,249552
2025-08-22,14.52,14.53,14.28,14.42,159962
2025-08-25,14.42,14.66,14.36,14.62,161700
2025-08-26,14.7,14.76,14.57,14.71,110237
2025-08-27,14.62,14.66,14.15,14.18,185547
2025-08-28,14.22,14.55,13.99,14.21,164097
2025-08-29,14.25,14.38,13.99,14.01,206401
2025-09-01,14.08,14.14,13.92,14.06,141067
2025-09-02,14.04,14.14,13.88,14.04,130420
2025-09-03,14.08,14.1,13.78,13.83,122032
2025-09-04,13.75,13.77,13.58,13.69,135410
2025-09-05,13.69,13.83,13.61,13.83,104797
2025-09-08,13.8,13.94,13.78,13.91,84662
2025-09-09,13.87,13.91,13.75,13.8,96564
2025-09-10,13.8,13.88,13.75,13.86,86265
2025-09-11,13.83,13.92,13.74,13.91,94924
2025-09-12,13.9,13.92,13.82,13.83,70771
2025-09-15,13.84,13.91,13.82,13.84,65709
2025-09-16,13.84,13.86,13.68,13.75,83325
2025-09-17,13.77,13.84,13.73,13.83,64605
2025-09-18,13.83,13.84,13.55,13.6,119131
2025-09-19,13.61,13.68,13.56,13.67,72685
2025-09-22,13.66,13.67,13.53,13.59,68286
2025-09-23,13.55,13.61,13.4,13.57,86089
2025-09-24,13.59,13.72,13.59,13.65,76820
2025-09-25,13.64,13.65,13.5,13.56,64054
2025-09-26,13.6,13.65,13.54,13.56,64701
2025-09-29,13.55,13.56,13.38,13.52,77936
2025-09-30,13.48,13.49,13.42,13.46,61089
2025-10-09,13.5,13.75,13.45,13.75,142283
2025-10-10,13.7,13.99,13.69,13.95,149607
2025-10-13,13.66,13.73,13.55,13.7,115652
2025-10-14,13.7,13.84,13.64,13.76,109798
2025-10-15,13.71,13.8,13.66,13.77,79446
2025-10-16,13.76,13.84,13.7,13.83,81269
2025-10-17,13.81,13.84,13.62,13.63,80102
2025-10-20,13.64,13.74,13.53,13.74,85286
2025-10-21,13.83,14.08,13.78,14.0,236413
2025-10-22,14.11,14.73,14.03,14.45,501821
2025-10-23,14.46,14.5,13.99,14.22,315939
2025-10-24,14.25,14.37,14.0,14.03,226676
2025-10-27,14.04,14.2,13.88,14.1,187732
2025-10-28,14.08,14.12,13.94,13.96,121172
2025-10-29,13.92,13.99,13.83,13.98,93634
2025-10-30,14.28,14.72,14.15,14.58,491050
2025-10-31,14.61,14.69,14.34,14.39,217343
2025-11-03,14.58,14.7,14.43,14.61,201964
2025-11-04,14.62,14.72,14.49,14.54,135421
2025-11-05,14.46,14.65,14.39,14.59,108475
2025-11-06,14.55,14.81,14.5,14.76,145156
2025-11-07,14.74,15.04,14.7,14.89,175730
2025-11-10,14.86,14.96,14.61,14.89,119938
2025-11-11,14.86,14.97,14.8,14.81,81947
2025-11-12,14.86,15.17,14.81,14.95,160511
2025-11-13,14.8,14.81,14.62,14.77,145396
2025-11-14,14.75,15.01,14.69,14.77,94698
2025-11-17,14.84,14.95,14.62,14.81,89030
2025-11-18,14.8,14.84,14.53,14.59,75653
2025-11-19,14.62,14.89,14.62,14.83,109124
2025-11-20,14.7,14.77,14.5,14.5,88923
2025-11-21,14.45,14.6,14.24,14.27,110711
2025-11-24,14.3,14.4,14.12,14.14,91064
2025-11-25,14.25,14.35,14.12,14.16,108776
2025-11-26,14.11,14.18,13.97,13.99,101534
2025-11-27,13.95,14.03,13.89,13.99,58060
2025-11-28,14.01,14.03,13.91,13.97,63944
2025-12-01,13.99,14.32,13.99,14.29,118869
2025-12-02,14.3,14.44,14.2,14.41,90511
2025-12-03,14.36,14.42,14.26,14.35,67475
2025-12-04,14.33,14.47,14.27,14.3,63860
2025-12-05,14.3,14.45,14.26,14.36,67654
2025-12-08,14.33,14.37,14.07,14.16,89009
2025-12-09,14.09,14.2,13.92,13.95,89535
2025-12-10,13.91,13.94,13.81,13.85,73174
2025-12-11,13.87,13.93,13.73,13.74,77604
2025-12-12,13.77,13.81,13.72,13.75,91475
2025-12-15,13.81,13.85,13.73,13.77,72237
2025-12-16,13.79,13.8,13.5,13.58,108358
2025-12-17,13.52,13.65,13.44,13.63,74488
2025-12-18,13.66,13.82,13.61,13.78,89195
2025-12-19,13.73,13.78,13.67,13.72,70164
2025-12-22,13.76,13.76,13.66,13.71,62595
2025-12-23,13.74,13.82,13.71,13.74,65139
2025-12-24,13.71,13.86,13.67,13.84,69327
2025-12-25,13.84,13.89,13.76,13.8,68705
2025-12-26,13.8,13.91,13.77,13.87,63945
2025-12-29,13.86,14.03,13.81,13.93,89686
2025-12-30,14.02,14.15,13.86,14.03,102145
2025-12-31,14.05,14.17,13.96,14.04,77091
