date,open,high,low,close,volume
2015-01-05,4.58,5.24,4.52,5.24,1745267
2015-01-06,5.53,5.83,5.04,5.17,2526987
2015-01-07,5.02,5.37,4.88,5.35,1183471
2015-01-08,5.22,5.58,4.93,5.07,1080388
2015-01-09,4.96,5.21,4.88,4.9,812800
2015-01-12,4.8,4.8,4.53,4.57,721363
2015-01-13,4.56,4.67,4.51,4.54,318764
2015-01-14,4.53,4.64,4.26,4.38,498127
2015-01-15,4.39,4.63,4.3,4.62,458468
2015-01-16,4.63,4.81,4.56,4.64,576232
2015-01-19,4.24,4.38,3.94,3.94,742309
2015-01-20,3.84,4.03,3.83,3.96,541315
2015-01-21,3.94,4.23,3.83,4.21,858282
2015-01-22,4.17,4.47,4.12,4.28,764371
2015-01-23,4.34,4.4,4.19,4.23,488801
2015-01-26,4.18,4.3,4.08,4.3,442524
2015-01-27,4.31,4.38,4.06,4.2,523431
2015-01-28,4.14,4.17,4.04,4.06,339555
2015-01-29,3.95,4.29,3.91,4.12,414553
2015-01-30,4.13,4.17,3.95,3.96,291428
2015-02-02,3.91,3.91,3.73,3.74,326842
2015-02-03,3.83,3.91,3.79,3.89,252718
2015-02-04,3.99,4.23,3.89,3.9,504419
2015-02-05,4.02,4.02,3.67,3.71,378190
2015-02-06,3.67,3.76,3.5,3.54,323040
2015-02-09,3.53,3.61,3.42,3.54,287885
2015-02-10,3.56,3.67,3.53,3.66,180021
2015-02-11,3.67,3.76,3.65,3.66,180766
2015-02-12,3.67,3.75,3.61,3.72,203227
2015-02-13,3.79,3.89,3.72,3.77,333959
2015-02-16,3.79,3.87,3.77,3.79,205700
2015-02-17,3.82,3.86,3.77,3.78,169454
2015-02-25,3.81,3.83,3.67,3.7,245591
2015-02-26,3.71,3.93,3.58,3.92,579636
2015-02-27,3.88,3.98,3.86,3.9,458461
2015-03-02,3.93,4.06,3.86,4.03,520015
2015-03-03,3.99,4.0,3.83,3.84,420657
2015-03-04,3.84,3.93,3.81,3.9,370698
2015-03-05,3.89,3.89,3.64,3.74,377173
2015-03-06,3.73,3.95,3.69,3.83,383792
2015-03-09,3.78,3.92,3.7,3.92,367953
2015-03-10,3.88,4.0,3.86,3.94,371367
2015-03-11,3.94,3.99,3.83,3.87,303930
2015-03-12,3.88,4.0,3.85,3.99,440101
2015-03-13,4.01,4.26,3.97,4.1,828395
2015-03-16,4.09,4.22,4.03,4.21,603602
2015-03-17,4.22,4.38,4.18,4.36,845152
2015-03-18,4.37,4.57,4.34,4.52,792903
2015-03-19,4.53,4.63,4.4,4.53,815387
2015-03-20,4.49,4.55,4.38,4.48,711198
2015-03-23,4.51,4.63,4.5,4.6,822403
2015-03-24,4.61,4.66,4.37,4.55,875887
2015-03-25,4.49,4.53,4.34,4.38,601267
2015-03-26,4.35,4.55,4.27,4.52,760473
2015-03-27,4.54,4.63,4.49,4.5,678069
2015-03-30,4.51,4.73,4.43,4.7,1145524
2015-03-31,4.75,4.81,4.49,4.51,1003895
2015-04-01,4.51,4.68,4.5,4.63,659775
2015-04-02,4.65,4.74,4.56,4.73,936251
2015-04-03,4.65,4.87,4.63,4.82,1015602
2015-04-07,4.88,5.07,4.79,5.03,1143912
2015-04-08,5.03,5.05,4.75,4.89,865183
2015-04-09,4.89,4.93,4.58,4.77,759188
2015-04-10,4.72,4.95,4.71,4.92,811939
2015-04-13,4.94,5.1,4.92,5.03,931403
2015-04-14,5.01,5.11,4.92,5.09,944144
2015-04-15,5.09,5.23,4.87,4.89,990439
2015-04-16,4.83,5.15,4.78,5.13,991165
2015-04-17,5.22,5.52,5.15,5.42,1908044
2015-04-20,5.43,6.2,5.27,5.74,4547084
2015-04-21,5.78,6.4,5.62,6.28,3429088
2015-04-22,6.23,6.7,6.03,6.32,2884238
2015-04-23,6.31,6.69,6.18,6.51,2409119
2015-04-24,6.37,6.61,6.13,6.26,1468110
2015-04-27,6.28,7.09,6.13,6.93,2785265
2015-04-28,6.82,7.84,6.69,7.51,3527294
2015-04-29,7.34,7.47,6.94,7.25,1744685
2015-04-30,7.23,7.39,6.63,6.76,1395211
2015-05-04,6.8,7.37,6.65,7.12,1269894
2015-05-05,7.12,7.21,6.17,6.25,1444686
2015-05-06,6.26,6.39,5.72,5.9,1516534
2015-05-07,5.75,5.83,5.36,5.42,980663
2015-05-08,5.55,5.62,5.28,5.56,1043237
2015-05-11,5.66,5.92,5.49,5.83,1365737
2015-05-12,5.86,6.03,5.73,5.99,1239096
2015-05-13,5.99,5.99,5.71,5.76,1080636
2015-05-14,5.73,6.03,5.54,5.94,1429674
2015-05-15,5.86,5.94,5.58,5.6,884718
2015-05-18,5.43,5.56,5.31,5.41,924787
2015-05-19,5.38,5.68,5.38,5.67,826597
2015-05-20,5.68,5.87,5.63,5.67,980700
2015-05-21,5.67,5.79,5.53,5.78,1012224
2015-05-22,5.83,6.13,5.78,6.1,1538399
2015-05-25,6.05,6.55,6.0,6.48,1504481
2015-05-26,6.53,6.69,6.26,6.68,1691139
2015-05-27,6.63,7.03,6.43,6.96,1864233
2015-05-28,6.87,7.12,6.03,6.1,1923734
2015-05-29,6.01,6.21,5.64,5.87,1162585
2015-06-01,5.88,6.69,5.83,6.69,1849003
2015-06-02,6.83,7.0,6.48,6.75,2090908
2015-06-03,6.68,6.71,6.33,6.54,1195343
2015-06-04,6.51,7.28,6.05,7.25,2082566
2015-06-05,7.33,7.68,7.04,7.28,2513544
2015-06-08,7.28,7.93,7.15,7.85,2486757
2015-06-09,7.97,8.87,7.93,8.87,2849896
2015-06-10,8.44,9.93,8.23,9.05,4165860
2015-06-11,8.73,8.97,8.53,8.83,2295742
2015-06-12,8.73,9.95,8.66,9.32,2727034
2015-06-15,9.3,9.3,8.7,8.83,1931047
2015-06-16,8.54,9.73,8.44,9.12,2647992
2015-06-17,8.88,10.27,8.73,10.12,3818392
2015-06-18,9.71,10.12,9.42,9.48,2751802
2015-06-19,9.16,10.06,8.41,8.63,2351240
2015-06-23,8.43,9.43,7.61,9.37,2228804
2015-06-24,9.51,10.54,9.13,10.54,4064605
2015-06-25,10.66,11.2,9.74,10.19,4280690
2015-06-26,9.51,10.05,8.93,8.93,2174221
2015-06-29,9.22,9.48,7.8,8.72,2678235
2015-06-30,8.53,9.22,7.63,9.05,2300714
2015-07-01,8.63,9.16,7.91,7.91,2248114
2015-07-02,7.61,7.8,6.88,6.88,1516461
2015-07-03,6.13,6.88,5.96,5.96,1362412
2015-07-06,6.7,6.71,5.13,5.13,2118261
2015-07-07,4.65,5.39,4.38,5.3,3028888
2015-07-08,4.54,4.75,4.54,4.54,1363205
2015-07-09,4.54,5.23,3.86,5.23,1976415
2015-07-10,5.25,5.99,5.1,5.99,2304161
2015-07-13,6.05,6.79,5.82,6.77,2771639
2015-07-14,6.43,6.64,5.86,5.87,2034238
2015-07-15,5.55,5.71,5.05,5.05,1268016
2015-07-16,5.05,5.5,4.56,5.14,890222
2015-07-17,5.16,5.67,5.15,5.53,1027970
2015-07-20,5.49,5.98,5.35,5.73,1298187
2015-07-21,5.58,6.34,5.46,6.02,1569234
2015-07-22,5.93,6.63,5.68,6.38,2051408
2015-07-23,6.27,6.7,6.11,6.45,1866210
2015-07-24,6.35,7.33,6.31,6.9,2963018
2015-07-27,6.64,7.03,5.98,5.98,2121838
2015-07-28,5.27,5.84,5.15,5.44,1774701
2015-07-29,5.71,6.03,5.35,5.97,1190974
2015-07-30,5.9,6.29,5.45,5.6,1305317
2015-07-31,5.44,5.65,5.12,5.62,1124143
2015-08-03,5.45,6.09,5.35,6.06,1142345
2015-08-04,6.05,6.4,5.7,6.29,1002793
2015-08-05,6.2,6.63,5.98,6.11,857649
2015-08-06,5.85,6.45,5.76,6.05,730408
2015-08-07,6.12,6.4,6.0,6.21,803093
2015-08-10,6.75,7.07,6.52,7.07,1697274
2015-08-11,7.26,7.8,7.07,7.29,2144925
2015-08-12,7.1,8.25,7.05,8.1,2483316
2015-08-13,7.85,8.35,7.53,8.15,1979262
2015-08-14,8.19,8.37,7.77,8.06,1546902
2015-08-17,7.84,8.1,7.56,7.94,1313738
2015-08-18,7.83,7.85,6.91,6.91,1473475
2015-08-19,6.35,7.11,5.98,6.84,1249649
2015-08-20,6.66,6.89,5.95,5.97,945928
2015-08-21,5.74,6.24,5.55,5.78,913034
2015-08-24,5.25,5.54,4.97,4.97,635793
2015-08-25,4.24,4.45,4.24,4.24,580453
2015-08-26,4.15,4.55,3.58,3.59,1104854
2015-08-27,3.75,3.95,3.33,3.93,812165
2015-08-28,4.02,4.47,3.97,4.45,998174
2015-08-31,4.4,4.55,4.01,4.52,854082
2015-09-01,4.35,4.93,3.91,4.86,1198472
2015-09-02,4.44,4.83,4.14,4.14,710538
2015-09-07,4.2,4.49,4.0,4.05,494702
2015-09-08,3.97,4.31,3.87,4.26,404631
2015-09-09,4.27,4.6,4.25,4.54,585193
2015-09-10,4.39,4.91,4.29,4.56,744888
2015-09-11,4.45,4.62,4.33,4.45,469375
2015-09-14,4.64,4.7,3.85,4.16,691777
2015-09-15,3.95,4.33,3.54,3.61,541931
2015-09-16,3.72,4.21,3.58,4.17,499396
2015-09-17,4.08,4.38,3.95,3.96,606357
2015-09-18,3.98,4.13,3.9,4.03,276594
2015-09-21,3.95,4.23,3.91,4.17,356775
2015-09-22,4.22,4.43,4.15,4.3,550188
2015-09-23,4.12,4.21,3.96,4.01,375600
2015-09-24,4.0,4.18,4.0,4.11,303930
2015-09-25,4.1,4.13,3.75,3.85,361661
2015-09-28,3.85,3.9,3.66,3.86,180632
2015-09-29,3.75,3.76,3.53,3.6,300489
2015-09-30,3.65,3.75,3.61,3.64,212842
2015-10-08,4.05,4.2,3.93,4.01,455905
2015-10-09,3.95,4.14,3.93,4.06,339563
2015-10-12,4.29,4.49,4.27,4.39,595088
2015-10-13,4.31,4.39,4.21,4.33,440858
2015-10-14,4.27,4.5,4.25,4.27,444693
2015-10-15,4.3,4.54,4.25,4.49,625408
2015-10-16,4.6,4.75,4.43,4.71,932043
2015-10-19,4.7,4.82,4.57,4.64,708056
2015-10-20,4.65,4.69,4.29,4.58,875454
2015-10-21,4.5,4.8,3.97,4.06,905072
2015-10-22,4.08,4.28,3.95,4.22,554970
2015-10-23,4.2,4.35,4.12,4.28,536748
2015-10-26,4.37,4.41,4.2,4.28,502051
2015-10-27,4.21,4.25,3.95,4.2,466347
2015-10-28,4.13,4.2,4.05,4.09,370728
2015-10-29,4.09,4.24,4.09,4.12,351721
2015-10-30,4.09,4.11,3.85,3.95,341255
2015-11-02,3.89,3.93,3.76,3.79,255929
2015-11-03,3.82,3.87,3.76,3.8,164227
2015-11-04,3.81,4.08,3.8,4.08,425156
2015-11-05,4.07,4.72,4.03,4.36,1253404
2015-11-06,4.33,4.5,4.24,4.42,780424
2015-11-09,4.34,4.69,4.3,4.54,886060
2015-11-10,4.5,4.73,4.4,4.64,758335
2015-11-11,4.6,4.72,4.54,4.61,532720
2015-11-12,4.61,4.68,4.4,4.46,482346
2015-11-13,4.36,4.41,4.22,4.26,415962
2015-11-16,4.18,4.25,4.11,4.25,342168
2015-11-17,4.28,4.51,4.26,4.29,530095
2015-11-18,4.28,4.5,4.21,4.33,398707
2015-11-19,4.34,4.44,4.29,4.43,336033
2015-11-20,4.43,4.5,4.34,4.42,441350
2015-11-23,4.41,4.43,4.22,4.25,377474
2015-11-24,4.25,4.25,4.0,4.13,441388
2015-11-25,4.1,4.22,4.07,4.18,296151
2015-11-26,4.16,4.32,4.16,4.21,449691
2015-11-27,4.17,4.18,3.65,3.68,451381
2015-11-30,3.72,3.76,3.43,3.68,306932
2015-12-01,3.68,3.73,3.6,3.72,203064
2015-12-02,3.72,4.05,3.66,3.95,364158
2015-12-03,3.94,4.04,3.83,3.95,309429
2015-12-04,3.99,4.09,3.83,3.9,318290
2015-12-07,3.9,3.93,3.81,3.85,157642
2015-12-08,3.79,3.82,3.6,3.61,247841
2015-12-09,3.61,3.71,3.58,3.65,156534
2015-12-10,3.64,3.95,3.6,3.73,298998
2015-12-11,3.69,3.81,3.61,3.7,198963
2015-12-14,3.71,3.93,3.67,3.92,395683
2015-12-15,3.84,3.92,3.77,3.8,266690
2015-12-16,3.85,3.88,3.75,3.79,181595
2015-12-17,3.82,3.94,3.81,3.91,337051
2015-12-18,3.86,3.92,3.81,3.86,259835
2015-12-21,3.85,4.07,3.81,4.01,480507
2015-12-22,4.02,4.19,3.97,4.06,491369
2015-12-23,4.06,4.19,3.95,3.96,381695
2015-12-24,3.98,4.03,3.77,3.85,232977
2015-12-25,3.86,3.9,3.75,3.86,274637
2015-12-28,3.86,3.86,3.69,3.69,298175
2015-12-29,3.69,3.77,3.66,3.75,228677
2015-12-30,3.76,3.78,3.71,3.77,151472
2015-12-31,3.75,3.8,3.69,3.7,132439
2016-01-04,3.71,3.75,3.17,3.19,225189
2016-01-05,3.08,3.36,2.95,3.29,370807
2016-01-06,3.27,3.85,3.23,3.85,743218
2016-01-07,3.73,3.83,3.23,3.24,165170
2016-01-08,3.37,3.8,3.28,3.8,914910
2016-01-11,3.7,3.74,3.2,3.31,718992
2016-01-12,3.3,3.34,3.01,3.21,261252
2016-01-13,3.24,3.56,3.1,3.13,291820
2016-01-14,2.9,3.36,2.85,3.23,276807
2016-01-15,3.2,3.21,2.83,2.85,303615
2016-01-18,2.73,2.92,2.67,2.8,183664
2016-01-19,2.79,3.01,2.77,2.96,199986
2016-01-20,2.95,2.95,2.78,2.82,228714
2016-01-21,2.79,2.99,2.7,2.76,252757
2016-01-22,2.92,3.04,2.83,2.9,298216
2016-01-25,2.96,3.14,2.85,2.98,350018
2016-01-26,2.89,2.91,2.47,2.51,313631
2016-01-27,2.55,2.62,2.21,2.49,291198
2016-01-28,2.43,2.71,2.24,2.32,312814
2016-01-29,2.3,2.5,2.29,2.46,187144
2016-02-01,2.46,2.5,2.1,2.23,225415
2016-02-02,2.23,2.34,2.19,2.33,182974
2016-02-03,2.25,2.28,2.15,2.25,157717
2016-02-04,2.28,2.37,2.26,2.31,177111
2016-02-05,2.32,2.37,2.23,2.26,166052
2016-02-15,2.13,2.34,2.1,2.28,124624
2016-02-16,2.26,2.49,2.26,2.44,224629
2016-02-17,2.4,2.51,2.38,2.49,225569
2016-02-18,2.51,2.67,2.46,2.48,267023
2016-02-19,2.43,2.49,2.42,2.46,133514
2016-02-22,2.49,2.77,2.47,2.63,356213
2016-02-23,2.6,2.71,2.56,2.69,335786
2016-02-24,2.65,2.92,2.64,2.85,464933
2016-02-25,2.83,2.85,2.33,2.37,337325
2016-02-26,2.42,2.72,2.34,2.65,324338
2016-02-29,2.6,2.84,2.34,2.55,275094
2016-03-01,2.57,2.76,2.46,2.71,280744
2016-03-02,2.65,3.04,2.65,3.0,495060
2016-03-03,3.01,3.2,2.94,3.02,534902
2016-03-04,3.0,3.13,2.79,3.02,541065
2016-03-07,3.15,3.2,2.92,3.1,516425
2016-03-08,3.23,3.25,2.9,3.06,486326
2016-03-09,2.82,2.89,2.68,2.77,251920
2016-03-10,2.8,2.83,2.64,2.66,143939
2016-03-11,2.67,2.74,2.61,2.71,103947
2016-03-14,2.75,2.87,2.72,2.76,187121
2016-03-15,2.75,2.77,2.67,2.71,119514
2016-03-16,2.72,2.75,2.65,2.66,129726
2016-03-17,2.69,2.8,2.68,2.75,153855
2016-03-18,2.76,2.89,2.75,2.86,222346
2016-03-21,2.88,2.97,2.83,2.96,304155
2016-03-22,2.91,2.93,2.85,2.88,188035
2016-03-23,2.85,2.95,2.84,2.88,139442
2016-03-24,2.8,2.81,2.7,2.73,210034
2016-03-25,2.72,2.76,2.7,2.76,81561
2016-03-28,2.75,2.8,2.71,2.71,116961
2016-03-29,2.69,2.73,2.61,2.64,138350
2016-03-30,2.67,2.76,2.67,2.75,134931
2016-03-31,2.78,2.8,2.71,2.77,166591
2016-04-01,2.77,2.86,2.75,2.8,178960
2016-04-05,2.83,2.93,2.79,2.9,242861
2016-04-06,2.85,2.9,2.81,2.83,157058
2016-04-07,2.86,2.89,2.77,2.81,174146
2016-04-08,2.76,2.86,2.75,2.85,173745
2016-04-11,2.85,3.07,2.85,2.97,433231
2016-04-12,2.97,3.15,2.88,3.14,535969
2016-04-13,3.26,3.42,3.18,3.21,808327
2016-04-14,3.2,3.23,3.1,3.14,312042
2016-04-15,3.1,3.17,2.99,3.03,247296
2016-04-18,3.01,3.07,2.92,3.04,178554
2016-04-19,3.07,3.09,2.92,2.96,159670
2016-04-20,3.01,3.04,2.65,2.78,287311
2016-04-21,2.79,2.93,2.76,2.82,233054
2016-04-22,2.79,2.87,2.72,2.85,144987
2016-04-25,2.81,2.88,2.76,2.88,168457
2016-04-26,2.9,2.91,2.77,2.85,126956
2016-04-27,2.84,2.85,2.77,2.79,110412
2016-04-28,2.77,2.85,2.7,2.82,144751
2016-04-29,2.79,2.83,2.76,2.8,80309
2016-05-03,2.78,2.9,2.76,2.88,146305
2016-05-04,2.86,2.89,2.83,2.86,105343
2016-05-05,2.87,2.91,2.83,2.88,88829
2016-05-06,2.86,2.88,2.67,2.69,153993
2016-05-09,2.66,2.69,2.4,2.43,177386
2016-05-10,2.42,2.51,2.42,2.47,113971
2016-05-11,2.5,2.51,2.38,2.45,75539
2016-05-12,2.43,2.47,2.36,2.45,68880
2016-05-13,2.43,2.48,2.4,2.43,58849
2016-05-16,2.44,2.46,2.37,2.45,77503
2016-05-17,2.46,2.53,2.38,2.42,135896
2016-05-18,2.38,2.39,2.26,2.29,112584
2016-05-19,2.31,2.35,2.28,2.29,63947
2016-05-20,2.27,2.31,2.22,2.3,55352
2016-05-23,2.3,2.34,2.28,2.32,51131
2016-05-24,2.33,2.34,2.25,2.27,54247
2016-05-25,2.29,2.33,2.29,2.3,88279
2016-05-26,2.31,2.4,2.27,2.39,129123
2016-05-27,2.36,2.37,2.29,2.33,123975
2016-05-30,2.3,2.35,2.28,2.31,61111
2016-05-31,2.31,2.46,2.31,2.44,133590
2016-06-01,2.44,2.5,2.43,2.46,136048
2016-06-02,2.45,2.48,2.43,2.46,86549
2016-06-03,2.46,2.48,2.41,2.48,91636
2016-06-06,2.46,2.48,2.42,2.43,76924
2016-06-07,2.45,2.48,2.44,2.46,80990
2016-06-08,2.45,2.49,2.44,2.45,82800
2016-06-13,2.39,2.42,2.18,2.21,100925
2016-06-14,2.21,2.26,2.2,2.24,46825
2016-06-15,2.2,2.4,2.18,2.34,93054
2016-06-16,2.34,2.38,2.3,2.32,66122
2016-06-17,2.31,2.5,2.31,2.47,194169
2016-06-20,2.44,2.46,2.37,2.38,119416
2016-06-21,2.4,2.48,2.37,2.38,118649
2016-06-22,2.38,2.55,2.36,2.53,201707
2016-06-23,2.48,2.66,2.48,2.55,172734
2016-06-24,2.53,2.61,2.38,2.45,129905
2016-06-27,2.51,2.89,2.49,2.78,429797
2016-06-28,2.72,2.78,2.69,2.75,116842
2016-06-29,2.75,2.92,2.73,2.83,179116
2016-06-30,2.83,2.86,2.77,2.81,80660
2016-07-01,2.81,2.89,2.78,2.81,95898
2016-07-04,2.77,3.22,2.77,3.14,397642
2016-07-05,3.19,3.39,3.1,3.13,367478
2016-07-06,3.13,3.16,2.99,3.15,166186
2016-07-07,3.1,3.22,3.07,3.1,149364
2016-07-08,3.06,3.1,2.91,2.98,156241
2016-07-11,2.98,3.21,2.98,3.08,212390
2016-07-12,3.2,3.62,3.2,3.37,734825
2016-07-13,3.25,3.42,3.25,3.4,319225
2016-07-14,3.39,3.39,3.25,3.34,162890
2016-07-15,3.29,3.61,3.29,3.38,402076
2016-07-18,3.35,3.47,3.25,3.3,259660
2016-07-19,3.26,3.33,3.22,3.29,135190
2016-07-20,3.31,3.39,3.16,3.18,165752
2016-07-21,3.19,3.27,3.08,3.19,190840
2016-07-22,3.24,3.24,3.08,3.12,143069
2016-07-25,3.14,3.18,3.04,3.12,92540
2016-07-26,3.15,3.3,3.13,3.28,181806
2016-07-27,3.31,3.33,2.97,3.12,175077
2016-07-28,3.07,3.22,3.07,3.13,172745
2016-07-29,3.16,3.27,3.15,3.18,110362
2016-08-01,3.23,3.33,3.11,3.31,128695
2016-08-02,3.41,3.5,3.32,3.37,197016
2016-08-03,3.26,3.38,3.22,3.32,114629
2016-08-04,3.31,3.39,3.26,3.33,90473
2016-08-05,3.33,3.35,3.24,3.33,87166
2016-08-08,3.48,3.6,3.4,3.59,453209
2016-08-09,3.53,3.61,3.48,3.52,282961
2016-08-10,3.52,3.72,3.47,3.54,260712
2016-08-11,3.52,3.52,3.35,3.38,166157
2016-08-12,3.37,3.59,3.32,3.48,123707
2016-08-15,3.47,3.58,3.41,3.52,188901
2016-08-16,3.51,3.65,3.49,3.57,249482
2016-08-17,3.58,3.59,3.43,3.52,207021
2016-08-18,3.52,3.6,3.42,3.48,231145
2016-08-19,3.48,3.48,3.21,3.32,355198
2016-08-22,3.31,3.34,3.25,3.26,118244
2016-08-23,3.27,3.29,3.2,3.23,140207
2016-08-24,3.24,3.27,3.15,3.19,135002
2016-08-25,3.19,3.23,3.13,3.21,142540
2016-08-26,3.23,3.25,3.18,3.2,107634
2016-08-29,3.2,3.21,3.15,3.17,95562
2016-08-30,3.17,3.24,3.17,3.21,86643
2016-08-31,3.23,3.25,3.18,3.24,103954
2016-09-01,3.22,3.25,3.18,3.21,97825
2016-09-02,3.21,3.23,3.17,3.18,77278
2016-09-05,3.2,3.38,3.2,3.31,212162
2016-09-06,3.29,3.35,3.26,3.33,95308
2016-09-07,3.35,3.35,3.26,3.28,99909
2016-09-08,3.27,3.33,3.24,3.33,92824
2016-09-09,3.33,3.36,3.28,3.31,74201
2016-09-12,3.2,3.23,3.14,3.21,135817
2016-09-13,3.24,3.24,3.16,3.19,67376
2016-09-14,3.18,3.18,3.06,3.09,59891
2016-09-19,3.1,3.23,3.09,3.18,63646
2016-09-20,3.17,3.24,3.16,3.23,106451
2016-09-21,3.2,3.28,3.17,3.24,85498
2016-09-22,3.25,3.31,3.24,3.26,105608
2016-09-23,3.29,3.3,3.24,3.27,68330
2016-09-26,3.25,3.35,3.22,3.22,145645
2016-09-27,3.17,3.25,3.14,3.24,95019
2016-09-28,3.29,3.3,3.18,3.2,67134
2016-09-29,3.25,3.34,3.25,3.28,143927
2016-09-30,3.28,3.3,3.22,3.3,69685
2016-10-10,3.4,3.43,3.32,3.35,155507
2016-10-11,3.37,3.49,3.34,3.48,227868
2016-10-12,3.46,3.48,3.38,3.43,174987
2016-10-13,3.44,3.53,3.4,3.43,155110
2016-10-14,3.45,3.49,3.37,3.49,126819
2016-10-17,3.51,3.57,3.41,3.46,222425
2016-10-18,3.42,3.63,3.41,3.61,295768
2016-10-19,3.66,3.76,3.52,3.56,281441
2016-10-20,3.56,3.6,3.46,3.51,149817
2016-10-21,3.52,3.75,3.5,3.62,342437
2016-10-24,3.7,4.22,3.7,4.22,714389
2016-10-25,4.53,4.78,4.34,4.68,1638481
2016-10-26,4.5,4.53,4.37,4.4,712202
2016-10-27,4.33,4.52,4.23,4.29,591356
2016-10-28,4.25,4.43,4.21,4.33,548656
2016-10-31,4.26,4.32,4.14,4.3,339694
2016-11-01,4.28,4.34,4.16,4.26,442483
2016-11-02,4.26,4.42,3.98,4.07,574652
2016-11-03,4.06,4.24,3.9,4.2,687124
2016-11-04,4.19,4.38,4.15,4.22,581540
2016-11-07,4.27,4.52,4.24,4.33,768685
2016-11-08,4.29,4.32,4.15,4.18,481497
2016-11-09,4.15,4.29,3.97,4.25,566152
2016-11-10,4.25,4.49,4.23,4.39,636461
2016-11-11,4.4,4.7,4.27,4.49,658727
2016-11-14,4.32,4.78,4.32,4.62,698135
2016-11-15,4.56,4.7,4.26,4.38,517154
2016-11-16,4.36,4.39,4.19,4.3,339484
2016-11-17,4.23,4.5,4.05,4.41,355784
2016-11-18,4.35,4.39,4.21,4.29,246583
2016-11-21,4.24,4.34,4.2,4.24,207756
2016-11-22,4.32,4.39,4.28,4.36,312814
2016-11-23,4.38,4.39,4.2,4.23,265317
2016-11-24,4.32,4.37,4.19,4.22,227001
2016-11-25,4.2,4.23,4.02,4.2,208561
2016-11-28,4.2,4.31,4.15,4.29,261424
2016-11-29,4.25,4.25,4.08,4.13,311862
2016-11-30,4.07,4.07,3.78,3.88,423702
2016-12-01,3.91,3.92,3.86,3.9,254518
2016-12-02,3.9,4.01,3.82,3.83,259724
2016-12-05,3.79,3.9,3.72,3.82,185474
2016-12-06,3.83,3.87,3.74,3.75,172253
2016-12-07,3.75,3.85,3.69,3.84,241785
2016-12-08,3.83,3.84,3.75,3.78,212083
2016-12-09,3.75,3.79,3.68,3.73,358552
2016-12-12,3.74,3.81,3.55,3.57,338197
2016-12-13,3.63,3.63,3.51,3.59,222921
2016-12-14,3.55,3.62,3.52,3.53,195120
2016-12-15,3.53,3.58,3.48,3.52,187765
2016-12-16,3.52,3.52,3.38,3.5,199657
2016-12-19,3.44,3.5,3.42,3.45,138574
2016-12-20,3.39,3.45,3.29,3.35,191343
2016-12-21,3.35,3.46,3.35,3.45,188218
2016-12-22,3.43,3.5,3.41,3.46,176629
2016-12-23,3.44,3.47,3.37,3.38,107528
2016-12-26,3.37,3.41,3.21,3.39,145360
2016-12-27,3.39,3.45,3.35,3.42,86185
2016-12-28,3.45,3.47,3.39,3.4,90279
2016-12-29,3.4,3.49,3.37,3.46,128064
2016-12-30,3.48,3.5,3.42,3.46,125698
2017-01-03,3.49,3.52,3.45,3.5,135056
2017-01-04,3.49,3.52,3.47,3.51,97174
2017-01-05,3.52,3.58,3.5,3.53,164942
2017-01-06,3.51,3.53,3.48,3.49,125606
2017-01-09,3.49,3.53,3.47,3.51,130779
2017-01-10,3.51,3.66,3.46,3.59,245624
2017-01-11,3.57,3.65,3.5,3.53,196321
2017-01-12,3.5,3.56,3.39,3.39,140885
2017-01-13,3.39,3.43,3.32,3.37,125499
2017-01-16,3.35,3.43,3.18,3.34,199007
2017-01-17,3.31,3.4,3.28,3.39,107737
2017-01-18,3.37,3.5,3.35,3.45,166451
2017-01-19,3.42,3.49,3.4,3.45,91403
2017-01-20,3.44,3.51,3.43,3.49,90688
2017-01-23,3.51,3.57,3.49,3.54,149710
2017-01-24,3.54,3.67,3.52,3.61,240575
2017-01-25,3.61,3.64,3.54,3.57,131308
2017-01-26,3.59,3.67,3.57,3.65,140019
2017-02-03,3.65,3.66,3.53,3.55,102271
2017-02-06,3.55,3.57,3.48,3.54,108284
2017-02-07,3.5,3.55,3.5,3.52,105728
2017-02-08,3.52,3.64,3.49,3.62,183688
2017-02-09,3.6,3.74,3.59,3.66,220655
2017-02-10,3.65,3.82,3.62,3.78,265438
2017-02-13,3.8,3.96,3.77,3.81,355811
2017-02-14,3.81,3.91,3.77,3.88,229922
2017-02-15,3.86,3.86,3.73,3.74,204502
2017-02-16,3.77,4.01,3.77,3.98,611807
2017-02-17,3.94,3.94,3.78,3.82,307565
2017-02-20,3.82,3.94,3.78,3.93,274038
2017-02-21,3.92,3.96,3.83,3.89,275279
2017-02-22,3.87,3.87,3.81,3.87,159886
2017-02-23,3.89,3.89,3.74,3.8,199559
2017-02-24,3.79,3.79,3.7,3.75,170270
2017-02-27,3.76,3.76,3.66,3.69,183643
2017-02-28,3.7,3.73,3.67,3.73,130709
2017-03-01,3.72,3.79,3.7,3.75,191613
2017-03-02,3.8,3.82,3.7,3.71,132587
2017-03-03,3.67,3.72,3.64,3.67,126231
2017-03-06,3.69,3.77,3.67,3.75,183329
2017-03-07,3.73,3.83,3.67,3.76,202211
2017-03-08,3.75,3.75,3.67,3.69,140665
2017-03-09,3.67,3.68,3.44,3.5,327789
2017-03-10,3.51,3.53,3.45,3.47,118774
2017-03-13,3.48,3.54,3.41,3.53,165127
2017-03-14,3.51,3.57,3.47,3.49,169647
2017-03-15,3.5,3.55,3.49,3.53,140489
2017-03-16,3.54,3.62,3.54,3.57,169456
2017-03-17,3.57,3.59,3.44,3.47,196573
2017-03-20,3.67,3.78,3.59,3.65,439589
2017-03-21,3.67,3.77,3.59,3.65,361198
2017-03-22,3.6,3.65,3.51,3.64,269850
2017-03-23,3.6,3.62,3.52,3.58,223268
2017-03-24,3.58,3.62,3.51,3.59,198390
2017-03-27,3.58,3.6,3.52,3.53,185935
2017-03-28,3.53,3.55,3.5,3.51,111181
2017-03-29,3.56,3.7,3.52,3.68,367839
2017-03-30,3.65,3.74,3.63,3.69,403475
2017-03-31,3.68,3.79,3.63,3.76,336639
2017-04-05,3.8,3.84,3.73,3.82,377998
2017-04-06,3.81,3.82,3.75,3.79,245438
2017-04-07,3.79,3.8,3.71,3.76,238510
2017-04-10,3.76,3.87,3.71,3.78,294606
2017-04-11,3.83,3.83,3.7,3.79,226411
2017-04-12,3.77,3.78,3.71,3.73,180386
2017-04-13,3.73,3.85,3.7,3.82,320823
2017-04-14,3.82,3.88,3.71,3.75,345880
2017-04-17,3.71,3.75,3.64,3.67,232755
2017-04-18,3.67,3.72,3.56,3.57,175209
2017-04-19,3.5,3.54,3.38,3.43,200333
2017-04-20,3.42,3.47,3.33,3.38,141617
2017-04-21,3.4,3.44,3.39,3.41,105587
2017-04-24,3.41,3.41,3.28,3.37,133738
2017-04-25,3.35,3.48,3.31,3.44,142527
2017-04-26,3.42,3.45,3.4,3.43,85194
2017-04-27,3.42,3.45,3.31,3.44,119643
2017-04-28,3.43,3.5,3.42,3.47,128297
2017-05-02,3.49,3.52,3.45,3.45,131816
2017-05-03,3.46,3.47,3.35,3.39,105131
2017-05-04,3.38,3.38,3.24,3.27,148684
2017-05-05,3.25,3.26,3.03,3.06,194999
2017-05-08,3.05,3.07,2.98,3.04,112558
2017-05-09,3.05,3.08,2.98,3.06,87470
2017-05-10,3.07,3.1,2.98,2.98,95746
2017-05-11,2.97,2.98,2.81,2.9,177717
2017-05-12,2.9,2.93,2.86,2.9,92778
2017-05-15,2.91,2.95,2.9,2.93,82527
2017-05-16,2.92,3.0,2.85,3.0,109686
2017-05-17,2.99,3.07,2.96,3.0,109212
2017-05-18,2.96,3.01,2.94,2.96,105472
2017-05-19,2.98,3.02,2.96,3.0,86877
2017-05-22,3.0,3.06,2.93,2.96,92983
2017-05-23,2.95,3.06,2.83,2.91,145944
2017-05-24,2.87,2.91,2.81,2.89,104475
2017-05-25,2.9,3.05,2.88,3.05,201698
2017-05-26,3.02,3.08,3.0,3.02,120718
2017-05-31,3.06,3.08,2.96,2.96,127211
2017-06-01,2.94,2.98,2.91,2.93,93115
2017-06-02,2.89,3.0,2.89,3.0,98532
2017-06-05,3.05,3.1,3.03,3.04,152518
2017-06-06,3.03,3.07,3.02,3.07,107629
2017-06-07,3.06,3.16,3.05,3.16,187284
2017-06-08,3.1,3.16,3.1,3.13,136289
2017-06-09,3.14,3.19,3.12,3.17,165310
2017-06-12,3.16,3.17,3.07,3.08,143758
2017-06-13,3.06,3.23,3.06,3.2,208954
2017-06-14,3.2,3.28,3.18,3.21,246019
2017-06-15,3.2,3.28,3.2,3.23,103882
2017-06-16,3.22,3.27,3.2,3.22,89113
2017-06-19,3.23,3.42,3.2,3.36,252711
2017-06-20,3.36,3.46,3.35,3.38,155831
2017-06-21,3.4,3.42,3.31,3.36,121305
2017-06-22,3.36,3.46,3.36,3.38,178972
2017-06-23,3.38,3.38,3.2,3.33,131193
2017-06-26,3.32,3.46,3.31,3.45,160880
2017-06-27,3.45,3.53,3.36,3.48,223445
2017-06-28,3.46,3.55,3.44,3.49,151179
2017-06-29,3.5,3.63,3.46,3.54,198271
2017-06-30,3.52,3.58,3.5,3.53,148250
2017-07-03,3.54,3.63,3.52,3.63,158319
2017-07-04,3.62,3.62,3.44,3.48,213730
2017-07-05,3.51,3.58,3.5,3.56,164855
2017-07-06,3.57,3.69,3.53,3.63,274885
2017-07-07,3.61,3.66,3.55,3.66,276891
2017-07-10,3.65,3.75,3.61,3.7,233998
2017-07-11,3.69,3.72,3.6,3.61,175510
2017-07-12,3.6,3.65,3.48,3.6,217313
2017-07-13,3.6,3.73,3.56,3.65,268096
2017-07-14,3.65,3.67,3.58,3.65,134964
2017-07-17,3.65,3.85,3.48,3.68,662935
2017-07-18,3.65,3.89,3.65,3.88,588625
2017-07-19,3.87,4.27,3.83,4.25,926673
2017-07-20,4.21,4.21,4.04,4.1,525163
2017-07-21,4.08,4.29,4.05,4.13,459517
2017-07-24,4.12,4.23,4.02,4.04,404592
2017-07-25,4.04,4.04,3.92,3.98,359884
2017-07-26,4.0,4.03,3.94,3.97,302194
2017-07-27,3.97,3.97,3.7,3.79,452176
2017-07-28,3.79,3.85,3.74,3.83,259285
2017-07-31,3.84,4.04,3.81,4.02,508178
2017-08-01,4.01,4.01,3.87,3.91,376212
2017-08-02,3.94,4.16,3.9,3.99,592132
2017-08-03,4.0,4.09,3.97,4.08,378043
2017-08-04,4.08,4.42,4.07,4.1,767854
2017-08-07,4.07,4.41,3.95,4.38,700764
2017-08-08,4.37,4.57,4.24,4.32,791502
2017-08-09,4.33,4.59,4.16,4.57,950270
2017-08-10,4.48,4.48,4.25,4.32,589511
2017-08-11,4.27,4.28,3.74,3.82,657531
2017-08-14,3.84,3.92,3.8,3.87,298051
2017-08-15,3.83,3.89,3.77,3.83,225016
2017-08-16,3.83,3.9,3.75,3.81,268189
2017-08-17,3.89,4.09,3.89,4.06,495129
2017-08-18,3.99,4.12,3.96,4.04,291269
2017-08-21,4.11,4.16,4.03,4.1,251856
2017-08-22,4.1,4.13,4.02,4.09,234447
2017-08-23,4.0,4.06,3.89,3.93,228247
2017-08-24,3.95,4.0,3.88,3.9,149228
2017-08-25,3.97,4.15,3.95,4.1,375834
2017-08-28,4.07,4.15,4.05,4.13,316884
2017-08-29,4.15,4.29,4.13,4.19,353208
2017-08-30,4.15,4.33,4.13,4.27,412542
2017-08-31,4.28,4.31,4.22,4.26,311952
2017-09-01,4.36,4.64,4.32,4.45,953632
2017-09-04,4.46,4.57,4.29,4.35,503749
2017-09-05,4.32,4.36,4.18,4.28,322817
2017-09-06,4.24,4.44,4.2,4.3,358960
2017-09-07,4.26,4.32,4.12,4.14,286352
2017-09-08,4.16,4.23,4.07,4.13,233272
2017-09-11,4.1,4.25,4.05,4.24,212146
2017-09-12,4.36,4.38,4.21,4.24,408901
2017-09-13,4.25,4.36,4.19,4.3,225481
2017-09-14,4.27,4.33,4.12,4.19,209769
2017-09-15,4.17,4.17,4.0,4.02,260718
2017-09-18,3.97,4.08,3.95,4.05,126850
2017-09-19,4.06,4.08,3.99,4.03,161441
2017-09-20,4.01,4.11,4.01,4.09,123230
2017-09-21,4.09,4.1,4.02,4.03,136109
2017-09-22,4.02,4.02,3.84,3.99,177088
2017-09-25,3.96,3.98,3.87,3.89,109686
2017-09-26,3.9,3.96,3.89,3.92,74141
2017-09-27,3.92,3.98,3.91,3.94,84904
2017-09-28,3.93,3.96,3.88,3.89,77710
2017-09-29,3.88,3.94,3.85,3.87,87248
2017-10-09,3.95,3.97,3.9,3.92,100667
2017-10-10,3.94,3.95,3.88,3.9,85390
2017-10-11,3.92,4.03,3.92,4.0,183298
2017-10-12,4.0,4.01,3.82,3.9,227816
2017-10-13,3.91,3.94,3.86,3.93,86112
2017-10-16,3.95,3.96,3.88,3.93,101611
2017-10-17,3.89,3.92,3.86,3.87,70873
2017-10-18,3.87,3.9,3.75,3.75,162865
2017-10-19,3.74,3.75,3.59,3.6,178062
2017-10-20,3.6,3.68,3.58,3.66,76332
2017-10-23,3.65,3.69,3.62,3.66,59427
2017-10-24,3.66,3.69,3.63,3.66,54107
2017-10-25,3.67,3.69,3.64,3.69,59452
2017-10-26,3.69,3.74,3.63,3.73,111953
2017-10-27,3.72,3.73,3.63,3.64,115082
2017-10-30,3.62,3.67,3.5,3.54,122166
2017-10-31,3.54,3.61,3.53,3.59,66499
2017-11-01,3.6,3.61,3.55,3.56,50573
2017-11-02,3.56,3.61,3.52,3.55,99255
2017-11-03,3.53,3.54,3.37,3.44,117879
2017-11-06,3.45,3.46,3.34,3.44,101190
2017-11-07,3.44,3.58,3.41,3.54,121298
2017-11-08,3.54,3.57,3.5,3.55,63757
2017-11-09,3.56,3.68,3.56,3.6,202121
2017-11-10,3.58,3.58,3.48,3.52,136241
2017-11-13,3.49,3.57,3.46,3.55,147310
2017-11-14,3.55,3.68,3.55,3.61,289938
2017-11-15,3.57,3.57,3.5,3.52,114407
2017-11-16,3.5,3.54,3.39,3.42,162327
2017-11-17,3.44,3.45,3.26,3.28,162890
2017-11-20,3.31,3.34,3.17,3.34,118661
2017-11-21,3.32,3.37,3.29,3.35,91225
2017-11-22,3.36,3.48,3.36,3.42,111835
2017-11-23,3.45,3.52,3.32,3.33,165942
2017-11-24,3.3,3.45,3.24,3.43,107358
2017-11-27,3.42,3.5,3.4,3.44,123389
2017-11-28,3.42,3.57,3.4,3.55,168955
2017-11-29,3.54,3.61,3.51,3.57,151077
2017-11-30,3.6,3.65,3.53,3.54,131398
2017-12-01,3.57,3.57,3.49,3.55,84679
2017-12-04,3.56,3.64,3.55,3.57,121415
2017-12-05,3.56,3.57,3.42,3.43,108018
2017-12-06,3.47,3.54,3.36,3.53,140743
2017-12-07,3.51,3.62,3.48,3.53,157747
2017-12-08,3.52,3.58,3.46,3.54,183986
2017-12-11,3.54,3.55,3.49,3.53,107077
2017-12-12,3.54,3.55,3.41,3.42,103515
2017-12-13,3.42,3.44,3.35,3.4,107028
2017-12-14,3.35,3.43,3.35,3.4,81072
2017-12-15,3.4,3.41,3.31,3.32,74073
2017-12-18,3.35,3.46,3.34,3.45,140331
2017-12-19,3.45,3.46,3.4,3.44,80600
2017-12-20,3.44,3.47,3.37,3.4,96764
2017-12-21,3.4,3.4,3.28,3.35,85588
2017-12-22,3.35,3.4,3.34,3.35,76943
2017-12-25,3.35,3.37,3.26,3.27,87651
2017-12-26,3.27,3.31,3.22,3.31,99837
2017-12-27,3.28,3.44,3.27,3.33,132491
2017-12-28,3.33,3.45,3.31,3.4,150980
2017-12-29,3.43,3.45,3.37,3.41,99239
2018-01-02,3.41,3.52,3.4,3.52,191425
2018-01-03,3.5,3.57,3.48,3.5,206651
2018-01-04,3.48,3.61,3.48,3.6,247453
2018-01-05,3.59,3.68,3.53,3.65,230672
2018-01-08,3.67,3.9,3.67,3.81,430126
2018-01-09,3.85,3.94,3.76,3.84,289921
2018-01-10,3.84,3.88,3.74,3.79,228478
2018-01-11,3.79,3.82,3.68,3.7,216707
2018-01-12,3.7,3.81,3.68,3.73,180400
2018-01-15,3.73,3.74,3.58,3.59,232922
2018-01-16,3.63,3.73,3.6,3.71,157426
2018-01-17,3.74,3.82,3.65,3.81,226869
2018-01-18,3.81,3.88,3.76,3.83,184078
2018-01-19,3.81,3.85,3.77,3.82,170500
2018-01-22,3.82,3.93,3.81,3.84,219380
2018-01-23,3.85,3.86,3.79,3.85,156423
2018-01-24,3.85,3.86,3.78,3.84,160484
2018-01-25,3.86,4.07,3.86,3.95,286144
2018-01-26,3.94,3.98,3.86,3.92,149939
2018-01-29,3.97,4.14,3.95,4.03,397865
2018-01-30,3.99,4.1,3.93,3.96,289259
2018-01-31,3.92,3.92,3.8,3.84,177125
2018-02-01,3.85,3.93,3.58,3.59,280717
2018-02-02,3.58,3.88,3.51,3.84,409248
2018-02-05,3.77,4.11,3.75,4.02,485266
2018-02-06,3.88,4.04,3.74,3.75,392411
2018-02-07,3.89,4.04,3.78,3.79,457389
2018-02-08,3.71,3.78,3.45,3.55,369107
2018-02-09,3.37,3.44,2.96,3.04,449204
2018-02-12,3.09,3.12,3.02,3.09,206066
2018-02-13,3.15,3.18,3.09,3.1,188076
2018-02-14,3.11,3.14,3.07,3.13,110908
2018-02-22,3.17,3.23,3.17,3.22,131464
2018-02-23,3.23,3.35,3.23,3.32,173135
2018-02-26,3.42,3.42,3.29,3.39,177063
2018-02-27,3.39,3.39,3.26,3.27,153294
2018-02-28,3.24,3.37,3.21,3.32,142687
2018-03-01,3.26,3.35,3.25,3.3,101530
2018-03-02,3.29,3.31,3.24,3.26,71916
2018-03-05,3.33,3.35,3.22,3.23,81662
2018-03-06,3.25,3.46,3.24,3.45,194582
2018-03-07,3.41,3.44,3.32,3.32,106263
2018-03-08,3.31,3.4,3.3,3.35,66976
2018-03-09,3.36,3.38,3.3,3.37,76603
2018-03-12,3.38,3.44,3.35,3.43,132857
2018-03-13,3.42,3.43,3.34,3.35,96401
2018-03-14,3.34,3.39,3.31,3.35,63584
2018-03-15,3.35,3.35,3.29,3.34,70837
2018-03-16,3.33,3.34,3.28,3.29,49643
2018-03-19,3.27,3.27,3.1,3.15,121077
2018-03-20,3.12,3.2,3.08,3.19,61405
2018-03-21,3.17,3.18,3.1,3.11,134257
2018-03-22,3.11,3.15,3.03,3.05,104819
2018-03-23,2.95,2.97,2.69,2.83,226509
2018-03-26,2.78,2.78,2.64,2.77,137563
2018-03-27,2.82,2.85,2.78,2.82,105060
2018-03-28,2.78,2.8,2.71,2.73,90875
2018-03-29,2.74,2.83,2.69,2.82,104268
2018-03-30,2.83,2.83,2.77,2.8,79779
2018-04-02,2.81,2.85,2.79,2.8,74655
2018-04-03,2.76,2.76,2.69,2.71,87635
2018-04-04,2.73,2.75,2.69,2.69,60873
2018-04-09,2.69,2.73,2.65,2.73,65097
2018-04-10,2.72,2.81,2.72,2.81,80008
2018-04-11,2.82,2.86,2.79,2.8,97720
2018-04-12,2.79,2.8,2.71,2.73,89836
2018-04-13,2.75,2.81,2.73,2.75,75924
2018-04-16,2.74,2.78,2.66,2.67,94714
2018-04-17,2.67,2.71,2.65,2.65,84125
2018-04-18,2.68,2.7,2.6,2.67,107878
2018-04-19,2.67,2.72,2.67,2.71,94456
2018-04-20,2.69,2.7,2.61,2.62,81699
2018-04-23,2.61,2.64,2.59,2.63,57011
2018-04-24,2.63,2.73,2.63,2.71,91120
2018-04-25,2.7,2.72,2.67,2.71,57659
2018-04-26,2.71,2.72,2.61,2.63,59034
2018-04-27,2.64,2.7,2.63,2.68,67643
2018-05-02,2.69,2.75,2.65,2.72,84875
2018-05-03,2.72,2.75,2.67,2.74,88722
2018-05-04,2.73,2.79,2.71,2.78,107199
2018-05-07,2.79,2.86,2.78,2.85,158226
2018-05-08,2.87,2.88,2.83,2.87,120514
2018-05-09,2.87,2.89,2.84,2.87,94660
2018-05-10,2.88,2.93,2.86,2.91,122425
2018-05-11,2.91,2.94,2.86,2.91,85891
2018-05-14,2.91,2.93,2.82,2.85,97661
2018-05-15,2.86,2.89,2.81,2.86,90808
2018-05-16,2.85,2.95,2.84,2.88,95660
2018-05-17,2.87,2.89,2.81,2.82,90768
2018-05-18,2.82,3.0,2.81,2.99,209621
2018-05-21,2.99,3.0,2.94,2.98,119561
2018-05-22,2.99,2.99,2.93,2.96,96952
2018-05-23,2.94,2.94,2.81,2.82,146310
2018-05-24,2.82,2.83,2.75,2.76,90493
2018-05-25,2.77,2.79,2.69,2.72,86693
2018-05-28,2.72,2.78,2.7,2.75,70026
2018-05-29,2.75,2.8,2.71,2.73,73206
2018-05-30,2.69,2.69,2.55,2.56,140376
2018-05-31,2.61,2.63,2.57,2.61,82023
2018-06-01,2.59,2.71,2.59,2.63,103865
2018-06-04,2.66,2.68,2.64,2.66,83560
2018-06-05,2.66,2.68,2.62,2.66,77033
2018-06-06,2.66,2.73,2.63,2.71,131265
2018-06-07,2.72,2.78,2.7,2.74,124227
2018-06-08,2.73,2.74,2.58,2.6,151082
2018-06-11,2.58,2.62,2.56,2.58,119786
2018-06-12,2.6,2.7,2.57,2.66,131454
2018-06-13,2.64,2.66,2.58,2.64,99169
2018-06-14,2.62,2.67,2.61,2.65,85376
2018-06-15,2.65,2.74,2.63,2.72,165188
2018-06-19,2.67,2.68,2.3,2.44,211736
2018-06-20,2.37,2.51,2.37,2.49,131169
2018-06-21,2.5,2.64,2.47,2.5,183122
2018-06-22,2.42,2.62,2.4,2.6,107942
2018-06-25,2.65,2.67,2.57,2.6,100145
2018-06-26,2.57,2.61,2.39,2.55,90343
2018-06-27,2.56,2.6,2.45,2.49,86428
2018-06-28,2.52,2.54,2.41,2.45,98604
2018-06-29,2.46,2.53,2.39,2.52,105166
2018-07-02,2.5,2.52,2.39,2.39,106776
2018-07-03,2.38,2.44,2.33,2.42,98087
2018-07-04,2.4,2.46,2.4,2.44,88708
2018-07-05,2.43,2.43,2.24,2.25,128443
2018-07-06,2.26,2.3,2.09,2.24,99773
2018-07-09,2.22,2.33,2.22,2.32,77737
2018-07-10,2.32,2.37,2.3,2.34,72016
2018-07-11,2.27,2.3,2.22,2.28,71233
2018-07-12,2.28,2.38,2.28,2.36,78675
2018-07-13,2.35,2.37,2.31,2.35,59383
2018-07-16,2.38,2.42,2.35,2.38,65329
2018-07-17,2.39,2.4,2.33,2.38,56533
2018-07-18,2.4,2.4,2.33,2.34,70801
2018-07-19,2.34,2.38,2.33,2.35,45806
2018-07-20,2.36,2.42,2.29,2.41,71813
2018-07-23,2.45,2.56,2.42,2.55,115594
2018-07-24,2.56,2.71,2.56,2.67,159761
2018-07-25,2.67,2.7,2.64,2.69,119511
2018-07-26,2.69,2.72,2.64,2.67,88727
2018-07-27,2.66,2.76,2.66,2.68,94907
2018-07-30,2.72,2.77,2.68,2.73,112594
2018-07-31,2.73,2.75,2.65,2.73,87960
2018-08-01,2.72,2.78,2.61,2.62,100750
2018-08-02,2.6,2.62,2.45,2.5,122261
2018-08-03,2.53,2.98,2.52,2.76,420491
2018-08-06,2.75,2.82,2.66,2.73,210266
2018-08-07,2.7,2.85,2.69,2.84,261083
2018-08-08,2.79,2.83,2.73,2.75,158671
2018-08-09,2.72,2.81,2.68,2.77,130202
2018-08-10,2.79,2.79,2.7,2.75,104997
2018-08-13,2.72,2.73,2.63,2.71,139532
2018-08-14,2.7,2.81,2.69,2.8,137519
2018-08-15,2.79,2.81,2.67,2.67,112549
2018-08-16,2.65,2.69,2.57,2.62,79960
2018-08-17,2.66,2.7,2.59,2.62,99633
2018-08-20,2.61,2.67,2.56,2.65,75743
2018-08-21,2.64,2.71,2.62,2.7,80231
2018-08-22,2.71,2.78,2.67,2.72,95947
2018-08-23,2.73,2.74,2.65,2.7,76163
2018-08-24,2.7,2.78,2.68,2.76,82368
2018-08-27,2.76,2.82,2.75,2.82,149550
2018-08-28,2.82,2.87,2.79,2.84,144277
2018-08-29,2.84,2.9,2.8,2.84,109783
2018-08-30,2.89,2.93,2.81,2.82,81758
2018-08-31,2.82,2.82,2.74,2.76,82891
2018-09-03,2.78,2.91,2.76,2.89,156316
2018-09-04,2.88,2.91,2.84,2.88,108989
2018-09-05,2.88,2.89,2.73,2.74,99449
2018-09-06,2.72,2.81,2.71,2.74,81179
2018-09-07,2.8,2.89,2.78,2.84,140683
2018-09-10,2.89,2.91,2.77,2.79,114710
2018-09-11,2.77,2.81,2.7,2.73,75423
2018-09-12,2.73,2.78,2.7,2.75,46170
2018-09-13,2.76,2.8,2.72,2.8,58296
2018-09-14,2.79,2.8,2.75,2.77,61997
2018-09-17,2.76,2.8,2.7,2.78,98781
2018-09-18,2.75,2.83,2.71,2.81,104146
2018-09-19,2.79,2.88,2.78,2.86,112164
2018-09-20,2.87,2.87,2.78,2.8,109709
2018-09-21,2.8,2.93,2.77,2.92,147212
2018-09-25,2.91,3.0,2.89,2.95,133505
2018-09-26,2.96,3.04,2.92,2.98,147476
2018-09-27,2.99,3.03,2.96,3.01,133813
2018-09-28,3.0,3.08,2.99,3.03,150015
2018-10-08,2.95,3.09,2.94,2.99,155351
2018-10-09,2.99,3.09,2.96,3.03,159992
2018-10-10,3.04,3.09,2.98,3.06,109692
2018-10-11,2.91,2.98,2.73,2.78,193423
2018-10-12,2.72,2.86,2.69,2.85,129168
2018-10-15,2.84,2.85,2.72,2.73,127289
2018-10-16,2.78,2.84,2.74,2.8,146122
2018-10-17,2.84,2.85,2.77,2.85,109872
2018-10-18,2.84,2.84,2.44,2.47,213063
2018-10-19,2.45,2.56,2.33,2.53,131999
2018-10-22,2.55,2.8,2.52,2.78,147493
2018-10-23,2.83,2.83,2.65,2.76,107334
2018-10-24,2.73,2.91,2.72,2.9,151966
2018-10-25,2.82,2.98,2.78,2.97,149723
2018-10-26,2.97,3.2,2.93,3.08,265515
2018-10-29,3.08,3.11,2.95,3.01,143996
2018-10-30,2.98,3.1,2.87,3.02,196346
2018-10-31,2.94,3.06,2.94,3.0,116652
2018-11-01,3.02,3.1,2.95,3.0,144343
2018-11-02,3.11,3.11,2.99,3.06,158989
2018-11-05,3.05,3.12,3.03,3.1,140696
2018-11-06,3.1,3.11,2.97,3.01,96732
2018-11-07,3.01,3.05,2.96,2.97,83035
2018-11-08,2.99,3.04,2.93,2.95,84402
2018-11-09,2.91,3.0,2.89,2.92,95588
2018-11-12,2.91,2.99,2.9,2.99,92290
2018-11-13,2.96,2.99,2.9,2.99,142383
2018-11-14,2.95,2.98,2.9,2.91,135357
2018-11-15,2.92,2.98,2.9,2.97,135520
2018-11-16,2.98,3.02,2.94,2.96,139737
2018-11-19,2.97,3.02,2.94,3.02,148222
2018-11-20,2.98,2.99,2.89,2.91,127886
2018-11-21,2.82,2.87,2.76,2.85,109382
2018-11-22,2.85,2.89,2.82,2.84,53001
2018-11-23,2.83,2.84,2.68,2.68,124835
2018-11-26,2.67,2.76,2.66,2.68,67585
2018-11-27,2.72,2.73,2.65,2.67,70033
2018-11-28,2.68,2.7,2.62,2.69,61149
2018-11-29,2.7,2.75,2.63,2.65,71558
2018-11-30,2.65,2.7,2.6,2.66,65502
2018-12-03,2.76,2.8,2.72,2.74,106096
2018-12-04,2.74,2.78,2.71,2.77,82230
2018-12-05,2.7,2.74,2.66,2.69,67834
2018-12-06,2.67,2.69,2.63,2.63,62701
2018-12-07,2.64,2.68,2.61,2.68,73887
2018-12-10,2.63,2.68,2.62,2.64,58993
2018-12-11,2.66,2.68,2.63,2.64,32784
2018-12-12,2.67,2.67,2.63,2.65,29966
2018-12-13,2.66,2.71,2.62,2.67,57959
2018-12-14,2.67,2.69,2.65,2.65,59528
2018-12-17,2.65,2.65,2.57,2.6,80891
2018-12-18,2.59,2.61,2.53,2.55,85223
2018-12-19,2.54,2.56,2.52,2.52,45919
2018-12-20,2.52,2.54,2.49,2.52,75507
2018-12-21,2.49,2.53,2.49,2.52,50528
2018-12-24,2.5,2.53,2.48,2.51,64075
2018-12-25,2.49,2.49,2.33,2.4,98946
2018-12-26,2.37,2.44,2.31,2.33,99538
2018-12-27,2.38,2.46,2.37,2.37,107265
2018-12-28,2.37,2.44,2.37,2.4,73435
2019-01-02,2.41,2.44,2.35,2.38,66672
2019-01-03,2.36,2.45,2.35,2.42,72982
2019-01-04,2.4,2.5,2.39,2.49,64103
2019-01-07,2.5,2.56,2.49,2.54,88771
2019-01-08,2.54,2.56,2.51,2.53,72397
2019-01-09,2.56,2.61,2.55,2.55,74596
2019-01-10,2.56,2.59,2.5,2.53,70292
2019-01-11,2.52,2.57,2.5,2.54,60043
2019-01-14,2.53,2.63,2.48,2.51,114971
2019-01-15,2.52,2.55,2.49,2.54,74882
2019-01-16,2.54,2.57,2.5,2.54,76986
2019-01-17,2.53,2.61,2.51,2.55,116957
2019-01-18,2.57,2.63,2.55,2.59,129318
2019-01-21,2.6,2.63,2.56,2.59,109644
2019-01-22,2.6,2.61,2.52,2.54,104241
2019-01-23,2.53,2.55,2.49,2.5,77903
2019-01-24,2.49,2.53,2.46,2.49,77249
2019-01-25,2.48,2.51,2.46,2.46,91126
2019-01-28,2.47,2.5,2.43,2.44,137157
2019-01-29,2.45,2.46,2.35,2.38,120075
2019-01-30,2.38,2.41,2.34,2.35,90363
2019-01-31,2.34,2.41,2.34,2.36,100454
2019-02-01,2.36,2.4,2.35,2.4,145858
2019-02-11,2.39,2.45,2.38,2.44,152553
2019-02-12,2.44,2.48,2.42,2.48,135203
2019-02-13,2.48,2.55,2.45,2.54,172949
2019-02-14,2.54,2.54,2.5,2.51,102604
2019-02-15,2.51,2.52,2.45,2.46,133058
2019-02-18,2.48,2.56,2.47,2.56,175070
2019-02-19,2.55,2.58,2.5,2.55,177541
2019-02-20,2.55,2.63,2.53,2.62,226814
2019-02-21,2.62,2.62,2.55,2.56,219572
2019-02-22,2.55,2.6,2.52,2.6,155624
2019-02-25,2.61,2.8,2.6,2.79,534089
2019-02-26,2.81,3.07,2.77,2.93,629307
2019-02-27,2.89,3.08,2.86,2.94,415476
2019-02-28,2.93,2.97,2.87,2.89,184137
2019-03-01,2.92,2.95,2.84,2.94,182606
2019-03-04,2.95,3.06,2.93,2.97,356846
2019-03-05,2.97,3.0,2.9,3.0,281016
2019-03-06,2.99,3.09,2.97,3.09,370902
2019-03-07,3.12,3.2,3.05,3.15,477502
2019-03-08,3.05,3.06,2.86,2.87,365792
2019-03-11,2.88,2.99,2.88,2.99,229928
2019-03-12,3.02,3.11,3.01,3.06,304676
2019-03-13,3.04,3.06,2.93,2.96,198063
2019-03-14,2.93,3.07,2.9,2.95,169938
2019-03-15,2.94,3.02,2.94,3.01,153197
2019-03-18,2.99,3.1,2.94,3.09,321293
2019-03-19,3.08,3.09,2.98,3.01,274930
2019-03-20,3.03,3.07,2.95,3.01,223224
2019-03-21,2.99,3.04,2.99,3.0,187334
2019-03-22,3.01,3.02,2.94,3.0,214525
2019-03-25,2.92,2.94,2.85,2.86,317344
2019-03-26,2.87,2.89,2.75,2.76,167740
2019-03-27,2.78,2.79,2.73,2.78,167844
2019-03-28,2.78,2.8,2.72,2.72,166478
2019-03-29,2.73,2.88,2.72,2.87,236371
2019-04-01,2.96,3.01,2.9,3.0,369056
2019-04-02,3.0,3.03,2.95,2.97,277476
2019-04-03,2.97,3.03,2.94,3.03,320772
2019-04-04,3.05,3.13,3.01,3.06,496918
2019-04-08,3.1,3.15,2.99,3.07,464216
2019-04-09,3.07,3.07,2.98,3.02,323377
2019-04-10,2.99,3.02,2.93,2.97,252065
2019-04-11,2.97,3.03,2.94,2.94,236942
2019-04-12,2.93,2.97,2.9,2.94,191137
2019-04-15,2.99,3.04,2.93,2.93,250131
2019-04-16,2.93,3.06,2.88,3.04,317287
2019-04-17,3.04,3.13,3.02,3.09,417901
2019-04-18,3.08,3.16,3.05,3.09,305727
2019-04-19,3.08,3.26,3.06,3.25,572857
2019-04-22,3.26,3.26,3.04,3.06,441777
2019-04-23,3.06,3.14,3.02,3.05,286785
2019-04-24,3.05,3.11,3.02,3.08,284578
2019-04-25,3.07,3.09,2.9,2.95,311192
2019-04-26,2.95,2.95,2.83,2.84,247679
2019-04-29,2.84,2.86,2.76,2.81,186459
2019-04-30,2.78,2.88,2.78,2.85,151639
2019-05-06,2.78,2.79,2.47,2.58,333449
2019-05-07,2.58,2.64,2.56,2.62,158137
2019-05-08,2.53,2.63,2.49,2.57,122372
2019-05-09,2.54,2.58,2.51,2.54,105717
2019-05-10,2.57,2.64,2.53,2.63,161940
2019-05-13,2.59,2.67,2.59,2.61,136228
2019-05-14,2.57,2.62,2.51,2.58,133036
2019-05-15,2.58,2.63,2.58,2.61,139544
2019-05-16,2.6,2.66,2.58,2.64,170169
2019-05-17,2.62,2.69,2.51,2.54,174686
2019-05-20,2.51,2.55,2.46,2.51,107810
2019-05-21,2.51,2.59,2.5,2.58,113355
2019-05-22,2.59,2.59,2.52,2.55,82269
2019-05-23,2.52,2.6,2.48,2.52,133553
2019-05-24,2.49,2.54,2.49,2.52,78284
2019-05-27,2.52,2.58,2.49,2.57,95845
2019-05-28,2.55,2.58,2.51,2.53,104773
2019-05-29,2.52,2.56,2.51,2.53,79539
2019-05-30,2.53,2.56,2.49,2.55,98291
2019-05-31,2.55,2.56,2.5,2.52,77602
2019-06-03,2.53,2.54,2.44,2.46,156765
2019-06-04,2.44,2.46,2.4,2.42,92769
2019-06-05,2.44,2.46,2.41,2.42,92496
2019-06-06,2.41,2.42,2.35,2.35,117328
2019-06-10,2.35,2.43,2.35,2.42,112629
2019-06-11,2.41,2.51,2.4,2.51,146856
2019-06-12,2.5,2.55,2.48,2.52,138883
2019-06-13,2.52,2.54,2.48,2.52,102335
2019-06-14,2.53,2.54,2.46,2.48,77610
2019-06-17,2.49,2.55,2.47,2.53,102432
2019-06-18,2.52,2.57,2.51,2.57,88051
2019-06-19,2.61,2.64,2.53,2.54,138635
2019-06-20,2.55,2.62,2.53,2.61,135563
2019-06-21,2.61,2.65,2.6,2.62,118844
2019-06-24,2.63,2.67,2.6,2.65,105876
2019-06-25,2.65,2.65,2.55,2.59,100484
2019-06-26,2.59,2.62,2.58,2.6,70684
2019-06-27,2.6,2.64,2.57,2.6,83160
2019-06-28,2.6,2.6,2.54,2.55,60640
2019-07-01,2.6,2.64,2.59,2.63,103505
2019-07-02,2.63,2.63,2.6,2.61,76277
2019-07-03,2.62,2.62,2.58,2.59,73212
2019-07-04,2.59,2.61,2.55,2.58,112690
2019-07-05,2.58,2.59,2.54,2.56,50982
2019-07-08,2.57,2.57,2.45,2.48,104214
2019-07-09,2.46,2.51,2.46,2.47,68107
2019-07-10,2.47,2.48,2.43,2.44,62199
2019-07-11,2.45,2.51,2.43,2.44,68300
2019-07-12,2.47,2.48,2.43,2.46,62874
2019-07-15,2.44,2.5,2.42,2.49,99970
2019-07-16,2.5,2.53,2.49,2.51,77413
2019-07-17,2.51,2.55,2.49,2.51,81546
2019-07-18,2.51,2.51,2.46,2.47,61370
2019-07-19,2.47,2.55,2.46,2.51,71320
2019-07-22,2.54,2.54,2.46,2.47,89793
2019-07-23,2.46,2.54,2.46,2.52,72688
2019-07-24,2.54,2.57,2.5,2.52,86998
2019-07-25,2.52,2.54,2.5,2.52,71724
2019-07-26,2.51,2.53,2.49,2.53,52339
2019-07-29,2.52,2.54,2.5,2.51,55026
2019-07-30,2.51,2.56,2.5,2.53,70731
2019-07-31,2.52,2.53,2.48,2.49,88409
2019-08-01,2.49,2.51,2.46,2.46,71279
2019-08-02,2.43,2.45,2.3,2.35,156122
2019-08-05,2.37,2.37,2.24,2.25,180536
2019-08-06,2.2,2.21,2.05,2.08,196192
2019-08-07,2.09,2.12,2.07,2.09,80609
2019-08-08,2.1,2.15,2.09,2.11,71249
2019-08-09,2.12,2.12,2.06,2.08,76583
2019-08-12,2.07,2.12,2.06,2.12,76057
2019-08-13,2.09,2.11,2.08,2.09,44672
2019-08-14,2.13,2.15,2.1,2.12,64398
2019-08-15,2.08,2.11,2.03,2.09,63614
2019-08-16,2.1,2.13,2.09,2.11,67583
2019-08-19,2.12,2.19,2.11,2.18,104584
2019-08-20,2.19,2.23,2.18,2.19,107697
2019-08-21,2.19,2.2,2.17,2.17,46887
2019-08-22,2.19,2.21,2.15,2.2,59831
2019-08-23,2.19,2.22,2.17,2.21,58852
2019-08-26,2.18,2.32,2.17,2.29,233043
2019-08-27,2.31,2.52,2.3,2.51,314609
2019-08-28,2.49,2.61,2.48,2.58,319914
2019-08-29,2.59,2.71,2.57,2.68,256404
2019-08-30,2.71,2.75,2.65,2.65,210679
2019-09-02,2.73,2.95,2.68,2.91,432039
2019-09-03,2.9,2.98,2.88,2.96,255868
2019-09-04,2.96,3.02,2.93,2.97,290505
2019-09-05,3.0,3.09,2.97,2.98,247371
2019-09-06,3.01,3.07,2.99,3.04,172681
2019-09-09,3.05,3.06,2.95,3.03,173934
2019-09-10,3.06,3.06,2.98,3.02,119802
2019-09-11,3.06,3.06,2.93,2.97,141842
2019-09-12,2.98,2.99,2.88,2.97,173137
2019-09-16,2.98,2.99,2.86,2.88,173424
2019-09-17,2.93,2.95,2.78,2.8,150121
2019-09-18,2.83,2.85,2.76,2.81,112576
2019-09-19,2.83,2.83,2.7,2.77,129652
2019-09-20,2.76,2.76,2.66,2.69,163973
2019-09-23,2.7,2.7,2.6,2.68,145231
2019-09-24,2.67,2.75,2.65,2.72,150471
2019-09-25,2.68,2.73,2.66,2.72,118399
2019-09-26,2.72,2.72,2.64,2.66,149772
2019-09-27,2.66,2.68,2.6,2.61,89033
2019-09-30,2.65,2.8,2.63,2.75,136292
2019-10-08,2.71,2.76,2.63,2.64,145763
2019-10-09,2.63,2.79,2.62,2.76,151239
2019-10-10,2.79,2.81,2.73,2.75,131782
2019-10-11,2.77,2.89,2.76,2.85,158602
2019-10-14,2.88,2.94,2.81,2.83,118608
2019-10-15,2.81,2.83,2.72,2.74,99963
2019-10-16,2.71,2.77,2.68,2.71,75986
2019-10-17,2.71,2.73,2.63,2.65,106353
2019-10-18,2.67,2.7,2.6,2.61,99032
2019-10-21,2.59,2.61,2.52,2.55,118030
2019-10-22,2.54,2.68,2.53,2.67,102278
2019-10-23,2.67,2.68,2.57,2.58,85119
2019-10-24,2.6,2.64,2.57,2.63,64239
2019-10-25,2.63,2.67,2.59,2.67,71226
2019-10-28,2.66,2.69,2.6,2.66,119793
2019-10-29,2.65,2.69,2.6,2.64,143421
2019-10-30,2.61,2.71,2.56,2.7,125858
2019-10-31,2.65,2.67,2.48,2.51,214619
2019-11-01,2.49,2.6,2.49,2.56,122269
2019-11-04,2.56,2.77,2.55,2.74,217056
2019-11-05,2.75,2.77,2.68,2.72,115585
2019-11-06,2.73,2.75,2.68,2.72,90318
2019-11-07,2.7,2.77,2.69,2.73,107524
2019-11-08,2.72,2.75,2.65,2.66,89323
2019-11-11,2.64,2.71,2.58,2.6,99416
2019-11-12,2.62,2.81,2.61,2.79,223763
2019-11-13,2.75,2.76,2.69,2.72,136409
2019-11-14,2.7,2.72,2.59,2.63,146213
2019-11-15,2.6,2.63,2.48,2.48,145062
2019-11-18,2.48,2.55,2.48,2.51,78915
2019-11-19,2.53,2.56,2.49,2.53,102895
2019-11-20,2.52,2.58,2.48,2.5,84456
2019-11-21,2.49,2.51,2.47,2.51,71520
2019-11-22,2.49,2.55,2.48,2.51,93207
2019-11-25,2.55,2.73,2.53,2.73,270958
2019-11-26,2.71,2.73,2.66,2.71,184558
2019-11-27,2.7,2.75,2.64,2.72,138549
2019-11-28,2.72,2.72,2.59,2.61,108550
2019-11-29,2.64,2.72,2.63,2.71,119871
2019-12-02,2.66,2.75,2.62,2.64,144262
2019-12-03,2.65,2.66,2.58,2.62,105795
2019-12-04,2.62,2.65,2.55,2.57,110828
2019-12-05,2.6,2.62,2.56,2.58,88800
2019-12-06,2.58,2.6,2.54,2.57,79607
2019-12-09,2.58,2.65,2.56,2.65,131212
2019-12-10,2.61,2.64,2.59,2.62,76697
2019-12-11,2.62,2.64,2.59,2.61,80556
2019-12-12,2.61,2.63,2.6,2.62,99814
2019-12-13,2.63,2.67,2.61,2.65,125792
2019-12-16,2.65,2.66,2.59,2.66,149955
2019-12-17,2.65,2.76,2.62,2.72,217207
2019-12-18,2.7,2.76,2.7,2.71,122952
2019-12-19,2.71,2.75,2.7,2.74,112890
2019-12-20,2.75,2.77,2.7,2.71,113451
2019-12-23,2.72,2.73,2.63,2.64,107020
2019-12-24,2.65,2.73,2.63,2.72,90162
2019-12-25,2.69,2.7,2.62,2.64,87461
2019-12-26,2.65,2.69,2.63,2.69,88868
2019-12-27,2.67,2.81,2.66,2.73,243785
2019-12-30,2.72,2.86,2.7,2.85,253119
2019-12-31,2.84,2.87,2.8,2.85,155552
2020-01-02,2.87,2.96,2.85,2.88,230359
2020-01-03,2.88,2.95,2.84,2.9,141003
2020-01-06,2.87,2.95,2.85,2.91,211724
2020-01-07,2.94,3.07,2.91,2.99,232912
2020-01-08,2.98,2.99,2.82,2.85,222769
2020-01-09,2.85,2.9,2.82,2.84,192901
2020-01-10,2.85,2.86,2.78,2.79,126903
2020-01-13,2.79,2.81,2.75,2.8,138021
2020-01-14,2.8,2.87,2.78,2.78,158497
2020-01-15,2.78,2.79,2.7,2.71,163437
2020-01-16,2.72,2.73,2.69,2.7,105006
2020-01-17,2.69,2.73,2.66,2.67,103661
2020-01-20,2.75,2.75,2.68,2.71,149278
2020-01-21,2.71,2.71,2.62,2.64,160884
2020-01-22,2.61,2.66,2.56,2.6,203259
2020-01-23,2.57,2.59,2.46,2.5,182376
2020-02-03,2.03,2.12,2.03,2.03,224531
2020-02-04,2.0,2.09,1.97,2.09,276433
2020-02-05,2.08,2.17,2.05,2.13,227554
2020-02-06,2.14,2.19,2.09,2.19,243671
2020-02-07,2.16,2.16,2.1,2.13,190879
2020-02-10,2.1,2.19,2.1,2.19,166848
2020-02-11,2.17,2.31,2.16,2.22,223974
2020-02-12,2.22,2.24,2.17,2.24,144657
2020-02-13,2.22,2.25,2.18,2.2,133607
2020-02-14,2.18,2.23,2.17,2.21,99965
2020-02-17,2.21,2.3,2.2,2.29,182471
2020-02-18,2.29,2.31,2.26,2.28,138272
2020-02-19,2.28,2.37,2.26,2.34,190677
2020-02-20,2.34,2.39,2.31,2.39,127818
2020-02-21,2.37,2.42,2.36,2.39,143626
2020-02-24,2.35,2.38,2.29,2.32,137760
2020-02-25,2.23,2.26,2.15,2.21,213709
2020-02-26,2.16,2.35,2.16,2.3,225260
2020-02-27,2.31,2.34,2.26,2.29,135815
2020-02-28,2.23,2.25,2.1,2.14,217111
2020-03-02,2.15,2.27,2.15,2.27,219707
2020-03-03,2.35,2.38,2.26,2.29,213545
2020-03-04,2.28,2.33,2.23,2.32,219222
2020-03-05,2.35,2.4,2.32,2.4,298651
2020-03-06,2.36,2.36,2.31,2.32,195868
2020-03-09,2.26,2.26,2.17,2.19,271607
2020-03-10,2.14,2.28,2.13,2.27,232295
2020-03-11,2.26,2.27,2.21,2.21,123077
2020-03-12,2.17,2.2,2.13,2.17,147422
2020-03-13,2.07,2.12,2.01,2.1,245679
2020-03-16,2.12,2.14,2.01,2.04,216363
2020-03-17,2.01,2.07,1.98,2.02,186059
2020-03-18,2.04,2.05,1.94,1.95,161828
2020-03-19,1.94,1.98,1.83,1.89,188611
2020-03-20,1.91,1.95,1.87,1.93,120017
2020-03-23,1.88,1.9,1.83,1.84,146567
2020-03-24,1.89,1.9,1.81,1.87,190712
2020-03-25,1.91,1.92,1.88,1.91,162237
2020-03-26,1.89,1.9,1.85,1.87,105333
2020-03-27,1.88,1.92,1.87,1.88,109532
2020-03-30,1.86,1.86,1.8,1.82,182768
2020-03-31,1.84,1.86,1.81,1.82,117075
2020-04-01,1.81,1.85,1.77,1.78,164068
2020-04-02,1.76,1.84,1.72,1.83,201577
2020-04-03,1.81,1.83,1.76,1.78,146931
2020-04-07,1.81,1.85,1.81,1.83,209841
2020-04-08,1.82,1.85,1.8,1.83,197440
2020-04-09,1.85,1.86,1.83,1.83,123781
2020-04-10,1.85,1.85,1.78,1.79,89730
2020-04-13,1.78,1.78,1.74,1.77,106109
2020-04-14,1.79,1.82,1.77,1.81,122024
2020-04-15,1.81,1.81,1.76,1.77,97543
2020-04-16,1.77,1.78,1.75,1.77,59165
2020-04-17,1.78,1.8,1.76,1.78,110050
2020-04-20,1.78,1.8,1.76,1.77,88729
2020-04-21,1.76,1.77,1.7,1.71,130717
2020-04-22,1.68,1.73,1.66,1.72,111540
2020-04-23,1.72,1.72,1.68,1.69,99783
2020-04-24,1.68,1.72,1.67,1.68,87016
2020-04-27,1.66,1.7,1.66,1.67,64655
2020-04-28,1.67,1.68,1.56,1.59,101319
2020-04-29,1.58,1.62,1.56,1.59,78205
2020-04-30,1.61,1.66,1.61,1.65,88821
2020-05-06,1.61,1.67,1.61,1.66,80321
2020-05-07,1.67,1.67,1.62,1.62,93500
2020-05-08,1.63,1.65,1.62,1.64,78053
2020-05-11,1.64,1.66,1.63,1.65,75794
2020-05-12,1.63,1.64,1.6,1.61,103359
2020-05-13,1.61,1.61,1.58,1.6,62212
2020-05-14,1.59,1.61,1.58,1.59,68594
2020-05-15,1.6,1.61,1.58,1.58,56007
2020-05-18,1.58,1.63,1.57,1.6,82680
2020-05-19,1.61,1.66,1.61,1.64,100358
2020-05-20,1.64,1.66,1.61,1.63,91713
2020-05-21,1.63,1.65,1.56,1.58,109555
2020-05-22,1.59,1.59,1.51,1.52,121721
2020-05-25,1.52,1.55,1.51,1.53,84853
2020-05-26,1.54,1.59,1.52,1.56,113062
2020-05-27,1.57,1.7,1.55,1.66,261285
2020-05-28,1.67,1.7,1.65,1.67,124246
2020-05-29,1.67,1.67,1.61,1.62,114259
2020-06-01,1.61,1.67,1.61,1.66,114852
2020-06-02,1.66,1.7,1.65,1.69,107148
2020-06-03,1.69,1.74,1.68,1.7,139243
2020-06-04,1.71,1.71,1.67,1.68,70797
2020-06-05,1.69,1.7,1.65,1.66,75072
2020-06-08,1.67,1.7,1.66,1.67,86893
2020-06-09,1.68,1.69,1.66,1.69,64482
2020-06-10,1.66,1.68,1.65,1.66,53764
2020-06-11,1.65,1.65,1.6,1.61,86812
2020-06-12,1.59,1.61,1.56,1.58,81026
2020-06-15,1.56,1.59,1.55,1.56,77588
2020-06-16,1.58,1.61,1.58,1.6,77791
2020-06-17,1.61,1.68,1.58,1.66,110712
2020-06-18,1.65,1.81,1.63,1.76,238590
2020-06-19,1.76,1.79,1.71,1.72,132625
2020-06-22,1.73,1.76,1.7,1.7,86060
2020-06-23,1.7,1.71,1.66,1.68,73505
2020-06-24,1.69,1.7,1.67,1.68,57671
2020-06-29,1.67,1.67,1.59,1.6,102976
2020-06-30,1.63,1.64,1.61,1.63,66604
2020-07-01,1.63,1.73,1.62,1.72,119603
2020-07-02,1.71,1.83,1.69,1.82,272987
2020-07-03,1.84,2.01,1.83,1.96,402033
2020-07-06,2.03,2.3,2.02,2.28,580752
2020-07-07,2.35,2.38,2.14,2.17,530277
2020-07-08,2.15,2.28,2.11,2.25,390443
2020-07-09,2.28,2.43,2.18,2.34,450476
2020-07-10,2.3,2.31,2.16,2.17,284956
2020-07-13,2.17,2.29,2.16,2.25,307226
2020-07-14,2.26,2.33,2.17,2.23,248261
2020-07-15,2.27,2.28,2.11,2.13,178626
2020-07-16,2.12,2.19,2.01,2.04,179385
2020-07-17,2.03,2.05,1.95,1.98,142823
2020-07-20,2.0,2.16,1.99,2.15,190981
2020-07-21,2.15,2.22,2.08,2.12,146745
2020-07-22,2.09,2.19,2.09,2.11,159420
2020-07-23,2.07,2.2,2.04,2.17,264644
2020-07-24,2.15,2.18,2.02,2.02,199019
2020-07-27,2.06,2.07,1.98,2.02,91717
2020-07-28,2.06,2.11,2.02,2.06,97847
2020-07-29,2.03,2.12,2.0,2.1,115199
2020-07-30,2.12,2.14,2.08,2.11,88328
2020-07-31,2.1,2.13,2.05,2.08,150483
2020-08-03,2.08,2.12,2.06,2.11,232087
2020-08-04,2.12,2.13,2.06,2.1,209770
2020-08-05,2.11,2.11,2.03,2.06,195586
2020-08-06,2.07,2.08,2.01,2.06,159119
2020-08-07,2.06,2.06,1.98,2.0,142999
2020-08-10,1.99,2.06,1.98,2.05,145483
2020-08-11,2.06,2.08,2.0,2.01,120454
2020-08-12,2.0,2.03,1.94,2.0,162813
2020-08-13,2.01,2.05,2.0,2.04,117914
2020-08-14,2.02,2.06,2.0,2.05,85912
2020-08-17,2.05,2.13,2.03,2.12,179769
2020-08-18,2.14,2.22,2.13,2.17,242555
2020-08-19,2.18,2.22,2.12,2.16,175615
2020-08-20,2.14,2.17,2.06,2.07,144611
2020-08-21,2.1,2.11,2.04,2.08,99917
2020-08-24,2.05,2.09,2.04,2.07,87101
2020-08-25,2.07,2.08,2.02,2.02,88493
2020-08-26,2.02,2.06,1.99,2.0,67071
2020-08-27,2.01,2.04,1.99,2.01,56361
2020-08-28,2.0,2.06,1.99,2.06,73455
2020-08-31,2.06,2.1,2.03,2.04,98363
2020-09-01,2.02,2.07,2.02,2.06,71183
2020-09-02,2.08,2.09,2.02,2.05,72180
2020-09-03,2.05,2.12,2.01,2.06,149390
2020-09-04,2.02,2.05,1.98,2.04,104521
2020-09-07,2.05,2.06,1.99,2.0,95773
2020-09-08,1.98,2.1,1.98,2.09,135604
2020-09-09,2.05,2.17,2.04,2.1,258199
2020-09-10,2.13,2.19,2.06,2.07,230387
2020-09-11,2.07,2.09,1.98,2.01,135372
2020-09-14,2.02,2.03,1.99,2.01,78033
2020-09-15,2.0,2.02,1.98,2.0,56123
2020-09-16,1.99,2.04,1.98,2.02,59441
2020-09-17,2.02,2.04,1.99,2.0,67159
2020-09-18,2.0,2.1,1.98,2.08,185101
2020-09-21,2.09,2.12,2.06,2.08,133675
2020-09-22,2.05,2.07,1.98,1.99,180697
2020-09-23,2.0,2.02,1.93,1.95,169171
2020-09-24,1.94,1.94,1.86,1.87,108399
2020-09-25,1.89,1.91,1.86,1.88,53292
2020-09-28,1.9,1.97,1.89,1.94,110211
2020-09-29,1.95,1.95,1.9,1.92,70887
2020-09-30,1.91,1.93,1.86,1.88,79521
2020-10-09,1.91,1.97,1.9,1.94,99404
2020-10-12,1.95,2.03,1.94,2.02,153946
2020-10-13,2.03,2.05,2.0,2.01,88399
2020-10-14,2.0,2.04,1.98,2.01,84181
2020-10-15,1.99,2.11,1.98,2.06,171704
2020-10-16,2.06,2.17,2.04,2.13,244379
2020-10-19,2.13,2.14,2.01,2.03,158149
2020-10-20,2.01,2.05,2.0,2.02,76724
2020-10-21,2.03,2.04,1.99,2.02,66354
2020-10-22,2.02,2.04,1.99,2.02,72884
2020-10-23,2.01,2.03,1.99,2.0,57788
2020-10-26,1.99,2.01,1.96,1.96,52717
2020-10-27,1.94,1.97,1.9,1.92,98517
2020-10-28,1.92,1.94,1.88,1.93,66241
2020-10-29,1.9,1.93,1.87,1.91,66867
2020-10-30,1.92,1.97,1.86,1.88,98948
2020-11-02,1.88,1.91,1.87,1.89,86921
2020-11-03,1.89,2.1,1.89,2.02,166173
2020-11-04,2.02,2.04,1.95,1.97,136746
2020-11-05,1.98,2.01,1.96,2.0,100208
2020-11-06,2.01,2.07,2.0,2.06,190839
2020-11-09,2.09,2.14,2.06,2.11,221299
2020-11-10,2.2,2.2,2.07,2.09,169891
2020-11-11,2.09,2.2,2.08,2.15,286068
2020-11-12,2.16,2.19,2.11,2.14,172306
2020-11-13,2.15,2.16,2.06,2.09,120774
2020-11-16,2.11,2.26,2.1,2.24,303207
2020-11-17,2.25,2.29,2.16,2.19,248147
2020-11-18,2.19,2.25,2.16,2.22,192404
2020-11-19,2.21,2.25,2.15,2.18,144863
2020-11-20,2.18,2.24,2.12,2.23,174846
2020-11-23,2.25,2.5,2.23,2.44,584696
2020-11-24,2.42,2.49,2.33,2.42,335694
2020-11-25,2.46,2.56,2.37,2.38,412443
2020-11-26,2.4,2.43,2.3,2.33,261921
2020-11-27,2.35,2.42,2.27,2.39,216268
2020-11-30,2.41,2.54,2.4,2.4,378505
2020-12-01,2.41,2.46,2.34,2.41,278931
2020-12-02,2.41,2.54,2.4,2.53,404601
2020-12-03,2.53,2.54,2.33,2.35,334321
2020-12-04,2.37,2.37,2.28,2.35,167992
2020-12-07,2.35,2.41,2.24,2.26,189837
2020-12-08,2.25,2.27,2.2,2.22,149908
2020-12-09,2.24,2.37,2.23,2.27,257356
2020-12-10,2.29,2.48,2.29,2.34,381854
2020-12-11,2.38,2.45,2.24,2.37,397852
2020-12-14,2.26,2.3,2.07,2.11,382739
2020-12-15,2.12,2.12,2.03,2.06,176428
2020-12-16,2.09,2.13,2.05,2.06,163984
2020-12-17,2.06,2.31,2.05,2.27,354202
2020-12-18,2.35,2.55,2.33,2.51,653413
2020-12-21,2.53,2.55,2.42,2.5,427321
2020-12-22,2.48,2.49,2.25,2.25,367887
2020-12-23,2.27,2.43,2.26,2.35,247494
2020-12-24,2.39,2.45,2.3,2.39,245431
2020-12-25,2.37,2.51,2.31,2.48,277921
2020-12-28,2.46,2.57,2.43,2.5,306634
2020-12-29,2.48,2.5,2.3,2.32,247440
2020-12-30,2.28,2.51,2.28,2.44,283580
2020-12-31,2.41,2.5,2.34,2.4,273203
2021-01-04,2.38,2.45,2.33,2.37,337405
2021-01-05,2.37,2.37,2.18,2.27,351461
2021-01-06,2.25,2.3,2.21,2.26,217685
2021-01-07,2.24,2.69,2.23,2.69,1231939
2021-01-08,2.74,2.97,2.6,2.69,1245630
2021-01-11,2.6,2.61,2.38,2.39,723553
2021-01-12,2.41,2.83,2.4,2.69,773845
2021-01-13,2.59,2.86,2.52,2.77,705556
2021-01-14,2.72,2.72,2.57,2.58,488549
2021-01-15,2.64,2.88,2.63,2.66,644611
2021-01-18,2.64,2.64,2.46,2.58,434043
2021-01-19,2.64,2.72,2.48,2.49,521406
2021-01-20,2.45,2.45,2.33,2.41,412765
2021-01-21,2.39,2.52,2.36,2.45,362234
2021-01-22,2.45,2.45,2.29,2.3,323425
2021-01-25,2.25,2.34,2.21,2.33,208637
2021-01-26,2.31,2.42,2.25,2.27,260714
2021-01-27,2.26,2.34,2.24,2.28,211474
2021-01-28,2.23,2.24,2.09,2.11,244840
2021-01-29,2.13,2.14,1.95,1.98,243666
2021-02-01,1.99,2.03,1.95,2.03,152534
2021-02-02,2.03,2.03,1.92,1.95,192543
2021-02-03,1.96,1.97,1.85,1.92,172332
2021-02-04,1.91,1.96,1.75,1.82,218129
2021-02-05,1.83,1.9,1.76,1.77,173758
2021-02-08,1.78,1.83,1.75,1.81,110396
2021-02-09,1.81,1.96,1.81,1.93,205182
2021-02-10,1.93,1.97,1.9,1.93,133932
2021-02-18,2.02,2.14,2.0,2.1,278087
2021-02-19,2.07,2.2,2.06,2.19,285746
2021-02-22,2.41,2.61,2.41,2.61,768485
2021-02-23,2.36,2.7,2.36,2.55,846274
2021-02-24,2.56,2.75,2.53,2.6,478390
2021-02-25,2.7,3.02,2.69,2.9,937320
2021-02-26,2.73,2.99,2.68,2.94,704530
2021-03-01,3.05,3.1,2.86,3.01,533590
2021-03-02,2.96,3.32,2.94,3.07,666896
2021-03-03,3.03,3.17,3.0,3.14,434498
2021-03-04,3.11,3.28,3.06,3.13,540727
2021-03-05,3.13,3.19,2.95,3.03,403837
2021-03-08,3.1,3.29,3.04,3.06,423077
2021-03-09,3.11,3.2,2.94,3.04,344287
2021-03-10,3.04,3.07,2.88,2.94,313202
2021-03-11,3.01,3.11,2.94,3.11,297144
2021-03-12,3.11,3.39,2.96,3.3,771750
2021-03-15,3.25,3.35,3.11,3.32,529349
2021-03-16,3.31,3.31,3.04,3.21,452292
2021-03-17,3.15,3.15,3.01,3.12,242733
2021-03-18,3.15,3.17,3.06,3.09,173857
2021-03-19,3.04,3.54,3.02,3.42,790226
2021-03-22,3.34,3.5,3.24,3.42,499708
2021-03-23,3.4,3.41,3.13,3.23,399864
2021-03-24,3.2,3.29,3.03,3.25,369801
2021-03-25,3.21,3.78,3.16,3.78,931001
2021-03-26,3.84,3.91,3.73,3.79,755720
2021-03-29,3.81,4.34,3.81,4.3,950380
2021-03-30,4.12,4.26,3.88,4.18,626016
2021-03-31,4.2,4.33,4.0,4.1,402317
2021-04-01,4.16,4.3,4.03,4.1,280196
2021-04-02,4.13,4.23,3.93,4.07,276152
2021-04-06,4.01,4.15,3.98,4.02,203966
2021-04-07,3.98,4.12,3.91,4.01,352629
2021-04-08,4.42,4.58,3.99,4.22,986734
2021-04-09,4.16,4.74,4.12,4.66,832940
2021-04-12,4.6,4.65,4.35,4.36,417056
2021-04-13,4.36,4.45,4.14,4.3,298380
2021-04-14,4.31,4.35,4.08,4.29,274576
2021-04-15,4.24,4.77,4.2,4.56,508203
2021-04-16,4.63,5.05,4.44,5.02,651433
2021-04-19,4.89,5.03,4.78,4.88,451510
2021-04-20,4.81,4.98,4.75,4.84,269099
2021-04-21,4.84,5.17,4.65,5.08,459466
2021-04-22,5.09,5.16,4.91,5.0,330013
2021-04-23,4.96,5.14,4.92,5.05,343500
2021-04-26,5.04,5.51,4.99,5.44,523040
2021-04-27,5.35,5.35,4.7,4.98,531515
2021-04-28,4.88,5.37,4.75,5.21,512386
2021-04-29,5.16,5.31,4.96,5.19,311707
2021-04-30,5.1,5.14,4.9,4.95,272486
2021-05-06,5.03,5.64,5.03,5.63,631550
2021-05-07,5.68,6.34,5.56,5.86,813969
2021-05-10,5.94,6.21,5.52,6.16,583086
2021-05-11,5.95,6.16,5.45,6.0,560375
2021-05-12,6.01,6.33,5.85,6.06,343929
2021-05-13,5.85,5.95,5.61,5.67,316611
2021-05-14,5.75,5.83,5.41,5.77,413858
2021-05-17,5.65,5.9,5.53,5.75,304064
2021-05-18,5.76,5.91,5.66,5.8,247154
2021-05-19,5.86,5.86,5.17,5.35,503272
2021-05-20,4.93,5.1,4.63,5.0,532159
2021-05-21,4.95,5.49,4.86,5.45,453457
2021-05-24,5.29,5.56,5.26,5.28,201024
2021-05-25,5.29,5.41,5.05,5.26,198349
2021-05-26,5.31,5.34,5.11,5.21,134833
2021-05-27,5.25,5.44,5.21,5.26,205918
2021-05-28,5.29,5.49,5.14,5.18,172971
2021-05-31,5.32,5.34,5.06,5.13,183825
2021-06-01,5.12,5.31,4.92,5.31,290495
2021-06-02,5.3,5.5,5.17,5.41,324833
2021-06-03,5.51,5.9,5.51,5.75,437829
2021-06-04,5.45,5.52,5.19,5.34,332945
2021-06-07,5.32,5.55,5.25,5.31,277270
2021-06-08,5.34,5.41,5.07,5.25,226821
2021-06-09,5.33,5.7,5.22,5.48,395961
2021-06-10,5.48,5.63,5.31,5.48,270923
2021-06-11,5.55,5.65,5.41,5.52,202940
2021-06-15,5.65,5.73,5.33,5.44,220230
2021-06-16,5.51,5.93,5.3,5.61,390763
2021-06-17,5.63,5.88,5.51,5.65,286464
2021-06-18,5.59,5.59,5.33,5.35,255776
2021-06-21,5.27,5.45,5.03,5.28,272813
2021-06-22,5.28,5.53,5.23,5.42,184186
2021-06-23,5.42,6.03,5.4,5.91,441953
2021-06-24,5.96,6.17,5.76,5.97,322850
2021-06-25,6.13,6.23,5.95,6.07,281438
2021-06-28,5.72,5.72,5.3,5.42,409497
2021-06-29,5.37,5.47,5.16,5.22,454833
2021-06-30,5.22,5.35,5.21,5.24,151830
2021-07-01,5.24,5.37,5.11,5.12,172213
2021-07-02,5.12,5.21,4.97,5.03,149195
2021-07-05,5.08,5.18,4.98,5.14,187636
2021-07-06,5.18,5.19,5.01,5.06,156757
2021-07-07,5.02,5.06,4.83,4.9,230561
2021-07-08,4.89,4.94,4.57,4.66,298856
2021-07-09,4.72,4.87,4.68,4.84,220605
2021-07-12,4.87,5.02,4.83,4.89,173994
2021-07-13,4.87,5.17,4.84,5.15,277826
2021-07-14,5.19,5.85,5.16,5.5,531027
2021-07-15,5.56,5.63,5.28,5.6,399433
2021-07-16,5.65,6.21,5.65,6.07,643025
2021-07-19,6.24,6.58,6.24,6.35,649966
2021-07-20,6.27,6.34,6.06,6.24,309858
2021-07-21,6.38,6.42,5.99,6.08,330240
2021-07-22,6.09,6.2,5.96,6.1,288444
2021-07-23,6.1,6.52,6.02,6.04,459625
2021-07-26,6.01,6.19,5.59,5.78,398775
2021-07-27,5.85,6.1,5.38,5.39,403692
2021-07-28,5.36,5.61,5.21,5.48,351839
2021-07-29,5.53,5.69,5.14,5.28,539256
2021-07-30,5.34,5.49,5.21,5.36,480379
2021-08-02,5.0,5.07,4.75,4.98,608203
2021-08-03,4.97,5.03,4.7,4.73,372224
2021-08-04,4.84,5.0,4.73,4.98,335220
2021-08-05,4.97,5.3,4.89,4.94,347162
2021-08-06,4.92,5.08,4.81,5.03,353357
2021-08-09,5.08,5.29,4.97,5.04,379882
2021-08-10,5.01,5.08,4.9,5.02,325673
2021-08-11,5.09,5.64,5.09,5.59,607020
2021-08-12,5.57,5.57,5.29,5.41,698535
2021-08-13,5.35,5.51,5.29,5.34,483254
2021-08-16,5.5,5.64,5.35,5.46,642311
2021-08-17,5.37,5.51,5.17,5.18,471466
2021-08-18,5.26,5.34,5.0,5.11,506440
2021-08-19,5.03,5.08,4.87,5.0,371856
2021-08-20,5.0,5.04,4.82,4.95,326795
2021-08-23,5.1,5.26,5.08,5.14,468791
2021-08-24,5.25,5.43,5.2,5.35,469687
2021-08-25,5.47,5.58,5.28,5.58,589386
2021-08-26,5.65,6.03,5.62,5.88,853095
2021-08-27,5.49,5.72,5.4,5.67,657367
2021-08-30,5.75,6.09,5.68,6.06,712160
2021-08-31,6.06,6.69,5.9,6.62,1060858
2021-09-01,6.79,7.04,6.11,6.18,1090043
2021-09-02,6.23,6.64,6.16,6.46,1067996
2021-09-03,6.18,6.51,6.07,6.24,708207
2021-09-06,6.48,6.76,6.37,6.54,726371
2021-09-07,6.72,7.04,6.61,6.97,762659
2021-09-08,6.81,7.57,6.76,7.26,1129930
2021-09-09,7.28,8.05,7.04,7.79,1298779
2021-09-10,7.49,7.53,7.07,7.2,1180373
2021-09-13,7.2,7.82,7.14,7.61,1107701
2021-09-14,7.28,7.61,7.13,7.26,757728
2021-09-15,7.37,7.72,7.24,7.48,781499
2021-09-16,8.18,8.42,7.75,7.78,1392006
2021-09-17,7.72,8.16,6.81,7.24,1541117
2021-09-22,7.24,7.87,7.1,7.86,995772
2021-09-23,8.09,8.24,7.28,7.56,1009621
2021-09-24,7.39,7.5,7.04,7.07,708822
2021-09-27,7.19,7.24,6.53,6.69,666662
2021-09-28,6.83,7.22,6.79,7.13,592088
2021-09-29,7.19,7.49,6.64,6.78,626704
2021-09-30,6.77,7.11,6.57,7.11,535544
2021-10-08,7.51,7.51,6.54,6.7,817176
2021-10-11,6.79,7.04,6.64,7.01,684820
2021-10-12,7.07,7.63,6.84,7.19,923416
2021-10-13,7.27,7.27,6.28,6.28,1008852
2021-10-14,6.0,6.2,5.77,6.03,668924
2021-10-15,6.04,6.28,5.88,6.23,656088
2021-10-18,6.25,7.02,6.2,7.0,928447
2021-10-19,6.89,7.59,6.84,7.15,1043611
2021-10-20,6.24,6.58,6.24,6.24,1260583
2021-10-21,6.09,6.62,6.09,6.38,1130873
2021-10-22,6.3,6.56,5.97,5.99,942314
2021-10-25,6.11,6.19,5.86,6.07,469149
2021-10-26,6.07,6.14,5.91,5.99,469634
2021-10-27,5.79,5.86,5.56,5.62,532304
2021-10-28,5.22,5.41,4.91,5.29,842347
2021-10-29,5.29,5.34,5.06,5.07,470920
2021-11-01,5.05,5.33,4.96,5.25,548693
2021-11-02,5.23,5.35,4.7,4.96,665730
2021-11-03,4.98,5.17,4.91,5.13,428248
2021-11-04,5.08,5.09,4.89,4.95,348092
2021-11-05,4.88,4.9,4.54,4.58,427463
2021-11-08,4.65,4.73,4.55,4.64,342084
2021-11-09,4.58,4.6,4.4,4.54,345600
2021-11-10,4.44,4.48,4.23,4.38,392453
2021-11-11,4.42,4.47,4.34,4.42,335283
2021-11-12,4.39,4.48,4.26,4.27,315228
2021-11-15,4.23,4.31,4.18,4.27,291199
2021-11-16,4.27,4.28,4.11,4.14,220811
2021-11-17,4.14,4.18,4.09,4.15,286829
2021-11-18,4.19,4.32,4.1,4.14,436850
2021-11-19,4.13,4.27,4.09,4.24,343443
2021-11-22,4.27,4.38,4.17,4.19,394402
2021-11-23,4.21,4.33,4.14,4.29,367346
2021-11-24,4.34,4.39,4.25,4.37,387664
2021-11-25,4.38,4.45,4.25,4.26,346288
2021-11-26,4.19,4.22,4.12,4.15,298507
2021-11-29,4.08,4.15,4.0,4.13,249025
2021-11-30,4.15,4.25,4.1,4.14,281324
2021-12-01,4.14,4.27,4.11,4.26,329533
2021-12-02,4.26,4.34,4.21,4.3,316919
2021-12-03,4.3,4.82,4.19,4.62,834040
2021-12-06,4.68,4.87,4.57,4.59,669644
2021-12-07,4.72,4.74,4.58,4.72,424714
2021-12-08,4.71,4.76,4.59,4.68,355295
2021-12-09,4.68,4.73,4.61,4.68,286700
2021-12-10,4.65,4.73,4.54,4.54,498852
2021-12-13,4.66,4.73,4.55,4.57,478426
2021-12-14,4.57,4.61,4.32,4.35,422926
2021-12-15,4.38,4.47,4.32,4.35,492372
2021-12-16,4.51,4.98,4.51,4.98,818965
2021-12-17,5.36,5.51,5.17,5.18,1880515
2021-12-20,5.15,5.17,4.82,4.83,856509
2021-12-21,4.77,5.16,4.72,4.98,720648
2021-12-22,5.0,5.24,4.88,5.21,766863
2021-12-23,5.16,5.43,5.15,5.19,920252
2021-12-24,5.17,5.18,4.81,4.83,671622
2021-12-27,4.81,4.9,4.63,4.71,771925
2021-12-28,4.7,4.72,4.4,4.49,715456
2021-12-29,4.48,4.57,4.44,4.46,397478
2021-12-30,4.43,4.47,4.38,4.45,318288
2021-12-31,4.43,4.46,4.36,4.38,354898
2022-01-04,4.62,4.72,4.49,4.52,918499
2022-01-05,4.49,4.54,4.4,4.45,491201
2022-01-06,4.46,4.5,4.41,4.45,327046
2022-01-07,4.43,4.61,4.41,4.53,533679
2022-01-10,4.56,4.75,4.53,4.74,606959
2022-01-11,4.66,4.74,4.59,4.66,391739
2022-01-12,4.68,4.7,4.52,4.62,415737
2022-01-13,4.63,4.88,4.62,4.74,854004
2022-01-14,4.72,4.72,4.45,4.46,560226
2022-01-17,4.29,4.37,4.23,4.37,603217
2022-01-18,4.33,4.52,4.28,4.45,548492
2022-01-19,4.51,4.74,4.48,4.59,786886
2022-01-20,4.52,4.75,4.47,4.7,843947
2022-01-21,4.72,4.8,4.59,4.75,568002
2022-01-24,4.71,4.84,4.45,4.73,507110
2022-01-25,4.68,4.68,4.36,4.38,486782
2022-01-26,4.43,4.45,4.28,4.36,295106
2022-01-27,4.4,4.61,4.35,4.36,409503
2022-01-28,4.36,4.41,3.98,4.07,451646
2022-02-07,4.19,4.57,4.16,4.53,552426
2022-02-08,4.67,4.81,4.59,4.8,607578
2022-02-09,4.71,4.89,4.63,4.75,464937
2022-02-10,4.66,4.96,4.57,4.94,541926
2022-02-11,4.97,5.1,4.87,4.95,623883
2022-02-14,4.9,5.05,4.8,4.89,459569
2022-02-15,4.83,4.87,4.73,4.81,342380
2022-02-16,4.79,4.88,4.76,4.84,294582
2022-02-17,4.82,4.84,4.71,4.77,266266
2022-02-18,4.78,5.07,4.74,4.98,551224
2022-02-21,5.08,5.17,4.98,5.15,603843
2022-02-22,5.08,5.39,5.03,5.24,699925
2022-02-23,5.19,5.25,4.98,5.08,441986
2022-02-24,5.01,5.16,4.9,5.04,547584
2022-02-25,5.02,5.15,4.6,4.75,824420
2022-02-28,4.79,5.1,4.79,4.9,798950
2022-03-01,4.98,5.26,4.88,5.19,849124
2022-03-02,5.35,5.39,5.2,5.35,725681
2022-03-03,5.43,5.72,5.42,5.66,1133001
2022-03-04,5.69,5.87,5.42,5.79,1123006
2022-03-07,6.09,6.18,5.71,5.86,1180557
2022-03-08,5.72,5.82,5.46,5.53,772647
2022-03-09,5.55,5.88,5.31,5.65,916867
2022-03-10,5.48,5.7,5.35,5.58,613517
2022-03-11,5.62,5.71,5.37,5.54,511469
2022-03-14,5.37,5.7,5.25,5.25,500465
2022-03-15,5.16,5.17,4.54,4.58,665051
2022-03-16,4.66,4.71,4.38,4.65,468970
2022-03-17,4.75,4.86,4.56,4.79,408205
2022-03-18,4.79,5.19,4.79,5.15,493350
2022-03-21,5.12,5.51,5.12,5.37,515211
2022-03-22,5.35,5.79,5.31,5.73,621757
2022-03-23,5.72,5.79,5.5,5.63,410789
2022-03-24,5.66,5.99,5.64,5.8,573631
2022-03-25,5.81,5.96,5.66,5.73,485333
2022-03-28,5.83,6.1,5.75,5.97,777044
2022-03-29,5.91,6.27,5.86,6.16,537544
2022-03-30,6.04,6.34,5.91,6.0,469173
2022-03-31,6.0,6.19,5.93,6.18,468976
2022-04-01,6.05,6.24,5.95,6.17,418857
2022-04-06,6.12,6.25,5.84,6.09,453061
2022-04-07,6.02,6.2,5.95,6.06,356145
2022-04-08,6.14,6.25,6.02,6.2,438570
2022-04-11,6.1,6.27,6.0,6.07,339320
2022-04-12,6.87,6.87,6.82,6.87,791556
2022-04-13,7.19,7.75,7.11,7.75,1818065
2022-04-14,7.74,8.57,7.5,8.25,1795448
2022-04-15,8.45,8.76,7.91,8.03,1784672
2022-04-18,7.79,8.22,7.71,7.88,920286
2022-04-19,7.9,8.07,7.57,7.92,880783
2022-04-20,7.75,7.89,7.32,7.34,752418
2022-04-21,7.49,7.56,7.07,7.14,738770
2022-04-22,6.97,7.49,6.95,7.18,681975
2022-04-25,6.94,6.99,6.52,6.55,714601
2022-04-26,6.62,6.68,6.22,6.27,582740
2022-04-27,6.19,6.73,6.19,6.69,752419
2022-04-28,6.79,7.55,6.64,7.55,1057448
2022-04-29,7.73,7.78,7.24,7.49,1071725
2022-05-05,7.49,7.83,7.3,7.58,813723
2022-05-06,7.37,7.83,7.26,7.51,581218
2022-05-09,7.24,7.34,6.94,7.3,557705
2022-05-10,6.89,7.04,6.42,6.97,688222
2022-05-11,6.94,7.32,6.94,7.12,715923
2022-05-12,7.26,7.39,6.89,7.03,562601
2022-05-13,7.02,7.61,7.01,7.45,676946
2022-05-16,7.46,7.7,7.3,7.6,690844
2022-05-17,7.6,7.77,7.44,7.74,630340
2022-05-18,7.65,7.79,7.38,7.48,343062
2022-05-19,7.19,7.45,7.03,7.43,331160
2022-05-20,7.5,7.91,7.38,7.85,605874
2022-05-23,7.88,8.14,7.7,7.92,490619
2022-05-24,7.83,8.25,7.8,7.81,530405
2022-05-25,7.89,8.06,7.68,8.02,389657
2022-05-26,7.99,8.4,7.94,8.3,578268
2022-05-27,8.41,8.58,8.19,8.39,585287
2022-05-30,8.45,8.48,8.01,8.2,437753
2022-05-31,8.13,8.25,7.95,8.05,315942
2022-06-01,8.05,8.37,7.98,8.36,376159
2022-06-02,8.29,8.36,7.93,7.98,457544
2022-06-06,8.03,8.34,7.88,8.31,597388
2022-06-07,8.27,8.48,8.16,8.23,374925
2022-06-08,8.43,9.1,8.36,9.06,788153
2022-06-09,8.9,9.43,8.83,9.02,795001
2022-06-10,8.9,9.45,8.84,9.34,639118
2022-06-13,9.25,9.48,8.86,9.11,641365
2022-06-14,8.9,9.63,8.9,9.49,570429
2022-06-15,9.39,9.78,9.28,9.34,545795
2022-06-16,9.31,9.41,8.64,8.78,667345
2022-06-17,8.67,8.84,8.45,8.69,432245
2022-06-20,8.39,8.44,7.72,7.82,751967
2022-06-21,7.78,8.14,7.78,7.95,455337
2022-06-22,7.99,8.23,7.76,7.78,378447
2022-06-23,7.79,8.16,7.52,8.08,469237
2022-06-24,8.06,8.22,7.86,7.89,438947
2022-06-27,7.89,8.37,7.87,8.32,519242
2022-06-28,8.33,8.68,8.3,8.51,391255
2022-06-29,8.47,8.77,8.41,8.49,399817
2022-06-30,8.42,8.62,8.42,8.47,292202
2022-07-01,8.34,8.52,8.08,8.43,295511
2022-07-04,8.38,8.53,8.25,8.37,324144
2022-07-05,8.49,9.04,8.41,8.95,521884
2022-07-06,8.53,8.53,8.02,8.13,626565
2022-07-07,8.11,8.42,8.05,8.35,376285
2022-07-08,8.52,8.66,8.19,8.25,428481
2022-07-11,8.19,8.28,7.87,8.06,308654
2022-07-12,8.1,8.12,7.78,7.91,456246
2022-07-13,7.76,7.77,7.53,7.75,441379
2022-07-14,7.77,7.94,7.54,7.56,428333
2022-07-15,7.44,7.78,7.27,7.27,504936
2022-07-18,7.32,7.59,7.32,7.56,379874
2022-07-19,7.64,7.7,7.47,7.62,308395
2022-07-20,7.63,7.67,7.49,7.53,294916
2022-07-21,7.42,7.48,7.15,7.17,344892
2022-07-22,7.18,7.3,7.04,7.19,267495
2022-07-25,7.21,7.34,7.16,7.19,191202
2022-07-26,7.23,7.39,7.1,7.37,229857
2022-07-27,7.3,7.38,7.25,7.32,190385
2022-07-28,7.41,7.44,7.17,7.33,429424
2022-07-29,7.36,7.39,7.07,7.13,452596
2022-08-01,7.1,7.29,7.01,7.25,377575
2022-08-02,7.11,7.16,6.92,7.03,277484
2022-08-03,7.02,7.14,6.93,6.94,196038
2022-08-04,6.97,7.04,6.84,6.96,184888
2022-08-05,6.97,7.05,6.71,6.91,261189
2022-08-08,6.85,7.19,6.82,7.15,281203
2022-08-09,7.17,7.6,7.1,7.49,525770
2022-08-10,7.5,7.62,7.29,7.33,250562
2022-08-11,7.4,7.54,7.29,7.46,211680
2022-08-12,7.53,7.74,7.51,7.66,302717
2022-08-15,7.66,7.85,7.62,7.66,396913
2022-08-16,7.63,7.68,7.52,7.55,371460
2022-08-17,7.6,7.7,7.5,7.57,253089
2022-08-18,7.56,7.69,7.39,7.43,234375
2022-08-19,7.5,7.89,7.45,7.81,451612
2022-08-22,7.86,8.08,7.85,8.02,408913
2022-08-23,8.03,8.44,7.88,8.33,536186
2022-08-24,8.36,8.54,8.13,8.24,482919
2022-08-25,8.28,8.83,8.24,8.77,876988
2022-08-26,8.65,8.79,8.44,8.51,590332
2022-08-29,8.44,9.36,8.29,9.11,903466
2022-08-30,8.99,9.15,8.57,8.65,537342
2022-08-31,8.57,8.65,8.28,8.37,454503
2022-09-01,8.4,8.96,8.34,8.65,460585
2022-09-02,8.64,8.71,8.4,8.45,315414
2022-09-05,8.57,9.34,8.52,9.21,651344
2022-09-06,9.28,9.54,9.12,9.46,535819
2022-09-07,9.34,9.63,9.22,9.41,366905
2022-09-08,9.2,9.38,9.09,9.25,321172
2022-09-09,9.2,9.54,9.12,9.28,292124
2022-09-13,9.38,9.44,9.02,9.14,258882
2022-09-14,8.89,9.24,8.87,9.07,243773
2022-09-15,9.25,9.37,8.85,9.06,397386
2022-09-16,8.92,9.13,8.45,8.51,557507
2022-09-19,8.51,8.8,8.51,8.59,391781
2022-09-20,8.69,8.85,8.52,8.71,264368
2022-09-21,8.75,9.15,8.64,9.0,301392
2022-09-22,8.92,9.63,8.85,9.56,596389
2022-09-23,9.46,9.84,9.43,9.58,605957
2022-09-26,9.4,9.54,8.95,9.03,542189
2022-09-27,9.11,9.19,8.39,8.92,436888
2022-09-28,8.97,9.17,8.72,8.76,295623
2022-09-29,8.94,9.21,8.84,8.98,346945
2022-09-30,8.88,9.21,8.84,9.03,315691
2022-10-10,9.31,9.59,9.25,9.33,581210
2022-10-11,9.36,9.57,9.11,9.56,499751
2022-10-12,9.33,9.49,9.17,9.45,378288
2022-10-13,9.24,9.33,8.6,8.61,597567
2022-10-14,8.69,8.78,8.42,8.49,621141
2022-10-17,8.34,8.34,7.82,8.21,538516
2022-10-18,8.22,8.32,8.03,8.11,318758
2022-10-19,8.07,8.52,8.02,8.18,497769
2022-10-20,8.16,8.27,7.97,8.03,384287
2022-10-21,7.99,8.27,7.99,8.14,298659
2022-10-24,8.15,8.19,7.8,7.87,401411
2022-10-25,7.79,7.96,7.68,7.88,272894
2022-10-26,7.88,7.93,7.5,7.59,410242
2022-10-27,7.64,7.77,7.52,7.57,381627
2022-10-28,7.49,7.79,7.37,7.54,452345
2022-10-31,7.52,7.58,7.16,7.21,406872
2022-11-01,7.24,7.32,7.03,7.25,409665
2022-11-02,7.22,7.44,7.17,7.37,344187
2022-11-03,7.27,7.44,7.21,7.37,223760
2022-11-04,7.38,7.68,7.31,7.54,455642
2022-11-07,7.53,7.74,7.51,7.66,353853
2022-11-08,7.67,7.74,7.49,7.53,244573
2022-11-09,7.49,7.62,7.42,7.43,213244
2022-11-10,7.3,7.46,7.11,7.4,306804
2022-11-11,7.54,7.67,7.43,7.64,376055
2022-11-14,7.7,7.87,7.43,7.48,396742
2022-11-15,7.4,7.54,7.37,7.52,247230
2022-11-16,7.46,7.62,7.46,7.56,239955
2022-11-17,7.57,7.58,7.17,7.23,385848
2022-11-18,7.18,7.3,7.11,7.23,252530
2022-11-21,7.14,7.23,7.07,7.21,155588
2022-11-22,7.21,7.54,7.19,7.43,332232
2022-11-23,7.56,7.82,7.53,7.65,544624
2022-11-24,7.6,7.77,7.5,7.67,294274
2022-11-25,7.7,7.91,7.59,7.84,352595
2022-11-28,7.74,7.96,7.67,7.8,347026
2022-11-29,7.84,8.01,7.75,7.96,342048
2022-11-30,8.0,8.28,7.96,8.09,406782
2022-12-01,8.18,8.24,8.0,8.03,353710
2022-12-02,8.0,8.02,7.76,7.84,248207
2022-12-05,7.95,8.16,7.88,8.11,378928
2022-12-06,8.06,8.09,7.79,7.99,310974
2022-12-07,7.98,8.07,7.73,7.79,252135
2022-12-08,7.8,7.84,7.69,7.72,167973
2022-12-09,7.72,7.76,7.65,7.73,175953
2022-12-12,7.72,7.84,7.4,7.44,287611
2022-12-13,7.47,7.52,7.39,7.41,185182
2022-12-14,7.4,7.6,7.37,7.59,224161
2022-12-15,7.57,7.57,7.3,7.4,248351
2022-12-16,7.37,7.59,7.32,7.56,245307
2022-12-19,7.47,7.49,7.19,7.24,253359
2022-12-20,7.21,7.37,7.17,7.28,150060
2022-12-21,7.27,7.34,7.17,7.29,134276
2022-12-22,7.31,7.37,7.08,7.1,194716
2022-12-23,7.08,7.11,6.98,7.02,142030
2022-12-26,6.95,7.14,6.86,7.05,165585
2022-12-27,7.07,7.4,7.06,7.27,194548
2022-12-28,7.21,7.31,7.14,7.23,127018
2022-12-29,7.15,7.2,6.92,6.98,247933
2022-12-30,6.99,7.09,6.99,7.01,111391
2023-01-03,6.96,7.24,6.91,7.23,231667
2023-01-04,7.14,7.17,6.85,6.88,339125
2023-01-05,6.9,6.91,6.7,6.81,344813
2023-01-06,6.81,6.89,6.77,6.85,258100
2023-01-09,6.89,6.92,6.77,6.87,233929
2023-01-10,6.79,6.87,6.68,6.72,248639
2023-01-11,6.74,7.3,6.72,7.21,721348
2023-01-12,7.1,7.16,6.88,7.09,415331
2023-01-13,7.14,7.35,7.03,7.11,297923
2023-01-16,7.08,7.13,7.0,7.03,274144
2023-01-17,7.01,7.06,6.92,6.96,156701
2023-01-18,7.03,7.18,6.96,7.02,244451
2023-01-19,7.07,7.15,6.95,7.03,189816
2023-01-20,7.01,7.23,7.0,7.22,401497
2023-01-30,7.24,7.26,7.05,7.08,393344
2023-01-31,6.95,7.13,6.92,7.09,322556
2023-02-01,7.06,7.17,6.99,7.17,336658
2023-02-02,7.14,7.25,7.1,7.23,380773
2023-02-03,7.22,7.22,6.97,7.03,309232
2023-02-06,7.0,7.05,6.96,6.96,146278
2023-02-07,6.99,7.04,6.92,6.97,178991
2023-02-08,6.94,7.0,6.87,6.88,180793
2023-02-09,6.86,6.93,6.83,6.92,154734
2023-02-10,6.92,6.93,6.79,6.81,186534
2023-02-13,6.81,6.81,6.69,6.76,231347
2023-02-14,6.77,6.84,6.73,6.83,172172
2023-02-15,6.83,6.87,6.75,6.76,137353
2023-02-16,6.78,6.82,6.6,6.67,205222
2023-02-17,6.67,6.82,6.65,6.78,250313
2023-02-20,6.84,6.95,6.83,6.94,438868
2023-02-21,6.96,7.14,6.93,7.09,443493
2023-02-22,7.04,7.19,7.0,7.17,370442
2023-02-23,7.38,7.43,7.22,7.25,496844
2023-02-24,7.27,7.33,7.13,7.2,283368
2023-02-27,7.21,7.3,7.08,7.2,219421
2023-02-28,7.19,7.21,7.08,7.16,169835
2023-03-01,7.14,7.24,7.1,7.19,206952
2023-03-02,7.19,7.29,7.12,7.23,283295
2023-03-03,7.22,7.34,7.14,7.3,299653
2023-03-06,7.31,7.31,7.07,7.14,389016
2023-03-07,7.19,7.49,7.18,7.39,675650
2023-03-08,7.31,7.31,7.13,7.19,374645
2023-03-09,7.16,7.33,7.1,7.11,238468
2023-03-10,7.07,7.09,6.88,6.9,240685
2023-03-13,6.95,7.13,6.87,7.11,249166
2023-03-14,7.06,7.33,7.06,7.26,506177
2023-03-15,7.28,7.31,7.14,7.27,220573
2023-03-16,7.16,7.19,6.95,6.96,281611
2023-03-17,7.02,7.17,6.92,7.09,330627
2023-03-20,7.09,7.26,7.0,7.06,254836
2023-03-21,7.11,7.12,6.89,6.96,207612
2023-03-22,6.97,7.21,6.93,7.08,206753
2023-03-23,7.09,7.21,7.02,7.2,232283
2023-03-24,6.99,7.02,6.63,6.66,864867
2023-03-27,6.62,6.62,6.45,6.57,420945
2023-03-28,6.54,6.61,6.51,6.53,270788
2023-03-29,6.55,6.56,6.35,6.38,259815
2023-03-30,6.4,6.44,6.19,6.4,595667
2023-03-31,6.39,6.44,6.28,6.29,292130
2023-04-03,6.34,6.45,6.33,6.38,342880
2023-04-04,6.4,6.44,6.32,6.36,339260
2023-04-06,6.37,6.38,6.25,6.37,324961
2023-04-07,6.36,6.39,6.29,6.32,189118
2023-04-10,6.32,6.32,6.19,6.21,222599
2023-04-11,6.2,6.28,6.11,6.25,226573
2023-04-12,6.24,6.4,6.23,6.38,282417
2023-04-13,6.37,6.5,6.36,6.41,276812
2023-04-14,6.41,6.45,6.34,6.41,160269
2023-04-17,6.42,6.64,6.38,6.63,411796
2023-04-18,6.66,7.1,6.65,7.07,671135
2023-04-19,7.08,7.36,7.05,7.21,740541
2023-04-20,7.19,7.28,7.09,7.24,412775
2023-04-21,7.19,7.31,7.11,7.11,234694
2023-04-24,7.12,7.21,6.93,6.99,253347
2023-04-25,6.96,7.06,6.84,6.94,185539
2023-04-26,6.96,7.01,6.79,6.95,171558
2023-04-27,6.95,7.04,6.8,6.97,196219
2023-04-28,6.98,7.42,6.96,7.4,504272
2023-05-04,7.28,7.35,7.0,7.3,334422
2023-05-05,7.3,7.42,7.16,7.31,219808
2023-05-08,7.33,7.74,7.31,7.7,766623
2023-05-09,7.71,8.17,7.71,7.87,880640
2023-05-10,7.86,7.91,7.5,7.59,382099
2023-05-11,7.53,7.66,7.43,7.55,247769
2023-05-12,7.6,7.67,7.46,7.48,198649
2023-05-15,7.44,7.7,7.29,7.68,347203
2023-05-16,7.69,7.84,7.59,7.62,204516
2023-05-17,7.66,7.71,7.48,7.63,154456
2023-05-18,7.66,7.81,7.59,7.62,187530
2023-05-19,7.49,7.65,7.4,7.61,228269
2023-05-22,7.54,7.72,7.5,7.57,193081
2023-05-23,7.59,7.72,7.56,7.6,173907
2023-05-24,7.59,7.59,7.39,7.43,279683
2023-05-25,7.38,7.43,7.17,7.33,299769
2023-05-26,7.27,7.31,6.87,6.9,444582
2023-05-29,6.97,7.01,6.66,6.84,497820
2023-05-30,6.87,6.96,6.8,6.85,212756
2023-05-31,6.79,6.85,6.52,6.55,375593
2023-06-01,6.53,6.71,6.53,6.59,225747
2023-06-02,6.64,6.71,6.58,6.64,205625
2023-06-05,6.67,6.7,6.6,6.69,164992
2023-06-06,6.64,7.07,6.64,6.89,318912
2023-06-07,6.94,6.95,6.73,6.79,182289
2023-06-08,6.83,6.98,6.82,6.95,161536
2023-06-09,6.9,6.98,6.85,6.94,123620
2023-06-12,6.91,7.04,6.87,6.92,119621
2023-06-13,6.91,6.95,6.72,6.76,142787
2023-06-14,6.8,6.85,6.67,6.7,126349
2023-06-15,6.72,6.83,6.59,6.81,227590
2023-06-16,6.79,6.94,6.74,6.84,174855
2023-06-19,6.84,6.89,6.72,6.74,115686
2023-06-20,6.73,6.77,6.56,6.57,182136
2023-06-21,6.57,6.62,6.46,6.46,138341
2023-06-26,6.43,6.44,6.31,6.35,159238
2023-06-27,6.38,6.54,6.35,6.53,200827
2023-06-28,6.54,6.74,6.5,6.72,239817
2023-06-29,6.72,6.73,6.58,6.63,153163
2023-06-30,6.65,6.87,6.61,6.83,209504
2023-07-03,6.87,7.09,6.82,7.08,239780
2023-07-04,7.07,7.15,7.02,7.12,177650
2023-07-05,7.1,7.23,7.05,7.16,222329
2023-07-06,7.18,7.18,7.03,7.11,221595
2023-07-07,7.08,7.27,7.06,7.21,182509
2023-07-10,7.22,7.36,7.21,7.25,162813
2023-07-11,7.3,7.33,7.17,7.28,187251
2023-07-12,7.32,7.34,7.14,7.15,153390
2023-07-13,7.2,7.3,7.18,7.24,130364
2023-07-14,7.29,7.3,7.19,7.2,117303
2023-07-17,7.2,7.26,7.1,7.25,145821
2023-07-18,7.23,7.28,7.14,7.16,111794
2023-07-19,7.15,7.28,7.14,7.25,114182
2023-07-20,7.27,7.35,7.17,7.2,138086
2023-07-21,7.22,7.24,7.12,7.17,106381
2023-07-24,7.17,7.18,7.1,7.12,106283
2023-07-25,7.17,7.28,7.15,7.24,187023
2023-07-26,7.29,7.31,7.18,7.23,183833
2023-07-27,7.24,7.29,7.14,7.16,131109
2023-07-28,7.16,7.27,7.12,7.25,154242
2023-07-31,7.25,7.44,7.17,7.2,231668
2023-08-01,7.19,7.23,7.17,7.2,164870
2023-08-02,7.2,7.21,6.96,6.98,275076
2023-08-03,6.99,7.14,6.97,7.1,148417
2023-08-04,7.14,7.21,7.04,7.06,201569
2023-08-07,7.05,7.1,6.97,7.04,163756
2023-08-08,7.04,7.12,6.99,7.08,100951
2023-08-09,7.06,7.08,6.98,7.01,108146
2023-08-10,7.02,7.34,7.02,7.26,303412
2023-08-11,7.25,7.29,7.02,7.03,189315
2023-08-14,7.0,7.02,6.87,6.99,151983
2023-08-15,7.01,7.1,6.96,7.06,121018
2023-08-16,7.04,7.04,6.97,6.99,88868
2023-08-17,6.98,6.99,6.86,6.95,115522
2023-08-18,6.96,7.1,6.93,6.95,135942
2023-08-21,6.95,6.99,6.83,6.84,115027
2023-08-22,6.87,6.97,6.83,6.95,111186
2023-08-23,6.97,7.19,6.95,7.07,247525
2023-08-24,7.1,7.12,6.94,6.99,130903
2023-08-25,6.9,6.93,6.69,6.76,232033
2023-08-28,7.14,7.18,6.9,6.97,391028
2023-08-29,6.97,7.0,6.91,6.96,248735
2023-08-30,6.95,7.02,6.94,6.95,228011
2023-08-31,6.94,6.99,6.84,6.86,129654
2023-09-01,6.88,7.12,6.88,7.09,289657
2023-09-04,7.15,7.46,7.15,7.38,486226
2023-09-05,7.41,7.49,7.28,7.43,299814
2023-09-06,7.48,7.52,7.29,7.38,253989
2023-09-07,7.39,7.47,7.32,7.4,281362
2023-09-08,7.33,7.35,7.18,7.24,143865
2023-09-11,7.29,7.49,7.28,7.3,287019
2023-09-12,7.33,7.43,7.28,7.29,141907
2023-09-13,7.27,7.5,7.27,7.38,312859
2023-09-14,7.4,7.75,7.4,7.71,717892
2023-09-15,7.8,7.81,7.62,7.67,380271
2023-09-18,7.7,7.74,7.54,7.7,280158
2023-09-19,7.73,7.86,7.66,7.72,387996
2023-09-20,7.72,7.8,7.65,7.72,197711
2023-09-21,7.7,7.75,7.58,7.63,297871
2023-09-22,7.64,7.66,7.44,7.51,267065
2023-09-25,7.51,7.62,7.49,7.53,249756
2023-09-26,7.53,7.59,7.47,7.5,158384
2023-09-27,7.51,7.55,7.4,7.42,195620
2023-09-28,7.52,7.65,7.46,7.54,272824
2023-10-09,7.43,7.69,7.42,7.62,283883
2023-10-10,7.59,7.61,7.41,7.46,216169
2023-10-11,7.41,7.46,7.25,7.3,226096
2023-10-12,7.33,7.37,7.25,7.28,182236
2023-10-13,7.25,7.32,7.18,7.26,120810
2023-10-16,7.35,7.43,7.29,7.4,219658
2023-10-17,7.52,7.73,7.45,7.72,413347
2023-10-18,7.72,7.88,7.7,7.73,359369
2023-10-19,7.76,7.77,7.45,7.5,258457
2023-10-20,7.5,7.58,7.38,7.52,222711
2023-10-23,7.42,7.54,7.31,7.39,233596
2023-10-24,7.39,7.49,7.25,7.48,253627
2023-10-25,7.54,7.64,7.48,7.59,285248
2023-10-26,7.56,7.57,7.34,7.56,243649
2023-10-27,7.52,7.7,7.48,7.5,231362
2023-10-30,7.47,7.55,7.32,7.35,258790
2023-10-31,7.28,7.43,7.23,7.4,217568
2023-11-01,7.41,7.45,7.33,7.35,137871
2023-11-02,7.35,7.44,7.33,7.34,131916
2023-11-03,7.4,7.48,7.31,7.32,201113
2023-11-06,7.33,7.34,7.14,7.17,315918
2023-11-07,7.14,7.27,7.13,7.22,179445
2023-11-08,7.17,7.19,7.11,7.16,147597
2023-11-09,7.16,7.54,7.15,7.49,407640
2023-11-10,7.52,7.6,7.42,7.58,206839
2023-11-13,7.6,7.62,7.43,7.53,167408
2023-11-14,7.51,7.53,7.38,7.44,172168
2023-11-15,7.5,7.53,7.42,7.49,138538
2023-11-16,7.47,7.53,7.41,7.49,178293
2023-11-17,7.48,7.55,7.4,7.46,151389
2023-11-20,7.47,7.49,7.41,7.44,111834
2023-11-21,7.44,7.62,7.42,7.52,227518
2023-11-22,7.5,7.62,7.46,7.5,197230
2023-11-23,7.52,7.63,7.49,7.62,214435
2023-11-24,7.64,7.85,7.62,7.77,281660
2023-11-27,7.86,7.98,7.8,7.84,327036
2023-11-28,7.84,7.91,7.75,7.89,190921
2023-11-29,7.89,8.13,7.88,8.05,324843
2023-11-30,8.07,8.18,8.03,8.13,242938
2023-12-01,8.1,8.3,8.1,8.28,309962
2023-12-04,8.32,8.5,8.31,8.45,247231
2023-12-05,8.45,8.55,8.28,8.32,391750
2023-12-06,8.29,8.48,8.19,8.45,287280
2023-12-07,8.43,8.49,8.3,8.38,218403
2023-12-08,8.33,8.43,8.15,8.35,236636
2023-12-11,8.31,8.58,8.19,8.53,355390
2023-12-12,8.5,8.6,8.43,8.56,242255
2023-12-13,8.54,8.56,8.38,8.4,218339
2023-12-14,8.42,8.47,8.27,8.36,173616
2023-12-15,8.37,8.41,8.21,8.3,183836
2023-12-18,8.3,8.37,8.12,8.32,221520
2023-12-19,8.38,8.38,8.19,8.26,195903
2023-12-20,8.26,8.4,8.18,8.21,275816
2023-12-21,8.15,8.28,8.1,8.22,206828
2023-12-22,8.31,8.49,8.25,8.34,274277
2023-12-25,8.36,8.73,8.21,8.65,343520
2023-12-26,8.64,9.13,8.59,8.72,584388
2023-12-27,8.73,8.95,8.66,8.82,340155
2023-12-28,8.83,8.9,8.38,8.49,475037
2023-12-29,8.46,8.56,8.42,8.49,246178
2024-01-02,8.52,9.02,8.49,8.91,491666
2024-01-03,8.89,9.16,8.72,9.06,416227
2024-01-04,9.05,9.32,8.98,9.29,415637
2024-01-05,9.21,9.5,9.16,9.36,584345
2024-01-08,9.3,9.43,9.25,9.32,344842
2024-01-09,9.24,9.59,9.22,9.46,414964
2024-01-10,9.47,9.58,9.32,9.38,323810
2024-01-11,9.41,9.41,9.11,9.23,358303
2024-01-12,9.22,9.4,9.2,9.36,174683
2024-01-15,9.31,9.59,9.26,9.55,377903
2024-01-16,9.54,9.74,9.45,9.6,301967
2024-01-17,9.58,9.76,9.49,9.53,225030
2024-01-18,9.44,9.56,9.16,9.46,332341
2024-01-19,9.46,9.58,9.32,9.38,319207
2024-01-22,9.38,9.55,9.16,9.24,330945
2024-01-23,9.24,9.68,9.23,9.58,356895
2024-01-24,9.52,9.82,9.46,9.79,413816
2024-01-25,9.88,10.89,9.86,10.89,915184
2024-01-26,10.81,11.21,10.68,10.94,698987
2024-01-29,11.05,11.4,10.83,11.23,727781
2024-01-30,11.1,11.15,10.72,10.79,424011
2024-01-31,10.6,11.2,10.5,10.96,471434
2024-02-01,10.88,10.92,10.5,10.61,449737
2024-02-02,10.62,10.83,10.41,10.78,428513
2024-02-05,10.74,11.3,10.65,11.24,569494
2024-02-06,11.12,11.17,10.66,10.86,499242
2024-02-07,10.77,10.87,10.46,10.84,604838
2024-02-08,10.88,10.88,10.51,10.74,416146
2024-02-19,10.68,11.75,10.61,11.74,532762
2024-02-20,11.59,11.76,11.38,11.61,348733
2024-02-21,11.53,11.72,11.31,11.5,328071
2024-02-22,11.4,12.19,11.31,12.16,467016
2024-02-23,12.0,12.15,11.78,11.93,393402
2024-02-26,12.0,12.0,11.1,11.28,609666
2024-02-27,11.16,11.43,11.06,11.21,354344
2024-02-28,11.15,11.5,10.84,11.36,604794
2024-02-29,11.2,11.3,10.96,11.24,433928
2024-03-01,11.2,11.38,10.99,11.1,457448
2024-03-04,11.05,11.49,11.01,11.47,530756
2024-03-05,11.45,11.74,11.23,11.39,392267
2024-03-06,11.4,11.91,11.35,11.52,442389
2024-03-07,11.51,11.74,11.41,11.59,310211
2024-03-08,11.55,11.62,11.11,11.34,471579
2024-03-11,11.2,11.29,10.68,10.83,657352
2024-03-12,10.73,10.83,10.3,10.38,463589
2024-03-13,10.23,10.6,10.18,10.54,417738
2024-03-14,10.43,11.02,10.37,10.82,395291
2024-03-15,10.79,10.94,10.46,10.89,441580
2024-03-18,10.71,10.99,10.62,10.82,309391
2024-03-19,10.75,11.3,10.72,11.02,367172
2024-03-20,10.93,10.96,10.53,10.61,641043
2024-03-21,10.2,10.44,9.9,10.21,827848
2024-03-22,10.19,10.37,10.06,10.12,397326
2024-03-25,9.96,10.27,9.81,10.07,346200
2024-03-26,10.07,10.17,9.68,9.81,482334
2024-03-27,9.81,10.03,9.75,9.91,302382
2024-03-28,9.83,10.05,9.8,9.96,236441
2024-03-29,9.91,10.32,9.87,10.24,275662
2024-04-01,10.24,10.24,9.8,10.16,292674
2024-04-02,10.15,10.33,10.03,10.17,224166
2024-04-03,10.18,10.65,10.17,10.58,337836
2024-04-08,10.41,10.72,10.38,10.46,322806
2024-04-09,10.4,10.57,10.19,10.39,195154
2024-04-10,10.4,10.64,10.35,10.47,358551
2024-04-11,10.4,10.87,10.34,10.67,300270
2024-04-12,10.66,10.83,10.57,10.63,211412
2024-04-15,10.67,11.41,10.66,11.22,503917
2024-04-16,11.17,11.56,11.05,11.3,484233
2024-04-17,11.15,11.3,10.93,11.3,315063
2024-04-18,11.22,11.52,11.09,11.26,314048
2024-04-19,11.26,11.49,11.16,11.31,259974
2024-04-22,11.28,11.53,10.6,10.63,424832
2024-04-23,10.27,10.5,10.1,10.2,314345
2024-04-24,10.2,10.22,9.95,10.04,272178
2024-04-25,9.97,10.46,9.97,10.34,294144
2024-04-26,10.36,10.54,10.11,10.19,291936
2024-04-29,10.15,10.38,9.93,10.26,375072
2024-04-30,10.2,10.74,10.2,10.56,352319
2024-05-06,10.55,10.79,10.18,10.74,449135
2024-05-07,10.68,10.97,10.66,10.96,308590
2024-05-08,10.96,11.36,10.91,11.18,327200
2024-05-09,11.2,11.32,11.02,11.05,215625
2024-05-10,11.1,11.25,11.04,11.17,229589
2024-05-13,11.16,11.21,10.86,11.05,214626
2024-05-14,11.15,11.15,10.56,10.76,305129
2024-05-15,10.72,11.1,10.69,10.91,183833
2024-05-16,10.87,11.06,10.78,10.83,187555
2024-05-17,10.83,10.91,10.62,10.78,134813
2024-05-20,10.84,11.58,10.78,11.45,344767
2024-05-21,11.43,11.53,11.2,11.4,203848
2024-05-22,11.46,11.64,11.31,11.36,243291
2024-05-23,11.25,11.42,11.11,11.15,144991
2024-05-24,11.15,11.44,11.11,11.18,167076
2024-05-27,11.21,11.62,11.19,11.4,215668
2024-05-28,11.41,11.63,11.39,11.49,231266
2024-05-29,11.47,11.79,11.38,11.74,225663
2024-05-30,11.63,12.12,11.63,11.88,464981
2024-05-31,12.0,12.45,11.88,12.08,385022
2024-06-03,12.12,12.24,11.74,11.88,302903
2024-06-04,11.75,11.84,11.5,11.65,325359
2024-06-05,11.7,11.81,11.42,11.46,241545
2024-06-06,11.45,11.93,11.45,11.76,269357
2024-06-07,11.7,11.89,11.6,11.73,228038
2024-06-11,11.79,11.84,11.24,11.41,275631
2024-06-12,11.44,12.11,11.36,12.02,279484
2024-06-13,12.0,12.23,11.82,12.0,211008
2024-06-14,11.91,12.08,11.68,11.78,269244
2024-06-17,11.75,11.8,11.24,11.29,248695
2024-06-18,11.35,11.47,11.24,11.4,169654
2024-06-19,11.38,11.59,11.36,11.44,184738
2024-06-20,11.43,11.92,11.41,11.82,219292
2024-06-21,11.8,11.88,11.61,11.65,182829
2024-06-24,11.61,11.71,11.23,11.31,208335
2024-06-25,11.39,11.44,11.2,11.34,153844
2024-06-26,11.33,11.39,10.99,11.17,211717
2024-06-27,11.09,11.25,10.88,10.98,232766
2024-06-28,10.98,11.34,10.9,11.28,259437
2024-07-01,11.28,11.87,11.17,11.72,229940
2024-07-02,11.69,11.85,11.42,11.67,198787
2024-07-03,11.62,11.76,11.4,11.51,153108
2024-07-04,11.51,11.66,11.43,11.57,150161
2024-07-05,11.51,11.59,11.22,11.43,153664
2024-07-08,11.44,11.54,11.23,11.45,157005
2024-07-09,11.41,11.57,11.21,11.56,176513
2024-07-10,11.47,11.49,10.73,10.93,319494
2024-07-11,10.88,10.94,10.59,10.85,304095
2024-07-12,10.85,10.98,10.4,10.59,315056
2024-07-15,10.59,10.96,10.36,10.84,282537
2024-07-16,10.81,11.03,10.75,11.0,185597
2024-07-17,11.0,11.01,10.57,10.74,206863
2024-07-18,10.69,10.87,10.65,10.85,135219
2024-07-19,10.83,10.88,10.66,10.79,129639
2024-07-22,10.9,10.9,10.5,10.82,177121
2024-07-23,10.77,10.79,10.44,10.46,126489
2024-07-24,10.46,10.7,10.39,10.63,156989
2024-07-25,10.58,10.61,10.32,10.48,151082
2024-07-26,10.46,10.77,10.43,10.66,156449
2024-07-29,10.64,10.82,10.55,10.8,122046
2024-07-30,10.75,10.8,10.33,10.38,160754
2024-07-31,10.46,10.79,10.31,10.75,230328
2024-08-01,10.76,10.93,10.67,10.68,123620
2024-08-02,10.66,10.81,10.49,10.75,100156
2024-08-05,10.75,10.77,10.53,10.59,129162
2024-08-06,10.59,10.74,10.44,10.57,149872
2024-08-07,10.52,11.21,10.5,11.1,274503
2024-08-08,11.1,11.24,10.97,11.03,117995
2024-08-09,11.03,11.32,10.95,11.25,140642
2024-08-12,11.17,11.77,11.14,11.71,202113
2024-08-13,11.89,12.05,11.56,11.93,263085
2024-08-14,11.87,12.08,11.78,11.84,141133
2024-08-15,11.87,12.31,11.81,12.18,159802
2024-08-16,12.16,12.4,12.14,12.33,172415
2024-08-19,12.36,12.48,12.25,12.32,230872
2024-08-20,12.36,12.41,12.0,12.08,199439
2024-08-21,12.2,12.2,11.76,12.13,205626
2024-08-22,12.12,12.33,12.0,12.12,157062
2024-08-23,12.05,12.38,12.05,12.32,200970
2024-08-26,12.43,12.78,12.25,12.72,262983
2024-08-27,12.56,13.11,12.55,13.06,264503
2024-08-28,12.88,13.13,12.85,12.92,164475
2024-08-29,12.95,13.0,12.71,12.86,112666
2024-08-30,12.78,12.93,12.46,12.63,203572
2024-09-02,12.62,13.6,12.58,13.45,413617
2024-09-03,13.35,13.71,12.93,13.02,307298
2024-09-04,12.86,12.97,12.69,12.77,197976
2024-09-05,12.76,12.95,12.43,12.58,202871
2024-09-06,12.61,12.9,12.58,12.61,154551
2024-09-09,12.62,12.64,11.99,12.2,217604
2024-09-10,12.19,12.3,11.97,12.09,109185
2024-09-11,11.98,12.08,11.66,11.98,185173
2024-09-12,12.03,12.28,11.93,12.16,146379
2024-09-13,12.16,12.39,12.08,12.09,117442
2024-09-18,12.05,12.49,12.05,12.43,135403
2024-09-19,12.37,12.46,11.96,12.16,203455
2024-09-20,12.18,12.36,12.06,12.29,154879
2024-09-23,12.26,12.84,12.22,12.6,205952
2024-09-24,12.71,13.26,12.49,13.17,344999
2024-09-25,13.39,13.8,13.21,13.33,268187
2024-09-26,13.31,13.61,13.14,13.57,226877
2024-09-27,13.69,13.72,13.25,13.36,155425
2024-09-30,13.44,14.36,12.86,14.11,905712
2024-10-08,15.26,15.28,13.49,13.92,817616
2024-10-09,13.61,13.61,12.73,12.9,480977
2024-10-10,12.86,13.96,12.8,13.56,658173
2024-10-11,13.68,13.83,13.09,13.24,406781
2024-10-14,13.31,13.87,13.04,13.65,375026
2024-10-15,13.53,13.56,13.21,13.21,223209
2024-10-16,13.16,13.36,12.96,13.17,181864
2024-10-17,13.26,13.59,13.03,13.04,189324
2024-10-18,13.04,13.52,12.91,13.33,257479
2024-10-21,13.34,13.39,12.79,12.95,448180
2024-10-22,12.84,13.0,12.79,12.89,245687
2024-10-23,12.93,13.02,12.77,12.82,234577
2024-10-24,12.86,13.2,12.79,12.99,325268
2024-10-25,13.04,13.22,12.88,12.99,239181
2024-10-28,13.0,13.16,12.83,13.14,243917
2024-10-29,13.09,13.27,12.74,12.75,300042
2024-10-30,12.76,12.86,12.48,12.62,250597
2024-10-31,12.61,12.64,12.39,12.51,300259
2024-11-01,12.52,12.88,12.48,12.76,339324
2024-11-04,12.79,12.8,12.53,12.75,196490
2024-11-05,12.78,12.81,12.58,12.77,313377
2024-11-06,12.76,12.76,12.48,12.52,414485
2024-11-07,12.46,12.65,12.29,12.65,407339
2024-11-08,12.67,12.8,12.43,12.47,409648
2024-11-11,12.44,12.44,12.11,12.25,335843
2024-11-12,12.25,12.3,12.0,12.06,405324
2024-11-13,12.04,12.34,11.99,12.21,311712
2024-11-14,12.22,12.46,12.12,12.18,330134
2024-11-15,12.22,12.46,12.06,12.35,370423
2024-11-18,12.42,13.01,12.38,12.63,729612
2024-11-19,12.6,12.64,12.34,12.5,372354
2024-11-20,12.46,12.66,12.4,12.59,231530
2024-11-21,12.54,12.86,12.52,12.75,291890
2024-11-22,12.75,12.9,12.33,12.33,272717
2024-11-25,12.35,12.62,12.31,12.37,258529
2024-11-26,12.4,12.44,12.21,12.28,140953
2024-11-27,12.24,12.37,12.1,12.31,184305
2024-11-28,12.26,12.36,12.06,12.14,182126
2024-11-29,12.14,12.21,11.98,12.04,279911
2024-12-02,12.04,12.06,11.8,12.04,323654
2024-12-03,12.03,12.26,11.97,12.24,313751
2024-12-04,12.24,12.72,12.19,12.68,423961
2024-12-05,12.64,12.69,12.51,12.64,189185
2024-12-06,12.63,12.78,12.53,12.58,212777
2024-12-09,12.58,12.71,12.36,12.67,195746
2024-12-10,12.87,12.87,12.44,12.49,252328
2024-12-11,12.45,12.77,12.42,12.74,271362
2024-12-12,12.73,12.8,12.63,12.68,202725
2024-12-13,12.67,12.68,12.2,12.2,298987
2024-12-16,12.21,12.35,12.1,12.14,239273
2024-12-17,12.14,12.43,12.14,12.15,243491
2024-12-18,12.19,12.4,12.14,12.27,237623
2024-12-19,12.18,12.28,11.97,12.0,228888
2024-12-20,11.98,12.05,11.48,11.48,493944
2024-12-23,11.45,11.61,11.41,11.44,251339
2024-12-24,11.44,11.52,11.29,11.48,418912
2024-12-25,11.48,11.87,11.34,11.83,518163
2024-12-26,11.78,11.9,11.55,11.57,352389
2024-12-27,11.56,11.62,11.3,11.43,297918
2024-12-30,11.43,11.75,11.43,11.68,325160
2024-12-31,11.72,11.91,11.64,11.76,382278
2025-01-02,11.77,11.87,11.44,11.51,317410
2025-01-03,11.5,11.7,11.44,11.55,247778
2025-01-06,11.51,11.61,11.28,11.48,248991
2025-01-07,11.46,11.49,11.05,11.14,398962
2025-01-08,11.13,11.33,11.07,11.23,298573
2025-01-09,11.19,11.21,10.82,10.85,296083
2025-01-10,10.83,11.05,10.8,10.93,228896
2025-01-13,10.88,11.06,10.82,10.85,200410
2025-01-14,10.91,11.03,10.83,11.02,193098
2025-01-15,11.0,11.24,10.97,11.0,185085
2025-01-16,11.07,11.22,11.0,11.09,180966
2025-01-17,11.08,11.17,10.99,11.12,155733
2025-01-20,11.17,11.17,10.89,10.9,212575
2025-01-21,10.95,10.96,10.66,10.71,243891
2025-01-22,10.71,10.73,10.5,10.63,184860
2025-01-23,10.66,10.83,10.66,10.78,200361
2025-01-24,10.82,11.02,10.71,10.86,211610
2025-01-27,10.86,11.11,10.86,11.04,191065
2025-02-05,11.06,11.08,10.68,10.81,178613
2025-02-06,10.78,10.83,10.68,10.8,155616
2025-02-07,10.8,10.91,10.73,10.87,189832
2025-02-10,10.89,10.9,10.71,10.72,212253
2025-02-11,10.74,10.84,10.63,10.66,192256
2025-02-12,10.65,10.7,10.48,10.55,273216
2025-02-13,10.54,10.65,10.5,10.51,217272
2025-02-14,10.51,10.52,10.32,10.39,285314
2025-02-17,10.36,10.4,10.26,10.32,234679
2025-02-18,10.29,10.37,10.16,10.2,266596
2025-02-19,10.16,10.19,10.01,10.05,340177
2025-02-20,10.02,10.12,9.95,10.11,208613
2025-02-21,10.1,10.15,9.91,9.95,296045
2025-02-24,9.85,9.99,9.78,9.92,395571
2025-02-25,9.88,10.09,9.78,9.87,478785
2025-02-26,9.88,10.05,9.78,9.89,336519
2025-02-27,9.88,9.9,9.78,9.87,321619
2025-02-28,9.87,9.94,9.7,9.7,398891
2025-03-03,9.71,9.82,9.66,9.78,368272
2025-03-04,9.74,9.76,9.55,9.58,404755
2025-03-05,9.59,9.59,9.38,9.47,416439
2025-03-06,9.47,9.54,9.35,9.51,340044
2025-03-07,9.5,9.72,9.45,9.61,430272
2025-03-10,9.6,9.81,9.6,9.8,342791
2025-03-11,9.79,9.88,9.69,9.76,298486
2025-03-12,9.75,9.77,9.64,9.65,216238
2025-03-13,9.68,10.14,9.65,10.03,763589
2025-03-14,9.99,10.08,9.91,9.96,491209
2025-03-17,9.98,10.03,9.89,9.91,372973
2025-03-18,9.9,9.94,9.79,9.83,394548
2025-03-19,9.81,9.84,9.72,9.8,379535
2025-03-20,9.79,9.96,9.79,9.89,402865
2025-03-21,9.84,9.97,9.8,9.81,362937
2025-03-24,9.97,10.21,9.92,9.99,625532
2025-03-25,10.06,10.16,9.95,10.07,486814
2025-03-26,10.07,10.14,9.97,10.08,441924
2025-03-27,10.05,10.12,9.91,9.97,347431
2025-03-28,9.94,9.96,9.68,9.7,410551
2025-03-31,9.67,9.76,9.57,9.62,353914
2025-04-01,9.65,9.87,9.64,9.86,365386
2025-04-02,9.84,9.96,9.77,9.89,220550
2025-04-03,9.83,10.01,9.8,9.98,287936
2025-04-07,9.6,9.66,9.0,9.31,581086
2025-04-08,9.18,9.67,9.18,9.64,477098
2025-04-09,9.62,9.62,9.28,9.52,436249
2025-04-10,9.68,9.7,9.45,9.65,344542
2025-04-11,9.67,9.67,9.39,9.45,369382
2025-04-14,9.44,9.9,9.44,9.87,521095
2025-04-15,9.87,10.04,9.75,10.03,422481
2025-04-16,10.05,10.18,9.97,10.18,361437
2025-04-17,10.16,10.22,10.03,10.12,224804
2025-04-18,10.12,10.15,10.0,10.12,190420
2025-04-21,10.08,10.15,9.84,9.92,339887
2025-04-22,9.93,10.1,9.88,9.95,229733
2025-04-23,9.95,10.09,9.9,10.07,229937
2025-04-24,10.07,10.26,9.98,10.19,276702
2025-04-25,10.23,10.23,9.99,10.02,248214
2025-04-28,9.87,9.91,9.55,9.86,430695
2025-04-29,9.85,9.92,9.75,9.78,216906
2025-04-30,9.76,9.8,9.68,9.72,202770
2025-05-06,9.71,9.75,9.58,9.62,383164
2025-05-07,9.71,9.85,9.65,9.83,405312
2025-05-08,9.81,9.82,9.67,9.72,226140
2025-05-09,9.72,9.76,9.69,9.73,188414
2025-05-12,9.83,9.87,9.67,9.73,242119
2025-05-13,9.75,9.91,9.73,9.87,333515
2025-05-14,9.87,10.28,9.8,10.28,515414
2025-05-15,10.25,10.46,10.18,10.31,436482
2025-05-16,10.25,10.38,10.05,10.11,249904
2025-05-19,10.09,10.2,10.05,10.08,218387
2025-05-20,10.11,10.2,10.01,10.09,182492
2025-05-21,10.1,10.51,10.06,10.38,413910
2025-05-22,10.34,10.58,10.32,10.55,433470
2025-05-23,10.55,10.73,10.37,10.4,309736
2025-05-26,10.34,10.53,10.29,10.35,216991
2025-05-27,10.35,10.4,10.2,10.26,153660
2025-05-28,10.26,10.48,10.19,10.32,181079
2025-05-29,10.3,10.51,10.27,10.34,191069
2025-05-30,10.33,10.37,10.22,10.29,185312
2025-06-03,10.21,10.25,9.86,9.93,481369
2025-06-04,9.94,10.06,9.9,10.03,243917
2025-06-05,10.03,10.13,9.92,9.97,195797
2025-06-06,10.0,10.19,10.0,10.13,262744
2025-06-09,10.1,10.19,10.02,10.07,193548
2025-06-10,10.05,10.15,9.96,9.99,219724
2025-06-11,10.0,10.23,9.97,10.15,287644
2025-06-12,10.17,10.26,10.04,10.07,280410
2025-06-13,10.18,10.21,9.96,9.97,368814
2025-06-16,10.05,10.16,9.93,10.02,341452
2025-06-17,10.0,10.51,10.0,10.48,540073
2025-06-18,10.57,10.64,10.29,10.6,387105
2025-06-19,10.55,10.59,10.31,10.37,195449
2025-06-20,10.4,10.69,10.34,10.53,256775
2025-06-23,10.63,11.04,10.48,10.87,522033
2025-06-24,10.76,10.79,10.52,10.67,422769
2025-06-25,10.64,10.7,10.51,10.62,310352
2025-06-26,10.6,10.69,10.46,10.49,253494
2025-06-27,10.48,10.57,10.42,10.51,252125
2025-06-30,10.53,10.59,10.48,10.52,185949
2025-07-01,10.48,10.52,10.39,10.43,168517
2025-07-02,10.43,10.9,10.42,10.88,428998
2025-07-03,10.9,11.28,10.73,10.77,338541
2025-07-04,10.77,11.15,10.77,10.88,315882
2025-07-07,10.85,10.92,10.58,10.76,281292
2025-07-08,10.76,10.88,10.7,10.88,217084
2025-07-09,10.88,10.91,10.77,10.82,198925
2025-07-10,10.86,11.14,10.82,11.09,335671
2025-07-11,11.08,11.09,10.92,10.92,331441
2025-07-14,10.96,11.09,10.9,10.9,284549
2025-07-15,10.92,10.93,10.69,10.7,257849
2025-07-16,10.69,10.71,10.6,10.7,173362
2025-07-17,10.72,10.78,10.67,10.77,129351
2025-07-18,10.82,10.93,10.79,10.82,179843
2025-07-21,10.85,11.07,10.83,11.05,223192
2025-07-22,11.09,12.19,10.95,12.13,989373
2025-07-23,12.25,12.35,11.81,11.92,688331
2025-07-24,11.85,12.06,11.67,12.03,303169
2025-07-25,12.01,12.14,11.76,11.77,235113
2025-07-28,11.59,11.62,11.35,11.53,350846
2025-07-29,11.53,11.66,11.46,11.61,203857
2025-07-30,11.68,12.0,11.6,11.81,335513
2025-07-31,11.7,11.71,11.33,11.38,310453
2025-08-01,11.37,11.47,11.21,11.27,231010
2025-08-04,11.23,11.7,11.14,11.67,331815
2025-08-05,11.6,11.78,11.54,11.72,194974
2025-08-06,11.72,12.04,11.7,12.03,290864
2025-08-07,12.0,12.11,11.84,12.01,193973
2025-08-08,11.99,12.08,11.86,11.92,159418
2025-08-11,11.92,12.0,11.76,11.83,209212
2025-08-12,11.9,12.24,11.87,12.06,291672
2025-08-13,12.08,12.13,11.93,12.0,182926
2025-08-14,11.88,11.98,11.68,11.72,273304
2025-08-15,11.7,11.89,11.61,11.76,180508
2025-08-18,11.9,11.93,11.5,11.53,368336
2025-08-19,11.53,11.61,11.47,11.57,220832
2025-08-20,11.46,11.68,11.46,11.58,246634
2025-08-21,11.57,11.83,11.52,11.73,234719
2025-08-22,11.68,11.7,11.47,11.62,269902
2025-08-25,11.66,11.87,11.61,11.83,375908
2025-08-26,11.82,11.82,11.58,11.63,317883
2025-08-27,11.63,11.67,11.31,11.31,341294
2025-08-28,11.33,11.33,10.92,11.16,524107
2025-08-29,11.13,11.34,11.09,11.17,310015
2025-09-01,11.12,11.33,11.08,11.19,259843
2025-09-02,11.18,11.25,11.04,11.13,288473
2025-09-03,11.16,11.2,10.91,11.02,237300
2025-09-04,10.96,10.98,10.65,10.89,316430
2025-09-05,10.88,10.98,10.84,10.98,221638
2025-09-08,10.93,11.1,10.86,11.05,221994
2025-09-09,11.07,11.07,10.95,11.04,156390
2025-09-10,11.04,11.04,10.94,10.95,149465
2025-09-11,10.96,11.03,10.81,10.93,257032
2025-09-12,10.94,11.04,10.84,10.95,288635
2025-09-15,10.96,11.15,10.85,11.13,337184
2025-09-16,11.22,11.27,11.05,11.06,279325
2025-09-17,10.99,11.59,10.98,11.45,557930
2025-09-18,11.41,11.42,11.04,11.12,328136
2025-09-19,11.15,11.65,11.12,11.58,543223
2025-09-22,11.58,11.71,11.37,11.39,256969
2025-09-23,11.37,11.78,11.25,11.67,550561
2025-09-24,11.59,11.74,11.49,11.6,320455
2025-09-25,11.55,11.63,11.4,11.51,231255
2025-09-26,11.49,11.55,11.26,11.31,243728
2025-09-29,11.23,11.26,11.03,11.22,210533
2025-09-30,11.2,11.27,11.03,11.19,192782
2025-10-09,11.19,11.54,11.11,11.53,326589
2025-10-10,11.48,11.91,11.4,11.73,459773
2025-10-13,11.53,11.87,11.46,11.75,343623
2025-10-14,11.81,12.22,11.68,12.08,513611
2025-10-15,12.09,12.29,11.93,12.21,418784
2025-10-16,12.33,13.2,12.27,13.12,870723
2025-10-17,13.08,13.42,12.94,13.12,702968
2025-10-20,13.16,13.52,12.92,13.52,735561
2025-10-21,13.11,13.21,12.73,13.11,769209
2025-10-22,13.0,13.24,12.9,13.14,389594
2025-10-23,13.02,13.48,13.0,13.3,479217
2025-10-24,13.14,13.35,13.04,13.27,407761
2025-10-27,13.1,14.09,12.82,13.75,707598
2025-10-28,13.67,13.83,13.4,13.5,377066
2025-10-29,13.41,14.08,13.32,13.82,419497
2025-10-30,13.79,14.19,13.71,13.8,397336
2025-10-31,13.78,13.87,13.4,13.58,313836
2025-11-03,13.64,14.4,13.64,14.32,667375
2025-11-04,14.32,14.56,14.21,14.35,380587
2025-11-05,14.32,15.03,14.18,14.82,536367
2025-11-06,14.82,15.2,14.56,14.85,432972
2025-11-07,14.82,15.11,14.57,14.74,313602
2025-11-10,14.81,15.35,14.62,15.14,402486
2025-11-11,15.15,15.21,14.3,15.0,580996
2025-11-12,14.68,14.89,14.43,14.5,388807
2025-11-13,14.42,14.8,14.25,14.69,439775
2025-11-14,14.75,14.82,14.23,14.27,249651
2025-11-17,14.23,14.9,14.05,14.64,399202
2025-11-18,14.5,14.73,14.32,14.34,279475
2025-11-19,14.27,14.9,14.26,14.84,326037
2025-11-20,14.65,14.8,14.15,14.17,401942
2025-11-21,14.05,14.3,13.85,13.9,292189
2025-11-24,13.96,14.06,13.68,13.75,255133
2025-11-25,13.79,13.89,13.6,13.77,203759
2025-11-26,13.73,13.82,13.5,13.7,287687
2025-11-27,13.7,13.82,13.51,13.68,347285
2025-11-28,13.68,13.68,13.44,13.52,159521
2025-12-01,13.58,13.73,13.53,13.65,178792
2025-12-02,13.68,13.86,13.5,13.56,160577
2025-12-03,13.64,14.03,13.47,13.78,237074
2025-12-04,13.66,14.05,13.66,13.92,250186
2025-12-05,13.87,13.92,13.57,13.68,186188
2025-12-08,13.54,13.59,13.1,13.43,363875
2025-12-09,13.37,13.42,13.18,13.3,212520
2025-12-10,13.28,13.36,13.21,13.29,137848
2025-12-11,13.3,13.47,13.06,13.09,165793
2025-12-12,13.15,13.18,12.83,12.91,198801
2025-12-15,12.82,13.17,12.82,13.05,184527
2025-12-16,12.98,13.01,12.8,12.88,155182
2025-12-17,12.9,13.02,12.82,12.91,151693
2025-12-18,12.97,13.28,12.93,13.21,232232
2025-12-19,13.13,13.15,12.93,13.09,186211
2025-12-22,13.13,13.13,12.81,13.0,261190
2025-12-23,13.03,13.17,12.87,12.93,194841
2025-12-24,12.92,12.92,12.61,12.88,213952
2025-12-25,12.87,12.88,12.66,12.7,160473
2025-12-26,12.61,12.73,12.51,12.55,256183
2025-12-29,12.59,12.78,12.56,12.62,216791
2025-12-30,12.58,12.68,12.5,12.6,131770
2025-12-31,12.51,12.62,12.34,12.44,172051
