date,open,high,low,close,volume
2015-01-05,9.15,9.17,8.59,8.78,91675
2015-01-06,8.62,9.22,8.54,9.06,73974
2015-01-07,9.0,9.15,8.79,8.88,45086
2015-01-08,8.89,9.58,8.82,9.08,77441
2015-01-09,8.91,10.12,8.88,10.12,95656
2015-01-12,10.38,11.24,10.25,10.83,187220
2015-01-13,10.76,11.56,10.5,10.84,139579
2015-01-14,10.73,10.8,10.25,10.27,85593
2015-01-15,10.16,10.68,10.04,10.24,73607
2015-01-16,10.17,11.14,10.09,10.95,101699
2015-01-19,10.63,12.16,10.55,11.1,134619
2015-01-20,11.27,12.03,11.09,11.87,104122
2015-01-21,11.8,11.83,11.5,11.72,73817
2015-01-22,11.9,13.03,11.78,13.03,99684
2015-01-23,13.44,13.49,12.33,12.34,99698
2015-01-26,12.54,13.43,12.39,12.59,94749
2015-01-27,12.42,12.54,11.95,12.49,77641
2015-01-28,12.33,13.11,12.31,12.42,67880
2015-01-29,12.08,12.41,11.57,11.74,81117
2015-01-30,11.81,12.07,11.24,11.27,69717
2015-02-02,11.14,11.67,10.96,11.44,45717
2015-02-03,11.37,12.25,11.35,11.83,83666
2015-02-04,11.76,12.19,11.67,11.82,54340
2015-02-05,11.9,12.16,11.48,11.63,65657
2015-02-06,11.65,12.01,11.06,11.18,51505
2015-02-09,11.07,11.19,10.46,10.58,46893
2015-02-10,10.55,10.8,10.28,10.78,35722
2015-02-11,10.73,11.78,10.64,11.58,59253
2015-02-12,11.41,12.03,11.4,11.59,53940
2015-02-13,11.71,11.91,11.49,11.81,42573
2015-02-16,11.82,12.38,11.82,12.23,52108
2015-02-17,12.24,12.67,11.86,12.4,65009
2015-02-25,12.34,13.78,12.3,13.43,123116
2015-02-26,13.41,13.77,12.67,13.13,76562
2015-02-27,13.15,13.73,13.07,13.68,65202
2015-03-02,13.76,14.51,13.49,14.29,75279
2015-03-03,14.15,14.58,13.33,13.41,81029
2015-03-04,13.45,13.7,13.23,13.41,44435
2015-03-05,13.62,14.43,13.31,13.93,63724
2015-03-06,13.95,14.13,13.1,13.14,54059
2015-03-09,12.88,13.26,12.67,13.17,34254
2015-03-10,13.18,13.46,13.08,13.12,30526
2015-03-11,13.0,13.27,12.75,12.91,37569
2015-03-12,12.95,13.41,12.81,13.27,35260
2015-03-13,13.23,14.33,13.23,14.06,58723
2015-03-16,14.46,15.27,14.03,14.97,79998
2015-03-17,14.97,15.02,14.59,14.73,54785
2015-03-18,14.71,15.35,14.61,15.09,53126
2015-03-19,15.1,15.32,14.46,14.69,62652
2015-03-20,14.61,15.88,14.51,15.09,65337
2015-03-23,15.1,15.65,14.91,15.51,52724
2015-03-24,15.81,16.9,15.5,16.88,112078
2015-03-25,16.86,18.7,16.69,18.7,107453
2015-03-27,16.75,17.7,16.7,16.72,115956
2015-03-30,16.77,17.13,16.19,16.5,69599
2015-03-31,16.49,17.03,16.25,16.49,43379
2015-04-01,16.47,18.28,16.41,18.28,83113
2015-04-02,18.28,18.67,17.67,18.59,59774
2015-04-03,18.3,20.25,18.12,19.69,59803
2015-04-07,19.65,20.95,19.56,20.22,59050
2015-04-08,20.35,20.83,18.75,19.55,58283
2015-04-09,19.31,21.64,19.3,21.64,89411
2015-04-10,22.11,23.94,21.69,23.93,62913
2015-04-27,26.46,26.46,26.46,26.46,1064
2015-04-28,29.0,29.0,25.43,27.95,114321
2015-04-29,26.96,30.89,26.96,30.89,57294
2015-04-30,32.31,34.11,32.31,33.11,38832
2015-05-04,34.28,34.33,29.76,32.48,52630
2015-05-05,32.03,32.31,29.17,29.66,45834
2015-05-06,30.02,32.36,30.02,30.67,44265
2015-05-07,30.02,31.19,29.28,29.84,32277
2015-05-08,30.76,32.31,30.15,31.76,43182
2015-05-11,32.06,34.33,31.04,33.34,47834
2015-05-12,33.33,34.94,32.57,32.85,50342
2015-05-13,32.55,36.27,31.66,35.53,66129
2015-05-14,35.67,37.19,34.36,34.82,41674
2015-05-15,34.04,35.0,33.13,33.91,30250
2015-05-18,33.59,35.24,33.16,34.01,36440
2015-05-19,35.63,37.54,35.28,37.54,35061
2015-05-20,39.43,41.43,37.67,37.9,66935
2015-05-21,38.05,39.41,36.65,38.04,47389
2015-05-22,38.85,38.94,34.36,36.45,61881
2015-05-25,34.87,36.4,34.32,35.59,44606
2015-05-26,35.63,38.18,35.59,36.78,38733
2015-05-27,36.96,40.57,36.27,40.23,57545
2015-05-28,40.58,42.01,36.07,36.07,61377
2015-05-29,34.93,37.62,33.84,35.9,48268
2015-06-01,35.27,36.78,35.08,36.11,32451
2015-06-02,35.63,36.52,32.82,34.08,65529
2015-06-03,35.07,36.35,33.72,36.05,51584
2015-06-04,35.66,35.68,32.31,33.24,49328
2015-06-05,34.1,34.61,31.14,32.05,56968
2015-06-08,31.42,31.42,29.23,29.87,59095
2015-06-09,30.38,30.96,29.03,30.75,33483
2015-06-10,30.72,32.95,29.96,32.46,38997
2015-06-11,32.37,33.03,30.93,31.02,49819
2015-06-12,31.02,31.31,29.22,29.56,57388
2015-06-15,29.59,29.75,26.63,26.94,62200
2015-06-16,26.29,28.13,25.7,27.42,45635
2015-06-17,27.45,28.38,26.24,28.3,40245
2015-06-18,28.88,29.99,27.49,27.82,52891
2015-06-19,27.28,27.35,24.9,24.9,33376
2015-06-23,24.17,25.7,22.3,25.49,51425
2015-06-24,25.95,26.1,24.05,25.06,41977
2015-06-25,25.8,27.21,24.68,25.1,46557
2015-06-26,23.98,25.0,22.45,22.45,46747
2015-06-29,23.15,23.36,20.07,20.07,49554
2015-06-30,19.27,21.4,17.93,20.75,61445
2015-07-01,20.35,21.23,18.54,18.54,47058
2015-07-02,18.42,18.43,16.55,16.55,53161
2015-07-03,15.12,17.03,14.77,14.77,59173
2015-07-06,16.38,16.38,13.16,13.45,83646
2015-07-07,13.43,14.42,11.97,11.97,88860
2015-07-10,13.3,13.3,13.3,13.3,4761
2015-07-13,14.77,14.77,14.77,14.77,708
2015-07-14,16.38,16.38,16.38,16.38,969
2015-07-15,18.15,18.15,16.22,16.9,152405
2015-07-16,16.9,18.73,16.23,18.73,101148
2015-07-17,19.32,20.74,18.81,20.73,91159
2015-07-20,20.09,22.33,20.04,21.3,89613
2015-07-21,20.86,21.33,20.41,20.99,49224
2015-07-22,20.62,23.22,20.61,22.97,86362
2015-07-23,23.07,23.66,22.39,23.27,60583
2015-07-24,23.38,23.87,21.99,22.16,64814
2015-07-27,21.31,22.02,19.81,19.81,74976
2015-07-28,18.3,19.81,17.69,17.8,74581
2015-07-29,18.56,19.55,17.61,19.36,67791
2015-07-30,19.5,20.67,18.69,19.15,65308
2015-07-31,18.3,19.02,17.28,17.61,55438
2015-08-03,17.13,17.41,15.72,15.73,46856
2015-08-04,16.01,17.44,16.01,17.44,51623
2015-08-05,17.84,18.53,17.31,17.72,63587
2015-08-06,16.95,18.18,16.77,17.69,42343
2015-08-07,18.15,19.22,17.87,18.73,65143
2015-08-10,19.07,20.74,18.81,20.67,61030
2015-08-11,20.55,20.86,19.89,20.19,58910
2015-08-12,19.98,20.42,19.58,19.64,43340
2015-08-13,19.58,20.17,18.75,20.0,50862
2015-08-14,20.16,20.96,19.68,20.47,69031
2015-08-17,19.99,20.32,19.62,19.86,36475
2015-08-18,19.83,20.32,17.74,17.74,63592
2015-08-19,17.28,18.56,16.28,18.38,50242
2015-08-20,18.3,19.22,17.56,17.88,44807
2015-08-21,17.28,17.64,16.26,16.28,40987
2015-08-24,15.12,15.5,14.52,14.52,41019
2015-08-25,13.02,13.48,12.93,12.93,42378
2015-08-26,12.84,13.97,11.54,12.68,92835
2015-08-27,13.13,13.84,12.03,12.96,83507
2015-08-28,13.2,14.27,12.9,14.24,69071
2015-08-31,13.84,13.96,12.7,12.71,51735
2015-09-01,12.44,12.44,11.3,11.3,51920
2015-09-02,10.4,11.92,10.34,10.36,44560
2015-09-07,11.0,11.53,10.81,11.53,63954
2015-09-08,11.27,12.59,11.09,12.38,51300
2015-09-09,12.38,13.48,12.18,13.25,62429
2015-09-10,12.69,13.29,12.67,12.79,34332
2015-09-11,12.92,13.7,12.7,13.18,48103
2015-09-14,13.29,13.45,11.73,11.73,42800
2015-09-15,11.29,11.61,10.45,10.51,40546
2015-09-16,10.68,11.69,10.65,11.69,44405
2015-09-17,11.75,12.99,11.44,12.79,83662
2015-09-18,12.69,13.07,12.3,12.97,54666
2015-09-21,12.61,14.02,12.49,13.88,45453
2015-09-22,13.86,14.12,13.39,13.6,35753
2015-09-23,13.41,14.8,13.3,14.11,58096
2015-09-24,14.16,14.45,13.92,14.29,37755
2015-09-25,14.22,14.29,13.07,13.25,37875
2015-09-28,13.16,14.07,12.81,14.05,34209
2015-09-29,13.71,14.43,13.46,13.91,33869
2015-09-30,14.09,14.19,13.61,13.7,21385
2015-10-08,14.48,15.21,14.2,15.21,33080
2015-10-09,15.29,16.19,15.29,15.48,44190
2015-10-12,15.62,16.84,15.4,15.94,72280
2015-10-13,16.44,17.33,15.96,16.79,59926
2015-10-14,16.59,16.8,16.03,16.18,43546
2015-10-15,16.03,17.57,15.93,17.21,53182
2015-10-16,17.3,17.88,16.88,17.26,45357
2015-10-19,17.16,17.81,16.41,16.76,57701
2015-10-20,16.57,17.38,16.47,17.27,48723
2015-10-21,17.31,17.92,15.63,15.96,57369
2015-10-22,15.89,16.83,15.88,16.65,41236
2015-10-23,16.59,18.17,16.47,17.54,57586
2015-10-26,17.82,19.04,17.54,18.63,65652
2015-10-27,18.35,18.69,17.41,18.61,44199
2015-10-28,18.45,19.2,17.77,17.96,54491
2015-10-29,18.3,18.56,17.65,18.15,35969
2015-10-30,17.79,20.1,17.67,20.1,68808
2015-11-02,19.07,22.25,18.89,21.41,104922
2015-11-03,21.36,21.94,20.25,21.39,70016
2015-11-04,21.51,22.51,21.26,22.08,50015
2015-11-05,21.62,22.04,21.16,21.18,51746
2015-11-06,20.34,22.64,20.34,22.13,106986
2015-11-09,22.39,24.43,21.89,24.12,93995
2015-11-10,24.12,24.67,23.09,23.93,62636
2015-11-11,23.99,26.24,23.69,25.7,72426
2015-11-12,25.65,27.3,25.19,26.76,68906
2015-11-13,26.21,26.72,24.09,24.1,70062
2015-11-16,23.41,25.09,23.41,24.81,51171
2015-11-17,25.06,25.54,23.23,23.31,48508
2015-11-18,23.57,23.79,21.88,22.14,47310
2015-11-19,22.38,23.3,22.16,23.27,50122
2015-11-20,23.23,25.08,23.22,24.68,58944
2015-11-23,24.17,24.65,23.11,23.28,38677
2015-11-24,23.29,24.03,22.9,23.98,34036
2015-11-25,23.92,24.86,23.81,24.61,43782
2015-11-26,24.47,24.47,23.49,23.68,34451
2015-11-27,23.17,23.41,21.18,21.55,56304
2015-11-30,21.54,21.97,20.01,21.89,51015
2015-12-01,21.41,21.85,20.93,21.15,37304
2015-12-02,21.16,21.37,19.34,20.26,38300
2015-12-03,20.25,21.36,20.24,20.86,38998
2015-12-04,20.89,21.62,20.75,20.9,37141
2015-12-07,21.11,22.0,20.69,21.81,41592
2015-12-08,21.62,22.12,21.09,21.17,40871
2015-12-09,21.11,21.95,20.53,21.47,39882
2015-12-10,21.31,21.87,20.34,20.91,42786
2015-12-11,20.63,21.31,20.63,20.96,24668
2015-12-14,20.85,21.47,20.66,21.43,29725
2015-12-15,21.47,22.23,21.47,21.83,29462
2015-12-16,22.08,22.35,21.74,21.77,26486
2015-12-17,22.08,22.4,21.83,22.38,41417
2015-12-18,22.51,23.63,22.51,22.64,59019
2015-12-21,22.9,24.94,22.69,23.9,92075
2015-12-22,23.69,24.81,23.36,23.75,73098
2015-12-23,23.79,23.79,22.39,22.56,52679
2015-12-24,22.56,22.72,21.97,22.67,33596
2015-12-25,22.72,22.77,21.95,22.22,22739
2015-12-28,22.31,22.51,21.08,21.19,49510
2015-12-29,20.99,21.31,20.9,21.21,29995
2015-12-30,21.19,21.74,21.04,21.43,36064
2015-12-31,21.44,22.31,21.11,21.92,48431
2016-01-04,21.92,21.92,19.59,19.59,41965
2016-01-05,17.75,19.29,17.5,17.81,105885
2016-01-06,17.95,18.14,16.57,17.69,78240
2016-01-07,17.16,17.23,15.78,15.78,13229
2016-01-08,16.11,16.44,14.48,15.64,65106
2016-01-11,15.12,15.23,13.94,14.03,79686
2016-01-12,14.21,14.47,13.62,14.31,50211
2016-01-13,14.44,14.72,13.17,13.2,42610
2016-01-14,12.69,14.21,12.49,14.04,54144
2016-01-15,13.89,14.37,13.46,13.64,42801
2016-01-18,13.29,14.36,13.25,14.27,44090
2016-01-19,14.11,15.83,13.84,15.83,74388
2016-01-20,15.67,16.91,15.54,15.82,76954
2016-01-21,15.53,16.14,14.79,14.84,59078
2016-01-22,15.01,15.34,14.48,15.24,41598
2016-01-25,15.32,15.93,15.12,15.62,39867
2016-01-26,15.37,15.47,13.97,14.06,48844
2016-01-27,14.22,14.76,13.16,14.69,59450
2016-01-28,14.44,14.61,13.58,13.63,40048
2016-01-29,13.49,14.99,13.49,14.61,46302
2016-02-01,14.53,14.99,14.33,14.71,41881
2016-02-02,14.71,15.75,14.71,15.38,41530
2016-02-03,15.12,15.43,14.94,15.31,33206
2016-02-04,15.52,16.14,15.52,15.62,40672
2016-02-05,15.65,15.88,15.42,15.5,18915
2016-02-15,14.88,15.38,14.73,15.22,25912
2016-02-16,15.32,16.31,15.29,16.16,41036
2016-02-17,16.08,16.31,15.7,16.27,43307
2016-02-18,16.49,16.64,15.96,16.02,35275
2016-02-19,16.02,16.24,15.78,16.14,31067
2016-02-22,16.42,16.59,15.93,16.08,48077
2016-02-23,16.06,16.13,15.28,15.58,43829
2016-02-24,15.58,15.86,14.9,15.29,56466
2016-02-25,15.29,15.29,13.63,13.63,69338
2016-02-26,13.82,13.82,12.97,13.51,47584
2016-02-29,13.47,13.88,12.02,12.03,62906
2016-03-01,11.97,12.69,11.72,12.42,48591
2016-03-02,12.26,13.09,12.1,12.99,54711
2016-03-03,12.95,13.66,12.83,13.0,51157
2016-03-04,12.95,13.07,11.8,12.16,47545
2016-03-07,12.41,12.98,12.31,12.58,34303
2016-03-08,12.44,12.88,11.8,12.85,44007
2016-03-09,12.69,13.28,12.44,12.93,44267
2016-03-10,13.2,13.52,12.55,12.63,42467
2016-03-11,12.4,12.9,12.4,12.66,30107
2016-03-14,12.97,13.57,12.82,13.34,53655
2016-03-15,13.25,13.55,13.12,13.14,38575
2016-03-16,13.3,13.4,12.69,12.87,32142
2016-03-17,12.96,13.75,12.81,13.73,68917
2016-03-18,13.97,15.01,13.89,14.73,81870
2016-03-21,14.99,15.9,14.99,15.88,82742
2016-03-22,15.7,16.49,15.5,16.14,84074
2016-03-23,15.69,16.24,15.56,16.03,72070
2016-03-24,15.91,16.69,15.78,16.06,78365
2016-03-25,15.9,16.65,15.9,16.53,66892
2016-03-28,16.72,16.97,15.75,15.8,61154
2016-03-29,15.7,15.87,14.94,15.1,52713
2016-03-30,15.43,16.13,15.29,16.13,54900
2016-03-31,16.36,16.69,16.14,16.3,55998
2016-04-01,16.19,16.19,15.72,16.14,40519
2016-04-05,16.3,16.74,16.11,16.65,46734
2016-04-06,16.52,16.8,16.42,16.54,43463
2016-04-07,16.77,17.23,16.61,16.62,65005
2016-04-08,16.44,16.48,15.76,16.05,53736
2016-04-11,16.26,16.86,16.26,16.51,45901
2016-04-12,16.49,16.77,15.93,16.14,46623
2016-04-13,16.27,17.03,16.27,16.51,65238
2016-04-14,16.84,17.11,16.52,16.89,42024
2016-04-15,16.95,17.2,16.7,16.8,40924
2016-04-18,16.65,16.74,16.22,16.38,36446
2016-04-19,16.82,16.99,16.44,16.53,39419
2016-04-20,16.72,17.21,15.67,16.2,76655
2016-04-21,16.2,16.69,16.03,16.31,48484
2016-04-22,16.26,16.36,15.77,16.08,43941
2016-04-25,16.68,17.82,16.35,17.13,120892
2016-04-26,16.56,16.73,15.94,16.24,143736
2016-04-27,16.44,16.55,15.91,16.4,102060
2016-04-28,16.71,16.95,16.27,16.82,142464
2016-04-29,16.56,16.81,16.42,16.56,85741
2016-05-03,16.61,17.55,16.35,17.3,162106
2016-05-04,17.17,19.07,17.04,18.57,213455
2016-05-05,18.55,18.88,18.34,18.66,134962
2016-05-06,18.9,19.45,17.57,17.71,204645
2016-05-09,17.51,17.52,16.32,16.53,129940
2016-05-10,16.61,16.92,16.44,16.73,86939
2016-05-11,16.9,16.96,15.97,16.01,93940
2016-05-12,15.65,16.14,15.36,16.11,75669
2016-05-13,16.04,16.4,15.45,15.59,75337
2016-05-16,15.58,16.04,15.44,16.03,63207
2016-05-17,16.09,16.3,15.69,15.95,74601
2016-05-18,15.79,15.79,14.77,15.19,79312
2016-05-19,15.19,15.79,15.19,15.35,67934
2016-05-20,15.23,15.68,15.09,15.65,58112
2016-05-23,15.71,16.37,15.69,16.22,86760
2016-05-24,16.46,16.55,15.86,16.02,66230
2016-05-25,16.15,16.46,15.88,16.03,63714
2016-05-26,15.95,16.1,15.46,16.07,72664
2016-05-27,16.15,16.53,16.15,16.26,84500
2016-05-30,15.94,16.42,15.84,16.1,60619
2016-05-31,16.27,17.66,16.2,17.59,153376
2016-06-01,17.63,17.97,17.32,17.46,136823
2016-06-02,17.32,17.83,17.32,17.74,102429
2016-06-03,17.86,18.03,17.54,17.65,102679
2016-06-06,17.79,18.34,17.59,17.78,91228
2016-06-07,17.81,17.86,17.3,17.54,73226
2016-06-08,17.57,17.67,17.22,17.52,63737
2016-06-13,17.09,17.37,15.95,15.98,103035
2016-06-14,15.97,16.3,15.74,15.96,67136
2016-06-15,15.8,16.81,15.69,16.5,82559
2016-06-16,16.47,16.61,15.98,16.08,88464
2016-06-17,16.11,16.65,16.1,16.39,65234
2016-06-20,16.43,17.97,16.0,17.82,132310
2016-06-21,18.59,18.88,17.06,17.26,190268
2016-06-22,17.06,18.17,16.99,18.06,129453
2016-06-23,17.84,18.69,17.75,18.49,183564
2016-06-24,18.59,19.34,18.08,19.03,287866
2016-06-27,18.74,19.5,18.47,19.32,205282
2016-06-28,19.08,19.18,18.67,18.92,144074
2016-06-29,19.03,19.31,18.7,18.77,112380
2016-06-30,18.84,19.35,18.73,19.01,101499
2016-07-01,18.83,19.04,18.31,18.33,106481
2016-07-04,18.44,19.01,18.39,18.84,82136
2016-07-05,19.01,19.68,19.01,19.07,132535
2016-07-06,19.28,19.87,19.18,19.34,137306
2016-07-07,19.08,19.18,18.53,18.99,134901
2016-07-08,19.0,19.27,18.79,18.94,89165
2016-07-11,18.95,19.35,18.6,18.65,95235
2016-07-12,18.59,19.17,18.52,19.03,113977
2016-07-13,19.04,19.15,18.59,18.93,105164
2016-07-14,18.82,18.9,18.59,18.79,69873
2016-07-15,18.85,18.9,18.31,18.33,109978
2016-07-18,18.33,18.34,17.7,17.79,103496
2016-07-19,17.82,18.24,17.63,18.2,89854
2016-07-20,18.08,18.3,17.93,18.09,70165
2016-07-21,18.08,18.42,18.01,18.28,78448
2016-07-22,18.29,18.56,18.12,18.48,96009
2016-07-25,18.53,18.53,18.06,18.14,75438
2016-07-26,18.14,18.31,18.04,18.21,53787
2016-07-27,18.37,18.95,17.41,17.96,194323
2016-07-28,17.79,17.91,17.12,17.43,113725
2016-07-29,17.45,17.64,17.01,17.06,61475
2016-08-01,16.83,17.0,16.36,16.58,70406
2016-08-02,16.67,16.89,16.55,16.86,45632
2016-08-03,16.69,16.94,16.66,16.75,45282
2016-08-04,16.76,16.91,16.55,16.81,46221
2016-08-05,16.81,17.05,16.76,16.78,45543
2016-08-08,16.66,16.91,16.3,16.87,50534
2016-08-09,16.85,17.13,16.85,17.11,42953
2016-08-10,17.11,17.2,16.85,16.91,37731
2016-08-11,16.9,16.94,16.59,16.64,32136
2016-08-12,16.56,16.94,16.56,16.88,31924
2016-08-15,16.93,17.57,16.66,17.46,88895
2016-08-16,17.57,17.82,17.43,17.57,78633
2016-08-17,17.48,17.75,17.43,17.53,52249
2016-08-18,17.47,17.57,17.07,17.19,64731
2016-08-19,17.21,17.32,17.14,17.22,36187
2016-08-22,17.26,17.48,17.11,17.21,50264
2016-08-23,17.22,17.22,16.57,16.72,78359
2016-08-24,16.66,16.89,16.66,16.78,32882
2016-08-25,16.8,17.05,16.67,16.88,40584
2016-08-26,16.96,17.06,16.8,16.85,40324
2016-08-29,16.82,16.83,16.59,16.67,34616
2016-08-30,16.73,16.79,16.64,16.68,26853
2016-08-31,16.66,16.77,16.56,16.75,26305
2016-09-01,16.8,16.8,16.58,16.59,32015
2016-09-02,16.5,16.66,16.33,16.4,40535
2016-09-05,16.45,16.54,16.25,16.31,38168
2016-09-06,16.32,16.58,16.0,16.57,59378
2016-09-07,16.55,16.58,16.27,16.36,45782
2016-09-08,16.3,16.47,16.27,16.36,34653
2016-09-09,16.41,16.41,16.01,16.02,49437
2016-09-12,15.7,15.78,15.18,15.23,69975
2016-09-13,15.28,15.43,15.25,15.32,27548
2016-09-14,15.28,15.44,15.15,15.36,28757
2016-09-19,15.53,16.03,15.43,15.79,45492
2016-09-20,15.79,15.98,15.7,15.72,26241
2016-09-21,15.7,15.72,15.45,15.51,38039
2016-09-22,15.58,15.69,15.33,15.37,57841
2016-09-23,15.37,15.56,15.34,15.43,30724
2016-09-26,15.33,15.34,14.98,15.01,46573
2016-09-27,14.92,15.15,14.76,15.07,42346
2016-09-28,15.12,15.13,14.93,14.95,20465
2016-09-29,14.95,15.08,14.91,15.0,20629
2016-09-30,15.02,15.13,14.95,15.12,22829
2016-10-10,15.32,15.96,15.3,15.79,83918
2016-10-11,15.8,16.02,15.79,15.84,48977
2016-10-12,15.79,15.98,15.68,15.89,39294
2016-10-13,15.88,15.92,15.74,15.81,27428
2016-10-14,15.81,15.81,15.52,15.63,29198
2016-10-17,15.66,15.72,15.44,15.47,29357
2016-10-18,15.49,15.72,15.44,15.69,34574
2016-10-19,15.78,15.8,15.57,15.64,23601
2016-10-20,15.64,15.69,15.53,15.63,24285
2016-10-21,15.8,15.83,15.47,15.65,30232
2016-10-24,15.62,15.83,15.58,15.7,40341
2016-10-25,15.76,15.84,15.68,15.83,41674
2016-10-26,15.77,15.82,15.62,15.74,36482
2016-10-27,15.72,15.72,15.53,15.59,28861
2016-10-28,15.57,15.69,15.51,15.52,29404
2016-10-31,15.44,15.47,15.13,15.22,31726
2016-11-01,15.15,15.33,15.15,15.32,27894
2016-11-02,15.26,15.26,15.05,15.11,34821
2016-11-03,15.08,15.26,14.99,15.16,46618
2016-11-04,15.14,15.32,15.11,15.32,38516
2016-11-07,15.28,15.42,15.1,15.16,26837
2016-11-08,15.39,15.49,15.28,15.3,33061
2016-11-09,15.3,15.38,14.9,14.97,47737
2016-11-10,15.12,15.18,15.06,15.11,40655
2016-11-11,15.07,15.07,14.79,14.93,74171
2016-11-14,14.82,15.11,14.82,15.08,65504
2016-11-15,15.12,15.15,14.93,15.15,51958
2016-11-16,15.27,15.71,15.2,15.45,93205
2016-11-17,15.47,15.47,14.71,14.76,188208
2016-11-18,14.76,14.9,14.73,14.84,65094
2016-11-21,14.87,14.96,14.79,14.81,44678
2016-11-22,14.81,14.92,14.71,14.91,61543
2016-11-23,14.92,15.01,14.78,14.89,67500
2016-11-24,14.89,14.9,14.72,14.73,44634
2016-11-25,14.66,14.69,14.29,14.65,63879
2016-11-28,14.67,14.7,14.47,14.57,42031
2016-11-29,14.51,14.51,14.33,14.36,51999
2016-11-30,14.45,14.64,14.39,14.49,51814
2016-12-01,14.56,14.57,14.42,14.49,36191
2016-12-02,14.49,14.51,14.05,14.06,50789
2016-12-05,14.0,14.04,13.87,13.97,34395
2016-12-06,13.98,14.08,13.94,14.04,25152
2016-12-07,14.01,14.02,13.88,14.01,36246
2016-12-08,14.11,14.16,14.0,14.05,39902
2016-12-09,14.0,14.0,13.88,13.9,27093
2016-12-12,13.9,13.93,12.99,13.03,66667
2016-12-13,12.98,13.03,12.64,12.94,43823
2016-12-14,12.97,12.97,12.73,12.76,25435
2016-12-15,12.78,13.02,12.76,12.91,27950
2016-12-16,12.84,13.13,12.76,13.03,35116
2016-12-19,12.99,13.02,12.68,12.73,42315
2016-12-20,12.74,12.81,12.52,12.68,29004
2016-12-21,12.68,12.87,12.68,12.79,28012
2016-12-22,12.79,12.95,12.75,12.94,27890
2016-12-23,12.95,13.13,12.85,12.92,40860
2016-12-26,12.82,12.82,12.52,12.76,36892
2016-12-27,12.68,12.86,12.68,12.74,21141
2016-12-28,12.74,12.91,12.65,12.77,25843
2016-12-29,12.78,13.01,12.72,12.88,29336
2016-12-30,12.89,12.97,12.75,12.89,25495
2017-01-03,12.91,13.04,12.91,12.97,26123
2017-01-04,12.97,12.97,12.52,12.8,76571
2017-01-05,12.81,12.93,12.69,12.71,41272
2017-01-06,12.71,12.74,12.41,12.42,53952
2017-01-09,12.41,12.41,12.12,12.32,53673
2017-01-10,12.2,12.24,11.87,11.92,162483
2017-01-11,11.91,11.92,11.37,11.39,132508
2017-01-12,11.35,11.49,11.35,11.44,58673
2017-01-13,11.45,11.49,11.07,11.08,62497
2017-01-16,10.99,11.02,10.09,10.5,98301
2017-01-17,10.43,10.87,10.28,10.79,68686
2017-01-18,10.72,10.86,10.64,10.74,36100
2017-01-19,10.68,10.98,10.58,10.81,52208
2017-01-20,10.76,11.2,10.75,11.08,67007
2017-01-23,11.05,11.33,11.02,11.25,47743
2017-01-24,11.27,11.81,11.27,11.42,90387
2017-01-25,11.35,11.44,11.2,11.32,29881
2017-01-26,11.36,11.53,11.33,11.42,25614
2017-02-03,11.4,11.59,11.37,11.46,29581
2017-02-06,11.43,11.56,11.31,11.49,31992
2017-02-07,11.48,11.54,11.34,11.4,28578
2017-02-08,11.4,11.46,11.17,11.42,33204
2017-02-09,11.48,11.7,11.41,11.63,54320
2017-02-10,11.66,11.66,11.41,11.43,45524
2017-02-13,11.42,11.58,11.34,11.41,40251
2017-02-14,11.37,11.5,11.34,11.36,29216
2017-02-15,11.4,11.41,11.09,11.1,43049
2017-02-16,11.04,11.16,10.9,11.14,52481
2017-02-17,11.07,11.15,10.89,10.95,33914
2017-02-20,10.97,11.8,10.95,11.43,107425
2017-02-21,11.41,11.61,11.36,11.54,66998
2017-02-22,11.51,11.84,11.51,11.8,84086
2017-02-23,11.8,11.95,11.65,11.69,60300
2017-02-24,11.69,11.86,11.67,11.72,44024
2017-02-27,11.76,12.03,11.53,11.59,63421
2017-02-28,11.6,11.74,11.51,11.63,34818
2017-03-01,11.62,11.72,11.55,11.66,33532
2017-03-02,11.74,11.81,11.45,11.51,48777
2017-03-03,11.51,11.79,11.46,11.78,65553
2017-03-06,11.89,12.3,11.88,12.25,114362
2017-03-07,12.27,12.62,12.22,12.58,135140
2017-03-08,12.58,12.58,12.27,12.36,80886
2017-03-09,12.36,12.7,12.11,12.68,106354
2017-03-10,12.69,13.08,12.47,12.48,136135
2017-03-13,12.29,12.82,12.28,12.7,98298
2017-03-14,12.8,13.07,12.7,13.0,143846
2017-03-15,12.88,12.95,12.7,12.77,83326
2017-03-16,12.8,13.07,12.78,12.93,73856
2017-03-17,12.91,13.21,12.88,12.94,108261
2017-03-20,12.92,13.02,12.55,12.71,87493
2017-03-21,12.63,12.7,12.5,12.54,57534
2017-03-22,12.42,12.67,12.38,12.49,54887
2017-03-23,12.49,13.04,12.47,12.84,126958
2017-03-24,12.86,12.91,12.6,12.79,50289
2017-03-27,12.93,13.05,12.77,12.83,51314
2017-03-28,12.79,13.03,12.69,12.93,64502
2017-03-29,12.94,12.98,12.62,12.63,55820
2017-03-30,12.58,12.62,11.96,12.06,81720
2017-03-31,12.06,12.27,12.01,12.12,39267
2017-04-05,12.05,13.46,12.05,13.46,230801
2017-04-06,14.1,14.1,13.16,13.2,270215
2017-04-07,13.37,14.24,13.14,14.05,279290
2017-04-10,13.85,14.75,13.65,14.42,318079
2017-04-11,14.25,15.69,14.14,14.63,338832
2017-04-12,14.25,14.3,13.54,13.62,231083
2017-04-13,13.47,13.99,13.47,13.7,110529
2017-04-14,13.79,14.12,13.53,14.09,157037
2017-04-17,13.9,14.25,13.59,13.78,114593
2017-04-18,13.69,13.99,13.22,13.28,113558
2017-04-19,13.09,13.22,12.48,12.72,132293
2017-04-20,12.72,12.86,12.53,12.79,73274
2017-04-21,12.82,12.92,12.53,12.55,57366
2017-04-24,12.39,12.43,11.45,11.79,85482
2017-04-25,11.76,12.11,11.51,11.76,83651
2017-04-26,11.9,12.15,11.79,12.04,68591
2017-04-27,11.99,12.5,11.55,12.46,102482
2017-04-28,12.17,12.47,12.17,12.36,57923
2017-05-02,12.35,12.49,12.17,12.43,52512
2017-05-03,12.43,13.8,12.18,13.31,214142
2017-05-04,12.98,13.34,12.86,13.07,132620
2017-05-05,12.92,12.98,12.05,12.09,127284
2017-05-08,12.09,12.09,11.66,11.76,73570
2017-05-09,11.66,12.15,11.61,12.04,58251
2017-05-10,12.05,12.14,11.4,11.44,71059
2017-05-11,11.29,11.29,10.59,11.1,99975
2017-05-12,11.13,11.31,11.04,11.11,51071
2017-05-15,11.43,11.9,11.34,11.71,104427
2017-05-16,11.59,12.02,11.5,11.99,92371
2017-05-17,12.03,12.75,11.99,12.49,145221
2017-05-18,12.28,12.91,12.21,12.38,134672
2017-05-19,12.54,13.2,12.32,13.12,209996
2017-05-22,12.92,13.08,12.18,12.25,171645
2017-05-23,12.09,12.21,11.43,11.48,124732
2017-05-24,11.37,11.95,11.11,11.94,93019
2017-05-25,11.9,12.49,11.81,12.43,131076
2017-05-26,12.37,13.8,12.27,13.8,253950
2017-05-31,14.55,14.78,13.43,13.57,517363
2017-06-01,13.66,14.2,13.18,13.67,333146
2017-06-02,13.25,13.98,12.8,13.84,295272
2017-06-05,13.84,14.32,13.41,13.46,271684
2017-06-06,13.18,13.32,12.82,13.05,197607
2017-06-07,13.07,13.76,13.07,13.63,238802
2017-06-08,13.62,14.13,13.37,13.63,265142
2017-06-09,13.64,13.68,13.13,13.44,162672
2017-06-12,13.33,13.42,13.04,13.06,111765
2017-06-13,13.09,13.52,13.09,13.39,141073
2017-06-14,13.31,13.48,13.15,13.27,109861
2017-06-15,13.22,13.63,13.17,13.44,134404
2017-06-16,13.38,13.52,13.02,13.06,117160
2017-06-19,13.05,13.26,12.84,13.0,122778
2017-06-20,13.06,13.33,12.98,13.05,117133
2017-06-21,13.0,13.1,12.55,12.61,153199
2017-06-22,12.61,12.96,12.41,12.49,138290
2017-06-23,12.47,12.58,12.03,12.31,110361
2017-06-26,12.37,12.75,12.32,12.62,110250
2017-06-27,12.54,12.67,12.31,12.55,101342
2017-06-28,12.55,13.11,12.13,13.07,190099
2017-06-29,12.92,13.66,12.89,13.27,234460
2017-06-30,13.14,13.44,13.04,13.09,122553
2017-07-03,13.05,13.34,13.03,13.3,104260
2017-07-04,13.28,13.3,12.81,12.83,140534
2017-07-05,12.75,12.81,12.54,12.8,106481
2017-07-06,12.74,13.01,12.67,12.82,99221
2017-07-07,12.81,12.9,12.56,12.66,83144
2017-07-10,12.68,12.69,12.4,12.45,76147
2017-07-11,12.44,12.71,12.39,12.47,67696
2017-07-12,12.41,12.56,12.04,12.33,94147
2017-07-13,12.33,12.46,12.18,12.25,61441
2017-07-14,12.16,12.23,12.02,12.08,68134
2017-07-17,11.95,11.95,10.99,11.01,135512
2017-07-18,10.98,11.35,10.92,11.27,71822
2017-07-19,11.27,11.46,11.05,11.39,60686
2017-07-20,11.39,11.57,11.22,11.29,64776
2017-07-21,11.64,11.98,11.63,11.67,137482
2017-07-24,11.54,11.72,11.4,11.71,78541
2017-07-25,11.75,11.78,11.44,11.53,51085
2017-07-26,11.53,11.64,11.31,11.42,47833
2017-07-27,11.4,11.84,11.27,11.79,94965
2017-07-28,11.79,11.87,11.52,11.56,66299
2017-07-31,11.49,11.69,11.41,11.45,65350
2017-08-01,11.44,11.59,11.35,11.5,54025
2017-08-02,11.52,11.58,11.28,11.3,62611
2017-08-03,11.24,11.53,11.24,11.37,49980
2017-08-04,11.33,11.47,11.25,11.27,48255
2017-08-07,11.2,11.46,11.2,11.36,39807
2017-08-08,11.35,11.59,11.35,11.54,61915
2017-08-09,11.53,11.9,11.5,11.8,103973
2017-08-10,11.74,11.82,11.25,11.3,120475
2017-08-11,11.28,11.39,11.11,11.19,63372
2017-08-14,11.2,11.78,11.2,11.72,116934
2017-08-15,11.74,11.77,11.56,11.66,66050
2017-08-16,11.69,12.07,11.63,11.96,140607
2017-08-17,11.88,12.72,11.8,12.32,234504
2017-08-18,12.17,12.76,12.11,12.5,176264
2017-08-21,12.73,13.88,12.52,13.88,262786
2017-08-22,14.69,14.8,13.72,13.73,640095
2017-08-23,13.83,13.97,13.13,13.17,351376
2017-08-24,13.25,13.38,12.95,13.05,223880
2017-08-25,12.97,13.36,12.92,13.2,188833
2017-08-28,13.02,13.69,12.94,13.27,259630
2017-08-29,13.13,13.13,12.82,12.95,181987
2017-08-30,12.88,13.47,12.88,13.3,193750
2017-08-31,13.22,13.64,13.22,13.39,158953
2017-09-01,13.65,13.94,13.44,13.81,265161
2017-09-04,14.25,15.32,14.25,14.51,472643
2017-09-05,14.91,16.08,14.91,15.85,733283
2017-09-06,15.48,15.66,14.92,15.51,560250
2017-09-07,15.32,16.54,15.18,15.62,581747
2017-09-08,15.58,15.87,14.7,15.05,369578
2017-09-11,14.99,15.31,14.86,15.2,229177
2017-09-12,15.21,16.01,14.94,15.76,433601
2017-09-13,15.6,15.95,15.46,15.64,265654
2017-09-14,15.55,16.58,15.48,16.15,447293
2017-09-15,16.07,16.74,15.75,16.2,398187
2017-09-18,16.19,16.76,16.03,16.74,375411
2017-09-19,16.78,16.89,15.78,15.85,361117
2017-09-20,15.64,16.27,15.27,15.94,294193
2017-09-21,15.94,16.57,15.8,15.86,270343
2017-09-22,15.89,16.37,15.83,16.04,220975
2017-09-25,16.03,16.16,15.24,15.29,217036
2017-09-26,15.18,15.46,14.76,15.13,171477
2017-09-27,15.23,15.97,15.13,15.84,241010
2017-09-28,16.44,17.55,16.29,17.55,640821
2017-09-29,17.11,17.74,16.99,17.56,401161
2017-10-09,18.47,18.89,17.66,17.72,398806
2017-10-10,17.61,18.37,17.49,18.18,261748
2017-10-11,18.38,19.11,17.36,17.4,377414
2017-10-12,17.12,17.99,17.05,17.77,271643
2017-10-13,17.92,19.36,17.92,19.05,495877
2017-10-16,19.18,20.0,18.73,19.13,424252
2017-10-17,19.09,19.66,18.94,19.17,252244
2017-10-18,19.05,19.39,17.95,17.97,335204
2017-10-19,18.15,18.55,17.91,18.04,215563
2017-10-20,17.74,18.49,17.62,18.45,171137
2017-10-23,18.74,19.5,18.74,19.18,227561
2017-10-24,19.12,19.12,18.1,18.38,238545
2017-10-25,18.38,18.83,18.23,18.65,172321
2017-10-26,18.43,19.26,18.25,19.14,231667
2017-10-27,19.07,19.25,18.82,18.99,140293
2017-10-30,19.09,19.26,18.38,18.76,208080
2017-10-31,18.41,18.84,17.7,18.65,252404
2017-11-01,18.62,20.64,18.38,20.44,508013
2017-11-02,20.21,20.79,20.02,20.28,313812
2017-11-03,20.12,21.78,20.12,20.84,374649
2017-11-06,21.19,21.77,20.6,21.33,291752
2017-11-07,21.7,23.59,21.66,23.59,508302
2017-11-08,23.62,25.2,23.58,23.63,529607
2017-11-09,23.59,24.39,23.48,24.34,331354
2017-11-10,24.35,25.03,23.83,24.39,322221
2017-11-13,24.23,26.96,24.01,26.95,422213
2017-11-14,26.8,27.4,25.55,26.04,399630
2017-11-15,25.02,25.29,23.33,23.75,520521
2017-11-16,23.89,24.95,23.89,24.26,384295
2017-11-17,23.99,25.51,23.01,23.65,373346
2017-11-20,23.99,25.63,23.67,25.58,374925
2017-11-21,25.63,26.49,24.83,26.0,366268
2017-11-22,25.63,27.51,25.16,26.14,410684
2017-11-23,25.88,25.93,23.84,24.16,328447
2017-11-24,23.9,24.83,21.62,22.0,329616
2017-11-27,21.96,22.26,20.42,20.76,328304
2017-11-28,20.78,22.18,20.73,21.98,321468
2017-11-29,21.77,21.83,20.06,20.94,322317
2017-11-30,20.7,21.61,20.32,20.94,226403
2017-12-01,20.86,22.2,20.86,21.76,286029
2017-12-04,22.15,22.39,21.08,22.02,260687
2017-12-05,21.49,21.85,19.91,20.54,338890
2017-12-06,20.46,21.28,20.04,21.15,291195
2017-12-07,20.93,21.03,20.14,20.25,218754
2017-12-08,20.24,21.02,20.18,20.58,271073
2017-12-11,21.21,21.37,20.69,21.07,249186
2017-12-12,21.24,21.74,20.92,21.32,277733
2017-12-13,21.19,21.63,20.86,21.56,187141
2017-12-14,21.52,21.69,21.03,21.37,190364
2017-12-15,21.6,22.49,21.6,21.75,359762
2017-12-18,21.44,21.52,19.45,19.45,416208
2017-12-19,19.16,19.64,18.47,19.08,323760
2017-12-20,18.84,19.2,18.53,18.88,186393
2017-12-21,18.91,19.8,18.69,19.58,247662
2017-12-22,19.59,20.07,19.4,19.87,176136
2017-12-25,19.66,19.72,18.86,19.12,183313
2017-12-26,19.02,19.39,18.49,19.23,171999
2017-12-27,19.09,19.48,18.74,18.78,156481
2017-12-28,18.7,19.18,18.49,18.69,158000
2017-12-29,18.71,19.48,18.71,19.27,199323
2018-01-02,19.57,19.81,19.05,19.58,160144
2018-01-03,19.65,20.49,19.41,20.48,267500
2018-01-04,20.43,20.69,20.24,20.46,213436
2018-01-05,20.68,21.63,20.43,20.47,262551
2018-01-08,20.17,20.26,19.5,19.84,189837
2018-01-09,19.86,20.09,19.55,20.05,127604
2018-01-10,19.96,20.01,18.53,19.0,238331
2018-01-11,18.84,19.7,18.57,19.63,212656
2018-01-12,19.54,19.55,18.85,18.9,145633
2018-01-15,18.69,18.79,17.0,17.42,261291
2018-01-16,17.36,17.82,17.07,17.45,207926
2018-01-17,17.45,17.78,16.79,17.46,239808
2018-01-18,17.16,17.6,17.11,17.26,120645
2018-01-19,17.32,17.73,17.16,17.23,132667
2018-01-22,17.22,17.9,16.88,17.71,200587
2018-01-23,17.61,18.01,17.56,17.94,155706
2018-01-24,17.92,19.81,17.67,19.7,337520
2018-01-25,19.53,20.17,19.4,19.56,288179
2018-01-26,19.5,20.06,19.36,19.81,186343
2018-01-29,19.88,20.41,18.6,18.89,257892
2018-01-30,18.74,19.39,18.64,19.12,144763
2018-01-31,18.89,19.4,18.03,18.15,190500
2018-02-01,18.28,18.78,17.72,18.03,206155
2018-02-02,18.22,19.23,17.64,18.84,215041
2018-02-05,18.51,18.83,17.82,17.89,198739
2018-02-06,16.85,17.28,15.99,16.12,281327
2018-02-07,16.69,16.82,15.97,16.5,190133
2018-02-08,16.49,17.19,16.34,17.04,159426
2018-02-09,16.27,17.23,16.27,16.75,191418
2018-02-12,17.01,17.83,16.88,17.63,157817
2018-02-13,17.92,18.28,17.46,17.52,160772
2018-02-14,17.69,18.13,17.57,17.97,119697
2018-02-22,18.12,19.09,17.79,18.84,201520
2018-02-23,18.64,18.94,18.38,18.71,149187
2018-02-26,18.81,20.36,18.81,19.98,331246
2018-02-27,20.12,20.99,19.88,19.94,367822
2018-02-28,19.72,20.97,19.69,20.73,290600
2018-03-01,20.47,22.34,20.32,21.93,417782
2018-03-02,21.71,22.97,21.46,22.11,373054
2018-03-05,22.52,24.12,22.11,23.97,379306
2018-03-06,24.24,24.24,22.97,23.46,368482
2018-03-07,23.32,23.89,22.87,23.17,260443
2018-03-08,23.17,23.67,22.65,22.97,236899
2018-03-09,23.0,24.7,22.9,24.0,364106
2018-03-12,24.25,24.88,23.74,24.24,296902
2018-03-13,24.0,26.23,23.97,25.22,379748
2018-03-14,25.01,25.56,23.48,23.63,355794
2018-03-15,23.72,23.98,22.9,23.95,320003
2018-03-16,23.81,24.14,22.97,23.19,241006
2018-03-19,23.48,25.02,23.48,24.09,385545
2018-03-20,23.62,24.7,23.52,24.28,269124
2018-03-21,24.29,24.75,23.43,23.47,315420
2018-03-22,23.69,24.4,23.18,23.63,326934
2018-03-23,22.64,23.33,21.41,22.4,370829
2018-03-26,22.7,24.61,22.48,24.53,373704
2018-03-27,24.82,26.52,24.42,26.24,505566
2018-03-28,25.72,26.57,25.57,26.29,334045
2018-03-29,26.36,26.78,25.12,25.78,312401
2018-03-30,26.04,27.0,25.97,26.65,339060
2018-04-02,26.83,27.24,25.93,25.97,367284
2018-04-03,25.26,25.51,24.45,25.29,324753
2018-04-04,25.33,25.67,24.61,25.14,238371
2018-04-09,25.11,25.52,23.88,25.12,251440
2018-04-10,25.13,25.19,23.94,24.53,223270
2018-04-11,24.88,25.15,24.1,24.34,208935
2018-04-12,24.44,24.61,23.49,23.65,213858
2018-04-13,23.92,24.47,23.45,24.24,221102
2018-04-16,23.96,26.19,23.9,26.17,424247
2018-04-17,26.45,27.59,24.71,25.63,422477
2018-04-18,25.78,28.32,25.12,28.32,604378
2018-04-19,27.97,28.83,27.53,27.72,426723
2018-04-20,27.54,28.97,27.31,27.98,366609
2018-04-23,28.28,28.32,25.41,26.02,417216
2018-04-24,25.75,27.44,25.23,27.27,313871
2018-04-25,26.28,26.78,25.93,26.09,337151
2018-04-26,26.23,26.78,24.96,25.02,324653
2018-04-27,25.32,25.37,23.57,24.25,359544
2018-05-02,24.29,25.32,24.25,25.12,213357
2018-05-03,24.77,25.52,23.82,25.41,232298
2018-05-04,25.67,26.42,25.35,25.38,267393
2018-05-07,25.41,25.7,25.01,25.51,213743
2018-05-08,25.5,25.5,24.45,24.83,194247
2018-05-09,24.76,25.55,24.57,25.19,149750
2018-05-10,25.33,25.33,24.15,24.44,191741
2018-05-11,24.31,24.79,24.05,24.33,122345
2018-05-14,24.08,24.86,23.79,23.83,185033
2018-05-15,23.86,24.49,23.5,24.47,168838
2018-05-16,24.29,24.48,23.98,24.08,123207
2018-05-17,24.15,24.48,23.97,24.2,103225
2018-05-18,24.17,24.27,23.05,23.5,179387
2018-05-21,23.28,24.55,23.27,24.34,184981
2018-05-22,24.24,24.66,24.15,24.39,117649
2018-05-23,24.28,25.16,24.19,24.44,208344
2018-05-24,24.45,24.61,24.04,24.06,117528
2018-05-25,24.04,24.04,23.1,23.12,148844
2018-05-28,22.77,23.06,22.03,22.43,150520
2018-05-29,22.49,22.91,22.16,22.27,107912
2018-05-30,22.3,22.83,21.95,22.05,142948
2018-05-31,22.24,22.3,20.98,21.78,183887
2018-06-01,21.62,21.8,21.12,21.21,146651
2018-06-04,21.32,21.72,20.93,21.38,123103
2018-06-05,21.44,22.36,21.44,22.34,151717
2018-06-06,22.26,22.65,22.11,22.4,131748
2018-06-07,22.51,22.56,22.05,22.14,77072
2018-06-08,22.18,22.95,21.91,22.74,177892
2018-06-11,22.51,23.06,22.44,22.65,134943
2018-06-12,22.67,22.97,22.1,22.89,114943
2018-06-13,22.81,23.42,22.66,22.71,132947
2018-06-14,22.52,22.92,22.31,22.53,101323
2018-06-15,22.57,22.72,21.49,21.82,155350
2018-06-19,21.42,22.06,19.52,20.2,193937
2018-06-20,19.96,20.8,19.66,20.45,144917
2018-06-21,20.34,20.56,18.86,18.96,183469
2018-06-22,18.84,19.77,18.52,19.2,134498
2018-06-25,19.49,19.69,19.14,19.21,100412
2018-06-26,18.99,20.78,18.77,20.53,209064
2018-06-27,20.44,21.33,20.3,20.69,190458
2018-06-28,20.58,21.17,20.32,20.35,149652
2018-06-29,20.68,22.24,20.47,22.19,229246
2018-07-02,22.21,22.96,21.76,22.29,227874
2018-07-03,22.16,23.97,21.92,23.28,267597
2018-07-04,23.03,23.29,22.49,22.66,178286
2018-07-05,22.5,23.33,21.98,22.29,174504
2018-07-06,22.42,23.52,22.26,22.61,248503
2018-07-09,22.33,23.3,22.33,22.93,184038
2018-07-10,22.92,23.24,22.62,22.91,122013
2018-07-11,22.51,22.71,21.33,21.89,201650
2018-07-12,21.92,24.2,21.9,24.2,270559
2018-07-13,24.8,24.8,23.99,24.62,320937
2018-07-16,24.87,25.58,24.56,24.61,292173
2018-07-17,24.71,25.56,24.46,25.51,243186
2018-07-18,25.41,25.5,24.51,24.57,221978
2018-07-19,24.4,24.73,23.83,24.55,150574
2018-07-20,24.43,26.36,24.2,25.67,277122
2018-07-23,25.83,26.95,25.67,26.3,260406
2018-07-24,26.31,26.59,25.66,26.24,167251
2018-07-25,26.21,27.07,26.09,26.28,159740
2018-07-26,26.07,26.07,24.55,24.91,217760
2018-07-27,24.71,25.03,24.15,24.75,162433
2018-07-30,24.66,25.0,23.73,24.16,144823
2018-07-31,24.19,24.42,23.79,24.26,103939
2018-08-01,24.18,25.49,24.18,24.62,206011
2018-08-02,24.51,25.05,23.69,24.86,208327
2018-08-03,24.65,24.91,23.27,23.29,177975
2018-08-06,23.27,23.52,22.44,22.73,144721
2018-08-07,22.76,23.89,22.61,23.84,152228
2018-08-08,23.72,24.07,23.18,23.31,118816
2018-08-09,23.16,25.73,23.03,25.3,295246
2018-08-10,25.19,25.79,25.07,25.74,214993
2018-08-13,25.33,26.36,25.15,26.23,247446
2018-08-14,25.94,25.98,24.99,25.2,185852
2018-08-15,25.07,25.25,24.48,24.67,156020
2018-08-16,23.98,24.87,23.73,23.78,170047
2018-08-17,24.12,24.39,22.87,22.96,161862
2018-08-20,22.86,23.63,22.56,23.54,122268
2018-08-21,23.56,23.9,23.15,23.64,110321
2018-08-22,23.52,24.18,23.34,23.46,109469
2018-08-23,23.94,25.83,23.94,25.17,277515
2018-08-24,25.17,25.52,24.89,25.21,165703
2018-08-27,25.2,25.88,25.13,25.44,210039
2018-08-28,25.86,26.33,25.33,25.57,187294
2018-08-29,25.73,25.78,24.96,25.42,132171
2018-08-30,25.37,25.71,24.89,25.11,139245
2018-08-31,25.06,26.11,24.92,25.51,222901
2018-09-03,25.26,26.69,24.56,26.69,264196
2018-09-04,26.34,27.08,26.23,26.52,285925
2018-09-05,26.58,26.96,26.07,26.07,190706
2018-09-06,25.88,26.53,25.61,25.89,176121
2018-09-07,26.02,26.62,23.38,23.66,402263
2018-09-10,23.43,23.53,22.62,22.81,201545
2018-09-11,22.92,23.43,22.83,23.24,121993
2018-09-12,23.26,23.58,22.64,22.76,128400
2018-09-13,23.08,23.41,21.84,22.89,184251
2018-09-14,22.79,22.87,21.69,21.74,198763
2018-09-17,21.57,21.99,21.44,21.83,103245
2018-09-18,21.72,22.86,21.65,22.79,165326
2018-09-19,22.72,23.55,22.55,22.95,170861
2018-09-20,23.01,23.4,22.67,22.89,103267
2018-09-21,23.01,23.19,22.3,22.99,130883
2018-09-25,22.77,23.47,22.67,23.16,123134
2018-09-26,23.03,23.46,22.82,23.3,119936
2018-09-27,23.27,23.45,22.51,22.53,142340
2018-09-28,22.68,22.84,22.06,22.71,100770
2018-10-08,21.89,22.04,20.53,20.63,182578
2018-10-09,20.97,21.33,20.41,21.06,126404
2018-10-10,20.89,21.38,20.15,20.95,139123
2018-10-11,19.99,20.5,19.15,19.6,178442
2018-10-12,19.54,20.31,19.18,20.15,152457
2018-10-15,20.17,20.71,20.08,20.12,116126
2018-10-16,20.2,20.43,18.64,19.07,184383
2018-10-17,19.58,19.96,19.02,19.79,176829
2018-10-18,19.54,19.93,19.14,19.62,115619
2018-10-19,19.38,20.98,19.17,20.73,199723
2018-10-22,21.39,22.28,21.0,21.8,211006
2018-10-23,21.93,21.93,21.09,21.25,162499
2018-10-24,21.19,21.48,20.93,21.16,106201
2018-10-25,20.01,20.33,19.12,20.09,194830
2018-10-26,20.24,20.51,19.41,19.72,113238
2018-10-29,19.64,20.15,19.33,19.66,89262
2018-10-30,19.61,19.9,18.48,19.51,155583
2018-10-31,19.65,20.22,19.47,19.92,127153
2018-11-01,21.06,21.48,20.68,20.97,251433
2018-11-02,21.59,22.03,21.14,21.51,203412
2018-11-05,21.34,21.83,20.82,21.24,132093
2018-11-06,21.14,21.14,20.51,21.03,92772
2018-11-07,21.06,21.62,20.87,21.06,145393
2018-11-08,21.37,21.39,20.73,20.76,98494
2018-11-09,20.73,20.98,20.55,20.7,64825
2018-11-12,19.61,20.78,19.58,20.73,158321
2018-11-13,20.32,20.65,19.94,20.29,157289
2018-11-14,20.28,20.83,20.28,20.43,132884
2018-11-15,20.31,21.67,20.24,21.52,199011
2018-11-16,21.54,22.2,21.4,21.7,220642
2018-11-19,21.59,21.92,21.13,21.61,114419
2018-11-20,21.24,21.56,20.73,20.96,173350
2018-11-21,20.71,20.87,20.4,20.77,120189
2018-11-22,20.78,21.31,20.73,21.16,125643
2018-11-23,21.15,21.15,19.97,20.2,134358
2018-11-26,20.02,20.42,19.86,20.06,75820
2018-11-27,20.29,20.82,20.05,20.37,137719
2018-11-28,20.23,20.46,19.85,20.38,93160
2018-11-29,20.62,20.68,19.71,19.74,105681
2018-11-30,19.71,19.81,18.73,19.23,187262
2018-12-03,19.92,20.3,19.68,20.28,164317
2018-12-04,20.22,20.33,19.78,19.97,128974
2018-12-05,19.49,19.85,19.41,19.59,98047
2018-12-06,19.45,19.45,18.74,18.84,165930
2018-12-07,18.99,19.15,18.74,18.92,85354
2018-12-10,18.69,18.81,18.44,18.5,102670
2018-12-11,18.62,18.76,18.51,18.7,65828
2018-12-12,18.79,18.84,18.61,18.64,55673
2018-12-13,18.73,19.13,18.55,18.98,103704
2018-12-14,18.83,18.89,18.51,18.68,95412
2018-12-17,18.64,18.94,18.52,18.94,74077
2018-12-18,18.81,19.5,18.8,19.06,141085
2018-12-19,19.16,19.2,18.65,18.67,79116
2018-12-20,18.59,18.82,18.53,18.68,64728
2018-12-21,18.61,18.8,18.51,18.6,64489
2018-12-24,18.6,18.78,18.45,18.78,73292
2018-12-25,18.51,18.66,17.95,18.42,117476
2018-12-26,18.38,18.52,18.04,18.05,73045
2018-12-27,18.41,18.57,17.74,17.76,106549
2018-12-28,17.82,17.87,17.0,17.09,150891
2019-01-02,17.09,17.2,16.87,17.1,81939
2019-01-03,17.12,17.27,16.77,16.82,83917
2019-01-04,16.49,17.59,16.34,17.4,144215
2019-01-07,17.41,18.13,17.33,17.95,197503
2019-01-08,17.86,18.06,17.59,17.63,102626
2019-01-09,17.79,18.25,17.63,17.84,132908
2019-01-10,17.77,17.82,17.26,17.35,113035
2019-01-11,17.42,17.58,17.18,17.29,94867
2019-01-14,17.31,17.35,16.53,16.55,142729
2019-01-15,16.5,16.97,16.5,16.94,106540
2019-01-16,16.95,17.9,16.93,17.44,215465
2019-01-17,17.51,17.56,17.08,17.18,102652
2019-01-18,17.28,17.41,16.93,17.34,101396
2019-01-21,17.34,18.21,17.33,18.19,214049
2019-01-22,18.12,18.18,17.74,17.82,130828
2019-01-23,17.72,18.02,17.63,17.84,83415
2019-01-24,17.85,18.99,17.85,18.45,274383
2019-01-25,18.43,18.79,18.27,18.31,151131
2019-01-28,18.53,18.89,18.32,18.39,115416
2019-01-29,18.18,18.29,17.59,18.12,127337
2019-01-30,18.05,18.52,17.72,17.83,86561
2019-01-31,17.99,18.66,17.92,18.28,153142
2019-02-01,18.28,18.87,17.82,18.76,175635
2019-02-11,18.79,19.85,18.79,19.74,196256
2019-02-12,19.81,20.13,19.5,19.91,171244
2019-02-13,20.11,20.92,20.11,20.26,248208
2019-02-14,20.3,20.78,20.06,20.57,148763
2019-02-15,20.51,20.95,20.17,20.27,144712
2019-02-18,20.54,21.18,20.38,21.09,174917
2019-02-19,21.09,21.42,20.67,21.0,181049
2019-02-20,20.84,20.96,20.25,20.51,154060
2019-02-21,20.36,21.3,20.36,20.61,202863
2019-02-22,20.57,21.54,20.46,21.54,208269
2019-02-25,22.05,23.54,22.05,22.94,346500
2019-02-26,22.87,24.3,22.48,23.4,330512
2019-02-27,23.22,23.79,22.37,22.76,290980
2019-02-28,22.56,22.97,22.11,22.4,170437
2019-03-01,22.67,22.76,22.11,22.6,125736
2019-03-04,23.54,24.04,22.97,23.23,323690
2019-03-05,23.43,25.68,23.38,25.68,439614
2019-03-06,26.6,28.33,26.24,27.33,583985
2019-03-07,27.85,28.98,26.59,27.37,517826
2019-03-08,26.34,30.22,26.27,29.49,719804
2019-03-11,31.15,31.67,27.67,29.91,585463
2019-03-12,29.91,32.43,29.43,31.56,471758
2019-03-13,31.7,31.7,28.33,28.53,415557
2019-03-14,28.9,29.13,27.0,28.36,389119
2019-03-15,28.72,29.43,27.77,28.5,287833
2019-03-18,29.15,29.32,28.13,29.2,265426
2019-03-19,29.04,31.93,28.86,30.47,364678
2019-03-20,30.37,31.19,29.25,30.27,260935
2019-03-21,30.27,31.27,29.81,30.27,309415
2019-03-22,30.17,31.28,29.81,30.27,259437
2019-03-25,29.55,33.27,29.25,32.48,442534
2019-03-26,32.23,33.63,31.28,31.38,395351
2019-03-27,31.62,31.77,28.76,29.4,417324
2019-03-28,29.15,30.13,28.15,28.29,326604
2019-03-29,28.38,29.96,27.81,29.54,281575
2019-04-01,30.42,31.85,30.22,31.29,351184
2019-04-02,31.29,33.03,30.72,31.57,373272
2019-04-03,31.38,32.13,30.89,31.48,213550
2019-04-04,31.65,32.28,31.18,32.11,247756
2019-04-08,32.08,32.09,29.24,30.93,424019
2019-04-09,29.91,30.57,29.41,29.95,213581
2019-04-10,29.63,30.13,28.89,29.44,178211
2019-04-11,29.4,29.66,28.68,28.71,159614
2019-04-12,28.86,29.13,28.44,28.93,114083
2019-04-15,29.46,30.41,28.69,28.79,182843
2019-04-16,28.57,29.54,27.71,29.44,239235
2019-04-17,28.95,29.83,28.9,29.04,151711
2019-04-18,29.17,29.4,28.68,28.96,111050
2019-04-19,28.88,29.54,28.68,29.31,124130
2019-04-22,29.74,30.08,29.25,29.48,176691
2019-04-23,29.57,29.89,28.18,28.32,147498
2019-04-24,28.32,30.43,27.43,30.27,447831
2019-04-25,29.95,30.6,28.85,28.85,317389
2019-04-26,28.72,30.28,28.7,29.49,324715
2019-04-29,29.57,29.67,27.63,28.16,312621
2019-04-30,28.15,28.72,27.45,27.77,193919
2019-05-06,25.93,26.65,24.88,24.88,314677
2019-05-07,25.05,25.27,23.95,24.6,259695
2019-05-08,23.9,26.11,23.68,25.22,316761
2019-05-09,25.25,26.17,25.25,25.65,267366
2019-05-10,26.2,28.32,25.38,28.22,460867
2019-05-13,27.93,28.82,27.86,28.25,313383
2019-05-14,28.27,28.56,27.54,27.64,246512
2019-05-15,28.01,28.14,27.5,27.93,205136
2019-05-16,27.99,28.17,27.15,27.52,240099
2019-05-17,28.15,28.73,26.9,27.25,360631
2019-05-20,28.07,28.7,27.63,28.31,359114
2019-05-21,27.57,28.76,27.15,28.35,312421
2019-05-22,28.42,29.33,28.3,29.25,394025
2019-05-23,29.25,29.25,27.29,27.33,416749
2019-05-24,26.97,27.55,26.33,26.35,245491
2019-05-27,26.49,27.97,26.37,27.77,275509
2019-05-28,27.93,28.46,27.38,27.65,268414
2019-05-29,27.42,27.83,27.15,27.3,198742
2019-05-30,27.06,27.07,26.05,26.48,221063
2019-05-31,26.5,26.7,26.0,26.14,190791
2019-06-03,26.45,26.67,26.07,26.27,179800
2019-06-04,26.25,26.52,25.9,26.1,140567
2019-06-05,26.54,26.81,26.15,26.17,191232
2019-06-06,25.65,25.82,24.66,24.86,260624
2019-06-10,25.02,25.42,24.87,25.22,124232
2019-06-11,25.23,27.17,25.11,27.02,322175
2019-06-12,26.83,27.27,26.72,27.02,194561
2019-06-13,26.9,27.56,26.79,26.87,179905
2019-06-14,26.78,27.4,26.23,26.27,226030
2019-06-17,26.39,26.56,25.97,26.12,120830
2019-06-18,26.15,26.61,26.0,26.25,126438
2019-06-19,27.29,27.45,26.66,26.74,245940
2019-06-20,26.87,27.72,26.61,27.46,243771
2019-06-21,27.79,28.4,27.57,27.82,247789
2019-06-27,24.93,24.93,24.93,24.93,31802
2019-06-28,22.32,24.78,22.32,23.93,1162520
2019-07-01,24.14,26.44,24.07,26.44,945841
2019-07-02,26.01,26.3,25.22,25.32,574839
2019-07-03,25.27,25.62,24.68,25.33,310563
2019-07-04,25.42,25.43,24.68,24.85,215053
2019-07-05,24.87,24.97,24.52,24.78,172202
2019-07-08,24.78,24.79,23.81,23.92,226891
2019-07-09,23.92,24.2,23.5,23.57,192721
2019-07-10,23.95,24.15,23.58,23.73,184710
2019-07-11,23.95,24.0,23.33,23.49,155133
2019-07-12,23.55,24.08,23.3,23.95,156327
2019-07-15,23.86,24.79,23.47,24.52,249762
2019-07-16,24.42,24.62,24.07,24.27,168584
2019-07-17,24.27,24.68,24.13,24.37,205251
2019-07-18,23.87,23.98,23.07,23.17,307951
2019-07-19,23.27,23.47,23.02,23.07,154071
2019-07-22,23.09,23.35,22.34,22.54,173335
2019-07-23,22.61,23.67,22.44,23.53,238928
2019-07-24,23.49,23.95,23.36,23.56,254247
2019-07-25,23.6,24.53,23.59,24.35,382293
2019-07-26,24.15,24.35,23.88,24.18,204583
2019-07-29,24.18,24.4,23.78,24.07,182294
2019-07-30,24.0,24.34,23.85,23.95,176003
2019-07-31,23.95,24.52,23.79,24.26,252166
2019-08-01,23.95,24.24,23.81,23.95,172310
2019-08-02,23.14,23.43,22.95,23.15,228262
2019-08-05,22.97,23.69,22.9,22.96,181171
2019-08-06,22.45,22.55,21.49,22.12,272853
2019-08-07,22.22,22.32,21.4,21.43,185945
2019-08-08,21.62,21.9,21.52,21.69,126203
2019-08-09,21.97,21.97,20.43,20.94,273461
2019-08-12,20.99,21.69,20.85,21.67,167305
2019-08-13,21.42,21.63,21.1,21.34,123018
2019-08-14,22.06,22.28,21.57,21.62,223520
2019-08-15,20.93,22.31,20.72,22.18,247332
2019-08-16,22.32,22.8,22.11,22.47,300331
2019-08-19,22.7,24.3,22.65,24.27,487303
2019-08-20,24.0,24.27,23.65,23.77,330324
2019-08-21,23.72,24.24,23.72,23.86,264878
2019-08-22,24.02,24.22,23.65,23.87,200235
2019-08-23,23.9,24.1,23.29,23.62,238193
2019-08-26,23.22,23.9,23.16,23.65,238128
2019-08-27,23.8,24.33,23.72,23.92,356664
2019-08-28,23.79,23.86,23.38,23.5,244715
2019-08-29,23.5,24.21,23.23,24.15,404308
2019-08-30,24.4,25.61,24.14,24.15,656371
2019-09-02,24.36,25.25,24.12,25.09,518245
2019-09-03,25.01,25.55,24.58,25.31,527055
2019-09-04,25.12,27.0,25.07,26.57,684971
2019-09-05,26.72,27.33,26.22,26.42,616231
2019-09-06,26.86,27.18,26.02,26.65,416485
2019-09-09,27.15,27.72,26.81,27.63,510813
2019-09-10,27.63,27.63,26.49,26.52,506752
2019-09-11,26.7,26.85,26.08,26.27,349536
2019-09-12,26.49,26.83,26.2,26.54,244745
2019-09-16,26.72,27.31,26.63,26.85,349171
2019-09-17,26.72,26.72,25.29,25.55,478129
2019-09-18,25.51,25.73,25.22,25.24,239089
2019-09-19,25.55,25.61,25.08,25.57,235214
2019-09-20,26.72,27.15,25.72,26.01,504934
2019-09-23,25.65,25.65,24.92,25.28,395977
2019-09-24,25.15,26.07,25.15,25.82,420960
2019-09-25,25.72,25.72,24.79,24.85,325890
2019-09-26,24.93,25.07,23.67,23.72,318718
2019-09-27,23.77,24.21,23.73,23.84,180246
2019-09-30,23.7,24.0,23.37,23.38,151280
2019-10-08,23.5,23.73,23.22,23.26,126415
2019-10-09,23.14,23.49,22.75,23.49,136243
2019-10-10,23.47,23.9,23.3,23.83,157319
2019-10-11,23.86,23.92,23.37,23.6,148211
2019-10-14,24.0,24.39,23.92,24.27,226651
2019-10-15,23.99,24.07,23.32,23.35,187467
2019-10-16,23.5,24.11,23.3,23.62,181055
2019-10-17,23.57,23.7,23.31,23.36,123627
2019-10-18,23.41,23.74,23.01,23.06,145727
2019-10-21,23.15,23.22,22.47,22.65,137152
2019-10-22,22.65,23.05,22.65,22.95,137609
2019-10-23,22.9,23.41,22.7,23.1,177978
2019-10-24,23.1,23.25,22.68,23.03,119719
2019-10-25,23.2,23.22,22.85,23.15,153198
2019-10-28,24.07,24.22,23.46,24.11,315302
2019-10-29,24.04,24.04,23.38,23.39,225182
2019-10-30,23.39,23.39,22.8,22.99,131126
2019-10-31,22.95,23.29,22.7,22.73,127442
2019-11-01,22.69,22.89,22.51,22.79,118168
2019-11-04,22.92,23.47,22.77,23.04,187647
2019-11-05,23.11,23.24,22.75,23.01,150097
2019-11-06,23.0,23.25,22.67,22.76,158761
2019-11-07,22.78,22.97,22.59,22.85,91877
2019-11-08,23.11,23.41,23.04,23.08,205704
2019-11-11,22.85,22.85,22.1,22.2,215965
2019-11-12,22.14,22.25,21.6,21.89,139277
2019-11-13,21.89,22.16,21.79,22.02,100925
2019-11-14,21.86,22.93,21.82,22.7,223714
2019-11-15,22.47,23.5,22.47,22.98,276035
2019-11-18,23.0,23.27,22.88,23.1,141601
2019-11-19,23.05,23.44,22.86,23.39,175550
2019-11-20,23.46,23.63,23.05,23.07,179258
2019-11-21,23.04,23.2,22.78,23.17,106848
2019-11-22,23.15,23.43,22.35,22.52,209474
2019-11-25,22.52,22.65,21.87,22.07,135317
2019-11-26,22.15,22.37,21.93,22.37,123694
2019-11-27,22.17,22.9,22.11,22.63,154563
2019-11-28,22.58,22.9,22.52,22.67,100440
2019-11-29,22.57,23.15,22.55,23.12,147716
2019-12-02,23.24,23.27,22.86,22.95,130224
2019-12-03,22.79,23.15,22.71,23.15,117390
2019-12-04,22.95,23.59,22.82,23.38,202238
2019-12-05,23.42,23.76,23.22,23.61,228478
2019-12-06,23.52,23.68,23.09,23.5,193375
2019-12-09,23.57,24.21,23.51,24.15,316745
2019-12-10,24.01,24.5,23.94,24.36,290705
2019-12-11,24.22,24.4,23.69,23.76,222364
2019-12-12,23.79,24.34,23.72,23.88,248468
2019-12-13,24.28,24.36,23.79,24.22,245243
2019-12-16,24.36,25.03,24.25,25.0,357758
2019-12-17,25.08,25.1,24.65,24.92,317416
2019-12-18,24.92,25.06,24.68,24.77,256617
2019-12-19,24.8,25.1,24.62,25.02,251359
2019-12-20,25.07,25.22,24.07,24.08,326975
2019-12-23,23.86,23.92,23.22,23.22,236194
2019-12-24,23.22,23.48,23.21,23.43,126249
2019-12-25,23.48,24.15,23.31,23.93,227421
2019-12-26,23.91,24.07,23.72,24.0,152053
2019-12-27,24.07,24.13,23.35,23.42,185020
2019-12-30,23.43,23.67,22.99,23.6,156021
2019-12-31,23.57,23.76,23.42,23.56,116272
2020-01-02,23.86,24.32,23.72,24.25,249884
2020-01-03,24.27,24.4,24.0,24.37,214781
2020-01-06,24.18,24.76,24.06,24.52,287570
2020-01-07,24.53,24.76,24.32,24.75,245224
2020-01-08,24.58,25.6,24.51,24.84,421721
2020-01-09,24.92,26.28,24.87,26.0,544426
2020-01-10,26.0,26.12,25.47,25.79,334869
2020-01-13,26.52,28.48,26.5,28.48,1040992
2020-01-14,29.22,29.88,28.6,29.04,912669
2020-01-15,29.29,29.88,29.05,29.64,574789
2020-01-16,29.43,30.27,28.82,29.16,566565
2020-01-17,29.55,30.15,29.29,29.86,530219
2020-01-20,30.23,30.3,28.75,29.84,513342
2020-01-21,29.31,29.79,28.79,28.92,439992
2020-01-22,29.07,31.21,28.93,30.93,664112
2020-01-23,30.15,30.43,27.82,28.61,651341
2020-02-03,25.64,25.64,25.64,25.64,132496
2020-02-04,24.8,27.57,24.8,27.23,552354
2020-02-05,27.29,28.4,27.13,27.42,423931
2020-02-06,27.43,29.4,26.83,28.89,546481
2020-02-07,29.56,31.89,29.56,31.89,866127
2020-02-10,33.12,33.48,31.69,32.45,803073
2020-02-11,32.37,33.0,31.12,31.47,522056
2020-02-12,31.67,33.76,31.57,33.29,682802
2020-02-13,33.1,33.37,31.86,32.07,560167
2020-02-14,31.75,34.68,31.68,33.09,670170
2020-02-17,33.57,34.43,33.24,33.8,455402
2020-02-18,33.77,35.08,33.27,34.87,539046
2020-02-19,34.71,34.71,33.47,33.54,483305
2020-02-20,33.5,34.24,33.0,33.83,373501
2020-02-21,34.06,37.32,34.06,36.22,623191
2020-02-24,36.18,37.51,35.7,37.1,481607
2020-02-25,35.87,37.0,34.43,36.63,546901
2020-02-26,36.0,36.45,33.55,34.05,605761
2020-02-27,34.44,35.29,33.15,33.77,480691
2020-02-28,31.72,32.71,30.85,31.13,557023
2020-03-02,32.07,33.77,31.45,33.15,449408
2020-03-03,33.85,35.4,33.29,33.84,533601
2020-03-04,33.5,35.0,32.29,33.55,424314
2020-03-05,34.8,34.93,32.83,33.4,409077
2020-03-06,32.43,33.12,32.15,32.25,320144
2020-03-09,31.45,31.65,29.82,29.89,434762
2020-03-10,29.68,31.27,29.25,31.25,488798
2020-03-11,31.4,31.69,30.18,30.18,334136
2020-03-12,29.57,30.56,29.33,29.7,241987
2020-03-13,28.15,32.79,28.15,32.45,921289
2020-03-16,32.63,34.55,32.29,32.65,897886
2020-03-17,33.55,34.22,31.36,33.75,729853
2020-03-18,34.0,35.75,33.15,33.86,806204
2020-03-19,33.85,34.54,32.29,33.8,569171
2020-03-20,34.0,34.42,32.49,33.18,384503
2020-03-23,31.74,31.99,29.75,29.75,536103
2020-03-24,30.47,30.65,28.22,29.79,370126
2020-03-25,30.78,31.11,29.86,30.22,318690
2020-03-26,29.79,30.71,29.44,29.75,288213
2020-03-27,30.37,31.97,30.15,31.02,554065
2020-03-30,31.07,31.32,29.05,29.63,426822
2020-03-31,30.03,30.65,29.77,30.05,268539
2020-04-01,29.93,30.86,29.61,30.05,250132
2020-04-02,29.79,32.35,29.75,32.29,405254
2020-04-03,32.07,33.0,31.9,32.29,348350
2020-04-07,33.15,33.84,32.67,32.93,355399
2020-04-08,32.79,33.62,32.66,33.0,233181
2020-04-09,33.29,33.4,32.26,32.42,233003
2020-04-10,32.29,32.55,30.97,31.0,243226
2020-04-13,30.52,31.0,29.86,30.05,211164
2020-04-14,30.43,31.35,30.32,31.35,232680
2020-04-15,31.42,32.19,31.2,31.26,225761
2020-04-16,30.97,31.87,30.43,31.67,200191
2020-04-17,32.1,32.72,31.4,31.73,320355
2020-04-20,31.73,33.0,31.32,32.86,310769
2020-04-21,32.69,33.35,32.2,33.26,318160
2020-04-22,32.86,33.12,32.22,32.71,216570
2020-04-23,32.22,32.35,31.65,31.72,249559
2020-04-24,31.83,32.29,30.33,30.6,284727
2020-04-27,30.61,31.08,30.29,30.7,143852
2020-04-28,30.82,32.24,30.0,31.92,280746
2020-04-29,31.82,32.33,31.72,32.07,166465
2020-04-30,32.44,33.76,32.44,33.37,371272
2020-05-06,33.29,36.64,33.15,36.0,509245
2020-05-07,36.0,36.7,35.35,36.08,349817
2020-05-08,38.16,39.79,38.16,39.79,772825
2020-05-11,40.79,40.79,37.64,38.09,984087
2020-05-12,37.96,38.68,37.37,38.46,563497
2020-05-13,37.96,38.73,37.81,38.32,382722
2020-05-14,38.04,38.7,37.85,37.94,323368
2020-05-15,38.46,40.1,38.43,39.16,732009
2020-05-18,39.35,40.24,37.87,38.28,733184
2020-05-19,38.96,40.18,38.41,40.18,643311
2020-05-20,40.16,40.16,38.16,38.44,628573
2020-05-21,38.46,38.66,36.96,37.14,504809
2020-05-22,37.26,37.69,36.12,36.8,374672
2020-05-25,36.86,37.14,34.57,35.23,493573
2020-05-26,35.93,38.21,35.71,37.74,643615
2020-05-27,37.61,37.9,36.47,36.72,393702
2020-05-28,36.61,37.18,35.66,36.56,333479
2020-05-29,36.58,36.89,35.97,36.18,256772
2020-06-01,36.86,38.01,36.56,37.79,502737
2020-06-02,37.78,38.16,37.26,37.96,331773
2020-06-03,38.77,38.87,37.4,37.59,387205
2020-06-04,37.59,37.64,36.71,36.96,254407
2020-06-05,36.95,37.49,36.71,37.16,209387
2020-06-08,37.44,37.52,35.88,36.12,371376
2020-06-09,36.06,36.41,35.68,36.2,189090
2020-06-10,36.17,37.09,35.87,36.82,258820
2020-06-11,37.05,37.61,36.66,37.16,322843
2020-06-12,36.41,38.91,36.16,38.84,700962
2020-06-15,38.46,39.36,38.02,38.94,490901
2020-06-16,39.46,39.66,38.47,39.05,341277
2020-06-17,38.76,39.0,37.56,37.96,388787
2020-06-18,37.95,38.82,37.76,38.5,278232
2020-06-19,38.45,38.94,38.11,38.46,297257
2020-06-22,38.66,39.8,38.17,39.71,548067
2020-06-23,39.46,39.46,38.25,38.56,551118
2020-06-24,38.66,39.12,38.36,38.62,342648
2020-06-29,38.02,38.13,36.94,36.97,538510
2020-06-30,37.24,37.78,37.08,37.36,323661
2020-07-01,37.74,37.91,35.46,37.45,698291
2020-07-02,37.52,41.3,36.81,41.3,866067
2020-07-03,42.47,42.48,39.46,40.21,1067848
2020-07-06,40.47,43.33,40.47,42.4,872895
2020-07-07,43.46,45.76,43.46,44.06,883764
2020-07-08,44.96,45.96,43.76,45.36,676651
2020-07-09,45.44,50.0,45.43,50.0,970757
2020-07-10,51.41,52.94,48.61,49.45,1097641
2020-07-13,48.54,52.07,48.18,51.83,754129
2020-07-14,51.23,51.26,48.9,50.28,694625
2020-07-15,49.04,49.41,45.96,46.09,1029388
2020-07-16,45.97,46.95,42.97,43.19,660357
2020-07-17,43.97,44.45,42.74,43.92,456323
2020-07-20,44.76,45.0,43.46,44.95,408372
2020-07-21,45.19,46.06,44.78,44.96,343754
2020-07-22,44.91,46.08,44.4,45.03,376468
2020-07-23,44.47,44.74,42.01,43.57,640930
2020-07-24,42.86,43.28,40.58,40.91,537239
2020-07-27,41.38,42.15,40.73,41.41,291717
2020-07-28,41.99,42.11,40.86,41.39,242021
2020-07-29,41.38,43.27,41.09,43.26,425298
2020-07-30,43.48,43.59,42.24,42.49,317248
2020-07-31,42.47,43.81,42.46,43.34,376402
2020-08-03,43.56,45.96,43.16,45.58,566524
2020-08-04,45.75,45.75,44.06,44.71,394790
2020-08-05,45.97,47.04,45.17,46.42,586652
2020-08-06,45.93,47.54,45.22,46.92,577780
2020-08-07,46.22,46.56,44.36,45.46,492686
2020-08-10,45.21,46.47,44.79,45.28,341106
2020-08-11,45.26,45.6,43.33,43.36,372060
2020-08-12,43.08,43.64,41.78,43.49,367612
2020-08-13,43.41,43.76,42.66,42.67,186462
2020-08-14,42.56,43.48,42.36,43.3,194222
2020-08-17,43.54,45.09,42.96,44.71,372275
2020-08-18,44.71,45.55,44.53,44.81,281376
2020-08-19,44.96,44.96,43.06,43.15,272430
2020-08-20,42.79,44.4,42.46,43.44,230367
2020-08-21,43.71,44.85,43.62,44.04,240367
2020-08-24,44.04,45.4,43.27,44.88,288496
2020-08-25,44.76,45.22,44.1,44.31,221152
2020-08-26,44.12,45.22,44.08,44.16,311778
2020-08-27,43.99,44.16,42.79,43.58,294894
2020-08-28,43.26,44.46,43.04,44.41,247962
2020-08-31,44.68,45.24,44.15,44.15,279464
2020-09-01,44.15,44.15,43.41,43.97,187535
2020-09-02,44.19,44.51,43.07,43.46,194538
2020-09-03,43.37,43.74,42.24,42.4,312217
2020-09-04,41.61,42.48,41.42,41.83,246954
2020-09-07,41.83,42.36,40.59,40.83,233876
2020-09-08,41.04,41.38,40.05,40.54,193296
2020-09-09,39.96,40.16,38.56,38.57,302563
2020-09-10,39.16,39.43,37.86,37.91,198769
2020-09-11,37.75,38.41,37.75,38.19,157348
2020-09-14,38.53,39.32,37.96,38.39,177689
2020-09-15,38.46,39.29,38.17,39.18,180716
2020-09-16,39.04,39.06,38.34,38.45,128703
2020-09-17,38.92,39.34,38.13,38.83,174826
2020-09-18,38.68,39.41,38.66,39.37,159498
2020-09-21,39.45,40.17,39.16,39.33,182634
2020-09-22,38.93,39.16,38.35,38.52,128891
2020-09-23,38.71,39.03,38.46,38.82,99398
2020-09-24,38.47,38.62,37.35,37.41,179844
2020-09-25,37.67,37.8,37.34,37.52,91548
2020-09-28,37.52,37.82,36.99,37.03,90384
2020-09-29,37.36,37.85,36.97,37.35,126273
2020-09-30,37.51,37.63,36.46,36.68,144029
2020-10-09,37.43,38.15,37.31,37.85,145595
2020-10-12,38.31,39.29,38.17,39.25,219919
2020-10-13,39.29,39.66,38.88,39.32,166863
2020-10-14,39.29,39.3,38.53,38.62,139972
2020-10-15,38.56,38.98,38.01,38.03,133679
2020-10-16,38.06,38.31,37.46,37.71,128327
2020-10-19,39.44,39.72,37.95,38.06,265363
2020-10-20,37.71,38.59,37.66,38.47,141093
2020-10-21,38.47,38.51,37.26,37.63,167815
2020-10-22,37.29,37.86,37.27,37.51,79615
2020-10-23,37.57,37.73,36.92,36.97,119122
2020-10-26,37.06,37.18,36.33,36.49,127703
2020-10-27,36.24,36.94,36.16,36.94,96580
2020-10-28,36.86,36.91,34.51,35.05,390569
2020-10-29,34.66,35.03,34.48,34.62,191416
2020-10-30,34.72,35.52,34.66,34.74,197537
2020-11-02,34.74,34.92,31.21,32.09,545484
2020-11-03,32.06,33.76,31.92,33.54,306165
2020-11-04,33.76,34.16,33.44,33.84,170553
2020-11-05,34.45,34.88,33.96,34.78,199596
2020-11-06,35.96,37.06,34.86,35.29,475279
2020-11-09,35.58,36.84,35.48,36.19,398881
2020-11-10,36.31,36.34,35.16,35.68,246368
2020-11-11,35.36,35.56,34.65,34.91,159253
2020-11-12,34.95,35.44,34.95,35.02,109543
2020-11-13,34.81,35.44,34.36,35.19,121241
2020-11-16,35.19,35.36,34.61,34.86,114465
2020-11-17,34.86,35.06,33.9,34.27,158418
2020-11-18,34.42,34.71,33.96,34.15,110338
2020-11-19,33.92,34.61,33.56,34.44,105570
2020-11-20,34.36,35.42,34.22,35.25,184440
2020-11-23,35.25,35.5,34.74,35.16,158681
2020-11-24,35.16,35.49,34.86,34.91,128674
2020-11-25,35.06,35.14,34.04,34.04,169100
2020-11-26,34.04,34.16,33.57,33.74,98842
2020-11-27,33.76,33.99,33.48,33.87,85450
2020-11-30,33.64,34.51,33.26,34.32,167411
2020-12-01,34.24,34.66,33.98,34.59,137282
2020-12-02,34.71,34.72,34.15,34.23,142083
2020-12-03,34.23,35.29,34.21,35.21,248913
2020-12-04,35.23,35.34,34.76,35.02,144840
2020-12-07,35.0,35.73,33.69,33.89,276287
2020-12-08,33.76,34.02,33.38,33.4,181414
2020-12-09,33.41,33.56,32.31,32.41,254231
2020-12-10,32.36,32.42,31.86,31.91,196816
2020-12-11,31.92,32.06,30.5,30.74,366514
2020-12-14,30.94,31.04,30.56,30.94,179843
2020-12-15,30.86,32.26,30.69,32.01,263698
2020-12-16,31.76,32.13,31.24,31.27,154515
2020-12-17,31.18,31.61,30.73,31.6,144513
2020-12-18,31.96,31.97,31.0,31.0,152285
2020-12-21,31.16,32.15,31.04,31.96,184827
2020-12-22,31.84,32.36,31.39,31.44,177386
2020-12-23,31.51,32.02,30.64,31.92,222747
2020-12-24,31.7,32.29,31.3,31.31,144911
2020-12-25,31.03,31.4,30.9,31.15,106990
2020-12-28,30.85,31.04,30.55,30.57,141775
2020-12-29,30.52,32.16,30.5,31.73,256359
2020-12-30,31.75,32.95,31.53,32.67,305401
2020-12-31,32.82,33.51,32.54,33.19,263530
2021-01-04,33.2,34.12,32.82,33.71,305411
2021-01-05,33.24,34.88,33.24,33.73,357606
2021-01-06,33.86,34.96,33.46,33.57,324809
2021-01-07,33.24,33.56,32.29,32.89,314523
2021-01-08,32.82,35.06,32.8,34.86,492741
2021-01-11,34.96,35.58,34.26,34.56,395278
2021-01-12,34.56,34.83,33.76,34.76,271198
2021-01-13,34.46,35.68,33.56,35.42,518469
2021-01-14,35.36,36.09,34.76,35.55,450409
2021-01-15,35.68,35.81,33.97,33.97,327657
2021-01-18,33.93,35.13,33.66,35.11,285711
2021-01-19,35.0,35.44,34.14,34.19,280773
2021-01-20,34.23,34.37,33.72,34.0,159399
2021-01-21,34.09,34.76,33.85,34.37,209843
2021-01-22,34.26,34.26,32.94,32.94,348036
2021-01-25,32.65,32.65,31.69,32.02,262626
2021-01-26,32.02,32.35,31.35,31.44,184845
2021-01-27,31.46,31.93,31.09,31.4,180392
2021-01-28,31.09,31.34,29.39,29.56,377240
2021-01-29,29.86,29.93,28.23,28.59,295378
2021-02-01,28.86,29.52,28.6,28.79,181570
2021-02-02,28.96,29.97,28.26,29.7,227627
2021-02-03,29.7,29.7,28.71,28.76,172535
2021-02-04,28.62,29.05,27.36,28.11,225626
2021-02-05,28.14,28.36,27.46,27.52,177099
2021-02-08,27.52,28.09,27.03,27.59,134222
2021-02-09,27.74,28.52,27.62,28.27,140493
2021-02-10,28.31,28.52,28.06,28.48,145676
2021-02-18,28.71,29.72,28.7,29.17,197929
2021-02-19,29.16,30.0,28.78,29.91,190543
2021-02-22,30.07,30.35,29.36,29.38,226231
2021-02-23,29.29,29.56,28.78,29.16,138048
2021-02-24,29.17,30.56,29.17,30.14,261170
2021-02-25,30.21,30.21,29.51,29.59,128141
2021-02-26,29.26,30.16,28.99,29.79,145650
2021-03-01,29.8,30.2,29.8,30.06,128253
2021-03-02,30.12,30.25,29.03,29.24,171508
2021-03-03,29.16,29.42,28.86,29.3,122659
2021-03-04,29.03,29.24,28.16,28.29,193746
2021-03-05,28.29,28.81,28.19,28.66,119154
2021-03-08,28.92,29.04,28.04,28.07,126815
2021-03-09,28.09,28.37,27.16,27.65,129148
2021-03-10,27.96,28.06,27.04,27.11,141420
2021-03-11,27.96,29.93,27.6,29.74,455180
2021-03-12,29.66,29.66,28.45,28.95,295831
2021-03-15,28.5,28.74,27.86,28.24,141020
2021-03-16,28.46,28.69,27.94,28.45,117735
2021-03-17,28.46,28.59,27.91,28.59,110401
2021-03-18,28.64,28.8,28.2,28.24,106229
2021-03-19,27.79,28.24,27.67,27.9,100872
2021-03-22,27.96,28.2,27.89,28.13,88285
2021-03-23,28.16,28.35,27.84,27.92,111833
2021-03-24,27.76,28.02,27.73,27.84,75288
2021-03-25,27.84,28.45,27.77,28.16,111696
2021-03-26,28.25,28.76,28.07,28.54,133773
2021-03-29,28.7,28.82,28.08,28.13,125395
2021-03-30,28.02,28.05,27.81,27.85,90646
2021-03-31,27.86,28.01,27.8,27.87,72024
2021-04-01,27.88,28.41,27.85,28.14,96936
2021-04-02,28.27,29.1,28.18,28.88,211731
2021-04-06,29.04,29.11,28.66,28.73,120351
2021-04-07,28.77,28.77,28.33,28.52,94157
2021-04-08,28.51,28.78,28.38,28.46,89542
2021-04-09,28.65,28.67,27.62,27.83,157540
2021-04-12,27.87,28.49,27.69,27.81,131187
2021-04-13,27.82,28.06,27.79,27.95,72792
2021-04-14,27.96,28.17,27.91,28.08,66516
2021-04-15,28.06,28.23,27.82,27.99,73302
2021-04-16,27.96,28.6,27.83,28.42,128723
2021-04-19,28.39,28.81,28.22,28.77,155177
2021-04-20,28.71,28.72,28.25,28.26,120558
2021-04-21,28.14,28.42,27.97,28.26,85635
2021-04-22,28.26,28.81,28.26,28.54,119681
2021-04-23,28.55,28.55,27.73,27.99,144744
2021-04-26,28.01,28.01,27.07,27.2,240855
2021-04-27,27.12,27.15,25.53,25.58,356417
2021-04-28,25.56,25.91,24.97,25.75,140215
2021-04-29,25.76,25.88,25.54,25.56,106832
2021-04-30,25.56,25.62,24.81,24.84,162349
2021-05-06,24.81,25.42,24.6,24.8,140445
2021-05-07,24.81,25.15,24.77,25.02,97719
2021-05-10,25.18,25.19,23.91,24.12,197491
2021-05-11,23.96,24.6,23.36,24.42,174464
2021-05-12,24.21,24.6,23.83,24.54,115086
2021-05-13,24.24,24.52,24.12,24.17,99338
2021-05-14,24.18,24.79,24.15,24.65,121601
2021-05-17,24.75,25.63,24.66,25.23,172872
2021-05-18,25.22,25.78,24.88,25.75,181456
2021-05-19,25.57,26.01,25.38,25.73,142034
2021-05-20,25.58,25.7,25.29,25.39,98474
2021-05-21,25.53,25.6,25.05,25.24,79694
2021-05-24,25.27,26.58,25.06,26.23,214923
2021-05-25,26.1,26.55,26.02,26.41,186180
2021-05-26,26.45,26.7,26.1,26.11,142295
2021-05-27,26.09,26.86,26.01,26.56,174514
2021-05-28,26.45,26.99,26.32,26.46,151387
2021-05-31,26.7,26.9,26.53,26.68,120603
2021-06-01,26.55,27.08,26.47,26.89,127222
2021-06-02,26.85,26.85,26.04,26.07,159656
2021-06-03,26.11,26.8,26.08,26.19,126534
2021-06-04,26.39,26.55,25.98,26.09,113066
2021-06-07,26.18,27.07,26.18,26.94,213621
2021-06-08,27.01,27.48,26.73,26.97,209245
2021-06-09,27.0,27.17,26.28,26.49,158538
2021-06-10,26.68,27.96,26.65,27.86,377505
2021-06-11,27.77,27.78,27.19,27.28,234095
2021-06-15,27.29,27.35,26.57,26.63,168006
2021-06-16,26.58,26.91,25.94,26.18,167505
2021-06-17,26.14,27.54,26.07,27.45,255384
2021-06-18,27.55,28.01,27.41,27.59,251427
2021-06-21,27.59,28.38,27.14,27.91,198214
2021-06-22,28.0,28.17,27.35,27.46,148809
2021-06-23,27.47,28.18,27.2,27.82,223212
2021-06-24,27.7,27.72,27.16,27.19,150259
2021-06-25,27.27,27.47,26.91,27.27,122967
2021-06-28,27.2,27.52,27.03,27.43,122281
2021-06-29,27.3,27.45,26.22,26.35,215341
2021-06-30,26.35,26.93,26.3,26.71,133637
2021-07-01,27.1,27.23,26.28,26.29,145851
2021-07-02,26.24,26.48,25.3,25.48,179821
2021-07-05,25.68,25.99,25.35,25.63,150890
2021-07-06,25.67,25.94,25.22,25.49,144136
2021-07-07,25.5,26.16,25.01,26.02,168408
2021-07-08,26.11,28.71,25.81,28.71,633747
2021-07-09,28.3,28.98,28.13,28.86,545785
2021-07-12,28.9,29.76,28.69,29.18,492564
2021-07-13,29.18,30.23,28.68,29.09,437553
2021-07-14,28.7,29.43,28.6,28.6,288761
2021-07-15,28.68,29.43,28.68,29.01,278619
2021-07-16,28.76,30.2,28.63,29.89,439511
2021-07-19,29.85,31.1,29.2,31.01,493123
2021-07-20,30.6,31.59,30.45,30.63,340827
2021-07-21,30.65,31.27,30.2,30.69,295879
2021-07-22,31.09,31.56,30.6,30.84,331561
2021-07-23,30.7,30.72,29.57,29.58,346503
2021-07-26,29.19,30.22,28.68,29.54,291978
2021-07-27,29.85,31.36,29.6,30.19,480035
2021-07-28,29.77,31.4,29.14,30.44,473334
2021-07-29,31.09,31.95,30.45,31.74,555551
2021-07-30,31.71,31.88,30.86,31.38,383096
2021-08-02,31.15,32.51,31.11,32.3,395562
2021-08-03,32.29,32.29,30.61,30.68,429683
2021-08-04,30.69,31.28,30.32,30.9,261357
2021-08-05,30.84,30.84,29.3,29.62,438271
2021-08-06,29.79,31.38,29.39,31.1,428616
2021-08-09,30.8,31.27,30.0,30.13,348537
2021-08-10,30.1,31.13,29.65,30.75,347946
2021-08-11,30.64,30.76,29.85,30.11,248915
2021-08-12,29.98,30.96,29.85,30.1,238549
2021-08-13,29.95,29.95,28.82,29.0,342532
2021-08-16,29.1,29.42,28.73,29.2,149072
2021-08-17,29.2,29.29,28.02,28.17,223105
2021-08-18,28.21,28.94,28.21,28.64,163918
2021-08-19,28.83,29.24,28.71,28.8,150845
2021-08-20,28.8,29.18,28.5,29.18,163190
2021-08-23,29.22,29.6,29.02,29.38,189580
2021-08-24,29.37,29.46,29.03,29.2,157302
2021-08-25,29.24,29.58,28.92,29.47,204342
2021-08-26,29.11,29.24,28.21,28.26,248747
2021-08-27,28.13,28.55,27.75,28.5,200106
2021-08-30,29.23,29.38,28.31,28.4,211877
2021-08-31,27.97,28.2,27.18,27.42,230964
2021-09-01,27.36,27.86,27.0,27.66,190435
2021-09-02,27.65,27.65,27.12,27.3,137173
2021-09-03,27.3,27.66,27.24,27.42,127461
2021-09-06,27.3,28.07,27.25,28.03,155692
2021-09-07,27.9,28.4,27.86,28.19,130854
2021-09-08,28.19,28.44,27.99,28.32,139661
2021-09-09,28.24,28.42,28.03,28.39,143452
2021-09-10,28.38,28.95,28.24,28.53,193098
2021-09-13,28.52,28.55,27.75,27.85,167786
2021-09-14,27.83,28.16,27.05,27.16,195862
2021-09-15,27.1,27.14,26.6,26.73,163375
2021-09-16,26.65,26.99,26.21,26.21,150466
2021-09-17,26.22,26.54,25.96,26.47,121743
2021-09-22,26.15,26.65,26.07,26.58,88611
2021-09-23,26.68,27.06,26.68,26.78,109935
2021-09-24,26.84,26.94,26.52,26.55,81866
2021-09-27,26.87,27.3,26.7,26.92,143016
2021-09-28,26.8,26.9,26.19,26.4,98657
2021-09-29,26.33,26.33,25.62,25.71,121077
2021-09-30,25.7,26.07,25.7,25.92,68694
2021-10-08,26.2,26.88,26.1,26.48,101556
2021-10-11,26.52,26.9,26.52,26.78,99523
2021-10-12,26.79,26.88,26.37,26.67,90284
2021-10-13,26.78,26.79,26.4,26.77,75588
2021-10-14,26.77,26.87,26.63,26.78,69247
2021-10-15,26.9,27.69,26.9,27.29,186460
2021-10-18,27.29,27.29,26.86,27.01,83713
2021-10-19,27.02,27.17,26.89,26.94,70805
2021-10-20,27.25,27.39,25.93,26.16,175621
2021-10-21,25.96,27.05,25.96,26.6,163024
2021-10-22,26.43,27.31,26.41,26.95,122769
2021-10-25,26.95,27.09,26.63,26.97,88931
2021-10-26,26.97,27.29,26.79,27.21,143220
2021-10-27,27.25,27.31,26.09,26.4,164133
2021-10-28,26.4,26.73,26.1,26.29,114518
2021-10-29,26.35,26.73,26.21,26.57,95508
2021-11-01,26.42,27.18,26.33,26.98,123107
2021-11-02,26.96,27.32,26.46,26.8,136518
2021-11-03,26.98,27.4,26.83,27.15,133737
2021-11-04,27.1,27.9,27.1,27.55,234095
2021-11-05,27.55,28.1,27.48,27.94,228396
2021-11-08,28.01,28.02,27.44,27.6,147366
2021-11-09,27.85,27.85,27.29,27.75,174028
2021-11-10,27.75,28.16,27.53,27.7,169813
2021-11-11,27.58,28.52,27.55,28.17,189223
2021-11-12,28.11,28.44,27.96,28.17,149300
2021-11-15,28.33,28.78,28.12,28.16,195574
2021-11-16,28.23,29.11,28.11,28.78,333448
2021-11-17,28.8,28.88,28.47,28.73,194510
2021-11-18,28.65,28.83,27.91,27.93,192350
2021-11-19,27.9,28.33,27.65,28.08,155073
2021-11-22,28.06,28.53,27.96,28.41,142394
2021-11-23,28.45,28.6,28.15,28.24,138175
2021-11-24,28.3,28.3,27.96,28.07,143399
2021-11-25,28.27,28.55,27.99,28.01,151710
2021-11-26,27.83,27.98,26.82,26.83,325856
2021-11-29,26.37,26.92,26.3,26.79,132305
2021-11-30,26.8,27.22,26.78,27.06,185189
2021-12-01,26.94,27.18,26.81,27.06,113136
2021-12-02,27.02,27.04,26.61,26.69,128557
2021-12-03,26.77,27.16,26.71,27.07,123626
2021-12-06,27.07,27.11,26.7,26.71,110162
2021-12-07,26.71,26.89,26.4,26.71,102255
2021-12-08,26.74,27.4,26.7,27.17,130122
2021-12-09,27.25,27.87,27.2,27.6,212115
2021-12-10,27.45,27.69,27.28,27.5,124292
2021-12-13,27.56,27.92,27.4,27.71,151917
2021-12-14,27.72,27.92,27.54,27.72,137629
2021-12-15,27.73,28.04,27.53,27.57,134189
2021-12-16,27.43,27.85,27.13,27.71,170238
2021-12-17,27.71,27.81,26.76,26.78,265708
2021-12-20,26.52,26.85,26.08,26.11,174377
2021-12-21,26.13,26.37,25.98,26.36,108628
2021-12-22,26.46,26.54,26.25,26.29,100595
2021-12-23,26.2,26.48,26.13,26.34,112331
2021-12-24,26.35,26.4,26.0,26.06,112861
2021-12-27,26.06,26.27,26.01,26.26,71764
2021-12-28,26.3,26.42,26.2,26.36,80924
2021-12-29,26.4,26.41,26.17,26.35,83451
2021-12-30,26.31,26.78,26.28,26.67,137811
2021-12-31,26.76,26.8,26.51,26.67,89845
2022-01-04,26.77,27.85,26.75,27.83,350336
2022-01-05,27.67,28.09,27.6,27.68,257974
2022-01-06,27.52,28.2,27.29,28.02,238558
2022-01-07,28.09,28.27,27.3,27.33,187514
2022-01-10,27.33,30.08,27.31,29.56,780065
2022-01-11,29.58,29.77,28.9,28.94,329815
2022-01-12,29.05,29.18,28.61,28.93,259883
2022-01-13,29.35,29.49,28.44,28.47,241314
2022-01-14,28.23,28.99,28.22,28.29,191805
2022-01-17,28.65,30.45,28.65,30.26,640203
2022-01-18,30.28,31.4,30.2,30.48,673761
2022-01-19,30.45,30.75,30.0,30.58,341290
2022-01-20,30.68,31.08,30.17,30.64,357901
2022-01-21,30.44,31.29,30.21,31.01,371136
2022-01-24,30.78,31.92,30.53,30.96,355681
2022-01-25,30.5,31.04,29.3,29.4,455801
2022-01-26,29.8,30.05,29.0,29.37,280600
2022-01-27,29.3,29.37,27.98,28.17,322992
2022-01-28,28.17,30.57,27.99,29.45,378057
2022-02-07,30.1,30.19,29.03,29.25,303735
2022-02-08,28.95,30.19,28.32,30.06,335492
2022-02-09,29.78,31.68,29.76,31.28,590027
2022-02-10,31.05,31.59,30.88,31.04,274611
2022-02-11,30.85,31.27,30.48,30.93,234093
2022-02-14,30.73,30.83,29.93,30.28,227757
2022-02-15,30.22,30.98,29.22,29.79,298350
2022-02-16,30.11,30.78,29.76,30.17,240118
2022-02-17,30.1,30.72,29.5,29.8,260970
2022-02-18,30.6,31.6,30.6,31.15,446068
2022-02-21,32.3,34.04,32.27,33.08,806610
2022-02-22,32.4,33.0,32.27,32.5,413972
2022-02-23,33.1,33.32,32.34,32.84,419719
2022-02-24,32.6,33.7,31.43,32.29,576064
2022-02-25,32.6,33.2,32.1,32.79,349629
2022-02-28,32.73,32.76,31.73,32.06,286536
2022-03-01,32.3,33.26,32.08,33.26,418576
2022-03-02,32.87,33.53,32.7,33.5,308158
2022-03-03,33.55,33.59,31.94,31.95,378242
2022-03-04,31.69,32.64,31.6,31.96,248056
2022-03-07,31.76,32.0,30.49,30.74,351414
2022-03-08,31.0,31.28,29.79,29.81,364612
2022-03-09,29.75,30.85,29.05,30.8,457429
2022-03-10,31.98,31.99,31.05,31.24,284467
2022-03-11,30.85,31.38,30.12,31.24,248939
2022-03-14,30.9,31.9,30.75,31.21,240267
2022-03-15,31.09,31.98,30.1,30.14,362576
2022-03-16,30.65,32.6,29.8,32.37,464931
2022-03-17,32.76,32.77,32.0,32.15,433978
2022-03-18,31.91,32.54,31.4,31.49,309265
2022-03-21,31.53,31.54,30.27,30.85,354359
2022-03-22,30.56,31.16,30.53,30.96,203664
2022-03-23,30.98,31.15,30.45,30.55,220458
2022-03-24,30.33,30.33,29.28,29.32,287400
2022-03-25,29.46,29.64,28.98,28.99,186133
2022-03-28,28.65,29.19,28.37,28.86,142959
2022-03-29,28.88,29.08,27.5,27.7,265655
2022-03-30,28.0,28.55,27.78,28.54,229113
2022-03-31,28.34,28.8,27.9,28.79,191781
2022-04-01,28.52,29.26,28.31,28.92,195597
2022-04-06,28.74,29.05,28.59,28.9,113230
2022-04-07,28.75,29.09,27.85,27.87,149438
2022-04-08,27.81,27.87,26.94,27.28,192879
2022-04-11,27.11,27.17,26.1,26.41,202040
2022-04-12,26.41,27.16,26.33,27.09,153711
2022-04-13,27.04,27.04,26.45,26.47,112643
2022-04-14,26.82,27.37,26.46,27.14,167866
2022-04-15,26.98,28.02,26.9,27.96,209025
2022-04-18,27.73,28.07,27.28,27.78,124526
2022-04-19,27.67,27.88,27.27,27.35,101602
2022-04-20,27.65,27.87,27.13,27.18,111052
2022-04-21,27.0,27.6,26.8,26.91,134971
2022-04-22,26.65,27.55,26.5,27.36,183318
2022-04-25,27.0,27.05,25.71,25.8,181558
2022-04-26,25.79,26.04,23.13,23.13,406974
2022-04-27,22.66,24.5,21.1,24.42,353766
2022-04-28,24.1,24.22,23.55,23.62,206665
2022-04-29,23.79,25.27,23.63,24.9,241583
2022-05-05,24.9,25.61,24.81,25.27,183452
2022-05-06,24.75,26.68,24.43,25.04,350436
2022-05-09,24.54,25.25,24.4,24.6,155342
2022-05-10,24.21,25.16,24.08,25.03,141505
2022-05-11,25.02,26.27,24.95,25.39,237695
2022-05-12,25.18,25.7,24.86,25.22,139778
2022-05-13,25.42,25.47,24.94,25.13,78843
2022-05-16,25.2,25.39,24.03,24.14,235030
2022-05-17,24.13,24.37,23.83,24.3,125627
2022-05-18,24.61,25.2,24.23,24.27,175634
2022-05-19,23.85,24.08,23.58,23.9,163073
2022-05-20,23.98,24.29,23.9,24.28,132747
2022-05-23,24.39,24.48,24.0,24.47,125881
2022-05-24,24.46,24.47,22.86,22.93,192193
2022-05-25,23.01,23.52,22.98,23.35,119482
2022-05-26,23.42,24.06,22.86,23.81,185587
2022-05-27,23.85,24.06,23.48,23.72,106616
2022-05-30,23.73,23.84,23.48,23.66,117327
2022-05-31,23.64,24.32,23.37,24.19,172844
2022-06-01,24.06,24.31,23.83,24.0,133866
2022-06-02,23.91,24.61,23.65,24.54,148464
2022-06-06,24.53,25.63,24.52,25.52,335237
2022-06-07,25.57,26.96,25.31,26.64,324719
2022-06-08,26.6,28.51,26.41,27.59,578186
2022-06-09,27.59,28.14,26.45,26.6,331344
2022-06-10,26.42,27.22,26.36,26.94,190644
2022-06-13,26.89,27.09,26.44,26.97,166165
2022-06-14,26.47,26.7,25.78,26.6,195524
2022-06-15,26.6,27.44,26.56,26.87,207917
2022-06-16,27.01,27.8,26.87,26.96,154899
2022-06-17,26.72,27.05,26.26,26.9,149444
2022-06-20,27.13,27.62,26.82,27.34,191507
2022-06-21,27.04,27.31,26.54,26.98,156951
2022-06-22,27.39,27.49,26.49,26.55,144765
2022-06-23,26.86,26.93,26.16,26.8,180868
2022-06-24,26.92,27.54,26.92,27.22,212093
2022-06-27,27.26,28.12,27.11,28.01,250564
2022-06-28,27.87,28.26,27.59,28.06,187652
2022-06-29,27.86,28.34,27.65,27.68,194365
2022-06-30,27.69,28.3,27.41,28.28,219224
2022-07-01,28.46,28.84,27.63,27.71,215469
2022-07-04,27.72,28.42,27.28,28.34,188587
2022-07-05,28.21,28.41,26.85,27.22,282454
2022-07-06,27.17,27.71,26.86,27.12,152463
2022-07-07,26.98,27.31,26.98,27.12,85049
2022-07-08,27.26,27.28,26.92,26.99,97897
2022-07-11,26.95,26.96,26.03,26.34,159032
2022-07-12,26.41,26.42,25.64,25.64,133781
2022-07-13,25.8,26.21,25.66,26.04,89900
2022-07-14,26.06,26.58,25.87,26.27,90707
2022-07-15,26.17,26.49,25.44,25.54,165078
2022-07-18,25.53,26.09,25.52,26.01,102461
2022-07-19,25.96,26.56,25.88,26.52,108630
2022-07-20,26.53,27.14,26.42,27.11,150271
2022-07-21,27.0,27.3,26.7,26.74,104373
2022-07-22,26.66,26.91,25.92,26.21,123834
2022-07-25,26.42,26.52,25.96,26.26,60333
2022-07-26,27.21,28.82,26.82,28.26,447515
2022-07-27,28.26,28.49,27.88,27.99,195283
2022-07-28,28.09,29.25,28.09,28.94,305892
2022-07-29,28.97,29.11,27.91,28.06,206482
2022-08-01,28.21,28.95,27.53,28.64,215387
2022-08-02,28.06,28.74,27.76,28.06,218081
2022-08-03,28.47,29.89,28.26,29.11,456654
2022-08-04,29.38,29.95,28.94,29.54,285100
2022-08-05,29.78,32.56,29.78,32.26,745774
2022-08-08,33.86,34.26,32.59,32.69,696144
2022-08-09,32.91,33.04,31.29,31.95,435402
2022-08-10,31.82,33.46,31.74,32.62,408620
2022-08-11,33.56,33.86,31.89,32.01,425028
2022-08-12,32.35,32.4,28.79,29.13,904164
2022-08-15,28.74,28.81,28.11,28.22,414333
2022-08-16,28.24,28.37,27.73,27.89,336889
2022-08-17,28.44,28.51,27.91,28.28,295061
2022-08-18,28.06,28.38,27.76,28.28,236469
2022-08-19,28.27,28.5,27.56,27.68,238489
2022-08-22,27.46,27.8,27.21,27.51,173054
2022-08-23,27.46,27.91,27.34,27.78,151981
2022-08-24,27.59,27.69,26.66,26.67,250326
2022-08-25,26.73,26.86,26.36,26.79,143351
2022-08-26,26.81,26.92,25.74,25.91,241919
2022-08-29,25.56,25.82,25.36,25.49,198176
2022-08-30,25.5,25.7,25.37,25.65,127707
2022-08-31,25.61,25.82,25.38,25.55,144020
2022-09-01,26.26,27.32,26.26,26.49,431395
2022-09-02,26.25,26.73,25.94,26.19,223008
2022-09-05,25.92,26.25,25.68,26.24,127589
2022-09-06,25.75,25.75,24.31,24.56,535779
2022-09-07,24.46,24.72,24.42,24.68,167945
2022-09-08,24.56,24.8,24.52,24.62,109732
2022-09-09,24.65,24.92,24.59,24.68,121855
2022-09-13,24.76,24.9,24.33,24.37,182344
2022-09-14,23.96,24.43,23.78,24.36,158611
2022-09-15,24.36,24.54,23.41,23.7,203466
2022-09-16,23.66,25.46,23.58,24.5,480037
2022-09-19,24.56,25.21,24.13,24.46,217487
2022-09-20,24.45,24.71,23.99,24.15,152207
2022-09-21,24.01,24.02,23.16,23.62,191081
2022-09-22,23.62,24.36,23.5,24.22,214585
2022-09-23,24.02,24.3,23.34,23.57,145820
2022-09-26,23.29,23.45,22.77,22.79,166899
2022-09-27,22.86,23.63,22.86,23.59,151711
2022-09-28,23.46,23.55,23.07,23.23,101875
2022-09-29,23.44,23.73,22.95,23.22,117769
2022-09-30,23.16,23.31,22.94,22.98,100322
2022-10-10,22.95,22.95,20.61,20.61,372396
2022-10-11,20.34,20.57,19.54,19.83,331583
2022-10-12,19.83,20.9,19.58,20.82,261858
2022-10-13,20.62,21.74,20.52,21.32,300958
2022-10-14,21.52,21.81,21.26,21.59,238657
2022-10-17,21.72,22.35,21.67,22.12,232526
2022-10-18,22.26,22.34,21.96,22.1,160188
2022-10-19,21.94,22.19,21.75,21.86,140066
2022-10-20,21.66,23.13,21.62,22.76,333901
2022-10-21,22.47,22.64,21.96,22.35,210122
2022-10-24,22.48,22.93,22.21,22.36,227974
2022-10-25,22.21,22.6,21.88,22.11,161653
2022-10-26,22.09,23.35,22.02,23.0,271686
2022-10-27,23.0,23.92,22.84,23.22,309885
2022-10-28,23.02,23.64,22.58,22.81,238441
2022-10-31,22.94,24.15,22.94,24.15,430835
2022-11-01,24.16,24.2,23.53,24.16,353819
2022-11-02,24.08,24.53,23.93,24.14,300270
2022-11-03,23.96,24.13,23.4,23.78,257543
2022-11-04,23.64,24.14,23.58,24.0,230311
2022-11-07,24.0,24.52,23.82,23.95,218606
2022-11-08,23.82,24.36,23.67,24.26,226226
2022-11-09,24.35,24.35,23.62,23.62,198053
2022-11-10,23.45,23.83,23.36,23.47,144850
2022-11-11,23.96,24.13,23.29,23.45,236743
2022-11-14,23.46,23.82,23.29,23.58,154979
2022-11-15,23.38,24.03,23.38,24.01,239054
2022-11-16,24.07,24.22,23.7,23.8,179462
2022-11-17,23.91,24.81,23.71,24.76,451909
2022-11-18,24.82,25.55,24.26,24.47,549121
2022-11-21,24.06,24.45,23.83,24.28,235080
2022-11-22,24.16,24.77,23.97,24.19,243225
2022-11-23,24.06,24.86,23.81,24.32,279259
2022-11-24,24.16,24.36,22.34,22.55,586062
2022-11-25,22.41,22.75,22.36,22.5,186869
2022-11-28,22.06,22.65,21.97,22.41,128006
2022-11-29,22.41,22.89,22.36,22.71,145223
2022-11-30,22.71,22.96,22.63,22.74,113723
2022-12-01,22.96,23.27,22.84,23.21,214537
2022-12-02,23.14,23.54,23.06,23.15,129320
2022-12-05,23.35,23.53,23.06,23.49,154110
2022-12-06,23.48,23.75,23.26,23.49,138498
2022-12-07,23.55,23.55,23.11,23.28,128848
2022-12-08,23.18,23.27,22.96,22.98,106133
2022-12-09,22.96,23.01,22.68,22.76,121886
2022-12-12,22.66,23.06,22.66,22.89,110701
2022-12-13,22.9,23.01,22.13,22.35,148748
2022-12-14,22.51,22.68,22.39,22.49,108941
2022-12-15,22.4,22.8,22.27,22.59,93304
2022-12-16,22.43,22.43,21.86,21.98,149478
2022-12-19,21.98,22.18,21.61,21.78,109436
2022-12-20,21.84,22.01,21.33,21.44,100875
2022-12-21,21.45,21.54,21.09,21.27,86025
2022-12-22,21.46,21.5,21.04,21.19,79550
2022-12-23,21.16,21.26,20.93,21.14,101471
2022-12-26,21.15,21.54,21.14,21.36,110401
2022-12-27,21.44,21.53,21.18,21.52,92089
2022-12-28,21.41,21.41,21.08,21.12,93403
2022-12-29,21.0,21.41,20.98,21.15,95107
2022-12-30,21.31,21.48,21.21,21.4,80636
2023-01-03,21.4,22.13,21.25,22.07,206994
2023-01-04,22.08,22.28,22.02,22.22,151476
2023-01-05,22.16,22.39,22.05,22.35,117035
2023-01-06,22.29,22.41,22.17,22.26,113131
2023-01-09,22.43,22.44,22.11,22.21,94473
2023-01-10,22.26,22.36,22.09,22.11,88329
2023-01-11,22.15,22.3,21.82,21.83,109006
2023-01-12,21.94,22.04,21.71,21.89,107033
2023-01-13,21.94,21.99,21.77,21.96,68699
2023-01-16,21.95,22.7,21.95,22.6,203051
2023-01-17,22.56,22.7,22.32,22.43,116086
2023-01-18,22.46,22.72,22.38,22.65,108433
2023-01-19,22.56,23.21,22.54,23.16,179058
2023-01-20,23.01,23.86,22.97,23.45,231732
2023-01-30,24.08,24.09,23.43,23.59,267133
2023-01-31,23.49,23.8,23.32,23.37,214754
2023-02-01,23.38,23.96,23.38,23.96,226614
2023-02-02,24.07,24.48,23.94,24.11,318329
2023-02-03,24.14,24.38,23.76,24.36,267721
2023-02-06,24.25,25.03,24.16,24.69,376084
2023-02-07,24.86,25.62,24.41,25.35,481988
2023-02-08,25.51,25.78,24.65,24.65,426538
2023-02-09,24.37,27.14,24.34,26.45,868621
2023-02-10,26.26,26.64,25.68,25.91,588673
2023-02-13,25.97,27.61,25.97,27.06,789056
2023-02-14,28.14,29.76,27.92,28.35,1151095
2023-02-15,28.85,31.13,28.25,30.89,1474045
2023-02-16,30.07,30.71,28.36,28.83,1492733
2023-02-17,28.83,29.01,27.04,27.08,929114
2023-02-20,27.14,29.46,26.92,29.22,967148
2023-02-21,28.86,30.02,28.59,28.85,870249
2023-02-22,28.72,30.15,28.19,29.61,808967
2023-02-23,29.36,29.53,28.27,28.35,610379
2023-02-24,29.43,31.26,29.27,30.83,1727361
2023-02-27,30.8,31.58,30.34,30.67,1190611
2023-02-28,31.58,31.87,30.45,31.59,1211815
2023-03-01,31.27,34.64,31.14,33.59,1571637
2023-03-02,33.44,34.26,33.08,33.44,991816
2023-03-03,32.11,32.86,30.64,32.26,1767294
2023-03-06,32.26,33.82,32.26,33.05,1205883
2023-03-07,33.05,33.09,31.35,31.69,889853
2023-03-08,31.65,32.28,31.01,32.26,769700
2023-03-09,32.22,33.61,31.69,32.86,910402
2023-03-10,32.28,32.76,31.48,31.49,708710
2023-03-13,31.27,33.4,31.27,33.08,908220
2023-03-14,32.77,32.95,31.37,32.08,842748
2023-03-15,32.62,32.76,31.54,31.66,467630
2023-03-16,31.45,31.75,30.29,30.37,811798
2023-03-17,30.91,32.86,30.66,32.42,1084465
2023-03-20,32.46,35.11,32.46,33.06,1243101
2023-03-21,33.56,34.56,32.69,33.93,850662
2023-03-22,33.66,36.94,33.42,36.6,1448784
2023-03-23,36.26,38.38,36.16,37.44,1413786
2023-03-24,36.94,39.35,36.61,38.76,1268210
2023-03-27,38.36,38.86,36.96,37.66,1174059
2023-03-28,37.46,38.12,36.11,36.46,870130
2023-03-29,36.32,40.18,35.86,39.27,1982345
2023-03-30,38.81,39.41,36.94,37.38,1424675
2023-03-31,37.06,38.24,36.05,37.59,941522
2023-04-03,37.96,40.94,37.96,40.72,1481281
2023-04-04,40.71,42.42,39.74,40.42,1215068
2023-04-06,39.26,41.27,39.22,39.94,1056252
2023-04-07,39.68,39.96,38.79,39.34,695680
2023-04-10,39.16,40.56,37.07,37.82,1036821
2023-04-11,37.82,40.28,36.95,40.28,1113058
2023-04-12,40.85,43.59,40.59,42.11,1498839
2023-04-13,41.63,42.32,38.16,38.82,1158437
2023-04-14,39.42,42.05,38.05,40.79,992532
2023-04-17,40.55,43.56,39.85,42.81,1176182
2023-04-18,43.15,47.17,41.96,47.14,1859106
2023-04-19,46.97,51.93,46.97,49.0,2599340
2023-04-20,50.46,53.97,49.48,53.97,1853572
2023-04-21,53.26,54.26,51.31,52.8,1784624
2023-04-24,51.41,54.81,50.36,53.25,1523275
2023-04-25,52.87,58.65,51.87,58.65,1786923
2023-04-26,57.16,57.74,52.71,52.71,1851328
2023-04-27,50.26,51.76,47.37,47.37,2123931
2023-04-28,47.26,50.34,47.23,49.96,1567780
2023-05-04,49.25,51.41,48.98,50.01,1168156
2023-05-05,49.46,50.15,46.84,47.67,1176596
2023-05-08,48.19,50.76,46.94,49.81,1040508
2023-05-09,49.26,54.26,49.09,52.24,1363835
2023-05-10,51.64,52.68,48.15,49.36,1145893
2023-05-11,48.76,49.23,45.2,45.61,1310664
2023-05-12,45.74,46.52,44.77,44.92,803978
2023-05-15,45.07,45.36,43.09,45.25,863200
2023-05-16,44.85,45.24,43.35,43.46,674201
2023-05-17,43.45,45.92,43.43,44.69,837747
2023-05-18,44.96,48.41,44.94,47.6,1187197
2023-05-19,47.65,49.24,46.18,46.36,831404
2023-05-22,45.66,47.42,44.6,45.41,611875
2023-05-23,45.01,45.41,43.89,44.08,509607
2023-05-24,44.14,45.16,43.14,43.98,620899
2023-05-25,45.89,47.16,44.16,46.46,1003846
2023-05-26,46.07,50.14,45.76,49.4,1262828
2023-05-29,49.88,51.26,49.22,49.35,1001246
2023-05-30,48.48,53.51,48.48,53.3,1239914
2023-05-31,52.92,53.25,51.76,52.76,828921
2023-06-01,51.76,54.46,51.59,51.95,974964
2023-06-02,52.36,52.76,50.03,50.04,887148
2023-06-05,50.05,51.51,49.88,51.02,606525
2023-06-06,51.91,52.46,48.75,49.26,830368
2023-06-07,48.92,50.06,48.18,49.07,635642
2023-06-08,48.52,49.82,47.34,49.08,708775
2023-06-09,48.88,51.96,47.98,51.52,984898
2023-06-12,51.07,52.9,50.49,50.68,716927
2023-06-13,50.34,54.43,49.36,53.26,1295483
2023-06-14,52.88,56.15,51.19,54.89,1470504
2023-06-15,54.48,55.28,53.3,53.39,785626
2023-06-16,53.08,55.97,52.31,55.26,1163952
2023-06-19,55.88,60.68,54.98,60.6,1431604
2023-06-20,58.97,60.19,56.62,59.16,1369545
2023-06-21,57.68,57.86,54.11,54.14,1140550
2023-06-26,52.48,53.74,48.67,48.67,1125014
2023-06-27,48.61,49.3,47.18,48.71,790576
2023-06-28,48.83,48.96,44.78,47.28,1017455
2023-06-29,47.62,49.28,46.68,49.22,791959
2023-06-30,48.68,51.11,48.23,50.38,675507
2023-07-03,49.92,50.47,47.98,49.61,589850
2023-07-04,48.98,50.23,48.98,49.58,396090
2023-07-05,49.44,49.69,47.53,47.54,561440
2023-07-06,47.0,49.38,46.94,48.23,499639
2023-07-07,47.93,48.12,45.7,46.26,569612
2023-07-10,46.26,46.72,45.89,46.33,295403
2023-07-11,46.28,49.27,46.28,48.15,615310
2023-07-12,47.46,48.24,44.28,44.62,899158
2023-07-13,44.65,45.94,44.31,45.19,562285
2023-07-14,45.75,48.98,45.61,48.18,993938
2023-07-17,48.17,50.48,47.72,48.98,854573
2023-07-18,48.98,49.86,47.95,47.96,573764
2023-07-19,48.18,48.91,46.68,47.47,416799
2023-07-20,47.38,47.53,44.59,44.73,616921
2023-07-21,44.53,44.98,43.09,43.6,522652
2023-07-24,44.27,47.23,44.18,45.62,760152
2023-07-25,46.48,46.68,45.04,45.66,569816
2023-07-26,45.66,45.66,44.18,44.65,351627
2023-07-27,44.43,45.18,43.98,44.23,306081
2023-07-28,43.93,44.98,43.4,44.63,452502
2023-07-31,43.98,45.28,43.38,44.38,498519
2023-08-01,44.03,45.66,43.66,45.12,520889
2023-08-02,44.52,45.1,44.14,44.48,302272
2023-08-03,44.08,45.48,43.98,44.74,377743
2023-08-04,44.47,46.48,44.31,46.12,628824
2023-08-07,46.48,47.16,45.38,45.51,591361
2023-08-08,45.26,45.78,44.56,44.63,336769
2023-08-09,44.48,44.96,41.68,41.92,809006
2023-08-10,41.58,42.28,40.99,41.68,438035
2023-08-11,41.86,42.06,39.97,40.12,479616
2023-08-14,39.46,41.29,39.33,41.28,426272
2023-08-15,41.62,41.85,40.18,40.65,358867
2023-08-16,40.29,40.65,39.34,39.47,341645
2023-08-17,39.36,40.88,38.98,40.3,326311
2023-08-18,40.27,40.34,38.76,38.76,295260
2023-08-21,38.96,39.78,38.68,38.83,268590
2023-08-22,39.61,40.38,38.59,40.33,476567
2023-08-23,39.73,39.82,38.52,38.66,392995
2023-08-24,39.37,39.84,38.84,39.07,433295
2023-08-25,38.48,38.48,36.26,36.6,687622
2023-08-28,39.54,39.55,37.39,37.64,597717
2023-08-29,37.64,39.33,37.25,38.83,525912
2023-08-30,38.86,40.33,38.69,39.86,588785
2023-08-31,39.48,41.22,39.31,40.17,589394
2023-09-01,39.95,40.4,39.41,39.78,342199
2023-09-04,40.07,41.34,39.67,41.33,531030
2023-09-05,41.07,41.07,39.73,39.82,452006
2023-09-06,39.49,40.33,39.08,40.09,299754
2023-09-07,39.95,39.95,38.91,38.91,277596
2023-09-08,38.85,39.23,38.08,38.08,322236
2023-09-11,38.08,41.26,37.97,39.82,633434
2023-09-12,39.82,40.48,39.63,39.88,402330
2023-09-13,39.48,39.49,38.09,38.57,402211
2023-09-14,38.39,38.83,37.65,37.87,260329
2023-09-15,37.91,38.23,37.31,37.49,240854
2023-09-18,37.28,37.82,36.67,36.88,255656
2023-09-19,36.91,37.03,36.16,36.26,238957
2023-09-20,36.53,37.23,36.36,36.38,295083
2023-09-21,35.99,37.48,35.88,36.7,325040
2023-09-22,36.55,38.68,36.55,38.61,655034
2023-09-25,38.58,38.83,37.93,38.27,352177
2023-09-26,38.1,39.6,38.09,38.78,419467
2023-09-27,38.28,38.69,37.95,38.0,389895
2023-09-28,38.09,38.37,37.62,38.02,331510
2023-10-09,37.78,38.31,37.23,38.08,257720
2023-10-10,38.33,38.46,37.69,37.83,244037
2023-10-11,37.96,39.89,37.59,38.86,582934
2023-10-12,38.98,39.22,38.09,38.58,318388
2023-10-13,38.16,38.17,36.62,36.89,455317
2023-10-16,36.85,36.92,35.92,36.18,268984
2023-10-17,36.36,36.38,35.26,35.86,263629
2023-10-18,36.48,37.26,34.15,36.05,592862
2023-10-19,35.53,38.8,35.48,36.9,727635
2023-10-20,36.47,37.08,35.46,35.54,395263
2023-10-23,35.07,35.62,33.72,34.0,366433
2023-10-24,34.18,34.9,33.72,34.14,323743
2023-10-25,34.62,35.72,34.51,34.93,406630
2023-10-26,34.36,35.12,34.17,34.96,317331
2023-10-27,34.88,36.44,34.19,35.63,439808
2023-10-30,35.56,37.06,35.44,37.06,475121
2023-10-31,36.96,36.97,35.95,36.27,358361
2023-11-01,36.16,37.56,36.16,36.73,477786
2023-11-02,36.86,37.37,36.13,36.24,291702
2023-11-03,36.16,37.01,36.09,36.82,303682
2023-11-06,37.35,38.49,36.93,38.35,508416
2023-11-07,38.13,39.83,38.04,39.65,633392
2023-11-08,39.61,41.22,39.57,39.97,767051
2023-11-09,39.81,41.0,39.75,40.46,618158
2023-11-10,39.81,40.16,39.04,39.04,484224
2023-11-13,39.18,40.24,39.16,39.66,383185
2023-11-14,39.71,40.27,39.26,39.92,351260
2023-11-15,40.92,40.96,39.96,39.96,346983
2023-11-16,39.6,40.23,39.31,39.31,247017
2023-11-17,39.16,40.05,39.06,39.7,260925
2023-11-20,39.76,41.05,38.91,40.67,527267
2023-11-21,40.5,40.73,39.44,39.52,333132
2023-11-22,39.5,39.8,38.92,38.92,259771
2023-11-23,38.86,39.46,38.17,39.3,310240
2023-11-24,39.23,39.23,37.49,37.56,374156
2023-11-27,37.22,37.82,37.19,37.42,222135
2023-11-28,37.54,38.11,37.31,37.68,221575
2023-11-29,37.57,37.93,37.23,37.25,208987
2023-11-30,37.06,37.3,36.26,36.61,289750
2023-12-01,36.52,38.06,36.44,37.69,336164
2023-12-04,37.8,40.66,37.79,39.46,718355
2023-12-05,39.19,39.41,37.91,37.95,428767
2023-12-06,37.64,38.65,37.26,38.53,354463
2023-12-07,38.27,39.04,38.1,38.74,369229
2023-12-08,38.64,41.2,38.58,40.77,923880
2023-12-11,40.41,40.9,40.18,40.72,477186
2023-12-12,40.76,42.56,40.67,41.14,672947
2023-12-13,41.06,41.25,39.95,40.0,410431
2023-12-14,40.14,40.72,39.44,39.71,323914
2023-12-15,39.71,39.98,38.68,38.69,310732
2023-12-18,38.56,39.63,38.44,38.94,256211
2023-12-19,38.78,39.47,38.56,39.36,245743
2023-12-20,39.49,39.49,37.92,37.92,311725
2023-12-21,37.28,39.46,37.22,39.01,349150
2023-12-22,38.83,39.71,38.26,38.57,342786
2023-12-25,38.57,39.01,36.86,37.91,300460
2023-12-26,37.89,37.89,36.43,36.83,267832
2023-12-27,36.9,37.69,36.9,37.3,207462
2023-12-28,37.1,38.56,36.83,38.45,301579
2023-12-29,38.32,39.7,38.27,39.05,313880
2024-01-02,38.95,39.64,38.65,38.67,246385
2024-01-03,38.66,38.92,37.46,37.98,264739
2024-01-04,37.76,38.52,37.46,38.5,226438
2024-01-05,38.24,38.31,36.56,36.79,342918
2024-01-08,36.56,36.56,35.36,35.36,254990
2024-01-09,35.56,36.03,34.36,34.95,266248
2024-01-10,34.85,34.86,33.83,33.86,215305
2024-01-11,33.83,34.99,33.82,34.9,269921
2024-01-12,34.58,34.77,33.82,33.84,222824
2024-01-15,33.53,33.67,32.09,32.18,500976
2024-01-16,32.06,32.3,31.19,31.69,435476
2024-01-17,31.66,32.24,31.36,31.39,281490
2024-01-18,30.96,32.47,30.74,32.45,458735
2024-01-19,32.24,32.76,32.06,32.07,307947
2024-01-22,32.47,32.86,31.12,31.56,350340
2024-01-23,31.26,33.24,31.26,32.96,475287
2024-01-24,33.0,33.29,31.92,33.2,398674
2024-01-25,33.17,34.75,32.77,34.55,537115
2024-01-26,34.44,34.53,33.44,33.55,369727
2024-01-29,33.7,34.19,32.66,33.17,343518
2024-01-30,32.76,33.65,32.24,32.42,274132
2024-01-31,32.22,32.4,30.87,30.91,350634
2024-02-01,30.56,32.46,29.9,31.54,363368
2024-02-02,31.46,31.86,28.56,30.35,461567
2024-02-05,29.86,30.97,28.28,29.66,409965
2024-02-06,29.11,32.39,29.07,31.96,439360
2024-02-07,31.86,32.94,31.66,32.21,405647
2024-02-08,32.76,33.81,32.74,33.56,420773
2024-02-19,35.57,36.96,34.74,36.96,865297
2024-02-20,36.46,37.01,36.04,36.14,683703
2024-02-21,35.42,36.66,35.27,35.68,497427
2024-02-22,38.06,39.29,38.05,38.7,1201171
2024-02-23,39.29,39.43,38.42,38.88,901236
2024-02-26,39.03,42.36,38.74,41.25,1141289
2024-02-27,40.63,45.42,40.36,45.42,895780
2024-02-28,49.77,50.01,47.1,47.12,2620772
2024-02-29,48.12,50.92,47.36,49.27,2348190
2024-03-01,48.51,53.56,48.27,53.06,2145321
2024-03-04,54.36,54.36,51.43,53.48,1862161
2024-03-05,52.15,56.36,51.36,52.5,1858704
2024-03-06,51.66,54.96,51.24,54.06,1713587
2024-03-07,53.57,54.21,51.36,51.63,1465635
2024-03-08,52.16,53.14,51.32,52.71,1186345
2024-03-11,51.36,54.68,51.16,54.68,1426591
2024-03-12,54.46,54.53,52.26,52.76,1183153
2024-03-13,53.58,53.8,51.12,51.18,1224540
2024-03-14,50.16,52.63,50.15,51.86,1183551
2024-03-15,51.59,52.11,50.43,52.02,873247
2024-03-18,51.86,53.27,51.54,52.86,1177212
2024-03-19,52.36,53.66,51.64,51.99,874828
2024-03-20,51.86,54.49,51.86,52.98,1173258
2024-03-21,52.64,53.58,51.74,51.82,803350
2024-03-22,51.86,54.24,51.86,53.65,1408077
2024-03-25,53.56,53.93,51.33,51.33,1118744
2024-03-26,51.19,52.49,47.94,48.33,1458728
2024-03-27,48.27,48.73,46.44,46.61,930351
2024-03-28,46.86,49.48,46.68,48.43,1103207
2024-03-29,47.93,48.05,46.41,47.31,688075
2024-04-01,47.91,49.06,47.54,48.45,690567
2024-04-02,48.31,48.62,46.74,47.1,576369
2024-04-03,46.81,47.01,45.45,45.61,576502
2024-04-08,45.36,46.46,45.35,45.46,412734
2024-04-09,45.46,45.63,44.24,45.04,478818
2024-04-10,44.96,44.96,43.27,43.49,460364
2024-04-11,43.52,44.73,43.51,43.94,482854
2024-04-12,44.6,45.75,44.56,44.56,592906
2024-04-15,44.58,45.75,44.29,45.16,582599
2024-04-16,44.66,46.93,44.41,45.57,894511
2024-04-17,46.09,47.56,45.36,47.55,896397
2024-04-18,46.74,47.45,45.78,46.31,799053
2024-04-19,45.91,46.25,43.87,44.23,769633
2024-04-22,41.76,42.54,41.49,42.07,718340
2024-04-23,42.44,42.68,41.36,41.44,450558
2024-04-24,41.96,44.0,41.68,43.77,692655
2024-04-25,43.35,44.38,43.14,43.75,425567
2024-04-26,44.37,46.56,44.37,46.15,857434
2024-04-29,46.7,47.78,46.44,47.33,732785
2024-04-30,47.56,48.22,46.35,47.24,716256
2024-05-06,48.18,48.21,46.44,46.77,533740
2024-05-07,46.86,47.22,45.48,45.84,549856
2024-05-08,45.58,46.29,45.12,45.65,352290
2024-05-09,45.67,46.06,45.11,46.06,447618
2024-05-10,45.86,45.91,43.87,44.06,623749
2024-05-13,43.66,44.14,42.98,43.15,377971
2024-05-14,43.42,43.94,43.0,43.79,351395
2024-05-15,43.57,44.09,43.09,43.33,311629
2024-05-16,43.97,44.86,43.48,44.09,590214
2024-05-17,43.66,43.96,43.14,43.78,365430
2024-05-20,43.46,44.51,42.97,44.11,462990
2024-05-21,44.19,44.51,43.39,43.44,296624
2024-05-22,43.35,43.65,43.06,43.45,241930
2024-05-23,43.79,43.86,42.01,42.21,418900
2024-05-24,42.21,42.68,40.91,40.91,415192
2024-05-27,40.95,41.73,40.27,41.73,390834
2024-05-28,41.53,41.85,40.65,40.71,284395
2024-05-29,40.96,41.12,39.69,40.14,345946
2024-05-30,39.81,40.32,39.35,39.96,249240
2024-05-31,40.03,41.24,39.87,40.43,309811
2024-06-03,40.44,40.85,39.91,40.34,290386
2024-06-04,40.36,40.55,39.56,40.12,267803
2024-06-05,40.16,40.45,39.43,39.49,232705
2024-06-06,39.83,41.01,39.5,39.75,468422
2024-06-07,39.79,39.85,38.21,38.58,451072
2024-06-11,38.46,39.81,38.23,39.72,396550
2024-06-12,39.6,40.38,39.52,40.02,283448
2024-06-13,40.02,41.14,40.02,40.57,380984
2024-06-14,40.28,42.23,40.25,41.99,578391
2024-06-17,41.91,41.93,41.15,41.48,354874
2024-06-18,41.31,43.23,41.24,42.42,490593
2024-06-19,42.47,43.38,42.25,42.25,431984
2024-06-20,41.77,41.78,40.69,40.7,402184
2024-06-21,40.27,41.16,39.85,40.99,262076
2024-06-24,40.73,40.94,39.38,39.49,266520
2024-06-25,39.53,39.6,37.74,38.22,326724
2024-06-26,38.23,41.81,38.19,41.56,508693
2024-06-27,41.28,41.8,40.75,40.81,410632
2024-06-28,40.54,41.94,40.48,41.23,398837
2024-07-01,41.18,41.52,40.02,41.16,349276
2024-07-02,40.89,41.37,39.99,40.32,263648
2024-07-03,40.29,40.36,39.16,39.74,228141
2024-07-04,40.19,40.2,38.89,38.93,212575
2024-07-05,39.03,40.11,38.95,39.41,290516
2024-07-08,39.28,39.29,38.23,38.48,256539
2024-07-09,38.53,40.28,38.11,40.13,446487
2024-07-10,39.83,40.35,39.75,39.88,258709
2024-07-11,40.69,40.98,39.9,40.97,439476
2024-07-12,40.65,40.65,39.94,40.15,253144
2024-07-15,39.88,40.43,39.56,40.01,183647
2024-07-16,39.79,42.65,39.64,42.03,697330
2024-07-17,41.79,43.02,41.51,41.58,541307
2024-07-18,41.04,41.43,39.61,40.96,497395
2024-07-19,40.74,43.91,40.74,43.25,884492
2024-07-22,43.89,45.24,43.29,44.16,909672
2024-07-23,44.36,44.92,42.73,42.83,646153
2024-07-24,42.79,44.29,42.79,43.22,597545
2024-07-25,42.54,44.01,42.43,43.27,518740
2024-07-26,42.94,43.54,41.66,42.62,528975
2024-07-29,42.64,42.71,41.73,41.73,327596
2024-07-30,41.26,41.73,40.5,41.73,342285
2024-07-31,41.52,43.63,41.41,43.63,533691
2024-08-01,43.97,43.99,43.04,43.44,411318
2024-08-02,42.73,44.37,42.53,42.62,432933
2024-08-05,41.73,42.62,40.23,40.23,477129
2024-08-06,41.03,41.21,39.81,40.84,319584
2024-08-07,40.68,40.92,38.63,39.14,407821
2024-08-08,38.72,39.54,38.23,38.89,292894
2024-08-09,39.42,39.58,38.7,38.72,196396
2024-08-12,38.63,39.03,38.28,38.67,170210
2024-08-13,38.76,39.25,38.64,39.23,169457
2024-08-14,39.57,39.57,38.79,38.84,138747
2024-08-15,38.24,39.72,38.22,39.22,259556
2024-08-16,39.23,39.71,39.03,39.27,186334
2024-08-19,39.28,40.2,39.11,39.73,206497
2024-08-20,39.73,39.74,38.61,38.75,209447
2024-08-21,38.54,39.11,38.54,38.73,137136
2024-08-22,38.81,39.03,36.1,36.24,489856
2024-08-23,36.25,36.76,35.52,36.11,345197
2024-08-26,36.13,36.31,34.89,35.41,314781
2024-08-27,35.18,35.28,34.56,34.74,208373
2024-08-28,34.74,35.21,34.55,35.03,168931
2024-08-29,34.84,35.75,34.62,35.31,224848
2024-08-30,35.31,37.01,35.23,36.61,365379
2024-09-02,36.6,36.8,35.34,35.36,239585
2024-09-03,35.36,35.85,35.19,35.58,150839
2024-09-04,35.03,35.48,34.89,35.19,133841
2024-09-05,35.32,35.98,35.28,35.44,151854
2024-09-06,35.38,35.71,33.8,34.05,287804
2024-09-09,33.91,34.33,33.83,34.25,149419
2024-09-10,34.25,36.27,33.97,35.7,312971
2024-09-11,35.33,35.87,35.31,35.8,172889
2024-09-12,35.92,36.41,35.47,35.49,183771
2024-09-13,35.52,35.89,35.06,35.19,149741
2024-09-18,35.19,35.52,34.76,35.3,146116
2024-09-19,35.53,36.36,35.08,36.03,238216
2024-09-20,36.03,36.49,35.86,36.32,228889
2024-09-23,36.09,37.03,36.03,36.09,224221
2024-09-24,36.33,38.04,35.63,37.96,474391
2024-09-25,38.33,39.47,37.93,38.03,516989
2024-09-26,37.98,39.39,37.76,39.35,398354
2024-09-27,40.01,43.28,39.6,43.11,541079
2024-09-30,45.83,47.45,45.15,47.45,1048027
2024-10-08,52.22,52.22,49.83,52.22,727520
2024-10-09,53.73,57.47,52.63,55.68,2112514
2024-10-10,55.73,56.23,50.13,52.24,1333839
2024-10-11,51.18,53.28,50.25,50.74,920692
2024-10-14,50.99,51.82,48.48,51.73,958240
2024-10-15,51.73,53.83,50.88,50.92,918934
2024-10-16,48.72,49.99,48.39,48.74,799001
2024-10-17,50.43,53.58,49.99,51.75,1434236
2024-10-18,51.23,56.61,51.08,54.95,1497897
2024-10-21,56.23,58.84,55.89,56.1,1586226
2024-10-22,54.73,55.83,54.15,54.95,891361
2024-10-23,54.98,55.93,53.86,54.19,827381
2024-10-24,53.7,55.02,53.48,54.33,557870
2024-10-25,54.73,54.85,53.46,54.15,574602
2024-10-28,54.15,54.51,53.5,53.96,477718
2024-10-29,54.05,59.38,53.82,59.38,1949009
2024-10-30,59.4,59.4,56.61,58.2,1531573
2024-10-31,58.21,62.88,57.09,60.93,1714891
2024-11-01,59.75,65.5,59.73,60.18,1565263
2024-11-04,60.37,66.23,58.8,66.23,1413367
2024-11-05,67.74,72.88,66.33,71.46,1893259
2024-11-06,71.62,74.63,68.69,71.84,1680654
2024-11-07,70.23,77.03,68.83,75.33,1419275
2024-11-08,75.74,82.23,75.74,79.17,1424103
2024-11-11,79.58,87.11,79.58,87.11,1654755
2024-11-12,89.66,89.66,80.74,83.63,1867924
2024-11-13,81.64,85.32,81.31,82.43,1108986
2024-11-14,80.93,80.93,76.28,76.59,1419799
2024-11-15,75.73,76.63,71.71,72.26,1515401
2024-11-18,72.26,73.66,69.93,71.08,1096341
2024-11-19,70.63,78.15,69.58,76.92,1460370
2024-11-20,75.61,80.62,74.63,77.43,1325650
2024-11-21,76.52,80.23,76.01,78.66,1052848
2024-11-22,78.64,79.61,74.31,74.58,1000200
2024-11-25,74.33,79.32,72.59,78.8,1154215
2024-11-26,78.01,78.77,75.75,75.77,769733
2024-11-27,74.29,78.71,73.43,78.21,960959
2024-11-28,78.21,85.73,77.74,81.47,1511523
2024-11-29,79.93,85.68,79.84,84.53,1232981
2024-12-02,84.53,86.57,82.4,83.53,1129604
2024-12-03,82.93,84.53,75.26,77.58,1518061
2024-12-04,77.03,78.83,76.13,77.73,953055
2024-12-05,76.93,77.23,74.93,75.68,820594
2024-12-06,75.79,78.3,75.47,76.72,767835
2024-12-09,76.73,76.87,74.09,74.72,631128
2024-12-10,78.54,78.78,74.33,74.67,824031
2024-12-11,73.84,74.53,72.63,73.45,716034
2024-12-12,73.68,75.52,72.23,74.52,717016
2024-12-13,73.63,73.99,71.52,71.66,612949
2024-12-16,71.65,72.83,70.84,71.12,449606
2024-12-17,71.29,72.45,70.87,71.18,420176
2024-12-18,71.45,72.19,70.86,71.62,398513
2024-12-19,70.74,76.91,70.53,75.99,1133662
2024-12-20,74.93,77.03,74.33,75.27,780603
2024-12-23,75.73,78.23,75.72,76.51,909596
2024-12-24,76.73,77.69,75.33,76.71,617028
2024-12-25,77.58,80.47,77.41,78.53,1045983
2024-12-26,77.53,79.72,76.92,78.74,821767
2024-12-27,78.75,79.12,74.32,74.57,1051070
2024-12-30,74.57,75.66,73.53,73.77,631856
2024-12-31,73.9,73.93,71.86,72.05,519071
2025-01-02,71.93,71.93,66.74,67.68,898995
2025-01-03,67.15,67.52,64.51,64.55,683665
2025-01-06,63.9,65.71,63.62,64.24,445007
2025-01-07,64.33,66.28,64.11,66.28,582798
2025-01-08,65.63,65.9,63.09,65.17,601194
2025-01-09,64.69,66.52,64.63,65.47,457425
2025-01-10,62.43,63.82,61.38,61.39,913405
2025-01-13,60.04,61.37,59.91,60.62,427070
2025-01-14,61.6,64.17,60.74,64.07,726678
2025-01-15,64.07,66.17,63.4,64.22,665672
2025-01-16,64.22,65.72,62.96,63.71,509714
2025-01-17,63.31,65.12,63.31,64.15,405838
2025-01-20,65.03,65.52,64.12,64.46,361293
2025-01-21,64.72,65.63,64.39,64.98,421222
2025-01-22,64.68,67.21,64.31,66.45,756128
2025-01-23,66.9,68.27,65.14,65.25,693666
2025-01-24,64.92,66.44,64.74,66.23,427086
2025-01-27,69.73,69.73,66.46,66.72,732829
2025-02-05,69.73,71.91,68.73,71.83,1133787
2025-02-06,72.44,73.41,70.4,72.73,891983
2025-02-07,72.94,78.51,72.31,74.75,1400293
2025-02-10,74.92,78.23,74.91,76.24,1034590
2025-02-11,75.73,76.73,73.98,74.69,860064
2025-02-12,74.13,75.17,73.8,74.55,694133
2025-02-13,74.63,74.87,72.07,72.23,735626
2025-02-14,72.03,74.23,71.81,73.71,652651
2025-02-17,75.73,78.43,75.05,75.88,1022048
2025-02-18,75.88,75.89,72.25,72.65,710834
2025-02-19,72.65,74.08,72.26,73.8,500804
2025-02-20,73.8,73.8,72.33,72.74,452757
2025-02-21,73.53,77.04,73.53,76.68,1284417
2025-02-24,77.33,78.06,75.73,77.02,950086
2025-02-25,75.55,77.73,75.23,75.83,629796
2025-02-26,76.42,78.23,74.93,77.93,919676
2025-02-27,78.71,78.74,75.23,76.12,740434
2025-02-28,75.23,75.71,71.2,71.47,726439
2025-03-03,71.46,72.03,69.54,70.21,460213
2025-03-04,69.23,71.16,68.96,70.92,328403
2025-03-05,71.21,71.92,70.23,71.35,317819
2025-03-06,72.06,73.73,72.06,73.22,469456
2025-03-07,73.25,73.66,71.38,71.81,379725
2025-03-10,71.52,72.01,70.23,70.76,340819
2025-03-11,69.37,70.53,69.22,70.45,300157
2025-03-12,70.83,72.42,70.83,71.55,411314
2025-03-13,71.41,71.43,69.45,69.77,318776
2025-03-14,69.72,71.84,69.51,71.15,337335
2025-03-17,71.24,71.83,70.73,71.04,233187
2025-03-18,71.14,71.91,70.93,71.17,229008
2025-03-19,70.93,70.93,69.81,70.22,233286
2025-03-20,70.22,70.39,69.63,69.79,197442
2025-03-21,69.49,69.53,66.87,66.93,435434
2025-03-24,66.94,67.49,64.98,66.6,337629
2025-03-25,66.62,66.63,65.08,65.26,208878
2025-03-26,65.16,65.9,64.93,65.06,183836
2025-03-27,65.06,66.12,64.94,65.44,230836
2025-03-28,65.64,66.5,65.09,65.81,195956
2025-03-31,65.14,66.23,64.25,66.09,237314
2025-04-01,66.39,66.5,65.61,65.62,185951
2025-04-02,65.41,65.93,65.07,65.2,139706
2025-04-03,64.75,65.69,64.33,64.95,179911
2025-04-07,60.7,62.56,58.43,59.13,659961
2025-04-08,59.33,61.3,59.31,60.98,487303
2025-04-09,60.23,65.07,59.74,64.33,640548
2025-04-10,65.93,66.21,64.13,65.01,560090
2025-04-11,64.93,66.12,64.17,65.19,396984
2025-04-14,65.73,65.93,65.13,65.23,293544
2025-04-15,65.22,66.21,64.12,65.35,257718
2025-04-16,65.72,65.87,64.82,65.63,243763
2025-04-17,65.1,65.83,64.9,65.23,213557
2025-04-18,64.95,64.95,63.05,64.78,244936
2025-04-21,64.61,64.96,64.33,64.78,211850
2025-04-22,64.62,64.63,63.54,63.65,227375
2025-04-23,63.97,64.18,62.31,63.12,314288
2025-04-24,62.83,62.91,61.73,61.78,267172
2025-04-25,62.03,62.26,61.61,61.8,182935
2025-04-28,61.83,63.08,61.83,61.91,195477
2025-04-29,61.95,62.17,61.3,61.98,137358
2025-04-30,62.04,63.47,62.04,63.05,272132
2025-05-06,63.7,64.85,63.47,64.83,309844
2025-05-07,65.91,66.03,64.19,64.82,304576
2025-05-08,64.53,65.03,64.31,64.9,200343
2025-05-09,64.91,64.92,63.84,64.12,150570
2025-05-12,64.51,65.11,64.35,64.72,194752
2025-05-13,65.18,65.29,64.09,64.13,199931
2025-05-14,64.31,64.83,64.02,64.52,186364
2025-05-15,64.53,64.54,62.7,63.07,205101
2025-05-16,62.93,63.28,62.45,62.57,171076
2025-05-19,62.68,62.97,62.29,62.87,114303
2025-05-20,62.91,63.28,62.54,63.01,118770
2025-05-21,63.19,63.19,62.61,62.69,106679
2025-05-22,62.73,62.93,62.12,62.19,110178
2025-05-23,62.45,63.31,61.9,61.9,154570
2025-06-10,68.09,68.09,68.09,68.09,67196
2025-06-11,73.0,73.11,69.01,69.56,1296830
2025-06-12,69.0,70.47,67.6,69.36,650530
2025-06-13,68.62,69.2,68.03,68.49,398407
2025-06-16,68.36,69.8,68.11,68.82,267889
2025-06-17,68.51,68.79,67.6,67.91,231801
2025-06-18,67.7,67.97,66.88,67.4,203699
2025-06-19,67.3,68.6,67.1,67.55,244228
2025-06-20,67.53,67.88,66.75,66.9,163987
2025-06-23,66.31,66.98,66.15,66.64,152347
2025-06-24,66.87,68.44,66.81,67.9,307421
2025-06-25,67.9,68.79,67.62,68.39,280307
2025-06-26,68.6,72.88,68.6,70.89,944067
2025-06-27,71.47,71.48,69.88,69.93,381555
2025-06-30,70.29,70.76,69.67,70.4,224822
2025-07-01,70.12,70.35,69.01,69.32,232983
2025-07-02,69.08,69.3,68.11,68.28,189264
2025-07-03,68.35,68.88,68.22,68.76,153505
2025-07-04,68.8,69.29,68.5,68.66,160412
2025-07-07,68.5,68.6,67.95,68.04,143666
2025-07-08,68.06,69.1,68.06,69.03,197297
2025-07-09,69.43,69.5,68.36,68.43,180215
2025-07-10,68.47,68.5,67.91,67.98,174298
2025-07-11,67.98,69.28,67.92,68.81,265357
2025-07-14,68.99,69.34,68.61,68.7,136347
2025-07-15,68.72,70.45,68.53,69.72,360094
2025-07-16,69.87,70.41,69.31,69.69,231899
2025-07-17,69.6,69.89,69.06,69.82,214364
2025-07-18,69.92,70.11,69.43,69.51,198598
2025-07-21,69.5,69.72,69.23,69.4,161421
2025-07-22,69.49,69.81,68.72,68.87,203237
2025-07-23,68.87,69.12,68.55,68.65,184272
2025-07-24,68.8,69.23,68.52,69.1,241759
2025-07-25,69.2,70.66,68.91,70.36,476846
2025-07-28,70.66,70.66,69.17,69.38,331915
2025-07-29,69.18,70.5,68.7,70.35,407996
2025-07-30,70.09,70.09,68.94,69.06,285297
2025-07-31,69.08,70.13,68.71,68.96,370785
2025-08-01,69.06,69.52,67.89,68.09,273963
2025-08-04,67.8,69.98,67.71,69.34,285787
2025-08-05,69.1,69.25,68.78,69.23,159581
2025-08-06,69.35,69.35,68.4,68.92,234990
2025-08-07,68.92,69.32,68.52,68.6,207028
2025-08-08,68.66,68.77,68.05,68.08,177366
2025-08-11,68.0,68.33,67.96,68.21,145583
2025-08-12,68.23,69.72,68.01,69.13,410791
2025-08-13,69.2,70.0,69.2,69.73,453940
2025-08-14,70.0,76.69,69.79,74.08,1402499
2025-08-15,73.18,74.23,72.91,73.64,642295
2025-08-18,74.24,75.5,73.73,74.5,724443
2025-08-19,74.5,75.24,73.0,73.01,649769
2025-08-20,72.74,76.34,72.0,76.14,1009156
2025-08-21,76.14,77.62,74.8,75.3,734991
2025-08-22,76.61,82.83,76.61,82.83,1298995
2025-08-25,91.11,91.11,91.11,91.11,174885
2025-08-26,93.84,93.98,89.26,91.32,2121721
2025-08-27,93.4,93.8,88.31,88.7,1412015
2025-08-28,87.88,92.83,87.88,92.51,1271432
2025-08-29,91.0,91.3,87.4,88.5,1173172
2025-09-01,89.51,93.78,87.99,92.14,1166038
2025-09-02,91.05,95.48,89.0,90.02,1107061
2025-09-03,89.55,90.12,86.01,87.03,746697
2025-09-04,87.1,87.58,78.33,79.48,1133264
2025-09-05,79.59,82.95,78.03,82.44,682445
2025-09-08,85.0,85.0,82.91,83.99,558896
2025-09-09,82.5,83.44,80.8,81.14,415762
2025-09-10,82.5,85.6,82.49,83.72,717331
2025-09-11,84.5,92.09,83.2,92.09,895212
2025-09-12,94.98,100.0,93.9,97.97,1668195
2025-09-15,101.0,104.58,99.57,102.46,1161041
2025-09-16,106.0,112.71,106.0,111.48,1492789
2025-09-17,108.14,109.75,105.25,108.49,1187211
2025-09-18,110.88,117.88,107.41,109.92,1543474
2025-09-19,109.99,112.8,106.0,106.83,866699
2025-09-22,107.8,117.51,106.0,117.51,1203690
2025-09-23,118.0,120.49,112.21,114.73,1168141
2025-09-24,115.09,119.0,113.16,117.55,870959
2025-09-25,117.99,127.68,117.56,125.5,976016
2025-09-26,122.99,125.2,119.6,120.44,782748
2025-09-29,120.46,121.2,115.0,120.55,750565
2025-09-30,122.5,123.0,118.35,119.25,530807
2025-10-09,121.86,128.12,121.86,123.16,757577
2025-10-10,120.6,121.0,111.94,113.36,878684
2025-10-13,107.33,115.52,107.33,114.68,580225
2025-10-14,115.78,116.15,104.6,105.5,814789
2025-10-15,105.65,110.9,104.94,110.33,565561
2025-10-16,107.12,109.57,106.67,107.58,363430
2025-10-17,107.57,108.19,103.7,104.75,444107
2025-10-20,107.13,108.06,104.26,104.95,388470
2025-10-21,105.71,109.15,104.52,108.21,488770
2025-10-22,107.02,111.46,106.66,109.65,515678
2025-10-23,108.5,109.5,105.0,107.56,340653
2025-10-24,109.53,114.88,108.41,113.92,629971
2025-10-27,116.31,116.66,113.01,115.0,559141
2025-10-28,113.93,115.49,112.77,113.5,395345
2025-10-29,113.89,116.6,112.8,114.33,472435
2025-10-30,114.53,115.33,110.33,110.65,575317
2025-10-31,111.0,111.39,105.51,106.45,508978
2025-11-03,105.01,106.88,103.88,106.46,333328
2025-11-04,106.88,109.95,106.26,107.22,345471
2025-11-05,104.38,107.29,103.3,106.62,348054
2025-11-06,108.0,116.44,108.0,114.5,803173
2025-11-07,112.6,113.32,110.07,111.16,453047
2025-11-10,111.2,111.21,104.87,106.9,479347
2025-11-11,108.05,110.9,105.73,106.01,314454
2025-11-12,105.0,105.76,103.5,104.54,299623
2025-11-13,104.55,106.38,103.58,105.55,270875
2025-11-14,103.0,103.57,100.69,100.7,386534
2025-11-17,100.31,103.3,99.84,100.85,298649
2025-11-18,100.0,102.4,99.5,100.43,317047
2025-11-19,99.9,101.41,99.24,99.99,224331
2025-11-20,102.0,102.78,99.96,99.96,222446
2025-11-21,97.98,98.8,95.67,95.77,325677
2025-11-24,96.02,96.85,92.34,95.6,381246
2025-11-25,96.55,97.18,94.68,95.18,393542
2025-11-26,95.0,99.23,93.88,97.77,508140
2025-11-27,99.22,104.01,99.0,99.13,579471
2025-11-28,98.14,99.34,96.94,99.16,277516
2025-12-01,102.3,102.3,99.0,101.13,466022
2025-12-02,100.26,100.76,98.85,99.61,266033
2025-12-03,99.62,100.26,97.6,98.03,253018
2025-12-04,97.01,100.7,96.0,99.83,341703
2025-12-05,98.59,99.63,96.8,98.93,349978
2025-12-08,98.93,102.2,98.6,101.33,412133
2025-12-09,100.3,102.28,99.92,100.13,364088
2025-12-10,90.12,91.78,90.12,90.12,530194
2025-12-11,89.02,90.92,88.46,89.63,994955
2025-12-12,88.82,88.99,86.13,88.95,879232
2025-12-15,87.94,88.66,85.43,85.48,547567
2025-12-16,85.48,85.68,82.3,82.72,532672
2025-12-17,83.49,86.2,82.95,85.98,547740
2025-12-18,84.8,86.6,84.7,84.88,319415
2025-12-19,85.97,87.3,85.35,85.85,429430
2025-12-22,86.99,88.2,86.85,87.43,463855
2025-12-23,87.42,88.4,86.5,87.66,432596
2025-12-24,87.67,88.0,86.66,87.15,403364
2025-12-25,87.18,87.5,86.0,86.68,346928
2025-12-26,86.77,86.78,85.21,85.81,434407
2025-12-29,85.81,86.75,85.0,85.19,440161
2025-12-30,85.0,86.82,84.77,85.39,390378
2025-12-31,85.41,87.0,84.58,85.64,427985
