date,open,high,low,close,volume
2015-01-05,1.97,2.27,1.96,2.27,305108
2015-01-06,2.42,2.51,2.29,2.36,564957
2015-01-07,2.34,2.62,2.29,2.47,415686
2015-01-08,2.43,2.48,2.3,2.38,247315
2015-01-09,2.34,2.51,2.32,2.36,315784
2015-01-12,2.27,2.34,2.2,2.29,206291
2015-01-13,2.29,2.34,2.18,2.2,193576
2015-01-14,2.22,2.24,2.06,2.11,217685
2015-01-15,2.09,2.16,2.05,2.15,187710
2015-01-16,2.19,2.27,2.15,2.26,338629
2015-01-19,2.07,2.18,1.94,2.03,241505
2015-01-20,2.05,2.11,2.01,2.09,145366
2015-01-21,2.1,2.39,2.09,2.29,454625
2015-01-22,2.3,2.61,2.25,2.61,608140
2015-01-23,2.66,2.85,2.62,2.7,687994
2015-01-26,2.66,2.81,2.59,2.78,475766
2015-01-27,2.73,3.12,2.72,2.96,546383
2015-01-28,2.89,2.92,2.78,2.81,281843
2015-01-29,2.76,2.8,2.63,2.73,240300
2015-01-30,2.73,2.88,2.69,2.73,294558
2015-02-02,2.69,2.84,2.61,2.78,196895
2015-02-03,2.82,2.86,2.66,2.79,218119
2015-02-04,2.78,3.02,2.77,2.97,400084
2015-02-05,3.06,3.2,2.83,2.84,330420
2015-02-06,2.73,2.82,2.58,2.65,225229
2015-02-09,2.65,2.7,2.59,2.63,124629
2015-02-10,2.61,2.75,2.6,2.73,118879
2015-02-11,2.71,2.78,2.63,2.7,152898
2015-02-12,2.7,2.72,2.57,2.64,142243
2015-02-13,2.68,2.92,2.67,2.82,287238
2015-02-16,2.84,2.89,2.76,2.89,180237
2015-02-17,2.88,2.95,2.84,2.84,151160
2015-02-25,2.85,2.85,2.73,2.75,140937
2015-02-26,2.75,3.12,2.73,3.12,299977
2015-02-27,3.13,3.44,3.03,3.25,461120
2015-03-02,3.35,3.49,3.24,3.32,405838
2015-03-03,3.27,3.51,3.2,3.26,377340
2015-03-04,3.22,3.31,3.1,3.23,298983
2015-03-05,3.18,3.41,3.14,3.36,283782
2015-03-06,3.32,3.64,3.27,3.43,343725
2015-03-09,3.39,3.41,3.2,3.38,214230
2015-03-10,3.36,3.51,3.33,3.36,174101
2015-03-11,3.35,3.47,3.23,3.3,165509
2015-03-12,3.31,3.37,3.22,3.32,128769
2015-03-13,3.31,3.56,3.26,3.44,184893
2015-03-16,3.45,3.62,3.41,3.62,229529
2015-03-17,3.63,3.71,3.52,3.57,259422
2015-03-18,3.54,3.63,3.52,3.62,217550
2015-03-19,3.63,3.75,3.56,3.59,244450
2015-03-20,3.59,3.59,3.48,3.56,205281
2015-03-23,3.64,3.76,3.56,3.59,254149
2015-03-24,3.6,3.67,3.43,3.54,268390
2015-03-25,3.5,3.52,3.32,3.38,275913
2015-03-26,3.37,3.54,3.29,3.47,291114
2015-03-27,3.51,3.55,3.47,3.49,216860
2015-03-30,3.49,3.59,3.46,3.57,274583
2015-03-31,3.58,3.75,3.55,3.59,369003
2015-04-01,3.59,3.67,3.53,3.66,222922
2015-04-02,3.69,3.85,3.6,3.84,383983
2015-04-03,3.75,3.92,3.72,3.81,278215
2015-04-07,3.82,3.97,3.77,3.87,289011
2015-04-08,3.87,3.89,3.59,3.66,318307
2015-04-09,3.67,3.69,3.33,3.44,233282
2015-04-10,3.45,3.57,3.44,3.52,170934
2015-04-13,3.53,3.74,3.5,3.72,264635
2015-04-14,3.71,3.71,3.55,3.61,219782
2015-04-15,3.56,3.63,3.42,3.46,169992
2015-04-16,3.39,3.59,3.33,3.51,132308
2015-04-17,3.53,3.83,3.52,3.77,405313
2015-04-20,3.82,3.89,3.59,3.61,447358
2015-04-21,3.6,3.75,3.52,3.74,232710
2015-04-22,3.71,4.13,3.69,4.09,506324
2015-04-23,4.05,4.6,3.93,4.6,695208
2015-04-24,4.6,4.92,4.35,4.7,644028
2015-04-27,4.66,4.66,4.42,4.51,396264
2015-04-28,4.44,4.47,4.08,4.09,408144
2015-04-29,4.27,4.59,4.27,4.59,260047
2015-04-30,5.15,5.15,4.54,4.56,690695
2015-05-04,4.39,4.43,4.14,4.31,361445
2015-05-05,4.25,4.37,3.96,3.99,290793
2015-05-06,3.99,4.22,3.89,3.99,210192
2015-05-07,3.92,4.12,3.89,4.03,174197
2015-05-08,4.08,4.17,4.03,4.17,194983
2015-05-11,4.24,4.35,4.18,4.31,271523
2015-05-12,4.32,4.44,4.16,4.41,328142
2015-05-13,4.32,4.52,4.31,4.37,331135
2015-05-14,4.34,4.52,4.12,4.49,373353
2015-05-15,4.51,4.72,4.34,4.35,456073
2015-05-18,4.19,4.22,4.08,4.12,250554
2015-05-19,4.1,4.26,4.09,4.25,230420
2015-05-20,4.22,4.38,4.18,4.22,262787
2015-05-21,4.22,4.28,4.17,4.27,217826
2015-05-22,4.27,4.56,4.27,4.56,410606
2015-05-25,4.56,4.7,4.49,4.65,384891
2015-05-26,4.76,4.91,4.56,4.81,400291
2015-05-27,4.77,4.97,4.58,4.89,432360
2015-05-28,4.84,5.12,4.31,4.32,458752
2015-05-29,4.22,4.39,3.92,4.13,272883
2015-06-01,4.12,4.52,4.11,4.45,257083
2015-06-02,4.46,4.65,4.37,4.62,270554
2015-06-03,4.63,4.63,4.39,4.47,241402
2015-06-04,4.47,5.02,4.14,5.02,520338
2015-06-05,5.22,5.59,5.02,5.28,790221
2015-06-08,5.16,5.25,4.99,5.09,424773
2015-06-09,5.0,5.27,5.0,5.15,334383
2015-06-10,5.02,5.32,4.92,5.09,291121
2015-06-11,5.06,5.12,4.92,5.01,220196
2015-06-12,4.97,5.15,4.97,5.06,269890
2015-06-15,5.04,5.32,4.96,5.2,441138
2015-06-16,5.05,5.07,4.58,4.59,356917
2015-06-17,4.49,4.78,4.29,4.69,287146
2015-06-18,4.66,4.78,4.36,4.46,218715
2015-06-19,4.39,4.59,4.07,4.08,188122
2015-06-23,4.09,4.17,3.57,4.12,207229
2015-06-24,4.17,4.32,4.06,4.3,270226
2015-06-25,4.29,4.29,3.81,3.87,236599
2015-06-26,3.69,3.79,3.39,3.39,205801
2015-06-29,3.5,3.52,2.96,2.96,431768
2015-06-30,2.7,3.22,2.57,3.18,462153
2015-07-01,3.06,3.2,2.76,2.78,343790
2015-07-02,2.78,2.8,2.41,2.41,509907
2015-07-03,2.74,2.74,2.67,2.74,1104595
2015-07-06,3.11,3.11,3.03,3.11,2182817
2015-07-07,2.95,3.1,2.71,2.84,2582410
2015-07-08,2.46,2.66,2.46,2.46,1514014
2015-07-09,2.29,2.8,2.16,2.8,1144605
2015-07-10,3.17,3.17,3.01,3.17,563511
2015-07-13,3.59,3.59,3.46,3.59,1060797
2015-07-14,3.77,4.04,3.71,4.04,3010160
2015-07-15,3.92,4.15,3.54,3.54,2309082
2015-07-16,3.32,3.99,3.19,3.99,1988557
2015-07-17,4.12,4.49,4.06,4.3,2990876
2015-07-20,4.06,4.41,4.06,4.32,2202907
2015-07-21,4.22,4.85,4.16,4.85,2562639
2015-07-22,4.89,4.97,4.39,4.69,2272918
2015-07-23,4.68,4.91,4.62,4.75,1445667
2015-07-24,4.69,5.18,4.52,4.9,2292019
2015-07-27,4.7,5.06,4.32,4.32,1834687
2015-07-28,3.98,4.6,3.83,4.43,1780299
2015-07-29,4.53,4.72,3.99,4.66,1635818
2015-07-30,4.49,4.64,4.14,4.22,1270318
2015-07-31,4.12,4.52,4.08,4.26,1110240
2015-08-03,4.05,4.17,3.74,3.75,1221082
2015-08-04,3.81,4.15,3.72,4.12,1118167
2015-08-05,4.05,4.12,3.84,3.9,948460
2015-08-06,3.73,3.95,3.71,3.77,643723
2015-08-07,3.86,4.08,3.86,3.96,837245
2015-08-10,4.05,4.44,3.97,4.34,1340475
2015-08-11,4.33,4.52,4.27,4.37,1328062
2015-08-12,4.28,4.38,4.15,4.15,875218
2015-08-13,4.15,4.65,4.14,4.65,1764235
2015-08-14,4.8,4.81,4.46,4.51,1610054
2015-08-17,4.5,4.57,4.35,4.55,970430
2015-08-18,4.52,4.55,4.01,4.01,1135493
2015-08-19,3.82,4.13,3.57,4.03,939746
2015-08-20,3.95,4.3,3.83,3.91,884420
2015-08-21,3.79,3.95,3.53,3.6,756255
2015-08-24,3.42,3.45,3.15,3.15,633703
2015-08-25,2.78,3.02,2.75,2.75,702943
2015-08-26,2.8,3.08,2.66,2.73,1049251
2015-08-27,2.9,3.02,2.71,3.0,860781
2015-08-28,3.08,3.38,3.01,3.38,1003004
2015-08-31,3.22,3.24,2.98,3.22,1116819
2015-09-01,3.12,3.17,2.81,3.13,947654
2015-09-02,2.89,3.28,2.84,3.2,1041394
2015-09-07,3.18,3.52,3.13,3.16,462587
2015-09-08,3.17,3.34,2.92,3.29,427485
2015-09-09,3.28,3.48,3.25,3.42,627212
2015-09-10,3.33,3.42,3.23,3.24,375656
2015-09-11,3.25,3.31,3.15,3.26,296276
2015-09-14,3.28,3.3,2.85,2.85,454987
2015-09-15,2.79,2.8,2.48,2.48,436691
2015-09-16,2.48,2.81,2.45,2.78,476406
2015-09-17,2.76,2.95,2.65,2.67,530605
2015-09-18,2.73,2.77,2.64,2.74,287413
2015-09-21,2.65,2.95,2.64,2.9,434342
2015-09-22,2.89,3.0,2.82,2.88,448717
2015-09-23,2.76,2.97,2.75,2.89,489159
2015-09-24,2.89,3.0,2.88,2.95,441805
2015-09-25,2.92,2.95,2.62,2.65,463528
2015-09-28,2.68,2.74,2.61,2.73,201391
2015-09-29,2.64,2.68,2.55,2.58,244723
2015-09-30,2.62,2.67,2.59,2.6,169208
2015-10-08,2.77,2.8,2.69,2.71,349803
2015-10-09,2.73,2.93,2.69,2.86,504773
2015-10-12,2.87,3.21,2.85,3.12,678595
2015-10-13,3.04,3.11,3.0,3.08,493223
2015-10-14,3.05,3.27,3.03,3.11,587427
2015-10-15,3.07,3.22,3.07,3.2,465038
2015-10-16,3.21,3.24,3.1,3.19,487769
2015-10-19,3.2,3.41,3.15,3.29,666444
2015-10-20,3.26,3.33,3.22,3.29,502474
2015-10-21,3.31,3.33,2.88,2.88,614041
2015-10-22,2.91,3.1,2.89,3.05,433659
2015-10-23,3.05,3.18,3.02,3.16,377327
2015-10-26,3.22,3.37,3.18,3.26,529562
2015-10-27,3.2,3.67,3.18,3.67,1083776
2015-10-28,3.66,3.66,3.39,3.44,735032
2015-10-29,3.48,3.63,3.46,3.51,470492
2015-10-30,3.5,3.77,3.45,3.63,631317
2015-11-02,3.45,3.59,3.35,3.4,563619
2015-11-03,3.46,3.58,3.42,3.47,377950
2015-11-04,3.47,3.88,3.47,3.71,860355
2015-11-05,3.69,3.85,3.65,3.75,851819
2015-11-06,3.75,3.89,3.7,3.89,729331
2015-11-09,3.91,4.0,3.78,3.85,983029
2015-11-10,3.81,4.14,3.78,3.9,1216429
2015-11-11,3.96,3.97,3.83,3.87,748754
2015-11-12,3.89,4.07,3.84,3.89,1185018
2015-11-13,3.97,4.31,3.89,4.09,1960926
2015-11-16,3.7,3.79,3.59,3.77,3290208
2015-11-17,3.8,3.83,3.66,3.67,2480046
2015-11-18,3.67,3.97,3.55,3.73,2500811
2015-11-19,3.73,3.85,3.62,3.79,1944666
2015-11-20,3.8,4.26,3.75,4.26,2943320
2015-11-23,4.61,4.77,4.51,4.77,5903887
2015-11-24,4.73,4.73,4.31,4.55,4933302
2015-11-25,4.55,4.97,4.52,4.7,4590391
2015-11-26,4.61,4.91,4.47,4.66,3569292
2015-11-27,4.53,4.7,4.17,4.29,2931819
2015-11-30,4.25,4.4,3.82,4.21,2293481
2015-12-01,4.21,4.21,4.07,4.14,1467858
2015-12-02,4.13,4.13,3.92,4.11,1118130
2015-12-03,4.1,4.26,4.06,4.2,1315443
2015-12-04,4.19,4.24,4.1,4.14,1282512
2015-12-07,4.13,4.17,4.07,4.11,991108
2015-12-08,4.06,4.07,3.9,3.92,1300663
2015-12-09,3.87,3.9,3.78,3.79,964952
2015-12-10,3.79,3.97,3.77,3.82,841020
2015-12-11,3.83,3.97,3.67,3.87,1217824
2015-12-14,3.78,4.03,3.74,3.98,1304217
2015-12-15,3.96,3.96,3.87,3.9,980707
2015-12-16,3.88,3.96,3.87,3.88,788207
2015-12-17,3.89,3.97,3.88,3.93,1134093
2015-12-18,3.92,3.92,3.79,3.84,1057677
2015-12-21,3.82,3.86,3.77,3.84,730183
2015-12-22,3.84,3.88,3.8,3.84,750478
2015-12-23,3.83,3.83,3.74,3.75,872847
2015-12-24,3.74,3.78,3.69,3.73,588835
2015-12-25,3.73,3.81,3.7,3.77,611250
2015-12-28,3.76,3.77,3.66,3.67,747346
2015-12-29,3.66,3.67,3.59,3.64,581232
2015-12-30,3.66,3.66,3.58,3.6,463441
2015-12-31,3.6,3.63,3.57,3.58,439077
2016-01-04,3.59,3.59,3.13,3.14,673675
2016-01-05,3.03,3.17,2.75,3.06,860156
2016-01-06,3.07,3.45,3.07,3.45,1510880
2016-01-07,3.3,3.39,3.02,3.02,431172
2016-01-08,3.12,3.32,2.94,3.21,1430969
2016-01-11,3.12,3.17,2.94,2.96,977357
2016-01-12,3.12,3.34,2.98,3.22,1884820
2016-01-13,3.11,3.16,3.0,3.06,1349442
2016-01-14,2.92,3.2,2.87,3.14,883752
2016-01-15,3.11,3.11,2.9,2.95,808135
2016-01-18,2.9,2.99,2.84,2.94,486071
2016-01-19,2.94,3.02,2.88,3.02,714121
2016-01-20,2.99,3.05,2.93,2.96,559171
2016-01-21,2.9,2.96,2.8,2.81,518236
2016-01-22,2.82,2.9,2.78,2.85,419700
2016-01-25,2.83,2.91,2.83,2.86,397034
2016-01-26,2.83,2.83,2.49,2.52,658862
2016-01-27,2.51,2.57,2.22,2.4,612316
2016-01-28,2.34,2.38,2.16,2.18,451929
2016-01-29,2.18,2.42,2.16,2.32,548002
2016-02-01,2.27,2.29,2.18,2.22,408396
2016-02-02,2.22,2.31,2.22,2.29,395589
2016-02-03,2.26,2.36,2.23,2.32,401480
2016-02-04,2.33,2.56,2.33,2.48,849986
2016-02-05,2.48,2.49,2.38,2.39,551831
2016-02-15,2.31,2.59,2.25,2.52,783060
2016-02-16,2.51,2.61,2.46,2.57,861027
2016-02-17,2.55,2.56,2.5,2.55,595945
2016-02-18,2.59,2.89,2.54,2.71,1659706
2016-02-19,2.61,2.68,2.6,2.63,938323
2016-02-22,2.67,2.81,2.66,2.74,831882
2016-02-23,2.71,2.8,2.7,2.74,652283
2016-02-24,2.75,2.76,2.65,2.7,542288
2016-02-25,2.71,2.73,2.35,2.38,809049
2016-02-26,2.38,2.47,2.36,2.44,496775
2016-02-29,2.41,2.46,2.2,2.34,539481
2016-03-01,2.33,2.52,2.32,2.45,614185
2016-03-02,2.42,2.68,2.32,2.65,1162691
2016-03-03,2.64,2.85,2.6,2.68,1349887
2016-03-04,2.66,2.79,2.5,2.62,1026870
2016-03-07,2.71,2.87,2.65,2.82,1316830
2016-03-08,2.84,2.84,2.67,2.74,1047057
2016-03-09,2.57,2.62,2.52,2.55,726565
2016-03-10,2.57,2.62,2.48,2.5,376618
2016-03-11,2.5,2.54,2.45,2.5,279757
2016-03-14,2.54,2.6,2.51,2.57,581885
2016-03-15,2.54,2.55,2.47,2.5,438585
2016-03-16,2.5,2.52,2.44,2.46,327839
2016-03-17,2.49,2.53,2.46,2.52,485656
2016-03-18,2.52,2.66,2.52,2.63,952072
2016-03-21,2.63,2.69,2.6,2.68,1018093
2016-03-22,2.66,2.67,2.6,2.62,687700
2016-03-23,2.61,2.86,2.58,2.71,1180234
2016-03-24,2.62,2.65,2.58,2.59,869934
2016-03-25,2.57,2.62,2.53,2.58,450263
2016-03-28,2.58,2.66,2.55,2.6,589873
2016-03-29,2.61,2.65,2.56,2.57,566350
2016-03-30,2.59,2.66,2.58,2.63,654227
2016-03-31,2.64,2.78,2.61,2.7,1340705
2016-04-01,2.66,2.71,2.62,2.66,738606
2016-04-05,2.66,2.73,2.62,2.72,1010726
2016-04-06,2.71,2.78,2.68,2.71,862034
2016-04-07,2.73,2.74,2.62,2.63,714459
2016-04-08,2.61,2.61,2.54,2.57,541102
2016-04-11,2.59,2.66,2.59,2.63,505956
2016-04-12,2.63,2.64,2.56,2.59,391402
2016-04-13,2.64,2.8,2.64,2.72,2101175
2016-04-14,2.73,2.73,2.65,2.69,1014146
2016-04-15,2.69,2.71,2.64,2.66,546762
2016-04-18,2.64,2.64,2.59,2.61,488800
2016-04-19,2.63,2.67,2.61,2.61,401944
2016-04-20,2.64,2.65,2.34,2.47,859405
2016-04-21,2.48,2.6,2.44,2.51,739438
2016-04-22,2.45,2.49,2.42,2.47,375062
2016-04-25,2.46,2.48,2.42,2.47,245537
2016-04-26,2.46,2.48,2.42,2.47,259276
2016-04-27,2.47,2.59,2.44,2.49,517871
2016-05-26,2.83,2.83,2.83,2.83,199911
2016-05-27,3.2,3.2,2.95,2.96,3531922
2016-05-30,2.82,2.96,2.78,2.81,1486084
2016-05-31,2.84,2.99,2.81,2.98,1723611
2016-06-01,2.97,3.37,2.92,3.37,2345414
2016-06-02,3.5,3.8,3.42,3.65,4411746
2016-06-03,3.62,3.67,3.45,3.57,2351738
2016-06-06,3.59,3.66,3.5,3.58,1591920
2016-06-07,3.58,3.77,3.52,3.61,2169515
2016-06-08,3.56,3.58,3.44,3.5,1607256
2016-06-13,3.44,3.59,3.35,3.36,1686531
2016-06-14,3.34,3.47,3.22,3.32,1329579
2016-06-15,3.25,3.72,3.22,3.56,2021675
2016-06-16,3.55,3.79,3.52,3.76,3006788
2016-06-17,3.8,3.86,3.58,3.62,1965221
2016-06-20,3.62,3.66,3.48,3.55,1034184
2016-06-21,3.54,3.6,3.36,3.42,1316499
2016-06-22,3.38,3.55,3.38,3.48,676504
2016-06-23,3.44,3.5,3.32,3.37,1006052
2016-06-24,3.37,3.39,3.15,3.26,1256097
2016-06-27,3.2,3.35,3.19,3.33,892108
2016-06-28,3.31,3.33,3.22,3.32,890189
2016-06-29,3.34,3.42,3.28,3.36,1110445
2016-06-30,3.38,3.38,3.22,3.27,845729
2016-07-01,3.27,3.32,3.24,3.27,480195
2016-07-04,3.24,3.48,3.24,3.4,1520263
2016-07-05,3.38,3.46,3.36,3.42,989446
2016-07-06,3.39,3.61,3.37,3.6,2031441
2016-07-07,3.66,4.02,3.66,3.87,3706817
2016-07-08,3.8,3.81,3.63,3.64,1661981
2016-07-11,3.61,3.85,3.58,3.67,1944879
2016-07-12,3.59,3.8,3.57,3.69,1254649
2016-07-13,3.7,3.78,3.64,3.7,957681
2016-07-14,3.7,3.7,3.55,3.59,916547
2016-07-15,3.57,3.59,3.51,3.54,674572
2016-07-18,3.54,3.57,3.52,3.53,410269
2016-07-19,3.53,3.56,3.43,3.49,696978
2016-07-20,3.48,3.52,3.46,3.49,411281
2016-07-21,3.49,3.5,3.38,3.47,770862
2016-07-22,3.45,3.45,3.37,3.38,639791
2016-07-25,3.34,3.39,3.31,3.35,470882
2016-07-26,3.35,3.42,3.35,3.41,371795
2016-07-27,3.41,3.42,3.15,3.22,859537
2016-07-28,3.22,3.26,3.15,3.24,421421
2016-07-29,3.24,3.3,3.17,3.19,342437
2016-08-01,3.2,3.21,3.09,3.13,375737
2016-08-02,3.14,3.16,3.09,3.14,282423
2016-08-03,3.14,3.17,3.1,3.13,258670
2016-08-04,3.14,3.23,3.1,3.2,405835
2016-08-05,3.19,3.2,3.15,3.16,246114
2016-08-08,3.16,3.2,3.13,3.19,280121
2016-08-09,3.19,3.21,3.19,3.21,321286
2016-08-10,3.21,3.34,3.2,3.32,727394
2016-08-11,3.33,3.34,3.21,3.23,508833
2016-08-12,3.23,3.25,3.17,3.24,388995
2016-08-15,3.23,3.31,3.2,3.29,627680
2016-08-16,3.28,3.32,3.27,3.3,552627
2016-08-17,3.29,3.3,3.22,3.25,406261
2016-08-18,3.24,3.27,3.22,3.24,352061
2016-08-19,3.23,3.25,3.19,3.23,387937
2016-08-22,3.23,3.24,3.19,3.2,265884
2016-08-23,3.19,3.22,3.18,3.2,239777
2016-08-24,3.19,3.21,3.18,3.19,175806
2016-08-25,3.18,3.18,3.12,3.15,306636
2016-08-26,3.16,3.18,3.15,3.15,167770
2016-08-29,3.14,3.17,3.13,3.14,226166
2016-08-30,3.15,3.16,3.12,3.13,200227
2016-08-31,3.14,3.19,3.11,3.18,313232
2016-09-01,3.19,3.19,3.14,3.14,206238
2016-09-02,3.13,3.17,3.13,3.14,209743
2016-09-05,3.14,3.18,3.14,3.15,287357
2016-09-06,3.15,3.16,3.11,3.16,271485
2016-09-07,3.17,3.19,3.14,3.16,387739
2016-09-08,3.16,3.16,3.12,3.13,244691
2016-09-09,3.14,3.16,3.12,3.12,233830
2016-09-12,3.1,3.11,2.98,3.01,486194
2016-09-13,3.01,3.03,2.97,2.99,246348
2016-09-14,2.94,2.98,2.92,2.94,228082
2016-09-19,2.94,2.98,2.94,2.97,156522
2016-09-20,2.99,2.99,2.96,2.97,109379
2016-09-21,2.98,3.0,2.96,2.97,128939
2016-09-22,2.98,3.0,2.97,2.98,197384
2016-09-23,2.99,2.99,2.94,2.96,193282
2016-09-26,2.97,2.97,2.83,2.84,292779
2016-09-27,2.84,2.85,2.79,2.83,216293
2016-09-28,2.85,2.9,2.81,2.85,219433
2016-09-29,2.86,2.89,2.84,2.85,138352
2016-09-30,2.86,2.87,2.83,2.85,131831
2016-10-10,2.88,2.93,2.88,2.92,241467
2016-10-11,2.93,2.94,2.9,2.93,237360
2016-10-12,2.92,2.92,2.89,2.9,224669
2016-10-13,2.91,2.91,2.87,2.89,208233
2016-10-14,2.89,2.89,2.84,2.86,196490
2016-10-17,2.88,2.91,2.85,2.87,255879
2016-10-18,2.85,2.9,2.85,2.9,221809
2016-10-19,2.9,3.19,2.89,3.08,1248946
2016-10-20,3.06,3.06,2.99,3.03,640622
2016-10-21,3.03,3.04,2.96,3.0,365772
2016-10-24,3.0,3.02,2.94,3.02,448749
2016-10-25,3.02,3.05,2.99,3.03,361820
2016-10-26,3.04,3.04,2.99,3.0,307913
2016-10-27,3.0,3.01,2.94,2.97,257110
2016-10-28,2.96,2.97,2.94,2.96,190228
2016-10-31,2.96,2.99,2.92,2.98,355249
2016-11-01,2.98,2.99,2.95,2.98,288570
2016-11-02,2.97,3.01,2.94,2.99,438877
2016-11-03,2.97,3.0,2.95,2.98,361842
2016-11-04,2.98,2.98,2.95,2.95,225523
2016-11-07,2.95,3.08,2.93,3.03,834904
2016-11-08,3.02,3.02,2.98,2.99,378102
2016-11-09,2.99,3.02,2.95,3.02,475975
2016-11-10,3.1,3.16,3.07,3.08,1172507
2016-11-11,3.08,3.47,3.06,3.47,3227667
2016-11-14,3.49,3.62,3.37,3.55,3639278
2016-11-15,3.49,3.52,3.36,3.39,1611805
2016-11-16,3.37,3.43,3.27,3.31,1206685
2016-11-17,3.31,3.4,3.29,3.34,856814
2016-11-18,3.37,3.37,3.24,3.3,959624
2016-11-21,3.27,3.37,3.24,3.29,797364
2016-11-22,3.29,3.4,3.29,3.36,1085298
2016-11-23,3.35,3.35,3.26,3.27,687520
2016-11-24,3.29,3.51,3.29,3.41,1810004
2016-11-25,3.43,3.47,3.28,3.36,860151
2016-11-28,3.35,3.52,3.33,3.45,1470164
2016-11-29,3.41,3.42,3.3,3.31,1187791
2016-11-30,3.27,3.28,3.18,3.21,898739
2016-12-01,3.22,3.25,3.21,3.24,381220
2016-12-02,3.24,3.24,3.12,3.14,544350
2016-12-05,3.09,3.15,3.07,3.13,320447
2016-12-06,3.15,3.18,3.11,3.12,251898
2016-12-07,3.12,3.24,3.11,3.22,632058
2016-12-08,3.19,3.29,3.17,3.19,467142
2016-12-09,3.17,3.21,3.15,3.2,323415
2016-12-12,3.19,3.2,3.03,3.04,496551
2016-12-13,3.02,3.13,2.98,3.07,313629
2016-12-14,3.04,3.07,3.01,3.03,236080
2016-12-15,3.01,3.08,3.01,3.06,240266
2016-12-16,3.04,3.07,3.02,3.05,159658
2016-12-19,3.05,3.05,2.97,2.99,270580
2016-12-20,2.97,3.01,2.93,2.99,283891
2016-12-21,2.96,3.01,2.96,3.0,234164
2016-12-22,3.0,3.0,2.96,2.98,174651
2016-12-23,3.0,3.03,2.99,3.0,312591
2016-12-26,2.97,2.98,2.91,2.97,235000
2016-12-27,2.97,2.97,2.92,2.94,210613
2016-12-28,2.94,2.96,2.91,2.92,155945
2016-12-29,2.92,2.92,2.86,2.88,243701
2016-12-30,2.88,2.9,2.85,2.86,196687
2017-01-03,2.86,2.9,2.85,2.89,193998
2017-01-04,2.89,2.94,2.87,2.94,295051
2017-01-05,2.92,2.96,2.91,2.94,236272
2017-01-06,2.93,2.95,2.89,2.91,279386
2017-01-09,2.9,2.94,2.89,2.93,177582
2017-01-10,2.93,2.98,2.92,2.97,321720
2017-01-11,2.98,3.32,2.98,3.11,1370161
2017-01-12,3.06,3.09,3.01,3.03,592705
2017-01-13,3.03,3.2,3.03,3.06,669399
2017-01-16,3.06,3.14,2.97,3.13,855179
2017-01-17,3.1,3.16,3.06,3.14,461732
2017-01-18,3.13,3.15,3.04,3.05,501572
2017-01-19,3.05,3.08,3.02,3.07,331892
2017-01-20,3.04,3.08,3.04,3.06,279257
2017-01-23,3.07,3.24,3.06,3.16,810591
2017-01-24,3.16,3.24,3.13,3.18,711354
2017-01-25,3.18,3.23,3.16,3.19,396979
2017-01-26,3.18,3.28,3.18,3.27,889182
2017-02-03,3.29,3.3,3.19,3.2,450358
2017-02-06,3.19,3.23,3.14,3.2,472476
2017-02-07,3.21,3.28,3.2,3.24,446446
2017-02-08,3.23,3.27,3.22,3.25,409614
2017-02-09,3.28,3.3,3.21,3.24,614132
2017-02-10,3.23,3.36,3.22,3.29,1098551
2017-02-13,3.44,3.71,3.4,3.58,3084216
2017-02-14,3.53,3.69,3.49,3.65,2031409
2017-02-15,3.57,3.62,3.45,3.46,1147245
2017-02-16,3.49,3.89,3.48,3.89,3640097
2017-02-17,3.94,3.94,3.73,3.84,2752265
2017-02-20,3.75,3.99,3.72,3.87,1623945
2017-02-21,3.89,4.26,3.79,4.14,2225560
2017-02-22,4.15,4.41,4.12,4.14,2191897
2017-02-23,4.28,4.64,4.17,4.64,3908618
2017-02-24,4.44,4.56,4.29,4.39,2764013
2017-02-27,4.33,4.58,4.29,4.32,2348389
2017-02-28,4.31,4.59,4.31,4.43,2443280
2017-03-01,4.36,4.44,4.25,4.34,2056822
2017-03-02,4.32,4.44,4.3,4.36,1494129
2017-03-03,4.33,4.4,4.0,4.08,2764348
2017-03-06,4.03,4.22,3.98,4.13,1982267
2017-03-07,4.12,4.13,3.96,3.99,1709289
2017-03-08,3.99,4.06,3.95,4.02,1045728
2017-03-09,4.06,4.17,4.03,4.05,1764054
2017-03-10,3.98,4.07,3.96,4.0,1203341
2017-03-13,3.98,4.06,3.96,4.05,1020357
2017-03-14,4.06,4.16,4.03,4.07,1406603
2017-03-15,4.03,4.11,3.99,4.09,1149627
2017-03-16,4.13,4.15,4.05,4.13,1041346
2017-03-17,4.12,4.13,3.94,3.96,1352732
2017-03-20,3.97,4.0,3.7,3.82,1645209
2017-03-21,3.79,3.8,3.73,3.78,793602
2017-03-22,3.76,3.8,3.74,3.76,655437
2017-03-23,3.78,3.79,3.7,3.75,760501
2017-03-24,3.75,3.77,3.64,3.68,922841
2017-03-27,3.67,3.72,3.65,3.7,584944
2017-03-28,3.7,3.82,3.66,3.78,1095999
2017-03-29,3.8,3.81,3.68,3.69,800995
2017-03-30,3.68,3.7,3.6,3.62,672951
2017-03-31,3.64,3.96,3.64,3.85,1942015
2017-04-05,3.79,4.32,3.77,4.32,3733513
2017-04-06,4.37,4.37,4.18,4.28,1986166
2017-04-07,4.24,4.43,4.17,4.24,1671067
2017-04-10,4.23,4.29,4.02,4.05,1757306
2017-04-11,4.01,4.17,3.94,4.12,1347250
2017-04-12,4.08,4.32,4.06,4.17,1652829
2017-04-13,4.12,4.19,4.04,4.13,856371
2017-04-14,4.1,4.26,4.07,4.09,862537
2017-04-17,4.06,4.27,3.99,4.19,1230285
2017-04-18,4.16,4.22,4.05,4.06,715208
2017-04-19,4.02,4.03,3.65,3.76,1373146
2017-04-20,3.76,3.83,3.64,3.74,735590
2017-04-21,3.77,3.8,3.62,3.63,630484
2017-04-24,3.62,3.62,3.33,3.35,1168977
2017-04-25,3.33,3.4,3.3,3.37,720569
2017-04-26,3.38,3.47,3.35,3.41,647952
2017-04-27,3.39,3.56,3.26,3.52,1000083
2017-04-28,3.56,3.6,3.5,3.54,524089
2017-05-02,3.55,3.81,3.5,3.66,885554
2017-05-03,3.62,3.79,3.62,3.65,580899
2017-05-04,3.62,3.65,3.51,3.54,725058
2017-05-05,3.48,3.48,3.31,3.45,694798
2017-05-08,3.41,3.49,3.39,3.47,472103
2017-05-09,3.44,3.48,3.39,3.47,454320
2017-05-10,3.44,3.5,3.3,3.32,461485
2017-05-11,3.3,3.36,3.19,3.35,692210
2017-05-12,3.31,3.35,3.27,3.3,377696
2017-05-15,3.31,3.42,3.3,3.36,391838
2017-05-16,3.35,3.58,3.31,3.56,937217
2017-05-17,3.53,3.58,3.5,3.53,503001
2017-05-18,3.5,3.55,3.46,3.49,376426
2017-05-19,3.65,3.68,3.46,3.5,659750
2017-05-22,3.43,3.5,3.38,3.42,453153
2017-05-23,3.43,3.45,3.3,3.44,498883
2017-05-24,3.39,3.47,3.33,3.47,383355
2017-05-25,3.44,3.5,3.34,3.47,708990
2017-05-26,3.44,3.47,3.38,3.41,387977
2017-05-31,3.44,3.47,3.38,3.39,397165
2017-06-01,3.38,3.38,3.21,3.25,796608
2017-06-02,3.21,3.26,3.14,3.22,570928
2017-06-05,3.22,3.27,3.21,3.25,285603
2017-06-06,3.23,3.28,3.22,3.27,213114
2017-06-07,3.28,3.35,3.24,3.34,467402
2017-06-08,3.33,3.42,3.31,3.35,541599
2017-06-09,3.35,3.42,3.33,3.38,458171
2017-06-12,3.38,3.5,3.35,3.4,697432
2017-06-13,3.4,3.79,3.4,3.68,2059551
2017-06-14,3.78,3.96,3.69,3.73,1832916
2017-06-15,3.73,3.88,3.71,3.8,1484590
2017-06-16,3.86,4.26,3.8,4.22,3944755
2017-06-19,4.15,4.19,4.06,4.13,2116082
2017-06-20,4.16,4.21,4.06,4.15,2026985
2017-06-21,4.13,4.17,4.03,4.16,1360769
2017-06-22,4.15,4.19,3.95,4.04,1860725
2017-06-23,4.0,4.1,3.87,4.01,1453166
2017-06-26,4.06,4.1,3.98,4.05,1515051
2017-06-27,4.02,4.14,3.95,4.1,1412680
2017-06-28,4.06,4.09,3.98,4.02,948204
2017-06-29,4.02,4.23,3.99,4.15,1710907
2017-06-30,4.14,4.29,4.07,4.24,1326580
2017-07-03,4.26,4.36,4.24,4.25,1235946
2017-07-04,4.25,4.32,3.97,4.03,1763446
2017-07-05,4.02,4.48,4.0,4.37,2368253
2017-07-06,4.35,4.89,4.32,4.89,4554521
2017-07-07,4.89,5.3,4.76,5.15,3916099
2017-07-10,5.2,5.75,5.11,5.69,4023035
2017-07-11,5.53,5.53,5.11,5.27,3784413
2017-07-12,5.27,5.36,5.03,5.34,3286538
2017-07-13,5.48,5.53,5.13,5.15,3545210
2017-07-14,5.08,5.65,4.97,5.48,3972274
2017-07-17,5.39,5.91,5.08,5.61,4279429
2017-07-18,5.49,5.83,5.39,5.79,3353932
2017-07-19,5.68,6.45,5.65,6.34,5712356
2017-07-20,6.25,6.69,6.19,6.33,4945331
2017-07-21,6.25,6.58,6.2,6.54,3233693
2017-07-24,6.55,6.85,6.23,6.4,3786920
2017-07-25,6.29,6.4,5.98,6.22,3427614
2017-07-26,6.34,6.39,6.02,6.26,3450435
2017-07-27,6.16,6.2,5.57,5.78,4121000
2017-07-28,5.73,6.33,5.67,6.19,4027343
2017-07-31,6.09,6.53,6.06,6.41,4375365
2017-08-01,6.35,6.43,6.09,6.23,2824046
2017-08-02,6.19,6.72,6.1,6.34,4430692
2017-08-03,6.53,6.78,6.34,6.65,4862818
2017-08-04,6.58,6.65,6.18,6.19,4381935
2017-08-07,6.21,6.44,6.06,6.38,2770280
2017-08-08,6.37,6.63,6.21,6.31,3103473
2017-08-09,6.31,6.35,6.1,6.29,2005027
2017-08-10,6.26,6.26,5.91,5.93,2576790
2017-08-11,5.86,6.0,5.3,5.39,2763041
2017-08-14,5.43,5.73,5.39,5.63,1838513
2017-08-15,5.55,5.64,5.49,5.58,1307894
2017-08-16,5.57,5.64,5.34,5.4,1416906
2017-08-17,5.6,5.64,5.41,5.44,1396516
2017-08-18,5.35,5.37,5.2,5.3,1498947
2017-08-21,5.31,5.5,5.24,5.44,1403360
2017-08-22,5.4,6.01,5.38,5.85,3525157
2017-08-23,5.79,5.83,5.54,5.66,1876409
2017-08-24,5.72,5.74,5.49,5.54,1218099
2017-08-25,5.57,5.88,5.5,5.76,2051984
2017-08-28,5.67,6.0,5.64,5.84,2272467
2017-08-29,5.85,6.15,5.78,6.02,2483929
2017-08-30,6.0,6.17,5.93,6.1,2235085
2017-08-31,6.15,6.79,6.08,6.71,4892529
2017-09-01,6.66,6.94,6.52,6.61,4501594
2017-09-04,6.64,6.94,6.59,6.7,2667068
2017-09-05,6.73,6.76,6.26,6.5,2913155
2017-09-06,6.4,7.18,6.32,6.94,4358778
2017-09-07,6.92,6.98,6.63,6.76,2560176
2017-09-08,6.73,7.22,6.7,6.95,3144143
2017-09-11,6.98,7.73,6.88,7.72,5738385
2017-09-12,7.68,8.08,7.23,7.41,6340851
2017-09-13,7.35,7.67,7.24,7.61,3028185
2017-09-14,7.52,7.8,7.34,7.44,2684680
2017-09-15,7.33,7.42,6.96,6.97,2782556
2017-09-18,6.99,7.28,6.91,7.09,2178866
2017-09-19,7.03,7.17,6.89,7.04,1835245
2017-09-20,7.02,7.46,7.01,7.36,2940979
2017-09-21,7.31,7.32,6.97,7.03,2187166
2017-09-22,6.89,6.95,6.6,6.78,2011163
2017-09-25,6.8,6.81,6.55,6.57,1194006
2017-09-26,6.58,6.78,6.57,6.69,1138987
2017-09-27,6.68,7.04,6.63,6.95,1842719
2017-09-28,6.96,7.13,6.89,6.94,1422850
2017-09-29,7.02,7.08,6.87,7.02,1399417
2017-10-09,7.21,7.27,6.94,6.99,1602347
2017-10-10,6.99,6.99,6.61,6.72,1742952
2017-10-11,6.64,6.65,6.13,6.46,2032030
2017-10-12,6.38,6.41,6.18,6.32,1278718
2017-10-13,6.35,6.47,6.23,6.35,980802
2017-10-16,6.31,6.46,6.21,6.41,1282465
2017-10-17,6.35,6.41,6.24,6.25,790690
2017-10-18,6.23,6.3,5.88,5.92,1445127
2017-10-19,5.88,6.1,5.73,5.95,1111950
2017-10-20,5.9,6.37,5.87,6.32,1759018
2017-10-23,6.31,6.37,6.24,6.3,891650
2017-10-24,6.34,6.56,6.3,6.4,1308425
2017-10-25,6.29,6.43,6.24,6.38,935485
2017-10-26,6.34,6.66,6.26,6.54,1977770
2017-10-27,6.49,6.59,6.43,6.45,1025510
2017-10-30,6.28,6.28,5.89,6.04,1612321
2017-10-31,6.01,6.4,5.99,6.35,1584837
2017-11-01,6.39,6.52,6.38,6.43,1894032
2017-11-02,6.41,6.45,6.15,6.19,1457015
2017-11-03,6.08,6.24,5.96,6.08,1182469
2017-11-06,6.08,6.14,5.89,6.07,1010636
2017-11-07,6.03,6.18,5.93,6.08,1075285
2017-11-08,6.03,6.22,5.93,6.1,1389619
2017-11-09,6.12,6.22,5.99,6.06,904235
2017-11-10,6.06,6.06,5.93,5.94,988732
2017-11-13,5.94,5.97,5.74,5.89,1504342
2017-11-14,5.96,6.06,5.88,5.94,1544722
2017-11-15,5.85,5.86,5.53,5.58,1853472
2017-11-16,5.57,5.59,5.32,5.34,1605600
2017-11-17,5.34,5.45,5.18,5.22,1184012
2017-11-20,5.19,5.42,4.98,5.4,1193123
2017-11-21,5.42,5.42,5.25,5.29,876153
2017-11-22,5.29,5.41,5.28,5.36,925368
2017-11-23,5.35,5.63,5.34,5.45,1886779
2017-11-24,5.46,6.02,5.31,5.88,2374269
2017-11-27,5.83,6.08,5.66,5.73,2349626
2017-11-28,5.66,6.06,5.6,6.01,2102099
2017-11-29,6.01,6.33,5.96,6.19,2887184
2017-11-30,6.25,6.53,6.18,6.25,2262321
2017-12-01,6.28,6.37,5.99,6.28,1910572
2017-12-04,6.35,6.45,6.13,6.17,1637990
2017-12-05,6.17,6.17,5.68,5.79,1778147
2017-12-06,5.68,5.83,5.48,5.77,1603805
2017-12-07,5.68,5.77,5.53,5.56,1017538
2017-12-08,5.58,5.82,5.57,5.78,1239550
2017-12-11,5.86,6.02,5.81,5.96,1326993
2017-12-12,6.02,6.18,5.92,6.04,1801404
2017-12-13,5.97,5.97,5.84,5.94,1173932
2017-12-14,5.96,6.09,5.94,6.01,1078078
2017-12-15,5.96,6.06,5.74,5.81,1161834
2017-12-18,5.81,5.91,5.66,5.77,861071
2017-12-19,5.78,5.86,5.67,5.75,718336
2017-12-20,5.74,5.8,5.56,5.58,956134
2017-12-21,5.58,5.74,5.56,5.68,973529
2017-12-22,5.66,5.77,5.58,5.62,938561
2017-12-25,5.67,5.7,5.56,5.62,732407
2017-12-26,5.57,5.61,5.39,5.6,777183
2017-12-27,5.59,5.85,5.56,5.74,1483617
2017-12-28,5.73,6.26,5.68,6.19,3076336
2017-12-29,6.14,6.2,6.02,6.06,1393446
2018-01-02,6.08,6.17,6.0,6.12,1629839
2018-01-03,6.14,6.46,6.12,6.23,2747951
2018-01-04,6.16,6.42,6.15,6.41,2147914
2018-01-05,6.35,6.43,6.27,6.34,1787036
2018-01-08,6.29,6.61,6.26,6.48,2514386
2018-01-09,6.5,6.58,6.35,6.42,1584681
2018-01-10,6.42,6.5,6.26,6.39,1603055
2018-01-11,6.68,7.0,6.55,6.95,4154152
2018-01-12,6.88,7.03,6.79,6.82,2172152
2018-01-15,6.98,7.11,6.53,6.69,3018485
2018-01-16,6.68,7.31,6.62,7.27,3645981
2018-01-17,7.18,7.28,6.98,7.25,2752602
2018-01-18,7.36,7.53,7.18,7.26,2086011
2018-01-19,7.22,7.32,7.01,7.28,1942371
2018-01-22,7.26,7.55,7.21,7.5,2119012
2018-01-23,7.53,7.63,7.4,7.48,1897085
2018-01-24,7.4,7.45,7.21,7.34,1746934
2018-01-25,7.43,7.51,7.26,7.35,1789784
2018-01-26,7.18,7.2,6.95,6.96,2192794
2018-01-29,7.03,7.14,6.92,7.0,1606476
2018-01-30,6.89,6.9,6.56,6.63,2012475
2018-01-31,6.54,6.93,6.48,6.74,1836622
2018-02-01,6.68,6.89,6.54,6.63,1416368
2018-02-02,6.48,7.14,6.39,7.03,2035610
2018-02-05,6.87,7.13,6.81,7.05,1632959
2018-02-06,6.83,7.04,6.33,6.36,1892617
2018-02-07,6.6,6.65,6.11,6.18,1570040
2018-02-08,5.99,6.23,5.88,6.07,1078479
2018-02-09,5.77,5.91,5.38,5.38,1977915
2018-02-12,5.42,5.69,5.41,5.66,1273562
2018-02-13,5.78,5.92,5.74,5.76,1125136
2018-02-14,5.88,5.97,5.81,5.92,868006
2018-02-22,6.27,6.59,6.19,6.59,1047616
2018-02-23,7.27,7.27,6.9,7.2,4362488
2018-02-26,7.24,7.98,7.14,7.79,5056329
2018-02-27,7.65,7.71,7.35,7.41,3946310
2018-02-28,7.35,7.78,7.35,7.76,3849782
2018-03-01,7.55,7.78,7.52,7.61,2845919
2018-03-02,7.51,7.93,7.41,7.54,3336636
2018-03-05,7.6,8.25,7.43,8.18,4303335
2018-03-06,8.08,8.21,7.8,8.1,3309197
2018-03-07,8.06,8.19,7.88,7.91,2055969
2018-03-08,7.7,7.84,7.45,7.55,3136482
2018-03-09,7.48,7.75,7.45,7.61,2100081
2018-03-12,7.72,8.25,7.72,8.03,3853914
2018-03-13,8.03,8.63,7.92,8.48,3817094
2018-03-14,8.46,8.84,8.25,8.31,3915915
2018-03-15,8.5,8.82,8.3,8.64,3607247
2018-03-16,8.58,8.58,8.34,8.41,2383105
2018-03-19,8.3,8.98,8.22,8.87,3069310
2018-03-20,8.72,8.95,8.63,8.73,2250096
2018-03-21,8.68,8.79,8.3,8.41,2610688
2018-03-22,8.53,8.66,8.17,8.4,2318641
2018-03-23,7.84,8.13,7.48,7.5,3509301
2018-03-26,7.28,7.92,7.21,7.91,2840745
2018-03-27,7.99,8.15,7.85,8.06,2556602
2018-03-28,7.78,7.93,7.63,7.66,1927619
2018-03-29,7.64,7.78,7.31,7.68,1907553
2018-03-30,7.73,7.82,7.59,7.66,1582693
2018-04-02,7.59,7.59,7.3,7.4,1980133
2018-04-03,7.19,7.38,7.11,7.34,1178716
2018-04-04,7.39,7.42,7.13,7.14,1155191
2018-04-09,7.12,7.32,7.09,7.25,1087121
2018-04-10,7.29,7.78,7.26,7.77,2478854
2018-04-11,7.82,7.87,7.66,7.73,1730920
2018-04-12,7.68,7.71,7.38,7.44,1491451
2018-04-13,7.53,7.58,7.31,7.44,1045410
2018-04-16,7.35,7.52,7.31,7.34,848672
2018-04-17,7.34,7.34,6.7,6.83,2077745
2018-04-18,6.91,7.01,6.51,6.96,1425344
2018-04-19,7.0,7.16,6.9,7.04,1253348
2018-04-20,6.9,7.11,6.83,6.85,1081854
2018-04-23,6.86,6.95,6.68,6.83,769758
2018-04-24,6.85,7.27,6.85,7.18,1668382
2018-04-25,7.11,7.16,6.98,7.03,1047156
2018-04-26,7.0,7.07,6.74,6.75,937177
2018-04-27,6.83,6.86,6.72,6.76,653326
2018-05-02,7.13,7.18,6.91,6.94,1038342
2018-05-03,6.82,6.86,6.46,6.8,1130321
2018-05-04,6.68,6.84,6.65,6.68,681191
2018-05-07,6.63,6.95,6.61,6.91,1114495
2018-05-08,6.86,6.98,6.84,6.94,900489
2018-05-09,6.96,6.96,6.79,6.84,695080
2018-05-10,6.86,6.97,6.83,6.91,792024
2018-05-11,6.93,7.5,6.89,7.33,2838576
2018-05-14,7.35,7.63,7.19,7.47,2317934
2018-05-15,7.46,7.61,7.33,7.51,1353310
2018-05-16,7.41,7.5,7.34,7.36,1086636
2018-05-17,7.43,7.5,7.24,7.28,875669
2018-05-18,7.29,7.41,7.15,7.38,993194
2018-05-21,7.47,7.63,7.4,7.45,1318460
2018-05-22,7.35,7.35,7.1,7.29,1638603
2018-05-23,7.17,7.24,6.97,6.98,1276380
2018-05-24,6.91,7.03,6.9,6.95,640340
2018-05-25,6.94,6.99,6.69,6.71,890556
2018-05-28,6.73,6.82,6.56,6.71,621216
2018-05-29,6.71,6.77,6.6,6.65,718899
2018-05-30,6.52,6.52,5.99,6.19,1419490
2018-05-31,6.25,6.34,6.19,6.29,768348
2018-06-01,6.27,6.51,6.2,6.35,843125
2018-06-04,6.35,6.37,6.06,6.2,807813
2018-06-05,6.19,6.36,6.16,6.36,716987
2018-06-06,6.35,6.59,6.32,6.49,1150759
2018-06-07,6.56,6.58,6.4,6.41,724552
2018-06-08,6.36,6.38,6.2,6.28,646368
2018-06-11,6.3,6.4,6.26,6.31,548820
2018-06-12,6.27,6.31,6.1,6.29,642656
2018-06-13,6.18,6.26,6.14,6.14,508229
2018-06-14,6.08,6.25,6.05,6.14,509740
2018-06-15,6.14,6.2,5.89,6.01,897272
2018-06-19,5.8,5.8,5.33,5.33,1385414
2018-06-20,5.24,5.48,5.21,5.42,866203
2018-06-21,5.41,5.54,5.27,5.28,767325
2018-06-22,5.19,5.55,5.09,5.48,944925
2018-06-25,5.54,5.61,5.44,5.46,772692
2018-06-26,5.33,5.57,5.22,5.55,614100
2018-06-27,5.54,5.6,5.37,5.4,565417
2018-06-28,5.34,5.46,5.3,5.34,471853
2018-06-29,5.31,5.55,5.31,5.54,842906
2018-07-02,5.51,5.52,5.33,5.39,699425
2018-07-03,5.4,5.44,5.21,5.4,656011
2018-07-04,5.38,5.44,5.27,5.29,494165
2018-07-05,5.29,5.34,4.8,4.86,930419
2018-07-06,4.84,4.99,4.68,4.9,937056
2018-07-09,4.9,5.06,4.9,5.06,801719
2018-07-10,5.07,5.53,5.07,5.47,1628365
2018-07-11,5.25,5.72,5.23,5.54,1834154
2018-07-12,5.46,5.62,5.4,5.58,1191426
2018-07-13,5.58,5.95,5.49,5.78,1745652
2018-07-16,5.69,5.78,5.58,5.65,959453
2018-07-17,5.6,5.67,5.45,5.55,1007205
2018-07-18,5.54,5.57,5.36,5.39,930511
2018-07-19,5.24,5.38,5.16,5.21,1022011
2018-07-20,5.25,5.37,5.18,5.3,850547
2018-07-23,5.29,5.43,5.11,5.42,1091803
2018-07-24,5.35,5.61,5.26,5.42,3843728
2018-07-25,5.45,5.45,5.26,5.33,2447407
2018-07-26,5.3,5.32,5.08,5.12,2187308
2018-07-27,5.08,5.14,4.99,5.04,1231574
2018-07-30,5.09,5.21,5.04,5.13,1548097
2018-07-31,5.25,5.28,5.07,5.11,1655315
2018-08-01,5.12,5.16,4.9,4.91,1926321
2018-08-02,4.87,4.87,4.55,4.68,1946061
2018-08-03,4.65,4.69,4.46,4.47,1357935
2018-08-06,4.42,4.42,3.99,4.03,2447220
2018-08-07,4.07,4.18,3.86,4.17,1916601
2018-08-08,4.14,4.17,3.97,4.01,1329069
2018-08-09,4.04,4.32,4.02,4.24,2123209
2018-08-10,4.28,4.28,4.2,4.26,1276749
2018-08-13,4.15,4.33,4.11,4.3,1206046
2018-08-14,4.28,4.29,4.21,4.26,914444
2018-08-15,4.25,4.28,4.1,4.11,857980
2018-08-16,4.01,4.18,3.97,4.11,833832
2018-08-17,4.18,4.21,4.04,4.05,853834
2018-08-20,4.09,4.2,4.05,4.19,967959
2018-08-21,4.2,4.26,4.14,4.22,1133458
2018-08-22,4.2,4.21,4.08,4.09,875831
2018-08-23,4.1,4.18,4.07,4.15,771261
2018-08-24,4.13,4.13,4.04,4.06,856088
2018-08-27,4.09,4.17,4.07,4.16,1269619
2018-08-28,4.22,4.29,4.13,4.23,1773961
2018-08-29,4.22,4.22,4.14,4.15,919369
2018-08-30,4.16,4.17,4.05,4.06,1027991
2018-08-31,4.02,4.04,3.92,3.95,981560
2018-09-03,3.99,4.02,3.9,3.98,889191
2018-09-04,3.94,4.0,3.87,3.97,1005298
2018-09-05,3.94,3.94,3.8,3.81,916378
2018-09-06,3.78,3.85,3.69,3.73,848202
2018-09-07,3.75,3.82,3.68,3.73,792126
2018-09-10,3.72,3.72,3.53,3.54,904530
2018-09-11,3.53,3.57,3.44,3.54,840708
2018-09-12,3.53,3.68,3.49,3.62,1152931
2018-09-13,3.71,3.75,3.62,3.68,1025600
2018-09-14,3.68,3.78,3.65,3.68,1193152
2018-09-17,3.65,3.65,3.52,3.52,717178
2018-09-18,3.5,3.7,3.47,3.65,1018493
2018-09-19,3.65,3.77,3.62,3.73,1284113
2018-09-20,3.74,3.88,3.73,3.77,1532095
2018-09-21,3.81,3.97,3.71,3.9,1925317
2018-09-25,3.82,3.95,3.8,3.88,1064747
2018-09-26,3.88,3.94,3.85,3.88,1105709
2018-09-27,3.88,3.92,3.81,3.86,914657
2018-09-28,3.85,3.86,3.76,3.81,1486141
2018-10-08,3.7,3.72,3.53,3.55,1231569
2018-10-09,3.57,3.63,3.54,3.6,710813
2018-10-10,3.64,3.65,3.5,3.56,866964
2018-10-11,3.36,3.4,3.13,3.13,1976688
2018-10-12,3.06,3.12,2.79,3.04,1632700
2018-10-15,3.0,3.1,2.93,2.96,923112
2018-10-16,2.99,3.03,2.91,2.95,822166
2018-10-17,3.0,3.04,2.81,2.92,1232737
2018-10-18,2.85,2.89,2.8,2.82,797711
2018-10-19,2.75,2.93,2.69,2.9,959787
2018-10-22,2.94,3.25,2.9,3.17,1972141
2018-10-23,3.17,3.18,3.0,3.03,1237788
2018-10-24,2.99,3.13,2.99,3.08,1097898
2018-10-25,2.89,3.07,2.86,3.05,960993
2018-10-26,3.12,3.2,3.06,3.09,1429520
2018-10-29,3.07,3.08,2.99,3.01,740708
2018-10-30,3.05,3.17,3.03,3.13,1331322
2018-10-31,3.18,3.36,3.12,3.32,2282730
2018-11-01,3.31,3.37,3.24,3.26,2109748
2018-11-02,3.35,3.5,3.28,3.44,2785307
2018-11-05,3.37,3.45,3.33,3.38,1695284
2018-11-06,3.34,3.38,3.29,3.34,968788
2018-11-07,3.67,3.74,3.52,3.55,4036542
2018-11-08,3.55,3.57,3.45,3.46,1751206
2018-11-09,3.4,3.42,3.35,3.37,1125855
2018-11-12,3.32,3.43,3.29,3.42,1335948
2018-11-13,3.33,3.47,3.31,3.45,1639585
2018-11-14,3.43,3.47,3.38,3.39,1211977
2018-11-15,3.36,3.43,3.35,3.43,1121498
2018-11-16,3.44,3.47,3.4,3.43,1321266
2018-11-19,3.41,3.43,3.36,3.41,1062345
2018-11-20,3.37,3.48,3.35,3.37,1485569
2018-11-21,3.3,3.35,3.22,3.34,1011295
2018-11-22,3.35,3.38,3.3,3.31,607448
2018-11-23,3.31,3.33,3.1,3.12,1208750
2018-11-26,3.1,3.15,3.04,3.05,652098
2018-11-27,3.09,3.13,3.05,3.1,601282
2018-11-28,3.08,3.13,3.02,3.13,713245
2018-11-29,3.18,3.22,3.11,3.13,1055420
2018-11-30,3.11,3.28,3.07,3.22,1377406
2018-12-03,3.32,3.38,3.3,3.34,1385767
2018-12-04,3.34,3.34,3.28,3.32,889807
2018-12-05,3.25,3.44,3.22,3.38,1647659
2018-12-06,3.35,3.37,3.3,3.31,832440
2018-12-07,3.34,3.35,3.28,3.3,501398
2018-12-10,3.28,3.29,3.22,3.22,558335
2018-12-11,3.25,3.28,3.22,3.27,384069
2018-12-12,3.31,3.35,3.28,3.34,840131
2018-12-13,3.36,3.42,3.32,3.4,1010836
2018-12-14,3.38,3.43,3.32,3.33,1616632
2018-12-17,3.31,3.41,3.29,3.4,909727
2018-12-18,3.37,3.44,3.34,3.4,843287
2018-12-19,3.38,3.4,3.33,3.34,528254
2018-12-20,3.34,3.38,3.26,3.3,745642
2018-12-21,3.27,3.3,3.16,3.18,758384
2018-12-24,3.18,3.25,3.17,3.2,366200
2018-12-25,3.16,3.16,3.01,3.14,768911
2018-12-26,3.1,3.15,3.09,3.09,402454
2018-12-27,3.16,3.18,3.0,3.01,607805
2018-12-28,3.04,3.06,2.99,3.01,512830
2019-01-02,3.03,3.04,2.9,2.96,542697
2019-01-03,2.95,3.01,2.92,2.99,551982
2019-01-04,2.93,3.1,2.92,3.08,860509
2019-01-07,3.11,3.16,3.08,3.14,861047
2019-01-08,3.15,3.15,3.1,3.1,488645
2019-01-09,3.11,3.18,3.08,3.11,677066
2019-01-10,3.09,3.11,3.05,3.05,560124
2019-01-11,3.05,3.1,3.05,3.08,368865
2019-01-14,3.09,3.11,3.05,3.06,467984
2019-01-15,3.07,3.13,3.05,3.11,676370
2019-01-16,3.1,3.11,3.06,3.07,443858
2019-01-17,3.07,3.12,3.03,3.07,625544
2019-01-18,3.06,3.21,3.06,3.17,1460844
2019-01-21,3.22,3.22,3.16,3.17,872269
2019-01-22,3.16,3.17,3.1,3.11,649456
2019-01-23,3.1,3.14,3.08,3.14,420931
2019-01-24,3.13,3.14,3.08,3.11,440796
2019-01-25,3.11,3.14,3.08,3.1,503614
2019-01-28,3.12,3.14,3.08,3.09,502963
2019-01-29,3.08,3.08,2.87,3.04,741418
2019-01-30,3.01,3.08,2.98,3.04,397259
2019-01-31,3.1,3.15,3.03,3.09,961438
2019-02-01,3.11,3.16,3.08,3.15,744697
2019-02-11,3.15,3.33,3.14,3.31,1529363
2019-02-12,3.27,3.32,3.25,3.3,1218535
2019-02-13,3.3,3.52,3.28,3.44,2219592
2019-02-14,3.42,3.44,3.36,3.41,1237517
2019-02-15,3.39,3.51,3.37,3.41,1261207
2019-02-18,3.47,3.58,3.43,3.57,1995174
2019-02-19,3.58,3.69,3.49,3.56,1962003
2019-02-20,3.58,3.73,3.56,3.67,2525543
2019-02-21,3.67,3.71,3.57,3.59,1968131
2019-02-22,3.57,3.64,3.5,3.64,1587844
2019-02-25,3.71,4.03,3.71,4.03,3545060
2019-02-26,4.09,4.41,3.93,4.17,4384830
2019-02-27,4.1,4.23,3.95,4.05,2771507
2019-02-28,4.05,4.1,3.97,4.01,1378800
2019-03-01,4.06,4.09,3.94,4.04,1452321
2019-03-04,4.05,4.18,4.03,4.08,2540630
2019-03-05,4.04,4.13,3.98,4.13,2016525
2019-03-06,4.13,4.38,4.13,4.32,3865975
2019-03-07,4.29,4.59,4.21,4.4,3663596
2019-03-08,4.29,4.29,3.95,4.01,2927072
2019-03-11,4.01,4.11,3.94,4.1,1747855
2019-03-12,4.11,4.2,4.01,4.1,2082923
2019-03-13,4.09,4.17,4.0,4.08,1913375
2019-03-14,4.05,4.17,3.95,4.0,1775616
2019-03-15,4.09,4.12,3.98,4.01,1458064
2019-03-18,4.02,4.2,4.02,4.2,2330224
2019-03-19,4.17,4.22,4.12,4.18,1654262
2019-03-20,4.22,4.23,4.06,4.13,1614485
2019-03-21,4.13,4.19,4.1,4.12,1800054
2019-03-22,4.1,4.12,3.97,4.03,1795986
2019-03-25,3.92,3.95,3.86,3.86,1793811
2019-03-26,3.87,3.92,3.73,3.76,1353967
2019-03-27,3.78,3.81,3.68,3.73,914203
2019-03-28,3.73,3.85,3.68,3.78,1049219
2019-03-29,3.8,3.91,3.73,3.91,1462387
2019-04-01,3.94,4.28,3.94,4.2,3518612
2019-04-02,4.25,4.4,4.13,4.28,3559466
2019-04-03,4.23,4.3,4.16,4.26,2205528
2019-04-04,4.3,4.43,4.26,4.32,2720546
2019-04-08,4.43,4.47,4.28,4.34,2963372
2019-04-09,4.32,4.32,4.14,4.21,2199860
2019-04-10,4.16,4.23,4.13,4.2,1246152
2019-04-11,4.19,4.31,4.13,4.14,1673082
2019-04-12,4.1,4.16,4.05,4.1,1024947
2019-04-15,4.19,4.22,4.09,4.1,1175071
2019-04-16,4.06,4.21,4.01,4.21,1744537
2019-04-17,4.21,4.21,4.14,4.16,1279985
2019-04-18,4.16,4.19,4.06,4.07,1246219
2019-04-19,4.04,4.1,4.02,4.1,902117
2019-04-22,4.03,4.03,3.86,3.87,2211196
2019-04-23,3.87,3.89,3.76,3.8,1262971
2019-04-24,3.81,3.86,3.76,3.85,845820
2019-04-25,3.84,3.85,3.7,3.7,1012910
2019-04-26,3.67,3.7,3.62,3.62,773287
2019-04-29,3.62,3.65,3.37,3.42,1175475
2019-04-30,3.4,3.5,3.37,3.46,694018
2019-05-06,3.34,3.36,3.05,3.16,1303745
2019-05-07,3.2,3.26,3.15,3.22,770515
2019-05-08,3.13,3.27,3.1,3.22,712823
2019-05-09,3.18,3.25,3.15,3.18,585666
2019-05-10,3.2,3.27,3.13,3.25,901402
2019-05-13,3.22,3.24,3.16,3.16,546475
2019-05-14,3.12,3.2,3.1,3.14,503401
2019-05-15,3.17,3.2,3.16,3.18,526262
2019-05-16,3.19,3.32,3.18,3.3,1240672
2019-05-17,3.31,3.32,3.15,3.17,866836
2019-05-20,3.15,3.19,3.07,3.19,598172
2019-05-21,3.19,3.33,3.16,3.31,1022772
2019-05-22,3.3,3.32,3.22,3.26,760890
2019-05-23,3.25,3.25,3.16,3.17,542162
2019-05-24,3.15,3.2,3.12,3.13,523058
2019-05-27,3.14,3.21,3.13,3.19,509557
2019-05-28,3.18,3.21,3.14,3.2,734984
2019-05-29,3.18,3.28,3.16,3.25,911395
2019-05-30,3.22,3.35,3.17,3.35,1651763
2019-05-31,3.34,3.37,3.28,3.28,1087983
2019-06-03,3.29,3.31,3.22,3.23,649407
2019-06-04,3.21,3.26,3.13,3.15,643347
2019-06-05,3.18,3.21,3.15,3.16,417710
2019-06-06,3.16,3.17,3.11,3.11,447532
2019-06-10,3.14,3.18,3.11,3.16,465637
2019-06-11,3.16,3.29,3.14,3.29,1029935
2019-06-12,3.3,3.39,3.27,3.31,1317345
2019-06-13,3.28,3.3,3.23,3.3,687767
2019-06-14,3.3,3.36,3.25,3.27,775181
2019-06-17,3.24,3.32,3.23,3.27,476748
2019-06-18,3.25,3.27,3.17,3.21,631159
2019-06-19,3.27,3.3,3.24,3.25,583945
2019-06-20,3.27,3.32,3.23,3.31,955488
2019-06-21,3.3,3.4,3.29,3.36,1412104
2019-06-24,3.37,3.46,3.34,3.41,1241228
2019-06-25,3.4,3.45,3.32,3.41,1234357
2019-06-26,3.37,3.39,3.33,3.33,693449
2019-06-27,3.34,3.37,3.33,3.35,563976
2019-06-28,3.36,3.37,3.31,3.32,552492
2019-07-01,3.37,3.39,3.36,3.39,785664
2019-07-02,3.39,3.5,3.35,3.47,1361951
2019-07-03,3.46,3.46,3.39,3.39,897105
2019-07-04,3.4,3.42,3.37,3.38,551847
2019-07-05,3.38,3.39,3.35,3.37,315106
2019-07-08,3.35,3.36,3.24,3.25,702895
2019-07-09,3.25,3.27,3.22,3.26,397442
2019-07-10,3.27,3.28,3.21,3.22,307275
2019-07-11,3.24,3.28,3.2,3.22,377881
2019-07-12,3.23,3.24,3.2,3.21,348980
2019-07-15,3.21,3.25,3.15,3.22,511069
2019-07-16,3.22,3.26,3.21,3.23,354584
2019-07-17,3.23,3.24,3.21,3.21,322670
2019-07-18,3.22,3.24,3.19,3.19,439977
2019-07-19,3.21,3.27,3.2,3.24,508537
2019-07-22,3.22,3.23,3.1,3.11,604888
2019-07-23,3.12,3.14,3.11,3.14,253701
2019-07-24,3.16,3.18,3.07,3.1,1383454
2019-07-25,3.08,3.09,2.98,2.99,1521909
2019-07-26,3.01,3.02,2.9,2.97,1676158
2019-07-29,2.95,2.95,2.87,2.9,1503956
2019-07-30,2.89,2.93,2.88,2.9,922832
2019-07-31,2.89,3.02,2.83,2.98,1809122
2019-08-01,2.97,3.11,2.94,3.08,2776372
2019-08-02,2.99,3.06,2.97,3.01,1337375
2019-08-05,2.99,3.0,2.9,2.92,1304510
2019-08-06,2.82,2.87,2.72,2.75,1624662
2019-08-07,3.01,3.09,3.01,3.09,2908557
2019-08-08,3.23,3.38,3.08,3.1,5906440
2019-08-09,3.12,3.24,3.03,3.2,3204180
2019-08-12,3.12,3.15,3.04,3.08,1738009
2019-08-13,3.06,3.17,3.04,3.11,1655922
2019-08-14,3.14,3.26,3.07,3.21,2579073
2019-08-15,3.11,3.2,3.09,3.14,1485494
2019-08-16,3.14,3.15,3.09,3.09,1024652
2019-08-19,3.1,3.13,3.05,3.12,1197276
2019-08-20,3.1,3.18,3.08,3.12,1293227
2019-08-21,3.1,3.1,3.01,3.02,1444468
2019-08-22,3.03,3.04,2.96,3.02,986121
2019-08-23,3.02,3.03,2.93,2.94,988309
2019-08-26,2.88,3.01,2.86,2.96,1038476
2019-08-27,2.96,3.03,2.95,3.03,1000467
2019-08-28,2.99,3.04,2.97,2.97,607140
2019-08-29,3.0,3.0,2.94,2.94,484219
2019-08-30,2.96,2.99,2.92,2.95,693581
2019-09-02,3.0,3.02,2.98,2.99,694226
2019-09-03,3.0,3.09,2.97,3.07,1469055
2019-09-04,3.05,3.08,3.02,3.06,878798
2019-09-05,3.07,3.13,3.07,3.08,1550406
2019-09-06,3.1,3.1,3.03,3.06,949885
2019-09-09,3.07,3.1,3.04,3.1,1336580
2019-09-10,3.09,3.23,3.08,3.13,2041890
2019-09-11,3.14,3.17,3.11,3.13,1005959
2019-09-12,3.15,3.18,3.09,3.14,1020981
2019-09-16,3.23,3.25,3.17,3.19,1537688
2019-09-17,3.17,3.18,3.08,3.08,1031811
2019-09-18,3.08,3.11,3.07,3.08,568701
2019-09-19,3.1,3.12,3.07,3.09,648253
2019-09-20,3.1,3.1,3.06,3.09,586402
2019-09-23,3.08,3.08,3.02,3.03,513659
2019-09-24,3.03,3.09,3.0,3.05,823919
2019-09-25,3.03,3.19,3.0,3.13,1618418
2019-09-26,3.11,3.16,3.03,3.04,1094808
2019-09-27,3.04,3.08,3.02,3.03,635291
2019-09-30,3.03,3.04,2.97,3.0,508255
2019-10-08,2.98,3.01,2.95,2.97,464427
2019-10-09,2.95,2.99,2.94,2.98,352537
2019-10-10,2.98,2.99,2.95,2.97,492227
2019-10-11,2.97,3.0,2.94,2.98,530582
2019-10-14,3.01,3.04,2.99,3.01,537756
2019-10-15,3.02,3.02,2.95,2.96,498908
2019-10-16,2.96,2.97,2.92,2.92,369345
2019-10-17,2.91,2.93,2.9,2.92,320532
2019-10-18,2.92,2.93,2.86,2.86,436021
2019-10-21,2.84,2.85,2.8,2.82,376165
2019-10-22,2.83,2.85,2.81,2.83,336978
2019-10-23,2.84,2.84,2.8,2.81,274648
2019-10-24,2.81,2.83,2.8,2.82,364795
2019-10-25,2.82,2.83,2.79,2.83,304928
2019-10-28,2.82,2.88,2.81,2.85,576751
2019-10-29,2.85,2.85,2.8,2.8,367791
2019-10-30,2.77,2.8,2.75,2.76,389477
2019-10-31,2.77,2.79,2.74,2.76,335570
2019-11-01,2.76,2.78,2.74,2.78,383712
2019-11-04,2.78,2.83,2.77,2.81,537099
2019-11-05,2.82,2.96,2.79,2.9,1044883
2019-11-06,2.88,2.93,2.86,2.89,663432
2019-11-07,2.87,2.89,2.84,2.85,342943
2019-11-08,2.87,2.89,2.83,2.83,344868
2019-11-11,2.84,2.84,2.75,2.76,422112
2019-11-12,2.75,2.77,2.74,2.76,249177
2019-11-13,2.76,2.77,2.74,2.76,258927
2019-11-14,2.76,2.77,2.74,2.75,241910
2019-11-15,2.75,2.76,2.73,2.73,337944
2019-11-18,2.73,2.75,2.72,2.74,282941
2019-11-19,2.74,2.82,2.73,2.82,637003
2019-11-20,2.81,2.85,2.78,2.8,455854
2019-11-21,2.79,2.8,2.76,2.77,280934
2019-11-22,2.79,2.85,2.77,2.79,637896
2019-11-25,2.79,2.92,2.78,2.91,1329525
2019-11-26,2.9,2.9,2.84,2.84,974383
2019-11-27,2.86,3.04,2.86,2.99,2082539
2019-11-28,2.96,3.01,2.93,2.94,1061409
2019-11-29,2.94,2.97,2.89,2.92,543590
2019-12-02,2.91,2.93,2.84,2.86,786785
2019-12-03,2.84,2.89,2.83,2.87,473046
2019-12-04,2.85,3.0,2.84,2.97,1376617
2019-12-05,2.99,3.01,2.95,2.98,909081
2019-12-06,2.99,3.18,2.98,3.1,2590874
2019-12-09,3.13,3.15,3.08,3.1,1024100
2019-12-10,3.1,3.16,3.08,3.12,995815
2019-12-11,3.15,3.15,3.05,3.07,843236
2019-12-12,3.07,3.1,3.03,3.04,548256
2019-12-13,3.08,3.12,3.07,3.12,929439
2019-12-16,3.14,3.15,3.08,3.12,715348
2019-12-17,3.14,3.24,3.12,3.18,1806771
2019-12-18,3.17,3.2,3.14,3.17,875735
2019-12-19,3.16,3.2,3.15,3.16,701517
2019-12-20,3.18,3.19,3.08,3.09,615054
2019-12-23,3.09,3.18,3.07,3.09,910519
2019-12-24,3.1,3.46,3.09,3.46,4729429
2019-12-25,3.43,3.61,3.38,3.56,3728752
2019-12-26,3.56,3.59,3.44,3.52,1968751
2019-12-27,3.54,3.89,3.5,3.69,4261540
2019-12-30,3.71,3.86,3.66,3.74,2850262
2019-12-31,3.7,3.79,3.63,3.72,2046912
2020-01-02,3.75,3.81,3.67,3.73,2449631
2020-01-03,3.78,3.93,3.68,3.84,3113213
2020-01-06,3.82,4.01,3.8,3.85,3306883
2020-01-07,3.81,3.85,3.73,3.78,1834331
2020-01-08,3.78,3.87,3.74,3.82,2153188
2020-01-09,3.86,3.92,3.74,3.78,1930606
2020-01-10,3.79,3.79,3.6,3.74,2906159
2020-01-13,3.72,3.8,3.67,3.75,1254019
2020-01-14,3.81,4.19,3.78,4.07,4622908
2020-01-15,4.03,4.1,3.89,3.92,3019234
2020-01-16,3.94,3.98,3.82,3.85,1346025
2020-01-17,3.85,3.87,3.71,3.78,1405554
2020-01-20,3.77,3.78,3.67,3.74,1418838
2020-01-21,3.72,3.72,3.56,3.56,1352237
2020-01-22,3.55,3.73,3.5,3.69,1586857
2020-01-23,3.59,3.74,3.42,3.48,1824796
2020-02-03,3.07,3.07,3.07,3.07,517910
2020-02-04,2.92,3.22,2.92,3.14,2373531
2020-02-05,3.22,3.51,3.16,3.33,2733358
2020-02-06,3.26,3.35,3.19,3.33,2415280
2020-02-07,3.28,3.29,3.18,3.24,1436429
2020-02-10,3.19,3.48,3.17,3.44,2587332
2020-02-11,3.46,3.7,3.38,3.64,3807508
2020-02-12,3.58,4.07,3.54,4.07,4632596
2020-02-13,4.28,4.54,4.08,4.38,7865100
2020-02-14,4.47,4.88,4.41,4.78,8267794
2020-02-17,4.67,4.79,4.6,4.76,5307175
2020-02-18,4.69,4.78,4.53,4.61,4872485
2020-02-19,4.26,4.29,4.09,4.09,7489465
2020-02-20,4.14,4.18,3.95,4.04,4604364
2020-02-21,3.99,4.09,3.89,3.96,4286228
2020-02-24,3.89,3.9,3.62,3.77,4626076
2020-02-25,3.69,3.98,3.65,3.96,5526913
2020-02-26,3.86,3.9,3.71,3.74,3562477
2020-02-27,3.76,3.83,3.68,3.74,2121864
2020-02-28,3.59,3.67,3.4,3.43,2929729
2020-03-02,3.48,3.62,3.44,3.58,1959451
2020-03-03,3.62,3.77,3.59,3.63,2754018
2020-03-04,3.66,3.71,3.52,3.65,2431996
2020-03-05,3.67,3.69,3.59,3.68,2127440
2020-03-06,3.62,3.78,3.59,3.69,3100883
2020-03-09,3.72,3.75,3.5,3.53,2609100
2020-03-10,3.43,3.6,3.36,3.58,2371561
2020-03-11,3.59,3.59,3.44,3.44,1781246
2020-03-12,3.37,3.42,3.26,3.29,1827870
2020-03-13,3.05,3.25,3.0,3.21,1896947
2020-03-16,3.23,3.24,3.03,3.05,1544804
2020-03-17,3.06,3.14,2.95,3.11,1465418
2020-03-18,3.12,3.17,2.96,2.96,1777385
2020-03-19,2.95,3.0,2.85,2.92,1640169
2020-03-20,2.97,2.99,2.87,2.94,1087789
2020-03-23,2.83,2.86,2.75,2.77,1319892
2020-03-24,2.84,2.92,2.82,2.89,1546110
2020-03-25,2.98,3.0,2.92,2.96,1404459
2020-03-26,2.94,2.94,2.87,2.87,1090771
2020-03-27,2.91,2.92,2.82,2.83,1018815
2020-03-30,2.77,2.82,2.74,2.79,1002260
2020-03-31,2.82,2.85,2.75,2.83,1248021
2020-04-01,2.8,2.99,2.8,2.91,1829120
2020-04-02,2.88,2.96,2.87,2.96,1133176
2020-04-03,2.94,2.98,2.87,2.89,926186
2020-04-07,2.95,3.01,2.91,2.99,1392063
2020-04-08,2.96,3.08,2.92,3.0,1651314
2020-04-09,3.05,3.05,2.97,2.99,943665
2020-04-10,2.99,3.0,2.88,2.89,940709
2020-04-13,2.86,2.87,2.83,2.85,501153
2020-04-14,2.87,2.99,2.86,2.99,1349595
2020-04-15,2.98,2.98,2.92,2.93,927869
2020-04-16,2.9,2.95,2.89,2.91,803666
2020-04-17,2.93,2.98,2.91,2.93,990819
2020-04-20,2.93,2.94,2.87,2.89,799183
2020-04-21,2.87,2.88,2.81,2.82,977909
2020-04-22,2.8,2.86,2.78,2.84,590969
2020-04-23,2.86,2.88,2.81,2.83,666197
2020-04-24,2.82,2.85,2.78,2.79,654227
2020-04-27,2.79,2.84,2.76,2.78,586979
2020-04-28,2.78,2.79,2.63,2.71,858235
2020-04-29,2.7,2.73,2.68,2.71,467491
2020-04-30,2.76,2.85,2.76,2.84,1017201
2020-05-06,2.87,3.04,2.87,3.01,2384655
2020-05-07,2.97,3.04,2.96,2.97,1456490
2020-05-08,3.01,3.06,2.95,3.01,1373494
2020-05-11,3.01,3.02,2.93,2.94,1053165
2020-05-12,2.91,2.94,2.85,2.9,773635
2020-05-13,2.88,2.96,2.86,2.91,811048
2020-05-14,2.9,2.91,2.83,2.83,845176
2020-05-15,2.86,2.88,2.82,2.84,611825
2020-05-18,2.86,2.95,2.81,2.92,1119599
2020-05-19,2.94,2.95,2.89,2.91,695490
2020-05-20,2.92,2.97,2.9,2.91,904155
2020-05-21,2.9,2.91,2.84,2.85,649221
2020-05-22,2.84,2.84,2.76,2.78,741946
2020-05-25,2.78,2.81,2.71,2.73,920911
2020-05-26,2.74,2.78,2.73,2.78,464401
2020-05-27,2.77,2.78,2.73,2.74,447301
2020-05-28,2.75,2.8,2.74,2.79,663425
2020-05-29,2.77,2.83,2.75,2.78,695816
2020-06-01,2.81,2.9,2.79,2.9,1100387
2020-06-02,2.9,2.92,2.86,2.88,930348
2020-06-03,2.89,2.9,2.85,2.86,738796
2020-06-04,2.88,3.07,2.85,3.04,3195558
2020-06-05,3.02,3.03,2.94,2.97,1389380
2020-06-08,2.99,3.14,2.97,3.07,2383063
2020-06-09,3.08,3.13,3.03,3.08,1310646
2020-06-10,3.06,3.08,2.97,2.98,1036437
2020-06-11,3.01,3.07,2.95,2.97,1092715
2020-06-12,2.89,2.95,2.87,2.93,905440
2020-06-15,2.93,2.95,2.86,2.88,903206
2020-06-16,2.93,3.22,2.9,3.13,3742362
2020-06-17,3.15,3.27,3.11,3.14,2949557
2020-06-18,3.14,3.22,3.09,3.14,1721880
2020-06-19,3.16,3.21,3.12,3.15,1902581
2020-06-22,3.16,3.22,3.11,3.14,1697417
2020-06-23,3.14,3.16,3.07,3.1,1271038
2020-06-24,3.08,3.11,3.04,3.06,1147303
2020-06-29,3.05,3.09,2.99,3.02,990982
2020-06-30,3.03,3.11,3.02,3.07,876627
2020-07-01,3.08,3.18,3.07,3.15,1538729
2020-07-02,3.15,3.28,3.12,3.27,2727319
2020-07-03,3.32,3.65,3.31,3.47,4047613
2020-07-06,3.54,3.76,3.51,3.75,4643607
2020-07-07,3.83,3.93,3.65,3.71,4406335
2020-07-08,3.7,3.88,3.63,3.84,4231788
2020-07-09,3.85,3.95,3.8,3.92,3590753
2020-07-10,3.85,3.88,3.68,3.69,3252056
2020-07-13,3.8,4.12,3.79,4.12,4644251
2020-07-14,4.12,4.25,3.98,4.1,5629092
2020-07-15,4.18,4.22,3.73,3.81,4451855
2020-07-16,3.81,3.87,3.51,3.53,3185033
2020-07-17,3.52,3.6,3.45,3.52,2039103
2020-07-20,3.58,3.92,3.55,3.9,3477183
2020-07-21,3.98,4.0,3.8,3.86,2164101
2020-07-22,4.0,4.06,3.82,3.84,2732141
2020-07-23,3.79,3.93,3.75,3.84,2327963
2020-07-24,3.82,3.82,3.58,3.62,2520685
2020-07-27,3.63,3.87,3.62,3.79,2922445
2020-07-28,3.95,4.13,3.86,3.93,4678312
2020-07-29,3.94,3.97,3.83,3.95,2694807
2020-07-30,4.03,4.05,3.86,3.87,2797721
2020-07-31,3.76,3.85,3.71,3.8,2834422
2020-08-03,3.83,3.95,3.76,3.94,3083808
2020-08-04,4.09,4.2,3.99,4.08,4998931
2020-08-05,4.05,4.3,3.93,4.25,5969028
2020-08-06,4.27,4.41,4.18,4.32,5633057
2020-08-07,4.3,4.31,4.1,4.16,3738590
2020-08-10,4.05,4.06,3.91,3.97,3651775
2020-08-11,3.95,4.01,3.8,3.83,2452007
2020-08-12,3.75,3.81,3.6,3.78,2655711
2020-08-13,3.75,3.77,3.67,3.71,1342458
2020-08-14,3.69,3.78,3.67,3.75,1083398
2020-08-17,3.76,3.88,3.72,3.87,2099393
2020-08-18,3.89,3.94,3.83,3.85,1737563
2020-08-19,3.86,3.92,3.82,3.82,1816493
2020-08-20,3.95,4.01,3.86,3.88,2568285
2020-08-21,3.88,3.94,3.8,3.88,1839958
2020-08-24,3.87,3.87,3.76,3.8,1481000
2020-08-25,3.8,3.81,3.65,3.68,1760972
2020-08-26,3.65,3.72,3.54,3.56,1520101
2020-08-27,3.57,3.6,3.5,3.59,1313219
2020-08-28,3.57,3.63,3.53,3.63,1415980
2020-08-31,3.67,3.79,3.67,3.68,2053941
2020-09-01,3.66,3.78,3.64,3.77,1743691
2020-09-02,3.73,3.74,3.6,3.63,2017961
2020-09-03,3.63,3.65,3.57,3.59,900313
2020-09-04,3.53,3.58,3.5,3.57,801202
2020-09-07,3.55,3.63,3.5,3.52,1214872
2020-09-08,3.52,3.54,3.41,3.5,1371626
2020-09-09,3.44,3.47,3.4,3.42,1140669
2020-09-10,3.47,3.5,3.4,3.41,1087256
2020-09-11,3.4,3.43,3.33,3.38,1079743
2020-09-14,3.38,3.48,3.38,3.43,896022
2020-09-15,3.43,3.47,3.41,3.45,744229
2020-09-16,3.45,3.47,3.39,3.44,839696
2020-09-17,3.42,3.44,3.37,3.39,936429
2020-09-18,3.4,3.52,3.39,3.51,1489106
2020-09-21,3.53,3.54,3.45,3.47,951958
2020-09-22,3.44,3.45,3.35,3.38,1232532
2020-09-23,3.36,3.38,3.33,3.34,677921
2020-09-24,3.31,3.31,3.2,3.21,1120420
2020-09-25,3.23,3.24,3.12,3.16,962898
2020-09-28,3.17,3.19,3.11,3.12,620735
2020-09-29,3.15,3.18,3.14,3.15,609528
2020-09-30,3.16,3.16,3.08,3.12,801789
2020-10-09,3.22,3.3,3.2,3.28,1068098
2020-10-12,3.32,3.37,3.29,3.36,1058878
2020-10-13,3.36,3.36,3.31,3.35,621616
2020-10-14,3.34,3.35,3.28,3.29,641205
2020-10-15,3.29,3.33,3.28,3.29,516572
2020-10-16,3.3,3.33,3.28,3.3,603570
2020-10-19,3.3,3.36,3.29,3.31,557264
2020-10-20,3.3,3.39,3.27,3.38,1006140
2020-10-21,3.38,3.42,3.33,3.36,687507
2020-10-22,3.33,3.35,3.29,3.34,486784
2020-10-23,3.34,3.36,3.31,3.32,448200
2020-10-26,3.32,3.33,3.26,3.29,513031
2020-10-27,3.25,3.35,3.25,3.34,611833
2020-10-28,3.32,3.35,3.28,3.33,616695
2020-10-29,3.29,3.44,3.27,3.42,1499695
2020-10-30,3.39,3.41,3.34,3.35,1385500
2020-11-02,3.34,3.45,3.33,3.43,1163736
2020-11-03,3.45,3.64,3.43,3.59,2131494
2020-11-04,3.57,3.57,3.48,3.54,1312537
2020-11-05,3.56,3.65,3.52,3.6,1583630
2020-11-06,3.61,3.71,3.58,3.64,1694425
2020-11-09,3.69,3.79,3.62,3.74,2742182
2020-11-10,3.71,3.71,3.6,3.62,1732400
2020-11-11,3.62,3.67,3.59,3.6,1157357
2020-11-12,3.58,3.68,3.55,3.62,1160787
2020-11-13,3.6,3.77,3.6,3.75,3021051
2020-11-16,3.73,4.07,3.71,4.02,5285768
2020-11-17,3.96,4.03,3.82,3.88,3540166
2020-11-18,3.93,4.05,3.88,3.97,3164780
2020-11-19,3.96,4.1,3.88,3.97,2691527
2020-11-20,3.92,4.15,3.87,4.13,3697109
2020-11-23,4.19,4.33,4.12,4.2,4583541
2020-11-24,4.14,4.28,4.08,4.26,3241736
2020-11-25,4.26,4.29,4.03,4.03,2833961
2020-11-26,4.06,4.07,3.89,3.98,2363708
2020-11-27,3.97,4.02,3.84,3.97,2015286
2020-11-30,3.95,4.14,3.94,3.99,2614237
2020-12-01,3.98,4.03,3.87,4.01,1730894
2020-12-02,4.01,4.13,3.99,4.05,2077563
2020-12-03,4.0,4.03,3.92,3.93,1386209
2020-12-04,3.9,4.07,3.88,4.06,1801351
2020-12-07,4.06,4.11,3.96,3.96,1467383
2020-12-08,3.95,3.99,3.86,3.89,1489456
2020-12-09,3.9,4.05,3.88,3.93,2232562
2020-12-10,3.89,3.92,3.73,3.78,2138632
2020-12-11,3.86,3.91,3.67,3.71,1930712
2020-12-14,3.8,4.1,3.75,4.04,3900567
2020-12-15,4.05,4.12,3.96,4.12,2830515
2020-12-16,4.08,4.16,4.03,4.05,1827310
2020-12-17,4.03,4.52,4.01,4.52,7995448
2020-12-18,4.48,4.54,4.36,4.46,6430312
2020-12-21,4.47,4.63,4.38,4.58,5820476
2020-12-22,4.47,4.53,4.2,4.23,5937033
2020-12-23,4.22,4.42,4.2,4.28,3683941
2020-12-24,4.28,4.35,4.2,4.32,2353421
2020-12-25,4.27,4.81,4.22,4.81,7620359
2020-12-28,4.95,5.35,4.93,5.35,9334145
2020-12-29,5.55,5.58,4.95,5.11,8484484
2020-12-30,5.26,5.42,5.03,5.26,7710990
2020-12-31,5.23,5.78,5.21,5.65,7357856
2021-01-04,5.68,6.19,5.56,5.93,7653320
2021-01-05,5.75,5.88,5.52,5.77,6447619
2021-01-06,5.89,6.2,5.72,6.15,6710833
2021-01-07,6.16,6.83,6.09,6.76,9985870
2021-01-08,6.76,6.81,6.2,6.8,8704957
2021-01-11,6.6,6.71,6.06,6.16,7565011
2021-01-12,5.96,6.46,5.84,6.28,6078323
2021-01-13,6.27,6.44,5.7,5.84,6837053
2021-01-14,5.7,5.87,5.56,5.67,4937994
2021-01-15,5.7,5.87,5.5,5.76,4444217
2021-01-18,5.6,5.73,5.47,5.64,4167167
2021-01-19,5.66,5.79,5.22,5.29,5598692
2021-01-20,5.3,5.67,5.3,5.6,4843853
2021-01-21,5.56,5.87,5.45,5.71,5141552
2021-01-22,5.65,6.02,5.56,5.91,5519420
2021-01-25,5.96,6.36,5.81,6.1,5979893
2021-01-26,5.99,6.07,5.61,5.68,4085758
2021-01-27,5.7,5.87,5.4,5.77,3971863
2021-01-28,5.5,5.59,5.27,5.33,3968092
2021-01-29,5.44,5.57,5.13,5.46,3430915
2021-02-01,5.41,5.5,5.25,5.36,2767917
2021-02-02,5.42,5.59,5.36,5.57,3653813
2021-02-03,5.54,6.19,5.48,6.04,7274715
2021-02-04,5.9,5.93,5.43,5.56,5105188
2021-02-05,5.54,5.63,5.14,5.14,3894379
2021-02-08,5.15,5.55,5.02,5.48,3428119
2021-02-09,5.49,5.91,5.46,5.79,3951363
2021-02-10,5.88,6.11,5.68,5.98,3800488
2021-02-18,6.64,6.64,6.49,6.64,7903249
2021-02-19,6.55,6.68,6.23,6.53,7414409
2021-02-22,6.94,7.24,6.85,7.0,9649839
2021-02-23,6.75,7.24,6.68,6.87,6590878
2021-02-24,6.86,7.45,6.68,6.72,7258393
2021-02-25,7.15,7.17,6.6,6.7,6084748
2021-02-26,6.2,6.37,6.02,6.1,5768767
2021-03-01,6.12,6.47,5.93,6.46,5141031
2021-03-02,6.3,6.36,5.89,6.1,5070533
2021-03-03,6.09,6.35,6.03,6.22,3501773
2021-03-04,6.0,6.01,5.7,5.77,4119728
2021-03-05,5.47,5.54,5.29,5.48,3527786
2021-03-08,5.53,5.63,5.29,5.31,2870231
2021-03-09,5.3,5.53,5.0,5.36,3383987
2021-03-10,5.43,5.48,5.15,5.22,2899274
2021-03-11,5.22,5.55,5.16,5.55,4367226
2021-03-12,5.49,5.5,5.26,5.38,3309480
2021-03-15,5.31,5.5,5.27,5.36,2386710
2021-03-16,5.34,5.36,5.05,5.12,3180572
2021-03-17,5.03,5.17,4.9,5.15,2560211
2021-03-18,5.2,5.27,5.11,5.12,1958953
2021-03-19,4.98,5.06,4.9,4.96,2198435
2021-03-22,4.96,5.03,4.83,5.0,2028824
2021-03-23,4.97,4.99,4.71,4.77,2591440
2021-03-24,4.69,4.81,4.56,4.59,2483429
2021-03-25,4.59,4.71,4.58,4.63,1674916
2021-03-26,4.65,4.83,4.6,4.81,2323581
2021-03-29,4.83,4.84,4.72,4.77,1640571
2021-03-30,4.73,4.86,4.66,4.8,1890434
2021-03-31,4.78,4.81,4.64,4.68,1603682
2021-04-01,4.68,4.76,4.68,4.71,1195391
2021-04-02,4.72,4.76,4.61,4.75,1691443
2021-04-06,4.81,4.99,4.79,4.87,2530175
2021-04-07,4.85,5.0,4.77,5.0,2554495
2021-04-08,4.97,5.22,4.92,5.12,3558156
2021-04-09,5.13,5.16,4.94,4.98,2201678
2021-04-12,5.1,5.25,4.99,5.05,4264868
2021-04-13,5.05,5.15,4.92,4.95,2411565
2021-04-14,4.94,5.07,4.91,5.05,2264075
2021-04-15,5.04,5.09,4.91,5.07,2260154
2021-04-16,5.14,5.15,4.96,4.99,1959183
2021-04-19,4.95,5.21,4.88,5.17,3897106
2021-04-20,5.11,5.15,5.05,5.09,2286746
2021-04-21,5.03,5.05,4.95,5.0,1508615
2021-04-22,5.04,5.14,5.03,5.06,2059506
2021-04-23,5.01,5.19,4.98,5.17,2928326
2021-04-26,5.2,5.33,5.16,5.19,3275379
2021-04-27,5.25,5.28,5.08,5.16,2505236
2021-04-28,5.14,5.18,4.98,5.07,2153163
2021-04-29,5.11,5.22,5.0,5.18,2610078
2021-04-30,5.15,5.29,5.1,5.21,2634728
2021-05-06,5.4,5.47,5.22,5.38,4116079
2021-05-07,5.41,5.8,5.41,5.62,5554101
2021-05-10,5.77,5.94,5.63,5.93,4995272
2021-05-11,5.72,5.75,5.42,5.58,4156941
2021-05-12,5.51,5.66,5.46,5.58,2001810
2021-05-13,5.42,5.43,5.18,5.2,3259166
2021-05-14,5.2,5.26,5.07,5.16,2590566
2021-05-17,5.14,5.36,5.1,5.33,2760245
2021-05-18,5.36,5.49,5.28,5.4,2493395
2021-05-19,5.31,5.5,5.23,5.43,2746777
2021-05-20,5.16,5.18,5.07,5.12,2994532
2021-05-21,5.14,5.35,5.12,5.22,2236037
2021-05-24,5.18,5.2,5.01,5.03,2529454
2021-05-25,5.03,5.09,4.89,5.08,2214839
2021-05-26,5.05,5.08,4.98,5.05,2097336
2021-05-27,5.03,5.05,5.0,5.01,1825963
2021-05-28,5.08,5.24,5.08,5.14,3442696
2021-05-31,5.15,5.27,5.11,5.21,2502754
2021-06-01,5.16,5.17,5.02,5.15,2199982
2021-06-02,5.13,5.22,5.08,5.09,1926422
2021-06-03,5.08,5.21,5.06,5.11,2011794
2021-06-04,5.01,5.15,4.9,5.07,2609994
2021-06-07,5.07,5.12,4.97,4.99,1771206
2021-06-08,4.99,5.03,4.8,4.83,2438408
2021-06-09,4.84,4.91,4.82,4.86,1126728
2021-06-10,4.85,4.89,4.81,4.85,1243087
2021-06-11,4.86,4.89,4.72,4.85,1905108
2021-06-15,4.8,4.84,4.56,4.57,2479211
2021-06-16,4.55,4.61,4.44,4.45,1694521
2021-06-17,4.45,4.5,4.44,4.45,1075167
2021-06-18,4.38,4.59,4.28,4.59,2419364
2021-06-21,4.53,4.54,4.46,4.5,1586103
2021-06-22,4.5,4.56,4.48,4.52,1246603
2021-06-23,4.53,4.6,4.46,4.59,1866563
2021-06-24,4.6,4.65,4.54,4.56,1213218
2021-06-25,4.57,4.84,4.57,4.76,3310849
2021-06-28,4.75,4.79,4.63,4.67,1542726
2021-06-29,4.68,4.7,4.52,4.54,1205579
2021-06-30,4.55,4.63,4.53,4.56,1017204
2021-07-01,4.56,4.57,4.44,4.46,1021734
2021-07-02,4.48,4.57,4.44,4.51,1078461
2021-07-05,4.54,5.02,4.54,4.99,6142646
2021-07-06,5.0,5.26,4.95,5.15,5984977
2021-07-07,5.01,5.72,4.95,5.64,7998022
2021-07-08,5.54,5.89,5.5,5.73,6736832
2021-07-09,5.61,6.33,5.59,6.09,6712048
2021-07-12,6.13,6.54,6.05,6.34,6147112
2021-07-13,6.26,6.26,5.84,5.99,5156133
2021-07-14,6.1,6.4,5.82,6.06,5218864
2021-07-15,5.95,6.2,5.74,6.16,4195044
2021-07-16,6.07,6.52,5.99,6.17,5468581
2021-07-19,6.1,6.47,6.05,6.25,4055223
2021-07-20,6.09,6.16,5.87,6.14,3681866
2021-07-21,6.12,6.59,6.09,6.48,5305655
2021-07-22,6.47,6.53,6.27,6.35,3536131
2021-07-23,6.45,6.79,6.38,6.5,4635264
2021-07-26,6.67,6.84,6.37,6.73,5482345
2021-07-27,6.94,7.29,6.28,6.36,7852783
2021-07-28,6.11,6.38,5.83,5.92,5124940
2021-07-29,6.14,6.48,6.01,6.39,4181772
2021-07-30,6.39,6.51,6.11,6.35,3147966
2021-08-02,6.25,6.47,6.03,6.29,3955463
2021-08-03,6.18,6.18,5.61,5.64,5555046
2021-08-04,5.68,5.99,5.61,5.95,3707616
2021-08-05,5.87,5.91,5.68,5.75,3064775
2021-08-06,5.82,6.38,5.75,6.38,7089734
2021-08-09,6.45,6.73,6.27,6.64,7462675
2021-08-10,6.54,6.54,6.23,6.37,5294002
2021-08-11,6.34,6.37,6.1,6.24,3700485
2021-08-12,6.24,6.54,6.12,6.42,4728670
2021-08-13,6.34,6.79,6.25,6.7,6166160
2021-08-16,6.68,6.79,6.36,6.37,4922392
2021-08-17,6.3,6.74,6.27,6.5,5603281
2021-08-18,6.4,6.69,6.14,6.46,4706463
2021-08-19,6.34,6.34,5.93,6.18,5195748
2021-08-20,6.09,6.21,5.93,6.08,3555757
2021-08-23,6.11,6.26,6.01,6.18,3236538
2021-08-24,6.24,6.68,6.15,6.54,6553879
2021-08-25,6.68,6.83,6.4,6.76,5894629
2021-08-26,6.75,6.93,6.59,6.8,5409003
2021-08-27,6.71,7.2,6.62,7.2,6263204
2021-08-30,7.24,7.51,6.98,7.11,6955857
2021-08-31,7.01,7.27,6.85,7.26,4149006
2021-09-01,7.19,7.27,6.48,6.72,6417581
2021-09-02,6.6,6.9,6.56,6.81,3208881
2021-09-03,6.67,6.95,6.49,6.55,4027962
2021-09-06,6.55,6.65,6.19,6.56,3299495
2021-09-07,6.53,6.67,6.47,6.63,3326516
2021-09-08,6.6,6.65,6.43,6.49,3873760
2021-09-09,6.49,6.8,6.45,6.76,4417373
2021-09-10,6.74,7.49,6.69,7.38,13103023
2021-09-13,7.44,8.0,7.38,7.91,10985204
2021-09-14,7.64,7.7,7.29,7.33,6609138
2021-09-15,7.32,7.4,7.04,7.32,3918589
2021-09-16,7.33,7.51,6.98,7.03,4921679
2021-09-17,6.94,7.13,6.42,6.72,5456036
2021-09-22,6.46,6.68,6.37,6.61,2802317
2021-09-23,6.7,6.73,6.48,6.57,2390016
2021-09-24,6.57,6.62,6.22,6.26,3132600
2021-09-27,6.21,6.24,5.58,5.69,4577648
2021-09-28,5.73,5.76,5.59,5.68,2108908
2021-09-29,5.63,5.63,5.2,5.34,3312446
2021-09-30,5.4,5.53,5.31,5.48,2076711
2021-10-08,5.58,5.59,5.39,5.45,1829749
2021-10-11,5.57,5.85,5.51,5.79,3205530
2021-10-12,5.79,5.83,5.61,5.77,2090784
2021-10-13,5.69,5.75,5.64,5.7,1365101
2021-10-14,5.74,5.92,5.73,5.89,2247561
2021-10-15,5.93,6.15,5.8,5.84,2527025
2021-10-18,5.94,6.12,5.89,6.08,2494270
2021-10-19,6.03,6.12,5.93,6.09,1749016
2021-10-20,5.94,6.15,5.84,6.0,2133775
2021-10-21,6.09,6.17,5.96,5.97,2104377
2021-10-22,5.85,5.94,5.66,5.74,2272398
2021-10-25,5.71,5.87,5.62,5.87,1528162
2021-10-26,5.84,5.96,5.79,5.83,1423855
2021-10-27,5.82,5.88,5.65,5.69,1368470
2021-10-28,5.61,5.64,5.31,5.39,2582709
2021-10-29,5.37,5.51,5.31,5.43,1632671
2021-11-01,5.43,5.53,5.39,5.44,1317149
2021-11-02,5.45,5.46,5.17,5.28,1752903
2021-11-03,5.28,5.36,5.15,5.34,1245810
2021-11-04,5.34,5.35,5.06,5.11,2710775
2021-11-05,5.04,5.18,4.93,4.93,2408965
2021-11-08,4.93,5.16,4.92,5.09,2299296
2021-11-09,5.13,5.13,5.03,5.08,1134610
2021-11-10,5.06,5.06,4.9,5.0,1478708
2021-11-11,4.98,5.06,4.96,5.04,1185203
2021-11-12,5.07,5.12,4.97,4.99,1362057
2021-11-15,5.01,5.04,4.9,5.01,1273340
2021-11-16,5.0,5.0,4.82,4.85,1808908
2021-11-17,4.85,4.93,4.83,4.91,1602496
2021-11-18,4.88,5.02,4.85,4.97,1820830
2021-11-19,4.99,5.13,4.96,5.13,2464592
2021-11-22,5.14,5.46,5.14,5.32,3294675
2021-11-23,5.38,5.43,5.25,5.28,2018525
2021-11-24,5.28,5.41,5.21,5.38,2119386
2021-11-25,5.38,5.51,5.3,5.32,2030135
2021-11-26,5.29,5.44,5.25,5.33,2392059
2021-11-29,5.15,5.32,5.11,5.22,2653359
2021-11-30,5.31,5.48,5.25,5.33,2884888
2021-12-01,5.33,5.6,5.3,5.54,3624515
2021-12-02,5.56,5.62,5.41,5.46,2189401
2021-12-03,5.47,5.56,5.36,5.53,2305660
2021-12-06,5.53,5.58,5.38,5.41,2627659
2021-12-07,5.45,5.49,5.26,5.33,2195605
2021-12-08,5.38,5.45,5.33,5.42,1778797
2021-12-09,5.44,5.47,5.39,5.41,1755564
2021-12-10,5.37,5.4,5.28,5.35,1596419
2021-12-13,5.33,5.38,5.29,5.35,1650391
2021-12-14,5.32,5.33,5.1,5.12,2922383
2021-12-15,5.09,5.14,5.03,5.05,1644955
2021-12-16,5.05,5.17,5.04,5.16,1256664
2021-12-17,5.2,5.34,5.18,5.21,1922084
2021-12-20,5.18,5.2,5.06,5.07,1258929
2021-12-21,5.04,5.13,5.03,5.12,922195
2021-12-22,5.12,5.12,5.05,5.06,947326
2021-12-23,5.09,5.13,5.07,5.1,977958
2021-12-24,5.1,5.12,4.97,4.98,1177931
2021-12-27,4.98,5.01,4.95,4.96,763573
2021-12-28,4.99,5.05,4.96,5.01,970692
2021-12-29,4.99,5.03,4.96,4.97,877208
2021-12-30,4.98,5.0,4.96,4.97,737165
2021-12-31,4.99,5.04,4.97,5.02,862564
2022-01-04,5.06,5.08,4.99,5.08,1126523
2022-01-05,5.07,5.07,4.94,4.99,1040948
2022-01-06,4.95,5.01,4.95,4.99,874282
2022-01-07,5.01,5.03,4.96,4.99,929273
2022-01-10,4.98,5.03,4.96,5.02,871474
2022-01-11,5.01,5.04,4.96,4.99,1017794
2022-01-12,5.03,5.2,5.02,5.2,2636038
2022-01-13,5.23,5.32,5.15,5.16,2194299
2022-01-14,5.14,5.14,5.02,5.06,1474572
2022-01-17,5.02,5.05,4.96,5.01,991940
2022-01-18,5.0,5.07,4.96,5.02,879169
2022-01-19,5.01,5.06,4.99,5.01,850069
2022-01-20,5.06,5.11,5.01,5.09,1152334
2022-01-21,5.06,5.14,5.03,5.13,1189613
2022-01-24,5.13,5.15,5.04,5.1,889593
2022-01-25,5.05,5.1,4.9,4.9,1309513
2022-01-26,4.91,4.96,4.9,4.94,592521
2022-01-27,4.94,4.94,4.57,4.61,1582409
2022-01-28,4.67,4.7,4.46,4.61,1039082
2022-02-07,4.7,4.84,4.69,4.83,1228976
2022-02-08,4.83,4.88,4.76,4.87,992649
2022-02-09,4.89,5.07,4.87,5.05,1639370
2022-02-10,5.09,5.31,5.09,5.23,2719930
2022-02-11,5.23,5.31,5.18,5.23,1899950
2022-02-14,5.19,5.24,5.07,5.13,1265728
2022-02-15,5.14,5.15,5.04,5.12,927188
2022-02-16,5.12,5.21,5.11,5.13,789380
2022-02-17,5.14,5.26,5.11,5.23,1393328
2022-02-18,5.18,5.25,5.15,5.24,1001714
2022-02-21,5.22,5.25,5.15,5.17,854843
2022-02-22,5.14,5.21,5.1,5.2,897876
2022-02-23,5.23,5.25,5.16,5.24,1185717
2022-02-24,5.2,5.33,5.06,5.16,1727188
2022-02-25,5.15,5.29,5.13,5.18,1485125
2022-02-28,5.21,5.49,5.21,5.45,3929564
2022-03-01,5.44,5.45,5.28,5.36,2170340
2022-03-02,5.32,5.45,5.3,5.37,1979902
2022-03-03,5.42,5.57,5.42,5.46,3127673
2022-03-04,5.43,5.44,5.2,5.22,2450421
2022-03-07,5.3,5.39,5.12,5.17,2187420
2022-03-08,5.21,5.31,4.78,4.9,2702034
2022-03-09,4.84,4.84,4.45,4.69,2408114
2022-03-10,4.79,4.83,4.64,4.72,1759819
2022-03-11,4.62,4.66,4.5,4.65,1614191
2022-03-14,4.56,4.61,4.48,4.49,1167042
2022-03-15,4.44,4.45,4.04,4.06,2525321
2022-03-16,4.24,4.4,4.09,4.37,2174889
2022-03-17,4.45,4.59,4.41,4.53,1868464
2022-03-18,4.54,4.64,4.5,4.61,1545647
2022-03-21,4.66,4.75,4.6,4.66,1477006
2022-03-22,4.69,4.73,4.6,4.68,1203840
2022-03-23,4.72,4.77,4.69,4.75,1353123
2022-03-24,4.75,4.94,4.73,4.88,1804572
2022-03-25,4.87,5.04,4.84,4.91,1785474
2022-03-28,4.82,4.85,4.68,4.77,1085161
2022-03-29,4.74,4.83,4.71,4.77,757386
2022-03-30,4.8,4.8,4.67,4.74,880579
2022-03-31,4.75,4.76,4.62,4.65,984853
2022-04-01,4.64,4.75,4.57,4.72,796188
2022-04-06,4.71,4.79,4.64,4.78,888901
2022-04-07,4.76,4.77,4.69,4.7,637576
2022-04-08,4.69,4.93,4.67,4.85,1576968
2022-04-11,4.85,4.88,4.55,4.57,1408875
2022-04-12,4.57,4.65,4.45,4.65,941994
2022-04-13,4.62,5.02,4.61,4.89,2436190
2022-04-14,4.9,5.0,4.84,4.94,1278095
2022-04-15,4.92,5.08,4.88,4.96,1787455
2022-04-18,4.93,4.93,4.76,4.8,913596
2022-04-19,4.84,4.88,4.79,4.82,877704
2022-04-20,4.8,4.81,4.6,4.62,1113870
2022-04-21,4.61,4.62,4.32,4.36,1575429
2022-04-22,4.31,4.42,4.22,4.39,914263
2022-04-25,4.27,4.27,4.04,4.05,1341732
2022-04-26,4.05,4.08,3.67,3.71,1962819
2022-04-27,3.63,3.99,3.62,3.96,1530342
2022-04-28,3.96,3.98,3.85,3.9,1200749
2022-04-29,3.96,4.16,3.93,4.12,1371320
2022-05-05,4.15,4.23,4.09,4.18,1060921
2022-05-06,4.04,4.06,3.95,3.99,1042418
2022-05-09,3.94,4.01,3.89,3.94,854676
2022-05-10,3.86,3.93,3.76,3.88,1696454
2022-05-11,3.88,4.09,3.86,3.97,1621390
2022-05-12,3.9,3.96,3.83,3.89,1119792
2022-05-13,3.9,3.95,3.84,3.88,990462
2022-05-16,3.92,3.95,3.88,3.9,869124
2022-05-17,3.9,4.02,3.89,4.01,1364905
2022-05-18,4.02,4.02,3.93,3.96,878926
2022-05-19,3.88,3.92,3.83,3.91,1238014
2022-05-20,3.94,4.14,3.94,4.13,2222623
2022-05-23,4.11,4.24,4.09,4.19,1417511
2022-05-24,4.17,4.18,3.98,3.98,1306235
2022-05-25,4.05,4.19,4.03,4.15,1649450
2022-05-26,4.16,4.22,4.06,4.2,1241379
2022-05-27,4.21,4.27,4.16,4.19,1240446
2022-05-30,4.19,4.23,4.16,4.18,837289
2022-05-31,4.18,4.21,4.14,4.21,986598
2022-06-01,4.18,4.24,4.16,4.22,895217
2022-06-02,4.2,4.29,4.18,4.28,1008473
2022-06-06,4.34,4.5,4.3,4.48,1867944
2022-06-07,4.46,4.51,4.42,4.48,1091802
2022-06-08,4.49,4.62,4.4,4.61,1958703
2022-06-09,4.63,4.98,4.63,4.83,3792136
2022-06-10,4.76,5.2,4.76,5.12,3631654
2022-06-13,5.11,5.29,5.07,5.16,3786405
2022-06-14,5.1,5.24,5.03,5.23,2829569
2022-06-15,5.23,5.36,5.06,5.26,3561962
2022-06-16,5.26,5.42,5.16,5.26,2610069
2022-06-17,5.26,5.57,5.17,5.55,5065654
2022-06-20,5.56,5.56,4.95,5.2,7422123
2022-06-21,5.1,5.17,4.91,5.14,3684059
2022-06-22,5.19,5.71,5.16,5.56,11597554
2022-06-23,5.39,5.6,5.03,5.42,10181438
2022-06-24,5.31,5.53,5.17,5.19,4779828
2022-06-27,5.1,5.5,5.04,5.42,5886887
2022-06-28,5.46,5.49,5.27,5.34,3818027
2022-06-29,5.3,5.37,5.15,5.16,3396441
2022-06-30,5.14,5.25,5.06,5.17,2718378
2022-07-01,5.24,5.24,5.1,5.15,2090511
2022-07-04,5.07,5.16,5.02,5.07,2414188
2022-07-05,5.08,5.17,4.95,5.06,2444731
2022-07-06,4.97,5.02,4.6,4.71,4738667
2022-07-07,4.75,4.94,4.73,4.88,2307408
2022-07-08,4.93,5.14,4.92,5.02,3179666
2022-07-11,4.98,5.0,4.78,4.82,2202248
2022-07-12,4.82,4.85,4.73,4.74,1367228
2022-07-13,4.73,4.77,4.63,4.74,1210223
2022-07-14,4.71,4.73,4.63,4.65,1677118
2022-07-15,4.66,4.77,4.64,4.66,1646523
2022-07-18,4.69,4.84,4.68,4.82,1549551
2022-07-19,4.8,4.82,4.71,4.75,1180964
2022-07-20,4.77,4.95,4.76,4.95,1977545
2022-07-21,4.94,5.49,4.89,5.49,6429665
2022-07-22,5.21,5.29,5.02,5.07,6505218
2022-07-25,5.03,5.05,4.87,4.89,2280911
2022-07-26,4.9,5.03,4.85,4.98,1594079
2022-07-27,4.96,5.06,4.92,5.03,1324256
2022-07-28,5.07,5.07,4.97,4.99,1407259
2022-07-29,4.97,4.99,4.89,4.9,1456378
2022-08-01,4.85,4.96,4.69,4.95,1541922
2022-08-02,4.87,4.87,4.66,4.73,1862595
2022-08-03,4.72,4.81,4.66,4.68,1168510
2022-08-04,4.72,4.76,4.64,4.71,866639
2022-08-05,4.72,4.79,4.69,4.78,937084
2022-08-08,4.8,4.95,4.77,4.86,1441013
2022-08-09,4.85,4.89,4.81,4.87,921529
2022-08-10,4.91,5.01,4.84,4.88,1463452
2022-08-11,4.9,4.93,4.81,4.92,1451049
2022-08-12,4.91,5.01,4.88,4.97,1435046
2022-08-15,4.95,5.08,4.91,5.04,2296852
2022-08-16,5.02,5.03,4.89,4.92,1734928
2022-08-17,4.89,4.93,4.78,4.83,1604705
2022-08-18,4.77,4.82,4.72,4.77,1180819
2022-08-19,4.74,4.79,4.74,4.75,988726
2022-08-22,4.78,4.87,4.76,4.87,1375794
2022-08-23,4.86,4.92,4.81,4.84,1030825
2022-08-24,4.84,4.91,4.64,4.66,2052488
2022-08-25,4.66,4.74,4.62,4.73,1129909
2022-08-26,4.73,4.78,4.69,4.7,941710
2022-08-29,4.62,4.66,4.56,4.65,862761
2022-08-30,4.66,4.66,4.57,4.6,902958
2022-08-31,4.57,4.58,4.41,4.43,1633904
2022-09-01,4.43,4.49,4.39,4.44,700173
2022-09-02,4.45,4.47,4.39,4.41,746811
2022-09-05,4.41,4.46,4.37,4.46,720651
2022-09-06,4.47,4.57,4.46,4.56,923741
2022-09-07,4.54,4.64,4.53,4.63,896460
2022-09-08,4.62,4.66,4.59,4.62,756757
2022-09-09,4.65,4.75,4.62,4.69,966960
2022-09-13,4.74,4.79,4.71,4.73,1218400
2022-09-14,4.65,4.7,4.6,4.63,904931
2022-09-15,4.64,4.69,4.46,4.52,1142216
2022-09-16,4.53,4.54,4.36,4.36,1146792
2022-09-19,4.37,4.39,4.25,4.29,696587
2022-09-20,4.3,4.48,4.29,4.41,766159
2022-09-21,4.4,4.43,4.34,4.41,554851
2022-09-22,4.36,4.45,4.36,4.4,594647
2022-09-23,4.41,4.42,4.32,4.35,674335
2022-09-26,4.31,4.34,4.19,4.2,888960
2022-09-27,4.22,4.26,4.14,4.26,718621
2022-09-28,4.24,4.24,4.06,4.06,791636
2022-09-29,4.16,4.3,4.14,4.23,1272583
2022-09-30,4.23,4.36,4.2,4.23,1100332
2022-10-10,4.23,4.26,3.96,4.02,1381287
2022-10-11,4.05,4.15,4.01,4.07,817831
2022-10-12,4.01,4.03,3.69,3.93,3650062
2022-10-13,3.86,3.91,3.81,3.83,1895085
2022-10-14,3.88,3.99,3.85,3.97,2540589
2022-10-17,3.9,3.93,3.84,3.92,1829236
2022-10-18,3.93,3.95,3.87,3.89,1226215
2022-10-19,3.88,3.9,3.8,3.81,1444471
2022-10-20,3.77,3.84,3.72,3.78,1063449
2022-10-21,3.8,3.82,3.76,3.77,792480
2022-10-24,3.8,3.84,3.65,3.66,1620920
2022-10-25,3.66,3.77,3.56,3.73,1343289
2022-10-26,3.71,3.77,3.69,3.74,945835
2022-10-27,3.77,3.86,3.76,3.8,1367933
2022-10-28,3.8,3.8,3.66,3.68,1040222
2022-10-31,3.63,3.71,3.59,3.66,797825
2022-11-01,3.75,3.82,3.72,3.82,1371880
2022-11-02,3.82,3.93,3.79,3.89,1734658
2022-11-03,3.86,3.87,3.8,3.84,1135525
2022-11-04,3.86,4.01,3.84,3.99,2047950
2022-11-07,4.11,4.22,4.09,4.18,3032954
2022-11-08,4.15,4.23,4.12,4.18,1492831
2022-11-09,4.25,4.29,4.12,4.13,1218661
2022-11-10,4.1,4.11,4.02,4.07,1038559
2022-11-11,4.21,4.26,4.16,4.19,1770050
2022-11-14,4.24,4.32,4.17,4.21,1977295
2022-11-15,4.21,4.25,4.14,4.25,1188014
2022-11-16,4.25,4.41,4.21,4.33,1788846
2022-11-17,4.29,4.31,4.21,4.26,1138111
2022-11-18,4.24,4.28,4.2,4.2,805502
2022-11-21,4.18,4.18,4.08,4.17,687769
2022-11-22,4.13,4.22,4.12,4.15,629913
2022-11-23,4.17,4.2,4.12,4.14,524887
2022-11-24,4.18,4.19,4.14,4.15,506586
2022-11-25,4.14,4.18,4.12,4.16,490576
2022-11-28,4.12,4.12,3.99,4.07,857692
2022-11-29,4.05,4.23,4.05,4.22,1186900
2022-11-30,4.22,4.26,4.17,4.17,784792
2022-12-01,4.24,4.32,4.24,4.25,1301020
2022-12-02,4.24,4.26,4.17,4.17,839117
2022-12-05,4.21,4.36,4.21,4.33,1561760
2022-12-06,4.31,4.35,4.27,4.34,870872
2022-12-07,4.3,4.35,4.28,4.29,826048
2022-12-08,4.29,4.33,4.27,4.3,578507
2022-12-09,4.29,4.54,4.27,4.52,2401329
2022-12-12,4.49,4.49,4.39,4.41,1233295
2022-12-13,4.4,4.54,4.4,4.46,1044938
2022-12-14,4.46,4.52,4.39,4.4,811593
2022-12-15,4.38,4.41,4.29,4.34,844174
2022-12-16,4.28,4.33,4.26,4.3,530631
2022-12-19,4.32,4.35,4.14,4.18,907228
2022-12-20,4.15,4.17,4.09,4.13,523667
2022-12-21,4.16,4.17,4.09,4.11,431248
2022-12-22,4.15,4.16,4.02,4.04,502798
2022-12-23,4.01,4.07,3.99,4.05,365897
2022-12-26,4.06,4.07,4.01,4.04,490722
2022-12-27,4.07,4.14,4.06,4.13,489426
2022-12-28,4.1,4.21,4.07,4.16,645001
2022-12-29,4.12,4.16,4.07,4.08,631300
2022-12-30,4.1,4.13,4.06,4.06,434168
2023-01-03,4.04,4.16,3.91,4.14,859007
2023-01-04,4.12,4.14,4.04,4.08,624333
2023-01-05,4.1,4.15,4.06,4.11,861278
2023-01-06,4.11,4.16,4.09,4.13,863183
2023-01-09,4.17,4.39,4.17,4.35,1947036
2023-01-10,4.36,4.4,4.3,4.34,1010418
2023-01-11,4.38,4.44,4.36,4.38,895526
2023-01-12,4.47,4.57,4.41,4.43,1574014
2023-01-13,4.49,4.51,4.36,4.39,1035485
2023-01-16,4.4,4.46,4.38,4.39,1143313
2023-01-17,4.37,4.39,4.33,4.36,665183
2023-01-18,4.38,4.52,4.38,4.5,1405045
2023-01-19,4.47,4.55,4.46,4.55,817131
2023-01-20,4.56,4.68,4.55,4.64,1184477
2023-01-30,4.82,5.14,4.8,5.01,4609852
2023-01-31,5.03,5.25,5.0,5.18,3810586
2023-02-01,5.19,5.61,5.19,5.52,4733752
2023-02-02,5.47,5.49,5.3,5.43,2896911
2023-02-03,5.36,5.43,5.26,5.4,2172963
2023-02-06,5.31,5.31,5.11,5.22,2028554
2023-02-07,5.25,5.48,5.17,5.4,2050122
2023-02-08,5.38,5.51,5.31,5.34,1689919
2023-02-09,5.31,5.39,5.26,5.35,1124109
2023-02-10,5.35,5.38,5.24,5.27,1164601
2023-02-13,5.24,5.34,5.22,5.25,1312047
2023-02-14,5.31,5.56,5.3,5.44,3213951
2023-02-15,5.42,5.59,5.41,5.42,1687293
2023-02-16,5.35,5.44,5.21,5.28,1507437
2023-02-17,5.34,5.48,5.34,5.34,1507412
2023-02-20,5.32,5.54,5.29,5.49,2160262
2023-02-21,5.49,5.8,5.46,5.69,3893077
2023-02-22,5.64,5.72,5.58,5.65,1410720
2023-02-23,5.68,5.74,5.58,5.68,1472687
2023-02-24,5.62,5.64,5.46,5.5,1663133
2023-02-27,5.42,5.5,5.32,5.38,1432744
2023-02-28,5.42,5.46,5.34,5.41,923518
2023-03-01,5.43,5.58,5.4,5.57,1406813
2023-03-02,5.59,5.68,5.54,5.6,1345664
2023-03-03,5.62,5.62,5.41,5.49,1292847
2023-03-06,5.46,5.57,5.37,5.55,1265673
2023-03-07,5.54,5.67,5.47,5.48,1079716
2023-03-08,5.36,5.51,5.34,5.48,936669
2023-03-09,5.61,5.63,5.44,5.5,1066363
2023-03-10,5.41,5.46,5.38,5.38,669759
2023-03-13,5.38,5.49,5.34,5.43,1007999
2023-03-14,5.46,5.5,5.28,5.34,984115
2023-03-15,5.36,5.42,5.34,5.35,508934
2023-03-16,5.28,5.28,4.85,4.89,3161602
2023-03-17,4.93,5.01,4.84,4.88,2240372
2023-03-20,4.88,5.03,4.82,4.86,1978380
2023-03-21,4.91,5.28,4.89,5.21,2564618
2023-03-22,5.21,5.35,5.19,5.33,1599088
2023-03-23,5.33,5.38,5.28,5.35,818009
2023-03-24,5.34,5.43,5.31,5.4,1089765
2023-03-27,5.42,5.46,5.34,5.43,943528
2023-03-28,5.42,5.51,5.37,5.4,853142
2023-03-29,5.4,5.48,5.4,5.44,742316
2023-03-30,5.45,5.46,5.33,5.44,795071
2023-03-31,5.44,5.57,5.42,5.5,1203738
2023-04-03,5.5,5.51,5.35,5.42,1438784
2023-04-04,5.4,5.46,5.36,5.45,950675
2023-04-06,5.45,5.49,5.38,5.48,916548
2023-04-07,5.48,5.6,5.37,5.4,1211776
2023-04-10,5.42,5.54,5.4,5.46,1101686
2023-04-11,5.48,5.66,5.43,5.63,2024717
2023-04-12,5.66,5.75,5.62,5.68,1372320
2023-04-13,5.68,5.75,5.61,5.66,1072685
2023-04-14,5.73,5.93,5.72,5.92,2369159
2023-04-17,5.87,5.92,5.7,5.86,2195623
2023-04-18,5.82,5.9,5.74,5.84,1107085
2023-04-19,6.31,6.47,6.26,6.43,5121307
2023-04-20,6.42,6.45,6.13,6.22,2873812
2023-04-21,6.29,6.33,6.09,6.1,1436458
2023-04-24,6.08,6.09,5.71,5.77,2345966
2023-04-25,5.82,5.88,5.59,5.69,1476237
2023-04-26,5.62,5.68,5.51,5.58,1513026
2023-04-27,5.53,5.54,5.33,5.4,1759987
2023-04-28,5.43,5.56,5.42,5.47,1701643
2023-05-04,5.39,5.39,5.17,5.21,2806011
2023-05-05,5.22,5.31,5.1,5.13,1649038
2023-05-08,5.21,5.53,5.19,5.36,2156922
2023-05-09,5.37,5.55,5.35,5.37,1673957
2023-05-10,5.36,5.43,5.29,5.32,1063913
2023-05-11,5.3,5.32,5.14,5.17,1433910
2023-05-12,5.08,5.09,4.77,4.81,2858504
2023-05-15,4.8,5.0,4.8,4.97,1152230
2023-05-16,4.97,5.0,4.91,4.93,692701
2023-05-17,4.86,4.92,4.82,4.86,849966
2023-05-18,4.95,5.0,4.88,4.91,747832
2023-05-19,4.86,4.88,4.8,4.85,707384
2023-05-22,4.85,4.89,4.81,4.86,593974
2023-05-23,4.84,4.86,4.75,4.75,783718
2023-05-24,4.72,4.82,4.67,4.76,700006
2023-05-25,4.71,4.73,4.61,4.67,814328
2023-05-26,4.68,4.76,4.64,4.76,497551
2023-05-29,4.79,4.81,4.73,4.76,492795
2023-05-30,4.78,4.79,4.68,4.76,493538
2023-05-31,4.74,4.76,4.68,4.75,609221
2023-06-01,4.75,4.86,4.68,4.8,969223
2023-06-02,4.84,5.0,4.84,4.98,1538508
2023-06-05,4.98,4.99,4.9,4.95,682901
2023-06-06,4.97,5.04,4.88,4.89,901230
2023-06-07,4.91,5.0,4.85,4.9,626689
2023-06-08,4.88,4.98,4.87,4.92,517370
2023-06-09,4.96,4.97,4.9,4.91,678051
2023-06-12,4.91,4.92,4.81,4.9,921565
2023-06-13,4.88,4.89,4.84,4.88,519385
2023-06-14,4.95,5.14,4.94,5.02,2278438
2023-06-15,5.0,5.11,4.89,5.09,1634933
2023-06-16,5.09,5.18,5.05,5.17,1444112
2023-06-19,5.16,5.18,4.96,5.0,1381856
2023-06-20,5.0,5.08,4.95,5.03,819375
2023-06-21,5.01,5.04,4.84,4.85,1058396
2023-06-26,4.83,4.88,4.73,4.77,611223
2023-06-27,4.76,4.93,4.69,4.89,1093522
2023-06-28,4.87,4.93,4.82,4.88,695434
2023-06-29,4.87,4.9,4.81,4.82,778669
2023-06-30,4.8,4.89,4.79,4.84,564500
2023-07-03,4.88,5.08,4.86,5.07,1533497
2023-07-04,5.1,5.18,4.99,5.04,796460
2023-07-05,5.01,5.17,5.0,5.11,1260177
2023-07-06,5.11,5.12,4.99,5.02,842576
2023-07-07,5.01,5.03,4.92,4.99,707189
2023-07-10,5.02,5.1,5.01,5.06,689013
2023-07-11,5.06,5.13,5.0,5.12,759145
2023-07-12,5.12,5.17,5.09,5.11,875119
2023-07-13,5.22,5.44,5.2,5.39,2327191
2023-07-14,5.47,5.56,5.4,5.43,1380710
2023-07-17,5.28,5.47,5.22,5.35,1163168
2023-07-18,5.33,5.4,5.3,5.34,701985
2023-07-19,5.45,5.5,5.38,5.44,1334441
2023-07-20,5.44,5.53,5.4,5.44,1203841
2023-07-21,5.44,5.48,5.34,5.4,740564
2023-07-24,5.42,5.43,5.32,5.34,572314
2023-07-25,5.47,5.74,5.47,5.57,1470939
2023-07-26,5.6,5.67,5.54,5.62,859828
2023-07-27,5.62,5.63,5.5,5.51,768548
2023-07-28,5.46,5.63,5.43,5.62,1008836
2023-07-31,5.71,5.87,5.67,5.76,1574183
2023-08-01,5.88,6.07,5.8,5.84,1745871
2023-08-02,5.8,5.82,5.72,5.75,798324
2023-08-03,5.69,5.73,5.62,5.69,1071662
2023-08-04,5.78,5.9,5.66,5.69,1289754
2023-08-07,5.68,5.72,5.62,5.7,508326
2023-08-08,5.7,5.78,5.61,5.73,817447
2023-08-09,5.68,5.74,5.67,5.72,436584
2023-08-10,5.71,5.75,5.64,5.68,524362
2023-08-11,5.68,5.72,5.51,5.54,911549
2023-08-14,5.47,5.5,5.36,5.46,829698
2023-08-15,5.47,5.51,5.33,5.43,621765
2023-08-16,5.35,5.45,5.35,5.38,413253
2023-08-17,5.32,5.39,5.26,5.39,647073
2023-08-18,5.43,5.43,5.26,5.26,534265
2023-08-21,5.25,5.33,5.22,5.23,545946
2023-08-22,5.28,5.47,5.27,5.41,1136431
2023-08-23,5.42,5.42,5.28,5.28,861429
2023-08-24,5.37,5.54,5.36,5.44,1108312
2023-08-25,5.39,5.46,5.34,5.39,866897
2023-08-28,5.64,5.68,5.29,5.32,1427418
2023-08-29,5.35,5.43,5.22,5.36,1124630
2023-08-30,5.38,5.45,5.35,5.37,819484
2023-08-31,5.38,5.45,5.31,5.32,597301
2023-09-01,5.33,5.63,5.33,5.53,1322655
2023-09-04,5.69,5.82,5.65,5.76,1893215
2023-09-05,5.74,5.79,5.68,5.77,779828
2023-09-06,5.89,5.94,5.72,5.84,1277517
2023-09-07,5.85,5.87,5.73,5.75,769947
2023-09-08,5.73,5.74,5.66,5.67,380858
2023-09-11,5.69,5.84,5.68,5.78,908318
2023-09-12,5.81,5.88,5.75,5.76,692567
2023-09-13,5.76,5.79,5.68,5.74,588852
2023-09-14,5.77,5.87,5.74,5.85,1071234
2023-09-15,5.97,6.03,5.88,5.94,1533559
2023-09-18,5.94,5.97,5.78,5.84,862581
2023-09-19,5.82,5.9,5.78,5.89,716759
2023-09-20,5.86,5.89,5.8,5.82,451805
2023-09-21,5.78,5.82,5.7,5.73,711676
2023-09-22,5.67,5.74,5.63,5.68,967079
2023-09-25,5.69,5.72,5.65,5.67,502298
2023-09-26,5.68,5.75,5.64,5.67,448991
2023-09-27,5.66,5.68,5.56,5.6,846820
2023-09-28,5.6,5.64,5.44,5.5,987140
2023-10-09,5.47,5.58,5.37,5.57,781411
2023-10-10,5.57,5.59,5.46,5.48,580195
2023-10-11,5.51,5.52,5.4,5.43,762377
2023-10-12,5.46,5.56,5.46,5.5,744112
2023-10-13,5.46,5.46,5.36,5.37,572962
2023-10-16,5.38,5.42,5.35,5.37,550928
2023-10-17,5.37,5.4,5.32,5.33,569372
2023-10-18,5.34,5.34,5.2,5.21,748628
2023-10-19,5.17,5.19,5.1,5.11,657444
2023-10-20,5.09,5.14,4.94,4.97,1116111
2023-10-23,4.95,4.95,4.7,4.74,1072688
2023-10-24,4.79,4.92,4.79,4.9,1073850
2023-10-25,5.06,5.09,4.93,4.93,1004262
2023-10-26,4.89,4.96,4.83,4.94,810408
2023-10-27,4.93,5.05,4.85,5.02,946302
2023-10-30,5.06,5.25,5.03,5.21,1554640
2023-10-31,5.19,5.19,5.06,5.13,838818
2023-11-01,5.12,5.13,5.02,5.02,787446
2023-11-02,5.05,5.12,4.96,4.96,694156
2023-11-03,4.99,5.06,4.98,5.0,693507
2023-11-06,5.02,5.07,4.86,4.9,1798043
2023-11-07,4.9,4.9,4.82,4.86,953297
2023-11-08,4.84,4.85,4.74,4.77,1189619
2023-11-09,4.73,4.81,4.71,4.79,1031426
2023-11-10,4.77,4.77,4.71,4.74,684034
2023-11-13,4.76,4.83,4.74,4.82,812697
2023-11-14,4.82,4.84,4.76,4.81,694636
2023-11-15,4.86,4.97,4.85,4.96,1596873
2023-11-16,4.95,4.95,4.83,4.85,784788
2023-11-17,4.85,4.85,4.79,4.84,496865
2023-11-20,4.83,4.89,4.78,4.89,719810
2023-11-21,4.93,5.07,4.92,4.95,1415098
2023-11-22,4.95,4.99,4.89,4.89,670893
2023-11-23,4.88,4.92,4.84,4.91,499296
2023-11-24,4.9,4.92,4.84,4.87,469575
2023-11-27,4.85,4.87,4.79,4.84,583939
2023-11-28,4.85,4.85,4.78,4.84,584446
2023-11-29,4.86,4.9,4.82,4.84,592826
2023-11-30,4.83,4.83,4.77,4.8,516137
2023-12-01,4.8,4.88,4.79,4.87,790156
2023-12-04,4.93,5.04,4.75,4.76,2487214
2023-12-05,4.62,4.71,4.49,4.53,2004529
2023-12-06,4.51,4.66,4.5,4.61,1077143
2023-12-07,4.61,4.62,4.51,4.54,855535
2023-12-08,4.56,4.58,4.48,4.49,802089
2023-12-11,4.47,4.49,4.37,4.45,1444815
2023-12-12,4.43,4.45,4.35,4.43,1189739
2023-12-13,4.4,4.42,4.3,4.31,1092007
2023-12-14,4.36,4.39,4.3,4.3,890863
2023-12-15,4.35,4.44,4.34,4.36,1298670
2023-12-18,4.33,4.35,4.23,4.25,854246
2023-12-19,4.25,4.29,4.2,4.27,654349
2023-12-20,4.29,4.37,4.28,4.3,1131380
2023-12-21,4.27,4.44,4.24,4.43,1199718
2023-12-22,4.43,4.56,4.39,4.49,1210046
2023-12-25,4.49,4.54,4.46,4.52,761157
2023-12-26,4.52,4.53,4.48,4.51,566923
2023-12-27,4.5,4.71,4.5,4.67,1519666
2023-12-28,4.7,4.84,4.69,4.75,1634154
2023-12-29,4.72,4.81,4.72,4.79,987303
2024-01-02,4.8,4.94,4.79,4.88,1299762
2024-01-03,4.87,4.87,4.8,4.84,963158
2024-01-04,4.82,4.87,4.75,4.79,976386
2024-01-05,4.89,5.03,4.82,4.86,1905776
2024-01-08,4.91,5.01,4.84,4.91,1724967
2024-01-09,4.89,4.97,4.82,4.94,1409403
2024-01-10,4.91,4.99,4.87,4.88,996813
2024-01-11,4.89,4.91,4.85,4.88,905854
2024-01-12,4.86,4.94,4.83,4.91,885120
2024-01-15,4.89,4.95,4.83,4.93,940554
2024-01-16,4.92,5.03,4.91,4.94,1130605
2024-01-17,4.96,4.98,4.82,4.82,831549
2024-01-18,4.78,4.88,4.65,4.83,1457491
2024-01-19,4.8,4.81,4.72,4.78,918234
2024-01-22,4.77,4.78,4.56,4.61,1124194
2024-01-23,4.59,4.72,4.49,4.68,894336
2024-01-24,4.7,4.84,4.66,4.81,1068449
2024-01-25,4.84,5.02,4.79,5.01,1292029
2024-01-26,5.01,5.17,4.97,5.09,1716053
2024-01-29,5.08,5.13,5.03,5.07,915748
2024-01-30,5.03,5.12,5.0,5.02,862260
2024-01-31,4.99,5.07,4.93,4.96,931791
2024-02-01,4.93,5.11,4.91,5.06,1054240
2024-02-02,5.06,5.16,4.83,5.02,1276904
2024-02-05,4.97,5.12,4.9,5.06,1493760
2024-02-06,5.02,5.21,5.02,5.18,1140297
2024-02-07,5.19,5.24,5.1,5.16,1436941
2024-02-08,5.18,5.27,5.13,5.27,1421607
2024-02-19,5.28,5.58,5.24,5.56,1772754
2024-02-20,5.53,5.7,5.45,5.62,1270244
2024-02-21,5.58,5.71,5.57,5.59,977172
2024-02-22,5.57,5.74,5.54,5.73,1092536
2024-02-23,5.73,5.97,5.68,5.94,1500052
2024-02-26,5.91,6.0,5.71,5.72,1197351
2024-02-27,5.69,5.78,5.64,5.71,1283534
2024-02-28,5.71,5.72,5.6,5.6,1272519
2024-02-29,5.57,5.75,5.56,5.74,1064713
2024-03-01,5.73,5.86,5.7,5.82,960914
2024-03-04,5.88,5.95,5.83,5.87,1072404
2024-03-05,5.87,5.96,5.85,5.93,1087490
2024-03-06,5.92,6.04,5.87,5.95,970888
2024-03-07,5.96,6.42,5.96,6.21,1992260
2024-03-08,6.34,6.4,6.18,6.34,1328336
2024-03-11,6.31,6.43,6.24,6.36,1286037
2024-03-12,6.34,6.34,5.94,5.99,1883383
2024-03-13,6.19,6.54,6.15,6.39,3364333
2024-03-14,6.73,6.94,6.66,6.78,2982529
2024-03-15,6.78,7.34,6.7,7.33,2984265
2024-03-18,7.36,7.56,7.14,7.41,3138953
2024-03-19,7.34,7.5,7.24,7.28,2147424
2024-03-20,7.18,7.35,7.04,7.18,2182614
2024-03-21,7.35,7.42,7.23,7.33,1874981
2024-03-22,7.21,7.24,6.99,7.07,1823970
2024-03-25,7.2,7.57,7.17,7.41,2567794
2024-03-26,7.43,7.57,7.26,7.37,1811158
2024-03-27,7.33,7.64,7.28,7.48,2180957
2024-03-28,7.44,7.87,7.4,7.76,2056766
2024-03-29,7.82,8.04,7.71,7.91,2325382
2024-04-01,8.09,8.2,7.71,7.84,2504296
2024-04-02,7.81,8.04,7.79,7.93,1751025
2024-04-03,8.0,8.39,8.0,8.33,3007239
2024-04-08,8.34,8.74,8.05,8.23,4001447
2024-04-09,8.25,8.35,7.99,8.07,2439202
2024-04-10,8.13,8.44,8.07,8.33,2418460
2024-04-11,8.09,8.66,8.04,8.29,2602589
2024-04-12,8.29,8.67,8.23,8.55,2410410
2024-04-15,8.38,8.76,8.23,8.75,2243424
2024-04-16,8.67,8.95,8.36,8.44,2411538
2024-04-17,8.39,8.64,8.21,8.63,2191504
2024-04-18,8.56,9.06,8.48,9.06,2538144
2024-04-19,9.06,9.41,8.89,9.07,2269586
2024-04-22,9.22,9.46,8.74,8.78,2365433
2024-04-23,8.59,8.65,8.15,8.19,3738325
2024-04-24,8.15,8.47,8.15,8.44,2114432
2024-04-25,8.36,8.47,8.25,8.46,1522078
2024-04-26,8.56,8.96,8.46,8.87,2875259
2024-04-29,8.73,8.81,8.41,8.6,2719587
2024-04-30,8.69,8.82,8.4,8.57,2761737
2024-05-06,8.37,8.44,8.09,8.42,3138275
2024-05-07,8.46,8.74,8.38,8.42,2390332
2024-05-08,8.35,8.58,8.19,8.42,1906744
2024-05-09,8.38,8.72,8.34,8.63,1945466
2024-05-10,8.76,8.84,8.49,8.79,2036763
2024-05-13,8.65,8.93,8.57,8.85,1728339
2024-05-14,8.94,9.17,8.92,9.05,2332048
2024-05-15,8.98,9.04,8.67,8.72,2153753
2024-05-16,8.83,8.92,8.16,8.26,4882321
2024-05-17,8.39,8.4,7.98,8.28,3727730
2024-05-20,8.54,8.74,8.17,8.53,4585804
2024-05-21,8.51,8.57,7.94,8.01,3755911
2024-05-22,8.0,8.09,7.74,7.8,2836059
2024-05-23,7.59,7.88,7.47,7.76,2648442
2024-05-24,7.74,7.88,7.7,7.77,1534733
2024-05-27,7.74,8.17,7.74,8.13,2339394
2024-05-28,8.14,8.34,8.11,8.13,1821150
2024-05-29,8.09,8.47,8.07,8.35,1750979
2024-05-30,8.29,8.33,7.88,7.93,1883223
2024-05-31,7.91,8.04,7.8,7.93,1475442
2024-06-03,7.92,8.02,7.67,7.76,1752933
2024-06-04,7.84,8.16,7.74,7.99,1799858
2024-06-05,7.79,7.82,7.6,7.62,2218665
2024-06-06,7.74,8.01,7.71,7.86,2072796
2024-06-07,7.95,8.07,7.83,8.0,1744033
2024-06-11,7.78,7.86,7.65,7.72,1692862
2024-06-12,7.72,7.92,7.69,7.84,1116038
2024-06-13,7.79,7.9,7.6,7.69,1351029
2024-06-14,7.62,7.9,7.55,7.87,1361164
2024-06-17,7.79,7.96,7.65,7.78,1185268
2024-06-18,7.82,7.86,7.64,7.73,1089646
2024-06-19,7.78,8.12,7.76,7.99,1750246
2024-06-20,8.09,8.22,7.97,8.04,1517814
2024-06-21,8.14,8.19,7.89,7.92,1182056
2024-06-24,7.75,7.94,7.69,7.84,987919
2024-06-25,7.88,8.04,7.81,7.92,1067082
2024-06-26,7.85,7.93,7.68,7.89,1205450
2024-06-27,7.85,7.89,7.61,7.78,1189371
2024-06-28,7.75,8.16,7.74,8.09,1674825
2024-07-01,8.07,8.27,8.01,8.25,1261676
2024-07-02,8.25,8.32,8.02,8.13,1089952
2024-07-03,8.15,8.22,8.06,8.22,895871
2024-07-04,8.44,8.55,8.36,8.41,1861433
2024-07-05,8.45,8.72,8.39,8.68,1724360
2024-07-08,8.73,8.8,8.62,8.67,1384533
2024-07-09,8.67,8.86,8.58,8.84,1327437
2024-07-10,8.79,8.84,8.49,8.53,1443450
2024-07-11,8.57,8.85,8.49,8.8,1321690
2024-07-12,8.75,8.82,8.38,8.51,2003449
2024-07-15,8.64,9.0,8.56,8.88,2148397
2024-07-16,8.8,8.96,8.74,8.92,1201442
2024-07-17,8.83,8.91,8.21,8.31,2434526
2024-07-18,8.22,8.42,8.14,8.37,1361369
2024-07-19,8.03,8.22,7.76,8.16,1944621
2024-07-22,8.05,8.1,7.8,7.88,1670489
2024-07-23,7.9,7.96,7.3,7.31,2753228
2024-07-24,7.3,7.32,7.09,7.18,1852157
2024-07-25,6.99,7.07,6.74,6.77,2479744
2024-07-26,6.83,7.14,6.83,7.02,1889231
2024-07-29,7.09,7.21,7.0,7.11,1234250
2024-07-30,7.06,7.06,6.82,6.91,1274681
2024-07-31,6.99,7.26,6.91,7.22,1757303
2024-08-01,7.39,7.45,7.24,7.27,1259944
2024-08-02,7.04,7.07,6.89,6.97,1667835
2024-08-05,6.86,6.99,6.76,6.78,1565121
2024-08-06,6.78,6.87,6.65,6.73,1320244
2024-08-07,6.73,6.92,6.65,6.84,1024017
2024-08-08,6.77,6.78,6.6,6.7,1135669
2024-08-09,6.77,6.91,6.77,6.81,1194818
2024-08-12,6.81,6.93,6.8,6.87,783268
2024-08-13,6.93,6.97,6.82,6.93,855463
2024-08-14,6.92,6.98,6.81,6.85,823108
2024-08-15,6.83,7.02,6.77,6.98,1133649
2024-08-16,7.05,7.27,7.05,7.18,1730244
2024-08-19,7.23,7.37,7.19,7.26,1156337
2024-08-20,7.31,7.32,7.11,7.16,773985
2024-08-21,7.15,7.2,7.08,7.18,502838
2024-08-22,7.23,7.24,7.05,7.19,787528
2024-08-23,7.13,7.23,7.11,7.17,569585
2024-08-26,7.27,7.4,7.17,7.39,1558391
2024-08-27,7.38,7.43,7.18,7.29,978537
2024-08-28,7.29,7.41,7.11,7.18,974876
2024-08-29,7.04,7.25,7.0,7.17,772842
2024-08-30,7.17,7.32,7.05,7.24,1327680
2024-09-02,7.15,7.19,6.94,7.05,1075396
2024-09-03,7.04,7.17,7.0,7.05,716989
2024-09-04,6.84,6.84,6.61,6.69,1766411
2024-09-05,6.73,6.77,6.6,6.67,806865
2024-09-06,6.72,6.77,6.66,6.66,573472
2024-09-09,6.59,6.59,6.34,6.46,1451404
2024-09-10,6.51,6.54,6.38,6.47,692027
2024-09-11,6.43,6.45,6.23,6.31,1370828
2024-09-12,6.35,6.38,6.28,6.32,1086885
2024-09-13,6.41,6.48,6.27,6.28,1548157
2024-09-18,6.37,6.54,6.33,6.49,1622774
2024-09-19,6.52,6.95,6.45,6.91,2348686
2024-09-20,6.95,7.23,6.9,7.19,2087215
2024-09-23,7.14,7.3,7.1,7.14,1211241
2024-09-24,7.23,7.51,7.19,7.43,1886645
2024-09-25,7.63,7.97,7.51,7.53,2303914
2024-09-26,7.54,7.87,7.44,7.87,1752164
2024-09-27,8.11,8.23,7.98,8.12,1311331
2024-09-30,8.4,8.64,7.97,8.45,4991409
2024-10-08,9.23,9.3,8.0,8.38,6185235
2024-10-09,8.13,8.13,7.6,7.68,3355964
2024-10-10,7.76,8.14,7.7,7.95,2657196
2024-10-11,8.0,8.0,7.73,7.8,1430216
2024-10-14,7.84,8.18,7.8,8.15,2123389
2024-10-15,8.05,8.05,7.75,7.76,2150787
2024-10-16,7.66,7.81,7.56,7.77,1362595
2024-10-17,7.83,7.86,7.61,7.63,1207582
2024-10-18,7.66,7.84,7.58,7.75,1988287
2024-10-21,7.86,8.19,7.8,8.07,3195436
2024-10-22,7.97,8.1,7.82,8.08,1735913
2024-10-23,8.01,8.05,7.81,7.95,2255177
2024-10-24,7.85,7.86,7.68,7.77,1701601
2024-10-25,7.76,7.77,7.63,7.67,1671147
2024-10-28,7.64,7.67,7.51,7.67,1666840
2024-10-29,7.67,7.71,7.38,7.41,3060163
2024-10-30,7.43,7.61,7.41,7.49,1709335
2024-10-31,7.5,7.5,7.33,7.35,1871295
2024-11-01,7.35,7.89,7.26,7.68,4645775
2024-11-04,7.78,7.85,7.6,7.75,2498256
2024-11-05,7.73,7.99,7.68,7.93,2917545
2024-11-06,7.96,8.13,7.87,7.95,2920644
2024-11-07,7.7,7.92,7.55,7.88,2889317
2024-11-08,8.03,8.16,7.84,7.85,2649701
2024-11-11,7.76,7.79,7.55,7.67,2810830
2024-11-12,7.58,7.73,7.36,7.43,3131697
2024-11-13,7.35,7.49,7.33,7.42,1769396
2024-11-14,7.36,7.38,7.18,7.19,2011449
2024-11-15,7.19,7.38,7.16,7.21,1462023
2024-11-18,7.17,7.33,7.08,7.15,1716236
2024-11-19,7.29,7.4,7.19,7.39,1845657
2024-11-20,7.4,7.41,7.31,7.36,1009004
2024-11-21,7.35,7.39,7.31,7.36,881981
2024-11-22,7.33,7.36,7.07,7.07,1324820
2024-11-25,7.1,7.19,6.97,7.02,1056269
2024-11-26,7.0,7.14,6.99,7.04,687245
2024-11-27,7.0,7.05,6.89,7.05,1219261
2024-11-28,7.0,7.04,6.88,6.9,1140983
2024-11-29,6.9,7.1,6.82,7.03,1606559
2024-12-02,7.15,7.31,7.13,7.23,1773595
2024-12-03,7.25,7.27,7.16,7.21,1002023
2024-12-04,7.27,7.35,7.2,7.27,1307463
2024-12-05,7.23,7.24,7.1,7.12,1268282
2024-12-06,7.11,7.17,7.08,7.17,1309367
2024-12-09,7.17,7.22,7.08,7.14,1267602
2024-12-10,7.33,7.43,7.13,7.15,2000591
2024-12-11,7.16,7.32,7.09,7.25,1778293
2024-12-12,7.23,7.27,7.18,7.25,1390722
2024-12-13,7.18,7.19,6.92,6.97,3308930
2024-12-16,6.93,6.97,6.85,6.88,1409058
2024-12-17,6.85,6.96,6.81,6.82,1323011
2024-12-18,6.85,6.88,6.73,6.74,1547008
2024-12-19,6.64,6.78,6.55,6.76,1260855
2024-12-20,6.74,6.77,6.57,6.6,1779103
2024-12-23,6.61,6.69,6.59,6.66,1583747
2024-12-24,6.66,6.74,6.62,6.74,1260614
2024-12-25,6.73,6.74,6.6,6.64,894601
2024-12-26,6.63,6.75,6.61,6.7,936208
2024-12-27,6.71,6.77,6.57,6.57,1877092
2024-12-30,6.58,6.62,6.52,6.56,1363041
2024-12-31,6.54,6.55,6.4,6.4,1720009
2025-01-02,6.41,6.5,6.3,6.33,1846091
2025-01-03,6.36,6.72,6.36,6.52,3284325
2025-01-06,6.55,6.67,6.37,6.56,2040924
2025-01-07,6.6,6.89,6.57,6.79,2361999
2025-01-08,6.79,6.79,6.61,6.7,1624367
2025-01-09,6.75,6.75,6.63,6.69,1084833
2025-01-10,6.72,6.83,6.64,6.71,1701332
2025-01-13,6.64,6.81,6.61,6.69,1757409
2025-01-14,6.65,6.8,6.6,6.8,2012171
2025-01-15,6.76,6.8,6.56,6.65,1989507
2025-01-16,6.72,6.96,6.72,6.85,3055800
2025-01-17,6.84,6.95,6.8,6.91,1599257
2025-01-20,6.91,6.94,6.79,6.8,1591372
2025-01-21,6.84,6.85,6.73,6.82,1071220
2025-01-22,6.82,6.88,6.74,6.86,1535276
2025-01-23,6.97,7.15,6.87,6.89,2867619
2025-01-24,6.92,7.08,6.92,7.04,1577428
2025-01-27,7.04,7.09,6.99,6.99,1003474
2025-02-05,7.06,7.1,6.94,6.97,1864315
2025-02-06,7.03,7.05,6.94,6.98,1572779
2025-02-07,6.96,7.11,6.89,7.04,2594962
2025-02-10,7.08,7.35,7.06,7.24,3541012
2025-02-11,7.22,7.32,7.15,7.18,1897875
2025-02-12,7.14,7.15,6.96,7.04,1975256
2025-02-13,7.04,7.09,6.97,6.97,1421958
2025-02-14,7.01,7.09,6.97,7.07,1668857
2025-02-17,6.99,7.0,6.79,6.83,2575350
2025-02-18,6.79,6.81,6.67,6.69,1483511
2025-02-19,6.69,6.73,6.66,6.71,1136261
2025-02-20,6.69,6.71,6.63,6.68,1268774
2025-02-21,6.69,6.73,6.63,6.66,1515544
2025-02-24,6.65,6.69,6.57,6.67,1447328
2025-02-25,6.64,6.65,6.5,6.52,1799820
2025-02-26,6.54,6.67,6.53,6.6,1500653
2025-02-27,6.58,6.59,6.45,6.51,1629427
2025-02-28,6.46,6.47,6.37,6.39,1566484
2025-03-03,6.39,6.55,6.39,6.49,1467511
2025-03-04,6.45,6.55,6.43,6.54,1084264
2025-03-05,6.55,6.63,6.48,6.59,1324345
2025-03-06,6.68,6.89,6.68,6.84,3267718
2025-03-07,6.84,7.05,6.83,6.94,3038252
2025-03-10,7.05,7.6,7.05,7.56,7472752
2025-03-11,7.4,7.48,7.23,7.45,4958908
2025-03-12,7.57,7.69,7.46,7.55,4136682
2025-03-13,7.65,7.73,7.53,7.66,3288518
2025-03-14,7.84,7.96,7.59,7.67,3989849
2025-03-17,7.6,7.66,7.46,7.48,2514150
2025-03-18,7.51,7.68,7.45,7.61,2597821
2025-03-19,7.59,7.66,7.49,7.62,1588651
2025-03-20,7.73,7.83,7.62,7.66,2334142
2025-03-21,7.62,7.68,7.33,7.39,2130492
2025-03-24,7.48,7.85,7.44,7.76,4326516
2025-03-25,7.78,7.94,7.72,7.83,3074388
2025-03-26,7.97,8.14,7.68,7.73,4234444
2025-03-27,7.56,7.67,7.48,7.54,2667367
2025-03-28,7.49,7.54,7.4,7.46,1682115
2025-03-31,7.4,7.46,7.27,7.35,1760744
2025-04-01,7.36,7.44,7.31,7.34,1314715
2025-04-02,7.31,7.36,7.25,7.28,1214645
2025-04-03,7.09,7.13,6.95,6.98,2601767
2025-04-07,6.26,6.33,6.26,6.26,2510792
2025-04-08,6.26,6.26,5.83,5.96,5422425
2025-04-09,5.82,5.94,5.66,5.9,3927873
2025-04-10,6.21,6.43,6.12,6.33,4217054
2025-04-11,6.31,6.41,6.23,6.34,2163368
2025-04-14,6.45,6.78,6.45,6.63,3042533
2025-04-15,6.65,6.69,6.51,6.55,1739527
2025-04-16,6.55,6.55,6.31,6.4,1919011
2025-04-17,6.45,6.46,6.37,6.41,1285825
2025-04-18,6.41,6.48,6.37,6.47,1045470
2025-04-21,6.46,6.68,6.44,6.67,1543894
2025-04-22,6.73,7.1,6.69,6.95,4383713
2025-04-23,6.95,7.03,6.86,6.89,2278673
2025-04-24,6.83,6.95,6.79,6.81,1339693
2025-04-25,6.9,6.95,6.83,6.88,1459253
2025-04-28,6.95,6.98,6.85,6.91,1510041
2025-04-29,6.91,6.95,6.85,6.88,851025
2025-04-30,6.85,6.9,6.78,6.81,1160222
2025-05-06,6.85,6.87,6.76,6.85,1444227
2025-05-07,6.94,7.12,6.93,7.04,2773571
2025-05-08,6.94,6.95,6.89,6.92,1601308
2025-05-09,6.9,6.91,6.83,6.84,1152276
2025-05-12,6.91,7.03,6.85,7.03,1929355
2025-05-13,7.07,7.18,7.04,7.09,1634867
2025-05-14,7.14,7.19,7.08,7.19,1310242
2025-05-15,7.16,7.17,7.01,7.06,1149039
2025-05-16,7.05,7.12,7.0,7.07,738349
2025-05-19,7.04,7.05,6.91,6.94,875065
2025-05-20,6.95,7.03,6.94,7.01,893463
2025-05-21,7.05,7.24,7.03,7.23,1807783
2025-05-22,7.15,7.15,7.08,7.1,816934
2025-05-23,7.08,7.11,6.98,6.98,1336229
2025-05-26,7.06,7.25,7.06,7.16,1826200
2025-05-27,7.13,7.17,6.9,6.93,1863749
2025-05-28,6.93,7.03,6.93,6.97,806908
2025-05-29,6.93,7.07,6.92,7.01,924642
2025-05-30,6.98,7.0,6.87,6.95,1000040
2025-06-03,7.0,7.07,6.95,6.98,1232450
2025-06-04,7.03,7.27,7.02,7.13,2409168
2025-06-05,7.12,7.2,7.02,7.05,1396326
2025-06-06,7.13,7.35,7.12,7.34,3016455
2025-06-09,7.29,7.32,7.17,7.25,1977177
2025-06-10,7.32,7.34,7.2,7.25,1429113
2025-06-11,7.24,7.51,7.22,7.48,2544285
2025-06-12,7.42,7.62,7.39,7.59,1994989
2025-06-13,7.6,7.68,7.52,7.66,2036825
2025-06-16,7.64,7.73,7.55,7.6,1318481
2025-06-17,7.6,7.64,7.56,7.57,846771
2025-06-18,7.58,7.61,7.48,7.57,1059048
2025-06-19,7.56,7.61,7.46,7.5,1057412
2025-06-20,7.52,7.65,7.48,7.53,1252986
2025-06-23,7.56,7.7,7.54,7.6,1223309
2025-06-24,7.63,7.78,7.63,7.64,1820347
2025-06-25,7.65,7.69,7.62,7.68,1108337
2025-06-26,7.75,7.98,7.7,7.9,2141378
2025-06-27,8.09,8.42,8.02,8.3,4021678
2025-06-30,8.3,8.44,8.24,8.42,2008192
2025-07-01,8.52,8.53,8.3,8.52,1572484
2025-07-02,8.5,8.72,8.45,8.64,2189778
2025-07-03,8.71,8.72,8.54,8.66,1435808
2025-07-04,8.55,8.68,8.41,8.54,1941207
2025-07-07,8.43,8.53,8.39,8.42,1157514
2025-07-08,8.49,8.58,8.42,8.54,1157872
2025-07-09,8.66,8.66,8.03,8.06,4386534
2025-07-10,8.02,8.12,8.02,8.07,1840575
2025-07-11,8.11,8.3,8.08,8.12,2211888
2025-07-14,8.13,8.19,8.1,8.1,1574675
2025-07-15,8.17,8.23,8.02,8.1,1652978
2025-07-16,8.14,8.2,8.09,8.11,1011483
2025-07-17,8.11,8.13,8.05,8.09,1038756
2025-07-18,8.12,8.3,8.08,8.21,2172654
2025-07-21,8.26,8.71,8.26,8.63,3268086
2025-07-22,8.63,9.07,8.59,9.06,3591383
2025-07-23,9.1,9.11,8.9,9.0,2286216
2025-07-24,9.0,9.4,8.98,9.31,3181526
2025-07-25,9.24,9.32,9.13,9.21,1818861
2025-07-28,9.11,9.2,8.91,9.16,1881262
2025-07-29,9.12,9.25,9.08,9.25,1453169
2025-07-30,9.35,9.51,9.27,9.34,2137989
2025-07-31,9.06,9.21,8.87,8.94,2467556
2025-08-01,8.89,9.05,8.85,8.98,1408534
2025-08-04,8.97,9.28,8.96,9.26,1881276
2025-08-05,9.27,9.4,9.16,9.38,1712914
2025-08-06,9.32,9.55,9.32,9.51,1532281
2025-08-07,9.55,9.58,9.3,9.48,1275382
2025-08-08,9.5,9.88,9.49,9.76,1935937
2025-08-11,9.88,9.89,9.71,9.82,1624158
2025-08-12,9.79,10.0,9.7,9.85,1178784
2025-08-13,9.96,10.64,9.94,10.59,2903513
2025-08-14,10.6,10.9,10.58,10.67,2705369
2025-08-15,10.54,11.3,10.52,11.11,2982728
2025-08-18,11.3,11.36,10.75,10.77,3655857
2025-08-19,10.77,11.05,10.77,10.85,2430297
2025-08-20,10.68,11.03,10.67,10.95,1783167
2025-08-21,11.02,11.25,10.97,11.06,1803325
2025-08-22,11.09,11.25,10.97,11.11,1826152
2025-08-25,11.36,12.08,11.3,12.08,4023737
2025-08-26,12.01,12.21,11.78,12.05,2388548
2025-08-27,12.11,12.16,11.71,11.71,2396152
2025-08-28,11.66,11.87,11.47,11.86,2303688
2025-08-29,11.96,12.55,11.86,12.36,2552835
2025-09-01,12.6,13.57,12.23,13.53,3692157
2025-09-02,13.6,14.1,13.35,13.82,4348376
2025-09-03,13.97,14.1,13.2,13.65,3421302
2025-09-04,13.6,13.77,12.29,12.44,5285599
2025-09-05,12.3,12.97,12.29,12.9,3269344
2025-09-08,13.0,13.1,12.43,12.55,2898124
2025-09-09,12.49,12.91,12.41,12.58,2654532
2025-09-10,12.35,12.61,12.24,12.51,1830569
2025-09-11,12.56,13.0,12.5,13.0,2464969
2025-09-12,13.1,13.73,13.01,13.42,3290167
2025-09-15,13.43,13.55,13.27,13.35,1821980
2025-09-16,13.57,13.63,12.69,12.99,3080806
2025-09-17,12.85,12.92,12.65,12.8,2353028
2025-09-18,12.6,12.76,12.27,12.38,2664213
2025-09-19,12.38,12.68,12.38,12.51,1685894
2025-09-22,12.98,13.02,12.54,12.71,1948296
2025-09-23,12.75,13.02,12.27,12.52,1982046
2025-09-24,12.46,12.7,12.34,12.62,1486348
2025-09-25,13.7,13.88,13.48,13.87,6475526
2025-09-26,13.66,14.26,13.63,13.8,3944699
2025-09-29,13.9,14.87,13.72,14.74,3897719
2025-09-30,15.01,15.85,14.74,15.7,3698880
2025-10-09,16.37,17.27,16.0,17.27,3944932
2025-10-10,17.09,18.0,16.4,16.72,4525347
2025-10-13,15.51,17.3,15.51,17.24,4142808
2025-10-14,17.8,17.81,15.7,16.01,4393583
2025-10-15,16.25,16.33,15.48,16.31,3053893
2025-10-16,16.1,16.17,15.56,15.7,2434264
2025-10-17,15.73,15.85,15.0,15.04,2939694
2025-10-20,15.04,15.35,14.91,15.11,2089014
2025-10-21,15.25,15.84,15.12,15.45,2157256
2025-10-22,14.85,15.63,14.73,15.54,2008256
2025-10-23,15.51,15.98,15.25,15.9,2216680
2025-10-24,16.24,16.85,16.18,16.78,3292177
2025-10-27,17.49,17.82,17.0,17.29,3986409
2025-10-28,17.27,17.35,16.66,16.75,2809204
2025-10-29,16.98,17.56,16.93,17.55,2838427
2025-10-30,17.39,18.16,17.24,17.6,3084343
2025-10-31,17.59,17.64,16.94,17.04,2029173
2025-11-03,16.85,17.0,15.9,16.37,2739891
2025-11-04,16.15,16.3,15.56,15.73,2065628
2025-11-05,15.3,15.99,15.1,15.84,2144362
2025-11-06,15.9,16.6,15.9,16.57,2159989
2025-11-07,16.5,16.78,16.2,16.54,1622705
2025-11-10,16.78,16.96,16.2,16.36,1716326
2025-11-11,16.52,16.63,16.0,16.11,1354176
2025-11-12,15.99,16.42,15.81,16.08,1664534
2025-11-13,16.23,17.12,16.19,16.84,3051507
2025-11-14,16.61,17.07,16.2,16.78,1985143
2025-11-17,16.5,16.65,15.94,16.05,2298670
2025-11-18,15.9,15.97,15.33,15.56,1954405
2025-11-19,15.55,16.05,15.5,15.88,1665885
2025-11-20,15.96,16.12,15.75,15.79,1113538
2025-11-21,15.4,15.58,15.09,15.18,1621849
2025-11-24,15.31,15.54,15.07,15.35,1627371
2025-11-25,15.7,16.13,15.65,15.97,1955349
2025-11-26,16.08,16.23,15.86,15.98,1532233
2025-11-27,16.09,16.55,15.92,15.95,1654282
2025-11-28,15.95,16.33,15.79,16.23,1480675
2025-12-01,16.96,17.67,16.9,17.29,3773753
2025-12-02,17.19,17.36,16.98,17.19,1693165
2025-12-03,17.15,17.79,17.05,17.62,2491578
2025-12-04,18.4,18.66,17.79,17.9,2902053
2025-12-05,17.88,18.55,17.87,18.42,2424912
2025-12-08,18.43,18.78,17.95,18.69,2512071
2025-12-09,18.39,18.39,17.41,17.55,2693059
2025-12-10,17.55,17.79,17.39,17.63,1575981
2025-12-11,17.83,18.15,17.38,17.46,2077525
2025-12-12,17.85,17.93,17.39,17.58,2604229
2025-12-15,17.1,18.32,17.1,17.93,2545166
2025-12-16,18.0,18.35,17.43,17.5,2129180
2025-12-17,17.61,18.23,17.57,18.0,1906925
2025-12-18,17.9,18.35,17.8,17.89,1419405
2025-12-19,17.95,18.36,17.56,18.36,2123764
2025-12-22,18.5,18.87,18.37,18.62,2035654
2025-12-23,18.72,19.11,18.32,18.55,2121678
2025-12-24,18.75,18.84,18.35,18.68,1629962
2025-12-25,18.45,18.75,18.21,18.7,1384391
2025-12-26,19.04,19.99,18.98,19.75,2584065
2025-12-29,20.06,20.16,18.78,18.88,3392633
2025-12-30,18.27,19.55,18.21,19.52,2322145
2025-12-31,19.51,20.47,19.38,20.0,2503817
